{"type":"Topology","objects":{"districts":{"type":"GeometryCollection","geometries":[{"type":"Polygon","arcs":[[0,1,2,3,4]],"properties":{"CODE":"1601","PARENT":"16","NAME_TH":"เมืองลพบุรี","NAME_EN":"Mueang Lop Buri","NAME_CN":"Mueang Lop Buri","COLOR_IDX":1}},{"type":"Polygon","arcs":[[5,6,-1,7,8]],"properties":{"CODE":"1602","PARENT":"16","NAME_TH":"พัฒนานิคม","NAME_EN":"Phatthana Nikhom","NAME_CN":"Phatthana Nikhom","COLOR_IDX":2}},{"type":"Polygon","arcs":[[9,10,-8,-5,11,12]],"properties":{"CODE":"1603","PARENT":"16","NAME_TH":"โคกสำโรง","NAME_EN":"Khok Samrong","NAME_CN":"Khok Samrong","COLOR_IDX":0}},{"type":"Polygon","arcs":[[13,14,-9,-11,15,16,17]],"properties":{"CODE":"1604","PARENT":"16","NAME_TH":"ชัยบาดาล","NAME_EN":"Chai Badan","NAME_CN":"Chai Badan","COLOR_IDX":1}},{"type":"Polygon","arcs":[[18,19,-3]],"properties":{"CODE":"1605","PARENT":"16","NAME_TH":"ท่าวุ้ง","NAME_EN":"Tha Wung","NAME_CN":"Tha Wung","COLOR_IDX":0}},{"type":"Polygon","arcs":[[20,-12,-4,-20,21]],"properties":{"CODE":"1606","PARENT":"16","NAME_TH":"บ้านหมี่","NAME_EN":"Ban Mi","NAME_CN":"Ban Mi","COLOR_IDX":2}},{"type":"Polygon","arcs":[[22,-6,-15]],"properties":{"CODE":"1607","PARENT":"16","NAME_TH":"ท่าหลวง","NAME_EN":"Tha Luang","NAME_CN":"Tha Luang","COLOR_IDX":0}},{"type":"Polygon","arcs":[[-16,-10,23,24]],"properties":{"CODE":"1608","PARENT":"16","NAME_TH":"สระโบสถ์","NAME_EN":"Sa Bot","NAME_CN":"Sa Bot","COLOR_IDX":3}},{"type":"Polygon","arcs":[[-17,-25,25,26]],"properties":{"CODE":"1609","PARENT":"16","NAME_TH":"โคกเจริญ","NAME_EN":"Khok Charoen","NAME_CN":"Khok Charoen","COLOR_IDX":2}},{"type":"Polygon","arcs":[[-14,27]],"properties":{"CODE":"1610","PARENT":"16","NAME_TH":"ลำสนธิ","NAME_EN":"Lam Sonthi","NAME_CN":"Lam Sonthi","COLOR_IDX":0}},{"type":"Polygon","arcs":[[-26,-24,-13,-21,28]],"properties":{"CODE":"1611","PARENT":"16","NAME_TH":"หนองม่วง","NAME_EN":"Nong Muang","NAME_CN":"Nong Muang","COLOR_IDX":1}}]}},"arcs":[[[412937,260941],[1310,-865],[244,-180],[376,-307],[701,-730],[660,-514],[2143,-1695],[1300,-919],[803,-694],[1422,-1370],[2925,-2534],[2001,-1676],[803,-731],[1290,-1072],[396,-451],[173,-370],[111,-324],[31,-307],[-10,-487],[91,-324],[10,-343],[336,-234],[477,54],[427,-162],[284,-415],[335,-397],[163,-450],[203,-280],[91,-387],[92,-406],[863,-721],[914,-532],[1057,-478],[-51,-460],[264,-387],[295,-72],[315,-217],[50,-514],[285,-306],[244,-397],[335,-189],[376,-108],[406,-406],[244,-162],[365,-54],[569,-135],[-10,-325],[396,-216],[264,-154],[488,-234],[528,-99],[366,-135],[457,-316],[295,-99],[609,-99],[345,-307],[386,27],[356,73],[559,54],[325,-199],[538,-198],[457,-99],[406,315],[447,-189],[346,-99],[518,-199],[294,-279],[193,-279],[620,-145],[356,181],[294,-54],[437,342],[437,36],[274,-144],[447,-298],[335,109],[599,18],[518,9],[610,144],[376,126],[325,108],[416,-27],[183,-261],[315,-334],[559,-126],[589,-171],[193,-361],[51,-279],[-11,-568],[234,-433],[234,-370],[304,-162],[478,18],[274,-243],[264,-162],[366,-181],[355,-45],[498,-216],[437,378],[467,-117],[285,-135],[467,-171],[548,-181],[468,127],[254,-235],[436,-27],[458,145],[609,-118],[447,118],[355,297],[488,234],[579,262],[315,18],[640,27],[376,-271],[254,37],[477,126],[457,171],[407,-388],[233,-351],[356,0],[355,306],[488,-252],[477,-117],[335,-181],[71,-333],[275,-334],[254,18],[538,27],[305,-504],[71,-523],[203,-370],[224,-234],[264,-406],[355,-225],[539,72],[264,-244],[20,-279],[-295,-298],[-182,-432],[-112,-397],[-71,-937],[-346,-3525],[21,-487],[81,-649],[152,-929],[132,-1081],[376,-1452],[122,-405],[386,-1118],[20,-370],[173,-378],[142,-2200],[112,-1379],[30,-749],[0,-631],[82,-495],[51,-289],[132,-1208],[182,-1289],[-10,-207],[102,-451],[10,-370],[41,-360],[203,-1533],[101,-640],[204,-1785],[325,-2326],[152,-1586],[213,-1560],[41,-532],[51,-360],[274,-2191],[91,-784],[122,-703],[0,-135],[71,-604],[183,-1524],[10,-424],[31,-279],[51,-469],[20,-288],[51,-442],[0,-865],[51,-1082],[467,-171],[20,-307],[92,-297],[507,-37],[336,-36],[335,-243],[386,-261],[122,-514],[335,-397],[508,-306],[91,-298],[498,-171],[548,63],[397,-207],[254,-190],[375,-306],[204,-262],[233,-396],[193,-532],[447,-189],[366,198],[284,-18],[488,-613],[325,-90],[569,-127],[20,-558],[234,-163],[508,-108],[-488,-54],[-163,-9],[-680,-72],[-1270,-117],[-4947,-514],[-4774,-469],[-5790,-586],[-6074,-604],[-4277,-433],[-2702,-279],[-2966,-307],[-365,-36],[-1920,-198],[91,-460],[61,-432],[112,-812],[91,-604],[163,-1136],[162,-1190],[132,-838],[61,-460],[51,-414],[41,-442],[91,-523],[112,-775],[193,-1388],[173,-1163],[162,-1235],[193,-1362],[173,-1262],[193,-1523],[457,-3011],[-305,-1109],[-366,-1046],[-761,-2001],[-590,-1028],[-91,-153],[-2153,-3759],[-783,-1037],[-2305,-2776],[-2956,-3002],[-468,-550],[-172,-334],[-346,-946],[-254,-793],[-315,-361],[-386,-198],[-325,-181],[-254,-72],[-548,-108],[-284,-63],[-752,-45],[-488,27],[-569,-18],[-386,-54],[-528,-190],[-711,-270]],[[434918,135546],[-335,243],[-152,262],[-122,406],[-92,640],[122,1812],[-112,441],[-142,262],[-254,315],[-355,235],[-417,189],[-304,117],[-539,144],[-985,280],[-122,27],[-1676,640],[-985,288],[-1565,289],[-3108,144],[-1798,-126],[-396,-72],[-1117,-361],[-915,-72],[-406,-36],[-569,36],[-233,72],[-752,244],[-457,144],[-244,18],[-589,-108],[-671,-343],[-975,-487],[-487,-126],[-650,9],[-234,9],[-711,126],[-477,45],[-579,-27],[-1737,-450],[-254,-27],[-468,18],[-863,207],[-1229,288],[-549,73],[-426,-145],[-295,-432],[-548,-1235],[-478,-1136],[-294,-595],[-102,-208],[-559,-658],[-660,-523],[-1006,-685],[-132,-99],[-375,-351],[-193,-244],[-244,-324],[-468,-830],[-172,-135],[-437,-126],[-1778,-171],[-629,-100],[-458,-126],[-1808,-748],[-568,-72],[-346,45],[-2824,631],[-355,54],[-518,-18],[-518,-153],[-1880,-1307],[-396,-244],[-457,-180],[-1087,-334],[-619,-117],[-620,-72],[-3454,-333],[-1787,-18],[-2052,252],[-498,99],[-335,99],[-498,352],[-1564,1451],[-508,153],[-528,-18],[-559,145],[-447,0],[-843,-253],[-427,-9],[-406,45],[-356,-9],[-680,-27],[-325,54],[-478,181],[-640,27],[-568,54],[-397,135],[-700,234],[-529,190],[-386,144],[-538,108],[-447,45],[-437,45],[-650,-9],[-823,-108],[-680,-135],[-335,-117],[-386,-136],[-285,-126],[-437,-135],[-589,0],[-457,81],[-6613,1524],[-1361,315],[-40,-153],[-376,-1596],[-467,-1063],[-529,-1975],[-650,-1109],[-2814,-2461],[-4327,-1550],[-792,-496],[-772,-658],[-721,-757],[-813,-839],[-61,-81],[-1341,-1740],[-1483,-1027],[-1402,-442],[-4408,-676],[-7882,-1136],[-722,-108],[-386,-604],[-924,-1172],[-2235,-2831],[-711,-901],[-142,-162],[-315,-370],[-3037,-3597],[-1889,-2236],[-508,-595],[-254,-216],[-2794,-2380],[-1310,-36],[-4246,-63],[-701,81],[-4236,1001],[-2042,658],[-528,-198],[-386,9],[-802,-181],[-1036,-180],[-366,-18],[-325,9],[-498,-18],[-365,0],[-397,36],[-467,45],[-233,18],[-640,-99],[-640,-108],[-376,-108],[-508,-82],[-386,9],[-437,27],[-274,28],[-498,27],[-569,-244],[-589,81],[-183,18],[-599,-45],[-518,108],[-752,-117],[-518,-72],[-569,-45],[-518,-9],[-223,-9],[-488,-36],[-619,-63],[-447,-63],[-376,-9],[-406,45],[-254,36],[-407,18],[-589,-126],[-813,-235],[-700,-207],[-1006,-243],[-406,-127],[-640,18],[-315,-90],[-488,-99],[-1117,-45],[-142,-252],[-112,-487],[-234,-1253],[-10,-45],[-162,-505],[-92,-316],[-416,-180],[-396,261],[-732,-54],[-518,-90],[-101,-2181],[-61,-1596],[-112,-1019],[-112,-477],[-345,-839],[-610,18],[-528,-81],[-1138,-126],[-193,-117],[-345,-451],[-447,-487],[-213,-225],[-366,-217],[-254,-198],[-487,-712],[-915,-1695],[-3270,-27],[-2509,27],[-376,-54],[-1229,-523],[-214,-144],[-660,-343],[-335,-225],[-132,-171],[-234,-415],[-1036,-1722],[-295,-811],[-711,-2362],[-782,-2479],[-467,-1496],[-274,-469],[-1118,1127],[-924,919],[-335,334],[-508,514],[-762,-1344],[-376,-613],[-670,-1045],[-945,-1515],[-965,-1487],[-467,-757],[-345,-550],[-417,-649],[-447,-713],[-620,-982],[-772,-1217],[-639,-965],[-1494,-2443],[-782,-1208],[-711,-1091],[-650,-1036],[-183,-298],[-284,-441],[-691,-1100],[-376,-586],[-1402,-2236],[-132,-234],[183,-388],[-71,-523],[0,-324],[-101,-532],[-143,-523],[-193,-352],[-10,-829],[1981,-370],[1747,-423],[1392,-559],[1016,-451],[-173,-270],[-254,-442],[-345,-550],[-183,-288],[-396,-307],[-458,-270],[-121,-478],[-102,-415],[-71,-406],[10,-297],[20,-270],[41,-460],[20,-298],[-111,-477],[-407,-46],[-365,-36],[-305,-36],[-539,-63],[-518,-45],[-355,-27],[-366,-36],[-315,-27],[-589,-54],[-366,-388],[31,-351],[30,-415],[0,-343],[-61,-360],[-71,-415],[-71,-342],[-71,-262],[-112,-424],[-91,-324],[-132,-541],[-71,-234],[-183,-568],[-173,-478],[-101,-261],[-234,-505],[-213,-424],[-508,-99],[-711,-1046],[-1178,-1469],[-519,-595],[-284,-352],[-264,-649],[-234,-460],[-609,-757],[-1463,-3164],[-1148,-2119],[-426,-1325],[-264,-856],[-285,-406],[-386,-423],[-620,-659],[-365,-342],[-1778,-1199],[-274,-243],[-356,-361],[-233,-234],[-518,-631],[-315,-316],[-518,-451],[-356,-396],[1351,-163],[1260,-315],[355,-90],[975,-352],[376,-243],[214,-487],[-3860,-4210],[-722,-811],[-2244,-4174],[-407,-893],[-142,-360],[-162,-532],[-326,-1289],[-193,-478],[-1990,-3912],[-3566,4291],[-518,162],[-416,-144],[-1118,-514],[-3057,-1614],[-92,-405],[102,-451],[-10,-442],[-173,-279],[-386,-361],[-376,-261],[-1087,-487],[-447,-208],[-294,-360],[-285,-135],[-538,0],[-284,54],[-904,234],[-762,198],[-366,-9],[-427,-279],[-1117,-1046],[-193,-270],[-122,-307],[-1005,-189],[-691,-18],[-904,0],[-874,198],[-1219,424],[-508,252],[-396,253],[-396,415],[-1026,1433],[-569,982],[-213,397],[-711,1560],[-417,351],[-436,235],[-579,225],[-884,252],[-1432,424],[152,424],[-518,324],[-224,63],[-467,100],[-274,99],[-406,270],[-346,343],[-538,261],[-721,217],[-691,252],[-376,117],[-904,298],[-1371,450],[-559,262],[-264,135],[-559,298],[-304,126],[-904,396],[-620,226],[-853,261],[-1026,316],[-1575,613],[-1198,432],[-2641,1064],[-386,81],[-2205,36],[-365,45],[-356,100],[-355,126],[-529,297],[-132,99],[-386,262],[-538,-289],[-457,-306],[-366,-216],[-498,-37],[-477,28],[-477,-343],[-285,-298],[-305,-324],[-335,-171],[-254,-72],[-406,135],[-305,153],[-406,45],[-579,-126],[-406,-144],[-183,-307],[0,-351],[-132,-271],[-386,-117],[-427,81],[-335,90],[-295,54],[-548,90],[-539,82],[-609,99],[-274,99],[-417,63],[-538,90],[-457,117],[-386,109],[-488,144],[-386,36],[-518,27],[-609,144],[-529,117],[-579,99],[-477,82],[-295,36],[-416,-72],[-609,-73],[-508,9],[-539,9],[-609,154],[-254,-36],[-264,-685],[-203,-271],[-366,-207],[-874,-81],[-294,-64],[-417,-108],[-345,-63],[-417,-90],[-274,-198],[-244,-487],[-528,-117],[-487,153],[-285,126],[-366,226],[-639,477],[-315,181],[-468,207],[-599,126],[-305,-207],[-223,-469],[-589,-144],[-407,135],[-325,243],[-538,28],[-681,-190],[-233,406],[-193,388],[-132,270],[-173,315],[-142,361],[-51,234],[81,370],[214,424],[254,478],[172,279],[335,505],[183,387],[51,460],[-71,325],[-132,459],[-91,460],[-21,334],[-264,514],[-447,9],[-274,-36],[-376,0],[-355,234],[-326,487],[-284,514],[-355,396],[-326,406],[-213,315],[-1046,-423],[-610,-289],[-233,-99],[-396,-99],[-386,-63],[-579,-108],[-640,-136],[-305,-72],[-620,-144],[-335,-90],[-437,-180],[-579,-190],[-568,-99],[-386,81],[-417,90],[-457,127],[-518,162],[-528,36],[-336,-36],[-396,36],[-579,126],[-396,-180],[-162,-198],[-417,-208],[-569,-144],[-264,-234],[-101,-460],[-132,-478],[-72,-261],[-101,-460],[-163,-243],[-416,-190],[-640,-63],[-477,298],[-285,180],[-386,297],[-233,244],[-254,351],[-275,280],[-416,180],[-356,72],[-325,72],[-1219,424],[-406,135],[-295,-36],[-91,-514],[-91,-216],[-336,-225],[-294,-100],[-315,-144],[-549,-18],[-467,117],[-366,-18],[-497,-63],[-285,-81],[-426,-144],[-285,-108],[-518,-217],[-244,-126],[-1107,-658],[-1422,-965],[-934,-585],[-915,-586],[-447,-235],[-274,-117],[-345,-153],[-356,-108],[-772,-154],[-1046,-207],[-325,-72],[-528,-126],[-376,-118],[-559,-225],[-853,-415],[-508,-216],[-609,-180],[-874,-90],[-366,-253],[-10,-288],[-61,-370],[-51,-351],[11,-469],[193,-334],[213,-378],[244,-568],[81,-226],[81,-351],[41,-271],[-132,-414],[-447,-289],[-335,-99],[-559,9],[-264,757],[-102,397],[-162,315],[-224,289],[-233,216],[-346,280],[-345,216],[-701,307],[-467,198],[-782,387],[-478,253],[-416,270],[-356,298],[-294,324],[-122,172],[-224,396],[-193,397],[-111,424],[-21,216],[10,370],[21,324],[122,415],[254,910],[253,505],[1402,2083],[295,468],[193,397],[355,685],[153,469],[-41,514],[-71,595],[-102,360],[-152,307],[-203,225],[-345,207],[-315,118],[-630,153]],[[89765,23754],[152,478],[102,450],[183,262],[213,252],[254,469],[81,433],[549,297],[304,-27],[488,-81],[386,-72],[366,-81],[304,-108],[488,-208],[305,-153],[355,-189],[528,-244],[285,9],[427,118],[507,261],[447,270],[204,397],[-41,397],[-71,532],[-71,396],[-82,568],[-40,388],[0,369],[10,514],[91,433],[376,361],[264,360],[143,334],[81,261],[274,316],[345,252],[71,252],[-30,343],[-112,316],[10,441],[82,325],[-92,721],[-71,433],[-101,369],[-356,343],[-274,153],[-579,216],[-498,37],[-345,126],[-193,216],[-965,1037],[-183,369],[-10,487],[-41,442],[-81,622],[10,333],[41,397],[50,171],[305,316],[528,297],[356,316],[162,442],[-111,342],[-214,361],[-71,216],[-101,352],[-285,892],[-10,27],[122,577],[2661,1253],[21,424],[30,252],[0,388],[31,406],[91,279],[183,460],[152,297],[335,316],[285,180],[335,433],[142,333],[264,388],[-20,252],[203,370],[356,171],[386,172],[569,189],[396,-298],[396,136],[335,117],[325,36],[498,-9],[416,-45],[376,-36],[488,63],[264,117],[559,243],[254,451],[335,379],[437,198],[81,415],[132,469],[122,450],[81,343],[102,360],[91,217],[122,442],[-20,540],[-11,325],[-30,550],[-41,360],[183,352],[488,180],[345,27],[630,18],[548,18],[315,27],[539,307],[254,279],[223,298],[142,514],[41,387],[-173,451],[-183,189],[-294,208],[-650,180],[-1057,298],[-396,243],[-193,279],[-61,415],[356,334],[365,117],[386,117],[254,72],[407,180],[233,280],[163,433],[-285,495],[-548,172],[-396,27],[-488,27],[-335,90],[-457,333],[-132,352],[-31,289],[31,459],[40,388],[31,225],[61,523],[40,415],[-20,433],[-101,261],[-173,288],[-335,397],[-356,262],[-569,342],[-30,18],[-599,460],[-366,288],[-132,99],[-478,352],[-243,243],[-265,226],[-314,442],[-204,279],[-528,712],[-508,694],[-345,469],[-122,162],[-284,352],[-244,406],[-244,531],[-112,298],[-294,748],[-376,857],[-132,180],[-346,261],[-782,514],[-406,289],[-508,459],[-51,45],[-406,505],[-213,298],[-112,234],[-10,451],[142,496],[122,198],[284,352],[264,405],[244,487],[41,162],[2712,956],[1138,198],[1391,108],[1534,-27],[1270,27],[437,-27],[1696,397],[122,297],[244,397],[406,604],[305,487],[101,189],[214,478],[152,343],[254,504],[244,478],[152,316],[-41,541],[-193,351],[-406,532],[-274,325],[3565,1370],[1433,784],[853,370],[1229,604],[1168,405],[1239,45],[2662,-423],[4114,-875],[2854,-892],[1483,946],[345,208],[356,234],[315,198],[396,253],[274,180],[366,226],[345,234],[468,315],[386,271],[284,216],[406,298],[244,171],[447,315],[183,145],[345,270],[437,361],[284,234],[285,235],[264,207],[427,333],[477,379],[345,261],[336,262],[203,153],[335,271],[416,324],[407,325],[325,252],[254,198],[376,307],[274,207],[284,217],[234,189],[264,207],[406,316],[275,216],[304,244],[264,207],[366,279],[335,280],[335,252],[254,208],[468,351],[386,352],[203,261],[203,325],[284,477],[173,370],[163,325],[396,414],[508,262],[-102,595],[-112,333],[-152,298],[-152,225],[-234,270],[-488,496],[-467,514],[-244,343],[-223,405],[-132,316],[-41,288],[41,334],[10,388],[183,387],[223,262],[244,252],[549,261],[508,226],[446,297],[265,172],[477,297],[528,316],[427,387],[71,117],[244,460],[244,559],[121,370],[51,261],[-40,478],[-72,279],[-81,379],[-30,234],[-21,505],[11,406],[40,324],[122,271],[285,360],[284,208],[376,225],[538,325],[224,180],[264,252],[233,226],[254,189],[539,379],[457,234],[284,-9],[498,-45],[284,-18],[518,27],[173,27],[650,126],[203,45],[691,163],[782,180],[427,99],[315,99],[264,235],[305,450],[182,244],[224,252],[427,361],[294,315],[213,298],[346,468],[152,199],[305,451],[284,351],[275,343],[243,315],[315,352],[498,351],[-193,325],[-173,279],[-365,63],[-630,91],[-163,27],[-508,99],[-386,54],[-487,27],[-904,36],[-214,9],[-965,72],[-599,-117],[-457,63],[-437,153],[-487,154],[-336,99],[-802,189],[-274,216],[-275,397],[-121,460],[132,631],[50,559],[-193,405],[-40,172],[-71,568],[-224,99],[-477,279],[-10,316],[20,874],[20,694],[-264,262],[-355,1415],[-11,45],[-355,667],[-61,559],[274,802],[173,677],[0,513],[-61,496],[-376,1181],[-162,739],[-21,289],[173,451],[457,595],[285,270],[264,324],[294,487],[122,514],[20,289],[112,649],[41,541],[91,685],[-30,423],[-21,271],[204,865],[304,1073],[21,189],[-11,415],[-30,415],[-163,396],[-71,541],[183,271],[21,360],[-193,325],[-214,180],[-345,243],[-234,244],[-233,162],[-630,72],[-366,181],[-396,351],[-366,271],[-244,162],[-365,117],[-478,72],[-487,81],[-325,45],[-488,127],[-325,306],[-183,216],[-355,109],[365,2434],[-91,198],[-366,252],[-640,487],[-1076,586],[-2093,1037],[-1686,946],[-2519,1596],[-2976,2497],[-1016,965],[-752,766],[-1757,2001],[-539,640],[-1574,2001],[-427,577],[-619,929],[-407,703],[-863,1587],[-254,468],[-406,794],[-793,1758],[356,72],[457,18],[670,-18],[712,-18],[71,0],[1158,-27],[1767,0],[2194,-9],[2469,27],[40,1938],[20,883],[31,902],[61,505],[51,207],[304,956],[295,973],[325,1091],[366,1226],[376,1271],[243,820],[163,577],[264,911],[122,441],[183,785],[111,505],[122,766],[122,469],[71,486],[112,668],[813,7310],[61,8051],[-31,6671],[-51,99],[-91,469],[-61,1577],[-41,487],[-40,261],[-71,397],[-41,397],[41,613],[-51,1108],[162,154],[295,315],[0,298],[-193,333],[-31,397],[51,279],[61,505],[21,253],[-92,396],[-81,235],[51,523],[-11,351],[31,271],[30,613],[11,270],[294,5445],[518,6995],[589,5517],[386,3183],[407,3678],[111,2217],[397,2786],[568,3732],[478,1812],[741,2470],[214,532],[122,351],[81,496],[20,343],[153,694]],[[145410,266116],[5119,-4039],[457,-252],[2133,-1199],[6237,-4048],[71,-45],[1077,-694],[884,-577],[5180,-2767],[508,-280],[884,-469],[853,-315],[437,-90],[295,-54],[1015,117],[539,117],[1991,171],[111,307],[4358,-45],[-193,586],[1219,360],[4094,2299],[10472,5003],[1290,613]],[[194441,260815],[41,9],[1219,208],[2153,171],[397,0],[1351,27],[3545,207],[25130,2074],[4002,126],[915,0],[9071,135],[1188,162],[2164,487],[1828,640],[1056,550],[965,559],[559,162],[1006,181],[2763,540],[1239,424],[2306,857],[1107,558],[924,722],[854,946],[436,397],[620,378],[376,181],[1584,604],[214,144],[284,343],[569,1388],[386,1181],[650,3074],[153,460],[304,405],[305,144],[467,9],[1463,-288],[5231,-424],[1615,-72],[732,18],[528,45],[2001,361],[437,54],[3159,388],[762,36],[548,-27],[1341,-190],[437,0],[366,63],[1005,622],[386,154],[254,27],[1595,-117],[305,-19],[406,9],[356,37],[325,63],[741,162],[610,162],[416,180],[549,316],[863,586],[1239,965],[1046,1117],[224,208],[345,189],[264,36],[386,-18],[569,-81],[457,-81],[610,-162],[457,-181],[1717,-991],[741,-397],[437,-135],[914,-81],[102,-9],[1249,45],[457,-18],[579,-181],[2113,-1036],[660,-514],[295,-316],[132,-279],[213,-334],[528,-171],[376,99],[1727,424],[417,27],[274,-198],[20,-866],[10,-622],[132,-315],[193,-271],[315,-270],[203,-126],[346,-199],[233,-135],[1169,-406],[2773,-1172],[2052,-1487],[416,-270],[386,-208],[356,-117],[304,-90],[386,-54],[376,-36],[528,54],[833,153],[143,18],[965,117],[863,-36],[1026,-360],[680,-298],[366,-234],[437,-343],[173,-171],[264,-406],[447,-1064],[122,-216],[386,-397],[812,-486],[254,-181],[213,-351],[72,-226],[121,-1181],[31,-279],[234,-433],[325,-207],[1503,-730],[244,-162],[203,-271],[1554,-3993],[295,-740],[101,-225],[315,-451],[813,-856],[132,-162],[823,-974],[416,-352],[396,-234],[295,-108],[782,-189],[487,-289],[620,-712],[417,-577],[91,-153],[416,-667],[214,-586],[416,-1695],[122,-469],[102,-234],[203,-334],[396,-351],[264,-145],[549,-162],[396,-90],[305,9],[436,117],[264,135],[529,352],[457,306],[244,127],[446,126],[234,36],[1158,198],[945,117],[1676,217],[1574,90],[711,-9],[549,-45],[487,-72],[1372,-235],[995,-198],[1077,-297],[488,-82],[375,36],[336,118],[1879,1009],[396,18],[325,-54],[528,-270],[346,-63],[325,36],[447,252],[386,162],[629,-36],[315,-306],[0,-361],[-20,-315],[447,-397],[335,-126],[427,-180],[396,-253],[569,0],[355,-72],[376,-270],[610,-136],[406,73],[244,153],[203,387],[538,-252],[356,-225],[406,-63],[406,351],[21,289],[20,450],[102,163],[294,342],[437,370],[315,180],[1889,739],[579,244],[437,234],[741,352],[1189,622],[945,450],[507,127],[437,81],[884,99],[935,117],[446,9],[1291,18],[1208,-90],[1148,-72],[1900,-189],[233,270],[325,406],[407,288],[406,505],[274,496],[214,297],[213,289],[142,216],[356,334],[447,279],[518,-54],[304,0],[478,45],[741,135],[559,108],[366,82],[518,126],[5434,1370],[4724,685],[1818,397],[1909,324],[905,109],[538,18],[487,-27],[539,-73],[2560,-333],[386,-72],[833,-316],[386,-45],[579,81],[264,99]],[[631066,341164],[447,-5247],[345,-4588],[112,-1488],[132,-1658],[61,-613],[325,-3165],[417,-4002],[0,-9],[-132,-8799],[711,-2352],[1645,-5454],[2458,-3246],[2987,-1731],[6846,-4038],[3281,-1893],[4378,-2723],[711,-1081],[1910,2614],[1341,3615],[670,3137],[82,2037],[-315,1956],[-275,1677],[-203,2470],[-91,1073],[-41,2975],[234,676],[81,234],[742,992],[1076,1316],[1656,1812],[1006,577],[762,234],[1086,36],[437,-126],[488,-99],[467,90],[416,-54],[529,-45],[345,81],[518,253],[335,-127],[589,208],[336,189],[325,72],[457,-27],[345,-81],[193,-307],[153,-360],[213,-388],[447,-9],[548,235],[407,-388],[477,-9],[538,-18],[326,189],[599,27],[487,-54],[569,-90],[559,-54],[467,-270],[346,-181],[335,-126],[254,-352],[518,-324],[233,-262],[457,-342],[1230,-685],[386,-262],[-244,-477],[-173,-812],[295,-315],[843,-163],[711,-144],[538,-243],[-132,-541],[-91,-352],[-142,-207],[-519,-315],[1951,-82],[914,-27],[1381,-54],[1636,-54],[1889,-63],[2001,-72],[1676,-45],[2895,-108],[2103,-63],[2275,-91],[3738,-117],[2377,-72],[2408,-90],[1280,-63],[-31,-3399],[-30,-3858],[630,-72],[436,252],[-101,379],[325,180],[-92,451],[-518,288],[122,541],[-51,190],[-81,396],[244,352],[355,-45],[559,198],[183,325],[264,369],[406,90],[-121,568],[223,190],[203,432],[-193,334],[335,234],[143,469],[-224,234],[-386,361],[-162,243],[223,388],[406,289],[153,324],[335,352],[254,405],[284,226],[325,99],[163,342],[335,343],[569,99],[376,216],[487,352],[386,18],[244,171],[10,361],[-376,126],[-223,253],[-41,297],[376,225],[447,154],[467,36],[214,-271],[304,-126],[417,-18],[487,108],[336,379],[61,351],[223,415],[356,189],[243,433],[41,379],[-91,288],[233,487],[234,379],[-234,279],[163,352],[396,-253],[315,-225],[315,-18],[599,-36],[295,-199],[315,-180],[518,253],[335,432],[335,289],[51,243],[355,244],[295,-172],[41,-405],[518,-199],[284,-270],[244,-171],[447,-9],[365,117],[112,460],[295,432],[376,226],[406,234],[355,397],[356,396],[223,208],[407,-18],[193,-199],[223,-261],[549,144],[30,352],[153,324],[457,90],[375,118],[244,-298],[386,81],[112,433],[-51,541],[498,288],[518,-18],[295,208],[-41,351],[193,225],[244,307],[284,252],[539,181],[314,27],[386,189],[153,270],[-153,361],[-243,424],[223,478],[-132,513],[274,415],[366,-171],[467,153],[325,252],[335,136],[102,441],[112,316],[426,333],[447,-126],[244,217],[335,270],[325,-81],[356,108],[183,262],[162,432],[579,-63],[396,-72],[285,126],[274,370],[213,198],[427,-117],[305,-370],[91,-423],[234,-253],[427,-63],[233,81],[396,208],[549,81],[315,108],[325,90],[599,153],[467,154],[315,45],[366,-27],[345,-54],[539,-244],[294,-189],[285,-280],[152,-270],[965,-2245],[81,-153],[1930,-3795],[153,-280],[518,-1154],[-153,-450],[-701,-2137],[-1168,-2867],[-1269,-2470],[1513,-225],[2733,-397],[162,-162],[132,-397],[742,-45],[457,-36],[233,-27],[2052,-568],[752,-180],[924,-135],[1646,-253],[406,-36],[346,18],[1391,271],[955,117],[335,307],[224,261],[762,929],[2305,1577],[4368,3002],[1209,865],[721,307],[478,216],[548,181],[447,-45],[1666,-541],[315,-91],[1077,-234],[101,-9],[701,-81],[427,-9],[2702,-18],[1605,0],[3027,-9],[5068,0],[2316,0],[783,0],[579,-4697],[243,-874],[-20,-496],[10,-352],[102,-405],[91,-226],[142,-342],[224,-415],[71,-252],[102,-343],[50,-243],[112,-487],[31,-99],[132,-541],[71,-325],[61,-306],[254,-460],[396,-135],[294,-27],[417,-27],[467,-36],[599,-90],[244,0],[498,-9],[538,-27],[407,63],[294,54],[864,180],[568,117],[701,108],[315,199],[203,171],[579,640],[173,207],[589,685],[437,298],[660,270],[579,145],[488,45],[345,-9],[488,-45],[254,-54],[467,-73],[894,-99],[701,-99],[640,-72],[447,-54],[487,-9],[569,18],[406,45],[386,72],[610,135],[264,63],[559,136],[894,189],[1046,243],[223,54],[427,91],[294,90],[712,387],[568,307],[468,252],[101,27],[782,397],[681,343],[559,252],[223,99],[386,171],[264,100],[559,225],[650,216],[274,45],[589,36],[549,9],[528,-27],[508,-36],[315,-162],[477,-297],[711,-379],[630,-189],[539,-172],[1615,-243],[416,-63],[356,-171],[873,-379],[925,1100],[558,532],[132,189],[498,919],[183,379],[122,379],[528,126],[142,81],[833,424],[1006,514],[548,270],[488,252],[335,316],[569,216],[914,307],[1138,396],[1371,415],[2082,523],[2388,613],[1340,270],[1595,280],[985,72],[651,-72],[20,0],[1117,-243],[2265,-478],[4165,-1055],[2824,-766],[4754,-1407],[152,-45],[1788,-604],[1575,-613],[142,-54],[1523,-757],[1524,-901],[6816,-4499],[2174,-1415],[365,-216],[153,910],[294,478],[173,360],[142,298],[315,568],[427,487],[305,315],[355,361],[518,505],[447,243],[366,180],[416,244],[335,162],[468,324],[894,424],[477,280],[833,459],[386,190],[366,306],[457,307],[477,369],[447,-36],[518,-81],[742,-99],[2224,-262],[234,-63],[426,-180],[285,-126],[416,-171],[417,-226],[1026,-423],[0,-514],[-31,-316],[-142,-1199],[-162,-1677],[396,-180],[640,-117],[1757,-243],[396,-109],[853,-351],[427,-199],[1534,-910],[650,-334],[345,-189],[579,-198],[396,-9],[305,-18],[376,-126],[325,-154],[325,-108],[488,-108],[497,-234],[376,-46],[529,-9],[294,-117],[559,-99],[762,-18],[406,72],[284,108],[529,253],[528,27],[426,-9],[600,72],[538,108],[315,0],[396,18],[295,144],[447,217],[284,135],[518,90],[427,108],[609,181],[528,234],[579,180],[468,135],[782,289],[366,162],[426,81],[346,36],[477,-81],[599,-135],[417,-63],[1229,-225],[650,-154],[873,-126],[173,-27],[508,-54],[417,-126],[284,-469],[386,-622]],[[925989,302815],[183,-189],[345,-262],[-71,-450],[284,-487],[336,-370],[294,-342],[427,-343],[203,-279],[20,-460],[143,-334],[132,-252],[20,-406],[-122,-288],[-112,-289],[-172,-261],[-234,-298],[-213,-270],[-173,-325],[20,-288],[41,-334],[-61,-333],[-315,-343],[-234,-171],[-355,-225],[-376,-289],[-152,-243],[-92,-343],[-457,-288],[-213,-271],[-386,-234],[-345,-253],[132,-441],[-21,-424],[-122,-487],[173,-532],[0,-369],[-203,-298],[0,-297],[-31,-523],[-132,-397],[-264,-333],[-294,-379],[-203,-415],[71,-234],[193,-325],[30,-279],[-132,-306],[-508,-433],[-365,-63],[-265,-99],[-1310,-559],[-477,-27],[-752,54],[-549,27],[-487,27],[-660,99],[-813,270],[-518,325],[-579,-9],[-345,-54],[-376,-108],[-346,0],[-426,-45],[-589,-127],[-407,-216],[-365,-307],[-447,-207],[-559,-27],[-335,-144],[-407,-523],[-304,-171],[-315,-36],[-396,18],[-539,-271],[-487,-360],[-264,-154],[-529,-342],[-518,-54],[-589,-126],[-223,-154],[-336,-369],[-416,-27],[-599,-172],[-366,-279],[-620,117],[-386,-126],[-863,-604],[-193,-63],[-447,-208],[-295,-676],[-497,-216],[-183,-297],[-335,-127],[-518,-270],[-82,-99],[-243,-523],[-397,-171],[-132,-208],[-396,-144],[-518,-307],[-376,-387],[-223,-298],[-386,-378],[-417,-325],[-101,-478],[-346,-135],[-629,-99],[-336,-180],[-396,-298],[-396,-63],[-234,-189],[-436,-153],[-41,-298],[-406,-225],[-234,-54],[-477,-81],[-214,9],[-589,126],[-477,-244],[-295,-144],[-1016,-424],[-314,-135],[-447,-207],[-254,-207],[-132,-307],[-204,-288],[-365,-163],[-163,-180],[-365,-153],[-488,-154],[-437,-288],[-396,-180],[-355,-172],[-346,-342],[-376,-135],[-264,-334],[-91,-297],[-112,-424],[-132,-135],[-447,-199],[-477,-99],[-305,-27],[-498,-27],[-254,-63],[-1026,-460],[-1625,-369],[-802,-208],[-336,-36],[-386,-45],[-467,-108],[-345,-379],[132,-288],[-356,-460],[-396,9],[-660,117],[-356,-351],[-71,-379],[-172,-333],[-285,-91],[-427,-45],[-233,-207],[-193,-442],[-295,-243],[-304,-180],[-315,-181],[-112,-342],[-152,-451],[-224,-270],[-162,-325],[-366,-397],[-315,-360],[-244,-298],[-162,-270],[-275,-343],[-375,9],[-478,-162],[-203,-144],[-254,-307],[-223,-288],[-295,-397],[-295,-306],[-609,-126],[-386,-181],[-91,-270],[-275,-289],[-376,-90],[-426,-99],[-285,54],[-426,-135],[-173,-298],[-376,-135],[-325,-108],[-355,-334],[-325,-162],[-447,-153],[-122,-234],[-71,-514],[-224,-406],[-396,-225],[-81,-298],[162,-378],[-10,-442],[-152,-460],[71,-333],[-20,-262],[-92,-388],[-122,-468],[-264,-181],[-132,-504],[102,-325],[152,-234],[20,-379],[-457,-343],[-233,-288],[-285,-180],[-498,99],[-365,-180],[-173,-172],[-447,-450],[-305,-100],[-396,9],[-355,-72],[-295,-360],[-152,-514],[111,-523],[-365,-388],[-335,54],[-397,-207],[-172,-324],[-21,-415],[143,-460],[162,-396],[274,-451],[-40,-433],[-335,-460],[-386,-360],[-742,-469],[-528,-343],[-254,-207],[-366,-243],[-437,-208],[-406,-117],[-477,-270],[-244,-118],[-305,-198],[-172,-225],[-21,-424],[163,-324],[0,-262],[-478,-180],[-487,-90],[-518,0],[-559,-172],[-234,-279],[-538,-279],[-945,-262],[-345,-171],[-376,-361],[-294,-252],[-214,-199],[-487,-81],[-244,172],[-447,-9],[-244,-217],[-487,-180],[-376,352],[-427,252],[-315,72],[-457,90],[-244,36],[-487,0],[-325,72],[-315,370],[40,433],[-10,450],[-51,316],[-30,297],[-254,352],[-488,108],[-579,117],[-325,-189],[0,-415],[72,-243],[-224,-352],[-345,-36],[-386,217],[-112,315],[-356,217],[-396,-73],[-254,-135],[-457,90],[122,523],[-305,370],[-325,-162],[-223,-388],[-102,-243],[-264,-307],[-447,-54],[-497,108],[-386,189],[-488,217],[-528,225],[-356,117],[-508,235],[-558,189],[-539,180],[-284,163],[-153,288],[-121,280],[-386,288],[-366,307],[-305,117],[-416,153],[-254,63],[-437,-9],[-386,-108],[-244,-18],[-416,99],[-325,-45],[-529,-225],[-335,-325],[-416,-117],[-407,198],[-254,298],[-264,514],[-142,342],[-538,99],[-488,-279],[-569,63],[-233,252],[152,451],[-518,334],[-477,-280],[-275,18],[-375,153],[-244,145],[-295,189],[-355,180],[-427,9],[-355,-414],[-163,-469],[-223,-424],[-265,-342],[-416,-154],[-295,72],[-294,217],[-407,45],[-538,171],[-599,171],[-407,334],[-426,27],[-244,-126],[-609,-27],[-407,-9],[-294,225],[-498,144],[-498,100],[-619,144],[-11,-397],[-518,-270],[-457,-72],[-213,-145],[-305,-261],[-315,-244],[-538,37],[-386,270],[-416,81],[-417,-162],[-264,-316],[-396,-180],[-620,72],[-528,207],[-315,154],[-518,315],[-518,325],[-904,451],[-447,99],[-599,-136],[-204,-162],[-345,-171],[-376,45],[-599,189],[-203,45],[-792,91],[-437,54],[-579,-154],[-122,-559],[-386,-315],[-325,-54],[-407,0],[-497,36],[-589,36],[-508,-9],[-356,-36],[-355,-63],[-356,-316],[0,-234],[-112,-343],[-294,-261],[-346,-271],[-396,9],[-274,118],[-538,324],[-386,171],[-447,55],[-295,-379],[-437,-45],[-101,442],[112,333],[-11,424],[-345,99],[-356,-63],[-355,-81],[-335,-45],[-549,-27],[-599,135],[-427,-126],[-497,-36],[-41,459],[-224,352],[-589,189],[-447,90],[-315,0],[-447,199],[-274,99],[-376,-135],[-284,-316],[-620,36],[-589,-135],[-294,334],[-559,-73],[-488,9],[-396,172],[-457,396],[0,343],[-508,45],[-355,-108],[-396,36],[-610,-162],[-355,54],[-437,261],[-366,-99],[-498,-45],[-528,-144],[-203,-334],[-335,9],[-589,-207],[-539,-271],[-508,36],[-294,-252],[-132,-280],[-183,-387],[-488,-207],[-518,-298],[-457,-9],[-376,-108],[-233,-451],[-275,-243],[-447,-334],[-345,135],[-437,-198],[-406,-279],[-406,-208],[-264,-279],[-92,-217],[-203,-324],[-396,0],[-356,144],[-508,-18],[-264,253],[-315,414],[-345,-153],[10,-388],[-426,-189],[-417,144],[-366,108],[-467,-108],[-335,63],[-396,-27],[-254,-45],[-315,-243],[-315,-487],[-183,-514],[-365,90],[-163,-423],[-366,-406],[-325,-352],[-447,-324],[-497,-171],[-447,-63],[-254,-217],[-325,-144],[-356,-415],[-61,-351],[-487,45],[-305,162],[-559,-198],[-437,-352],[-132,-424],[-315,-216],[-304,-270],[-528,36],[-336,-280],[31,-252],[81,-352],[-122,-451],[-366,-99],[-538,81],[-660,9],[-234,-279],[-457,-406],[-81,-324],[-417,-325],[-213,-496],[254,-270],[-457,-315],[-376,9],[-559,-19],[-365,-243],[-386,-451],[-102,-387],[-325,-415],[-447,-189],[-213,-63],[-335,-244],[-264,-315],[-701,-604],[-325,-81],[-346,-27],[-457,-280],[-264,-135],[-427,9],[-162,415],[-457,36],[-163,-325],[-223,-415],[-528,-162],[-265,189],[-457,9],[-345,-441],[-315,-135],[-528,-64],[-599,-126],[-315,-207],[-579,-235],[-285,217],[-630,45],[-386,-63],[-355,-99],[-376,-181],[-345,-342],[-711,-460],[-244,-153],[-51,-442],[315,-180],[20,-415],[-538,-198],[-549,207],[-436,-90],[-407,-162],[-365,-145],[-539,-243],[-487,-153],[-457,225],[-336,54],[-568,-99],[-549,-126],[-406,-18],[-305,18],[-335,9],[-366,0],[-488,-18],[-639,-36],[-752,9],[-396,-9],[-396,-45],[-468,-135],[-396,-163],[-599,-135],[-305,63],[-355,90],[-539,190],[-335,144],[-1117,405],[-569,145],[-488,-63],[-487,-226],[-417,-207],[-335,126],[-549,343],[-182,117],[-254,360],[-295,460],[-203,388],[-569,207],[-427,-81],[-274,-45],[-355,316],[-61,405],[30,253],[102,405],[-468,343],[-243,-180],[-539,-271],[-386,153],[-233,487],[-275,225],[-518,100],[-345,-18],[-741,-63],[-305,27],[-488,18],[-325,-36],[-406,-109],[-589,217],[-254,288],[-549,99],[-294,36],[-376,172],[-356,81],[-294,72],[-376,216],[-224,172],[-325,279],[-376,-99],[-467,-99],[-274,27],[-427,81],[-315,-162],[-640,-523],[-619,36],[-295,126],[-416,-306],[-325,-415],[-620,81],[-467,18],[-610,-108],[-243,270],[-254,442],[284,514],[345,252],[-406,379],[-487,-9],[-315,-216],[-254,-433],[-153,-307],[-477,-45],[-81,343],[30,487],[61,369],[20,442],[-558,-63],[-224,-208],[-477,343],[233,523],[-172,424],[-569,36],[-284,-352],[10,-315],[-285,-289],[-172,-162],[-549,162],[102,478],[-417,333],[-294,-252],[-112,-334],[-467,-297],[-31,-397],[-223,-423],[-427,54],[-345,63],[-518,-36],[-356,-117],[-467,27],[-295,189],[-162,360],[-244,424],[-254,81],[-681,163],[-467,225],[-274,270],[-234,118],[-437,-45],[-416,351],[91,406],[-254,450],[-599,-54],[-396,-207],[51,-433],[-51,-532],[-488,172],[-101,541],[254,369],[-356,397],[-426,-72],[-478,162],[-81,243],[-203,334],[-498,-288],[-325,-442],[-427,-45],[-396,-406],[-396,-189],[-528,-208],[-498,163],[-132,378],[-518,-162],[-203,-261],[-488,-73],[-325,-45],[-558,-162],[-458,262],[214,396],[-31,379],[234,306],[-244,442],[-406,-27],[-569,-216],[-335,-181],[-569,82],[-213,423],[-11,325],[-375,414],[-356,36],[-335,0],[-742,-36],[-508,-90],[-457,-135],[-386,-153],[-284,-153],[-813,-424],[-172,-90],[-843,-442],[-346,-252],[-162,-127],[-579,-405],[-752,-1091],[-406,-586],[-234,-316],[-416,-604],[-51,-54],[-549,-568],[-325,-441],[-162,-406],[-132,-523],[-71,-496],[-102,-685],[10,-414],[51,-325],[122,-487],[0,-234],[-51,-451],[-142,-541],[-203,-559],[-204,-577],[-20,-387],[0,-334],[92,-451],[223,-423],[193,-388],[152,-297],[41,-370],[-20,-559],[-82,-324],[-213,-361],[-284,-307],[-427,-243],[-508,-144],[-355,0],[-366,72],[-386,171],[-315,262],[-335,126],[-325,9],[-528,-54],[-437,-135],[-518,-253],[-1138,-604],[-20,-45],[-2072,-3849],[-193,-514],[-1016,-2668],[-203,-2687],[569,-1965],[1239,-1821],[6968,-9420],[3047,-5391],[732,-2182],[-21,-2245],[-609,-4372],[-1828,1055],[-397,-658],[-893,-1524],[-295,-405],[-213,-352],[-315,-432],[-275,-370],[-182,-234],[-468,-199],[-497,-198],[-386,9],[-285,108],[-416,-9],[-254,-36],[-549,-99],[-426,-153],[-295,-199],[-244,-225],[-223,-243],[-224,-388],[-264,-469],[-294,-216],[-417,-154],[-365,-126],[-346,-72],[-386,18],[-437,370],[-254,261],[-233,370],[-122,396],[20,397],[81,325],[204,306],[274,235],[366,171],[528,333],[233,280],[193,342],[143,550],[61,343],[40,496],[-81,252],[-264,343],[-264,162],[-346,108],[-416,135],[-356,145],[-345,216],[-416,252],[-417,226],[-315,90],[-335,45],[-427,-63],[-477,-180],[-244,-190],[-142,-315],[-163,-415],[-304,-316],[-234,-99],[-467,-135],[-498,-189],[-508,-298],[-416,-270],[-447,-433],[-417,-478],[-162,-279],[-82,-469],[265,-369],[365,-280],[488,-288],[355,-109],[336,-234],[426,-460],[274,-432],[61,-244],[-172,-369],[-295,-82],[-477,27],[-671,154],[-680,144],[-782,189],[-518,108],[-336,91],[-416,54],[-864,144],[-812,126],[-721,27],[-793,-36],[-731,-72],[-478,-162],[-426,-217],[-356,-315],[-223,-442],[-295,-721],[-264,-514],[-244,-324],[-223,-244],[-335,-180],[-529,-189],[-375,-226],[-336,-198],[-254,-262],[-10,-342],[61,-577],[61,-613],[142,-577],[315,-1145],[254,-955],[183,-731],[274,-649],[61,-306],[0,-334],[-20,-604],[10,-315],[244,-379],[325,-315],[376,-235],[345,-117],[457,-36],[772,27],[1118,63],[629,72],[498,99],[467,226],[417,315],[437,388],[457,433],[670,541],[681,441],[376,235],[609,288],[437,189],[640,199],[609,153],[569,198],[630,199],[284,18],[427,-27],[955,-109],[1361,-180],[985,-162],[762,-108],[681,-126],[660,-127],[498,-108],[467,-126],[437,-189],[640,-280],[731,-288],[650,-343],[417,-225],[355,-262],[285,-270],[203,-235],[203,-477],[10,-397],[-41,-397],[-81,-288],[-183,-343],[-254,-306],[-518,-622],[-254,-361],[-284,-342],[-457,-379],[-732,-370],[-10,0],[-1432,-802],[-477,-315],[-325,-289],[-1097,-1145],[-1341,-1505],[-173,-180],[-1686,-1677],[-742,-803],[-487,-649],[-224,-315],[-122,-262],[-111,-315],[-11,-334],[51,-694],[142,-793],[102,-469],[152,-451],[234,-658],[71,-225],[132,-370],[153,-378],[264,-442],[335,-279],[477,63],[518,216],[427,-27],[284,-99],[386,-406],[72,-523],[-224,-468],[-325,-217],[-518,-135],[-457,-9],[-630,-27],[-1859,-234],[-284,-18],[-417,18],[-355,45],[-457,108],[-366,189],[-620,334],[-345,207],[-193,216],[-163,352],[-40,234],[61,379],[20,261],[-30,316],[-31,360],[-142,496],[-142,226],[-427,351],[-335,181],[-488,243],[-975,279],[-274,82],[-376,63],[-355,9],[-376,-63],[-386,-91],[-295,-117],[-437,-207],[-243,-171],[-326,-334],[-152,-180],[-223,-505],[-153,-433],[-264,-649],[-142,-388],[-173,-567],[-152,-370],[-92,-487],[0,-387],[41,-199],[61,-405],[51,-541],[193,-1920],[142,-1037],[152,-775],[61,-343],[82,-451],[355,-1424],[376,-1163],[457,-1361],[224,-676],[690,-1794],[447,-1118],[51,-135],[549,-1199],[294,-523],[528,-1217],[173,-388],[61,-252],[-274,-406],[-518,-315],[-427,-199],[-295,163],[-233,189],[-295,243],[-183,190],[-172,315],[-142,271],[-275,180],[-518,99],[-558,-36],[-478,-27],[-630,0],[-376,108],[-345,63],[-457,36],[-325,0],[-742,-54],[-629,-18],[-539,-18],[-569,-45],[-386,-99],[-487,-144],[-437,-199],[-10,-559],[102,-171],[-92,-433],[-376,-387],[-244,-271],[-162,-297],[41,-433],[142,-424],[152,-333],[153,-325],[142,-306],[71,-469],[40,-523],[41,-541],[102,-829],[50,-505],[21,-162],[183,-766],[132,-505],[193,-784],[122,-406],[172,-496],[325,-469],[488,-225],[223,-253],[244,-324],[467,-721],[71,-496],[-132,-279],[-182,-289],[152,-415],[142,-234],[153,-352],[101,-198],[305,-451],[315,-279],[457,-334],[264,-252],[457,-622],[620,-929],[304,-432],[376,-559],[264,-388],[234,-342],[437,-478],[426,-442],[478,-622],[335,-406],[183,-180],[792,-757],[457,-469],[224,-180],[294,-334],[244,-423],[183,-361],[152,-469],[71,-333],[61,-280],[11,-460],[-214,-513],[-223,-280],[-244,-261],[-1056,-1019],[-671,-667],[-244,-216],[-548,-442],[-244,-217],[-264,-144],[-345,-153],[-285,-63],[-589,90],[-447,-126],[-386,-126],[-1331,-226],[-365,-54],[-772,-45],[-691,-27],[-823,-36],[-305,27],[-355,54],[-295,117],[-396,379],[-172,288],[91,433],[315,180],[264,181],[10,387],[-213,397],[-325,72],[-315,-180],[-274,-262],[-478,-324],[-498,-153],[-386,-298],[163,-433],[61,-441],[-457,117],[-559,45],[-366,352],[-10,459],[468,298],[436,225],[214,478],[10,361],[-254,297],[132,270],[0,505],[0,262],[-335,360],[-305,63],[20,460],[254,81],[447,-117],[437,-351],[366,261],[-153,370],[71,333],[447,253],[396,351],[-243,289],[-244,288],[-10,388],[-254,315],[-376,-54],[-41,-397],[-436,-369],[-234,424],[112,360],[-234,379],[-51,387],[-51,298],[-182,397],[-508,45],[-193,-226],[30,-451],[-630,-117],[-660,199],[213,414],[254,136],[82,369],[-407,198],[-223,163],[-274,496],[274,333],[61,334],[-376,360],[-356,36],[-325,-9],[-365,289],[10,387],[-346,424],[-345,90],[-132,433],[51,550],[-508,279],[-477,0],[-31,550],[234,235],[20,450],[-447,54],[-203,487],[112,334],[589,-27],[335,-90],[315,189],[-112,514],[498,162],[203,-478],[437,108],[569,-216],[325,288],[111,280],[112,406],[407,45],[243,-145],[447,235],[-335,424],[-223,144],[-122,396],[-122,244],[-112,315],[81,451],[21,289],[-214,315],[-436,-18],[-397,180],[-81,289],[-396,144],[-234,279],[-142,280],[-244,270],[-122,280],[153,387],[457,163],[437,414],[20,343],[-213,334],[-518,-199],[-386,-198],[-356,9],[-183,351],[-51,397],[-304,243],[-386,325],[20,379],[-152,396],[-508,72],[0,280],[396,415],[-102,441],[-355,199],[-285,360],[-274,162],[-345,64],[-285,72],[-345,432],[366,235],[589,-81],[345,99],[315,198],[234,352],[-234,225],[-406,-180],[-437,99],[-477,234],[-234,-198],[-457,343],[-295,414],[-599,63],[-488,81],[-264,46],[-304,216],[-153,198],[-264,379],[224,297],[-336,442],[-345,0],[-416,45],[-437,171],[-498,217],[-488,297],[-304,244],[-366,135],[-528,63],[-518,90],[-356,90],[-335,81],[-305,289],[-132,415],[-508,18],[-274,504],[-345,388],[-437,-36],[-264,-63],[-447,9],[-254,198],[-254,253],[-295,450],[163,505],[223,514],[-507,289],[-691,324],[-335,108],[-366,36],[-508,262],[-305,225],[-365,298],[-244,198],[-498,342],[-427,82],[-396,-118],[-355,0],[-620,127],[-376,90],[-762,171],[-223,-9],[-356,-496],[-599,81],[-91,307],[-41,279],[-477,199],[-275,-190],[-152,-387],[-579,-54],[91,504],[153,532],[223,758],[-40,387],[-173,208],[-427,243],[-365,-180],[122,-415],[-234,-433],[-467,0],[-112,415],[41,279],[61,289],[-153,532],[-213,198],[-518,325],[-335,180],[-275,126],[-61,406],[-213,351],[-477,343],[-244,234],[-203,370],[30,243],[-122,325],[-284,378],[-498,-27],[-61,-288],[-10,-451],[-467,45],[-346,144],[-477,235],[-295,234],[-101,298],[172,477],[-91,307],[-406,379],[-244,360],[-417,-18],[-81,-514],[-376,-261],[-304,45],[-305,297],[-427,226],[-203,-532],[-254,-343],[-264,-495],[-41,-505],[-81,-451],[-284,-252],[-132,-334],[-325,-424],[-285,-261],[-254,-325],[-203,-297],[-457,-171],[-335,-244],[-285,-478],[-101,-342],[-51,-289],[-30,-450],[-122,-289],[-234,-207],[-264,-171],[-396,54],[-376,-424],[-559,-54],[-396,99],[-152,-496],[-528,-234],[-468,-207],[-315,-379],[-213,-352],[-223,-288],[-356,-343],[-102,-279],[-264,-361],[-223,-198],[61,-379],[162,-450],[-162,-298],[20,-505],[-305,-405],[-91,-316],[112,-415],[-61,-387],[-386,-208],[-386,-153],[-102,-351],[-558,-73],[-265,-171],[-111,-324],[-193,-343],[-102,-505],[-193,-514],[-426,-396],[-590,-135],[-223,-388],[-244,-207],[-20,-397],[-163,-406],[-345,-396],[-244,-379],[-325,-126],[-335,-244],[-325,-117],[-214,-324],[-345,-280],[-487,-279],[-803,-577],[-467,-496],[-21,-27],[-304,-496],[-224,-279],[-122,-343],[-203,-234],[-345,-325],[-356,-144],[-406,-252],[-325,-145],[-376,-441],[-477,-352],[-346,-171],[-304,-108],[-356,-127],[-254,-135],[-254,-216],[10,-424],[-172,-225],[-417,-244],[-467,-279],[-254,-226],[-234,-315],[-264,-505],[-416,-333],[-254,-145],[-173,-495],[-863,-118],[-528,-99],[-366,-153],[-264,-406],[-21,-225],[0,-415],[-142,-423],[-386,-343],[-193,-352],[-112,-297],[-60,-415],[-193,-396],[-326,-379],[-294,-325],[-244,-315],[-101,-316],[-133,-243],[-121,-442],[101,-324],[-142,-397],[-203,-243],[-305,-271],[-132,-171],[30,-406],[-243,-216],[-254,-298],[-508,-351],[-447,-361],[-406,-180],[-285,0],[-467,-180],[-244,-469],[-10,-406],[112,-216],[20,-424],[-71,-396],[20,-460],[-223,-334],[-203,-198],[-173,-279],[-244,-361],[-71,-262],[-254,-522],[-112,-370],[-172,-514],[0,-306],[10,-460],[-51,-541],[-81,-334],[0,-522],[10,-325],[-10,-315],[162,-424],[31,-424],[40,-306],[427,-271],[173,-324],[-71,-406],[20,-442],[386,-739],[183,-451],[101,-270],[-71,-325],[-406,-378],[-213,-505],[-214,-252],[-243,-1127],[-72,-343],[-132,-433],[-294,-423],[-214,-361],[153,-460],[10,-396],[-51,-253],[61,-468],[315,-325],[244,-505],[-81,-514],[-102,-504],[-51,-424],[132,-478],[10,-550],[-50,-442],[-11,-324],[153,-379],[437,-342],[122,-316],[203,-333],[162,-496],[51,-244],[-71,-694],[-51,-279],[-142,-388],[-701,117],[-620,190],[-690,342],[-813,487],[-528,361],[-711,468],[-1504,902],[-1056,631],[-366,234],[-406,181],[-386,180],[-396,144],[-569,54],[-396,-108],[-335,-54],[-579,-27],[-620,-9],[-559,90],[-538,162],[-376,199],[-1351,802],[-294,297],[-224,487],[-437,938],[-345,514],[-213,153],[-366,135],[-538,216],[-427,136],[-376,90],[-366,45],[-416,-9],[-467,-9],[-457,-99],[-630,-262],[-488,-198],[-538,-117],[-254,-63],[-538,-18],[-681,9],[-396,99],[-356,261],[-437,343],[-396,351],[-284,244],[-538,297],[-549,226],[-376,126],[-711,288],[-396,154],[-224,-244],[-142,-252],[-294,-559],[-193,-469],[-305,-270],[-559,-36],[-437,-217],[-193,-324],[-172,-965],[-254,-288],[-396,-433],[10,-316],[40,-468],[-101,-334],[-295,-306],[-904,-550],[-731,-451],[-803,-298],[-954,-207],[-295,397],[-437,306],[-548,217],[-610,36],[-569,108],[-345,333],[0,226],[224,315],[30,217],[-213,333],[-366,126],[-467,0],[-518,-90],[-417,-126],[-437,-135],[-436,-180],[-325,-136],[-620,-171],[-823,-36],[-1005,0],[-275,-36],[-457,-216],[-477,-424],[-528,-703],[-772,-1001],[-529,-306],[-548,9],[-488,144],[-558,18],[-397,-144],[-386,-226],[-589,-640],[-772,-559],[-680,-315],[-529,-72],[82,874],[-10,243],[-41,1380],[-102,847],[-315,866],[-375,892],[-508,1109],[-1260,2470],[-122,135],[-376,271],[-406,126],[-426,90],[-1138,0],[-1026,0],[-752,153],[-345,216],[-701,487],[-406,217],[-661,216],[-467,108],[-244,9],[-660,-9],[-488,-72],[-690,-225],[-163,-72],[-1026,-577],[-812,-316],[-2083,-541],[-721,9],[-894,262],[-2123,811],[-172,63],[-1199,631],[-356,162],[-2407,1208],[-1290,767],[-782,468],[-1331,604],[-884,244],[-599,72],[-579,54],[-1188,27],[-925,108],[-711,280],[-680,369],[-559,361],[-1402,1307],[-1970,829],[-1087,442],[-366,298],[-163,324],[-91,352],[-396,2749],[-437,1334],[-183,271],[-528,586],[-81,63],[-854,559],[-985,802],[-416,397],[-468,396],[-396,253],[-396,117],[-447,63],[-447,9],[-680,-27],[-1707,-306],[-548,-109],[-234,-18],[-1930,-252],[-122,-18],[-1016,-18],[-1158,324],[-2143,875],[-670,541],[-447,838],[-356,487],[-437,135],[-203,-9],[-731,-252],[-2336,-794],[-3261,-622],[-3047,-486],[-2763,-118],[-1849,109],[-447,72],[-325,54],[-305,198],[-427,180],[-203,27],[-487,18],[-305,-54],[-457,36],[-620,73],[-345,18],[-477,-54],[-214,-82],[-376,-171],[-508,-342],[-274,-289],[-365,-442],[-366,-432],[-224,-433],[-81,-424],[-294,-99],[-579,-45],[-712,3335],[-213,920],[-345,685],[-376,1136],[-721,2425],[183,261],[-31,424],[-61,568],[-91,929],[-31,387],[-51,433],[-50,559],[-61,496],[-21,243],[-1493,-126],[-873,54],[-925,297],[-1117,685],[-1453,1019],[-538,361],[-396,225],[-1219,451],[-559,81],[-2417,343],[-305,135],[-752,333],[-406,163],[-427,162],[31,505],[-92,234],[-487,207],[-650,-99],[-183,-18],[-467,-9],[-468,-9],[-1026,180],[-650,190],[-1188,532],[-467,180],[-844,333],[-365,271],[-203,370],[-92,306],[41,352],[396,324],[1361,793],[478,415],[365,361],[102,135],[325,397],[213,450],[153,676],[60,1290],[-142,405],[-325,505]],[[412937,260941],[223,406],[122,352],[30,216],[-101,370],[-51,414],[92,379],[142,370],[203,387],[142,370],[81,297],[204,370],[253,198],[498,144],[417,18],[833,-27],[345,-36],[335,325],[-101,207],[-183,424],[-102,306],[-10,325],[112,379],[-10,306],[-82,261],[-386,325],[-193,243],[0,388],[0,298],[254,441],[224,352],[-132,270],[20,325],[142,297],[437,794],[396,333],[356,153],[497,190],[366,144],[234,379],[-122,315],[-51,289],[-132,324],[-376,307],[-30,351],[-153,478],[-274,315],[-213,325],[-153,234],[31,523],[-274,289],[61,297],[-41,352],[-193,288],[-366,343],[31,487],[71,333],[152,487],[234,288],[142,541],[3179,12973],[-314,108],[-315,378],[-325,199],[-51,306],[-346,217],[-243,477],[-488,99],[-508,82],[-528,-316],[-406,234],[-610,10],[-345,90],[-71,387],[-305,244],[-345,-81],[-498,9],[-122,216],[-122,351],[-498,-18],[-528,-279],[-284,45],[-437,234],[-20,352],[-397,343],[-497,-45],[-92,405],[-183,325],[-589,18],[-254,144],[397,117],[457,36],[254,235],[355,18],[427,-63],[254,-199],[487,72],[264,235],[397,72],[467,-189],[376,-73],[416,-180],[325,-324],[132,-181],[640,-180],[569,252],[264,45],[376,-117],[548,-63],[356,199],[579,108],[325,-99],[427,0],[243,207],[234,315],[488,-9],[680,217],[539,162],[497,108],[224,63],[447,126],[751,100],[864,270],[589,189],[528,145],[427,9],[406,-27],[427,-118],[548,-216],[366,-171],[1767,-1875],[925,-1199],[944,-1001],[661,-397],[1991,-1406],[680,-523],[986,-685],[924,-478],[782,-189],[589,0],[772,298],[356,162],[376,0],[497,-99],[2804,-893],[995,-63],[518,117],[275,208],[355,414],[600,658],[1188,740],[1067,486],[345,145],[833,459],[386,307],[355,225],[275,81],[436,289],[325,153],[326,289],[284,-45],[508,-235],[823,-315],[203,27],[1625,180],[985,-18],[1067,-108],[2214,-442],[2052,-712],[437,-153],[112,811],[-142,1487],[-214,812],[-1087,3389],[-315,992],[-335,1253],[-406,1478],[-163,1163],[-944,4183],[-31,622],[-10,280],[102,540],[203,244],[355,261],[468,244],[2468,1244],[691,369],[1767,866],[437,207],[345,262],[305,306],[427,676],[152,298],[457,865],[406,911],[376,739],[396,487],[254,207],[559,117],[467,27],[1199,-90],[1320,-108],[1148,-72],[1036,-72],[559,-109],[2296,-577],[3291,-676],[1991,-270],[4144,0],[1311,0],[690,99],[1087,298],[610,207],[365,234],[275,334],[213,297],[203,334],[-30,333],[-82,325],[-10,532],[-81,423],[-122,244],[-234,532],[325,1235],[153,532],[305,162],[457,-126],[548,-81],[793,9],[203,0],[3504,-163],[-51,550],[-30,343],[183,622],[0,496],[-92,387],[-20,298],[41,721],[-722,171],[-1432,244],[-203,18],[-924,81],[-376,117],[-3058,270],[-406,172],[71,324],[41,262],[-305,297],[-61,532],[-61,261],[-325,406],[224,532],[355,9],[366,198],[162,172],[214,342],[294,90],[488,36],[477,316],[589,378],[122,145],[315,640],[224,288],[304,325],[244,207],[0,370],[31,450],[243,469],[224,280],[40,297],[-71,442],[132,523],[-416,946],[-193,433],[-102,577],[51,487],[122,369],[345,460],[590,451],[1665,1271],[1839,1442],[213,397],[366,946],[640,1632],[203,514],[-264,153],[-1656,415],[-10,496],[102,694],[-366,180],[-254,45],[-488,172],[-253,81],[-478,54],[-366,144],[-203,135],[-437,262],[-507,81],[-295,108],[-274,297],[-559,145],[-396,-163],[-437,-216],[-294,-144],[-386,-135],[-478,-27],[-406,-82],[-833,-180],[-640,99],[-406,244],[-153,216],[-111,424],[101,568],[102,405],[61,280],[182,297],[315,379],[376,252],[1290,685],[376,262],[305,424],[244,504],[101,253],[81,919]],[[491050,353658],[1869,289],[823,198],[417,198],[213,316],[447,406],[965,676],[295,171],[426,-63],[549,162],[721,-18],[223,198],[72,469],[629,1271],[457,307],[549,-144],[223,-163],[620,-126],[376,90],[589,217],[620,-172],[741,-270],[396,-352],[417,45],[294,253],[427,180],[569,225],[467,-324],[376,-144],[335,-190],[417,-108],[365,27],[529,162],[446,181],[285,63],[498,-162],[20,-523],[284,-172],[417,-72],[457,190],[335,198],[599,-162],[468,-352],[355,0],[447,117],[467,145],[397,450],[518,244],[223,514],[335,297],[488,72],[548,-72],[275,-81],[569,126],[406,198],[223,100],[447,171],[275,180],[436,144],[539,-135],[386,63],[345,-117],[315,262],[457,324],[518,153],[92,424],[182,207],[539,163],[254,-505],[264,-144],[518,-73],[183,-315],[122,-424],[-11,-279],[-50,-523],[314,-216],[244,-91],[721,-126],[386,18],[315,108],[549,45],[579,-135],[366,-18],[426,-81],[295,144],[447,-18],[274,-27],[650,-135],[213,-18],[722,9],[508,9],[264,469],[193,469],[111,207],[346,207],[304,54],[366,217],[457,252],[467,135],[915,-306],[416,-162],[163,-172],[528,-153],[589,-54],[386,-72],[213,-451],[264,-135],[254,-379],[447,-234],[82,-379],[284,-171],[356,-334],[497,-360],[336,-343],[396,235],[233,-72],[549,-217],[244,271],[447,1054],[1259,2858],[549,1316],[579,920],[243,405],[336,514],[274,478],[183,406],[193,495],[132,334],[2133,3976],[863,1658],[305,613],[356,208],[579,-172],[274,-135],[884,-261],[416,-145],[478,-351],[822,-226],[112,-144],[20,-450],[447,-136],[671,-63],[1107,-387],[203,-181],[71,-414],[488,18],[457,-181],[264,253],[447,-126],[162,486],[153,181],[701,108],[518,18],[508,-253],[538,91],[193,144],[599,-108],[366,-451],[305,-307],[244,-198],[375,-216],[204,-217],[-61,-369],[436,-145],[447,55],[396,-118],[224,-99],[122,-469],[61,-369],[122,-217],[20,-378],[406,-235],[457,172],[569,-90],[518,-307],[335,-216],[397,-9],[355,-135],[447,-145],[508,-126],[437,-27],[325,334],[10,288],[640,0],[274,-424],[285,100],[457,171],[264,-244],[213,-513],[427,-163],[589,127],[305,54],[315,-253],[365,-306],[396,-289],[508,-99],[305,-207],[417,0],[467,-325],[487,126],[437,-126],[102,-243],[122,-334],[274,-315],[-71,-262],[254,-306],[223,-144],[427,-145],[244,271],[182,297],[437,-63],[610,63],[396,-234],[152,-226],[589,-27],[417,-18],[538,208],[366,135],[386,27],[416,-144],[478,99],[91,460],[356,9],[355,441],[102,397],[366,72],[579,-207],[396,-162],[538,-127],[416,-171],[366,-36],[589,-81],[518,-316],[813,-414],[559,-108],[233,-388],[-254,-334],[41,-450],[447,-9],[295,477],[375,253],[305,-18],[325,-181],[71,-513],[305,-154],[366,118],[497,81],[458,-325],[233,-306],[213,-172],[468,-288],[203,-225],[305,-442],[162,-388],[447,-81],[173,-370],[396,-378],[335,-90],[518,-163],[579,-126],[346,-18],[345,171],[355,262],[315,162],[366,27],[477,-27],[417,-180],[152,-180],[163,-343],[101,-315],[21,-632],[101,-910],[41,-424],[142,-270],[213,-217],[234,-216],[518,-261],[660,-361],[275,-261],[1452,-1551],[467,-387],[315,-424],[264,-469],[265,-631],[91,-261],[132,-388],[264,-505],[325,-171],[437,-9],[305,54],[426,81],[559,27],[569,9],[873,-81],[559,72],[264,135],[285,163],[386,-9],[457,-253],[335,-72],[335,27],[1849,99],[985,-54],[1372,-180],[375,0],[356,-307],[234,-306],[274,-108],[416,-90],[539,216],[518,99],[1056,-442],[41,-234],[-264,-415],[568,-306],[285,117],[609,153],[366,171],[518,199],[325,-45],[254,-208],[132,-306],[213,-487],[366,-180],[437,0],[284,45],[478,-9],[426,-108],[264,-81],[326,-199],[589,135],[497,-81],[427,45],[234,307],[-336,261],[-142,550],[417,45],[315,469],[426,-9],[813,-9],[559,-153],[386,-271],[761,-297],[1758,-262],[325,-72],[3017,-441],[-417,-4120]],[[361071,459996],[558,-198],[1047,144],[457,73],[315,234],[508,469],[406,396],[355,298],[691,658],[579,532],[498,315],[731,81],[244,27],[569,55],[152,18],[528,54],[264,-505],[31,-388],[30,-261],[61,-514],[112,-784],[20,-235],[61,-550],[71,-559],[0,-414],[-81,-280],[-91,-315],[30,-550],[234,-640],[173,-451],[142,-487],[152,-342],[295,-451],[365,-478],[-416,-631],[-173,-117],[-508,-820],[-365,-163],[-356,-90],[-366,-324],[336,-929],[61,-198],[213,-866],[81,-306],[-660,-316],[-417,-9],[-609,-99],[-447,-90],[-376,-72],[-630,-153],[-416,-343],[-203,-514],[101,-459],[-335,-289],[92,-514],[436,-414],[244,-370],[102,-532],[538,189],[508,82],[305,-163],[487,-270],[386,-126],[752,333],[274,90],[579,-153],[51,-370],[589,-117],[457,-117],[336,-361],[355,-351],[447,-9],[183,225],[244,217],[528,72],[376,-117],[477,-109],[488,271],[426,171],[305,-261],[-10,-478],[264,-487],[366,-9],[406,-108],[376,234],[345,-198],[498,36],[427,352],[60,333],[315,153],[346,-81],[335,18],[457,99],[1199,253],[223,189],[-142,658],[-183,442],[295,306],[284,127],[335,99],[600,207],[599,-90],[437,36],[152,252],[478,100],[142,450],[233,496],[-375,253],[284,342],[538,-108],[518,-171],[132,324],[437,316],[427,0],[498,171],[284,415],[335,63],[356,324],[0,379],[376,117],[690,974],[437,613],[213,514],[518,162],[356,613],[579,54],[498,18],[447,-45],[548,-216],[122,-415],[467,-63],[457,225],[254,171],[1991,451],[2235,875],[498,99],[477,-63],[640,-118],[508,-117],[1249,-387],[336,-100],[721,-216],[965,-243],[193,-27],[498,-18],[700,9],[986,9],[538,9],[1036,9],[315,18],[345,27],[447,63],[559,54],[620,-9],[690,-27],[468,0],[619,90],[315,198],[-71,487],[-274,496],[-112,388],[31,252],[40,361],[325,216],[589,0],[488,-63],[498,-18],[447,-9],[142,-361],[437,-405],[345,-262],[630,-90],[579,-99],[487,-99],[295,-343],[20,-306],[-10,-298],[447,-297],[325,0],[234,-370],[315,-361],[426,28],[549,27],[447,117],[498,54],[538,-307],[284,-117],[325,-108],[356,72],[386,72],[396,63],[284,9],[397,-162],[264,-117],[457,135],[366,225],[223,136],[518,54],[376,-81],[335,-54],[498,252],[335,234],[61,244],[71,342],[254,370],[203,469],[478,-27],[558,-54],[285,144],[426,-162],[356,-100],[437,-9],[315,-63],[314,-153],[447,-162],[366,0],[437,279],[264,262],[376,144],[416,198],[396,126],[366,460],[112,235],[223,306],[264,72],[488,298],[437,72],[233,144],[346,144],[589,-63],[386,198],[244,406],[355,45],[468,289],[599,117],[579,81],[518,27],[426,-297],[498,-163],[346,63],[304,-279],[579,-162],[386,18],[457,117],[590,126],[599,90],[487,162],[376,217],[163,315],[193,496],[406,99],[-40,388],[386,315],[406,226],[386,153],[538,-99],[356,18],[396,81],[355,0],[498,207],[376,-126],[345,-234],[579,-180],[366,-370],[213,-243],[498,-55],[477,-81],[579,-9],[478,118],[315,45],[365,-208],[244,-45],[600,-126],[386,-397],[375,-378],[691,162],[325,-234],[600,126],[375,-153],[366,-289],[498,-90],[315,-153],[325,-63],[365,-136],[407,-135],[284,36],[539,-63],[457,-27],[335,-225],[386,-289],[315,-180],[-10,-424],[132,-396],[416,-9],[254,126],[427,-99],[254,-136],[375,-198],[427,234],[610,-171],[680,-243],[20,-9],[590,-217],[406,-81],[294,81],[600,505],[244,180],[375,127],[386,-9],[549,144],[254,180],[528,144],[833,-99],[427,-180],[142,-288],[122,-442],[244,-289],[162,-315],[549,0],[396,207],[548,-234],[203,-298],[508,27],[569,-108],[417,244],[426,-19],[498,-234],[386,45],[498,9],[386,-126],[284,243],[213,397],[915,-180],[396,135],[142,225],[295,217],[355,135],[457,189],[427,-135],[142,-198],[447,-217],[274,-144],[214,-252],[314,-217],[478,136],[427,0],[274,-118],[609,-180],[528,-361],[458,-378],[314,-298],[224,-171],[416,-297],[1433,-451],[426,-108],[346,0],[467,171],[3626,766],[1006,208],[376,333],[172,207],[315,226],[386,180],[254,144],[325,208],[264,252],[265,433],[152,333],[132,577],[284,505],[397,325],[568,504],[275,172],[2722,1199],[1473,649],[538,225],[81,18],[1575,577],[457,162],[1067,253],[863,216],[1036,108],[1463,-9],[2783,0],[254,36],[356,208],[528,559],[122,198],[731,1505],[234,397],[152,144],[559,424],[426,234],[366,226],[772,333],[223,415],[51,550],[376,442],[610,360],[447,199],[477,126],[975,153],[102,18],[1950,207],[3697,163]],[[522905,468020],[-10,-884],[0,-108],[-111,-496],[-133,-496],[-518,-1370],[-71,-424],[-71,-631],[-122,-405],[-335,-550],[-30,-54],[-346,-460],[-528,-586],[-213,-343],[-142,-216],[-132,-415],[-31,-234],[10,-361],[31,-324],[91,-289],[132,-261],[406,-433],[193,-234],[153,-433],[-31,-478],[193,-486],[600,-460],[619,-307],[335,-324],[92,-406],[-41,-315],[-81,-280],[-284,-487],[-275,-378],[-1076,-1100],[-640,-757],[-396,-487],[-265,-343],[-243,-360],[-183,-487],[30,-270],[122,-424],[356,-505],[132,-451],[-10,-234],[-102,-469],[-335,-892],[-61,-541],[183,-415],[243,-406],[458,-513],[162,-262],[81,-288],[21,-379],[-336,-1469],[-10,-316],[61,-306],[315,-433],[1310,-1091],[519,-505],[213,-279],[315,-460],[233,-442],[356,-928],[91,-271],[41,-685],[-20,-748],[-214,-1586],[71,-1118],[-71,-902],[-81,-910],[-274,-1001],[-295,-352],[-264,-180],[-355,-297],[-143,-334],[-152,-1244],[-81,-1722],[20,-910],[132,-595],[224,-577],[243,-307],[376,-486],[163,-262],[203,-577],[-71,-541],[-762,-892],[-1148,-1163],[-101,-99],[-508,-541],[-132,-262],[-92,-450],[-142,-857],[-193,-703],[-10,-604],[112,-568],[162,-613],[92,-532],[60,-378],[305,-4336],[-101,-703],[-132,-469],[-275,-803],[-762,-1108],[-639,-649],[-1118,-740],[-1117,-694],[-346,-288],[-568,-1001],[-163,-802],[41,-866],[274,-1857],[-142,-306],[-417,-523],[-132,-307],[-122,-450],[41,-343],[650,-1613],[173,-740],[-41,-378],[-81,-839],[-173,-829],[-691,-2506],[-40,-1001],[-102,-802],[-152,-451],[-569,-766],[-366,-1136],[-447,-1424],[-193,-1307],[-264,-902],[-426,-1325],[-823,-2100],[-1382,-2407],[-833,-1118],[-1300,-1244],[-1635,-1136],[-1747,-938],[-620,-342],[-1158,-893],[-559,-757],[-91,-171],[-163,-1163],[-162,-469],[-345,-225],[-285,-81],[-274,-460],[-305,-244],[-325,-162],[-295,-369],[-345,-613],[-193,-388],[-985,-1812],[-650,-1704],[-711,-1046],[-762,-1099],[-437,-415],[-498,-379],[-650,-270],[-548,-352],[-640,-640],[-1819,-1785],[-294,-477],[-152,-487],[-326,-2353],[-132,-992]],[[194441,260815],[447,460],[315,325],[234,243],[427,442],[294,288],[254,271],[305,324],[416,433],[315,342],[376,370],[1209,1262],[772,793],[1117,1163],[386,415],[538,559],[823,856],[508,532],[346,370],[304,288],[945,992],[437,442],[294,324],[-487,216],[-579,82],[-559,99],[-548,108],[-244,2425],[81,460],[71,531],[10,361],[21,343],[-518,198],[-376,36],[-772,352],[508,1325],[50,198],[193,2055],[559,442],[71,451],[102,324],[172,523],[61,469],[204,487],[60,333],[21,406],[20,397],[92,378],[91,442],[-61,298],[-112,306],[-91,298],[71,486],[112,388],[132,297],[203,514],[122,469],[51,334],[172,486],[122,298],[244,108],[264,325],[132,378],[274,496],[264,505],[112,541],[0,216],[-30,469],[20,225],[41,839],[50,306],[193,514],[122,270],[325,406],[478,343],[-295,207],[-497,352],[-447,36],[-315,-127],[-468,-108],[-467,-90],[-487,207],[-285,154],[-376,126],[-569,162],[-457,-135],[-508,135],[-579,280],[-81,261],[-467,288],[-406,10],[-437,18],[-376,18],[-386,171],[-254,442],[71,306],[-132,451],[-437,144],[-325,-108],[-355,-45],[-437,-9],[-488,-63],[-325,9],[-457,108],[-630,-90],[-446,-54],[-630,0],[-275,54],[-396,81],[-294,54],[-447,36],[-518,108],[-396,135],[-244,0],[-467,-81],[-224,325],[-203,405],[-173,478],[-213,334],[-244,135],[-386,135],[-112,523],[173,343],[71,270],[153,370],[101,189],[244,442],[244,270],[193,433],[152,379],[132,351],[224,424],[365,243],[386,99],[579,190],[559,243],[599,108],[427,235],[162,315],[366,460],[427,-81],[244,-117],[467,-181],[396,-72],[559,81],[335,9],[467,27],[437,72],[477,199],[112,324],[264,469],[325,289],[315,252],[488,108],[284,0],[366,72],[294,72],[457,-18],[305,-81],[447,217],[81,342],[-50,721],[243,379],[498,81],[437,334],[203,279],[71,388],[61,324],[244,451],[51,406],[152,405],[284,451],[51,289],[153,369],[111,325],[61,333],[-355,334],[-437,99],[-386,81],[-345,126],[-529,108],[-365,127],[-92,351],[0,253],[-142,315],[51,469],[41,306],[-82,505],[-51,505],[0,243],[-101,451],[-122,343],[-223,333],[-315,271],[-244,297],[-102,460],[-20,343],[-71,522],[101,307],[51,460],[31,495],[193,307],[315,325],[213,531],[20,1371],[81,342],[-264,361],[-528,171],[-447,397],[-244,360],[-314,658],[-265,559],[-213,334],[-61,243],[10,388],[-162,270],[-467,163],[-356,306],[10,541],[-335,90],[-203,415],[132,315],[447,208],[406,-18],[650,-63],[163,306],[254,288],[81,532],[-173,361],[21,288],[-102,559],[31,190],[172,351],[51,298],[20,559],[-162,315],[-244,433],[284,424],[356,297],[335,117],[285,334],[355,198],[528,171],[315,163],[335,-72],[397,-406],[457,-54],[355,144],[295,261],[-153,343],[-315,532],[-650,1181],[-182,306],[335,316],[-10,1325],[-6085,2109],[-1595,713],[-985,504],[-498,424],[-376,523],[-172,288],[-122,424],[213,5409],[3068,-162],[538,198],[498,289],[264,216],[569,-54],[101,0],[8106,-703],[21637,17146],[893,775],[386,-18],[813,-189],[640,-154],[315,406],[71,298],[163,441],[406,1145],[193,1010],[61,315],[305,253],[30,252],[1036,198],[254,46],[721,117],[772,81],[955,144],[518,99],[1737,361],[61,90],[-61,748],[244,163],[1036,342],[630,153],[30,145],[1016,414],[-10,1650],[-1036,748],[-711,911],[-762,739],[-1534,1379],[-1727,1659],[-894,811],[-701,577],[-1066,1181],[-376,595],[-295,469],[-548,198],[81,487],[437,847],[782,1019],[31,406],[-742,72],[-569,1442],[-142,171],[-61,406],[81,1046],[41,469],[-173,207],[-406,99],[-528,18],[-346,-9],[-345,36],[-305,352],[71,550],[11,378],[111,613],[234,1145],[640,4363],[213,2119],[-650,2794],[-355,2308],[-305,4489],[-406,3210],[-803,4399],[-904,2190],[-213,848],[-92,1190],[-30,27],[-1808,36],[-92,90],[285,496],[193,324],[244,460],[-122,180],[-498,199],[-945,378],[315,316],[650,505],[346,207],[528,316],[244,369],[71,397],[2773,1073],[10,162],[-376,649],[-447,757],[-244,361],[-162,297],[-183,343],[-81,297],[-41,343],[-30,415],[-11,540],[-213,415],[-802,739],[-132,604],[-356,244],[81,450],[-508,-18],[-294,-135],[-417,63],[-142,523],[-437,307],[-426,-108],[-467,396],[264,514],[-82,568],[-436,333],[-92,316],[-223,433],[-407,784],[-396,820],[-172,541],[-295,415],[-71,478],[-254,162],[-366,252],[-254,469],[-294,388],[-102,216],[-264,460],[-416,270],[-153,280]],[[219846,445519],[264,135],[529,370],[233,126],[711,315],[640,181],[152,18],[854,117],[284,27],[579,81],[620,54],[1788,90],[2021,163],[1717,315],[1473,397],[477,180],[386,171],[630,316],[2925,1767],[376,252],[2326,1686],[2540,1875],[802,523],[610,351],[670,397],[650,379],[254,162],[305,189],[315,208],[2752,1784],[793,514],[1798,848],[416,189],[1829,856],[345,136],[609,189],[864,198],[1290,253],[721,108],[1788,198],[1361,244],[6582,1153],[2804,568],[538,118],[1554,297],[407,343],[477,72],[295,63],[701,297],[243,81],[569,145],[376,162],[914,252],[-20,388],[1117,180],[386,496],[-183,757],[1260,244],[61,54],[41,640],[233,54],[1615,135],[132,343],[153,306],[396,181],[1706,207],[346,27],[1330,162],[620,99],[498,181],[345,324],[274,415],[163,243],[315,505],[183,244],[376,243],[629,288],[264,397],[173,1803],[0,18],[1087,-99],[244,-27],[548,-108],[539,-118],[213,352],[51,279],[20,442],[-294,1334],[-102,424],[569,126],[579,27],[721,9],[467,36],[386,27],[295,27],[457,289],[-71,261],[-92,388],[-20,541],[1554,586],[356,171],[467,144],[163,54],[477,91],[366,18],[670,-63],[152,414],[224,460],[701,1235],[315,-54],[416,-153],[1910,1613],[274,253],[325,36],[335,18],[458,-262],[325,-342],[375,-108],[468,180],[365,99],[417,243],[294,127],[417,-154],[366,-63],[507,109],[265,-190],[477,-198],[355,-45],[407,-18],[467,-18],[335,81],[488,18],[416,36],[254,54],[417,-36],[355,-45],[366,162],[427,397],[386,270],[294,217],[417,306],[294,379],[427,72],[833,99],[365,36],[417,108],[548,190],[437,9],[234,-82],[447,-117],[355,0],[417,81],[447,262],[304,99],[386,-126],[305,-144],[589,-82],[315,-189],[925,135],[284,27],[457,-18],[396,-360],[254,-108],[407,9],[386,432],[233,217],[437,126],[335,9],[335,-27],[417,-9],[355,9],[458,63],[436,63],[447,54],[346,54],[243,217],[82,387],[477,559],[417,144],[396,-135],[294,-9],[346,226],[518,144],[345,-63],[549,135],[406,0],[223,-298],[295,-477],[254,-307],[427,-36],[345,-460],[386,-108],[264,-198],[264,-208],[538,-108],[376,154],[275,-415],[182,-208],[864,-135],[315,-36],[477,-36],[356,-135],[325,-63],[416,63],[305,-207],[112,-316],[436,-162],[498,-36],[376,-144],[51,-307],[477,-334],[660,-261],[356,-162],[427,-307],[254,-306],[213,-298],[386,-432],[376,-352],[457,-171],[315,-154],[284,-333],[539,-730],[142,-172],[244,-297],[152,-171],[477,-109],[569,-198],[41,-288],[284,-253],[356,-108],[416,-270],[417,-145],[274,-72],[589,-135],[427,-162],[264,-171],[203,-406],[112,-171],[386,-208],[274,-279],[61,-325],[30,-505],[264,-387],[488,-235],[549,-180],[375,-99],[437,-180],[447,-298],[427,-252],[193,-72],[233,-415],[-61,-478],[-71,-487],[-20,-577],[-30,-540],[50,-523],[71,-442],[1169,-1307],[1340,-1533],[965,-1018],[772,-803],[529,-486],[619,-631],[610,-595],[579,-631],[1087,-1163],[518,-523],[101,-90],[508,-505],[163,-181]],[[892925,661143],[498,-451],[223,-135],[681,-406],[416,-252],[1138,-685],[244,-181],[3972,-3443],[2854,-3092],[1188,-803],[793,-604],[345,-369],[335,-496],[143,-324],[152,-379],[132,-523],[30,-388],[-30,-351],[-71,-388],[-447,-1424],[-10,-27],[-153,-766],[-304,-3300],[-51,-1037],[-61,-1388],[132,-982],[51,-631],[-71,-668],[-163,-378],[-487,-640],[-884,-866],[-1351,-1090],[-894,-722],[-670,-712],[-397,-586],[-386,-649],[-335,-577],[-366,-468],[-396,-514],[-1178,-1461],[-721,-928],[-356,-496],[-183,-334],[-243,-504],[-275,-478],[-325,-469],[-304,-334],[-204,-189],[-2041,-1839],[-183,-261],[-173,-550],[-122,-875],[-172,-468],[-244,-433],[-224,-352],[-416,-432],[-833,-713],[-427,-288],[-294,-198],[-234,-208],[-203,-270],[-203,-361],[-193,-243],[-335,-307],[-508,-369],[-833,-676],[-234,-280],[-122,-270],[-437,-911],[711,-532],[508,-207],[5039,-992],[1767,-378],[1107,-217],[701,-162],[254,-72],[478,-162],[314,-162],[346,-280],[447,-243],[498,-226],[457,-216],[416,-288],[0,-307],[10,-424],[-71,-423],[-619,-118],[-376,-72],[-376,-351],[-193,-523],[-254,-523],[-183,-315],[-254,-478],[-254,-514],[-254,-622],[-355,-956],[-183,-486],[-183,-433],[-223,-469],[-183,-379],[-92,-297],[-172,-595],[-51,-216],[-153,-604],[-243,-469],[-295,-235],[-366,-279],[-254,-207],[-203,-217],[-223,-360],[-61,-280],[-10,-414],[-10,-487],[71,-271],[243,-369],[214,-271],[365,-432],[285,-388],[101,-180],[204,-451],[1798,-1415],[-204,-487],[-213,-433],[-173,-351],[-132,-262],[-193,-433],[-264,-559],[-457,-982],[-173,-352],[-152,-315],[-183,-397],[-132,-270],[-325,-676],[-579,-1263],[-122,-270],[457,-270],[-609,-1335],[-61,-243],[-81,-325],[-71,-504],[-41,-740],[0,-99],[-152,-865],[-82,-884],[-61,-468],[-30,-460],[0,-397],[101,-622],[92,-360],[223,-758],[41,-153],[142,-496],[102,-315],[172,-334],[183,-396],[-934,-352],[-691,-261],[-142,-54],[101,-190],[264,-667],[437,-1343],[132,-234],[275,-397],[2204,-2578],[1158,-1488],[843,-1036],[548,-830],[143,-333],[71,-370],[-61,-325],[-163,-486],[234,-217],[132,-261],[376,-325],[30,-261],[-50,-325],[213,-342],[-203,-496],[91,-352],[-61,-261],[-254,-270],[-132,-352],[-193,-514],[31,-532],[457,-279],[548,-244],[-122,-414],[386,-226],[498,-135],[345,-72],[295,-252],[41,-568],[81,-244],[264,-351],[274,-181],[417,-171],[376,-90],[193,-243],[-102,-361],[142,-460],[153,-351],[-11,-415],[143,-189],[30,-406],[-51,-523],[-20,-360],[-122,-505],[-193,-424],[-376,-379],[254,-288],[-122,-334],[-304,-234],[-122,-496],[81,-568],[81,-477],[-335,-244],[-427,-279],[92,-271],[122,-342],[213,-307],[163,-333],[101,-307],[315,-279],[223,-388],[183,-288],[0,-262],[-243,-360],[-31,-316],[264,-297],[173,-145],[264,-378],[10,-298],[305,-297],[142,-397],[-122,-315],[-426,-424],[-133,-325],[-50,-306],[0,-451],[30,-270],[457,-262],[-213,-505],[-122,-504],[-41,-379],[193,-180],[72,-361],[558,-288],[-10,-442],[-20,-352],[254,-613],[-61,-532],[-10,-333],[-82,-523],[-50,-307],[10,-360],[101,-298],[-426,-333],[-376,-370],[386,-243],[51,-298],[-183,-450],[406,-424],[-366,-271],[-264,-225],[71,-351],[153,-217],[10,-342],[-31,-406],[-447,-586],[-142,-288],[-203,-316],[-91,-343],[-163,-243],[-335,-180],[-152,-343],[-163,-333],[-41,-379],[183,-361],[-325,-432],[-589,-235],[-355,-9],[-397,-306],[254,-307],[71,-441],[-233,-208],[-213,-351],[-275,-163],[-315,-216],[-20,-397],[-173,-450],[-71,-307],[-101,-261],[-356,-307],[-81,-288],[-20,-370],[-82,-216],[-264,-379],[-112,-261],[-172,-289],[-335,-505],[254,-477],[-112,-361],[-508,-288],[-325,-109],[-305,-45],[-447,-279],[41,-505],[548,-99],[396,-117],[305,-108],[447,-91],[599,-171],[519,-234],[507,-172],[336,-18],[365,352],[112,216],[284,307],[183,171],[437,226],[721,234],[752,207],[295,108],[548,244],[356,27],[294,-63],[346,-108],[335,-82],[355,-99],[244,-315],[-183,-334],[-30,-469],[193,-387],[-275,-361],[-213,-405],[-30,-379],[203,-234],[416,-208],[488,-99],[508,-117],[619,-99],[336,45],[325,54],[396,0],[538,-36],[447,-171],[457,243],[173,352],[-122,405],[-142,244],[152,333],[274,325],[153,171],[264,424],[213,333],[295,478],[406,126],[742,-54],[538,27],[467,-27],[325,-63],[488,-36],[284,-18],[143,-235],[213,-396],[193,-334],[162,-279],[193,-343],[214,-396],[193,-316],[183,-333],[152,-271],[193,-333],[355,-631],[275,-460],[294,-550],[295,-505],[315,-577],[355,-613],[508,-883],[102,-181],[325,-568],[162,-270],[427,-766],[264,-460],[264,-361],[285,-342],[1015,-1163],[833,-938],[163,-189],[274,-306],[264,-289],[203,-234],[224,-262],[233,-270],[285,-325],[233,-261],[254,-298],[234,-270],[315,-415],[152,-234],[183,-343],[122,-279],[112,-307],[142,-550],[112,-477],[111,-469],[31,-162],[122,-514],[193,-857],[122,-540],[10,-46],[152,-676],[254,-1027],[61,-298],[142,-631],[254,-1073],[122,-522],[81,-334],[244,-1127],[153,-604],[264,-1136],[233,-1027],[122,-523],[122,-586],[132,-559],[81,-379],[143,-559],[172,-730],[92,-397],[112,-459],[132,-577],[111,-487],[153,-658],[254,-1082],[111,-550],[204,-793],[162,-721],[122,-541],[51,-234],[213,-875],[163,-721],[121,-541],[112,-496],[214,-901],[142,-613],[20,-72],[264,-1181],[122,-505],[31,-117],[589,-118],[284,-261],[61,-343],[356,-405],[426,-325],[346,-153],[477,-135],[416,-235],[549,-279],[437,-343],[406,-153],[447,0],[620,-81],[609,-198],[437,-253],[325,-117],[599,-63],[437,-90],[284,-235],[224,-450],[183,-217],[355,-126],[254,-126],[295,-460],[406,-369],[305,-217],[-41,-469],[82,-207],[-92,-379],[335,-432],[386,-171],[295,-82],[477,-54],[488,-135],[254,-117],[548,-298],[163,-81],[1168,-550],[345,-207],[204,-135],[304,-370],[275,-784],[172,-487],[61,-424],[285,-306],[81,-180],[-20,-713],[-244,-387],[0,-271],[10,-459],[-61,-235],[-31,-405],[61,-523],[254,-235],[315,-153],[173,-406],[-163,-441],[92,-379],[203,-234],[-71,-451],[-285,-469],[-203,-270],[-111,-388],[-11,-351],[11,-839],[-11,-442],[-223,-414],[51,-307],[20,-405],[51,-361],[294,-352],[143,-234],[335,-234],[61,-460],[20,-523],[142,-334],[224,-252],[132,-487],[20,-360],[10,-487],[-20,-271],[-234,-405],[-538,-433],[-213,-162],[-41,-406],[234,-514],[-214,-270],[-152,-343],[61,-577],[51,-288],[183,-505],[-427,-225],[-213,-262],[-92,-405],[-254,-262],[-437,-216],[-426,-316],[-173,-279],[-81,-352],[-41,-559],[-101,-279],[-173,-253],[-51,-459],[224,-514],[213,-505],[711,-1659],[843,-1974],[173,-379],[355,-838],[417,-973],[762,-1758],[995,-2308],[315,-757],[376,-839],[203,-496],[305,-712],[365,-865],[275,-613],[406,-947],[386,-919],[20,-63],[336,-731],[924,-2181],[112,-280],[548,-1289],[173,-396],[122,-298],[183,-423],[243,-577],[234,-541],[163,-388],[193,-442],[81,-306],[-234,-478],[1229,-577],[-183,-324],[-20,-379],[173,-379],[244,-595],[111,-270],[254,-586],[132,-289],[-365,-306],[-437,-180],[-559,-217],[-528,-153],[-295,-279],[-406,-208],[-51,-270],[-213,-361],[-305,-207],[-467,-397],[-345,-324],[-183,-181],[-173,-369],[-376,-180],[-203,-226],[-294,-387],[-529,-226],[-376,-324],[-416,-118],[-274,-171],[-325,-207],[-407,153],[-294,99],[-356,-9],[-376,-198],[-447,162],[-375,415],[-488,-18],[-254,-171],[-599,-388],[-528,-361],[-569,-351],[-386,-117],[-305,36],[-457,126],[-193,72],[-437,189],[-355,244],[-366,36],[-599,27],[-437,-81],[-528,-280],[-397,-189],[-832,90],[-153,-442],[-30,-405],[61,-208],[71,-369],[-31,-316],[-81,-523],[91,-541],[31,-54],[904,-2163],[102,-514],[284,-1370],[183,-740],[355,-937],[427,-1028],[437,-1009],[193,-460],[863,-2371],[81,-262],[61,-459],[-50,-271],[-437,-2163],[-61,-514],[10,-478],[41,-415],[91,-351],[274,-649],[589,-730],[336,-388],[1493,-1424],[1036,-1190],[843,-1037],[234,-505],[142,-1009],[-71,-451],[-193,-451],[-610,-784],[-619,-893],[-681,-1307],[-193,-793],[-122,-595],[41,-541],[254,-1136],[264,-1136],[569,-829],[20,-18],[711,-658],[752,-983],[244,-351],[243,-343],[295,-568],[894,-2668],[416,-739],[965,-686],[1392,-270],[437,-171],[802,-487],[559,-739],[589,-1434],[2143,-5192]],[[957996,360708],[-325,-36],[-467,-54],[-295,-99],[-375,-154],[-376,-252],[-214,-361],[-50,-234],[-163,-523],[-427,-397],[-426,-225],[-406,-180],[-417,-226],[-325,-243],[-376,-99],[-386,-181],[-294,-243],[-275,-135],[-568,-153],[-356,54],[-396,0],[-346,-63],[-416,54],[-274,54],[-488,-9],[-396,-54],[-457,-36],[-193,-27],[-488,-208],[-457,-171],[-477,-180],[-437,-190],[-345,0],[-640,-36],[-386,-207],[-569,-225],[-498,-73],[-437,-135],[-812,-297],[-518,-199],[-275,217],[-558,-18],[-437,-54],[-488,-217],[-304,-108],[-437,-270],[-427,-361],[-365,-162],[-366,72],[-518,117],[-396,126],[-376,127],[-417,-388],[-487,63],[-396,-72],[-386,-9],[-346,-117],[-183,-244],[-365,-81],[-478,0],[-558,135],[-417,100],[-477,135],[-427,108],[-599,189],[-417,36],[-1127,352],[-630,270],[-599,514],[-1128,1010],[-1777,1487],[-1453,1334],[-589,965],[-254,189],[-335,100],[-366,54],[-518,-45],[-356,18],[-355,135],[-325,126],[-518,162],[-295,81],[-355,235],[-366,378],[-335,280],[-427,180],[-518,226],[-427,333],[-233,361],[-61,261],[-325,234],[-285,118],[-386,252],[-294,135],[-386,289],[-132,234],[-244,451],[-223,333],[-407,370],[-254,298],[-467,234],[-366,189],[-264,253],[-254,315],[-142,244],[-223,513],[132,938],[-61,406],[-315,1072],[-51,217],[-61,414],[-71,649],[20,271],[82,388],[314,1235],[92,333],[173,649],[71,370],[0,279],[-153,559],[203,415],[539,721],[376,343],[335,180],[406,396],[457,532],[275,226],[467,324],[386,271],[426,297],[214,171],[-407,118],[-436,126],[-356,81],[-457,99],[-427,72],[-396,54],[-426,45],[-691,55],[-599,18],[-549,27],[-396,18],[-396,18],[-528,18],[-468,36],[-426,9],[-762,-18],[-1118,-45],[-843,-36],[-1087,-45],[-1208,-37],[-549,0],[-792,0],[-447,0],[-549,-18],[-640,-27],[-538,-9],[-1808,18],[-965,0],[-427,0],[-619,0],[-417,0],[-975,-18],[-345,-27],[-315,-9],[-671,45],[-975,64],[-416,36],[-386,18],[-559,36],[-518,36],[-1392,108],[-487,36],[-610,27],[-416,36],[-488,36],[-680,45],[-579,36],[-661,54],[-548,63],[-183,9],[-548,46],[-600,63],[-274,-27],[-538,-64],[-478,-63],[-447,-54],[-558,-72],[-1890,-252],[-721,-90],[-457,-63],[-620,-73],[-1066,-144],[-1605,-198],[-447,-63],[-539,-81],[-436,-54],[-407,-46],[-264,-36],[-457,-54],[-528,-72],[-650,-81],[-498,-63],[-386,-36],[-1371,3705],[-437,1181],[-1422,3831],[-1128,3038],[-284,748],[-1128,3056],[-721,1893],[-142,352],[-173,361],[-152,270],[-163,252],[-213,289],[-223,252],[-965,1082],[-1676,1830],[-1605,1794],[-2438,2677],[-2123,2335],[-508,550],[-1016,1109],[-955,1064],[-1229,1370],[-772,838],[-731,839],[-1575,1830],[-2336,2686],[-1310,1515],[-630,721],[-498,577],[-325,369],[-254,298],[-345,378],[-315,307],[-356,352],[-599,549],[-2123,1894],[-183,162],[-2631,2353],[-1879,1658],[-1798,1605],[-619,613],[-813,829],[-874,893],[-2102,2181],[-1565,1614],[-1279,1325],[-1616,1668],[-721,748],[-294,307],[-254,279],[-305,451],[-213,378],[-203,460],[-742,1884],[-264,631],[-640,1632],[-670,1677],[-346,865],[-355,911],[-143,396],[-101,298],[-569,1659],[-467,1406],[-457,1352],[-366,1118],[-325,973],[-356,1055],[-314,929],[-661,1974],[-71,198],[-498,1488],[-233,694],[-579,1740],[-122,378],[-1829,127],[-1797,117],[-1006,99],[-1290,99],[-396,18],[-254,27],[-732,45],[-457,36],[-1300,90],[-863,73],[-447,18],[-356,27],[-558,45],[-346,18],[-1016,72],[-365,27],[-579,36],[-589,45],[-366,45],[-579,27],[-457,36],[-650,45],[-539,36],[-1127,81],[-559,46],[-427,27],[-467,27],[-1859,153],[-335,27],[-345,18],[-711,54],[-569,36],[-985,63],[-254,18],[-915,63],[-650,54],[-640,36],[-518,37],[-243,18],[-437,36],[-1493,108],[-539,54],[-609,153],[-549,198],[-528,181],[-477,171],[-285,126],[-406,99],[-539,73],[-314,-37],[-407,-36],[-315,36],[-436,109],[-315,63],[-315,108],[-315,126],[-356,216],[-660,388],[-406,271],[-325,216],[-254,144],[-335,244],[-295,198],[-416,243],[-315,154],[-498,216],[-295,108],[-406,117],[-345,72],[-732,27],[-487,36],[-488,91],[-416,99],[-417,-325],[0,-469],[-10,-549],[-61,-397],[-81,-496],[-61,-324],[-285,-731],[-304,-802],[-173,-487],[-152,-604],[-143,-387],[-193,-280],[-518,-559],[-518,-577],[-325,343],[-1320,2091],[-305,-342],[-61,-235],[-264,-405],[-356,-433],[-558,-243],[-335,243],[-346,478],[-386,423],[-447,406],[-518,307],[-376,126],[-467,279],[-284,118],[-396,-136],[-2073,-730],[-1686,-577],[-457,-117],[-559,36],[-1127,-135],[-864,-181],[295,-414],[366,-469],[609,-829],[295,-406],[355,-451],[356,-523],[172,-198],[-61,-388],[-375,-189],[-579,-261],[-488,-190],[-355,-90],[91,-1127],[366,-1262],[721,-36],[548,0],[783,-1649],[650,-1335],[629,-117],[813,712],[1747,-2163],[539,-424],[243,-523],[31,-351],[-81,-379],[-51,-288],[0,-298],[112,-568],[172,-982],[-40,-154],[-173,-1992],[10,-1028],[31,-369],[50,-244],[82,-522],[61,-334],[-11,-325],[-71,-342],[-61,-694],[-40,-478],[10,-415],[0,-378],[20,-397],[31,-243],[152,-379],[274,-316],[173,-288],[102,-478],[-102,-451],[-61,-324],[-71,-415],[-81,-586],[-51,-396],[-71,-460],[-122,-361],[-71,-207],[-214,-451],[-121,-243],[-214,-442],[-61,-378],[31,-379],[30,-505],[-30,-415],[-51,-315],[-183,-541],[-41,-352],[183,-279],[183,-243],[254,-424],[183,-298],[213,-378],[356,-451],[294,-469],[173,-396],[315,-478],[315,-280],[244,-207],[538,-352],[-10,-117],[-1890,-703],[-985,-388],[-426,-135],[-478,-144],[-487,-117],[-346,81],[-244,207],[-193,226],[-294,252],[-356,298],[-497,405],[-620,487],[-295,234],[-325,226],[-244,144],[-325,198],[-396,118],[-447,-280],[-233,-306],[-132,-217],[-234,-351],[-223,-424],[-204,-478],[-274,-631],[-122,-279],[-183,-442],[-152,-514],[-41,-270],[-50,-424],[-51,-451],[-112,-541],[-183,-441],[-304,-469],[-3637,1929],[-2093,938],[-253,108],[-813,333],[-356,217],[-477,450],[-477,388],[-275,243],[-457,181],[-548,207],[-579,207],[-275,127],[-314,216],[-356,261],[-244,316],[-305,406],[-670,973],[-335,-198],[-1118,-730],[-335,-118],[-335,451],[-91,766],[-295,550],[-10,0],[-1646,-333],[-508,1532],[-477,-153],[-437,-63],[-396,-144],[-396,-90],[-945,-181],[-995,-198],[-1209,-289],[-457,-117],[-356,-99],[-315,-99],[-700,-216],[-488,-163],[-264,-126],[-508,-261],[-345,-181],[-610,-126],[-335,-180],[-345,-262],[-458,18],[-589,-63],[-274,-270],[-203,-316],[-224,-396],[-71,-352],[-61,-496],[-375,-423],[-254,-208],[-244,-360],[-539,-595],[-152,-45],[-508,54],[-132,-235],[-366,-153],[-467,18],[-284,-198],[-427,-388],[-101,-351],[-468,-100],[-223,-243],[-325,-974],[-335,-405],[-590,-99],[-477,-199],[-345,-81],[-447,-351],[-325,-424],[-325,-397],[182,-252],[-264,-352],[-355,-234],[-51,-280],[-356,-243],[-304,-279],[-356,-54],[-345,9],[-386,-64],[-559,-81],[-305,-270],[-284,-379],[-254,-342],[-437,-99],[-365,-100],[-508,-279],[-234,-90],[-386,-117],[-203,-172],[-71,-469],[152,-342],[-203,-271],[-1422,-504],[-376,-118],[-355,-45],[-640,54],[-498,-108],[-386,-225],[-366,-126],[-193,532],[163,423],[-234,217],[-305,108],[-548,72],[-417,45],[-284,-135],[-457,-433],[-589,-162],[-396,9],[-833,243],[-264,153],[-833,541],[-417,253],[-335,117],[-386,388],[-10,333],[71,361],[183,432],[193,388],[142,216],[853,974],[173,433],[-386,270],[-356,-36],[-558,171],[-285,541],[-447,406],[-162,352],[-10,360],[-183,442],[-244,216],[-589,172],[-396,27],[-336,252],[-345,856],[-152,217],[-539,459],[-497,-189],[-874,-919],[-416,-109],[-305,136],[-1036,703],[-325,162],[-701,135],[-315,45],[-305,298],[-183,306],[-355,64],[-3281,865],[-732,-1442],[-497,-1235],[-457,-1326],[-498,-1803],[-254,-703],[-417,-676],[-589,-469],[-955,-288],[-1615,-550],[-1076,-577],[-650,-586],[-529,-649],[-315,-640],[31,-685],[264,-829],[538,-1181],[661,-1632],[396,-1244],[20,-1352],[-183,-1271],[-386,-1028],[-701,-1298],[-904,-1289],[-1249,-1380],[-1422,-1785],[-528,-622],[-1656,-1667],[-935,-992],[-315,-559],[-243,-469],[0,-441],[-82,-532],[275,-568],[264,-352],[244,-216],[812,-388],[1087,-550],[203,-108],[721,-478],[132,-234],[265,-451],[71,-441],[-143,-442],[-101,-289],[-518,-757],[-549,-820],[-426,-784],[-214,-442],[-50,-622],[20,-514],[122,-415],[609,-766],[10,0],[600,-514],[345,-685],[234,-577],[10,-577],[-81,-640],[-397,-901],[-314,-803],[-92,-306],[61,-424],[224,-198],[416,-135],[945,-9],[386,-73],[335,-180],[122,-261],[152,-334],[41,-424],[51,-640],[-112,-838],[-315,-1109],[-51,-1208],[-274,-1298],[-112,-1172],[-20,-829],[-213,-514],[-275,-505],[-162,-766],[-81,-1686],[-244,-1379],[-305,-766],[-416,-839],[-508,-919],[-376,-721],[-356,-595],[-376,-514],[-294,-289],[-386,-153],[-3271,-910],[-1483,-253],[-1900,-333],[-3016,-541],[-630,-99],[-427,-217],[-1432,-1109],[-295,-279],[-254,-442],[-274,-460],[-477,-531],[-742,-514],[-315,-235],[-487,-27],[-305,118],[-406,162],[-711,198],[-508,90],[-305,45],[-1514,109],[-1066,324],[-1239,478],[-1158,694],[-600,487],[-447,505],[-193,559],[-274,486],[-274,172],[-559,198],[-396,18],[-366,-153],[-802,-343],[-376,-279],[-234,-478],[-30,-298],[51,-324],[183,-352],[365,-378],[610,-370],[782,-496],[1392,-478],[1137,-531],[935,-722],[294,-351],[21,-478],[-153,-216],[-1513,-640],[-569,-262],[-152,-351],[-163,-523],[-244,-325],[-782,-559],[-1270,-793],[-426,-352],[-437,-414],[-1138,-1713],[-1148,-992],[-731,-892],[-1432,-1695],[-244,-351],[-61,-406],[1209,-875],[-102,-504],[-447,-163],[-650,-324],[-416,-171],[-498,-91],[-345,-90],[-224,-333],[-81,-649],[-112,-361],[-294,-216],[-366,-136],[-569,217],[-325,424],[-315,108],[-355,0],[-762,-163],[-650,-558],[-82,-541],[143,-298],[954,-1226],[559,-1100],[112,-622],[20,-387],[-193,-325],[-599,-81],[-843,108],[-1179,433],[-507,99],[-326,-9],[-711,-153],[-772,-117],[-690,-18],[-447,72],[-346,153],[-375,379],[-234,351],[-71,370],[0,378],[-599,208],[-437,225],[-305,153],[-599,-54],[-549,-252]],[[522905,468020],[1057,1009],[1259,785],[1290,892],[386,370],[265,441],[101,541],[163,370],[274,261],[1615,622],[396,217],[488,261],[345,307],[285,243],[639,739],[346,424],[213,460],[183,640],[41,351],[40,298],[132,378],[325,343],[407,297],[883,496],[447,208],[925,126],[345,99],[224,279],[365,613],[82,82],[812,874],[518,613],[386,694],[264,568],[41,225],[223,334],[173,126],[1636,1055],[995,559],[427,414],[467,388],[213,253],[173,351],[162,388],[244,577],[305,486],[213,361],[478,532],[467,415],[640,369],[711,334],[548,207],[772,225],[437,397],[244,514],[396,388],[528,360],[376,415],[8238,5237],[1605,1055],[1026,676],[2936,1911],[183,217],[294,225],[274,262],[244,171],[112,415],[345,324],[285,144],[335,172],[548,207],[244,306],[193,280],[-172,460],[-143,369],[-132,262],[-81,315],[-91,370],[-92,550],[-213,243],[-213,424],[-82,396],[-172,334],[-224,207],[-305,190],[-335,198],[-426,18],[-519,306],[-314,217],[-295,99],[-447,45],[-254,72],[-315,280],[-142,279],[-183,352],[-152,135],[-508,288],[-81,550],[-122,262],[-112,306],[-132,271],[-163,279],[-304,307],[-305,252],[-427,352],[-528,324],[-284,235],[-386,81],[-407,-18],[-548,-18],[-417,18],[-386,90],[-365,288],[-41,244],[-122,405],[-406,307],[-356,162],[-315,117],[-477,226],[-315,216],[-284,225],[-203,190],[-508,532],[-183,432],[122,316],[294,387],[264,235],[41,514],[-112,288],[10,433],[163,414],[-234,451],[112,262],[285,252],[335,135],[355,108],[417,73],[406,90],[417,261],[304,144],[437,334],[772,1316],[396,1406],[437,595],[660,695],[335,225],[976,640],[660,153],[1138,54],[477,18],[1849,325],[386,297],[183,505],[1158,1614],[355,469],[3271,3642],[762,784],[508,1027],[731,1596],[904,1226],[356,496],[274,712],[61,658],[-285,875],[-792,1018],[-701,1082],[-20,27],[-1148,2092],[-802,2794],[-275,613],[-1087,1839],[-122,496],[-40,532],[-153,423],[-365,668],[-1107,1009],[-610,397],[-569,297],[-792,235],[-254,18],[-630,153],[-609,207],[-467,109],[-468,-82],[-447,-117],[-386,18],[-650,63],[-741,45],[-539,-18],[-629,-36],[-193,-72],[-590,-306],[-436,-199],[-498,-90],[-579,-9],[-782,117],[-904,334],[-579,397],[-122,180],[-61,2632],[0,712],[-10,181],[172,1063],[21,91],[975,1406],[284,496],[122,198],[61,811],[-305,857],[-315,459],[-873,857],[-488,631],[-233,901],[-193,1533],[213,1704],[30,514],[11,369],[0,451],[-41,243],[-71,803],[-193,396],[-203,298],[-1006,1262],[-2712,2046],[-193,162],[-640,406],[-2346,1506],[-1605,1135],[-1555,1028]],[[541890,580650],[-223,442],[30,333],[102,244],[589,631],[1026,910],[254,226],[203,261],[396,406],[71,162],[41,415],[10,171],[-10,424],[-406,1081],[-528,956],[-732,757],[-863,812],[-346,423],[-142,361],[-132,369],[-101,352],[-31,505],[10,505],[122,496],[285,414],[812,1217],[112,208],[173,468],[20,226],[-122,703],[-61,460],[-305,676],[-142,270],[-884,2128],[-497,1406],[-61,370],[20,234],[51,487],[325,405],[894,487],[233,171],[458,343],[223,198],[315,487],[477,658],[1229,748],[620,451],[274,298],[478,486],[772,604],[3250,1632],[478,63],[335,117],[416,109],[264,18],[529,-226],[487,-135],[-81,325],[274,288],[396,72],[529,36],[325,9],[497,280],[254,252],[468,325],[528,162],[315,306],[10,478],[-234,289],[-305,216],[-172,279],[40,541],[224,235],[142,405],[-132,217],[-81,387],[81,352],[122,297],[-81,370],[-132,261],[152,334],[244,261],[81,379],[518,135],[285,63],[386,54],[609,37],[488,27],[528,171],[244,514],[406,198],[406,9],[132,325],[51,297],[396,252],[417,424],[50,235],[-101,450],[152,550],[630,235],[579,180],[1442,505],[651,342],[741,568],[528,487],[183,198]],[[565873,621685],[772,-1875],[569,-1009],[559,-505],[883,-541],[965,-307],[1026,-108],[874,-171],[508,-252],[924,-731],[599,-568],[305,-486],[183,-640],[0,-478],[-122,-631],[-10,-559],[61,-226],[355,-703],[610,-676],[112,-99],[822,-568],[2266,-1298],[2925,-1370],[945,-433],[2712,-1929],[345,-126],[640,-91],[1991,181],[1148,117],[935,-63],[457,-36],[406,-27],[427,189],[548,595],[1016,1478],[366,550],[1401,1172],[782,1046],[1291,1713],[3057,3813],[1696,983],[590,694],[650,856],[-224,280],[-162,216],[254,478],[345,90],[406,-117],[366,-280],[620,99],[142,496],[-10,379],[101,297],[376,145],[508,-45],[416,27],[346,351],[2082,893],[1940,667],[1849,306],[2113,181],[894,54],[782,-54],[396,-109],[335,-144],[254,-198],[589,-730],[915,-1362],[1137,-2289],[1128,-1641],[548,-640],[386,-442],[1321,-1352],[833,-703],[985,-460],[1564,-469],[2174,-496],[1280,-288],[701,-108],[985,-153],[1554,-145],[447,9],[1097,63],[711,64],[569,0],[681,-73],[731,-189],[417,-117],[436,-225],[254,-208],[336,-451],[152,-90],[945,-414],[487,-244],[356,-351],[437,-424],[71,-388],[-31,-351],[366,-343],[569,-288],[304,-154],[630,-198],[356,-108],[640,-27],[325,207],[416,217],[407,-127],[253,-207],[539,63],[325,739],[294,911],[346,721],[315,298],[315,234],[640,352],[477,90],[264,-109],[599,9],[265,199],[264,135],[436,261],[122,316],[112,433],[203,207],[335,135],[376,108],[295,136],[264,261],[447,216],[396,-243],[366,-99],[345,261],[122,181],[488,162],[548,54],[224,243],[121,433],[498,261],[335,154],[305,9],[356,27],[294,442],[122,306],[-162,343],[223,522],[264,388],[-30,541],[304,324],[-477,316],[518,316],[437,378],[335,343],[264,369],[-294,406],[325,514],[243,478],[132,288],[295,216],[224,181],[253,270],[458,153],[71,352],[-203,343],[10,441],[284,217],[467,144],[244,415],[-71,495],[295,280],[284,171],[315,54],[244,370],[172,460],[72,414],[325,370],[61,261],[304,262],[417,198],[457,-81],[437,36],[162,514],[132,198],[274,307],[325,414],[183,316],[10,270],[72,307],[294,378],[234,352],[162,261],[-30,361],[61,541],[142,306],[264,442],[234,144],[315,307],[101,451],[142,396],[234,180],[325,244],[386,189],[61,550],[91,207],[437,235],[82,315],[20,451],[284,388],[264,297],[264,397],[559,81],[285,288],[182,280],[132,406],[214,171],[162,315],[71,388],[183,298],[-10,387],[51,568],[477,-18],[488,279],[376,10],[264,-334],[71,-388],[203,-468],[-41,-361],[61,-352],[-30,-441],[-41,-352],[92,-234],[162,-514],[386,-325],[376,-306],[-467,-613],[-163,-442],[112,-243],[224,-280],[132,-378],[172,-145],[508,-144],[10,-406],[163,-477],[-122,-117],[508,-406],[213,-289],[-193,-297],[-81,-253],[335,-360],[-30,-415],[-31,-405],[163,-343],[10,-325],[-61,-414],[284,-190],[407,73],[467,207],[335,-388],[152,-297],[-304,-352],[-275,-396],[285,-433],[284,-307],[203,-225],[173,-252],[315,-136],[477,-36],[447,-234],[173,-289],[102,-486],[152,-487],[386,-442],[234,-180],[497,0],[193,-198],[336,-163],[386,-243],[223,-226],[163,-342],[243,-216],[397,-208],[396,-243],[355,-18],[315,162],[224,180],[264,289],[376,0],[386,-99],[264,-244],[254,-333],[253,-226],[579,-81],[610,144],[193,-504],[-41,-235],[356,-297],[20,-235],[-142,-378],[355,-379],[437,-406],[498,9],[467,-189],[396,-243],[427,-361],[610,90],[396,-360],[325,-226],[304,-324],[153,-523],[315,-261],[528,-190],[396,190],[488,243],[396,-54],[325,-81],[294,-135],[529,-280],[650,-424],[396,-144],[630,-126],[355,0],[407,27],[507,-9],[386,-72],[386,-343],[204,-505],[203,-324],[558,-262],[295,-342],[-71,-838],[-51,-235],[-10,-406],[61,-234],[315,-379],[284,-234],[579,-207],[1189,-126],[1980,-55],[1524,-162],[549,298],[477,288],[447,45],[305,9],[406,18],[274,-27],[600,-99],[487,9],[366,18],[894,135],[467,9],[975,27],[163,9],[1330,253],[518,288],[133,280],[264,369],[487,325],[407,234],[264,469],[589,784],[305,370],[314,270],[386,253],[204,306],[355,190],[244,324],[416,244],[356,234],[132,225],[-10,361],[-234,270],[183,352],[274,261],[-91,397],[244,478],[406,469],[427,414],[314,199],[498,333],[132,334],[-10,522],[-41,424],[82,280],[172,288],[407,81],[416,244],[559,-54],[447,99],[630,-18],[477,-27],[254,459],[437,181],[548,-226],[447,199],[600,63],[132,-235],[396,-234],[345,54],[284,117],[458,361],[457,397],[386,288],[335,-36],[355,-280],[691,-721],[488,-333],[426,-415],[640,117],[457,54],[498,163],[254,108],[315,171],[579,207],[305,-27],[477,-162],[457,-189],[275,-117],[965,-397],[487,-207],[549,-136],[568,-36],[143,-9],[772,-45],[1757,-117],[1402,-81],[1117,45],[498,0],[660,-36],[498,-81],[833,-153],[701,-109],[548,-81],[366,-27],[294,-63],[488,-180],[467,-262],[214,-252],[121,-334],[295,-883],[41,-108],[467,-1001],[396,-415],[345,-207],[579,-171],[1118,-496],[1229,-658],[640,-180],[1838,-100],[285,-27],[701,-72],[447,-126],[335,-144],[1036,-748],[681,-929],[487,-631],[234,-180],[518,-90],[355,45],[488,0],[518,-108],[406,-73],[620,9],[569,-54],[376,-207],[304,-126],[366,-117],[477,0],[539,108],[630,162],[447,207],[284,316],[549,243],[538,-135],[498,-198],[568,90],[478,225],[325,199],[132,450],[20,424],[1280,189],[478,-333],[436,-180],[518,-64],[366,0],[579,-54],[498,-333],[284,-307],[488,-333],[366,-90],[304,-18],[457,0],[1636,0],[437,81],[243,270],[21,262],[304,432],[397,163],[477,378],[335,352],[589,0],[569,117],[406,117],[427,-261],[396,-99],[478,216],[487,-189],[539,-127],[294,-225],[325,-207],[437,144],[305,108],[558,-252],[386,-217],[326,0],[406,-270],[264,-81],[548,9],[376,-145],[478,-162],[264,208],[579,-100],[386,-153],[416,-261],[224,-379],[101,-234],[112,-469],[152,-289],[305,-126],[396,-207],[478,-117],[325,81],[477,27],[-152,-541],[284,-424],[376,-423],[335,-289],[122,-207],[295,-289],[447,54],[315,-180],[396,-198],[305,-280],[-31,-532],[396,-270],[630,-99],[91,-451],[-518,-297],[112,-487],[325,-54],[478,-226],[345,45],[589,-207],[792,1001],[590,667],[304,378],[335,677],[254,414],[265,352],[335,397],[294,288],[478,225],[690,208],[905,306],[274,99],[416,208],[224,315],[254,442],[1198,2136],[579,1163],[143,280],[111,442],[-172,405],[-244,388],[-1026,1641],[-81,306],[142,325],[1310,748],[142,72],[3749,1920],[538,225],[721,253],[376,198],[437,352],[518,586],[183,216],[426,334],[325,171],[569,162],[407,36],[355,-9],[396,-72],[539,-144],[507,-135],[610,-91],[376,55],[406,108],[386,207],[244,234],[234,379],[0,559],[375,-45],[71,-451],[254,-315],[356,27],[427,45],[345,135],[132,442],[0,378],[162,208],[265,234],[264,144],[325,163],[467,243],[416,306],[366,-45],[295,136],[274,189],[498,189],[345,-324],[569,126],[416,306],[610,-18],[498,-162],[629,415],[244,162],[21,451],[507,252],[498,135],[264,109],[295,333],[355,-9],[376,-18],[457,153],[498,253],[325,270],[-132,532],[-234,280],[122,315],[-244,496],[-91,324],[335,208],[539,252],[365,90],[295,-63],[366,-45],[406,-63],[244,279],[30,343],[163,460],[243,99],[407,117],[-142,424],[71,369],[487,208],[417,-352],[457,-261],[264,-36],[457,-45],[274,171],[539,9],[223,-424],[508,-171],[376,108],[213,379],[234,396],[386,298],[426,144],[579,162],[498,-144],[417,36],[457,181],[193,396],[122,162],[203,505],[-478,352],[173,460],[518,-172],[254,-207],[345,-388],[468,-27],[680,-81],[630,-81],[203,-45],[407,-198],[589,-235],[487,54],[488,-270],[366,-63],[213,324],[467,118],[427,153],[-10,297],[436,253],[275,-18],[497,-54],[356,387],[-71,388],[213,324],[335,253],[498,54],[295,180],[589,-144],[437,45],[243,27],[498,36],[528,216],[295,253],[376,433],[223,360],[417,325],[304,-208],[325,-324],[590,-190],[507,298],[133,424],[457,171],[274,198],[528,-81],[579,0],[-101,496],[-153,324],[366,271],[467,-36],[295,108],[254,270],[-21,280],[163,496],[457,45],[335,-63],[386,369],[386,235],[366,-181],[487,-153],[295,-234],[518,117],[284,433],[-30,441],[559,280],[386,225],[416,307],[406,-144],[386,162],[346,-126],[477,-244],[528,90],[285,-288],[345,126],[467,90],[285,199],[457,-9],[305,-253],[416,108],[427,379],[203,216],[325,199],[406,-55],[539,253],[355,252],[214,298],[-183,396],[558,100],[630,-73],[285,280],[426,243],[285,208],[254,441],[325,154],[223,378],[-101,262],[325,342],[335,-27],[244,379],[-82,333],[-10,271],[346,351],[142,280],[-31,333],[-172,388],[304,261],[559,109],[173,270],[30,280],[-101,441],[345,190],[274,72],[346,144],[304,135],[325,153],[234,199],[-183,396],[-152,496],[355,199],[224,198],[172,342],[112,640],[102,280],[162,288],[203,298],[305,306],[579,235],[518,81],[488,126],[569,135],[294,208],[214,315],[518,0],[396,9],[274,-90],[335,-343],[417,-216],[264,334],[162,450],[173,262],[335,442],[163,405],[447,235],[447,0],[497,-289],[234,-261],[335,-253],[447,-171],[335,0],[285,316],[10,441],[173,226],[254,396],[71,424],[132,361],[508,18],[497,0],[234,171],[406,198],[386,280],[417,270],[386,81],[142,379],[447,126],[335,-352],[447,-108],[457,388]],[[89765,23754],[-437,-99],[-457,-36],[-386,-45],[-376,-36],[-477,-253],[-224,-198],[-528,-703],[-711,-658],[-731,-424],[-427,-244],[-254,-252],[-1107,604],[-1829,1307],[-1442,1172],[-640,577],[-782,775],[-762,758],[-711,559],[-132,288],[-20,433],[30,315],[102,271],[599,649],[518,757],[274,992],[122,405],[295,298],[579,414],[1473,983],[71,45],[538,415],[437,90],[386,-180],[366,-190],[396,-45],[274,144],[345,307],[366,297],[285,199],[416,189],[406,424],[-101,532],[-244,306],[-508,298],[-345,216],[-366,307],[-264,252],[-224,252],[-396,433],[-365,261],[-275,217],[-345,297],[-345,325],[-173,180],[-285,352],[-233,369],[-183,289],[-142,234],[-203,370],[-173,505],[-193,540],[-203,370],[-640,1163],[-183,352],[-223,432],[-336,613],[-345,622],[-234,487],[-152,469],[-61,360],[-71,496],[-102,424],[-162,135],[-478,190],[-254,279],[-91,415],[-41,270],[-10,559],[-416,352],[-417,9],[-426,-45],[-315,-109],[-721,-423],[-549,-316],[-284,-126],[-864,-252],[-944,-235],[-1453,-315],[-610,27],[-487,360],[-224,379],[-507,117],[-783,-18],[-416,-18],[-508,-18],[-284,45],[-478,90],[-355,171],[-275,352],[-233,180],[-386,298],[-274,135],[-498,198],[-539,235],[-335,180],[-498,234],[-365,118],[-559,81],[-427,-18],[-274,-27],[-477,54],[-478,225],[-243,135],[-427,217],[-376,153],[-569,207],[-579,163],[-396,135],[-447,-45],[-223,-135],[-376,-235],[-396,162],[-224,298],[0,415],[51,378],[10,397],[-81,387],[-51,451],[10,442],[0,514],[-101,342],[-285,253],[-609,117],[-295,9],[-416,90],[-346,126],[-416,190],[-386,153],[-538,63],[-376,-9],[-295,-9],[-376,-18],[-426,0],[-315,54],[-325,72],[-386,216],[-183,208],[-213,469],[50,306],[122,307],[163,423],[112,271],[71,315],[61,271],[71,423],[-21,451],[-365,469],[-346,469],[-172,243],[-183,361],[-173,550],[-234,342],[-670,-27],[-457,-54],[-427,-36],[-436,9],[-458,180],[265,667],[182,559],[41,388],[-41,315],[-152,352],[-234,171],[-467,162],[-233,244],[-21,442],[244,306],[-61,379],[-406,126],[-468,279],[-304,370],[-386,-54],[-264,-9],[-579,27],[-843,63],[-803,54],[-488,81],[-457,117],[-497,82],[-193,18],[-620,18],[-752,0],[498,162],[518,171],[650,334],[610,351],[518,334],[294,351],[132,379],[51,234],[163,334],[376,352],[314,243],[397,451],[406,405],[366,253],[386,36],[568,-244],[458,-234],[386,-162],[507,-208],[356,-153],[447,-279],[579,-190],[457,-90],[488,-90],[558,-144],[224,-117],[254,-298],[152,-252],[-61,-442],[132,-487],[142,-270],[508,-171],[295,45],[305,306],[365,370],[274,144],[519,54],[314,0],[447,-117],[376,-135],[589,-163],[427,-63],[386,-9],[315,54],[416,190],[356,261],[335,424],[102,270],[20,379],[-41,333],[-101,496],[-61,433],[-51,361],[-61,360],[-91,514],[-61,252],[-112,361],[-112,243],[-751,776],[-315,333],[-183,253],[-71,360],[-10,577],[61,379],[71,216],[243,388],[204,162],[355,225],[285,109],[396,99],[254,54],[538,126],[599,153],[457,172],[305,144],[376,288],[183,244],[91,477],[-101,253],[-244,396],[-295,370],[-193,253],[-132,558],[-10,361],[71,487],[81,261],[193,469],[285,496],[447,306],[345,163],[549,162],[315,-9],[477,-90],[549,-208],[335,-135],[294,-126],[478,-126],[548,-54],[386,9],[610,9],[284,45],[376,117],[366,216],[376,226],[213,162],[366,297],[172,280],[61,397],[-51,531],[-213,505],[-244,253],[-386,180],[-203,171],[-193,875],[-122,378],[-142,334],[-122,297],[-91,460],[50,234],[275,343],[294,243],[346,199],[508,189],[203,162],[335,199],[488,27],[375,-54],[346,-9],[335,63],[335,243],[538,577],[112,171],[285,406],[294,388],[-122,324],[-152,388],[-325,820],[-132,496],[-264,1271],[-386,1136],[-163,279],[-487,848],[-163,243],[-325,514],[-752,730],[-599,550],[-914,541],[-1250,604],[-1604,478],[-2052,423],[-1392,370],[-1483,550],[-1381,550],[-417,234],[-995,550],[-478,298],[41,342],[294,505],[264,361],[366,90],[579,117],[234,279],[10,469],[30,379],[244,423],[305,0],[477,27],[285,64],[467,90],[884,126],[274,-36],[366,-217],[447,235],[30,270],[0,397],[-30,352],[-407,153],[-315,108],[-325,99],[-345,126],[-325,72],[-366,9],[-508,136],[-254,243],[-40,514],[-315,370],[-396,171],[-41,261],[-437,235],[-538,-36],[-386,-136],[-416,-153],[-407,-189],[-599,460],[-102,549],[-30,406],[691,577],[568,135],[772,253],[397,279],[274,36],[650,63],[447,63],[101,370],[-314,261],[-275,298],[-345,478],[-244,405],[-203,343],[-193,288],[-264,415],[-193,505],[10,397],[31,405],[152,424],[223,478],[21,351],[-61,280],[-102,423],[-51,289],[-50,550],[30,424],[61,306],[173,343],[81,423],[-274,307],[-336,360],[-446,397],[-458,225],[-436,316],[-427,333],[-183,316],[92,352],[396,351],[132,334],[0,252],[-254,280],[-437,261],[-223,514],[-325,333],[-285,81],[-467,136],[-254,414],[-203,388],[-71,334],[71,243],[294,496],[224,270],[508,153],[335,-9],[427,109],[528,180],[304,388],[-223,315],[-244,271],[-142,306],[-183,288],[-284,397],[-92,334],[234,450],[264,262],[274,306],[143,469],[-366,144],[-224,145],[-284,270],[-386,243],[-406,91],[-437,288],[-406,415],[-234,387],[-31,235],[51,450],[-91,379],[-264,361],[-650,505],[182,351],[407,253],[497,315],[620,-9],[417,-54],[345,45],[396,54],[396,90],[772,541],[376,307],[457,333],[335,298],[904,901],[1148,1181],[996,884],[447,387],[1026,974],[701,703],[81,81],[4134,4165],[-3484,1118],[-559,180],[-711,261],[-670,280],[-1138,550],[-20,9],[-1432,757],[-742,406],[-1910,1099],[-1635,1019],[-1280,821],[-2611,928],[-934,334],[-1442,522],[-143,55],[153,234],[233,379],[254,405],[-304,442],[-183,288],[-193,469],[-214,442],[-162,460],[-132,324],[-163,370],[132,3191],[112,586],[10,469],[92,351],[132,658],[213,1145],[244,1163],[-51,2605],[1808,2245],[-447,478],[-457,415],[-325,279],[-244,207],[-315,235],[-436,225],[-437,189],[-569,172],[-437,9],[-264,0],[-396,72],[-457,396],[-244,253],[-417,397],[-243,225],[-417,306],[-213,244],[-193,342],[-254,343],[-356,415],[-304,586],[-366,234],[-244,460],[51,261],[122,523],[20,316],[10,333],[61,469],[71,306],[132,487],[92,361],[142,387],[81,298],[92,487],[81,234],[163,415],[71,234],[0,676],[-21,307],[-30,324],[-92,442],[-121,352],[-92,297],[-40,523],[-21,351],[-30,289],[-153,415],[-274,495],[-173,271],[-325,342],[-345,226],[-315,126],[-376,99],[-304,27],[-579,-90],[-468,-81],[-345,-81],[-386,-108],[-437,-118],[-254,-27],[-355,54],[-508,100],[-1168,18],[-508,9],[-427,0],[-609,-18],[-468,-9],[-497,-9],[-285,36],[-426,45],[-417,-36],[-518,9],[-589,108],[-356,198],[-274,153],[-498,181],[-416,423],[-173,397],[-101,316],[-132,468],[-72,307],[-71,378],[-122,812],[-40,315],[-20,406],[10,270],[81,316],[274,352],[142,315],[204,577],[40,460],[10,279],[1026,72],[41,568],[-163,712],[-121,280],[-874,1740],[477,243],[407,253],[447,180],[132,135],[193,388],[162,532],[234,414],[203,262],[183,351],[223,478],[285,631],[315,667],[122,289],[416,153],[427,9],[680,-18],[112,388],[-640,27],[-579,54],[-447,45],[-325,18],[-366,-27],[-497,18],[-254,81],[-376,216],[-315,244],[-345,261],[-519,189],[-436,9],[-417,-63],[-254,-108],[-386,-225],[-193,-208],[-233,-225],[-315,-189],[-528,-163],[-325,-9],[-590,145],[-386,171],[-243,108],[-437,171],[-437,145],[-305,63],[-396,-18],[-396,0],[-274,9],[-396,36],[-427,63],[-538,99],[-234,99],[-234,956],[275,90],[609,162],[660,1064],[163,433],[-10,387],[-71,208],[-193,351],[-519,244],[-396,36],[-528,-18],[-1036,-451],[-396,442],[-650,766],[-447,802],[-518,586],[-437,-261],[-356,-136],[-284,-36],[-386,-9],[-254,-396],[-427,-108],[-406,-36],[-447,-325],[-457,-252],[-396,-136],[-457,-108],[-234,-36],[-406,-81],[-2448,2957],[-396,631],[-285,487],[-162,270],[-41,280],[274,387],[82,361],[0,234],[-11,424],[21,279],[-427,541],[-162,226],[142,45],[487,135],[458,270],[365,190],[356,162],[-874,1974],[-945,1848],[-71,253],[-111,1379],[-71,288],[-315,496],[-417,271],[-569,378],[-223,171],[-203,289],[-163,496],[-132,469],[386,1081],[102,343],[81,396],[-31,469],[-40,298],[-71,541],[-92,432],[-101,253],[-224,387],[-203,208],[-416,207],[-610,117],[-325,-9],[-487,-54],[-427,361],[-31,541],[31,441],[162,316],[-91,550],[-152,315],[203,262],[122,270],[122,361],[132,450],[203,343],[91,280],[0,432],[-51,370],[-30,568],[-81,532],[-173,405],[10,253],[51,477],[-538,190],[-183,342],[122,397],[132,288],[111,352],[61,280],[407,126],[203,477],[0,262],[-51,406],[10,342],[71,325],[-50,541],[-122,414],[-51,343],[-61,667],[-20,360],[20,514],[30,794],[-20,351],[-122,388],[-589,1280]],[[2062,248438],[3921,1605],[2255,1415],[345,225],[447,262],[569,297],[620,370],[437,306],[568,379],[488,306],[1635,776],[874,-1362],[315,154],[609,297],[386,162],[478,-847],[223,-72],[427,-36],[2021,-162],[1869,-235],[1697,-261],[1625,-289],[1117,-261],[1240,-370],[365,-126],[254,-99],[1707,-730],[508,-190],[477,-63],[1666,-81],[1046,9],[315,-36],[335,-171],[569,-541],[274,-153],[315,-117],[711,-280],[1209,-685],[1849,-1307],[3443,-3164],[935,-803],[223,-225],[193,-252],[285,-370],[264,-135],[396,-226],[396,-207],[376,-90],[467,126],[437,424],[701,1316],[264,306],[457,343],[234,180],[416,-595],[173,-207],[325,-280],[396,-216],[285,-108],[365,-108],[417,-99],[386,-36],[457,-18],[335,-37],[457,-189],[224,-153],[355,-298],[366,-315],[355,-243],[417,-154],[640,-216],[254,-108],[436,-226],[417,-225],[1138,-631],[233,-108],[843,-325],[762,-288],[1412,2199],[437,334],[559,153],[650,27],[609,45],[376,63],[589,199],[488,171],[335,90],[447,9],[315,-18],[345,-18],[599,72],[336,108],[528,154],[416,72],[3139,712],[1757,342],[529,82],[264,18],[1209,126],[284,360],[-224,280],[-152,379],[-132,306],[-173,343],[-132,522],[-81,280],[-81,433],[20,405],[31,298],[-11,387],[153,262],[152,297],[183,442],[142,207],[305,280],[477,297],[325,127],[569,225],[356,-45],[619,81],[315,81],[579,-99],[295,-180],[366,-298],[700,-63],[488,307],[609,270],[569,270],[793,343],[863,334],[1189,342],[985,244],[1818,387],[1869,442],[3464,703],[1280,243],[3819,613],[823,109],[945,54],[4215,-496],[19422,1514],[91,9],[843,54],[275,118],[274,324],[985,1848],[234,181],[782,-10],[224,46],[2407,1370],[18569,7383]],[[203411,537163],[985,-604],[894,-875],[1239,-1072],[1829,-1064],[1158,-487],[843,-351],[1137,-208],[437,-198],[975,-171],[1595,-127],[437,0],[2103,-649],[2336,-1054],[386,-343],[416,-433],[244,-351],[142,-316],[325,-252],[326,-171],[182,-190],[122,-405],[153,-235],[223,-306],[254,-334],[366,-478],[426,-477],[244,-271],[213,-306],[214,-289],[284,-261],[366,-289],[244,-252],[386,-397],[182,-315],[31,-469],[20,-451],[51,-315],[163,-343],[71,-279],[223,-559],[213,-352],[143,-216],[233,-487],[61,-352],[102,-495],[81,-370],[41,-297],[-21,-523],[-20,-839],[31,-423],[40,-361],[244,-1127],[51,-613],[30,-369],[51,-316],[-152,-1632],[152,-2352],[71,-974],[234,-965],[416,-892],[620,-1208],[924,-1776],[508,-802],[569,-433],[2824,-883],[-51,-866],[345,-1208],[234,-442],[234,-730],[-51,-351],[-467,-424],[-224,-325],[-325,-423],[-284,-938],[-559,-2975],[-762,-5436],[-122,-883],[-2559,505],[-143,-406],[-203,-469],[-325,-351],[-487,99],[-326,54],[-314,-234],[-122,-460],[-366,-415],[-427,-81],[-345,-9],[-386,-36],[-447,-171],[-538,-72],[-396,-45],[-539,-163],[-305,-405],[-1259,387],[-3139,1136],[-376,-162],[-569,-126],[-447,-136],[-579,-45],[-507,145],[-579,54],[-579,90],[-325,-18],[-397,-244],[-315,-225],[-121,-379],[-295,-441],[-457,-316],[-345,-18],[-366,-279],[-1260,-90],[41,-785],[132,-1136],[61,-495],[112,-334],[254,-433],[345,-333],[467,-532],[335,-54],[366,-54],[457,-117],[356,-109],[233,-126],[254,-478],[-243,-324],[294,-640],[81,-235],[264,-703],[41,-162],[274,-1469],[71,-370],[-162,-893],[-417,-1857],[-6328,-12269],[-3149,-7464],[-71,-1857],[-142,-1794],[51,-1127],[254,-928],[711,-929],[1198,-1280],[1260,-1100],[945,-315],[1269,18],[2255,324],[2255,803],[4317,1127],[498,117]],[[2062,248438],[-467,-388],[-1016,2299],[-274,775],[-163,523],[-81,379],[-61,595],[71,270],[142,307],[447,811],[569,856],[102,370],[81,27],[3240,1136],[2479,929],[2377,991],[1727,721],[3565,1434],[5465,1884],[152,54],[3677,1091],[1920,631],[1097,504],[335,154],[905,559],[264,198],[487,415],[407,459],[152,298],[91,2064],[295,1911],[91,568],[41,523],[152,1938],[539,2759],[599,2425],[244,640],[81,613],[41,1541],[-102,1001],[-244,2037],[-61,451],[-40,207],[0,406],[-31,262],[-40,441],[-61,406],[-92,532],[-111,523],[-72,288],[-61,406],[21,496],[10,387],[173,505],[91,325],[-61,360],[-335,1839],[41,54],[579,190],[-61,541],[-305,847],[183,442],[640,9],[457,162],[-41,297],[-548,2389],[-153,604],[-345,2443],[-61,388],[-31,261],[-233,1767],[-325,1289],[-254,622],[-183,424],[-142,334],[-163,207],[-477,640],[-711,956],[-691,1117],[-731,1443],[-965,2136],[-1524,2633],[640,171],[1767,333],[579,208],[-61,180],[-40,1109],[-153,1749],[-71,1127],[-30,649],[-41,748],[-20,189],[508,90],[599,127],[447,99],[264,9],[467,36],[518,99],[447,18],[427,90],[254,54],[609,27],[651,-135],[467,-81],[498,0],[497,-153],[315,-27],[335,-18],[366,-27],[620,-55],[955,-72],[639,-72],[437,-54],[335,-54],[326,-81],[335,-99],[315,-90],[436,-109],[376,-90],[539,-126],[436,36],[569,63],[427,18],[345,442],[153,352],[142,342],[173,397],[233,523],[163,378],[172,406],[193,433],[173,423],[183,451],[173,424],[193,432],[182,433],[214,505],[233,577],[183,406],[142,351],[173,406],[224,514],[223,532],[152,360],[173,415],[224,559],[162,360],[213,514],[193,469],[163,388],[203,459],[193,460],[224,523],[152,361],[234,540],[172,406],[214,523],[182,460],[214,486],[183,433],[182,433],[143,351],[152,361],[162,388],[122,279],[153,370],[132,342],[112,370],[81,279],[71,298],[61,342],[61,334],[30,343],[10,279],[0,343],[-10,369],[-51,532],[-60,379],[-92,369],[-112,370],[-122,342],[-121,316],[-132,315],[-143,280],[-213,379],[-142,243],[-315,469],[-264,315],[-346,406],[-579,586],[-619,622],[-549,541],[-680,676],[-539,523],[-731,721],[-508,496],[-670,667],[-640,640],[-600,595],[-386,396],[-528,523],[-670,658],[-498,478],[-681,676],[-436,442],[-579,586],[-691,685],[-640,631],[-589,577],[-549,541],[-436,433],[-458,459],[-660,649],[-589,604],[-599,577],[-264,262],[-346,351],[-487,469],[-722,703],[-548,550],[-528,514],[-498,496],[-457,460],[-599,595],[-681,667],[-538,532],[-295,288],[-670,180],[-18853,5094],[1534,3110],[406,820],[955,1956],[1635,3083],[213,406],[132,108],[630,505],[681,505],[559,324],[325,109],[1665,522],[833,1344],[955,1388],[407,216],[355,568],[640,812],[366,414],[1066,1091],[1920,2055],[894,1118],[173,379],[132,2001],[0,541],[-102,1388],[-30,487],[233,451],[508,964],[447,812],[599,748],[163,234],[904,1325],[2184,2741],[4205,5418],[71,451],[295,207],[1514,81],[2600,144],[51,-9],[721,135],[30,361],[21,460],[50,937],[21,289],[40,297],[61,433],[0,261],[-40,406],[51,334],[50,270],[31,352],[30,360],[61,271],[71,306],[61,280],[51,360],[335,1497],[61,279],[10,334],[-111,387],[-41,460],[193,451],[152,270],[102,334],[71,306],[20,271],[61,315],[518,-45],[1534,-207],[1544,-207],[1158,-163],[61,-9],[2215,-306],[497,-63],[671,-613],[7750,-7050],[92,72],[6562,5157],[1757,3479],[406,785],[183,72],[1493,577],[996,351],[1076,487],[559,262],[620,315],[477,189],[518,307],[904,360],[437,172],[752,297],[376,-81],[863,-207],[579,0],[142,423],[122,361],[142,433],[-40,306],[81,379],[284,451],[163,459],[213,109],[579,297],[366,198],[396,208],[416,279],[732,478],[-132,397],[294,423],[437,271],[711,468],[234,163],[365,234],[336,198],[457,172],[1442,153],[1839,216],[1391,163],[143,396],[-92,244],[2062,568],[762,261],[91,99],[793,1298],[172,244],[640,487],[-30,387],[711,649],[264,343],[112,315],[528,505],[335,433],[224,270],[132,280],[437,811],[477,730],[234,271],[873,865],[610,775],[640,604],[619,595],[-3778,2470],[-742,1190],[-41,1506],[0,9],[-91,2948],[630,-72],[1097,-127],[1209,-90],[223,244],[41,531],[40,415],[234,388],[254,108],[376,45],[376,-63],[944,-162],[417,-63],[345,-82],[437,127],[376,189],[335,171],[467,-9],[234,523],[51,505],[20,424],[30,513],[0,523],[579,226],[305,234],[325,424],[305,487],[30,306],[41,631],[91,550],[193,406],[143,315],[182,442],[244,586],[132,369],[539,109],[213,144],[193,360],[193,361],[152,496],[92,252],[172,523],[153,415],[112,315],[61,262],[132,405],[152,460],[61,289],[91,396],[102,388],[162,532],[92,207],[264,370],[122,369],[142,694],[31,190],[386,775],[172,469],[447,1289],[183,595],[609,685],[712,550],[457,433],[985,928],[731,820],[488,586],[853,1226],[1087,2092],[295,649],[589,1334],[40,207],[1097,641],[112,288],[508,117],[1747,685],[488,163],[538,153],[447,72],[325,54],[427,18],[569,-72],[507,-99],[204,-45],[487,0],[945,117],[945,397],[4550,1757],[2580,794],[1087,649],[203,153],[2702,2055],[397,325],[2285,1713],[31,27],[8745,7428],[2459,2001],[213,226],[5109,4128],[650,595],[1737,1587],[295,279],[3220,3047],[31,45],[507,577],[559,649],[884,1181],[1077,1452],[223,469],[102,405],[172,370],[275,423],[853,1181],[894,1244],[853,875],[152,315],[224,226],[335,288],[213,271],[285,162],[1097,306],[101,28],[518,162],[346,261],[254,72],[508,45],[365,-234],[376,180],[92,271],[284,279],[528,325],[234,207],[355,415],[407,252],[264,126],[416,127],[396,676],[153,568],[-10,405],[-82,397],[-162,315],[-488,397],[-548,415],[-1036,559],[-640,477],[-31,19],[-1432,1153],[-1574,1082],[-996,613],[-955,514],[-386,261],[-284,415],[30,469],[254,243],[600,117],[345,397],[101,235],[92,531],[213,334],[163,252],[20,370],[10,559],[407,18],[579,-117],[497,207],[234,270],[-51,442],[315,244],[295,450],[314,280],[315,90],[305,343],[589,234],[163,279],[538,154],[579,-100],[366,289],[376,451],[243,414],[356,172],[437,54],[406,72],[549,-180],[304,-163],[488,172],[9934,-2362],[620,-154],[467,73],[437,54],[254,45],[508,-9],[315,-117],[376,-208],[548,-117],[396,216],[528,127],[417,135],[427,9],[304,0],[752,-36],[1422,27],[762,18],[325,-90],[721,-271],[1067,-478],[894,-540],[873,-893],[315,-541],[274,-225],[5181,1262]],[[957996,360708],[-132,-532],[-274,-1145],[-51,-487],[21,-243],[132,-748],[-11,-622],[-50,-388],[-224,-1226],[122,-577],[335,-1289],[112,-559],[20,-415],[-20,-595],[-81,-577],[-386,-1370],[-518,-1469],[-224,-343],[-162,-225],[-325,-316],[-478,-270],[-345,-126],[-853,-199],[-945,-225],[-457,-225],[-244,-181],[-264,-306],[-345,-559],[-1118,-2245],[-3728,-7058],[-1137,-1884],[-894,-1506],[-1321,-2812],[-244,-514],[-101,-361],[-539,-2236],[-50,-279],[-10,-325],[0,-333],[121,-2677],[0,-217],[31,-793],[20,-352],[31,-387],[101,-415],[214,-523],[325,-676],[101,-424],[41,-342],[20,-442],[-30,-279],[-153,-388],[-101,-198],[-468,-992],[-132,-469],[-447,-2704],[-182,-685],[-163,-343],[-183,-523],[-264,-288],[-274,-153],[-335,-199],[-457,-162],[-305,-216],[-406,-280],[-386,-81],[-519,-234],[-457,-127],[-538,-126],[-528,-189],[-610,54],[-487,-171],[-508,-136],[-396,-81],[-437,-90],[-356,-18],[-345,117],[-396,181],[-356,126],[-416,63],[-325,27],[-457,27],[-610,-81],[-528,-135],[-366,-154],[-304,-225],[-153,-216],[-142,-334],[-183,-270],[-223,-307],[-203,-225],[-193,-307],[-254,-514],[-132,-306],[-72,-361],[-40,-540],[40,-361],[21,-334],[-153,-468],[-152,-496],[-162,-253],[-285,-288],[-386,-198],[-559,-217],[-325,-126],[-304,-117],[-305,-117],[-305,-109],[-528,-279]],[[361071,459996],[193,4490],[-285,2948],[-1351,5003],[-81,2596],[559,4102],[162,6698],[-20,2587],[-295,1740],[-294,2416],[-559,1208],[-1229,1749],[-1432,1929],[-1636,1118],[-782,351],[-1940,857],[-5343,1857],[-2529,775],[-3515,829],[-1127,586],[-1758,1172],[-863,1370],[20,478],[0,244],[-30,369],[-21,433],[-30,306],[-51,352],[-30,243],[213,307],[315,397],[294,306],[163,361],[203,216],[386,279],[315,226],[498,54],[436,-117],[366,18],[457,63],[356,9],[447,-36],[274,-54],[427,-144],[528,-55],[294,27],[468,-225],[508,-108],[325,-162],[477,0],[620,117],[487,243],[478,226],[447,99],[264,117],[365,234],[315,271],[224,432],[304,172],[427,369],[437,109],[366,108],[274,108],[335,306],[102,244],[233,270],[315,135],[630,127],[396,-81],[-142,477],[-427,388],[51,361],[-305,207],[0,379],[-243,216],[-376,333],[-529,307],[-274,153],[-487,244],[-508,108],[-275,9],[-457,-36],[-61,541],[-132,540],[-386,253],[-203,424],[-223,288],[-610,54],[21,352],[264,270],[162,532],[41,406],[-203,432],[50,496],[102,289],[-102,450],[-50,334],[-122,288],[-112,451],[173,379],[91,306],[20,406],[-172,361],[284,486],[244,379],[538,45],[397,252],[-234,496],[-254,424],[20,288],[-51,469],[254,244],[-121,387],[-397,424],[234,469],[10,297],[-376,262],[0,541],[-50,333],[-193,532],[193,514],[558,234],[1290,36],[996,27],[1452,54],[478,45],[457,172],[660,225],[356,45],[416,-27],[630,-90],[396,-36],[863,-126],[813,-181],[711,-225],[762,-288],[1493,-550],[1432,-523],[884,-424],[650,-667],[488,99],[508,126],[975,45],[904,0],[508,64],[426,0],[427,108],[406,252],[325,108],[336,45],[335,-36],[1066,-216],[1230,-270],[599,-136],[294,18],[92,451],[183,325],[1716,1442],[1707,1542],[1290,1541],[1006,1442],[1818,2263],[1178,1587],[924,1577],[854,1686],[1209,1911],[1452,2263],[1189,1920],[599,640],[1005,1055],[1067,856],[1178,875],[1849,1262],[1483,793],[1788,820],[660,334],[1778,1154],[2082,1442],[2397,1677],[986,775],[1280,811],[1269,920],[1270,1289],[1117,1280],[1057,1343],[1706,3210],[742,1370],[152,442],[51,342],[-152,433],[-600,-207],[-355,-64],[-366,433],[61,334],[-223,333],[-295,235],[-51,270],[10,442],[-152,333],[-284,640],[-193,451],[-468,325],[-457,162],[-589,-153],[-457,162],[-416,388],[-458,360],[-132,496],[-294,442],[-467,99],[-254,-63],[-386,18],[-325,108],[-173,487],[-152,270],[-143,280],[-162,315],[-10,352],[-386,351],[-386,154],[-325,279],[-336,-180],[-365,72],[-285,234],[-467,235],[-193,198],[-244,288],[112,487],[213,433],[-213,234],[-356,154],[-325,261],[-142,487],[-284,216],[-224,144],[-406,91],[-488,108],[-386,108],[-355,342],[51,424],[233,505],[386,207],[275,361],[365,243],[173,226],[-315,432],[-203,54],[-417,199],[-122,387],[-416,298],[-173,442],[-294,459],[-305,406],[142,361],[183,414],[41,217],[152,441],[-315,361],[10,370],[61,450],[-61,469],[-71,262],[21,378],[121,550],[-274,334],[-172,522],[-265,307],[-61,343],[-528,333],[-528,207],[-91,487],[101,532],[142,487],[143,415],[-325,189],[-265,99],[-416,27],[-305,-189],[-569,-108],[-375,225],[-508,126],[-244,-234],[-356,-162],[-508,135],[-294,496],[-538,0],[-447,-118],[-102,532],[132,541],[-20,361],[-41,432],[203,217],[285,243],[-254,415],[-234,496],[183,225],[366,261],[-254,433],[-143,162]],[[390081,602222],[133,415],[172,469],[-40,559],[-112,324],[345,469],[315,451],[-91,315],[132,298],[487,9],[407,-9],[122,387],[172,550],[-274,478],[-91,460],[-31,351],[-173,388],[-162,523],[-41,388],[-325,405],[234,298],[640,-54],[518,72],[487,-117],[437,-9],[335,-91],[427,253],[274,189],[376,316],[163,396],[558,226],[610,27],[406,99],[305,-234],[498,-307],[182,325],[254,99],[376,162],[467,171],[305,190],[396,207],[457,-45],[458,27],[152,279],[20,361],[112,207],[305,397],[-285,306],[142,523],[508,27],[214,397],[132,325],[71,459],[173,424],[335,126],[61,343],[20,261],[223,307],[-30,414],[193,496],[173,361],[132,162],[437,207],[446,-99],[1951,-442],[2925,-558],[81,-9],[1473,-154],[61,-9],[620,-54],[538,-90],[691,-225],[559,-280],[467,-351],[213,-235],[234,-252],[244,-406],[406,-324],[396,-226],[874,-459],[1849,-893],[1015,-406],[407,-171],[457,-388],[376,-243],[416,-90],[467,108],[325,225],[437,-36],[467,-36],[315,127],[518,261],[437,135],[853,226],[315,54],[396,54],[386,0],[386,-36],[427,-36],[721,-91],[163,-36],[843,-189],[741,-270],[1036,-595],[1798,-1929],[549,-541],[569,-478],[955,-550],[812,-361],[600,-189],[457,-108],[690,-90],[762,-117],[620,36],[3423,568],[4327,865],[1554,460],[183,90],[2966,1442],[884,469],[792,316],[915,216],[335,18],[1097,54],[2773,-117],[427,-63],[924,-262],[1635,-874],[945,-334],[1788,-396],[2986,-613],[4612,-1668],[680,-171],[6786,-2660],[4439,-1424],[1503,-307],[823,-45],[1473,-81],[305,-54],[955,-162],[1127,-361],[630,-297],[1381,-757],[1077,-613],[1331,-1091],[315,-289],[1483,-1343],[1869,-2209],[1513,-2497],[620,-631],[559,-477],[568,-253],[1341,-207],[671,27],[1858,378],[712,18],[477,-90],[6684,-2109],[863,-505],[955,-712],[691,-775],[498,-568],[30,-27],[1544,-1443],[742,-532],[3748,-2217],[5637,-1082],[1555,-126],[436,-72],[1219,-199],[142,-27],[915,-297],[426,-135],[1118,-280],[223,-45],[1016,-135],[1686,-144],[2204,45],[3027,144],[1534,81],[914,27]],[[390081,602222],[-548,100],[-681,63],[-944,27],[-1158,72],[-386,54],[-640,126],[-1443,848],[-1625,1162],[-1859,1713],[-1158,1334],[-2163,1921],[-833,631],[-1829,919],[-2194,929],[-3606,1469],[-1991,712],[-1615,397],[-8167,1731],[-3139,1100],[-4489,2118],[-1219,-1442],[-82,18],[-1066,189],[-1605,288],[-1422,262],[-1504,225],[-1320,199],[-396,90],[-498,144],[-1402,956],[-487,315],[-183,90],[-549,153],[-508,136],[-467,18],[-1158,27],[-1046,910],[-1524,911],[-426,252],[-1179,658],[-203,72],[-548,298],[-1362,766],[-304,207],[-82,704],[0,423],[-20,244],[0,559],[-40,351],[-41,316],[-498,1154],[-985,946],[-823,171],[-345,54],[-1565,46],[-1564,-64],[-1666,-270],[-1615,-388],[-873,-207],[-600,-72],[-1361,-36],[-295,27],[-355,54],[-376,451],[-1249,1496],[-823,568],[-193,135],[1107,2597],[142,423],[203,604],[-162,433],[-132,343],[-213,567],[-488,1217],[-295,46],[-477,18],[-223,279],[-346,514],[-548,838],[-234,325],[20,342],[61,370],[51,324],[-71,487],[223,397],[122,216],[518,884],[590,243],[426,-117],[539,-126],[345,-99],[376,-127],[335,433],[112,325],[243,486],[224,352],[295,424],[162,234],[152,288],[163,406],[71,207],[193,668],[71,315],[295,171],[437,9],[274,2732],[20,189],[-1270,-27],[-518,1704],[-416,-45],[81,550],[152,342],[102,208],[183,523],[-478,9],[-284,207],[122,387],[-376,280],[-427,252],[-335,-63],[-447,379],[102,261],[142,379],[447,63],[122,270],[355,613],[407,803],[71,387],[71,613],[-61,424],[10,406],[-10,189],[-91,397],[-336,144],[-416,956],[-10,63],[315,982],[315,1028],[822,3939],[-1280,235],[-650,117],[-1351,234],[-1026,181],[-2255,378],[-711,388],[-10,243],[-40,352],[71,541],[284,622],[183,378],[366,298],[294,306],[153,406],[101,307],[153,405],[203,415],[172,315],[234,451],[264,496],[122,261],[163,397],[172,379],[193,450],[153,415],[91,307],[81,243],[244,1118],[71,342],[10,289],[-71,469],[-183,468],[-172,388],[-163,487],[-101,360],[-21,262],[21,369],[20,307],[41,379],[-102,459],[-386,99],[-173,397],[-20,514],[0,415],[51,504],[30,325],[71,379],[163,513],[112,325],[162,541],[92,388],[101,486],[92,460],[60,271],[102,405],[-396,217],[-213,189],[-397,216],[-243,181],[-590,63],[-609,9],[-518,81],[-356,144],[-182,180],[-204,343],[-91,243],[-41,406],[-416,424],[-112,468],[-345,280],[-295,243],[-213,190],[-559,-28],[-355,55],[-468,-181],[-457,-144],[-609,-90],[-386,243],[-315,262],[-335,469],[-508,-37],[-396,46],[-234,207],[-467,126],[-305,-9],[-274,289],[-122,279],[-366,442],[-325,117],[-538,198],[-325,99],[-254,388],[-203,469],[-386,180],[-579,189],[-305,271],[-173,288],[-274,235],[-244,153],[-274,216],[-417,127],[-243,99],[-376,153],[-112,415],[-376,54],[-437,351],[-487,298],[-599,180],[-346,279],[-101,262],[-41,406],[-234,153],[-426,216],[-600,-45],[-436,415],[-193,414],[-457,-90],[-275,-216],[-416,216],[-132,433],[-335,243],[-112,325],[-325,315],[-31,307],[285,424],[81,270],[-213,388],[-386,414],[-529,-99],[-396,163],[-396,342],[-284,487],[-61,360],[-112,217],[-213,351],[-112,289],[-142,351],[-437,55],[-457,162],[10,306],[-61,397],[-386,99],[-447,307],[-152,243],[-254,289],[-51,324],[-193,316],[-528,207],[-325,279],[-396,442],[-407,225],[-315,496],[-172,208],[-142,333],[-173,433],[101,460],[-71,522],[-243,460],[-407,262],[-264,90],[-386,252],[-305,63],[-365,-27],[-457,126],[-366,199],[-244,153],[-183,334],[-132,495],[21,325],[-143,523],[-122,414],[-40,226],[-376,451],[-467,99],[-295,72],[-335,315],[-427,316],[-406,45],[-406,162],[-305,99],[-376,54],[-386,235],[-193,333],[-162,424],[-143,307],[122,387],[214,487],[-193,325],[-112,261],[-132,334]],[[274780,720731],[305,-37],[375,-36],[356,-225],[609,-153],[386,-54],[153,-478],[284,-343],[244,-234],[193,-261],[508,-154],[426,81],[397,-45],[233,226],[275,333],[487,298],[366,-181],[365,-45],[295,-144],[244,-189],[447,-334],[406,-81],[132,-387],[132,-307],[122,-270],[274,-406],[630,-108],[498,-144],[416,-64],[396,-126],[447,-108],[31,-415],[132,-315],[213,-388],[325,-306],[478,-235],[416,18],[325,-162],[325,81],[427,217],[416,-289],[498,-153],[396,279],[396,-396],[427,180],[254,379],[213,108],[498,-45],[345,225],[295,406],[457,-18],[457,135],[295,-207],[284,-307],[518,-45],[143,-288],[538,-127],[274,235],[102,405],[304,262],[518,198],[529,-108],[335,63],[284,99],[325,253],[163,297],[193,397],[41,369],[375,289],[254,-81],[600,-18],[497,342],[163,388],[345,469],[92,306],[243,262],[-284,369],[-142,307],[548,468],[579,55],[214,-325],[467,135],[244,469],[416,297],[61,298],[203,306],[336,91],[314,-172],[254,-306],[569,36],[610,162],[426,235],[488,162],[467,99],[396,252],[417,-252],[-41,-352],[-162,-288],[-61,-505],[589,-189],[538,-63],[305,189],[548,-81],[336,-162],[325,207],[10,379],[81,558],[-487,73],[30,540],[71,478],[173,379],[325,252],[518,-126],[305,144],[436,262],[407,-154],[213,-198],[406,-216],[559,-208],[406,-234],[366,72],[305,-414],[132,-172],[112,-441],[284,-307],[549,252],[314,334],[397,-45],[406,-72],[406,-298],[81,-189],[508,-99],[447,144],[610,9],[365,298],[275,-190],[355,-216],[244,-117],[406,171],[183,153],[295,397],[-315,433],[-92,360],[376,442],[407,288],[243,244],[305,126],[457,-180],[295,9],[416,162],[518,189],[417,108],[386,109],[406,-289],[437,-144],[569,162],[51,370],[477,378],[477,-216],[244,252],[81,469],[153,199],[589,63],[345,-18],[528,-280],[407,180],[345,181],[173,442],[183,477],[355,361],[407,-90],[264,36],[304,297],[-10,406],[203,225],[397,27],[609,-189],[325,334],[71,486],[569,271],[41,378],[152,496],[223,208],[519,18],[203,243],[40,532],[153,442],[345,63],[274,180],[264,270],[285,118],[914,-9],[477,-27],[397,-190],[254,-81],[609,-171],[427,388],[497,-199],[-40,-333],[457,-145],[284,226],[244,460],[437,243],[589,126],[538,-135],[82,-361],[20,-468],[406,18],[620,-91],[396,-18],[477,18],[468,36],[345,469],[142,271],[346,108],[193,315],[50,316],[356,442],[396,126],[213,216],[244,352],[356,225],[406,-126],[417,-162],[467,162],[569,225],[497,-216],[336,297],[416,27],[284,307],[407,279],[345,118],[386,63],[589,-108],[325,-27],[478,-199],[325,117],[538,316],[498,153],[416,180],[285,9],[426,46],[254,180],[559,162],[335,36],[173,514],[345,234],[518,145],[336,252],[213,225],[467,217],[193,432],[-81,550],[81,325],[-366,297],[-152,415],[-132,352],[-193,378],[-295,496],[-335,207],[-751,1181],[-366,595],[-366,658],[-142,253],[-51,460],[264,1027],[92,442],[71,325],[51,252],[-143,532],[-426,1469],[-163,1055],[-193,757],[-40,171],[-153,577],[-132,325],[-365,955],[-61,388],[-31,316],[-81,468],[-427,713],[-538,1117],[-122,325],[173,460],[376,378],[700,947],[417,685],[132,361],[162,703],[234,450],[335,298],[234,171],[691,496],[30,18],[904,793],[10,478],[-213,280],[-355,405],[-153,460],[-152,307],[-183,441],[-254,388],[152,243],[112,307],[-264,288],[-254,397],[-234,324],[82,262],[-51,369],[-203,253],[-335,243],[-244,163],[-183,450],[-244,298],[-183,234],[-223,307],[-376,306],[-274,144],[-549,190],[-640,171],[-264,54],[-1585,234],[-2285,307],[-1727,261],[-2163,361],[-519,63],[-2996,343],[-559,126],[-569,162],[-457,397],[-497,946],[-285,451],[-213,252],[-366,307],[-244,306],[-101,307],[-10,325],[101,450],[559,803],[101,387],[-132,235],[-1239,910],[-284,234],[-1128,884],[-660,487],[-498,378],[-711,604],[-203,226],[-173,288],[-345,757],[-254,622],[731,217],[427,126],[1849,523],[2885,415],[1980,495],[1666,586],[589,379],[620,397],[1900,1460],[751,487],[224,243],[183,406],[-11,405],[-558,893],[-122,288],[274,469],[467,325],[203,207],[-10,361],[-172,270],[-701,631],[-295,271],[-335,342],[-132,244],[-31,432],[315,415],[264,144],[478,81],[619,-27],[143,0],[640,-27],[152,-9],[548,81],[376,172],[346,252],[355,388],[315,360],[163,181],[416,252],[467,234],[1778,803],[254,198],[376,379],[386,522],[1615,2164],[945,974],[477,279],[335,126],[386,144],[539,64],[457,54],[650,0],[863,-127],[1463,-306],[934,-81],[559,18],[559,90],[680,225],[1067,370],[813,207],[223,90],[437,262],[863,1091],[498,495],[71,73],[488,306],[365,153],[813,81],[437,-18],[264,-45],[457,-90],[335,-108],[1290,-415],[559,-72],[1280,-45],[457,27],[1117,63],[1168,316],[122,36],[996,351],[924,514],[1564,1091],[376,271],[447,342],[823,622],[1737,1091],[2184,1262],[1950,1316],[102,63],[1706,956],[4094,2470],[772,406],[2671,1045],[275,90],[3687,1118],[1676,685],[152,81],[4531,2597],[3453,2055],[640,379],[529,261],[965,478],[2763,1298],[1351,802],[741,433],[853,730],[589,-108],[417,-324],[244,-523],[416,216],[508,45],[366,-45],[315,117],[183,343],[314,54],[407,-243],[447,-91],[396,388],[426,-36],[285,216],[518,244],[548,297],[417,144],[457,-144],[264,-90],[559,-171],[386,-262],[-31,-568],[-101,-468],[-163,-361],[-172,-532],[-153,-396],[142,-478],[224,-316],[498,36],[467,-99],[355,-180],[427,-180],[203,-208],[356,-234],[538,-99],[396,-262],[-30,-252],[264,-334],[467,-216],[386,-81],[620,-90],[152,-199],[183,-297],[457,-226],[203,-153],[518,-333],[325,-298],[193,-460],[173,-234],[315,-370],[-31,-270],[336,-361],[152,-297],[20,-541],[468,-307],[335,-171],[183,-198],[223,-361],[-162,-468],[0,-370],[223,-189],[335,-334],[346,45],[538,-108],[518,-298],[325,253],[345,288],[407,343],[244,270],[507,271],[407,-135],[355,-379],[153,-270],[335,-406],[101,-343],[305,-135],[366,-189],[101,-361],[407,-369],[284,-235],[153,-252],[101,-397],[-244,-189],[-274,-379],[345,-469],[244,-288],[132,-379],[-254,-396],[-274,-280],[-203,-180],[-203,-442],[-214,-433],[-121,-261],[193,-469],[-153,-342],[81,-262],[41,-378],[244,-262],[213,-487],[305,-414],[20,-334],[183,-252],[20,-460],[143,-505],[396,-189],[81,-415],[-122,-559],[163,-450],[325,-244],[243,-333],[315,-289],[-172,-478],[-71,-405],[111,-397],[285,-424],[-71,-324],[182,-316],[-152,-423],[-20,-289],[-417,-433],[-457,-27],[-477,-54],[-356,-414],[-152,-199],[51,-441],[101,-388],[122,-216],[112,-343],[-386,-207],[-10,-280],[-102,-333],[-335,-361],[122,-532],[81,-360],[-162,-388],[-386,-144],[-193,-171],[-417,-190],[264,-514],[417,-27],[416,-117],[315,-144],[335,171],[803,325],[812,333],[579,244],[1026,342],[813,262],[985,315],[478,180],[365,-9],[590,118],[325,-27],[172,459],[102,280],[508,135],[487,-144],[224,-45],[680,-45],[620,-9],[467,369],[478,108],[386,-27],[254,235],[365,243],[315,63],[417,18],[568,99],[488,-45],[630,-90],[965,-54],[1452,-45],[2926,-433],[81,-18],[955,-333],[416,-90],[325,-54],[376,0],[417,72],[447,126],[437,99],[467,-153],[376,-244],[518,54],[548,-90],[417,-126],[518,36],[447,226],[538,-19],[437,145],[335,243],[406,-207],[417,-235],[447,217],[335,90],[498,-27],[609,-36],[488,-144],[101,-424],[539,-180],[193,-460],[223,-334],[244,-180],[467,-45],[386,126],[163,-541],[122,-460],[345,0],[498,73],[315,225],[274,189],[873,-1253],[102,-279],[20,-325],[-1015,-2578],[-295,-865],[-609,-1948],[1168,-198],[1970,-333],[396,-64],[986,-135],[162,-442],[-376,-1135],[153,-154],[1239,-369],[1148,-343],[609,-126],[610,-90],[457,-72],[528,-145],[569,-126],[701,-189],[680,-207],[275,-81],[508,-154],[426,-153],[427,-225],[-295,-631],[-203,-190],[-142,-387],[-51,-208],[-81,-432],[-142,-1109],[-102,-523],[-61,-316],[-132,-495],[-51,-397],[21,-397],[-122,-721],[-61,-2109],[274,-235],[924,45],[488,18],[437,-360],[193,-1370],[172,-370],[193,-225],[234,-280],[254,-397],[163,-279],[172,-297],[193,-289],[386,-451],[132,-234],[183,-343],[274,-550],[264,-477],[193,-514],[254,-379],[539,-198],[244,-90],[396,-135],[447,-190],[365,-180],[742,-397],[579,-63],[721,0],[1046,-63],[833,-72],[498,-18],[731,9],[691,18],[498,36],[1493,126],[762,54],[843,72],[223,-63],[-20,-631],[-10,-153],[-10,-640],[-31,-811],[-20,-460],[71,-433],[193,-586],[427,-1208],[264,-514],[142,-72],[762,145],[132,27],[701,189],[457,153],[356,135],[406,109],[650,126],[681,135],[477,108],[792,153],[732,127],[416,36],[599,-136],[427,-243],[264,-144],[549,-171],[447,-172],[548,-243],[386,-198],[620,-316],[437,-234],[335,-181],[325,-189],[355,-135],[427,-117],[-20,-1028],[50,-523],[-50,-297],[-325,-388],[-265,-207],[-162,-334],[-91,-487],[-163,-261],[-356,-397],[-213,-153],[92,-415],[142,-378],[20,-433],[-112,-388],[-274,-342],[-518,-235],[-305,-432],[214,-244],[-143,-469],[112,-450],[142,-406],[183,-243],[346,-334],[71,-234],[71,-343],[-203,-424],[122,-540],[193,-388],[-193,-424],[243,-496],[356,-198],[335,-360],[152,-397],[11,-424],[-41,-360],[-31,-271],[143,-306],[436,-271],[265,-171],[436,-9],[264,-108],[346,-244],[-153,-504],[82,-451],[467,-217],[315,-405],[-51,-343],[51,-315],[366,-235],[284,-252],[274,-379],[71,-369],[153,-280],[274,-243],[112,-262],[-82,-432],[-304,-99],[-285,-262],[-20,-514],[-345,-225],[-386,36],[-549,9],[-254,-216],[-437,-235],[-457,-387],[-10,-406],[-325,-325],[-335,-261],[-142,-261],[-234,-370],[-335,-81],[-285,-487],[173,-234],[51,-397],[213,-234],[-193,-415],[-61,-316],[-416,-261],[-254,-514],[335,-469],[193,-468],[-193,-505],[-356,-433],[-213,-306],[153,-424],[243,-388],[224,-306],[-92,-334],[143,-424],[193,-297],[162,-361],[81,-225],[-81,-388],[386,-387],[71,-370],[-30,-279],[0,-406],[-244,-207],[-61,-343],[-345,-234],[-325,-334],[-295,-180],[-102,-550],[-20,-388],[-152,-288],[71,-505],[203,-361],[-51,-378],[-345,-307],[122,-459],[40,-451],[-355,-207],[-488,-208],[-142,-550],[-132,-378],[-305,-388],[244,-225],[-325,-424],[-427,-415],[132,-243],[122,-406],[10,-333],[92,-271],[30,-432],[-436,-91],[-295,-477],[244,-100],[345,-180],[244,-171],[264,-325],[10,-550],[-30,-432],[152,-361],[61,-324],[-173,-442],[21,-271],[-10,-423],[-112,-262],[-234,-369],[-10,-262],[-102,-396],[-91,-280],[-366,-225],[-386,-271],[0,-333],[-20,-388],[183,-550],[305,-54],[518,289],[548,63],[285,-307],[233,-189],[325,-243],[173,-208],[203,-405],[193,-451],[376,-352],[335,-108],[315,-198],[244,-352],[294,-306],[254,-460],[295,-271],[284,-153],[315,-342],[386,-118],[407,-261],[61,-424],[60,-351],[-121,-361],[20,-415],[-366,-423],[214,-190],[365,-468],[-386,-271],[-61,-288],[386,-271],[264,-477],[-193,-388],[21,-334],[-254,-360],[-153,-406],[275,-487],[-51,-288],[-51,-487],[152,-279],[-132,-424],[-457,-370],[132,-450],[173,-262],[122,-442],[-213,-288],[40,-478],[122,-387],[234,-370],[132,-397],[487,-144],[214,-505],[30,-261],[478,-361],[345,-460],[386,-306],[254,-135],[366,-127],[599,-144],[223,-405],[183,-352],[295,-99],[508,99],[172,234],[346,190],[447,45],[518,-81],[335,-379],[487,0],[305,81],[417,-144],[447,-90],[294,-271],[478,-225],[294,-279],[346,-307],[406,-234],[284,63],[336,-235],[253,-135],[366,-189],[356,-162],[406,-190],[132,-423],[305,-208],[528,-207],[366,-135],[365,-91],[579,-189],[325,-315],[356,-199],[589,-72],[538,36],[366,-72],[549,45],[396,126],[284,226],[407,-135],[314,18],[437,405],[153,370],[-112,306],[0,379],[548,-27],[407,370],[619,36],[366,360],[315,325],[376,180],[508,325],[375,90],[285,234],[386,244],[203,306],[396,298],[478,-19],[579,-234],[365,-270],[366,-334],[467,-54],[478,72],[355,135],[447,90],[295,-45],[447,36],[436,316],[468,27],[528,-180],[355,-72],[427,117],[488,-199],[406,-81],[315,-72],[396,-36],[579,117],[427,127],[254,-91],[457,46],[497,333],[498,-18],[528,153],[478,361],[406,-27],[518,-189],[447,0],[457,207],[224,288],[-275,343],[285,406],[101,306],[-81,270],[244,370],[386,406],[437,261],[548,63],[600,54],[335,235],[630,81],[589,81],[406,234],[386,-9],[386,-441],[508,-72],[325,18],[366,180],[304,27],[407,81],[264,180],[497,-54],[529,-297],[10,-190],[122,-423],[528,-334],[244,-207],[396,-144],[396,-181],[447,-126],[620,27],[436,-90],[549,0],[254,270],[599,-45],[386,-81],[-30,-414],[132,-244],[-254,-423],[-457,-199],[-325,-198],[-285,-180],[-325,-433],[-264,9],[142,-1073],[-61,-1118],[-1097,-919],[-30,-568],[71,-370],[213,-450],[71,-244],[-152,-478],[-274,-189],[-234,-334],[81,-333],[325,-370],[-121,-441],[-295,-163],[-477,-153],[-305,-126],[-254,-325],[-92,-252],[31,-388],[213,-496],[173,-360],[203,-424],[295,-423],[-112,-433],[-102,-262],[-132,-522],[-51,-307],[-20,-415],[41,-324],[-142,-271],[-346,-198],[-325,-270],[-274,-199],[-173,-532],[-10,-378],[-244,-523],[285,-307],[10,-405],[132,-433],[-132,-334],[122,-324],[152,-261],[-101,-334],[-153,-352],[-152,-198],[-31,-433],[214,-369],[91,-307],[295,-369],[111,-298],[21,-288],[-214,-379],[-243,-324],[-244,-271],[91,-306],[254,-433],[396,-415],[224,-153],[315,-451],[172,-451],[132,-270],[234,-442],[386,-216],[254,-216],[203,-487],[-305,-235],[-375,-351],[193,-298],[-11,-423],[-111,-361],[-193,-306],[40,-505],[-10,-379],[-40,-460],[-143,-297],[-162,-361],[203,-541],[183,-279],[30,-433],[-40,-324],[81,-415],[294,-442],[122,-351],[-223,-352],[-41,-234],[-284,-397],[-203,-487],[-61,-378],[-132,-307],[-224,-198],[-345,-298],[-10,-423],[-122,-190],[10,-378],[701,-190],[386,-288],[20,-541],[285,-261],[243,-388],[92,-306],[406,-262],[264,-487],[71,-315],[-111,-523],[-183,-343],[193,-252],[122,-406],[-112,-766],[-112,-2623],[325,-1596],[-10,-559],[-183,-541],[-1361,-1604],[-193,-532],[61,-379],[335,-442],[407,-297],[416,-306],[244,-325],[132,-252],[335,-920],[132,-379],[102,-216],[416,-649],[315,-315],[1168,-1091],[295,-388],[132,-342],[173,-1488],[172,-622],[295,-568],[71,-126],[437,-523],[944,-712],[295,-271],[152,-288],[61,-334],[-132,-504],[-366,-352],[-1188,-649],[-1036,-649],[-51,-36],[-406,-388],[-366,-631],[-112,-387],[-142,-1001],[-142,-613],[-213,-568],[-549,-793],[-2458,-2633],[10,-27]],[[892925,661143],[-487,965],[-366,883],[-92,568],[21,315],[81,289],[203,351],[396,289],[457,162],[326,117],[873,325],[122,54],[681,298],[589,306],[345,325],[335,459],[1880,3300],[416,667],[295,856],[91,262],[30,324],[-274,478],[-548,225],[-549,199],[-640,369],[-569,388],[-355,460],[-10,423],[376,965],[477,973],[274,794],[122,766],[102,2263],[-61,396],[-305,830],[-91,423],[-41,361],[-51,929],[20,441],[122,604],[31,108],[244,956],[50,225],[41,496],[-71,766],[-81,541],[20,505],[1219,3381],[112,441],[20,469],[-234,1397],[-61,235],[-193,532],[-101,441],[-173,956],[-71,433],[-274,865],[-112,262],[-254,360],[-630,766],[-345,379],[-224,487],[-30,306],[71,415],[142,1100],[-81,387],[-173,433],[-233,397],[-71,523],[325,676],[213,1280],[102,946],[50,136],[386,523],[1676,333],[1798,361],[356,144],[234,288],[172,361],[183,496],[142,541],[61,739],[-10,351],[-61,298],[-183,306],[-254,172],[-1574,847],[-630,90],[-1006,-81],[-457,-9],[-325,54],[-426,153],[-397,172],[-365,234],[-254,262],[-173,459],[-61,289],[10,469],[61,234],[1036,2344],[193,523],[-10,550],[-355,450],[-264,388],[-132,333],[-21,253],[61,694],[-193,306],[-254,145],[-558,225],[-925,424],[-365,288],[-122,325],[20,306],[122,640],[244,1289],[-163,541],[-1036,1100],[-254,415],[-244,568],[-233,676],[-102,478],[-71,613],[-81,856],[-21,307],[31,423],[142,352],[234,270],[548,478],[10,9],[925,550],[528,315],[152,82],[661,378],[975,559],[20,18],[549,415],[304,396],[31,352],[-478,1641],[-20,261],[91,451],[275,297],[833,496],[213,370],[10,369],[-152,1371],[233,505],[1138,1027],[1250,902],[314,324],[122,162],[650,1100],[193,469],[31,361],[-10,252],[-132,523],[-153,360],[-315,487],[-365,343],[-376,342],[-376,361],[-234,469],[-71,423],[122,1136],[-71,406],[-142,270],[-589,965],[-610,983],[-416,982],[-41,108],[-203,550],[-122,550],[71,379],[153,360],[162,325],[315,568],[366,649],[81,216],[71,442],[0,388],[-152,369],[-163,271],[-335,288],[-813,721],[-61,505],[285,262],[538,360],[742,523],[213,171],[152,325],[-10,369],[-741,1794],[-275,505],[-365,415],[-234,243],[-173,217],[-223,378],[-51,505],[254,829],[-20,532],[-305,298],[-396,315],[-71,514],[294,487],[-254,379],[-345,180],[-244,487],[315,306],[224,316],[142,441],[30,442],[-50,496],[-133,559],[-121,288],[-458,767],[-365,631],[-163,423],[-91,379],[-51,361],[20,423],[204,929],[20,315],[-41,280],[-203,469],[-61,360],[71,370],[163,252],[599,586],[132,153],[102,406],[-386,1118],[-61,270],[10,325],[81,315],[274,397],[173,424],[102,387],[-21,1100],[-50,1127],[91,361],[325,351],[1757,1397],[102,271],[-71,162],[-1219,595],[-366,216],[-955,785],[-345,279],[-975,848],[-742,775],[-345,694],[-81,550],[-10,63],[-92,1172],[-335,748],[-630,586],[-609,406],[-833,234],[-721,45],[-153,-27],[-884,-234],[-792,-307],[-396,-315],[-437,-613],[-467,-676],[-427,-154],[-1320,-153],[-620,-144],[-305,-108],[-345,-271],[-396,-496],[-285,-162],[-396,-81],[-264,27],[-396,235],[-132,234],[-71,451],[20,649],[-61,369],[-172,316],[-193,297],[-92,280],[-71,342],[-81,1145],[-41,667],[51,352],[71,207],[670,983],[112,369],[-51,1308],[-10,432],[31,226],[193,459],[315,379],[914,965],[498,477],[314,217],[244,108],[833,216],[376,126],[569,253],[680,415],[508,252],[457,198],[356,90],[559,109],[1777,360],[2570,667],[1371,424],[244,108],[782,460],[356,252],[559,613],[213,325],[112,279],[122,343],[294,1325],[142,496],[71,252],[366,631],[447,532],[2468,2930],[234,288],[203,343],[264,748],[143,577],[50,388],[11,406],[-51,324],[-102,343],[-609,1235],[-61,559],[101,270],[1971,2542],[223,406],[71,324],[0,253],[-91,469],[-396,622],[-163,333],[71,514],[163,252],[193,334],[51,333],[-183,1037],[20,487],[31,243],[254,1226],[233,911],[275,847],[274,514],[254,415],[91,135],[600,595],[213,225],[233,397],[31,324],[-31,577],[31,505],[183,577],[61,325],[-21,396],[-121,271],[-214,261],[-254,298],[-193,288],[-304,442],[-346,721],[-294,775],[-132,505],[-61,442],[81,433],[183,288],[1015,1100],[458,487],[243,324],[112,271],[71,468],[21,695],[-21,685],[10,333],[457,280],[427,63],[579,108],[285,126],[294,352],[92,378],[142,532],[183,406],[254,352],[832,468],[356,361],[71,270],[142,1028],[82,288],[751,1659],[346,1091],[335,1262],[274,1325],[102,631],[-51,559],[-71,379],[-132,216],[-447,343],[-325,369],[-173,280],[-51,261],[51,911],[112,1009],[142,568],[173,388],[355,406],[457,324],[437,135],[305,45],[1198,190],[1616,297],[345,208],[173,261],[751,1686],[417,315],[619,45],[2459,-748],[1340,-144],[1219,-361],[437,-36],[213,244],[-182,2307],[254,731],[670,874],[691,288],[1219,100],[345,153],[102,406],[-61,351],[-244,721],[518,1019],[223,667],[-122,298],[-1330,1226],[40,450],[224,271],[1574,865],[285,460],[-274,568],[-112,829],[-92,568],[-426,775],[-112,677],[193,378],[1757,1028],[975,315],[965,145],[346,324],[71,352],[10,450],[-985,1353],[-183,459],[71,532],[193,541],[1006,766],[1259,821],[2225,1054],[223,172],[2093,2452],[569,748],[294,658],[579,1902],[153,974],[71,973],[-41,352],[-173,361],[-589,1613],[-71,388],[-10,396],[0,415],[81,397],[92,324],[680,3110],[-101,803],[-224,1379],[-650,1334],[-660,604],[-681,325],[-1544,171],[-558,189],[-183,325],[132,550],[904,2506],[213,1055],[193,531],[406,451],[579,253],[92,36],[2143,486],[1493,469],[1524,929],[670,631],[153,631],[152,532],[559,757],[1107,955],[10,19],[346,495],[1706,1416],[152,441],[0,280],[-314,667],[-315,1172],[81,730],[112,604],[152,379],[-71,315],[-356,316],[-30,477],[223,343],[671,721],[305,631],[365,343],[1372,469],[477,279],[345,469],[153,469],[-315,1244],[81,631],[559,784],[1899,1307],[1554,1253],[559,631],[681,875],[223,568],[61,1271],[-30,946],[-945,1244],[-1199,766],[-2570,947],[-284,352],[-315,1072],[-366,415],[-1137,586],[-285,505],[-71,387],[457,938],[153,315],[-102,388],[-589,604],[-102,604],[305,532],[-254,505],[-731,577],[-102,324],[518,406],[346,505],[294,1370],[-40,595],[-265,315],[-1239,451],[-1767,1280],[-366,433],[-132,559],[-122,667],[-457,631],[-1910,811],[-365,397],[-173,397],[-112,604],[-386,261],[-833,180],[-1148,73],[-619,144],[-711,703],[-1300,2632],[-92,460],[102,469],[-203,541],[-417,261],[-640,162],[-1361,352],[-457,225],[-295,298],[-193,1379],[-375,1010],[-915,1613],[-142,1938],[-741,1082],[-275,460],[-183,883],[0,478],[82,397],[254,793],[335,613],[457,875],[152,306],[163,352],[20,414],[-172,460],[-285,469],[-630,685],[-172,216],[-1331,1596],[-335,685],[-41,397],[122,451],[132,171],[427,451],[315,225],[457,234],[1523,406],[630,297],[346,316],[182,324],[143,415],[345,1749],[447,847],[81,298],[61,306],[61,532],[-10,361],[-81,487],[-143,351],[-315,478],[-477,288],[-1320,334],[-529,189],[-254,379],[-101,983],[71,1063],[254,1298],[132,586],[447,163],[386,135],[1026,964],[1828,1127],[762,406],[234,9],[670,-325],[1117,-1189],[2642,-1722],[416,-271],[945,108],[1523,172],[610,-9],[284,-27],[813,-190],[325,-135],[234,-162],[335,-307],[254,-261],[162,-334],[-20,-288],[-163,-532],[-101,-505],[71,-505],[294,-414],[275,-172],[477,-216],[539,-216],[233,-99],[1046,-424],[386,-216],[285,-181],[447,-288],[264,-126],[355,-91],[518,-90],[519,-90],[365,-27],[356,18],[599,117],[427,90],[497,-27],[793,-90],[518,-27],[426,-99],[539,-297],[376,-397],[985,-1001],[51,-81],[335,-496],[203,-288],[386,-271],[528,-171],[305,-54],[376,-18],[650,27],[467,27],[1239,-144],[519,-162],[446,-217],[671,-442],[173,-171],[446,-279],[336,-144],[355,-100],[528,-99],[732,-162],[589,-180],[528,-244],[478,-261],[507,-379],[386,-153],[579,-90],[366,-9],[965,36],[325,54],[396,9],[488,-36],[772,-117],[630,-72],[345,-82],[376,-135],[762,-387],[406,-172],[396,-198],[366,-216],[355,-226],[254,-198],[366,-262],[234,-54],[548,-18],[559,-27],[345,244],[102,351],[325,451],[416,370],[336,27],[609,0],[549,-54],[416,-64],[335,-117],[518,298],[112,523],[102,396],[213,424],[193,297],[173,352],[223,424],[163,288],[213,325],[132,478],[10,225],[41,424],[142,522],[132,244],[498,505],[396,288],[894,424],[609,288],[315,63],[406,-9],[1087,-135],[468,-144],[345,-117],[1188,-460],[1778,-532],[1788,-685],[1544,-685],[294,-171],[447,-280],[447,-333],[1971,-1533],[112,-90],[579,-487],[294,-243],[640,-9],[244,243],[-477,-586],[-275,-451],[-152,-315],[-112,-325],[-112,-324],[-1330,-3236],[-1057,-3922],[-1970,-1839],[-1168,-2055],[-955,-3210],[1351,-3894],[10,-18],[1158,-2145],[843,-1208],[-10,-1253],[-10,-253],[-10,-1001],[345,-4155],[-447,-2029],[-315,-1514],[-91,-225],[-661,-1650],[-304,-730],[-569,-893],[-71,-117],[-996,-1812],[-1005,-2822],[-904,-1406],[-41,-234],[-284,-1749],[-488,-2263],[-41,-640],[-132,-2145],[-51,-1199],[488,-1380],[0,-405],[10,-379],[10,-1154],[-406,-415],[-599,-604],[-1158,-2974],[-142,-559],[-803,-3543],[-640,-2840],[-731,-2785],[-386,-1758],[-904,-3714],[-102,-442],[-1259,-1713],[-1006,-2605],[-376,-694],[-1006,-1812],[-71,-135],[-1574,-2651],[-2215,-4020],[-2295,-3967],[-1290,-4534],[-1290,-5211],[-1047,-2154],[-1147,-4652],[-122,-1109],[-51,-505],[-264,-2524],[-71,-631],[-640,-2903],[-274,-1108],[-671,-2254],[-132,-442],[-477,-1406],[-173,-523],[-112,-424],[-172,-1117],[-31,-334],[-30,-460],[30,-541],[71,-405],[-183,-343],[-183,-342],[-162,-307],[-132,-225],[-173,-334],[-112,-523],[11,-378],[81,-568],[10,-397],[-20,-342],[40,-577],[61,-568],[-254,-325],[-284,-406],[-163,-216],[-142,-378],[51,-460],[234,-388],[111,-541],[173,-342],[163,-415],[20,-234],[41,-361],[30,-523],[-51,-360],[-122,-370],[-81,-270],[-203,-613],[-122,-433],[-142,-325],[-153,-324],[-91,-235],[-10,-541],[-71,-387],[40,-505],[437,-379],[325,-450],[-20,-307],[-112,-396],[-162,-487],[-143,-433],[-50,-496],[152,-306],[-30,-298],[-31,-478],[-20,-288],[-10,-442],[-11,-460],[11,-459],[30,-532],[173,-370],[-21,-360],[-91,-307],[-112,-649],[-101,-559],[-82,-324],[-50,-262],[-61,-514],[-21,-378],[11,-352],[20,-315],[30,-316],[31,-315],[40,-316],[11,-315],[91,-415],[81,-216],[183,-334],[163,-216],[254,-298],[193,-234],[213,-271],[213,-270],[102,-234],[-10,-487],[-224,-226],[-325,-306],[-234,-352],[-223,-369],[-203,-352],[-163,-288],[-61,-523],[163,-352],[396,-360],[447,-334],[244,-189],[365,-379],[21,-487],[30,-342],[82,-442],[81,-442],[91,-378],[71,-253],[122,-360],[163,-352],[142,-252],[295,-424],[172,-388],[21,-243],[-11,-397],[-50,-468],[20,-280],[81,-288],[173,-397],[112,-487],[30,-360],[-41,-433],[-40,-676],[-41,-676],[10,-604],[10,-604],[31,-1055],[173,-1496],[50,-857],[-264,-360],[-274,-478],[-142,-505],[-31,-1046],[0,-90],[244,-1046],[10,-27],[437,-1631],[51,-487],[112,-1028],[-31,-1064],[-30,-739],[274,-1641],[51,-1541],[40,-2037],[214,-1271],[213,-1452],[-315,-910],[-71,-649],[-112,-983],[-30,-288],[782,-2498],[102,-369],[365,-1388],[71,-262],[579,-2812],[366,-1614],[823,-1812],[772,-1767],[426,-676],[803,-1280],[477,-1686],[671,-2443],[599,-1623],[284,-847],[478,-1424],[284,-830],[914,-3515],[1128,-4724],[599,-2019],[82,-253],[1005,-1812],[600,-1352],[-31,-856],[-102,-2921],[-10,-271],[-233,-1821],[-21,-234],[-182,-2173],[-173,-2073],[-41,-1370],[-20,-541],[-10,-1524],[0,-1099],[-153,-2029],[-447,-2010],[-71,-325],[-294,-1532],[-346,-1713],[-233,-865],[-153,-568],[-122,-469],[-568,-1307],[-447,-1271],[-234,-1307],[-41,-2218],[-477,-1587],[-193,-423],[-81,-181],[-305,-658],[-437,-1794],[-213,-964],[-61,-280],[-721,-4101],[-163,-992],[-112,-703],[-172,-352],[-224,-469],[-101,-585],[-92,-686],[71,-549],[-71,-334],[-213,-505],[-173,-369],[-61,-334],[-274,-1524],[-61,-1171],[-101,-1425],[20,-1550],[10,-1127],[-91,-2290],[61,-1487],[81,-2155],[122,-1046],[91,-748],[153,-1983],[-51,-2407],[10,-1244],[10,-1226],[31,-2055],[-153,-956],[-254,-631],[-40,-568],[-417,-2118],[20,-830],[11,-405],[20,-181],[162,-1812],[41,-856],[31,-370],[81,-1388],[264,-1758],[41,-162],[162,-775],[51,-226],[0,-514],[10,-504],[-102,-271],[-365,-973],[-31,-740],[-101,-784],[142,-460],[244,-270],[853,-361],[1138,-595],[619,-324],[244,-36],[863,-127],[41,-18],[610,-171],[-996,-1181],[-569,-342],[-386,-226],[-213,-252],[-447,-532],[-132,-153],[-406,-568],[-610,-1073],[-528,-919],[-884,-947],[-701,-694],[-436,-965],[-132,-1118],[-11,-252],[-30,-757],[0,-81],[-41,-1848],[61,-758],[92,-1099],[284,-884],[163,-1406],[162,-1109],[-61,-667],[-101,-649],[10,-857],[91,-811],[-81,-721],[-41,-352],[0,-342],[488,-1839],[589,-1082],[345,-577],[31,-36],[254,-928],[-244,-668],[-234,-739],[11,-856],[132,-1289],[20,-145],[213,-1505],[244,-892],[203,-1055],[71,-226],[356,-1135],[71,-1001],[20,-289],[102,-513],[254,-1298],[518,-929],[30,-63],[396,-577],[894,-307],[945,271],[295,541],[20,658],[233,360],[732,127],[559,198],[619,379],[599,27],[458,-244],[284,-469],[-396,-441],[-539,-208],[-375,-414],[-71,-514],[-31,-451],[-51,-351],[-81,-920],[-41,-162],[-213,-839],[-81,-441],[-376,-298],[-335,-387],[-691,-920],[-163,-1244],[-60,-505],[40,-378],[102,-848],[81,-712],[132,-343],[244,-622],[-925,-1298],[51,-910],[224,-3101],[61,-2137],[40,-955],[0,-1190],[-10,-631],[-10,-929],[-213,-5147],[0,-54],[-61,-749],[-51,-1117],[-91,-875],[-72,-1118],[-152,-1433],[-223,-1605],[0,-81],[-173,-919],[-142,-1055],[-254,-1704],[-275,-2542],[-30,-568],[-20,-865],[10,-577],[91,-875],[51,-658],[31,-252],[-21,-334],[-20,-496],[0,-99],[-51,-775],[-223,-2118],[-21,-1064],[-10,-839],[-10,-730],[61,-441],[173,-316],[264,-793],[254,-803],[61,-712],[-132,-2118],[0,-253],[61,-739],[132,-631],[101,-388],[610,-2181],[365,-2299],[10,-36],[447,-2758],[72,-722],[0,-685],[10,-5589],[0,-324],[61,-2209],[264,-1316],[274,-1307],[274,-523],[173,-334],[802,-946],[244,-451],[92,-784],[-285,-2732],[-81,-739],[203,-2100],[51,-316],[325,-2055],[691,-2317],[406,-875],[213,-441],[488,-658],[325,-334],[711,-559],[782,-414],[61,-28],[1046,-468],[264,-127],[234,-387],[20,-397],[-81,-270],[-203,-298],[-1351,-1199],[-579,-667],[-183,-261],[-244,-424],[-396,-992],[-112,-486],[-101,-1298],[-20,-1758],[61,-640],[50,-343],[305,-1956],[1249,-7500],[711,-2128],[1636,-3948],[294,-1434],[234,-1172],[1270,-6770],[1138,-6346],[629,-6455],[325,-1911],[549,-2443],[213,-667],[254,-523],[1097,-1532],[417,-776],[122,-486],[243,-2083],[244,-2785],[142,-731],[336,-1099],[40,-72],[1107,-2290],[264,-667],[224,-893],[81,-739],[0,-343],[-40,-288],[-325,-1190],[-72,-460],[-50,-802],[-51,-1109],[-81,-1812],[40,-514],[41,-369],[101,-442],[376,-1145],[508,-1082],[1168,-2956],[102,-343],[61,-325],[30,-333],[-61,-451],[-284,-1046],[-721,-3966],[-163,-2308],[102,-775],[833,-2687],[172,-1244],[-30,-1099],[-41,-586],[-152,-586],[-61,-253],[-1168,-2217],[-610,-1163],[-254,-676],[-30,-172],[-112,-793],[-172,-1749],[-173,-2839],[0,-2164],[396,-2263],[244,-2037],[10,-81],[102,-1361],[30,-1975],[81,-423],[173,-640],[193,-586],[396,-866],[-1544,-4345],[-101,-1064],[-21,-297],[10,-325],[204,-315],[50,-253],[-71,-549],[214,-343],[396,-126],[-21,-406],[-152,-207],[-376,-325],[-254,-414],[366,-163],[-193,-450],[-406,-334],[-620,-45],[-325,-36],[-366,-135],[-284,-145],[-437,109],[-355,-109],[-275,-162],[-172,-396],[619,-127],[346,235],[335,18],[416,-307],[-30,-523],[-153,-513],[244,-190],[254,-243],[-416,-406],[-366,-333],[193,-388],[81,-252],[539,-316],[61,-550],[-265,-243],[-162,-217],[-71,-333],[30,-262],[183,-315],[71,-289],[-132,-459],[518,-289],[539,-108],[-92,-532],[-325,-252],[-203,-253],[264,-333],[315,-361],[-173,-360],[0,-262],[325,-252],[366,-451],[-295,-334],[-457,145],[-375,261],[-539,63],[-81,-423],[-193,-523],[203,-505],[254,-262],[396,-225],[660,-171],[305,-90],[305,-460],[-417,-325],[-375,-225],[-234,-171],[61,-433],[416,-162],[82,-541],[-51,-451],[-10,-261],[40,-334],[51,-288],[-20,-406],[10,-541],[61,-496],[10,-405],[-20,-514],[51,-271],[111,-297],[173,-352],[112,-198],[233,-397],[173,-333],[132,-334],[61,-469],[0,-288],[30,-541],[41,-333],[41,-370],[30,-298],[0,-333],[-30,-280],[-488,-36],[-508,27],[-355,181],[-305,45],[-416,99],[-519,315],[-538,55],[-640,0],[-366,-18],[-487,-343],[-285,-379],[-274,-360],[-193,-271],[-162,-324],[-254,-298],[-275,-126],[-446,-225],[-336,-181],[-518,-297],[-345,0],[-549,153],[-558,36],[-285,-405],[-355,-208],[-346,-81],[-579,45],[-477,-135],[-589,-162],[-508,-54],[-315,27],[-335,-271],[-366,-243],[-335,-18],[-366,54],[-538,-207],[-254,-190],[-457,-306],[-437,-217],[-295,-180],[-487,-117],[-447,-9],[-284,-9],[-356,-36],[-437,0],[-579,-162],[-345,-190],[-356,-90],[-223,-180],[-417,-298],[-345,-180],[-234,-144],[-284,-370],[-244,-243],[-447,-334],[-386,-153],[-345,-189],[-254,-145],[-335,-297],[-356,-415],[-112,-297],[-10,-442],[-10,-261],[-122,-424],[-213,-478],[-173,-424],[-101,-414],[-51,-334],[-41,-351],[-51,-307],[21,-297],[0,-352],[-274,-333],[-102,-550],[-81,-415],[-41,-289],[-20,-441],[-61,-361],[61,-451],[-132,-531],[-315,-199],[-254,-144],[-244,-288],[-355,-397],[-447,-171],[-254,-145],[-325,-252],[-275,-343],[-162,-369],[-508,-217],[-366,-171],[-264,-288],[-305,-505],[-203,-379],[-91,-180],[-203,-343],[-143,-306],[-132,-370],[-182,-469],[-122,-468],[-21,-370],[0,-469],[-30,-252],[61,-496],[244,-342],[71,-514],[-92,-388],[-426,-415],[-518,-288],[-325,-81],[-620,126],[-569,-27],[-406,-180],[-417,-72],[-396,-37],[-884,-198],[-406,-90],[-264,-9],[-457,18],[-203,72],[-721,1064],[-417,99],[-366,99],[-294,181],[-498,162],[-305,45]],[[203411,537163],[-1514,2299],[-1148,1108],[-1574,956],[-3017,1487],[-2265,821],[-1859,865],[-1503,1091],[-1707,1587],[-122,126],[-406,414],[-31,28],[-558,558],[-508,785],[-345,423],[-366,172],[-417,-45],[-609,-72],[-396,207],[-82,514],[21,595],[-244,279],[-91,469],[-183,225],[-112,469],[81,307],[21,306],[-82,307],[-132,423],[-122,271],[-345,261],[-498,271],[-619,108],[-315,261],[-356,81],[-426,226],[-397,423],[-121,109],[-437,207],[-285,135],[-203,243],[-213,217],[-264,360],[-356,343],[-406,496],[-284,478],[-21,405],[-386,388],[-508,63],[-558,270],[-783,46],[-416,36],[-345,99],[-518,342],[-569,-153],[-610,-99],[-477,-63],[-193,36],[-488,505],[82,504],[345,181],[234,90],[172,433],[21,243],[162,361],[193,477],[244,316],[264,189],[122,361],[447,153],[396,388],[295,144],[40,442],[224,423],[213,316],[234,388],[314,261],[214,126],[447,316],[396,378],[335,388],[163,252],[1015,1100],[549,739],[213,1019],[-416,1722],[-346,676],[-436,577],[-1250,1731],[-1046,1667],[-508,1127],[518,81],[579,91],[589,153],[407,180],[335,216],[244,181],[264,324],[477,99],[406,91],[437,333],[417,289],[528,-298],[315,-297],[416,-343],[498,216],[498,-162],[386,-72],[508,316],[314,369],[275,-126],[396,225],[162,370],[21,334],[-41,477],[193,307],[366,333],[508,-207],[406,-216],[477,288],[437,63],[356,199],[111,378],[11,496],[487,198],[447,99],[640,-63],[203,-243],[498,-36],[41,424],[264,288],[335,36],[355,-288],[539,18],[172,189],[153,397],[122,333],[10,235],[325,288],[569,-45],[589,-144],[335,-208],[366,271],[71,532],[-274,423],[457,262],[376,-126],[487,-109],[315,352],[-101,361],[182,441],[295,253],[152,198],[41,415],[-31,369],[-213,388],[-203,279],[0,334],[10,379],[203,396],[132,406],[-223,442],[41,333],[223,370],[132,324],[193,460],[-41,325],[204,261],[152,469],[-112,279],[41,316],[-92,405],[224,316],[548,261],[-121,208],[-437,243],[386,379],[264,270],[183,424],[0,306],[538,190],[396,342],[549,217],[223,270],[447,126],[285,126],[254,316],[518,270],[304,-9],[285,262],[376,279],[589,127],[193,72],[365,432],[295,72],[335,163],[406,117],[437,162],[295,244],[457,153],[173,252],[203,280],[386,351],[203,253],[-244,396],[71,334],[153,288],[-224,469],[-40,307],[91,432],[20,478],[-355,171],[-82,352],[-81,307],[10,405],[-101,361],[-254,135],[81,433],[366,117],[274,63],[457,90],[569,162],[173,118],[355,252],[366,162],[447,271],[701,414],[528,388],[488,352],[731,396],[396,226],[802,81],[397,45],[1290,135],[50,9],[2550,460],[345,117],[254,207],[153,352],[833,3389],[0,19],[-41,694],[-284,396],[-478,370],[-203,153],[-1381,451],[-468,333],[-518,532],[-183,352],[-619,1199],[-41,81],[-376,1046],[-71,919],[61,884],[335,937],[122,352],[71,667],[102,451],[10,495],[-91,478],[-71,171],[-539,397],[884,911],[396,234],[437,36],[477,-45],[508,-216],[427,-379],[538,-406],[132,244],[244,459],[163,487],[294,658],[203,676],[102,505],[61,415],[234,613],[233,397],[122,279],[41,433],[0,631],[-102,694],[-305,829],[-132,370],[-30,595],[-112,469],[-71,360],[20,433],[21,604],[-11,730],[0,577],[11,577],[-112,667],[-203,1334],[-31,244],[-416,1118],[-274,378],[-447,622],[-275,253],[-142,396],[-254,271],[-254,198],[-172,343],[-51,306],[20,496],[71,315],[142,253],[803,847],[884,992],[843,955],[1076,1208],[569,613],[407,451],[203,189],[467,397],[538,523],[894,838],[467,-189],[214,54],[1361,3002],[1412,-180],[416,7834],[965,2443],[884,2803],[853,1974],[-71,406],[-193,316],[-457,558],[-274,361],[-81,325],[-31,342],[-71,550],[-112,234],[-213,307],[-163,261],[41,370],[-173,334],[-172,279],[-264,505],[-132,306],[-51,289],[71,541],[579,-9],[569,9],[162,423],[-203,298],[-61,315],[-223,388],[-82,270],[-20,370],[335,361],[518,207],[356,352],[325,378],[305,244],[335,432],[122,460],[-41,352],[-376,171],[122,532],[274,225],[244,469],[-81,297],[-213,226],[-224,261],[-142,397],[81,333],[-254,343],[-355,108],[-264,81],[-234,325],[-51,387],[-91,334],[-254,279],[-315,370],[-163,478],[214,541],[152,342],[498,307],[376,144],[223,352],[244,459],[213,361],[82,433],[91,378],[244,370],[-153,288],[-386,217],[-203,216],[-355,225],[-285,82],[-376,360],[-193,325],[-50,513],[50,253],[122,451],[0,568],[-447,-55],[-233,487],[20,442],[315,469],[264,234],[305,153],[274,127],[386,-45],[478,-9],[487,63],[366,72],[274,189],[91,325],[397,72],[467,306],[213,171],[376,91],[640,63],[244,342],[-61,496],[528,280],[-61,540],[-10,379],[335,307],[488,207],[477,-72],[274,81],[275,315],[203,271],[508,324],[213,199],[203,342],[183,406],[173,334],[345,351],[508,90],[498,208],[335,369],[315,180],[437,-180],[294,18],[447,9],[183,-243],[620,-27],[254,153],[253,307],[11,315],[132,307],[355,405],[437,0],[295,144],[304,262],[31,388],[142,342],[223,352],[346,234],[396,171],[91,406],[-61,532],[204,261],[-315,487],[-254,334],[-112,198],[-396,252],[-295,163],[41,459],[203,271],[0,324],[-183,487],[-183,424],[-40,397],[193,180],[284,342],[478,-207],[325,-135],[375,-117],[508,-82],[579,-117],[356,-171],[559,-234],[375,-127],[325,-180],[407,-225],[772,-388],[233,334],[397,198],[670,-144],[1605,-487],[81,361],[-51,432],[61,298],[143,342],[264,541],[193,388],[294,469],[508,739],[254,405],[660,1019],[508,766],[356,613],[304,496],[295,433],[295,469],[355,477],[274,388],[407,442],[396,442],[386,1036],[30,45],[305,667],[610,1560],[254,505],[2194,3047],[233,162],[2723,1028],[365,54],[457,-54],[1443,-271],[2052,-423],[3118,-1019],[1067,-487],[-275,-180],[163,-424],[213,-333],[-51,-280],[133,-315],[111,-352],[-183,-343],[132,-225],[356,-388],[345,-198],[549,171],[508,127],[233,-118],[447,-189],[224,-162],[386,-198]]],"bbox":[100.41997,14.64684,101.40443,15.75613],"transform":{"scale":[9.84460984460983e-7,0.0000011092911092911108],"translate":[100.41997,14.64684]}}