{"type":"Topology","objects":{"districts":{"type":"GeometryCollection","geometries":[{"type":"Polygon","arcs":[[0,1,2,3]],"properties":{"CODE":"2001","PARENT":"20","NAME_TH":"เมืองชลบุรี","NAME_EN":"Mueang Chon Buri","NAME_CN":"Mueang Chon Buri","COLOR_IDX":2}},{"type":"Polygon","arcs":[[4,5,6,7,-2,8]],"properties":{"CODE":"2002","PARENT":"20","NAME_TH":"บ้านบึง","NAME_EN":"Ban Bueng","NAME_CN":"Ban Bueng","COLOR_IDX":1}},{"type":"Polygon","arcs":[[9,10,-7,11]],"properties":{"CODE":"2003","PARENT":"20","NAME_TH":"หนองใหญ่","NAME_EN":"Nong Yai","NAME_CN":"Nong Yai","COLOR_IDX":2}},{"type":"MultiPolygon","arcs":[[[12]],[[13]],[[14]],[[15]],[[16]],[[17]],[[18]],[[19]],[[20]],[[21]],[[22,23,24,25]]],"properties":{"CODE":"2004","PARENT":"20","NAME_TH":"บางละมุง","NAME_EN":"Bang Lamung","NAME_CN":"Bang Lamung","COLOR_IDX":1}},{"type":"Polygon","arcs":[[26,-9,-1,27]],"properties":{"CODE":"2005","PARENT":"20","NAME_TH":"พานทอง","NAME_EN":"Phan Thong","NAME_CN":"Phan Thong","COLOR_IDX":0}},{"type":"Polygon","arcs":[[28,29,-5,-27,30]],"properties":{"CODE":"2006","PARENT":"20","NAME_TH":"พนัสนิคม","NAME_EN":"Phanat Nikhom","NAME_CN":"Phanat Nikhom","COLOR_IDX":2}},{"type":"MultiPolygon","arcs":[[[31]],[[32]],[[-8,-11,33,-26,34,-3]]],"properties":{"CODE":"2007","PARENT":"20","NAME_TH":"ศรีราชา","NAME_EN":"Si Racha","NAME_CN":"Si Racha","COLOR_IDX":3}},{"type":"MultiPolygon","arcs":[[[35]],[[36]],[[37]],[[38]],[[39]],[[40]],[[41]],[[42]]],"properties":{"CODE":"2008","PARENT":"20","NAME_TH":"เกาะสีชัง","NAME_EN":"Ko Si Chang","NAME_CN":"Ko Si Chang","COLOR_IDX":0}},{"type":"MultiPolygon","arcs":[[[43]],[[44]],[[45]],[[46]],[[47]],[[48]],[[49]],[[50]],[[51]],[[52]],[[53]],[[54]],[[55]],[[56]],[[57]],[[58]],[[59]],[[60]],[[61]],[[62]],[[63]],[[64]],[[65]],[[66]],[[67]],[[68]],[[69]],[[70]],[[71,-24]]],"properties":{"CODE":"2009","PARENT":"20","NAME_TH":"สัตหีบ","NAME_EN":"Sattahip","NAME_CN":"Sattahip","COLOR_IDX":0}},{"type":"Polygon","arcs":[[72,-12,-6,-30,73]],"properties":{"CODE":"2010","PARENT":"20","NAME_TH":"บ่อทอง","NAME_EN":"Bo Thong","NAME_CN":"Bo Thong","COLOR_IDX":0}},{"type":"Polygon","arcs":[[-74,-29,74]],"properties":{"CODE":"2011","PARENT":"20","NAME_TH":"เกาะจันทร์","NAME_EN":"Ko Chan","NAME_CN":"Ko Chan","COLOR_IDX":1}}]}},"arcs":[[[337111,880798],[46,-259],[-55,-416],[-38,-314],[93,-352],[271,-249],[484,-213],[644,-204],[214,-73],[419,-56],[457,-28],[252,-277],[-317,-333],[-326,-222],[-308,-240],[-121,-518],[298,-481],[485,185],[279,203],[373,269],[494,-84],[140,-508],[149,-500],[-149,-314],[196,-287],[363,74],[261,-55],[410,46],[196,-203],[37,-435],[159,-453],[-299,-139],[-363,-323],[-401,-380],[131,-360],[242,-185],[513,166],[317,176],[503,203],[419,-27],[354,-231],[112,-287],[205,-518],[-28,-425],[-37,-287],[-298,-462],[205,-721],[345,-296],[121,-241],[-140,-518],[-373,-129],[-251,-231],[-205,-518],[74,-444],[261,-250],[177,-527],[-46,-296],[205,-388],[65,-259],[-205,-379],[-131,-361],[-37,-554],[-140,-361],[233,-314],[289,-93],[494,139],[-121,407],[-37,305],[168,314],[298,204],[345,-185],[484,-333],[317,-102],[10,-462],[65,-296],[279,-638],[187,-268],[223,-167],[308,-120],[438,-203],[289,-222],[65,-518],[159,-407],[195,-444],[839,-989],[793,-1101],[391,-138],[1333,943],[708,499],[0,19],[4586,3310],[-960,1960],[2377,1036],[-3095,6251],[2032,1082],[876,-1822],[131,-721],[2497,-9],[1287,2875],[2246,148],[494,-314],[307,46],[560,139],[1407,65],[1398,101],[3570,296],[727,-943],[-522,-277],[736,-1406],[-503,-416],[3318,-6528],[2451,18],[2508,287],[1947,296],[1156,-157],[1780,-1424],[1790,-1110],[447,-657],[578,-490],[569,-314],[1053,-176],[3868,500],[1752,-269],[1463,-453],[-978,-1479],[-1016,-1674],[-336,-490],[-1137,-1655],[-578,-435],[-335,-120],[-485,231],[-121,222],[-112,324],[-93,333],[9,277],[-37,509],[-261,638],[-606,444],[-550,231],[-615,18],[-382,-231],[-121,-268],[-289,-675],[-764,259],[-159,-93],[-326,-739],[-242,-28],[-308,-407],[-606,-915],[-307,-749],[-84,-296],[-177,-592],[-47,-176],[-168,-444],[-158,-481],[-149,-305],[-774,-425],[-233,-425],[-335,-546],[-196,-213],[-298,-277],[-466,-342],[-177,-213],[83,-1017],[-121,-148],[-606,-388],[38,-426],[46,-240],[38,-435],[167,-564],[112,-434],[112,-361],[373,-416],[140,-416],[-261,-962],[-66,-240],[-298,-324],[-28,-379],[38,-527],[-150,-472],[-223,-527],[-84,-259],[0,-434],[-28,-315],[-47,-388],[-130,-268],[-298,-278],[-569,-795],[130,-545],[196,-278],[65,-333],[0,-388],[-37,-231],[0,-500],[205,-369],[187,-370],[354,-980],[-168,-398],[-289,-435],[214,-203],[373,-259],[121,-462],[252,-500],[261,-296],[317,-397],[-47,-315],[-93,-277],[-298,-490],[-159,-361],[-158,-296],[-261,-360],[-280,-342],[485,-1951],[904,-2821],[-466,-231],[-279,-176],[-159,-443],[112,-407],[93,-305],[121,-491],[121,-221],[178,-296],[270,-731],[158,-416],[-1603,-314],[867,-1360],[298,-841],[56,-231],[317,-111],[429,-222],[317,-241],[307,-471],[299,-287],[260,-28],[355,-120],[195,-434],[187,-333],[168,-324],[316,-194],[429,-9],[438,-93],[625,56],[363,-157],[289,-185]],[[388951,815710],[-186,-213],[-317,-361],[-84,-592],[84,-462],[168,-360],[-187,-380],[-102,-268],[-38,-407],[-1043,-813],[-2004,-1933],[-383,-333],[-605,-564],[-420,-379],[-494,-462],[-997,-768],[-158,-555],[-66,-480],[-279,-306],[-159,-268],[-130,-434],[18,-444],[187,-897],[102,-287],[243,-268],[1277,-694],[1137,-360],[1193,-278],[689,-194],[224,-111],[513,-277],[484,-333],[485,-83],[270,-74],[410,-204],[392,-564],[242,-416],[615,-860],[187,-277],[214,-204],[28,-351],[112,-240],[37,-407],[149,-278],[252,-231],[102,-573],[28,-398],[131,-453],[149,-619],[9,-407],[19,-361],[-9,-370],[-75,-360],[-279,-481],[-131,-463],[-84,-351],[-121,-518],[-205,-425],[-103,-203],[-93,-380],[-65,-545],[75,-444],[177,-342],[279,-426],[159,-258],[233,-222],[382,-102],[242,0],[373,185],[391,185],[392,-157],[168,-481],[-140,-333],[-37,-305],[158,-453],[317,-463],[84,-351],[158,-407],[252,-573],[186,-472],[112,-305],[252,-555],[345,-804],[-1398,342],[-308,-296],[-438,-527],[-205,-93],[-559,-9],[-783,-74],[-345,361],[-140,333],[-9,370],[382,138],[56,296],[-466,1877],[-541,-185],[-177,185],[-419,102],[-587,-176],[-19,-462],[-475,-111],[-569,37],[-485,148],[-251,333],[-485,83],[-335,-129],[-261,-56],[-541,-148],[-438,-28],[-308,-64],[-1202,-65],[-652,18],[-513,121],[-690,277],[-363,56],[-326,-56],[-271,-490],[-447,-499],[-420,-10],[-372,-83],[-485,-212],[-494,18],[-401,324],[-233,138],[-335,315],[-289,314],[-289,157],[-317,56],[-364,166],[-344,296],[-383,426],[-242,277],[-214,111],[-448,148],[-503,277],[-317,213],[-270,222],[-233,185],[-410,286],[-205,333],[-140,287],[-177,268],[-261,259],[-289,240],[-215,213],[-438,333],[-475,130],[-354,-592],[-224,-315],[-196,-277],[-279,-536],[-205,-370],[-270,-574],[-401,-564],[-504,-739],[-848,259],[-345,73],[-503,-18],[-643,-18],[-364,-37],[47,-463],[224,-277],[186,-222],[308,-324],[112,-212],[102,-370],[233,-222],[382,-241],[280,-397],[233,-287],[643,-425],[885,-703],[504,-407],[251,-185],[634,-268],[308,-129],[503,-167],[373,-185],[503,-203],[429,-204],[345,-203],[168,-139],[298,-268],[242,-259],[242,-176],[345,-46],[84,-499],[0,-435],[103,-518],[56,-323],[93,-342],[307,-453],[494,-28],[252,222],[242,194],[103,508],[28,518],[112,296],[298,490],[298,176],[466,-222],[299,-203],[447,-306],[186,-55],[541,-166],[466,-278],[47,-314],[363,-250],[233,-92],[373,-84],[261,-64],[373,-111],[345,-148],[456,-315],[336,-342],[233,-249],[335,-148],[140,-269],[28,-323],[699,-56],[37,-462],[28,-296],[47,-564],[-65,-675],[-47,-518],[-326,-129],[-429,46],[-559,55],[-513,10],[-550,9],[-605,-28],[-737,278],[-997,-37],[-186,-333],[-168,-241],[-131,-397],[-205,-305],[-615,0],[75,-324],[1239,-361],[299,-166],[372,18],[522,56],[401,-83],[401,37],[457,-130],[298,-240],[419,249],[-93,-1525],[65,-527],[93,-407],[392,-832],[559,18],[401,37],[242,-9],[690,-37],[447,-241],[103,-527],[-187,-555],[56,-499],[10,-573],[-28,-324],[261,-388],[438,9],[307,111],[438,-28],[420,-64],[177,-315],[-205,-656],[-205,-703],[-112,-398],[-84,-323],[177,-537],[298,102],[494,37],[448,-28],[335,-64],[401,-111],[420,-121],[326,-111],[298,-471],[140,-287],[438,-804],[205,-398],[345,-425],[326,-389],[270,-194],[410,-397],[327,-232],[46,-351],[0,-287],[-9,-305],[-65,-388],[-84,-342],[-28,-370],[37,-296],[28,-490],[84,-555],[112,-342],[-10,-555],[103,-416],[326,-444],[196,-407],[494,-120],[475,296],[336,-361],[93,-222],[196,-425],[121,-240],[46,-389],[-83,-471],[-47,-435],[28,-453],[102,-213],[140,-342],[224,-166],[466,-111],[205,-148],[131,-370],[-439,-342],[38,-555],[177,-952],[74,-518],[94,-259],[233,-388],[177,-278],[130,-481],[28,-333],[-9,-332],[0,-333],[130,-481],[252,-231],[289,-185],[252,-231],[214,-259],[158,-296],[177,-472],[84,-333],[56,-323],[38,-500],[-10,-342],[-9,-333],[-37,-499],[-84,-324],[-121,-314],[-140,-305],[-112,-315],[-112,-323],[-93,-324],[-252,-610],[-242,-509],[-149,-555],[-47,-360],[28,-342],[336,-1369],[28,-379],[-84,-444],[-280,-638],[-279,-952],[-140,-629],[-66,-370],[10,-250],[74,-453],[149,-222],[345,-296],[690,-379],[447,-286],[308,-490],[-56,-296],[-615,-842],[-345,-388],[-140,-250],[-643,-1516],[-279,-278],[-271,-212],[-270,-204],[-419,-286],[-429,-278],[-1333,-804],[-895,-786],[-3048,-2599],[-494,-434],[-568,-481],[-1277,-934],[-382,-277],[-168,-167],[-307,-416],[-383,-231],[-410,-139],[-540,-120],[-476,-74],[-512,-93],[-326,-83],[-467,-222],[-288,-203],[-233,-231],[-224,-453],[-65,-333],[37,-333],[56,-333],[46,-333],[-37,-499],[-84,-324],[-289,-407],[-261,-231],[-242,-231],[-158,-296],[-103,-324],[-9,-333],[37,-332],[56,-333],[19,-333],[0,-509],[-28,-499],[-66,-499],[-56,-333],[-74,-324],[-177,-472],[-243,-443],[-214,-269],[-242,-231],[-261,-203],[-289,-194],[-289,-195],[-280,-184],[-289,-185],[-671,-379]],[[377757,704147],[-2032,-907],[-652,-222],[-820,-259],[-830,-221],[-512,-111],[-354,-47],[-327,28],[-307,120],[-438,287],[-392,333],[-354,370],[-336,388],[-363,351],[-261,222],[-438,259],[-485,167],[-289,46],[-344,9],[-485,-120],[-354,-203],[-597,-426],[-326,-101],[-475,-47],[-345,19],[-485,249],[-317,269],[-270,259],[-1538,1756],[-252,278],[-279,268],[-345,203],[-1380,444],[-270,120],[-429,287],[-661,546],[-1352,1313],[-317,231],[-354,185],[-1034,397],[-1128,426],[-615,296],[-578,360],[-410,315],[-364,351],[-289,416],[-279,610],[-94,324],[-242,629],[-168,296],[-251,314],[-187,120],[-811,333],[-577,-27],[-476,-204],[-270,-203],[-252,-231],[-345,-370],[-214,-268],[-326,-389],[-205,-268],[-317,-398],[-214,-259],[-224,-249],[-354,-370],[-252,-231],[-261,-222],[-270,-194],[-299,-176],[-307,-157],[-466,-204],[-215,-83],[-1071,-610],[-727,-647],[-578,-518],[-634,-657],[-606,-231],[-857,-148],[-448,-213],[-410,-369],[-1910,-1683],[-140,-102],[-532,-361],[-885,-564],[-1174,-471],[-597,-185],[-1212,-232],[-1137,-64],[-605,37],[-261,64],[-383,102],[-708,-9],[-811,-130],[-736,-258],[-2032,-592],[-289,-111],[-401,-167],[-475,-314],[-457,-250],[-578,-74],[-736,84],[-652,27],[-522,167],[-541,360],[-652,629],[-681,842],[-149,129],[-363,314],[-457,222],[-1007,241],[-932,65],[-605,-47],[-690,-277],[-951,-120],[-951,-231],[-708,-380],[-755,-767],[-168,-388],[-46,-601],[-19,-768],[-28,-259],[-84,-379],[-140,-222],[-242,-287],[-242,-259],[-737,-795],[-223,-425],[-196,-657],[-335,-1091],[-252,-786],[-317,-795],[-158,-240],[-476,-416],[-149,-398],[186,-980],[-46,-463],[-121,-425],[-280,-416],[-307,-259],[-308,-250],[-308,-129],[-792,28],[-941,9],[-224,-74],[-410,-157],[-224,-194],[-186,-241],[-261,-342],[-233,-388],[-205,-333],[-215,-537],[-130,-656],[-121,-768],[-149,-601],[-215,-527],[-261,-351],[-811,-768],[-233,-185],[-568,-314],[-289,-444],[-298,-333],[-326,-259],[-327,-157],[-307,-212],[-336,-490],[-224,-343],[-251,-370],[-187,-342],[-55,-573],[335,-989],[233,-620],[233,-536],[-9,-352],[0,-351],[56,-296],[205,-851],[531,-1821],[103,-879],[214,-323],[326,-111],[690,-305],[503,-139],[345,-462],[-615,-1813],[-131,-259],[-317,-1072],[-18,-232],[-28,-795],[-93,-878],[-10,-620],[-130,-564],[-37,-564],[46,-370],[-494,-138],[-140,74],[-419,268],[-485,407],[-307,305],[-112,249],[-93,509],[-75,546],[-196,1239],[-167,138],[-513,93],[-1827,27],[-485,10],[-307,46],[-280,120],[-317,1054],[-1547,3505],[-1128,2561],[-9,0],[-410,463],[-550,194],[-419,222],[-243,129],[-344,9],[-513,167],[-252,148],[-251,333],[-327,305],[-261,203],[-344,185],[-364,268],[-382,315],[-438,333],[-308,443],[-251,454],[-532,148],[-438,138],[-410,93],[-242,-10],[-392,-27],[-755,-361],[-727,-342],[-624,-305],[-242,-157],[-457,-472],[-37,-37],[-811,-823],[-578,-546],[-466,-92],[-1184,-65],[-429,-120],[-279,-222],[-522,0],[-429,-92],[-512,-185],[-355,-315],[-391,-157],[-261,-9],[-326,-157],[-1482,-638],[-653,-287],[-382,-129],[-1211,-296],[-522,-37],[-476,-56],[-1994,-333],[-159,-18],[-447,-9],[-522,-37],[-401,-130],[-270,-120],[-457,-83],[-391,-56],[-205,-37],[-420,-46],[-270,-37],[-326,-37]],[[265204,675546],[-336,250],[-140,407],[-37,434],[-252,953],[196,157],[-261,1045],[-28,360],[-112,398],[-46,231],[-37,351],[-66,269],[-214,527],[-103,129],[-111,583],[326,296],[-66,388],[196,398],[-74,240],[-205,841],[-205,491],[-289,739],[270,315],[-364,1026],[-223,703],[-177,508],[-168,454],[-159,545],[66,425],[-103,454],[-382,37],[-205,517],[-140,546],[-56,370],[-46,305],[-47,379],[-28,435],[112,286],[112,287],[-149,435],[102,277],[168,324],[-485,1100],[-214,481],[-233,647],[-364,777],[-177,425],[-261,629],[-242,592],[-280,647],[-56,129],[-242,602],[-140,453],[-102,351],[-112,351],[-140,389],[-307,869],[-280,749],[-186,481],[-168,425],[-224,555],[-205,472],[-261,545],[-130,305],[-159,324],[-112,259],[-167,314],[-206,426],[-577,1155],[-522,888],[-541,934],[-885,1406],[-867,1350],[-531,915],[-588,841],[-605,851],[-560,860],[-689,906],[-802,1027],[-419,555],[-541,675],[-811,1063],[-662,767],[-941,1073],[-587,712],[-261,305],[-354,398],[-3486,3837],[-1864,1988],[-1063,1147],[-820,610],[-1025,795],[-466,296],[-709,269],[-251,147],[-513,759],[-391,305],[-66,240],[-419,194],[75,574],[223,444],[187,249],[233,222],[354,139],[252,185],[288,157],[569,0],[410,-250],[410,-46],[252,-74],[652,712],[485,-240],[233,259],[112,379],[102,305],[10,407],[-47,740],[-177,887],[-28,731],[-75,573],[-46,379],[-121,250],[46,388],[93,472],[233,499],[131,370],[37,250],[140,416],[75,333],[18,305],[-102,416],[-103,416],[-186,666],[-280,675],[-130,462],[0,509],[28,268],[93,342],[270,472],[494,92],[317,-240],[261,0],[559,-518],[354,-204],[28,-517],[103,-398],[280,-462],[177,-222],[372,-416],[308,-324],[438,-83],[326,-56],[699,-55],[327,9],[344,-129],[299,-139],[251,-130],[494,-101],[168,-56],[513,0],[568,-18],[215,18],[736,83],[540,121],[345,46],[261,-65],[345,9],[401,65],[252,37],[568,176],[289,111],[289,148],[326,157],[653,407],[624,379],[420,268],[214,231],[466,342],[0,463],[28,527],[130,296],[168,379],[168,212],[429,685],[261,518],[270,582],[298,740],[84,277],[121,472],[84,407],[65,397],[66,361],[83,388],[159,759],[93,980],[56,638],[-149,518],[-196,406],[-307,361],[-327,361],[-261,388],[-102,296],[-131,481],[-149,323],[84,537],[-46,518],[0,305],[-38,490],[66,305],[205,416],[261,398],[279,333],[84,369],[112,296],[205,352],[345,157],[466,-19],[485,-138],[624,-130],[522,56],[345,333],[205,286],[205,463],[102,351],[112,546],[0,212],[28,509],[-9,129],[-47,657],[-205,989],[-18,287],[270,333],[149,360],[233,268],[364,444],[372,315],[271,249],[289,213],[400,250],[485,-250],[401,-92],[540,-65],[457,-65],[196,-111],[429,-222],[344,28],[513,65],[447,-37],[271,-370],[-19,-278],[168,-471],[401,120],[261,-388],[363,-176],[485,-129],[261,74],[894,-352],[224,0],[923,111],[345,19],[512,314],[410,305],[606,148],[168,130],[382,277],[289,46],[522,46],[233,241],[242,508],[466,481],[84,222],[951,1054],[569,370],[1295,712],[1221,786],[941,721],[1035,583],[177,92],[783,407],[755,389],[662,203],[438,-92],[503,120],[419,370],[420,129],[1044,130],[1472,-222],[578,-130],[550,37],[410,-27],[382,27],[401,231],[243,130],[438,55],[251,10],[345,55],[373,65],[1342,351],[2041,324],[1035,213],[494,203],[596,361],[438,185],[168,64],[988,416],[1361,407],[1258,509],[1156,573],[391,250],[336,222],[354,370],[159,342],[307,305],[354,434],[280,352],[289,259],[298,-65],[401,157],[354,185],[391,342],[923,953],[168,240],[680,953],[187,388],[18,37],[457,952],[-158,555],[9,435],[93,277],[224,407],[196,379],[-1520,472],[-400,203],[559,1665],[596,1840],[261,-47],[550,-37],[522,121],[215,-37],[577,46],[401,-19],[270,65],[261,287],[131,629],[93,379],[9,453],[-773,74],[-84,92],[112,925],[-10,9],[-596,93],[-410,138],[-718,111],[121,259],[47,435],[1156,129],[279,490],[541,47],[447,-37],[569,157],[335,-28],[513,203],[-1090,158],[-476,148],[-550,157],[-354,-185],[-522,92],[-326,342],[419,324],[327,-28],[270,139],[261,259],[401,0],[857,-46],[-121,481],[-9,351],[-970,213],[-214,-19],[-522,-55],[-140,-195],[-186,-508],[-392,287],[299,693],[288,130],[457,83],[336,185],[46,360],[94,250],[568,9],[531,65],[66,314],[410,74],[261,47],[559,101],[233,28],[568,83],[178,213],[531,74],[251,213],[84,573],[-811,46],[-195,379],[223,139],[755,129],[494,93],[345,55],[401,74],[0,444],[233,546],[130,527],[504,102],[-38,453],[-83,443],[74,241],[410,213],[-177,1091],[-168,490],[-223,314],[-336,176],[-494,74],[-242,425],[-140,296],[-289,333],[-391,194],[-28,398],[1407,222],[-47,545],[-568,2367],[-345,574],[47,101],[671,74],[56,463],[-56,601],[-168,508],[196,518],[-66,684],[-18,204],[-65,434],[-75,620],[-47,305],[-83,1221],[-112,379],[-271,379],[-400,324],[-364,388],[-149,314],[-196,1323],[-102,462],[-308,176],[-680,397],[-625,1387],[-3411,7611],[-233,499],[-363,832],[-504,1572],[93,592],[94,379],[-112,92],[-541,-166],[-494,296],[-1715,3310],[-3197,7897],[-326,999],[-1044,3227],[-56,139],[-503,1553],[9,999],[-102,1257],[-243,3079],[159,2737],[102,1646],[10,102],[65,1091],[205,1387],[205,1184],[252,1600],[121,721],[531,1405],[37,944],[355,499],[130,213],[168,314],[214,1590],[-140,111],[-6226,4873],[-83,74],[10261,11587],[19,18],[1165,-841],[1827,-1313],[839,-786],[456,-546],[280,-508],[289,-528],[298,-721],[233,-545],[233,-352],[149,-240],[243,-287],[540,-129],[438,37],[466,18],[522,-249],[187,-380],[102,-425],[187,-277],[438,-204],[307,0],[466,-83],[466,-314],[289,-472],[215,-333],[503,-148],[596,278],[476,277],[251,148],[280,176],[373,83],[270,-37],[345,-213],[419,-342],[429,0],[681,46],[400,232],[466,212],[261,74],[438,148],[327,120],[289,158],[251,157],[541,333],[233,111],[354,166],[550,213],[354,120],[419,83],[289,-9],[578,-46],[457,-158],[438,-175],[447,-324],[410,-28],[345,74],[289,-83],[280,-314],[354,83],[336,-157],[-75,-444],[513,-222],[326,314],[345,-296],[578,-55],[447,287],[270,-232],[392,-157],[251,-129],[205,-463],[299,-425],[214,-360],[242,-629],[122,-407],[205,-370],[372,-305],[336,-56],[475,19],[299,18],[400,84],[271,185],[289,194],[382,37],[307,-158],[280,-203]],[[455741,801664],[56,-1323],[94,-897],[503,-693],[540,-1027],[0,-693],[28,-1415],[159,-360],[634,-185],[326,-342],[382,-241],[783,-185],[531,-222],[466,-425],[429,-398],[224,472],[326,1498],[-625,998],[-494,676],[-130,582],[9,915],[-270,463],[-727,481],[-736,980],[-84,1174],[-66,1933],[494,55],[494,0],[466,-92],[308,-37],[317,-28],[326,-9],[336,9],[447,93],[485,83],[307,55],[578,120],[364,-64],[447,-185],[475,-204],[271,-111],[298,-120],[289,-102],[354,-92],[466,-74],[419,-74],[280,-55],[373,-37],[363,-19],[280,0],[503,-9],[373,46],[457,74],[270,56],[550,101],[373,56],[503,83],[317,83],[364,120],[559,167],[503,102],[364,55],[279,55],[429,84],[466,83],[391,46],[392,120],[242,139],[457,240],[382,130],[541,83],[559,111],[578,83],[456,-27],[401,-47],[429,-185],[242,-268],[187,-231],[177,-324],[84,-425],[317,-499],[205,-324],[279,-481],[271,-453],[233,-277],[251,-296],[494,-324],[233,-203],[298,-398],[289,-370],[289,-342],[187,-249],[363,-370],[392,-250],[214,-111],[391,-74],[327,9],[848,56],[382,46],[298,28],[382,-46],[233,-65],[429,-130],[531,-185],[522,-212],[345,-194],[243,-158],[261,-175],[335,-315],[308,-323],[372,-398],[373,-222],[429,-351],[270,-194],[364,-333],[233,-213],[373,-361],[344,-351],[420,-407],[177,-148],[345,-268],[242,-203],[298,-269],[522,-443],[280,222],[252,517],[158,342],[261,315],[261,277],[364,324],[233,185],[316,268],[215,213],[93,379],[-47,453],[-83,693],[-112,463],[-103,212],[-205,333],[-168,268],[-223,454],[-177,360],[-206,444],[47,314],[224,417],[205,258],[214,269],[317,443],[541,740],[466,574],[140,323],[121,509],[102,481],[-56,342],[28,545],[168,287],[410,-111],[308,55],[419,-9],[252,-46],[428,-157],[224,-157],[56,-407],[140,-463],[47,-286],[298,-305],[289,-195],[456,-314],[308,-250],[242,-444],[336,-434],[140,-296],[139,-444],[10,-240],[270,-287],[345,139],[317,138],[419,380],[336,129],[307,-129],[317,-398],[112,-259],[168,-305],[326,-130],[317,-64],[410,46],[354,102],[466,55],[336,19],[578,55],[214,-397],[242,-259],[196,-148],[326,-176],[-56,-555],[-270,-129],[-112,-379],[10,-222],[-38,-389],[-65,-1276],[-93,-453],[-205,-277],[112,-370],[149,-185],[186,-370],[233,-499],[215,-472],[428,-333],[317,-166],[466,-287],[345,-83],[326,-453],[560,-167],[866,343],[289,0],[205,-2026],[75,-37],[783,10],[317,-47],[419,-166],[261,-139],[373,-268],[345,-342],[223,-268],[84,-472],[38,-296],[102,-360],[-326,-352],[-65,-314],[-19,-287],[93,-508],[-56,-305],[-84,-324],[-9,-324],[65,-286],[122,-500],[-103,-342],[-186,-397],[-47,-306],[-93,-749],[-56,-314],[-56,-277],[-28,-527],[-103,-259],[-102,-481],[121,-499],[84,-278],[102,-471],[224,-232],[354,-453],[410,83],[224,37],[895,65],[270,65],[401,55],[336,-37],[438,-231],[307,-111],[503,139],[345,18],[438,-221],[355,-278],[419,-388],[289,-398],[270,-268],[270,-268],[429,-333],[476,-203],[307,-102],[242,-250],[66,-462],[-47,-324],[-65,-425],[-65,-352],[-38,-406],[66,-269],[102,-342],[93,-351],[140,-490],[75,-315],[74,-434],[84,-398],[121,-407],[299,-129],[298,-28],[429,-65],[521,-92],[206,-46],[6999,-250],[1091,-185],[391,-74],[466,139],[401,37],[373,-213],[1491,93],[503,-167],[38,-2654],[56,-370],[130,-406],[233,-269],[336,-175],[456,-213],[-18,-555],[-392,-490],[-102,-323],[289,-259],[428,-232],[299,-240],[186,-166],[289,-361],[373,-176],[596,185],[895,278],[550,148],[280,9],[801,-19],[457,-9],[1193,-18],[587,-19],[363,-18],[522,-28],[886,-56],[382,-55],[373,-130],[484,-268],[550,-333],[373,-231],[448,-259],[568,65],[448,102],[512,-37],[242,-194],[299,-241],[261,-83],[419,-601],[121,-490],[187,-435],[335,-120],[196,-324],[-19,-462],[224,-435],[289,-360],[308,-139],[400,-259],[243,-323],[419,-232],[140,-508],[512,139],[439,37],[410,-102],[298,-65],[326,120],[494,65],[233,74],[354,65],[364,37],[317,55],[522,19],[298,-102],[438,28],[205,-278],[513,-388],[242,-65],[419,130],[550,-222],[47,-361],[503,-46],[336,-167],[373,-185],[158,-240],[280,-324],[475,-295],[-159,-361],[233,-379],[289,-241],[289,-231],[457,157],[410,-46],[410,-9],[317,-93],[308,204],[484,-231],[-56,-361],[196,-398],[541,56],[391,-28],[243,-83],[428,-83],[373,-83],[373,-435],[466,-139],[224,-268],[205,-166],[270,-176],[326,-28],[420,-83],[466,-314],[270,175],[466,-64],[438,-333],[196,-389],[-28,-249],[205,-370],[205,-416],[149,-287],[28,-296],[0,-379],[308,-407],[74,-351],[233,-268],[438,-158],[503,102],[560,-194],[531,-194],[261,-222],[130,-389],[215,-314],[335,-194],[19,-287],[75,-444],[298,-166]],[[577830,745258],[503,-157],[485,-213],[438,-120],[2395,342],[270,37],[494,-46],[1371,9],[270,-9],[447,55],[625,120],[205,-18],[419,-518],[429,-324],[513,-231],[708,-333],[121,-258],[224,-500],[205,-222],[410,-323],[373,-287],[186,-416],[214,-250],[420,-296],[317,-92],[540,28],[466,111],[271,18],[587,9],[513,37],[438,37],[708,19],[951,9],[428,-46],[336,-120],[475,-185],[271,-121],[400,-240],[448,-185],[475,-166],[541,-213],[550,-194],[484,-47],[326,-55],[317,-46],[438,0],[681,-130],[345,-92],[279,-111],[326,-204],[187,-157],[298,-314],[233,-444],[103,-435],[56,-258],[167,-907],[94,-314],[391,-333],[224,-166],[317,-204],[289,-120],[466,-203],[400,-204],[336,-213],[233,-286],[382,-453],[214,-296],[233,-278],[224,-222],[205,-194],[270,-194],[392,-296],[401,-305],[382,-296],[475,-379],[336,-277],[335,-259],[364,-296],[270,-268],[224,-324],[223,-472],[131,-619],[130,-814],[47,-250],[140,-397],[251,-370],[392,-425],[214,-278],[196,-222],[233,-370],[186,-286],[280,-481],[177,-277],[242,-380],[168,-221],[140,-287],[326,-379],[270,64],[392,47],[503,74],[317,64],[485,-27],[391,-213],[476,-314],[354,-232],[484,-332],[327,-250],[270,-231],[391,-315],[364,-314],[233,-176],[280,-249],[195,-167],[261,-213],[354,-360],[289,-481],[308,-573],[93,-176],[233,-407],[242,-444],[187,-305],[335,-407],[261,-240],[355,-305],[372,-315],[317,-277],[289,-250],[196,-157],[326,-240],[233,-102],[541,-130],[373,-27],[475,18],[252,28]],[[625467,715964],[-178,-342],[-279,-333],[-1230,-490],[-1464,-953],[-1379,-1368],[-1007,-1637],[-1137,-3097],[-540,-1489],[-644,-879],[-1062,-1035],[-37,-389],[242,-545],[140,-389],[-65,-425],[37,-240],[112,-398],[149,-314],[-308,-666],[522,-259],[261,-435],[280,-453],[112,-222],[-56,-425],[214,-490],[382,-352],[-196,-240],[-326,-231],[-84,-462],[-251,-518],[261,-389],[261,-259],[74,-406],[10,-232],[-131,-425],[0,-536],[103,-407],[251,-194],[541,120],[373,203],[270,-351],[-37,-462],[18,-306],[121,-388],[112,-361],[438,-369],[-46,-380],[335,-416],[326,-185],[196,-240],[550,-129],[233,-269],[196,-286],[93,-324],[-242,-434],[130,-259],[336,-453],[-103,-444],[-56,-379],[336,-444],[102,-342],[252,-306],[233,-111],[270,-332],[280,-93],[149,-379],[513,37],[149,-333],[307,-65],[289,-101],[252,-278],[531,-101],[-37,-444],[-186,-231],[102,-380],[410,-46],[392,-18],[270,-84],[214,-314],[261,-231],[140,-250],[28,-360],[-130,-296],[177,-315],[-345,-397],[-420,-19],[-531,-37],[-307,-74],[-261,-92],[-420,-185],[-466,-176],[-373,-157],[-382,-213],[-224,-166],[-363,-268],[-345,-269],[-177,-147],[-336,-269],[-205,-249],[-205,-222],[-251,-259],[-215,-222],[-391,-379],[-270,-268],[-196,-213],[-289,-296],[-242,-250],[-280,-286],[-345,-370],[-224,-231],[-205,-278],[-186,-277],[-158,-231],[-187,-379],[-130,-389],[-168,-518],[-75,-277],[-112,-425],[-102,-342],[-233,-472],[-205,-314],[-382,-583],[-205,-333],[-177,-323],[-233,-398],[-94,-176],[-661,-1923],[-252,-869],[-84,-666],[9,-1027],[0,-517],[66,-1212],[-28,-370],[-233,-462],[-308,-592],[-56,-111],[-522,-1525],[-84,-546],[-279,-758],[-541,-1017],[-550,-555],[-410,-352],[-1286,-1396],[-1044,-1415],[-382,-527],[-774,-1183],[-1435,-2867],[130,-638],[84,-564],[149,-712],[84,-388],[-9,-472],[-252,-453],[47,-203],[1929,-685],[271,-138],[1174,-749],[3225,-2062],[1305,-453],[335,-111],[261,-185],[271,-185],[1043,-509],[1482,-786],[131,-434],[-187,-296],[-205,-194],[-130,-389],[-168,-536],[-224,-222],[-391,-259],[-270,-65],[-252,-231],[-280,-425],[-149,-416],[-363,-148],[-233,-158],[-308,-231],[-242,-462],[-261,-129],[-364,-352],[-261,-240],[-456,-167],[-364,37],[-251,-157],[-289,-139],[-476,-212],[-373,18],[-382,-176],[-335,-92],[-317,-18],[-354,-398],[-410,-167],[-28,-295],[-261,-481],[-10,-370],[56,-287],[149,-536],[84,-444],[-84,-509],[-37,-379],[0,-259],[326,-388],[38,-314],[56,-426],[18,-286],[0,-324],[-102,-351],[-140,-463],[-75,-249],[-149,-416],[-279,-37],[-355,-28],[-522,-56],[-121,-249],[-167,-398],[-215,-518],[-177,-194],[-391,-28],[-429,-18],[-364,-407],[-335,-194],[-177,-185],[-252,-268],[-214,-176],[-392,-324],[-391,-138],[-298,-84],[-466,19],[-317,157],[-466,56],[-280,-19],[-363,46],[-355,-101],[-419,268],[-270,-28],[-373,-185],[-280,19],[-307,-296],[-252,-148],[-485,-83],[-466,286],[-438,241],[-419,-28],[-457,176],[-531,194],[-336,-130],[-456,-212],[-373,-195],[-364,-111],[-531,-203],[-308,-490],[-307,-194],[-298,-194],[-215,-139],[-335,-120],[-224,-204],[-289,-231],[-121,-453],[-261,-462],[-177,-315],[-233,-370],[-373,-407],[-345,84],[-457,-324],[-419,-407],[-149,-462],[-317,-111],[-252,-83],[-428,-158],[-364,-101],[-475,-139],[-280,-194],[-317,-435],[-158,-333],[-326,-369],[-243,-148],[-484,-47],[-373,-83],[-252,-166],[-307,-139],[-280,-28],[-447,-323],[-364,-158],[-578,-92],[-391,-46],[-252,55],[-289,278],[-177,268],[-326,157],[-438,-351],[233,-528],[84,-323],[-10,-315],[-46,-434],[74,-573],[-233,-287],[-391,-111],[-2386,1812],[-2712,1998],[-3365,2580],[-3663,2783],[-2442,1831],[-252,-518],[-428,-342],[-327,-83],[-382,-213],[-279,111],[-382,-46],[-355,-19],[-531,-176],[-326,-194],[-308,-296],[-270,-240],[-130,-231],[-504,-37],[-335,-65],[-410,-287],[-215,-185],[-447,-157],[-410,-157],[-187,-314],[-233,-158],[-466,-277],[-149,-407],[-447,-176],[-373,-231],[-280,-342],[-139,-425],[18,-389],[-112,-305],[75,-425],[261,-472],[-28,-462],[-75,-453],[0,-564],[-56,-416],[19,-352],[-47,-564],[-139,-351],[-103,-324],[-289,-416],[-140,-176],[-298,-397],[-18,-296],[18,-379],[215,-536],[111,-222],[140,-315],[252,-305],[251,-518],[243,-388],[186,-370],[205,-555],[205,-425],[261,-472],[224,-379],[186,-397],[140,-306],[84,-453],[103,-351],[102,-287],[112,-351],[19,-333],[93,-509],[28,-406],[65,-250],[28,-351],[-19,-370],[-18,-398],[-140,-1193],[-186,-804],[-75,-490],[9,-463],[47,-333],[-9,-462],[-66,-906],[10,-694],[-10,-684],[-149,-952],[47,-324],[46,-518],[75,-259],[37,-360],[0,-472],[-149,-388],[65,-361],[-167,-444],[-150,-545],[19,-444],[224,-194],[298,-463],[280,-203],[46,-472],[-56,-222],[38,-379],[9,-222],[-168,-379],[-93,-268],[-233,-259],[-140,-444],[47,-536],[-93,-453],[-84,-555],[-271,-296],[-65,-360],[0,-269],[47,-582],[102,-361],[-102,-268],[-252,-194],[-252,-398],[-102,-286],[-103,-306],[-167,-342],[-84,-249],[-112,-444],[46,-296],[84,-361],[149,-434],[-93,-278],[-149,-333],[-102,-212],[-66,-361],[-289,-398],[-195,-166],[-280,-259],[-186,-416],[-196,-213],[-224,-453],[-279,-240],[74,-555],[-298,-240],[-1379,111],[-336,0],[-419,-296],[-289,-666],[102,-259],[3672,-1415],[494,-212],[1026,-472],[382,-379],[121,-250],[140,-490],[18,-314],[205,-444],[224,-370],[159,-462],[-84,-389],[-10,-434],[-28,-269],[-186,-351],[-270,-471],[-187,-324],[-205,-185],[-233,-518],[-307,-878],[-38,-74],[-279,-980],[-121,-398],[-187,-3246],[121,-1396],[299,-943],[111,-583],[-74,-508],[-177,-537],[-37,-1211],[-56,-1332],[9,-443],[-19,-537],[-18,-370],[-19,-406],[47,-583],[121,-351],[242,-379],[224,-324],[251,-361],[159,-231],[196,-296],[214,-434],[131,-306],[279,-517],[214,-361],[280,-444],[168,-286],[373,-611],[167,-277],[150,-278],[139,-259],[271,-508],[195,-351],[140,-259],[177,-333],[271,-509],[149,-351],[149,-324],[121,-287],[158,-332],[215,-453],[233,-380],[196,-332],[158,-296],[224,-509],[121,-277],[121,-435],[47,-287],[56,-490],[55,-425],[-251,-176],[-326,-9],[-383,0],[-540,0],[-587,-28],[-755,-74],[-1053,-55],[-634,-46],[-1258,-84],[-1184,-55],[-410,-19],[-560,-27],[-316,-19],[-681,-37],[-606,-37],[-1332,-83],[-522,0],[-979,-46],[-1156,-65],[-298,-9],[-1174,-28],[-1715,-111],[-1389,-55],[-1240,-47],[-1575,-55],[-1678,-65],[-764,-28],[-755,-9],[-568,-37],[-718,-28],[-820,-55],[-326,-19],[-383,-18],[-904,-65],[-205,-18],[-997,-65],[-755,-56],[-373,-27],[-298,-46],[-373,-84],[-503,-37],[-1435,-46],[-867,-18]],[[534052,540293],[-802,-19],[-699,-28],[-829,-9],[-38,0],[-978,19],[-476,46],[-391,28],[-261,-56],[-336,-92],[-494,-111],[-372,-37],[-327,0],[-522,-10],[-689,0],[-354,-18],[-411,-130],[-195,-351],[-121,-416],[-131,-453],[-522,9],[-382,305],[-298,333],[-215,176],[-456,-19],[-345,65],[-205,259],[-121,296],[-159,444],[-345,194],[-382,74],[-326,250],[-420,231],[-214,286],[-307,250],[-271,111],[-373,268],[-195,287],[-429,286],[-205,528],[-233,369],[-187,259],[-335,195],[-214,101],[-364,148],[-485,333],[-111,351],[-131,333],[-373,398],[-149,222],[-102,388],[-122,259],[-242,407],[-335,435],[-280,212],[-224,398],[-419,111],[-354,-9],[-308,-65],[-289,-65],[-382,-55],[-298,120],[-93,342],[-299,509],[-195,545],[-112,500],[-177,425],[-522,102],[-522,120],[-308,240],[-121,268],[-19,444],[-372,315],[-299,157],[-400,120],[-429,-46],[-364,-231],[-233,157],[-186,268],[-149,250],[-187,296],[-270,221],[-270,417],[-112,443],[-103,546],[-18,388],[-140,204],[-652,323],[-261,204],[-159,286],[-84,426],[-233,518],[-717,582],[-131,74],[-447,185],[-494,157],[-746,453],[-289,213],[-46,268],[18,352],[103,314],[261,583],[-38,545],[-158,241],[-224,249],[-540,398],[-373,259],[-550,175],[-410,19],[-401,-74],[-280,-93],[-466,-46],[-335,296],[-103,453],[-158,416],[65,416],[-130,250],[-1063,879],[-298,231],[-112,194],[-224,564],[-84,157],[-354,352],[-559,471],[-1435,869],[-839,379],[-559,148],[-2666,-101],[-270,-10],[-345,185],[-289,176],[-485,259],[-1733,18],[-131,-27],[-1137,-925],[-224,74],[-410,157],[-335,93],[-196,194],[9,397],[-121,417],[-279,332],[-205,463],[-280,305],[-280,185],[-652,305],[-448,314],[-130,370],[-336,472],[-121,342],[1026,2894],[-783,259],[-494,157],[-830,278],[-1109,379],[-1594,499],[-149,74],[-606,435],[-540,434],[-271,121],[-494,37],[-494,-148],[-139,-47],[-1203,-406],[-317,83],[-550,823],[-195,333],[-345,360],[-345,342],[-289,185],[-354,130],[-242,83],[-709,453],[-223,398],[-196,323],[-457,65],[-252,93],[-1454,1109],[-549,416],[-243,241],[-168,222],[-186,499],[-214,1479],[-112,555],[-103,453],[-195,657],[-513,1100],[-345,888],[-923,1600],[-997,1831],[-438,952],[-214,472],[-224,591],[-112,1350],[-224,879],[-149,1932],[-65,823],[-149,1674],[-233,2719],[-186,2321],[-56,185],[-224,443],[-1174,1609],[-485,296],[-699,435],[-503,277],[-206,56],[-1099,175],[-1137,380],[-10,9],[-540,249],[-410,528],[-718,1303],[-457,1091],[-140,343],[-559,1054],[-531,481],[-289,101],[-839,370],[-1128,675],[-419,370],[-382,499],[-326,472],[-289,610],[-308,657],[-401,1581],[-475,943],[-280,389],[-428,416],[-466,259],[-597,295],[-513,167],[-549,83],[-578,19],[-718,-130],[-718,-222],[-633,-64],[-867,101],[-597,102],[-466,203],[-857,324],[-429,166],[-466,74],[-559,19],[-112,0],[-494,18],[-569,-64],[-587,-19],[-550,-120],[-307,-83],[-271,-83],[-410,-185],[-223,-56],[-457,19],[-1529,573],[-233,28],[-503,55],[-410,-231],[-131,-185],[-242,-333],[-662,-37],[-829,296],[-1053,361],[-3030,1461],[-1230,296],[-1519,-111],[-140,-10],[-932,-101],[-3579,27],[-3570,111],[-251,74],[-755,241],[-858,749],[-634,481],[-997,425],[-401,166],[-913,537],[-1035,924],[-1649,1443],[-2163,1868],[-1081,1174],[-1044,1258],[-1034,1941],[-364,823],[-307,675],[-951,1637],[-1612,1813],[-103,64],[-718,426],[-2665,906],[-56,18],[-1249,481],[-364,444],[-139,721],[-47,2229],[-9,397],[372,1323],[411,1239],[158,194],[559,684],[289,148],[662,342],[1137,546],[494,471],[457,1129],[149,712],[28,138],[149,721],[-19,1748],[-158,832],[-261,370],[-298,370],[-383,157],[-643,-9],[-745,-37],[-830,19],[-447,9],[-1370,-194],[-289,18],[-774,241],[-764,351],[-438,250],[-168,212],[-634,860],[-251,176],[-392,83],[-727,9],[-568,56],[-448,111],[-410,129],[-438,259],[-177,259],[-112,287],[-56,351],[-140,1757],[10,777],[-10,860],[-65,619],[-168,500],[-410,906],[-298,971],[-354,1183],[-988,2321],[-112,333],[-261,518],[-205,462],[-112,315],[-93,323],[-75,324],[-56,333],[-27,333],[27,333],[75,332],[149,296],[252,232],[317,120],[345,-56],[335,-74],[336,-74],[345,-27],[344,27],[336,74],[447,241],[103,499],[-19,333],[-93,490],[-103,324],[-111,314],[-112,314],[-93,324],[-75,324],[-47,333],[-18,499],[9,342],[-28,324],[-56,333],[-121,490],[-121,305],[-270,434],[-280,426],[-214,268],[-178,287],[-130,305],[-56,333],[-28,499],[9,333],[47,333],[75,323],[130,315],[140,305],[158,296],[224,453],[149,305],[140,305],[261,500],[261,1109],[9,499],[-18,500],[-94,499],[-326,379],[-475,185],[-336,74],[-503,83],[-345,37],[-335,84],[-327,111],[-289,166],[-214,268],[-65,324],[65,323],[121,491],[-74,490],[-121,314],[-289,416],[-364,361],[-233,416],[-149,425],[-56,564],[-261,472],[19,360],[158,389],[103,518],[-177,508],[-420,666],[-196,370],[-149,425],[-37,453],[47,407],[177,537],[251,490],[112,295],[140,639],[0,499],[-214,453],[-327,453],[-549,425],[-504,352],[-18,9],[-793,250],[-46,18],[-2107,500]],[[388951,815710],[448,-47],[447,74],[345,56],[354,65],[550,166],[242,74],[364,-37],[531,-157],[335,-19],[401,185],[271,120],[363,-83],[280,-194],[298,-231],[130,-324],[327,-194],[503,92],[485,28],[298,-185],[168,-333],[111,-471],[131,-361],[196,-203],[475,-74],[373,-222],[317,-222],[410,-333],[289,-213],[401,-157],[363,-18],[513,-65],[466,-139],[438,-83],[270,-120],[233,-185],[364,-333],[549,-509],[364,-323],[401,-444],[326,-370],[513,-92],[419,101],[308,139],[298,111],[466,92],[298,10],[364,0],[298,-10],[382,-9],[298,-46],[531,-166],[532,-84],[354,-175],[363,-56],[271,-46],[223,-305],[280,-407],[578,-28],[391,-370],[122,-425],[74,-536],[84,-417],[-19,-305],[327,-296],[288,-175],[541,37],[569,481],[410,9],[233,203],[56,333],[400,361],[1016,-102],[429,9],[699,-27],[252,-37],[606,-167],[671,-92],[699,-47],[503,-64],[569,-121],[475,-110],[401,-176],[279,-157],[364,-176],[447,-222],[159,-314],[484,-324],[317,-213],[308,-101],[-345,-232],[-214,-203],[-317,-259],[-289,-55],[-299,-74],[-419,-269],[-214,-443],[-159,-389],[-112,-259],[-177,-444],[-140,-295],[-167,-370],[-233,-500],[-47,-406],[-93,-1415],[177,-213],[690,-166],[839,-195],[568,-92],[904,-148],[2489,-28],[1705,56],[1240,0],[2088,65],[578,0],[242,37],[-28,554],[1780,-166],[606,758],[513,-296],[400,-222],[383,-194],[717,-176],[709,-101],[-672,-1443],[-242,-490],[-112,-712],[410,-388],[364,-185],[485,-666],[-19,-435],[-317,-406],[-186,-333],[-280,-1933],[336,-111],[344,-240],[252,-259],[317,-370],[214,-425],[38,-444],[-10,-490],[438,-10],[588,65],[540,93],[317,46],[960,139],[373,-195],[354,-240],[401,-314],[196,-352],[382,-277],[317,37],[298,-315],[484,56],[317,55],[485,111],[447,-138],[280,-158],[354,-203],[513,-240],[354,-176],[298,-83],[392,-65],[261,0],[494,9],[354,56],[745,175],[765,241],[0,471],[28,296],[56,407],[-75,203],[-261,528],[131,508],[251,379],[587,1184],[392,869],[494,583],[503,656],[354,194],[271,139],[279,185],[103,314],[-19,500],[-1118,1026],[-19,120],[-93,509],[-19,462],[149,342],[215,315],[363,407],[84,259],[205,305],[233,203],[298,93],[224,175],[261,398],[336,370],[428,286],[438,10],[383,74],[596,305],[457,175],[634,65],[577,93]],[[838830,522123],[-429,-278],[-298,-296],[-308,-453],[-288,-148],[-429,-120],[-494,-37],[-112,342],[-103,296],[-279,416],[-1147,9],[-559,10],[-801,9],[-951,0],[-112,-19],[-774,-203],[-1435,-425],[-1109,-324],[-280,-102],[-456,1258],[-438,-139],[-727,-277],[-308,-231],[-485,-139],[-708,-167],[-485,-129],[-382,-46],[-438,9],[-233,0],[-419,0],[-559,18],[-336,407],[-121,222],[-159,379],[-214,342],[-354,398],[-121,425],[-317,380],[-485,258],[-307,28],[-457,-28],[-270,-9],[-373,83],[-345,102],[-373,139],[-326,148],[-401,222],[-652,407],[-336,212],[-596,426],[-485,462],[-252,314],[-363,-397],[-168,-102],[-475,-240],[-457,-278],[-280,-268],[-307,-416],[28,-388],[270,-278],[326,-212],[326,-333],[112,-213],[93,-388],[-18,-574],[-47,-333],[-261,-453],[-531,-518],[-270,-221],[-401,-324],[-317,-222],[-298,-231],[-550,-379],[-559,-324],[-485,-370],[-308,-185],[-503,-240],[-410,65],[-391,184],[-383,204],[-307,102],[-457,27],[-261,-120],[-298,-370],[-28,-388],[-242,-176],[-289,-203],[-168,-315],[-298,-332],[130,-500],[205,-222],[271,-499],[37,-416],[186,-546],[243,-185],[-66,-471],[-112,-231],[-18,-398],[-37,-453],[-103,-287],[168,-333],[102,-462],[-65,-444],[242,-213],[327,-138],[205,-268],[335,-185],[112,-444],[-410,-194],[-131,-407],[-568,-9],[-270,0],[-2340,-232],[-1379,-92],[-1119,-93],[-624,-46],[-410,-46],[-1380,-139],[-1165,-111],[-876,-74],[-559,-37],[-354,-9],[-709,0],[-1277,-9],[-680,-9],[-466,-19],[-1007,-65],[-727,-37],[-866,-46],[-932,-55],[-616,-37],[-447,0],[-1584,-19],[-970,9],[-503,10],[-1519,92],[-951,56],[-373,18],[-978,74],[-914,93],[-764,83],[130,-398],[150,-499],[121,-453],[56,-398],[56,-296],[18,-379],[-9,-213],[-9,-490],[-10,-268],[112,-462],[289,-481],[130,-425],[103,-527],[308,-241],[335,-157],[233,-157],[364,-204],[419,-148],[364,-157],[46,-481],[-718,0],[-820,-37],[-1249,19],[-1211,-65],[-420,-28],[-801,-101],[-457,-139],[-457,-185],[-391,-231],[-410,-315],[-541,-416],[-391,-379],[-336,-268],[-373,-166],[-261,-28],[-372,240],[-94,296],[-317,231],[-568,0],[0,-277],[112,-379],[-205,-231],[-364,-194],[-289,-148],[-345,101],[-512,176],[-354,194],[-308,315],[-317,-121],[-279,-323],[-420,37],[-326,222],[-410,222],[-261,129],[-401,139],[-466,333],[-280,212],[-289,222],[-438,296],[-223,157],[-261,194],[-345,176],[-270,176],[-410,333],[-289,259],[-159,129],[-391,-518],[-364,-453],[-261,-323],[-307,-380],[-140,-185],[-280,-388],[-251,-388],[-84,-305],[-122,-343],[-223,-480],[-215,-472],[-177,-379],[-111,-240],[-196,-435],[-112,-314],[-19,-518],[-149,-444],[-251,-638],[-66,-167],[-205,-443],[-93,-241],[-205,-444],[149,-545],[233,-259],[242,-333],[289,-370],[299,-351],[214,-269],[345,-453],[289,-360],[205,-268],[354,-416],[214,-269],[308,-379],[727,-952],[419,-546],[401,-527],[224,-268],[335,-379],[420,-444],[466,-518],[550,-582],[354,-361],[261,-250],[279,-231],[10,-508],[-476,-916],[47,-129],[858,-601],[111,-453],[47,-786],[-177,-370],[-252,-416],[-503,-296],[-587,-342],[-243,-232],[-587,-739],[-410,55],[-270,259],[-494,185],[-215,287],[-307,305],[-410,222],[-382,360],[-196,158],[-410,111],[-308,342],[-84,296],[-242,314],[-326,37],[-382,-194],[-299,-287],[-400,185],[-373,-55],[-494,268],[-317,148],[-186,157],[-75,499],[0,342],[-373,204],[-205,231],[37,388],[-93,287],[-382,305],[-307,388],[-336,204],[-242,65],[-336,129],[-354,185],[-382,148],[-457,250],[-447,148],[-327,120],[-391,277],[-149,287],[-159,416],[-167,342],[-243,185],[-475,250],[-391,129],[-205,296],[-467,203],[-298,-129],[-503,-194],[-578,-93],[-121,574],[46,407],[-251,203],[-475,-65],[-289,213],[-364,416],[-93,259],[84,573],[-271,500],[-372,258],[-28,352],[-448,28],[-391,166],[-494,268],[-242,527],[93,389],[-168,443],[-214,222],[-112,407],[-103,361],[-149,213],[-438,194],[-186,286],[-383,315],[-149,333],[-289,407],[-279,37],[-392,129],[-37,416],[-177,509],[-503,296],[-233,120],[-289,277],[-420,287],[-326,120],[-419,139],[-410,185],[46,360],[-261,500],[-270,490],[-19,351],[-438,333],[-354,296],[-438,111],[-186,-259],[-411,-120],[-372,-204],[-243,0],[-512,204],[-392,203],[-354,259],[-289,287],[-252,268],[-400,231],[-280,-83],[-289,-148],[-596,0],[-420,111],[-335,9],[-485,74],[-177,268],[-401,111],[-484,-74],[-373,-212],[18,-306],[-84,-286],[-139,-629],[-94,-425],[-158,-296],[-298,-213],[-354,-222],[-299,-444],[-214,-730],[-261,-444],[-345,-268],[-485,-250],[-279,-83],[-531,-93],[-550,-194],[-532,-259],[-438,-138],[-317,-93],[-438,-65],[-400,-46],[-550,28],[-504,9],[-382,-37],[-401,-305],[-130,-333],[-149,-508],[-177,-306],[-168,-277],[-130,-435],[-224,-388],[-215,-120],[-335,-194],[-410,-361],[-168,-342],[-289,-379],[-186,-231],[-354,-287],[-271,-204],[-326,-323],[-308,-352],[-494,-73],[-335,-37],[-233,-121],[-429,-83],[-289,-9],[-475,-157],[-252,-361],[168,-490],[-158,-296],[-178,-425],[-130,-333],[-336,-463],[-205,-351],[-83,-388],[-10,-315],[196,-481],[102,-286],[159,-324],[112,-314],[65,-389],[19,-554],[-373,-121],[-503,-240],[-150,-277],[-167,-555],[-56,-305],[-47,-296],[-158,-342],[-159,-352],[-84,-351],[-121,-370],[-112,-444],[-65,-444],[-140,-425],[-186,-527],[-345,-259],[-280,-111],[-671,-185],[-1305,-324],[-1053,-360],[-438,-111],[-382,-120],[-447,-195],[-401,-231],[-373,-222],[-494,-296],[-755,-582],[-727,-462],[-391,-167],[-476,-83],[-298,-28],[-391,19],[-317,18],[-326,74],[-271,102],[-289,120],[-307,111],[-299,166],[-270,167],[-298,194],[-308,240],[-270,306],[-280,332],[-177,361],[-121,342],[-102,361],[-122,434],[-167,370],[-327,407],[-242,194],[-540,204],[-420,-176],[-168,-222],[-223,-592],[-140,-406],[-140,-389],[-205,-370],[-419,-305],[-364,-139],[-447,-18],[-373,0],[-522,37],[-503,28],[-541,-28],[-363,-37],[-308,-37],[-373,-55],[-261,-74],[-391,-121],[-373,-120],[-475,-120],[-271,481],[-1165,2358],[-503,749],[-242,360],[-988,685],[-2834,2071],[-2097,1045],[-112,55],[-1183,1073],[-1184,1350],[-764,1073],[-532,943],[-400,601],[-252,323],[-392,361],[-279,176],[-289,111],[-373,64],[-419,37],[-541,10],[-429,46],[-494,148],[-363,166],[-447,333],[-75,46],[-671,435],[-1305,888],[-1156,721],[-419,250],[-289,175],[-345,84],[-270,46],[-326,-46],[-261,-56],[-317,-176],[-327,-138],[-335,-56],[-345,-28],[-289,28],[-540,222],[-327,204],[-298,203],[-391,213],[-578,296],[-867,295],[-662,176],[-438,194],[-298,176],[-364,351],[-298,435],[-270,351],[-214,592],[-215,721],[-429,1193],[-242,786],[-289,712],[-196,574],[-354,508],[-345,518],[-410,619],[-475,722],[-364,592],[-233,406],[-382,620],[-419,619],[-606,574],[-457,434],[-335,213],[-392,120],[-699,28],[-1360,-9],[-802,46],[-587,194],[-541,204],[-559,323],[-345,278],[-326,286],[-308,389],[-139,360],[-746,2090],[-168,407],[-307,629],[-317,545],[-308,527],[-224,389],[-270,425],[-429,435],[-307,296],[-532,369],[-512,380],[-401,305],[-457,388],[-596,509],[-401,453],[-410,730],[-280,518],[-111,499],[-122,1036],[-56,749],[-195,370],[-317,416],[-438,425],[-420,444],[-522,426],[-522,434],[-540,287],[-457,74],[-345,9],[-438,-55],[-578,-102],[-727,-130],[-671,-46],[-661,56],[-392,92],[-382,157],[-429,250],[-279,250],[-271,397],[-298,786],[-252,740],[-177,564],[-223,425],[-271,518],[-233,361],[-289,462],[-391,481],[-298,296],[-299,287],[-326,221],[-503,269],[-401,212],[-634,250],[-503,194],[-587,278],[-606,249],[-354,139],[-559,148],[-522,65],[-289,37],[-466,120],[-1389,-721],[-28,-10],[-680,-333],[-448,-120],[-568,-148],[-550,-166],[-485,-213],[-475,-240],[-289,-148],[-485,-204],[-522,-203],[-373,-130],[-494,-203],[-391,-231],[-457,-287],[-876,-684],[-401,-379],[-466,-379],[-559,-463],[-494,-508],[-466,-490],[-568,-592],[-299,-379],[-195,-416],[-122,-333],[-121,-564],[0,-250],[19,-361],[-28,-462],[-233,-250],[-382,-240],[-261,-148],[-466,83],[-261,93],[-429,9],[-373,-194],[-419,-102],[-485,148],[-158,185],[-243,351],[-167,241],[-355,397],[-316,167],[-345,102],[-354,55],[-289,-65],[-299,-370],[-251,-314],[-364,-398],[-261,-240],[-466,-28],[-559,-55],[-354,-83],[-233,-65],[-457,-120],[-270,-74],[-354,-158],[-392,-194],[-410,-342],[-196,-287],[-242,-425],[-214,-370],[-187,-314],[-214,-259],[-47,-333],[-233,-314],[-289,-444],[-270,-426],[0,-305],[-112,-527],[-168,-138],[-410,-102],[-494,-93],[-298,-148],[-391,-369],[-401,46],[-541,-148],[-531,-148],[-336,111],[-288,92],[-280,-296],[-233,-138],[-447,-370],[-289,-342],[-168,-204],[-354,-203],[-140,-287],[112,-490],[-56,-434],[-28,-491],[-28,-138],[-37,-601],[0,-47],[-75,-730],[-9,-407],[56,-379],[102,-361],[177,-397],[317,-740],[112,-268],[-75,-379],[-111,-231],[-196,-315],[-774,-925],[-307,343],[-280,323],[-186,204],[-261,277],[-401,268],[-308,148],[-317,93],[-531,92],[-457,56],[-372,37],[-541,55],[-466,65],[-354,46],[-522,65],[-466,-19],[-317,-9],[-308,0],[-316,9],[-336,10],[-364,9],[-335,9],[-289,18],[-494,28],[-913,-9],[-1054,-19],[-316,10],[-392,9],[-550,-37],[-326,-18],[-336,9],[-307,0],[-373,55],[-289,74],[-289,102],[-373,120],[-456,157],[-438,176],[-373,139],[-336,111],[-307,83],[-271,83],[-307,102],[-354,120],[-569,185],[-662,250],[-494,185],[-466,185],[-233,101],[-354,176],[-438,240],[-382,213],[-345,203],[-410,241],[-280,166],[-391,305],[-214,213],[-672,583],[-270,231],[-606,508],[-606,518],[-363,370],[-186,204],[-215,249],[-606,712],[-186,546],[28,305],[-28,314],[-65,527],[-38,417],[-65,508],[-177,536],[-969,1591],[-494,647],[-270,352],[-364,443],[-979,518],[-186,93],[-382,138],[-261,56],[-392,55],[-344,37],[-299,28],[-317,9],[-344,-9],[-327,-18],[-345,-19],[-400,-28],[-662,-37],[-336,-18],[-494,18],[-298,93],[-391,157],[-578,250],[-587,249],[-131,0],[-1090,-767],[-513,-370],[-848,-684],[-2209,-1813],[-308,-249],[-2283,-1868],[-233,-241],[-2023,-2034],[-727,-832],[-1165,-731],[-643,-157],[-680,0],[-522,28],[-876,74],[-774,277],[-494,213],[-848,536],[-606,537],[-2227,1932],[-243,204],[-410,351],[-2078,1766],[-233,148],[-662,435],[-755,453],[-1249,749],[-559,259],[-531,249],[-448,241],[-475,305],[-792,425],[-466,204],[-271,148],[-354,268],[-503,462],[-1911,1359]],[[533800,526838],[9,37],[653,5641],[9,102],[37,499],[-18,379],[-28,315],[-47,342],[-28,397],[-65,435],[-121,314],[-187,389],[-270,212],[-168,379],[-102,546],[261,444],[233,471],[56,343],[37,397],[-84,472],[9,638],[10,176],[56,527]],[[625467,715964],[531,-333],[1286,-1378],[727,-776],[625,-666],[18,-37],[1240,-1655],[1827,-2858],[820,-860],[522,-545],[2162,-2414],[820,-1590],[662,-915],[876,-676],[615,-351],[541,-305],[457,-407],[419,-370],[857,-582],[513,-93],[643,185],[559,481],[942,888],[419,129],[1119,-499],[2013,-814],[531,-277],[326,-407],[10,-231],[18,-370],[336,-472],[494,-545],[363,-287],[560,-435],[307,-83],[317,-46],[531,-93],[671,-64],[550,-10],[550,-18],[718,28],[140,27],[1407,-37],[373,-74],[829,-175],[410,-213],[280,-508],[0,-574],[-354,-1516],[47,-268],[55,-361],[308,-878],[140,-250],[429,-749],[279,-481],[2190,-2746],[625,-1128],[149,-278],[578,-1479],[28,-74],[335,-416],[867,-1073],[485,-601],[429,-472],[111,-120],[1063,-1193],[1212,-998],[969,-990],[857,-1535],[625,-1775],[438,-980],[997,-1045],[3365,-2756],[820,-795],[1585,-2127],[1547,-2080],[680,-906],[149,-287],[1277,-1803],[1016,-1692],[1184,-2192],[643,-1267],[783,-1572],[1007,-1710],[978,-1230],[811,-768],[56,-55],[363,-703],[261,-481],[755,-1313],[569,-980],[699,-619],[205,-176],[1156,-1064],[112,-175],[410,-638],[139,-342],[122,-860],[988,-2155],[382,-619],[1295,-1905],[224,-204],[597,-314],[521,-9],[345,120],[541,185],[848,37],[354,-324],[718,-703],[401,-554],[289,-407],[344,-500],[606,-1017],[382,-638],[699,-952],[411,-583],[2479,-2247],[2302,-3190],[2144,-1322],[764,-897],[261,-925],[391,-573],[494,-620],[140,-730],[131,-620],[1416,-1119],[28,-619],[75,-352],[112,-332],[680,-564],[708,-703],[466,-601],[1399,-3015],[1351,-2561],[1976,-2284],[261,-277],[820,-888],[140,-370],[-196,-462],[-196,-213],[-428,-472],[-243,-693],[38,-740],[988,-1026],[3448,-2247],[2032,-2007],[1454,-2099],[1547,-1812],[1408,-2330],[605,-602],[895,-887],[2144,-1507],[783,-555],[326,-213],[168,-148],[512,-240],[569,27],[494,176],[419,259],[252,277],[438,333],[802,315],[74,1664],[19,2053],[-215,1553],[-177,546],[-447,610],[-65,278],[93,360],[168,259],[373,287],[438,176],[559,27],[466,-166],[503,-379],[1147,-1507],[289,-370],[205,-269],[298,-397],[158,-167],[513,-582],[242,-278],[466,-527],[177,-212],[476,-518],[466,-518],[727,-425],[867,-352],[512,-286],[233,-296],[438,-555],[597,-398],[233,-157],[1938,-989],[569,-407],[494,-305],[960,-130],[233,0],[801,10],[448,-269],[242,-647],[326,-749],[373,-444],[550,-564],[494,-573],[261,-647],[9,-1027],[187,-518],[447,-212],[904,-130],[1874,-157],[1323,111],[1240,398],[550,277],[410,9],[662,0],[316,102],[830,287],[671,351],[354,444],[326,92],[401,-37],[420,28],[233,65],[382,222],[242,55],[447,102],[224,176],[382,342],[588,481],[428,305],[345,129],[289,-148],[354,102],[140,259],[289,277],[261,287],[196,157],[354,222],[149,167],[242,295],[457,121],[261,148],[391,175],[522,176],[252,-111],[410,-231],[541,176],[466,-84],[84,-388],[577,0],[308,139],[401,111],[559,83],[289,83],[438,-65],[326,-55],[485,65],[429,111],[456,-102],[308,259],[382,240],[336,204],[251,397],[84,250],[196,296],[447,27],[354,84],[345,222],[159,527],[-75,416],[47,249],[475,111],[457,167],[-84,564],[9,361],[93,305],[299,203],[317,9],[261,204],[391,-37],[485,-305],[326,-268],[578,-19],[130,324],[103,397],[196,176],[102,351],[326,204],[280,-37],[531,-102],[205,361],[298,37],[420,18],[494,139],[363,-213],[429,-231],[364,37],[289,-28],[540,19],[233,-287],[475,305],[252,250],[159,388],[456,28],[271,-166],[270,-343],[363,167],[271,65],[466,-93],[400,-166],[-121,-472],[84,-370],[280,-231],[195,-324],[336,-175],[429,28],[270,46],[419,37],[448,37],[121,-352],[168,-517],[130,-343],[317,-406],[56,-250],[-19,-425],[0,-435],[-37,-472],[261,-249],[475,-111],[457,-194],[336,-250],[317,-157],[438,-19],[438,-388],[84,-231],[158,-324],[373,-259],[270,-129],[345,-370],[298,-139],[457,28],[410,-102],[159,-305],[233,-241],[307,-277],[-93,-453],[252,-185],[298,-499],[335,-305],[205,-518],[355,-352],[466,-92],[-38,-333],[299,-370],[652,231],[494,158],[485,277],[261,203],[372,-443],[196,-537],[336,-360],[335,-389],[364,-46],[289,-351],[195,-546],[317,-259],[140,-222],[392,-46],[419,28],[289,-28],[308,-296],[540,-203],[420,-241],[344,-74],[112,-407],[-18,-416],[-122,-286],[-177,-352],[289,-388],[233,-19],[410,-138],[336,74],[317,-232],[177,-286],[-56,-287],[-103,-388],[38,-546],[56,-434],[-131,-343],[168,-453],[-84,-240],[131,-481],[316,-157],[178,-416],[9,-361],[0,-582],[84,-518],[18,-305],[94,-416],[-345,-398],[-252,-481],[103,-277],[-47,-463],[-47,-388],[336,-259],[270,-65],[-130,-527],[-196,-185],[-280,-397],[-279,-241],[-485,-305],[56,-416],[158,-231],[-28,-546],[485,-277],[392,-111],[205,-231],[-56,-463],[-149,-332],[93,-398],[447,-259],[336,185],[391,111],[261,-370],[-130,-287],[-10,-453],[-18,-554],[186,-259],[354,-343],[336,-203],[130,-250],[364,-194],[298,65],[541,18],[428,56],[336,-9],[466,-121],[56,-582],[112,-370],[447,-305],[326,-148],[205,-231],[476,0],[242,-204],[364,84],[494,-47],[93,-305],[84,-342],[307,-194],[243,-241],[0,-369],[251,-509],[-37,-453],[224,-213],[233,-379],[37,-518],[242,-416],[280,-407],[326,-481],[364,-55],[382,120],[410,-18],[307,83],[504,-28],[-84,-407],[-280,-360],[-233,-444],[242,-379],[-65,-342],[-56,-269],[19,-397],[168,-370],[-66,-314],[-158,-389],[233,-240],[354,-139],[84,-564],[168,-416],[438,-46],[457,-315],[354,-101],[298,222],[513,101],[363,-222],[308,47],[363,129],[252,-287],[196,-222],[74,-453],[-158,-296],[18,-499],[289,-157],[252,-167],[336,-64],[37,-435],[-205,-287],[-326,-258],[-243,-250],[-28,-398],[252,-277],[298,-65],[252,-268],[401,-342],[438,-370],[74,-305],[-28,-435],[-149,-444],[-270,-101],[-252,-370],[-28,-315],[401,-157],[531,19],[280,-435],[-457,-240],[-475,-195],[-410,-129],[74,-407],[19,-490],[-280,-499],[-186,-167],[-270,-481],[195,-360],[252,-435],[419,-148],[317,-46],[187,-416],[-289,-259],[-531,-55],[-243,-315],[-102,-444],[298,-277],[112,-277],[121,-509],[-28,-361],[-149,-360],[-131,-287],[-298,-370],[103,-305],[466,-231],[363,-28],[392,-92],[-19,-389],[317,-175],[401,37],[298,-139],[214,-453],[65,-463],[140,-545],[233,-278],[438,-323],[410,-185],[-9,-388],[-196,-343],[-214,-286],[401,-278],[242,-157],[531,-240],[392,-305],[391,18],[131,-573],[466,-342],[494,-84],[251,-83],[317,-240],[-335,-426],[-75,-453],[-102,-471],[158,-361],[131,-277],[251,-241],[504,-46],[261,-518],[-19,-545],[37,-305],[299,-361],[307,-407],[-19,-361],[66,-527],[167,-185],[466,-286],[168,-231],[56,-333],[-130,-1017],[9,-37]],[[23674,332387],[-373,-74],[-270,101],[-326,241],[-215,250],[-112,323],[0,361],[28,286],[140,444],[224,250],[335,453],[177,499],[131,444],[84,583],[65,416],[205,481],[224,342],[196,444],[9,342],[-103,379],[-289,453],[-93,277],[-28,398],[-18,333],[28,333],[-131,305],[-140,388],[-56,278],[0,425],[-18,638],[-38,795],[10,629],[177,999],[261,989],[512,1110],[178,351],[391,213],[261,0],[308,-222],[130,-259],[140,-471],[298,-999],[298,-980],[94,-342],[93,-546],[9,-435],[37,-453],[66,-222],[111,-416],[140,-323],[159,-259],[130,-268],[93,-315],[0,-351],[-56,-342],[-167,-296],[-261,-241],[-317,-471],[-28,-287],[-19,-536],[-177,-435],[-130,-259],[-150,-490],[-65,-259],[-168,-638],[-111,-518],[-177,-693],[-280,-971],[-65,-610],[-10,-296],[-28,-361],[-74,-259],[-242,-370],[-597,-37],[-410,-249]],[[31540,362263],[-475,-138],[-336,55],[-382,250],[-121,564],[0,286],[-9,407],[-28,305],[-187,278],[-279,296],[-252,240],[-401,278],[-316,212],[-364,287],[-233,518],[-84,277],[-9,351],[0,324],[149,509],[168,379],[205,212],[270,232],[531,-19],[261,-176],[140,-508],[56,-314],[214,-370],[205,-213],[224,-314],[93,-306],[280,-286],[214,-83],[355,-111],[242,-139],[289,-444],[102,-388],[28,-463],[-9,-416],[-37,-416],[-94,-425],[-139,-435],[-271,-296]],[[28809,371381],[-233,-74],[-233,64],[-279,407],[-28,315],[0,333],[9,258],[121,361],[10,388],[18,352],[177,249],[401,102],[289,-102],[168,-480],[-28,-416],[-19,-472],[10,-203],[0,-389],[-75,-360],[-308,-333]],[[149024,385676],[-251,-9],[-354,83],[-299,222],[-205,268],[-289,620],[-335,989],[-345,814],[-531,1711],[-10,240],[317,481],[317,120],[485,-83],[317,-194],[876,-870],[457,-591],[177,-518],[0,-296],[223,-425],[140,-435],[28,-527],[-28,-361],[-158,-351],[-261,-518],[-271,-370]],[[133655,387720],[-28,-370],[-9,-407],[0,-370],[18,-259],[19,-462],[0,-536],[-9,-287],[-28,-333],[-112,-277],[-140,-296],[-140,-601],[0,-305],[10,-500],[0,-296],[-122,-370],[-149,-277],[-317,-305],[-167,-222],[-299,-342],[-214,-268],[-252,-389],[-195,-536],[-38,-453],[-205,-314],[-345,-222],[-158,-509],[-56,-425],[-37,-287],[-168,-351],[-65,-490],[0,-380],[18,-258],[252,-287],[205,-407],[-140,-388],[-242,-259],[-354,-278],[-298,-157],[-429,-277],[-410,-167],[-382,-277],[-149,-370],[-19,-222],[-131,-388],[-261,-250],[-233,-166],[-307,-370],[-298,-407],[-140,-185],[-93,-388],[-84,-574],[-112,-1091],[-187,-1156],[-102,-749],[-112,-675],[-177,-536],[-19,-46],[-158,-564],[-242,-564],[-159,-241],[-335,-564],[-355,-490],[-410,-453],[-298,-240],[-354,-176],[-541,-167],[-326,-18],[-280,-9],[-372,-121],[-522,-240],[-448,-277],[-186,-176],[-242,-287],[-205,-370],[-112,-231],[-289,-305],[-326,-213],[-327,-221],[-400,-185],[-411,-158],[-410,-18],[-512,83],[-382,213],[-327,259],[-279,314],[-177,324],[-38,314],[28,546],[-93,508],[-140,268],[-242,324],[-261,287],[-336,379],[-214,481],[-168,481],[-9,656],[0,398],[0,379],[9,407],[-74,795],[-392,1831],[-447,1886],[-848,1470],[-811,953],[-904,1045],[-513,591],[-140,185],[-317,435],[-55,407],[0,370],[139,555],[10,351],[121,361],[224,369],[261,352],[270,268],[307,231],[215,278],[177,240],[37,416],[56,388],[28,527],[0,315],[0,324],[0,323],[-28,305],[-9,361],[0,499],[140,657],[344,1563],[168,2256],[177,1072],[131,407],[195,231],[299,306],[326,147],[447,65],[308,0],[624,-18],[550,-93],[485,-166],[578,-296],[708,-314],[513,-176],[373,-120],[307,-84],[848,-462],[94,-28],[549,-157],[727,-9],[280,46],[401,56],[550,222],[475,462],[252,305],[223,296],[66,453],[18,370],[93,333],[187,305],[214,203],[485,222],[568,28],[327,74],[326,129],[307,148],[411,333],[419,416],[401,527],[503,962],[354,620],[354,638],[196,527],[242,370],[234,277],[438,388],[391,158],[513,55],[335,185],[382,370],[224,277],[177,259],[298,204],[457,157],[429,18],[466,-175],[307,-333],[122,-324],[9,-499],[-149,-352],[-112,-240],[-177,-287],[-252,-286],[-168,-389],[-65,-314],[-65,-509],[-65,-619],[-38,-500],[0,-305],[19,-314],[149,-342],[140,-333],[84,-222],[102,-407],[75,-342],[47,-370],[37,-434],[65,-657],[47,-342],[74,-305],[0,-490],[-121,-481]],[[135659,403846],[335,0],[336,28],[457,213],[242,342],[382,610],[401,74],[345,-148],[307,-370],[-9,-333],[-84,-434],[-130,-370],[-280,-490],[-568,-740],[-672,-564],[-111,-92],[-671,-278],[-690,-129],[-830,9],[-428,139],[-392,268],[-214,286],[-149,389],[-243,878],[-223,842],[-56,592],[195,443],[261,213],[485,157],[308,-434],[251,-897],[121,-102],[336,-92],[419,0],[569,-10]],[[197603,405104],[102,-287],[-252,130],[-177,425],[-214,324],[242,-195],[299,-397]],[[30916,407804],[9,-638],[10,-666],[-47,-684],[-65,-620],[28,-499],[-56,-675],[0,-268],[-28,-453],[-298,-315],[-336,19],[-438,-111],[-522,-185],[-475,-305],[-299,-241],[-121,-360],[-46,-435],[9,-471],[56,-463],[112,-841],[149,-435],[149,-314],[261,-278],[280,-175],[372,0],[345,212],[159,185],[419,148],[513,-203],[345,-352],[316,-453],[178,-286],[223,-389],[392,-638],[428,-666],[355,-721],[233,-666],[83,-406],[140,-481],[28,-148],[0,-842],[0,-259],[-9,-462],[0,-379],[252,-518],[214,-231],[298,-324],[326,-185],[327,-194],[438,-323],[223,-241],[150,-231],[111,-425],[10,-703],[-112,-703],[-242,-666],[-308,-601],[-261,-481],[-149,-351],[-93,-490],[-94,-462],[-177,-361],[-214,-564],[-177,-296],[-252,-425],[-270,-324],[-252,-305],[-373,-398],[-531,-499],[-988,-564],[-895,-333],[-540,-139],[-336,-92],[-1426,-231],[-1006,-28],[-625,18],[-447,74],[-187,139],[-400,287],[-289,286],[-345,472],[-187,370],[-27,379],[-28,314],[-56,306],[-159,332],[-326,407],[-298,259],[-308,204],[-354,194],[-373,203],[-261,231],[-326,407],[-308,546],[-391,740],[-438,1026],[-979,2432],[-587,1174],[-652,1526],[-541,1822],[-75,971],[-74,702],[-103,592],[-65,425],[-56,315],[-18,333],[9,379],[-47,213],[-102,406],[-177,287],[-327,305],[-214,130],[-326,175],[-429,296],[-354,389],[-149,305],[-131,407],[-65,240],[-270,361],[-382,397],[-205,241],[-75,277],[-9,490],[37,444],[-75,305],[-195,296],[-187,472],[0,305],[94,314],[74,435],[252,268],[363,250],[345,166],[345,65],[485,18],[363,-101],[494,-232],[457,-92],[279,0],[522,9],[308,111],[429,157],[214,176],[270,379],[280,352],[345,351],[345,148],[326,-19],[261,0],[447,56],[392,157],[372,268],[299,259],[354,213],[335,157],[280,129],[373,176],[382,93],[438,240],[438,157],[401,287],[298,231],[298,296],[420,379],[233,166],[447,259],[280,213],[391,102],[410,28],[299,-10],[382,-175],[242,-185],[336,-389],[400,-638],[271,-564],[233,-656],[149,-703]],[[8882,416043],[327,-102],[475,0],[391,-74],[196,-185],[177,-360],[19,-204],[-159,-388],[-428,-222],[-317,-9],[-448,111],[-410,249],[-186,370],[-37,379],[83,305],[317,130]],[[1650,410042],[-522,-176],[-373,74],[-233,259],[-47,434],[0,389],[-56,213],[-158,416],[-140,240],[-74,305],[-47,490],[9,472],[103,407],[168,277],[130,268],[298,398],[252,351],[214,546],[0,351],[-74,426],[-215,536],[-74,342],[9,259],[65,398],[168,471],[65,398],[19,407],[-37,434],[-84,555],[-9,287],[28,370],[149,314],[233,314],[270,287],[336,231],[233,111],[438,93],[149,55],[671,102],[447,-28],[280,-18],[317,-74],[503,-278],[298,-370],[103,-471],[9,-296],[19,-324],[233,-360],[279,-343],[196,-277],[140,-259],[168,-333],[167,-407],[75,-462],[-47,-388],[-177,-500],[-335,-360],[-522,-574],[-466,-545],[-121,-148],[-308,-435],[-308,-462],[-335,-573],[-308,-463],[-279,-462],[-149,-305],[-159,-426],[-130,-268],[-131,-323],[-307,-500],[-299,-333],[-242,-379],[-214,-222],[-261,-138]],[[406352,458911],[373,-277],[494,-250],[429,-259],[354,-185],[466,-286],[578,-444],[699,-527],[354,-324],[709,-675],[205,-213],[158,-314],[121,-222],[289,-351],[215,-195],[298,-203],[289,-231],[186,-388],[233,-222],[382,-102],[317,-28],[47,-564],[93,-240],[103,-564],[9,-537],[112,-277],[307,-398],[38,-582],[-38,-333],[0,-463],[224,-508],[335,-305],[215,-204],[289,-434],[140,-481],[28,-379],[242,-315],[382,-379],[196,-148],[270,-249],[373,-333],[205,-222],[121,-324],[-74,-370],[-47,-212],[102,-435],[196,-194],[0,-407],[-56,-620],[-102,-573],[-10,-379],[0,-222],[-28,-407],[38,-314],[102,-370],[-102,-277],[-280,-213],[-335,-370],[-159,-305],[-270,-509],[-65,-416],[-84,-259],[-10,-370],[10,-323],[37,-315],[270,-369],[149,-370],[75,-416],[158,-343],[178,-185],[55,-517],[383,-352],[428,-268],[121,-324],[47,-388],[149,-305],[233,-296],[243,-462],[251,-472],[382,-370],[392,-101],[568,-84],[485,-111],[391,-37],[494,148],[765,-111],[438,-74],[354,-64],[252,-65],[550,-102],[363,-83],[261,-102],[308,-305],[223,-185],[354,-46],[327,-296],[-392,-425],[-307,-370],[-112,-379],[-168,-342],[0,-472],[-75,-296],[-531,-185],[-289,-323],[-196,-213],[-9,-573],[159,-546],[-345,-250],[-289,-314],[-336,-130],[-326,-453],[-168,-212],[-37,-352],[84,-462],[-186,-351],[-131,-176],[-177,-453],[-345,-416],[-158,-305],[-233,-333],[-336,-185],[-252,-176],[-270,-407],[-214,-333],[-364,-120],[-326,-444],[-438,-212],[-363,-232],[-206,-286],[-288,-278],[-522,121],[-308,425],[-429,-93],[-447,-157],[-140,-545],[-298,-315],[-261,-296],[-298,-222],[-532,-184],[-317,-259],[-158,-537],[-103,-286],[-149,-333],[-186,-398],[84,-416],[-196,-351],[65,-500],[215,-416],[-243,-175],[-233,-306],[233,-379],[140,-268],[-65,-444],[-186,-407],[-159,-434],[65,-204],[47,-379],[-28,-379],[233,-250],[-186,-369],[-336,-352],[-177,-434],[-121,-537],[-196,-481],[-447,-46],[-345,-148],[28,-379],[46,-490],[10,-462],[-56,-333],[9,-426],[75,-323],[289,-148],[74,-453],[177,-305],[103,-361],[289,-305],[205,-444],[37,-314],[56,-315],[289,-323],[382,-148],[158,-241],[224,-397],[-168,-444],[-410,-194],[0,-259],[-18,-379],[-420,-398],[-475,-157],[-65,-370],[-280,-278],[-84,-268],[-46,-314],[-122,-453],[10,-287],[121,-453],[149,-314],[149,-241],[9,-407],[10,-342],[-10,-323],[-242,-527],[-270,-472],[74,-388],[-130,-352],[9,-323],[-214,-435],[-252,-268],[47,-758],[-37,-518],[-280,-259],[-466,-185],[-587,28],[-317,-305],[-93,-537],[130,-536],[47,-472],[46,-370],[168,-480],[47,-250],[139,-314],[233,-454],[56,-277],[112,-444],[205,-481],[149,-286],[159,-490],[224,-740],[28,-296],[-28,-435],[-103,-425],[-149,-509],[0,-721],[-84,-952],[-93,-407],[18,-342],[19,-250],[19,-351],[56,-389],[167,-490],[196,-462],[84,-296],[37,-564],[-28,-351],[-56,-509],[-18,-370],[-75,-287],[-121,-305],[-168,-268],[-251,-573],[-643,-943],[-373,-564],[-224,-315],[-224,-305],[-335,-481],[-224,-333],[-252,-342],[-223,-277],[-261,-315],[-308,-332],[-223,-241],[-308,-231],[-466,-240],[-336,-204],[-317,-268],[-521,-157],[-233,-139],[-466,-268],[-401,-176],[-280,-92],[-475,-130],[-205,-37],[-401,-46],[-261,0],[-345,-28],[-923,-897],[-344,-351],[-224,-240],[-466,-324],[-410,-314],[-205,-213],[-243,-481],[-65,-324],[382,-425],[364,-333],[1118,-1072],[1081,-833],[177,-129],[476,-342],[615,-481],[84,-287],[-298,-351],[-243,-222],[-298,-250],[-242,-138],[-429,-204],[121,-564],[261,-499],[196,-943],[9,-37],[159,-657],[-1184,-712],[-47,-28],[-634,-379],[-214,-129],[-410,-268],[-354,-250],[-298,-74],[-681,-56],[-373,-92],[-251,-120],[-401,-222],[-373,-425],[-186,-361],[-205,-462],[-177,-565],[-112,-295],[-168,-407],[-196,-416],[-261,-453],[-401,-749],[-37,-888],[93,-573],[28,-352],[131,-222],[205,-268],[186,-185],[252,-213],[242,-138],[448,-148],[-1044,-999],[-858,-721],[988,-1683],[243,-462],[214,-195],[475,-342],[364,-351],[-1165,-1544],[-140,-185],[-969,-1369],[-168,-240],[-951,-1276],[298,-481],[-111,-305],[-261,-250],[-718,-712],[-373,-490],[-335,-407],[-504,-601],[-456,-749],[-280,-471],[-56,-167],[-308,-804],[-139,-278],[-149,-490],[-75,-462],[9,-278],[56,-684],[19,-333],[0,-314],[-75,-426],[-270,-129],[-345,-9],[-345,-1757],[-195,-573],[-94,-278],[-214,-592],[-242,-490],[-494,-591],[-103,-121],[-913,-786],[-466,-203],[-280,-204],[-643,-471],[-252,-241],[-270,-443],[-112,-324],[28,-351],[65,-638],[-56,-121],[-65,-517],[-46,-481],[93,-398],[168,-351],[158,-361],[-9,-398],[223,-323],[532,-93],[494,-175],[326,-158],[252,-157],[326,-388],[298,-139],[177,-425],[-186,-638],[-112,-379],[-65,-333],[-47,-259],[28,-583],[-19,-370],[-149,-416],[-242,-342],[-159,-388],[-46,-296],[-19,-610],[37,-648],[38,-517],[-56,-583],[-215,-444],[-233,-462],[-214,-453],[-130,-481],[-261,-721],[-66,-435],[-9,-333],[-177,-286],[149,-491],[84,-323],[121,-250],[233,-277],[205,-167],[317,-286],[270,-352],[140,-555],[-56,-406],[-74,-370],[-10,-315],[75,-444],[0,-388],[-28,-398],[-186,-684],[-159,-416],[-112,-314],[-223,-407],[-457,-315],[-298,-147],[-336,-84],[-28,-425],[47,-444],[-224,-324],[-177,-221],[-270,-306],[-355,-379],[-270,-166],[-335,-268],[-373,-352],[-103,-277],[-186,-499],[-270,-296],[-215,-102],[-419,-314],[-345,-204],[-233,-370],[-19,-370],[0,-333],[-18,-499],[0,-314],[-56,-472],[-121,-323],[-457,-121],[-224,102],[-484,-222],[-401,-268],[-280,-333],[-512,-111],[-280,46],[-392,-111],[-261,-185],[-354,-295],[-140,-213],[-251,-370],[-373,-361],[-298,-37],[-205,-480],[-47,-361],[-19,-259],[-46,-536],[-75,-361],[-74,-277],[-215,-370],[-466,-102],[-289,-287],[-242,-527],[-438,-407],[-186,-203],[-280,-296],[-177,-194],[-84,-416],[121,-342],[47,-472],[270,-434],[252,-380],[-196,-314],[-391,0],[-159,-287],[-345,-397],[-214,-194],[-233,-222],[-270,-139],[-560,-120],[-391,-361],[-503,-185],[-513,-249],[-522,-139],[-298,-250],[-205,-222],[-448,-203],[-391,83],[-513,194],[-568,93],[-457,148],[-466,46],[-354,-28],[-410,-65],[-382,-83],[-289,-250],[-438,-360],[-224,-111],[-382,-120],[-271,148],[-270,342],[-205,277],[-363,278],[-373,9],[-494,-213],[-476,37],[-410,-268],[-177,-481],[-438,-194],[-317,-250],[-139,-333],[-439,-314],[-382,-213],[-261,-360],[-298,-176],[-531,-194],[-261,-83],[-364,-139],[-242,-139],[-205,-360],[-242,-435],[-84,-333],[-47,-462],[-102,-416],[-149,-509],[-84,-268],[18,-379],[-233,-490],[-261,-315],[-205,-277],[-168,-213],[-167,-462],[-121,-398],[-66,-305],[-149,-536],[-214,-324],[-401,-148],[-466,-120],[-541,-185],[-307,-148],[-270,-92],[-308,-93],[-410,-28],[-242,130],[-150,527],[-494,18],[-111,-323],[-438,-389],[-345,-120],[-336,-83],[-345,-194],[-205,-213],[-419,-46],[-485,-28],[-391,-222],[-112,-212],[-392,-102],[-428,-46],[-476,-269],[-494,0],[-298,-55],[-429,-277],[-74,-333],[-354,-259],[-476,-28],[-242,-407],[-382,-120],[-429,-305],[-214,-250],[0,-471],[84,-435],[-84,-388],[-56,-463],[-252,-222],[-233,-111],[-363,-249],[-243,-167],[-102,-536],[28,-277],[-38,-370],[-83,-703],[-261,-573],[-243,-601],[-93,-352],[-186,-379],[-103,-250],[-158,-360],[-252,-509],[-140,-351],[-112,-370],[-233,-444],[-466,-656],[-177,-546],[-84,-472],[-18,-295],[37,-1286],[75,-629],[111,-952],[243,-2404],[326,-2192],[289,-1183],[121,-1221],[-447,-231],[-140,-823],[-84,-786],[-364,-74],[-326,-92],[-289,-74],[-354,-139],[-391,-213],[9,-296],[-140,-443],[0,-583],[-84,-472],[66,-342],[111,-333],[0,-370],[280,-490],[214,-499],[-149,-324],[-112,-342]],[[340354,240177],[-456,47],[-494,37],[-271,37],[-503,101],[-540,65],[-327,-56],[-391,-64],[-298,83],[-392,240],[-494,306],[-345,194],[-242,120],[-364,111],[-531,28],[-671,-10],[-1612,-37],[-289,-9],[-448,-18],[-354,-47],[-475,-74],[-420,-83],[-419,-92],[-363,-102],[-317,-102],[-429,-138],[-457,-167],[-457,-203],[-344,-167],[-522,-259],[-448,-194],[-298,-83],[-475,-55],[-280,9],[-429,46],[-1360,176],[-383,-195],[-139,-425],[-271,-814],[-149,-194],[-401,-185],[-988,10],[-37,-1674],[-540,55],[-56,10],[-1193,129],[-513,28],[-345,-139],[-410,-370],[-419,-314],[-448,-120],[-466,-111],[-699,-222],[-1090,-222],[-662,-352],[-419,-332],[-308,-352],[-205,-573],[-84,-842],[-19,-277],[-195,-795],[-121,-250],[-327,-203],[-652,-93],[-867,1017],[-289,342],[-1090,1129],[-261,259],[-401,416],[-839,1045],[-624,758],[-671,1572],[-429,1831],[-625,1331],[-242,758],[-37,306],[84,1165],[83,1100],[-158,564],[-531,148],[-373,9],[-485,120],[-270,130],[-513,333],[-1277,814],[-270,138],[-298,324],[-131,296],[-344,397],[-513,352],[-578,388],[-447,167],[-634,194],[-336,83],[-289,74],[-755,-148],[-195,-314],[-205,-518],[-103,-222],[-317,-518],[-345,-259],[-363,-194],[-308,-93],[-326,-64],[-494,-222],[-214,-139],[-261,-425],[-233,-315],[-494,-46],[-382,-83],[-233,-241],[-56,-351],[-187,-333],[-484,-277],[-541,-9],[-354,101],[-494,241],[-364,314],[-447,453],[-513,694],[-326,259],[-158,564],[-326,268],[-252,176],[-205,258],[-187,315],[-177,610],[-149,259],[-373,222],[-475,9],[-326,185],[9,388],[-65,204],[-224,453],[-205,370],[-242,712],[9,1738],[-130,416],[-382,759],[-457,1257],[0,9],[28,814],[0,647],[-121,417],[-215,305],[-298,277],[-214,213],[-457,545],[-186,407],[-19,416],[-19,370],[121,500],[-363,453],[-177,360],[-37,398],[-150,453],[84,472],[-18,490],[-308,434],[-401,268],[-289,435],[-410,1054],[-335,1036],[-569,18],[-1016,361],[-1044,370],[-214,28],[-718,-10],[-289,65],[-475,176],[-988,564],[-242,314],[-354,416],[-681,592],[-447,305],[-382,148],[-476,139],[-177,28],[-419,-56],[-354,-46],[-401,37],[-410,240],[-373,65],[-541,-102],[-363,19],[-513,-9],[-447,37],[-261,83],[-364,185],[-307,194],[-476,-139],[-288,-185],[-392,-185],[-391,-83],[-401,-28],[-392,65],[-475,333],[-373,139],[-270,-10],[-252,380],[-177,240],[-186,222],[-224,203],[-475,139],[-317,-139],[-308,-175],[-419,-47],[-587,-9],[-364,102],[-354,471],[-84,444],[-307,222],[-438,93],[-140,268],[112,434],[195,324],[159,555],[251,333],[205,425],[-242,462],[-233,7204],[-84,4447],[-270,213],[-457,9],[-429,250],[-335,102],[-289,111],[-298,305],[-289,176],[-476,286],[-475,93],[-494,-28],[-410,-93],[-308,-314],[-661,740],[-504,888],[-298,582],[-951,1443],[-531,878],[-28,620],[308,1461],[307,2367],[122,952],[0,4097],[0,332],[-38,3967],[131,3311],[335,2265],[84,564],[-18,1396],[-793,3172],[-307,1748],[-308,1747],[-130,703],[-94,481],[-400,1165],[-420,666],[-997,1267],[-1193,1100],[-308,167],[-568,323],[-494,278],[-326,231],[-261,508],[-466,1119],[-345,795],[-93,213],[-476,1137],[-550,1295],[-475,56],[-541,73],[-503,-147],[-307,-10],[-345,268],[-886,-46],[-37,0],[-643,65],[-364,-111],[-1221,-490],[-894,-74],[-3225,-277],[-2246,258],[-4745,-1192],[-37,-10]],[[229730,329899],[-596,962],[-466,786],[-616,1026],[-456,685],[-140,203],[-3616,5391],[-3384,4383],[-3085,3911],[-578,712],[-1659,2035],[-689,786],[-867,1026],[-783,916],[-1221,1377],[-1538,1674],[-214,240],[-364,398],[-401,435],[-438,508],[-484,546],[-420,407],[-363,397],[-401,379],[-364,352],[-382,397],[-317,315],[-223,222],[-569,564],[-270,277],[-503,509],[-383,370],[-484,471],[-513,527],[-307,305],[-532,518],[-419,444],[-513,527],[-382,388],[-475,509],[-364,379],[-242,268],[-317,352],[-438,481],[-270,277],[-280,342],[-289,462],[-28,259],[-140,324],[-242,287],[-252,240],[-400,333],[-187,194],[-261,278],[-298,277],[-335,370],[-234,268],[-214,240],[-224,195],[-344,185],[-131,221],[103,370],[158,444],[103,259],[177,361],[130,370],[131,573],[18,324],[215,453],[270,295],[65,454],[-84,259],[-195,351],[-261,490],[-159,425],[-326,333],[-56,546],[196,518],[-84,416],[-121,296],[-103,425],[103,398],[223,536],[364,-83],[280,-19],[372,-92],[261,157],[373,277],[382,453],[177,269],[177,388],[94,508],[18,389],[-9,499],[-75,546],[-56,268],[-27,324],[-38,305],[-93,370],[513,221],[559,-101],[363,185],[317,351],[271,185],[177,361],[28,286],[37,444],[74,296],[103,388],[47,250],[55,333],[66,240],[186,629],[0,19],[168,573],[317,342],[391,-157],[299,-379],[139,-194],[1212,-2164],[112,-185],[177,-342],[475,-56],[410,-194],[299,-166],[503,-130],[354,-83],[392,-65],[279,37],[298,-194],[131,-277],[429,-158],[438,65],[522,176],[456,213],[457,212],[336,148],[652,250],[736,397],[1221,731],[709,490],[335,83],[373,194],[261,176],[466,361],[298,259],[466,416],[746,675],[475,434],[224,232],[839,887],[531,629],[336,388],[354,491],[223,277],[355,518],[242,370],[186,296],[429,758],[326,638],[159,333],[410,887],[270,666],[140,389],[121,388],[93,333],[84,370],[75,296],[84,425],[139,592],[84,481],[47,480],[56,306],[47,360],[27,370],[28,490],[66,906],[0,814],[-19,518],[-84,481],[-9,305],[-65,582],[-66,352],[-65,360],[-149,509],[-205,296],[-541,55],[-158,296],[9,361],[-149,231],[-112,472],[-84,397],[-121,426],[-121,462],[-140,324],[-112,249],[-9,333],[75,305],[111,379],[19,444],[-177,509],[103,360],[83,241],[299,277],[205,194],[326,472],[457,129],[270,259],[233,306],[168,351],[84,314],[65,472],[0,573],[-28,416],[-28,416],[-9,389],[-38,499],[-74,583],[-84,582],[-84,389],[-103,397],[-139,490],[-131,407],[-149,453],[-140,463],[-149,499],[-65,296],[-159,416],[-214,351],[-196,537],[289,231],[56,259],[-9,453],[-47,370],[-168,370],[38,360],[37,342],[364,213],[475,-46],[242,129],[392,65],[503,-130],[438,0],[485,-129],[261,129],[307,232],[187,166],[195,379],[122,268],[261,204],[372,-194],[299,166],[335,435],[-9,342],[-65,286],[242,380],[475,-269],[261,-369],[75,-472],[335,-56],[429,47],[270,111],[373,185],[448,314],[270,305],[251,324],[280,425],[214,472],[513,222],[121,-306],[121,-268],[345,-323],[326,-185],[140,-185],[364,-296],[-84,-398],[-289,-120],[-214,-398],[111,-342],[308,-231],[270,-129],[382,-65],[299,-74],[428,28],[252,157],[494,129],[447,-166],[94,-361],[335,-453],[438,-101],[121,-259],[429,-102],[401,-19],[335,47],[364,83],[345,102],[438,157],[363,148],[327,148],[223,138],[429,241],[280,129],[177,315],[205,138],[401,241],[456,832],[364,-287],[624,1008],[224,259],[522,499],[84,343],[401,314],[428,296],[364,222],[382,28],[298,-56],[401,-37],[186,231],[578,564],[252,361],[196,222],[223,240],[317,268],[466,296],[438,324],[466,351],[420,361],[634,647],[456,527],[504,703],[270,333],[186,83],[420,472],[102,111],[1417,1627],[410,463],[233,240],[419,324],[690,758],[447,499],[644,777],[540,777],[466,693],[382,647],[336,685],[373,897],[345,915],[149,490],[205,721],[84,435],[233,527],[56,250],[149,656],[177,564],[261,722],[84,46],[661,-222],[84,37],[224,564],[261,777],[252,860],[233,934],[149,499],[140,462],[83,259],[308,888],[56,46],[280,721],[102,342],[158,491],[75,83],[242,924],[94,74],[158,777],[233,1156],[28,388],[112,1073],[112,37],[-66,1637],[0,628],[-18,768],[-65,1073],[-131,1433],[-252,1812],[-289,1489],[-65,314],[-9,509],[-47,444],[-139,629],[-187,869],[-102,305],[-466,1396],[-383,1119],[-270,915],[-419,1092],[-243,730],[-522,1239],[-531,1221],[-233,453],[-214,536],[-280,694],[-279,536],[-215,435],[-186,259],[-177,332],[-196,278],[-261,527],[-158,324],[-178,231],[-186,249],[-363,453],[-271,315],[-335,453],[-243,388],[-167,278],[-429,351],[-373,333],[-112,564]],[[253031,491534],[559,462],[448,407],[429,601],[139,648],[-18,388],[-233,277],[-280,231],[-270,148],[-420,130],[-540,305],[-140,407],[-233,712],[-699,1174],[-252,611],[47,508],[382,1064],[503,1266],[56,305],[-37,444],[-848,2682],[-37,120],[-373,1156],[-737,2210],[-615,1970],[-634,2071],[-1155,3440],[65,545],[345,204],[438,249],[578,342],[326,185],[214,195],[224,360],[252,324],[661,434],[373,250],[373,379],[205,268],[215,278],[493,101],[485,-277],[578,-342],[513,-296],[354,-139],[512,37],[485,167],[541,397],[270,195],[373,148],[391,83],[504,74],[587,46],[503,-185],[317,-194],[326,65],[140,388],[252,231],[391,19],[429,259],[326,194],[252,18],[345,-37],[251,-9],[522,111],[457,83],[317,-139],[335,-203],[560,102],[1994,665],[326,195],[47,425],[177,203],[158,296],[10,342],[37,389],[205,388],[28,231],[-56,370],[-205,361],[-28,277],[112,361],[205,203],[634,527],[279,232],[280,203],[158,379],[150,287],[102,268],[-28,490],[-84,333],[-140,259],[28,370],[457,259],[373,9],[354,-139],[298,-92],[429,-65],[345,-74],[252,92],[214,537],[205,148],[364,129],[242,65],[335,74],[821,185],[382,74],[382,55],[522,10],[317,92],[298,-157],[140,-241],[373,-120],[391,-46],[559,-120],[560,434],[307,74],[242,158],[150,351],[233,231],[307,148],[354,342],[327,287],[391,194],[261,74],[196,370],[242,212],[308,84],[316,-37],[336,314],[177,352],[541,55],[335,-185],[382,130],[466,166],[476,74],[363,203],[373,269],[233,138],[205,-545],[84,-500],[-84,-2811],[131,-3772],[9,-712],[47,-4328],[410,-4217],[456,-5446],[196,-4744],[37,-4715],[476,-3228],[9,-37],[410,-147],[466,175],[326,194],[177,195],[289,175],[-9,490],[168,564],[158,250],[298,148],[364,435],[214,138],[308,398],[475,287],[168,286],[466,19],[298,-47],[289,-110],[308,175],[503,204],[326,83],[224,166],[56,435],[102,435],[364,203],[522,55],[373,84],[438,138],[438,-268],[401,0],[233,194],[540,-120],[420,-55],[270,-37],[373,-74],[494,-241],[391,19],[569,120],[363,-74],[457,259],[-47,324],[-46,277],[354,277],[354,185],[410,232],[522,129],[382,-83],[289,-139],[38,-435],[288,-74],[411,-120],[270,-101],[475,-37],[289,55],[345,-139],[429,121],[167,-278],[466,46],[317,37],[299,65],[428,9],[532,65],[456,102],[355,-19],[549,-111],[448,-92],[401,-139],[1006,-416],[382,-166],[485,37],[280,-56],[391,-222],[112,-249],[196,-555],[223,-342],[261,-333],[196,-167],[391,-157],[504,-166],[223,-93],[476,74],[531,-83],[224,-278],[112,-268],[111,-545],[280,-278],[354,-83],[392,-324],[382,-147],[522,83],[270,-111],[224,-278],[186,-212],[252,-361],[121,-481],[-75,-305],[261,-471],[355,-398],[316,-314],[159,-213],[214,-379],[10,-305],[233,-370],[279,-93],[373,19],[392,-93],[484,-277],[261,-315],[177,-351],[373,-324],[531,-203],[783,-166],[746,-84],[811,19],[363,83],[261,65],[354,148],[196,74],[392,74],[540,-74],[578,-148],[261,-46],[336,37],[522,-148],[643,-426],[317,-175],[419,-111],[559,-10],[308,-27],[615,-19],[699,65],[746,139],[727,286],[335,139],[326,-37],[215,-305],[242,-500],[429,-175],[382,-148],[401,-352],[121,-342],[121,-222],[391,-240],[513,-74],[326,-74],[382,-240],[243,-250],[46,-490],[-74,-398],[-10,-323],[94,-555],[289,-444],[102,-287],[261,-231],[475,-166],[215,-296],[242,-241],[336,-46],[475,-65],[196,-83],[382,-102],[457,-259],[410,-240],[410,-102],[205,-351],[93,-240],[205,-426],[149,-222],[131,-425],[28,-388],[-121,-398],[-28,-398],[74,-453],[47,-370],[102,-508],[224,-453],[1491,-2645],[1230,-1387],[1119,-721],[867,-305],[615,-10],[606,93],[559,370],[904,1350],[1454,2515],[289,666],[298,721],[168,398],[270,166],[326,-55],[252,-361],[159,-518],[46,-148],[47,-573],[37,-1175],[261,-490],[242,-249],[1175,-546],[447,-212],[755,-158],[149,-27],[1519,27],[1343,93],[633,111],[578,277],[755,638],[298,250],[289,231],[494,222],[737,157],[391,9],[764,19],[1138,-37],[2861,-1036],[606,-111],[2302,-434],[1873,-389],[1799,-758],[1333,-555],[419,-175],[1650,-675],[354,-185],[2023,-1064],[578,-370],[456,-296],[671,-434],[327,-518],[9,-749],[438,-527],[466,-222],[186,-296],[-55,-453],[-233,-582],[-56,-685],[139,-518],[410,-453],[457,-314],[429,-231],[298,-176],[233,-231],[308,-472],[419,-665],[233,-370],[177,-185],[308,-250],[382,-388],[298,-389],[177,-342],[75,-203],[224,-444],[195,-250],[355,-277],[298,-157],[373,-130],[587,28],[279,65],[383,27],[298,10],[298,0],[569,92],[344,83],[383,121],[251,83],[354,157],[327,55],[550,-46],[344,-157],[588,-453],[214,-361],[-9,-592],[-19,-342],[149,-443],[252,-241],[195,-250],[159,-388],[121,-203],[233,-296],[252,-305],[289,-204],[251,-139],[355,-388],[205,-268],[372,-157],[271,27],[335,-46],[233,-175],[205,-269],[196,-416],[0,-360],[205,-398],[466,139],[336,175],[214,47],[447,18],[522,-65],[755,-231],[569,148],[699,407],[466,342],[718,537],[494,277],[326,194],[279,213],[438,314]],[[439608,977409],[102,-185],[345,-490],[187,-287],[205,-471],[102,-342],[112,-315],[102,-259],[140,-305],[131,-213],[251,-258],[233,-167],[289,-148],[401,-28],[345,-83],[391,-129],[205,-148],[383,-315],[149,-138],[438,-74],[289,101],[428,37],[308,-64],[401,-222],[326,-379],[317,-241],[494,-194],[792,-176],[317,-166],[214,-361],[215,-462],[121,-314],[-9,-389],[102,-481],[373,-388],[270,-342],[299,-204],[382,-185],[363,-314],[308,-213],[373,-258],[167,-121],[392,-453],[345,-397],[121,-222],[158,-546],[121,-277],[-223,-148],[-382,-416],[-653,-638],[-382,-352],[-112,-240],[-74,-657],[-75,-120],[-382,-277],[-1314,-1027],[-625,-499],[-158,-120],[-420,-537],[-158,-222],[-131,-305],[-149,-388],[-307,-657],[-121,-443],[83,-934],[-74,-370],[-1174,-888],[-252,-176],[-392,-101],[-894,18],[-401,-9],[-420,-28],[-652,-83],[-205,28],[-708,296],[-252,0],[-382,-130],[-205,-249],[18,-389],[-223,-545],[-205,-278],[-457,-194],[-475,37],[-355,111],[-391,-203],[-326,-407],[-103,-370],[121,-453],[327,-268],[-84,-528],[-354,-286],[-327,-56],[-400,-9],[-383,37],[-316,-185],[-112,-453],[335,-1470],[-167,-537],[-793,-841],[-456,-527],[-233,-425],[-345,-722],[-187,-490],[-214,-370],[-466,-462],[-140,-416],[168,-333],[224,-638],[344,-370],[261,-139],[317,-166],[364,-324],[-541,-425],[-242,-129],[-215,-343],[-298,-360],[-112,-213],[168,-425],[457,-157],[307,-287],[-83,-564],[-187,-1248],[-121,-417],[-289,-601],[-121,-268],[-187,-462],[-195,-389],[-401,-175],[-494,194],[-457,-277],[-177,-343],[-298,-406],[-336,-370],[-93,-629],[-121,-407],[-270,-675],[-131,-361],[-298,-249],[-270,-370],[-94,-287],[-242,-249],[-261,-370],[-149,-564],[-112,-777],[-102,-925],[84,-305],[251,-472],[420,-379],[-280,-416],[-252,-148],[-335,-27],[-289,18],[-447,0],[-606,-18],[-205,-37],[-438,-167],[-327,-139],[-512,-249],[-233,-185],[-420,-435],[485,-675],[205,-268],[177,-185],[37,-481],[-344,-240],[-327,-139],[-317,-323],[420,-287],[326,-204],[205,-157],[261,-249],[308,-352],[-233,-527],[-327,-277],[737,-823],[587,-694],[233,-286],[-326,-472],[-457,-111],[-615,-139],[-410,-194],[-177,-250],[-299,-471],[66,-388],[167,-370],[280,-500],[308,-194],[279,-83],[373,-111],[0,-370],[-112,-453],[-65,-296],[19,-398],[130,-286],[214,-259],[140,-499],[261,-306],[438,-249],[373,-130],[382,-46],[466,-83],[233,-167],[448,-240],[289,-139],[363,-268],[364,-379],[177,-527],[37,-259],[280,-287],[289,-231],[167,-222],[205,-231],[327,-203],[251,-65],[373,92],[298,167],[727,499],[289,-268],[457,-259],[382,278],[569,-74],[447,-148],[373,-37],[335,83],[159,-268],[242,-666],[187,-231],[316,-296],[261,-204],[569,47],[252,434],[335,-83],[438,-176],[345,111],[317,121],[391,55],[438,19],[364,92],[261,-46],[308,-130],[270,-27],[466,9],[251,-9],[439,-195],[288,-499],[383,-398],[289,-295],[391,-204],[438,-250],[280,-231],[289,-27],[326,-74],[419,-84],[420,-92],[233,-83],[540,-84],[392,-55],[456,-93],[448,-147],[382,-370],[112,-796],[102,-194],[327,-360],[549,-213],[308,9],[410,-259],[205,-148],[289,-286],[159,-241],[-1203,-860],[-419,-203],[-373,-398],[-158,-425],[-178,-352],[-121,-166],[-326,-250],[-503,-240],[-532,-231],[-577,-19],[-336,-9],[-578,-129],[-317,-130],[-261,-92],[-289,-195],[-372,-443],[-205,-435],[-122,-277],[-233,-379],[66,-398],[438,-2358],[270,-1239],[84,-573],[46,-592],[66,-768],[-19,-638],[-19,-536],[429,-2358],[233,-989],[19,-805],[-65,-1248],[-28,-712],[-56,-1295],[-10,-2053],[0,-758],[10,-721],[-28,-305],[-84,-712],[-317,-647],[-280,-417],[-270,-332],[-242,-380],[-149,-342],[149,-296],[261,-166],[130,-333],[-56,-361],[-950,-425],[121,-370],[158,-259],[503,-804],[-102,-518],[-447,-425],[205,-490],[289,-407],[223,-231],[410,-111],[233,-176],[327,-167],[456,-92],[485,-28],[373,324],[56,259],[354,231],[307,-333],[280,-499],[-37,-463],[-159,-296],[438,-332],[457,64],[364,-185],[223,-508],[-195,-324],[-66,-323],[196,-463],[410,-222],[513,-101],[-19,-555],[214,-426],[569,56],[233,129],[186,389],[569,-28],[419,-46],[215,231],[363,92],[345,-212],[-112,-500],[-233,-416],[65,-425],[-111,-352],[-94,-564],[224,-508],[-28,-398],[-363,-83],[-131,-314],[19,-546],[251,-444],[-177,-416],[364,-453],[419,-435],[140,-268],[373,-18],[242,277],[466,-37],[354,139],[308,-268],[354,-426],[364,-406],[512,-546],[56,-314],[-214,-537],[-47,-370],[448,-222],[307,-9],[438,-203],[476,-527],[345,-361],[475,-148],[485,-333],[-38,-527],[-270,-213],[112,-369],[512,-56],[243,213],[419,-176],[-46,-425],[121,-379],[466,-74],[428,-305],[-130,-278],[37,-370],[364,-370],[-75,-360],[-233,-167],[177,-416],[457,-65],[103,-397],[149,-416],[84,-342],[-271,-453],[-102,-370],[-476,-333],[-447,-268],[-65,-417],[18,-249],[159,-333],[-19,-518],[56,-361],[-102,-268],[9,-351],[-103,-231],[-344,-250],[-308,-296],[-252,-175],[-167,-306],[-224,-425],[317,-472],[279,-74],[327,37],[344,-305],[-195,-508],[-466,-342],[-121,-370],[9,-241],[140,-379],[121,-462],[186,-805],[159,-739],[28,-398],[-28,-472],[0,-268],[102,-314],[-18,-407],[27,-453],[159,-296],[9,-472],[-149,-397],[-177,-287],[-65,-453],[-382,-527],[-420,28],[-307,74],[-280,-19],[-615,-28],[-466,-9],[-792,19],[-774,101],[-1025,130],[-420,74],[-550,83],[-335,-18],[-224,-648],[429,-1119],[196,-527],[214,-462],[401,-804],[177,-370],[121,-361],[-19,-629],[-195,-1156],[-326,-1424],[-233,-1414],[186,-195],[391,56],[355,55],[428,-64],[345,101],[326,-9],[327,46],[522,222],[699,74],[93,-619],[-112,-463],[-196,-1017],[-317,-998],[-447,-870],[-522,-1007],[-177,-565],[-149,-823],[-1277,315],[-1035,-620],[-1733,-887],[-746,-56],[-801,-277],[-765,-102],[-9,-462],[-429,-916],[-121,-1322],[503,-869],[271,-731],[540,-111],[93,-157],[-335,-777],[74,-194],[616,-203],[214,-130],[457,-18],[419,37],[643,111],[177,-278],[215,-656],[-271,-1101],[-372,-1054],[-187,-721],[-279,-601],[-336,-1165],[261,-222],[186,-342],[215,-657],[494,-628],[745,-675],[1398,-1249],[-550,-601],[-130,-342],[-419,-675],[-261,-379],[65,-324],[65,-1008],[392,-434],[111,-1128]],[[337111,880798],[475,324],[438,508],[215,315],[419,333],[196,194],[307,240],[289,120],[420,56],[335,-37],[326,-305],[299,-231],[578,-121],[270,28],[242,2053],[56,388],[392,1563],[335,1073],[112,397],[0,342],[-261,463],[-205,120],[-578,37],[-382,-167],[-177,-157],[-373,-508],[-531,-740],[-308,-268],[-270,-130],[-298,-55],[-317,-28],[-410,65],[-308,138],[-317,232],[-177,222],[-177,471],[-75,527],[75,435],[261,462],[252,407],[307,361],[531,582],[355,731],[158,434],[9,546],[224,240],[308,10],[317,-28],[298,-93],[298,-175],[205,-250],[289,-388],[261,-287],[494,-259],[708,-296],[168,74],[345,499],[224,306],[205,231],[298,296],[131,499],[-10,398],[-84,628],[-9,250],[1286,583],[727,369],[466,-582],[401,250],[569,-102],[242,296],[475,342],[373,259],[858,656],[372,-259],[168,-175],[354,-426],[205,-277],[345,-518],[56,-9],[1212,509],[410,-1156],[102,-47],[830,56],[550,55],[475,-101],[159,-546],[820,259],[438,9],[979,407],[894,398],[326,-176],[532,-74],[298,83],[326,111],[438,130],[494,333],[159,120],[913,601],[-102,416],[270,213],[419,268],[280,323],[233,222],[345,361],[345,148],[447,18],[345,398],[345,370],[270,185],[308,333],[102,342],[420,268],[261,120],[-504,842],[-28,37],[-969,1757],[-886,1220],[-419,398],[-513,481],[187,351],[326,222],[252,176],[578,379],[335,471],[420,65],[410,46],[531,47],[1277,1719],[354,370],[261,278],[-28,360],[-103,472],[-372,379],[-140,379],[28,435],[-270,286],[-75,490],[121,250],[-37,407],[261,157],[447,157],[392,352],[494,545],[214,259],[354,407],[224,287],[382,416],[680,666],[345,342],[410,388],[457,463],[392,379],[205,129],[410,305],[233,222],[1398,1258],[382,342],[335,296],[457,397],[345,287],[205,185],[261,231],[373,315],[326,268],[28,536],[-37,268],[-168,749],[-65,509],[-94,388],[-410,370],[-717,379],[-681,509],[-149,120],[420,342],[139,231],[-167,435],[326,175],[261,185],[289,241],[382,212],[429,185],[456,121],[410,203],[522,268],[205,83],[420,47],[401,-93],[363,-92],[429,-83],[652,-130],[420,-398],[298,-379],[522,-157],[522,-148],[512,28],[429,139],[429,296],[280,0],[307,-111],[429,-278],[84,-323],[466,-306],[298,-212],[354,-47],[336,195],[363,-19],[494,-203],[382,-56],[355,204],[288,129],[364,46],[233,65],[205,361],[242,157],[317,18],[438,139],[513,278],[438,129],[373,46],[140,-527],[-84,-333],[-112,-453],[112,-453],[102,-324],[103,-342],[93,-333],[103,-268],[177,-388],[233,-278],[233,-314],[-56,-259],[37,-342],[429,-83],[578,-37],[503,-83],[373,-47],[410,-55],[568,9],[429,-185],[196,-175],[112,-361],[289,-250],[372,93],[261,203],[373,388],[65,343],[38,268],[65,638],[317,194],[214,296],[401,462],[75,148],[-466,721],[-196,121],[-28,582],[-457,657],[-550,841],[-177,222],[-401,444],[-316,370],[-336,360],[-336,370],[-177,435],[-102,333],[-28,277],[-75,333],[-167,425],[-159,481],[-335,352],[-373,360],[-75,56],[-466,333],[224,471],[447,638],[476,546],[624,453],[214,65],[336,425],[-233,989],[-168,629],[-177,379],[-158,213],[-261,222],[-252,333],[-168,277],[-233,518],[-177,333],[-177,342],[-298,564],[-112,204],[-224,323],[-149,185],[-205,324],[-196,425],[215,398],[326,-19],[419,-64],[345,18],[354,-259],[550,130],[373,203],[261,37],[364,-37],[307,46],[345,120],[214,167],[-251,471],[-243,444],[-400,361],[-261,305],[-373,425],[-187,500],[261,379],[-121,333],[271,453],[261,176],[288,305],[103,536],[-354,-74],[-326,-65],[-317,305],[-252,139],[-317,148],[-28,472],[-74,388],[-150,342],[-27,287],[158,333],[317,342],[326,-148],[494,28],[214,471],[233,259],[84,342],[-56,537],[-223,342],[-289,333],[-382,231],[-1035,-684],[-28,18],[-252,555],[-37,28],[-857,-694],[-252,-74],[-391,351],[-345,-212],[-19,-518],[28,-388],[-401,-102],[-522,250],[-326,323],[-391,370],[-401,342],[-168,333],[354,444],[187,296],[214,481],[-196,259],[-568,27],[-382,130],[-466,277],[-410,398],[-336,249],[-242,19],[-382,-83],[-233,74],[-299,277],[-382,287],[-503,185],[-243,-268],[-167,-213],[-354,-268],[-317,-120],[-429,-65],[-569,92],[-456,-157],[-289,65],[-121,527],[83,370],[-177,286],[56,444],[-56,204],[-307,388],[-289,425],[-224,527],[-391,269],[-569,148],[625,1470],[270,860],[102,545],[66,379],[9,1212],[-336,333],[-512,-19],[-578,-18],[-419,-19],[-373,-28],[-280,-27],[-354,-56],[-373,-74],[-550,102],[-74,425],[-56,389],[-47,286],[-307,268],[-252,-36],[-1184,-37],[-1323,0],[-429,-10],[-419,-55],[-299,28],[-410,83],[-345,101],[-363,56],[-354,74],[-588,129],[-466,111],[-344,37],[-681,28],[-1230,287],[-103,9],[-512,-46],[-187,222],[-587,712],[-168,194],[578,638],[280,342],[149,287],[93,259],[364,1368],[130,536],[149,583],[243,703],[400,1091],[122,314],[167,444],[280,472],[242,277],[271,185],[223,129],[438,176],[336,37],[503,56],[513,-28],[680,-93],[914,-240],[661,-259],[867,-361],[1063,-527],[755,-453],[643,-591],[531,-629],[522,-749],[298,-638],[382,-925],[308,-684],[242,-574],[466,10],[522,222],[168,92],[1417,749],[438,176],[606,231],[1249,490],[1053,398],[885,342],[401,166],[494,213],[559,148],[690,148],[1128,129],[475,111],[336,185],[447,379],[112,83],[634,315],[438,-9],[205,-296],[372,-481],[280,-324],[140,-249],[186,-407],[541,-46],[401,-93],[195,-176],[252,-249],[196,-195],[382,-110],[345,46],[456,55],[327,9],[354,-55],[391,-129],[261,-65],[392,46],[382,176],[317,212],[382,324],[391,194],[205,65],[411,55],[205,19],[447,-46],[736,-102],[457,-74],[419,9],[466,102],[522,-129],[243,-74],[438,-37],[242,46],[336,120],[540,19],[420,-84],[270,-157],[214,-287],[-9,-314],[-205,-481],[-9,-407],[93,-277],[168,-462],[46,-241],[699,213],[569,120],[466,167],[307,120],[317,92],[401,28],[401,28],[317,74],[335,55],[261,250],[-18,397],[-75,232],[-130,332],[74,389],[233,462],[214,315],[168,212],[541,-129],[363,-120],[588,55],[382,-65],[298,-490],[811,148],[494,-249],[0,-56],[-131,-777],[-56,-296],[233,-490],[550,-203],[476,120],[242,83],[354,93],[280,18],[428,148],[243,167],[354,425],[158,416],[411,167],[251,83],[317,286],[196,195],[289,166],[-84,499],[-252,370],[10,574],[186,323],[429,398],[307,9],[420,-194],[382,-167],[317,-110],[270,-130],[373,-250],[373,-249],[372,185],[196,129],[364,102],[456,111],[532,65],[615,55],[317,28],[354,55],[466,204],[233,231],[429,499],[28,398],[-150,314],[-382,407],[-447,268],[-326,157],[-196,167],[-140,379],[-130,499],[84,296],[391,333],[270,194],[336,111],[382,46],[578,-83],[540,583],[215,222],[270,277],[345,333],[-37,490],[-382,823],[279,370],[1044,721],[886,657],[605,453],[522,360],[299,259],[195,241],[326,388],[206,111],[1043,167],[588,83],[587,-46],[242,-74],[354,-37],[243,120],[344,249],[271,-249],[317,-426],[270,-203],[289,-102],[307,-129],[383,-296],[242,-194],[317,-453],[205,-407],[690,-703],[195,-203],[252,-380],[177,-369],[252,-472]],[[671174,883803],[680,-37],[327,-18],[484,-176],[2116,-1257],[1715,-1221],[1156,-740],[1360,-860],[709,-453],[373,-351],[37,-333],[-93,-333],[-177,-213],[-448,-545],[-1388,-1119],[-821,-620],[-317,-545],[-391,-1313],[-336,-712],[-2712,-3301],[-624,-259],[-970,-130],[-2628,0],[-634,-194],[-829,-259],[-1091,-231],[-410,-194],[-391,-185],[-849,-555],[-717,-629],[-653,-619],[-587,-379],[-447,-74],[-438,-204],[-280,-139],[-596,-277],[-1147,-786],[-531,-370],[-1240,-407],[-643,-175],[-298,-84],[-690,-619],[-438,-916],[-484,-397],[-439,-204],[-810,-129],[-522,-139],[-355,-397],[-46,-833],[0,-9],[-420,-425],[-1090,-620],[-298,-212],[-951,-620],[-811,-721],[-363,-444],[-355,-444],[-177,-277],[-149,-296],[-270,-555],[-410,-388],[-373,-231],[-224,-241],[-7475,1859],[-130,-564],[-103,-333],[-177,-361],[-233,-462],[-158,-278],[-243,-342],[-149,-194],[-233,-398],[-158,-305],[-308,-527],[-139,-240],[-196,-342],[-224,-389],[-158,-286],[-280,-472],[-252,-416],[-102,-203],[-485,27],[-466,416],[-391,352],[-373,296],[-420,323],[-577,463],[-401,286],[-466,352],[-345,259],[-597,443],[-419,296],[-363,250],[-345,231],[-522,324],[-1920,1331],[-382,259],[-2125,1017],[-4540,2044],[-382,185],[-167,185],[-877,740],[-1276,776],[-1082,638],[-2292,490],[-3235,592],[-857,-1479],[-1053,-1119],[-1734,-1341],[-2255,-1387],[-1753,-804],[-251,-111],[-1548,-648],[-2684,-730],[-373,-167],[-1211,-527],[-1454,-407],[-1035,-110],[-1892,-102],[-746,-268],[-829,-250],[-103,-2524],[-65,-1489],[-37,-1230],[0,-767],[-37,-65],[-3225,-222],[-177,-93],[-932,-887],[-1054,-814],[-1202,-832],[-2899,-2238],[-1351,-1248],[-93,-361],[-66,-536],[131,-1091],[466,-925],[988,-1757],[140,-573],[-38,-657],[47,-1951],[-568,-6926],[-429,-4725],[-168,-2265],[-196,-1979],[-74,-407],[-205,-1248],[-448,-1406],[-149,-601],[-140,-425],[-111,-389],[-56,-333],[0,-305],[-47,-508],[-84,-324],[-186,-462],[-187,-527],[-37,-278],[9,-397],[10,-648],[28,-369],[37,-583],[-65,-481],[-177,-490],[-131,-333],[-149,-425],[93,-250],[345,-296],[242,-203],[327,-250],[65,-249],[-131,-389],[-177,-397],[-168,-380],[-55,-222],[-10,-1239],[-65,-92],[-764,-28],[-802,9],[-662,-184],[-205,-93],[-195,-1433],[-159,-1757],[392,-111],[410,-167],[484,-397],[410,-453],[383,-435],[382,-296],[382,-148],[867,-157],[960,-9],[885,-9],[187,37],[-2396,-11494],[-857,-2978],[2563,-554],[363,-102],[886,-241],[568,-148],[1296,-406],[568,-232],[1417,-961],[345,-315],[531,-416],[765,-536],[782,-546],[289,-212],[485,-296]],[[590925,777132],[-93,-426],[-93,-397],[-38,-305],[-28,-324],[-46,-564],[-19,-370],[-140,-1396],[-2526,-1156],[140,-268],[737,-786],[-205,-333],[-429,-416],[-103,-65],[-1258,-814],[-214,-120],[-243,-425],[196,-490],[112,-666],[47,-675],[-532,-176],[-531,-175],[-550,-195],[-373,-138],[-913,-278],[-578,-83],[-783,-92],[-857,-130],[-243,-148],[-18,-749],[0,-92],[-38,-1082],[-9,-990],[-75,-1701],[-46,-1655],[-56,-1655],[-75,-1794],[-28,-481],[-28,-351],[-111,-759],[-150,-721],[-233,-860],[-354,-1128],[-550,-1553],[-661,-1841],[-671,-1849],[-429,-1202]],[[439608,977409],[512,240],[616,250],[810,194],[560,-148],[317,-268],[512,-148],[214,130],[457,323],[1352,805],[1118,675],[997,592],[1035,628],[941,583],[662,388],[270,157],[392,352],[130,434],[-18,509],[-382,509],[-94,175],[-186,629],[-186,555],[-84,176],[-243,443],[-186,343],[93,305],[382,702],[93,213],[28,379],[-56,259],[19,444],[177,342],[28,527],[-93,361],[289,379],[727,379],[475,213],[476,157],[736,185],[727,92],[522,148],[289,93],[587,18],[317,157],[214,148],[252,315],[65,305],[121,296],[168,305],[373,740],[224,434],[167,379],[140,472],[522,167],[475,295],[178,241],[46,314],[-186,463],[102,286],[354,389],[355,406],[233,278],[382,268],[335,444],[243,277],[382,342],[363,232],[364,175],[438,102],[251,120],[718,250],[475,176],[271,92],[857,-897],[1025,-749],[1557,-888],[1417,-397],[1239,-176],[1016,-213],[466,-222],[420,-268],[112,-101],[260,-361],[206,-379],[950,444],[653,268],[317,139],[410,-306],[317,130],[494,296],[633,342],[429,398],[28,0],[354,-472],[298,-176],[261,-55],[485,-157],[457,-195],[447,-64],[1930,-19],[5042,120],[4632,167],[960,74],[606,55],[1454,185],[2805,518],[4101,721],[345,10],[252,-74],[317,-204],[401,-342],[447,-370],[373,-185],[550,-83],[3355,-74],[969,-19],[979,-73],[3421,-250],[5965,-490],[1016,-342],[1631,-583],[419,-148],[1333,-462],[1407,-518],[793,-287],[876,-305],[372,-120],[2554,-906],[1053,-370],[1063,-370],[979,-342],[652,-231],[429,-176],[74,-157],[-801,-1591],[466,-212],[242,-47],[513,-83],[233,-28],[438,-92],[280,-102],[428,-120],[224,-28],[438,-9],[615,74],[270,28],[466,-74],[215,-130],[335,-203],[485,-222],[233,351],[336,19],[289,-65],[363,-65],[233,241],[429,-46],[298,-111],[75,-352],[447,-55],[308,-472],[251,-194],[569,-166],[56,-19],[522,-157],[447,-139],[401,-111],[317,37],[317,46],[456,19],[532,46],[372,-65],[578,-73],[392,-56],[391,-83],[345,-102],[326,-83],[410,-222],[336,-130],[149,-425],[317,-250],[279,-166],[429,-388],[457,-28],[345,-93],[46,-434],[336,-148],[466,-176],[298,-102],[448,-83],[149,-157],[28,-462],[372,-28],[327,9],[643,-18],[447,-37],[289,-37],[485,-56],[484,-74],[550,-101],[420,0],[233,-370],[223,-324],[448,-46],[410,-9],[298,46],[308,379],[652,-19],[84,0],[1063,19],[391,28],[205,157],[354,-37],[765,-139],[755,-129],[102,-333],[158,-398],[476,-55],[522,-93],[512,-111],[336,-55],[774,55],[279,37],[438,37],[494,-277],[-18,-481],[-10,-841],[-28,-287],[-37,-629],[121,-388],[625,-102],[568,-55],[718,-28],[382,0],[419,314],[-18,435],[317,342],[587,0],[615,-9],[336,-56],[344,-37],[420,-46],[904,-120],[624,-111],[252,55],[298,306],[177,508],[224,370],[326,83],[354,-46],[280,-185],[410,-37],[289,-28],[373,120],[540,102],[494,65],[392,-56],[233,-83],[335,-111],[532,10],[401,240],[298,222],[317,231],[484,-148],[168,-240],[149,-370],[-242,-231],[186,-370],[271,-231],[428,-250],[299,-65],[382,-148],[158,-518],[149,-379],[448,-240],[307,9],[448,-277],[-112,-259],[28,-453],[0,-352],[279,-277],[401,0],[317,9],[261,-342],[-9,-305],[-187,-416],[-65,-352],[19,-360],[270,-305],[9,-592],[317,-389],[354,19],[131,314],[485,250],[288,-361],[38,-425],[-224,-444],[9,-333],[392,-203],[233,203],[373,-194],[-168,-481],[-261,-370],[214,-545],[66,-463],[242,-129],[224,-287],[9,-259],[-65,-416],[-271,-92],[0,-444],[112,-351],[298,-102],[476,74],[195,-296],[299,-287],[568,47],[354,-333],[271,-167],[93,-508],[503,-231],[280,-185],[363,-241],[336,-305],[317,-296],[466,111],[438,-139],[130,-259],[457,139],[419,-102],[196,-258],[476,166],[344,-194],[84,-342],[0,-241],[47,-407],[280,-471],[568,-167],[-28,-517],[159,-546],[475,-9],[345,-463],[168,-249],[298,-167],[242,-351],[19,-370],[102,-407],[308,-296],[494,-138],[494,-222],[149,-352],[93,-388],[233,-167],[242,-277],[-74,-490],[-242,-148],[-280,-324],[130,-379],[150,-323],[372,-296],[411,-167],[-28,-388],[158,-268],[121,-370],[438,-351],[93,-352],[280,-342],[364,9],[307,46],[429,-101],[149,-509],[-65,-453],[-47,-277],[-196,-370],[-46,-259],[307,-351],[289,-47],[401,-194],[373,-129],[345,-352],[419,28],[354,-120],[224,-315],[242,-111],[355,-231],[344,-462],[261,-416],[-130,-268],[-47,-453],[-65,-527],[158,-195],[178,-453],[130,-536],[354,-130],[121,-332],[103,-527],[-252,-324],[-167,-176],[-178,-370],[-344,-111],[-383,-296],[-65,-527],[336,-323],[130,-259],[112,-287],[37,-351],[308,-352],[345,-185],[-19,-434],[364,-287],[326,185],[438,74],[317,-194],[345,-342],[345,-102],[372,-92],[252,-204],[270,-102],[308,269],[466,-185],[224,-453],[121,-204],[298,-314],[186,-379],[-74,-232],[-28,-490],[289,-138],[391,-93],[504,-194],[-47,-425],[0,-472],[0,-416],[335,-305],[94,-342],[-112,-537],[335,-212],[196,-527],[261,-185],[252,-241],[447,-157],[466,-65],[75,444],[251,361],[513,-74],[233,-176],[317,-277],[363,-287],[560,9],[242,-74],[503,-111],[541,-203],[205,-259],[242,-129],[438,175],[522,-37],[550,-268],[159,-518],[326,-296],[522,-184],[65,-389],[130,-407],[140,-231],[168,-314],[186,-463],[-46,-360],[-93,-241],[-84,-379],[466,-296],[214,-333],[47,-295],[428,-139],[233,-250],[644,-721],[242,-342],[149,-555],[-65,-342],[214,-305],[131,-296],[-38,-555],[355,-324],[316,-212],[38,-333],[-10,-490],[-93,-379],[47,-259],[112,-453],[578,-111],[466,111],[438,-176],[167,-546],[205,-499],[345,-176],[466,139],[448,-287],[186,-619],[392,-148],[354,-148],[466,-351],[456,-93],[392,83],[382,-194],[298,-416],[364,-398],[168,-222],[121,-332],[56,-315],[112,-323],[130,-296],[391,-324],[364,-92],[242,-121],[149,-453],[383,-407],[438,-27],[279,-167],[420,-46],[317,-139],[475,-296],[363,-157],[327,-249],[372,-398],[336,-28],[317,157],[382,10],[270,-417],[271,-434],[251,-231],[233,-259],[187,-204],[270,-222],[280,-203],[419,0],[335,-83],[541,-231],[401,-93],[587,-55],[503,-93],[438,-323],[420,-287],[466,203],[279,148],[327,19],[289,-56],[335,-370],[252,-480],[419,-167],[373,-342],[131,-277],[111,-490],[-102,-380],[-75,-277],[261,-370],[345,-333],[475,-425],[224,-148],[336,-129],[428,-380],[280,-379],[177,-388],[140,-250],[363,-231],[233,-139],[373,-74],[420,-120],[652,-259],[708,-286],[336,-287],[289,-305],[438,-287],[270,-323],[317,-296],[382,-259],[-167,-333],[316,-426],[429,28],[326,-28],[233,-342],[271,-342],[354,0],[475,83],[382,-194],[177,-323],[168,-490],[196,-343],[177,-462],[345,65],[307,194],[373,-102],[289,-129],[392,-250],[503,-65],[382,-55],[214,-361],[271,-388],[18,-314],[38,-306],[74,-360],[140,-416],[354,-370],[438,-176],[131,-351],[149,-268],[242,-259],[131,-407],[-38,-250],[28,-527],[364,-388],[373,-167],[484,-203],[485,-194],[429,-158],[382,-101],[326,-352],[-65,-407],[410,-406],[233,-435],[242,-240],[-158,-370],[-103,-305],[-28,-472],[-28,-416],[94,-370],[0,-370],[391,-305],[280,-250],[186,-305],[177,-259],[224,-296],[242,-92],[392,-351],[130,-352],[-18,-268],[261,-305],[0,-296],[251,-361],[177,-138],[420,-343],[93,-508],[-214,-176],[-28,-564],[298,-268],[559,-74],[466,203],[317,241],[475,28],[345,-19],[289,-250],[429,-157],[354,-92],[354,-167],[159,-194],[531,-65],[457,278],[195,92],[485,74]],[[162726,475555],[-75,-258],[-214,185],[-159,453],[-28,379],[-102,333],[-47,564],[56,416],[56,286],[102,380],[233,-121],[187,-305],[65,-249],[-270,-352],[-121,-388],[74,-315],[84,-397],[28,-259],[131,-352]],[[254858,615164],[-559,-28],[-336,121],[-345,148],[-46,462],[93,324],[298,314],[429,83],[401,176],[419,-120],[289,-121],[187,-323],[-38,-324],[-186,-231],[-224,-407],[-382,-74]],[[533800,526838],[-457,241],[-382,120],[-512,46],[-383,37],[-307,28],[-485,19],[-317,-47],[-279,-129],[-289,-324],[-65,-342],[-681,194],[-373,93],[-317,64],[-596,158],[-364,129],[-447,157],[-419,56],[-345,-111],[-56,-361],[-28,-240],[-475,-250],[-215,111],[-457,-55],[-139,-361],[-177,-499],[-112,-435],[-550,-74],[112,536],[-28,407],[-112,213],[-84,351],[149,426],[289,249],[326,444],[131,250],[37,379],[-28,277],[0,324],[-345,268],[-289,167],[-270,212],[-326,111],[-476,-120],[-289,-83],[-400,102],[-177,166],[-289,287],[-224,259],[-261,138],[-345,222],[-326,361],[-391,407],[-187,203],[-289,231],[-429,157],[-233,28],[-484,250],[-354,129],[-392,231],[-373,139],[-410,342],[-354,130],[-354,185],[-364,277],[-466,250],[-372,222],[-383,240],[-419,250],[-559,64],[-354,130],[-159,222],[-727,499],[-401,278],[-456,222],[-327,231],[-391,277],[-354,268],[-476,370],[-391,-83],[-391,-176],[-280,-166],[-392,-352],[-316,-231],[-485,0],[-326,19],[-327,-19],[-438,-92],[-242,-56],[-522,-212],[-205,-19],[-429,74],[-214,0],[-764,-74],[-681,-176],[-261,19],[-727,37],[-354,-56],[-503,-222],[-1165,-490],[-1808,-758],[-271,-305],[-214,-194],[-1007,-278],[-1528,-148],[-336,-286],[-279,-435],[-299,-518],[-466,-786],[-177,-249],[-251,-268],[-643,-555],[-420,-398],[-112,-111],[-317,-388],[-363,-527],[-587,-953],[-38,-120],[-93,-675],[0,-37],[-289,-1600],[-335,-360],[-382,-305],[-187,-222],[-186,-463],[-121,-462],[-84,-416],[158,-490],[-37,-305],[-159,-435],[-55,-407],[121,-564],[84,-277],[205,-333],[102,-407],[131,-305],[233,-453],[-149,-231],[-94,-379],[261,-296],[271,-379],[149,-546],[84,-407],[354,-388],[-38,-472],[-521,-46],[-355,-139],[-279,-268],[158,-490],[522,-277],[9,-333],[-74,-324],[-205,-416],[-9,-222],[214,-499],[-9,-324],[-522,-129],[-476,-232],[-158,-545],[46,-509],[-139,-499],[-355,-250],[-363,-157],[-289,-185],[-270,-444],[18,-425],[364,-305],[335,-83],[205,-204],[364,-213],[214,-74],[317,-221],[448,-250],[289,-278],[410,0],[494,-37],[307,65],[401,-138],[447,9],[373,-56],[476,-351],[55,-509],[-65,-342],[-242,-314],[-37,-490],[577,120],[401,102],[410,194],[364,65],[224,101],[335,111],[233,111],[364,0],[270,-65],[382,204],[513,-176],[559,-148],[345,120],[419,37],[587,28],[364,148],[326,425],[233,361],[1640,527],[327,56],[298,27],[401,-9],[596,-65],[243,-46],[782,-249],[401,-139],[746,-379],[690,-315],[288,-166],[439,-250],[456,-148],[904,-296],[541,-231],[130,-55],[383,-4356],[37,-203],[37,-518],[75,-851],[112,-1146],[55,-675],[75,-842],[93,-878],[-382,-166],[-326,-65],[-289,-56],[-345,-129],[-1007,-389],[-624,-314],[-466,-314],[-270,-278],[-410,-370],[-616,-462],[-186,-176],[-233,-296],[-932,-1054],[-364,-305],[-121,-379],[-186,-555],[-345,-610],[-308,-657],[-922,-1941],[-103,-204],[-307,-601],[-280,-1063],[-466,-1988],[-168,-805],[-382,-1479],[-391,-1665],[-448,-111],[-261,65],[-391,120],[-522,148],[-438,19],[-448,55],[-391,56],[-513,92],[-326,120],[-373,222],[-382,56],[-438,-46],[-531,9],[-354,-19],[-280,-27],[-363,138],[-243,416],[-326,93],[-419,-379],[-485,-259],[-364,111],[-531,175],[-261,10],[-242,-426],[0,-286],[56,-740],[56,-823],[130,-1073],[10,-407],[74,-795],[37,-527],[19,-240],[149,-1998],[-196,315],[-372,397],[-243,426],[-345,74],[-466,175],[-363,121],[-401,342],[-326,305],[-326,250],[-494,185],[-327,120],[-438,240],[-335,139],[-261,277],[-513,287],[-354,305],[-317,56],[-354,74],[-196,268],[-167,212],[-289,416],[-466,250],[-578,0],[-1967,-213],[-438,-18],[-494,203],[-923,56],[-1239,111],[-1482,305],[-271,176],[-941,841],[-568,888],[-1035,1618],[-541,425],[-531,204],[-736,37],[-662,-120],[-1696,-981],[-858,-776],[-1444,-1582],[-662,-730],[-615,-647],[-1669,-1766],[-1407,-1397],[-597,-592],[-754,-480],[-1454,-916],[-5537,-3060],[-373,0],[-419,351],[-196,407],[-130,277],[-66,573],[-167,389],[-224,370],[-308,388],[-447,444],[-196,398],[-149,508],[-307,786],[-112,425],[-308,417],[-382,379],[-1146,1766],[-1119,1119],[-531,527],[-242,83],[-457,148],[-550,65],[-326,-10],[-336,-27],[-261,-19],[-447,65],[-326,388],[-317,564],[-215,287],[-344,268],[-327,213],[-242,148],[-541,351],[-335,222],[-252,287],[-121,249],[-289,657],[-140,296],[-354,407],[-224,129],[-466,213],[-671,286],[-894,380],[-345,148],[-438,120],[-830,175],[-773,176],[-364,93],[-457,9],[-223,-28],[-448,-111],[-270,-111],[-457,-231],[-251,-222],[-476,-185],[-820,-259],[-252,-37],[-382,93],[-512,111],[-317,-121],[-224,-129],[-419,-240],[-345,-213],[-280,-176],[-382,-277],[-391,-287],[-289,-194],[-336,-277],[-186,-195],[-243,-286],[-205,-287],[-186,-231],[-280,-305],[-522,-463],[-587,-508],[-484,-426],[-215,-92],[-503,361],[-653,453],[-344,240],[-532,296],[-596,324],[-625,333],[-391,175],[-485,296],[-447,342],[-345,315],[-382,444],[-308,379],[-195,194],[-261,268],[-392,361],[-289,212],[-289,158],[-242,120],[-485,148],[-652,185],[-774,231],[-391,-416],[-1165,-2275],[-653,-1239],[-410,-795],[-37,-232],[65,-434],[9,-546],[-27,-841],[-19,-379],[-37,-259],[-150,-749],[-214,-916],[-205,-499],[-196,-240],[-494,-527],[-289,-444],[-195,-426],[-131,-360],[-84,-407],[-74,-638],[-168,-1332],[-84,-351],[-112,-333],[-307,-305],[-271,-250],[-335,-425],[-503,-851],[-513,-906],[-886,-1544],[-260,-500],[-150,-425],[-326,-1128],[-615,-1905],[-47,-203],[-56,-555],[38,-610],[102,-971],[94,-759],[-10,-351],[-149,-379],[-168,-185],[-307,-166],[-373,-102],[-643,-148],[-448,-176]],[[253031,491534],[-205,712],[-65,287],[-298,453],[-448,675],[-615,897],[-1305,1738],[-363,435],[-121,37],[-578,-167],[-578,-166],[-12816,-3643],[-1845,-527],[-4362,-1230],[-103,64],[-195,685],[-942,3116],[-438,1507],[-652,2090],[84,139],[2330,628],[4725,1360],[1464,416],[2358,666],[3868,1100],[65,259],[-121,407],[-746,2524],[-391,1258],[-140,148],[-1892,-537],[-2964,-841],[-1874,-555],[-1510,-416],[-2115,-610],[-1203,-324],[-3243,-943],[-112,111],[-568,1905],[-112,369],[-168,315],[-131,222],[-699,1165],[-121,213],[-857,1414],[-541,907],[-270,453],[-448,-28],[-46,453],[1799,989],[3439,1970],[3532,2007],[336,194],[2591,1479],[224,389],[-737,1211],[-18,111],[158,610],[37,231],[-456,777],[-75,0],[-1566,-888],[-1454,-804],[-1398,-786],[-1342,-758],[-2675,-1526],[-261,305],[-3551,-2016],[-382,-175],[-354,-148],[-876,1516],[-75,194],[-363,620],[-904,1442],[316,176],[-1202,2025],[-186,296],[-159,287],[-279,462],[56,92],[2013,1166],[251,92],[513,305],[699,407],[1603,878],[485,324],[391,222],[205,305],[504,93],[522,286],[-47,435],[-130,314],[-205,296],[-317,426],[-308,462],[-326,536],[-196,342],[-335,269],[-476,286],[-512,139],[-336,296],[-419,92],[-494,296],[-252,120],[-308,130],[-494,166],[-400,120],[-308,65],[-289,56],[-345,74],[-447,83],[-354,-28],[-298,-314],[-112,-268],[-243,-287],[-233,-435],[-242,-157],[-261,-462],[-9,-490],[-66,-416],[-428,-102],[-494,-222],[-336,-388],[-317,-195],[-317,-212],[-438,-130],[-410,56],[-550,27],[-410,-286],[-335,0],[-187,342],[-186,462],[112,361],[-28,314],[37,426],[-37,545],[37,379],[75,416],[-94,380],[-139,369],[18,296],[-37,342],[-93,398],[65,416],[121,472],[-93,351],[19,518],[223,203],[196,398],[196,259],[130,231],[354,462],[280,306],[140,268],[261,416],[121,342],[186,425],[168,241],[177,379],[298,425],[19,231],[9,417],[0,342],[47,314],[-149,462],[-9,343],[177,490],[74,416],[168,434],[280,158],[93,453],[-47,536],[28,416],[-28,518],[149,351],[94,407],[167,444],[75,435],[205,286],[112,518],[28,444],[130,305],[261,453],[233,204],[261,342],[140,138],[224,407],[-75,453],[149,546],[177,296],[122,434],[177,472],[18,481],[65,360],[-27,398],[0,268],[55,453],[0,435],[84,730],[410,352],[150,407],[-75,545],[-56,342],[-84,537],[-37,333],[102,295],[308,241],[93,434],[93,481],[103,204],[298,277],[205,204],[326,203],[206,231],[83,278],[159,342],[-9,425],[307,268],[429,296],[429,352],[400,73],[420,296],[251,185],[178,333],[186,250],[280,342],[167,379],[84,425],[317,213],[419,342],[196,130],[364,249],[326,176],[242,111],[550,93],[317,147],[252,102],[373,167],[205,129],[261,231],[270,268],[196,232],[205,379],[9,323],[-951,389],[103,175],[1314,-545],[410,65],[252,-139],[391,-56],[550,-9],[559,-28],[243,-9],[354,83],[317,139],[391,213],[233,203],[354,342],[289,352],[131,203],[317,583],[-10,212],[-773,777],[559,-102],[224,-360],[261,-185],[400,55],[504,296],[428,287],[448,268],[196,194],[270,453],[205,453],[233,324],[168,213],[195,379],[140,305],[47,296],[84,277],[130,370],[112,712],[-9,287],[-19,333],[-37,730],[-37,620],[-131,878],[-9,305],[-19,305],[-224,454],[-83,342],[-38,268],[38,434],[-10,546],[-37,379],[-121,518],[-19,462],[-19,352],[94,388],[18,268],[429,398],[242,194],[271,287],[121,443],[18,583],[-65,499],[-65,398],[-65,250],[-168,360],[-205,389],[289,416],[93,323],[159,315],[149,296],[205,222],[317,369],[223,389],[103,351],[9,426],[112,388],[-65,268],[9,379],[392,167],[214,185],[307,111],[271,83],[391,212],[326,-18],[336,148],[345,185],[457,203],[372,315],[205,259],[94,277],[316,453],[327,204],[345,9],[428,65],[252,120],[419,203],[196,259],[93,314],[19,491],[-308,277],[-18,277],[363,389],[298,120],[122,536],[503,721],[308,37],[288,278],[168,536],[205,684],[66,315],[18,379],[75,361],[84,351],[139,462],[299,398],[326,-56],[494,56],[419,213],[448,286],[307,231],[215,213],[205,324],[195,481],[103,406],[140,241],[177,333],[84,286],[74,490],[-9,287],[-9,342],[139,398],[317,129],[466,-120],[261,120],[392,65],[214,-37],[373,157],[252,148],[298,176],[252,213],[251,249],[112,259],[149,333],[261,296],[392,435],[-28,462],[0,324],[307,388],[215,-56],[400,-64],[373,55],[485,287],[373,166],[419,120],[317,176],[662,499],[391,361],[252,352],[242,203],[774,906],[158,194],[392,305],[512,444],[131,148],[223,407],[-121,518],[-93,250],[121,342],[261,351],[37,305],[28,435],[-205,407],[28,462],[271,305],[-56,342],[177,537],[140,360],[102,352],[149,222],[121,397],[19,546],[364,268],[28,277],[27,315],[47,351],[-28,278],[-46,397],[65,499],[382,158],[475,166],[261,305],[243,416],[167,259],[168,361],[177,370],[196,444],[84,268],[46,481],[-37,360],[-9,546],[84,444],[18,314],[66,435],[18,739],[19,250],[196,305],[18,481],[-28,324],[0,397],[75,444],[130,287],[28,351],[10,278],[46,462],[121,296],[215,370],[28,268],[-10,323],[10,278],[-84,471],[-140,491],[0,490],[438,-37],[475,-269],[392,-46],[363,65],[364,65],[252,240],[195,250],[252,323],[475,241],[140,471],[93,380],[233,425],[364,388],[251,490],[75,296],[28,518],[28,314],[46,491],[-18,323],[65,305],[168,379],[-28,583],[298,314],[131,315],[158,277],[131,435],[-28,323],[130,278],[131,305],[177,240],[-103,444],[112,287],[112,361],[130,277],[336,240],[-9,500],[-56,222],[-47,388],[-75,287],[-28,323],[-270,444],[-102,333],[-103,287],[-214,416],[-112,388],[-522,555],[0,435],[-103,369],[-205,703],[-93,352],[-112,406],[38,444],[-140,574],[102,480],[-102,463],[158,379],[47,259],[289,249],[447,-83],[233,-111],[317,342],[103,324],[251,1572],[252,250],[-19,1969],[84,379],[-28,611],[-93,536],[-65,509],[-75,369],[-158,509],[-345,823],[-224,564],[-261,481],[-205,499],[-112,278],[-195,314],[-94,268],[-139,435],[102,185],[-382,1266],[103,130],[74,435],[0,425],[-140,638],[-130,388],[-93,241],[-196,656],[-205,453],[-280,675],[-261,685],[-177,647],[37,536],[-214,675],[-177,481],[-47,388],[-65,491],[-102,388],[-243,434],[-93,259],[-84,426],[-93,444],[56,249],[-75,444],[0,555],[-46,342]],[[149686,563465],[550,-92],[475,83],[289,74],[364,213],[261,295],[196,343],[559,-139],[373,-37],[139,-435],[10,-277],[65,-435],[56,-582],[-121,-435],[-149,-296],[46,-407],[-9,-314],[-56,-388],[-447,-306],[-345,-147],[-448,-195],[-335,-111],[-494,-92],[-298,-139],[-224,-259],[-336,-286],[-242,-121],[-587,47],[-373,-102],[-149,-407],[47,-379],[-401,-268],[-336,-46],[-410,-315],[-522,-157],[-354,-333],[-158,-564],[-261,-407],[-94,-416],[-456,-203],[-280,175],[149,305],[103,250],[93,435],[177,249],[354,148],[401,352],[382,397],[177,185],[131,352],[186,277],[261,472],[233,286],[158,426],[261,157],[84,471],[-177,380],[-261,416],[-149,222],[-46,351],[-178,462],[-130,333],[-149,398],[242,407],[168,259],[102,379],[66,305],[363,120],[364,-296],[223,-249],[355,-259],[512,-130]],[[151429,568949],[-196,-74],[-298,499],[326,342],[401,74],[65,-416],[-298,-425]],[[175159,595219],[-513,-157],[-177,277],[-261,435],[-9,406],[401,-147],[279,-250],[149,-176],[131,-388]],[[173929,608192],[-168,-416],[-205,28],[-475,231],[298,268],[84,268],[111,379],[206,-453],[149,-305]],[[164925,612926],[541,-9],[354,28],[307,-19],[336,-73],[261,-56],[354,-222],[289,-250],[298,-323],[457,-638],[112,-398],[19,-416],[-178,-472],[-158,-675],[-177,-564],[-233,-443],[-224,-555],[-46,-194],[-560,-509],[-512,-453],[-345,-139],[-308,-83],[-307,92],[-429,241],[-802,508],[-540,-74],[-280,102],[-512,536],[-94,481],[243,546],[177,647],[177,444],[-84,379],[-289,388],[-205,528],[-252,896],[28,546],[-84,342],[-65,352],[38,258],[223,370],[392,342],[773,-443],[196,-213],[158,-546],[364,-166],[587,-93]],[[169986,615922],[-373,-120],[-74,527],[214,305],[242,111],[429,195],[410,101],[299,-296],[205,-231],[233,-379],[-299,-55],[-438,-56],[-298,-74],[-550,-28]],[[150320,619714],[-28,-342],[-186,-463],[-187,-518],[-130,-296],[-187,-471],[19,-361],[47,-277],[167,-370],[261,-509],[327,-277],[475,-148],[261,-277],[196,-250],[205,-472],[74,-277],[37,-342],[-55,-389],[-355,-712],[-214,-536],[-112,-462],[-251,-398],[-299,-471],[-223,-648],[-150,-305],[-195,-397],[-28,-222],[56,-453],[112,-472],[233,-1156],[65,-351],[168,-287],[214,-277],[307,-444],[75,-564],[9,-481],[75,-416],[37,-315],[345,-314],[475,-194],[205,-130],[392,-249],[345,-139],[363,-74],[569,37],[224,-305],[83,-250],[271,-296],[-177,-434],[-28,-315],[37,-453],[186,-434],[47,-370],[224,-305],[354,-389],[196,-323],[149,-259],[195,-324],[177,-407],[196,-425],[19,-527],[168,-370],[289,-342],[167,-333],[196,-546],[196,-397],[233,-426],[345,-286],[568,-444],[326,-213],[438,-231],[364,-102],[578,10],[335,212],[289,222],[326,167],[383,-324],[-168,-370],[-671,-370],[-326,-259],[-205,-194],[-215,-296],[-140,-527],[187,-397],[195,-343],[75,-332],[-19,-509],[-102,-204],[-9,-379],[9,-434],[-112,-352],[-93,-268],[-131,-277],[-93,-416],[-112,-222],[-261,-296],[75,-407],[307,-166],[280,-444],[336,-83],[568,-65],[354,157],[252,-314],[1715,-352],[727,-148],[56,-92],[-308,-83],[-326,101],[-391,74],[-1482,287],[-410,-111],[-308,-166],[-47,-454],[140,-527],[65,-351],[308,-268],[158,-241],[159,-499],[-140,-379],[-270,-481],[-345,-240],[-177,-472],[65,-250],[-149,-388],[-457,-361],[-279,-203],[-261,-120],[-308,-398],[-140,-351],[-354,-268],[-74,-278],[93,-425],[-317,-444],[-373,-444],[-391,-222],[-112,-379],[93,-323],[-158,-518],[-215,-121],[-317,-212],[-251,-204],[-280,-360],[-121,-296],[-242,-324],[-271,-203],[-522,-241],[-419,-268],[-392,-416],[-298,-370],[-224,-277],[-167,-222],[-224,-351],[-354,-102],[-336,-250],[-186,-481],[-75,-360],[-354,-398],[-391,-277],[-261,249],[-373,158],[-326,110],[-438,158],[-252,379],[-186,499],[-112,352],[-10,332],[140,490],[-18,435],[74,518],[140,296],[28,388],[-93,472],[-140,490],[37,240],[-37,407],[28,296],[18,472],[196,323],[-56,472],[-195,397],[-140,278],[-149,305],[0,305],[-233,435],[-383,425],[-261,213],[-382,231],[-372,28],[-224,92],[-289,315],[-56,342],[-373,397],[-270,278],[-196,212],[-214,250],[-271,333],[56,545],[177,213],[168,352],[261,388],[336,388],[419,102],[392,231],[270,139],[317,287],[224,480],[195,232],[289,314],[215,342],[279,407],[84,305],[0,527],[-37,379],[-103,389],[-186,416],[-224,397],[-158,287],[-410,222],[-243,333],[-279,323],[-476,204],[-279,65],[-364,148],[-503,305],[-420,101],[-568,-64],[-224,-121],[-466,-314],[-335,-111],[-485,-139],[-550,19],[-289,166],[-578,111],[-251,361],[121,499],[522,268],[550,-120],[317,222],[316,130],[541,0],[401,-148],[354,-37],[485,120],[335,139],[252,166],[326,240],[84,306],[-65,406],[18,370],[-84,268],[-149,407],[-18,472],[-103,333],[47,305],[-140,379],[326,444],[541,536],[251,241],[159,231],[84,555],[-317,185],[-308,295],[-298,204],[-224,250],[-428,249],[-317,435],[-233,314],[-224,444],[-298,305],[-336,213],[-251,287],[-131,564],[-130,453],[139,462],[56,351],[0,287],[-37,379],[-186,453],[-159,398],[-224,314],[-177,370],[-307,120],[-457,-9],[-298,-9],[-457,-19],[-279,19],[-383,397],[327,213],[261,305],[102,231],[270,306],[233,194],[215,342],[-19,277],[-158,315],[-93,305],[-75,518],[28,268],[-140,425],[-242,296],[-149,435],[-66,518],[308,175],[298,305],[112,278],[121,508],[280,269],[317,175],[317,111],[428,204],[364,222],[177,499],[-19,388],[-102,241],[18,416],[-121,370],[-18,342],[-299,407],[-139,286],[-196,444],[-261,425],[-131,306],[10,296],[65,434],[-47,324],[84,416],[103,508],[214,241],[261,360],[214,167],[224,351],[270,84],[439,0],[372,-204],[122,-194],[316,-305],[271,-389],[345,-231],[270,-28],[326,167],[401,370],[224,268],[382,129],[195,269],[94,517],[158,232],[382,166],[224,37],[401,19],[251,-167],[373,-296],[103,-305],[84,-342],[9,-351],[-112,-444]],[[141233,629857],[-103,-332],[-130,360],[-243,536],[261,-194],[215,-370]],[[302989,13981],[634,-610],[745,-712],[550,-768],[336,-601],[223,-619],[121,-610],[10,-611],[0,-610],[-10,-610],[-46,-500],[9,-832],[112,-582],[47,-454],[0,-295],[-131,-343],[-373,-147],[-233,-19],[-400,19],[-373,46],[-392,277],[-186,167],[-298,295],[-177,269],[-168,333],[-140,360],[-242,342],[-243,296],[-438,222],[-363,241],[-550,101],[-289,0],[-354,19],[-597,157],[-438,333],[-606,758],[-298,592],[-513,1026],[-261,601],[-55,574],[-10,573],[75,351],[214,315],[270,231],[476,342],[419,28],[336,0],[475,9],[559,120],[457,250],[289,157],[252,102],[354,9],[522,-157],[699,-435]],[[288188,20944],[224,-111],[261,-240],[233,-305],[195,-333],[224,-537],[261,-684],[140,-555],[130,-453],[38,-148],[344,-860],[28,-55],[187,-786],[447,-999],[326,-749],[215,-693],[158,-518],[177,-814],[280,-1452],[242,-1276],[112,-767],[56,-389],[28,-295],[0,-352],[-112,-555],[-168,-323],[-363,-407],[-373,-259],[-270,-185],[-252,-314],[-158,-287],[-84,-296],[-47,-324],[-28,-397],[-18,-268],[-196,-333],[-84,-315],[37,-508],[75,-389],[84,-305],[112,-471],[27,-268],[-18,-333],[-382,-435],[-513,19],[-289,-158],[-354,-379],[-336,-83],[-307,296],[-75,398],[-112,416],[-111,416],[-224,647],[-103,222],[-158,342],[-75,213],[-130,370],[-233,462],[-131,231],[-158,296],[-214,342],[-243,231],[-484,213],[-513,166],[-242,148],[-280,222],[-158,195],[-252,388],[-131,314],[-74,407],[-28,416],[37,407],[75,370],[121,277],[280,463],[139,296],[66,323],[37,361],[9,397],[-46,324],[-75,259],[-28,351],[93,296],[298,435],[168,379],[159,490],[167,583],[140,665],[10,352],[-38,527],[-28,508],[-158,565],[-131,342],[-214,388],[-177,527],[-177,407],[-112,379],[-47,259],[-74,425],[-37,481],[-47,481],[0,416],[140,425],[214,130],[382,9],[289,0],[326,37],[271,74],[307,167],[560,-10],[354,19],[587,9]],[[292261,21943],[-289,-167],[-485,176],[-251,379],[-94,314],[-186,398],[-177,444],[186,351],[504,-55],[345,-324],[167,-231],[103,-342],[261,-407],[233,-277],[-317,-259]],[[291059,24661],[-196,-444],[-317,222],[-261,324],[-37,536],[46,435],[336,-130],[252,-351],[121,-240],[56,-352]],[[303063,36553],[-503,-83],[-485,194],[-177,296],[-56,369],[-46,417],[-28,323],[28,370],[0,573],[-112,370],[9,537],[149,360],[103,518],[307,314],[448,-92],[307,-231],[308,-472],[149,-379],[75,-333],[28,-342],[0,-453],[0,-407],[18,-453],[93,-361],[0,-240],[-130,-342],[-140,-231],[-345,-222]],[[269249,60631],[-28,-286],[-37,-324],[-233,-397],[-392,-10],[-233,19],[-382,194],[-177,287],[-336,148],[-298,-93],[-130,-518],[55,-249],[-93,-518],[-158,-315],[-354,-388],[-327,268],[-186,204],[-280,296],[-326,351],[-130,185],[-233,287],[-280,406],[280,380],[140,231],[344,268],[476,-287],[335,-212],[261,-28],[392,83],[261,139],[317,333],[167,323],[168,398],[177,490],[177,601],[93,379],[150,305],[214,-157],[130,-435],[47,-277],[47,-333],[158,-481],[84,-444],[84,-508],[56,-315]],[[276957,72884],[-326,-93],[-401,74],[-159,314],[280,278],[345,-370],[261,-203]],[[282372,72430],[522,-55],[307,28],[718,194],[597,148],[345,83],[316,46],[336,0],[401,-18],[503,-19],[298,-360],[-9,-259],[-37,-1027],[37,-388],[-56,-407],[-140,-490],[-121,-407],[-65,-314],[46,-379],[38,-333],[18,-296],[-65,-583],[0,-406],[65,-426],[177,-240],[159,-268],[261,-333],[466,-361],[326,-388],[0,-620],[28,-462],[65,-583],[-9,-333],[9,-388],[19,-342],[75,-342],[102,-463],[37,-360],[75,-389],[298,-249],[298,-370],[140,-564],[37,-352],[140,-379],[-18,-277],[9,-351],[242,-518],[-121,-398],[-9,-296],[354,-397],[93,-426],[19,-388],[28,-481],[37,-277],[75,-435],[-38,-333],[205,-518],[299,-434],[102,-361],[131,-407],[130,-203],[354,-167],[299,19],[307,-28],[578,9],[466,65],[419,65],[411,-213],[354,-379],[363,-416],[215,-407],[139,-305],[140,-379],[187,-481],[37,-314],[-205,-500],[-177,-222],[-289,-314],[-177,-305],[-103,-564],[-74,-305],[-233,-333],[-224,-204],[-541,-231],[-382,-55],[-345,-121],[-410,-249],[-410,-65],[-429,-222],[-233,-148],[-419,-185],[-252,-240],[-177,-537],[-205,-443],[-279,-380],[-345,-240],[-289,-148],[-289,-287],[-420,-564],[-475,-425],[-475,-324],[-476,-203],[-261,-65],[-410,-92],[-372,-278],[-159,-203],[-140,-370],[-102,-305],[93,-453],[140,-472],[-19,-555],[-214,-416],[-215,259],[-205,407],[-233,499],[-195,204],[-308,379],[-345,342],[-177,398],[159,518],[223,369],[-130,426],[-121,407],[-122,462],[19,435],[121,360],[252,444],[298,398],[131,323],[-10,305],[-84,287],[-307,425],[-205,315],[-75,259],[-28,360],[19,500],[-121,518],[-196,203],[-280,259],[-382,360],[-233,259],[-205,472],[-140,425],[-102,527],[18,491],[206,416],[354,462],[391,481],[196,388],[-121,407],[-289,462],[-326,416],[-429,324],[-615,287],[-466,268],[-429,148],[-233,222],[-233,379],[-177,416],[-56,481],[-121,499],[-84,324],[102,527],[131,462],[56,527],[-65,324],[-261,388],[-355,500],[-475,508],[-326,268],[-112,158],[-298,406],[-448,417],[-344,194],[-224,286],[-47,379],[-177,380],[-224,259],[-177,360],[-149,472],[-168,286],[-111,500],[-84,527],[-56,388],[-149,814],[-47,795],[140,564],[186,250],[280,259],[382,194],[522,65],[410,-19],[420,37],[447,83],[280,139],[251,296],[103,222],[158,851],[28,129],[168,777],[112,795],[9,296],[-19,333],[-93,397],[-84,241],[-140,481],[178,481],[335,-56],[336,-351],[540,-93],[373,-176],[280,-231],[195,-453],[345,-370],[373,-212],[317,-121]],[[298058,68371],[38,-296],[37,-286],[-429,-222],[-214,138],[-494,111],[-317,-314],[-420,-102],[-251,278],[-336,101],[-419,-92],[-559,-37],[-336,-28],[-280,28],[-279,305],[-513,148],[-457,-56],[-493,-46],[-327,453],[-195,250],[-168,361],[251,379],[327,379],[93,305],[-112,425],[-196,527],[-102,333],[-177,500],[28,388],[65,222],[112,425],[121,490],[168,546],[102,250],[140,397],[130,324],[168,425],[103,259],[149,305],[494,185],[279,167],[327,286],[512,120],[373,-46],[261,-175],[242,-269],[345,-277],[410,-277],[541,-37],[252,-241],[428,-259],[233,-397],[122,-379],[-28,-472],[-56,-296],[139,-342],[271,-462],[149,-435],[102,-379],[19,-546],[-102,-222],[-159,-379],[0,-555],[-47,-342],[-37,-342],[-168,-342],[103,-527],[37,-333]],[[252724,85616],[-28,-517],[-373,323],[-84,361],[-186,379],[-205,333],[-457,305],[-65,342],[-84,481],[-38,379],[0,352],[66,564],[28,323],[84,259],[102,555],[186,361],[429,332],[159,-425],[37,-277],[84,-333],[46,-296],[38,-324],[28,-323],[-66,-343],[-28,-508],[-102,-287],[0,-305],[19,-314],[83,-435],[75,-268],[140,-388],[112,-306]],[[226300,95113],[-261,-111],[-140,231],[-158,287],[-177,407],[-75,305],[271,-204],[177,-249],[233,-379],[130,-287]],[[214687,95122],[-103,-416],[-549,139],[-233,212],[-467,315],[-186,407],[-289,314],[-279,333],[-215,185],[-65,305],[-65,416],[214,333],[308,388],[130,213],[298,462],[243,296],[18,-351],[-65,-536],[56,-352],[121,-259],[280,-314],[401,-342],[233,-315],[18,-554],[47,-416],[149,-463]],[[252770,100014],[-373,-204],[-223,352],[84,481],[195,277],[289,277],[336,232],[-9,-222],[-196,-333],[37,-305],[-140,-555]],[[216458,101650],[512,-64],[494,55],[420,-129],[317,-167],[373,74],[484,139],[326,-111],[364,-342],[252,-139],[531,19],[447,-148],[28,-407],[-93,-204],[-298,-240],[-289,92],[-382,-9],[-261,-101],[-345,-185],[-429,120],[-550,-176],[-289,-213],[-419,-397],[-233,-490],[-438,-241],[-47,361],[121,453],[56,370],[-335,361],[-299,416],[-288,194],[-252,240],[-224,268],[-37,380],[401,351],[382,-130]],[[238174,105950],[-363,-138],[-308,-65],[-317,92],[-456,-74],[-308,28],[-298,56],[-401,175],[-140,527],[-428,315],[214,462],[289,425],[-9,333],[-159,472],[-56,388],[149,305],[299,250],[205,277],[214,417],[289,351],[494,-241],[84,-295],[121,-509],[121,-351],[159,-296],[205,-259],[261,-157],[317,-195],[335,-101],[298,-426],[-65,-148],[-345,-832],[-37,-296],[-37,-351],[-327,-139]],[[211779,124277],[-140,-406],[-112,-315],[-56,-351],[159,-287],[186,-397],[10,-324],[74,-509],[131,-434],[177,-305],[279,-370],[420,-333],[345,65],[484,-84],[261,-212],[336,-130],[251,19],[411,-194],[177,-343],[-243,-499],[-261,-240],[-289,-241],[-289,-166],[-540,-19],[-494,84],[-503,-28],[-345,157],[-438,-65],[-876,-277],[-233,-139],[-94,-397],[38,-370],[-243,-426],[-326,-157],[-419,120],[-522,-64],[-327,-47],[-363,-101],[-522,-222],[-680,-296],[-401,-389],[9,-379],[65,-360],[66,-518],[-103,-583],[-205,-268],[-84,-425],[37,-342],[122,-481],[74,-268],[-335,-444],[-420,83],[-261,499],[38,500],[233,416],[130,564],[56,619],[-19,944],[38,406],[130,454],[-28,277],[-130,453],[-131,351],[-242,343],[-308,490],[-74,434],[-224,352],[-354,212],[-270,148],[-196,315],[-317,323],[-457,361],[-307,250],[-308,258],[-289,222],[-401,324],[-139,268],[-38,333],[19,407],[37,314],[84,296],[168,194],[242,259],[261,222],[345,231],[280,148],[494,204],[382,-28],[373,-194],[568,0],[1249,471],[438,121],[420,-19],[335,-120],[475,-55],[709,147],[559,-46],[382,-138],[373,138],[205,148],[475,315],[420,231],[401,222],[74,-583],[-149,-324]],[[233542,126608],[-335,-93],[-177,537],[419,240],[326,111],[131,518],[-84,249],[149,490],[177,195],[410,-426],[131,-323],[-38,-296],[-345,-342],[-167,-500],[-299,-314],[-298,-46]],[[228798,126552],[0,-333],[0,-481],[-65,-453],[18,-268],[-130,-471],[-214,-167],[-401,-157],[-373,-287],[-205,-148],[-289,84],[-522,101],[-307,65],[-355,83],[-494,194],[-344,74],[-616,102],[-363,65],[-364,-102],[-326,-203],[-438,46],[-317,194],[-429,176],[-466,-9],[-382,157],[-550,342],[-848,629],[-783,518],[-391,194],[-280,83],[-354,18],[-466,-9],[-475,-28],[-364,-46],[-456,-129],[-364,-120],[-401,-10],[-195,111],[-178,398],[-37,268],[196,425],[457,195],[522,92],[549,-28],[327,47],[344,-28],[392,-194],[485,-185],[326,9],[391,74],[317,-37],[280,-83],[363,-176],[308,-102],[298,-83],[289,-55],[317,-65],[568,-74],[457,-111],[270,-56],[411,-46],[363,19],[419,194],[215,166],[298,250],[196,166],[279,195],[364,277],[363,333],[243,203],[401,222],[242,120],[345,222],[373,158],[344,148],[438,-47],[150,-379],[139,-333],[233,-545],[94,-324],[186,-250],[-112,-342],[84,-453]],[[196465,143982],[-167,-55],[-28,536],[242,28],[438,-37],[-102,-305],[-383,-167]],[[166454,153396],[-28,-389],[-550,-37],[-326,102],[-513,-37],[-140,-351],[-28,-287],[0,-342],[-242,342],[19,277],[-94,398],[-195,185],[-103,351],[-93,426],[28,416],[149,324],[-121,665],[-364,74],[-410,167],[-643,1054],[65,333],[196,490],[28,629],[75,351],[233,379],[503,-148],[279,-314],[159,-416],[112,-259],[391,-241],[215,-148],[121,-379],[-47,-508],[-93,-259],[-47,-537],[10,-240],[28,-361],[512,-203],[252,-176],[345,-453],[196,-231],[-19,-351],[140,-296]],[[120029,196421],[447,-37],[289,19],[475,-157],[476,-195],[615,-656],[689,-1110],[401,-379],[271,-213],[344,-175],[960,-204],[1193,-83],[1203,28],[717,129],[578,121],[438,138],[448,370],[335,342],[215,333],[354,130],[587,37],[1687,-56],[662,-185],[298,-102],[280,-185],[270,-332],[-19,-250],[271,-499],[419,-37],[895,9],[1016,222],[1780,518],[1463,490],[1156,268],[1146,176],[1137,-19],[914,-166],[792,-185],[317,-176],[177,-231],[0,-444],[-158,-342],[-112,-453],[56,-407],[-94,-315],[19,-314],[214,-398],[178,-462],[-103,-314],[47,-296],[214,-342],[252,-398],[214,-268],[121,-268],[121,-389],[-37,-453],[-140,-490],[-65,-323],[-65,-879],[37,-490],[65,-370],[233,-444],[271,-305],[298,-268],[140,-481],[-187,-545],[-298,-352],[-466,-610],[-289,-416],[-186,-583],[-159,-564],[10,-407],[55,-296],[150,-406],[261,-453],[466,-666],[680,-953],[205,-286],[196,-250],[177,-407],[37,-434],[19,-407],[74,-305],[177,-232],[159,-323],[28,-481],[-65,-388],[-56,-324],[-84,-398],[-131,-286],[-149,-389],[-214,-222],[-513,-148],[-578,56],[-391,-139],[-466,-397],[-326,-537],[-168,-518],[9,-573],[-429,-305],[-400,65],[-261,-342],[-187,-352],[-223,-157],[-457,111],[-326,176],[-327,-111],[-344,-158],[-150,-175],[-37,-398],[-335,-323],[-327,-121],[-568,0],[-410,111],[-448,56],[-438,37],[-456,-139],[-541,-305],[-587,-407],[-261,-361],[-233,-490],[-103,-443],[121,-500],[243,-342],[-168,-379],[-410,129],[-382,56],[-494,-204],[-587,-406],[-727,-694],[-634,-878],[-671,-1027],[-410,-684],[-205,-555],[0,-18],[205,-574],[335,-647],[504,-721],[9,-28],[168,-564],[-56,-435],[-205,-499],[-588,-619],[-727,-509],[-410,-287],[-158,-490],[-56,-388],[-308,-435],[-344,-370],[-317,-203],[-485,-130],[-457,-55],[-363,-129],[-261,-195],[-205,-231],[-205,-222],[-280,-194],[-298,-55],[-392,18],[-382,93],[-410,-10],[-335,-129],[-401,-250],[-550,-323],[-205,-269],[0,-314],[-205,-518],[-270,-139],[-317,-83],[-513,0],[-596,-27],[-905,83],[-512,129],[-205,167],[-569,693],[-596,509],[-504,360],[-270,398],[-65,342],[-9,333],[65,435],[345,194],[475,9],[680,65],[289,37],[382,222],[178,249],[195,611],[0,573],[-74,425],[-289,592],[-252,333],[-419,370],[-466,286],[-457,398],[-289,509],[-93,305],[177,555],[-37,407],[-149,517],[-187,564],[-84,278],[-121,434],[-112,453],[-130,537],[-187,564],[0,18],[-121,583],[-46,684],[0,444],[0,527],[0,472],[-224,776],[-401,851],[-848,1156],[-569,703],[-484,518],[-364,406],[-354,370],[-345,398],[-233,222],[-289,277],[-223,352],[-122,305],[-111,397],[-112,370],[-224,352],[-363,360],[-280,231],[-298,352],[-308,249],[-261,259],[-326,222],[-392,315],[-279,249],[-364,398],[-531,462],[-308,324],[-335,388],[-447,490],[-588,638],[-307,417],[-205,314],[-140,1147],[-28,1377],[37,814],[28,703],[56,841],[93,722],[19,591],[56,629],[74,462],[112,306],[159,462],[46,333],[47,296],[28,286],[130,527],[159,472],[74,305],[383,333],[549,56],[299,-65],[289,-120],[307,-185],[243,-296],[167,-296],[0,-583],[47,-407],[28,-416],[84,-323],[186,-352],[196,-268],[252,-407],[130,-314],[233,-379],[149,-296],[56,-333],[-28,-361],[-56,-360],[-65,-426],[168,-453],[56,-416],[56,-582],[74,-241],[420,-342],[326,-92],[745,-111],[541,-47],[662,10],[578,120],[605,185],[783,407],[718,453],[615,481],[289,333],[37,462],[-372,268],[-224,231],[-112,333],[-84,499],[-112,278],[-139,370],[-131,379],[-112,638],[38,323],[149,315],[261,203],[428,74],[438,120],[131,232],[102,406],[-186,176],[-363,213],[-401,250],[-215,138],[-223,324],[-196,360],[-37,361],[158,268],[205,222],[-18,537],[-131,332],[-102,417],[-56,360],[74,324],[9,499],[-167,157],[-382,370],[-289,361],[-140,351],[-84,379],[56,342],[214,361],[271,250],[316,175],[569,28],[335,-240],[178,-93]],[[141997,201313],[-177,-259],[-65,46],[-560,601],[-233,250],[-121,481],[-93,360],[-140,241],[-74,342],[-215,758],[-158,527],[-28,379],[149,213],[298,28],[345,-185],[149,-157],[466,-611],[382,-841],[-18,-315],[167,-360],[261,-509],[-354,0],[-205,-194],[84,-398],[140,-397]],[[188664,233843],[-298,-120],[-354,28],[-420,-167],[-326,194],[-568,19],[-625,-213],[-773,-379],[-644,-268],[-587,-268],[-904,-157],[-494,46],[-410,240],[-466,204],[-326,18],[-1286,0],[-615,222],[-252,370],[-149,240],[-121,315],[289,360],[400,65],[2069,342],[932,241],[364,111],[438,111],[419,101],[625,148],[485,241],[531,314],[429,287],[456,-102],[243,-240],[223,-268],[261,-352],[261,-259],[317,-74],[559,-101],[299,-343],[167,-305],[19,-425],[-168,-176]],[[54590,255915],[-270,-369],[-401,240],[-28,324],[233,351],[270,-166],[196,-380]],[[52083,263359],[-233,-407],[-401,361],[-187,176],[66,416],[447,333],[149,-380],[159,-499]],[[140133,265477],[-420,-93],[-177,46],[-18,259],[214,435],[391,-351],[10,-296]],[[53024,267964],[-317,-481],[-130,-286],[-38,-398],[196,-509],[233,-342],[373,-323],[252,83],[177,-546],[-410,-157],[-401,-305],[-140,-296],[-308,-185],[-484,46],[-289,185],[-224,352],[-252,222],[-410,268],[-289,194],[-261,462],[75,370],[19,287],[-28,407],[-94,296],[-223,221],[-457,47],[-391,-47],[-243,28],[-475,139],[-298,157],[-308,231],[-158,287],[-149,527],[-159,305],[-37,296],[28,481],[270,342],[214,287],[84,425],[-121,324],[-205,296],[9,425],[271,333],[494,231],[326,92],[298,148],[252,93],[354,-28],[317,-139],[270,-185],[429,-249],[326,-9],[494,-28],[326,-157],[336,-352],[354,-296],[205,-259],[308,-231],[289,-499],[83,-333],[56,-287],[66,-499],[0,-398],[-38,-249],[-139,-370],[-308,-444]],[[57805,279014],[-363,-18],[28,277],[93,379],[336,453],[419,-83],[205,-407],[-326,-481],[-392,-120]],[[340354,240177],[-28,-434],[75,-268],[-177,-315],[37,-277],[-56,-426],[261,-406],[252,-278],[93,-213],[131,-425],[-112,-333],[195,-444],[-9,-351],[-84,-268],[56,-444],[140,-240],[75,-463],[400,-83],[364,9],[429,83],[167,-342],[-18,-296],[242,-277],[298,-351],[140,-315],[0,-462],[308,-499],[-271,-370],[-494,0],[-466,-74],[-326,-352],[-196,-490],[-167,-305],[-205,-296],[-383,-397],[-130,-204],[-103,-360],[-326,-481],[28,-278],[-112,-508],[103,-352],[-65,-259],[-373,-416],[-392,10],[-317,194],[-316,28],[-373,-241],[-271,-342],[-447,-351],[-363,-444],[-327,-139],[-9,-388],[177,-426],[-56,-360],[-18,-500],[-168,-333],[-476,-110],[-65,-509],[289,-305],[-18,-500],[-178,-231],[-149,-351],[-65,-370],[-102,-481],[-196,-601],[65,-536],[9,-361],[-167,-286],[-504,-796],[-307,-490],[-280,-305],[-382,-240],[-112,-435],[-214,-518],[-215,-240],[-195,-342],[-392,-352],[-298,-259],[-224,-148],[-438,-221],[-112,-287],[-167,-555],[-131,-435],[19,-332],[-93,-250],[158,-435],[168,-342],[140,-323],[-56,-296],[102,-342],[131,-389],[-131,-481],[65,-425],[-261,-453],[-223,-305],[-280,-268],[-177,-213],[-270,-296],[-420,-305],[-475,-259],[28,-296],[0,-370],[-177,-277],[-289,-204],[-466,185],[-187,268],[-428,-46],[-233,-259],[-243,-379],[-391,-259],[-317,-37],[-494,-222],[-457,37],[-475,19],[-475,55],[-233,-120],[-364,-102],[-214,-471],[-19,-361],[-289,-333],[-298,-222],[-270,-111],[-392,-305],[-223,-203],[-355,37],[-382,-426],[-121,-295],[-447,37],[-327,175],[-344,-83],[-122,-314],[-363,-269],[-326,-295],[-224,-528],[-102,-323],[139,-278],[75,-536],[363,-361],[56,-453],[-84,-314],[10,-509],[158,-425],[448,-148],[261,-379],[419,-9],[224,-222],[-187,-435],[168,-536],[103,-314],[0,-463],[205,-508],[400,-296],[-46,-250],[-28,-462],[205,-426],[140,-444],[195,-268],[94,-249],[83,-426],[-18,-194],[9,-490],[-74,-435],[335,-360],[-177,-481],[-298,-102],[-308,-323],[-335,-185],[-513,-259],[177,-416],[-494,-287],[-401,28],[-214,-509],[47,-397],[9,-306],[-75,-305],[-111,-490],[-280,-222],[-326,120],[-299,-268],[-279,-101],[-373,-213],[-37,-351],[-317,-389],[214,-296],[103,-240],[214,-268],[168,-278],[-84,-573],[-429,-296],[-121,-333],[9,-259],[0,-360],[-83,-500],[-224,-175],[-438,-47],[-336,-175],[-317,-398],[-205,-379],[205,-333],[103,-508],[-345,-241],[-298,-157],[-215,-148],[-233,-342],[66,-546],[121,-148],[56,-425],[-466,-92],[-252,166],[-587,-83],[-84,-490],[56,-315],[28,-416],[568,-111],[233,176],[485,-231],[177,-296],[47,-592],[-299,-231],[-447,-370],[-345,-296],[-363,-157],[-196,-453],[-298,-111],[-252,-453],[-270,-213],[-112,-370],[93,-333],[317,-314],[-102,-435],[-280,-157],[-419,-305],[-38,-333],[10,-398],[9,-388],[-9,-351],[344,-324],[289,-83],[299,-241],[223,-120],[289,-268],[140,-240],[252,-232],[-121,-360],[83,-527],[457,138],[429,-249],[-233,-315],[-177,-416],[223,-351],[299,-120],[251,-509],[28,-462],[345,-83],[326,-278],[-102,-314],[-56,-389],[-261,-508],[-419,-361],[130,-296],[429,-138],[512,231],[560,74],[205,-379],[-10,-259],[-223,-453],[-122,-287],[140,-407],[243,-55],[419,-167],[214,-444],[19,-305],[28,-499],[93,-573],[121,-509],[-261,-213],[-18,-370],[279,-323],[19,-324],[252,-203],[84,-305],[74,-361],[205,-425],[531,-232],[289,10],[317,-379],[121,-380],[-28,-388],[-270,-462],[-289,-481],[0,-416],[-307,-231],[-280,-389],[-177,-370],[-438,-471],[-168,-268],[28,-333],[-112,-287],[-373,-74],[-400,-185],[0,-397],[0,-306],[37,-388],[-326,-194],[-140,-324],[214,-351],[327,-93],[438,-286],[9,-416],[84,-296],[242,-500],[457,-27],[289,27],[233,-369],[28,-352],[177,-536],[251,-684],[373,-454],[243,-240],[65,-527],[-448,-194],[-233,-130],[-167,-333],[-121,-554],[167,-370],[196,-185],[522,-259],[308,-277],[83,-454],[-56,-305],[-270,-203],[-382,-250],[-233,-166],[-186,-259],[93,-416],[261,-194],[429,-93],[251,-139],[196,-342],[19,-268],[-317,-296],[-243,-176],[-139,-295],[-56,-269],[-38,-342],[-65,-425],[-47,-277],[-307,-176],[-373,-139],[-690,-203],[-326,-84],[-904,-295],[-913,-278],[-597,-175],[-363,-121],[-532,-175],[-699,-250],[-773,-277],[-876,-278],[-578,-203],[-597,-204],[-428,-166],[-504,-176],[-745,-250],[-513,-175],[-410,-157],[-326,-139],[-448,-296],[-289,-213],[-279,-148],[-457,-64],[-419,-148],[-699,-259],[-616,-278],[-1025,-462],[-885,-407],[-690,-342],[-848,-490],[-578,-324],[-233,-148],[-475,-342],[-466,-314],[-382,-268],[-345,-278],[-299,-286],[-326,-333],[-540,-583],[-373,-490],[-298,-462],[-196,-490],[-112,-324],[-131,-472],[28,-554],[168,-481],[187,-389],[326,-148],[531,-147],[550,-93],[270,-268],[448,-351],[84,-333],[186,-278],[-214,-434],[-178,-121],[-372,-203],[-485,-287],[-419,-277],[-289,-222],[-261,-213],[-345,-351],[-513,-481],[-447,-407],[-354,-333],[-271,-240],[-289,-268],[-195,-250],[-317,-407],[-373,-490],[-475,-786],[-224,-333],[-242,-564],[-168,-407],[-159,-573],[-65,-361],[-74,-351],[-112,-619],[-56,-343],[0,-305],[-9,-286],[-38,-324],[19,-425],[28,-324],[56,-277],[74,-306],[327,-379],[242,-92],[335,-148],[112,-490],[-46,-407],[-103,-259],[-65,-527],[-47,-425],[140,-278],[373,-323],[158,-296],[215,-231],[317,-324],[-66,-250],[-167,-453],[-28,-268],[56,-388],[93,-278],[242,-305],[373,-444],[84,-342],[28,-453],[84,-305],[46,-296],[-149,-518],[-28,-268],[47,-490],[177,-278],[391,-240],[94,-472],[-392,-379],[-84,-314],[-74,-388],[46,-259],[-102,-352],[-159,-240],[-177,-278],[-307,-351],[-84,-268],[-271,-296],[-186,-139],[-289,-379],[-261,-481],[-233,-407],[-140,-295],[-112,-241],[-37,-416],[131,-435],[37,-295],[168,-574],[121,-545],[-47,-527],[-261,-259],[-447,-361],[-233,-342],[-270,-379],[-178,-509],[94,-296],[335,-406],[-186,-333],[-382,-370],[-196,-333],[-168,-296],[-130,-490],[9,-287],[28,-471],[158,-333],[261,-194],[84,-454],[66,-332],[37,-296],[37,-305],[177,-352],[121,-305],[140,-296],[-9,-453],[-159,-407],[-18,-305],[102,-277],[-74,-453],[-112,-315],[46,-305],[233,-342],[224,-490],[-205,-352],[-419,28],[-299,74],[-372,65],[-280,-56],[-811,19],[-531,74],[-475,185],[-75,527],[0,425],[-224,527],[-214,389],[-187,379],[-316,434],[-448,555],[-1286,1433],[-1072,1027],[-382,268],[-690,259],[-391,185],[-205,194],[-382,83],[-504,19],[-372,9],[-243,-166],[-373,-250],[-773,-74],[-215,314],[-447,-64],[-224,-222],[-167,-232],[37,-397],[37,-315],[-19,-425],[-65,-259],[-317,-240],[-214,-241],[-242,-175],[-317,-28],[-457,-37],[-475,-46],[-373,120],[-429,-139],[-457,-139],[-568,-46],[-382,-194],[-476,185],[-55,546],[18,379],[-18,259],[177,351],[223,370],[-93,462],[-168,361],[-167,259],[-355,360],[-522,518],[-372,352],[-448,406],[-429,361],[-438,314],[-456,333],[-587,435],[-699,490],[-467,314],[-652,426],[-578,379],[-736,416],[-242,148],[-522,277],[-616,305],[-354,130],[-345,129],[-307,84],[-308,74],[-401,37],[-493,18],[-373,46],[-476,37],[-419,37],[-280,0],[-400,28],[-401,-9],[-457,-37],[-419,-241],[-187,-314],[-65,-277],[-28,-343],[-205,-517],[-308,-361],[-410,18],[-428,389],[-392,157],[-540,-28],[-383,-185],[-251,-397],[28,-287],[-140,-425],[-214,-305],[-196,-426],[-159,-148],[-494,167],[-307,471],[-373,167],[-252,268],[-93,351],[-140,222],[-65,537],[19,351],[65,388],[56,518],[46,278],[103,490],[130,379],[112,314],[28,573],[0,269],[10,471],[-84,268],[-224,296],[-345,379],[-382,379],[-429,389],[-410,416],[-624,666],[-280,351],[-335,388],[-261,241],[-177,185],[-420,157],[-19,305],[140,278],[19,406],[-326,481],[-271,222],[-195,231],[-140,352],[-205,601],[-177,277],[-177,204],[-401,471],[-475,379],[-392,37],[-522,176],[75,296],[-420,342],[-634,777],[-242,129],[-513,-92],[-745,55],[-811,56],[-326,231],[93,823],[47,379],[111,971],[178,1979],[354,166],[1016,-83],[1146,-83],[550,-74],[438,-93],[447,-18],[327,55],[503,213],[494,213],[270,111],[289,120],[736,342],[271,120],[214,472],[121,1341],[0,27],[93,1064],[355,120],[279,-19],[615,-46],[476,-37],[960,-102],[540,-55],[466,-102],[457,-120],[634,-166],[512,-130],[261,204],[-28,480],[10,453],[-103,583],[-112,314],[-93,380],[-121,527],[-214,545],[-168,305],[-196,231],[-363,195],[-10,305],[-223,416],[-168,379],[280,277],[270,444],[-10,509],[66,351],[410,379],[186,213],[289,222],[392,361],[363,360],[373,361],[102,323],[38,278],[-47,545],[-84,518],[-56,361],[103,462],[335,185],[364,167],[335,138],[280,148],[298,278],[121,453],[10,249],[-47,352],[-289,481],[-242,379],[-317,379],[-429,490],[-354,435],[-373,536],[-428,518],[-560,573],[-428,333],[-280,213],[-252,222],[-279,323],[-233,352],[-364,462],[-242,324],[-187,212],[-298,250],[-783,860],[-307,323],[-951,916],[-895,786],[-867,721],[-494,398],[-577,407],[-336,222],[-429,249],[-494,268],[-242,93],[-457,231],[-522,231],[-344,65],[-271,139],[-363,185],[-522,268],[-531,240],[-644,268],[-326,130],[-717,268],[-597,203],[-503,111],[-737,194],[-848,222],[-950,213],[-327,74],[-419,83],[-447,74],[-532,74],[-587,83],[-457,19],[-932,139],[-391,-37],[-485,-65],[-326,166],[-317,-342],[-3970,-249],[-1436,-185],[-1817,-232],[-429,-55],[-1146,-250],[-746,-323],[-802,-490],[-1071,-1184],[-457,-490],[-9,0],[-672,-453],[-149,-453],[-261,-139],[-121,-407],[-242,-462],[-233,-601],[-224,-259],[-382,-259],[-391,-213],[-28,-333],[-187,-388],[-102,-287],[-345,-212],[-373,-139],[-997,28],[0,545],[-5108,-804],[-102,397],[-1352,-332],[-941,-250],[-196,222],[-2982,-453],[-1445,-241],[-653,-111],[-559,-175],[-4856,-3172],[-84,102],[-988,1146],[-624,564],[-308,213],[-56,536],[-298,407],[-484,241],[-616,166],[-484,65],[-625,9],[-1239,-268],[-317,-130],[-382,-231],[-1026,-832],[-764,-666],[-1967,-1128],[-717,-277],[-466,-111],[-299,-46],[-475,9],[-317,111],[-279,148],[-233,499],[-317,222],[-308,-93],[-475,19],[-298,157],[-411,305],[-158,407],[-158,518],[-289,499],[-66,481],[94,389],[-224,360],[-261,213],[-242,370],[-38,249],[38,648],[37,314],[214,435],[215,240],[335,268],[485,250],[503,157],[755,0],[280,-55],[391,-287],[550,-120],[634,296],[606,194],[326,194],[168,231],[149,352],[121,425],[112,259],[447,213],[494,0],[364,64],[363,379],[448,287],[326,37],[904,-74],[373,176],[578,619],[195,444],[243,388],[1509,1868],[289,527],[-9,398],[-19,342],[-18,444],[74,2044],[-56,739],[-242,722],[-279,721],[-457,1248],[-9,9],[-793,1415],[-1109,1498],[-1193,1248],[-1473,1313],[-260,10],[-476,-352],[-457,-360],[-512,-204],[-448,-129],[-456,-120],[-382,-65],[-336,-102],[-494,-37],[-438,296],[-447,324],[-410,314],[-476,176],[-429,176],[-521,55],[-532,-37],[-326,-83],[-438,-268],[-168,-278],[-84,-481],[-93,-406],[-307,-509],[-448,-518],[-680,-407],[-457,-222],[-289,-333],[37,-564],[0,-259],[-93,-369],[-317,-398],[-410,-185],[-363,-111],[-345,-46],[-466,277],[-233,509],[-56,333],[-47,471],[-37,370],[140,342],[56,416],[-28,370],[-215,435],[-699,610],[-279,426],[-270,490],[-38,517],[699,1813],[513,1017],[494,425],[102,361],[-46,481],[-215,564],[-205,296],[-419,185],[-177,305],[-177,277],[-289,204],[-336,138],[-354,306],[131,499],[242,231],[354,176],[839,120],[736,9],[438,250],[1575,1803],[252,305],[457,204],[354,138],[298,157],[1352,971],[410,148],[438,-27],[429,-111],[344,-148],[364,-10],[317,93],[261,148],[466,629],[438,712],[335,647],[299,370],[382,175],[438,130],[652,213],[681,185],[475,277],[457,601],[223,92],[401,-101],[746,74],[270,259],[-363,379],[-354,-250],[-317,148],[-38,481],[75,379],[-438,416],[-317,-111],[-513,-157],[-326,-93],[-429,-37],[-251,-37],[-308,380],[-279,462],[-345,314],[-354,694],[-336,555],[-960,795],[-354,157],[-401,213],[-382,83],[-364,-65],[-494,-222],[-391,-259],[-447,-175],[-541,129],[-447,-65],[-345,-203],[-718,-1193],[-280,-518],[-46,-499],[-177,-351],[-532,-232],[-484,-9],[-298,74],[-299,407],[-428,305],[-336,139],[-755,647],[-177,93],[-615,360],[-317,204],[-177,259],[-242,286],[-280,287],[-466,102],[-317,-19],[-308,-213],[-540,-175],[-494,139],[-103,397],[47,453],[84,315],[196,499],[83,296],[66,296],[0,342],[-56,388],[-168,435],[-308,296],[-307,240],[-84,278],[37,379],[121,351],[252,379],[270,268],[205,176],[243,342],[149,185],[373,351],[326,222],[317,398],[233,407],[140,370],[-10,490],[-56,416],[-270,666],[-335,702],[-625,731],[-652,601],[-513,398],[-680,564],[-401,249],[-298,130],[-383,139],[-372,194],[-308,296],[-373,425],[-177,296],[-186,305],[-66,342],[47,342],[131,268],[167,333],[103,342],[46,306],[47,425],[112,601],[252,462],[186,352],[93,240],[131,620],[28,388],[-19,250],[37,444],[28,434],[215,268],[335,148],[242,167],[439,628],[438,1064],[149,619],[140,564],[18,518],[-9,592],[-56,564],[-112,592],[-140,740],[-149,619],[-140,435],[-139,388],[-196,444],[-93,240],[-84,195],[-196,527],[-214,619],[-122,352],[-158,351],[-224,416],[-223,342],[-383,241],[-326,120],[-363,342],[-10,287],[196,462],[364,314],[317,426],[121,508],[335,675],[196,555],[103,536],[55,518],[-28,490],[84,370],[140,407],[205,314],[252,426],[373,730],[363,213],[270,-37],[345,-74],[327,-18],[531,157],[279,148],[830,407],[326,453],[345,610],[494,1091],[140,1221],[-149,1229],[93,528],[-140,480],[-205,306],[-214,453],[-94,443],[-65,213],[-140,398],[-270,508],[-130,315],[-168,342],[-56,333],[102,434],[187,453],[391,638],[466,315],[550,268],[615,231],[550,296],[625,315],[512,129],[401,-9],[298,-74],[373,-352],[224,-323],[112,-194],[354,-315],[559,-74],[317,56],[401,231],[615,111],[783,-46],[1016,-259],[764,-213],[634,222],[1174,416],[858,416],[792,592],[531,508],[690,574],[550,786],[345,813],[74,620],[-466,804],[-1351,2035],[-149,379],[93,425],[298,490],[289,361],[196,462],[205,426],[270,203],[466,241],[858,490],[708,480],[718,491],[578,379],[512,231],[541,-130],[317,19],[484,148],[280,120],[410,102],[336,259],[419,101],[308,139],[419,240],[401,47],[438,-315],[363,-18],[392,83],[307,102],[513,166],[438,176],[541,166],[326,56],[531,212],[448,315],[829,610],[410,-120],[252,-74],[382,-83],[391,-46],[466,-148],[47,-278],[158,-379],[47,-305],[205,-342],[84,-324],[205,-444],[196,-259],[168,-259],[363,-194],[466,-277],[317,-157],[317,-167],[410,-286],[308,-463],[167,-305],[271,-490],[102,-398],[205,-259],[75,-295],[65,-444],[-56,-231],[252,-435],[326,-37],[485,-157],[531,28],[289,-324],[261,-148],[391,-130],[392,-27],[866,9],[178,28],[512,55],[252,56],[811,166],[1789,472],[681,203],[764,241],[1417,443],[410,213],[354,194],[503,176],[354,74],[355,92],[326,232],[307,212],[205,167],[317,203],[215,185],[251,176],[308,259],[279,120],[289,185],[420,296],[345,231],[391,287],[4008,3643],[1212,1341],[18,18],[569,694],[1342,1766],[531,786],[289,527],[420,767],[214,379],[112,213],[289,546],[606,1239],[186,323],[93,509],[606,1516],[718,2266],[438,1831],[121,379],[130,277],[19,370],[308,250],[326,92],[158,389],[121,277],[308,398],[214,536],[177,361],[364,397],[112,287],[84,305],[121,435],[46,203],[131,573],[102,611],[187,1470],[56,508],[93,324],[186,536],[112,250],[187,296],[177,416],[121,472],[-47,194],[187,444],[102,286],[37,278],[10,471],[-56,306],[168,397],[167,157],[187,324],[168,379],[-103,287],[131,545],[18,361],[103,296],[-84,333],[130,342],[131,351],[270,509],[252,379],[65,259],[28,407],[177,351],[382,0],[429,370],[112,296],[140,462],[0,500],[-56,434],[-38,268],[-74,500],[-65,406],[-103,583],[-93,444],[-75,333],[-112,416],[-205,693],[-205,564],[-242,528],[140,351],[74,462],[-65,777],[-37,250],[-37,360],[139,518],[-37,379],[-102,287],[167,518],[-102,397],[9,546],[-149,305],[28,379],[-75,379],[-149,675],[-93,398],[-75,259],[-83,407],[-84,268],[-289,379],[-56,379],[112,324],[-112,471],[-196,564],[-279,768],[-178,434],[-149,324],[-112,250],[-195,388],[-215,398],[-223,379],[-355,425],[224,389],[233,351],[-158,416],[-289,860],[-326,213],[-355,259],[10,406],[-56,380],[-65,314],[-94,388],[-102,342],[-103,324],[-102,305],[-140,379],[-121,352],[-233,638],[-187,527],[-158,379],[-196,536],[-168,500],[-298,490],[-512,1303],[-793,1970],[-1062,2654],[-140,361],[-885,2210],[-774,1784],[-811,1711],[-559,1156],[-625,1257],[-158,435],[-168,360],[-391,712],[-420,648],[0,453],[140,481],[-46,222],[-178,351],[-279,435],[-187,323],[-344,379],[-271,500],[-401,638],[-438,850],[-885,1711],[-373,610],[-1426,2284]],[[839305,812233],[317,-1045],[93,-361],[159,-647],[74,-527],[-37,-490],[-93,-675],[-205,-1138],[-196,-767],[-205,-490],[-56,-130],[-354,-517],[-746,-962],[0,-388],[215,-222],[270,-204],[270,-194],[401,-435],[354,-268],[299,-120],[950,-407],[187,-129],[167,-407],[47,-324],[-47,-1313],[-9,-305],[-196,-730],[-65,-139],[-224,-481],[-65,-333],[0,-518],[168,-314],[503,-231],[401,-65],[569,-148],[261,-185],[186,-333],[140,-296],[186,-407],[336,-55],[279,250],[289,305],[261,222],[271,203],[307,148],[513,37],[335,-74],[308,-148],[419,-286],[280,-195],[280,-194],[419,-296],[270,-203],[373,-342],[75,-324],[-47,-333],[-65,-490],[-28,-342],[18,-777],[103,-693],[47,-352],[18,-665],[-46,-398],[-159,-462],[-224,-306],[-288,-323],[-75,-546],[186,-508],[355,-287],[149,-509],[-28,-268],[-140,-1304],[84,-527],[196,-499],[689,-934],[243,-508],[121,-315],[93,-323],[112,-491],[28,-166],[74,-490],[28,-268],[38,-324],[-66,-721],[-177,-897],[-18,-139],[-122,-823],[-9,-850],[140,-1286],[46,-360],[150,-472],[186,-351],[196,-306],[876,-1220],[354,-675],[103,-333],[177,-499],[56,-500],[130,-203],[168,-499],[-56,-444],[158,-259],[317,-296],[215,-324],[261,-342],[195,-129],[373,-93],[420,-46],[587,9],[531,-92],[475,-268],[205,-306],[196,-527],[28,-434],[-28,-472],[-121,-675],[-28,-157],[-289,-1359],[-196,-703],[-121,-620],[-56,-443],[-18,-361],[28,-444],[139,-379],[299,-425],[289,-241],[512,-296],[401,-194],[736,-194],[541,-148],[643,-185],[93,-18],[895,-167],[988,-83],[1370,-28],[503,37],[746,19],[196,27],[382,176],[335,351],[103,213],[280,731],[233,508],[177,305],[438,426],[400,240],[532,231],[596,157],[1249,74],[988,-129],[792,-259],[578,-314],[690,-527],[802,-722],[177,-231],[205,-434],[130,-629],[-93,-2691],[-308,-2756],[-9,-166],[19,-583],[46,-406],[205,-491],[485,-702],[522,-527],[196,-148],[615,-481],[186,-130],[1231,-601],[633,-268],[1771,-740],[103,-55],[922,-675],[588,-620],[540,-702],[215,-435],[93,-166],[279,-953],[47,-231],[158,-1748],[28,-111],[215,-462],[335,-379],[448,-268],[466,-204],[494,-148],[167,-37],[522,-18],[476,148],[615,481],[335,157],[317,37],[355,-37],[372,-157],[205,-194],[215,-463],[606,-2062],[205,-582],[46,-490],[56,-1055],[-102,-998],[9,-333],[102,-287],[271,-555],[130,-268],[243,-314],[242,-342],[447,-268],[494,-102],[848,185],[504,138],[335,47],[345,-65],[429,-268],[270,-287],[559,-425],[364,-176],[606,-194],[829,-203],[792,-195],[308,-92],[578,-259],[727,-425],[410,-185],[522,-158],[643,-101],[9,0],[1100,46],[783,111],[587,102],[410,138],[401,296],[233,250],[215,268],[205,277],[186,278],[168,296],[298,397],[280,213],[307,148],[336,74],[345,-18],[344,-47],[494,-129],[550,-204],[355,-148],[419,-286],[410,-564],[913,-1517],[951,-1609],[19,-37],[1799,-1156],[261,-129],[792,-379],[540,-120],[261,-56],[2116,120],[1510,148],[736,19],[317,18],[839,-55],[820,-222],[420,-296],[242,-268],[895,-1128],[680,-675],[56,-56],[597,-407],[596,-185],[578,-83],[429,0],[1482,592],[512,-46],[345,-222],[1035,-1304],[475,-499],[848,-906],[1641,-1221],[1547,-823],[354,-444],[140,-462],[121,-398],[233,-314],[578,-370],[755,-240],[205,-74],[2162,-352],[373,-231],[205,-370],[103,-305],[177,-555],[354,-758],[93,-194],[298,-342],[625,-555],[1090,-962],[75,-83],[857,-1026],[1315,-2423],[866,-721],[1268,-601],[2116,-370],[568,-47],[354,-37],[1603,-138],[1408,-56],[1081,-46],[680,-92],[280,-74],[419,-195],[355,-231],[400,-434],[131,-222],[317,-925],[46,-185],[1231,-4984],[689,-2228],[914,-2987],[568,-1896],[783,-1442],[1259,-1147],[1472,-1147],[364,-286],[4175,-2127],[1864,-740],[233,-148],[392,-231],[484,-610],[131,-277],[857,-2673],[765,-2164],[885,-2570],[848,-3634],[438,-3264],[47,-2469],[233,-943],[335,-870],[1501,-2506],[1305,-1645],[345,-444],[904,-1655],[326,-592],[159,-259],[335,-481],[205,-185],[625,-573],[83,-74],[765,-509],[978,-647],[1715,-1110],[2135,-1609],[270,-277],[578,-879],[1025,-3439],[410,-1202],[802,-1110],[1277,-925],[1398,-666],[9,0],[3132,-527],[1146,-416],[224,-138],[252,-306],[186,-564],[121,-1155],[186,-1720],[10,-1230],[18,-2469],[-130,-1248],[-112,-1082],[-149,-444],[-205,-407],[-252,-647],[-18,-148],[-10,-537],[308,-850],[503,-1017],[448,-759],[764,-2006],[1146,-3514],[401,-925],[261,-453],[503,-379],[1380,-1452],[438,-416],[121,-120],[363,-629],[103,-518],[-56,-1109],[-19,-65],[-139,-592],[-317,-490],[-177,-129],[-1398,-795],[-476,-333],[-223,-490],[28,-398],[102,-287],[177,-508],[103,-435],[56,-361],[55,-564],[10,-545],[0,-601],[-19,-453],[-289,-463],[-568,-499],[-131,-111],[-289,-342],[-121,-407],[-19,-407],[-18,-527],[-9,-804],[-28,-666],[18,-1396],[-84,-222],[-205,-342],[-307,-232],[-653,-231],[-345,-55],[-801,-241],[-401,-249],[-410,-361],[-736,-453],[-709,-287],[-820,-120],[-140,9],[-2115,139],[-1343,74],[-820,37],[-1295,-111],[-830,-250],[-792,-749],[-923,-1294],[-708,-1258],[-270,-703],[-448,-1276],[-326,-397],[-308,-407],[-177,-324],[-102,-277],[-75,-305],[-251,-324],[-439,-120],[-466,-83],[-251,-47],[-270,-240],[-56,-425],[83,-453],[47,-472],[177,-767],[-9,-500],[-131,-416],[-866,-2284],[-578,46],[-336,0],[-522,-74],[-1137,-157],[-233,-18],[-438,-47],[-447,37],[-392,65],[-382,111],[-354,157],[-196,130],[-289,259],[-130,203],[-233,379],[-336,139],[-298,18],[-410,-46],[-326,-46],[-634,-93],[-448,-9],[-521,19],[-504,74],[-410,101],[-634,232],[-512,175],[-345,65],[-373,19],[-513,-56],[-559,-46],[-512,18],[-448,56],[-568,166],[-494,185],[-448,231],[-391,315],[-289,333],[-112,138],[-391,537],[-439,619],[-139,194],[-345,500],[-298,370],[-252,277],[-186,176],[-345,222],[-690,425],[-457,296],[-317,240],[-298,305],[-270,361],[-140,213],[-233,342],[-336,157],[-494,-129],[-494,-343],[-335,-240],[-401,-259],[-326,-222],[-336,-194],[-438,-231],[-615,-278],[-270,-129],[-345,-120],[-298,-46],[-541,9],[-242,83],[-401,305],[-177,241],[-214,314],[-243,351],[-382,666],[-326,268],[-485,65],[-345,-56],[-521,-175],[-811,-278],[-457,-166],[-1193,-398],[-503,-92],[-308,28],[-158,360],[-38,287],[0,342],[19,333],[0,305],[-112,435],[-158,370],[-168,258],[-187,241],[-167,268],[-289,509],[-177,286],[-522,222],[-634,-166],[-298,-74],[-504,185],[-9,277],[-28,740],[-65,416],[-84,379],[-196,527],[-261,194],[-382,-74],[-326,-157],[-652,-314],[-1007,-472],[-550,-222],[-289,-92],[-447,-65],[-569,139],[-335,471],[-438,158],[-709,0],[-578,83],[-345,212],[-279,491],[-103,360],[-102,315],[-243,453],[-242,203],[-485,203],[-316,10],[-541,-74],[-578,-120],[-885,-287],[-504,-148],[-503,-129],[-494,-93],[-280,-65],[-400,-203],[-187,-176],[-214,-296],[-177,-240],[-280,-370],[-335,-268],[-289,-130],[-326,-101],[-308,-102],[-503,-203],[-345,-37],[-429,64],[-531,56],[-438,-250],[-196,-111],[-457,-55],[-960,55],[-624,46],[-410,-37],[-392,-416],[75,-388],[-215,-546],[-186,-305],[-121,-481],[-56,-296],[-93,-508],[-112,-703],[-140,-980],[-74,-481],[-56,-240],[-168,-389],[-177,-249],[-280,-268],[-951,-676],[-55,-46],[-690,-416],[-932,-573],[-429,-315],[-326,-277],[-336,-296],[-317,-268],[-326,-277],[-326,-296],[-252,-259],[-195,-287],[-224,-397],[-177,-417],[-336,-360],[-307,-157],[-224,-148],[-177,-315],[-401,-416],[-261,83],[-391,-212],[-299,-222],[-251,-74],[-382,-83],[-364,-306],[-214,-203],[-261,-222],[-448,-342],[-288,-351],[-84,-315],[-66,-934],[38,-1646],[-84,-388],[-513,-231],[-429,0],[-643,64],[-382,130],[-708,231],[-709,93],[-354,27],[-447,-212],[-224,-740],[-503,-1128],[-625,-842],[-512,-638],[-541,-370],[-829,-416],[-1240,-573],[-410,-120],[-876,-93],[-1827,-46],[-1053,-9],[-1985,444],[-243,-37],[-689,-555],[-672,-546],[-419,-416],[0,-9],[-391,18],[-364,10],[-792,0],[-681,-10],[-587,-27],[-783,-130],[-708,-129],[-317,-56],[-363,-46],[-476,0],[-335,65],[-392,120],[-568,231],[-392,157],[-307,195],[-410,480],[-252,259],[-326,111],[-271,-111],[-466,-259],[-251,-138],[-270,-148],[-327,-185],[-279,-148],[-513,-241],[-410,-175],[-252,-102],[-456,-194],[-364,-157],[-513,-213],[-270,-111],[-373,-203],[-335,-185],[-503,-278],[-261,-148],[-289,-148],[-355,-185],[-689,-323],[-476,-231],[-475,-250],[-457,-240],[-699,-398],[-373,-213],[-419,-240],[-373,-241],[-568,-369],[-280,-176],[-466,-315],[-205,-425],[131,-305],[270,-416],[177,-278],[186,-286],[205,-305],[215,-315],[261,-397],[223,-343],[233,-351],[177,-259],[159,-277],[74,-481],[10,-250],[37,-425],[56,-416],[-121,-370],[-196,-222],[-233,-259],[-438,-490],[-242,-268],[-364,-398],[-410,-453],[-792,-851],[-298,-314],[-410,-453],[-485,-518],[-336,-360],[-270,-287],[-177,-204],[289,-517],[410,-407],[-19,-500],[-93,-342],[19,-471],[-65,-315],[-84,-499],[-47,-527],[-196,-398],[-186,-314],[-103,-518],[-65,-379],[-205,-398],[-261,-351],[-196,-416],[-83,-268],[-317,-453],[-243,-204],[-289,-823],[-195,-712],[-38,-693],[10,-555],[37,-509],[140,-665],[9,-546],[93,-1572],[-289,-388],[-279,-19],[-457,37],[-336,-83],[-223,-194],[-131,-370],[-121,-453],[-168,-731],[-186,-841],[-93,-768],[-298,-1285],[-308,-1285],[-457,-1785],[-251,-999],[-122,-249],[-130,-333],[28,-398],[93,-314],[336,-453],[195,-426],[10,-480],[-494,-2220],[-177,-490],[-168,-231],[-373,-231],[-559,0],[-448,111],[-400,231],[-1613,1073],[-708,222],[-466,101],[-252,10],[-401,-148],[-316,-324],[-122,-287],[-233,-739],[-307,-1267],[-38,-157],[-372,-944],[-299,-443],[-661,-879],[-1072,-1128],[-513,-490],[-2106,-2016],[-131,-102],[-708,-554],[-326,-380],[-466,-323],[-196,-231],[-336,-204],[-428,-259],[-364,-175],[-373,111],[-568,27],[-215,-462],[-167,-361],[-327,-37],[-447,-157],[-186,-102],[-382,-258],[-233,-333],[-457,-176],[-420,-74],[-167,-259],[-289,-166],[-513,-102],[-326,-167],[-438,65],[-354,-425],[-401,-204],[-298,-37],[-457,-55],[-531,-65],[-513,111],[-391,-157],[-84,-388],[-280,-139],[-252,-370],[-344,92],[-355,19],[-335,-56],[-354,287],[-252,278]],[[590925,777132],[121,-28],[886,-250],[1360,-416],[1044,-296],[429,-46],[475,37],[597,-9],[522,-65],[447,-102],[326,-74],[466,-111],[476,-64],[503,18],[317,93],[727,268],[326,92],[364,74],[391,93],[448,92],[1202,259],[354,74],[317,83],[363,204],[392,370],[289,277],[307,268],[233,139],[364,148],[503,65],[410,-47],[513,-111],[485,-74],[494,-83],[522,-138],[344,-121],[243,-111],[382,-120],[522,-102],[429,-55],[326,-28],[382,-18],[513,-102],[344,-120],[588,-222],[344,-120],[373,-37],[438,9],[410,18],[401,10],[503,0],[206,9],[456,18],[494,0],[457,-37],[298,-64],[382,-121],[671,-221],[802,-259],[662,-204],[186,-55],[559,-185],[382,-120],[196,-65],[457,-139],[485,-194],[261,-166],[410,-306],[298,-212],[298,-176],[420,-250],[438,-259],[960,-554],[289,-167],[419,-194],[550,-92],[354,-19],[541,-37],[382,-65],[429,-74],[419,-64],[363,-56],[550,-83],[578,18],[392,84],[680,138],[597,130],[261,55],[410,47],[214,9],[1286,55],[774,56],[466,9],[373,-65],[382,-83],[298,-74],[382,-148],[336,-231],[251,-259],[243,-250],[400,-416],[280,-296],[224,-203],[363,-268],[280,-176],[941,-582],[476,-278],[605,-370],[299,-194],[242,-166],[475,-343],[75,-55],[606,-444],[634,-453],[447,-333],[960,-703],[382,-277],[429,-305],[410,-361],[233,-222],[410,-407],[559,-554],[354,-315],[317,-222],[662,-444],[680,-471],[420,-287],[475,-333],[448,-296],[130,472],[65,472],[84,545],[19,555],[-56,333],[-103,333],[-65,351],[47,278],[46,434],[56,315],[66,471],[28,805],[37,397],[56,333],[93,416],[158,823],[355,361],[466,-28],[503,-18],[224,-139],[410,-333],[400,176],[299,129],[531,222],[578,277],[503,10],[354,-157],[485,-222],[419,0],[364,332],[475,426],[317,277],[131,231],[475,352],[1044,333],[251,83],[849,213],[578,148],[391,110],[466,158],[326,37],[308,-121],[158,-490],[261,-342],[317,-268],[410,-139],[643,-92],[709,-65],[289,37],[382,296],[494,610],[326,342],[1286,1471],[1035,1035],[904,759],[1137,443],[1146,213],[1100,83],[2237,28],[47,0],[3700,65],[2693,388],[532,74],[4455,610],[3318,796],[1939,619],[1155,527],[4055,2451],[1780,1507],[596,1073],[159,406],[186,481],[494,638],[5043,2784],[3355,1461],[727,601],[233,249],[1566,2728],[662,1073],[727,471],[1482,620],[829,629],[531,1174],[121,601],[233,472],[261,259],[289,166],[2386,721],[979,250],[587,18],[1184,-148],[1594,-138],[2283,9],[140,-37],[494,-546],[252,-332],[177,-148],[1538,-740],[736,-527],[1780,-1443],[280,-434],[140,-444],[158,-222],[354,-148],[233,-296],[252,-684],[279,-657],[206,-545],[270,-490],[419,-601],[243,-250],[419,-185],[429,-55],[279,-222],[336,-278],[475,-508],[364,-370],[634,-657],[316,-286],[438,-232],[1771,-499],[2107,-564],[708,-250],[261,-64],[559,-37],[1902,-84],[708,-92],[699,-93],[1454,-92],[969,-37],[355,-46],[615,-204],[223,-55],[895,-472],[578,-425],[214,0],[476,203],[1016,555],[65,46],[541,352],[335,462],[680,472],[280,185],[606,314],[1034,555],[420,129],[699,47],[764,101],[634,130],[382,0],[736,-10],[588,0],[428,28],[327,-102],[671,-360],[783,-629],[3746,-3763],[2461,-5438],[494,-591],[1193,-666],[522,18],[1128,592],[4213,2710],[2087,1470],[569,342],[727,425],[522,231],[1407,435],[1081,333],[951,444],[494,286],[242,139],[746,749],[1510,1720],[1212,1147],[2675,2062],[1435,684],[857,342],[867,351],[1482,370],[550,222],[1268,638],[1584,620],[1939,980],[866,444],[1445,684],[1902,1184],[1826,1470],[2647,2016],[681,693],[363,444],[233,592],[28,545],[-74,417],[-271,508],[-167,472],[-10,471],[84,490],[233,389],[298,231],[299,231],[1146,509],[168,74],[1482,527],[102,0],[1128,305],[578,148],[1985,1026],[914,518],[988,259],[1034,129],[755,19],[708,-111],[1305,-583],[858,-259],[130,0],[643,-36],[727,55],[485,157],[606,324],[317,139],[466,212],[662,407],[316,259],[336,398],[494,1081],[345,389],[680,703],[196,138],[811,278],[587,37],[382,18],[653,-129],[568,-379],[522,-167],[354,102],[476,296],[382,138],[512,19],[578,-102],[625,-333],[391,-231],[690,-601],[335,-148],[373,0],[904,435],[438,148]],[[671174,883803],[606,601],[391,370],[261,259],[112,435],[336,314],[559,-102],[270,167],[261,416],[364,444],[363,360],[177,259],[289,527],[131,287],[326,129],[354,250],[503,56],[280,-74],[298,-56],[587,-37],[401,324],[289,249],[513,47],[559,92],[401,-111],[279,74],[271,268],[279,93],[345,92],[270,-157],[308,-129],[335,46],[383,83],[354,102],[242,259],[466,-111],[131,-342],[195,-167],[522,-92],[550,203],[504,56],[316,-121],[280,-148],[345,-138],[382,18],[401,130],[429,305],[167,111],[438,139],[532,258],[447,250],[876,555],[895,592],[1967,1414],[680,629],[447,296],[289,139],[317,92],[569,65],[531,65],[531,157],[354,129],[532,19],[298,-28],[1584,-342],[1231,-324],[1565,-416],[392,-120],[261,-74],[1855,-444],[2936,-1017],[2423,-962],[578,-369],[214,-158],[205,-268],[205,-360],[168,-1212],[149,-1045],[177,-1202],[0,-240],[-74,-481],[-196,-656],[-410,-703],[-37,-65],[-746,-1036],[-3700,-4022],[-522,-749],[-970,-1609],[-186,-509],[-28,-342],[103,-360],[65,-222],[28,-398],[28,-730],[-187,-657],[-317,-471],[-121,-324],[0,-370],[56,-259],[392,-296],[811,-9],[615,37],[578,55],[251,222],[224,176],[391,37],[932,28],[895,111],[923,240],[447,287],[289,111],[336,-259],[438,111],[429,-157],[233,-84],[419,-138],[354,-268],[131,-185],[363,-444],[466,194],[224,148],[522,287],[382,286],[680,786],[1137,906],[392,232],[373,157],[345,0],[438,-46],[233,-84],[2386,-1276],[1407,-823],[1799,-1054],[363,-222],[1622,-952],[1706,-1119],[1407,-869],[494,-241],[448,-101],[233,166],[74,1174],[103,250],[578,268],[288,65],[308,9],[373,65],[326,129],[289,130],[867,536],[186,194],[401,296],[289,-647],[774,-1239],[475,-620],[1538,-1673],[494,-490],[28,-389],[56,-407],[773,-111],[1305,-222],[503,-55],[438,-74],[401,185],[140,370],[513,102],[372,-19],[830,-259],[177,-46],[503,-120],[66,-361],[167,-388],[271,-10],[326,-258],[214,-287],[382,-139],[280,-388],[298,-352],[28,-231],[233,-360],[867,-176],[466,-240],[214,-130],[411,-55],[223,175],[392,-74],[289,-360],[74,-768],[205,-46],[429,-83],[252,268],[158,231],[475,-194],[-93,-435],[-28,-277],[84,-499],[392,-232],[354,-120],[205,-342],[279,-444],[75,-342],[308,-240],[521,-296],[345,-176],[364,-231],[317,-324],[494,-101],[550,-84],[121,-416],[-345,-249],[298,-370],[354,-379],[271,379],[130,323],[308,148],[559,56],[419,-250],[103,-453],[391,-37],[243,-203],[400,-130],[159,-65],[801,-508],[662,-435],[466,-370],[448,-138],[289,-65],[270,-167],[438,-212],[65,-379],[410,-407],[448,-213],[1295,-989],[233,-130],[215,-351],[83,-444],[-186,-361],[-37,-490],[363,-240],[112,-296],[364,-185],[195,-231],[187,-222],[773,259],[392,434],[279,139],[327,74],[251,333],[317,388],[252,158],[223,305],[234,462],[484,-92],[252,480],[242,407],[205,231],[308,417],[28,453],[-103,360],[569,241],[149,305],[419,314],[243,324],[494,287],[46,268],[-65,555],[47,453],[18,388],[252,407],[289,407],[28,323],[-10,324],[448,120],[363,241],[112,379],[149,407],[317,-37],[326,138],[504,139],[298,92],[214,287],[550,-55],[373,-444],[429,-389],[373,222],[186,222],[382,65],[84,333],[-37,407],[0,314],[-345,185],[-37,490],[-159,379],[-130,537],[298,351],[522,83],[401,28],[363,287],[317,-167],[457,83],[168,148],[587,305],[400,389],[420,-46],[410,323],[289,130],[522,-28],[550,0],[494,277],[335,481],[-102,407],[223,222],[420,102],[345,-84],[373,65],[512,74],[317,231],[140,352],[37,286],[373,269],[531,-509],[746,-795],[1184,-1748],[755,-1452],[615,-998],[233,-546],[419,-952],[242,-537],[168,-443],[112,-417],[37,-332],[-177,-731],[-279,-869],[-215,-472],[-177,-249],[-391,-417],[-485,-369],[-913,-500],[-662,-314],[-289,-204],[-298,-480],[-271,-768],[-102,-573],[47,-435],[158,-379],[280,-324],[186,-212],[690,-490],[419,-398],[56,-46],[522,-805],[270,-434],[149,-407],[84,-296],[233,-444],[429,-416],[336,-231],[428,-185],[802,-250],[252,-360],[214,-796],[149,-64],[923,-10],[382,-166],[9,-638],[37,-398],[215,-416],[401,-397],[242,-435],[308,-583],[326,-656],[233,-509],[65,-268],[93,-573],[205,-805],[121,-453],[168,-878],[504,-1655],[260,-1101],[289,-148],[1389,10],[1650,-65],[1351,-176],[802,-101],[1305,-37],[428,92],[746,277],[261,130],[392,194],[782,647],[299,416],[270,380],[131,323],[260,869],[457,1498],[438,1508],[420,813],[783,1230],[279,241],[662,360],[252,185],[177,342],[112,555],[223,721],[112,278],[224,333],[373,351],[484,277],[289,74],[392,56],[792,28],[112,0],[717,0],[280,9],[569,-9],[1155,138],[532,130],[456,138],[1007,426],[1202,471],[1575,555],[2107,731],[345,166],[466,352],[475,480],[391,65],[420,-240],[168,-361],[270,-268],[196,-361],[102,-305],[19,-360],[214,-407],[-112,-481],[-37,-379],[177,-333],[149,-426],[-438,-342],[-307,-323],[-140,-222],[-569,-333],[19,-425],[-93,-546],[112,-490],[-19,-416],[-186,-398],[55,-518],[243,-351],[298,-481],[56,-545],[149,-870],[410,-286],[56,-324],[-149,-361],[326,-416],[373,-194],[121,-231],[289,-314],[392,-19],[522,-139],[838,324],[336,37],[224,-324],[261,-166],[158,-453],[103,-518],[382,-213],[279,-157],[345,-194],[308,-370],[-103,-398],[373,-425],[326,-444],[541,-971],[699,-1109],[140,-176],[456,-490],[280,-250],[177,-240],[-37,-1184],[74,-360],[457,-796],[177,-360],[531,-1507],[122,-370],[484,-796],[578,-749],[140,-434],[28,-305],[74,-333],[373,-361],[522,-185],[140,-83],[615,-333],[298,-203],[177,-278],[66,-277],[-19,-361],[-19,-305],[-83,-629],[-38,-628],[-195,-916],[-10,-148],[-46,-499],[56,-407],[242,-490],[643,-805],[578,-887],[419,-1008],[261,-768],[-9,-425],[-47,-361],[-195,-333],[-364,-231],[-923,-582]]],"bbox":[100.64681,12.50787,101.71972,13.58932],"transform":{"scale":[0.0000010729110729110662,0.0000010814510814510817],"translate":[100.64681,12.50787]}}