{"type":"Topology","objects":{"districts":{"type":"GeometryCollection","geometries":[{"type":"Polygon","arcs":[[0,1,2,3,4]],"properties":{"CODE":"2501","PARENT":"25","NAME_TH":"เมืองปราจีนบุรี","NAME_EN":"Mueang Prachin Buri","NAME_CN":"Mueang Prachin Buri","COLOR_IDX":2}},{"type":"Polygon","arcs":[[5,6,7,8]],"properties":{"CODE":"2502","PARENT":"25","NAME_TH":"กบินทร์บุรี","NAME_EN":"Kabin Buri","NAME_CN":"Kabin Buri","COLOR_IDX":2}},{"type":"Polygon","arcs":[[-9,9,10]],"properties":{"CODE":"2503","PARENT":"25","NAME_TH":"นาดี","NAME_EN":"Na Di","NAME_CN":"Na Di","COLOR_IDX":1}},{"type":"Polygon","arcs":[[-4,11,12]],"properties":{"CODE":"2506","PARENT":"25","NAME_TH":"บ้านสร้าง","NAME_EN":"Ban Sang","NAME_CN":"Ban Sang","COLOR_IDX":0}},{"type":"Polygon","arcs":[[-10,-8,13,-1,14]],"properties":{"CODE":"2507","PARENT":"25","NAME_TH":"ประจันตคาม","NAME_EN":"Prachantakham","NAME_CN":"Prachantakham","COLOR_IDX":0}},{"type":"Polygon","arcs":[[-7,15,16,-2,-14]],"properties":{"CODE":"2508","PARENT":"25","NAME_TH":"ศรีมหาโพธิ","NAME_EN":"Si Maha Phot","NAME_CN":"Si Maha Phot","COLOR_IDX":3}},{"type":"Polygon","arcs":[[17,-12,-3,-17]],"properties":{"CODE":"2509","PARENT":"25","NAME_TH":"ศรีมโหสถ","NAME_EN":"Si Mahosot","NAME_CN":"Si Mahosot","COLOR_IDX":1}}]}},"arcs":[[[306924,764328],[-121,-1715],[-10,-1568],[-81,-886],[-293,-841],[-51,-68],[-536,-648],[-50,-45],[-627,-614],[-870,-613],[-677,-386],[-678,-603],[-182,-295],[-232,-545],[-61,-636],[-10,-807],[91,-863],[50,-160],[344,-806],[496,-966],[586,-954],[111,-239],[213,-500],[172,-659],[20,-318],[-41,-704],[-343,-1023],[-587,-1158],[-233,-568],[-353,-750],[-243,-568],[-132,-398],[-161,-545],[-122,-523],[-50,-318],[-10,-966],[161,-1136],[203,-988],[192,-466],[162,-352],[283,-591],[212,-568],[30,-148],[71,-659],[91,-568],[30,-545],[21,-432],[-81,-613],[-81,-591],[-142,-477],[-333,-591],[-486,-534],[-981,-920],[-374,-454],[-202,-341],[-222,-341],[-314,-534],[-212,-375],[-445,-318],[-334,-23],[-647,91],[-313,23],[-567,-227],[-313,-341],[-132,-330],[-151,-409],[-91,-545],[-122,-636],[-141,-614],[-192,-613],[-152,-466],[-394,-386],[-435,-68],[-324,-23],[-728,45],[-505,-45],[-526,-102],[-364,-103],[-364,-170],[-445,-239],[-324,-193],[-424,-466],[-263,-431],[-213,-466],[-192,-682],[-101,-965],[-142,-716],[-161,-841],[-101,-659],[-41,-716],[30,-829],[31,-659],[-10,-761],[0,-500],[-10,-568],[-41,-477],[-111,-625],[-172,-568],[-303,-420],[-273,-193],[-284,-228],[-293,-181],[-505,-296],[-213,-250],[-212,-488],[-152,-443],[-232,-421],[-192,-295],[-172,-364],[-233,-488],[-182,-636],[-81,-432],[-50,-602],[-10,-636],[91,-1068],[-11,-1068],[11,-682],[232,-511],[202,-239],[294,-306],[515,-387],[344,-193],[354,-136],[647,-193],[1305,-307],[1597,-352],[1901,-159],[1355,-205],[1375,-159],[2023,-136],[1547,-80],[495,0],[759,-91],[748,-68],[556,-79],[526,-171],[607,-68],[546,-57],[333,-125],[405,137],[374,-12],[384,-272],[476,-216],[303,11],[455,-34],[445,-477],[141,-352],[314,-443],[273,-159],[455,-194],[475,-340],[233,-319],[374,-272],[435,-330],[374,-261],[313,-204],[506,-273],[384,-159],[566,136],[395,477],[384,364],[303,216],[587,-12],[384,-125],[384,35],[304,90],[455,-22],[303,-57],[354,79],[354,284],[303,-170],[162,-386],[253,-432],[303,-386],[445,-512],[334,-522],[192,-284],[222,-489],[162,-420],[223,-534],[283,-511],[293,-386],[425,-421],[334,-329],[161,-262],[263,-499],[293,-330],[223,-182],[354,-386],[243,-500],[131,-466],[142,-238],[313,-284],[222,-648],[-20,-522],[0,-250],[41,-478],[151,-658],[122,-546],[101,-454],[162,-489],[242,-397],[354,-443],[374,-353],[273,-216],[445,-443],[324,-499],[131,-341],[112,-364],[70,-432],[71,-420],[61,-375],[101,-477],[91,-318],[111,-545],[91,-432],[101,-307],[101,-545],[132,-364],[303,-534],[314,-250],[263,-170],[374,-307],[293,-227],[324,-420],[252,-637],[51,-431],[-51,-375],[213,-398],[0,-545],[-71,-489],[-303,-602],[-425,-386],[-415,-420],[10,-466],[405,-398],[20,-454],[-152,-443],[132,-671],[-132,-477],[101,-557],[263,-215],[253,-375],[243,-466],[131,-284],[132,-636],[162,-489],[60,-477],[-151,-273],[40,-522],[526,-375],[404,-159],[567,-318],[313,-330],[303,-409],[324,-238],[293,-228],[304,-272],[182,-216],[283,-295],[-61,-512],[-131,-341],[-203,-488],[-232,-420],[192,-546],[323,-57],[486,80],[172,-477],[-111,-546],[91,-352],[353,-465],[354,-23],[334,250],[607,125],[465,-103],[243,-204],[121,-432],[-142,-602],[31,-636],[-51,-443],[-121,-523],[-101,-363],[-51,-477],[-20,-375],[-20,-398],[-51,-761],[20,-477],[10,-546],[11,-1034],[0,-761],[20,-659],[81,-897],[20,-386],[20,-671],[-10,-454],[-81,-818],[-61,-557],[-10,-386],[-30,-568],[-20,-421],[10,-511],[30,-511],[10,-500],[10,-432],[41,-556],[30,-705],[20,-579],[21,-489],[50,-488],[192,-659],[192,-432],[203,-522],[162,-534],[70,-398],[101,-432],[71,-636],[0,-750],[41,-579],[-41,-795],[0,-580],[-81,-602],[-91,-511],[-101,-455],[-263,-931],[-202,-602],[-182,-568],[-263,-807],[-253,-602],[-131,-602],[-91,-546],[61,-1397],[970,-102],[1092,-102],[1851,-194],[1395,-170],[506,-125],[566,-193],[576,-216],[739,-284],[687,-250],[688,-250],[708,-261],[950,-352],[759,-273],[829,-295],[799,-296],[576,-216],[-30,-579],[-41,-704],[-121,-443],[-273,-637],[-101,-375],[-112,-352],[364,-341],[253,-56],[496,68],[192,182],[556,204],[1244,-193],[323,23],[425,-46],[152,-681],[323,-285],[334,-56],[425,-34],[505,-12],[546,-261],[334,-318],[142,-477],[10,-443],[0,-353],[-81,-659],[-61,-522],[-61,-341],[223,-420],[323,-228],[314,-181],[516,-318],[172,-625],[-213,-375],[304,-580],[0,-522],[-193,-659],[-141,-375],[-283,-284],[-273,-352],[20,-659],[313,-421],[324,-124],[445,-80],[111,-364],[-243,-443],[-50,-261],[-162,-488],[-131,-444],[-81,-329],[-172,-523],[-283,-375],[-61,-568],[324,-204],[374,-205],[253,-102],[101,-568],[70,-341],[122,-534],[182,-375],[364,-477],[202,-306],[253,-353],[172,-250],[-10,-499],[313,-603],[405,-477],[242,-329],[172,-386],[334,-409],[253,-353],[101,-431],[-324,-273],[-212,-182],[-132,-466],[11,-375],[70,-545],[51,-329],[162,-466],[-10,-670],[-243,-421],[-111,-613],[60,-500],[213,-307],[586,-34],[293,23],[476,-227],[384,-319],[384,-261],[405,-557],[91,-545],[-31,-647],[-182,-444],[-293,-409],[-253,-556],[-263,-307],[-283,-557],[-465,-488],[-273,-466],[-435,-363],[-404,-375],[162,-455],[161,-522],[31,-705],[-334,-284],[-364,-68],[-526,34],[-334,-45],[-424,-534],[-273,-421],[-324,-534],[-111,-568],[-152,-341],[-232,-443],[-71,-227],[-223,-977],[-70,-716],[20,-681],[20,-523],[0,-375],[10,-431],[0,-353],[-10,-579],[-202,-614],[-182,-420],[-293,-545],[-284,-193],[-343,-228],[-445,-386],[-213,-204],[-313,-330],[-1042,-1363],[-313,-500],[-223,-454],[-374,-830],[-192,-386],[-253,-318],[-465,-409],[-253,-523],[0,-647],[91,-523],[162,-477],[253,-636],[334,-375],[354,-273],[374,-329],[445,-398],[283,-295],[212,-228],[364,-272],[283,-148],[344,-193],[435,-273],[475,-238],[233,-398],[263,-568],[263,-307],[333,-306],[415,-534],[313,-319],[354,-454],[213,-295],[172,-466],[-51,-341],[-192,-443],[-61,-330],[-121,-454],[162,-307],[0,-693],[-51,-534],[10,-625],[-20,-658],[10,-546],[-10,-511],[-30,-761],[-41,-557],[-40,-329],[-243,-341],[-495,125],[-344,68],[-344,23],[-243,420],[-182,284],[-222,443],[-263,409],[-212,216],[-364,159],[-577,-148],[-182,-556],[61,-432],[121,-704],[-20,-659],[20,-523],[0,-443],[-50,-409],[-324,-455],[-253,-318],[-283,-329],[-303,-386],[-334,-500],[-354,-511],[-263,-250],[-151,-614],[364,-114],[192,-556],[313,-534],[314,-114],[414,-22],[455,-114],[374,-307],[354,-272],[253,-353],[223,-318],[273,-307],[262,-568],[-70,-511],[-546,-102],[-415,409],[-313,375],[-405,397],[-273,114],[-394,57],[-304,45],[-354,34],[-293,23],[-596,-45],[-415,11],[-374,80],[-546,284],[-273,465],[-30,466],[-243,659],[-445,148],[-506,-386],[-81,-455],[21,-545],[-132,-636],[-253,-489],[-161,-352],[-364,-489],[-466,478],[-232,431],[-526,330],[-334,125],[-343,91],[-435,45],[-445,-159],[-142,-409],[132,-523],[71,-295],[-243,-477],[-324,91],[-283,431],[-141,364],[-273,284],[-314,91],[-404,11],[-648,12],[-637,-12],[-293,-45],[-323,-193],[-61,-478],[303,-352],[334,-238],[404,-489],[122,-466],[60,-659],[-60,-374],[-263,-364],[-243,-204],[-445,-409],[-344,-307],[-566,-159],[-404,284],[-364,329],[-233,182],[-455,227],[-303,102],[-324,91],[-475,12],[-243,-216],[-313,-466],[-324,-352],[-212,-136],[-415,-216],[-495,-182],[-607,-148],[-415,-45],[-242,11],[-486,57],[-374,-591],[122,-397],[0,-591],[-203,-477],[-212,-375],[-415,-727],[-273,-432],[-505,-102],[-233,295],[-131,432],[-213,590],[-283,534],[-161,307],[-142,330],[-202,488],[-122,341],[-141,477],[-101,375],[-10,409],[40,466],[40,363],[-40,568],[-415,398],[-566,148],[-414,-57],[-193,-273],[11,-511],[30,-307],[-30,-556],[-81,-455],[-192,-488],[-253,-534],[-374,-534],[-425,-148],[-273,80],[-556,272],[-425,103],[-586,45],[-344,0],[-354,-45],[-415,-319],[-333,-613],[-233,-386],[-233,-341],[-283,-409],[344,-557],[546,-113],[556,-137],[334,-568],[111,-534],[51,-318],[40,-454],[-566,-148],[-182,307],[-263,488],[-394,57],[-304,-148],[-81,-443],[41,-636],[20,-398],[0,-1170],[10,-727],[334,-545],[506,68],[343,182],[496,204],[404,91],[385,-113],[414,-489],[263,-523],[142,-579],[-172,-398],[-223,-465],[-384,-375],[-253,22],[-414,114],[-324,34],[-809,0],[-1254,23],[-1102,11],[-556,-23],[-364,-34],[-374,-397],[-10,-352],[141,-387],[486,-170],[566,-57],[283,-34],[414,-148],[344,-250],[253,-193],[405,-307],[293,-272],[141,-568],[-283,-421],[-192,-295],[-131,-523],[-41,-420],[-10,-488],[-30,-250],[-435,-353],[-435,12],[-344,45],[-536,12],[-353,-57],[-344,-80],[-374,-102],[-344,-102],[-425,-125],[-313,-91],[-425,-102],[-233,-69],[-313,-477],[-30,-443],[353,-488],[567,-80],[414,137],[536,193],[334,102],[768,227],[496,57],[263,-330],[30,-329],[41,-727],[111,-466],[151,-363],[162,-341],[294,-625],[192,-398],[232,-500],[202,-522],[213,-523],[81,-409],[-182,-557],[-435,-533],[-405,-57],[-323,68],[-455,148],[-395,147],[-485,250],[-273,137],[-415,193],[-252,261],[-172,375],[-132,329],[-222,478],[-273,568],[-364,499],[-273,307],[-486,296],[-445,159],[-616,22],[-364,-272],[-334,-296],[-587,-477],[-222,-216],[-253,-352],[-323,-466],[-304,-181],[-344,56],[-262,432],[20,329],[182,489],[192,545],[30,375],[-71,546],[-80,363],[-233,534],[-303,409],[-546,11],[-213,-329],[-162,-284],[-404,-307],[-415,-261],[-343,-227],[-273,-557],[-91,-466],[-81,-556],[-41,-659],[-10,-909],[132,-398],[242,-261],[314,-307],[333,-295],[314,-318],[243,-262],[212,-272],[202,-319],[233,-465],[192,-409],[202,-625],[91,-375],[132,-545],[404,-443],[405,-409],[40,-546],[162,-329],[475,-330],[566,91],[374,-102],[334,-420],[61,-296],[222,-432],[263,-329],[334,-545],[232,-364],[223,-329],[374,-148],[445,193],[364,-11],[465,-330],[101,-477],[-151,-443],[-142,-511],[162,-216],[536,68],[384,125],[516,-45],[-162,-602],[-233,-466],[-253,-284],[-323,-489],[-253,-522],[-50,-580],[50,-613],[51,-523],[232,-329],[233,-659],[344,-228],[111,-613],[-101,-534],[-142,-284],[-334,-375],[-50,-613],[-344,-387],[41,-477],[242,-557],[233,-397],[162,-307],[354,-466],[333,-295],[587,-239],[364,-56],[465,-114],[273,-182],[445,-375],[536,-466],[515,-443],[678,-613],[495,-523],[445,-579],[567,-829],[404,-580],[334,-386],[526,-182],[384,57],[627,68],[303,-136],[263,-659]],[[329686,484316],[-516,-227],[-526,45],[-505,57],[-364,-148],[-425,-204],[-263,-171],[-394,-545],[-374,-284],[-465,-375],[-101,-534],[-31,-409],[-141,-352],[-415,-307],[-212,-352],[293,-421],[91,-352],[-152,-409],[-222,-443],[-202,-193],[-516,-238],[-293,-284],[-324,-591],[-364,-557],[-233,-341],[-404,-136],[-415,-284],[-313,-352],[-384,-398],[-314,-341],[-445,-307],[-313,-136],[-587,-341],[-819,1034],[-515,545],[-364,307],[-375,387],[-323,340],[-243,307],[-212,307],[-243,352],[-202,420],[-142,296],[-2214,-182],[-678,-80],[-991,-125],[-869,-22],[-435,0],[-637,45],[-566,57],[-557,34],[-647,-11],[-738,11],[-637,23],[-303,102],[-506,114],[-384,0],[-607,-12],[-586,-136],[-637,-45],[-587,-35],[-384,-34],[-546,23],[-384,11],[-415,-11],[-445,-375],[10,-363],[-10,-421],[-364,-545],[-344,11],[-414,34],[-465,-147],[-526,-205],[-405,-91],[-768,-238],[-486,-137],[-30,-602],[111,-443],[-202,-613],[-465,-125],[-253,-103],[-354,-227],[-455,114],[-263,102],[-354,136],[-536,171],[-303,57],[-495,68],[-627,-23],[-223,-420],[-232,-568],[-526,102],[-486,91],[-535,79],[-445,12],[-658,11],[-475,11],[-263,12],[-445,34],[-435,45],[-748,69],[-263,11],[-394,-46],[-354,-125],[-617,-125],[-526,12],[-343,34],[-385,68],[-515,0],[-496,-136],[-516,-148],[-465,-148],[-333,-193],[-405,-250],[-313,-181],[-445,-250],[-314,-194],[-404,-193],[-546,-193],[-334,-57],[-485,-147],[-223,-148],[-364,-261],[-303,-205],[-506,-341],[-364,-284],[-404,-329],[-324,-273],[-374,-295],[-182,-148],[-404,-193],[-567,-136],[-546,-262],[-141,-340],[-182,-387],[-152,-352],[-202,-511],[-142,-432],[-141,-363],[-243,-455],[-233,-273],[-333,-272],[-486,79],[-182,159],[-414,284],[-567,273],[-576,-148],[-506,-125],[-394,103],[-263,136],[-303,239],[-263,204],[-374,398],[-243,488],[-576,-250],[-455,-386],[-314,-34],[-445,-57],[-606,34],[-405,0],[-435,-307],[-576,-45],[-324,102],[-313,114],[-445,170],[-324,103],[-505,170],[-213,91],[-232,511],[0,398],[-435,363],[-425,-11],[-596,-46],[-597,182],[-40,511],[0,319],[10,693],[30,545],[0,329],[-101,398],[-344,205],[-455,-341],[-445,295],[-81,579],[-283,262],[-525,170],[-334,398],[-263,-102],[-394,-137],[-294,-170],[-333,-102],[-294,-46],[-394,-79],[-404,-91],[-435,-477],[-192,-455],[445,-273],[465,-34],[475,-261],[-91,-534],[-233,-352],[233,-579],[455,-137],[-132,-625],[-394,137],[-505,-148],[-284,-193],[-455,261],[-172,284],[-293,307],[-596,182],[-455,261],[-294,239],[-343,397],[-455,341],[-284,-523],[152,-420],[233,-568],[151,-420],[182,-477],[192,-478],[162,-409],[111,-318],[132,-363],[142,-341],[121,-352],[172,-432],[151,-420],[203,-625],[101,-511],[40,-353],[31,-522],[0,-352],[-11,-443],[-10,-648],[-20,-602],[-30,-648],[0,-477],[-20,-693],[-11,-897],[-20,-500],[-10,-534],[-10,-864],[-10,-500],[-10,-545],[-20,-420],[-11,-636],[-30,-1807],[-20,-1011],[-20,-1182],[-21,-647],[-30,-1636],[-30,-1363],[-10,-1068],[-31,-1318],[-10,-1159],[-40,-1307],[-20,-1181],[-31,-1250],[-30,-988],[-30,-1182],[-21,-1068],[-30,-1317],[-30,-1159],[-10,-1318],[-41,-1045],[-61,-2216],[-20,-738],[0,-795]],[[253655,427523],[0,-114],[-30,-966],[-30,-1079],[-31,-1488],[-20,-1284],[-20,-829],[-21,-1386],[-40,-1171],[0,-443],[-20,-715],[-10,-682],[-10,-773],[-21,-1340],[-445,22],[-495,194],[-435,113],[-243,57],[-404,125],[-253,159],[-283,261],[-414,205],[-274,79],[-374,34],[-434,35],[-547,11],[-364,23],[-424,22],[-314,0],[-485,-22],[-384,-23],[-526,-102],[-354,-171],[-526,-11],[-374,-23],[-404,-159],[-375,-91],[-546,-91],[-20,-511],[-121,-602],[-334,-239],[-425,34],[-596,-45],[-486,-170],[-495,-182],[-364,113],[-475,46],[-213,-216],[-303,-409],[-162,-193],[-334,-273],[-394,-57],[-435,216],[-323,216],[-445,216],[-344,34],[-344,34],[-556,23],[-637,23],[-435,11],[-242,11],[-516,114],[-475,159],[-344,227],[-374,205],[-587,250],[-404,204],[-304,273],[-273,272],[-283,250],[-526,148],[-445,68],[-283,46],[-172,647],[253,443],[233,671],[60,647],[-202,341],[-253,352],[-273,534],[0,409],[182,625],[193,364],[-213,488],[-354,125],[-455,114],[-526,-125],[-424,352],[-283,261],[-496,364],[-253,227],[-263,284],[-232,318],[-243,443],[-283,477],[-324,375],[-384,205],[-253,136],[-394,273],[-283,250],[-475,409],[-425,306],[-253,284],[-394,330],[-435,-102],[-324,-125],[-354,-80],[-505,148],[-192,273],[-364,272],[-233,80],[-526,147],[-606,205],[-516,238],[-425,205],[-323,102],[-546,205],[-364,216],[-466,329],[-374,193]],[[216686,429431],[-242,477],[-132,659],[-162,739],[-141,613],[-91,432],[-111,500],[-91,386],[-172,568],[-112,341],[-262,557],[-182,329],[-506,364],[-354,159],[-445,250],[-546,329],[-374,261],[-405,307],[-434,477],[-273,387],[-304,545],[-131,352],[-152,704],[-192,444],[-222,431],[-102,296],[-101,431],[-40,671],[30,386],[81,591],[61,431],[121,603],[91,420],[61,352],[40,500],[20,579],[-151,659],[-223,466],[-172,330],[-273,488],[-252,307],[-395,420],[-283,409],[-222,318],[-192,284],[-304,409],[-131,341],[-243,580],[-162,284],[-273,477],[-556,363],[-465,-250],[-253,-352],[-293,-511],[-293,-557],[-213,-386],[-182,-239],[-323,-238],[-385,-125],[-293,-68],[-424,-103],[-466,-102],[-536,-91],[-505,-79],[-597,-80],[-374,-34],[-536,-57],[-263,-45],[-404,-91],[-475,-91],[-375,-113],[-404,-114],[-607,-182],[-495,-159],[-374,-91],[-617,-68],[-597,34],[-364,57],[-354,102],[-536,227],[-465,137],[-273,45],[-394,114],[-304,91],[-333,45],[-486,46],[-374,0],[-394,22],[-435,102],[-455,250],[-384,228],[-202,193],[-273,341],[-284,295],[-262,148],[-385,79],[-394,-182],[-314,-215],[-242,-194],[-425,-363],[-465,-318],[-455,-273],[-415,102],[-364,409],[-445,478],[-283,295],[-273,261],[-394,284],[-283,91],[-334,114],[-313,79],[-425,23],[-384,-11],[-567,0],[-394,22],[-303,69],[-627,136],[-344,136],[-485,421],[-213,295],[-192,409],[-192,659],[-91,613],[-41,296],[-101,488],[-121,375],[-152,455],[-222,454],[-162,364],[-243,579],[-171,329],[-203,341],[-273,580],[-212,477],[-111,329],[-81,466],[10,625],[101,409],[172,557],[202,613],[-162,648],[-505,352],[-344,170],[-283,148],[-486,295],[21,421],[424,352],[273,182],[354,420],[10,432],[-192,443],[-434,454],[-445,352],[-415,546],[-182,420],[20,489],[283,386],[324,295],[313,250],[162,375],[-20,568],[-111,670],[-71,330],[-111,818],[-162,659],[-223,522],[-222,409],[-303,489],[-192,307],[-263,556],[-233,557],[-192,489],[-344,749],[-273,557],[-162,352],[-151,307],[-294,284],[-505,284],[-253,216],[-283,295],[-546,341],[-374,375],[-223,284],[-232,330],[-253,465],[-354,659],[-425,807],[-364,647],[-475,1012],[-404,715],[-445,580],[-405,443],[-394,352],[-374,284],[-415,284],[-475,273],[-809,397],[-1082,523],[-890,409],[-1507,636],[-1001,398],[-920,318],[-900,216],[-728,136],[-546,46],[-566,11],[-728,-23],[-749,-57],[-849,-79],[-627,-80],[-728,-113],[-718,-137],[-839,-170],[-759,-114],[-940,-34],[-1405,34],[-21,625],[0,375],[-81,420],[-394,296],[-344,159],[-172,466],[506,272],[526,-102],[445,-68],[303,0],[314,352],[-61,421],[-496,363],[-606,45],[-476,0],[-404,250],[172,603],[212,306],[233,273],[253,239],[262,272],[455,409],[274,352],[-92,671],[-485,-80],[-435,-227],[-394,-205],[-496,-284],[-222,-193],[-495,-352],[-415,23],[-314,443],[-50,557],[10,374],[51,375],[101,421],[323,568],[253,295],[243,273],[293,545],[-283,330],[-344,113],[-506,318],[61,546],[263,386],[142,227],[172,466],[-314,545],[-334,159],[-424,148],[-374,250],[-375,477],[-323,318],[-435,239],[-222,556],[313,500],[344,103],[617,22],[414,-68],[486,-159],[283,-102],[424,34],[81,648],[-50,511],[60,704],[243,636],[101,330],[132,522],[20,444],[-212,624],[-304,387],[-182,534],[41,499],[222,557],[233,421],[172,340],[242,273],[476,341],[262,113],[607,114],[364,136],[253,580],[0,579],[-20,273],[-61,466],[-50,409],[-51,511],[-10,477],[-20,318],[-203,580],[-475,477],[-323,238],[-304,205],[-344,250],[-323,284],[-132,295],[-222,398],[-314,488],[41,375],[243,511],[303,455],[243,318],[202,261],[323,512],[132,499],[-41,614],[-70,613],[20,387],[-51,500],[-293,170],[-506,-68],[-283,-125],[-414,-159],[-516,136],[-111,511],[0,512],[0,579],[-10,398],[-31,545],[-30,432],[-101,500],[-121,306],[-152,523],[202,557],[344,147],[303,57],[455,57],[364,363],[61,500],[71,625],[232,352],[-313,466],[-283,11],[-688,-11],[-364,-79],[-455,-91],[-283,306],[142,534],[192,262],[313,250],[243,102],[607,227],[424,68],[374,159],[-303,625],[-566,148],[-202,488],[-304,409],[-10,398],[-324,261],[-455,489],[71,329],[-50,443],[-425,330],[-506,11],[-313,137],[-516,-330],[-323,-45],[-395,113],[-556,-284],[-283,-182],[-576,69],[0,522],[404,239],[233,227],[60,500]],[[142718,536826],[253,159],[354,204],[344,205],[313,182],[516,306],[354,194],[253,159],[354,216],[455,261],[293,170],[445,262],[273,159],[495,295],[314,193],[293,171],[445,272],[283,159],[324,182],[273,159],[414,250],[294,170],[455,273],[293,170],[354,216],[354,205],[343,216],[314,181],[303,182],[364,205],[415,250],[354,204],[293,171],[324,193],[283,159],[303,182],[435,272],[394,227],[455,262],[546,329],[435,262],[354,204],[445,250],[253,159],[495,284],[536,329],[283,160],[445,272],[395,227],[485,284],[344,205],[354,204],[343,205],[273,159],[506,307],[273,159],[536,307],[273,159],[303,181],[395,239],[475,273],[303,181],[354,216],[415,227],[293,182],[526,307],[435,261],[253,137],[343,215],[567,330],[343,193],[385,239],[323,181],[455,273],[314,182],[394,227],[374,227],[526,318],[394,216],[304,193],[414,239],[536,329],[607,341],[192,114],[465,273],[374,215],[354,216],[385,216],[434,261],[476,284],[384,228],[394,227],[425,250],[374,227],[455,261],[556,330],[405,238],[374,228],[758,431],[526,318],[1092,648],[465,261],[415,250],[364,216],[323,193],[395,227],[455,262],[354,204],[354,216],[354,205],[343,204],[-60,318],[-213,455],[-172,602],[11,352],[-102,488],[-242,228],[-374,397],[-41,284],[31,455],[-31,386],[-212,477],[-81,375],[-10,614],[-243,602],[-263,306],[-172,319],[-50,511],[30,659],[-131,454],[-233,477],[-607,193],[-303,91],[-384,239],[-324,216],[-374,182],[-455,284],[-152,375],[-252,318],[-455,443],[-284,579],[-313,261],[-243,307],[-172,284],[-192,341],[-131,454],[-223,398],[-242,375],[-172,250],[-213,375],[-20,511],[-253,659],[-242,261],[-273,284],[-192,250],[-284,409],[-293,409],[-323,500],[-213,250],[-333,273],[-375,250],[-263,272],[-293,421],[-242,318],[-223,329],[-243,273],[-313,352],[-132,307],[-111,363],[-162,466],[-182,534],[-141,364],[-172,420],[-121,420],[-71,353],[-91,431],[-111,659],[-61,602],[-111,489],[-91,409],[-51,477],[263,557],[-71,431],[91,523],[223,386],[0,432],[30,534],[121,591],[-40,431],[111,455],[91,318],[91,489],[-81,374],[61,671],[202,591],[-40,488],[-263,579],[-111,500],[10,296],[141,488],[71,580],[30,534],[31,522],[30,409],[111,648],[21,613],[-425,455],[-253,375],[-131,693],[-132,272],[-202,409],[-202,330],[-263,363],[-192,227],[-344,364],[-324,625],[-263,647],[-323,353],[-233,193],[-303,318],[-223,375],[-273,534],[-101,409],[-121,545],[-212,682],[-203,659],[-101,352],[-455,375],[-364,136],[-414,159],[-395,182],[-435,216],[-707,329],[-344,159],[-566,250],[-405,227],[-516,284],[-374,239],[-394,273],[-314,227],[-566,318],[-334,170],[-394,216],[-485,216],[-556,273],[-364,170],[-466,193],[-394,137],[-536,227],[-313,261],[-283,421],[-344,477],[-283,261],[-395,341],[-344,318],[-313,182],[-293,511],[-142,432],[-303,511],[-354,545],[-182,330],[-132,488],[-273,455],[-232,261],[-435,295],[-506,353],[-263,204],[-374,545],[-313,262],[-202,193],[-374,454],[-213,466],[-10,364],[-111,397],[-213,364],[-182,261],[-293,386],[-71,500],[273,489],[102,431],[40,307],[71,466],[172,307],[344,204],[465,296],[263,193],[30,591],[-51,499],[-81,319],[-333,409],[-304,238],[-70,693],[0,318],[-112,489],[81,341],[273,499],[182,364],[364,318],[283,250],[213,398],[131,250],[192,568],[-111,420],[-131,386],[81,375],[182,568],[111,455],[81,318],[-91,500],[-132,329],[263,398],[182,238],[182,353],[-192,624],[-131,580],[20,454],[-152,591],[-60,284],[-41,636],[-172,580],[-111,488],[162,318],[212,352],[425,91],[232,455],[-182,295],[-50,477],[465,193],[303,-79],[385,307],[0,613],[-91,398],[-193,556],[253,432],[455,148],[597,227],[566,-113],[506,261],[252,238],[476,103],[455,340],[232,228],[364,363],[557,364],[404,-102],[536,238],[162,443],[121,330],[233,386],[-61,352],[-233,364],[-111,352],[51,409],[546,45],[566,-79],[394,-114],[233,-307],[364,-431],[334,45],[465,-23],[162,637],[-506,261],[61,557],[394,340],[283,57],[465,-136],[425,91],[222,443],[71,466],[162,238],[465,137],[374,238],[344,375],[172,295],[152,421],[546,147],[303,239],[192,318],[364,375],[31,534],[606,193],[283,-216],[344,-295],[273,-114],[395,148],[182,239],[293,431],[364,12],[607,193],[394,466],[233,329],[465,330],[222,-228],[364,-91],[496,-22],[343,-12],[476,148],[556,318],[323,250],[375,-68],[424,420],[-30,648],[-212,443],[10,579],[192,284],[414,216],[243,307],[-334,591],[-424,-34],[-162,511],[50,409],[-60,363],[-51,387],[395,545],[465,205],[232,102],[273,363],[203,489],[50,432],[10,420],[172,454],[273,125],[435,-45],[364,-102],[293,-80],[475,239],[71,454],[-81,648],[-111,488],[374,500],[374,34],[486,-318],[141,-443],[415,-409],[313,-91],[435,23],[344,386],[-152,364],[-273,261],[-121,488],[182,353],[566,284],[546,56],[374,57],[273,-22],[405,-46],[526,-159],[404,11],[384,273],[243,205],[415,352],[475,329],[384,193],[516,239],[334,182],[455,216],[596,193],[587,-34],[384,-216],[334,-193],[283,-205],[344,-272],[354,-239],[303,-216],[344,-273],[273,-147],[414,-12],[314,46],[344,227],[161,227],[152,466],[121,557],[243,1692],[71,671],[30,670],[30,727],[11,307],[202,523],[273,272],[71,659],[141,489],[253,340],[162,307],[101,386],[404,205],[496,91],[485,341],[314,375],[475,375],[394,238],[354,148],[577,227],[525,204],[445,160],[465,329],[112,398],[-51,488],[-50,511],[252,591],[587,91],[374,-23],[344,330],[222,375],[223,397],[162,318],[252,387],[496,193],[516,79],[596,91],[698,80],[334,68],[465,329],[222,239],[506,545],[60,80],[435,522],[253,307],[202,352],[142,307],[20,420],[-152,534],[61,648],[415,318],[262,182],[365,307],[182,181],[283,330],[202,216],[414,136],[567,91],[475,159],[273,284],[-30,591],[-132,363],[-162,466],[-10,364],[71,431],[111,568],[81,398],[213,545],[445,171],[313,-125],[597,-171],[384,0],[596,228],[324,363],[364,148],[303,-68],[334,-148],[324,-159],[323,-125],[455,205],[-10,465],[51,523],[0,329],[-10,387],[0,363],[182,432],[475,182],[384,-68],[263,-57],[435,11],[313,182],[405,0],[273,68],[364,182],[566,216],[425,443],[131,375],[364,363],[293,102],[506,125],[384,57],[526,-125],[384,-57],[546,250],[243,421],[253,386],[293,91],[455,11],[536,-261],[415,-23],[556,80],[344,295],[263,273],[374,238],[364,-68],[455,-318],[141,-682],[132,-409],[162,-238],[546,-216],[485,216],[61,409],[-41,329],[-222,432],[172,432],[222,170],[415,-34],[343,-148],[445,-318],[122,-375],[253,-431],[434,-12],[304,-136],[465,-295],[404,500],[51,386],[303,272],[334,512],[324,613],[434,182],[364,-68],[455,102],[648,216],[394,113],[283,103],[526,170],[425,159],[505,205],[374,170],[415,182],[192,488],[40,307],[162,545],[122,398],[252,580],[122,420],[-21,488],[-10,387],[203,659],[151,397],[263,546],[374,568],[486,181],[536,12],[394,11],[465,364],[202,306],[243,364],[364,534],[334,250],[596,-114],[435,-431],[283,-375],[435,-375],[374,159],[526,182],[526,45],[425,45],[323,-363],[374,-250],[607,-80],[465,353],[-232,613],[-445,170],[-375,500],[-374,557],[314,284],[394,534],[71,511],[-91,296],[243,500],[242,238],[71,420],[51,307],[354,341],[616,0],[445,432],[31,556],[546,216],[283,466],[-91,284],[-10,727],[273,193],[313,341],[263,602],[-354,432],[-192,227],[-182,455],[0,431],[546,-11],[415,-193],[404,-239],[445,409],[-172,432],[-435,477],[-384,171],[-303,204],[151,614],[273,386],[-70,454],[-243,341],[-243,568],[324,500],[212,511],[192,262],[152,545],[71,409],[-142,352],[-354,307],[-182,534],[-303,170],[-384,-250],[-445,489],[-61,352],[-71,534],[10,363],[-10,625],[-525,284],[-284,-375],[-465,228],[-344,295],[-171,227],[222,625],[40,511],[-91,341],[-111,375],[-30,534],[414,284],[273,159],[344,284],[192,182],[243,454],[-50,625],[-162,375],[-263,307],[-405,318],[-445,307],[-262,227],[-61,545],[40,489],[-576,477],[-314,193],[-546,182],[-626,113],[-294,387],[-111,409],[-192,443],[-233,420],[-232,318],[-384,489],[-263,466],[-21,363],[152,352],[394,580],[162,295],[202,455],[273,624],[102,330],[202,613],[111,364],[334,398],[172,488],[20,443],[30,489],[31,693],[10,409],[111,522],[263,580],[242,420],[152,227],[364,227],[374,432],[-273,421],[-273,284],[-222,386],[-20,341],[202,500],[526,249],[172,432],[171,625],[-131,454],[-344,489],[-404,568],[-41,636],[-172,409],[-182,205],[-283,431],[-242,353],[-172,295],[-374,454],[-243,603],[-111,443],[-263,590],[-243,364],[-202,295],[-223,364],[-161,375],[-365,295],[-161,262],[-41,443],[-10,352],[-71,545],[10,432],[172,386],[334,273],[314,45],[404,46],[243,193],[424,34],[334,148],[516,272],[465,421],[222,602],[193,306],[121,478],[283,602],[91,250],[152,500],[20,329],[-152,477],[-212,398],[-142,409],[-91,522],[-30,364],[10,557],[51,420],[475,477],[586,284],[-30,534],[152,409],[364,466],[20,557],[-334,454],[-384,261],[-263,341],[-172,341],[-162,386],[-121,296],[-232,318],[-274,182],[-283,488],[-131,409],[-101,284],[-162,500],[-40,363],[10,375],[111,500],[404,568],[243,284],[465,432],[273,261],[556,250],[385,34],[384,-136],[232,-182],[567,-261],[495,-91],[536,-45],[465,113],[354,68],[405,57],[424,68],[647,0],[536,-22],[931,0],[617,-34],[495,68],[293,91],[475,272],[597,432],[405,170],[374,171],[424,68],[344,-45],[486,-125],[1102,-478],[930,-465],[253,-125],[374,-284],[394,-364],[374,-443],[233,-398],[374,-534],[314,-579],[263,-477],[252,-477],[203,-409],[263,-432],[323,-420],[344,-489],[364,-454],[232,-318],[334,-398],[263,-330],[324,-340],[374,-375],[778,-591],[455,-443],[395,-386],[232,-239],[223,-329],[253,-534],[172,-534],[141,-353],[172,-374],[243,-500],[192,-296],[354,-500],[162,-215],[293,-398],[222,-330],[445,-522],[445,-477],[132,-125],[485,-466],[445,-432],[859,-954],[465,-523],[739,-852],[616,-806],[486,-648],[273,-466],[263,-431],[354,-512],[495,-602],[415,-375],[455,-375],[404,-147],[486,-91],[637,34],[606,91],[769,159],[1011,170],[1759,273],[1730,250],[1375,227],[1163,136],[1769,307],[920,216],[941,398],[667,420],[829,488],[637,262],[587,113],[505,0],[506,-68],[920,-193],[1072,-409],[799,-375],[1001,-307],[1628,-284],[677,-68],[951,-113],[1244,-80],[1183,-91],[1395,0]],[[833528,500937],[-1325,-1795],[-657,-852],[-880,-1250],[-343,-489],[-294,-443],[-333,-454],[-284,-170],[-495,-23],[-354,45],[-303,46],[-405,-239],[-81,-398],[0,-715],[152,-500],[182,-477],[0,-318],[-30,-580],[60,-352],[-60,-557],[212,-204],[253,-318],[91,-546],[-61,-250],[-354,-374],[-151,-398],[-536,-159],[-516,-398],[-131,-409],[-122,-420],[-141,-523],[-415,-488],[-415,-568],[-343,-443],[-445,-205],[-263,-45],[-415,-23],[-576,0],[-324,23],[-435,11],[-637,57],[-323,45],[-324,-102],[-374,-216],[-455,-136],[-475,-466],[192,-886],[152,-614],[111,-465],[101,-364],[222,-363],[51,-637],[-101,-602],[-314,-352],[152,-443],[71,-545],[-81,-387],[-142,-693],[-50,-443],[-10,-466],[131,-658],[51,-330],[192,-488],[414,-35],[51,-568],[-283,-352],[-354,-272],[-425,-228],[-374,-272],[-212,-193],[-192,-387],[101,-352],[30,-579],[-81,-409],[-40,-318],[111,-523],[131,-261],[304,-568],[-152,-523],[-81,-398],[-91,-579],[-71,-534],[-80,-454],[-162,-443],[-61,-546],[51,-261],[101,-466],[0,-488],[-81,-375],[-253,-409],[-283,-193],[-253,-330],[-202,-409],[-324,-602],[-242,-432],[-51,-409],[20,-511],[61,-613],[91,-773],[-61,-534],[-232,-818],[-101,-466],[-61,-318],[-20,-500],[-20,-454],[-142,-625],[-142,-284],[-242,-409],[-324,-364],[-111,-318],[-111,-602],[-253,-363],[-172,-296],[-71,-647],[101,-409],[182,-318],[-20,-432],[-293,-352],[-253,-455],[-50,-659],[70,-681],[273,-398],[61,-398],[-162,-579],[-121,-466],[-132,-477],[-111,-534],[-212,-500],[-364,-295],[-536,-398],[-314,-284],[-475,-466],[-414,-488],[-375,-250],[-323,-239],[-162,-511],[-40,-443],[-334,-375],[-202,-193],[-162,-466],[71,-375],[50,-591],[526,-295],[415,-375],[10,-625],[10,-613],[10,-500],[0,-307],[-51,-681],[0,-546],[193,-625],[30,-704],[-263,-568],[-172,-375],[-182,-364],[-172,-340],[-202,-659],[-91,-398],[-152,-420],[-404,-489],[-577,34],[-364,-329],[-394,-205],[-394,-341],[-253,-295],[-354,-238],[-142,-444],[213,-454],[-91,-432],[-61,-545],[-111,-670],[20,-705],[212,-477],[516,-227],[334,-159],[435,-375],[485,-466],[263,-386],[152,-318],[50,-398],[-61,-545],[-50,-398],[20,-443],[61,-295],[20,-489],[10,-556],[51,-716],[141,-386],[142,-296],[303,-386],[334,-318],[435,-352],[263,-512],[20,-613],[60,-409],[243,-557],[384,-522],[425,-91],[506,113],[576,-34],[253,-443],[152,-363],[222,-364],[364,-386],[293,-432],[213,-273],[303,-375],[40,-409],[-343,-545],[131,-568],[212,-284],[273,-341],[385,-272],[-41,-398],[-131,-352],[101,-671],[243,-499],[232,-648],[10,-534],[-71,-523],[51,-329],[-303,-386],[-192,-398],[-233,-352],[-496,-80],[-111,-534],[223,-329],[344,-273],[40,-375],[212,-329],[374,-136],[435,-159],[344,136],[334,273],[333,56],[385,-227],[394,11],[647,0],[384,262],[273,79],[334,216],[526,318],[313,-272],[172,-273],[-60,-489],[-243,-670],[-192,-216],[-344,-579],[-152,-534],[182,-307],[324,-307],[495,-409],[253,-488],[41,-545],[-31,-296],[-30,-500],[-71,-500],[-91,-443],[-162,-318],[-444,-11],[-375,57],[-445,-12],[-525,-102],[-314,-193],[-273,-307],[-546,-329],[-445,-57],[-283,-68],[-667,-239],[-587,-193],[-384,-159],[-465,-284],[-233,-193],[-344,-273],[-343,-227],[-597,-80],[-556,-11],[-263,-159],[-303,-261],[-253,-262],[-324,-136],[-414,46],[-465,329],[-455,386],[-304,318],[-354,500],[-192,330],[-313,545],[-294,568],[-171,443],[-112,296],[-91,420],[20,329],[162,466],[142,432],[-152,488],[-354,69],[-505,-171],[-354,-329],[-243,-284],[-263,-387],[-283,-579],[-182,-398],[-273,-465],[-303,-194],[-557,-22],[-374,45],[-414,91],[-283,57],[-354,34],[-759,11],[-384,34],[-334,69],[-303,79],[-354,136],[-516,91],[-424,-79],[-435,-364],[-576,-261],[-506,170],[20,500],[152,364],[202,386],[30,579],[-182,421],[-212,466],[-202,352],[-334,375],[-293,261],[-273,148],[-384,-114],[-233,-239],[-273,-340],[-344,-637],[-172,-261],[-445,-250],[-455,125],[-465,500],[-273,557],[10,443],[112,307],[262,522],[172,330],[142,431],[-30,693],[-172,523],[-243,204],[-374,160],[-526,397],[-455,193],[-344,23],[-354,-68],[-303,-330],[-172,-647],[-313,-591],[-162,-443],[-172,-386],[-384,-534],[-455,-341],[-253,-136],[-415,-137],[-404,-125],[-465,-136],[-425,-239],[-566,-238],[-435,-80],[-536,80],[-364,79],[-597,91],[-394,91],[-617,148],[-263,136],[-495,205],[-415,193],[-455,170],[-364,102],[-323,-465],[232,-432],[202,-409],[263,-636],[71,-477],[-202,-421],[-263,-216],[-324,-102],[-485,182],[-212,227],[-273,386],[-445,489],[-567,-46],[-374,-363],[-293,-568],[-374,-341],[-475,-420],[-354,-318],[-91,-648],[384,-386],[243,-171],[303,-204],[354,-409],[182,-409],[-20,-489],[-41,-613],[132,-341],[111,-398],[-202,-670],[-476,0],[-445,-170],[-313,-250],[-324,-273],[-394,-341],[-394,-284],[-223,-102],[-394,-171],[-364,-249],[20,-682],[425,-261],[323,-284],[81,-398],[-273,-443],[-232,-193],[-465,-296],[-344,-227],[-405,-420],[-485,-421],[-202,-306],[111,-546],[556,-272],[506,238],[313,-261],[121,-341],[41,-454],[10,-409],[-81,-375],[-374,-262],[-293,-579],[-21,-409],[253,-284],[465,-159],[253,-204],[152,-364],[-293,-375],[-263,-23],[-374,193],[-395,-249],[-10,-546],[41,-409],[-193,-488],[-222,-341],[-202,-284],[-81,-421],[-51,-284],[-293,-329],[-303,-170],[-465,68],[-253,-102],[-233,-512],[71,-613],[40,-375],[172,-364],[-10,-590],[-253,-148],[51,-386],[-61,-364],[-91,-386],[-202,-409],[-202,-557],[-182,-352],[20,-557],[263,-341],[263,-170],[364,-352],[253,-534],[-91,-386],[91,-387],[121,-329],[192,-330],[0,-534],[-243,-636],[-111,-647],[-344,-341],[-293,-125],[-576,0],[-334,-80],[-354,-284],[-263,-500],[324,-363],[546,-23],[495,57],[577,216],[414,204],[506,103],[445,22],[152,409],[-233,341],[344,568],[475,68],[415,68],[455,500],[242,409],[192,250],[587,-91],[51,-329],[-31,-455],[-10,-284],[-50,-568],[-11,-613],[-10,-364],[-273,-488],[-212,-239],[-121,-386],[333,-489],[253,-545],[-40,-329],[-122,-477],[-121,-534],[-121,-591],[40,-625],[405,-57],[343,23],[385,-91],[495,-68],[152,329],[-172,614],[0,375],[30,636],[-162,352],[243,500],[516,-57],[313,-307],[435,-397],[506,-137],[384,-22],[263,-455],[-172,-591],[334,-386],[616,-34],[314,-375],[50,-261],[-161,-477],[-455,79],[-354,-57],[-213,-295],[-60,-522],[151,-398],[263,-182],[486,-238],[70,-591],[-182,-500],[61,-432],[-51,-534],[-475,-307],[-212,-318],[-425,-284],[-313,0],[-476,103],[-303,-409],[81,-648],[51,-386],[80,-489],[203,-568],[242,-488],[10,-455],[-515,-250],[-324,-204],[-384,-273],[-212,-227],[-324,-545],[-404,-750],[-182,-227],[-516,-216],[-71,-648],[-61,-534],[-81,-557],[-91,-590],[-60,-364],[-122,-1159],[-485,-79],[-192,-68],[-91,-671],[-152,-1215],[-70,-57],[-981,216],[-51,11],[-596,125],[-172,34],[-597,125],[-81,-397],[-10,-512],[152,-625],[273,-272],[-162,-511],[-243,-830],[-323,-579],[-172,-409],[-283,-625],[-213,-489],[-172,-318],[-81,-534],[193,-409],[384,-420],[435,-239],[232,-443],[-91,-386],[314,-443],[313,-364],[425,-386],[414,-329],[132,-284],[627,-80],[334,159],[323,-397],[202,-250],[364,-171],[283,-45],[294,-330],[313,-431],[243,-330],[455,-250],[283,-420],[91,-466],[465,-364],[314,-159],[424,-193],[233,-590],[91,-375],[435,-205],[505,-352],[41,-591],[151,-386],[334,-330],[263,-409],[-192,-420],[324,-341],[262,-545],[21,-420],[212,-284],[212,-659],[101,-500],[152,-500],[91,-352],[212,-568],[233,-353],[71,-590],[141,-671],[243,-465],[405,-398],[111,-420],[333,-375],[284,-273],[283,-261],[91,-602],[20,-466],[233,-432],[111,-488],[232,-375],[172,-250],[324,-227],[293,-205],[384,-295],[324,-330],[323,-227],[182,-591],[425,-386],[405,-250],[434,57],[213,-421],[303,-181],[334,-387],[323,-284],[466,-375],[485,-374],[334,-500],[293,-69],[404,-204],[31,-614],[172,-408],[151,-534],[223,-205],[374,-193],[131,-318],[112,-477],[262,-193],[31,-580],[293,-273],[455,-170],[314,159],[293,261],[576,-204],[283,-636],[-161,-318],[-263,-500],[-273,-466],[-223,-364],[-162,-227],[-182,-477],[-20,-330],[-40,-533],[-51,-489],[-283,-454],[-374,-387],[-263,-284],[-223,-261],[-333,-318],[-304,-443],[-192,-864],[-121,-659],[-152,-738],[-71,-307],[-91,-409],[-131,-681],[-101,-603],[-41,-454],[81,-454],[112,-273],[131,-432],[81,-409],[81,-545],[20,-386],[-71,-568],[-263,-364],[-232,-193],[-283,-307],[-172,-204],[-435,-523],[-303,-466],[-213,-352],[-151,-261],[-294,-534],[-121,-364],[-51,-636],[-40,-454],[-101,-546],[-111,-386],[-162,-511],[-223,-671],[-161,-579],[-122,-466],[-182,-636],[-111,-409],[-142,-511],[-70,-341],[-182,-613],[-132,-409],[-131,-387],[-152,-341],[-202,-431],[-71,-375],[10,-568],[30,-432],[61,-534],[111,-363],[324,-341],[263,-250],[435,-466],[343,-477],[253,-193],[334,-228],[253,-102],[566,-295],[313,-364],[253,-306],[253,-319],[283,-397],[243,-455],[202,-386],[263,-477],[344,-602],[263,-477],[182,-341],[141,-284],[253,-466],[253,-545],[243,-500],[222,-534],[101,-307],[101,-477],[-70,-534],[-112,-318],[-151,-364],[-263,-568],[-213,-454],[-263,-580],[-252,-568],[-192,-409],[-142,-306],[-243,-478],[-151,-295],[-253,-500],[-192,-329],[-253,-466],[-233,-307],[-20,-420],[192,-682],[607,-79],[556,-193],[111,-478],[587,-102],[263,114],[414,193],[597,-23],[81,-466],[475,-477],[334,-272],[495,-262],[344,159],[404,409],[324,-22],[425,-534],[455,-262],[293,-45],[324,-159],[434,307],[597,68],[455,-466],[425,-273],[344,-57],[384,-56],[627,0],[364,-478],[495,-340],[415,-91],[354,-205],[495,-238],[475,-159],[476,-318],[263,-478],[445,91],[525,148],[597,182],[526,0],[232,-352],[486,386],[445,0],[293,182],[455,159],[435,-239],[151,-341],[304,-295],[384,-364],[142,-352],[20,-500],[-192,-363],[263,-557],[455,-239],[242,-386],[334,-398],[374,-238],[314,-239],[202,-375],[303,-295],[142,-352],[374,-477],[-30,-398],[-91,-375],[-21,-511],[81,-523],[486,-261],[30,-716],[202,-477],[-40,-704],[-263,-500],[-324,-670],[283,-421],[213,-136],[303,-318],[273,-489],[71,-329],[364,-307],[323,-227],[11,-500],[20,-614],[0,-443],[-395,-329],[-414,-523],[-71,-545],[-111,-716],[-101,-591],[-162,-772],[-192,-682],[-101,-466],[-142,-511],[-141,-466],[-122,-431],[-162,-421],[-111,-375],[-30,-340],[-71,-580],[-71,-397],[-60,-432],[-142,-682],[-303,-591],[-213,-352],[-192,-306],[-222,-319],[-334,-329],[61,-602],[71,-352],[161,-727],[81,-307],[51,-523],[10,-329],[0,-432],[131,-557],[132,-352],[71,-420],[-71,-489],[-122,-341],[-131,-499],[-20,-444],[-10,-465],[-31,-568],[-10,-421],[20,-522],[-50,-557],[-81,-364],[-51,-386],[-50,-466],[-51,-500],[-111,-602],[-81,-386],[-61,-591],[-30,-284],[-50,-443],[-61,-704],[20,-352],[41,-648],[20,-466],[101,-704],[61,-511],[70,-659],[61,-341],[0,-500],[-61,-557],[-70,-443],[-193,-613],[-80,-500],[-81,-579],[10,-262],[50,-488],[51,-614],[40,-466],[-131,-647],[-182,-364],[-243,-545],[-172,-432],[-242,-647],[-162,-512],[-121,-340],[-172,-432],[-152,-602],[10,-421],[-10,-386],[30,-477],[142,-648],[101,-386],[81,-318],[30,-432],[51,-602],[-172,-636],[-243,-432],[-162,-363],[-50,-398],[-51,-352],[-71,-375],[-40,-579],[-81,-421],[-232,-647],[-102,-353],[-80,-499],[30,-307],[192,-421],[324,-499],[182,-398],[111,-784],[50,-466],[-81,-443],[-202,-284],[-263,-318],[-364,-227],[-333,-205],[-152,-488],[-81,-352],[10,-546],[20,-511],[41,-500],[30,-318],[61,-420],[71,-466],[0,-455],[-101,-693],[-152,-420],[-122,-375],[-131,-443],[-131,-352],[-162,-330],[-162,-397],[-30,-352],[10,-557],[-142,-636],[-242,-387],[-324,-533],[-162,-364],[-172,-318],[-192,-409],[-61,-420],[-141,-500],[-283,-512],[-233,-295],[-293,-364],[-223,-261],[-343,-397],[-263,-375],[-223,-250],[-313,-182],[101,-602],[374,-91],[344,-409],[313,-239],[607,-136],[132,-523],[465,-261],[424,-204],[213,-284],[465,170],[303,409],[597,170],[435,-204],[394,-352],[324,-284],[-425,-1205],[-223,-647],[-303,-829],[-243,-512],[-151,-329],[-314,-534],[-101,-386],[0,-353],[41,-454],[10,-409],[-172,-386],[-233,-364],[-222,-170],[-132,-614],[-50,-545],[-71,-579],[-132,-943],[-131,-693],[-142,-818],[-131,-739],[-51,-341],[364,-329],[375,-182],[172,-534],[-547,-807],[-262,-329],[-284,-341],[193,-420],[374,-352],[253,-512],[-375,-749],[-161,-330],[-233,-261],[-313,-387],[-314,-499],[30,-546],[253,-284],[354,-227],[111,-545],[61,-421],[131,-284],[51,-659],[-71,-386],[314,-375],[263,-147],[-91,-591],[-435,147],[-263,-352],[91,-454],[243,-580],[-102,-602],[-303,-590],[71,-421],[-121,-307],[70,-488],[-475,-250],[-374,-227],[-81,-466],[-354,-511],[91,-500],[415,-227],[364,215],[606,12],[314,-273],[-10,-716],[50,-579],[546,-193],[-91,-534],[81,-591],[-10,-488],[273,-500],[142,-659],[-253,-591],[-222,-659],[293,-500],[263,-238],[-283,-523],[-405,-227],[-364,-114],[172,-625],[495,-443],[81,-511],[455,-159],[617,193],[496,46],[-21,-637],[31,-568],[-202,-420],[121,-625],[30,-397],[344,-364],[404,-420],[-80,-398],[-182,-273],[-11,-556],[304,-625],[303,250],[374,341],[314,-523],[-142,-364],[-141,-522],[161,-455],[102,-681],[-445,-148],[-41,-716],[-101,-636],[111,-375],[354,-352],[435,-477],[-293,-386],[-132,-319],[-333,-329],[-31,-295],[10,-432],[243,-500],[192,-648],[475,-215],[112,-659],[-506,-182],[-81,-307],[384,-477],[-20,-591],[-384,-318],[-172,-261],[-202,-193],[61,-591],[495,-57],[475,-23],[-10,-681],[-344,-477],[-172,-194],[-30,-590],[475,-34],[476,56],[182,-250],[354,-477],[-31,-443],[526,-386],[263,-182],[-51,-545],[-232,-364],[-324,-397],[101,-318],[162,-387],[132,-386],[121,-557],[30,-397],[-40,-375],[-233,-409],[-495,-455],[-283,-431],[283,-603],[172,-602],[384,-488],[-81,-489],[-172,-341],[-91,-647],[132,-500],[101,-295],[323,-432],[-111,-523],[-324,-579],[-252,-261],[-71,-466],[101,-421],[-182,-568],[334,-613],[202,-591],[485,-102],[455,-352],[-161,-455],[161,-363],[455,11],[0,-647],[-161,-398],[-11,-500],[445,-466],[526,-375],[314,-341],[354,-556],[70,-546],[-131,-431],[91,-614],[-303,-431],[-324,0],[-273,-296],[-30,-409],[-284,-409],[-182,-681],[31,-466],[303,-193],[415,-409],[495,-568],[344,-387],[131,-272],[71,-443],[-131,-387],[-10,-454],[101,-352],[71,-534],[-203,-512],[-172,-590],[-20,-409],[-354,-477],[-354,-205],[-10,-636],[41,-602],[-415,-114],[-465,-398],[-30,-499],[141,-478],[243,-499],[0,-546],[131,-375],[-182,-659],[-374,-284],[-60,-715],[-172,-387],[-192,-352],[-395,-295],[-263,125],[-344,-489],[132,-420],[283,-386],[-162,-432],[425,-261],[172,-466],[-405,-523],[-364,-204],[-192,-318],[-323,-466],[-294,-477],[162,-353],[51,-420],[-253,-591],[-71,-420],[-30,-330],[-273,-454],[10,-488],[-192,-307],[-132,-511],[-141,-512],[-354,-238],[-364,-46],[-526,-170],[-233,-125],[-192,-477],[-333,-103],[-536,-22],[-486,-23],[-404,-148],[-506,-295],[-70,-420],[-61,-557],[-61,-466],[-273,-170],[-273,-523],[61,-398],[141,-431],[243,-443],[566,-330],[546,-113],[192,-284],[294,-432],[162,-455],[-122,-568],[-404,-499],[-334,-125],[-303,-478],[-273,-329],[-182,-466],[131,-318],[162,-386],[-132,-341],[-182,-557],[21,-556],[-21,-432],[11,-307],[151,-500],[213,-352],[80,-295],[21,-602],[-223,-330],[-101,-602],[-293,-318],[-122,-318],[-404,-250],[-303,-364],[-182,-363],[-192,-353],[-223,-545],[-71,-500],[-151,-272],[-31,-659],[172,-364],[-131,-602],[-455,-23],[-122,-500],[21,-374],[40,-705],[30,-454],[21,-614],[30,-477],[30,-466],[-10,-806],[-20,-557],[-41,-739],[61,-215],[809,-114],[263,-193],[283,-318],[374,-511],[172,-455],[324,-534],[162,-545],[161,-375],[132,-443],[323,-182],[294,-386],[171,-307],[213,-488],[10,-625],[253,-341],[182,-489],[242,-306],[223,-273],[263,-477],[232,-614],[192,-659],[41,-534],[-142,-295],[-495,-420],[-405,-182],[0,-409],[41,-489],[111,-340],[334,-239],[273,-386],[-415,-341],[-263,170],[-485,-45],[-303,-102],[-334,-228],[-233,-181],[-333,-307],[-516,-398],[-394,-454],[-587,11],[-334,-159],[-404,-352],[-223,-375],[-192,-386],[-232,-273],[-364,-216],[-374,-113],[-597,-91],[-324,-228],[-91,-465],[-30,-523],[-222,-363],[-273,-523],[-263,-330],[-213,-238],[-404,-80],[-384,0],[-375,23],[-657,0],[-505,23],[-1082,102],[-455,11],[-496,-102],[-253,-159],[-455,-102],[-1425,102],[-931,91],[-1415,193],[-223,-193],[-202,-398],[-374,-352],[-536,261],[-536,250],[-627,23],[-495,-45],[-597,-193],[-283,-228],[-506,-443],[-475,-409],[-293,352],[-263,478],[-182,329],[-475,-79],[-547,102],[-283,-273],[-50,-363],[-304,-387],[-505,-363],[-475,-205],[-132,-420],[-172,-352],[-515,-284],[-152,-455],[-425,-397],[-425,113],[-394,34],[-516,-79],[-354,-137],[-465,-90],[-586,-125],[-172,-375],[-405,-228],[-293,-249],[-435,-375],[-343,-125],[-324,-228],[-415,-340],[-293,-148],[-384,-23],[-445,68],[-131,-556],[-112,-398],[-202,-273],[-162,-375],[-50,-443],[-132,-443],[-20,-431],[-121,-603],[-162,-488],[71,-409],[151,-454],[-10,-330],[61,-432],[51,-500],[262,-329],[162,-227],[435,-352],[374,-455],[395,-273],[313,-613],[303,-443],[253,-352],[142,-398],[344,-466],[101,-454],[60,-364],[283,-488],[-10,-386],[385,-500],[182,-364],[283,-557],[71,-522],[40,-546],[-71,-420],[-141,-511],[-152,-409],[-152,-602],[101,-625],[213,-489],[-51,-409],[-253,-636],[41,-375],[20,-375],[162,-340],[202,-512],[314,-113],[384,-12],[354,-147],[485,-182],[233,-125],[384,-466],[576,-34],[334,68],[233,-443],[171,-432],[-192,-306],[-475,181],[-435,-56],[-182,-284],[-283,-228],[-435,34],[-596,-125],[-263,296],[-213,500],[-151,386],[-152,307],[-526,182],[-536,-250],[-495,204],[-566,114],[-364,34],[-526,79],[-344,-45],[-283,-159],[-384,-307],[-304,-79],[-394,-250],[-374,34],[-465,-23],[-364,454],[-435,216],[-506,137],[-243,-580],[-485,-113],[-293,363],[-425,-102],[-546,-182],[-425,68],[-262,-375],[-456,-45],[-364,34],[-384,-250],[-313,-114],[-293,-272],[-496,34],[-334,-239],[-505,-306],[-162,-500],[-617,-716],[-425,-489],[-283,-238],[-677,-375],[-647,-227],[-314,-205],[-435,523],[-313,341],[-283,363],[-283,91],[-425,-23],[-415,114],[-202,409],[-384,23],[-435,341],[-485,34],[-203,-409],[-424,0],[-314,159],[-475,227],[-455,-23],[-142,-568],[-232,-284],[-71,-511],[-40,-534],[-1072,-807],[-607,-91],[-394,-11],[-263,591],[172,613],[20,284],[-182,546],[-51,375],[-212,511],[-283,511],[-263,636],[-202,534],[-202,193],[-51,318],[10,500],[-303,546],[-283,329],[-284,295],[-242,284],[-182,455],[10,670],[-41,648],[71,443],[41,284],[-172,432],[60,511],[142,454],[10,262],[-394,897],[-435,239],[-283,500],[-81,159],[-223,534],[-80,261],[-81,557],[20,420],[20,500],[81,579],[-61,409],[-131,386],[-253,307],[-374,284],[-354,477],[-243,194],[-263,306],[-262,284],[-405,159],[-324,103],[-434,-182],[-385,-205],[-576,137],[-202,227],[-192,432],[-142,397],[-202,273],[-314,500],[51,375],[-71,590],[-455,239],[-303,170],[-829,466],[-840,375],[-343,159],[-304,-522],[-354,-796],[-596,-56],[-263,79],[-344,239],[-313,-23],[-486,-307],[-485,91],[-465,364],[-637,68],[-375,397],[-242,500],[-334,239],[-293,363],[-486,432],[-434,330],[-101,397],[-132,455],[-283,545],[-162,477],[-202,477],[-71,352],[-283,273],[233,545],[111,398],[283,568],[-132,341],[-91,568],[-151,250],[-304,341],[-60,602],[-81,523],[-81,693],[324,397],[-152,500],[-233,330],[-161,511],[-162,261],[-283,466],[-122,227],[-242,398],[-223,181],[-202,432],[-20,352],[-21,534],[-121,273],[-152,738],[-80,307],[-162,386],[-172,239],[-61,557],[61,431],[-415,444],[-273,272],[-101,455],[-404,511],[-21,329],[-252,318],[-91,307],[-385,341],[-343,227],[-253,432],[-101,545],[222,375],[-30,659],[81,409],[60,330],[-40,420],[20,568],[-394,216],[-122,500],[11,579],[-81,455],[10,363],[20,545],[142,580],[131,420],[162,421],[10,534],[131,397],[-91,511],[-141,284],[-253,455],[111,432],[293,534],[21,465],[30,682],[202,534],[-313,261],[-243,250],[-243,352],[-354,500],[-313,12],[-344,79],[-333,91],[-81,489],[-182,545],[-415,11],[-485,-363],[-324,125],[-344,-216],[-354,272],[41,375],[-132,409],[-151,341],[-263,534],[-324,171],[-283,181],[-495,80],[-203,454],[-91,318],[-384,182],[-404,125],[-1649,182],[-445,-23],[-869,-57],[-799,-79],[-1031,-46],[-1274,46],[-2043,125],[-314,-352],[-910,136],[-1567,227],[-1132,182],[-395,-34],[-182,-534],[-1587,148],[-213,-205],[-1537,341],[-414,170],[-587,80],[-526,-11],[-384,22],[-566,68],[-1032,12],[-1031,102],[-455,68],[-354,12],[-1759,-80],[-1022,-68],[-283,-46],[-667,-90],[-728,-103],[-698,-22],[-455,454],[81,295],[142,489],[404,1340],[142,432],[111,443],[121,602],[263,637],[-111,579],[435,454],[-253,500],[455,262],[212,375],[-40,340],[81,523],[515,352],[182,477],[31,602],[-71,364],[-354,295],[-374,284],[-51,319],[-161,374],[-81,319],[-41,397],[-172,307],[-222,307],[-395,147],[41,716],[101,295],[61,455],[202,409],[10,363],[222,671],[354,397],[253,409],[101,330],[10,636],[31,489],[283,363],[202,568],[-162,693],[-10,489],[354,477],[20,488],[112,398],[313,500],[344,159],[364,-80],[465,57],[192,455],[223,624],[384,-68],[505,432],[-202,534],[-364,568],[192,409],[31,364],[202,420],[212,523],[142,409],[81,602],[50,556],[-202,307],[-313,420],[50,648],[324,545],[333,148],[-40,534],[20,466],[-61,409],[-343,204],[-283,103],[-182,420],[-102,284],[-80,477],[-21,318],[71,602],[71,432],[101,364],[253,431],[-71,466],[61,295],[-51,444],[212,522],[324,261],[445,91],[-40,637],[-304,329],[-273,227],[-404,386],[-385,319],[-171,284],[91,443],[-193,420],[51,466],[-344,534],[-303,284],[-182,216],[-202,431],[40,387],[131,443],[-222,386],[61,625],[313,454],[263,318],[384,-79],[374,204],[233,216],[303,330],[405,386],[141,670],[91,659],[-161,352],[313,557],[334,57],[323,204],[465,375],[344,432],[435,68],[263,443],[-192,296],[384,397],[243,409],[-31,364],[-455,272],[-556,341],[172,421],[-71,318],[-444,454],[-456,386],[51,478],[364,340],[364,160],[30,409],[-273,431],[81,534],[-333,307],[-364,102],[-243,296],[-314,193],[-192,284],[-10,466],[132,295],[-324,1193],[-283,1147],[-293,1284],[-223,534],[-303,216],[0,693],[-20,443],[-476,250],[-252,227],[-162,557],[-31,272],[-10,500],[-323,500],[-405,91],[-212,114],[-374,181],[-243,250],[-293,296],[-334,-34],[-445,-34],[-566,91],[-142,579],[182,341],[172,568],[-20,272],[-121,591],[-152,705],[-192,556],[-364,557],[-172,466],[-101,397],[-263,1034],[-202,955],[-51,613],[-162,307],[-131,443],[172,273],[293,397],[-243,352],[-303,421],[-354,522],[-293,375],[-202,341],[-324,477],[-283,182],[-597,386],[-444,296],[-456,284],[-283,147],[-252,-306],[-415,11],[-364,261],[-607,-11],[-344,-273],[-414,182],[-374,205],[-486,34],[-414,45],[-587,-204],[-697,-239],[-324,-102],[-344,-91],[-293,-68],[-425,-91],[-404,-159],[-253,-34],[-900,363],[-900,341],[-1041,398],[-263,102],[-526,-148],[-81,-432],[-172,-511],[-91,-363],[-91,-398],[-111,-682],[-283,-431],[-1487,193],[-435,57],[-374,22],[-586,-45],[-142,-364],[0,-613],[-505,-91],[-587,34],[-192,-204],[-71,-455],[-91,-704],[-172,-591],[-121,-375],[-182,-682],[-212,-522],[-182,-477],[-385,-34],[-323,-12],[-293,591],[-284,341],[-263,193],[-475,136],[-344,557],[-262,557],[-203,306],[-192,307],[-40,421],[-152,284],[-334,352],[10,466],[-121,318],[-283,318],[-324,341],[-333,227],[-931,182],[-313,125],[-1052,284],[-313,147],[-617,80],[-273,227],[-435,159],[-485,-250],[-405,-68],[-283,91],[-364,159],[-344,295],[-576,80],[-384,-80],[-344,114],[-475,238],[-324,80],[-425,-454],[-404,-114],[-485,-57],[-435,-57],[-526,-11],[-485,-159],[-273,-193],[-516,-182],[-334,-193],[-475,363],[-172,341],[-475,262],[-344,22],[-475,125],[-71,432],[-71,454],[-121,580],[-202,806],[-172,659],[-112,353],[-303,533],[-273,455],[192,670],[324,205],[162,375],[-11,409],[-60,806],[-101,1295],[-10,625],[-31,352],[-81,648],[-131,716],[-121,636],[-172,1022],[81,523],[1082,227],[101,489],[-162,375],[-516,397],[-485,-68],[-384,-23],[-779,12],[-81,113],[61,671],[60,659],[41,829],[10,420],[-212,568],[-415,307],[-445,216],[-374,-23],[-485,205],[80,375],[51,352],[253,488],[273,250],[303,284],[142,682],[30,602],[10,602],[31,943],[293,455],[475,250],[415,136],[252,204],[-40,478],[-20,908],[0,409],[0,319],[-10,465],[131,659],[152,432],[374,829],[202,568],[61,546],[-10,341],[-41,647],[-50,625],[-10,693],[-435,352],[-658,80],[-283,79],[-798,148],[-718,193],[-273,432],[151,306],[122,375],[-31,693],[202,512],[284,624],[10,614],[-496,227],[-1061,511],[-981,466],[-1103,534],[-556,466],[-232,250],[-799,1113],[-1163,1466],[-445,488],[-445,296],[-344,79],[-839,137],[-1203,159],[-445,45],[-485,205],[-516,386],[-435,193],[-354,125],[-768,443],[-961,568],[-202,489],[-71,534],[-1042,465],[-667,239],[-364,159],[-455,386],[-243,387],[-323,420],[-385,329],[-424,296],[-718,602],[-577,443],[-364,273],[-202,250],[-303,443],[-273,227],[-405,284],[-313,159],[-425,114],[-485,397],[-233,375],[-424,420],[-354,216],[-465,148],[-385,45],[-627,23],[-596,0],[-435,-11],[-536,91],[-334,522],[-182,1193],[-161,636],[-304,500],[-728,523],[-222,363],[718,1091],[616,1170],[122,318],[414,432],[880,-329],[1800,-603],[506,216],[30,409],[354,284],[495,-102],[476,68],[171,227],[41,705],[-293,852],[-243,636],[-81,409],[-20,477],[-506,2261],[-141,466],[-223,148],[-1001,-103],[61,693],[182,818],[121,637],[-141,409],[-557,897],[-202,614],[31,761],[141,1420],[-131,307],[-546,45],[-142,11],[-1557,114],[-738,80],[-324,68],[-475,216],[-688,318],[-910,443],[-738,409],[-536,329],[-172,318],[41,432],[10,443],[-152,455],[-243,545],[-161,432],[-203,261],[-556,352],[-880,-170],[-242,-34],[-4106,-739],[-697,-125],[-13479,-2454],[-203,-204],[-293,-864],[-273,-306],[-657,-228],[-1911,-602],[-1123,-329],[-556,-171],[-698,-250],[-1597,-624],[-718,-273],[-101,-136],[-374,-1125],[-334,-1159],[91,-398],[-41,-568],[-212,-500],[-374,-874],[-465,-966],[-678,-1591],[-505,-1147],[-334,-761],[-384,-955],[-607,-125],[-586,103],[-233,-250],[-111,-648],[-253,-1352],[-455,-136],[-657,102],[-223,34],[-617,68],[-404,23],[-415,-34],[-596,-102],[-475,-80],[-1709,-56],[-2296,-103],[-1972,193],[-1253,205],[-1204,352],[-455,170],[-667,205],[-637,148],[-637,91],[-668,56],[-556,34],[-475,23],[-678,0],[-576,57],[-303,68],[-698,205],[-607,113],[-647,68],[-1092,23],[-748,46],[-718,102],[-475,57],[-668,147],[-354,57],[-606,80],[-536,34],[-425,68],[-405,125],[-606,68],[-364,-148],[-334,-170],[-344,-261],[-232,-239],[-344,-352],[-263,-261],[-243,-296],[-283,-420],[-445,-68],[-354,261],[-657,420],[-283,193],[-779,478],[-424,181],[-263,34],[-385,80],[-465,136],[-525,239],[-263,125],[-425,34],[-263,0],[-384,-34],[-607,-80],[-384,-45],[-314,-68],[-525,-137],[-395,148],[-334,57],[-434,23],[-304,45],[-384,23],[-465,295]],[[555918,199168],[202,648],[283,363],[223,523],[212,295],[314,477],[293,500],[313,375],[243,443],[101,955],[172,1511],[253,1829],[20,352],[-20,443],[30,386],[101,909],[202,1136],[172,807],[101,409],[132,375],[91,307],[81,409],[81,465],[-21,682],[-101,466],[-70,704],[151,648],[283,431],[102,523],[91,682],[20,431],[50,330],[0,397],[-70,603],[0,329],[101,625],[151,420],[273,489],[172,307],[364,170],[324,11],[546,262],[263,306],[394,-102],[506,-125],[-162,455],[-40,522],[-11,318],[91,1727],[11,443],[-41,1500],[-30,227],[-334,875],[-890,2579],[-364,397],[-687,625],[-344,341],[-374,250],[-557,216],[-505,238],[-536,228],[-536,295],[-192,114],[-394,238],[-233,103],[-394,125],[-526,181],[-435,171],[-516,363],[-273,307],[-384,352],[-243,193],[-394,432],[-344,307],[-789,681],[-465,432],[-313,318],[-202,193],[-334,284],[-182,228],[-142,522],[-172,659],[-131,375],[-212,432],[-203,250],[-455,443],[-283,272],[-465,228],[-475,147],[-263,103],[-496,159],[-414,68],[-354,34],[-425,11],[-273,-22],[-445,-35],[-273,46],[-586,193],[-536,91],[-607,91],[-647,91],[-667,91],[-718,125],[-718,113],[-486,80],[-313,11],[-374,23],[-344,45],[-364,80],[-334,102],[-384,114],[-313,68],[-466,-91],[-616,-136],[-607,-125],[-455,-80],[-486,-79],[-657,-57],[-526,-46],[-505,-125],[-556,-68],[-536,250],[-577,250],[-505,11],[-253,0],[-374,216],[-475,-147],[-425,-23],[-344,34],[-516,204],[-465,296],[-455,250],[-596,216],[-445,-91],[-445,-137],[-324,-11],[-485,0],[-354,-227],[-597,-46],[-222,171],[-243,352],[-485,170],[-516,69],[-455,465],[-212,262],[-425,227],[-576,125],[-334,466],[-202,329],[-465,375],[-324,102],[-293,91],[-455,216],[-344,204],[-253,91],[-435,159],[-495,239],[-283,193],[-283,409],[-203,171],[-313,295],[-263,216],[-344,102],[-293,0],[-354,148],[-303,91],[-415,11],[-283,102],[-354,239],[-475,307],[-364,215],[-223,171],[-404,363],[-273,250],[-506,205],[-283,148],[-354,-57],[-374,216],[-334,159],[-333,215],[-425,330],[-303,57],[-496,-182],[-506,-307],[-364,68],[-414,34],[-384,330],[-273,23],[-425,386],[30,511],[-435,318],[-404,-22],[-314,238],[-525,420],[-476,-238],[-333,-136],[-374,90],[-425,387],[-445,34],[-475,397],[-415,-261],[-485,-125],[-192,546],[-253,443],[-435,386],[-91,397],[-313,250],[-607,-11],[-415,-91],[-232,80],[-415,193],[-445,170],[-192,398],[-273,193],[-384,45],[-324,398],[-465,34],[-344,284],[-364,432],[-222,273],[-61,545],[-374,148],[-243,318],[-404,-57],[-334,420],[-152,432],[-485,204],[-263,387],[-303,352],[-71,432],[-324,170],[152,648],[314,602],[141,409],[-20,534],[30,613],[-81,546],[-121,545],[-273,591],[-51,556],[-323,580],[-374,170],[-283,125],[-314,216],[-253,204],[-172,375],[-525,239],[-405,284],[-253,227],[-151,398],[-314,477],[-273,170],[-394,296],[-233,602],[-404,295],[-627,46],[-344,375],[-222,261],[-425,23],[-314,329],[-293,602],[61,387],[-223,408],[-333,228],[-435,386],[-162,500],[-313,125],[-263,579],[91,398],[-374,352],[-385,250],[-515,284],[-445,-79],[-556,90],[-334,-90],[-334,45],[-313,386],[-253,273],[-465,341],[-223,454],[-192,625],[0,511],[41,284],[-101,580],[-344,613],[-455,500],[71,500],[-223,352],[-101,420],[-20,319],[-10,443],[-172,295],[10,477],[-81,500],[20,341],[41,420],[-21,341],[-293,455],[81,306],[212,409],[-313,375],[71,375],[273,398],[-51,329],[-50,455],[-91,420],[80,420],[31,455],[121,397],[-152,387],[-485,284],[-172,397],[-20,455],[-10,363],[-324,284],[-222,534],[91,500],[-31,307],[162,602],[344,443],[-121,432],[212,318],[61,647],[232,648],[425,466],[233,432],[-112,431],[223,409],[91,716],[-122,398],[294,306],[182,432],[101,591],[182,273],[394,477],[152,613],[243,352],[536,12],[161,341],[506,-69],[293,69],[364,-12],[344,273],[536,68],[425,-23],[465,46],[263,-46],[394,-68],[394,307],[122,216],[394,250],[435,170],[526,-11],[252,-23],[567,-11],[404,-12],[273,-261],[425,91],[536,398],[384,363],[354,239],[496,431],[262,103],[344,295],[546,23],[607,-23],[253,318],[151,511],[193,568],[202,341],[40,614],[-283,534],[-141,522],[-263,591],[-273,205],[-132,397],[-323,364],[-81,431],[-31,296],[-81,420],[-202,409],[-354,443],[112,330],[-314,556],[-334,148],[-333,557],[202,386],[51,432],[212,375],[-111,500],[50,579],[-40,511],[121,341],[344,193],[-71,659],[51,591],[333,352],[-91,625],[91,420],[81,330],[51,488],[-364,262],[-374,533],[20,557],[293,102],[212,421],[-353,556],[-455,35],[-324,261],[243,522],[293,262],[273,466],[293,624],[394,318],[162,591],[-30,568],[40,557],[0,511],[-81,421],[-444,90],[-627,-136],[-233,443],[-162,511],[405,160],[202,533],[-101,705],[-51,488],[-161,262],[-142,590],[435,444],[-202,340],[121,466],[455,250],[111,523],[-273,534],[374,397],[384,-79],[334,318],[182,397],[304,125],[-61,693],[-182,455],[243,647],[80,534],[21,489],[222,375],[152,363],[141,387],[-222,545],[-10,466],[111,500],[-495,443],[-91,591],[384,534],[283,443],[435,727],[354,579],[313,500],[-71,636],[-182,636],[364,353],[132,715],[-223,512],[-434,-35],[-334,421],[0,466],[232,579],[51,398],[-394,238],[-324,443],[-111,387],[-506,386],[-293,545],[-61,455],[31,443],[-294,272],[-111,659],[233,216],[-51,682],[-404,375],[-71,341],[152,386],[212,238],[91,443],[111,455],[415,329],[-213,671],[-525,-12],[-243,648],[121,522],[91,614],[-162,352],[-313,421],[-283,272],[-111,432],[182,329],[434,228],[284,613],[313,591],[425,363],[162,375],[-81,364],[-374,216],[-102,636],[-30,670],[71,534],[566,-45],[344,-307],[597,-23],[323,330],[273,590],[-50,523],[-61,273],[-61,284],[-313,511],[-395,284],[-364,250],[-354,250],[-364,500],[-424,182],[-273,-182],[-425,159],[-212,557],[-435,397],[-314,227],[-384,103],[-485,-182],[-354,136],[-496,80],[-495,-307],[-384,-216],[-516,91],[-182,409],[-223,432],[-495,91],[-576,284],[-304,409],[-556,-34],[-232,397],[-314,330],[-384,443],[-465,-91],[-334,227],[-667,511],[50,512],[273,397],[213,261],[10,455],[-445,250],[-233,488],[-273,489],[-172,273],[-101,465],[-445,250],[-455,296],[-40,477],[-263,329],[-324,205],[-900,-34],[-364,159],[-81,466],[41,568],[121,431],[61,602],[-132,375],[-283,228],[51,511],[-435,295],[-465,386],[-91,341],[-41,443],[-384,534],[-283,-11],[-425,500],[61,670],[152,375],[-172,398],[71,568],[40,420],[-101,670],[0,318],[-71,398],[-141,443],[-263,773],[-294,829],[-374,1091],[-212,670],[-182,523],[-384,545],[-749,68],[-616,34],[-213,12],[-657,0],[-789,11],[-647,11],[-354,80],[-708,466],[-556,397],[-202,318],[-111,705],[-182,1090],[-243,1500],[-273,1591],[-192,1192],[-51,398],[-131,489],[-162,215],[-758,1091],[-435,534],[-374,375],[-344,534],[-172,454],[-182,443],[-182,398],[-162,432],[-111,454],[-91,557],[-10,295],[-10,591],[0,295],[70,500],[162,330],[304,693],[303,693],[263,704],[344,1068],[273,966],[121,466],[91,409],[101,443],[122,409],[50,363],[61,523],[10,750],[-10,477],[50,431],[132,364],[263,625],[-101,636],[-536,398],[-435,386],[323,534],[233,250],[182,488],[-172,693],[324,546],[404,454],[-121,670],[-293,319],[-91,647],[-203,455],[-222,636],[404,295],[354,148],[506,273],[425,238],[616,-159],[385,102],[101,602],[212,284],[384,557],[-192,375],[-273,432],[-243,466],[-111,329],[-81,523],[-91,420],[-121,352],[-202,568],[-213,477],[-171,398],[-162,420],[-283,705],[-294,738],[-252,557],[-193,443],[51,500],[334,545],[-31,614],[-232,272],[-577,262],[-616,193],[-364,170],[-273,80],[-496,0],[-364,-103],[-374,-136],[-293,-79],[-486,0],[-333,45],[-506,159],[-303,216],[-445,466],[-81,420],[192,682],[394,-182],[597,-193],[354,-46],[576,-22],[526,-12],[394,-125],[294,-159],[313,-136],[617,-114],[344,23],[293,68],[344,125],[495,375],[577,761],[586,580],[283,193],[405,159],[414,79],[364,12],[556,-148],[273,-204],[263,-318],[334,-500],[334,-398],[232,-227],[304,-239],[344,-193],[404,-159],[364,-102],[374,-80],[637,-68],[384,34],[375,91],[485,182],[384,159],[324,193],[303,216],[435,409],[313,397],[203,341],[182,443],[192,591],[141,398],[294,556],[-749,3170],[91,455],[203,545],[40,318],[91,489],[-20,374],[30,512],[-182,443],[-566,-273],[-384,-329],[-334,-46],[-455,46],[-587,170],[-283,-23],[-546,80],[-344,159],[-445,193],[-414,125],[-597,170],[-394,159],[-314,148],[-353,273],[50,375],[-71,443],[-525,363],[-587,250],[-394,353],[-91,409],[-556,204],[-536,-114],[-354,205],[-203,443],[-414,11],[-263,-56],[-485,-80],[-455,-11],[-294,79],[-384,239],[-121,454],[-122,602],[-212,637],[-222,374],[-536,216],[-364,91],[-395,250],[-526,398],[-394,216],[-71,465],[-81,455],[-70,329],[-102,443],[-121,443],[-141,353],[-193,340]],[[463374,459344],[233,160],[516,374],[515,125],[344,216],[374,296],[435,477],[253,341],[212,306],[253,557],[71,375],[81,432],[111,341],[40,420],[0,670],[-50,489],[30,341],[233,386],[303,216],[293,147],[223,364],[364,443],[394,295],[476,398],[252,307],[283,420],[668,591],[293,11],[344,-238],[283,-114],[354,-114],[597,-56],[384,-80],[526,91],[141,534],[192,579],[304,228],[677,-46],[394,193],[-111,477],[-91,409],[-111,716],[-101,545],[-81,398],[-71,398],[-40,602],[-162,409],[-607,34],[-354,102],[-313,91],[-617,125],[-364,489],[-131,681],[-385,-11],[-333,0],[-546,-57],[-364,-125],[-395,-239],[-323,12],[-385,170],[-313,91],[-344,57],[-273,-511],[-81,-398],[-242,-250],[-415,80],[-263,91],[-404,90],[-334,12],[-354,23],[-496,170],[-343,216],[-324,204],[-313,171],[-81,556],[91,273],[-172,500],[-273,159],[-293,443],[-122,443],[-101,659],[-20,375],[404,534],[435,159],[334,307],[40,579],[122,523],[81,352],[131,682],[131,488],[122,489],[50,352],[41,375],[40,443],[91,545],[81,443],[41,318],[-354,409],[-840,91],[-637,68],[-546,148],[-364,170],[-354,46],[-495,68],[-435,46],[-516,11],[-343,102],[-324,159],[516,421],[303,204],[132,523],[-233,318],[-313,477],[101,341],[81,579],[414,375],[132,432],[40,443],[253,295],[344,273],[212,454],[-51,671],[-192,227],[213,602],[343,216],[102,352],[151,341],[-50,511],[192,614],[30,465],[152,273],[455,91],[384,420],[-465,330],[-202,363],[343,387],[314,409],[142,409],[384,386],[414,182],[101,409],[81,340],[445,194],[476,-194],[333,69],[293,363],[81,295],[-50,478],[232,250],[294,306],[212,205],[172,409],[-202,432],[-101,443],[-61,693],[-41,465],[-111,409],[101,580],[21,397],[364,341],[475,330],[232,431],[263,194],[192,397],[455,239],[375,250],[525,363],[385,262],[151,636],[21,443],[70,386],[243,511],[40,455],[182,522],[142,319],[152,340],[172,364],[182,466],[192,636],[202,477],[344,523],[192,227],[172,409],[202,329],[324,273],[343,352],[395,500],[212,557],[-10,397],[30,330],[223,511],[404,557],[344,500],[192,261],[132,432],[10,341],[0,488],[101,511],[263,273],[495,398],[112,499],[-61,319],[-111,397],[-162,421],[-132,431],[-30,352],[30,625],[112,705],[111,568],[101,443],[152,727],[141,511],[162,352],[172,284],[283,353],[243,386],[131,227],[182,454],[304,546],[20,397],[374,398],[202,659],[243,511],[212,625],[233,193],[283,421],[182,477],[182,375],[394,420],[223,80],[505,170],[172,534],[334,329],[303,-56],[405,261],[323,148],[465,-160],[567,205],[414,-114],[253,228],[334,329],[556,91],[455,-34],[344,-11],[394,-35],[273,-90],[415,284],[101,318],[323,363],[334,137],[364,306],[192,216],[526,375],[445,91],[202,613],[132,432],[161,500],[152,534],[61,295],[131,500],[192,682],[71,295],[293,352],[445,466],[132,352],[192,284],[243,546],[30,500],[131,318],[162,443],[253,136],[425,-68],[485,148],[223,352],[394,273],[354,227],[273,216],[475,477],[314,466],[293,125],[647,340],[425,239],[647,398],[414,409],[253,375],[364,556],[243,386],[182,330],[334,364],[70,533],[506,409],[313,307],[243,239],[415,272],[172,398],[60,534],[364,579],[344,35],[415,56],[434,262],[294,375],[151,454],[284,182],[495,216],[303,227],[294,238],[343,125],[546,239],[243,273],[394,431],[172,296],[304,409],[263,363],[40,284],[111,546],[101,329],[182,500],[112,398],[81,454],[20,557],[10,306],[192,478],[283,431],[132,659],[50,284],[31,432],[111,625],[111,477],[71,420],[40,432],[41,386],[60,478],[101,670],[142,636],[192,489],[142,670],[111,409],[597,272],[434,364],[81,329],[182,466],[81,398],[121,545],[193,318],[536,284],[151,466],[0,296],[-111,454],[-303,454],[20,341],[-41,477],[-91,432],[122,375],[515,136],[506,182],[324,136],[596,239],[395,148],[374,250],[232,306],[253,432],[233,545],[303,284],[101,319],[41,465],[40,319],[101,397],[506,159],[242,250],[71,455],[-131,420],[121,704],[334,580],[172,568],[293,454],[475,273],[324,204],[344,239],[394,261],[263,182],[91,579],[293,637],[344,340],[-20,591],[374,318],[20,489],[-61,397],[81,557],[374,466],[375,216],[252,250],[294,386],[222,341],[-91,454],[101,455],[253,227],[303,568],[152,375],[192,522],[111,387],[182,386],[-40,670],[30,443],[142,557],[-223,295],[-293,239],[-20,625],[374,409],[455,398],[415,215],[323,182],[384,296],[233,397],[0,489],[-121,659],[30,340],[233,603],[455,477],[414,341],[475,534],[344,556],[213,466],[384,1022],[111,375],[51,341],[-71,534],[-172,375],[-192,443],[-10,511],[212,353],[344,238],[313,341],[192,295],[213,432]],[[527787,609138],[283,-318],[506,-398],[404,-284],[445,-284],[445,-216],[323,-159],[364,-136],[466,-182],[394,-227],[435,-432],[232,-511],[61,-363],[-71,-478],[-81,-397],[-20,-648],[212,-363],[294,-273],[515,-420],[314,-512],[50,-488],[354,-477],[496,-341],[748,-420],[971,-512],[819,-409],[364,-386],[20,-432],[-81,-363],[-242,-739],[-11,-56],[-141,-659],[-71,-443],[-10,-444],[20,-431],[81,-398],[132,-443],[192,-352],[212,-273],[273,-238],[354,-216],[415,-159],[232,-91],[769,-307],[687,-284],[536,-216],[445,-148],[415,-124],[374,-91],[414,-57],[597,23],[688,68],[434,0],[344,-68],[496,-330],[232,-227],[253,-318],[313,-546],[415,-761],[394,-750],[364,-613],[445,-557],[294,-272],[586,-273],[394,-125],[526,-284],[213,-386],[121,-512],[71,-284],[445,-329],[495,-159],[253,-136],[273,-284],[111,-364],[-20,-466],[-30,-466],[0,-477],[40,-295],[344,-466],[414,-250],[516,-273],[101,375],[334,443],[617,580],[435,318],[394,261],[293,205],[152,704],[-71,523],[41,352],[303,398],[404,522],[466,500],[444,34],[294,-11],[505,22],[344,57],[485,239],[344,284],[455,295],[506,159],[364,-22],[516,-103],[475,-102],[576,-114],[607,-90],[657,-46],[617,12],[485,79],[375,136],[283,159],[475,443],[273,205],[536,318],[354,284],[303,261],[324,296],[475,329],[293,103],[567,56],[424,80],[253,102],[425,148],[323,68],[354,23],[364,-68],[334,-137],[273,-204],[283,-341],[132,-250],[212,-557],[202,-704],[223,-636],[242,-648],[314,-693],[303,-852],[142,-727],[111,-682],[91,-386],[263,-579],[222,-296],[526,-477],[475,-466],[324,-409],[253,-272],[445,-262],[404,-102],[253,-80],[435,-465],[192,-421],[253,-295],[313,-193],[344,-114],[607,34],[576,296],[374,284],[374,238],[566,-170],[253,-68],[415,91],[212,170],[405,68],[374,-307],[263,-363],[313,-171],[435,-22],[627,-91],[435,-34],[374,34],[465,-182],[516,-329],[606,-228],[213,-227],[333,-375],[425,-397],[-111,-671],[283,-647],[435,-239],[344,-136],[536,-318],[333,-137],[486,-204],[495,-443],[-40,-443],[-91,-387],[151,-363],[101,-511],[41,-364],[202,-375],[192,-466],[-131,-556],[-374,-296],[-132,-409],[111,-454],[0,-352],[-60,-421],[101,-602],[293,-227],[566,-284],[466,-125],[202,-261],[273,-318],[364,-250],[263,-375],[404,-386],[587,-91],[374,79],[475,171],[293,-171],[304,-307],[606,-170],[354,57],[455,-23],[294,-159],[364,-91],[323,57],[374,261],[395,557],[465,318],[334,273],[515,-23],[354,102],[273,137],[324,170],[344,-80],[444,103],[425,284],[293,227],[415,216],[384,-23],[354,-45],[617,-23],[435,-193],[404,-273],[486,-136],[283,-68],[404,-182],[283,522],[112,614],[20,579],[-101,648],[-71,295],[-30,443],[141,330],[556,-46],[263,-238],[455,-80],[354,-45],[364,-34],[617,-68],[597,215],[111,489],[40,704],[-10,546],[273,602],[435,0],[425,432],[414,90],[587,69],[515,170],[597,80],[455,90],[516,103],[647,136],[212,-307],[273,-261],[405,-250],[435,-216],[576,-204],[425,-57],[232,-12],[850,46],[697,34],[354,23],[516,68],[445,114],[303,136],[364,136],[273,80],[385,-12],[495,-250],[506,-363],[303,-307],[182,-363],[30,-330],[-91,-477],[-131,-386],[-142,-364],[-202,-409],[-253,-386],[-212,-307],[-283,-284],[-384,-398],[-395,-374],[-222,-296],[-243,-375],[-334,-431],[-323,-421],[-415,-386],[-526,-330],[-475,-90],[-263,22],[-374,193],[-192,375],[-303,409],[-577,375],[-556,352],[-404,239],[-364,102],[-294,-45],[-364,-205],[-384,-545],[-121,-329],[-152,-637],[-10,-386],[10,-386],[30,-387],[101,-715],[152,-1080],[152,-738],[222,-841],[213,-568],[242,-568],[263,-454],[364,-489],[587,-715],[536,-614],[455,-500],[435,-352],[414,-307],[223,-159],[394,-216],[324,-125],[515,-159],[728,-272],[476,-216],[313,-193],[344,-284],[445,-432],[1031,-1045],[698,-671],[485,-397],[384,-284],[526,-364],[486,-295],[384,-352],[172,-387],[60,-670],[-80,-443],[-162,-398],[-344,-715],[-415,-728],[-283,-454],[-232,-295],[-445,-409],[-546,-228],[-476,69],[-374,159],[-394,136],[-324,68],[-809,68],[-546,23],[-697,23],[-738,-23],[-617,-45],[-385,-69],[-535,-306],[-294,-546],[-101,-488],[132,-443],[616,-739],[526,-681],[405,-625],[394,-602],[233,-625],[111,-670],[-20,-625],[-61,-307],[-162,-523],[-293,-443],[-566,-318],[-496,125],[-192,205],[-546,670],[-91,102],[-394,421],[-374,374],[-324,296],[-465,318],[-516,227],[-596,-102],[-334,-295],[-283,-523],[10,-648],[-10,-443],[-101,-420],[-51,-659],[101,-704],[71,-466],[0,-602],[-20,-318],[-91,-443],[-101,-489],[-142,-625],[-71,-375],[-71,-670],[41,-466],[101,-409],[131,-488],[304,-580],[313,-409],[334,-352],[263,-443],[121,-295],[293,-625],[102,-489],[10,-545],[-71,-466],[-223,-488],[-70,-637],[101,-477],[222,-363],[263,-228],[293,-204],[294,-182],[313,-113],[587,-160],[596,-170],[536,-102],[698,-68],[526,-34],[475,22],[506,91],[414,68],[303,-22],[385,-80],[394,-170],[496,-262],[343,-409],[61,-397],[-30,-364],[-61,-409],[-10,-568],[222,-647],[233,-705],[91,-363],[71,-648],[0,-341],[-132,-420],[-263,-352],[-576,-193],[-698,-69],[-303,-56],[-384,-409],[101,-591],[242,-330],[445,-238],[455,-273],[435,-272],[324,-171],[708,-398],[364,-261],[303,-307],[182,-250],[142,-409],[222,-238],[233,-330],[202,-602],[192,-295],[415,-227],[485,-137],[303,0],[506,182],[273,136],[394,91],[486,-102],[414,-432],[71,-454],[-51,-614],[0,-443],[112,-420],[414,420],[182,478],[213,647],[151,466],[101,261],[253,421],[273,204],[566,46],[334,-69],[455,-181],[405,-171],[475,-204],[627,-91],[455,272],[101,489],[-212,443],[-364,454],[-364,330],[-273,239],[-273,238],[-314,500],[-81,420],[41,614],[70,307],[213,522],[222,273],[283,352],[415,511],[243,273],[333,204],[385,159],[475,194],[475,193],[536,250],[354,193],[253,193],[344,329],[111,296],[131,500],[202,795],[213,784],[303,909],[283,829],[223,670],[222,557],[486,375],[495,-148],[314,-318],[353,-386],[314,-341],[253,-216],[455,-272],[697,-273],[506,-205],[283,34],[314,239],[313,295],[253,455],[404,818],[263,466],[223,306],[253,273],[293,398],[172,216],[475,261],[384,45],[273,0],[435,-79],[-101,613],[-71,682],[172,307],[40,420],[263,443],[182,261],[41,466],[-202,318],[252,409],[354,68],[496,69],[556,-353],[131,-647],[243,-341],[233,-613],[111,-455],[172,-386],[162,-636],[475,113],[283,-91],[425,-45],[293,159],[374,-57],[293,125],[536,102],[162,432],[152,273],[293,500],[152,397],[384,375],[435,-125],[424,-23],[334,-90],[475,-216],[415,68],[273,477],[243,534],[414,409],[142,466],[293,318],[313,45],[304,364],[495,363],[455,205],[192,420],[233,250],[344,102],[425,-22],[424,34],[395,216],[141,238],[111,421],[516,250],[354,-46],[404,193],[284,250],[465,193],[384,262],[61,670],[-192,523],[-172,386],[-324,352],[-243,398],[-60,704],[-101,602],[141,523],[324,306],[-233,603],[-465,181],[-263,284],[-172,409],[-162,250],[0,443],[162,296],[314,522],[121,421],[-10,318],[-91,557],[81,465],[253,443],[-102,364],[0,568],[-212,364],[81,715],[313,307],[314,523],[-192,488],[40,602],[202,580],[152,397],[61,421],[-122,341],[-30,715],[81,659],[394,91],[476,386],[475,398],[283,398],[192,613],[-111,307],[243,613],[202,398],[192,523],[384,318],[41,590],[182,546],[-162,625],[131,443],[142,250],[485,306],[395,478],[434,-114],[263,-273],[364,-91],[557,262],[465,-68],[344,-57],[293,284],[182,477],[475,341],[384,182],[536,170],[536,68],[283,239],[435,238],[384,296],[21,363],[-213,455],[-10,454],[455,148],[506,159],[617,34],[465,79],[374,205],[283,227],[374,102],[0,489],[-273,375],[-354,-12],[-222,500],[111,682],[-243,454],[-10,466],[182,250],[506,91],[505,239],[-20,545],[-152,466],[61,397],[20,523],[-222,295],[-384,341],[-324,296],[-273,613],[-61,602],[-121,614],[152,284],[222,386],[172,386],[374,375],[344,171],[354,340],[222,637],[445,431],[395,205],[151,341],[51,386],[121,466],[213,511],[283,307],[-51,647],[142,568],[172,682],[232,534],[192,307],[425,454],[253,489],[182,250],[192,431],[162,636],[293,421],[71,409],[70,591],[263,613],[61,386],[111,432],[445,-102],[132,-375],[40,-398],[61,-602],[30,-602],[0,-432],[172,-613],[536,102],[435,57],[485,-57],[779,-45],[374,-23],[303,23],[486,409],[323,568],[344,11],[253,500],[101,341],[273,306],[364,273],[283,-34],[496,159],[414,284],[324,171],[505,-46],[496,-136],[384,-227],[182,-455],[405,-307],[343,-56],[324,0],[445,215],[607,137],[262,-23],[466,-102],[192,-46],[445,-91],[586,103],[324,625],[606,-35],[-20,-658],[-131,-478],[-111,-284],[-203,-409],[-303,-500],[-132,-431],[-485,-443],[-162,-546],[-91,-420],[-283,-170],[-283,-500],[-233,-364],[-171,-341],[444,-352],[415,12],[324,-160],[556,-181],[495,-193],[233,-171],[323,-341],[284,-590],[131,-341],[101,-477],[152,-421],[60,-693],[162,-443],[152,-409],[495,-386],[445,-80],[334,-11],[526,-148],[232,-11],[607,977],[202,284],[688,1011],[425,625],[879,1147],[587,693],[596,784],[900,1091],[931,1159],[981,1204],[849,1091],[768,943],[1082,1318],[627,749],[1072,1341],[647,772],[759,977],[819,989],[728,920],[202,-170],[415,-273],[404,-204],[425,-148],[799,-205],[687,-113],[395,-80],[424,-125],[718,-204],[1072,-307],[577,-182],[303,-68],[687,-23],[820,69],[525,11],[486,-114],[333,-193],[455,-227],[405,-68],[546,0],[495,-34],[496,11],[556,-159],[283,-318],[81,-284],[243,-1011],[333,-512],[1042,114],[324,68],[303,318],[61,614],[-233,602],[-212,295],[-132,330],[-50,409],[20,329],[131,580],[61,386],[51,420],[80,512],[21,261],[-71,557],[-101,409],[-10,613],[81,341],[212,420],[506,602],[455,512],[343,-194],[405,-545],[384,-522],[334,-455],[374,-523],[263,-352],[374,-500],[415,-568],[434,-579],[445,-602],[354,-466],[465,-432],[415,-306],[303,-216],[425,-296],[404,-306],[395,-500],[232,-387],[283,-477],[273,-454],[344,-580],[273,-477],[192,-375],[152,-670],[132,-659],[80,-409],[91,-386],[203,-511],[495,0],[172,272],[192,330],[304,488],[212,330],[182,295],[182,318],[192,477],[111,705],[61,568],[40,341],[31,409],[40,329],[-212,466],[-283,420],[-213,432],[-273,568],[-232,545],[-465,421],[-486,136],[-627,159],[-525,136],[-162,319],[20,568],[71,670],[182,636],[495,386],[304,262],[252,181],[152,398],[-61,659],[-70,670],[-71,443],[-213,659],[-212,352],[-293,478],[-223,375],[-303,488],[-334,568],[-232,341],[-374,625],[-223,647],[162,489],[212,659],[203,477],[333,23],[506,-80],[374,-11],[465,68],[587,-34],[596,45],[405,-45],[242,-34],[375,-205],[131,-556],[293,-250],[395,-159],[424,-375],[364,-557],[172,-454],[101,-387],[556,-261],[1618,102],[1103,57],[364,34],[434,-170],[496,-68],[536,-12],[505,375],[203,273],[172,579],[-21,398],[61,557],[172,443],[111,250],[111,443],[101,420],[223,386],[344,500],[242,455],[41,374],[-20,500],[232,421],[263,79],[314,262],[232,556],[-30,330],[151,500],[344,45],[435,-250],[212,386],[-161,398],[-112,557],[233,556],[71,421],[162,500],[293,295],[263,375],[192,488],[121,432],[111,330],[203,386],[111,409],[232,295],[213,262],[71,431],[293,455],[354,-216],[344,-511],[222,-512],[212,-488],[273,-659],[263,-534],[314,-398],[263,-250],[333,-318],[637,-591],[273,-261],[678,-636],[425,-398],[667,-613],[586,-534],[375,-386],[627,-591],[414,-398],[455,-432],[526,-511],[445,-431],[283,-262],[273,-261],[222,-205],[344,-329],[405,-386],[404,-387],[314,-284],[424,-420],[263,-250],[465,-454],[284,-262],[434,-409],[324,-306],[485,-443],[283,-273],[405,-386],[283,-273],[465,-420],[253,-239],[415,-386],[293,-284],[435,-398],[313,-284],[465,-409],[314,-261],[445,-386],[252,-216],[364,-318],[395,-364],[283,-250],[435,-386],[475,-455],[303,-272],[395,-375],[344,-296],[394,-375],[273,-249],[485,-444],[344,-329],[536,-500],[526,-477],[475,-443],[455,-409],[374,-352],[283,-239],[455,-398],[476,-397],[263,-227],[404,-353],[303,-261],[395,-352],[242,-216],[466,-398],[505,-431],[223,-193],[455,-387],[273,-261],[354,-307],[232,-204],[344,-307],[192,-477],[-152,-295],[-232,-455],[-152,-307],[-404,-761],[-364,-704],[-203,-398],[-313,-613],[-364,-705],[-354,-693],[-303,-613],[-304,-614],[-313,-602],[-445,-852],[-394,-772],[-304,-557],[354,-398],[273,-193],[354,-273],[81,-602],[-243,-443],[-172,-318],[-252,-545],[-41,-432],[142,-693],[91,-454],[0,-455],[-20,-318],[-81,-375],[-405,-250],[-414,57],[-344,-11],[-465,-46],[-526,-68],[-445,-273],[10,-431],[222,-421],[243,-386],[223,-670],[-21,-443],[-91,-364],[-242,-443],[-364,-557],[-233,-295],[-495,-398],[-344,-193],[-324,-238],[-475,-432],[-243,-227],[-263,-239],[-667,-557],[-536,-443],[-364,-306],[-576,-307],[-556,-193],[-476,-193],[-242,-625],[-152,-682],[-293,-1056],[-213,-228],[-455,171],[-1072,522],[-131,57],[-526,250],[-243,-91],[-384,-738],[-596,-1034],[-263,-466],[-152,-284],[-172,-454],[-61,-705],[-50,-454],[404,-307],[162,-636],[30,-511],[-60,-318],[111,-455],[111,-284],[21,-500],[-243,-579],[-182,-273],[-243,-352],[-81,-432],[-71,-647],[21,-534],[91,-284],[-10,-614],[-172,-272],[-91,-580],[-304,-568],[61,-466],[10,-272],[-121,-568],[-10,-409],[-122,-557],[-81,-648],[354,-375],[435,-79],[303,-205],[172,-488],[324,-250],[-20,-443],[303,-500],[303,-34],[496,-273],[374,-57],[324,-11],[414,-443],[263,-329],[41,-614],[10,-454],[-192,-534],[40,-602],[192,-603],[-253,-386],[-40,-443],[91,-534],[283,-398],[91,-363],[20,-636],[273,-421],[385,-216],[333,-545],[0,-454],[-131,-296],[-324,-375],[-364,-318],[-334,-318],[-242,-545],[232,-489],[344,-204],[334,-261],[192,-239],[40,-466],[-505,-216],[-566,296],[-435,91],[-304,34],[-475,-12],[-263,-22],[-435,-80],[-384,-114],[-334,-147],[-485,-307],[-374,-489],[-182,-340],[-253,-466],[-182,-284],[-263,-250],[-364,-193],[-526,-159],[-505,-12],[-344,216],[-324,489],[-283,57],[-394,-23],[-475,-34],[-334,68],[-516,398],[-404,431],[-486,250],[-404,-45],[-313,-193],[-334,-239],[-304,-204],[-495,-171],[-243,-68],[-384,-477],[142,-443],[222,-364],[394,-568],[536,-818],[223,-613],[-132,-489],[-212,-204],[-485,-353],[-415,-295],[-495,-398],[-314,-147],[-364,-159],[-445,-262],[-253,-272],[-323,-477],[323,-523],[-354,-523],[-323,-465],[-51,-364],[10,-716],[102,-329],[273,-386],[-61,-557],[-51,-500],[-364,-500],[-232,-227],[-243,-296],[162,-636],[232,-272],[324,-262],[364,-147],[374,-307],[162,-250],[81,-614],[-10,-363],[-253,-432],[20,-375],[10,-409],[-20,-500],[20,-579],[294,-523],[293,-250],[424,216],[354,353],[425,34],[344,-103],[323,-443],[142,-397],[101,-705],[71,-568],[30,-511],[51,-568],[10,-364],[-51,-488],[-101,-318],[-374,-966],[-364,-1045],[-263,-852],[-222,-875],[-142,-579],[71,-466],[799,-409],[232,-159],[172,-534],[0,-364],[-30,-545],[-51,-534],[-91,-943],[-70,-557],[-41,-477],[-30,-659],[-31,-386],[31,-454],[131,-614],[132,-398],[172,-522],[-21,-580],[-283,-159],[-465,-204],[-465,-182],[-496,-204],[-303,-159],[-303,-194],[-364,-363],[-182,-216],[-304,-295],[-313,-205],[-283,-114],[-486,-181],[-697,-193],[-344,-69],[-506,330],[-364,91],[-293,11],[-465,136],[-455,103],[-607,216],[-394,22],[-273,91],[-405,182],[-566,34],[-394,0],[-385,23],[-455,11],[-394,11],[-566,23],[-556,23],[-506,23],[-415,-34],[-293,-80],[-465,-148],[-485,-147],[-526,-159],[-647,-205],[-688,-216],[-617,-182],[-202,-579],[20,-636],[91,-443],[112,-409],[-365,-284],[-414,91],[-576,-57],[-405,-57],[-283,-125],[-354,-273],[-516,-409],[-414,-79],[-334,-273],[-556,-79],[-344,-46],[-465,182],[-354,-34],[-394,-91],[-314,-91],[-435,-148],[-354,-147],[-293,-182],[-232,-375],[-294,-432],[-182,-352],[-40,-386],[293,-364],[384,23],[425,171],[344,124],[404,137],[466,125],[485,125],[303,45],[354,12],[455,-12],[435,0],[536,57],[1132,136],[1082,171],[820,136],[869,125],[779,125],[910,159],[950,182],[506,102],[364,34],[324,0],[323,12],[597,79],[293,80],[394,102],[395,113],[475,137],[384,102],[384,80],[415,68],[516,22],[526,-45],[455,-80],[333,-11],[364,125],[435,125],[425,193],[566,57],[627,125],[374,125],[314,11],[333,-329],[567,34],[293,91],[445,193],[293,148],[303,147],[435,148],[496,80],[343,-23],[466,182],[434,284],[334,147],[425,182],[212,216],[374,261],[324,91],[313,57],[354,79],[425,228],[546,250],[303,90],[597,182],[364,125],[546,284],[597,205],[414,57],[374,45],[486,216],[445,238],[596,114],[283,205],[384,136],[405,-46],[384,-102],[304,-79],[404,-103],[607,-102],[586,-34],[556,34],[445,46],[314,56],[354,46],[617,68],[748,23],[809,-23],[697,-11],[617,22],[536,23],[192,23],[850,45],[1233,125],[718,102],[779,148],[991,227],[1163,284],[536,125],[768,137],[1123,159],[910,79],[869,91],[445,80],[304,91],[495,420],[425,216],[596,11],[516,-57],[637,-11],[576,91],[425,57],[344,0],[394,-57],[465,-80],[263,-34],[486,-102],[465,-170],[293,-137],[384,-113],[445,56],[364,273],[395,455],[424,181],[607,-227],[506,91],[556,261],[617,148],[515,0],[536,114],[536,250],[496,250],[455,204],[323,80],[607,-12],[445,0],[334,34],[313,91],[536,261],[677,330],[526,170],[445,80],[465,23],[425,-35],[263,-22],[485,34],[354,102],[617,284],[779,318],[859,284],[698,205],[778,159],[708,136],[516,125],[1042,307],[950,273],[1021,261],[1082,238],[850,171],[637,57],[435,-34],[404,-103],[506,-204],[1061,-421],[688,-250],[506,-147],[667,-193],[344,-137],[495,-295],[344,-466],[303,-250],[466,-147],[626,22],[557,125],[778,239],[384,91],[587,-23],[415,-91],[677,-193],[556,-136],[425,-103],[505,-79],[587,-80],[536,-34],[394,-11],[334,23],[435,56],[596,103],[921,204],[566,182],[526,170],[849,330]],[[527787,609138],[-283,341],[-506,227],[-374,136],[-374,319],[-182,431],[-61,409],[-141,523],[-182,273],[-294,340],[-859,852],[-1143,1000],[-475,352],[-465,273],[-486,227],[-465,318],[-253,319],[-222,499],[-374,512],[-486,227],[-343,148],[-334,374],[-101,603],[-81,318],[-212,454],[-415,341],[-283,136],[-445,159],[-354,216],[-131,568],[-81,352],[-243,364],[-212,239],[-233,420],[-91,602],[-40,648],[-61,693],[-40,431],[-102,409],[-283,602],[-161,296],[-274,432],[-475,647],[-637,705],[-698,693],[-910,897],[-1253,1238],[-607,625],[-314,250],[-313,205],[-374,181],[-536,364],[-415,398],[-435,499],[-293,387],[-212,545],[-61,409],[-20,693],[71,523],[212,477],[314,409],[293,363],[202,500],[182,557],[192,295],[192,432],[-10,409],[-222,386],[-203,546],[0,431],[-30,659],[-293,512],[-566,318],[-273,306],[-132,512],[-40,306],[-172,421],[-455,466],[-384,352],[-243,238],[-394,387],[-294,329],[-263,386],[-232,421],[-101,352],[0,579],[50,352],[101,693],[-81,614],[-232,557],[-303,568],[-233,625],[30,590],[91,375],[162,421],[435,943],[313,806],[192,591],[263,966],[203,602],[192,352],[283,363],[253,489],[60,545],[-70,455],[-61,431],[-61,444],[223,556],[505,398],[455,420],[223,375],[111,455],[192,306],[556,318],[243,523],[91,545],[212,273],[405,307],[374,295],[202,580],[-40,443],[-152,818],[-30,477],[20,477],[61,602],[101,398],[151,352],[304,397],[687,512],[395,454],[354,364],[455,284],[343,125],[294,136],[333,273],[233,454],[101,466],[0,363],[91,455],[344,273],[384,284],[30,397],[324,318],[152,625],[-192,614],[-253,477],[71,511],[111,307],[-10,613],[-374,341],[-486,466],[-212,375],[212,511],[233,364],[313,613],[526,398],[314,488],[151,625],[293,602],[223,364],[222,432],[132,318],[60,488],[-202,386],[253,580],[233,284],[323,375],[253,182],[324,318],[101,272],[182,398],[232,204],[374,284],[81,319],[101,397],[61,466],[324,341],[364,45],[576,-113],[415,-34],[323,34],[384,454],[152,330],[354,318],[415,454],[242,341],[283,307],[547,306],[404,364],[384,579],[253,398],[-91,398],[-30,420],[131,545],[506,182],[344,-45],[364,159],[444,91],[496,318],[374,-148],[637,80],[384,215],[415,262],[485,284],[567,272],[465,205],[273,159],[344,182],[293,79],[364,46],[374,11],[475,-34],[354,-68],[546,-148],[435,-170],[273,-239],[506,-204],[495,-103],[526,-102],[455,-79],[445,-91],[566,-137],[566,-340],[344,-353],[435,-159],[293,-147],[395,-205],[384,-204],[425,-330],[293,591],[253,409],[323,148],[263,534],[-233,670],[-202,454],[-273,80],[-131,488],[354,568],[627,182],[586,239],[293,250],[203,420],[80,648],[21,409],[30,477],[20,488],[81,523],[81,250],[233,386],[263,409],[343,284],[31,511],[-324,250],[10,716],[395,432],[202,306],[-192,432],[-41,693],[-40,489],[20,295],[0,432],[20,318],[71,409],[152,522],[182,296],[111,466],[-41,363],[-141,523],[-132,318],[-242,534],[-243,522],[-61,534],[-202,671],[-141,522],[-132,307],[-303,432],[-233,397],[-263,262],[-354,454],[-232,205],[-293,341],[-152,340],[-61,602],[-91,409],[142,409],[-61,364],[-253,398],[122,659],[-61,397],[71,682],[536,102],[354,534],[-81,523],[162,681],[161,296],[385,500],[101,556],[162,568],[70,318],[-313,478],[-152,374],[-111,603],[-354,113],[-374,91],[-536,-23],[-212,591],[364,307],[101,647],[-364,455],[101,488],[111,387],[-263,500],[-354,45],[-515,68],[-294,-11],[-455,23],[-283,624],[162,546],[30,409],[-384,511],[-415,-23],[-465,216],[-81,386],[81,364],[213,454],[-132,557],[-334,602],[31,466],[0,341],[-111,636],[-51,398],[-273,488],[-30,489],[141,579],[-50,409],[-213,364],[-172,624],[81,478],[203,670],[91,329],[111,375],[91,421],[-192,568],[-395,181],[-121,455],[142,591],[505,272],[394,296],[91,352],[-70,454],[-203,375],[122,443],[495,148],[486,352],[141,375],[111,352],[172,523],[-343,420],[-314,159],[-597,284],[-475,262],[-384,238],[-283,227],[-455,409],[-233,205],[-30,659],[202,613],[71,296],[50,522],[-20,421],[10,431],[-182,307],[-536,341],[-424,386],[-132,352],[-232,591],[-465,102],[-557,35],[-536,45],[-525,148],[-587,306],[-323,239],[-314,250],[-455,284],[-435,79],[-283,-11],[-151,602],[202,307],[141,432],[283,568],[405,159],[526,182],[364,204],[273,625],[404,363],[293,250],[314,512],[131,590],[-60,444],[232,658],[51,512],[-121,272],[-142,455],[182,522],[293,194],[374,102],[617,147],[324,296],[232,318],[61,534],[20,318],[425,261],[323,68],[385,534],[-81,455],[91,500],[263,136],[242,375],[-10,329],[-91,523],[344,352],[324,114],[293,227],[-10,557],[-354,193],[-303,477],[222,398],[182,329],[243,659],[50,477],[71,455],[81,420],[162,454],[253,569],[121,579],[101,318],[233,534],[30,432],[-51,363],[61,409],[263,296],[202,590],[243,296],[162,488],[50,307],[81,693],[10,386],[41,523],[222,364],[354,181],[445,284],[71,500],[-61,443],[-101,625],[303,307],[283,113],[395,250],[414,455],[132,443],[40,443],[61,443],[91,295],[162,568],[-71,603],[-152,488],[-131,375],[-41,443],[162,296],[405,306],[-61,705],[-222,352],[-122,295],[-20,546],[243,568],[465,511],[627,613],[212,228],[-40,533],[111,637],[617,216],[1092,261],[718,227],[677,250],[364,114],[354,56],[455,80],[455,148],[334,204],[465,375],[394,352],[253,205],[324,238],[162,307],[101,364],[202,329],[364,250],[-10,693],[-546,364],[151,488],[294,375],[131,284],[10,716],[-384,341],[-516,170],[-536,159],[-242,125],[-233,352],[30,534],[233,352],[465,455],[-61,591],[-586,113],[-293,114],[-304,318],[-414,227],[-314,125],[-364,193],[-657,307],[91,432],[435,193],[40,534],[-323,250],[60,477],[142,375],[-445,272],[-91,637],[233,318],[172,670],[-193,330],[-475,284],[-364,0],[-313,45],[-637,159],[-536,125],[-688,136],[-586,125],[-415,114],[-293,511],[182,318],[263,250],[809,659],[606,443],[1143,750],[1031,670],[668,477],[303,262],[172,443],[20,1125],[-10,670],[-20,523],[-142,488],[-303,216],[-597,250],[-475,454],[-101,432],[-425,341],[-374,34],[-546,-136],[-303,-205],[-314,-239],[-414,-533],[-476,-625],[-293,-432],[-293,-330],[-212,-204],[-395,-227],[-354,102],[-212,307],[-394,704],[-415,818],[-192,455],[-172,511],[-506,1658],[-273,841],[-414,1284],[-314,920],[-192,477],[-617,23],[-374,-227],[-445,-420],[-60,-478],[60,-329],[304,-477],[81,-364],[-283,-352],[-405,-57],[-283,159],[-283,568],[-101,432],[-101,352],[-182,364],[-314,397],[-394,284],[-273,216],[-223,262],[-404,556],[-283,387],[-182,306],[-344,625],[-496,864],[-525,761],[-324,477],[-263,307],[-485,443],[-425,181],[-354,23],[-506,-113],[-343,-114],[-445,-159],[-385,-182],[-465,-307],[-252,-318],[-11,-477],[122,-682],[40,-318],[41,-545],[-142,-511],[-435,23],[-303,125],[-435,238],[-354,284],[-333,46],[-425,-273],[-243,-284],[-263,-398],[-81,-613],[172,-477],[273,-500],[273,-557],[10,-523],[-273,-852],[-121,-352],[-152,-557],[-566,-159],[-475,387],[-445,261],[-718,352],[-415,375],[-121,375],[61,602],[111,364],[233,579],[111,307],[283,341],[71,613],[-486,330],[-354,159],[-333,363],[-304,591],[-151,511],[-253,546],[-253,261],[-475,204],[-374,262],[-233,488],[-111,432],[-30,454],[0,1023],[50,522],[91,455],[202,852],[-131,704],[-485,-91],[-324,-45],[-344,386],[-30,318],[81,512],[384,534],[384,147],[344,0],[445,-11],[465,23],[405,34],[283,68],[374,125],[667,329],[344,182],[344,261],[364,353],[435,545],[232,602],[10,341],[-30,636],[-51,284],[-121,511],[-202,648],[-132,352],[-172,375],[-222,375],[-233,363],[-293,500],[-253,455],[-111,477],[-50,897],[212,659],[597,-56],[303,-125],[506,-91],[313,363],[0,387],[-51,636],[-60,375],[-101,420],[-132,568],[-50,352],[-91,466],[-31,591],[0,568],[31,625],[-213,659],[-546,181],[-475,182],[-425,250],[-333,193],[-435,91],[-516,-34],[-536,193],[-253,284],[-161,318],[-182,375],[-203,546],[-212,647],[-101,375],[-81,682],[-253,477],[-334,352],[-384,409],[-495,466],[-273,284],[-465,284],[-405,57],[-475,56],[-486,91],[-414,46],[-425,34],[-263,102],[-344,296],[-151,295],[-31,500],[71,681],[61,478],[71,306],[242,409],[314,500],[182,273],[303,284],[152,386],[131,455],[334,431],[546,341],[354,216],[222,648],[182,409],[425,409],[273,284],[223,409],[50,511],[-30,522],[-81,489],[-131,523],[0,363],[101,943],[81,704],[91,625],[131,557],[142,443],[202,466],[81,318],[101,500],[111,500],[121,522],[122,682],[-21,466],[-30,363],[-71,421],[-50,375],[-61,534],[20,568],[81,590],[101,568],[71,466],[31,341],[0,409],[-21,511],[31,273],[70,466],[-40,420],[-455,318],[-566,205],[-445,147],[-455,171],[-364,170],[-263,159],[-506,216],[-495,148],[-445,125],[-314,79],[-485,68],[-394,57],[-496,341],[-435,443],[-313,182],[-435,-80],[-465,-272],[-516,-375],[-404,57],[-486,250],[-536,159],[-434,204],[-455,477],[-294,636],[-182,478],[132,534],[293,170],[425,239],[424,488],[122,330],[141,556],[203,864],[171,681],[71,353],[0,556],[-91,387],[-313,477],[-192,318],[-122,511],[10,398],[51,534],[-152,477],[-515,193],[-304,273],[-81,522],[-111,670],[-101,568],[-101,546],[-172,568],[-223,534],[-232,534],[-324,636],[-303,670],[-202,534],[-101,500],[70,443],[102,546],[70,409],[-20,522],[-141,693],[-496,341],[-243,557],[455,636],[637,807],[445,613],[809,1136],[486,704],[374,512],[303,397],[425,409],[354,284],[293,114],[566,114],[658,147],[364,91],[283,159],[354,341],[242,250],[415,443],[283,284],[344,250],[243,182],[313,307],[415,465],[212,455],[81,488],[71,693],[-81,500],[-122,284],[-354,727],[-192,455],[-70,511],[40,398],[51,499],[10,807],[-21,580],[-50,477],[-41,477],[21,477],[60,364],[71,374],[132,421],[111,250],[242,511],[273,568],[263,636]],[[517351,920461],[526,-284],[344,-102],[344,-34],[354,45],[475,148],[182,68],[1092,364],[667,204],[476,114],[364,11],[354,-79],[333,-137],[334,-261],[526,-398],[425,-329],[424,-318],[688,-523],[465,-295],[465,-261],[455,-250],[334,-409],[101,-296],[172,-636],[182,-545],[182,-443],[202,-398],[374,-489],[556,-647],[486,-489],[364,-420],[253,-341],[414,-613],[566,-682],[617,-693],[243,-364],[212,-408],[294,-580],[192,-375],[141,-272],[283,-512],[364,-534],[536,-590],[587,-671],[556,-522],[698,-637],[30,-34],[849,-784],[1285,-1067],[788,-659],[455,-421],[395,-466],[566,-818],[445,-545],[647,-818],[951,-1261],[202,-261],[617,-784],[616,-784],[880,-1113],[233,-262],[2012,-2238],[1385,-1579],[749,-738],[525,-398],[324,-182],[374,-125],[587,-125],[647,-182],[394,-215],[465,-398],[1244,-1113],[1406,-1330],[1193,-1215],[1244,-1341],[566,-681],[485,-591],[223,-432],[141,-443],[111,-477],[132,-386],[162,-307],[293,-330],[354,-295],[687,-489],[354,-318],[455,-431],[506,-637],[364,-624],[354,-796],[222,-795],[314,-807],[435,-806],[505,-841],[536,-704],[455,-387],[607,-397],[475,-409],[283,-409],[374,-648],[506,-931],[829,-1591],[769,-1193],[1233,-1568],[1153,-1261],[1557,-1681],[516,-602],[991,-1193],[1072,-1295],[354,-455],[253,-329],[626,-932],[415,-670],[283,-761],[223,-648],[263,-545],[414,-534],[475,-432],[870,-477],[475,-216],[213,-91],[657,-295],[1274,-455],[566,-249],[435,-307],[384,-341],[476,-477],[131,-137],[546,-420],[142,-91],[910,-556],[606,-421],[819,-591],[486,-397],[971,-830],[788,-681],[263,-239],[445,-466],[566,-624],[597,-762],[961,-1465],[131,-205],[1628,-2454],[698,-977],[303,-363],[415,-477],[869,-955],[597,-545],[829,-579],[1112,-671],[1113,-500],[667,-409],[809,-568],[688,-545],[697,-738],[708,-739],[718,-636],[667,-659],[1022,-977],[1051,-1000],[830,-920],[960,-1261],[860,-1000],[647,-704],[981,-909],[1031,625],[576,386],[425,375],[384,420],[668,1102],[374,455],[394,363],[678,625],[627,682],[627,806],[566,841],[323,739],[112,534],[50,454],[10,534],[-50,466],[-71,681],[-20,159],[-101,921],[-91,795],[-21,738],[71,693],[233,750],[607,1034],[859,1272],[465,898],[192,557],[122,522],[60,546],[-40,522],[-142,534],[-465,909],[-111,205],[-384,670],[-233,432],[-152,295],[-616,1000],[-617,1136],[-657,1193],[-284,727],[-151,625],[-31,556],[91,886],[152,1171],[334,1579],[162,943],[30,261],[10,568],[-61,477],[-131,523],[-324,943],[-182,659],[-60,625],[50,659],[142,715],[50,443],[0,500],[-30,375],[-51,523],[-121,829],[-71,943],[0,784],[122,750],[212,693],[374,829],[415,705],[384,477],[384,318],[395,147],[364,35],[485,-319],[425,-454],[667,-807],[728,-943],[627,-783],[597,-614],[525,-432],[526,-375],[1011,-568],[718,-352],[344,-159],[789,-261],[1567,-307],[1426,-182],[708,-57],[404,23],[536,34],[617,125],[445,182],[364,250],[607,591],[374,375],[253,216],[556,193],[404,-46],[1234,-307],[687,-136],[496,-23],[506,69],[1061,295],[516,148],[445,102],[485,0],[526,-80],[384,-22],[395,34],[333,102],[587,398],[414,386],[304,432],[182,420],[131,534],[71,557],[-20,340],[-101,375],[-273,591],[-273,648],[-91,431],[-10,387],[283,613],[485,364],[485,136],[1578,295],[2204,398],[1507,307],[890,227],[505,193],[223,182],[192,488],[0,603],[-111,522],[-374,1193],[-203,545],[-202,489],[-202,511],[-162,318],[-172,398],[142,488],[404,194],[546,22],[516,-227],[344,-159],[323,-91],[385,-79],[394,-46],[536,12],[445,22],[404,46],[344,45],[728,102],[486,114],[434,159],[374,239],[375,272],[232,262],[405,670],[384,795],[202,318],[344,216],[455,11],[283,-102],[678,-409],[1213,-886],[880,-716],[91,-79],[647,-557],[283,-204],[415,-125],[374,113],[323,364],[658,818],[232,272],[364,182],[486,-147],[404,-432],[293,-307],[233,-261],[546,-489],[414,-306],[415,-216],[506,-193],[707,-296],[688,-295],[425,-239],[485,-363],[799,-659],[1234,-1114],[616,-534],[334,-295],[293,-239],[344,-272],[384,-341],[213,-205],[303,-409],[435,-738],[445,-750],[768,-1102],[486,-602],[354,-409],[242,-227],[294,-239],[293,-204],[374,-193],[597,-228],[475,-68],[354,-57],[768,-22],[657,45],[263,46],[405,68],[253,79],[384,102],[617,273],[384,250],[222,205],[597,556],[506,568],[445,341],[566,284],[778,296],[476,90],[434,12],[435,-68],[1072,-307],[546,-159],[465,-136],[637,-160],[476,-90],[354,-35],[505,91],[354,182],[324,125],[424,193],[526,318],[445,409],[233,318],[515,739],[455,659],[789,1056],[576,750],[354,455],[415,534],[374,465],[384,523],[213,375],[202,432],[91,295],[91,409],[71,466],[10,727],[-20,1045],[-10,864],[10,658],[131,614],[132,352],[171,341],[172,273],[263,352],[334,318],[344,250],[333,182],[425,170],[273,68],[374,46],[435,0],[607,-103],[384,-79],[455,-102],[344,-68],[576,-91],[415,-12],[263,34],[404,69],[556,181],[374,216],[445,352],[415,398],[455,443],[607,602],[384,375],[334,239],[465,204],[374,68],[384,0],[465,-113],[354,-159],[577,-296],[222,-341],[-162,-386],[-212,-568],[-202,-534],[-91,-307],[-253,-647],[-121,-557],[-21,-363],[-273,-432],[-424,-114],[-273,-500],[-182,-636],[-233,-420],[-20,-364],[-71,-443],[-101,-363],[-374,-455],[-162,-602],[121,-363],[0,-512],[-50,-363],[10,-568],[30,-398],[0,-511],[-10,-364],[-152,-545],[-202,-454],[-404,-398],[-192,-352],[131,-625],[273,-443],[253,-216],[435,-284],[465,-284],[435,-273],[252,-227],[233,-420],[394,-216],[486,-227],[546,-137],[333,137],[314,-46],[293,-284],[526,-409],[425,11],[313,-79],[182,-454],[293,-330],[425,-170],[556,-182],[324,170],[303,80],[374,-125],[364,-273],[486,-307],[232,-272],[385,-318],[546,-273],[283,-227],[151,-455],[101,-261],[294,-454],[465,-443],[475,-216],[617,-103],[334,-125],[434,80],[354,-23],[314,-227],[374,-364],[425,-204],[293,-227],[364,-273],[253,-329],[505,-193],[567,-171],[323,-261],[293,-262],[375,-522],[374,-398],[556,-79],[374,-23],[495,-284],[253,-432],[324,-57],[425,23],[323,12],[344,-239],[152,-466],[161,-477],[253,-227],[233,-477],[40,-489],[314,-284],[252,-227],[425,-341],[293,-182],[284,-363],[343,-432],[304,-193],[445,-273],[303,-545],[313,-375],[263,-284],[294,-295],[353,-330],[193,-182],[313,-295],[273,-307],[263,-341],[202,-250],[243,-329],[192,-227],[445,-284],[293,-91],[415,-261],[212,-398],[91,-318],[182,-432],[182,-398],[192,-420],[172,-250],[395,-295],[131,-318],[-30,-500],[111,-318],[344,-353],[354,-249],[252,-205],[273,-250],[395,-545],[192,-398],[202,-647],[61,-353],[222,-431],[385,-91],[556,-330],[435,0],[596,91],[435,-488],[273,-443],[303,-421],[273,-375],[172,-318],[202,-500],[253,-409],[405,-499],[263,-250],[404,-478],[253,-499],[283,-273],[435,-148],[303,-170],[384,-284],[546,-159],[314,11],[404,136],[486,216],[435,205],[252,79],[385,57],[374,91],[404,148],[435,136],[253,23],[536,-318],[333,-421],[324,-307],[273,-193],[566,-56],[324,249],[526,-147],[455,-227],[445,215],[222,205],[364,295],[374,68],[577,-56],[445,-307],[151,-352],[213,-375],[232,-273],[415,-522],[242,-364],[233,-341],[243,-352],[596,-250],[476,409],[434,273],[304,113],[455,182],[303,171],[516,409],[-10,511],[-203,693],[-131,375],[-81,352],[-10,500],[152,659],[-21,545],[61,693],[91,454],[30,637],[61,375],[182,431],[122,216],[212,466],[61,386],[0,409],[70,352],[213,443],[222,591],[121,443],[132,353],[334,477],[536,68],[606,-137],[536,-193],[546,-238],[445,-284],[303,-239],[365,-284],[323,-216],[445,-261],[425,-227],[475,-239],[617,-307],[455,-215],[920,-466],[556,-318],[566,-262],[516,-170],[607,-125],[708,-80],[869,-34],[769,57],[900,159],[839,148],[364,11],[445,-125],[455,-375],[415,-136],[333,-79],[465,-341],[304,-296],[475,-136],[303,114],[496,420],[364,250],[313,284],[425,443],[303,364],[253,352],[263,386],[263,295],[506,432],[414,352],[384,432],[324,420],[334,614],[424,738],[364,682],[193,307],[364,272],[535,57],[557,-250],[374,-250],[364,-306],[283,-489],[0,-443],[-20,-295],[-41,-432],[314,-386],[526,147],[394,-329],[394,284],[142,443],[536,170],[445,-102],[283,23],[424,113],[456,0],[566,-284],[283,-386],[232,-625],[-50,-466],[-223,-204],[-303,-273],[-91,-488],[121,-375],[233,-420],[354,-57],[516,182],[131,-489],[587,205],[313,181],[425,-34],[394,443],[223,273],[586,68],[152,-432],[91,-363],[293,-489],[435,80],[313,204],[486,-56],[263,125],[505,-273],[152,-557],[566,-34],[324,0],[202,-488],[-162,-512],[-232,-568],[40,-545],[142,-375],[-11,-716],[31,-488],[394,-239],[283,34],[304,-386],[-112,-329],[405,-512],[546,-11],[485,68],[334,114],[445,-23],[192,-295],[101,-398],[20,-511],[304,-591],[111,-693],[182,-443],[212,-398],[0,-329],[91,-534],[10,-341],[233,-534],[212,-239],[172,-420],[0,-591],[-60,-784],[-31,-420],[0,-454],[10,-443],[81,-500],[162,-614],[121,-681],[-20,-500],[-30,-659],[10,-477],[40,-307],[213,-523],[354,-432],[505,-408],[283,-194],[364,-215],[334,-398],[192,-398],[283,-102],[354,-34],[475,-34],[466,-102],[192,-262],[71,-420],[131,-511],[162,-318],[313,-500],[455,-750],[395,-625],[354,-602],[242,-511],[314,-932],[151,-363],[213,-296],[455,-443],[344,-295],[323,-307],[-20,-386],[-667,-852],[-425,-614],[-627,-931],[-667,-955],[-476,-613],[-293,-387],[-404,-465],[-476,-523],[-435,-443],[-444,-432],[-425,-352],[-951,-750],[-303,-397],[-111,-319],[-91,-522],[-334,-580],[-212,-215],[-374,-330],[-476,-352],[-738,-591],[-950,-647],[-415,-216],[-394,-102],[-597,-91],[-586,-23],[-273,-11],[-921,22],[-353,-22],[-435,-250],[-233,-500],[-50,-341],[-11,-455],[21,-624],[20,-387],[-61,-602],[-111,-375],[-273,-363],[-293,-273],[-233,-341],[41,-522],[141,-284],[162,-398],[81,-659],[20,-625],[-20,-352],[-30,-420],[-71,-466],[-152,-704],[0,-466],[121,-364],[334,-284],[627,-318],[314,-148],[303,-147],[364,-455],[20,-477],[374,-545],[668,-421],[263,-238],[222,-250],[182,-364],[172,-420],[192,-648],[202,-511],[344,-352],[253,-170],[243,-296],[141,-307],[192,-568],[233,-943],[111,-477],[91,-363],[182,-591],[263,-341],[283,-148],[475,-363],[304,-330],[202,-306],[192,-659],[51,-852],[50,-648],[81,-534],[121,-284],[203,-352],[182,-318],[212,-523],[-61,-545],[-192,-352],[-151,-352],[-71,-364],[40,-625],[162,-409],[243,-398],[303,-329],[587,-602],[323,-432],[132,-182],[333,-647],[273,-750],[142,-636],[253,-1091],[81,-329],[252,-1420],[71,-659],[0,-512],[-20,-386],[-51,-341],[-232,-556],[-243,-296],[-293,-341],[-233,-375],[-141,-374],[-31,-341],[132,-648],[212,-284],[415,-329],[1132,-625],[688,-455],[354,-261],[344,-352],[222,-341],[162,-432],[101,-568],[101,-579],[142,-386],[283,-432],[253,-454],[161,-489],[81,-477],[31,-466],[-41,-443],[-61,-466],[51,-716],[212,-579],[273,-761],[284,-705],[273,-534],[353,-590],[405,-455],[334,-318],[465,-272],[344,-125],[374,-80],[384,-80],[748,-147],[1729,-239],[880,-102],[657,-34],[728,34],[910,91],[991,91],[627,-68],[557,-159],[728,-307],[455,-193],[424,-103],[354,-22],[304,34],[515,102],[607,91],[384,-23],[415,-182],[1284,-659],[1183,-647],[819,-409],[1021,-523],[1062,-477],[1183,-466],[1102,-431],[1042,-387],[1102,-409],[850,-420],[920,-523],[647,-329],[657,-307],[617,-238],[789,-262],[839,-204],[1011,-182],[930,-159],[1062,-80],[1739,-79],[1608,0],[850,-34],[485,-68],[303,-171],[334,-386],[10,-454],[-212,-478],[-395,-727],[-485,-715],[-485,-728],[-41,-68],[-465,-579],[-445,-466],[-526,-386],[-495,-273],[-212,-125],[-759,-477],[-677,-307],[-637,-318],[-405,-261],[-344,-295],[-465,-353],[-465,-284],[-597,-204],[-596,-171],[-334,-193],[-253,-261],[-424,-420],[-385,-307],[-364,-216],[-434,-227],[-779,-273],[-829,-295],[-971,-273],[-536,-79],[-758,-137],[-445,-113],[-486,-432],[-91,-489],[31,-295],[283,-523],[273,-204],[344,-114],[344,-34],[616,-34],[445,-34],[455,-295],[203,-421],[262,-534],[263,-272],[284,-193],[343,-148],[354,-46],[546,34],[526,12],[324,-68],[333,-239],[516,-557],[374,-363],[314,-205],[445,-159],[475,-56],[819,34],[566,-34],[364,-91],[425,-387],[232,-545],[233,-375],[516,-375],[435,-147],[424,-137],[415,-375],[202,-397],[334,-284],[253,-80],[707,-136],[445,-91],[374,-148],[375,-284],[353,-341],[334,-238],[374,-182],[465,-102],[395,-46],[333,-34],[456,-79],[414,-137],[324,-227],[475,-432],[435,-386],[667,-613],[617,-455],[900,-613],[1153,-727],[829,-455],[718,-295],[1153,-511],[839,-398],[556,-341],[607,-477],[515,-568],[465,-625],[759,-1113],[303,-546],[324,-511],[101,-284],[263,-466],[465,-409],[283,-136],[526,-148],[506,-216],[495,-284],[415,-363],[171,-250],[354,-511],[789,-1409],[344,-500],[293,-284],[364,-193],[344,-91],[394,-34],[374,23],[718,147],[375,91],[465,-57],[303,-363],[354,-1159],[172,-341],[192,-295],[313,-330],[385,-250],[424,-272],[364,-318],[263,-307],[516,-364],[455,12],[455,136],[597,0],[435,-182],[485,-45],[374,91],[536,-46],[546,-170],[556,-318],[354,-318],[293,-364],[243,-432],[455,-465],[364,-262],[415,-272],[343,-205],[364,-159],[395,-102],[323,-34],[587,136],[516,34],[475,-79],[263,0],[414,159],[304,375],[273,170],[344,159],[364,91],[364,45],[394,-68],[425,-136],[455,-250],[647,-398],[414,-204],[405,-114],[344,-45],[445,23],[606,34],[344,22],[657,23],[698,-11],[678,-91],[505,-137],[445,-147],[475,-148],[374,-182],[486,-238],[435,-250],[323,-171],[546,-170],[647,-114],[455,-22],[476,34],[556,45],[323,12],[284,-35],[475,-227],[546,-284],[495,-45],[587,45],[404,-136],[283,-330],[304,-443],[242,-295],[405,-341],[334,-148],[323,-284],[142,-534],[81,-420],[81,-420],[252,-466],[486,-636],[253,-341],[121,-261],[131,-512],[0,-352],[-30,-420],[51,-523],[273,-477],[343,-602],[466,-852],[40,-80],[435,-761],[414,-727],[324,-523],[445,-568],[222,-238],[405,-421],[414,-431],[405,-387],[182,-159],[526,-409],[758,-499],[748,-387],[991,-477],[415,-261],[394,-261],[304,-182],[445,-114],[293,68],[364,137],[546,68],[465,-182],[222,-261],[253,-409],[192,-284],[385,-421],[283,-284],[283,-250],[283,-170],[384,-170],[617,-137],[516,-102],[313,-159],[253,-216],[243,-557],[81,-522],[30,-671],[192,-624],[475,-318],[637,-57],[455,-12],[405,-147],[313,-387],[455,-420],[395,-261],[384,-205],[435,-284],[505,-431],[728,-671],[385,-318],[839,-716],[617,-500],[50,-45],[526,-432],[384,-318],[364,-341],[354,-397],[263,-364],[324,-568],[364,-681],[475,-853],[162,-272],[435,-693],[404,-671],[465,-624],[526,-603],[142,-159],[677,-613],[819,-909],[708,-863],[546,-637],[546,-613],[314,-318],[283,-273],[354,-295],[283,-205],[799,-568],[687,-454],[607,-409],[556,-352],[536,-296],[748,-318],[658,-238],[829,-273],[920,-239],[728,-193],[40,-11],[759,-239],[516,-113],[434,-46],[465,-23],[435,23],[314,57],[526,68],[1051,284],[1042,250],[748,102],[576,46],[395,-46],[364,-102],[657,-307],[870,-556],[1061,-796],[557,-352],[586,-352],[971,-454],[788,-353],[850,-477],[1213,-715],[627,-364],[61,-34],[607,-318],[495,-216],[415,-159],[515,-136],[536,-91],[304,-34],[343,-46],[1173,-34],[1719,-125],[728,-159],[971,-273],[759,-284],[960,-488],[819,-636],[496,-557],[374,-648],[182,-534],[202,-545],[122,-341],[343,-534],[243,-227],[445,-409],[435,-420],[435,-318],[455,-307],[-21,-68],[-151,-886],[-101,-591],[-51,-602],[-71,-512],[-40,-329],[-111,-818],[-142,-761],[-142,-477],[-131,-512],[-81,-397],[-51,-364],[0,-420],[-10,-534],[-30,-409],[-91,-432],[-152,-534],[-151,-443],[-152,-341],[-192,-352],[-263,-591],[-71,-397],[-131,-784],[-61,-466],[10,-636],[-10,-489],[-131,-636],[-314,-477],[-202,-318],[-192,-511],[-81,-716],[-51,-284],[-192,-500],[-263,-330],[-485,-443],[-293,-306],[-203,-318],[-151,-375],[-111,-466],[-91,-557],[10,-432],[0,-568],[10,-431],[-132,-568],[-202,-478],[-121,-374],[20,-637],[-10,-306],[-101,-478],[-253,-318],[-324,-284],[-323,-227],[-192,-216],[-172,-466],[-111,-420],[-152,-386],[-455,-409],[-263,-182],[-223,-386],[-60,-398],[-101,-613],[-162,-682],[-212,-602],[-61,-341],[-20,-398],[10,-602],[-10,-625],[-41,-545],[-81,-659],[-91,-591],[-101,-647],[-10,-364],[30,-363],[112,-523],[151,-443],[101,-318],[31,-534],[-61,-443],[-101,-477],[-51,-375],[51,-625],[91,-659],[40,-443],[-10,-295],[-30,-489],[81,-704],[141,-455],[213,-511],[303,-716],[263,-613],[384,-841],[385,-807],[242,-568],[192,-534],[81,-352],[20,-431],[-30,-353],[-91,-386],[-152,-409],[-101,-295],[-50,-602],[40,-330],[61,-602],[-30,-477],[-51,-409],[-71,-545],[-30,-216],[-142,-682],[-141,-591],[-203,-693],[-232,-625],[-233,-511],[-232,-363],[-283,-330],[-455,-488],[-617,-557],[-637,-511],[-577,-398],[-424,-386],[-364,-477],[-607,-727],[-799,-898],[-708,-750],[-647,-716],[-344,-409],[-222,-363],[-162,-386],[-91,-409],[-81,-648],[-121,-818],[-91,-386],[-111,-352],[-132,-341],[-253,-421],[-172,-249],[-465,-580],[71,-670],[425,-114],[556,216],[303,273],[405,363],[354,296],[434,284],[405,147],[455,57],[465,-57],[465,-125],[496,-181],[455,-171],[637,-79],[536,125],[445,170],[505,91],[597,34],[414,80],[526,329],[556,170],[627,-68],[445,-113],[526,-182],[738,-341],[374,-250],[314,-284],[243,-295],[353,-591],[223,-500],[182,-329],[414,-409],[284,-114],[606,34],[455,182],[577,79],[485,-250],[374,-284],[324,-227],[505,-261],[294,-80],[465,-45],[253,79],[404,160],[607,159],[515,-159],[577,-466],[323,-239],[557,-216],[556,-34],[394,182],[334,341],[718,784],[505,511],[435,432],[445,443],[627,534],[465,306],[526,250],[394,182],[344,227],[324,296],[202,227],[435,636],[333,432],[476,488],[354,421],[475,591],[465,568],[253,306],[465,523],[536,500],[364,318],[465,318],[465,193],[516,80],[384,-12],[465,-125],[385,-170],[283,-227],[293,-636],[40,-512],[101,-556],[263,-375],[617,-341],[273,-216],[233,-466],[20,-307],[-51,-545],[-91,-432],[-161,-431],[-253,-455],[-445,-636],[-273,-420],[-71,-262],[202,-624],[435,-330],[202,-238],[21,-478],[-283,-295],[-587,-375],[-647,-477],[-627,-489],[-455,-465],[-182,-478],[91,-465],[212,-398],[263,-545],[172,-466],[0,-580],[-172,-374],[-607,-591],[-353,-262],[-344,-590],[60,-477],[284,-989],[161,-579],[0,-671],[-232,-363],[-516,-409],[-819,-557],[-51,-22],[-616,-375],[-526,-239],[-779,-193],[-667,-216],[-293,-182],[-233,-261],[-233,-364],[-182,-431],[-101,-443],[-20,-409],[61,-421],[141,-659],[132,-738],[182,-1102],[111,-591],[253,-1318],[81,-795],[20,-443],[-81,-704],[-142,-444],[-171,-306],[-233,-273],[-334,-568],[-151,-432],[-51,-466],[10,-477],[61,-477],[81,-386],[121,-318],[243,-466],[263,-557],[121,-431],[20,-353],[-30,-375],[-81,-374],[-121,-466],[-61,-375],[30,-614],[213,-681],[384,-625],[536,-898],[556,-1068],[404,-840],[193,-636],[70,-512],[-10,-454],[-60,-477],[-31,-421],[51,-443],[111,-295],[111,-636],[-81,-523],[-101,-375],[-313,-613],[-455,-375],[-293,-489],[-102,-443],[-70,-625],[-41,-420],[-131,-364],[-283,-431],[-112,-307],[-182,-511],[10,-477],[263,-341],[455,-284],[243,-216],[243,-466],[91,-443],[91,-500],[303,-454],[253,-216],[152,-386],[-253,-489],[30,-659],[617,-11],[283,-23],[405,-432],[333,-204],[273,-46],[496,-454],[101,-443],[192,-307],[364,-216],[435,-420],[182,-409],[-192,-591],[-152,-363],[-374,-387],[-303,-272],[-142,-546],[-192,-352],[-243,-261],[-131,-386],[-516,-284],[-495,0],[-627,34],[-455,170],[-466,329],[-465,284],[-445,182],[-364,46],[-475,-68],[-495,-148],[-405,-182],[-293,-114],[-415,-136],[-273,-91],[-424,-68],[-536,-68],[-385,-170],[-505,-171],[-435,330],[-364,329],[-263,-182],[-394,-91],[-314,-204],[-364,-250],[-182,-227],[-323,-477],[-253,-353],[-273,-306],[-475,-375],[-597,-57],[-516,148],[-445,261],[-374,557],[-182,454],[-141,364],[-152,295],[-253,454],[-172,318],[-333,398],[-284,296],[-252,238],[-354,159],[-294,239],[-323,57],[-374,-171],[-334,-45],[-384,56],[-324,171],[-374,500],[-313,284],[-375,57],[-283,-57],[-374,-46],[-313,-193],[-455,-57],[-324,-34],[-414,-91],[-496,-159],[-425,-147],[-546,-125],[-354,91],[-546,45],[-596,205],[-395,511],[-131,363],[-91,546],[-111,318],[-385,238],[-283,284],[-424,375],[-455,171],[-385,125],[-424,170],[-556,250],[-516,170],[-384,80],[-587,-34],[-263,-11],[-485,-12],[-556,-261],[-364,-171],[-334,-136],[-405,136],[-303,148],[-485,159],[-334,-11],[-556,-205],[-263,-306],[-445,386],[-172,454],[-151,307],[-304,432],[-222,250],[-546,318],[-455,-91],[-385,295],[-343,568],[-263,-159],[-344,-602],[-445,-466],[-435,-68],[-232,-216],[-385,-375],[-232,-363],[-253,-216],[-445,68],[-324,102],[-485,159],[-617,12],[-394,-239],[-485,-318],[-273,-148],[-476,-454],[-293,-295],[-465,-296],[-283,-147],[-476,-216],[-343,-182],[-203,-273],[-202,-500],[-222,-636],[-111,-454],[-102,-523],[-60,-659],[40,-591],[71,-488],[20,-307],[-71,-488],[-131,-296],[-223,-579],[-80,-500],[-193,-523],[-343,-499],[-122,-455],[41,-488],[81,-421],[81,-329],[-11,-546],[-60,-272],[-182,-523],[-132,-397],[-91,-682],[-30,-659],[0,-420],[-61,-682],[-242,-443],[-546,-341],[-304,23],[-354,68],[-303,91],[-405,113],[-515,148],[-941,216],[-809,159],[-829,114],[-910,56],[-839,0],[-566,-22],[-506,-34],[-435,-46],[-333,-57],[-557,-181],[-445,-250],[-384,-228],[-384,-125],[-354,-68],[-455,-34],[-425,34],[-556,80],[-364,34],[-394,-11],[-395,-69],[-505,-125],[-425,-147],[-384,-114],[-364,-68],[-405,-11],[-343,11],[-809,79],[-536,-34],[-435,-91],[-465,-170],[-445,-148],[-415,-90],[-505,-57],[-385,-34],[-707,-12],[-627,0],[-405,23],[-1102,68],[-597,46],[-606,79],[-536,80],[-475,113],[-820,227],[-495,148],[-404,68],[-526,34],[-688,-22],[-354,11],[-313,23],[-395,79],[-495,114],[-627,136],[-607,171],[-657,204],[-415,91],[-404,57],[-506,45],[-586,57],[-678,148],[-546,147],[-576,205],[-708,148],[-435,34],[-364,-57],[-424,-136],[-658,-341],[-323,-137],[-314,-68],[-424,-45],[-536,-34],[-850,-57],[-940,-114],[-1123,-170],[-1092,-125],[-940,-91],[-627,-45],[-526,-23],[-485,34],[-526,57],[-495,34],[-395,11],[-404,-45],[-405,-57],[-566,-91],[-293,-57],[-354,-34],[-344,0],[-506,12],[-627,-35],[-404,-45],[-546,-57],[-809,-136],[-900,-171],[-667,-136],[-395,-34],[-313,-11],[-546,22],[-455,-22],[-577,-103],[-475,-113],[-364,-80],[-505,-68],[-900,-91],[-223,-22],[-748,-103],[-1163,-159],[-556,-57],[-384,-90],[-364,-148],[-375,-125],[-353,-68],[-314,-23],[-475,-11],[-354,0],[-597,-159],[-354,-171],[-515,-125],[-395,-45],[-596,-46],[-577,-45],[-697,-91],[-557,-114],[-485,-136],[-455,-159],[-364,-45],[-425,-12],[-525,23],[-658,45],[-546,23],[-515,-34],[-506,-68],[-394,-125],[-597,-23],[-516,136],[-435,205],[-414,136],[-445,34],[-667,-11],[-506,-57],[-425,-102],[-1082,-329],[-354,-80],[-323,0],[-324,45],[-344,91],[-465,171],[-546,272],[-505,262],[-324,136],[-303,68],[-405,12],[-505,-57],[-455,-125],[-425,-68],[-334,22],[-505,-11],[-445,-102],[-647,-239],[-496,-193],[-566,-216],[-435,-159],[-374,-182],[-536,-250],[-698,-329],[-404,-114],[-425,-79],[-415,-46],[-515,-11],[-597,45],[-546,23],[-404,-34],[-526,-125],[-577,-193],[-677,-227],[-586,-216],[-931,-307],[-515,-159],[-456,-114],[-515,-113],[-506,-68],[-424,-34],[-395,-23],[-516,-23],[-364,-45],[-333,-68],[-354,-103],[-364,-125],[-546,-147],[-304,-23],[-434,34],[-557,23],[-273,-68],[-424,-125],[-597,-216],[-455,-137],[-475,-125],[-708,-159],[-597,-204],[-475,-250],[-485,-273],[-738,-522],[-688,-477],[-657,-421],[-445,-261],[-455,-296],[-435,-363],[-415,-295],[-303,-171],[-425,-182],[-283,-113],[-344,-171],[-556,-306],[-384,-239],[-576,-307],[-880,-454],[-496,-239],[-273,-136],[-445,-205],[-677,-272]],[[216686,429431],[10,-522],[-50,-387],[-162,-443],[-61,-284],[11,-466],[40,-681],[30,-432],[31,-432],[10,-352],[81,-579],[60,-330],[21,-477],[-112,-568],[-141,-409],[-172,-454],[-192,-443],[-152,-216],[-253,-352],[-414,-659],[-486,-591],[-323,-421],[-314,-363],[-273,-318],[-162,-227],[-343,-443],[-192,-478],[-102,-534],[-141,-784],[-81,-477],[-142,-556],[-283,-602],[-182,-387],[-263,-579],[-101,-284],[-222,-568],[-172,-523],[-111,-500],[-61,-352],[-61,-443],[-20,-477],[0,-307],[-20,-591],[-91,-409],[-111,-613],[-61,-352],[-91,-602],[-20,-296],[-41,-772],[-50,-1057],[-51,-500],[-40,-568],[-10,-341],[0,-647],[10,-466],[40,-557],[0,-613],[10,-511],[10,-466],[21,-375],[60,-568],[10,-591],[21,-454],[60,-330],[142,-454],[232,-409],[142,-602],[121,-444],[122,-420],[81,-375],[-112,-647],[-293,-421],[-324,-318],[-182,-136],[-394,-375],[0,-432],[51,-568],[121,-681],[142,-444],[151,-420],[162,-488],[192,-659],[142,-523],[111,-477],[121,-602],[112,-489],[202,-909],[182,-659],[162,-590],[171,-512],[203,-522],[263,-625],[192,-602],[111,-341],[435,-1352],[111,-591],[30,-750],[112,-931],[70,-989],[41,-624],[121,-909],[172,-557],[273,-1068],[455,-1420],[394,-1443],[243,-727],[30,-102],[324,-943],[374,-1148],[405,-1136],[364,-965],[344,-796],[434,-829],[314,-738],[394,-898],[435,-750],[172,-670],[303,-193],[182,-455],[192,-363],[374,-511],[223,-273],[273,-330],[546,-624],[253,-364],[232,-307],[364,-556],[193,-250],[465,-637],[273,-329],[323,-409],[405,-364],[485,-329],[627,-488],[405,-239],[637,-330],[475,-181],[495,-216],[324,-216],[880,-704],[374,-250],[364,-250],[394,-159],[516,-125],[657,-148],[536,-114],[142,-22],[920,-114],[465,-79],[455,-91],[617,-171],[576,-204],[678,-250],[687,-341],[1032,-511],[667,-296],[860,-352],[758,-363],[505,-296],[324,-227],[303,-273],[344,-329],[435,-580],[556,-738],[668,-909],[222,-341],[192,-363],[324,-489],[273,-431],[202,-285],[344,-431],[303,-307],[516,-341],[344,-238],[546,-239],[343,-125],[365,-114],[566,-238],[556,-409],[485,-352],[567,-432],[950,-818],[-61,-341],[132,-409],[293,-602],[202,-466],[263,-159],[354,-443],[20,-466],[-121,-363],[-192,-580],[40,-465],[71,-409],[61,-387],[20,-500],[-101,-556],[-111,-477],[-91,-353],[-112,-340],[-364,-432],[-343,-466],[-21,-386],[172,-375],[91,-318],[-182,-557],[-344,-136],[-404,-68],[-253,-387],[-60,-329],[-31,-568],[10,-386],[-40,-512],[-81,-386],[-71,-523],[20,-261],[-606,-1784],[-334,-1317],[-142,-693],[-50,-341],[0,-398],[20,-477],[41,-511],[10,-1193],[30,-830],[0,-397],[20,-352],[71,-625],[131,-1091],[91,-772],[193,-1557],[81,-579],[-112,-1136],[-445,-2204],[-616,-8657]],[[246274,303439],[-1194,715],[-3033,1795],[-1800,1250],[-1901,795],[-1921,852],[-2579,1341],[-273,250],[-293,307],[-202,193],[-344,329],[-61,375],[-141,341],[-304,307],[-222,216],[-334,340],[-233,262],[-212,272],[-232,296],[-203,261],[-303,386],[-415,455],[-293,193],[-455,80],[-505,-91],[-405,-69],[-303,-56],[-465,-12],[-425,12],[-496,22],[-394,-56],[-475,238],[-132,398],[-394,477],[-233,375],[-232,647],[-223,262],[-343,409],[-223,375],[-354,454],[-404,364],[-354,204],[-263,114],[-465,102],[-577,159],[-414,216],[212,602],[51,477],[-203,352],[-222,523],[10,398],[-61,431],[-141,727],[-263,455],[-384,375],[-263,227],[-354,136],[-455,103],[-344,68],[-273,216],[-283,386],[-354,579],[-212,511],[-162,455],[-364,-34],[-304,-137],[-556,-102],[-424,46],[-324,125],[-455,193],[-566,-80],[-425,-329],[-495,-341],[-425,-193],[-435,-250],[-404,-557],[-324,-636],[-293,-602],[-213,-364],[-323,-602],[-182,-613],[-61,-352],[-61,-398],[-252,-375],[-203,-454],[-323,-625],[-132,-364],[-161,-409],[-294,-670],[-202,-602],[-232,-818],[-132,-568],[-172,-500],[-232,-284],[-314,-409],[-455,-682],[-344,-261],[-404,68],[-303,80],[-324,102],[-314,102],[-404,170],[-586,250],[-526,194],[-283,56],[-425,-45],[-314,-11],[-556,295],[-384,204],[-455,364],[-283,227],[-354,205],[-475,113],[30,330],[61,420],[20,591],[-20,363],[50,409],[81,500],[-40,489],[-101,307],[-233,420],[-313,443],[10,352],[182,636],[202,341],[283,352],[10,443],[-20,478],[394,534],[122,431],[-31,352],[-111,432],[-202,568],[-91,273],[-243,466],[-374,181],[-313,-522],[-223,-341],[-222,-375],[-304,-397],[-273,-364],[-445,-568],[-323,-409],[-395,-375],[-343,-159],[-435,-102],[-425,-34],[-253,0],[-495,22],[-678,34],[-940,23],[-728,23],[-900,45],[-667,34],[-314,12],[-526,68],[-505,91],[-931,159],[-485,102],[-263,68],[-415,91],[-384,46],[-495,45],[-718,57],[-597,45],[-718,12],[-647,11],[-647,34],[-415,11],[-455,12],[-414,0],[-405,0],[-344,11],[-374,57],[-434,102],[-567,193],[-354,205],[-303,295],[-404,477],[-253,284],[-364,478],[-294,420],[-212,318],[-182,307],[-253,375],[-212,216],[-303,374],[-142,194],[-303,375],[-334,386],[-536,386],[-354,182],[-495,204],[-455,250],[-243,148],[-405,227],[-384,318],[-323,205],[-263,113],[-597,194],[-566,170],[-1092,329],[-465,159],[-546,171],[-344,102],[-415,46],[-293,-46],[-415,-204],[-364,-273],[-374,-273],[-344,-159],[-596,-170],[-445,-114],[-496,-11],[-273,-136],[-333,-500],[-41,-364],[-40,-443],[-121,-500],[-193,-318],[-424,-341],[-425,0],[-212,284],[-31,602],[-394,239],[-303,68],[-567,102],[-394,23],[-324,-34],[-465,-250],[-333,-568],[-122,-341],[-273,-443],[-404,-102],[-314,102],[-303,614],[-182,522],[-172,284],[-394,182],[-314,-11],[-526,-353],[-455,-352],[-394,-204],[-384,34],[-304,91],[-333,170],[-445,261],[-263,205],[-293,193],[-284,205],[-424,227],[-243,79],[-586,182],[-314,57],[-404,102],[-283,102],[-789,262],[-516,136],[-445,114],[-445,159],[-303,216],[-71,647],[51,500],[40,352],[-232,386],[-466,353],[-374,-80],[-263,-159],[-374,-227],[-485,-227],[-384,0],[-314,11],[-354,45],[-384,35],[-303,34],[-506,125],[-415,250],[-222,215],[-313,409],[-263,603],[-162,284],[-293,272],[-395,250],[-424,239],[-526,250],[-455,193],[-324,11],[-425,-295],[-252,-352],[-223,-194],[-404,-272],[-546,-364],[-516,-307],[-253,-170],[-455,-239],[-445,-249],[-576,-353],[-496,-375],[-283,-113],[-394,91],[-516,204],[-404,125],[-536,216],[-354,216],[-293,45],[-496,23],[-334,-11],[-525,-103],[-253,-238],[-475,-477],[-496,-455],[-303,-250],[-516,-215],[-344,-114],[-455,-171],[-323,-147],[-334,-91],[-354,-57],[-576,-182],[-193,-261],[-293,-466],[-414,-466],[-182,-397],[-172,-500],[-192,-398],[-233,-352],[-384,-432],[-526,-590],[-202,-262],[-243,-318],[-253,-250],[-283,-170],[-354,-171],[-526,-136],[-303,-68],[-526,-182],[-293,-102],[-475,-23],[-577,182],[-404,102],[-485,102],[-638,91],[-455,-34],[-333,-136],[-516,-273],[-253,-181],[-323,-421],[-405,-295],[-273,-91],[-516,-23],[-556,57],[-333,-125],[-455,-261],[-385,-91],[-414,0],[-233,11],[-516,-216],[-232,-386],[-152,-307],[-192,-409],[-253,-341],[-354,-374],[-374,-284],[-172,-137],[-434,148],[-445,193],[-445,239],[-526,318],[-475,250],[-445,193],[-283,193],[-263,443],[-172,693],[-81,375],[-152,579],[-151,455],[-132,579],[61,625],[151,398],[233,431],[263,284],[182,375],[172,659],[101,523],[-273,522],[-303,284],[-203,319],[-161,397],[-172,443],[-101,352],[262,387],[-151,602],[-192,273],[-506,420],[-435,329],[-485,421],[-273,272],[-374,330],[-233,193],[-384,307],[-324,250],[-505,375],[-263,204],[-475,386],[-263,216],[-273,182],[-294,182],[-354,216],[-394,204],[-232,114],[-364,181],[-506,228],[-283,136],[-384,205],[-526,318],[-395,272],[-273,205],[-313,238],[-384,284],[-375,228],[-535,329],[-405,148],[-293,102],[-334,125],[-354,125],[-475,193],[-313,136],[-324,137],[-485,204],[-304,68],[-617,91],[-374,91],[-526,182],[-414,114],[-324,56],[-354,80],[-495,114],[-354,113],[-506,239],[-505,318],[-435,295],[-253,159],[-404,262],[-334,215],[-506,307],[-404,193],[-516,46],[-445,-23],[-293,-34],[-435,-68],[-323,-46],[-637,-22],[-385,90],[-323,69],[-384,68],[-587,68],[-293,-11],[253,-478],[172,-284],[222,-363],[202,-602],[293,-557],[284,-454],[323,-228],[445,-56],[293,-103],[213,-500],[0,-374],[-273,-478],[-243,-488],[30,-420],[112,-557],[80,-364],[-121,-602],[-475,-295],[-233,-216],[-252,-511],[-71,-659],[40,-568],[223,-318],[222,-296],[-10,-522],[-475,-216],[-546,-239],[-334,-170],[-495,-250],[-486,238],[-364,228],[-414,159],[-294,-80],[-384,-261],[-384,-193],[-516,-216],[-303,-46],[-445,80],[-475,182],[-233,91],[-404,0],[-334,-91],[-577,68],[-586,261],[-405,57],[-364,-170],[-141,-443],[-415,-160],[-475,375],[-465,-306],[-425,136],[-445,227],[-242,-284],[-597,-250],[-425,102],[-485,296],[-293,261],[-314,557],[0,454],[-30,341],[-212,364],[-455,136],[-395,-454],[-263,-273],[-576,136],[-344,318],[-556,296],[-475,216],[-597,125],[-435,34],[-485,-46],[-617,-102],[-425,-46],[-515,-11],[-344,-11],[-516,-68],[-596,-125],[-445,-194],[-223,-261],[-333,-568],[-213,-432],[-111,-329],[-30,-432],[242,-397],[213,-148],[313,-341],[142,-329],[-243,-591],[-334,-136],[-293,-125],[-415,-239],[-525,0],[-486,148],[-374,-216],[-384,23],[-516,102],[-364,68],[-283,11],[-415,0],[-475,-11],[-283,-57],[-607,-136],[-525,-284],[-142,-386],[-172,-591],[101,-523],[253,-352],[263,-193],[283,-386],[-131,-455],[-304,-284],[-333,-79],[-506,-57],[-384,-34],[-536,-80],[-384,-79],[-415,-91],[-314,-114],[-242,-432],[-344,-443],[-314,-147],[-505,-159],[-425,11],[-424,57],[-516,-364],[-182,-602],[10,-579],[10,-387],[-10,-340],[-182,-466],[-455,-500],[-223,-239],[-343,-318],[-516,-284],[-253,-91],[-414,-147],[-445,-216],[-486,-296],[-222,-238],[-182,-614],[-51,-420],[-192,-454],[-131,-319],[-152,-431],[-162,-421],[-404,-261],[-354,-23],[-384,103],[-516,0],[-475,-284],[-314,-284],[-50,-580],[-324,-579],[-516,-273],[-394,-57],[-394,91],[-638,80],[-353,-46],[-375,-34],[-434,159],[-425,284],[-364,261],[-303,319],[-607,-69],[-283,-136],[-415,-68],[-293,136],[-384,159],[-294,23],[-323,-488],[283,-557],[263,-284],[293,-432],[-131,-352],[-314,-193],[-61,-489],[-20,-636],[-232,-488],[-253,-171],[-425,-261],[-293,-171],[-364,-11],[-303,57],[-425,102],[-526,-91],[-415,-341],[-262,23],[-455,295],[-253,330],[-213,591],[-313,261],[-354,0],[-445,-341],[-435,-307],[-627,-34],[-364,0],[-556,228],[-586,-114],[-486,-295],[-374,170],[-455,-227],[-81,-500],[-71,-239],[-404,-261],[-485,-159],[-354,-307],[-122,-341],[-131,-522],[-253,-409],[-354,-557],[-323,-488],[-374,-580],[-223,-375],[-253,-363],[-253,-387],[-384,-420],[-323,227],[-304,182],[-354,148],[-485,136],[-495,46],[-365,-12],[-374,-34],[-546,-57],[-546,-91],[-515,-136],[-476,-182],[-748,-329],[-152,-46],[-1355,-636],[-364,-193],[-798,-341],[-536,-170],[-961,-239],[-536,-91],[-698,-56],[-546,0],[-495,79],[-496,148],[-960,545],[-405,330],[-263,340],[-182,489],[-70,386],[-11,443],[112,580],[374,602],[556,443],[556,284],[637,227],[1406,352],[6158,1341],[647,375],[779,466],[515,454],[698,750],[465,806],[415,1046],[141,1136],[-30,772],[-142,864],[-313,579],[-637,670],[-475,228],[-819,216],[-2872,715],[-658,171],[-353,204],[-789,511],[-1305,943],[-2143,1364],[-1901,886],[-1558,863],[-1102,648],[-1082,954],[-657,739],[-920,1204],[-1163,2056],[-1031,2159],[-749,1647],[-647,1818],[-465,1795],[-142,875],[-70,647],[-51,432],[10,602],[91,636],[111,648],[172,579],[223,591],[222,454],[324,455],[313,318],[637,625],[344,261],[314,182],[343,148],[385,102],[364,11],[354,-11],[313,-80],[405,-136],[313,-227],[354,-352],[202,-319],[1800,-3430],[769,-1421],[1112,-1499],[1254,-1432],[293,-272],[354,-239],[344,-114],[455,-68],[627,0],[606,103],[294,124],[627,500],[1425,1307],[2741,3465],[3610,5010],[525,977],[233,693],[293,1500],[51,647],[10,602],[-61,648],[-50,579],[-162,932],[-152,670],[-192,489],[-222,363],[-486,375],[-485,137],[-556,68],[-334,23],[-384,-57],[-273,-148],[-395,-375],[-849,-1193],[-1648,-2329],[-1355,-1772],[-405,-398],[-900,-715],[-2103,-1330],[-445,-181],[-435,-148],[-394,-68],[-435,-12],[-617,80],[-323,125],[-435,273],[-313,272],[-466,511],[-687,943],[-314,568],[-343,739],[-233,579],[-162,477],[-111,648],[0,375],[30,398],[111,545],[112,488],[222,500],[213,432],[293,420],[303,273],[536,364],[415,193],[364,136],[364,45],[697,0],[1264,-193],[354,-79],[415,-125],[1709,-670],[424,-91],[617,56],[405,148],[313,193],[475,432],[294,364],[222,454],[71,307],[20,522],[-30,318],[-152,478],[-141,261],[-809,1136],[-1942,2715],[-435,955],[-131,420],[-71,693],[20,375],[112,534],[374,829],[445,954],[111,671],[0,477],[-51,625],[-232,1022],[-354,1432],[-162,965],[-61,421],[-20,477],[10,420],[31,477],[81,534],[121,489],[182,534],[354,841],[242,556],[193,296],[2376,3385],[1314,1898],[1568,2283],[1699,1897],[343,500],[162,386],[172,432],[51,341],[-21,591],[-242,727],[-405,1000],[-182,511],[-81,386],[-60,693],[-10,625],[40,500],[131,557],[314,1056],[283,1170],[71,421],[-10,477],[-81,432],[-172,477],[-243,386],[-526,364],[-536,90],[-343,-90],[-526,-353],[-283,-420],[-253,-466],[-910,-1659],[-374,-477],[-455,-522],[-647,-568],[-759,-432],[-526,-125],[-343,11],[-324,46],[-314,125],[-515,341],[-263,250],[-192,295],[-162,363],[-91,307],[-40,523],[20,341],[101,420],[172,477],[202,523],[273,602],[243,409],[768,1022],[263,387],[354,556],[233,682],[111,545],[111,693],[61,1068],[0,591],[-41,579],[-40,307],[-91,432],[-61,363],[-61,671],[-30,727],[-71,1488],[-30,534],[-20,307],[-91,409],[-253,806],[-779,2307],[-242,840],[-243,1057],[-182,977],[-192,738],[-121,375],[-880,1841],[-243,477],[-182,250],[-657,818],[-698,897],[-536,739],[-374,693],[-273,670],[-121,432],[-122,579],[-30,398],[-10,625],[101,1056],[101,1455],[0,363],[-30,477],[-202,659],[-253,375],[-465,398],[-526,250],[-445,68],[-607,0],[-1648,57],[-849,113],[-718,159],[-577,182],[-435,171],[-434,227],[-506,295],[-475,386],[-718,693],[-1143,1296],[-1021,1408],[-212,409],[-112,409],[-30,671],[10,340],[91,693],[121,341],[243,557],[425,239],[253,56],[475,68],[394,35],[435,79],[526,125],[414,148],[304,136],[323,227],[364,250],[314,273],[455,466],[283,409],[162,284],[243,602],[60,397],[41,466],[-10,489],[-51,625],[-101,693],[-283,1488],[-132,625],[-91,363],[-40,648],[10,670],[0,523],[-41,625],[-101,1079],[-81,784],[-111,693],[-111,591],[-61,306],[-161,887],[-142,749],[-91,387],[-152,477],[-293,897],[-81,250],[-232,511],[-132,387],[-111,363],[-71,409],[-121,591],[-91,795],[-71,966],[-91,1125],[-71,590],[-30,432],[-30,807],[0,806],[0,1159],[0,943],[0,602],[-21,466],[-40,477],[-61,568],[-141,1046],[-71,443],[-142,863],[-101,773],[-222,1204],[-91,284],[-203,375],[-131,522],[384,284],[1042,421],[273,113],[465,171],[334,113],[323,91],[324,91],[445,91],[404,68],[364,0],[597,-250],[212,-250],[142,-545],[-41,-500],[-71,-534],[-111,-829],[-50,-330],[-81,-784],[10,-590],[40,-455],[51,-363],[192,-466],[435,-466],[243,-170],[303,-205],[546,-329],[607,-46],[536,296],[323,272],[263,250],[303,273],[263,239],[243,272],[455,409],[415,216],[252,205],[445,261],[435,204],[334,137],[455,204],[556,261],[556,239],[506,193],[505,182],[294,102],[374,182],[263,170],[404,284],[354,330],[313,409],[395,545],[182,409],[131,421],[51,363],[30,420],[20,557],[0,420],[587,262],[293,-398],[293,-409],[354,-420],[334,-421],[455,-454],[536,-375],[445,-136],[607,-12],[606,228],[374,159],[314,147],[303,137],[445,136],[475,57],[294,-91],[354,-205],[374,-227],[495,-295],[415,-227],[556,-148],[637,57],[293,216],[213,420],[-31,443],[-222,568],[-253,318],[-222,273],[-395,534],[-243,363],[-343,602],[-192,421],[-61,363],[-20,512],[20,352],[101,488],[202,489],[314,613],[212,318],[364,444],[556,238],[566,34],[354,-79],[334,-205],[303,-307],[324,-534],[152,-522],[81,-341],[91,-477],[161,-614],[152,-431],[243,-614],[182,-375],[333,-443],[344,-216],[546,-102],[273,0],[445,159],[344,261],[283,625],[61,341],[-10,466],[-81,466],[-142,454],[-263,602],[-202,398],[-131,511],[10,341],[81,534],[273,545],[182,307],[242,420],[263,466],[243,466],[202,364],[202,352],[243,329],[273,205],[334,91],[374,-57],[293,-148],[364,-398],[192,-284],[223,-318],[344,-500],[242,-454],[122,-295],[161,-409],[152,-375],[142,-500],[192,-500],[202,-261],[314,-239],[485,-307],[374,-56],[485,90],[516,421],[293,397],[273,512],[162,386],[-10,727],[-121,409],[-182,568],[-132,398],[-162,409],[-141,443],[-61,375],[202,454],[415,114],[344,22],[465,-11],[556,-34],[465,-57],[182,-34],[981,-125],[566,-68],[435,-23],[607,57],[809,148],[607,91],[50,11],[991,159],[415,57],[273,34],[586,91],[607,238],[465,296],[364,250],[303,272],[344,284],[283,205],[304,216],[364,193],[809,284],[546,170],[394,125],[475,182],[243,91],[384,114],[577,102],[293,-23],[465,-182],[485,-306],[395,-307],[364,-375],[303,-295],[324,-239],[313,-159],[475,11],[344,193],[324,512],[81,431],[71,591],[20,455],[-152,658],[-142,364],[-273,420],[-293,455],[-172,295],[-212,636],[-91,557],[-142,943],[-80,568],[-51,375],[-132,500],[-101,329],[-172,409],[-293,500],[-374,511],[-414,478],[-324,375],[-233,477],[-81,284],[91,704],[364,477],[284,227],[293,194],[323,181],[435,228],[293,90],[354,-352],[162,-272],[253,-375],[415,-443],[364,-318],[333,-228],[425,-318],[344,-204],[364,-91],[475,34],[334,125],[556,238],[485,444],[91,511],[-111,602],[-142,420],[-121,296],[-303,465],[-344,387],[-243,216],[-394,272],[-354,227],[-415,296],[-414,386],[-354,523],[-192,431],[-172,444],[-81,545],[111,557],[142,397],[243,330],[414,465],[354,296],[243,147],[364,205],[293,159],[374,239],[314,261],[232,273],[283,477],[243,500],[131,477],[51,307],[-61,477],[-81,454],[-60,330],[-10,420],[81,568],[101,488],[111,591],[101,534],[91,443],[71,284],[121,409],[111,296],[233,409],[465,397],[253,193],[323,284],[223,171],[283,284],[364,454],[152,262],[162,409],[101,318],[60,420],[-50,614],[-152,397],[-222,330],[-405,375],[-293,454],[-71,341],[-101,522],[-142,569],[11,624],[192,523],[263,284],[262,250],[334,239],[445,90],[263,-79],[455,-227],[546,-364],[374,-148],[587,-34],[546,91],[414,125],[253,102],[354,159],[526,364],[232,364],[91,511],[71,613],[81,500],[121,307],[273,341],[354,284],[415,261],[394,307],[253,227],[243,250],[364,466],[344,432],[323,386],[233,318],[364,443],[253,364],[192,272],[263,398],[121,216],[111,465],[71,432],[40,489],[41,511],[61,352],[121,398],[303,545],[364,284],[294,-68],[728,-261],[566,-228],[354,-215],[354,-250],[414,-250],[405,-159],[273,-114],[455,-159],[627,-91],[546,182],[374,238],[425,91],[515,-136],[263,-216],[283,-454],[122,-228],[293,-374],[425,-262],[374,12],[374,45],[536,-182],[303,-136],[314,-136],[495,-125],[405,-23],[364,193],[182,261],[303,262],[586,-57],[243,-466],[202,-329],[354,-273],[294,-443],[303,-114],[394,284],[395,296],[546,341],[434,170],[385,136],[313,432],[-61,488],[-50,409],[-101,569],[-506,318],[-556,181],[121,466],[334,216],[516,375],[536,398],[384,250],[495,-160],[395,103],[607,147],[414,69],[415,79],[344,68],[424,68],[324,57],[344,57],[606,102],[324,57],[627,125],[455,80],[303,45],[395,68],[535,91],[415,68],[374,68],[384,69],[304,56],[384,57],[324,57],[374,318],[172,489],[343,147],[395,0],[414,23],[557,170],[434,148],[557,34],[303,-11],[495,238],[385,148],[586,114],[455,102],[364,68],[577,91],[495,68],[435,34],[546,91],[516,159],[556,227],[465,273],[394,171],[324,102],[424,102],[375,34],[434,0],[294,-23],[546,-34],[344,34],[556,114],[414,80],[617,113],[597,159],[495,205],[334,56],[516,91],[323,57],[496,80],[495,91],[455,90],[455,103],[283,79],[486,137],[434,113],[334,102],[425,-45],[313,-91],[486,-23],[404,-22],[475,-114],[425,-34],[324,23],[445,-114],[455,-68],[303,-11],[597,11],[404,57],[536,113],[303,91],[395,91],[313,-57],[405,-147],[475,-103],[597,-147],[465,-57],[566,-125],[1132,-318],[546,-125],[253,-23],[425,-45],[536,-114],[243,-79],[515,-12],[415,-136],[273,-125],[374,-182],[233,-68],[414,-23],[425,-147],[566,-91],[475,-57],[617,-68],[506,-250],[333,-534],[0,-421],[-80,-590],[-132,-432],[273,-352],[243,-159],[313,-330],[152,-329],[313,-614],[425,-238],[223,238],[485,23],[192,-523],[243,-318],[20,-534],[-445,-45],[20,-534]],[[463374,459344],[-505,-306],[-435,-330],[-253,-238],[-364,-307],[-394,45],[-475,216],[-375,-45],[-283,-114],[-485,-68],[-313,-114],[-112,-443],[-344,-477],[-515,46],[-556,-23],[-809,-398],[-476,-250],[-414,-238],[-334,-80],[-313,-34],[-546,0],[-931,-23],[-354,-11],[-546,-57],[-354,-147],[-242,-421],[-71,-284],[-81,-477],[-71,-341],[-111,-375],[-323,-590],[-284,-319],[-262,-261],[-253,-204],[-405,-114],[-333,23],[-375,79],[-424,-79],[-567,-307],[-313,-159],[-576,-170],[-385,0],[-515,170],[-142,648],[61,329],[0,500],[-253,454],[-445,477],[-253,466],[-394,455],[-435,147],[-576,262],[-476,386],[-303,261],[-293,239],[-324,238],[-384,216],[-293,148],[-425,227],[-364,182],[-566,125],[-455,-114],[-243,-147],[-334,-216],[-354,-68],[-364,-46],[-485,239],[-243,216],[-343,204],[-334,193],[-243,137],[-394,147],[-556,102],[-455,35],[-283,34],[-435,0],[-314,-171],[-384,-261],[-273,-136],[-627,136],[-364,23],[-576,-273],[-546,57],[-546,-273],[-284,-261],[-515,148],[-415,318],[-222,181],[-415,34],[-414,137],[-294,182],[-333,125],[-415,147],[-627,80],[-526,-125],[-354,-91],[-384,57],[-566,79],[-506,-295],[-323,-432],[-506,375],[-273,398],[-384,465],[-465,296],[-435,193],[-344,-534],[-344,-477],[-364,-398],[-313,-466],[-31,-465],[-50,-523],[-233,-329],[-586,-125],[-405,-148],[-505,-216],[-344,-68],[-354,34],[-344,-11],[-445,-182],[-182,-307],[-242,-352],[-395,-102],[-273,147],[-333,284],[-860,659],[-556,409],[-344,477],[81,319],[303,409],[648,522],[353,455],[112,522],[40,318],[0,512],[-425,488],[-465,193],[-283,284],[-131,307],[-223,545],[-202,466],[-192,352],[-223,648],[-60,398],[-213,624],[-232,387],[-364,386],[-293,579],[-142,443],[-445,194],[-627,34],[-344,22],[-536,159],[-303,137],[-445,216],[-708,227],[-374,102],[-485,23],[-293,-148],[-324,-159],[-455,23],[-273,261],[-223,273],[-444,534],[-395,454],[-485,511],[-637,648],[-567,557],[-404,329],[-283,170],[-384,91],[-567,0],[-515,-45],[-536,-57],[-516,-57],[-617,-68],[-637,11],[-950,12],[-556,0],[-577,-68],[-354,-68],[-495,-125],[-455,-137],[-294,-125],[-384,-182],[-404,-238],[-314,-250],[-374,-284],[-435,-318],[-293,-250],[-202,-216],[-253,-307],[-303,-386],[-698,-829],[-425,-443],[-303,-239],[-263,-159],[-384,-114],[-445,0],[-516,114],[-253,250],[-131,636],[101,500],[121,625],[51,443],[-111,693],[-405,318],[-1142,648],[-405,79],[-303,-45],[-496,-193],[-344,-137],[-515,-227],[-597,-125],[-566,-23],[-303,12],[-506,147],[-364,228],[-425,488],[-141,386],[0,603],[293,386],[263,216],[829,659],[394,499],[162,614],[-10,682],[-233,340],[-465,35],[-283,-137],[-354,-204],[-424,-239],[-445,-204],[-314,-91],[-334,-68],[-364,-57],[-353,-23],[-395,-45],[-344,-57],[-505,-182],[-253,-136],[-374,-273],[-536,-932],[-334,-477],[-556,-329],[-455,363],[-233,648],[-202,568],[-283,523],[-384,227],[-334,0],[-364,-193],[-293,-262],[-233,-238],[-434,-352],[-425,-194],[-273,-45],[-455,148],[-425,363],[-293,273],[-283,307],[-263,272],[-293,398],[-172,239],[-273,488],[-213,398],[-252,477],[-233,329],[-212,250],[-405,364],[-364,261],[-364,261],[-435,307],[-242,193],[-294,250],[-384,341],[-536,534],[-202,432],[10,647],[0,330],[51,670],[70,466],[213,557],[70,670],[51,488],[71,489],[50,284],[182,398],[233,465],[30,409],[-60,341],[121,511],[-40,591],[-51,636],[-263,307],[-344,148],[-253,182],[-384,272],[-576,-295],[-435,-511],[-172,-262],[-334,-329],[-475,250],[-151,556],[-547,-22],[-293,-103],[-445,-45],[-556,148],[-394,170],[-293,91],[-375,102],[-536,159],[-788,262],[-395,363],[-262,625],[-233,636],[-172,511],[-263,353],[-334,102],[-657,148],[-485,102],[-415,45],[-232,0],[-476,-113],[-303,147],[-273,182],[-455,364],[-313,284],[-354,341],[-759,727],[-667,625],[-415,386],[-344,341],[-455,409],[-354,363],[-212,227],[-485,103],[-314,-409],[-111,-375],[-323,-512],[-213,-431],[-303,-557],[-354,-216],[-263,0],[-485,57],[-354,57],[-385,45],[-596,34],[-324,-34],[-364,205],[-293,227],[-455,193],[-293,102],[-405,205],[-323,91],[-395,-171],[-475,-340],[-516,-148],[-424,-68],[-273,102],[-41,613],[192,273],[61,454],[-91,319],[-263,613],[-354,273],[-334,-182],[-455,-148],[-586,273],[-445,11],[-445,-329],[-596,-318],[-769,-375],[-1274,-591],[-1031,-466],[-365,-341],[162,-374],[132,-285],[222,-590],[192,-489],[213,-579],[111,-398],[152,-488],[151,-307],[374,-432],[344,-250],[273,-227],[243,-398],[101,-375],[-192,-647],[-303,-227],[-304,-137],[-374,80],[-566,159],[-334,-386],[-323,-148],[-516,-216],[-334,91],[-283,329],[-475,23],[-476,0],[-434,-204],[-324,-273],[-354,-341],[-344,-318],[-232,-227],[-354,-318],[-303,-227],[-395,-262],[-293,-91],[-394,-22],[-385,34],[-343,-34],[-365,-148],[-313,-68],[-435,-102],[-313,-46],[-465,-125],[-688,-295]],[[306924,764328],[1284,341],[1042,284],[1224,364],[819,215],[252,46],[496,11],[576,-136],[708,-239],[819,-250],[485,-34],[739,-45],[647,125],[141,34],[526,125],[556,193],[678,227],[667,364],[799,363],[748,489],[607,500],[930,829],[1103,659],[930,557],[1385,852],[1072,761],[809,761],[799,795],[677,557],[860,466],[738,284],[708,0],[1092,-216],[394,-148],[738,-272],[1153,-307],[1072,-250],[1618,-57],[1193,-45],[1133,227],[586,295],[647,693],[415,387],[849,806],[1143,716],[991,1238],[1051,989],[860,829],[617,489],[708,568],[556,261],[981,591],[829,420],[647,398],[677,227],[759,57],[950,-182],[728,-307],[951,-272],[971,-284],[798,-478],[819,-511],[880,-681],[759,-444],[485,-238],[728,-216],[617,-68],[1041,-46],[1103,455],[1132,591],[303,79],[900,273],[819,57],[91,11],[951,170],[981,193],[698,262],[353,568],[11,897],[-112,841],[-50,1045],[-182,841],[-112,932],[-202,1352],[-232,1511],[-61,908],[-293,1818],[-41,193],[-323,1409],[-172,1136],[-172,1409],[40,738],[253,807],[435,1000],[475,1261],[344,1102],[253,1068],[172,1113],[40,1000],[-50,1204],[-51,1273],[-232,1545],[-314,1579],[-779,2192],[-293,1205],[-71,1079],[81,1113],[112,602],[182,455],[687,1034],[678,965],[809,1193],[556,625],[748,966],[617,966],[404,829],[253,909],[223,897],[101,1000],[10,909],[-182,591],[-657,363],[-21,0],[-1173,511],[-364,228],[-879,522],[-455,307],[-789,545],[-1183,1023],[-192,193],[-1113,1159],[-384,363],[-627,568],[-81,80],[-1456,1204],[-1062,750],[-515,500],[-405,568],[-222,466],[-243,1124],[-263,1375],[-344,1477],[-182,1011],[10,705],[71,465],[273,500],[556,466],[708,625],[475,329],[547,364],[364,318],[252,409],[192,636],[71,705],[-81,1476],[-20,1102],[71,841],[20,250],[81,750],[101,1045],[10,898],[-111,977],[-61,352],[-121,386],[-293,568],[-789,1057],[-293,341],[-344,397],[-971,1057],[-495,534],[-951,829],[-40,34],[-748,557],[-557,352],[-1031,784],[-1062,852],[-1274,1091],[-1517,1556],[-879,1079],[-931,1148],[-970,1125],[-243,374],[-293,432],[-516,943],[-354,1136],[-40,273],[-31,943],[-10,170],[41,1068],[20,1307],[-202,1113],[-324,977],[-880,1477],[-667,1011],[-900,1125],[-485,534],[-546,852],[-445,1045],[-364,761],[-91,273],[10,1011],[10,1000],[40,943],[41,1068],[-91,784],[-61,181],[-445,693],[-596,671],[-941,1147],[-1031,1057],[-941,852],[-930,806],[-283,205],[-2164,1102],[-2043,988],[-707,500],[-1325,1045],[-2043,1568],[-1456,1386],[-1891,1636],[-1830,1568],[-2113,1511],[-1841,1159],[-1264,1011],[-515,364],[-1891,931],[-1841,909],[-3589,1659],[-476,181],[-687,114],[-870,102],[-819,216],[-667,261],[-526,387],[-495,397],[-870,591],[-961,670],[-1112,591],[-1941,818],[-1558,727],[-1092,512],[-728,227],[-607,193],[61,261],[162,795],[30,160],[496,2215],[111,625],[71,397],[172,432],[242,523],[243,488],[283,364],[334,431],[414,444],[395,443],[323,409],[354,431],[253,341],[405,534],[394,591],[313,579],[283,557],[314,500],[313,511],[253,489],[384,556],[314,682],[283,477],[152,386],[91,330],[0,386],[-10,443],[-91,546],[-101,488],[-162,727],[-132,795],[-71,659],[0,659],[0,534],[71,330],[122,477],[161,545],[223,500],[253,545],[212,330],[283,522],[233,546],[131,397],[111,455],[41,534],[30,420],[91,625],[81,591],[152,568],[182,897],[151,637],[172,715],[132,432],[182,477],[202,409],[223,421],[212,329],[323,432],[284,272],[424,330],[617,329],[587,273],[657,239],[404,193],[476,352],[293,273],[283,261],[303,420],[101,318],[41,432],[-20,398],[-91,590],[-142,432],[-131,364],[-203,568],[-192,715],[-172,739],[-303,841],[-364,988],[-172,466],[-192,352],[-273,318],[-485,341],[-405,125],[-647,23],[-354,-80],[-425,-193],[-556,-125],[-414,227],[-203,523],[-40,341],[-41,545],[-171,682],[-162,420],[-111,420],[-112,352],[-161,409],[-253,478],[-324,465],[-323,455],[-284,454],[-222,364],[-253,409],[-263,363],[-344,534],[-232,409],[-283,421],[-253,443],[-253,488],[-182,432],[-253,523],[-232,613],[-243,739],[-192,534],[-425,1011],[-232,659],[-21,681],[182,364],[274,488],[313,330],[354,329],[384,398],[263,329],[152,546],[-20,568],[-112,386],[-172,318],[-192,352],[-303,387],[-303,340],[-314,296],[-243,579],[0,580],[395,488],[293,171],[1881,681],[1405,409],[2205,852],[1061,421],[749,397],[768,443],[789,500],[789,477],[809,455],[718,443],[738,307],[515,386],[718,454],[486,284],[667,409],[637,341],[738,341],[799,250],[546,170],[364,159],[455,318],[647,444],[607,420],[526,363],[536,364],[627,307],[647,420],[880,534],[647,409],[394,227],[577,193],[940,23],[1315,102],[626,103],[516,170],[779,341],[677,136],[698,227],[657,319],[809,329],[465,204],[506,285],[495,352],[557,363],[374,68],[485,-56],[536,-228],[212,-113],[597,-341],[708,-477],[637,-307],[344,-159],[465,-45],[606,170],[395,364],[435,465],[586,716],[475,545],[375,330],[434,363],[627,364],[1052,511],[809,364],[516,182],[687,193],[870,204],[627,91],[697,68],[870,34],[1335,23],[556,-45],[465,-114],[465,-57],[314,-125],[354,-182],[343,-306],[294,-591],[50,-375],[-60,-659],[-41,-488],[10,-591],[81,-523],[243,-693],[263,-545],[323,-409],[385,-341],[262,-205],[344,-249],[273,-341],[304,-375],[303,-511],[51,-137],[222,-591],[101,-715],[81,-864],[81,-511],[192,-500],[374,-534],[647,-852],[931,-1068],[495,-488],[475,-591],[496,-614],[728,-772],[718,-886],[647,-841],[394,-375],[415,-568],[465,-670],[526,-716],[495,-648],[435,-647],[384,-557],[263,-386],[476,-727],[444,-614],[435,-693],[476,-681],[424,-500],[435,-432],[435,-284],[344,-227],[748,-557],[526,-397],[374,-364],[546,-489],[566,-420],[607,-432],[495,-431],[577,-466],[637,-511],[637,-432],[1051,-716],[1022,-659],[20,-22],[849,-534],[688,-478],[698,-420],[617,-295],[990,-409],[1285,-477],[1739,-705],[1294,-579],[799,-387],[1011,-556],[951,-455],[232,-102],[526,-329],[202,-137],[799,-420],[1173,-670],[759,-477],[1294,-625],[2073,-671],[414,-136],[1103,-295],[930,-182],[637,-80],[556,-56],[546,-57],[839,-125],[1103,-159],[1334,-250],[678,-23],[607,-68],[798,-46],[648,12],[677,45],[678,148],[374,227],[202,318],[111,489],[61,829],[-51,898],[31,647],[91,659],[131,409],[243,489],[536,852],[627,477],[576,500],[384,443],[415,602],[414,648],[294,443],[273,409],[809,1374],[525,909],[284,375],[313,341],[324,57],[1456,-103],[900,-45],[869,-68],[1072,-80],[1224,-34],[910,-68],[869,11],[860,46],[1264,159],[1324,182],[1517,159],[1072,-250],[1122,-443],[789,-250],[860,-284],[445,-159],[242,-91],[516,-57],[313,-34],[688,79],[900,137],[1375,261],[1305,102],[1051,148],[658,125],[627,11],[768,-113],[799,11],[789,102],[819,80],[788,34],[627,170],[516,216],[526,103],[819,102],[546,216],[617,409],[596,443],[526,352],[718,363],[536,444],[566,272],[516,511],[1830,1545],[900,216],[607,171],[748,136],[1001,307],[587,182],[667,204],[435,125],[323,68],[455,57],[577,11],[738,-34],[496,57],[657,68],[1254,34],[889,23],[698,68],[657,-45],[991,-46],[809,-91],[1335,-136],[1375,-148],[1022,-215],[1314,-307],[1416,-477],[1193,-284],[1133,-466],[1082,-443],[1071,-477],[961,-568],[1224,-637],[1395,-908],[1163,-841],[839,-602],[799,-761],[1405,-1102],[799,-739],[860,-727],[1284,-1238],[799,-989],[708,-863],[799,-864],[950,-1102],[779,-965],[-789,-2420],[-2599,-4885],[-687,-1386],[-425,-1716],[131,-1272],[476,-955],[930,-1034],[1941,-1011],[4915,-1227],[273,-159],[475,-431],[253,-421],[253,-522],[161,-648],[21,-182],[101,-772],[121,-568],[121,-466],[152,-545],[263,-523],[253,-557],[192,-477],[182,-500],[121,-420],[162,-352],[192,-307],[344,-420],[394,-296],[465,-182],[648,-68],[525,-22],[880,-34],[1062,79],[1102,284],[1264,648],[900,363],[81,23],[758,216],[182,45],[607,125],[940,159],[951,23],[839,-91],[991,-159],[172,-23],[1193,-250],[931,-454],[788,-591],[1123,-954],[809,-693],[1183,-1000],[303,-352],[324,-818],[202,-682],[162,-534],[-81,-647],[-263,-341],[-374,-568],[-294,-636],[-262,-534],[-193,-455],[-202,-863],[-121,-580],[-51,-397],[-20,-546],[-30,-499],[-61,-830],[30,-647],[0,-614],[21,-693],[81,-409],[161,-398],[223,-318],[394,-386],[202,-216]],[[555918,199168],[-576,-307],[-526,-352],[-516,-295],[-313,-148],[-294,-250],[-252,-182],[-365,-181],[-283,45],[-546,-79],[-333,-296],[-364,-91],[-486,159],[-606,250],[-334,-295],[-546,-295],[-374,-182],[-364,-193],[-395,-12],[-526,-352],[-242,-341],[-304,-522],[-232,-523],[-132,-352],[-131,-398],[-394,-397],[-637,-693],[-294,-284],[-91,-432],[-374,-296],[-131,-431],[-354,-364],[-678,-1000],[-394,-590],[-364,-455],[-192,-375],[-152,-340],[10,-625],[-273,-296],[-334,-397],[-232,-171],[-172,-420],[-233,-568],[-192,-432],[-192,-261],[-162,-455],[-121,-534],[-253,-306],[-172,-637],[-30,-454],[-202,-295],[-314,-273],[-172,-534],[-202,-432],[41,-704],[-41,-523],[-414,-431],[-112,-364],[-30,-511],[-334,-330],[-485,-454],[-415,-250],[-505,-375],[-445,-68],[-415,-341],[-414,-454],[-172,-250],[-314,-318],[-232,-512],[-364,-556],[-273,-387],[-273,-602],[-71,-409],[-475,-272],[-162,-512],[-202,-318],[-192,-341],[-476,-45],[-394,148],[-314,-182],[-394,-102],[-435,363],[-40,398],[-31,579],[-313,352],[-142,296],[-293,272],[-364,228],[-182,250],[-364,295],[-364,193],[-556,159],[-405,68],[-323,34],[-475,421],[-51,341],[-162,409],[-131,363],[-546,273],[-496,227],[-374,159],[-374,182],[-546,318],[-586,329],[-405,228],[-324,227],[-455,68],[-303,114],[-425,318],[-515,227],[-617,170],[-516,228],[-404,170],[-354,159],[-516,341],[-556,295],[-647,341],[-546,296],[-486,261],[-414,227],[-364,261],[-324,239],[-475,341],[-384,352],[-263,250],[-344,273],[-536,295],[-435,204],[-384,182],[-303,148],[-455,511],[161,648],[-81,511],[-283,182],[-505,238],[-314,137],[-445,79],[-414,46],[-374,45],[-364,23],[-435,45],[-597,46],[-475,22],[-516,114],[-354,114],[-263,90],[-161,580],[-273,102],[-536,125],[-395,57],[-333,23],[-607,11],[-667,11],[-425,23],[-759,46],[-647,56],[-465,114],[-475,57],[-364,102],[-202,-477],[50,-489],[-30,-397],[-61,-318],[-131,-455],[-465,-148],[-344,148],[-374,-204],[-476,-432],[-475,-273],[-384,148],[-283,250],[-627,113],[-303,-443],[-253,-534],[-334,-352],[-263,-647],[-323,-398],[-253,-284],[-536,-204],[-273,-216],[-364,113],[-233,318],[-526,273],[-434,273],[-425,-159],[-303,102],[-344,-364],[-344,-250],[-101,-295],[-243,-511],[-10,-534],[-334,-193],[-313,-68],[-344,-307],[-121,-352],[-334,-159],[-465,-387],[-566,-125],[-273,0],[-172,-375],[-465,-397],[-354,-12],[-455,-113],[-466,-386],[-262,-455],[-516,-227],[-455,-182],[-344,-284],[-485,-239],[-395,-329],[-414,11],[-192,-340],[-273,-284],[-253,-364],[-395,-182],[-475,-431],[-323,-194],[-375,318],[-515,-238],[121,-364],[-10,-443],[-415,-159],[-323,-591],[-516,-56],[-293,-318],[-566,-171],[-112,545],[-111,523],[-20,625],[-111,295],[-415,284],[61,637],[-81,499],[-304,432],[-242,193],[-384,193],[-233,398],[-354,136],[-526,148],[-283,341],[-495,45],[-516,-272],[-273,-500],[-455,-23],[-718,375],[-516,284],[-596,170],[-344,171],[-445,125],[-435,-1125],[-303,-818],[-182,-477],[-192,-136],[-607,215],[-152,57],[-718,239],[-455,136],[-384,114],[-981,318],[-455,-318],[-162,-1102],[-414,-12],[-364,182],[-304,193],[-434,296],[-364,329],[-304,273],[-465,409],[-334,-262],[-161,-806],[-213,-1273],[-202,-874],[-233,-886],[-262,-46],[-739,307],[-718,272],[-748,341],[-657,341],[-556,307],[-71,466],[-394,443],[-223,45],[-425,137],[-151,431],[-283,205],[-466,-91],[-283,261],[-242,284],[-223,500],[-293,307],[-51,352],[182,488],[61,319],[283,363],[101,636],[10,580],[11,716],[-263,306],[-324,193],[-344,284],[-323,546],[-101,409],[-112,329],[-273,466],[-212,386],[20,602],[-293,296],[-314,375],[-313,147],[-384,137],[-425,306],[-101,432],[-415,500],[-394,466],[-253,318],[-364,-57],[-323,-34],[-536,46],[-476,136],[-273,227],[-151,773],[-91,363],[-142,568],[-141,886],[-193,557],[-121,625],[-425,216],[-525,306],[-830,-204],[-384,227],[-455,409],[-495,125],[-314,568],[-273,307],[31,466],[-476,238],[-394,46],[-303,79],[-395,148],[-293,454],[-61,716],[-263,386],[-414,489],[-162,216],[-243,375],[-283,341],[-475,477],[-162,488],[-71,477],[-111,364],[-61,591],[-141,590],[-303,137],[-405,352],[-182,398],[-10,318],[-152,443],[-384,250],[-273,125],[-415,113],[-374,159],[-344,182],[-333,114],[-395,113],[-465,125],[-374,-102],[-425,0],[-283,23],[-546,79],[-273,228],[-485,227],[-303,204],[-375,91],[-394,318],[-172,296],[-10,647],[0,364],[-233,477],[-273,216],[-384,147],[-505,80],[-415,125],[-324,159],[-374,273],[-273,34],[-344,341],[-131,204],[-253,477],[-101,580],[-313,261],[-415,398],[-253,250],[-344,306],[-313,216],[-374,46],[-556,272],[-51,546],[-61,647],[-30,420],[-40,444],[-324,2556],[-192,1125],[-566,1840],[-385,920],[-546,1000],[-313,557],[-61,284],[-253,647],[-313,568],[-273,477],[-324,807],[-101,364],[-101,545],[-121,693],[-293,1318],[-233,852],[-91,318],[-101,511],[-172,387],[-506,11],[-364,568],[-313,523],[-303,11],[-263,398],[-41,329],[-60,409],[101,591],[-51,625],[-293,352],[-263,534],[-30,318],[232,534],[-141,443],[40,693],[182,386],[20,602],[314,477],[121,693],[142,319],[121,374],[30,341],[71,443],[-536,137],[-617,170],[-758,205],[-779,216],[-404,124],[-597,171],[-465,136],[-101,-386],[-10,-954],[10,-500],[-51,-693],[-101,-125],[-809,22],[-222,-818],[-425,-1590],[-404,-954],[-465,-909],[-799,-1091],[-395,-397],[-424,-432],[-223,-193],[-313,-239],[-728,-250],[-769,-170],[-677,-34],[-1113,125],[-566,34],[-1274,79],[-859,-79]],[[406061,230820],[-152,795],[-162,488],[-253,637],[-212,386],[-293,443],[-334,557],[-1001,1420],[-617,1090],[-333,750],[-172,637],[-11,602],[71,647],[-30,546],[-152,397],[-232,296],[-496,261],[-596,159],[-294,250],[-222,409],[-223,557],[-273,545],[-596,1795],[-516,1136],[-455,795],[-414,659],[-385,466],[-839,761],[-779,580],[-586,431],[-941,614],[-1092,534],[-1253,613],[-921,511],[-707,523],[-617,534],[-546,500],[-324,352],[-313,409],[-294,739],[-273,818],[-333,1056],[-567,1852],[-465,1340],[-465,1750],[-394,1170],[-273,796],[-374,863],[-385,545],[-637,500],[-697,500],[-627,625],[-445,443],[-556,693],[-627,795],[-1467,2204],[-1577,2443],[-1304,2363],[-799,1397],[-465,818],[-900,1091],[-2033,2420],[-869,1090],[-870,1057],[-769,1113],[-758,1171],[-789,1761],[-697,1306],[-627,1193],[-658,1477],[-323,897],[-111,648],[-41,682],[-30,1102],[91,931],[10,932],[-51,568],[-121,318],[-202,318],[-304,341],[-637,363],[-1840,1125],[-1861,1182],[-1294,784],[-849,568],[-111,68],[-3196,2102],[-981,727],[-869,647],[-1042,864],[-718,590],[-697,671],[-809,829],[-739,750],[-364,375],[-778,840],[-506,489],[-536,261],[-1597,830],[-2316,1272],[-1476,864],[-486,363],[-556,477],[-516,318],[-667,307],[-546,170],[-344,103],[-414,68],[-415,68],[-708,136],[-394,91],[-435,159],[-273,103],[-415,261],[-323,204],[-384,239],[-415,239],[-728,340],[-698,375],[-536,387],[-475,488],[-667,693],[-526,659],[-71,80],[-495,499],[-668,489],[-1203,875],[-1203,715],[-4025,2023],[-778,613],[-1588,1250],[-364,318],[-344,432],[-222,295],[-314,455],[-364,397],[-455,250],[-414,125],[-1113,364],[-424,170],[-749,261],[-637,284],[-606,250],[-314,125],[-506,341],[-364,227],[-242,193],[-273,262],[-374,341],[-506,420],[-364,341],[-455,420],[-374,432],[-526,636],[-566,648],[-516,477],[-475,420],[-253,261],[-263,444],[-152,386],[-707,1658],[-900,1705],[-1173,2794],[-1001,2057],[-1062,2329],[-1446,3203],[-556,1296],[-577,1681],[-414,1375],[-425,727],[-657,557],[-678,624],[-718,637],[-556,704],[-384,670],[-647,784],[-445,773],[-667,1749],[-152,1000],[-122,1500],[-10,1068],[51,999],[121,1261],[354,2204],[688,3420],[10,307],[30,545],[0,693],[20,670],[21,478],[30,545],[10,568],[-81,636],[-50,386],[-41,512],[-50,613],[-31,432],[-10,534],[-10,375],[-61,488],[-101,409],[-182,534],[-30,398],[-61,443],[51,409],[141,568],[425,420],[91,353],[162,499],[30,330],[152,420],[162,568],[253,523],[151,329],[213,500],[232,477],[314,443],[262,262],[183,3953],[80,512],[31,1113],[71,693],[-365,15667],[-323,-159],[-314,-159],[-343,-171],[-526,-261],[-435,-205],[-324,-170],[-404,-227],[-273,-148],[-617,477],[-455,330],[-172,181],[-364,409],[-212,296],[-253,443],[-111,579],[-61,398],[-152,648],[-141,420],[-192,636],[-111,330],[-273,409],[-284,306],[-182,262],[-222,363],[-384,375],[-304,-34],[-647,-23],[-404,0],[-627,68],[-728,69],[-546,56],[-465,69],[-658,56],[-819,57],[-81,625],[21,954],[-304,477],[-566,12],[-334,11],[-617,12],[-536,0],[-384,-35],[-667,-79],[-607,-57],[-354,-11],[-333,-23],[-466,-11],[-475,-68],[-222,-57],[-526,-91],[-425,-57],[-586,-79],[-344,-46],[-475,-45],[-354,-46],[-425,-57],[-374,-56],[-384,-57],[-395,-23],[-485,-79],[-121,-523],[-486,-23],[-465,57],[-465,34],[-405,23],[-434,-12],[-718,46],[-536,23],[-283,-171],[-152,-511],[-526,45],[-384,57],[-283,34],[-546,12],[-476,-34],[-485,-12],[-435,-352],[-303,-68],[-496,-125],[-293,-80],[-607,-68],[-364,12],[-444,0],[-638,-57],[-283,-23],[-434,-57],[-334,-68],[-455,-170],[-233,-23],[81,1261],[-111,704],[-30,228],[-132,465],[-20,716],[-30,602],[-41,364],[-71,522],[-50,534],[-31,466],[-20,455],[-50,693],[10,465],[182,523],[162,432],[121,397],[121,353],[233,636],[172,443],[232,522],[233,421],[334,613],[343,784],[-81,568],[-535,34],[-921,23],[-1001,57],[-667,57],[-607,79],[-414,46],[-486,-353],[-263,-261],[-445,-273],[-333,-193],[-324,-181],[-546,-353],[-435,-329],[-455,-307],[-546,-159],[-404,-68],[-385,-125],[-283,-68],[-525,-148],[-314,114],[-384,204],[-354,159],[-1153,262]],[[406061,230820],[-2731,-159],[-748,-23],[-839,57],[-880,57],[-1163,56],[-687,91],[-890,159],[-910,250],[-516,182],[-344,307],[-232,238],[-324,273],[-425,216],[-475,11],[-1223,-91],[-1527,0],[-202,0],[-708,12],[-192,147],[-294,398],[-192,466],[-333,341],[-354,238],[-354,216],[-627,386],[-1183,443],[-739,228],[-1051,602],[-2053,1238],[-789,1238],[-384,500],[-1193,761],[-667,444],[-557,340],[-495,216],[-121,80],[-465,341],[-971,613],[-1709,1079],[-930,500],[-1012,625],[-1001,466],[-910,318],[-637,159],[-728,102],[-748,57],[-991,148],[-708,113],[-516,114],[-455,227],[-364,193],[-394,284],[-404,387],[-284,420],[-384,568],[-303,511],[-364,489],[-253,397],[-435,591],[-657,682],[-647,636],[-637,704],[-759,932],[-526,670],[-940,1114],[-1193,1318],[-647,761],[-344,397],[-587,807],[-849,1034],[-880,1204],[-1213,1682],[-860,1147],[-374,500],[-222,295],[-678,920],[-465,512],[-566,488],[-415,375],[-536,318],[-697,296],[-617,204],[-435,182],[-708,375],[-576,352],[-657,420],[-769,500],[-677,512],[-769,499],[-890,603],[-617,477],[-718,500],[-414,295],[-708,488],[-485,262],[-567,272],[-1061,398],[-991,307],[-1315,363],[-1274,341],[-1274,352],[-920,250],[-1760,591],[-1547,489],[-2396,761],[-1719,568],[-1183,329],[-941,307],[-869,193],[-2114,477],[-1446,318],[-617,114],[-788,148],[-1537,57],[-1922,22],[-1031,12],[-2771,45],[-1193,-11],[-475,113],[-506,-11],[-455,0],[-323,11],[-344,239],[-495,68],[-354,-159],[-354,-114],[-374,-284],[-466,-284],[-374,-193],[-364,-204],[-637,147],[-414,171],[-546,-80],[-466,-34],[-566,182],[-212,80],[-829,443],[-324,147],[-394,46],[-405,34],[-162,375],[-171,568],[-132,568],[-30,352],[-111,738],[-334,137],[-435,318],[-273,11],[-738,-159],[-344,23],[-586,875],[-577,261],[-1092,114],[-475,-398],[-587,148],[-566,170],[-354,34],[-394,114],[-688,216],[-364,522],[132,671],[60,613],[-182,682],[-404,181],[-556,239],[-1355,727],[-658,352],[-364,182],[41,784],[-132,511],[-283,148],[-404,79],[-283,-90],[-405,-12],[-354,-34],[-586,-148],[-364,-136],[-395,-102],[-303,-57],[-485,-102],[-374,11],[-567,68],[-414,228],[-405,409],[-374,34],[-485,102],[-546,273],[-455,-46],[-546,-91],[-415,125],[-465,205],[-384,193],[-1962,341],[-3064,772],[-3539,977],[-4500,1523],[-2204,749],[-1578,557],[-273,136],[-2558,1261],[-2912,1546],[-4065,2090],[-3721,2204],[-2275,1375]]],"bbox":[101.13734,13.58232,102.12628,14.46253],"transform":{"scale":[9.889409889409884e-7,8.802108802108801e-7],"translate":[101.13734,13.58232]}}