{"type":"Topology","objects":{"districts":{"type":"GeometryCollection","geometries":[{"type":"Polygon","arcs":[[0,1,2,3,4,5,6,7,8]],"properties":{"CODE":"3101","PARENT":"31","NAME_TH":"เมืองบุรีรัมย์","NAME_EN":"Mueang Buri Ram","NAME_CN":"Mueang Buri Ram","COLOR_IDX":2}},{"type":"Polygon","arcs":[[9,10,11,-9,12,13,14]],"properties":{"CODE":"3102","PARENT":"31","NAME_TH":"คูเมือง","NAME_EN":"Khu Mueang","NAME_CN":"Khu Mueang","COLOR_IDX":1}},{"type":"Polygon","arcs":[[15,16,-3,17,18]],"properties":{"CODE":"3103","PARENT":"31","NAME_TH":"กระสัง","NAME_EN":"Krasang","NAME_CN":"Krasang","COLOR_IDX":0}},{"type":"Polygon","arcs":[[19,20,21,22,23,24,25,-6]],"properties":{"CODE":"3104","PARENT":"31","NAME_TH":"นางรอง","NAME_EN":"Nang Rong","NAME_CN":"Nang Rong","COLOR_IDX":1}},{"type":"Polygon","arcs":[[26,-25,27,28,29]],"properties":{"CODE":"3105","PARENT":"31","NAME_TH":"หนองกี่","NAME_EN":"Nong Ki","NAME_CN":"Nong Ki","COLOR_IDX":0}},{"type":"Polygon","arcs":[[30,31,32,33,34,-22,35]],"properties":{"CODE":"3106","PARENT":"31","NAME_TH":"ละหานทราย","NAME_EN":"Lahan Sai","NAME_CN":"Lahan Sai","COLOR_IDX":2}},{"type":"Polygon","arcs":[[36,37,-31,38,-20,-5,39]],"properties":{"CODE":"3107","PARENT":"31","NAME_TH":"ประโคนชัย","NAME_EN":"Prakhon Chai","NAME_CN":"Prakhon Chai","COLOR_IDX":0}},{"type":"Polygon","arcs":[[-32,-38,40]],"properties":{"CODE":"3108","PARENT":"31","NAME_TH":"บ้านกรวด","NAME_EN":"Ban Kruat","NAME_CN":"Ban Kruat","COLOR_IDX":3}},{"type":"Polygon","arcs":[[41,42,-15,43,44,45]],"properties":{"CODE":"3109","PARENT":"31","NAME_TH":"พุทไธสง","NAME_EN":"Phutthaisong","NAME_CN":"Phutthaisong","COLOR_IDX":2}},{"type":"Polygon","arcs":[[-8,46,47,48,-13]],"properties":{"CODE":"3110","PARENT":"31","NAME_TH":"ลำปลายมาศ","NAME_EN":"Lam Plai Mat","NAME_CN":"Lam Plai Mat","COLOR_IDX":0}},{"type":"Polygon","arcs":[[-19,49,50,51,52]],"properties":{"CODE":"3111","PARENT":"31","NAME_TH":"สตึก","NAME_EN":"Satuek","NAME_CN":"Satuek","COLOR_IDX":2}},{"type":"Polygon","arcs":[[-35,53,54,55,-23]],"properties":{"CODE":"3112","PARENT":"31","NAME_TH":"ปะคำ","NAME_EN":"Pakham","NAME_CN":"Pakham","COLOR_IDX":0}},{"type":"Polygon","arcs":[[-42,56]],"properties":{"CODE":"3113","PARENT":"31","NAME_TH":"นาโพธิ์","NAME_EN":"Na Pho","NAME_CN":"Na Pho","COLOR_IDX":3}},{"type":"Polygon","arcs":[[-48,57,-30,58]],"properties":{"CODE":"3114","PARENT":"31","NAME_TH":"หนองหงส์","NAME_EN":"Nong Hong","NAME_CN":"Nong Hong","COLOR_IDX":1}},{"type":"Polygon","arcs":[[-17,59,-40,-4]],"properties":{"CODE":"3115","PARENT":"31","NAME_TH":"พลับพลาชัย","NAME_EN":"Phlapphla Chai","NAME_CN":"Phlapphla Chai","COLOR_IDX":3}},{"type":"Polygon","arcs":[[-18,-2,60,-50]],"properties":{"CODE":"3116","PARENT":"31","NAME_TH":"ห้วยราช","NAME_EN":"Huai Rat","NAME_CN":"Huai Rat","COLOR_IDX":1}},{"type":"Polygon","arcs":[[-56,61,-28,-24]],"properties":{"CODE":"3117","PARENT":"31","NAME_TH":"โนนสุวรรณ","NAME_EN":"Non Suwan","NAME_CN":"Non Suwan","COLOR_IDX":3}},{"type":"Polygon","arcs":[[-7,-26,-27,-58,-47]],"properties":{"CODE":"3118","PARENT":"31","NAME_TH":"ชำนิ","NAME_EN":"Chamni","NAME_CN":"Chamni","COLOR_IDX":3}},{"type":"Polygon","arcs":[[-45,62]],"properties":{"CODE":"3119","PARENT":"31","NAME_TH":"บ้านใหม่ไชยพจน์","NAME_EN":"Ban Mai Chaiyaphot","NAME_CN":"Ban Mai Chaiyaphot","COLOR_IDX":3}},{"type":"Polygon","arcs":[[63,-54,-34]],"properties":{"CODE":"3120","PARENT":"31","NAME_TH":"โนนดินแดง","NAME_EN":"Non Din Daeng","NAME_CN":"Non Din Daeng","COLOR_IDX":3}},{"type":"Polygon","arcs":[[-61,-1,-12,64,-51]],"properties":{"CODE":"3121","PARENT":"31","NAME_TH":"บ้านด่าน","NAME_EN":"Ban Dan","NAME_CN":"Ban Dan","COLOR_IDX":0}},{"type":"Polygon","arcs":[[-52,-65,-11,65]],"properties":{"CODE":"3122","PARENT":"31","NAME_TH":"แคนดง","NAME_EN":"Khaen Dong","NAME_CN":"Khaen Dong","COLOR_IDX":3}},{"type":"Polygon","arcs":[[-39,-36,-21]],"properties":{"CODE":"3123","PARENT":"31","NAME_TH":"เฉลิมพระเกียรติ","NAME_EN":"Chaloem Phra Kiat","NAME_CN":"Chaloem Phra Kiat","COLOR_IDX":3}}]}},"arcs":[[[649142,605022],[18,-102],[261,-3080],[-28,-1081],[233,-2779],[66,-1327],[-47,-2839],[-130,-1825],[-345,-1897],[-168,-2167],[-205,-3812],[-224,-2131],[-149,-1705],[-65,-601],[-112,-666],[-56,-1711],[28,-528],[56,-1381],[438,-1056],[3225,-5049],[1529,-763],[2088,-336],[3262,-630],[4102,-630],[5788,-703],[2638,-156],[9051,-462],[1827,-66],[11904,210],[3663,174],[1669,-36],[1547,-240],[2293,-474],[298,-132],[140,-144],[401,-277],[373,-174],[0,-186],[307,-234],[252,90],[513,-174],[-37,-186],[-66,-228],[-195,-288],[-234,-192],[215,-415],[373,-252],[279,-114],[522,-222],[261,-246],[224,-300],[75,-108],[298,-445],[130,-330],[-37,-300],[-214,-180],[-476,-792],[-363,-270],[46,-199],[233,-288],[150,-186],[214,-438],[65,-336],[66,-318],[158,-331],[-103,-420],[-139,-186],[102,-294],[410,-102],[224,-228],[233,-84],[112,-318],[140,-157],[307,-276],[243,-168],[363,-438],[10,-258],[289,-306],[130,-216],[121,-295],[504,-210],[9,-312],[-531,-480]],[[709694,552230],[-75,-306],[-401,-216],[-46,-234],[9,-235],[102,-342],[-65,-186],[-18,-228],[-66,-528],[271,-120],[-140,-276],[-765,78],[-363,78],[-345,12],[-429,12],[-354,-120],[-168,-253],[10,-228],[-196,-240],[-177,-120],[-243,-348],[-9,-306],[-168,-138],[-531,-48],[-242,-270],[251,-223],[420,-192],[382,-132],[438,-330],[345,-222],[419,-186],[159,-192],[-131,-300],[-401,-265],[-428,-210],[-252,-60],[-242,-264],[-103,-186],[-65,-342],[345,-36],[382,-168],[-149,-210],[-205,-330],[-159,-121],[-84,-342],[271,-126],[391,114],[429,210],[345,-54],[46,-240],[-83,-192],[233,-192],[242,-288],[261,-228],[447,-90],[485,-174],[-74,-186],[-308,-193],[-65,-246],[112,-258],[177,-264],[-47,-366],[-336,-222],[0,-210],[28,-199],[94,-270],[-28,-426],[-448,-102],[-242,-102],[-215,-408],[-83,-192],[-411,-84],[-559,-24],[-429,30],[-428,66],[-522,42],[-299,54],[-522,114],[-503,60],[-121,-216],[-373,-823],[-233,-138],[-392,-54],[-1221,-114],[-251,-24],[-94,-276],[75,-198],[93,-258],[364,-294],[9,-337],[410,-228],[-102,-330],[-47,-240],[47,-162],[354,-210],[438,-156],[233,-415],[-410,-450],[-1650,-1206],[-1594,-1063],[-1957,-900],[-2200,-793],[-1249,-522],[-1995,-889],[-2032,-876],[-2144,-955],[-3682,-1506],[-2116,-3668],[-205,-1309],[-65,-906],[-317,-6928],[-7672,-3830],[-1519,-3050],[-606,0],[0,-108],[1939,-2065],[261,-1050],[214,-1033],[47,-198],[-3570,-36],[112,-588],[783,-2648],[568,-1933],[-1063,186],[-2022,343],[-2806,-1813],[764,-241],[0,-264],[-102,-204],[-93,-198],[-150,-222],[-205,-186],[-139,-138],[56,-342],[1593,-739],[560,-282],[643,-342],[1622,-937],[112,-72],[988,-570],[568,-330],[1585,-829],[1202,-648],[998,-540],[410,-222],[569,-354],[578,-505],[354,-468],[261,-522],[223,-1525],[-65,-732],[-429,-2948],[-344,-2095],[-289,-1627],[-84,-1687],[-10,-450],[19,-318],[37,-138],[317,-487],[196,-180],[354,-240],[382,-96],[299,-90],[447,6],[951,-30],[513,-60],[400,-222],[280,-180],[280,-120],[606,-210],[727,-282],[1053,-361],[1687,-432],[1268,-684],[764,-480],[2619,-1237],[2741,-1327],[1342,-528],[2731,-624],[951,-217],[65,-18],[1026,-270],[1044,-318],[326,-126],[392,-216],[344,-162],[252,-204],[177,-114],[709,-372],[93,-54],[438,-241],[401,-174],[494,-138],[792,-60],[261,-36],[364,-84],[792,-306],[298,-60],[587,-48]],[[707400,462687],[-2591,-1639],[-102,-4502],[-3589,-2059],[-1836,-1219],[-644,-426],[-960,-931],[-773,-1080],[-1044,-1645],[-1510,-2455],[-1035,-1783],[-727,-1213],[-662,-1333],[-830,-1903],[-503,-1861],[-130,-486],[-10,-2173],[802,-1951],[1100,-1897],[8725,-5391],[699,-2569],[0,-2528],[-38,-276],[-37,-186],[-102,-276],[-66,-252],[-195,-354],[-150,-228],[-167,-295],[-66,-192],[-65,-270],[28,-180],[28,-228],[19,-174],[-38,-228],[94,-246],[0,-361],[-84,-264],[-38,-210],[187,-258],[252,-186],[289,-168],[205,-72],[149,-240],[121,-294],[75,-199],[83,-288],[401,-216],[187,-174],[270,-78],[364,-138],[298,-294],[233,-264],[-28,-234],[-28,-211],[149,-306],[-9,-354],[419,-126],[308,-42],[503,-132],[373,-288],[326,-162],[317,-156],[270,-253],[364,-264],[503,-18],[177,-210],[131,-168],[130,-276],[103,-228],[168,-276],[186,-144],[112,-222],[-130,-211],[74,-360],[-102,-204],[37,-294],[-47,-282],[-9,-378],[56,-223],[56,-162],[-103,-366],[112,-240],[326,-216],[233,-102],[355,-174],[195,-114],[299,-210],[233,-114],[168,-211],[466,-120],[540,66],[317,48],[476,-36],[233,-72],[372,-168],[206,-174],[242,-288],[121,-264],[47,-174],[-122,-264],[94,-252],[46,-355],[10,-192],[46,-216],[28,-174],[168,-222],[-112,-288],[-233,-66],[-28,-276],[214,-283],[-83,-186],[0,-282],[139,-168],[345,-264],[215,-246],[242,-330],[177,-222],[252,-223],[270,-102],[187,-210],[261,-210],[372,-96],[215,-48],[419,-60],[308,-12],[373,48],[373,-30],[410,-18],[261,-30],[345,-90],[447,12],[252,108],[373,-18],[270,-72],[233,-252],[280,-156],[233,-186],[223,-150],[438,-150],[541,-30],[401,48],[252,-150],[428,60],[159,-181],[373,-90],[363,-66],[243,-342],[-75,-348],[149,-282],[215,-162],[400,18],[541,-144],[0,-216]],[[725195,397325],[-298,-42],[-401,150],[-317,90],[-410,-30],[-326,102],[-541,-12],[-420,66],[-344,48],[-299,-240],[-363,84],[-205,-216],[46,-229],[-270,-150],[-364,-36],[-428,30],[-261,-240],[-215,-84],[-410,-18],[-410,-42],[-224,-114],[-270,-150],[-317,-168],[-252,78],[-447,66],[-289,162],[-261,96],[-289,108],[-438,48],[-280,-48],[-568,114],[-392,24],[-214,72],[-401,198],[-410,139],[-317,-145],[-466,36],[-457,-162],[-252,84],[-522,-36],[-354,-12],[-224,180],[-288,25],[-345,108],[-401,-102],[-205,126],[-448,-175],[-522,-36],[-233,-126],[-503,-150],[-550,24],[-354,-60],[-410,-174],[-457,-180],[-504,12],[-428,6],[-382,-66],[-504,-66],[-345,84],[-587,-42],[-270,-138],[-560,12],[-298,-102],[-298,102],[-513,18],[-401,-6],[-270,234],[-382,-60],[-569,-90],[-261,-48],[-307,-96],[-345,-54],[-410,-210],[-392,-216],[-335,-132],[-532,-126],[-457,-162],[-456,-55],[-224,-180],[-261,-54],[-298,-114],[-299,24],[-158,270],[-373,24],[-410,-192],[-410,0],[-205,48],[-261,241],[-569,6],[-335,-127],[-485,-162],[-261,-84],[-364,-186],[-177,-78],[-354,-108],[-308,-36],[-298,6],[-419,156],[-1305,84],[-75,102],[-280,234],[-922,373],[-429,198],[-252,186],[-671,186],[-317,120],[-699,156],[-289,84],[-298,72],[-513,-6],[-196,-342],[-233,-18],[-717,348],[-38,246],[-214,258],[-159,211],[-512,312],[-848,366],[-215,60],[-1035,180],[-261,90],[-279,78],[-662,240],[-466,168],[-242,108],[-317,150],[-299,126],[-326,61],[-550,-145],[-503,-78],[-308,36],[-503,175],[-802,192],[10,294],[0,240],[-206,138],[-270,180],[-84,150],[-326,180],[-392,18],[-549,-30],[-616,-12],[-839,228],[-540,132],[-56,325],[74,210],[-438,120],[-391,90],[-429,96],[-447,114],[-345,252],[121,168],[149,216],[-19,336],[-363,265],[-541,-12],[-233,132],[-317,114],[-149,204],[-158,168],[-383,216],[-37,204],[-475,102],[-718,198],[-326,96],[-569,222],[-475,283],[-457,234],[-485,264],[-65,84],[-186,366],[-140,342],[-401,102],[-233,6],[-382,48],[-522,114],[-420,66],[-512,-60],[-205,-54],[-504,-12],[-382,12],[-214,96],[-355,72],[-279,-72],[-522,84],[-103,259],[-233,114],[-373,30],[-512,-108],[-271,198],[-233,78],[-400,54],[-588,18],[-270,48],[-559,30],[-448,12],[-317,-90],[-559,-114],[-1641,-138],[-344,138],[-196,186],[-308,102],[-214,132],[-298,108],[-299,162],[-671,258],[-2964,480],[-1641,313],[-2973,732],[-802,-618],[-158,-60],[-494,-12],[-634,-36],[-904,-48],[-280,-12],[-550,-48],[-280,0],[-3700,264],[-2480,318],[-1295,126],[-485,-12],[-1072,-36],[-718,-24],[-783,-54],[-1053,-144],[-1436,-138],[-195,-24],[-727,-12],[-1725,-24],[-4222,210],[-522,72],[-271,78],[-1034,630],[-811,601],[-2060,1951],[-1921,2365],[-643,432],[-503,72],[-1445,72]],[[608370,415490],[-1631,18],[-364,222],[-969,126],[-159,162],[-93,799],[-158,282],[-364,294],[-252,162],[-289,132],[-605,246],[-373,132],[-867,223],[-2946,492],[-1761,264],[-1399,186],[-2796,372],[-2955,360],[-2908,607],[-4512,1687],[-2526,1134],[-1864,835],[-1725,444],[-1510,-78],[-1081,-420],[-1174,-925],[-439,-366],[-2041,-2551],[-419,-733],[-336,-840],[-158,-745],[-233,-1038],[-103,-1555],[-65,-1261],[-2042,-2089],[-6152,-4376],[-8743,-6898],[-1128,-1116],[-2908,-2912],[-2247,-2761],[-1035,-4298],[-2684,-1099],[-3365,-1357],[-2079,-630],[-1650,-432],[-2004,-372],[-718,-193],[-419,-108],[-494,-126],[-3067,-324],[-550,-66],[-1603,-192],[-876,-72],[-2088,-264],[-298,-90],[-280,-90],[-867,-360],[-308,12],[-689,-385],[-140,-78],[-299,-264],[-307,-222],[-1156,-612],[-298,-150],[-252,-222],[-354,-133],[-364,-228],[-335,-24],[-317,-66],[-326,-96],[-336,-240],[-65,-174],[0,-300],[74,-204],[-18,-234],[-243,-168],[-354,114],[-457,-6],[-242,-96],[-494,0],[-587,-132],[-205,-31],[-420,-54],[-335,-48],[-187,-246],[-522,-48],[-401,0],[-410,-6],[-419,-30],[-336,24],[-429,-54],[-428,90],[-513,114],[-354,-12],[-308,12],[-354,78],[-261,90],[-494,-120],[-373,-24],[-354,-252],[-345,-126],[-336,-42],[-298,78],[-354,-114],[-261,-84],[-737,-162],[-382,-84],[-438,-114],[-93,-222],[-354,-36],[-289,54],[-289,-306],[205,-349],[-47,-84],[-1006,-336],[-970,-390],[-820,-360],[-326,-126],[-1557,-769],[-792,-228],[-774,-144],[-1165,-90],[-494,0],[-457,-6],[-280,6],[-503,-60],[-177,-708],[-252,-457],[-279,-18]],[[493158,374230],[-215,12],[-568,73],[-327,36],[-522,6],[-354,-6],[-513,-18],[-512,0],[-559,-30],[-858,-109],[93,1183],[-1044,-60],[75,1057],[-1231,-78],[373,570],[-1258,102],[-979,90],[-1920,174],[-401,42],[-839,102],[-130,174],[391,625],[214,426],[-130,36],[-2097,96],[-317,6],[-643,30],[-112,426],[512,1027],[-233,342],[-37,306],[9,432],[-46,120],[-196,306],[131,349],[410,864],[428,756],[215,289],[-37,132],[-168,330],[-10,120],[66,336],[205,588],[93,355],[140,1446],[18,739],[-111,2119],[-168,996],[-709,1531],[-354,300],[-224,162],[-773,565],[-774,438],[-708,396],[-951,510],[-2303,1225],[-904,492],[-1156,643],[-1127,558],[-1445,600],[-615,96],[-373,132],[-271,36],[-345,6],[-466,174]],[[466498,399011],[-93,163],[-401,300],[-56,30],[-624,144],[-280,30],[-307,6],[-392,168],[-354,198],[-112,192],[-261,264],[-93,150],[37,355],[75,228],[-196,180],[-541,90],[-270,-60],[-363,24],[-243,120],[-475,204],[-448,120],[-456,138],[-205,156],[-411,234],[-205,234],[-261,48],[-354,175],[-326,258],[-420,84],[-484,114],[-224,-12],[-382,-66],[-485,6],[-410,216],[-140,294],[-19,468],[-93,348],[-484,24],[-271,139],[-233,210],[56,354],[-354,282],[-149,246],[-429,162],[-261,174],[-252,204],[-391,168],[-75,583],[112,468],[19,174],[-112,294],[-196,432],[-149,499],[-56,318],[-37,1495],[65,714],[615,2095],[-587,510],[-65,277],[-177,864],[-466,1033],[-364,624],[-373,594],[-513,889],[-177,330],[-1295,1531],[-1175,1488],[-345,673],[-270,552],[-65,318],[46,511]],[[447818,423841],[2182,3187],[261,1195],[671,2617],[615,1939],[280,1795],[83,1735],[-130,1243],[-326,1494],[-634,1885],[-709,1909],[-512,1747],[-159,1363],[38,1261],[139,1104],[2004,3842],[979,1249],[205,462],[373,1321],[261,1033],[0,504],[-9,666],[186,360],[336,487],[326,564],[252,618],[270,583],[131,282],[270,666],[74,276],[47,258],[0,348],[-93,385],[-93,288],[-196,240],[-37,312],[-47,498],[9,138],[-102,259],[-168,318],[-56,252],[-9,300],[46,228],[75,342],[0,180],[-28,205],[-140,4022],[-746,3097],[0,505],[28,1632],[103,601],[1146,2683],[2368,5391],[1184,-306],[2684,-156],[3263,72],[2535,558],[1734,324],[196,36],[979,180],[4409,306],[1883,391],[298,264],[373,132],[373,-120],[317,-18],[354,192],[456,198],[308,174],[914,600],[438,361],[205,198],[121,174],[205,306],[158,234],[289,432],[150,246],[0,295],[139,282],[411,528],[111,126],[233,300],[178,240],[214,277],[252,162],[354,108],[540,150],[392,114],[475,126],[429,78],[242,72],[383,78],[242,-6],[354,-102],[187,-162],[93,-348],[46,-204],[383,-66],[317,90],[428,-199],[485,0],[214,181],[159,150],[485,-90],[242,12],[457,90],[457,-48],[344,84],[187,126],[84,324],[736,204],[354,30],[401,66],[485,60],[317,258],[28,168],[84,397],[251,132],[485,-54],[233,-12],[503,162],[233,72],[355,36],[652,24],[504,108],[223,72],[438,78],[327,66],[233,90],[317,114],[93,252],[196,222],[37,240],[112,253],[195,168],[178,270],[158,246],[354,72],[364,210],[270,234],[382,108],[326,186],[439,-12],[484,-36],[494,-12],[327,-72],[298,24],[419,108],[271,144],[261,24],[289,162],[205,97],[335,252],[326,72],[271,78],[261,174],[251,222],[234,216],[102,144],[2265,1909],[522,492],[681,775],[400,678],[653,979],[2843,5216],[792,3014],[522,1579],[177,786],[103,204],[121,174],[159,193],[335,252],[215,258],[251,546],[131,654],[205,1801],[-19,583],[149,564],[373,690],[448,817],[242,300],[37,114],[578,612],[1370,985],[1510,1152],[783,403],[3598,1837],[112,60],[932,546],[1035,912],[932,937],[1259,1291],[1295,1248],[1613,1513],[951,1291],[2181,3367],[224,361],[46,66],[-811,2107],[-876,972],[-1510,697],[-1230,420],[-1538,612],[-1492,661],[-1715,858],[-736,354],[-560,504],[-1062,1255],[-681,955],[-326,576],[-541,3170],[1221,4586],[4409,4004],[3244,2918],[2377,4946],[-1547,-522],[-811,-24],[-783,-24],[-354,-48],[-532,-138],[-680,-114],[-289,30],[-895,114],[-559,18],[-923,48],[-1249,24],[-541,72],[-503,48],[-643,126],[-261,30],[-848,36],[-1054,72],[-652,24],[382,600],[177,211],[65,468],[140,324],[187,306],[83,432],[159,553],[-19,444],[112,642],[-522,234],[-47,66],[187,517],[373,1218],[-317,210],[261,817],[130,402],[66,318],[83,703],[112,762],[56,648],[-410,36],[-158,90],[-280,264],[-149,211],[-196,114],[-345,84],[-289,66],[-345,168],[-289,240],[-484,120],[-243,330],[-9,270],[-382,156],[-364,126],[-354,187],[-298,-6],[-270,276],[74,246],[-475,192],[-513,162],[-391,246],[-280,186],[-103,312],[38,367],[84,1008],[-19,186],[37,312],[-56,277],[-158,192],[-466,108],[-66,312],[56,234],[-18,240],[-299,210],[-233,258],[-9,277],[-382,222],[-205,192],[-205,264],[-75,330],[-419,240],[46,294],[-167,210],[-476,108],[-289,85],[-457,60],[-400,102],[-233,48],[-280,282],[112,216],[233,324],[466,624],[289,547],[252,510],[326,1183]],[[513031,589672],[1603,534],[960,348],[1165,420],[541,168],[382,42],[429,-12],[680,-42],[420,-12],[662,54],[960,108],[419,48],[569,109],[345,84],[457,138],[792,270],[1370,426],[1249,384],[513,132],[531,84],[764,96],[569,78],[280,54],[401,120],[447,157],[149,132],[727,1092],[243,607],[121,348],[65,294],[19,462],[233,1867],[186,1531],[457,12],[792,60],[261,12],[466,132],[289,60],[326,0],[485,48],[513,138],[186,150],[243,186],[307,288],[634,307],[168,66],[1100,252],[289,-42],[736,66],[541,144],[1128,36],[317,54],[354,-6],[279,30],[504,132],[457,-12],[298,18],[438,198],[466,234],[671,48],[168,42],[354,174],[298,289],[355,36],[988,-367],[876,-348],[26687,-9659],[4773,2732],[3402,3145],[1696,1453],[718,600],[2871,2426],[653,432],[438,108],[298,18],[345,-36],[298,-102],[867,-637],[597,-414],[522,-258],[438,-174],[419,-132],[643,-108],[597,-66],[270,-30],[2293,-84],[2517,-96],[653,-12],[1183,-48],[1669,54],[1408,240],[773,300],[867,390],[1380,799],[1696,1110],[177,126],[187,234],[242,763],[541,1477],[438,660],[186,180],[382,222],[327,138],[391,108],[457,36],[280,6],[3318,-156],[1920,138],[1240,72],[885,-54],[746,-120],[1081,-366],[774,-354],[1081,-600],[1781,-589],[1631,-336],[1212,-168],[587,-42],[2480,-60],[4753,72],[2592,102],[1538,114],[568,84],[513,108],[298,-12],[504,-84],[307,78],[327,-24],[223,-132],[168,-330],[326,-180],[327,-66],[195,-114],[271,-355],[382,-390],[503,-474],[0,342],[326,228],[56,198],[355,235],[326,114],[718,120],[279,54],[485,42],[326,150],[205,180],[448,-174],[503,6],[205,-198],[448,-252],[326,84]],[[622194,782067],[84,-271],[242,-342],[9,-312],[-65,-234],[-382,-294],[-168,-48],[-3160,-949],[-1277,-474],[-2340,-1225],[-857,-306],[-951,-408],[-494,-288],[-289,-378],[-242,-361],[-28,-84],[-94,-390],[-46,-570],[419,-919],[140,-150],[382,-348],[522,-372],[532,-240],[885,-222],[1911,-330],[1911,-301],[1613,-504],[1491,-600],[708,-348],[2713,-1333],[2218,-1075],[709,-378]],[[628290,768013],[-56,-276],[-224,-210],[-503,-342],[-149,-234],[-19,-234],[131,-325],[186,-222],[280,-342],[428,-162],[411,-24],[298,-330],[-298,-300],[-532,-253],[-718,-246],[-335,-42],[-1631,42],[-2480,48],[-596,-84],[-373,-48],[-522,-288],[-401,-498],[-159,-252],[0,-204],[38,-234],[-66,-367],[-158,-234],[112,-360],[289,-150],[84,-246],[438,-174],[401,-30],[484,-198],[383,-144],[391,12],[848,-6],[252,-36],[308,-241],[-94,-618],[-121,-600],[-345,-2888],[19,-516],[28,-594],[-56,-132],[-196,-223],[-466,-216],[-335,-78],[-373,-72],[-485,-18],[-354,6],[-466,-72],[-336,-216],[-354,-114],[-438,-36],[-848,18],[-504,84],[-531,-36],[-308,-54],[-531,-126],[-652,-240],[-2051,-769],[-438,-180],[-681,-156],[-65,-12],[-625,-96],[-2069,-174],[-662,-78],[-1650,-396],[-382,-114],[-289,-120],[-317,-156],[-503,-300],[-131,-355],[-335,-6],[-354,-90],[-196,-288],[-438,-222],[-634,-576],[-736,-595],[-746,-672],[-457,-426],[-261,-174],[-168,-192],[-717,-655],[-215,-252],[-223,-30],[-420,168],[-224,24],[-391,-156],[-317,-72],[-625,-90],[-279,-324],[-215,-264],[-410,-402],[-494,84],[-792,138],[-895,84],[-233,-348],[-121,-181],[-131,-330],[-643,-348],[-37,-180],[158,-612],[75,-318],[-19,-475],[-102,-168],[-299,-294],[-382,-138],[-419,-162],[-466,-246],[-392,-270],[-503,-559],[-112,-36],[-783,-204],[-587,-108],[-532,-72],[-447,-72],[-65,-390],[-131,-919],[-102,-408],[-10,-354],[-139,-90],[-634,-36],[-485,-90],[-690,-84],[-74,-78],[242,-553],[121,-378],[75,-336],[-28,-486],[102,-450],[94,-613],[-224,-84],[-774,0],[-606,-42],[-233,0],[-550,42],[-233,-408],[-540,-906],[-187,-337],[-2340,-3403],[-214,-349],[-130,-294],[65,-174],[363,-150],[19,-198],[-56,-234],[-102,-204],[-271,-288],[-289,-253],[-121,-294],[-214,-204],[-252,-234],[-224,-282],[-149,-168],[-93,-276],[19,-781],[93,-246],[28,-300],[18,-282],[10,-192],[-103,-336],[-28,-229],[0,-156],[84,-318],[93,-222],[-18,-174],[-131,-240],[-205,-588],[-130,-385],[-112,-348],[-65,-204],[-103,-192],[-112,-198],[-112,-198],[-84,-276],[-139,-781],[-467,-1597],[10,-138],[-28,-300],[-65,-348],[-56,-378],[-38,-288],[-531,-108],[-65,-211],[-429,-720],[261,-354],[-317,-600],[-186,-349],[-122,-240],[-149,-186],[-214,-204],[-242,-216],[-243,-210],[-196,-168],[-261,-288],[-102,-187],[-103,-408],[-717,-1242],[-1128,-1789],[-774,-1231],[-643,-1237],[-494,-936],[-364,-186],[-372,-78],[-75,-318],[-131,-415],[-74,-222],[-345,-780],[-75,-198],[-195,-222],[-653,-685],[-37,-156],[-131,-282],[-261,-354],[-102,-114],[-354,-192],[-159,-192],[-233,-169],[-307,-252],[-364,12],[-270,30],[-578,-6],[-336,30],[-307,-258],[-10,-294],[-540,-96],[-168,-252],[-131,-180],[-270,-276],[-261,-240],[-364,-259],[-167,-162],[-299,-630],[-223,-66],[-429,0],[-298,-1261],[-364,-30],[-345,-18],[-1556,-84],[-998,-294],[-1445,-72],[121,-576],[-18,-210],[-75,-253],[-140,-270],[-158,-336],[-28,-96],[-56,-414],[-65,-378],[-84,-396],[-84,-379],[-37,-168],[-187,-1116],[-550,-2125],[-37,-115],[-84,-462],[0,-126],[84,-324],[149,-444],[10,-186],[-66,-289],[-102,-240],[-168,-504],[-28,-126],[9,-768],[38,-661],[28,-702],[46,-660],[37,-679],[28,-696],[56,-1153],[66,-864],[102,-1453],[65,-1663],[38,-600],[102,-1723],[28,-474],[-158,-36],[-690,42],[-280,-222],[-382,-775],[-130,-282],[-317,-372],[-121,-228],[-140,-631],[-103,-312],[56,-132],[1967,-198],[447,-24],[261,30],[746,24],[718,0],[587,-48],[1081,-84],[299,-24],[1137,-102],[951,-60],[494,-18],[205,48],[540,-54],[793,-66],[28,-348],[270,-204],[447,-42],[94,-205],[261,-240],[149,-90],[354,-162],[522,-168],[848,-216],[476,54],[111,336],[215,396],[65,331],[75,216],[139,192],[401,576],[243,354],[186,240],[1147,-234],[932,-204],[456,-6],[252,480],[103,132],[578,835],[93,30],[969,-90],[159,-18],[745,-90],[588,-60],[764,-150],[662,-96],[485,-72],[289,-60],[354,-36],[251,-36],[383,-24],[475,-42],[121,-19],[476,-84],[335,-6],[93,271],[205,726],[187,744],[354,1303],[326,1099],[224,954],[233,678],[131,181],[158,168],[298,138],[2247,666],[755,204],[475,66],[2200,-120],[1557,-90],[1333,-138],[298,-216],[466,-234],[876,552],[103,0],[718,-366],[624,-282],[457,-150],[419,-12],[466,-54],[476,-216],[37,-319],[140,-408],[186,-150],[755,96],[345,18],[448,18],[568,-54],[233,-6],[1650,180],[420,12],[1761,12],[765,-18],[102,-54],[-326,-1278],[522,-67],[485,-54],[2246,-186],[625,-36],[242,-222],[-28,-372],[-37,-276],[0,-757],[46,-342],[103,-342],[130,-276],[187,-252],[196,-420],[139,-337],[56,-198],[10,-582],[37,-402],[-9,-420],[121,-180],[7084,-589],[1249,-78],[401,-90],[28,-420],[19,-36],[214,-54],[429,42],[475,66],[522,72],[2023,282],[2172,312],[680,102],[755,-30],[1119,-102],[969,-66],[1231,-36],[941,-36],[4353,-144],[392,-12],[531,-72],[429,-96],[578,-246],[335,-150],[485,-114],[1762,-378],[512,-127],[1203,-456],[830,-324],[326,-108],[475,-84],[364,12],[792,-30],[280,312],[867,-60],[372,-30],[616,-42],[904,-102],[466,-54],[680,-84],[616,-54],[438,-30],[2078,-156],[1473,-120],[177,-78],[-121,-421],[93,-132],[457,-48],[569,-36],[773,6],[19,-162],[-298,-1044]],[[654213,666110],[-177,-673],[-877,-1410],[-680,-2132],[-531,-2101],[-168,-2023],[-942,-1771],[-261,-774],[-158,-486],[-84,-541],[-196,-918],[-74,-3776],[-774,-2773],[-373,-2348],[401,-870],[475,-979],[998,-882],[531,-276],[913,-300],[550,-205],[1175,-582],[1622,-1158],[1230,-1087],[392,-444],[783,-1093],[326,-438],[680,-1015],[178,-312],[205,-258],[512,-564],[215,-222],[438,-997],[177,-366],[-233,-324],[447,-162],[261,-60],[522,-120],[550,-114],[448,-133],[1295,-462],[392,-132],[401,-24],[242,-6],[354,-42],[401,-96],[270,-90],[196,-330],[-84,-354],[-37,-282],[0,-337],[392,-78],[400,-162],[243,-300],[167,-966],[196,-1141],[19,-294],[-28,-444],[-65,-679],[0,-168],[93,-216],[9,-228],[19,-306],[-187,-481],[-139,-342],[-84,-216],[-94,-444],[-83,-228],[-66,-228],[-37,-180],[-37,-301],[-19,-198],[-9,-240],[121,-372],[242,-474],[84,-324],[149,-379],[243,-360],[167,-690],[75,-318],[75,-294],[102,-355],[270,-432],[495,-750],[214,-480],[158,-853],[345,-1615],[-382,-72],[-317,-300],[-727,-102],[-9,-204],[-196,-324],[-93,-210],[-326,-211],[-66,-330],[-121,-288],[-130,-294],[158,-222],[-280,-174],[-382,156],[-354,114],[-308,-156],[84,-246],[-270,-192],[-363,-66],[-261,-229],[-215,-246],[19,-228],[46,-252],[-279,54],[-429,-24],[-298,-276],[-345,-132],[-205,-264],[-112,-366],[-112,-217],[-270,-96],[-634,-168],[-177,-126],[-420,-108],[-373,-42],[-382,-96],[-298,-120],[-298,144],[-355,228],[-261,-60],[-289,-78],[-410,72],[-167,-234],[316,-258],[-503,-168],[-410,-72],[-364,-312],[-130,-246],[-559,-67],[-1091,24],[-242,-246],[-448,-72],[-857,228],[-373,-222],[-755,-144],[-271,-78],[-531,-102],[-270,-144],[-243,-270],[-410,-54],[-568,-42],[-224,180],[-373,-60],[-224,-138],[-382,-60],[-298,-264],[-224,-102],[-391,-36]],[[513031,589672],[74,654],[10,252],[-140,558],[37,649],[270,636],[821,1237],[885,990],[699,1129],[168,384],[233,852],[93,415],[0,924],[-28,997],[345,1404],[411,793],[251,234],[793,708],[1258,1033],[727,702],[419,949],[271,1086],[121,252],[429,721],[447,498],[224,252],[951,486],[149,133],[307,258],[131,522],[140,1285],[484,1080],[494,991],[774,1681],[597,840],[755,708],[1547,1123],[1137,1489],[597,1170],[177,1069],[-177,1447],[168,768],[1044,979],[1827,1927],[1165,1488],[643,973],[1128,1711],[252,1050],[195,54],[345,174],[-37,271],[186,306],[420,210],[-28,204],[-149,258],[-140,276],[28,204],[186,331],[56,288],[168,312],[438,-90],[317,138],[149,312],[354,222],[187,180],[-28,348],[102,295],[233,204],[364,228],[149,234],[326,120],[410,150],[411,-36],[605,72],[317,66],[345,180],[252,132],[289,84],[513,96],[317,-30],[494,-78],[363,30],[420,156],[242,223],[130,156],[271,198],[65,234],[401,396],[28,42],[186,384],[476,114],[372,228],[299,169],[298,96],[447,102],[-83,348],[-84,354],[-112,66],[-671,54],[-392,48],[-410,156],[-410,144],[-149,258],[-802,145],[-168,-6],[-550,-205],[-139,6],[-457,259],[-93,36],[-541,90],[-93,18],[-476,300],[-456,78],[-457,60],[-336,-54],[-652,108],[-317,156],[-205,138],[-448,126],[-354,-42],[-429,144],[-307,222],[-569,348],[-102,12],[-653,36],[-270,36],[-1473,529],[-541,30],[-494,-48],[-242,-36],[-475,-114],[-140,-36],[-569,-12],[-550,-138],[-214,-156],[-149,-163],[-401,-138],[-261,-234],[-280,-144],[-196,-168],[-335,-228],[-401,0],[-345,90],[-298,6],[-336,-30],[-475,-42],[-224,-138],[-401,-90],[-382,-108],[-205,258],[177,192],[-28,192],[-345,192],[-186,120],[-401,-174],[-307,-96],[-112,-348],[-494,-138],[-280,-210],[-569,-54],[-372,-24],[-429,-6],[-494,-12],[-317,-90],[-382,-174],[-383,-84],[-242,-18],[-457,66],[-494,36],[-251,144],[-327,60],[-717,90],[-373,36],[-261,18],[-793,66],[-484,144],[-233,90],[-317,90],[-280,-6],[-326,-156],[-410,-276],[-252,-162],[-503,48],[-560,342],[-139,108],[-336,204],[-951,456],[-28,18],[-699,228],[-2349,1147],[-1892,900],[-37,18],[-1743,985],[-988,276],[-355,162],[-559,264]],[[505061,646395],[-867,751],[-839,342],[-1100,354],[-1715,576],[-1109,457],[-811,426],[-1464,576],[-2554,1123],[-1510,714],[-848,486],[-615,427],[-606,612],[-233,414],[-131,348],[-83,937],[195,1411],[94,924],[139,714],[196,1147],[261,1429],[112,900],[298,985],[299,960],[139,1213],[103,630],[-84,517],[-93,564],[-56,198],[-289,468],[-84,126],[-214,324],[-373,733],[-187,786],[-251,673],[-112,306],[-187,474],[-289,450],[-18,18],[-364,372],[-158,169],[-382,414],[-439,660],[-214,522],[-74,553],[9,198],[326,198],[960,210],[243,192],[233,210],[1360,1885],[578,895],[131,300],[47,252],[-10,354],[-9,348],[-19,1081],[0,354],[-9,468],[-65,463],[-317,306],[-1324,732],[-2526,1249],[-708,564],[-485,660],[-37,691],[93,558],[522,606],[1379,1261],[839,786],[1576,1477],[149,144],[1473,1429],[1295,1141],[4670,4316],[-140,774],[-708,1363],[-848,954],[-1231,1003],[-1678,1087],[-2516,1368],[-2312,1051],[-2619,1405],[-1799,1554],[-727,1213],[-122,1471],[28,180],[84,240],[65,138],[84,276],[215,222],[1025,6],[392,0],[121,253],[512,174],[2331,84],[289,-282],[196,-157],[419,241],[233,342],[159,306],[149,186],[447,-90],[392,-138],[214,-78],[345,-90],[466,-132],[298,-78],[364,-72],[251,-42],[345,-30],[476,-90],[578,48],[391,-6],[932,66],[84,126],[93,396],[131,168],[857,228],[150,36],[1118,252],[345,78],[569,78],[261,12],[410,0],[475,-6],[951,-60],[559,-24],[410,96],[327,18],[345,24],[1137,72],[531,48],[466,132],[196,217],[307,294],[420,54],[457,-18],[223,234],[131,192],[19,270],[186,216],[401,-30],[885,54],[662,42],[559,66],[271,54],[997,78],[354,42],[410,24],[467,-60],[335,-48],[364,-42],[298,6],[326,102],[233,48],[457,66],[364,133],[102,300],[-112,288],[-74,294],[0,216],[9,1477],[65,450],[-9,264],[-56,186],[-186,1243],[-289,222],[-392,114],[0,300],[75,1759],[56,222],[-345,120],[-550,36],[-420,6],[-522,-6],[-382,91],[-336,132],[-549,84],[-317,108],[-131,198],[-65,186],[-345,210],[-494,360],[-289,330],[75,289],[55,192],[56,216],[94,348],[121,246],[18,276],[-9,168],[-19,264],[-18,168],[-37,445],[55,366],[-18,84],[-1575,1255],[1994,3163],[140,168],[1818,2228],[1892,2185],[158,156],[1007,894],[289,589],[401,804],[513,2455],[-47,973],[-9,330],[-28,156],[-56,384],[-19,384],[19,169],[37,288],[47,666],[74,804],[84,835],[19,180],[-1100,258],[-1175,102],[-3150,132],[-1315,-36],[-1211,-30],[-1399,-120],[-950,-24],[-271,6],[-1724,36],[-1016,96],[-168,24],[-1678,240],[-354,96],[-485,126],[-2666,457],[-3551,888],[-4269,1753],[-1538,810],[-1054,559],[-56,24],[150,330],[-84,276],[-289,252],[-699,775],[-131,180],[-121,222],[-65,186],[-47,228],[9,162],[159,594],[130,331],[-18,342],[-93,246],[-233,288],[-234,174],[-233,162],[-270,210],[-121,235],[-186,648],[-19,102],[74,384],[0,282],[-74,348],[-93,193],[-448,492],[-233,198],[-130,120],[-149,222],[-66,306],[28,408],[149,451],[140,294],[149,114],[672,324],[316,72],[541,102],[-177,240],[-550,108],[-270,78],[-429,181],[-131,270],[140,204],[-65,210],[-121,312],[-19,354],[9,306],[168,319],[177,180],[224,132],[392,222],[494,174],[587,-36],[326,-66],[494,-30],[233,12],[392,78],[223,54],[383,162],[363,222],[121,192],[75,264],[-37,156],[-280,409],[-205,294],[-28,264],[74,282],[234,468],[251,270],[466,157],[504,24],[1286,-30],[205,-6],[447,-120],[457,-283],[895,-522],[177,-222],[19,-312],[224,-721],[-19,-276],[-317,-306],[-224,-96],[-410,-60],[-354,-12],[-476,-42],[-913,-216],[-382,-18],[-569,-102],[-177,-138],[-19,-264],[355,-487],[531,30],[475,150],[438,78],[550,-78],[504,-120],[298,-126],[466,-24],[410,60],[541,270],[121,67],[886,930],[121,240],[93,204],[345,216],[522,192],[624,175],[364,24],[326,-42],[327,-12],[307,54],[289,222],[-242,318],[-560,168],[-307,36],[-746,84],[-401,264],[19,246],[205,162],[224,168],[494,271],[373,126],[242,138],[252,270],[9,276],[-93,306],[56,618],[-75,193],[-224,234],[-317,192],[-223,144],[-84,330],[121,264],[224,216],[196,120],[205,271],[0,264],[-271,198],[-270,102],[-708,144],[-317,156],[-103,198],[-19,174],[66,288],[195,210],[280,126],[475,121],[336,30],[419,0],[644,-18],[158,-24],[1007,-349],[354,-96],[485,-30],[391,60],[373,102],[410,192],[326,295],[94,240],[0,150],[-177,228],[-205,150],[-355,228],[-102,168],[18,282],[411,877],[46,360],[-196,276],[-317,132],[-186,150],[37,295],[205,228],[243,102],[345,84],[270,30],[867,144],[438,24],[606,30],[475,42],[280,60],[503,126],[690,258],[233,120],[187,216],[149,216],[167,126],[392,145],[1091,0],[438,-55],[410,-102],[373,-228],[205,-216],[149,-342],[-9,-414],[-38,-234],[-307,-859],[-10,-216],[215,-300],[46,-306],[-112,-222],[-261,-192],[-475,-193],[-308,-120],[-307,-102],[-373,-132],[-447,-204],[-187,-150],[-242,-306],[-56,-240],[9,-162],[75,-276],[177,-247],[354,-276],[214,-324],[75,-210],[75,-180],[214,-228],[317,-282],[242,-162],[401,-168],[270,-97],[476,-78],[1249,-102],[270,-42],[839,-126],[494,0],[345,132],[233,114],[298,247],[84,198],[-93,288],[-84,180],[37,216],[187,276],[84,210],[-19,222],[-391,240],[-224,67],[-252,180],[-121,126],[-280,318],[-233,306],[-74,150],[-131,294],[-140,192],[-177,174],[-400,169],[-392,84],[-214,60],[-252,294],[-19,240],[112,258],[252,354],[93,150],[131,306],[121,223],[373,252],[307,30],[345,-30],[242,-36],[420,-12],[270,48],[494,66],[299,-30],[382,-114],[298,-90],[326,-223],[56,-264],[-65,-198],[75,-306],[158,-180],[252,-174],[233,-78],[531,-96],[382,-24],[550,-72],[886,-198],[223,-66],[271,-156],[196,-331],[-19,-246],[-289,-186],[-457,-126],[-419,-156],[-215,-348],[-9,-336],[-84,-192],[-363,-265],[-467,-174],[-344,-186],[-112,-348],[335,-228],[560,-138],[214,-54],[858,-222],[307,-78],[401,-114],[363,-169],[280,-198],[196,-204],[177,-192],[168,-162],[391,-264],[457,-204],[270,-78],[280,-72],[298,-60],[448,-54],[382,-18],[438,84],[317,126],[513,432],[1603,1069],[205,150],[158,150],[1771,1891],[159,258],[47,240],[9,168],[102,318],[317,420],[261,337],[196,168],[475,282],[252,120],[345,162],[270,264],[47,210],[-65,300],[28,379],[112,222],[139,174],[196,168],[205,138],[410,126],[308,18],[578,-18],[485,-84],[363,-48],[774,-54],[960,-48],[205,0],[1128,132],[401,84],[1389,276],[3066,619],[215,102],[102,288],[-56,192],[-195,642],[-271,300],[-168,108],[-382,156],[-503,79],[-2014,-133],[-624,-6],[-392,18],[-512,127],[-354,210],[-84,132],[-66,300],[56,204],[168,198],[308,180],[289,126],[428,150],[1399,667],[373,102],[279,48]],[[538245,784294],[317,-54],[382,-84],[448,-156],[419,-174],[317,-139],[494,-108],[317,-36],[587,-54],[634,-6],[774,36],[801,42],[690,18],[420,-24],[335,-66],[429,-120],[308,-174],[261,-252],[223,-300],[122,-282],[270,-619],[186,-510],[131,-360],[168,-336],[177,-174],[289,-192],[391,-90],[448,-18],[307,6],[326,36],[261,36],[317,114],[261,210],[159,252],[140,342],[65,318],[9,294],[-84,361],[-28,348],[28,264],[47,222],[84,198],[317,384],[587,433],[923,606],[596,300],[774,300],[1258,234],[1697,132],[597,114],[382,102],[335,157],[438,318],[625,648],[513,486],[400,439],[317,204],[261,132],[410,108],[1604,360],[1128,294],[1006,108],[886,54],[531,18],[438,-30],[327,-66],[233,-108],[177,-198],[46,-228],[28,-474],[93,-535],[28,-270],[66,-192],[149,-216],[252,-192],[316,-144],[383,-126],[279,-78],[345,-30],[448,54],[307,174],[271,168],[149,222],[121,378],[112,390],[-10,259],[-149,264],[-121,210],[-93,270],[-28,264],[93,366],[196,457],[177,696],[19,270],[-28,288],[-94,324],[-149,481],[-65,318],[-56,336],[0,300],[103,252],[233,270],[400,271],[317,168],[317,126],[560,168],[494,96],[363,66],[522,48],[578,-12],[839,-36],[904,-66],[876,-48],[737,-72],[690,-174],[587,-174],[876,-313],[671,-282],[457,-192],[317,-192],[326,-252],[205,-282],[112,-222],[37,-234],[-56,-295],[-65,-240],[-205,-210],[-205,-168],[-447,-186],[-597,-276],[-643,-186],[-569,-114],[-773,-90],[-644,-90],[-475,-133],[-326,-168],[-224,-192],[-93,-180],[-47,-216],[56,-216],[270,-624],[150,-553],[205,-522],[205,-318],[270,-288],[401,-354],[401,-168],[587,-265],[941,-228],[700,-126],[307,-102],[326,-174],[196,-126],[233,-168],[224,-258],[65,-252],[-84,-319],[-112,-180],[-223,-276],[-94,-192],[47,-234],[242,-300],[532,-144],[382,84],[261,78],[308,162],[251,186],[382,324],[606,552],[233,241],[103,276],[0,186],[-84,246],[-233,204],[-429,258],[-410,246],[-485,246],[-270,133],[-205,114],[-177,270],[9,168],[140,234],[308,282],[298,162],[373,156],[540,288],[373,175],[392,114],[512,24],[513,-96],[364,-6],[233,42],[316,180],[336,132],[270,78],[420,-258],[-121,-210],[-84,-205],[9,-318],[19,-276],[18,-216],[84,-354],[112,-282],[-19,-240],[-158,-205],[-196,-114],[-363,-78],[-224,-48],[-336,-186],[-111,-222],[-28,-240],[28,-234],[102,-174],[93,-294],[-9,-253],[9,-270],[-65,-390],[-19,-384],[10,-354],[-10,-240],[0,-271],[10,-186],[28,-198],[56,-192],[158,-252],[196,-156],[391,-264],[429,-258],[448,-294],[298,-199],[252,-150],[512,-192],[261,-78],[345,-90],[448,-192],[233,-108],[298,-168],[224,-144],[223,-138],[345,-198],[280,-132],[270,-78],[578,-49],[559,61],[392,192],[252,234],[18,270],[-112,348],[-46,288],[-56,252],[-38,283],[-46,222],[0,240],[93,180],[280,174],[401,162],[559,24],[401,-54],[298,-138],[196,-234],[-28,-366],[-28,-313],[158,-228],[401,-120],[336,-72],[251,-30],[364,-42],[746,-84],[484,-30],[737,-48],[820,-12],[755,-12],[736,-18],[867,-6],[643,0],[532,18],[419,36],[308,12],[522,-54],[540,-84],[411,-66],[475,-84],[429,-84],[512,-126],[308,-72],[364,-66],[578,-60],[494,60],[382,114],[354,300],[186,276],[75,264],[-9,174],[-94,265],[-167,204],[-327,258],[-223,156],[-466,264],[-280,120],[-475,132],[-569,42],[-364,24],[-298,36],[-503,42],[-233,48],[-354,168],[-317,204],[-131,217],[56,318],[112,288],[140,294],[214,246],[168,174],[391,204],[345,48],[513,-42],[373,-96],[494,-138],[615,-156],[84,-30],[718,-198],[410,-174],[270,-132],[289,-156],[364,-204],[363,-162],[457,-157],[270,-78],[289,-90],[280,-72],[326,-60],[420,-6],[391,24],[550,36],[447,72],[336,108],[280,139],[354,270],[158,270],[-18,378],[-56,258],[-84,204],[-47,192],[-112,301],[-74,288],[-37,216],[-47,294],[9,192],[84,312],[243,222],[447,156],[242,36],[457,0],[289,-54],[326,-78],[327,-96],[233,-66],[400,-150],[205,-114],[289,-174],[289,-258],[252,-294],[242,-288],[178,-181],[167,-156],[205,-198],[196,-132],[336,-270],[391,-306],[429,-330],[513,-324]],[[927106,591641],[93,-313],[56,-174],[93,-276],[103,-216],[74,-204],[37,-180],[19,-246],[0,-216],[-37,-168],[-75,-205],[-149,-246],[-233,-384],[-326,-396],[-187,-270],[-251,-360],[-271,-367],[-298,-384],[-224,-258],[-83,-360],[149,-216],[121,-180],[84,-252],[37,-181],[205,-210],[494,-108],[261,-30],[438,42],[252,90],[354,132],[475,217],[513,186],[476,156],[922,318],[905,378],[978,414],[504,156],[596,198],[410,121],[308,78],[280,36],[484,6],[280,-24],[513,-78],[839,-133],[1379,-180],[1119,-150],[503,-90],[326,-102],[410,-240],[150,-162],[186,-222],[121,-180],[37,-228],[-55,-337],[-103,-186],[-140,-228],[-140,-156],[-391,-216],[-308,-138],[-345,-246],[-111,-168],[-75,-336],[19,-247],[83,-336],[112,-384],[-74,-774],[-140,-234],[-345,-187],[-336,-84],[-559,-126],[-578,-132],[-363,-72],[-271,-48],[-372,-30],[-308,6],[-308,24],[-419,36],[-252,42],[-335,72],[-383,162],[-307,198],[-522,349],[-392,270],[-382,186],[-307,42],[-383,-78],[-251,-132],[-373,-252],[-215,-168],[-130,-223],[-75,-222],[-46,-252],[-19,-204],[19,-240],[56,-252],[140,-444],[279,-631],[261,-516],[168,-354],[65,-294],[19,-264],[-19,-235],[0,-474],[-18,-666],[-38,-330],[-56,-258],[-84,-211],[-111,-210],[-187,-252],[-298,-282],[-233,-168],[-326,-234],[-364,-300],[-345,-289],[-279,-276],[-308,-306],[-261,-246],[-168,-204],[-205,-324],[-56,-180],[-65,-342],[0,-247],[28,-216],[112,-318],[223,-180],[401,-252],[401,-144],[559,30],[448,102],[373,114],[214,222],[37,348],[-84,228],[-111,331],[56,282],[83,288],[84,156],[317,246],[476,150],[466,84],[410,96],[270,54],[429,36],[224,-18],[410,-18],[522,48],[224,84],[251,144],[289,240],[634,589],[317,348],[410,366],[261,162],[326,156],[243,60],[317,72],[261,30],[466,0],[317,-72],[466,-186],[494,-258],[335,-240],[364,-270],[205,-168],[112,-354],[-75,-228],[-121,-181],[-289,-312],[-242,-138],[-224,-126],[-364,-162],[-298,-144],[-401,-156],[-298,-126],[-364,-150],[-549,-144],[-299,-72],[-419,-192],[-373,-271],[-420,-300],[-270,-204],[-140,-138],[-251,-348],[-243,-348],[-261,-433],[-251,-354],[-280,-396],[-308,-486],[-130,-318],[-187,-439],[-83,-228],[-159,-360],[-168,-426],[-177,-414],[-177,-216],[-270,-325],[-243,-282],[-475,-456],[-391,-360],[-252,-168],[-476,-228],[-456,-78],[-364,-6],[-885,24],[-448,18],[-466,6],[-550,-18],[-447,-42],[-532,-61],[-699,-84],[-382,-72],[-410,-108],[-280,-96],[-317,-132],[-177,-102],[-214,-186],[-168,-192],[-289,-312],[-168,-216],[-186,-324],[-224,-367],[-251,-360],[-252,-372],[-37,-150],[74,-312],[224,-318],[270,-349],[243,-336],[149,-180],[242,-150],[420,-234],[494,-204],[615,-282],[540,-210],[494,-181],[513,-156],[410,-90],[560,-90],[410,-60],[373,-24],[400,12],[485,48],[448,60],[568,54],[392,42],[326,24],[419,0],[401,-18],[448,-48],[326,-54],[615,-150],[662,-150],[746,-198],[680,-222],[867,-252],[587,-234],[643,-259],[448,-240],[410,-234],[531,-354],[811,-600],[914,-655],[708,-504],[848,-684],[429,-372],[336,-349],[345,-516],[382,-480],[410,-384],[941,-871],[411,-408],[279,-414],[373,-456],[93,-187],[-46,-372],[-289,-192],[-215,-48],[-466,-36],[-354,-132],[-242,-258],[-560,-570],[-289,-265],[-251,-180],[-345,-150],[-205,-132],[-233,-192],[-224,-228],[-401,-396],[-242,-306],[-215,-265],[-195,-276],[-121,-294],[-103,-396],[-177,-594],[-140,-619],[-121,-462],[-56,-180],[-149,-144],[-261,-210],[-420,-204],[-680,-360],[-401,-289],[-102,-66],[-1017,-582],[-605,-318],[-392,-198],[-513,-258],[-382,-150],[-1193,-469],[-699,-234],[-457,-120],[-1417,-354],[-885,-210],[-429,-66],[-270,-42],[-569,-6],[-457,150],[-270,126],[-252,150],[-624,378],[-233,156],[-382,186],[-392,120],[-718,151],[-904,216],[-1864,564],[-196,48],[-410,108],[-503,12],[-345,-60],[-298,-138],[-299,-222],[-121,-84],[-363,-312],[-122,-96],[-270,-265],[-93,-126],[-28,-282],[46,-342],[103,-210],[233,-138],[345,-66],[391,6],[420,36],[280,42],[335,66],[242,54],[308,120],[317,180],[410,180],[401,-222],[-28,-252],[-56,-576],[-9,-175],[-159,-204],[-307,-126],[-364,-126],[-317,-84],[-484,-96],[-653,-102],[-429,-78],[-354,-114],[-298,-150],[-261,-258],[-140,-198],[-121,-258],[-121,-223],[-94,-246],[-37,-252],[-47,-270],[-93,-258],[-112,-180],[-410,-552],[-130,-175],[-159,-240],[-158,-348],[-159,-486],[-205,-174],[-410,54],[-307,234],[-317,210],[-243,54],[-475,-90],[-317,-144],[-205,-216],[93,-216],[252,-324],[335,-373],[299,-306],[139,-138],[178,-294],[55,-186],[28,-204],[38,-282],[28,-331],[-94,-300],[-251,-192],[-271,-198],[-205,-180],[-186,-342],[-75,-204],[-102,-282],[-84,-199],[-252,-336],[-261,-276],[-270,-288],[-438,-762],[-242,-643],[-243,-990],[-74,-300],[-345,-169],[-513,-12],[-1398,-12],[-382,-6],[-261,0],[-550,-12],[-159,-6],[-512,-48],[-467,-174],[-65,-282],[93,-246],[178,-156],[372,-216],[345,-144],[336,-78],[298,-36],[1473,-126],[857,-24],[793,-24],[550,-6],[727,36],[615,-6],[783,-48],[671,-138],[541,-241],[419,-264],[457,-330],[475,-324],[653,-366],[652,-457],[765,-474],[512,-300],[345,-330],[233,-378],[233,-336],[364,-355],[140,-108],[335,-192],[504,-186],[484,-42],[336,-24],[522,-180],[298,-336],[243,-372],[111,-337],[10,-456],[-65,-582],[-224,-684],[-326,-499],[-289,-312],[-355,-162],[-326,-66],[-345,24],[-261,42],[-382,162],[-317,258],[-335,330],[-233,313],[-317,312],[-159,126],[-317,126],[-279,24],[-532,-108],[-289,-204],[-373,-300],[-559,-445],[-401,-402],[-317,-444],[-93,-204],[10,-240],[121,-168],[261,-169],[186,-78],[2135,-648],[652,-144],[541,-72],[354,-12],[550,36],[634,60],[764,-12],[774,-102],[354,-156],[578,-324],[485,-270],[466,-277],[382,-372],[140,-192],[102,-186],[75,-222],[65,-288],[121,-312],[122,-301],[121,-306],[28,-318],[-28,-204],[-177,-354],[-336,-210],[-466,-72],[-317,18],[-382,24],[-494,12],[-308,-6],[-531,-96],[-354,-108],[-671,-211],[-261,-48],[-466,-6],[-467,96],[-326,133],[-401,222],[-596,360],[-615,294],[-457,162],[-243,42],[-382,36],[-512,-126],[-150,-108],[-335,-270],[-513,-600],[-205,-289],[-205,-570],[-28,-366],[65,-342],[187,-324],[93,-102],[364,-271],[615,-276],[923,-402],[317,-102],[540,-114],[513,0],[1911,234],[317,36],[643,72],[1062,120],[448,54],[354,36],[475,-108],[196,-246],[-93,-276],[-186,-126],[-411,-174],[-755,-258],[-997,-313],[-2610,-600],[-2852,-678],[-522,-204],[-308,-259],[-522,-390],[-373,-288],[-484,-384],[-261,-282],[-94,-264],[28,-313],[93,-324],[94,-234],[-66,-324],[-195,-174],[-243,-216],[-307,-390],[-382,-457],[-196,-354],[-56,-168],[19,-246],[111,-390],[159,-402],[112,-325],[37,-264],[336,-246],[289,-18],[354,0],[242,0],[485,54],[168,30],[587,132],[690,90],[419,-30],[457,-132],[1398,-528],[280,-228],[-94,-300],[-205,-307],[-46,-66],[-233,-348],[-354,-528],[-261,-504],[-196,-457],[-187,-426],[0,-306],[280,-288],[392,-360],[810,-781],[168,-486],[168,-438],[84,-300],[84,-300],[298,-823],[242,-270],[401,6],[569,210],[522,162],[438,12],[419,-144],[336,-90],[345,-102],[242,-240],[-93,-384],[-93,-186],[-159,-337],[-484,-768],[-644,-54],[-540,-84],[-643,-156],[-1249,-324],[-364,-84],[-205,-217],[28,-198],[270,-186],[271,-66],[745,-132],[522,-84],[746,-96],[224,-330],[-149,-318],[-205,-276],[-168,-168],[-224,-199],[-196,-306],[-18,-192],[18,-210],[75,-258],[0,-174],[-47,-228],[-112,-198],[-205,-247],[38,-360],[242,-372],[130,-198],[178,-264],[149,-312],[0,-150],[-215,-193],[-345,-18],[-279,18],[-550,-18],[-429,-42],[-298,-96],[-336,-120],[-224,-120],[-233,-234],[-289,-318],[-139,-186],[-112,-198],[-84,-198],[-93,-186],[-121,-235],[-122,-198],[-167,-180],[-327,-252],[-419,-42],[-243,12],[-354,0],[-298,-42],[-289,-96],[-317,-246],[-214,-168],[-149,-156],[-261,-318],[-103,-126],[-103,-235],[56,-342],[103,-174],[326,-252],[140,-246],[-298,-240],[-261,-156],[-401,-150],[-308,-90],[-251,-73],[-373,-78],[-308,-18],[-307,-12],[-895,6],[-373,6],[-373,-18],[-233,-24],[-438,-96],[-280,-102],[-279,-138],[-299,-252],[-456,-222],[-383,18],[-400,84],[-392,84],[-438,78],[-447,60],[-271,30],[-363,6],[-513,12],[-345,54],[-503,96],[-327,78],[-428,180],[-280,199],[-149,168],[-103,282],[0,318],[-177,360],[-494,102],[-401,18],[-335,-24],[-410,-60],[-373,-72],[-550,-84],[-448,-78],[-419,-138],[-270,-114],[-205,-114],[-243,-204],[-149,-186],[-121,-156],[-503,-793],[-494,-828],[-75,-78],[-326,-331],[-205,-228],[-215,-198],[-28,-174],[19,-222],[37,-384],[448,-252],[596,-24],[504,0],[279,6],[513,66],[345,42],[410,-12],[531,-24],[373,-72],[494,-90],[420,-234],[-215,-145],[-298,-132],[-214,-108],[-411,-246],[-466,-234],[-419,-162],[-336,-18],[-512,0],[-271,-150],[0,-300],[103,-186],[382,-228],[317,-151],[205,-102],[401,-252],[242,-198],[103,-150],[46,-282],[-149,-240],[-177,-192],[-298,-397],[-131,-210],[-233,-282],[-391,12],[-466,240],[-494,192],[-438,139],[-522,-18],[-159,-481],[-56,-246],[103,-210],[335,-174],[38,-222],[-84,-264],[-66,-186],[-261,-241],[-503,-168],[-457,-114],[-317,-240],[140,-300],[215,-210],[149,-204],[158,-144],[401,-84],[382,126],[326,66],[541,-42],[336,-72],[456,-114],[494,-198],[47,-241],[65,-150],[448,-108],[484,-48],[467,-78],[605,-96],[420,-162],[37,-204],[-65,-198],[-373,-264],[-280,18],[-391,96],[-485,138],[-261,72],[-457,-144],[-195,-234],[-196,-258],[-186,-319],[-280,-504],[-93,-174],[-75,-192],[-37,-282],[74,-240],[196,-355],[-74,-264],[-196,-126],[-401,-48],[-280,12],[-531,30],[-746,114],[-503,90],[-373,84],[-326,84],[-429,175],[-634,474],[-326,186],[-485,180],[-401,90],[-391,36],[-550,-6],[-336,-48],[-456,-60],[-513,-42],[-531,18],[-327,6],[-605,-6],[-327,-18],[-662,-66],[-484,-66],[-438,-90],[-243,-102],[-149,-300],[298,-324],[364,-19],[326,12],[345,31],[261,24],[364,-67],[205,-108],[419,-258],[187,-96],[522,-306],[400,-258],[811,-474],[243,-144],[195,-126],[206,-229],[28,-228],[-159,-246],[-531,-78],[-354,108],[-504,162],[-466,162],[-475,150],[-485,85],[-569,0],[-419,-43],[-252,-96],[-112,-288],[261,-240],[308,-228],[354,-276],[336,-294],[317,-318],[270,-271],[140,-204],[84,-264],[-38,-186],[-242,-192],[-373,-30],[-503,60],[-401,132],[-214,96],[-271,132],[-438,114],[-503,54],[-541,36],[-317,0],[-363,6],[-485,-54],[-363,-114],[-327,-288],[159,-366],[233,-252],[102,-234],[-74,-319],[-317,-318],[-215,-84],[-410,-132],[-456,-108],[-569,-90],[-354,-114],[-345,-216],[-187,-138],[-317,-354],[-177,-271],[-307,-240],[-299,-186],[-354,-150],[-307,-126],[-345,-144],[-373,-216],[-513,-354],[-391,-294],[-727,-427],[-196,-114],[-224,-240],[-65,-210],[37,-276],[65,-456],[178,-330],[382,-205],[382,-132],[606,-192],[438,-138],[419,-180],[383,-132],[261,-54],[410,-6],[382,48],[326,60],[504,0],[391,-162],[270,-108],[177,-282],[-83,-234],[-401,-247],[-289,-66],[-429,-60],[-326,-36],[-280,-66],[-475,-186],[-401,-30],[-420,36],[-456,126],[-681,114],[-419,60],[-364,54],[-354,48],[-419,36],[-327,13],[-596,-43],[-569,-30],[-494,-216],[-37,-192],[158,-192],[401,-168],[336,-78],[624,-78],[289,-60],[242,-108],[187,-180],[168,-270],[56,-210],[9,-229],[9,-240],[-46,-312],[-103,-162],[-158,-204],[-401,-342],[-569,-420],[-317,-241],[-214,-180],[-187,-228],[-307,-390],[-392,-546],[-205,-324],[-158,-379],[-177,-468],[-205,-312],[-233,-96],[-438,-12],[-271,18],[-447,96],[-271,108],[-251,258],[-112,270],[-75,198],[-111,265],[-308,300],[-261,72],[-345,24],[-578,-36],[-354,-66],[-336,-54],[-550,-12],[-307,-36],[-289,-156],[-308,-259],[-475,-204],[-560,12],[-372,48],[-522,-60],[-327,-222],[-177,-156],[-233,-258],[280,-300],[242,-162],[224,-258],[-224,-169],[-512,31],[-886,138],[-503,72],[-345,-78],[-243,-90],[-279,-145],[-522,-306],[-317,-210],[-522,-342],[-503,-330],[-140,-72],[-522,-282],[-429,-234],[-513,-331],[-121,-72],[-410,-402],[-252,-234],[-102,-156],[-131,-252],[-74,-210],[-56,-325],[9,-360],[19,-678],[-47,-252],[-47,-252],[-102,-210],[-149,-217],[-177,-186],[-243,-240],[-177,-138],[-354,-258],[-559,-342],[-737,-570],[-1090,-877],[-1147,-840],[-214,-126],[-429,-361],[-419,-348],[-728,-570],[-438,-276],[-494,-156],[-456,-90],[-476,-12],[-335,48],[-718,120],[-1007,132],[-596,108],[-653,168],[-531,42],[-382,-60],[-634,-198],[-1408,-372],[-1193,-331],[-559,-168],[-298,-162],[-429,-330],[-196,-306],[224,-330],[317,-108],[307,-30],[289,84],[261,144],[261,216],[476,174],[391,36],[420,-42],[354,-120],[223,-150],[168,-240],[215,-264],[233,-259],[326,-342],[186,-198],[140,-252],[205,-240],[252,-234],[214,-216],[205,-228],[103,-241],[84,-306],[-28,-264],[-47,-234],[-168,-204],[-335,-144],[-382,-60],[-438,90],[-252,186],[-149,192],[-159,228],[-345,84],[-363,-198],[-522,-444],[-904,-883],[-159,-246],[-112,-222],[-391,-258],[-522,-78],[-522,-54],[-830,24],[-615,138],[-634,126],[-727,180],[-634,168],[-484,180],[-261,174],[-103,205],[47,402],[214,576],[112,324],[-9,210],[-336,265],[-382,60],[-438,-169],[-541,-108],[-307,84],[-439,127],[-372,96],[-243,36],[-391,30],[-476,0],[-317,-30],[-317,-66],[-270,-121],[-298,-180],[-326,-102],[-252,-6],[-336,90],[-223,42],[-476,-12],[-401,-96],[-447,-144],[-680,-276],[-653,-318],[-578,-372],[-587,-282],[-401,-114],[-457,-66],[-494,-18],[-680,-19],[-485,-138],[-130,-186],[-28,-198],[-38,-312],[-382,-276],[-457,-78],[-428,-48],[-522,-132],[-569,-84],[-513,-48],[-270,-78],[-252,-240],[-121,-253],[-9,-336],[65,-204],[923,-1267],[37,-324],[-84,-216],[-112,-162],[-205,-168],[-419,-204],[-513,-168],[-419,-138],[-121,-120],[-420,-823],[-186,-534],[-94,-342],[271,-198],[289,-54],[475,-12],[392,-54],[540,96],[261,54],[401,-126],[28,-174],[-102,-205],[-75,-198],[-186,-156],[-504,-42],[-391,60],[-336,48],[-494,36],[-820,54],[-914,66],[-578,24],[-578,-18],[-391,-132],[-475,-228],[-317,-228],[-383,-414],[-261,-318],[-46,-324],[447,-151],[299,-6],[317,-174],[177,-318],[-47,-216],[37,-294],[196,-294],[47,-318],[-243,-132],[-568,-115],[-373,18],[-270,36],[-522,97],[-345,162],[-150,186],[19,1044],[0,180],[-224,228],[-438,97],[-727,162],[-354,72],[-336,24],[-494,-132],[-223,-187],[-103,-240],[9,-144],[103,-264],[252,-408],[84,-228],[-19,-588],[0,-253],[19,-162],[-28,-294],[-150,-252],[-149,-192],[-373,-198],[-326,-126],[-279,-150],[-280,-132],[-494,18],[-336,150],[-74,180],[130,234],[66,222],[0,216],[-94,288],[-130,282],[-112,169],[-196,222],[-401,60],[-279,-78],[-243,-235],[-28,-240],[-37,-156],[-130,-276],[-215,-330],[-242,-264],[-280,-138],[-503,-12],[-317,60],[-308,168],[-261,150],[-317,198],[-242,96],[-447,24],[-560,18],[-307,156],[-438,126],[-476,-144],[-223,-156],[-252,-300],[-9,-198],[242,-258],[308,-102],[-38,-301],[-205,-60],[-540,-60],[-345,-18],[-336,-18],[-513,169],[-298,246],[-224,240],[-130,228],[-159,360],[-279,144],[-308,144],[-140,138],[-186,186],[-364,295],[-261,198],[-167,342],[18,342],[-177,240],[-326,30],[-289,-78],[-429,-216],[-923,-486],[-93,-72],[-792,-583],[-625,-390],[-578,-294],[-289,-174],[-251,-204],[-187,-258],[-205,-186],[-233,-150],[-354,-145],[121,-336],[438,-30],[280,138],[186,306],[550,43],[159,-337],[74,-360],[84,-300],[252,-444],[168,-192],[214,-216],[205,-229],[205,-156],[354,-234],[289,-228],[122,-150],[428,-1477],[140,-606],[-9,-222],[-448,-1129],[-195,-504],[-168,-210],[-280,-288],[-102,-162],[-75,-253],[19,-324],[223,-570],[122,-576],[-140,-1093],[-177,-420],[-354,-678],[-178,-199],[-186,-168],[-289,-222],[-317,-288],[9,-306],[28,-234],[196,-300],[270,-132],[420,-24],[270,24],[215,-301],[-289,-264],[-373,-108],[-373,-66],[-438,-90],[-671,-162],[-308,-222],[-102,-198],[-140,-192],[-327,-132],[-307,24],[-224,138],[-252,306],[-428,246],[-522,90],[-550,-96],[-382,-156],[-243,-96],[-662,-216],[-466,-54],[-400,24],[-420,30],[-531,18],[-541,-12],[-513,-78],[-233,-108],[-139,-210],[-28,-283],[233,-312],[242,-180],[336,-288],[195,-288],[-56,-306],[-251,-306],[-187,-169],[-168,-168],[-149,-162],[-195,-258],[-289,-390],[-336,-312],[-261,-192],[-149,-96],[-298,-192],[-466,-319],[-439,-12],[-447,-18],[-494,-12],[-718,-120],[-475,-204],[-298,-198],[-205,-204],[-168,-210],[-224,-817],[-9,-18],[-308,-690],[-121,-270],[-56,-114],[-233,-276],[-410,-168],[-233,-54],[-485,-12],[-522,90],[-252,168],[-18,180],[214,186],[187,132],[-47,240],[-466,96],[-373,12],[-336,-24],[-494,-114],[-428,-150],[-532,-258],[-18,-12],[-588,-348],[-195,-150],[-261,-210],[-783,-625],[-308,-186],[-363,0],[-448,30],[-401,-192],[-93,-228],[-56,-204],[-65,-246]],[[777078,382173],[-382,12],[-345,0],[-448,-72],[-139,-168],[-308,-145],[-401,-42],[-214,-120],[-215,-192],[-251,-174],[-485,6],[-466,-6],[-494,102],[-233,252],[46,252],[-270,301],[-270,174],[-522,78],[-271,-90],[-326,-204],[-373,-60],[-242,258],[-84,342],[-307,48],[-411,-30],[-93,318],[243,222],[298,144],[214,270],[-485,181],[-522,-25],[-438,-12],[-317,-78],[-74,-210],[93,-306],[177,-132],[56,-258],[-140,-228],[-503,-60],[-93,174],[-196,318],[-382,18],[-121,192],[-47,294],[168,325],[242,324],[-503,72],[-550,18],[-37,276],[-252,252],[121,234],[-326,144],[-410,-78],[-560,120],[-354,156],[-335,72],[-215,138],[-242,217],[-382,186],[-19,240],[-158,360],[-187,222],[-196,228],[-195,150],[-522,168],[-280,162],[-252,151],[-578,54],[-261,288],[-205,312],[-102,174],[-373,144],[-345,204],[-354,-42],[-429,204],[-345,162],[-121,240],[140,277],[84,156],[158,234],[65,192],[252,204],[-177,282],[-466,-84],[-531,-102],[-457,126],[149,264],[-186,258],[-317,150],[-410,85],[-569,-37],[-401,91],[-280,138],[-382,210],[-419,120],[-494,78],[-243,216],[-410,222],[-354,102],[-466,108],[-270,216],[112,234],[-168,211],[-177,138],[-466,42],[-550,78],[-383,-18],[-261,-144],[-419,-109],[-242,-216],[-401,0],[-336,156],[-158,211],[-75,270],[-112,324],[-410,252],[-186,222],[-560,-60],[-475,-12],[-214,0],[-438,-24],[-336,156],[-494,-30],[-308,-30],[-354,-138],[-168,-294],[-475,96],[-587,-6],[-354,-78],[-234,-102],[-568,-30],[-317,84],[-308,54],[-428,-228],[-392,-90],[-382,-156],[-298,24],[-438,84],[-308,-48],[-541,-24],[-382,-36],[-205,234],[-56,282],[-168,156],[-382,186],[-587,12],[-410,96],[-252,90],[-457,18],[-158,162],[-364,24],[-419,-6],[-243,216],[-186,337],[-28,204],[-140,348],[-531,30],[-298,102],[-522,102],[-485,6],[-317,108],[-270,66],[-373,-36],[-373,234],[-429,54],[-233,-162],[-391,60],[-327,30],[-354,-102],[-335,36],[-438,30],[-550,120],[-280,-186],[-345,114],[-457,102],[-335,-66],[-271,132],[-447,66],[-345,-96],[-541,12],[-279,12],[-317,150],[-75,229],[-37,156]],[[707400,462687],[355,246],[391,258],[690,432],[457,0],[242,144],[503,331],[299,198],[3905,1927],[5947,2653],[2060,883],[1240,474],[1538,720],[541,372],[317,427],[56,384],[-131,588],[-932,1867],[-158,474],[-28,72],[-578,2054],[0,1062],[363,762],[299,349],[391,510],[522,432],[1072,763],[1119,732],[1267,822],[1939,1261],[681,456],[326,216],[391,217],[541,-31],[364,18],[354,0],[475,-18],[466,12],[466,49],[401,54],[578,-60],[541,-73],[354,0],[317,0],[401,-6],[428,-42],[494,-90],[308,-48],[354,-36],[690,-102],[475,-60],[1790,-186],[345,594],[112,133],[270,204],[345,216],[298,492],[280,390],[214,156],[1949,1087],[1808,918],[895,493],[1920,1176],[2545,1531],[1743,865],[289,150],[438,222],[121,60],[531,270],[867,396],[951,480],[1165,475],[457,150],[1324,438],[1165,354],[2321,805],[1799,708],[1706,576],[1454,522],[1053,445],[1081,546],[644,438],[344,252],[150,186],[242,457],[233,384],[252,294],[205,234],[634,937],[-289,96],[-504,108],[-251,24],[-383,24],[-475,-24],[-559,-36],[-271,312],[131,342],[149,234],[345,528],[112,187],[121,180],[75,276],[65,294],[-932,24],[-737,24],[-84,6],[-671,-48],[-578,-12],[-615,12],[-606,36],[-494,36],[-540,66],[-522,126],[-187,90],[298,312],[280,276],[345,547],[214,336],[-522,168],[-550,-24],[-326,-48],[-513,78],[-671,48],[112,792],[10,655],[149,222],[167,246],[0,228],[10,246],[-10,150],[-18,241],[-19,258],[-37,228],[-28,696],[-718,-6],[-494,24],[-65,432],[-392,36],[-550,-6],[-335,114],[-252,-18],[-503,-48],[-140,259],[-19,150],[-18,252],[9,198],[28,456],[28,258],[28,312],[9,187],[0,228],[47,342],[28,276],[102,216],[122,276],[130,276],[205,295],[196,234],[326,162],[149,804],[0,18],[75,294],[93,210],[140,241],[74,180],[112,306],[93,354],[122,408],[587,78],[475,60],[494,78],[420,30],[1575,132],[1268,72],[755,6],[84,151],[149,678],[46,426],[84,210],[122,252],[46,174],[84,277],[103,546],[177,462],[112,396],[65,595],[74,378],[224,426],[289,-6],[597,6],[503,-6],[625,-12],[475,30],[242,-12],[429,-42],[205,-24],[690,-114],[65,-12],[504,-126],[1603,678],[447,156],[811,330],[737,433],[633,618],[485,780],[47,78],[298,253],[382,150],[280,222],[326,204],[56,168],[93,300],[-18,186],[65,276],[224,126],[149,181],[93,228],[28,210],[56,210],[84,168],[37,258],[-75,216],[-9,174],[168,337],[102,228],[150,402],[177,306],[233,12],[428,-6],[383,-18],[466,54],[84,228],[568,108],[1054,757],[1183,732],[429,282],[224,546],[130,415],[38,198],[46,180],[131,216],[475,642],[326,1027],[373,786],[336,342],[326,-42],[466,-48],[298,-24],[383,-36],[289,775],[102,264],[205,348],[792,1243],[178,234],[2246,1230],[2163,1303],[503,354],[2228,1903],[634,613],[18,126],[-130,1002],[-177,835],[-793,2509],[-400,1069],[-355,948],[-615,1171],[-1640,4370],[-243,1045],[-466,2155],[-466,2221],[-233,1453],[37,1711],[1986,558],[3439,690],[1650,240],[1892,174],[1268,72],[1352,108],[2097,301],[2088,492],[1566,402],[1874,666],[1370,697],[475,1050],[140,301],[718,1242],[904,1501],[1342,2293],[66,90],[2004,655],[3365,1104],[2740,913],[1398,462],[2499,912],[885,379]],[[832624,581988],[11857,3691],[1650,517],[857,294],[774,294],[2750,931],[895,354],[876,366],[774,300],[1118,426],[1072,54],[448,-60],[279,-48],[326,-36],[392,-24],[308,36],[466,102],[578,24],[186,102],[298,120],[410,12],[522,-42],[392,-60],[326,-54],[252,-42],[382,-120],[289,-144],[252,-108],[326,-246],[345,-30],[279,-60],[317,-192],[224,-90],[354,-48],[392,-54],[214,-24],[420,180],[335,144],[261,-12],[326,72],[439,-6],[400,12],[410,0],[178,-102],[484,-72],[560,-18],[326,18],[587,-48],[336,-30],[447,-72],[326,12],[550,12],[327,6],[316,12],[373,6],[308,-108],[391,-210],[429,120],[373,156],[382,186],[382,96],[224,156],[289,264],[475,96],[299,78],[317,246],[121,205],[158,210],[224,126],[270,162],[66,156],[84,306],[37,186],[-121,276],[149,294],[391,229],[466,-36],[392,-157],[391,108],[261,331],[122,300],[354,156],[345,300],[261,144],[289,180],[242,132],[578,-42],[401,204],[46,174],[93,307],[243,174],[224,72],[289,150],[354,-72],[531,114],[457,150],[233,96],[475,48],[243,-24],[391,-210],[569,90],[456,156],[206,-114],[326,-84],[270,-42],[541,144],[494,84],[550,18],[382,-156],[438,24],[112,156],[19,276],[205,294],[428,54],[280,-24],[373,-144],[373,-114],[391,-36],[271,-42],[372,-210],[345,-18],[373,72],[457,-78],[242,-120],[429,-78],[522,-54],[261,-120],[168,-204],[335,-30],[345,72],[420,-258],[233,-301],[419,24],[205,-144],[355,-126],[261,-54],[307,-84],[280,-144],[317,-12],[456,-174],[308,-126],[336,-138],[326,-30],[382,138],[298,-18],[336,-210],[298,-48],[354,-126],[476,-54],[279,0],[429,42],[466,-12],[299,-36],[428,-72],[364,114],[503,-120],[401,-126],[242,-216],[336,-36],[364,-24],[512,-73],[476,-48],[344,-54],[439,72],[494,-96],[484,-96],[317,72],[317,-150],[531,-72],[560,-42],[317,-60],[363,-66],[504,-6],[307,-96],[448,-150],[233,-198],[251,-114],[410,24],[495,96],[512,-162],[271,-132],[307,-90],[252,-306],[335,-162],[345,-163],[-18,-264],[307,-120],[532,-12],[559,-36],[531,-132],[280,-72],[382,0],[224,192],[494,192],[279,108],[383,-12],[400,48],[466,-6],[522,12],[383,114],[242,163],[447,78],[345,-139],[327,6],[288,205],[243,102],[326,132],[289,300],[289,150],[447,60],[504,96],[46,288],[541,18],[503,96],[392,96],[289,222],[93,193],[373,90],[429,72]],[[493158,374230],[-122,-708],[-167,-528],[-28,-192],[-10,-234],[75,-643],[47,-282],[9,-198],[-28,-306],[-19,-174],[252,-721],[56,-480],[102,-426],[38,-390],[0,-469],[18,-948],[-37,-144],[-177,-648],[28,-103],[280,-492],[223,-414],[121,-240],[131,-378],[56,-757],[28,-450],[-28,-972],[9,-625],[9,-1230],[47,-937],[-1221,-120],[-196,-126],[-65,-1387],[-75,-1134],[10,-210],[-485,-175],[-233,-480],[-205,-510],[-131,-336],[-121,-673],[-121,-504],[-84,-84],[-634,-204],[-345,-36],[-410,-6],[-335,48],[-271,-6],[-587,-42],[9,-426],[-9,-162],[-242,-247],[-336,-354],[-624,-642],[-345,-312],[-429,-288],[-252,-186],[-307,-223],[-327,-282],[-587,-636],[-652,-696],[-532,-565],[-456,-498],[-243,-258],[-307,-348],[-75,-120],[-261,-661],[-65,-234],[-37,-516],[-485,-12],[-336,-42],[-74,-264],[-93,-312],[-94,-223],[-37,-504],[-112,-180],[-214,-360],[-149,-270],[0,-228],[74,-391],[177,-726],[66,-396],[28,-324],[-28,-282],[-38,-163],[28,-270],[-112,-588],[-18,-210],[-38,-612],[-27,-385],[-19,-48],[252,-2365],[503,-1375],[1557,-2041],[-364,-2287]],[[482932,331644],[-5369,-390],[-3449,-72],[-5239,48],[-596,6],[-2573,84],[-522,66],[-401,78],[-559,90],[-541,-36],[-195,-162],[-327,-144],[-317,30],[-624,150],[-867,138],[-354,-78],[-429,-798],[-196,-114],[-932,-18],[-457,-18],[-531,-103],[-308,60],[-279,217],[-103,636],[-307,42],[-271,-198],[-112,-252],[-242,-168],[-867,-66],[-261,12],[224,-337],[-308,-228],[-177,-102],[-382,-162],[-186,-168],[-112,-288],[-177,-264],[-448,-246],[-242,-204],[-280,-60],[-419,-139],[-280,-198],[-419,-18],[-243,-120],[-186,-276],[-19,-180],[75,-798],[-233,-277],[-261,-222],[-140,-306],[-177,-162],[-280,-150],[-130,-162],[-1054,-606],[-251,-120],[-727,-313],[-410,-90],[-234,-240],[66,-306],[28,-270],[-355,-288],[-438,18],[-139,-294],[522,-162],[-178,-313],[-298,66],[-373,66],[-307,-318],[289,-186],[-19,-204],[-19,-294],[-84,-222],[-400,-168],[-327,-78],[-484,-222],[-317,-157],[-187,-360],[-158,-294],[-280,-192],[140,-204],[-56,-192],[-233,-270],[-121,-102],[-252,-289],[140,-234],[84,-192],[19,-222],[-252,-294],[102,-210],[206,-132],[55,-234],[-83,-367],[-75,-204],[-317,-180],[-84,-192],[121,-228],[75,-282],[9,-162],[-130,-246],[-159,-126],[131,-295],[317,-198],[205,-342],[251,-150],[560,-60],[382,-198],[-420,-228],[-130,-300],[-308,-138],[308,-258],[-47,-217],[-177,-288],[-214,-216],[270,-264],[224,-306],[-37,-258],[-38,-457],[-354,-72],[-168,-234],[38,-198],[-122,-270],[140,-348],[-84,-216],[28,-306],[159,-349],[-121,-240],[233,-330],[65,-342],[-159,-210],[19,-204],[364,-192],[-131,-253],[-289,-90],[-130,-264],[74,-312],[-121,-180],[-205,-222],[28,-198],[-37,-246],[-2452,-36],[-5788,570],[-3095,474],[-1725,258],[-3085,523],[-2657,750],[-3057,1063],[-1771,474],[-3197,654],[-2265,600],[-1417,349],[-4064,1008],[-1324,270],[-3887,799],[-643,-348],[-960,-517],[-1371,-1200],[-1482,-1759],[-1044,-1699],[-46,-1621],[1715,-4562],[74,-253],[243,-840],[-19,-906],[-596,-2468],[-522,-444],[-2023,-2966],[-988,-1620],[-550,-1093],[-737,-1681],[-56,-228],[-186,-684],[-1128,-2408],[-196,-198],[-2227,-2389],[-830,-846],[-1473,-1471],[-1100,-1285],[-1221,-1579],[-373,-432],[-922,-972],[-159,-343],[-47,-144],[84,-240],[-37,-282],[84,-216],[149,-258],[-140,-228],[-335,-210],[-420,-277],[-326,-300],[-242,-114],[-289,-252],[177,-252],[102,-300],[-233,-132],[-214,-348],[-56,-289],[93,-222],[-261,-186],[47,-186],[18,-318],[150,-330],[307,-132],[0,-198],[-37,-337],[-75,-240],[-270,-150],[-112,-276],[205,-306],[243,-186],[261,-90],[298,-120],[438,-138],[401,-283],[177,-138],[74,-252],[-65,-234],[19,-330],[140,-144],[56,-246],[335,-174],[326,-18],[560,-66],[56,-379],[-159,-354],[47,-246],[-121,-312],[130,-360],[-140,-186],[-168,-282],[-326,-265],[-223,-132],[-75,-234],[-159,-306],[-428,-198],[-401,-198],[-503,-228],[-467,-132],[-354,-78],[-335,30],[-448,66],[-522,-48],[-401,24],[-950,-42],[-159,-30],[-1743,-709],[-2060,-1014],[-541,-108],[-317,-18],[-307,18],[-364,96],[-494,210],[-475,108],[-942,108],[-335,24],[-587,-12],[-345,-96],[-196,-144],[-373,-78],[-438,-24],[-401,-90],[-289,-90],[-382,-60],[-298,-84],[-420,-181],[-317,-168],[-102,-180],[-47,-234],[84,-234],[75,-240],[-56,-174],[-140,-204],[-214,-306],[-429,-625],[-37,-54],[-206,-342],[-65,-108],[-233,-264],[-727,-426],[-1352,-649],[429,-822],[159,-222],[149,-228],[382,-583],[308,-456],[112,-402],[46,-282],[84,-517],[-19,-150],[-102,-318],[-261,-270],[-364,-96],[-578,-246],[-578,-336],[-74,-42],[-606,-349],[-764,-264],[-662,-138],[-168,-72],[-960,-546],[-233,-324],[-47,-444],[-9,-103],[102,-780],[10,-24],[559,-1183],[187,-510],[307,-792],[187,-607],[205,-342],[270,-246],[494,-144],[354,-222],[168,-384],[205,-523],[597,-606],[615,-618],[671,-943],[168,-366],[46,-156],[10,-318],[-131,-330],[-205,-373],[-140,-336],[-28,-174],[94,-324],[139,-216],[438,-468],[-1155,-715],[-317,-180],[-205,-102],[-364,-186],[-624,-132],[-662,-6],[-942,156],[-410,72],[-270,102],[-336,78],[-289,12],[-335,0],[-299,-66],[-289,-114],[-307,-156],[-392,-288],[-233,-348],[-167,-318],[-150,-181],[-158,-162],[-261,-132],[-559,-156],[-644,-144],[-792,-132],[-429,-12],[-531,96],[-373,-18],[-466,-198],[-326,-120],[-438,-36],[-532,48],[-522,72],[-410,138],[-363,54],[-243,168],[-344,96],[-289,-72],[-588,12],[-503,102],[-214,60],[-392,162],[-485,246],[-317,187],[-261,78],[-363,66],[-270,30],[-392,-6],[-494,-102],[-363,-90],[-411,234],[-111,186],[-373,216],[-541,144],[-317,-24],[-317,-132],[-373,42],[-568,-108],[-299,-36],[-550,-90],[-372,-288],[-94,-313],[-335,-60],[-252,-204],[-224,-168],[-195,-126],[-252,-168],[-65,-156],[-345,-138],[-392,60],[-419,-204],[-429,-78],[-401,0],[-354,30],[-261,-6],[-559,-114],[-261,-180],[-298,-198],[-261,-66],[-327,-223],[-28,-204],[-354,-246],[-438,-12],[-317,6],[-289,90],[-345,108],[-307,114],[-280,150],[-326,127],[-410,210],[-317,144],[-168,168],[-270,156],[-271,36],[-363,96],[-438,0],[-243,-114],[-382,-12],[-363,-120],[-271,78],[-307,132],[-466,-126],[-150,-282],[66,-276],[46,-241],[140,-192],[-252,-222],[-494,-72],[-195,-300],[-159,-180],[-429,-210],[-494,126],[-205,-276],[233,-216],[345,-210],[382,-235],[-93,-234],[56,-282],[-9,-246],[354,-330],[270,108],[308,-12],[438,-30],[475,-156],[233,-162],[112,-168],[84,-289],[-279,-150],[37,-276],[93,-300],[-242,-210],[-224,-204],[-298,-318],[298,-186],[28,-169],[335,-312],[317,0],[336,-114],[205,-288],[466,-144],[298,-174],[401,-246],[504,-108],[344,-120],[131,-180],[242,-229],[364,-168],[-149,-228],[-345,-78],[-196,-318],[186,-294],[-288,-264],[149,-264],[298,-90],[438,-84],[298,-307],[-65,-174],[364,-222],[391,-252],[-214,-186],[-327,-168],[-177,-306],[280,-192],[317,-42],[457,-157],[74,-258],[112,-204],[187,-240],[55,-174],[19,-246],[559,60],[383,66],[279,-228],[224,-60],[224,-234],[242,-246],[205,-133],[196,-204],[410,-228],[103,-156],[214,-222],[261,-150],[196,-330],[-261,-276],[84,-270],[-224,-109],[-140,-234],[177,-174],[653,-306],[372,-18],[448,-54],[-47,-228],[19,-228],[317,-204],[177,-192],[336,-210],[158,-367],[457,-72],[466,96],[298,-90],[261,-102],[364,-204],[-140,-228],[93,-174],[513,-30],[484,-156],[308,-36],[494,66]],[[346299,216804],[-1463,-1033],[-2247,-1579],[-1296,-726],[-1482,-642],[-1044,-673],[-615,-630],[-205,-384],[0,-1159],[-214,-720],[-299,-498],[-326,-193],[-410,0],[-224,43],[-270,444],[-289,204],[-224,24],[-475,-96],[-578,24],[-951,174],[-382,0],[-354,-192],[-2536,-1621],[-2041,-1507],[-1100,-864],[-755,-781],[-550,-1104],[-345,-438],[-466,-187],[-951,-240],[-1454,-504],[-867,-432],[-2060,-1537],[-466,-186],[-429,-30],[-941,120],[-960,6],[-1147,0],[-1873,-210],[-1203,-336],[-1090,-583]],[[311717,198758],[-11792,-72],[-587,931],[-19,1044],[-196,1165],[-2115,4646],[-1697,2858],[-1081,2707],[-821,1615],[-708,775],[-1752,1362],[-1827,1039],[-3076,1681],[-1613,1332],[-25643,-8050],[-2452,1309],[-2162,696],[-5519,1099],[-3010,804],[-2284,871],[-932,276],[-1361,306],[-625,126],[-969,66],[-2247,60],[-848,78],[-2069,306],[-298,-132],[-289,-90],[-411,-54],[-344,-252],[-373,-24],[-289,0],[-541,-42],[-438,-252],[-261,-186],[-373,42],[-326,-48],[-429,84],[-438,48],[-401,-6],[-261,-144],[-251,-210],[-467,-252],[-121,-295],[66,-204],[0,-216],[-112,-294],[-317,-96],[-485,-126],[-410,-270],[-420,-138],[-596,-78],[-476,-216],[-205,12],[-391,6],[-541,-145],[-494,60],[-718,-6],[-475,-72],[-447,-162],[-457,-48],[-364,24],[-279,150],[-308,114],[-233,235],[-373,186],[-242,276],[-224,222],[-186,144],[-541,60],[-326,0],[-438,48],[-522,138],[-382,126],[-905,-24],[-335,-90],[-345,-138],[-392,-12],[-438,54],[-401,72],[-298,-54],[-373,12],[-568,96],[-252,48],[-494,30],[-522,66],[-336,-12],[-270,-90],[-252,-180],[-223,-270],[-429,-120],[-401,-72],[-578,-54],[-242,-174],[-354,-60],[-513,-114],[-186,-294],[-178,-241],[-344,-12],[-457,150],[-224,121],[-447,-12],[-289,-6],[-345,12],[-420,-175],[-494,48],[-382,-30],[-541,42],[-288,79],[-317,102],[-308,18],[-280,60],[-475,6],[-336,54],[-233,180],[-177,336],[-298,66],[-233,102],[-252,342],[-354,234],[-336,180],[-344,223],[-401,168],[-289,150],[-84,366],[-56,222],[-224,282],[-112,240],[-167,132],[-355,96],[-447,156],[-131,72],[-2265,1255],[-307,90],[-1510,312],[-2415,222]],[[190883,219967],[112,811],[-18,984],[298,871],[979,2179],[3113,6892],[336,714],[1183,2251],[1296,2612],[-19,348],[-130,336],[-280,690],[84,282],[149,247],[429,624],[168,540],[578,841],[289,468],[410,228],[140,444],[56,252],[46,325],[112,318],[215,270],[279,258],[168,216],[93,192],[47,246],[-9,204],[-56,319],[-2694,1716],[-699,445],[-4820,3301],[-2339,1555],[-746,408],[-10132,535],[-718,858],[-233,1201],[-84,252],[-550,2311],[-438,2467],[-643,3596],[-466,2414],[9,708],[0,30],[112,576],[65,288],[65,241],[159,318],[186,336],[271,396],[83,360],[28,343],[47,342],[-28,168],[-65,618],[-47,306],[-18,210],[46,349],[56,282],[448,804],[139,192],[261,360],[168,265],[159,222],[214,270],[112,216],[37,192],[168,300],[130,174],[327,427],[84,180],[93,480],[37,294],[-9,252],[18,282],[38,288],[130,853],[37,168],[103,240],[121,174],[205,318],[149,222],[243,277],[205,204],[606,504],[606,468],[279,276],[75,78],[401,409],[74,216],[84,258],[65,210],[28,288],[-9,378],[-65,325],[-65,366],[2898,3842],[2172,72],[2545,78],[438,0],[625,18],[466,0],[149,-366],[-224,-367],[0,-102],[271,-288],[978,-12],[205,-42],[0,-324],[122,-270],[447,-234],[0,-240],[-131,-355],[131,-168],[699,-72],[997,-54],[3049,-102],[1360,-24],[961,18],[466,36],[1146,108],[392,54],[540,12],[578,-12],[1529,871],[140,78],[429,294],[1183,961],[485,360],[1221,822],[737,588],[344,457],[140,348],[-84,414],[-9,18],[-177,378],[-261,421],[-373,240],[-112,72],[-1202,408],[-3785,1369],[-5770,9455],[-39644,1332]],[[159125,303381],[47,156],[65,240],[-205,151],[38,324],[-243,294],[410,114],[280,156],[103,348],[242,312],[494,72],[214,223],[140,354],[-149,228],[-354,54],[-177,216],[102,162],[159,246],[112,192],[93,258],[-149,205],[9,252],[-19,270],[66,210],[-289,156],[195,300],[215,186],[102,294],[196,235],[37,252],[75,264],[289,432],[177,18],[485,42],[242,264],[103,198],[27,186],[411,229],[223,330],[355,60],[550,126],[-19,294],[112,216],[373,156],[186,234],[84,174],[289,216],[298,24],[336,0],[550,-24],[270,211],[9,192],[149,216],[-158,312],[205,354],[345,-150],[382,48],[401,132],[65,204],[-112,192],[457,174],[242,-78],[448,54],[820,295],[345,228],[420,-6],[419,120],[457,6],[-168,336],[-205,120],[168,264],[335,114],[75,342],[196,150],[391,55],[392,72],[363,-66],[522,-169],[252,-48],[354,-24],[391,174],[280,85],[56,252],[233,348],[317,66],[447,48],[140,210],[326,258],[187,282],[-364,246],[-792,1987],[-37,457],[-261,1026],[-308,1159],[-168,1519],[-9,84],[252,720],[-587,48],[-457,138],[-326,703],[-345,1164],[-66,336],[38,66],[1333,1831],[251,210],[252,126],[270,85],[513,96],[382,42],[317,42],[569,126],[93,156],[9,294],[0,144],[2582,144],[326,78],[541,12],[5173,5535],[783,792],[1231,2696],[1361,4544],[475,1513],[1408,2173],[2386,3590],[820,1261],[1082,1513],[326,462],[1426,2191],[336,72],[223,264],[271,174],[969,348],[1007,433],[932,396],[252,72],[419,234],[149,306],[448,234],[335,174],[298,276],[75,193],[-326,576],[251,324],[476,72],[252,-48],[494,-102],[261,54],[466,102],[251,114],[457,12],[457,66],[335,96],[522,126],[383,102],[214,102],[410,-24],[252,84],[354,307],[177,240],[37,294],[10,204],[270,234],[261,102],[149,306],[56,373],[159,198],[372,186],[289,198],[392,300],[56,30],[224,156],[177,120],[205,216],[1128,-6],[372,-144],[345,-114],[485,102],[298,60],[205,246],[177,168],[401,121],[261,318],[336,222],[65,228],[65,240],[196,222],[364,168],[261,300],[-10,223],[177,324],[355,210],[345,210],[270,318],[19,372],[251,210],[140,144],[317,169],[56,186],[419,240],[364,114],[270,90],[345,24],[485,108],[503,12],[298,-78],[345,-78],[392,96],[494,156],[0,282],[214,282],[224,42],[345,138],[205,186],[419,91],[271,78],[317,72],[158,186],[149,192],[522,174],[569,132],[186,162],[420,156],[326,72],[559,120],[327,54],[233,144],[-84,258],[363,241],[420,126],[279,120],[280,96],[270,78],[476,96],[251,60],[494,-18],[504,42],[195,132],[168,240],[299,96],[438,78],[372,138],[383,120],[400,24],[485,96],[345,60],[252,-42],[391,60],[252,60],[270,133],[494,84],[485,-84],[578,12],[363,252],[308,114],[503,132],[308,102],[205,192],[215,228],[18,216],[205,240],[-28,319],[-195,192],[186,264],[84,240],[37,186],[242,210],[112,168],[-65,270],[168,342],[-233,193],[214,276],[476,222],[214,198],[233,102],[345,168],[168,150],[345,162],[326,-12],[289,252],[326,204],[457,-180],[475,90],[187,157],[-103,234],[140,186],[401,138],[335,96],[121,372],[411,204],[382,120],[74,258]],[[244304,383565],[2517,-294],[1743,-186],[1809,-144],[2004,-198],[2628,-330],[2247,-228],[1603,-156],[932,-108],[93,-181],[429,-228],[401,48],[867,138],[168,54],[37,-444],[308,-120],[400,6],[429,-150],[410,-36],[205,-6],[401,-120],[336,-222],[718,-366],[605,-301],[345,-228],[345,-282],[541,-702],[121,-336],[420,-577],[214,-384],[149,-264],[140,-270],[568,-726],[112,-211],[205,-306],[839,-42],[858,48],[568,36],[401,36],[485,42],[280,0],[671,12],[457,102],[326,150],[540,60],[569,67],[354,24],[327,36],[326,204],[298,126],[475,162],[243,132],[634,240],[139,42],[494,72],[252,12],[569,-84],[261,-48],[317,-126],[326,-114],[447,-126],[392,-90],[671,-150],[419,-132],[467,-192],[466,-181],[466,-150],[531,-72],[531,-60],[215,-150],[270,-288],[233,-306],[634,-907],[792,-150],[671,-84],[1259,-270],[345,-30],[531,-54],[559,-102],[243,-6],[363,-18],[373,-156],[75,-264],[93,-300],[168,-198],[363,-433],[382,-192],[364,-210],[298,-120],[485,-138],[447,-108],[1193,-318],[1147,-270],[391,-60],[355,714],[167,156],[289,408],[131,366],[913,-198],[634,-132],[765,-96],[1370,-228],[2116,-348],[1407,-684],[1100,-373],[1119,-312],[783,-156],[1361,546],[969,577],[1147,888],[783,727],[727,720],[811,984],[745,757],[215,264],[1575,-726],[1053,-373],[681,-216],[438,-144],[2358,-456],[327,-30],[344,-6],[336,12],[345,30],[298,18],[429,30],[1641,90],[0,294],[56,294],[149,319],[93,276],[28,204],[-121,228],[-140,300],[233,234],[140,150],[270,234],[867,108],[205,349],[205,456],[112,366],[168,216],[317,282],[317,276],[494,115],[400,-43],[308,97],[93,192],[47,324],[0,198],[186,240],[196,216],[140,156],[65,216],[-65,349],[186,786],[10,258],[326,306],[196,222],[214,174],[75,451],[0,204],[55,360],[178,228],[158,156],[131,192],[214,421],[205,336],[65,192],[93,264],[122,150],[233,252],[261,174],[214,108],[242,174],[504,289],[233,150],[363,162],[299,108],[335,168],[131,168],[158,198],[298,-186],[821,-516],[1351,-913],[849,-552],[1892,-787],[1417,-474],[28,-12],[1426,-546],[438,-168],[1976,-991],[261,-138],[1352,-678],[9,-6],[2004,-865],[112,-48],[1007,-432],[2227,-714],[1417,-540],[970,-553],[1855,-918],[2731,-649],[3067,-462],[2582,-96],[223,-198],[355,-24],[149,-210],[-94,-330],[-149,-330],[103,-223],[298,-372],[-112,-258],[-373,-180],[-233,-162],[84,-348],[261,-306],[-326,-313],[-65,-156],[56,-252],[345,-174],[410,-30],[149,-168],[-121,-258],[84,-204],[37,-258],[205,-174],[429,-91],[214,-192],[242,-108],[345,198],[196,355],[410,-132],[131,-151],[28,-240],[18,-216],[28,-294],[47,-246],[65,-270],[0,-174],[-251,-234],[-10,-247],[177,-252],[47,-204],[37,-288],[233,-354],[-46,-252],[93,-162],[345,-108],[326,-271],[252,-102],[18,-354],[103,-144],[224,-312],[251,-258],[-168,-174],[150,-348],[111,-181],[-93,-234],[373,-240],[503,-162],[206,-102],[149,-216],[0,-174],[-317,-180],[-317,-12],[-298,90],[-336,-72],[-149,-306],[-28,-355],[391,-120],[103,-210],[186,-414],[-130,-156],[-243,-282],[122,-198],[9,-258],[-103,-199],[75,-294],[280,-174],[-66,-222],[-205,-132],[-475,-192],[-270,-192],[-289,-150],[-299,-48],[-223,-210],[289,-325],[456,-330],[159,-168],[-224,-246],[-401,-108],[-335,-126],[-252,-6],[-391,18],[-243,-150],[-9,-276],[233,-360],[-308,-295],[-158,-216],[-205,-546],[-66,-126],[-214,-252],[47,-210],[428,-72],[280,-276],[-74,-307],[344,-162],[150,-312],[-205,-246],[130,-258],[587,96],[149,-240],[-391,-204],[-93,-186],[-10,-235],[-167,-216],[-131,-210],[214,-324],[336,-132],[56,-342],[-298,-138],[-215,-84],[-130,-234],[-373,-289],[-103,-348],[131,-228],[-56,-192],[457,-210],[317,-66],[382,-42],[783,-72],[690,-42],[792,-66],[494,-42],[1081,42],[998,36],[904,-6],[251,6],[411,54],[438,54],[1277,102],[251,-6],[448,-24],[1137,-126],[587,-6],[457,60],[252,-18],[363,-18],[970,48],[270,24],[718,48],[494,12],[326,-126],[373,-144],[391,30],[299,30],[447,-60],[252,-66],[429,-84],[317,42],[568,0],[326,24],[504,126],[540,294],[205,90],[504,108],[1249,60],[1305,36],[485,66],[335,108],[364,6],[522,-36],[354,-90],[457,-66],[400,-90],[243,-84],[1062,-186],[2014,-342],[559,-90],[504,-102],[475,-108],[326,-18],[420,-37],[242,-18],[531,-30],[317,12],[336,-54],[233,-144],[391,6],[522,84],[513,102],[289,97],[783,504],[363,402],[94,696],[140,325],[37,246],[-47,270],[-279,444],[-345,366],[-681,378],[-307,265],[-150,294],[-177,396],[-223,210],[-289,186],[-280,102],[-587,132],[-569,72],[-261,30],[-261,180],[84,211],[-130,330],[-140,156],[-327,786],[-139,216],[-177,240],[74,181],[187,486],[242,252],[121,144],[19,288],[-84,240],[-140,150],[-186,210],[-75,223],[-168,288],[-223,288],[-38,108],[103,462],[224,330],[149,367],[633,-163],[457,-84],[317,-24],[476,-18],[615,-24],[587,-24],[345,-12],[848,-36],[205,-18],[569,-36],[373,234],[223,247],[-37,798],[215,48],[3178,30],[2526,-132],[1827,-120],[-37,-390],[-131,-252],[-494,30],[-345,-301],[-130,-414],[-112,-324],[-130,-306],[-811,-24],[-280,-66],[-345,-240],[-289,-318],[-102,-493],[829,-318],[811,-312],[606,-228],[736,-282],[597,-228],[466,-175],[410,-150],[485,-156],[252,-60],[354,-60],[233,-18],[503,-30],[737,-42],[447,-144],[-634,-390],[-429,-204],[-344,-96],[-411,-144],[-410,-192],[-643,-271],[-550,-228],[-121,-72],[-354,-204],[10393,-918],[5630,-505],[1715,96],[6730,-108],[3962,-2827],[1463,948],[1166,793],[307,258],[177,156],[177,168],[1361,1669],[970,1129],[2461,2977],[18,24],[1734,2131],[2321,2774],[2759,3344],[1771,2143],[2172,2569],[1911,2155],[1836,2071],[2219,2498],[-9,0],[-597,48],[-979,102],[-419,30],[-532,48],[-391,18],[-438,18],[-494,12],[-326,6],[-392,-6],[-308,-12],[-615,-30],[-606,-36],[-559,-114],[-326,-66],[-289,0],[-429,-12],[-559,-37],[550,1243],[391,727],[476,558],[205,210],[195,240],[159,264],[280,426],[83,241],[224,390],[196,336],[503,1014],[196,469],[112,414],[46,228],[28,186],[150,1531],[18,246],[112,252],[177,522],[28,79],[559,714],[206,486],[307,528],[410,745],[317,510],[392,390],[130,210],[233,271],[364,408],[168,198],[279,294],[149,150],[373,330],[215,240],[186,247],[47,366],[-289,270],[-84,174],[-243,840],[94,186],[317,673],[223,552],[233,582],[327,661],[177,402],[93,210],[121,336],[56,210],[158,168]],[[275587,409313],[-214,-1087],[-383,54],[-251,24],[-2340,307],[-345,18],[-568,72],[-345,0],[-1110,-193],[-391,-102],[-252,-60],[-531,-30],[-708,6],[-420,42],[-298,6],[-522,60],[-438,-6],[-690,-6],[-718,-162],[-102,-24],[-1865,-786],[-1230,-1057],[-876,-786],[-1156,-1429],[-410,-822],[-392,-967],[10,-1783],[74,-1158],[186,-4341],[-121,-3385],[84,-1363],[75,-883],[28,-468],[9,-588],[-224,-156],[-438,-18],[-503,-42],[-475,-96],[-261,114],[-261,216],[-308,132],[-224,264],[-550,36],[-419,-126],[-215,30],[-447,-78],[-401,-30],[-289,60],[-382,-84],[-364,-210],[-344,-162],[-401,-96],[-438,24],[-308,-60],[-401,-144],[-233,-156],[-494,-192],[-102,-343],[-19,-246],[56,-198],[-75,-282],[-345,-18],[-344,-108],[-131,-192],[-569,-42],[-475,126],[-363,42],[-336,96],[-466,30],[-951,-576],[-65,-253],[-37,-348],[-94,-294],[-317,-132],[-363,-252],[-205,-246],[-476,-228],[-223,-120],[-420,-54],[-93,-211],[-280,-228]],[[159125,303381],[-531,-138],[-373,-162],[-447,-306],[-159,-168],[-307,-372],[-149,-162],[-1464,-1261],[-522,-288],[-3374,-1861],[-4726,-2389],[-2778,-1309],[-2312,-721],[-1631,-282],[-2917,-396],[-2359,-210],[-1920,-18],[-2218,174],[-2331,762],[-6245,2504],[-242,72],[-718,330],[-1529,462],[-270,48],[-326,-18],[-951,-288],[-718,-342],[-6674,-3170],[-3393,-1410],[-4549,-2270],[-391,-258],[-2843,-1687],[-1538,-786],[-168,-84],[-1044,-624],[-4120,-2714],[-1361,-984],[-299,-192],[-428,-115],[-224,-42],[-382,-54],[-448,-168],[-130,-270],[28,-300],[56,-282],[-65,-300],[-122,-276],[-130,-193],[-289,-216],[-457,-66],[-643,-102],[-224,-60],[-923,-246],[-456,-120],[-420,18],[-214,-30],[-410,-150],[-448,-144],[-1435,-709],[-364,-174],[-512,66],[-327,-114],[-186,-246],[-541,-258],[-382,-228],[-224,-54],[-438,12],[-373,-114],[-186,-36],[-466,-24],[-410,-120],[-177,-138],[-224,-306],[-289,-54],[-457,-18],[-391,-115],[-438,-198],[-494,48],[-401,132],[-261,-90],[-224,-162],[-485,18],[-326,108],[-354,168],[-429,-30],[-233,-156],[-429,-42],[-354,6],[-242,-180],[-429,-204],[-867,-414],[-336,-96],[-503,-318],[-19,-264],[-102,-295],[-401,-84],[-205,18],[-391,-156],[-159,-324],[-93,-186],[-75,-372],[-74,-138],[-38,-342],[-270,-301],[-326,-192],[-280,48],[-457,-72],[-326,-258],[-363,-264],[112,-294],[-383,-102],[-298,-186],[-196,-324],[-242,-325],[-28,-180],[149,-222],[37,-264],[-130,-138],[130,-318],[131,-294],[56,-379],[-187,-222],[-46,-264],[186,-138],[-205,-252],[-205,-204],[-485,-162],[-363,-138],[-690,-234],[-19,-180],[-74,-271],[-252,-156],[-130,-318],[-94,-192],[-149,-222],[0,-330],[56,-312],[-401,-72],[-102,-343],[-242,-258],[-383,-234],[-242,-126],[-56,-366],[-410,-150],[-438,-132],[-308,-240],[-65,-247],[9,-288],[-158,-306],[-429,-402],[-317,-204],[-102,-276],[-215,-96],[-242,-216],[-149,-241],[-252,-264],[-205,-48],[-326,-156],[-187,-246]],[[58594,260993],[-596,186],[-215,72],[-978,312],[-1464,469],[-1118,318],[-1156,336],[-1333,444],[-2974,1021],[-1575,618],[-755,384],[-1538,1045],[-252,168],[-419,282],[-1361,1063],[-1063,618],[-1361,570],[-2023,871],[-1388,564],[-718,342],[-354,180],[-1790,1051],[-214,120],[-215,150],[-1016,696],[-74,48],[-914,859],[224,174],[680,342],[783,426],[84,48],[466,276],[187,156],[195,211],[131,138],[345,330],[140,162],[214,216],[214,180],[252,228],[214,318],[-671,2948],[-18,1381],[-28,828],[177,835],[205,1038],[102,1297],[28,1104],[-37,1627],[280,2816],[93,612],[84,564],[242,1009],[187,738],[65,168],[1426,2948],[466,1345],[746,2893],[494,3026],[112,1681],[84,1416],[-280,1945],[-187,1813],[485,4359],[-540,546],[-103,102],[-1305,2155],[-317,1483],[-261,774],[-186,577],[-457,774],[-364,552],[-205,565],[-261,1074],[-177,630],[-140,445],[-317,606],[-419,678],[-783,1087],[-47,132],[-233,3428],[-512,1272],[-914,1219],[-671,714],[-1128,1033],[-1445,1411],[-1827,1591],[-885,1176],[-559,745],[-215,624],[-84,822],[84,1309],[56,925],[-140,2335],[47,1146],[270,1201],[382,816],[578,949],[690,1008],[848,1021],[1249,1123],[1147,948],[1929,1237],[1958,936],[242,120],[364,186],[475,174],[261,90],[438,151],[569,270],[354,162],[242,102],[672,288],[307,126],[215,120],[233,144],[298,210],[280,264],[121,133],[186,210],[159,186],[289,348],[111,150],[159,198],[121,186],[177,288],[168,319],[168,306],[177,942],[-37,661],[-131,540],[-102,582],[-56,258],[-28,372],[-47,517],[-19,288],[10,420],[65,516],[37,319],[-18,1860],[0,481],[-140,954],[-56,643],[-112,1086],[-671,1015],[-401,954],[-345,865],[-121,294],[-615,870],[-606,1549],[-140,576],[-718,1261],[-382,678],[252,349],[-578,60],[-485,-18],[-37,336],[-75,108],[-382,138],[-512,36],[-317,78],[-429,30],[-243,-336],[-335,-186],[-457,-174],[-307,84],[-168,246],[-327,90],[-438,6],[-223,-42],[-373,-30],[-354,-24],[-485,-48],[-373,-84],[-298,72],[-149,258],[-401,60],[-606,-36],[-103,192],[-223,330],[-317,-150],[-504,-138],[-512,-18],[-233,174],[-224,84],[-1035,144],[-205,126],[28,318],[93,283],[-279,180],[-476,-18],[-382,-72],[-186,-60],[-634,-295],[-448,12],[-438,109],[-289,78],[-363,108],[-354,204],[-289,282],[-233,252],[-317,180],[-718,258],[-103,306],[-167,223],[-336,48],[-280,246],[-428,-126],[-532,-72],[10,276],[-66,276],[-400,246],[-383,-102],[0,300],[-46,210],[-19,234],[103,294],[-429,247],[-475,6],[-336,258],[130,222],[-242,312],[-531,126],[-215,252],[-158,174],[-298,84],[18,301],[-335,126],[-261,-66],[-308,234],[84,240],[-326,210],[-410,138],[-122,168],[196,216],[-270,306],[-457,78],[-373,-102],[-429,162],[-177,295],[-317,48],[-522,-96],[-317,30],[-139,222],[-28,288],[28,234],[876,810],[205,265],[84,408],[158,396],[448,576],[93,330],[-121,451],[-392,228],[-261,204],[-223,210],[-159,174],[-158,192],[-215,294],[-168,234],[-139,193],[-122,240],[-130,252],[-112,228],[-168,306],[-251,498],[-159,313],[-102,204],[-103,186],[-196,222],[-167,306],[-159,312],[-158,282],[-271,330],[-149,133],[-270,222],[-187,120],[-428,264],[-205,138],[-187,198],[-121,324],[-47,234],[-18,337],[0,276],[9,372],[-9,246],[-28,282],[-19,366],[-37,361],[-47,414],[532,24],[522,-66],[466,-54],[345,-48],[354,-24],[708,-12],[550,72],[392,24],[475,-24],[158,-84],[597,-54],[149,1104],[438,2708],[252,1554],[662,4323],[186,930],[56,330],[233,289],[112,186],[177,228],[140,174],[280,366],[214,282],[289,384],[186,240],[150,199],[158,198],[308,318],[344,282],[234,192],[540,456],[466,421],[252,234],[149,138],[410,366],[131,120],[661,570],[224,270],[112,127],[839,852],[270,276],[364,378],[2871,1693],[718,-1290],[484,-475],[355,-438],[344,-534],[373,-270],[671,-283],[588,-234],[223,-180],[560,-444],[186,-150],[522,-324],[606,-258],[373,-270],[438,-295],[578,-402],[923,-1369],[1267,-1662],[19,-24],[746,-625],[158,-126],[988,-702],[66,-48],[773,-661],[979,-438],[1193,-558],[1175,-396],[540,-174],[1249,-391],[1026,-348],[2861,-966],[1464,-451],[1249,-384],[298,-84],[1799,-504],[1799,-402],[755,-222],[1753,-673],[1994,-564],[1622,-384],[867,-204],[1464,-313],[279,-60],[1221,-276],[727,-96],[439,-168],[335,-228],[289,-150],[345,-78],[606,-60],[857,-90],[532,-18],[1128,84],[867,180],[717,180],[1110,630],[866,511],[66,30],[671,330],[801,162],[84,12],[1044,186],[345,6],[401,6],[1836,78],[2126,-12],[988,72],[606,102],[661,96],[933,240],[1724,451],[1510,450],[1697,648],[1221,366],[1715,511],[3700,876],[1212,264],[466,192],[513,391],[466,396],[9,306],[131,156],[-47,246],[131,348],[-19,228],[308,138],[121,349],[149,192],[121,234],[187,210],[186,234],[326,108],[420,144],[307,390],[224,169],[131,252],[28,318],[65,120],[205,240],[270,126],[252,180],[19,180],[214,234],[186,223],[532,156],[214,6],[466,66],[205,150],[345,114],[354,108],[205,222],[150,204],[205,168],[74,192],[84,204],[-9,277],[-112,150],[-270,222],[-224,192],[270,318],[37,240],[-37,192],[56,234],[214,288],[289,205],[178,282],[121,162],[205,324],[559,444],[186,282],[122,319],[65,432],[112,246],[205,384],[494,871],[1230,1638],[364,-6],[307,-12],[578,505],[560,774],[279,330],[103,204],[401,859],[307,204],[354,270],[234,258],[186,252],[112,258],[-28,805],[-196,870],[47,42],[783,204],[-532,1195],[-633,1165],[-206,276],[-335,516],[-205,294],[-224,264],[177,24],[2424,349],[149,210],[56,210],[186,666],[457,36],[391,1147],[56,360]],[[111297,438098],[578,-174],[336,-60],[401,-48],[904,-24],[447,120],[392,-162],[261,-114],[401,-210],[205,-337],[456,-168],[289,42],[411,-24],[195,-180],[392,-150],[224,-138],[223,-180],[271,-246],[158,-426],[93,-360],[28,-235],[47,-246],[335,-228],[345,-126],[373,-90],[737,-114],[372,-96],[364,-156],[224,-180],[93,-174],[28,-198],[-75,-337],[-158,-210],[-56,-252],[-84,-276],[-9,-270],[111,-606],[28,-79],[112,-318],[205,-174],[681,-450],[419,-222],[709,-276],[177,-84],[606,-288],[438,-337],[289,-234],[354,-720],[643,-636],[737,-523],[568,-402],[1184,-492],[2172,-799],[513,-192],[2423,-912],[3430,-859],[4456,-804],[1100,-138],[1324,-156],[1165,-144],[2209,-120],[2060,-120],[1119,0],[773,180],[671,306],[867,360],[448,-108],[270,-36],[401,-198],[923,-522],[111,-109],[215,-240],[317,-312],[251,-252],[261,-228],[299,-168],[205,-198],[298,-240],[-718,-649],[-223,-216],[-196,-252],[-103,-180],[-242,-1033],[-671,-1428],[-681,-1351],[-363,-636],[-159,-319],[-149,-306],[-102,-348],[-75,-282],[19,-450],[74,-511],[122,-300],[195,-534],[121,-876],[336,-181],[65,-108],[-373,-1440],[-158,-535],[56,-1494],[-802,-3548],[2508,-1693],[708,-510],[3822,-1483],[1631,-715],[4735,-678],[3244,-210],[755,-78],[811,-54],[532,-6],[522,42],[354,72],[531,138],[783,210],[298,48],[1483,162],[4977,492],[2200,361],[1445,210],[2517,486],[978,210],[1287,336],[1044,282],[1771,415],[2535,366],[513,48],[1342,-102],[2452,-186],[2992,-997],[1100,-234],[2069,-444],[4101,552],[3347,811],[1025,24],[3197,-217],[4027,-954],[1352,-348],[2340,-516],[167,-30],[1921,-199],[838,-90],[504,-18],[5108,361],[494,30],[2368,114],[3010,480],[4204,966],[2303,895],[2666,1285],[1500,1074],[1231,913],[410,234],[457,60],[540,66],[746,30],[578,0],[317,0],[522,-36],[289,6],[3374,2455],[606,420],[392,228],[689,355],[2713,1242],[2778,1351],[1407,684],[382,288],[1119,-192],[792,-162],[1343,-234],[512,-78],[504,-78],[484,-96],[336,-114],[410,-54],[47,-306],[-38,-342],[-9,-337],[84,-336],[391,-54],[355,-42],[223,-30],[466,-78],[541,-72],[1044,-168],[1128,-162]],[[485365,209534],[485,-552],[755,-378],[820,-385],[336,-306],[391,-1068],[354,-811],[392,-1116],[401,-415],[969,-648],[597,-390],[494,-366],[270,-295],[46,-126],[662,-2161],[541,-1759],[19,-102],[65,-1555],[270,-978],[531,-744],[923,-511],[1650,-498],[485,-174],[606,-486],[429,-601],[1016,-1290],[1351,-1273],[1529,-1105],[1538,-756],[1063,-408],[1724,-510],[531,-84],[1650,-343],[10,-6],[1929,-708],[578,-312],[1202,-661],[439,-510],[233,-348],[-84,-324],[-532,-432],[-783,-859],[-111,-372],[-150,-390],[-233,-607],[-186,-648],[-47,-456],[-363,-540],[-84,-60]],[[510076,180107],[-2256,-1525],[-671,-505],[-1678,-792],[-1249,-582],[-1212,-186],[-1211,-192],[-1678,-205],[-1361,-162],[-951,-276],[-643,-228],[-364,-312],[38,-360],[74,-414],[494,-523],[876,-1116],[541,-961],[606,-672],[802,-462],[121,-181],[167,-450],[187,-594],[326,-654],[298,-697],[327,-684],[401,-654],[922,-937],[932,-690],[1063,-829],[1277,-912],[988,-883],[699,-840],[690,-697],[364,-432],[242,-528],[345,-588],[960,-1201],[783,-522],[1296,-925],[195,-186],[-233,-342],[-1528,-1033],[-1464,-930],[-1090,-528],[-979,-372],[-876,-325],[-830,-450],[-587,-426],[-886,-727],[-606,-534],[-680,-462],[-755,-408],[-951,-432],[-839,-385],[-485,-786],[-615,-805],[-84,-246],[-84,-366],[178,-468],[74,-222],[-9,-270],[-47,-373],[-951,-1734],[-689,-1027],[-457,-612],[-177,-811],[-103,-858],[-93,-492],[-214,-739],[-681,-534],[-680,-582],[-448,-661],[-484,-558],[-1510,-552],[-10,0],[-718,-397],[-251,-204],[-187,-414],[-149,-678],[-84,-282],[-167,-595],[-131,-216],[-447,-708],[-56,-42],[-746,-564],[-802,-607],[-410,-810],[-56,-637],[84,-1086],[56,-835],[84,-1182],[103,-775],[251,-708],[280,-1135],[643,-1068],[280,-1183],[84,-1032],[55,-865],[355,-738],[279,-372],[849,-823],[978,-1170],[849,-721],[1267,-852],[1193,-751],[811,-600],[411,-642],[904,-1165],[456,-906],[252,-1075],[-56,-924],[-205,-1123],[121,-1033],[75,-636],[429,-852],[484,-505],[821,-396],[1193,-438],[1100,-492],[1072,-547],[839,-618],[391,-468],[84,-426],[121,-997],[149,-834],[532,-553],[606,-330],[288,-96],[597,-186],[587,-114],[1203,-126],[2116,-42],[736,-6],[755,-174],[373,-282],[578,-415],[373,-540],[643,-1110],[830,-937],[848,-948],[829,-913],[979,-804],[1063,-1063],[783,-360],[699,-174],[1519,-330],[2070,-541],[1034,-324],[224,-210],[37,-246],[-9,-426],[-75,-655],[355,-432],[978,-522],[1193,-288],[1147,-108],[1724,-240],[961,-343],[661,-252],[327,-126],[289,-186],[755,-414],[550,-468],[195,-168],[746,-751],[1063,-990],[978,-709],[606,-228],[737,-156],[643,-24],[1407,-90],[1296,6],[811,-162],[876,-396],[1156,-733],[140,-90],[783,-510],[1137,-474],[1967,-925],[1277,-696],[1081,-306],[1016,-180],[1501,-234],[960,-217],[578,-282],[345,-390],[280,-504],[475,-691],[662,-540],[764,-792],[317,-510],[354,-313],[429,-258],[485,-114],[606,-78],[1743,-162],[1845,-36]],[[564298,72386],[215,-1993],[28,-558],[-28,-475],[-308,-594],[-270,-498],[-345,-522],[-494,-571],[-224,-162],[-289,-90],[-456,-108],[-383,-60],[-447,-48],[-522,-90],[-308,-48],[-456,-126],[-448,-138],[-550,-294],[-643,-361],[-811,-528],[-624,-342],[-513,-270],[-364,-174],[-354,-246],[-307,-126],[-345,-175],[-485,-426],[-336,-288],[-363,-198],[-326,-204],[-317,-216],[-84,-78],[-233,-246],[-177,-349],[-168,-360],[-280,-300],[-270,-258],[-466,-324],[-578,-342],[-615,-295],[-588,-258],[-578,-180],[-643,-174],[-550,-78],[-522,-48],[-531,120],[-475,324],[-261,240],[-215,307],[-354,402],[-177,180],[-205,150],[-364,156],[-345,78],[-531,30],[-503,0],[-970,-66],[-1053,-114],[-541,-42],[-317,-30],[-391,-126],[-242,-138],[-196,-216],[-205,-318],[-10,-193],[56,-264],[187,-486],[93,-438],[19,-360],[-112,-228],[-532,-415],[-382,-204],[-1165,-750],[-1212,-727],[-680,-246],[-1603,-570],[-1622,-606],[-485,-258],[-466,-235],[-690,-342],[-485,-240],[-410,-288],[-326,-306],[-233,-354],[-186,-355],[-10,-48],[-205,-366],[-196,-378],[-223,-264],[-382,-378],[-616,-409],[-1883,-270],[-1351,-138],[-1007,-132],[-876,-432],[-438,-186],[-541,-138],[-643,-150],[-559,-12],[-681,90],[-373,144],[-1016,582],[-578,432],[-410,174],[-363,84],[-569,12],[-913,-6],[-988,-54],[-830,-96],[-1063,-240],[-662,-246],[-978,-294],[-308,-102],[-475,-96],[-401,6],[-438,78],[-1044,60],[-746,12],[-652,-186],[-1445,-775],[-1063,-204],[-634,-78],[-214,-42],[-802,-90],[-18,0],[-1771,-222],[-578,30],[-662,174],[-75,0],[-867,114],[-559,6],[-308,204],[-643,343],[-326,90],[-746,114],[-717,12],[-746,-102],[-1650,-559],[-783,-270],[-653,-102],[-307,-126],[-597,-18],[-1072,-174],[-755,-102],[-895,-228],[-1360,-354],[-289,-90],[-1594,-667],[-634,-504],[-233,-444],[-10,-372],[439,-961],[1836,-450],[112,-84],[745,-198],[1343,-655],[1407,-912],[466,-366],[224,-451],[-84,-360],[-485,-378],[-2060,-876],[-1566,-175],[-2955,-36],[-1761,235],[-1277,438],[-1287,990],[-867,180],[-2703,-522],[-2321,-900],[-1491,-469],[-168,-306],[895,-1320],[1314,-1765],[298,-1141],[-251,-864],[-317,-235],[-1836,-1110],[-718,-480],[-457,-487],[-708,-1086],[-345,-228],[-2032,-835],[-1165,-414],[-1967,-1129],[-243,-126],[-3299,-1650],[-821,-187],[-923,12],[-783,-54],[-1127,-372],[-1296,-330],[-1473,-474],[-2806,-697],[-1127,-270],[-1296,-156],[-1398,-114],[-1296,-282],[-224,-60],[-2992,-804],[-363,-103],[-867,-246],[-1855,-852],[-1408,-12],[-522,24],[-578,-72],[-801,-180],[-1455,-294],[-242,-42],[-373,-66],[-1044,-36],[-811,126],[-941,426],[-1650,738],[-727,516],[-420,727],[-344,1050],[-56,120],[-401,835],[-681,708],[-764,469],[-774,246],[-1286,126],[-1958,372],[-2088,552],[-1398,480],[-1883,91],[-1221,-37],[-522,-198],[-568,-414],[-466,-594],[-122,-114],[-475,-420],[-1622,-1213],[-1622,-1195],[-270,-534],[-65,-810],[820,-2750],[149,-1441],[-65,-2257],[-588,-4268],[-27,-906],[-485,-325],[-671,-132],[-1007,-102],[-1659,222],[-2433,282],[-699,103],[-1939,576],[-848,102],[-1259,12],[-997,60],[-550,144],[-475,240],[-504,462],[0,6],[-522,445],[-382,330],[-876,546],[-1641,1063],[-1128,450],[-466,144],[-1006,312],[-1250,294],[-1202,595],[-1352,666],[-848,102],[-1072,-84],[-3281,-684],[-699,-114],[-261,54],[-214,258],[-923,1566],[-532,631],[-1528,1110],[-1678,943],[-3514,1411],[-1510,360],[-625,-24],[-186,-12],[-448,-228],[-606,-457],[-83,-348],[130,-582],[755,-816],[401,-427],[158,-114],[1874,-1374],[140,-445],[-121,-390],[-690,-666],[-560,-156],[-699,6],[-139,18],[-466,72],[-355,60],[-2013,678],[-112,54],[-727,366],[-914,571],[-1929,1200],[-9,0],[-830,366],[-196,163],[-1156,702],[-997,438],[-923,312],[-587,180],[-578,210],[-671,331],[-205,174],[-224,258],[-298,426],[-401,324],[-9,6],[-541,673],[-19,12]],[[356459,24103],[466,744],[373,594],[727,1213],[448,1369],[233,462],[354,354],[364,324],[512,324],[681,271],[634,132],[699,84],[792,102],[373,54],[307,84],[261,132],[206,228],[158,324],[233,318],[373,229],[708,210],[392,150],[289,216],[466,378],[363,294],[131,276],[149,589],[140,420],[317,396],[662,504],[848,889],[270,252],[-168,216],[-307,156],[-625,240],[-708,306],[-886,415],[-484,282],[-504,264],[-205,108],[-261,162],[-149,168],[-121,312],[-159,234],[-121,126],[-1109,793],[-839,300],[-1119,282],[-978,186],[-103,138],[9,253],[-307,186],[-382,120],[-224,186],[-158,270],[-243,168],[-252,120],[-344,120],[-233,150],[-206,258],[-251,132],[-187,241],[-46,222],[-38,270],[-139,204],[-243,264],[-298,198],[-298,78],[-345,-6],[-280,24],[-307,276],[56,228],[-131,283],[-410,96],[-224,234],[-18,162],[382,390],[1566,1489],[494,672],[708,949],[634,816],[494,708],[1230,1477],[513,673],[802,738],[801,648],[532,433],[624,540],[299,420],[186,432],[75,565],[130,348],[131,510],[121,456],[205,360],[168,307],[391,618],[187,510],[74,505],[9,372],[-46,600],[-131,438],[-251,643],[-327,750],[-149,1009],[-102,528],[-215,552],[-121,204],[-130,234],[-280,276],[-401,301],[-839,282],[-662,132],[-1127,186],[-56,6],[-1082,312],[-540,282],[-280,204],[-382,282],[-559,499],[-308,552],[-224,744],[-121,1069],[-186,1237],[-38,948],[-84,372],[-335,343],[-475,282],[-774,378],[-690,444],[-1100,672],[-531,457],[-205,276],[-56,492],[9,522],[168,331],[447,432],[886,660],[671,546],[867,661],[848,588],[1314,1327],[839,894],[289,462],[560,1087],[-364,2942],[-112,2077],[-205,2209],[559,2707],[802,2636],[886,2017],[289,1134],[9,66],[9,715],[19,1422],[-112,2372],[112,2317],[-755,1549],[-550,696],[-261,318],[-382,336],[-755,553],[-1240,786],[-1109,690],[-1259,913],[-289,192],[-419,282],[-261,288],[-261,331],[-392,474],[-345,462],[-186,282],[-373,613],[-345,750],[-1025,2707],[-662,1465],[-1985,2822],[-429,420],[-597,612],[-447,456],[-140,138],[-466,463],[-475,474],[-364,408],[-541,516],[-484,493],[-466,456],[-140,150],[-243,258],[-335,330],[-503,517],[-243,234],[-233,306],[-28,282],[-112,1159],[-74,582],[-65,504],[-2582,456],[-1427,367],[-177,114],[-2041,1344],[-1659,967],[-3254,876],[-307,102],[-718,241],[-102,78],[-485,402],[-1501,1447],[-979,624],[-783,378],[-839,162],[-876,78],[-1267,-18],[-1240,60],[-820,36],[-1352,330],[-457,150],[-979,313],[-149,240],[-289,186],[-102,186],[-103,270],[-168,360],[-37,348],[-37,337],[-65,348],[28,162],[-84,318],[-159,174],[-121,264],[-494,114],[-429,210],[-1267,1303],[-942,877],[-382,234],[-205,42],[-541,54],[-3039,252],[-578,66],[-1593,102],[-1268,54],[-942,126],[-1808,438],[-634,144],[-391,42],[-392,42],[-1855,199],[-540,66],[-625,30],[-2041,258],[-588,150],[-428,156],[-1389,72],[-550,0]],[[294491,148488],[-10,330],[-74,378],[74,367],[75,324],[224,174],[-522,180],[-280,-162],[-382,168],[93,264],[270,138],[168,126],[345,252],[476,120],[270,228],[345,73],[195,270],[-9,294],[373,156],[168,156],[354,108],[308,210],[363,90],[93,276],[28,174],[-140,211],[280,174],[289,30],[298,114],[317,204],[47,276],[242,216],[159,204],[65,180],[84,234],[112,289],[-28,324],[326,120],[75,330],[251,30],[345,138],[270,216],[234,144],[307,114],[289,288],[289,78],[326,229],[75,228],[-438,84],[-243,174],[-149,270],[159,324],[335,102],[308,24],[252,180],[-150,343],[-466,96],[-242,36],[-485,132],[-195,186],[-122,252],[-456,54],[-299,96],[-568,96],[-327,162],[-344,84],[-289,48],[-327,132],[159,252],[93,301],[103,270],[74,324],[93,318],[150,246],[83,222],[-28,156],[-214,330],[-65,295],[279,270],[159,312],[205,192],[130,246],[-139,162],[130,264],[373,229],[345,30],[485,-139],[307,-6],[75,361],[354,186],[242,-222],[177,-192],[439,-30],[261,258],[-103,186],[-121,168],[-47,240],[47,252],[158,192],[336,174],[-214,288],[-467,205],[-9,210],[-74,180],[46,282],[140,186],[252,138],[363,12],[494,72],[308,210],[270,84],[233,252],[19,343],[270,168],[410,30],[149,300],[327,102],[242,90],[457,150],[531,-12],[298,240],[280,66],[876,24],[457,54],[326,90],[345,0],[429,54],[373,84],[214,-270],[65,-210],[392,-60],[522,-168],[382,120],[28,306],[-289,90],[-280,54],[-55,324],[251,48],[532,67],[382,66],[550,-91],[363,241],[317,204],[280,-60],[550,60],[363,-72],[382,-132],[439,228],[205,108],[270,132],[410,156],[559,-66],[410,24],[131,306],[326,288],[140,264],[112,180],[140,235],[251,282],[122,72],[811,354],[279,150],[308,138],[186,138],[401,72],[261,48],[447,102],[317,54],[1044,78],[541,78],[270,175],[317,168],[355,-78],[167,-127],[327,-294],[326,-180],[475,138],[448,108],[550,138],[-19,319],[-354,-18],[-224,222],[112,198],[-280,204],[308,276],[279,162],[243,234],[419,210],[177,229],[401,252],[-121,216],[-56,276],[-196,342],[-960,114],[-1034,168],[-3263,264],[-1529,168],[-512,199],[-699,372],[-1464,1260],[-1286,895],[-1240,570],[-643,360],[-681,499],[-1295,936],[-662,390],[-876,258],[-1343,247],[-1519,300],[-1613,498],[-1696,708],[-522,150],[-503,151],[-821,210],[1007,1014],[867,667],[513,414],[428,342],[355,648],[139,823],[140,672],[326,594],[1016,1639],[541,799],[1165,1140],[382,535],[327,744],[112,306],[28,384],[289,402],[652,685],[1035,948]],[[346299,216804],[131,156],[242,138],[513,-90],[372,300],[215,-36],[382,-150],[541,-12],[298,6],[363,132],[392,144],[354,126],[392,18],[522,-96],[289,36],[345,240],[298,72],[373,-24],[438,60],[186,138],[-307,403],[242,264],[4353,2053],[1249,246],[1072,96],[1063,36],[988,-204],[1566,-666],[690,-211],[577,-12],[327,-96],[214,-78],[401,-12],[438,96],[354,66],[448,48],[2274,49],[1976,6],[1277,-55],[727,-36],[671,-72],[634,-150],[1035,-468],[364,-216],[447,-402],[652,-931],[485,-1002],[233,-733],[299,-444],[466,-690],[1314,-1231],[1035,-906],[783,-703],[848,-1062],[550,-384],[895,-187],[587,-12],[363,0],[513,133],[420,168],[307,258],[168,246],[177,252],[131,258],[0,198],[-122,192],[420,246],[326,60],[196,133],[373,396],[167,-180],[159,-210],[485,-331],[484,-348],[159,-294],[186,-258],[336,-186],[233,-216],[363,-372],[233,-301],[317,-318],[494,-348],[466,-264],[383,-210],[633,-378],[392,-90],[447,-6],[1902,-73],[84,-12],[988,6],[1594,151],[1063,216],[512,102],[727,102],[1203,-84],[112,-12],[1966,-180],[66,1104],[65,955],[37,366],[93,396],[84,342],[187,493],[233,324],[457,414],[130,156],[56,234],[-56,294],[-214,571],[-243,858],[10,342],[195,288],[448,787],[65,210],[214,564],[168,54],[1240,6],[177,84],[9,1009],[187,306],[177,192],[102,300],[466,102],[345,24],[252,18],[587,6],[522,-42],[457,-18],[401,-6],[541,-24],[261,0],[447,6],[419,-24],[578,6],[299,36],[550,42],[559,6],[252,126],[223,162],[354,133],[336,-139],[298,-30],[345,90],[336,30],[559,-6],[336,42],[550,-54],[382,103],[307,-42],[308,-127],[233,-246],[224,-42],[382,-18],[475,-6],[224,144],[466,-36],[364,30],[484,-108],[616,-66],[419,-30],[336,-48],[419,12],[466,78],[587,132],[299,126],[214,78],[382,96],[336,211],[559,90],[205,180],[364,246],[121,150],[298,168],[373,48],[429,-42],[512,78],[457,-6],[354,54],[215,126],[233,204],[475,114],[373,132],[214,126],[234,253],[307,90],[233,312],[392,252],[205,132],[261,174],[37,228],[214,204],[187,12],[503,-12],[271,18],[997,258],[373,-144],[1435,-5270],[690,-1405],[1436,-2924],[596,-1242],[550,-174],[1771,-36],[858,102],[149,-60],[578,-30],[233,-18],[522,96],[242,48],[503,90],[569,144],[923,210],[699,84],[541,6],[1528,-96],[3887,-618],[252,-283],[19,-288],[251,-198],[178,-138],[102,-258],[168,-240],[121,-360],[93,-288],[252,-265],[19,-216],[-336,-234],[-392,-84],[-428,-258],[-345,-294],[84,-228],[484,-18],[345,-42],[299,-108],[177,-187],[177,-258],[251,-150],[-111,-228],[65,-288],[168,-234],[372,-204],[187,-162],[0,-300],[270,-139],[392,-252],[1473,-342],[1388,-414],[709,-132],[764,-144],[1352,-60],[1603,60],[1380,162],[960,330],[1435,738],[1557,523],[2694,660],[1277,258],[1407,222],[1026,36],[2116,-102],[2162,24],[1305,18],[690,108],[625,313],[1183,552],[1016,228],[1408,162]],[[768064,331596],[280,-240],[195,-96],[252,-222],[112,-144],[-37,-246],[261,-187],[37,-168],[317,-204],[-93,-318],[-373,-174],[-429,-228],[-84,-198],[373,-222],[373,222],[214,12],[233,-312],[-177,-198],[-140,-247],[-37,-204],[149,-360],[-130,-216],[-457,-186],[-261,-60],[-289,-168],[-74,-366],[456,-24],[438,-96],[-18,-175],[-308,-228],[-102,-198],[233,-240],[447,-156],[326,-264],[84,-264],[345,-30],[326,-96],[94,-343],[-420,-24],[-457,6],[-354,-42],[-298,-222],[-112,-288],[-186,-216],[-271,-144],[-373,-102],[-354,138],[-429,132],[-391,-174],[-336,18],[-559,6],[-494,-162],[-429,6],[-307,24],[-317,-78],[298,-306],[485,-60],[205,-96],[195,-192],[112,-319],[-382,-264],[233,-114],[252,-228],[-224,-192],[-46,-312],[83,-204],[-270,-174],[-550,-373],[-140,-72],[-400,-306],[-327,144],[-307,204],[-215,78],[-242,187],[-513,-103],[-410,37],[-121,138],[-559,-48],[0,-187],[-28,-294],[-103,-300],[-84,-210],[-65,-186],[-37,-252],[-38,-318],[-335,-186],[-494,-103],[-168,-276],[336,-252],[111,-288],[-242,-150],[-438,-30],[-485,48],[-401,-126],[-288,174],[-429,-66],[-159,-180],[-335,-168],[-532,-90],[-111,-282],[-10,-235],[-28,-192],[-37,-216],[-103,-270],[-177,-282],[-158,-366],[-205,-216],[-93,-373],[-187,-276],[56,-198],[214,-180],[-83,-366],[-420,-132],[-289,-270],[-74,-216],[-196,-307],[-522,-150],[65,-348],[233,-150],[-37,-318],[-354,-132],[-280,246],[-503,198],[-327,-114],[-279,-72],[-420,54],[-307,48],[-429,-144],[-410,114],[-569,-60],[-205,-174],[-252,-276],[-93,-186],[-112,-216],[-223,-163],[-411,-120],[-354,-42],[-382,-72],[-541,6],[-410,30],[-373,12],[-438,-12],[-354,-60],[-391,-180],[-159,-216],[-84,-180],[-140,-366],[-289,-432],[-74,-114],[-149,-259],[56,-318],[18,-192],[38,-324],[186,-120],[214,-204],[112,-138],[-65,-246],[-354,-210],[-485,-61],[-186,-162],[-522,-6],[-299,126],[-289,42],[-484,-108],[195,-324],[-177,-294],[-475,36],[-289,-36],[-354,-132],[223,-312],[308,-120],[-47,-306],[-363,-132],[-19,-271],[112,-204],[280,-216],[-103,-300],[-410,-180],[168,-306],[74,-312],[-158,-216],[37,-181],[355,-150],[186,-132],[205,-180],[392,-222],[-47,-192],[-168,-228],[-177,-240],[-103,-198],[66,-180],[-38,-217],[-65,-198],[317,-186],[466,-102],[308,-96],[326,-186],[214,-132],[280,-222],[65,-216],[364,-210],[373,-60],[298,-12],[438,-139],[494,-150],[121,-258],[-28,-126],[-46,-252],[102,-168],[252,-192],[19,-180],[-578,-577],[233,-258],[475,-72],[410,-66],[196,-60],[326,-156],[196,-144],[298,-324],[-289,-252],[-345,156],[-326,-6],[-186,-246],[196,-228],[466,-235],[307,-126],[326,-54],[308,-246],[168,-342],[56,-180],[-112,-306],[-401,-348],[-47,-258],[178,-337],[316,-276],[131,-180],[205,-342],[364,-102],[270,12],[233,-252],[-373,-264],[-345,-156],[-18,-361],[-345,-198],[-466,-54],[-560,12],[-205,-288],[215,-198],[-373,-192],[-289,-276],[-177,-312],[-392,-145],[-326,-180],[28,-288],[289,-276],[-159,-276],[-354,-234],[-186,-204],[-28,-192],[-224,-217],[-596,-180],[-252,-96],[-308,-102],[-307,-312],[139,-252],[94,-228],[-28,-150],[-280,-216],[-522,60],[-252,150],[-391,96],[-382,48],[-168,168],[224,240],[-252,234],[-410,-24],[-438,-132],[-448,90],[-326,-264],[-270,-90],[-140,-240],[-121,-240],[-438,-18],[-504,168],[-298,66],[-466,-108],[56,-180],[149,-246],[-261,-337],[-438,-180],[-187,-222],[-438,12],[-139,234],[-383,-6],[-205,-114],[-382,18],[-578,-66],[-419,-54],[-504,48],[-167,-300],[-317,-270],[-280,-336],[56,-174],[28,-271],[177,-198],[-93,-234],[196,-276],[139,-186],[84,-204],[-279,-216],[-327,-72],[-428,-108],[46,-378],[541,6],[317,-109],[354,-54],[298,-306],[-242,-168],[-382,-132],[-504,-84],[-857,-24],[18,216],[-167,168],[-299,102],[-223,138],[-383,-198],[-270,-96],[-485,-138],[47,-210],[-121,-198],[-308,-312],[93,-192],[112,-318],[-223,-163],[-196,-186],[-149,-204],[-364,6],[-74,258],[-420,24],[-345,-66],[-335,-132],[-177,-198],[-187,-330],[-289,-168],[-335,-204],[-177,-210],[-140,-162],[186,-271],[121,-192],[-484,-162],[-504,84],[-335,30],[-289,0],[-382,-144],[-150,-282],[-46,-306],[214,-252],[308,-96],[196,-186],[195,-361],[112,-162],[-28,-228],[-177,-186],[-47,-270],[392,-240],[-270,-192],[-261,-132],[-243,-210],[94,-253],[-19,-198],[-485,-144],[-270,-282],[-298,-84],[-345,-84],[9,-396],[-205,-288],[37,-192],[-130,-192],[-28,-301],[-84,-222],[-177,-360],[223,-240],[10,-174],[93,-228],[-28,-210],[149,-343],[243,-210],[9,-210],[-233,-186],[-401,-210],[-475,-18]],[[725270,270460],[-336,78],[-336,-126],[-298,-90],[-429,-156],[-158,-360],[28,-204],[0,-337],[-112,-186],[-205,-240],[-270,-228],[-56,-366],[-438,78],[-560,-42],[-326,-108],[-252,-66],[-261,-210],[-205,-126],[19,-289],[-550,90],[-47,289],[-205,126],[-447,-180],[-224,-295],[215,-234],[0,-186],[-112,-228],[-261,-72],[-19,-288],[-308,-144],[-503,114],[-419,-12],[-131,-312],[-65,-186],[-336,-204],[-270,-73],[-391,-102],[-495,42],[-205,319],[-410,132],[-279,-240],[-327,-307],[-233,-174],[-261,-144],[-382,-138],[-354,18],[-242,78],[-308,78],[-419,120],[-345,102],[-308,66],[-485,54],[-345,-66],[-270,-84],[-233,-186],[-130,-162],[-364,-198],[-224,-90],[-289,-306],[-531,-204],[-252,-96],[-447,108],[-494,-54],[-289,-144],[-401,-156],[-326,-30],[-149,-301],[-121,-198],[-28,-318],[-355,-54],[-298,-60],[-140,-354],[336,-294],[345,-210],[317,-36],[158,-253],[75,-144],[-38,-342],[66,-354],[-177,-222],[-420,-258],[0,-264],[131,-265],[-224,-138],[-410,-78],[-494,-174],[-243,-162],[-382,-60],[-345,-36],[-279,-102],[-569,-18],[-485,18],[-326,-66],[-401,-192],[-456,-84],[-373,108],[-532,-162],[-345,-186],[-382,84],[-242,0],[-364,30],[-400,-72],[-187,-252],[-84,-342],[-196,-247],[19,-276],[-270,-258],[-326,48],[-261,-192],[-84,-282],[-476,-192],[-503,-72],[-56,-270],[-541,-156],[-373,198],[-363,42],[205,-216],[37,-169],[-317,-204],[-438,-246],[-37,-222],[-186,-204],[74,-270],[-177,-312],[-382,-210],[-270,-295],[195,-204],[-401,-168],[-410,-108],[112,-240],[354,-234],[47,-264],[65,-306],[-28,-319],[47,-174],[158,-228],[-289,-150],[112,-240],[75,-204],[-159,-270],[196,-156],[-28,-216],[196,-331],[102,-216],[-65,-354],[-298,-150],[-280,-60],[-149,-276],[75,-378],[-457,-144],[-168,-265],[19,-228],[140,-150],[307,-180],[243,-240],[-494,-198],[-373,-84],[-84,-186],[158,-288],[-401,-150],[-233,96],[-484,72],[-345,-162],[-392,120],[-419,-6],[-233,-192],[-504,186],[-522,66],[-83,-252],[-317,-235],[-429,-96],[-289,-162],[-364,-84],[-345,0],[-438,-198],[-121,-210],[-233,-210],[-382,-96],[28,-294],[56,-198],[102,-229],[103,-192],[149,-168],[28,-270],[103,-162],[223,-180],[364,-108],[317,-54],[363,-96],[177,-312],[-242,-343],[-130,-276],[-317,-66],[9,-366],[121,-216],[205,-210],[513,-108],[214,-294],[-298,-319],[-252,-66],[-494,-30],[-270,-186],[-233,-312],[121,-270],[-140,-264],[-363,24],[-401,-270],[-280,-252],[-317,-114],[-466,0],[-214,-307],[168,-234],[177,-246],[9,-288],[-559,-78],[-410,-186],[-224,-48],[-326,-102],[-215,-72],[-428,-96],[-280,-60],[-242,-162],[-252,-199],[-205,-258],[-84,-144],[-103,-312],[-289,-96],[-419,96],[-485,36],[-335,-114],[-401,-264],[-121,-126],[-345,-126],[-233,-18],[-345,-120],[-401,-114],[-252,-54],[-186,-210],[-140,-175],[-56,-348],[121,-288],[140,-126],[103,-228],[205,-168],[121,-216],[140,-132],[0,-240],[-317,-175],[-308,-72],[-559,-108],[-289,-246],[-261,-48],[-420,-174],[-335,-78],[-242,-228],[-233,-330],[-159,-120],[-429,-96],[-373,-138],[-382,-42],[-484,-145],[-355,-30],[-177,-276],[0,-144],[-65,-264],[-475,-24],[-560,-84],[-233,-186],[-121,-336],[47,-354],[140,-229],[-159,-246],[47,-264],[-401,-132],[-270,210],[-392,-204],[-196,-330],[-326,114],[-317,216],[-531,156],[-429,-192],[-112,-156],[-168,-192],[38,-246],[-429,-132],[-298,-186],[-150,-150],[-223,-241],[-327,-54],[-363,-30],[-569,-102],[-242,-204],[-9,-180],[-373,-198],[-289,156],[-112,156],[-438,198],[-448,186],[-550,42],[-214,-120],[-475,-162],[-448,-240],[-456,-210],[-802,36],[-531,12],[-355,102],[-410,150],[-186,-216],[-382,-90],[-355,-36],[-93,-294],[-168,-216],[47,-198],[261,-331],[-662,-132],[-261,-84],[-224,-150],[-522,-558],[-587,-12],[-251,-312],[-178,-258],[-391,12],[-364,90],[-279,6],[-420,-60],[-438,30],[-326,-162],[-205,-241],[158,-252],[345,-174],[317,-264],[112,-372],[121,-222],[-242,-300],[-615,-156],[-19,-253],[205,-252],[-252,-132],[-167,-162],[37,-300],[-215,-174],[-307,-228],[-420,-48],[-195,-258],[-112,-277],[-252,-204],[-242,-132],[-308,-114],[-56,-228],[-503,-132],[-308,-186],[-484,-90],[-532,-48],[-186,-276],[-392,-96],[-317,-222],[-261,-72],[-400,102],[-439,0],[-270,-175],[-513,43],[-400,24],[-438,18],[-457,168],[-541,12],[-168,-186],[-363,-97],[65,-360],[531,-114],[485,-144],[159,-276],[-261,-210],[261,-222],[-261,-180],[-373,-18],[-392,-186],[215,-355],[-243,-84],[-242,-228],[233,-180],[-261,-270],[-298,-192],[214,-468],[-466,-96],[-494,36],[-364,-96],[-326,-163],[-485,-90],[-289,-180],[-503,-114],[-158,-300],[233,-270],[167,-258],[234,-108],[-112,-348],[-476,-132],[-242,-211],[-317,-48],[-541,150],[-139,-204],[-196,-156],[-205,-282],[-159,-330],[-363,-276],[-373,-84],[-196,-330],[214,-223],[-74,-198],[0,-306],[-112,-252],[-363,-210],[-252,84],[-233,192],[-457,-84],[-550,-36],[-270,-54],[-429,-108],[-308,-12],[-233,-198],[28,-222],[-177,-126],[-466,-132],[-410,-72],[-382,-223],[-513,175],[-550,90],[-317,42],[-270,6],[-298,138],[-513,-162],[-121,-265],[-466,-156],[-327,6],[-540,18],[-354,-84],[-233,-42],[-513,-72],[-93,174],[-373,199],[-168,228],[112,240],[-429,-78],[-261,-258],[-354,60],[-503,-78],[-196,-193],[-233,-132],[-466,30],[-233,265],[-504,96],[-484,-186],[-327,-193],[19,-234],[-47,-282],[-559,-84],[-382,-144],[9,-192],[-382,-132],[-466,-156],[158,-198],[-195,-276],[140,-229],[-224,-210],[-494,24],[-140,210],[-158,132],[-392,175],[-233,-121],[-205,-234],[-336,-138],[-400,-84],[-383,48],[-568,36],[-168,-114],[-317,-198],[-177,-360],[-19,-240],[-158,-294],[9,-192],[317,-211],[224,-156],[326,-150],[131,-270],[-234,-324],[-251,84],[-317,84],[-475,0],[-159,-216],[-65,-240],[-252,-228],[37,-264],[-363,-181],[-187,-138],[-46,-216],[-168,-324],[168,-180],[112,-222],[410,-78],[214,-336],[-345,-150],[-261,132],[-587,0],[-475,48],[-410,66],[-392,-156],[-531,42],[-187,-264],[-391,-271],[-56,-186],[140,-354],[-75,-288],[-298,-288],[-252,-120],[-438,-84],[-336,-36],[-503,114],[-252,6],[-410,-102],[10,-210],[214,-211],[-326,-174],[-410,90],[-205,181],[-401,-187],[-373,-90],[-336,84],[-307,-102],[-345,-216],[149,-258],[-131,-360],[-195,-204],[158,-240],[-121,-372],[-158,-361],[-140,-222],[-466,-180],[195,-300],[-214,-258],[-103,-348],[-223,-138],[-541,-114],[-326,78],[-326,-48],[-727,-301],[-38,-144],[47,-300],[-308,-234],[-140,-150],[-223,-270],[56,-234],[251,-198],[149,-343],[-65,-348],[-140,-300],[-307,12],[-485,60],[-373,-90],[-289,-132],[-438,174],[-317,6],[-382,-168],[-289,-114],[-419,6],[-317,-84],[-233,-228],[-289,-240],[-327,-72],[-326,84],[-494,48],[-429,0],[-158,-108],[-326,-138],[-252,-115],[-466,48],[-541,-66],[-121,-180],[-410,-6],[-578,54],[-494,42],[-345,-12],[-280,-264],[-391,-114],[-503,48],[-420,36],[-224,-228],[-382,12],[-214,-114],[-336,-138],[-326,-84],[-391,-144],[-196,-252],[-597,-42],[28,-270],[93,-193],[252,-414],[-289,-192],[-568,48],[-495,-114],[-699,-24],[-37,246],[-270,168],[-578,18],[-820,-84],[-653,-156],[-214,-6],[-401,30],[-289,-132],[-345,6],[-569,-96],[-391,18],[-270,-24],[-299,-192],[84,-222],[-177,-198],[-410,6],[-364,60],[-335,78],[-270,24],[-383,24],[-251,24],[-457,-216],[-252,-336],[-345,-174],[-205,-151],[-401,-90],[-326,90],[-373,121],[-456,6],[-215,-175],[-363,-12],[-364,78],[-475,30],[-326,-138],[-280,-306],[-261,-90],[-420,72],[-475,192],[-354,18],[-280,-54],[-270,-222],[-373,-402],[-205,-210],[-326,-258],[-299,-126],[-307,0],[-392,24],[-289,-162],[-531,-126],[-364,-121],[-102,-150],[-448,-54],[-214,-348],[19,-168],[-75,-246],[168,-180],[-373,-180],[-261,-180],[-196,-144],[-205,-211],[-74,-270],[-261,-72],[-392,-132],[-214,-126],[-429,-72],[-205,36],[-382,180],[-326,90],[-420,6],[-363,54],[158,397],[-475,210],[-438,-72],[-653,36],[-569,-18],[-279,-271],[-326,-90],[-495,-72],[-522,-78],[-195,-264],[-382,-96],[-345,192],[-494,-60],[-168,-270],[18,-198],[-121,-192],[-317,-288],[-419,-12],[-252,-240],[-149,-343],[-196,-246],[-37,-270],[345,-138],[9,-252],[-56,-168],[-18,-234],[102,-276],[327,-114],[242,-283],[-354,-114],[-504,42],[-578,78],[-447,-42],[-289,-132],[-345,12],[-494,-144],[-457,-138],[-317,-270],[-195,-138],[-38,-234],[-112,-354],[-102,-283],[-103,-324],[-102,-246],[-131,-324],[-74,-186],[-121,-216],[-19,-306],[-84,-168],[-158,-193],[-261,-216],[46,-282],[-149,-156],[-308,-114],[-167,-174],[-392,-90],[-382,-54],[-419,-198],[0,-234],[-140,-313],[18,-234],[224,-204],[345,-12],[168,-264],[270,-180],[121,-204],[47,-324],[-93,-366],[18,-253],[140,-210],[-224,-252],[-540,-90],[-289,-72],[-140,-276],[-317,-222],[-261,-66],[-447,36],[-280,-12],[-392,-168],[-559,-36],[-363,-84],[-513,156],[-308,96],[-335,-18],[-215,252],[-494,186],[-466,210],[-270,30],[-419,150],[-178,180],[-177,126],[-307,132],[-345,60],[-364,-144],[-140,-228],[-270,-198],[-279,-126],[-317,-12],[-578,-42],[-196,-12],[-438,-12],[-336,-18],[-522,-120],[-326,-54],[-774,-42],[-317,-78],[-279,30],[-466,150],[-345,-18],[-522,126],[-243,222],[-363,72],[-345,72],[-373,-30],[-438,-66],[-214,-186],[-466,-120],[-466,-210],[-317,-132],[-280,-120],[-410,-96],[-373,-36],[-373,-162],[-233,-60],[-569,-54],[-410,-96],[-326,-42],[-494,42],[-270,72],[-410,120],[-261,-96],[-345,-120],[-569,-73],[-401,6],[-307,-96],[-410,-78],[-504,-138],[-457,-78],[-372,-18],[-383,-18],[-382,-36],[-522,6],[-438,36],[-354,24],[-242,42],[-364,60],[-336,24],[-736,-6],[-699,36],[-280,24],[-317,42],[-550,156],[-326,97],[-1342,360],[-1072,480],[-1818,1141],[-3328,2365],[-484,318],[-737,324],[-2982,1333],[-2405,1411],[-3095,1861]],[[485365,209534],[28,1069],[-65,354],[-103,288],[-112,288],[-102,528],[149,343],[345,270],[531,186],[625,24],[829,-78],[932,-276],[364,-138],[391,186],[-279,252],[-308,210],[-634,288],[-717,174],[-867,12],[-2974,-150],[-140,-6],[-773,-12],[-1529,-30],[-1128,6],[-1053,0],[-448,6],[-158,6],[-1287,282],[-801,402],[-1277,763],[-522,690],[-299,751],[-74,510],[47,546],[93,138],[326,685],[438,1506],[103,210],[149,535],[18,42],[19,372],[47,180],[177,456],[158,318],[103,361],[391,126],[494,210],[560,486],[195,240],[336,96],[811,24],[438,228],[513,78],[307,114],[-74,265],[-177,126],[-439,156],[-195,-276],[-522,6],[-280,144],[-485,204],[-149,36],[-960,78],[-112,66],[-168,288],[-214,270],[-214,192],[-177,108],[-271,216],[-279,120],[-560,433],[-214,108],[-336,186],[-214,84],[-224,204],[-140,192],[-139,246],[9,300],[233,325],[130,180],[-46,336],[-242,216],[-336,144],[-196,294],[-37,240],[-159,324],[-18,379],[-168,228],[9,258],[-46,204],[-289,264],[0,378],[1678,-138],[1361,66],[1118,222],[839,337],[503,420],[261,336],[420,744],[438,781],[19,24],[512,702],[224,126],[382,-66],[177,-180],[252,-660],[252,-354],[298,-174],[410,-115],[774,-126],[522,36],[401,84],[372,157],[560,294],[298,342],[140,582],[28,354],[-38,337],[-372,474],[-66,312],[271,114],[382,-12],[503,-42],[671,-120],[215,-30],[475,-36],[597,-48],[456,210],[411,264],[410,-24],[401,-132],[167,-84],[429,-24],[261,90],[317,114],[270,192],[112,216],[47,348],[-75,217],[94,276],[-308,156],[-503,108],[-94,198],[-130,198],[-187,168],[-382,210],[-279,300],[-178,199],[-326,192],[-93,210],[158,198],[243,240],[140,138],[400,108],[513,42],[308,-12],[373,66],[447,78],[233,216],[65,198],[-9,229],[28,330],[84,258],[37,252],[-18,240],[-178,204],[-391,30],[-280,72],[-494,114],[-373,72],[-484,192],[-457,115],[-261,144],[-205,288],[-56,138],[28,264],[19,144],[-289,288],[-280,228],[112,264],[279,109],[401,84],[196,288],[-56,204],[-168,300],[-242,72],[-448,96],[-326,42],[-466,36],[-410,6],[-289,-48],[-270,312],[186,222],[205,289],[299,180],[167,78],[289,198],[-18,192],[-47,258],[-103,330],[-158,186],[158,348],[569,-18],[410,-18],[532,30],[149,217],[130,330],[317,240],[-102,198],[-112,324],[-364,198],[-261,108],[-307,126],[-187,198],[28,235],[65,204],[112,360],[103,204],[84,174],[139,300],[-18,270],[214,271],[382,264],[94,216],[-233,744],[-94,252],[-438,607],[-158,66],[-1231,216],[-223,-18],[-504,-228],[-149,-307],[-112,-228],[-195,-294],[-150,-156],[-289,-168],[-475,-198],[-503,12],[-261,-66],[-233,270],[139,186],[131,294],[28,156],[0,277],[-65,216],[-94,204],[-130,186],[-475,216],[-476,0],[-401,-114],[-419,-12],[-569,90],[-382,6],[-205,-126],[-485,12],[-326,-312],[-74,-234],[-271,-162],[-419,270],[-401,120],[-298,-48],[-289,-48],[-280,270],[214,294],[196,330],[168,234],[168,300],[223,349],[317,252],[355,156],[205,96],[261,168],[279,168],[205,72],[383,138],[195,168],[-37,360],[-65,331],[-243,288],[-83,102],[-150,252],[-335,60],[-93,276],[242,252],[252,156],[205,318],[-103,241],[-270,282],[37,192],[93,282],[-261,300],[-391,-84],[-569,96],[-475,222],[-420,66],[-363,294],[-65,157],[-103,252],[-65,912],[-19,1723],[-140,2233],[19,180],[65,252],[66,163],[205,546],[65,840],[-112,595],[-186,264],[-308,870],[-103,360],[-121,805],[-84,750],[159,1627],[466,2335],[382,1933],[1193,3224],[103,150],[307,738],[2564,1303],[978,883],[550,786],[513,2359],[65,475],[280,198],[382,156],[56,234],[-28,1441],[-168,552],[-326,780],[-270,432],[9,517],[802,756],[419,937],[140,1615],[-112,1248],[-112,2894],[-373,2443],[187,1459],[186,3049],[-9,3236],[-9,1483],[242,3320],[-261,4724],[-196,1741],[-550,978],[-662,955],[-615,492],[-456,1045],[-112,1248],[-19,1033],[382,1555],[401,2545]],[[608370,415490],[457,-1801],[-10,-324],[-233,-306],[-1062,-691],[-233,-228],[-2181,-2179],[-168,-108],[-718,-360],[-261,-156],[-503,-348],[-66,-78],[-233,-577],[-214,-522],[-112,-534],[-158,-649],[-159,-288],[-186,-138],[-625,-186],[-279,-114],[46,-660],[-9,-300],[-9,-199],[-38,-762],[-28,-192],[-46,-264],[-75,-456],[-19,-229],[-55,-330],[391,-42],[326,36],[373,0],[1035,36],[1109,-18],[84,-336],[0,-180],[419,-234],[345,-102],[317,-240],[56,-192],[65,-240],[308,-181],[485,60],[158,-42],[131,-324],[1668,162],[774,84],[438,24],[522,-42],[354,-18],[429,-90],[364,-96],[1016,-276],[-672,-1843],[-251,-690],[-671,-1867],[-38,-186],[38,-198],[335,-222],[1958,-607],[400,-222],[140,-210],[0,-198],[-93,-348],[-65,-246],[-345,-499],[-177,-300],[-364,-288],[-764,-156],[-2424,-258],[-531,-138],[-596,-252],[-1091,-493],[-19,-12],[-475,-246],[-522,-312],[-1184,-768],[-317,-235],[-186,-276],[-149,-336],[-47,-432],[37,-336],[159,-583],[130,-216],[84,-150],[354,-282],[47,-36],[559,-414],[392,-306],[279,-270],[112,-319],[-18,-378],[-112,-360],[-103,-348],[-205,-685],[-28,-204],[131,-528],[46,-66],[271,-438],[652,-594],[485,-421],[429,-606],[139,-396],[140,-324],[75,-715],[-103,-714],[-205,-408],[-391,-403],[-578,-588],[-569,-420],[-615,-444],[-1780,-937],[-1138,-804],[-242,-270],[-420,-457],[-74,-84],[-242,-348],[-886,-1195],[-4055,-2743],[429,-204],[1296,-744],[428,-223],[495,-234],[428,-204],[494,-288],[355,-186],[335,-180],[354,-186],[597,-300],[466,-210],[28,-247],[354,-186],[858,-24],[428,-24],[550,-48],[178,-246],[111,-360],[84,-36],[532,42],[932,108],[345,12],[494,6],[1752,-6],[2107,72],[1547,24],[690,24],[829,-6],[448,-48],[503,-78],[327,-36],[288,-60],[513,-114],[559,-42],[448,-24],[419,12],[1762,216],[448,102],[512,66],[550,48],[476,36],[587,12],[606,-12],[839,0],[2088,0],[1062,-30],[1594,-42],[1184,-24],[932,-12],[755,-18],[522,-18],[84,-486],[19,-3470],[102,-2822],[177,-2107],[-112,-924],[-83,-300],[-336,-931],[-214,-726],[-84,-282],[-75,-174],[-345,-313],[-251,-270],[372,-174],[588,-60],[112,-330],[-38,-150],[-410,-1525],[-46,-516],[-1352,-42],[-550,-30],[-438,-90],[-1025,-481],[-495,-318],[-195,-120],[-588,-576],[-177,-228],[-904,-1171],[-839,-876],[-149,-246],[-84,-397],[-186,-1230],[1025,-42],[84,-18],[19,-775],[74,-1422],[438,-367],[177,-1032],[252,-1087],[-3076,-3121],[-1566,-1489],[-1911,-1189],[-3933,-1933],[-373,-270],[-243,-564],[-121,-294],[37,-583],[383,-1669],[1118,-4832],[140,-1387],[-19,-882],[56,-823],[94,-894],[205,-643],[251,-900],[131,-876],[102,-619],[131,-798],[-19,-540],[-28,-1291],[38,-282],[-19,-384],[56,-271],[93,-408],[280,-1074],[848,84],[196,12],[419,36],[494,66],[438,66],[476,84],[391,18],[345,30],[494,66],[420,36],[344,36],[261,66],[336,102],[494,-6],[438,0],[513,84],[466,-186],[317,-204],[326,-6],[364,174],[382,12],[335,54],[410,60],[355,-30],[261,-24],[428,12],[467,0],[512,54],[457,54],[242,108],[410,48],[429,84],[401,-234],[1995,-402],[289,-60],[307,-186],[420,36],[270,156],[494,12],[243,-234],[391,-204],[522,-115],[9,-24],[681,-258],[1035,-504],[2423,-1057],[3496,-1188],[2712,-1039],[2769,-1020],[1883,-679],[568,-354],[373,-294],[652,-528],[942,-721],[1864,-1122],[1119,-673],[801,-612],[578,-480],[737,-612],[1081,-871],[839,-396],[1100,-252],[1529,-564],[3635,-1435],[1137,-138],[1156,-30],[447,-6],[1249,-162],[867,-211],[1249,-198],[1734,-312],[10,0],[699,-24],[1044,18],[531,90],[708,186],[504,180],[550,307],[736,498],[764,696],[476,426],[317,415],[196,342],[111,228],[-46,330],[-326,1273],[-299,2035],[-168,972],[-139,1099],[-131,606],[-56,505],[-168,468],[-214,840],[-103,583],[-55,582],[-28,174],[-205,1639],[177,1903],[18,258],[84,276],[-9,126],[-103,366],[-419,1003],[-19,234],[131,1675],[-10,570],[-28,162],[-102,216],[-252,529],[-112,228],[-233,378],[-382,558],[-224,462],[-326,613],[-242,570],[485,180],[354,-72],[503,102],[56,234],[-19,222],[373,271],[420,174],[345,42],[503,96],[569,-24],[447,54],[75,348],[-355,114],[187,294],[335,-18],[392,-24],[326,90],[270,222],[345,186],[420,193],[307,36],[448,36],[438,180],[140,198],[-28,216],[74,258],[224,108],[429,30],[270,-30],[438,-84],[289,132],[168,132],[289,120],[419,84],[448,84],[233,60],[354,144],[382,265],[289,138],[354,102],[289,84],[252,252],[242,306],[261,168],[261,210],[178,354],[466,-96],[475,90],[84,211],[56,168],[9,324],[485,162],[382,-12],[373,192],[382,138],[392,198],[177,198],[56,300],[-122,222],[457,193],[280,-90],[307,-193],[261,-66],[345,126],[327,301],[363,228],[410,204],[-223,174],[27,258],[355,216],[568,-48],[504,192],[-215,234],[-335,48],[-336,-54],[-326,-66],[-420,168],[140,235],[597,0],[354,-24],[513,108],[335,144],[485,150],[1035,-763],[708,-462],[1100,-768],[718,-463],[410,-168],[345,48],[326,199],[858,546],[251,144],[401,210],[1203,564],[354,240],[1482,799],[335,186],[522,-60],[196,342],[140,234],[112,150],[102,300],[289,241],[187,132],[186,264],[131,180],[195,210],[150,216],[84,204],[46,186],[75,216],[335,163],[243,168],[214,240],[252,270],[167,156],[243,156],[326,-30],[364,-144],[307,-60],[504,168],[251,150],[56,330],[-326,114],[-373,90],[-345,90],[-261,24],[-345,48],[-401,259],[-326,228],[-121,234],[-242,174],[-317,102],[84,324],[335,168],[233,114],[280,186],[149,319],[224,204],[158,264],[-410,270],[47,270],[177,114],[242,180],[494,180],[252,138],[233,204],[65,151],[177,204],[-18,300],[428,210],[252,198],[131,156],[261,150],[400,234],[289,120],[196,-186],[205,-186],[261,-216],[326,-228],[252,-132],[438,-216],[737,-390],[261,-78],[279,-78],[271,-61],[289,-72],[475,-156],[699,-162],[429,-84],[317,-54],[438,-30],[307,-6],[485,-48],[336,-42],[363,-12],[280,-12],[1799,-354],[1668,-468],[2890,-931],[2563,-918],[243,-96],[941,-319],[653,-276],[438,-216],[168,-84],[2106,-1357],[373,-186],[737,-294],[708,-276],[2144,-252],[1268,-114],[3104,-264],[2507,-150],[1762,-84],[988,-42],[1445,-114],[1883,-199],[2694,-258],[801,-54],[3906,-312],[1249,-36],[214,-6],[2881,-78],[2190,66]],[[725270,270460],[-233,-318],[400,-204],[-121,-210],[298,-331],[-102,-348],[-214,-282],[-336,-246],[-308,-270],[-37,-198],[131,-306],[102,-217],[196,-264],[307,-210],[280,-78],[429,42],[289,-42],[289,228],[56,264],[0,175],[186,228],[326,54],[364,-42],[214,-132],[243,-132],[401,-199],[270,-204],[280,-144],[288,-168],[94,-216],[-140,-300],[-792,-24],[18,-288],[718,60],[298,-24],[187,-228],[-47,-150],[-289,-181],[93,-258],[429,-126],[531,-18],[94,-264],[-150,-156],[-167,-174],[-94,-372],[66,-264],[112,-307],[223,-174],[504,84],[428,168],[224,-150],[-37,-300],[-354,-114],[-317,-222],[223,-186],[364,-156],[205,-120],[261,-192],[419,-228],[504,18],[214,-175],[233,-186],[317,-210],[187,-186],[512,-72],[215,-90],[326,-126],[373,12],[214,78],[420,-234],[-56,-192],[84,-306],[74,-162],[-149,-259],[-932,-192],[37,-306],[56,-294],[-457,-228],[-195,-282],[-47,-312],[9,-180],[56,-265],[205,-336],[-298,-330],[-317,-102],[-28,-336],[28,-210],[131,-276],[400,-48],[-111,-985],[9,-234],[93,-1051],[19,-246],[18,-192],[429,-186],[466,-6],[280,-114],[205,-282],[0,-162],[-37,-475],[-364,-90],[-391,-132],[-94,-348],[94,-216],[261,-192],[261,-294],[214,-276],[28,-289],[373,-252],[335,-288],[-885,-504],[-261,-300],[-75,-270],[-186,-252],[-205,-61],[-569,-132],[-261,126],[-512,151],[-513,18],[-261,174],[-177,198],[-457,90],[-168,120],[-531,-18],[84,-348],[-196,-264],[-457,18],[-279,456],[-308,72],[-317,-42],[-345,-72],[-540,-84],[-345,6],[-746,-12],[-149,-222],[-317,-235],[-121,-228],[-215,-222],[-438,-90],[-251,-18],[-299,-228],[-326,-54],[-354,-84],[-84,-246],[196,-222],[186,-312],[140,-241],[0,-360],[-121,-192],[-131,-252],[-65,-228],[373,-162],[578,222],[140,-324],[-177,-192],[186,-216],[214,-325],[299,-228],[-84,-258],[-196,-168],[-103,-174],[84,-312],[205,-138],[94,-216],[205,-277],[93,-312],[56,-348],[149,-240],[-37,-372],[438,-240],[-177,-258],[74,-121],[420,-204],[270,-156],[75,-324],[-280,-156],[-354,18],[-429,114],[-485,-198],[345,-228],[215,-300],[-84,-276],[65,-253],[-233,-234],[326,-318],[420,-78],[400,-78],[681,-90],[224,-240],[484,-126],[271,-192],[-47,-186],[-224,-240],[-242,-295],[-224,-252],[65,-174],[373,-270],[877,-102],[410,-126],[46,-216],[215,-330],[335,-72],[224,-271],[317,-210],[419,-102],[252,-66],[326,-138],[140,-126],[1156,-1555],[-28,-198],[-205,-456],[19,-354],[-75,-439],[-494,79],[-373,66],[-354,-235],[-242,-42],[-420,-156],[298,-312],[-214,-252],[-242,-72],[-280,-324],[-9,-240],[-252,-228],[-326,-12],[-420,-175],[-56,-234],[364,-252],[354,-78],[420,-114],[-19,-282],[-242,-204],[-187,-270],[-335,-12],[-243,-300],[354,-157],[280,-162],[93,-162],[-28,-252],[-335,-198],[-243,-144],[-195,-318],[28,-174],[-261,-204],[-448,-42],[-363,168],[-466,222],[-252,24],[-326,-132],[-327,-126],[-372,-210],[-103,-367],[-112,-228],[-158,-252],[233,-168],[326,-246],[56,-168],[298,-162],[103,-312],[177,-241],[-47,-336],[-28,-210],[149,-318],[112,-210],[215,-300],[578,-18],[149,-234],[354,-42],[447,-60],[289,-187],[550,-72],[177,132],[224,181],[224,216],[494,30],[419,-216],[-149,-247],[93,-336],[224,-186],[531,-66],[373,126],[243,210],[494,-48],[251,-210],[112,-180],[-56,-228],[56,-156],[476,-210],[438,36],[419,18],[177,-204],[354,-66],[261,-204],[308,-84],[233,-115],[-74,-252],[633,-180],[243,-204],[186,-324],[-233,-222],[-335,-30],[-178,-216],[-400,-306],[46,-217],[364,-258],[-93,-144],[-411,-174],[-298,-156],[-46,-216],[121,-246],[-373,-282],[307,-246],[345,66],[466,-60],[401,-271],[587,-24],[168,-198],[0,-168],[308,-192],[261,-222],[-75,-228],[121,-276],[336,-276],[373,6],[224,30],[559,-84],[298,-265],[979,-156],[550,-66],[280,-48],[540,-462],[-289,-282],[-168,-222],[196,-258],[392,-204],[326,-61],[569,31],[503,66],[531,-139],[317,-276],[541,-240],[-56,-282],[-149,-234],[-355,-222],[-372,-78],[-103,-282],[93,-289],[280,-24],[373,199],[466,6],[466,-120],[280,-127],[-103,-240],[280,-186],[-94,-234],[-270,-246],[93,-300],[-28,-126],[-400,-402],[-280,-181],[-149,-294],[-289,-228],[270,-270],[-9,-306],[37,-294],[289,-162],[261,-295],[-140,-366],[-270,-60],[-345,-102],[-75,-264],[10,-366],[149,-330],[149,-324],[-289,-163],[-56,-222],[-307,-180],[-10,-282],[-354,-228],[103,-210],[298,-156],[-103,-288],[0,-168],[252,6],[382,-175],[261,-108],[112,-252],[382,-36],[299,-174],[428,-198],[-242,-198],[130,-306],[150,-180],[-224,-210],[-373,-139],[131,-240],[-19,-252],[317,-84],[317,-324],[429,6],[466,-90],[531,102],[615,-24],[149,-174],[0,-300],[354,-162],[308,-72],[214,-295],[-83,-222],[102,-240],[37,-234],[19,-162],[168,-294],[-47,-282],[-149,-198],[-168,-174],[-233,-181],[-261,-276],[-93,-234],[121,-288],[-102,-174],[65,-270],[-308,-258],[-289,-234],[-121,-193],[187,-288],[317,-138],[251,-336],[-298,-276],[205,-174],[47,-384],[37,-48],[438,-217],[541,-336],[391,-96],[298,-264],[215,-84],[298,-150],[522,-162],[298,-168],[215,-324],[354,-96],[364,-121],[456,-126],[159,-174],[233,-234],[363,-102],[355,-210],[139,-234],[252,-330],[-65,-264],[177,-192],[158,-217],[-65,-162],[140,-264],[270,-168],[252,-108],[196,-228],[-103,-162],[-112,-192],[-251,-198],[102,-180],[382,-217],[224,-336],[-233,-180],[84,-324],[-457,-120],[-317,-72],[-326,-72],[-373,-48],[-242,-30],[-345,-138],[-280,0],[-326,-192],[19,-343],[270,-228],[186,-180],[308,-240],[214,-252],[271,-78],[317,-204],[-66,-282],[-65,-264],[-149,-199],[-47,-204],[355,-234],[167,-270],[122,-162],[-28,-222],[-19,-210],[93,-276],[-19,-259],[-130,-168],[-410,-222],[-112,-192],[-112,-300],[37,-264],[215,-228],[-233,-174],[-448,-12],[-317,-198],[-363,-277],[28,-192],[112,-264],[-317,-306],[-382,-48],[-373,-288],[-196,-156],[-326,-288],[-187,-199],[-195,-330],[-224,-66],[-317,-306],[47,-216],[27,-348],[-242,-318],[-19,-198],[-205,-169],[-83,-174],[-187,-270],[-401,-330],[-149,-162],[-93,-246],[-401,-102],[-261,-84],[-289,-204],[-65,-192],[-177,-301],[-187,-336],[103,-246],[214,-204],[-102,-210],[-159,-288],[-28,-222],[-270,-289],[-196,-72],[-289,-186],[-223,-318],[-308,-210],[168,-168],[112,-270],[-177,-336],[-112,-331],[-317,-222],[-38,-264],[-251,-318],[-243,-240],[-9,-180],[0,-228],[-93,-192],[-196,-241],[-205,-180],[-569,-240],[-456,60],[-578,-12],[-326,-96],[-373,-156],[-466,114],[-140,-354],[-56,-276],[-280,-90],[-373,-150],[-307,-120],[-299,-12],[-316,198],[-299,18],[-447,-72],[-569,84],[-363,78],[-373,-30],[-308,-318],[-429,-84],[-512,-187],[-345,-48],[-242,-90],[-439,-156],[-428,-72],[-485,198],[-242,-222],[-401,-90],[-327,-42],[-540,-96],[-336,78],[-578,36],[-233,-114],[149,-318],[-139,-300],[-159,-222],[-37,-228],[-280,-114],[-270,-151],[9,-234],[-140,-210],[-372,-234],[-122,-240],[-37,-144],[159,-348],[158,-228],[214,-120],[103,-319],[438,-228],[242,-126],[84,-264],[327,-168],[428,-126],[317,-198],[448,-132],[261,-84],[140,-222],[177,-114],[121,-253],[298,-30],[298,60],[280,-192],[252,-312],[410,-108],[550,-36],[559,-12],[289,54],[485,0],[345,-144],[484,-96],[401,-102],[569,-6],[512,-114],[383,-108],[279,-12],[364,-6],[335,-72],[243,-234],[223,-156],[373,-85],[224,-168],[336,-108],[223,-180],[205,-348],[47,-204],[-121,-288],[-168,-138],[-112,-234],[-140,-259],[-130,-228],[-93,-312],[-140,-228],[-56,-150],[-65,-228],[-131,-318],[-317,-228],[-289,-217],[-112,-348],[-279,-162],[-196,-186],[-9,-228],[-215,-216],[-298,-18],[-177,-264],[-345,-276],[-280,-313],[-373,-324],[-111,-204],[-271,-330],[-428,-210],[-401,-78],[-476,-156],[-363,-114],[-625,-180],[0,-193],[-251,-198],[-476,-174],[-363,-24],[-299,156],[-456,210],[-485,-60],[-392,-156],[-158,-90],[-364,-168],[-317,-336],[-233,-150],[-251,-276],[-205,-174],[-149,-156],[-187,-210],[-429,-205],[-102,-228],[233,-300],[-93,-402],[-187,-180],[-37,-180],[9,-258],[93,-180],[-93,-223],[-56,-222],[-18,-348],[130,-306],[0,-234],[513,-186],[28,-300],[37,-379],[-74,-246],[46,-180],[-46,-282],[540,-132],[298,-144],[0,-300],[-102,-246],[-317,-211],[-168,-162],[0,-330],[215,-186],[149,-288],[-159,-336],[-112,-240],[-214,-216],[65,-205],[10,-192],[-75,-336],[-28,-228],[-186,-240],[-233,-288],[-205,-162],[-243,-186],[-270,-151],[-84,-168],[-233,-192],[-289,-144],[0,-276],[-47,-360],[-242,-288],[-242,-300],[-233,-157],[-56,-198],[205,-300],[177,-228],[186,-192],[243,-186],[382,-186],[242,-138],[233,-264],[140,-229],[205,-324],[242,-264],[38,-252],[130,-348],[196,-150],[-19,-216],[243,-216],[242,-103],[373,-102],[363,-294],[-46,-198],[-56,-216],[-308,-168],[-475,-120],[-280,-246],[-130,-210],[-252,-318],[-168,-307],[112,-210],[-130,-210],[-401,-204],[-28,-210],[112,-246],[298,-246],[205,-102],[308,-114],[149,-247],[-37,-348],[-280,-330],[158,-204],[94,-306],[-19,-228],[130,-150],[233,-247],[56,-264],[261,-618],[-37,-162],[-121,-300],[298,-679],[140,-216],[354,-162],[336,-24],[382,-84],[298,-138],[177,-120],[224,-192],[131,-144],[382,-450],[326,-313],[0,-186],[-224,-198],[-186,-156],[-93,-204],[18,-192],[149,-204],[289,-276],[178,-126],[121,-204],[74,-247],[84,-252],[-37,-156],[-187,-222],[-55,-324],[18,-294],[19,-252],[-28,-529],[-28,-654],[-65,-510],[28,-697],[56,-276],[-1324,-570],[-2880,-793],[-849,-306],[-895,-234],[-950,-114],[-476,66],[-438,546],[-634,889],[-494,528],[-419,180],[-587,246],[-383,126],[-643,157],[-512,84],[-672,48],[-811,6],[-820,36],[-783,6],[-531,0],[-448,-18],[-456,-66],[-774,-343],[-531,-246],[-280,-132],[-569,-132],[-400,-42],[-336,-36],[-1109,-6],[-811,66],[-1361,270],[-914,180],[-326,96],[-429,211],[-158,204],[-159,234],[-130,204],[-541,252],[-1034,336],[-802,252],[-634,96],[-46,6],[-150,18],[-848,78],[-736,169],[-830,276],[-1007,318],[-2833,660],[-1296,312],[-1165,132],[-2013,211],[-811,72],[-7709,-301],[-2797,12],[-4660,-510],[-4409,-954],[-905,-493],[-643,-576],[-978,-1171],[-1315,-1740],[-1426,-1741],[-1510,-1777],[-1361,-1315],[-345,-864],[-186,-703],[-75,-372],[-401,-96],[-307,96],[-177,420],[-280,1075],[-979,636],[-1351,528],[-867,721],[-1352,1885],[-1389,1627],[-1351,552],[-1883,240],[-1753,-348],[-1706,-654],[-671,-283],[-1519,-534],[-1678,-582],[-1193,-456],[-1706,-259],[-401,-264],[-335,-282],[-187,-318],[56,-198],[-56,-222],[-158,-264],[-261,-289],[-914,-1272],[-46,-198],[-280,-649],[-121,-606],[149,-402],[513,-721],[596,-564],[494,-798],[196,-306],[56,-247],[-75,-270],[-27,-204],[-159,-282],[-867,-528],[-513,-234],[-773,-301],[-904,-312],[-1016,-402],[-1408,-690],[-373,-360],[-391,-229],[-1501,-534],[-559,-66],[-970,-48],[-923,-6],[-1379,-174],[-681,-126],[-1137,-336],[-186,-54],[-960,-96],[-727,0],[-1389,24],[-1883,84],[-1175,-6],[-2013,-114],[-1864,-72],[-2070,-18],[-1361,12],[-1146,-42],[-998,-60],[-1500,-127],[-988,-96],[-681,-84],[-1240,-228],[-1090,-252],[-839,-252],[-1454,-390],[-699,-198],[-783,-174],[-597,-66],[-1948,-84],[-2508,0],[-969,-12],[-792,-36],[-448,-103],[-587,-240],[-438,-228],[-597,-378],[-363,-288],[-392,-318],[-242,-373],[-56,-270],[-37,-174],[-84,-378],[-75,-324],[-140,-222],[-428,-504],[-765,-649],[-559,-462],[-988,-624],[-186,-126],[-224,-223],[-354,-234],[-494,-204],[-355,-102],[-764,-12],[-1174,102],[-1044,84],[-858,102],[-513,12],[-867,-12],[-894,0],[-588,-30],[-969,-96],[-1613,-180],[-1323,-138],[-84,-12],[-1762,-180],[-373,-24],[-578,-42],[-876,-24],[-764,-6],[-578,-24],[-392,-78],[-382,-234],[-196,-234],[-195,-319],[-122,-438],[-18,-222],[-38,-474],[19,-240],[112,-505],[354,-852],[476,-1099],[270,-684],[19,-258],[-38,-282],[-56,-174],[-195,-318],[-94,-163],[-727,-498],[-1445,-876],[-1305,-853],[-932,-690],[-298,-270],[-252,-234],[-885,-1465],[-532,-751],[-494,-534],[-419,-342],[-475,-342],[-364,-264],[-252,-144],[-615,-210],[-457,-139],[-661,-138],[-429,-102],[-261,-174],[-187,-288],[-65,-306],[-326,-552],[-289,-367],[-168,-108],[-475,-234],[-494,-222],[-308,-162],[-550,-294],[-438,-306],[-736,-649],[-644,-546],[-568,-438],[-345,-300],[-662,-763],[-56,-138],[-168,-444]],[[419332,921196],[298,-156],[233,-109],[289,-168],[233,-108],[308,-114],[308,-54],[335,-168],[112,-228],[149,-342],[336,-390],[634,-847],[736,-2461],[205,-1327],[569,-1855],[233,-558],[587,-618],[671,-607],[774,-708],[1603,-1027],[8054,-2311],[2563,-1441],[1743,-1212],[2759,-1357],[4391,-1759],[1538,-1212],[3719,-1537],[513,-168],[158,-138],[1156,-481],[1035,-324],[5443,-2269],[8138,-1411],[12808,-2977],[6114,-1261],[821,-246],[1463,-492],[932,-541],[597,-732],[1202,-1093],[1035,-1248],[960,-1135],[4819,-24],[4223,150],[1417,162],[419,24],[2219,336],[634,169],[2386,492],[2992,612],[1463,240],[2993,523],[2106,546],[3067,816],[3216,847],[1622,768],[1044,492],[941,565],[783,492],[541,288],[988,324],[652,138],[560,126],[1594,246],[5024,409],[84,36]],[[540874,892783],[242,-192],[233,-150],[10,-301],[-373,-240],[-149,-324],[484,-162],[420,24],[484,180],[261,240],[-28,246],[206,307],[149,108],[447,-18],[121,-199],[261,-216],[-65,-324],[-84,-252],[28,-312],[0,-222],[-37,-372],[130,-241],[355,-240],[316,-156],[439,-102],[270,-24],[196,-264],[-38,-138],[280,-270],[298,-48],[410,-186],[243,-168],[223,-211],[196,-192],[233,-126],[457,-192],[513,102],[382,6],[186,-126],[289,-174],[261,-186],[345,-276],[-93,-354],[47,-234],[37,-373],[-317,-114],[-215,-72],[-326,-126],[-102,-228],[65,-282],[298,-192],[289,12],[420,-12],[214,-60],[420,-78],[531,156],[419,-30],[308,-312],[9,-324],[10,-187],[158,-198],[242,-114],[513,6],[466,36],[140,216],[140,180],[410,253],[363,6],[448,-144],[140,-205],[-233,-204],[-410,-210],[-261,-180],[-159,-174],[-93,-324],[-75,-204],[-195,-252],[-103,-271],[196,-156],[326,-168],[261,-126],[531,-78],[252,-24],[364,-72],[400,-114],[448,-156],[382,-156],[382,12],[168,132],[354,60],[270,-12],[373,30],[345,150],[233,180],[233,90],[457,144],[382,96],[457,126],[410,60],[354,-42],[187,-204],[140,-270],[-131,-168],[-373,-72],[-158,-318],[233,-192],[158,-174],[513,-114],[298,42],[308,126],[466,48],[485,-150],[363,-66],[270,222],[75,174],[419,84],[252,12],[345,-18],[270,-72],[317,-114],[513,102],[280,294],[522,-54],[354,-192],[-38,-180],[187,-354],[391,36],[150,-180],[550,-30],[484,30],[392,-97],[456,175],[336,102],[392,24],[335,18],[289,0],[336,-18],[410,-168],[93,-157],[28,-258],[19,-192],[9,-276],[-429,-30],[-503,-150],[-65,-276],[46,-192],[65,-192],[103,-222],[140,-283],[242,-318],[438,-180],[429,-30],[466,-24],[317,-72],[457,-96],[317,-48],[475,-42],[569,6],[195,264],[-158,300],[196,204],[-159,337],[56,306],[121,246],[578,12],[-9,-216],[196,-294],[205,-157],[214,-150],[75,-318],[93,-210],[224,-210],[335,-210],[187,-60],[475,78],[252,138],[466,0],[28,-198],[-149,-186],[-75,-306],[252,-192],[456,-139],[392,-174],[233,-108],[140,-204],[-103,-294],[-494,-192],[-382,-36],[-410,-132],[-289,-66],[-475,48],[-252,-60],[-261,-198],[-19,-264],[38,-181],[83,-258],[224,-324],[112,-228],[19,-198],[-122,-240],[-158,-222],[-298,-288],[-196,-133],[-270,-210],[-75,-168],[-74,-228],[-150,-282],[-242,-144],[-364,-48],[-484,114],[-299,-66],[-410,-246],[-242,-144],[-336,-168],[-28,-240],[-65,-355],[131,-150],[186,-192],[-224,-318],[-205,-162],[-354,-240],[-205,-258],[-37,-240],[-187,-355],[-242,-246],[-149,-252],[158,-168],[392,-174],[261,-108],[298,-138],[420,156],[-28,282],[317,162],[531,132],[335,36],[420,0],[335,-108],[224,-102],[56,-312],[-112,-294],[-65,-144],[-345,-150],[-335,102],[-504,-6],[-363,-54],[-261,-54],[-373,-102],[-466,-109],[-280,-90],[-298,-144],[-159,-108],[-289,-162],[-475,-174],[-457,-198],[-112,-258],[215,-168],[242,-90],[289,-156],[224,-132],[196,-162],[167,-337],[140,-360],[205,-126],[448,-108],[130,-192],[131,-192],[-271,-228],[-345,-120],[-279,-90],[149,-355],[363,-126],[317,-12],[373,-42],[429,-144],[252,-186],[-187,-276],[-205,-66],[-307,-156],[-243,-264],[-214,-222],[-224,-247],[-261,-282],[-289,-222],[-345,-6],[-410,-198],[159,-300],[177,-78],[391,-174],[354,0],[289,12],[420,18],[280,-6],[419,-78],[354,-60],[504,-78],[344,-48],[420,-120],[252,-234],[121,-163],[121,-210],[37,-300],[0,-240],[243,-300],[289,-78],[540,12],[65,234],[94,144],[233,216],[363,126],[298,-6],[420,-96],[261,-102],[391,-204],[233,-150],[261,-246],[-326,-174],[-242,-138],[-270,-138],[-206,-193],[-130,-150],[-252,-174],[-475,-210],[-336,-234],[10,-294],[438,-246],[317,-60],[494,144],[373,156],[428,168],[532,162],[531,126],[354,48],[513,78],[475,60],[308,42],[438,-12],[354,-102],[448,6],[466,-42],[494,-108],[354,-84],[438,-108],[149,-324],[-37,-276],[121,-216],[65,-235],[-37,-192],[-252,-210],[-167,-288],[214,-336],[224,-234],[121,-138],[233,-210],[475,-108],[457,72],[280,90],[363,138],[252,78],[541,96],[344,30],[317,-12],[448,-72],[298,-84],[401,-132],[289,-102],[503,-174],[382,-283],[233,-210],[261,-138],[485,-234],[233,-120],[336,-162],[391,-162],[373,-162],[457,-210],[447,-252],[336,-223],[429,-282],[764,-486],[391,-270],[476,-318],[289,-186],[335,-181],[243,-114],[410,-126],[382,-90],[261,-84],[308,-96],[438,-150],[606,-222],[298,-138],[112,-354],[-28,-324],[-75,-235],[-28,-204],[131,-222],[410,-204],[401,-72],[289,-48],[289,-48],[438,-12],[429,6],[289,12],[503,84],[298,72],[271,108],[279,210],[47,246],[-149,187],[-243,336],[-168,168],[-242,252],[-438,240],[-270,204],[-47,216],[205,330],[243,169],[279,54],[364,-12],[419,-139],[205,-138],[112,-186],[112,-234],[93,-222],[177,-306],[215,-318],[130,-186],[187,-258],[317,-451],[382,-462],[270,-282],[214,-186],[271,-192],[251,-198],[289,-174],[569,-271],[466,-192],[597,-240],[522,-282],[261,-228],[205,-294],[102,-198],[84,-361],[-9,-204],[9,-264],[9,-246],[38,-168],[223,-270],[392,-252],[457,-30],[503,-18],[289,-216],[214,-169],[373,-222],[159,-186],[46,-372],[-46,-198],[0,-228],[46,-246],[0,-270],[-158,-277],[-159,-126],[-270,-192],[-177,-96],[-364,-108],[-251,-42],[-401,-84],[-326,-84],[-327,-114],[-363,-276],[-75,-252],[-65,-180],[-28,-313],[373,-240],[382,-84],[280,-96],[382,-204],[121,-228],[-280,-264],[-559,-78],[-289,-6],[-391,90],[-261,156],[-224,150],[-233,180],[-336,210],[-205,102],[-372,114],[-578,132],[-429,84],[-597,139],[-363,78],[-364,-30],[-177,-313],[-28,-222],[9,-186],[56,-276],[215,-396],[84,-174],[28,-240],[46,-301],[177,-240],[215,-156],[307,-138],[317,-162],[233,-144],[56,-246],[-130,-186],[-224,-186],[-270,-174],[-466,-133],[-355,-36],[-531,-66],[-308,-90],[-326,-216],[-18,-204],[344,-300],[429,12],[438,60],[550,-42],[382,-138],[159,-228],[-65,-198],[-103,-252],[-46,-156],[-56,-259],[-261,-330],[-429,-102],[-317,-18],[-298,126],[-103,276],[-102,162],[-317,115],[-364,18],[-270,-49],[-373,-144],[-196,-90],[-438,-204],[-298,-186],[-159,-204],[-46,-324],[-19,-78],[37,-396],[38,-283],[-19,-108],[-37,-294],[-121,-222],[-429,-216],[-364,210],[-65,198],[-19,186],[-186,361],[-373,156],[-261,36],[-354,-198],[-103,-295],[-186,-306],[-261,-300],[-187,-156],[-428,-198],[-364,-6],[-457,66],[-307,-12],[-345,-222],[-112,-300],[37,-222],[56,-265],[10,-354],[-38,-222],[-242,-180],[-196,-108],[-401,-162],[-391,-228],[-289,-210],[-75,-132],[-74,-265],[-10,-222],[75,-546],[-28,-348],[-28,-366],[19,-349],[-19,-282],[-121,-240],[-270,-210],[-336,-300],[-131,-204],[-46,-234],[177,-294],[224,-223],[214,-234],[289,-306],[317,-312],[140,-114],[289,-234],[130,-246],[-28,-258],[-270,-133],[-457,96],[-466,49],[-270,-169],[130,-216],[149,-180],[84,-210],[112,-270],[364,-6],[447,-114],[420,-78],[307,126],[457,30],[280,-78],[261,-186],[363,-132],[224,96],[270,132],[75,300],[-112,264],[121,192],[233,210],[438,234],[382,43],[392,-121],[130,-324],[112,-288],[168,-318],[-84,-324],[-270,-168],[-252,-210],[-251,-156],[-280,-307],[9,-174],[149,-258],[187,-228],[307,-276],[271,-198],[354,-210],[373,-24],[550,138],[205,324],[-187,138],[66,378],[484,108],[364,-6],[550,90],[345,-66],[456,-180],[-130,-258],[-28,-186],[317,-150],[363,-102],[485,-24],[569,60],[503,-126],[280,-180],[354,-271],[270,-198],[19,-348],[186,-156],[448,12],[186,72],[299,162],[484,72],[317,-66],[233,-102],[168,-246],[-28,-174],[-112,-210],[159,-270],[149,-144],[410,-90],[513,-24],[550,-114],[531,-157],[447,-216],[336,-228],[233,-126],[438,-96],[354,30],[382,60],[280,48],[298,84],[327,84],[251,24],[401,-102],[252,-174],[363,-288],[317,-90],[578,30],[410,-24],[504,-138],[494,-60],[578,-60],[466,-114],[326,-66],[513,-42],[261,-66],[354,-156],[307,-73],[476,73],[484,120],[261,-156],[168,-271],[457,-102],[354,30],[345,24],[429,-102],[410,-216],[410,24],[326,36],[345,42],[243,30],[428,24],[457,-150],[243,-294],[111,-318],[588,-24],[391,108],[448,-12],[307,36],[457,-12],[242,-186],[261,-60],[355,48],[363,42],[242,-18],[140,-336],[-242,-150],[-289,-108],[-326,-61],[65,-372],[587,36],[252,264],[475,-210],[-130,-330],[-140,-246],[317,-312],[130,-54],[821,-655],[307,-294],[65,-252],[-37,-318],[-289,-306],[-373,12],[-279,0],[-345,-90],[-187,-108],[103,-354],[382,-48],[429,-133],[326,-222],[56,-216],[-130,-276],[-205,-132],[-103,-210],[28,-186],[214,-1471],[299,-252],[326,-12],[382,42],[270,-264],[-177,-468],[131,-241],[512,-48],[289,-96],[261,-324],[122,-348],[37,-276],[-9,-480],[-19,-379],[-159,-198],[-326,-36],[-559,-84],[-392,-60],[-391,-120],[-503,-144],[-373,18],[-466,174],[-401,96],[-513,-150],[-186,-360],[-392,-168],[-298,228],[-475,-12],[-252,-222],[-177,-282],[326,-270],[-112,-259],[-261,-120],[-466,78],[-363,54],[-317,-60],[-224,-264],[102,-114],[206,-318],[-56,-270],[-140,-120],[-354,-162],[-196,-222],[289,-331],[-271,-204],[-149,-210],[-28,-198],[-186,-192],[-214,-222],[65,-192],[289,-294],[-327,-288],[-298,-211],[0,-264],[159,-132],[382,-222],[391,-114],[485,18],[261,-174],[-84,-240],[401,-258],[252,-252],[-19,-235],[0,-186],[494,-156],[466,-90],[103,-240],[-112,-282],[615,-414],[270,-156],[205,-349],[196,-210],[103,-360],[-94,-348],[-503,-24],[-410,-96],[-252,-342],[-475,-24],[-326,-78],[-66,-282],[-223,-241],[-448,0],[-559,-114],[-196,-132],[-223,-306],[83,-252],[252,-102],[317,-102],[242,-78],[364,-228],[-448,-186],[-307,-114],[-196,-139],[-326,-162],[-84,-234],[84,-186],[140,-222],[121,-126],[112,-270],[-168,-222],[84,-360],[-224,-223],[-513,-156],[-400,-138],[46,-168],[252,-204],[-121,-210],[-327,-294],[-130,-222],[-289,-96],[-494,-42],[-308,138],[-438,102],[-279,-132],[-103,-246],[-149,-133],[-224,-330],[131,-228],[-364,-192],[-289,-324],[-270,-294],[-336,-120],[-167,-156],[-38,-265],[-429,-102],[-503,-84],[-56,-378],[-335,-1152]],[[538245,784294],[-84,324],[-46,240],[-56,180],[-131,288],[-550,-30],[-233,-192],[-531,6],[-205,108],[-503,-78],[-504,-60],[-335,246],[-317,222],[-243,114],[-261,181],[19,186],[9,210],[-158,228],[-224,114],[-326,126],[-466,132],[-233,120],[-131,318],[-289,180],[-298,42],[-252,139],[-167,282],[-122,318],[-102,360],[391,162],[364,-18],[307,204],[-382,222],[-429,-12],[-363,-72],[-550,138],[84,174],[-19,211],[-205,240],[-205,150],[-345,210],[-317,306],[-84,222],[38,240],[28,156],[28,313],[-75,360],[-130,228],[-215,252],[-280,126],[-354,90],[-205,186],[-214,312],[-485,180],[-382,102],[-382,109],[-476,-36],[-494,-163],[-279,223],[-215,300],[-475,168],[-168,222],[-140,246],[-195,156],[65,252],[-47,336],[-279,138],[-345,145],[-196,240],[-112,186],[-177,336],[-56,222],[0,180],[149,264],[261,324],[336,319],[466,84],[298,-126],[242,-108],[494,60],[522,144],[317,222],[94,246],[-47,186],[-317,174],[-447,108],[-299,66],[-326,72],[-307,60],[-299,84],[-261,90],[-251,108],[-401,229],[-215,156],[-205,186],[-223,240],[-159,192],[-149,258],[-103,234],[-65,318],[-56,204],[-65,355],[-56,234],[-112,384],[-74,384],[-28,222],[65,336],[261,391],[74,324],[-261,234],[-307,42],[-317,-120],[-112,-162],[-158,-240],[-205,-378],[-308,-253],[-559,-204],[-466,-102],[-289,-42],[-541,6],[-270,54],[-420,78],[-373,60],[-559,-24],[-522,-156],[-373,-78],[-484,6],[-280,42],[-392,72],[-466,144],[-186,162],[-37,235],[9,306],[93,324],[-93,198],[-177,162],[-224,186],[-298,276],[-373,391],[-75,72],[-456,486],[-569,522],[-298,294],[-103,168],[-93,282],[-28,229],[-47,348],[-102,360],[-56,522],[-140,372],[-158,391],[-299,390],[-214,240],[-261,216],[-298,270],[-327,324],[-214,198],[-270,313],[-93,174],[-243,330],[-242,210],[-233,126],[-476,150],[-410,-6],[-587,-156],[-1044,-300],[-457,-138],[-298,-108],[-112,-252],[-19,-204],[28,-307],[19,-318],[-19,-192],[-46,-240],[-131,-198],[-102,-168],[-336,-264],[-447,-180],[-364,-84],[-345,-36],[-578,-24],[-363,60],[-308,96],[-438,240],[-242,168],[-420,192],[-289,36],[-503,-36],[-475,-120],[-345,-120],[-494,-114],[-504,36],[-400,96],[-187,120],[-46,282],[18,234],[19,276],[-336,306],[-354,205],[-149,174],[-47,240],[66,270],[233,276],[251,198],[271,234],[18,348],[-121,259],[-112,216],[-186,390],[-205,294],[-280,132],[-494,42],[-298,-12],[-438,-60],[-485,-132],[-298,-108],[-243,-102],[-522,-72],[-587,18],[-811,90],[-336,6],[-466,-222],[-419,-72],[-494,-48],[-606,-54],[-522,-72],[-261,-180],[-93,-325],[18,-204],[234,-264],[316,-180],[588,-78],[801,-90],[401,-42],[345,-204],[56,-216],[37,-426],[75,-307],[-56,-222],[-280,-192],[-326,-66],[-410,-42],[-298,12],[-336,30],[-364,42],[-484,42],[-420,30],[-326,0],[-354,-12],[-410,-36],[-308,-42],[-382,-66],[-336,-78],[-391,-108],[-438,-102],[-392,-54],[-307,-12],[-364,84],[-308,252],[-177,186],[-494,186],[-559,-90],[-177,-192],[-186,-342],[-131,-222],[-140,-186],[-205,-228],[-186,-108],[-336,-84],[-252,30],[-316,102],[-280,102],[-270,132],[-252,90],[-326,90],[-252,84],[-289,186],[-140,348],[112,228],[261,168],[214,84],[448,156],[186,289],[-74,246],[-112,234],[-84,132],[-224,216],[-279,138],[-485,168],[-354,90],[-299,42],[-475,54],[-345,0],[-419,-66],[-261,-54],[-317,-78],[-429,-96],[-401,-90],[-401,-54],[-391,-102],[-271,-210],[10,-186],[233,-216],[233,-126],[233,-150],[205,-126],[186,-211],[19,-348],[-47,-306],[-9,-180],[-28,-210],[47,-192],[-28,-282],[-420,-150],[-354,12],[-466,228],[-149,276],[-84,270],[-47,186],[-223,270],[-243,72],[-363,-30],[-382,-144],[-280,-144],[-298,-180],[-196,-126],[-84,-240],[438,-246],[438,-180],[345,-139],[270,-132],[234,-300],[-84,-228],[-280,-204],[-317,-144],[-270,-96],[-438,-84],[-504,0],[-289,36],[-317,72],[-400,102],[-504,126],[-307,78],[-401,108],[-364,96],[-298,84],[-289,102],[-214,120],[-336,264],[-168,355],[-28,210],[47,324],[140,210],[261,138],[522,138],[447,42],[466,36],[494,120],[280,126],[186,132],[215,265],[28,318],[-38,204],[-65,228],[-93,276],[-56,192],[-47,210],[-9,258],[19,235],[28,318],[37,174],[140,318],[186,234],[345,204],[382,78],[653,132],[951,186],[605,115],[439,30],[372,6],[243,30],[326,96],[485,192],[214,186],[112,306],[-47,210],[-149,270],[-242,378],[-177,277],[-261,300],[-252,228],[-298,198],[-345,234],[-373,222],[-587,306],[-168,84],[-587,283],[-420,240],[-261,186],[-195,186],[-187,252],[-121,222],[-84,222],[-28,240],[-19,294],[-46,247],[-205,234],[-336,150],[-512,30],[-383,-114],[-261,-138],[-363,-156],[-336,-162],[47,-343],[307,-108],[56,-294],[-46,-240],[168,-306],[466,-192],[363,-84],[168,-276],[-131,-235],[-177,-186],[-177,-156],[-223,-186],[-308,-132],[-494,-72],[-317,-6],[-494,18],[-280,42],[-354,54],[-261,42],[-494,144],[-345,138],[-242,150],[-541,-12],[-196,-120],[-205,-288],[0,-204],[289,-294],[308,-132],[205,-252],[-9,-234],[-38,-181],[-102,-282],[-215,-270],[-316,-84],[-467,-48],[-363,-36],[-522,-120],[-308,-36],[-466,18],[-298,48],[-401,126],[-252,108],[-484,222],[-448,246],[-317,193],[-177,132],[-494,366],[-289,204],[-84,120],[-9,324],[261,192],[550,66],[429,36],[186,198],[-130,295],[-326,276],[-234,234],[-74,276],[19,258],[-168,198],[-224,180],[-270,210],[-261,198],[-429,187],[-233,72],[-522,126],[-671,126],[-811,150],[-653,126],[-345,48],[-512,108],[-289,132],[-205,180],[-121,162],[-140,324],[-28,204],[65,379],[168,300],[158,366],[65,162],[56,318],[94,222],[326,235],[568,-12],[327,-211],[168,-240],[400,-240],[401,-60],[504,24],[456,210],[252,222],[233,216],[158,325],[-158,216],[-252,162],[-289,330],[327,282],[410,-126],[279,-204],[420,-306],[233,-174],[158,-186],[177,-210],[261,-115],[327,-54],[550,-42],[279,12],[494,36],[410,60],[233,91],[243,204],[177,186],[158,204],[150,240],[111,204],[56,228],[10,276],[0,289],[-28,204],[-94,174],[-270,294],[-298,210],[-270,138],[-243,96],[-857,270],[-476,174],[-391,192],[-354,229],[-327,228],[-484,258],[-420,180],[-410,168],[-392,120],[-428,114],[-783,96],[-438,42],[-336,30],[-466,36],[-345,-18],[-382,-84],[-420,-252],[-186,-264],[-382,-558],[-224,-247],[-261,-234],[-196,-162],[-261,-162],[-373,-174],[-671,-300],[-466,-180],[-345,-114],[-363,-72],[-420,-42],[-233,6],[-428,72],[-373,114],[-271,84],[-456,90],[-383,66],[-1332,186],[-522,60],[-495,84],[-344,90],[-411,168],[-904,336],[-988,373],[-261,108],[-205,210],[75,228],[130,210],[84,216],[-214,198],[-438,228],[-140,331],[-10,246],[10,306],[46,198],[383,174],[289,60],[344,204],[271,252],[186,222],[28,186],[-46,259],[-373,156],[-317,-36],[-317,-144],[-466,-186],[-280,-36],[-587,-7],[-559,85],[-308,90],[-326,120],[-271,102],[-279,126],[-252,126],[-401,252],[-289,234],[-186,156],[-317,150],[-494,24],[-438,-12],[-336,0],[-326,-6],[-289,48],[-447,132],[-280,108],[-420,120],[-428,127],[-280,204],[-196,228],[-289,246],[-298,120],[-270,90],[-504,126],[-326,24],[-457,-48],[-382,-48],[-382,18],[-214,36],[-336,108],[-457,180],[-205,126],[-223,186],[-178,283]],[[431869,835285],[3179,1674],[4437,2504],[2946,1645],[1808,1128],[1109,859],[1566,1632],[2079,2462],[1193,1489],[1035,792],[4222,2671],[1287,1099],[1221,1711],[689,906],[467,343],[1594,786],[1044,426],[894,498],[1790,1405],[830,997],[643,4190],[-9,336],[-10,1159],[-18,774],[37,3554],[-9,60],[130,858],[373,631],[643,618],[494,558],[606,781],[214,420],[-18,474],[-1417,474],[-811,289],[-718,276],[-727,294],[-522,162],[-531,126],[-364,102],[-242,72],[-308,108],[-512,186],[-494,162],[-485,144],[-541,187],[-494,150],[-503,210],[-345,156],[-326,84],[-1231,252],[-559,162],[-466,192],[-513,258],[-457,156],[-540,139],[-904,270],[-849,384],[-512,198],[-373,222],[-159,138],[-456,270],[-653,252],[-3411,-4916],[-1837,-763],[-3663,-1074],[-2004,-528],[-2004,-337],[-2079,-198],[-308,-30],[-1510,-144],[-2563,-18],[-37,6],[-1389,-96],[-1296,42],[-568,450],[205,1075],[3038,420],[-335,1987],[-84,1417],[848,306],[904,450],[1156,421],[1473,1092],[-3393,2221],[-3253,2678],[-671,2029],[-215,282],[-1528,1201],[-1641,624],[401,618],[457,432],[391,337],[448,372],[354,348],[456,714],[280,535],[-17972,252],[-242,270],[-177,150],[-214,210],[-187,228],[-205,210],[-363,102],[-308,-24],[-308,-42],[-466,90],[-205,72],[-531,169],[-205,222],[-466,144],[-457,132],[-326,42],[-504,18],[-316,-6],[-411,42],[-317,78],[-223,144],[-364,162],[-196,132],[-121,192],[-298,264],[-494,144],[-280,127],[-326,144],[-47,240],[-242,180],[-354,-36],[-336,222],[-289,102],[-289,204],[-326,78],[-485,-60],[-326,-30],[-410,-12],[-224,-144],[-466,-144],[-484,204],[-224,180],[-196,252],[-308,180],[-522,132],[-316,12],[-345,48],[-457,6],[-280,-24],[-3514,-270],[-2060,-6],[-2936,204],[-718,48],[-5220,127],[-280,858],[-428,858],[-560,709],[-484,1038],[-94,397],[-37,918],[-158,1603]],[[378048,904495],[1407,60],[168,12],[2815,126],[121,0],[1054,0],[251,0],[457,-12],[1808,-90],[1734,-96],[597,-30],[764,-36],[671,-30],[522,-24],[578,-30],[606,-30],[606,-30],[419,-30],[373,-30],[970,-96],[1333,1657],[289,360],[3812,4748],[653,811],[214,192],[522,468],[839,774],[447,108],[858,223],[1090,276],[494,180],[327,186],[419,66],[168,288],[9,510],[19,439],[9,162],[-9,240],[65,336],[28,240],[-18,144],[37,276],[140,246],[186,229],[345,360],[438,0],[736,-54],[355,-24],[317,96],[195,198],[224,306],[196,228],[205,180],[112,174],[93,252],[37,247],[103,342],[168,312],[65,144],[401,246],[326,-24],[550,-48],[335,18],[299,180],[167,108],[299,192],[261,132],[307,301],[271,228],[195,96],[345,156],[233,162],[233,120],[420,126],[252,-60],[354,-6],[326,6],[457,-12],[307,-42],[345,-30],[569,-96],[373,-66],[261,-60],[317,-72],[261,-156],[484,-156],[345,-42],[550,-54]],[[447818,423841],[-3924,1536],[-1063,553],[-494,252],[-568,144],[-737,114],[-2433,366],[-1416,162],[-1538,0],[-2871,-132],[-2732,-162],[-1388,-192],[-2480,-552],[-2433,-745],[-1221,-450],[-1221,-504],[-1165,-703],[-755,-432],[-783,-438],[-299,-156],[-587,-312],[-1109,-505],[-1053,-330],[-2237,-900],[-448,48],[-541,858],[56,276],[261,72],[439,174],[-94,319],[-28,78],[-205,612],[-158,198],[-457,252],[-410,228],[-121,72],[-485,661],[-168,282],[-223,396],[-196,204],[-522,150],[-364,-114],[-233,-372],[-503,-18],[-485,156],[-112,120],[-447,763],[-457,522],[-951,894],[-373,829],[-177,390],[-279,258],[-261,108],[-308,54],[-419,12],[-280,24],[-410,24],[-410,186],[-196,162],[-112,265],[224,336],[1762,606],[223,198],[-93,210],[-382,96],[-317,6],[-597,18],[-242,24],[-317,138],[-149,229],[-37,336],[46,186],[131,222],[317,420],[112,210],[270,408],[177,181],[317,234],[336,210],[438,216],[941,318],[233,150],[-74,318],[-131,168],[-93,289],[-9,354],[-420,156],[-802,-378],[-177,-247],[-261,-282],[-503,0],[-298,54],[-271,114],[-317,151],[-261,150],[-251,276],[-66,180],[-46,354],[-177,252],[-187,138],[-438,414],[-177,247],[-531,774],[-429,216],[-326,-138],[-168,-294],[65,-462],[28,-198],[-28,-277],[-74,-138],[-233,-276],[-485,-174],[-531,162],[-373,78],[-354,18],[-1035,216],[-336,126],[-233,84],[-447,84],[-587,91],[-429,24],[-681,-109],[-1323,-114],[-2881,-84],[-3626,-54],[-1938,-108],[-485,-42],[-1864,-228],[-1194,-96],[-1062,12],[-718,102],[-1417,684],[-1706,1009],[-1678,997],[-344,204],[-606,318],[-522,84],[-821,24],[-885,24],[-401,-54],[-1202,-318],[-271,-54],[-1398,-300],[-1286,-169],[-2340,-150],[-1035,42],[-354,-6],[-1081,-114],[-1678,-240],[-615,-42],[-336,-30],[-1351,42],[-802,-18],[-1268,-96],[-1267,-204],[-2489,-534],[-1837,-577],[-466,-168],[-764,-480],[-839,-420],[-438,-378],[-410,-565],[-19,-72],[-233,-402],[-401,-246],[-335,-108],[-606,-72],[-671,-54],[-401,-84],[-5649,-685],[-1612,-204],[-1725,-84],[-3467,-216]],[[332364,432737],[-392,402],[-708,469],[-690,390],[-392,324],[-102,156],[-56,282],[-75,210],[-84,493],[-680,2119],[177,354],[-56,162],[121,228],[317,276],[327,294],[93,295],[298,678],[914,1627],[2703,4934],[438,811],[615,696],[438,637],[205,984],[-9,774],[-317,2174],[6758,3211],[885,673],[709,540],[2414,2281],[1883,1363],[-1389,300],[-708,144],[-2200,630],[-2191,997],[-1603,894],[-1072,619],[-1314,696],[-1482,672],[-382,120],[-1240,355],[-1081,246],[-3365,594],[-429,6],[-560,-12],[-372,-24],[-336,6],[-345,6],[-354,18],[-392,24],[-447,-6],[-494,-108],[-447,-78],[-476,-132],[-969,-516],[-66,-42],[-289,-349],[-223,-252],[-336,-198],[-540,-156],[-205,-186],[-467,-102],[-279,-102],[-308,-156],[-447,-102],[-429,-36],[-839,-30],[-466,-96],[-578,-42],[-317,-42],[-354,90],[-131,138],[-177,270],[-130,216],[-243,144],[-466,102],[-363,36],[-298,24],[-299,498],[-28,169],[28,234],[-9,222],[-186,270],[-448,174],[-363,84],[-578,18],[-905,-48],[-1342,-264],[-1584,-456],[-1855,-817],[-289,-126],[-1166,-402],[-1454,-366],[-1417,-312],[-1873,-349],[-1025,-150],[-1278,-90],[-2190,-174],[-1380,-198],[-1025,-270],[-1212,-348],[-1314,-522],[-979,-763],[-3272,-1080],[-2507,-703],[-2582,-654],[-7504,-2251],[-3234,-691],[-1818,-336],[-1240,-60],[-988,84],[-1454,420],[-1696,637],[-1175,294],[-503,132],[-569,66],[-363,6],[-411,-54],[-941,-288],[-2508,-937],[-1370,-564],[84,3110],[-18,258],[-84,348],[-177,828],[-317,661],[-1007,1374],[-690,1003],[-606,1219],[-401,618],[-960,1933],[-969,990],[-1240,913],[-1622,1002],[-2209,1195],[-457,246],[-1109,667],[-298,468],[0,444],[-10,702],[-56,1333],[-158,2077],[186,2059],[38,2654],[0,12],[-38,942],[-18,216]],[[246057,482461],[494,487],[121,120],[755,852],[522,594],[5351,6388],[643,660],[2750,2834],[1062,1302],[298,499],[243,798],[-345,3086],[19,552],[28,1285],[382,2413],[345,3650],[279,1933],[215,312],[298,210],[382,144],[214,150],[252,186],[345,78],[168,318],[-47,223],[401,120],[214,126],[373,156],[205,294],[327,186],[83,198],[-233,210],[75,222],[261,270],[336,-132],[419,259],[447,-12],[168,-139],[448,97],[289,36],[419,114],[746,-30],[130,18],[513,270],[121,210],[326,84],[243,216],[494,-180],[270,-246],[382,72],[-56,246],[84,234],[476,12],[186,204],[438,168],[634,48],[56,162],[177,283],[559,354],[38,138],[279,192],[429,168],[317,156],[158,252],[700,528],[391,91],[326,-6],[215,204],[140,366],[438,18],[233,-18],[391,210],[336,42],[186,234],[289,36],[159,282],[270,132],[224,144],[139,319],[0,234],[355,258],[242,-96],[345,-192],[522,558],[335,6],[467,66],[149,132],[447,-96],[354,18],[261,-12],[336,-60],[19,390],[233,162],[344,132],[-130,294],[475,67],[327,162],[317,156],[335,96],[215,114],[149,306],[363,156],[662,-24],[298,18],[271,162],[-177,318],[-504,114],[75,307],[3234,522],[7495,1230],[195,30],[2321,379],[4372,696],[3766,624],[4595,739],[4465,726],[4848,775],[1724,282],[1752,282],[2657,474],[-1044,2461],[-811,1585],[-252,1321],[215,1501],[484,1032],[3999,1993],[3459,1357],[3859,1171],[5807,1686],[2535,865],[821,678],[596,733],[494,168],[298,-30],[401,-144],[289,-78],[392,42],[214,150],[140,192],[-65,288],[-243,108],[-326,24],[-410,168],[-420,324],[-447,132],[-485,-24],[-307,174],[-354,163],[-261,288],[-2107,600],[-1193,414],[-336,120],[-540,174],[-196,54],[-373,150],[19,289],[102,216],[224,162],[261,66],[326,108],[336,318],[-56,276],[-382,198],[316,301],[308,-25],[336,-12],[503,61],[93,306],[-1538,558],[-792,228],[-830,162],[-550,18],[-885,0],[-243,-12],[-484,24],[-382,174],[-196,204],[-606,319],[-420,222],[-354,390],[-289,414],[-289,552],[-37,186],[-65,235],[-187,216],[-400,162],[-261,36],[-411,-42],[-242,-150],[-103,-276],[38,-199],[140,-174],[354,-120],[242,-60],[177,-270],[-112,-258],[-149,-132],[-466,-162],[-382,-54],[-447,-48],[-308,-84],[-429,-96],[-251,288],[46,198],[-74,846],[-56,138],[-299,631],[-149,234],[-140,174],[-93,258],[19,186],[214,312],[280,277],[289,120],[345,96],[410,102],[233,282],[-37,222],[-159,186],[-298,318],[-205,342],[-140,157],[-317,108],[-289,-12],[-559,6],[-261,18],[-420,228],[224,336],[289,204],[317,264],[-140,288],[-233,84],[-373,12],[-214,-192],[-187,-258],[-531,-132],[-578,-144],[-363,-138],[-355,234],[215,234],[149,228],[326,186],[270,337],[-195,312],[-671,162],[-178,54],[-512,186],[-159,84],[0,306],[392,60],[578,132],[410,0],[289,6],[447,102],[466,198],[336,96],[308,235],[37,174],[-159,504],[-139,162],[-420,60],[-1734,-312],[-242,-36],[-364,-18],[-400,0],[-261,12],[-1259,174],[-391,66],[-289,72],[-345,60],[-280,6],[-466,-60],[-270,-96],[-336,-180],[-270,-180],[-410,-312],[-261,-241],[-354,-414],[-243,-378],[-177,-222],[-466,-90],[-252,174],[-93,168],[-65,210],[-19,420],[-74,216],[-271,469],[-214,408],[-84,258],[9,234],[178,162],[158,198],[0,337],[-252,246],[-195,78],[-1147,360],[-233,72],[-1408,258],[-335,282],[130,174],[271,216],[195,133],[327,150],[195,186],[56,324],[-195,198],[-317,72],[-392,-12],[-345,-30],[-522,-102],[-345,-186],[-139,-114],[-243,-282],[-382,-469],[-149,-258],[-65,-126],[-494,-558],[-364,-252],[-289,-114],[-373,-6],[-1016,156],[-1221,126],[-307,54],[-252,246],[19,240],[130,354],[65,252],[168,295],[270,492],[75,258],[149,372],[205,282],[103,198],[-66,277],[-242,180],[-429,90],[-373,-30],[-410,-90],[-1165,-72],[-391,42],[-401,198],[74,324],[261,156],[224,120],[233,156],[280,318],[93,162],[28,271],[47,276],[456,-144],[252,-180],[326,-133],[308,277],[0,222],[205,162],[149,210],[168,120],[419,-30],[597,-6],[196,198],[242,366],[196,90],[624,126],[401,-18],[364,-78],[298,-48],[429,-42],[540,114],[662,373],[522,192],[494,198],[298,270],[1072,624],[66,36],[736,336],[904,499],[1501,804],[168,84],[335,162],[261,78],[476,36],[363,-12],[569,6],[475,126],[494,192],[345,187],[224,168],[252,264],[93,540],[177,222],[196,222],[233,330],[233,163],[177,126],[149,228],[186,144],[252,156],[177,186],[103,150],[251,288],[289,90],[438,150],[336,120],[364,193],[223,324],[75,312],[84,414],[205,264],[177,216],[121,180],[252,343],[289,264],[223,84],[355,270],[186,144],[159,186],[298,132],[-298,258],[-448,228],[-121,150],[-9,283],[177,258],[37,252],[158,234],[280,168],[298,72],[401,174],[187,126],[317,228],[195,193],[122,156],[270,546],[419,120],[569,36],[1025,378],[830,288],[419,102],[187,84],[1230,799],[224,144],[503,660],[541,547],[261,288],[149,192],[168,606],[158,240],[625,541],[102,180],[364,186],[1585,1068],[326,294],[363,157],[271,36],[400,126],[317,174],[224,84],[308,90],[214,300],[177,222],[84,168],[196,384],[121,264],[186,223],[476,180],[214,168],[345,354],[401,96],[447,18],[429,198],[261,270],[326,126],[429,282],[196,193],[196,486],[270,564],[336,114],[316,-84],[467,24],[158,102],[336,210],[205,300],[139,331],[215,318],[28,270],[-65,378],[261,324],[335,276],[75,157],[56,300],[102,348],[-18,300],[-28,330],[-112,541],[335,252],[522,-48],[317,-12],[448,36],[345,84],[288,120],[448,204],[233,114],[634,294],[447,210],[224,102],[308,120],[382,96],[317,54],[345,54],[475,78],[75,253],[0,354],[-19,246],[-19,228],[-18,318],[9,222],[47,234],[18,187],[47,210],[158,348],[93,216],[159,294],[354,126],[420,96],[326,42],[457,72],[559,114],[317,174],[242,156],[401,211],[140,90],[755,480],[373,252],[177,156],[177,180],[121,168],[214,246],[122,217],[65,210],[46,276],[112,492],[122,252],[177,186],[233,348],[-75,283],[56,366],[-37,246],[65,270],[28,186],[47,282],[65,168],[214,253],[149,138],[261,324],[-56,228],[28,258],[457,114],[326,48],[383,36],[391,48],[214,66],[513,312],[289,186],[308,55],[522,120],[438,42],[606,30],[354,18],[569,24],[484,0],[513,-48],[401,-66],[550,-72],[624,-67],[429,-48],[364,-42],[512,18],[457,24],[345,42],[755,163],[587,138],[466,162],[187,222],[195,228],[243,96],[233,138],[233,186],[224,234],[65,264],[205,181],[298,192],[261,156],[242,96],[457,132],[215,60],[335,138],[28,324],[270,228],[289,114],[233,78],[299,102],[1146,463],[690,276],[289,144],[382,222],[951,456],[345,156],[205,66],[363,72],[439,162],[205,78],[46,163],[103,522],[168,1080],[550,42],[838,-66],[634,-48],[569,6],[494,24],[513,18],[400,54],[355,42],[354,24],[419,18],[373,18],[737,37],[689,36],[289,18],[84,-775],[-28,-366],[10,-294],[214,-691],[3374,157],[737,48],[550,6],[279,-24],[336,-85],[690,-228],[661,-234],[383,-150],[382,-78],[345,-24],[401,-6],[531,-42],[354,-36],[261,-66],[438,-102],[280,-60],[503,180],[746,300],[1044,546],[1053,571],[625,336],[223,162],[150,180],[195,552],[140,391],[392,540],[149,264],[74,222],[438,126],[793,-114],[307,-54],[606,-204],[578,-222],[401,42],[345,288],[336,486],[288,421],[467,504],[261,276],[186,156],[410,312],[392,240],[158,307],[75,216],[307,162],[1175,468],[158,252],[149,360],[737,126],[270,307],[401,126],[923,252],[205,126],[186,228],[298,84],[261,66],[122,246],[-19,324],[158,168],[457,126],[364,66],[289,199],[298,78],[233,126],[447,114],[215,138],[93,276],[84,126],[242,270],[317,294],[252,144],[447,-42],[373,-72],[410,204],[438,187],[345,-36],[299,-319],[18,-264],[-28,-318],[-9,-240],[-9,-186],[270,-252],[252,-120],[559,-42],[457,-96],[298,-109],[317,-120],[475,-222],[261,-108],[504,-162],[438,-138],[326,-108],[680,-216],[345,-162],[317,-162],[280,-144],[447,-204],[271,-151],[28,-186],[307,-246],[177,-162],[215,-312],[317,-276],[242,-192],[252,-186],[391,-246],[410,156],[532,270],[251,198],[196,114],[261,258],[354,282],[373,120],[215,174],[205,313],[270,144],[298,204],[243,150],[242,102],[466,42],[280,102],[270,108],[447,66],[308,-36],[429,132],[298,204],[485,-12],[391,-108],[299,-6],[494,24],[270,114],[382,150],[-19,354],[-242,102],[-74,343],[-38,348],[271,174],[167,270],[84,216],[382,72],[327,72],[568,78],[532,66],[111,6],[569,36],[522,132],[159,169],[158,492],[475,-42],[578,-54],[392,108],[419,198],[373,12],[597,-12],[167,240],[280,252],[205,264],[271,96],[363,102],[494,60],[298,42],[308,-210],[-149,-312],[140,-156],[363,-282],[-37,-456],[102,-180],[261,-265],[-456,-198],[9,-318],[-158,-288],[-94,-162],[-9,-360],[522,-90],[438,-36],[429,12],[252,96],[158,210],[429,-18],[270,-48],[392,66],[345,162],[447,6],[559,-90],[345,-48],[494,-78],[149,282],[-167,312],[-56,252],[251,342],[299,61],[335,-61],[242,-102],[345,-126],[476,210],[335,91],[457,-6],[410,-6],[448,36],[251,-145],[383,-66],[344,72],[532,139],[512,36],[150,-72],[382,-175],[65,-252],[0,-228],[9,-186],[47,-234],[112,-144],[214,-264],[252,-132],[475,84],[261,0],[410,-66],[215,-120],[391,30],[485,30],[354,210],[457,78],[270,-6],[382,-24],[373,228],[420,192],[624,-24],[802,-108],[252,-30],[466,-30],[326,12],[503,144],[205,108],[187,174],[438,72],[419,276],[131,162],[335,114],[289,30],[327,18],[456,-84],[457,217],[448,132],[270,276],[214,258],[224,264],[186,204],[560,-18],[410,54],[363,-12],[327,36],[456,240],[522,18],[420,72],[186,114],[93,319],[140,186],[392,108],[251,-36],[355,-18],[354,66],[298,-36],[531,24],[336,30],[280,-48],[373,-132],[214,30],[867,144],[326,120],[233,156],[475,78],[327,-6],[326,-216],[382,-60],[289,90],[699,402],[308,12],[335,66],[513,216],[336,222],[261,138],[298,144],[345,229],[578,120],[429,48],[298,84],[326,150],[559,6],[793,204],[345,6],[428,-60],[410,240],[830,60],[494,-60],[737,-186],[568,-264],[466,-72],[569,24],[326,60],[550,348],[392,936],[633,1087],[653,810],[820,709],[1053,648],[1007,985],[93,180],[122,318],[83,444],[150,372],[261,313],[167,120],[727,414],[746,504],[634,540]],[[832624,581988],[-9620,3433],[-400,192],[-401,96],[-289,37],[-420,48],[-400,42],[-317,36],[-327,210],[-177,204],[-242,174],[-280,312],[-335,96],[-261,102],[-196,138],[-392,150],[-494,36],[-391,-60],[-354,24],[-392,54],[-4390,-402],[-876,-222],[-1166,-306],[-326,-36],[-1258,-120],[-401,-18],[-1529,72],[-811,12],[-615,84],[-578,72],[-457,48],[-559,60],[-485,30],[-438,54],[-1305,60],[-689,6],[-504,18],[-447,12],[-737,24],[-922,18],[-765,42],[-1883,120],[-2134,150],[-1380,108],[-1025,6],[-354,-18],[-1315,-126],[-457,-6],[-251,30],[-485,66],[-326,36],[-494,-18],[-448,-72],[-1137,-36],[-596,24],[-355,-6],[-1072,-12],[-1109,-42],[-3878,-12],[-2516,42],[-2909,102],[-689,276],[-494,217],[-327,150],[-550,78],[-839,120],[-857,96],[-671,96],[-308,102],[-233,108],[-307,144],[-355,138],[-242,72],[-345,66],[-326,42],[-476,42]],[[766535,588903],[112,360],[84,373],[121,450],[66,342],[111,390],[94,324],[84,295],[74,300],[37,360],[28,210],[0,204],[0,186],[-18,390],[-10,156],[-9,535],[19,420],[18,450],[-652,138],[-615,162],[-839,204],[-821,175],[-1006,234],[-811,186],[-858,186],[-801,162],[-653,132],[-485,84],[-400,66],[-429,78],[-364,72],[-438,78],[-559,102],[-830,132],[-550,78],[-522,84],[-531,84],[-653,79],[-643,54],[-56,1284],[-56,390],[-177,925],[-205,1171],[8650,9749],[-559,156],[-317,114],[-531,162],[-522,144],[-503,132],[-411,60],[-14243,3830],[-10607,2960],[-1846,342],[-270,24],[-1371,126],[-922,102],[-634,84],[-625,90],[-391,72],[-569,60],[-391,18],[-597,54],[-764,90],[-522,108],[-1632,390],[-736,138],[-1016,163],[-634,108],[-531,72],[-569,54],[-363,90],[-1082,414],[-894,282],[-886,204],[-485,108],[-456,78],[-411,66],[-214,78],[-867,385],[-1193,378],[-457,150],[-829,30],[-2377,90],[-1165,108],[-1091,132],[-653,78],[-326,60],[-391,210],[-2498,1453],[-606,732],[-1165,36],[-1389,48],[-1762,30],[-643,0],[-532,-12],[-1146,78],[-774,25],[-1566,30],[-289,252],[-326,300],[-615,408],[-317,60],[-336,108],[-112,480],[-37,295],[-93,222],[-140,270],[0,636],[-47,258],[-251,192],[-243,54],[-298,186],[-46,319],[-19,198],[47,288],[65,414],[93,354],[224,342],[195,205],[187,216],[130,354],[10,258],[-28,192],[-131,264],[-829,1027],[-1016,978],[-289,535],[-494,630],[-1977,1645],[187,336],[93,312],[56,504],[0,301],[9,276],[84,318],[38,252],[-66,402],[-168,324],[-307,283],[-448,408],[-568,342],[-643,342],[-858,396],[-997,385],[-802,240],[-680,138],[-793,144],[-345,804],[-568,18],[-261,42],[-317,66],[-345,138],[-298,264],[-5323,8651],[75,10914]],[[673881,664291],[2405,186],[895,66],[671,6],[792,-24],[1613,-18],[400,24],[914,114],[1808,228],[979,90],[2218,222],[1893,234],[2470,288],[2554,283],[1538,132],[1538,108],[1053,78],[746,30],[1445,36],[2908,102],[2601,78],[708,36],[93,0],[1343,12],[2656,-60],[1632,0],[755,-18],[960,-48],[205,720],[2507,-114],[177,1423],[569,318],[643,366],[354,240],[299,0],[307,66],[289,211],[187,174],[158,258],[-65,198],[-261,282],[-47,216],[-102,306],[56,228],[84,199],[-439,222],[-317,258],[224,234],[19,180],[-252,210],[-298,84],[-308,210],[-18,150],[195,337],[280,144],[168,168],[261,198],[149,168],[19,258],[111,294],[159,72],[466,198],[364,174],[344,163],[401,192],[345,210],[233,186],[168,252],[28,192],[-75,240],[-65,222],[-9,373],[9,264],[-186,342],[-140,234],[-103,198],[-37,270],[65,288],[112,168],[187,211],[195,192],[56,264],[-102,276],[-392,318],[-307,180],[-317,246],[-364,276],[-550,271],[-774,486],[-503,450],[-522,570],[-307,697],[-243,804],[-214,973],[-382,1909],[-233,1314],[-66,1345],[-46,973],[-28,816],[65,1243],[28,354],[28,198],[37,336],[47,288],[65,264],[19,211],[0,330],[9,198],[0,234],[103,228],[-122,246],[-494,114],[-335,78],[-466,102],[-75,228],[-65,289],[-121,204],[-38,246],[-37,168],[-224,252],[-242,90],[-345,42],[-270,12],[-485,0],[-261,-12],[-494,-30],[-326,-150],[-121,-258],[56,-186],[-10,-234],[-167,-354],[-327,-175],[-279,-42],[-429,-36],[-261,6],[-317,162],[-168,181],[56,270],[149,336],[196,174],[345,156],[391,180],[205,96],[261,210],[94,270],[102,169],[131,186],[177,216],[466,204],[503,78],[522,102],[392,120],[251,102],[327,108],[428,84],[336,12],[289,-18],[391,-24],[616,-48],[326,-12],[326,-6],[373,42],[354,234],[37,198],[-18,228],[0,175],[9,210],[28,234],[112,282],[186,150],[308,234],[196,204],[177,258],[56,217],[-215,264],[-503,144],[-317,-24],[-391,-162],[-271,-204],[-345,-271],[-522,-168],[-447,36],[-196,138],[-149,229],[187,360],[344,138],[355,162],[363,300],[187,198],[158,144],[261,138],[392,180],[205,96],[317,156],[289,199],[223,318],[93,228],[47,210],[0,228],[-75,198],[-167,198],[-345,174],[-308,102],[-438,127],[-289,42],[-363,0],[-494,-60],[-243,0],[-401,60],[-261,162],[-158,336],[37,150],[159,240],[233,168],[354,78],[289,12],[419,30],[327,78],[317,96],[307,126],[466,162],[466,150],[289,127],[326,216],[196,168],[252,240],[158,156],[261,156],[541,-66],[373,-108],[568,-156],[373,-108],[317,-156],[56,-312],[-18,-295],[0,-228],[9,-300],[270,-144],[541,-36],[326,-12],[382,-36],[271,-48],[475,-108],[391,-102],[215,-60],[419,-96],[429,-90],[345,-36],[280,-6],[382,114],[298,168],[531,246],[383,168],[335,120],[326,72],[336,-228],[56,-270],[-121,-234],[-177,-162],[-261,-252],[-308,-271],[-270,-192],[-438,-186],[-289,-126],[-205,-150],[-196,-264],[84,-372],[167,-174],[271,-192],[242,-126],[289,-145],[270,-144],[411,-180],[531,-102],[363,-66],[522,-120],[336,-126],[233,-114],[401,-78],[326,12],[345,108],[280,150],[298,264],[242,204],[187,126],[270,157],[466,150],[326,18],[392,-18],[578,-90],[391,-115],[224,-96],[308,-246],[177,-306],[74,-210],[93,-270],[224,-168],[392,-78],[401,96],[270,114],[279,132],[234,288],[46,198],[28,258],[-121,258],[-280,103],[-317,162],[-242,150],[-233,132],[-289,168],[-317,186],[-186,234],[149,318],[317,150],[261,78],[410,42],[261,6],[354,-12],[410,-24],[448,-48],[512,36],[373,126],[364,229],[233,216],[140,198],[121,312],[18,204],[-93,288],[-140,366],[47,210],[522,133],[252,-42],[298,-115],[363,-186],[215,-138],[298,-180],[485,-126],[345,12],[317,24],[783,48],[400,276],[-149,367],[-270,156],[-326,54],[-643,96],[-522,108],[-215,60],[-401,150],[-37,342],[345,234],[475,126],[327,36],[587,-6],[363,-36],[392,-36],[429,-48],[503,-48],[457,48],[251,162],[-74,372],[-56,253],[28,240],[168,366],[84,252],[28,198],[46,216],[140,306],[485,217],[391,-12],[420,-169],[289,-150],[233,-180],[121,-132],[121,-228],[-84,-324],[252,-306],[475,96],[140,366],[-37,210],[-66,252],[0,198],[103,246],[252,325],[9,300],[-75,174],[-167,210],[-168,258],[-159,234],[-102,150],[-270,270],[-289,265],[-196,228],[-28,348]],[[748219,714075],[503,24],[448,90],[419,54],[252,-6],[494,-18],[363,-54],[317,-84],[597,-156],[429,-144],[391,-138],[354,-96],[597,-144],[643,-145],[820,-204],[541,-144],[289,-72],[364,-72],[307,-24],[373,0],[513,84],[373,126],[577,288],[625,301],[774,306],[820,366],[671,306],[326,174],[457,300],[531,325],[373,144],[271,42],[400,-42],[261,-102],[261,-205],[299,-306],[410,-510],[214,-312],[476,-1099],[233,-594],[93,-426],[0,-372],[-9,-289],[-10,-192],[-93,-234],[-158,-168],[-280,-234],[-503,-366],[-327,-168],[-447,-246],[-1081,-571],[-1296,-642],[-764,-330],[-411,-270],[-214,-211],[-131,-258],[-55,-264],[46,-216],[205,-306],[271,-114],[289,-108],[419,-30],[792,6],[578,78],[569,132],[997,330],[1119,450],[988,373],[624,216],[429,234],[690,498],[196,252],[168,234],[354,487],[326,312],[373,294],[363,138],[401,102],[429,84],[587,60],[970,18],[801,-24],[541,-24],[401,-72],[335,-156],[224,-162],[401,-384],[438,-403],[261,-210],[466,-216],[429,-78],[503,18],[168,96],[9,282],[-214,180],[-476,337],[-745,438],[-261,168],[-121,162],[-75,234],[19,336],[167,367],[299,378],[279,258],[355,204],[466,210],[475,186],[531,114],[588,42],[1333,24],[829,48],[578,54],[1221,138],[1175,138],[717,61],[485,18],[578,-18],[513,-55],[335,-72],[280,-114],[214,-168],[131,-228],[28,-186],[56,-318],[158,-246],[261,-162],[271,-72],[456,-30],[783,-24],[494,0],[960,30],[383,30],[708,96],[345,90],[270,114],[382,204],[345,90],[392,30],[522,-24],[391,-114],[410,-150],[252,-186],[121,-204],[75,-228],[-28,-229],[-56,-192],[-186,-228],[-327,-294],[-568,-438],[-1305,-1015],[-392,-306],[-494,-348],[-279,-228],[-206,-198],[-139,-198],[-131,-187],[-102,-186],[-103,-228],[-19,-258],[75,-282],[177,-264],[140,-168],[224,-240],[270,-174],[391,-205],[560,-246],[475,-150],[345,-96],[494,-54],[541,-66],[839,-102],[410,-60],[457,-90],[335,-114],[457,-174],[466,-216],[252,-216],[205,-331],[139,-270],[56,-288],[-9,-210],[-75,-228],[-130,-294],[-196,-384],[-233,-619],[271,18],[689,36],[1016,132],[1921,535],[428,150],[448,168],[531,252],[690,444],[904,558],[597,433],[839,690],[1221,1117],[37,36],[997,894],[737,528],[587,427],[475,336],[364,390],[475,762],[560,1105],[354,672],[410,475],[447,666],[392,570],[298,336],[317,253],[550,288],[559,246],[410,96],[541,42],[699,12],[792,-48],[886,-84],[848,-120],[904,-150],[1072,-198],[895,-235],[522,-42],[709,-6],[643,96],[298,54],[345,181],[196,168],[261,288],[102,306],[19,354],[-19,300],[-28,186],[-149,295],[-261,252],[-988,726],[-1873,1273],[-327,300],[0,246],[84,306],[168,234],[336,216],[447,163],[531,36],[355,-54],[1127,-223],[811,-186],[709,-168],[214,-36],[392,-36],[438,18],[335,72],[233,78],[289,114],[299,150],[475,277],[186,186],[168,180],[149,198],[177,240],[75,186],[233,192],[354,168],[196,126],[159,300],[18,187],[-196,270],[38,234],[223,120],[392,168],[513,138],[475,78],[308,12],[363,0],[364,-18],[354,-42],[345,-42],[466,-102],[410,-216],[382,-264],[494,-318],[261,-156],[373,-85],[419,12],[308,121],[233,192],[103,270],[-252,282],[-336,108],[-1286,462],[-205,90],[-242,162],[-177,289],[-112,192],[-84,216],[-65,180],[9,258],[149,354],[112,132],[317,300],[251,78],[299,78],[270,48],[420,18],[391,0],[270,-12],[355,-12],[736,-30],[1091,-78],[755,-72],[400,-66],[532,-138],[438,-138],[289,-126],[429,-186],[289,-102],[400,-90],[327,-96],[438,-114],[391,-114],[522,-72],[476,-6],[251,36],[336,54],[317,72],[242,96],[252,144],[298,300],[9,276],[-102,282],[0,198],[0,349],[9,222],[19,222],[56,240],[56,186],[158,222],[177,168],[196,162],[196,187],[149,180],[112,168],[56,258],[0,252],[18,348],[94,324],[177,180],[307,120],[410,49],[578,18],[476,-109],[251,-174],[94,-198],[195,-372],[150,-294],[158,-336],[559,-679],[345,-294],[354,-144],[616,-180],[522,-108],[680,-36],[373,24],[904,192],[326,102],[317,132],[299,192],[121,132],[149,301],[28,216],[37,282],[-37,378],[-93,174],[-522,666],[-448,511],[-196,144],[-261,114],[-205,180],[-74,162],[-75,330],[84,342],[205,204],[420,169],[419,48],[485,-42],[410,-114],[270,-133],[420,-288],[820,-660],[392,-312],[344,-246],[252,-120],[280,-108],[251,-72],[327,-67],[345,-54],[428,-36],[327,-6],[354,12],[335,36],[327,60],[475,97],[792,174],[690,156],[503,162],[299,150],[214,114],[373,216],[354,120],[336,60],[373,-108],[205,-114],[373,-216],[242,-240],[37,-156],[-9,-282],[-103,-235],[-223,-336],[-187,-240],[-317,-330],[-345,-414],[-102,-288],[-159,-283],[-298,-306],[-308,-312],[-167,-216],[140,-312],[233,-204],[577,-54],[690,24],[811,-12],[336,-6],[391,-18],[308,-24],[541,-84],[484,-72],[448,-42],[326,-12],[531,84],[345,114],[364,108],[382,174],[252,138],[326,162],[1668,798],[429,54],[336,24],[345,6],[344,-42],[317,-66],[672,-180],[410,-96],[950,-186],[327,-72],[307,-114],[1128,-522],[84,-42],[820,-402],[373,-157],[448,-240],[307,-240],[233,-264],[233,-288],[345,-672],[354,-553],[327,-498],[335,-414],[326,-330],[224,-289],[65,-168],[0,-246],[-28,-264],[0,-156],[56,-288],[252,-258],[280,-162],[401,-186],[205,-90],[335,-121],[205,-72],[382,-48],[550,-18],[448,12],[354,-18],[317,-42],[280,-42],[447,-84],[242,-84],[411,-168],[289,-138],[279,-156],[261,-156],[317,-162],[364,-288],[205,-204],[158,-175],[159,-174],[111,-222],[-9,-198],[-233,-306],[-168,-156],[-466,-456],[-596,-451],[-280,-246],[-205,-216],[-75,-126],[-56,-252],[19,-198],[121,-222],[280,-312],[158,-144],[308,-235],[457,-192],[447,-156],[382,-162],[345,-144],[410,-198],[280,-120],[475,-180],[625,-162],[513,-150],[1146,-270],[1109,-247],[634,-162],[494,-198],[168,-66],[541,-192],[596,-174],[457,-72],[410,-18],[345,30],[550,90],[392,108],[344,78],[457,114],[298,66],[476,222],[401,12],[503,-156],[364,-282],[83,-180],[150,-384],[111,-252],[112,-180],[401,-397],[168,-336],[19,-426],[0,-186],[18,-258],[373,-288],[382,-175],[261,-96],[354,-78],[429,-6],[289,60],[298,84],[495,187],[522,246],[410,186],[270,192],[168,180],[223,300],[271,390],[214,330],[429,637],[261,336],[280,294],[167,114],[401,150],[410,54],[597,18],[410,-54],[382,-204],[215,-228],[242,-282],[354,-378],[252,-300],[196,-319],[167,-282],[66,-168],[102,-210],[271,-192],[261,-30],[522,36],[233,90],[261,150],[363,264],[522,510],[345,415],[214,270],[149,234],[122,258],[56,192],[28,252],[74,252],[112,223],[149,198],[187,168],[223,114],[308,72],[708,60],[709,18],[512,-24],[672,-66],[792,-108],[988,-102],[624,-60],[336,-18],[457,-66],[410,-90],[317,-114],[224,-132],[223,-145],[252,-186],[168,-258],[37,-162],[19,-258],[46,-366],[66,-288],[83,-301],[10,-156],[-47,-252],[-84,-348],[-56,-234],[-28,-234],[28,-222],[168,-348],[214,-181],[243,-150],[224,-102],[484,-72],[308,12],[541,90],[708,120],[541,114],[298,97],[261,150],[298,258],[215,288],[121,306],[9,324],[9,324],[-37,283],[-56,198],[-56,228],[0,186],[10,210],[102,270],[93,330],[94,186],[149,252],[18,181],[-9,300],[-103,150],[-158,204],[-317,288],[-438,354],[-177,144],[-485,186],[-391,60],[-327,289],[-65,222],[-56,330],[-9,162],[140,240],[438,228],[270,102],[308,90],[578,132],[317,48],[354,18],[475,12],[494,24],[625,36],[634,49],[335,54],[597,102],[391,78],[373,126],[298,150],[345,282],[121,258],[56,318],[10,174],[-38,288],[-93,169],[-149,276],[-140,168],[-270,210],[-233,126],[-289,114],[-224,90],[-382,114],[-671,192],[-429,108],[-438,234],[-214,241],[-140,288],[-28,168],[28,282],[261,330],[242,288],[401,432],[438,451],[252,180],[457,234],[223,156],[364,276],[270,258],[149,216],[149,217],[84,204],[103,222],[251,276],[364,150],[242,42],[429,48],[569,-42],[289,-48],[391,-102],[382,-96],[280,-90],[308,-132],[317,-186],[177,-174],[102,-295],[65,-354],[168,-336],[261,-456],[168,-300],[196,-240],[363,-265],[373,-132],[233,-48],[457,-24],[410,66],[429,138],[335,120],[439,211],[214,150],[652,558],[765,696],[307,312],[271,241],[475,216],[326,54],[429,54],[550,0],[326,-54],[606,-114],[289,-60],[457,-48],[373,102],[149,162],[-28,234],[-103,180],[-251,150],[-336,174],[-242,126],[-270,192],[-308,240],[-187,108],[-335,151],[-429,108],[-252,24],[-503,18],[-569,-18],[-475,6],[-736,36],[-867,78],[-932,48],[-494,-18],[-494,-12],[-560,24],[-373,102],[-233,318],[-46,288],[0,318],[37,150],[159,246],[167,151],[271,198],[512,414],[420,366],[140,168],[195,258],[215,330],[140,175],[177,156],[186,162],[364,174],[317,84],[317,30],[811,72],[456,24],[476,-12],[633,-54],[439,-90],[773,-138],[196,-48],[1175,-210],[717,-210],[252,-259],[224,-378],[149,-480],[37,-582],[112,-469],[28,-300],[-56,-768],[-9,-372],[307,-204],[476,-199],[410,-60],[466,-42],[587,-78],[485,-42],[485,-36],[391,-36],[280,-24],[335,-66],[373,-96],[298,-96],[485,-210],[233,-234],[242,-78],[597,-6],[354,18],[634,132],[438,126],[597,192],[596,276],[588,288],[652,385],[364,492],[167,258],[317,318],[261,168],[513,-72],[298,-180],[187,-276],[28,-264],[-38,-216],[-18,-384],[205,-181],[363,-138],[401,-42],[401,48],[233,72],[364,144],[428,217],[504,318],[326,150],[447,114],[261,6],[429,-12],[494,-102],[317,-120],[280,-108],[289,-156],[251,-150],[355,-199],[363,-294],[131,-246],[28,-306],[-19,-282],[-37,-288],[-75,-246],[-74,-223],[-187,-390],[-149,-186],[-56,-210],[28,-312],[75,-186],[205,-270],[195,-168],[317,-229],[271,-174],[317,-180],[270,-162],[261,-126],[317,-198],[37,-306],[-84,-222],[-112,-156],[-354,-204],[-503,-151],[-820,-150],[-513,-84],[-690,-108],[-969,-114],[-727,-126],[-411,-270],[-74,-264],[46,-252],[112,-180],[215,-271],[251,-228],[261,-186],[355,-234],[363,-306],[336,-258],[158,-162],[140,-186],[168,-216],[177,-229],[168,-186],[214,-180],[224,-138],[270,-150],[522,-216],[392,-156],[503,-150],[382,-102],[364,-90],[438,-84],[438,-36],[354,12],[382,60],[699,84],[560,84],[531,168],[345,102],[289,66],[335,66],[457,72],[504,60],[326,42],[326,12],[308,-6],[438,-102],[363,-174],[429,-210],[326,-132],[448,-186],[307,-120],[410,-199],[299,-210],[177,-198],[149,-240],[93,-288],[47,-264],[18,-204],[10,-252],[-37,-259],[-38,-234],[-46,-324],[-28,-282],[-38,-282],[-9,-234],[47,-336],[74,-175],[252,-234],[429,-228],[531,-78],[541,12],[261,18],[345,72],[251,72],[317,120],[364,132],[354,169],[196,126],[214,174],[168,162],[168,246],[46,198],[10,240],[-38,258],[-46,240],[-19,343],[65,192],[112,204],[252,300],[345,228],[317,72],[335,-6],[364,-84],[484,-132],[261,-96],[261,-114],[383,-174],[223,-162],[196,-180],[186,-211],[112,-174],[177,-288],[215,-324],[335,-534],[159,-276],[112,-325],[74,-468],[28,-378],[19,-366],[28,-288],[65,-222],[75,-175],[335,-252],[410,-180],[271,-48],[447,-30],[401,36],[447,114],[448,204],[224,126],[251,175],[149,108],[224,258],[93,228],[84,282],[37,216],[28,204],[0,222],[0,421],[-28,336],[-28,282],[28,186],[122,276],[158,150],[364,198],[261,72],[382,66],[298,12],[373,0],[298,-24],[476,-144],[345,-180],[167,-102],[215,-222],[130,-180],[187,-270],[121,-210],[65,-228],[28,-193],[-9,-234],[-28,-246],[-56,-300],[-56,-294],[-47,-222],[10,-210],[-10,-240],[0,-331],[19,-300],[-28,-300],[-19,-228],[-140,-330],[-214,-270],[-391,-210],[-336,-79],[-317,-54],[-569,-54],[-354,0],[-512,-12],[-364,-24],[-270,-18],[-392,-114],[-242,-96],[-364,-210],[-279,-192],[-233,-186],[-243,-198],[-251,-246],[-261,-228],[-215,-289],[-84,-354],[-9,-234],[0,-234],[65,-360],[75,-306],[56,-294],[102,-307],[84,-186],[140,-186],[177,-186],[196,-180],[270,-192],[420,-270],[559,-348],[336,-259],[242,-198],[224,-162],[428,-240],[457,-144],[429,-48],[503,18],[476,180],[419,168],[364,162],[540,96],[317,-30],[271,-132],[270,-264],[84,-168],[65,-204],[28,-336],[19,-210],[28,-301],[9,-330],[177,-342],[-1324,6],[-2041,6],[-308,-18],[-1239,-102],[-476,36],[-354,126],[-615,348],[-513,258],[-261,109],[-410,108],[-1836,408],[-308,66],[-401,12],[-214,-36],[-457,-108],[-326,-84],[-578,-144],[-103,-24],[-447,-156],[-280,-199],[-149,-156],[-233,-216],[-317,-240],[-326,-120],[-261,-42],[-373,-42],[-280,-18],[-661,-12],[-401,18],[-559,42],[-401,102],[-671,312],[-392,180],[-298,120],[-457,102],[-438,-42],[-438,-102],[-457,-102],[-466,-84],[-233,-30],[-401,-6],[-559,72],[-252,120],[-307,228],[-215,235],[-158,300],[-196,492],[-121,336],[-205,174],[-233,90],[-345,18],[-457,-144],[-261,-300],[-140,-252],[-233,-420],[-279,-306],[-205,-174],[-243,-157],[-289,-174],[-494,-240],[-410,-192],[-391,-264],[-122,-120],[-46,-318],[74,-228],[215,-252],[130,-163],[103,-198],[56,-360],[-19,-282],[-19,-432],[-18,-174],[-75,-252],[-177,-283],[-224,-186],[-382,-156],[-401,-60],[-475,0],[-382,150],[-168,156],[-233,318],[-168,187],[-363,240],[-420,162],[-242,54],[-410,60],[-532,60],[-466,42],[-680,24],[-373,-6],[-224,-18],[-363,-102],[-177,-102],[-271,-222],[-93,-216],[93,-289],[121,-150],[299,-300],[158,-354],[47,-390],[-19,-294],[-56,-240],[-74,-343],[-56,-210],[-38,-336],[-37,-330],[-93,-312],[-261,-306],[-475,-181],[-355,30],[-391,187],[-84,192],[-93,318],[-140,204],[-308,162],[-233,60],[-484,90],[-550,96],[-727,72],[-718,72],[-718,84],[-541,72],[-279,6],[-438,-90],[-196,-162],[-168,-174],[-140,-342],[-28,-204],[28,-204],[159,-192],[270,-271],[261,-294],[224,-324],[205,-414],[158,-402],[84,-288],[38,-277],[18,-258],[-56,-210],[-289,-318],[-298,-162],[-354,-138],[-298,-144],[-280,-258],[-168,-265],[-56,-312],[-28,-456],[-18,-282],[-122,-360],[-251,-210],[-252,-192],[-336,-211],[-270,-186],[-196,-156],[-223,-246],[-271,-324],[-186,-282],[-392,-408],[-223,-247],[-299,-408],[-121,-252],[-74,-348],[139,-312],[178,-168],[270,-186],[522,-367],[615,-366],[559,-312],[466,-204],[271,-270],[65,-222],[47,-319],[37,-330],[-47,-300],[-56,-252],[-83,-204],[-94,-210],[-149,-222],[-429,-366],[-326,-247],[-466,-294],[-447,-234],[-308,-108],[-298,-60],[-420,-6],[-363,24],[-560,12],[-372,-24],[-345,-60],[-364,-84],[-363,-96],[-476,-228],[-624,-246],[-336,-90],[-550,-54],[-485,78],[-326,168],[-401,324],[-391,384],[-326,330],[-420,378],[-410,319],[-466,318],[-494,282],[-531,234],[-448,186],[-401,114],[-410,78],[-475,72],[-541,78],[-466,162],[-429,187],[-298,210],[-177,156],[-224,246],[-140,234],[-158,210],[-270,162],[-308,132],[-317,84],[-261,42],[-429,54],[-438,-12],[-307,-66],[-271,-108],[-223,-144],[-205,-156],[-187,-282],[-19,-210],[122,-330],[149,-253],[242,-408],[93,-294],[28,-216],[-37,-342],[9,-276],[112,-234],[317,-259],[373,-180],[513,-96],[475,0],[345,12],[345,72],[363,108],[560,162],[857,259],[382,60],[336,-84],[186,-138],[196,-325],[9,-222],[-9,-228],[-37,-180],[-93,-282],[-131,-402],[-177,-391],[-233,-264],[-270,-198],[-541,-252],[-951,-306],[-1146,-270],[-1333,-444],[-951,-325],[-410,-156],[-298,-222],[-280,-246],[-336,-372],[-522,-588],[-400,-475],[-616,-954],[-428,-727],[-504,-810],[-578,-1177],[-429,-852],[-307,-720],[-159,-703],[-205,-504],[-149,-420],[-177,-324],[-261,-457],[-252,-432],[-83,-234],[-28,-252],[28,-342],[18,-469],[9,-306],[-46,-240],[-75,-264],[-93,-342],[-158,-444],[18,-205],[93,-246],[252,-168],[289,-144],[298,-156],[252,-180],[242,-300],[280,-402],[187,-277],[149,-192],[335,-384],[205,-180],[224,-228],[121,-156],[131,-258],[37,-180],[28,-235],[19,-264],[18,-198],[10,-216],[65,-288],[46,-180],[-9,-330],[-112,-282],[-307,-283],[-261,-168],[-364,-186],[-373,-96],[-382,-60],[-531,-72],[-485,-84],[-475,-90],[-522,-138],[-662,-168],[-345,-66],[-485,-90],[-354,-78],[-336,-72],[-261,-84],[-363,-222],[-215,-139],[-288,-180],[-215,-156],[-177,-156],[-270,-312],[-140,-222],[-140,-312],[-65,-210],[-28,-180],[9,-205],[84,-348],[103,-186],[195,-222],[327,-294],[326,-234],[252,-168],[270,-156],[419,-174],[588,-241],[400,-192],[355,-102],[503,-12],[336,48],[391,72],[541,54],[307,-36],[494,-144],[271,-114],[223,-102],[289,-192],[168,-228],[131,-234],[74,-204],[47,-180],[-19,-253],[-93,-276],[-168,-228],[-261,-192],[-214,-114],[-401,-150],[-289,-72],[-308,-48],[-559,-72],[-531,-36],[-299,-6],[-522,0],[-550,72],[-316,66],[-271,96],[-242,132],[-242,150],[-215,144],[-196,156],[-251,216],[-401,270],[-345,145],[-410,78],[-354,54],[-485,72],[-420,60],[-466,72],[-270,12],[-494,12],[-391,-60],[-196,-60],[-336,-120],[-363,-138],[-355,-139],[-689,-330],[-382,-204],[-606,-318],[-606,-300],[-578,-354],[-504,-318],[-354,-229],[-261,-198],[-186,-186],[-205,-222],[-149,-198],[-94,-186],[-74,-210],[-47,-168],[-46,-222],[-19,-199],[-47,-342],[-37,-438],[-9,-372],[18,-360],[38,-306],[84,-325],[102,-294],[140,-264],[261,-384],[186,-294],[168,-282],[93,-235],[47,-216],[65,-336],[37,-246],[10,-288],[-56,-312],[-215,-324],[-242,-175],[-345,-210],[-168,-174],[-279,-264],[-224,-276],[-186,-204],[-103,-162],[-84,-240],[103,-229],[363,-270],[261,-120],[317,-102],[401,-78],[578,6],[401,60],[671,90],[447,72],[522,42],[476,30],[391,0],[448,-6],[373,-36],[466,-78],[494,-102],[466,-102],[466,-108],[438,-72],[485,-102],[298,-84],[280,-96],[410,-240],[195,-198],[140,-198],[131,-204],[37,-235],[28,-264],[9,-438],[10,-390],[-10,-294],[-46,-258],[-112,-409],[-121,-354],[-149,-450],[-187,-396],[-168,-264],[-205,-229],[-289,-300],[-214,-216],[-298,-240],[-439,-372],[-288,-198],[-280,-186],[-280,-186],[-223,-109],[-308,-78],[-420,-114],[-540,-90],[-336,-78],[-354,-96],[-373,-132],[-419,-228],[-289,-222],[-159,-240],[-46,-252],[0,-186],[56,-217],[84,-366],[-56,-318],[-122,-258],[-289,-294],[-195,-156],[-196,-144],[-382,-216],[-289,-175],[-149,-198],[-47,-342],[93,-222],[205,-174],[345,-138],[438,-84],[252,-12],[475,-30],[336,-48],[326,-306],[0,-331],[19,-360],[46,-210],[47,-234],[93,-246],[94,-216],[111,-198],[122,-162],[354,-283],[326,-216],[485,-210],[298,-48],[298,-18],[308,0],[457,18],[578,-42],[251,-102],[308,-114],[261,-114],[382,-162],[429,-240],[345,-222],[307,-324],[84,-265],[-56,-324],[-168,-300],[-139,-144],[-317,-174],[-401,-162],[-364,-198],[-447,-180],[-382,-114],[-485,-139],[-270,-144],[-168,-168],[-93,-294],[-38,-186],[-27,-204],[-47,-318],[-56,-258],[-47,-240],[-65,-223],[-168,-342],[-167,-162],[-401,-54],[-280,-6],[-345,18],[-410,30],[-336,48],[-494,102],[-316,48],[-448,42],[-345,-78],[-298,-102],[-252,-90],[-317,-216],[-65,-204],[47,-258],[102,-144],[298,-186],[317,-120],[308,-103],[392,-132],[456,-204],[261,-180],[271,-198],[261,-222],[233,-210],[279,-264],[299,-282],[307,-277],[252,-282],[326,-324],[270,-252],[233,-216],[317,-216],[280,-204],[373,-246],[317,-205],[363,-186],[448,-240],[354,-192],[252,-186],[177,-210],[140,-264],[65,-258],[37,-223],[-74,-282],[-150,-222],[-223,-192],[-289,-234],[-224,-150],[-308,-234],[-317,-222],[-522,-349],[-438,-294],[-335,-228],[-298,-180],[-317,-168],[-271,-168],[-177,-126],[-102,-294],[9,-216],[75,-253],[93,-306],[168,-270],[93,-210],[65,-204],[-56,-354],[-149,-240],[-298,-271],[-177,-126],[-215,-168],[-84,-330],[131,-210],[596,-618],[466,-493],[215,-222],[214,-114],[354,-18],[429,210],[326,343],[355,282],[251,126],[466,-12],[289,-132],[420,-180],[354,-222],[168,-229],[196,-288],[298,-438],[335,-474],[345,-366],[345,-325],[382,-306],[448,-354],[391,-282],[392,-240],[223,-192],[84,-186],[-46,-319],[-140,-192],[-326,-216],[-336,-216],[-447,-234],[-457,-144],[-410,-24],[-774,-72],[-568,-72],[-476,-114],[-466,-186],[-345,-180],[-224,-151],[-298,-276],[-149,-204],[-103,-180],[-93,-186],[-46,-198],[-38,-228],[10,-354]],[[294491,148488],[18,-186],[-37,-246],[-447,-24],[-205,-174],[102,-210],[-56,-331],[373,12],[392,-282],[167,-222],[66,-336],[335,-156],[140,-162],[205,-204],[28,-307],[149,-186],[75,-294],[-19,-300],[261,-138],[84,-300],[-401,-288],[-112,-276],[-233,-163],[-335,-90],[-345,-126],[65,-366],[-457,-228],[-251,-198],[28,-234],[28,-174],[-289,-288],[-317,-109],[-28,-276],[112,-336],[-66,-348],[140,-246],[-121,-222],[-131,-312],[159,-313],[-28,-240],[-103,-156],[-251,-318],[0,-276],[9,-991],[-168,-558],[-205,-732],[-298,-421],[-541,-156],[-4297,-888],[-2041,-546],[-1566,-463],[-1165,-450],[-541,-276],[-541,-366],[-689,-630],[-1044,-979],[-718,-576],[-914,-643],[-1109,-1440],[-447,-859],[-476,-900],[-932,-1333],[-1426,-1663],[-1063,-894],[-1687,-1027],[-2209,-1201],[-2219,-1296],[-2237,-1711],[-2004,-1783],[-475,-420],[-839,-823],[-1585,-2047],[-708,-756],[-820,-1195],[-961,-1705],[-410,-558],[-801,-798],[-1343,-1039],[-848,-330],[-1529,-390],[-1053,-415],[-1827,-1080],[-839,-624],[-3234,-2306],[-2032,-1230],[-998,-348],[-736,-97],[-1007,78],[-2237,679],[-1930,858]],[[236446,101531],[-2050,775],[-2051,498],[-1519,324],[-1212,72],[-224,12],[-792,48],[-587,114],[-522,420],[-513,601],[-1072,1435],[-37,42],[-373,498],[-541,402],[-186,186],[-1091,937],[-811,576],[-1836,1309],[-2470,1687],[-1147,576],[-1342,324],[-1557,576],[-755,234],[-1379,211],[-1473,270],[-1827,582],[-1864,666],[-895,258],[-3701,715],[-1696,324],[-1604,582],[-1994,805],[-1427,408],[-2684,228],[-2433,60],[-1883,-66],[-1864,-234],[-2582,-642],[-1221,-397],[-2182,-864],[-4045,-1675],[-438,-174],[-1165,-306],[-1259,12],[-1799,426],[-2256,342],[-773,138],[-1277,228],[-811,-54],[-960,-240],[-252,-66],[-1603,-84],[-364,-24],[-1808,48],[-2209,468],[-1548,427],[-689,450],[-2023,1879],[-1482,1062],[-1995,745],[-1296,390],[-1090,738],[-1249,391],[-1455,174],[-1053,108],[-1044,672],[-979,925],[-438,828],[-18,1105],[186,1422],[392,1513],[745,1981],[112,967],[19,204],[-187,600],[-531,666],[-1324,943],[-214,150],[-1081,925],[-532,1020],[-671,1429],[-1034,768],[-1706,426],[-2004,337],[-858,348],[-1780,720],[-1352,426],[-802,36],[-1771,-426],[-866,-96],[-737,42],[-438,132],[-569,330],[-615,553],[-932,1861],[-830,1242],[-1612,1945],[-1221,1657],[-429,949],[-261,1459],[37,372],[-56,1765],[47,1795],[550,1542],[429,823],[84,720],[55,450],[0,18],[28,1267],[38,1177],[261,1368],[326,1129],[168,594],[205,1111],[74,612],[355,571],[1528,1680],[1371,2036],[214,474],[941,2107],[383,1579],[149,1440],[-410,1909],[-112,721],[-84,504],[186,793],[839,1176],[3039,2563],[1678,1477],[3859,3410],[2265,2125],[252,126],[1044,534],[792,307],[3365,570],[2153,42],[1352,-78],[885,-48],[3254,-324],[801,-24],[811,-24],[923,240],[578,462],[317,642],[112,217],[326,1758],[746,2156],[298,498],[923,426],[1398,594],[1109,745],[1426,2113],[550,1291],[131,786],[-19,1297],[205,1332],[317,1759],[569,2191],[1221,4227],[652,2461],[131,1711],[47,1705]],[[165884,218545],[1575,1284],[2069,913],[1454,270],[578,108],[4763,132],[4298,-294],[8063,-696],[2199,-295]],[[419332,921196],[-84,168],[38,354],[65,180],[158,264],[168,216],[224,294],[102,180],[261,259],[131,204],[-75,342],[-9,306],[-103,204],[-28,240],[-65,162],[-46,223],[-66,216],[-37,258],[37,156],[140,282],[75,156],[-364,204],[-485,156],[-298,60],[-438,216],[-764,283],[-401,210],[-336,66],[-401,132],[-494,84],[-335,36],[-569,30],[-578,72],[-484,48],[-336,24],[-457,66],[-494,60],[-447,48],[-103,348],[-18,186],[18,216],[66,235],[83,306],[-344,210],[-522,-30],[-364,-36],[-270,6],[-10,576],[75,456],[65,367],[84,528],[-457,216],[84,126],[-2200,606],[-1239,222],[-485,1285],[-121,378],[-103,192],[-140,289],[-18,138],[-10,246],[28,360],[94,330],[158,348],[1464,-42],[9,240],[84,331],[18,156],[-18,378],[-38,162],[-74,228],[-121,246],[-121,240],[-252,276],[-121,187],[-410,456],[-215,396],[-93,222],[9,270],[19,282],[177,331],[270,288],[196,174],[224,198],[307,156],[196,132],[224,156],[270,246],[112,150],[168,258],[177,169],[298,222],[224,168],[121,186],[121,264],[47,150],[112,276],[475,228],[364,150],[363,-18],[289,205],[205,168],[215,204],[121,246],[205,210],[326,294],[177,234],[112,162],[196,186],[214,433],[-233,300],[-298,54],[-224,270],[28,192],[28,336],[9,354],[10,271],[149,612],[205,444],[121,186],[159,156],[251,300],[112,271],[298,426],[-9,294],[-84,330],[-9,216],[0,330],[19,163],[56,288],[55,312],[-93,240],[19,300],[-392,276],[-382,18],[-279,90],[-299,114],[-195,108],[-299,283],[-289,498],[1855,1447],[-18,2377],[-94,516],[-1594,60],[-904,36],[839,246],[1902,553],[-177,288],[-345,462],[-103,210],[-18,192],[-28,240],[-66,361],[-37,204],[-47,210],[-37,216],[-9,252],[84,276],[177,258],[-243,336],[-251,175],[-317,186],[-485,282],[-18,6],[130,594],[-270,396],[-261,210],[-196,187],[-224,246],[28,276],[37,156],[47,150],[224,210],[196,114],[242,228],[56,198],[214,222],[168,151],[242,144],[224,204],[28,168],[159,258],[102,120],[205,216],[354,294],[243,198],[233,126],[233,133],[205,132],[168,192],[149,186],[251,138],[448,174],[326,180],[242,156],[476,102],[363,42],[261,54],[280,156],[196,337],[-382,162],[-224,132],[-196,282],[-9,192],[37,270],[37,150],[47,240],[0,204],[-345,331],[-317,108],[-102,192],[-66,210],[-130,294],[-93,312],[37,342],[84,276],[140,373],[74,264],[308,180],[345,-12],[391,-36],[364,84],[102,312],[94,336],[9,240],[-93,271],[-84,180],[-149,258],[-178,336],[-177,240],[-111,186],[-112,222],[-10,282],[-112,150],[-261,175],[-102,144],[-168,246],[-149,168],[-261,258],[-75,228],[-130,174],[-131,258],[-242,282],[-252,175],[-158,252],[-354,306],[-177,198],[-94,276],[75,294],[65,276],[28,253],[47,228],[37,360],[159,366],[-75,366],[28,282],[112,253],[65,318],[28,246],[-9,180],[-47,234],[-130,312],[167,276],[252,6],[354,72],[485,-90],[280,-66],[540,-66],[280,-12],[708,72],[466,78],[774,90],[522,96],[392,0],[289,157],[83,186],[215,318],[307,150],[122,174],[102,294],[-242,132],[-205,144],[-196,144],[-317,276],[317,553],[550,264],[233,60],[401,12],[354,216],[149,222],[-9,252],[401,168],[373,12],[372,12],[560,-24],[531,-72],[541,36],[522,12],[372,-120],[457,-36],[364,42],[456,-6],[662,168],[66,319],[46,270],[112,300],[56,258],[19,132],[-10,546],[252,307],[494,78],[503,84],[233,204],[485,138],[401,78],[531,120],[373,42],[317,48],[131,282],[307,324],[224,180],[382,174],[149,175],[112,198],[84,186],[298,132],[392,24],[550,6],[345,0],[335,-72],[336,-72],[317,-24],[550,-30],[419,-96],[205,-60],[420,-90],[456,-126],[345,-115],[233,-60],[373,-162],[429,-192],[307,-78],[504,-54],[568,36],[336,90],[354,126],[10,577],[-10,558],[-9,672],[419,-12],[345,-42],[261,54],[643,144],[327,78],[466,108],[233,60],[335,103],[550,132],[448,78],[531,114],[373,120],[242,96],[793,192],[578,138],[559,108],[401,84],[550,-24],[447,-48],[494,288],[131,156],[279,288],[103,157],[298,150],[317,138],[401,156],[121,24],[3188,888],[1827,510],[1463,415],[849,234],[484,-54],[858,-36],[755,0],[1268,114],[1566,300],[-56,-240],[-112,-330],[-215,-342],[-428,-181],[-401,-96],[-261,-174],[-93,-180],[9,-282],[466,-78],[196,240],[65,222],[447,72],[420,90],[335,138],[364,102],[569,54],[363,259],[289,270],[447,-42],[252,-198],[-46,-252],[-103,-295],[-112,-294],[-196,-168],[-335,-162],[-103,-222],[-56,-228],[-56,-156],[66,-258],[46,-229],[-9,-336],[130,-150],[150,-264],[177,-174],[168,-180],[344,-150],[289,-6],[336,-54],[280,-12],[400,-132],[364,-168],[252,-84],[382,-90],[354,-103],[214,-156],[75,-312],[205,-252],[345,-192],[308,-6],[447,-18],[382,-174],[187,-234],[205,-108],[326,-270],[242,-187],[410,-198],[66,-216],[-19,-282],[-37,-186],[-121,-198],[-94,-246],[317,-234],[177,-283],[159,-240],[233,-240],[-121,-372],[-299,-228],[-261,-252],[-195,-162],[-196,-132],[-280,-138],[-456,-139],[-504,-120],[-18,-240],[177,-240],[-131,-348],[-224,-156],[10,-378],[205,-282],[345,-181],[391,-156],[187,-198],[-299,-210],[-354,-192],[345,-234],[345,-114],[205,-168],[447,-180],[-28,-360],[-251,-211],[-19,-174],[131,-228],[-159,-282],[-177,-348],[261,-120],[270,-132],[327,-54],[475,78],[242,-342],[-9,-325],[289,-186],[75,-336],[-84,-192],[0,-246],[37,-210],[429,-54],[429,90],[503,-90],[242,-90],[373,-78],[252,-78],[326,-168],[261,-103],[205,-216],[252,-150],[298,-72],[438,12],[420,258],[410,-234],[37,-330],[103,-174],[419,-84],[242,240],[373,-198],[252,-228],[447,-162],[75,-210],[541,-120],[391,78],[308,0],[419,-60],[410,-24],[588,-36],[447,-169],[65,-372],[-168,-282],[252,-150],[261,-186],[187,-150],[186,-150],[382,-216],[476,-156],[484,102],[38,204],[298,198],[419,150],[299,-222],[121,-162],[270,-156],[429,-78],[130,-186],[224,-151],[494,6],[457,36],[279,121],[383,246],[242,204],[326,168],[401,-126],[336,-24],[550,24],[540,30],[410,6],[522,0],[494,-180],[122,-366],[466,-151],[345,121],[251,54],[485,-109],[75,-216],[382,-180],[363,-120],[168,-150],[140,-306],[-19,-288],[19,-186],[112,-234],[205,-162],[401,-79],[363,-42],[252,-306],[279,-150],[224,-90],[429,168],[130,312],[271,241],[-149,186],[279,234],[299,42],[531,12],[401,-180],[466,-138],[223,42],[131,270],[531,36],[243,-258],[195,-337],[-186,-330],[214,-276],[261,-156],[438,-18],[261,-114],[187,-192],[345,-270],[233,-102],[196,-246],[-345,-186],[-94,-199],[224,-234],[392,240],[345,108],[354,-132],[335,-78],[345,156],[215,108],[130,241],[215,138],[344,0],[420,-12],[168,-258],[-131,-181],[-242,-252],[-28,-372],[335,-228],[308,-24],[382,-36],[103,-252],[382,-126],[270,84],[569,6],[279,-186],[-344,-270],[-401,-144],[-205,-127],[-317,-228],[28,-252],[130,-306],[-186,-246],[-243,-186],[-93,-138],[38,-294],[46,-253],[345,-288],[280,18],[512,-156],[271,-162],[149,-240],[158,-324],[-112,-354],[196,-228],[373,-42],[233,-229],[-37,-210],[-149,-354],[102,-276],[280,-84],[419,-120],[308,-276],[596,-36],[261,90],[131,300],[149,150],[410,162],[289,-108],[177,-204],[317,-294],[243,-192],[186,-162],[270,-229],[149,-108],[317,-156],[-167,-258],[-140,-198],[-65,-258],[354,-276],[401,-114],[419,-66],[513,30],[261,-150],[242,-90],[289,-187],[65,-162],[-233,-222],[-251,-84],[-280,-180],[-298,-186],[-196,-234],[-47,-174],[-18,-252],[167,-156],[429,-114],[196,-79],[345,-228],[438,-246],[280,-138],[391,-18],[531,48],[215,180],[410,192],[587,-6],[345,60],[233,48],[354,54],[280,-36],[261,-204],[-19,-300],[66,-174],[251,-180],[364,36],[74,246],[47,204],[214,276],[177,120],[140,271],[112,342],[541,-12],[261,-234],[401,36],[456,6],[261,-30],[355,-54],[261,-24],[354,-42],[373,-48],[18,-337],[-9,-210],[177,-192],[578,-48],[84,264],[233,294],[335,78],[252,-120],[224,-270],[494,-168],[326,-72],[261,-102],[205,-264],[298,-198],[541,-102],[373,-102],[317,-234],[74,-192],[-93,-355],[-93,-150],[19,-264],[167,-216],[439,-144],[363,66],[392,138],[261,84],[475,18],[280,-48],[289,-78],[345,-132],[223,-144],[149,-366],[-65,-264],[37,-169],[-121,-252],[112,-330],[168,-246],[84,-168],[270,-204],[84,-318],[-131,-312],[-93,-271],[-102,-318],[-299,-186],[-382,-96],[-130,-306],[28,-234],[18,-234],[345,-240],[-112,-277],[-93,-174],[-382,-96],[-559,-102],[-271,-150],[-223,-240],[-252,-318],[-149,-198],[-298,-246],[-159,-205],[75,-210],[121,-222],[429,-120],[503,-6],[438,-48],[242,-60],[411,78],[289,90],[289,54],[316,-174],[252,-168],[354,-240],[-195,-198],[-56,-174],[-168,-216],[-475,30],[-94,-331],[271,-300],[354,0],[466,132],[289,-102],[270,-228],[289,-168],[131,-228],[-177,-192],[-112,-192],[-476,78],[38,252],[-336,168],[-270,-18],[-541,-90],[9,-330],[131,-234],[112,-234],[251,-193],[233,-78],[168,-282],[131,-198],[-429,-174],[-336,-192],[122,-300],[130,-204],[103,-222],[-66,-162],[84,-319],[560,54],[83,168],[373,85],[215,234],[419,210],[336,-114],[140,-186],[158,-265],[28,-222],[308,-180],[214,-150],[196,-228],[354,-282],[102,-282],[-83,-216],[-140,-240],[-401,-37],[-494,-204],[168,-186],[503,48],[373,144],[252,-24],[307,-120],[131,-246],[0,-252],[-327,-288],[-307,12],[-345,-162],[-392,-222],[215,-186],[214,-114],[-252,-307],[-344,-84],[-327,180],[-531,120],[-317,-306],[103,-318],[-252,-306],[-121,-228],[-177,-108],[-308,-120],[-419,30],[-271,-234],[-37,-300],[-37,-193],[177,-282],[-131,-264],[-270,-198],[317,-198],[270,-84],[364,-84],[289,72],[401,-258],[167,-366],[168,-241],[-65,-192],[-298,-174],[-122,-156],[-326,-198],[-438,-66],[-121,-258],[270,-228],[47,-210],[149,-271],[93,-168],[10,-306],[195,-282],[-335,-312],[93,-252],[196,-144],[65,-216],[-84,-307],[-261,-222],[-364,102],[-410,174],[-298,-294],[168,-312],[-187,-204],[-317,-252],[-139,-246],[-47,-270],[-56,-319],[-19,-276],[-55,-252],[-84,-192],[-280,-222],[-261,-144],[-429,-162],[-279,-126],[-196,-132],[-261,-180],[-215,-138],[-484,-205],[-373,-24],[-224,66],[-289,163],[-429,228],[-261,60],[-428,0],[-252,-24],[-326,-108],[-243,-265],[-158,-228],[-401,-258],[-354,-126],[-541,-54],[-540,48],[-364,-102],[-196,-270],[-447,-240],[-364,-132],[-307,-144],[-252,-102],[-336,-144],[-326,-115],[-149,-252],[205,-234],[-93,-174],[-392,-114],[-615,-126],[-540,-84],[-485,-78],[-410,-78],[-261,-72],[-392,-120],[-317,-234],[149,-337],[159,-186],[-326,-204],[-261,-108],[-476,114],[-56,198],[-28,373],[-363,276],[-317,-276],[196,-313],[9,-348],[84,-198],[140,-240],[-121,-180],[-196,-186],[-522,-78],[-382,-54],[-271,12],[-121,276],[-531,12],[-75,-198],[-578,6],[-289,312],[-74,198],[-56,222],[-252,198],[-410,126],[-447,-30],[-308,-132],[-186,-330],[-373,-264],[-196,-270],[-326,12],[-252,210],[-121,330],[-243,210],[-344,0],[-271,-126],[-289,-138],[-466,-186],[-18,-330],[223,-144],[-149,-300],[-252,-66],[-223,-235],[-466,-6],[-420,-78],[-261,-258],[-298,-156],[317,-312],[130,-234],[-130,-366],[-382,24],[-532,-18],[-335,-72],[-382,-48],[-401,144],[-308,228],[-382,150],[-270,-240],[-466,-222],[-448,-108],[-270,-193],[242,-300],[252,-186],[270,-216],[168,-192],[-363,-300],[-252,-24],[-457,6],[-391,-42],[-308,-114],[37,-288],[-168,-192],[-354,-55],[-233,121],[-261,204],[-484,144],[-271,-174],[65,-198],[196,-325],[326,-228],[336,-126],[270,6],[196,-270],[121,-186],[-18,-240],[-327,-126],[150,-312],[456,-138],[448,-55],[167,-198],[-251,-294],[233,-198],[-121,-342],[-420,-162],[-37,-258],[158,-324],[-177,-175],[289,-270],[448,-162],[456,-72],[355,-24],[326,132],[280,78],[410,-90],[84,-186],[102,-366],[-391,-18],[-513,-162],[-438,-240],[224,-258],[111,-168],[159,-277],[93,-162],[485,-90],[261,210],[130,198],[252,325],[289,108],[382,30],[261,18],[382,-18],[289,-66],[289,-18],[112,-361],[37,-258],[-261,-240],[-326,-90],[37,-330],[-28,-204],[317,-192],[532,78],[400,-18],[299,228],[-66,204],[308,312],[168,198],[447,-30],[94,-222],[139,-246],[-37,-348],[205,-204],[336,6],[279,-246],[103,-301],[354,-102],[308,-258],[298,-312],[158,-168],[252,-186],[270,-198],[336,-228],[186,-288],[243,-199],[242,-168],[457,-156],[401,96],[466,108],[438,-6],[196,48],[475,-6],[-102,-324],[-308,-264],[-336,-192],[-74,-378],[214,-180],[280,-252],[158,-319],[66,-144],[111,-240],[317,-66],[494,90],[355,0],[382,0],[410,-48],[457,-18],[363,-24],[457,-18],[205,138],[-56,234],[9,228],[271,181],[270,60],[438,30],[261,-12],[410,-54],[317,-84],[215,-85],[223,-300],[-233,-282],[-177,-174],[205,-252],[336,-186],[130,-168],[-158,-282],[102,-301],[280,-204],[336,-288],[0,-228],[-252,-264],[-513,-156],[-494,-42],[-438,-126],[-19,-324],[-149,-174],[-345,-145],[-233,-156],[-233,-198],[-270,-228],[-168,-264],[75,-162],[335,-228],[317,0],[317,240],[187,144],[400,78],[327,-78],[279,-324],[177,-354],[522,-6],[196,234],[-65,246],[-19,174],[233,228],[289,60],[327,-48],[261,-210],[438,-204],[363,-120],[233,-114],[233,-186],[177,-180],[215,-187],[326,-132],[280,-90],[447,-150],[447,-60],[420,-6],[345,-24],[252,-66],[279,-174],[-37,-264],[-270,-276],[289,-324],[177,-186],[186,-193],[270,-108],[429,78],[336,66],[484,-84],[84,-162],[19,-258],[233,-294],[364,-66],[531,-18],[401,-36],[251,-222],[-84,-192],[-83,-264],[-28,-216],[-28,-259],[-140,-318],[-243,-228],[-177,-348],[271,-186],[428,12],[196,162],[448,18],[326,-150],[308,-174],[251,-264],[93,-373],[308,-228],[298,-12],[355,60],[251,90],[233,150],[243,108],[354,49],[438,-121],[391,-66],[578,-78],[317,-96],[326,-78],[392,-72],[214,-72],[28,-276],[-37,-168],[-28,-240],[-47,-216],[-261,-276],[-288,0],[-439,84],[-400,132],[-280,-12],[-242,-180],[37,-373],[177,-234],[205,-126],[-9,-282],[84,-210],[428,-126],[205,-42],[439,24],[261,120],[447,-96],[65,-192],[177,-282],[84,-216],[-74,-343],[-75,-222],[-242,-330],[-196,-228],[-168,-198],[-168,-186],[-65,-186],[56,-246],[196,-283],[261,-114],[457,-180],[242,-162],[186,-222],[-28,-156],[-372,-168],[-168,-264]],[[332364,432737],[-112,-264],[65,-162],[168,-306],[391,-570],[140,-235],[28,-456],[37,-618],[168,-264],[93,-90],[94,-295],[37,-168],[-10,-234],[-428,-180],[-1184,-486],[-494,-204],[-168,-330],[-9,-222],[-103,-235],[-317,-930],[-410,-234],[-568,-30],[-1166,-90],[-93,-144],[-93,-234],[-19,-169],[10,-318],[28,-360],[37,-360],[65,-204],[140,-408],[130,-379],[-37,-312],[-93,-204],[-186,-366],[-206,-216],[-223,-282],[-317,-168],[-224,-109],[-270,-120],[-28,-228],[-75,-804],[-74,-252],[-858,-216],[-783,-132],[-1091,-108],[-1034,-97],[-1249,-60],[-979,-12],[-1202,96],[-821,97],[-1528,156],[-19,-235],[0,-198],[0,-234],[102,-618],[224,-961],[252,-1170],[-401,-174],[-345,48],[-280,0],[-372,-60],[-336,-18],[-513,90],[-428,42],[-951,96],[-448,30],[-410,24],[-429,-18],[-503,-54],[-1417,-198],[-1706,-156],[-605,-90],[-327,-331],[-158,-168],[-531,-102],[-2126,78],[-140,-210],[131,-786],[28,-216],[130,-240],[66,-211],[46,-360],[103,-240],[74,-192],[112,-552],[-130,-204],[-410,-162],[-10,-235],[-93,-342],[-84,-192],[-93,-378],[-131,-258],[-149,-240],[-158,-144],[-196,-186],[-457,36],[-410,78],[-186,168],[-252,168],[-345,156],[-186,30],[-513,36],[-466,30],[-308,66],[-233,180],[-261,246],[-494,318],[-373,-24],[-410,-66],[-643,-126],[-279,-78],[-429,-192],[-345,-108],[-298,-132],[-308,-84],[-401,-132],[-307,-132],[-373,-156],[-802,-42],[-112,-355],[75,-210],[84,-180],[251,-600],[-848,-102],[-74,-12],[-700,-66],[-885,90],[-718,120],[-559,276],[-373,72],[-569,30],[-279,144],[-308,108],[-391,132],[-280,-18],[-457,132],[-261,199],[-130,150],[-354,108],[-420,72],[-308,6],[-344,54],[-411,144],[-522,186],[-615,132],[-298,6],[-429,108],[-279,6],[-373,-90],[-205,-102],[-494,-84],[-578,54],[-364,90],[-345,168],[-279,-78],[-401,-108],[-401,-192],[-420,-24],[-270,-120],[-252,-246],[-512,-102],[-429,-205],[-466,-138],[-401,-18],[-466,90],[-261,108],[-447,-162],[-355,-156],[-102,-174],[-56,-216],[-1697,42],[-102,-72],[-56,-420]],[[111297,438098],[401,1501],[10,144],[46,360],[19,342],[18,156],[75,330],[186,697],[-139,96],[-886,204],[-214,36],[-821,126],[-838,120],[-467,96],[-466,126],[-1025,294],[-438,114],[-9,337],[-19,240],[-131,132],[-307,168],[-792,222],[-215,210],[-46,210],[46,433],[-19,324],[-74,576],[196,985],[65,66],[857,462],[1166,618],[512,444],[1454,1129],[653,510],[75,210],[93,186],[18,205],[-177,318],[-1249,1062],[-1985,955],[-364,144],[-335,144],[-261,192],[-177,192],[-206,264],[-46,228],[-56,385],[-75,342],[-345,66],[-764,90],[-1174,216],[-94,18],[-820,174],[-65,24],[-1342,216],[-19,282],[-84,270],[84,331],[196,486],[168,438],[65,192],[56,186],[65,324],[47,289],[46,318],[149,324],[140,216],[112,240],[121,204],[84,168],[84,205],[1724,-253],[215,487],[84,252],[139,180],[644,612],[223,228],[299,276],[167,361],[0,366],[10,252],[18,276],[28,192],[47,288],[56,258],[-308,271],[-214,120],[-410,192],[-532,222],[-93,36],[-484,216],[1388,426],[793,264],[84,30],[941,361],[3440,1320],[885,192],[1212,259],[345,96],[2134,558],[1296,384],[121,756],[280,247],[242,174],[252,282],[280,174],[84,150],[121,270],[130,258],[149,246],[187,151],[149,186],[158,144],[75,234],[224,186],[251,246],[280,132],[354,138],[224,126],[47,240],[-252,156],[28,403],[177,324],[336,168],[344,-36],[345,168],[159,240],[261,330],[242,222],[457,217],[242,210],[392,126],[84,204],[214,258],[308,42],[289,162],[205,180],[56,264],[102,234],[308,307],[28,276],[177,312],[130,330],[149,216],[457,102],[382,-30],[345,222],[-74,216],[-28,193],[-252,204],[-559,114],[-205,144],[0,282],[56,318],[167,228],[-400,48],[-280,60],[-429,180],[0,216],[112,373],[-149,204],[-168,234],[-140,348],[289,228],[0,378],[-9,180],[158,229],[84,204],[-345,252],[-242,150],[-280,126],[-102,234],[-215,282],[-158,168],[-261,132],[-326,265],[-457,66],[-410,-48],[-261,90],[-345,156],[-205,78],[-354,66],[-299,12],[-279,72],[-327,60],[-261,36],[-344,66],[-466,-24],[-317,30],[-429,126],[-261,120],[-448,234],[-466,126],[-345,90],[-261,132],[-214,126],[-391,78],[-271,-24],[-317,0],[-494,54],[-326,181],[-224,96],[-475,144],[-485,-6],[-307,-138],[-550,-96],[-317,96],[-532,288],[-363,222],[-9,120],[242,282],[-84,162],[-196,192],[-438,180],[-186,54],[-364,120],[-140,175],[-205,144],[-195,150],[-439,252],[-438,-42],[-261,180],[-242,192],[-84,132],[-438,102],[-513,144],[-251,150],[-289,192],[-205,102],[2143,1153],[2014,1027],[1827,936],[2060,1081],[1846,936],[932,456],[857,319],[1790,384],[1137,144],[1454,174],[1576,138],[5266,-156],[1529,-258],[1063,-252],[4231,-2155],[2079,-1069],[10738,-5535],[1436,-708],[2107,-1123],[1239,-660],[2592,-1213],[205,-96],[1174,-432],[681,-18],[5304,-54],[1771,18],[2339,18],[2759,-6],[895,-132],[671,-54],[1026,-54],[745,60],[1604,396],[1706,222],[1025,-48],[2218,-54],[2098,-36],[3775,42],[2423,90],[2853,6],[2190,-102],[3747,-264],[6274,-84],[3374,-246],[7327,-78],[11717,-90],[4819,-295],[4409,-48],[5304,-150],[6236,-30]],[[777078,382173],[513,-150],[391,-42],[336,-48],[335,-85],[298,-138],[122,-366],[-47,-342],[-28,-228],[9,-180],[66,-282],[177,-264],[242,-217],[233,-198],[140,-108],[308,-216],[372,-276],[522,-420],[215,-264],[28,-198],[-364,-121],[-354,79],[-391,-91],[-336,-342],[-382,-330],[196,-288],[158,-342],[-447,-180],[-886,-391],[-280,-210],[-65,-186],[19,-312],[149,-360],[224,-234],[158,-114],[289,-180],[261,-156],[168,-187],[149,-318],[345,-180],[485,12],[195,198],[10,162],[-168,265],[-289,282],[373,228],[326,-210],[597,-421],[130,-138],[224,-204],[335,-228],[-9,-360],[-130,-144],[-252,-180],[-187,-156],[-121,-228],[345,-180],[466,-24],[494,6],[448,24],[494,54],[522,54],[419,-84],[271,-157],[279,-180],[140,-144],[75,-252],[-243,-228],[-317,-96],[-317,-246],[94,-324],[251,-361],[84,-192],[65,-210],[-74,-264],[-177,-192],[-354,-150],[-299,-12],[-326,-156],[130,-402],[19,-162],[-19,-367],[-27,-192],[-28,-330],[-10,-54],[-37,-462],[19,-432],[-429,24],[-121,348],[-392,210],[-559,42],[-354,6],[-373,0],[-364,-18],[-401,-6],[-456,12],[-364,-210],[84,-162],[224,-192],[354,-126],[559,-102],[392,-91],[438,-204],[307,-156],[224,-108],[326,-162],[457,-240],[326,-276],[224,-162],[280,-192],[261,-252],[74,-199],[56,-180],[93,-204],[-55,-174],[-383,-204],[-149,-198],[-391,-96],[-280,12],[-270,192],[-103,270],[-466,90],[-252,-120],[10,-294],[438,-246],[130,-204],[-37,-192],[-9,-204],[93,-277],[186,-132],[271,-150],[317,-318],[-131,-396],[-168,-348],[-93,-168],[-140,-217],[-251,-360],[-177,-246],[-112,-144],[-261,-264],[-196,-222],[-121,-144],[-103,-240],[-130,-301],[-103,-222],[-140,-192],[-130,-204],[-131,-414],[-65,-396],[-9,-228],[74,-409],[10,-336],[46,-174],[187,-318],[-131,-204],[-466,-162],[-550,-258],[-345,-198],[-195,-187],[-122,-216],[66,-198],[643,-912],[177,-180],[242,-331],[94,-174],[195,-354],[28,-282],[-112,-342],[-18,-336],[-504,-186],[-345,6],[-391,18],[-336,102],[-578,246],[-307,120],[-187,168],[-18,288],[65,258],[-75,318],[-251,78],[-401,30],[-280,-60],[-456,-150],[-550,-36],[-252,-216],[298,-276],[709,-324],[326,-258],[-9,-246],[-122,-192],[-177,-145],[-223,-162],[-336,-168],[93,-348],[364,-282],[140,-138],[233,-246],[335,-96],[1156,0],[75,-192],[65,-253],[168,-144],[167,-282],[-289,-216],[-372,-288],[-233,-240],[-112,-180],[-121,-234],[-94,-144],[-46,-265],[-66,-210],[-205,-138],[-428,-108],[-149,-234],[205,-174],[149,-138],[205,-210],[130,-180],[131,-258],[382,-217],[373,30],[307,66],[355,121],[550,138],[139,-241],[-93,-264],[-410,-240],[-298,-276],[46,-276],[168,-258],[28,-258],[-373,-270],[-18,-277],[0,-114],[56,-336],[130,-318],[-93,-144],[-121,-348],[-94,-216],[-149,-301],[-177,-162],[-279,-96],[-485,12],[-550,-90],[-289,-54],[-131,-324],[-55,-204],[-178,-240],[-167,-288],[-196,-331],[-103,-252],[-65,-300],[56,-210],[186,-186],[19,-270],[-158,-222],[-420,-174],[-317,-108],[-261,-187],[-475,-144],[-401,-66],[-541,-6],[-354,-18],[-438,-96],[-130,-156],[-150,-234],[-18,-210],[-93,-360],[-187,-186],[-242,-282],[-84,-289],[-37,-216],[-317,-1585],[-38,-174],[-84,-282],[28,-276],[299,-90],[-28,-336],[-317,-180],[-121,-288],[-243,-216],[-382,-6],[-65,-271],[457,-174],[251,78],[345,-120],[271,-144],[205,-186],[18,-282],[-298,-114],[-447,162],[-411,30],[-382,18],[-419,84],[-485,78],[-578,54],[-270,30],[-382,66],[-457,96],[-457,-192]],[[709694,552230],[139,-246],[-37,-240],[-65,-258],[0,-169],[196,-204],[242,-84],[261,-204],[196,-204],[195,-150],[336,-96],[336,-150],[391,-186],[634,-174],[75,-174],[195,-217],[522,-150],[681,-186],[1584,-600],[793,-60],[2684,-114],[541,-66],[531,48],[550,114],[587,318],[215,114],[923,486],[671,337],[447,132],[429,48],[559,24],[1109,-30],[439,-6],[689,-6],[783,-18],[494,-24],[308,-18],[317,-24],[690,-90],[1939,-126],[1314,-103],[1650,-132],[568,12],[494,-30],[606,-12],[616,-60],[1221,-168],[1137,-156],[1790,-192],[1127,-108],[373,-30],[522,-30],[578,-78],[457,-78],[811,-246],[615,-174],[1007,-409],[662,-306],[494,-210],[298,-114],[522,-150],[354,-18],[448,-30],[438,-66],[363,-18],[476,0],[428,-12],[448,-36],[401,-6],[391,12],[550,-54],[1128,-156],[1081,-228],[1165,-270],[1809,-619],[-65,1453],[-28,2191],[84,2401],[-56,1591],[-205,2137],[-84,2276],[-84,1536],[177,1441],[46,174],[914,919],[1398,1495],[1510,1446],[1911,2275],[1333,1561],[2209,2558],[215,264],[1640,2005],[1398,1717],[336,444],[-401,2761],[-941,3254],[-727,2642],[-401,1758],[-643,2180],[-616,1122]],[[165884,218545],[-3244,792],[-1594,288],[-1604,234],[-2050,235],[-2023,174],[-1790,54],[-1855,24],[-895,-18],[-941,18],[-3253,42],[-2685,24],[-1184,78],[-1295,84],[-1426,150],[-1604,210],[-2050,216],[-1268,102],[-3990,120],[-400,198],[-485,228],[-848,241],[-3244,492],[-16928,1381],[-8650,870],[-47,0],[-3216,474],[-3010,396],[-2890,205],[-3197,126],[-3505,84],[-1315,108],[-1500,-18],[-1175,-222],[-223,0],[-383,-18],[-671,-24],[-401,-6],[-289,-24],[-494,-42],[-363,-24],[-476,-24],[-382,-24],[-662,6],[-326,6],[-391,30],[-401,54],[-336,48],[-382,78],[-354,30],[-317,36],[-298,18],[-420,36],[-568,-30],[-410,-42],[-308,-36],[-280,-60],[-373,-78],[-279,-66],[-811,-181],[-159,-18],[-1221,-54],[-56,0],[-2050,-168],[-1967,-156],[-1007,-42],[-102,-6],[-522,-18],[-476,-12],[-690,18],[-578,18],[-3197,-156],[-1519,-108],[-1100,120],[-1249,258],[-2004,553],[-1520,588],[-1659,678],[-1426,673],[-1128,768],[-1090,744],[102,2342],[298,1158],[187,589],[168,312],[233,426],[587,834],[158,210],[280,391],[335,378],[672,786],[242,210],[149,138],[578,523],[298,216],[345,234],[364,246],[1342,781],[364,234],[419,264],[308,174],[149,114],[373,300],[251,192],[289,174],[168,168],[187,204],[177,199],[223,312],[122,210],[74,174],[187,462],[83,228],[75,198],[-149,295],[-56,246],[121,162],[466,768],[531,859],[168,510],[38,54],[251,420],[84,156],[56,348],[103,397],[83,246],[131,366],[28,240],[-19,456],[10,258],[65,223],[65,246],[-9,342],[-28,162],[-289,270],[-159,312],[-130,264],[-65,229],[-19,198],[149,480],[-28,312],[-28,522],[28,174],[9,271],[0,228],[-9,354],[-28,282],[-46,138],[-66,252],[122,192],[326,397],[74,132],[345,600],[19,72],[177,468],[37,60],[252,360],[-149,277],[130,324],[-56,246],[150,198],[83,282],[-214,252],[-391,222],[-224,312],[-140,211],[-56,354],[214,288],[-28,216],[271,270],[-10,228],[150,210],[177,355],[74,234],[261,240],[243,162],[307,132]],[[431869,835285],[-382,162],[-550,-54],[-37,-205],[37,-216],[66,-264],[-345,-300],[-392,-18],[-494,126],[-242,-168],[-177,-186],[-289,-198],[-457,66],[-242,90],[-373,-66],[-66,-348],[-186,-216],[-410,6],[-298,-36],[-289,-145],[-38,-300],[-121,-252],[-270,-84],[-466,-234],[214,-342],[-121,-246],[168,-192],[401,-66],[223,-126],[122,-199],[139,-276],[0,-204],[-298,-192],[-475,108],[-345,78],[-298,-12],[-289,-36],[-429,-66],[-289,-36],[-364,120],[168,306],[19,162],[-336,156],[-578,79],[-568,48],[-261,216],[139,162],[457,72],[569,84],[177,204],[-364,246],[-326,36],[-289,54],[-391,114],[-327,6],[-307,-24],[-308,36],[-391,186],[-94,144],[-158,301],[84,276],[317,36],[270,18],[289,204],[224,228],[531,-72],[382,-264],[364,-84],[354,192],[177,228],[121,204],[-112,228],[-279,78],[-457,54],[-363,120],[-187,102],[-373,246],[-214,151],[-354,204],[-476,192],[-354,126],[-438,156],[-410,132],[-336,108],[-214,42],[-420,-24],[-251,-96],[-289,-126],[-345,-132],[-476,-120],[-736,-120],[-690,-108],[-885,-102],[-345,-30],[-531,-18],[-373,-96],[-28,-193],[102,-204],[336,-282],[168,-216],[-420,-174],[-457,228],[-307,114],[-271,60],[-382,72],[-466,78],[-578,72],[-401,-18],[-932,-90],[-615,-90],[-373,-42],[-363,-30],[-308,-252],[-9,-210],[168,-270],[382,-727],[140,-228],[242,-258],[84,-240],[-9,-180],[307,-258],[382,-132],[224,-300],[224,-283],[0,-204],[-177,-300],[-150,-270],[206,-300],[74,-204],[-102,-222],[-411,-229],[-410,6],[-242,121],[-205,234],[84,276],[-28,366],[-177,96],[-327,108],[-522,-24],[-195,-144],[-401,-6],[-429,150],[-531,-132],[-233,-114],[-261,-126],[-233,-108],[-289,-126],[-457,-72],[-345,36],[-429,96],[-494,-84],[-121,-246],[19,-210],[223,-307],[140,-270],[-46,-294],[-280,-150],[-326,-192],[-196,-198],[-214,-228],[-233,-198],[-233,-169],[-280,-156],[-270,-138],[-392,-48],[-429,12],[-326,36],[-317,48],[-475,108],[-345,289],[-187,156],[-214,318],[-140,258],[-261,330],[-46,270],[-47,228],[-9,229],[-308,222],[-242,-66],[-354,-138],[-280,-97],[-364,-48],[-270,72],[-336,139],[-261,198],[-158,210],[-37,210],[214,300],[-140,348],[-568,-72],[-336,-138],[-494,-180],[-363,-66],[-327,0],[-382,84],[-363,132],[-224,66],[-373,48],[-364,-42],[-233,-114],[-233,-180],[-270,-312],[-177,-264],[-121,-234],[-65,-283],[-56,-198],[-345,-204],[-392,156],[-391,240],[-354,102],[-439,-120],[-289,-108],[-447,-30],[-242,234],[261,223],[475,210],[382,168],[-46,348],[-504,60],[-494,42],[-345,24],[-335,18],[-392,-42],[-242,-84],[-354,-186],[-280,-138],[-494,-162],[-280,-18],[-522,-12],[-344,-24],[-383,6],[-475,198],[-289,204],[-233,90],[-345,90],[-438,96],[-485,84],[-391,72],[-382,54],[-569,42],[-485,-18],[-270,-54],[-308,-48],[-391,-54],[-606,-18],[-457,-12],[-391,0],[-364,30],[-205,72],[-149,264],[112,294],[-65,355],[-504,-24],[-307,-114],[-252,-67],[-410,36],[-261,325],[196,144],[251,138],[187,354],[-280,246],[-317,-42],[-252,-186],[-410,-186],[-214,-48],[-420,-12],[-568,-66],[-289,-288],[37,-240],[-19,-157],[-261,-186],[-233,-30],[-335,228],[-19,181],[-84,258],[-223,156],[-392,168],[-391,84],[-392,-36],[-373,-288],[84,-300],[112,-120],[289,-169],[205,-96],[317,-156],[298,-306],[121,-210],[-37,-246],[-121,-162],[-121,-312],[270,-162],[438,-157],[233,-66],[308,-282],[-149,-264],[-438,-108],[-401,90],[-149,186],[-168,222],[-513,66],[-289,-132],[-102,-192],[-149,-258],[-178,-180],[-261,-150],[-344,-132],[-243,-132],[-205,-240],[56,-300],[140,-193],[186,-216],[47,-276],[-47,-162],[-65,-264],[19,-306],[46,-234],[-140,-337],[-512,-30],[-354,157],[-140,240],[28,180],[158,186],[140,288],[-345,276],[-485,-48],[-344,-72],[-317,-24],[-299,-6],[-317,78],[-214,132],[-261,192],[-317,222],[-186,132],[-168,199],[18,270],[411,36],[307,-210],[336,84],[242,84],[140,300],[-261,120],[-419,54],[-317,30],[-364,102],[-354,246],[-140,216],[214,300],[345,78],[299,36],[317,19],[177,264],[-150,192],[-326,228],[-168,168],[-195,174],[-196,150],[-429,174],[-326,-54],[-242,-102],[-271,-132],[-298,-66],[-401,24],[-438,54],[-261,-24],[-298,-192],[-382,-264],[-271,-138],[-373,-150],[-475,-132],[-261,-42],[-447,-30],[-560,36],[-568,114],[-364,78],[-373,78],[-298,48],[-475,42],[-299,-24],[-391,-96],[-270,90],[-401,36],[-494,-12],[-233,78],[-373,204],[-149,192],[-150,186],[215,348],[335,300],[-298,115],[-252,72],[-242,174],[-177,204],[-270,258],[-56,246],[373,84],[261,144],[-243,240],[-447,78],[-410,54],[-66,379],[261,84],[467,18],[344,186],[-111,174],[-439,150],[-344,24],[-168,324],[298,120],[513,12],[46,258],[-93,150],[-401,66],[-298,-126],[-261,-114],[-354,36],[-298,276],[27,192],[38,205],[37,288],[-308,126],[-428,-78],[-457,198],[28,180],[130,324],[47,144],[364,162],[298,-6],[326,276],[-130,145],[-327,114],[-494,66],[-475,114],[-140,144],[-233,228],[-308,186],[-494,-174],[-121,-216],[-307,-192],[-355,-18],[-410,18],[-195,102],[18,282],[65,360],[-242,186],[-214,84],[-345,120],[-401,162],[-364,48],[-344,-84],[-261,-132],[-448,-132],[-242,156],[-19,264],[317,114],[28,277],[-336,288],[-400,144],[-476,-216],[-503,-318],[-159,-145],[-9,-240],[-298,-168],[-401,162],[-298,325],[46,282],[112,318],[-149,216],[-261,180],[-233,66],[-438,-180],[-187,-180],[-167,-282],[-112,-174],[-364,-150],[-298,126],[-158,228],[-28,186],[37,300],[130,240],[131,156],[-457,222],[-261,-114],[-429,-210],[-484,-102],[-383,162],[-158,204],[-214,324],[-299,103],[-307,72],[-345,294],[158,234],[299,120],[494,174],[298,234],[214,204],[243,330],[186,343],[140,198],[149,342],[-75,234],[-214,300],[-289,24],[-401,6],[-345,90],[-289,294],[-121,264],[84,355],[289,222],[364,198],[307,186],[448,204],[-233,294],[-196,-18],[-494,-84],[-373,-84],[-233,-18],[-354,-18],[-299,-30],[-372,-30],[-271,318],[-18,270],[111,193],[271,144],[270,42],[326,-108],[373,192],[0,126],[-28,270],[-354,174],[-252,-48],[-456,-48],[-420,-54],[-382,-42],[-410,-174],[-587,42],[-355,174],[-345,156],[-205,66],[-317,138],[271,294],[270,30],[326,6],[289,6],[364,84],[84,186],[18,295],[131,222],[177,186],[326,204],[196,138],[214,204],[280,168],[-308,246],[-428,-270],[-383,-240],[-316,-222],[-308,-30],[-578,42],[-140,216],[9,354],[-205,300],[10,234],[56,187],[46,324],[-494,204],[-466,-66],[-410,-54],[-391,-240],[-47,-174],[-65,-319],[-168,-228],[-448,-30],[-298,72],[-382,144],[-261,204],[19,265],[9,168],[-121,318],[65,342],[252,168],[345,210],[130,156],[28,222],[0,229],[9,186],[38,354],[0,216],[-84,246],[-19,264],[65,186],[243,186],[242,42],[401,-24],[382,-6],[345,18],[354,12],[308,6],[438,187],[-37,288],[-66,174],[-251,192],[-168,288],[19,282],[18,264],[0,252],[-242,277],[-559,102],[-308,-66],[-662,-156],[-317,-72],[-391,-157],[-289,-138],[-382,-156],[-411,6],[-233,-294],[-503,-156],[-326,90],[-494,174],[-233,192],[-187,78],[-419,18],[-28,306],[429,259],[121,228],[-75,312],[-223,228],[-364,30],[-326,-138],[-177,-144],[-429,-168],[-270,120],[-215,156],[-252,108],[-326,174],[28,378],[271,132],[568,78],[326,-126],[485,-48],[494,132],[177,313],[-251,162],[-289,126],[-289,114],[-215,138],[-233,282],[-251,72],[-439,0],[-335,-228],[-429,-120],[-569,24],[-289,72],[-484,150],[-373,216],[-19,186],[299,228],[158,306],[-308,313],[-326,126],[-429,132],[-372,66],[-84,186],[307,216],[308,126],[168,102],[242,222],[-56,240],[-47,150],[28,271],[-195,336],[-504,168],[121,240],[122,162],[-56,354],[-233,204],[-47,168],[131,241],[344,0],[215,-199],[298,-162],[457,-222],[196,-360],[326,-204],[308,108],[158,258],[-224,318],[-270,102],[-354,120],[-84,235],[279,144],[522,42],[467,192],[428,210],[401,-102],[392,150],[112,150],[186,210],[-438,192],[-420,-42],[-447,150],[19,336],[-317,54],[-355,36],[-289,12],[-475,-12],[-410,127],[-186,180],[-234,186],[-344,90],[-261,30],[-345,216],[-84,198],[149,252],[317,0],[307,-30],[588,6],[522,90],[345,102],[363,120],[317,144],[298,12],[429,-90],[243,102],[0,373],[-261,162],[-252,168],[28,312],[168,186],[251,138],[429,138],[121,318],[-326,276],[-382,-66],[-317,-138],[-336,-102],[-251,24],[-243,204],[-205,241],[-224,228],[-494,30],[-438,-18],[-177,174],[-56,294],[0,264],[19,324],[168,150],[270,150],[177,108],[280,247],[102,198],[-121,258],[-168,204],[-18,174],[195,228],[206,120],[316,126],[467,204],[372,42],[317,-48],[261,168],[-158,229],[-159,132],[-307,174],[-280,30],[-345,-120],[-373,-102],[-335,234],[0,186],[37,318],[-280,66],[-391,174],[-289,288],[-214,150],[-177,301],[37,198],[279,234],[196,144],[271,168],[484,174],[364,30],[298,228],[-37,132],[-75,180],[-46,294],[-243,283],[-363,60],[-373,-6],[-504,-60],[-382,54],[-373,-222],[103,-199],[-419,-144],[-550,144],[-420,157],[-224,84],[-540,48],[-317,-78],[-345,60],[-270,288],[-168,228],[-112,324],[-131,336],[-55,192],[0,234],[195,253],[233,42],[438,0],[476,162],[158,156],[289,294],[205,222],[122,222],[102,198],[75,282],[18,192],[-56,247],[-335,258],[102,228],[187,300],[568,-6],[410,204],[-344,204],[121,336],[326,102],[75,295],[-261,150],[-271,36],[-438,216],[-28,216],[308,264],[345,84],[9,288],[-158,168],[-224,156],[-429,241],[-261,150],[-494,-162],[-457,-12],[-242,282],[56,216],[205,210],[-177,210],[-317,186],[-336,312],[-112,150],[94,235],[-66,318],[-102,222],[112,336],[-75,276],[-354,48],[-364,12],[-242,-54],[-401,222],[224,186],[214,349],[308,42],[289,-42],[466,138],[-149,234],[-317,96],[-448,90],[-279,198],[-177,318],[-75,312],[37,204],[522,132],[28,367],[-531,30],[-559,114],[-280,282],[-74,234],[121,246],[-233,144],[-448,-30],[-102,-234],[-392,-126],[-261,162],[243,258],[-66,270],[-9,270],[205,289],[-102,204],[-261,150],[-401,84],[-317,-144],[-270,-72],[-401,-138],[-513,-144],[-270,72],[-280,102],[-410,234],[-47,258],[196,258],[252,150],[363,156],[345,144],[112,258],[205,217],[131,300],[-131,114],[-102,294],[37,318],[-149,246],[-205,120],[-299,138],[-261,102],[-298,144],[-186,289],[-205,270],[-280,150],[-65,330],[-112,204],[-317,84],[-168,174],[-112,228],[-456,114],[-411,24],[-391,175],[242,300],[271,72],[419,-6],[224,-198],[317,-72],[335,42],[401,192],[75,120],[438,138],[-103,312],[233,168],[364,6],[270,138],[28,240],[298,12],[373,-90],[270,-90],[336,30],[429,234],[261,156],[485,163],[37,300],[158,210],[205,270],[-205,204],[-484,132],[-336,36],[-205,234],[391,138],[233,84],[448,-66],[382,-108],[289,120],[233,204],[-158,205],[-280,84],[-177,210],[-121,162],[130,252],[466,-48],[261,-126],[317,-228],[448,-36],[475,36],[298,270],[317,-36],[979,-96],[1174,-120],[550,-60],[513,-60],[420,-30],[186,-18],[429,-42],[662,-66],[475,-30],[531,-18],[420,18],[261,6],[801,18],[923,18],[75,102],[177,264],[214,294],[271,294],[214,162],[205,150],[214,288],[-9,277],[-196,342],[159,342],[485,-12],[382,-24],[298,0],[345,-18],[289,-30],[503,6],[513,66],[373,48],[447,-30],[280,-102],[429,120],[149,180],[615,12],[382,-18],[420,-48],[1267,-186],[140,-24],[699,-96],[923,-228],[3421,-841],[1119,-420],[456,-72],[448,-72],[466,-60],[419,-6],[504,-48],[9,-180],[447,-402],[345,6],[746,48],[494,-60],[1072,60],[783,24],[4241,198],[2461,180],[187,12],[577,48],[578,36],[709,42],[736,24],[1240,126],[1333,126],[1081,102],[2219,234],[1314,156],[503,60],[1883,216],[1855,205],[1585,180],[1566,144],[829,78],[951,48],[895,42],[1063,42]],[[356459,24103],[-46,-108],[-1305,-3044],[-252,-330],[-84,-462],[-93,-577],[-149,-558],[-168,-300],[-429,-306],[-690,-228],[-922,-6],[-839,12],[-532,-96],[-531,-211],[-774,-402],[-904,-438],[-475,-264],[-671,-240],[-634,-90],[-755,-24],[-634,-30],[-1081,48],[-765,72],[-727,72],[-736,156],[-811,306],[-904,390],[-970,342],[-1277,306],[-736,127],[-755,90],[-662,42],[-680,-30],[-616,-156],[-745,-373],[-1249,-702],[-672,-336],[-400,-198],[-429,-342],[-615,-523],[-616,-474],[-857,-534],[-662,-306],[-662,-97],[-587,-126],[-475,-174],[-644,-342],[-447,-192],[-401,-30],[-438,90],[-289,282],[-457,547],[-671,570],[-494,204],[-466,36],[-578,6],[-503,-60],[-802,-240],[-690,-324],[-512,-391],[-746,-684],[-1445,-1243],[-326,-234],[-420,-354],[-288,-414],[-392,-714],[-410,-529],[-317,-360],[-326,-438],[-410,-456],[-383,-319],[-522,-366],[-745,-660],[-727,-552],[-793,-379],[-764,-348],[-420,-234],[-372,-168],[-522,-120],[-550,-66],[-578,-252],[-560,-180],[-708,-18],[-364,-30],[-307,-30],[-848,-162],[-541,-157],[-634,-168],[-568,-18],[-457,-42],[-569,-60],[-559,-90],[-587,-48],[-476,-54],[-634,90],[-484,132],[-494,66],[-671,-18],[-634,-6],[-588,6],[-764,72],[-727,54],[-578,42],[-643,120],[-764,133],[-1147,90],[-895,204],[-652,186],[-653,102],[-615,18],[-615,24],[-793,-78],[-615,-60],[-662,-48],[-578,6],[-783,18],[-531,18],[-634,24],[-680,-36],[-970,12],[-242,-12],[-1053,-48],[-1100,-54],[-1538,-54],[-755,-36],[-1576,-78],[-1612,-12],[-1408,-168],[-643,-175],[-503,-228],[-578,-186],[-420,-150],[-559,-120],[-764,-72],[-1454,-12],[-905,-6],[-680,-24],[-690,-252],[-596,-282],[-532,-174],[-689,-192],[-942,-18],[-708,-114],[-1501,-505],[-1091,-300],[-969,-222],[-839,-144],[-811,-102],[-755,-48],[-895,-78],[-932,-168],[-1035,-240],[-932,-181],[-1165,-198],[-1212,-126],[-1193,-54],[-1361,-234],[-979,-198],[-550,-96],[-745,24],[-718,120],[-923,252],[-764,216],[-867,228],[-923,139],[-923,240],[-1025,330],[-932,438],[-560,336],[-279,336],[-47,180],[-56,235],[28,342],[187,414],[326,576],[298,535],[457,576],[522,672],[447,523],[336,414],[102,366],[-9,342],[-56,336],[-149,415],[-233,426],[-401,576],[-419,324],[-448,300],[-484,264],[-448,217],[-484,198],[-448,192],[-578,228],[-680,240],[-765,276],[-736,270],[-811,379],[-578,234],[-317,132],[-578,252],[-745,300],[-700,252],[-829,282],[-820,252],[-737,223],[-2964,942],[-2638,702],[-615,217],[-606,264],[-168,72],[-624,276],[-933,306],[-382,102],[-289,-6],[-363,-60],[-354,-168],[-877,-510],[-1379,-871],[-1734,-984],[-746,-144],[-606,-114],[-400,6],[-280,36],[-354,126],[-1175,600],[-587,348],[-186,102],[-700,697],[-1631,1632],[-606,1063],[-18,186],[-112,1135],[-448,696],[-279,78],[-355,90],[-941,-84],[-1380,-354],[-1566,-606],[-1118,-337],[-1156,-414],[-858,-282],[-736,-456],[-662,-450],[-745,-715],[-783,-762],[-970,-1411],[-829,-1573],[-905,-840],[-745,-619],[-774,-450],[-699,-258],[-541,-192],[-1267,-282],[-1986,186],[-783,162],[-923,288],[-65,18],[-1025,360],[-662,247],[-420,162],[-559,222],[-951,396],[-745,462],[-979,757],[-643,534],[-830,600],[-764,516],[-802,619],[-736,492],[-606,600],[-858,733],[-1044,876],[-1016,865],[-1491,1278],[-1324,913],[-1137,678],[-1044,642],[-746,421],[-960,342],[-839,204],[-960,144],[-811,30],[-876,-30],[-1119,-102],[-74,-6],[-1631,-216],[-2722,-408],[-2676,-487],[-2013,-474],[-2023,-672],[-1277,-474],[-951,-481],[-708,-612],[-93,-126],[-457,-636],[-857,-1357],[-550,-739],[-793,-660],[-624,-432],[-625,-378],[-1109,-505],[-2191,-726],[-1976,-516],[-2181,-546],[-2218,-625],[-1855,-546],[-2722,-793],[-1445,-504],[-1156,-396],[-1072,-456],[-1818,-781],[-1780,-828],[-1407,-606],[-1613,-751],[-1408,-864],[-1407,-781],[-2247,-1446],[-1985,-1111],[-345,-192],[-699,-390],[-1277,-348],[-1184,-37],[-1146,61],[-1138,162],[-1258,270],[-1305,270],[-1594,222],[-2032,354],[-1389,90],[-1184,138],[-1957,96],[-1678,96],[-1258,265],[-1016,294],[-933,474],[-969,624],[-326,180],[-765,427],[-317,180],[-1584,498],[-1343,270],[-1267,144],[-1268,36],[-1389,-168],[-1193,-270],[-1277,-402],[-997,-396],[-1361,-787],[-1995,-1243],[-1622,-1164],[-792,-576],[-289,-211],[-1044,-636],[-494,-306],[-606,-234],[-727,-138],[-755,-138],[-690,-30],[-196,-12],[-801,18],[-970,36],[-652,60],[-271,132],[-326,198],[-391,276],[-327,258],[-233,216],[-317,354],[-317,403],[-335,348],[-410,264],[-336,114],[-541,66],[-531,-24],[-158,-6],[-709,-132],[-1090,-318],[-690,-114],[-783,-66],[-755,-24],[-578,6],[-457,48],[-354,96],[-410,240],[-373,324],[-373,354],[-298,288],[-317,409],[-326,504],[-215,294],[-130,120],[-345,216],[-429,192],[-261,90],[-494,114],[-867,193],[-774,192],[-522,150],[-307,78],[-420,78],[-615,90],[-512,42],[-392,-18],[-261,-108],[-280,-270],[-214,-324],[-289,-583],[-252,-462],[-279,-396],[-410,-450],[-364,-295],[-475,-252],[-233,-102],[-466,-192],[-690,-300],[-420,-156],[-242,-126],[-233,-198],[-224,-270],[-177,-307],[-19,-312],[0,-132],[10,-348],[-47,-240],[-102,-180],[-233,-234],[-336,-216],[-466,-193],[-317,-48],[-364,-24],[-242,-12],[-848,6],[-867,54],[-1137,132],[-1137,205],[-569,156],[-419,144],[-532,234],[-354,174],[-438,258],[-494,276],[-224,114],[-438,150],[-336,36],[-354,24],[-391,24],[-345,42],[-373,78],[-690,199],[-568,162],[-383,96],[-326,84],[-783,246],[-727,258],[-298,78],[-308,24],[-466,-12],[-485,-72],[-205,-36],[-1016,-186],[-708,-84],[-298,-12],[-550,126],[-271,216],[-158,222],[-112,222],[-112,282],[-74,319],[-159,924],[-186,762],[-149,421],[-196,300],[-429,318],[-494,300],[-401,168],[-410,114],[-531,-18],[-485,-138],[-494,-222],[-1044,-468],[-559,-216],[-504,-120],[-466,-66],[-503,12],[-643,60],[-494,84],[-457,138],[-951,342],[-746,276],[-261,102],[-354,90],[-494,78],[-410,30],[-531,-6],[-615,-48],[-914,-114],[-969,-72],[-532,0],[-419,24],[-410,54],[-457,96],[-662,216],[-531,229],[-504,258],[-838,474],[-737,450],[-606,372],[-289,204],[-177,163],[-102,186],[-19,246],[56,360],[19,390],[-38,564],[-18,373],[37,210],[84,192],[130,228],[215,282],[1277,1183],[410,426],[587,648],[559,577],[392,390],[373,420],[438,492],[335,415],[289,420],[224,348],[242,414],[159,384],[56,403],[28,402],[-37,324],[-84,300],[-103,282],[-112,216],[-112,210],[-111,271],[-10,198],[93,264],[150,384],[158,312],[224,468],[419,715],[550,924],[373,487],[420,564],[568,582],[93,96],[457,348],[783,709],[494,480],[289,348],[196,240],[251,397],[429,660],[448,480],[559,588],[177,121],[569,378],[662,396],[438,270],[419,348],[298,300],[448,493],[401,522],[298,672],[261,661],[196,348],[251,330],[457,474],[420,432],[643,625],[634,396],[335,144],[746,108],[559,0],[177,0],[1091,-114],[1202,-120],[1165,-210],[672,-60],[661,6],[905,108],[848,132],[410,30],[317,18],[923,-42],[923,-132],[1174,-240],[923,-204],[615,-240],[298,-72],[560,-85],[428,24],[178,61],[941,432],[382,360],[84,114],[839,1087],[1324,1470],[84,72],[801,667],[429,258],[410,198],[475,114],[392,42],[354,18],[858,-18],[494,-96],[671,-204],[764,-360],[1715,-1219],[196,-168],[1016,-870],[904,-811],[746,-888],[410,-409],[354,-360],[364,-324],[382,-294],[364,-234],[373,-186],[466,-168],[978,-259],[839,-150],[1259,-126],[923,-108],[643,-114],[1128,-258],[1221,-330],[1277,-324],[568,-72],[653,-48],[839,-6],[848,12],[1147,90],[866,108],[653,144],[494,174],[485,258],[596,342],[681,450],[587,451],[93,66],[503,414],[578,654],[541,781],[326,516],[131,156],[895,1087],[895,1116],[139,174],[699,877],[1026,744],[494,282],[624,204],[355,48],[661,36],[2275,97],[1687,18],[2666,0],[3439,12],[1548,0],[3011,12],[3644,-12],[1930,12],[736,48],[597,42],[401,30],[904,108],[512,120],[1007,420],[187,54],[680,288],[681,384],[1165,1021],[848,852],[960,1207],[634,714],[774,871],[344,390],[1026,1147],[811,894],[596,420],[289,66],[448,90],[1501,96],[1659,72],[158,6],[1995,18],[1230,97],[1175,174],[1417,336],[885,216],[1212,294],[708,192],[1240,336],[1454,439],[3114,762],[923,246],[1799,486],[1575,493],[951,360],[2358,900],[1091,402],[1034,547],[1631,912],[961,577],[1407,828],[1613,948],[997,571],[876,456],[718,366],[1100,522],[261,121],[438,192],[886,276],[1444,366],[1510,336],[1054,264],[867,252],[1156,499],[1323,540],[1538,762],[233,126],[904,475],[961,510],[801,516],[1193,901],[2433,1711],[448,318],[93,66],[1808,1308],[364,259],[745,558],[38,24],[1184,876],[997,643],[1016,570],[1594,858],[28,12],[2144,1063],[1957,1003],[1855,912],[2424,1087],[783,354],[475,210],[1846,786],[1156,463],[1211,504],[1660,744],[1715,769],[1659,648],[336,126],[1622,600],[801,270],[494,169],[1501,552],[1174,444],[1594,570],[1986,733],[2330,750],[2125,354],[2014,246],[2134,289],[1296,234],[1221,348],[1100,396],[774,312],[1603,799],[1473,858],[1640,865],[1622,672],[2014,774],[1771,649],[130,42],[2042,660],[2023,660],[2125,673],[1967,594],[1239,444],[2032,721],[1222,612],[1099,462]],[[654213,666110],[2386,-306],[56,0],[876,-18],[242,-6],[746,-30],[1762,-103],[1678,-102],[419,-24],[3496,-216],[1361,-144],[1510,-252],[1156,-222],[372,-42],[849,-24],[829,-48],[1165,-180],[765,-102]],[[628290,768013],[755,-336],[690,-198],[633,-54],[448,30],[466,108],[671,228],[1324,420],[531,96],[513,-6],[466,-114],[485,-246],[372,-378],[504,-1003],[46,-222],[66,-312],[84,-492],[-66,-306],[-158,-300],[-37,-205],[195,-300],[513,-378],[643,-312],[932,-342],[737,-120],[755,12],[1491,192],[1361,312],[1100,84],[326,-42],[466,-150],[681,-330],[559,42],[457,312],[475,294],[261,108],[354,66],[401,0],[308,-60],[251,-72],[355,-198],[112,-144],[242,-354],[140,-216],[233,-234],[214,-73],[373,-78],[438,-54],[382,30],[410,90],[224,18],[410,37],[494,-73],[606,-126],[354,-96],[457,-24],[615,84],[308,126],[457,241],[419,258],[149,276],[75,936],[-93,679],[-47,330],[-205,198],[-531,276],[-112,72],[-643,336],[-718,240],[-308,151],[-391,282],[-84,336],[47,162],[1099,972],[1762,1045],[438,180],[448,120],[559,30],[746,-126],[494,-246],[606,-444],[531,-565],[997,-1200],[1660,-1471],[233,-180],[177,-138],[317,-186],[652,-318],[392,-150],[466,-97],[270,-252],[186,-228],[168,-252],[84,-834],[-9,-493],[-112,-228],[-392,-270],[-307,-150],[-224,-96],[-177,-210],[-93,-480],[-28,-240],[-9,-259],[-75,-306],[-298,-324],[-233,-168],[-289,-48],[-355,-36],[-512,24],[-597,12],[-326,-42],[-317,-114],[-205,-186],[-280,-450],[-102,-421],[-47,-432],[-9,-570],[46,-192],[84,-336],[224,-331],[168,-306],[84,-240],[18,-246],[-65,-240],[-121,-192],[47,-348],[596,-283],[187,-54],[354,-96],[484,30],[662,90],[653,72],[317,-24],[298,-42],[270,-90],[401,-198],[280,-270],[121,-216],[177,-324],[214,-420],[94,-169],[112,-210],[18,-180],[10,-264],[93,-348],[130,-210],[243,-294],[111,-288],[56,-199],[420,-180],[335,-72],[438,48],[299,96],[335,307],[-28,300],[-93,270],[-205,294],[-121,234],[-37,192],[130,360],[215,223],[354,270],[335,222],[494,162],[308,6],[475,-66],[522,-90],[588,-114],[438,-78],[550,-216],[177,-84],[317,-205],[186,-174],[93,-288],[-93,-348],[-177,-240],[-270,-294],[-205,-252],[-317,-265],[93,-306],[326,-204],[448,-144],[391,-108],[298,-78],[289,-168],[94,-258],[-103,-288],[-186,-180],[-308,-193],[-392,-150],[-363,-108],[-438,-48],[-289,18],[-354,78],[-494,78],[-345,-18],[-289,-12],[-317,108],[-326,198],[-364,271],[-401,6],[-317,-126],[-242,-235],[-65,-306],[-94,-222],[-456,-180],[-392,-24],[-568,-36],[-224,-324],[186,-294],[1156,-1249],[205,-138],[224,-144],[326,-132],[243,-36],[372,36],[1529,150],[1109,138],[1044,150],[578,-18],[299,-78],[867,-444],[158,-114],[205,-216],[177,-271],[65,-216],[448,-1410],[18,-78],[280,-769],[47,-192],[-205,-288],[-308,-120],[-503,-120],[-541,-108],[-457,-72],[-540,-84],[-327,-180],[-177,-331],[215,-348],[391,-258],[364,-162],[391,-60],[643,-6],[895,78],[793,36],[689,-78],[755,-132],[541,-78],[401,-24],[382,48],[401,114],[279,132],[373,270],[336,60],[308,-18],[391,-252],[19,-270],[9,-486],[-93,-601],[-103,-168],[-214,-240],[-401,-312],[-252,-96],[-279,-96],[-569,-48],[-317,36],[-279,66],[-429,222],[-429,354],[-252,246],[-242,126],[-382,18],[-252,-96],[-242,-168],[-289,-246],[-205,-336],[-224,-432],[28,-366],[130,-367],[364,-438],[112,-240],[9,-240],[-37,-180],[-215,-282],[-279,-198],[-382,-253],[-401,-210],[-233,-90],[-410,-60],[-392,-108],[84,-306],[-214,-330],[-56,-312],[186,-349],[233,-216],[345,-36],[261,-30],[270,-222],[448,-66],[466,24],[382,60],[326,72],[504,72],[652,42],[886,84],[568,102],[345,90],[280,102],[289,151],[307,216],[439,234],[307,192],[242,306],[196,174],[224,456],[149,307],[112,222],[214,198],[215,168],[289,198],[326,204],[270,96],[420,66],[401,48],[372,60],[606,162],[588,156],[391,156],[270,145],[205,216],[103,318],[-186,372],[-206,546],[28,312],[299,205],[251,144],[336,114],[485,126],[484,42],[672,-30],[773,-120],[559,-156],[159,-60],[475,-265],[271,-270],[307,-402],[177,-264],[112,-150],[121,-294],[159,-204],[289,-204],[466,-187],[373,-66],[223,-12],[420,12],[298,36],[420,108],[391,181],[671,402],[364,282],[130,270],[122,312],[18,324],[-205,397],[-196,228],[-112,132],[-242,210],[-186,186],[-299,342],[-83,192],[18,288],[131,187],[149,216],[354,240],[606,252],[951,318],[251,108],[215,174],[251,72],[494,6],[336,-48],[373,-192],[1118,-582],[234,-102],[270,-138],[475,-186],[448,-144],[867,-139],[913,-138],[606,-156],[1780,-462],[429,-66],[466,24],[354,78],[308,132],[429,216],[615,366],[419,115],[252,-18],[354,-43],[392,-126],[186,-84],[1659,-996],[224,-204],[196,-192],[242,-307],[168,-342],[196,-630],[-47,-342],[-121,-222],[-158,-349],[-439,-576],[-270,-192],[-559,-210],[-1044,-180],[-662,42],[-1146,252],[-886,312],[-988,619],[-503,210],[-439,114],[-400,18],[-513,-6],[-485,-108],[-373,-192],[-84,-66],[-307,-247],[-270,-186],[-205,-342],[9,-282],[56,-270],[74,-192],[224,-246],[1230,-709],[783,-390],[289,-120],[373,-90],[364,-66],[307,-48],[476,-144],[270,-138],[205,-126],[326,-319],[233,-312],[140,-198],[103,-330],[0,-528],[56,-673],[186,-324],[187,-240],[354,-360],[979,-943],[205,-264],[251,-336],[131,-186],[56,-234],[9,-210],[-65,-282],[-28,-361],[307,-1068],[47,-222],[28,-222],[9,-457],[0,-90],[112,-642],[121,-744],[122,-727],[28,-174],[195,-258],[261,-168],[448,-138],[475,-96],[625,-36],[559,6],[466,72],[522,156],[336,168],[102,90],[420,378],[298,366],[130,271],[19,414],[-131,786],[-186,492],[-214,589],[84,294],[177,276],[373,258],[307,84],[382,30],[392,-12],[354,-108],[531,-318],[1268,-792],[466,-217],[177,-150],[149,-180],[150,-174],[326,-96],[382,-42],[494,48],[624,144],[569,222],[420,295],[438,504],[559,666],[270,180],[354,66],[392,-6],[345,-48],[606,-204],[196,-60],[549,-324],[299,-318],[56,-198],[-66,-240],[-242,-415],[-559,-528],[-858,-552],[-419,-258],[-308,-355],[-335,-570],[-560,-1333],[-130,-630],[18,-348],[94,-192],[205,-186],[298,-270],[326,-150],[261,-85],[354,-6],[364,66],[699,235],[727,270],[569,282],[531,582],[345,462],[186,223],[327,228],[326,108],[336,120],[363,66],[914,174],[624,66],[382,-12],[373,-84],[261,-126],[187,-162],[466,-420],[177,-223],[46,-360],[38,-228],[158,-168],[289,-132],[839,-162],[186,-24],[541,-72],[373,-264],[568,-697],[178,-156],[177,-174],[102,-312],[-130,-270],[-177,-210],[-308,-186],[-233,-72],[-373,-48],[-345,30],[-373,60],[-428,114],[-336,114],[-401,120],[-205,72],[-401,42],[-401,-72],[-391,-276],[-19,-330],[66,-211],[177,-240],[289,-234],[373,-180],[885,-462],[242,-108],[243,-126],[214,-216],[93,-223],[-111,-342],[-261,-264],[-252,-168],[-280,-120],[-438,-120],[-354,-6],[-326,24],[-336,12],[-485,-42],[-270,-216],[-37,-246],[112,-198],[307,-193],[224,-84],[438,-78],[382,-36],[420,42],[587,168],[736,277],[616,264],[587,204],[503,90],[513,60],[718,90],[372,-12],[746,-210],[1473,-486],[307,-319],[-46,-372],[-131,-282],[-102,-156],[-317,-348],[-345,-354],[112,-367],[317,-126],[466,-150],[1818,-300],[512,-42],[336,60],[391,252],[94,354],[-75,253],[-196,396],[-168,186],[-969,1081],[-214,306],[102,342],[196,228],[410,264],[755,360],[289,102],[475,120],[345,6],[382,-54],[206,-156],[307,-432],[65,-90],[355,-522],[46,-90],[177,-342],[94,-373],[55,-294],[94,-204],[270,-114],[317,-108],[317,-114]]],"bbox":[102.43264,14.13004,103.50544,15.79583],"transform":{"scale":[0.0000010728010728010594,0.000001665791665791667],"translate":[102.43264,14.13004]}}