{"type":"Topology","objects":{"districts":{"type":"GeometryCollection","geometries":[{"type":"Polygon","arcs":[[0,1,2,3,4,5]],"properties":{"CODE":"3701","PARENT":"37","NAME_TH":"เมืองอำนาจเจริญ","NAME_EN":"Mueang Amnat Charoen","NAME_CN":"Mueang Amnat Charoen","COLOR_IDX":3}},{"type":"Polygon","arcs":[[6,7,8]],"properties":{"CODE":"3702","PARENT":"37","NAME_TH":"ชานุมาน","NAME_EN":"Chanuman","NAME_CN":"Chanuman","COLOR_IDX":2}},{"type":"Polygon","arcs":[[9,10,-1,11,-7]],"properties":{"CODE":"3703","PARENT":"37","NAME_TH":"ปทุมราชวงศา","NAME_EN":"Pathum Ratchawongsa","NAME_CN":"Pathum Ratchawongsa","COLOR_IDX":1}},{"type":"Polygon","arcs":[[12,13,-2,-11]],"properties":{"CODE":"3704","PARENT":"37","NAME_TH":"พนา","NAME_EN":"Phana","NAME_CN":"Phana","COLOR_IDX":2}},{"type":"Polygon","arcs":[[-8,-12,-6,14]],"properties":{"CODE":"3705","PARENT":"37","NAME_TH":"เสนางคนิคม","NAME_EN":"Senangkhanikhom","NAME_CN":"Senangkhanikhom","COLOR_IDX":0}},{"type":"Polygon","arcs":[[15,16,-4]],"properties":{"CODE":"3706","PARENT":"37","NAME_TH":"หัวตะพาน","NAME_EN":"Hua Taphan","NAME_CN":"Hua Taphan","COLOR_IDX":2}},{"type":"Polygon","arcs":[[-14,17,-16,-3]],"properties":{"CODE":"3707","PARENT":"37","NAME_TH":"ลืออำนาจ","NAME_EN":"Lue Amnat","NAME_CN":"Lue Amnat","COLOR_IDX":1}}]}},"arcs":[[[569305,573452],[-405,-375],[93,-830],[172,-482],[218,-790],[-249,-349],[530,-522],[655,-388],[717,-54],[374,-93],[561,-282],[577,-214],[640,-616],[343,-281],[467,-375],[312,-763],[749,-308],[873,-281],[561,-121],[749,-40],[483,147],[530,54],[920,-241],[530,-40],[624,-14],[608,-120],[577,-348],[1013,308],[561,93],[1669,-40],[1122,94],[609,107],[1403,442],[857,147],[920,348],[530,201],[686,268],[842,442],[655,120],[1201,121],[764,67],[436,94],[655,281],[562,254],[717,-40],[1060,13],[608,-160],[2214,-1071],[328,-1058],[452,-1085],[1185,-3013],[-468,-522],[-296,-321],[-593,-857],[-374,-643],[-62,-362],[-172,-495],[-561,-830],[-795,-322],[-920,-495],[-16,-402],[62,-616],[-280,-375],[-811,-107],[-405,40],[-655,-80],[-671,-281],[-1481,-1714],[-998,-763],[-374,-656],[-249,-2103],[93,-776],[437,-1915],[358,-1835],[452,-642],[1388,-1072],[1871,-1486],[250,-817],[-562,-281],[-639,-67],[-733,-187],[234,-683],[-109,-469],[-312,-388],[-203,-509],[-202,-629],[-203,-402],[156,-495],[-312,-724],[-452,-281],[-203,-736],[-78,-817],[-514,-174],[-593,-402],[-873,-361],[-546,-415],[-514,-308],[-795,-469],[-530,-362],[-156,-468],[-406,-496],[-327,-589],[-593,-602],[-389,-268],[-796,-174],[-826,-322],[-437,-201],[297,-642],[156,-670],[-32,-509],[-187,-1071],[-202,-509],[-203,-522],[-811,-1419],[-499,-964],[-218,-496],[-1060,-2276],[-452,-710],[-203,-227],[-982,-1005],[-421,-482],[-936,-2718],[-93,-442],[-16,-495],[140,-764],[125,-816],[234,-536],[733,-924],[467,-964],[577,-1085],[297,-428],[311,-375],[796,-603],[1247,-1138],[1637,-2839],[140,-214],[827,-763],[2245,-1018],[858,-535],[686,-241],[1715,-322],[2339,-227],[1044,-94],[156,-27],[1014,-629],[233,-576],[-155,-348],[-250,-589],[-359,-643],[110,-509],[639,-348],[499,-134],[701,-174],[686,-67],[593,147],[405,349],[499,227],[624,429],[530,629],[624,335],[873,-121],[935,14],[624,-94],[733,-121],[998,-723],[608,-642],[171,-496],[63,-977],[-78,-857],[-296,-897],[-1030,-2263],[-171,-590],[-187,-522],[-328,-602],[-2603,-3643],[-531,-602],[-608,-107],[-280,-415],[-328,-282],[-374,-348],[-546,-482],[32,-495],[327,-603],[78,-723],[359,-723],[857,-321],[94,-496],[46,-428],[359,-522],[499,-241],[639,-215],[827,-13],[187,-388],[280,-442],[219,-522],[530,-54],[655,54],[467,-536],[515,-67],[857,-54],[562,-348],[187,-401],[-31,-670],[124,-562],[266,-670],[-110,-549],[203,-616],[624,-576],[545,-147],[406,-335],[546,-267],[639,-108],[701,175],[609,227],[639,-522],[390,-388],[296,-616],[842,-241],[592,-322],[733,14],[530,-496],[47,-870],[296,-563],[312,-374],[-171,-616],[-234,-456],[-219,-361],[-46,-670],[171,-241],[468,-522],[748,-1152],[764,-803],[905,-134],[514,67],[951,-107],[577,-254],[920,-215],[452,-790],[452,-1098],[-62,-629],[-62,-1152],[-63,-455],[-467,-723],[-562,-495],[-577,-456],[-1122,-669],[-515,-335],[-639,-442],[-982,-776],[-546,-402],[-421,-335],[-468,-375],[-546,-469],[-654,-656],[-546,-562],[-530,-442],[-203,-361],[-125,-549],[-140,-536],[-203,-1098],[-31,-482],[-234,-616],[-312,-482],[-514,-817],[-390,-562],[-483,-777],[-406,-616],[-982,-1433],[-452,-696],[-125,-388],[-31,-482],[0,-790],[62,-1192],[63,-1192],[-16,-1044],[-171,-576],[-390,-522],[-639,-308],[-998,-362],[-515,-294],[-452,-349],[-1185,-1298],[-171,-429],[-94,-535],[0,-871],[359,-910],[499,-991],[187,-389],[343,-348],[639,-468],[920,-831],[733,-763],[826,-1098],[593,-937],[951,-1942],[2276,-5771],[998,-3696],[483,-1647],[702,-2731],[436,-1540],[234,-2665],[281,-3441],[187,-4821],[-140,-4070],[-203,-2759],[-764,-3428],[-1575,-2999],[-2292,-3227],[795,-2491],[156,-254],[2417,-2183],[483,-482],[328,-442],[281,-763],[-203,-576],[-140,-508],[140,-402],[156,-509],[327,-321],[203,-710],[-359,-415],[250,-670],[670,-334],[546,-322],[281,-683],[-16,-428],[967,-322],[670,-334],[452,-201],[577,-228],[702,-361],[686,26],[608,-80],[468,-120],[608,-161],[468,-295],[389,-375],[749,-656],[888,-616],[468,-241],[640,-294],[249,-335],[-249,-522],[187,-750],[982,-442],[764,-388],[327,-148],[577,-388],[421,-361],[655,-590],[-1996,-2745],[-452,-616],[-1076,-1071],[-124,-147],[-920,-1821],[-250,-389],[-608,-763],[16,-750],[-78,-388],[-297,-469],[-2603,-3320],[-764,-1313],[-78,-187],[-125,-804],[-94,-374],[-561,-1768],[-62,-361],[62,-1554],[140,-147],[1107,-348],[141,-589],[-1326,-2598],[188,-817],[358,-388],[437,-335],[608,-254],[889,-174],[545,-201],[406,-241],[483,-375],[577,-215],[686,-522]],[[627728,333605],[-920,-308],[-826,-201],[-453,-80],[-514,-120],[-702,-188],[-904,-268],[-748,-214],[-796,-281],[-405,-214],[-561,-402],[-297,-241],[-514,-469],[-250,-227],[-530,-415],[-639,-523],[-546,-388],[-265,-228],[-389,-415],[-515,-468],[-873,-616],[-437,-282],[-545,-415],[-531,-535],[-1621,-1754],[-889,-911],[-2058,-2008],[-1466,-1447],[-1684,-1687],[-530,-522],[-436,-402],[-390,-308],[-452,-281],[-702,-348],[-639,-335],[-1169,-629],[-1295,-804],[-1730,-1124],[-1809,-1286],[-702,-482],[-920,-629],[-15,-14],[-1232,-749],[-842,-523],[-701,-482],[-468,-428],[-858,-804],[-545,-522],[-375,-348],[-514,-375],[-484,-335],[-514,-361],[-374,-241],[-764,-402],[-749,-388],[-374,-308],[-577,-536],[-265,-201],[-733,-401],[-1107,-523],[-171,-294],[-530,-2986],[-484,-2665],[-499,-2236],[-795,-3803],[-935,-2946],[-655,-3053],[-234,-589],[-234,-402],[-437,-522],[-592,-643],[-920,-1151],[-405,-442],[-3150,-2571],[-1621,-1540],[-1310,-1272],[-2277,-1741],[-1496,-1432],[-1637,-1688],[-889,-1004],[-1014,-1352],[-2822,-3294],[-1450,-1219],[-1403,-750],[-1247,-388]],[[557378,263226],[-2230,790],[-733,268],[-1918,723],[-1621,683],[-1045,468],[-795,416],[-671,455],[-732,562],[-546,442],[-343,335],[-655,736],[-1013,1339],[-328,536],[234,308],[390,469],[-78,669],[-468,576],[-561,40],[-780,-67],[-265,335],[-93,482],[-281,442],[-265,294],[-484,268],[-420,67],[-655,121],[-577,321],[-219,576],[-389,415],[-343,723],[-16,549],[125,495],[358,643],[-280,603],[-187,348],[-297,442],[359,549],[499,-14],[296,616],[-202,362],[-297,522],[187,737],[-389,428],[-468,13],[-328,616],[-233,335],[-250,482],[-374,563],[-749,388],[-732,0],[-920,40],[-951,80],[-1341,241],[-702,121],[-561,80],[-795,308],[-811,348],[-484,108],[-686,40],[-608,-14],[-904,-80],[-936,241],[-483,335],[-405,187],[-733,268],[-748,308],[-250,67],[-1544,308],[-732,120],[-686,-160],[-858,415],[-639,201],[-858,241],[-748,281],[-406,254],[-654,482],[-437,308],[-530,308],[-639,496],[-468,415],[-312,388],[-327,616],[-234,362],[-593,428],[-826,348],[-764,348],[-515,308],[-779,442],[-374,268],[-484,402],[-390,629],[-233,469],[-328,321],[-359,348],[-327,348],[-374,282],[-717,348],[-328,227],[-998,777],[-358,188],[-795,308],[-733,267],[-359,94],[-639,254],[-686,322],[-530,415],[-390,402],[-437,334],[-374,161],[-670,40],[-983,-40],[-920,-13],[-670,-27],[-359,40],[-639,107],[-546,134],[-826,174],[-343,201],[-483,469],[-453,442],[-405,468],[-452,737],[-437,629],[-436,522],[-421,442],[-624,643],[-312,361],[-545,670],[-421,375],[-437,335],[-733,442],[-546,267],[-389,255],[-437,294],[-514,576],[-608,362],[-281,455],[-16,576],[16,509],[-406,669],[-311,442],[-468,321],[-390,322],[-405,415],[-328,334],[-296,536],[-296,455],[-265,268],[-406,415],[-249,482],[-125,616],[0,710],[281,348],[-63,603],[-1263,991],[-311,281],[-359,522],[-203,348],[-436,563],[-484,549],[-686,495],[-467,455],[-343,362],[-983,897],[-452,482],[-47,750],[-78,589],[-62,348],[-171,549],[-297,496],[-156,790],[219,522],[280,535],[-343,349],[-140,388],[78,803],[-904,308],[-733,375],[-577,322],[-203,763],[-421,402],[-405,120],[-593,308],[-265,308],[-47,536],[-452,589],[-499,-81],[-654,-187],[-546,-27],[-530,255],[-359,348],[-281,401],[-265,590],[-265,442],[-467,401],[-375,268],[-686,362],[-1044,294],[-1201,255],[-530,107],[-483,93],[-686,14],[-3212,-54],[-515,268],[-592,375],[-312,268],[-577,294],[-1450,255],[-702,147],[-561,201],[-936,870],[-2307,2103],[-390,334],[-1575,1259],[-1512,1152],[-1279,977],[-265,214],[-2713,2049],[-1122,817],[-1591,1084],[-1528,1058],[-374,241],[-717,14],[-296,-348],[-437,-456],[-234,-388],[-249,-683],[-219,-482],[-296,-415],[218,-482],[749,-375],[421,-509],[-156,-576],[-31,-455],[-265,-736],[-265,-402],[-266,-509],[-155,-388],[-671,-1580],[-296,93],[-920,482],[-499,268],[-421,174],[-702,148],[-732,67],[-764,67],[-936,200],[-764,255],[-655,241],[-686,321],[-405,442],[-499,670],[-374,441],[-749,349],[-733,254],[-826,482],[-281,-589],[390,-482],[468,-281],[109,-509],[-530,-402],[-764,-442],[-452,-696],[-125,-817],[-31,-656],[31,-402],[-390,-522],[47,-616],[-249,-308],[545,-683],[-124,-669],[-16,-603],[296,-268],[468,-308],[452,-428],[764,402],[780,-308],[764,-27],[623,-161],[281,-455],[-16,-442],[-218,-536],[-421,-736],[156,-817],[-156,-375],[-265,-736],[16,-817],[-421,-670],[-437,54],[-842,-348],[-11943,-214],[-7547,26],[-452,14],[-10212,67],[-7578,53],[-686,81],[-780,107],[-826,174],[-780,134],[-1013,227],[-515,148],[-935,93],[-577,41],[-593,26],[-576,14],[-874,13],[-576,0],[-811,-27],[-905,-187],[-436,-134],[-1029,-362],[-1029,-482],[-1294,-642],[-437,-215],[-592,-241],[-733,-415],[-827,-26],[-545,120],[-546,107],[-967,121],[-592,40],[-655,13],[-967,14],[-717,-41],[-733,-133],[-577,-188],[-483,-241],[-686,-402],[-250,-174],[-608,-428],[-530,-228],[-608,-268],[-343,-281],[-670,-469],[-390,-334],[-406,-482],[-530,-496],[-670,-428],[-920,134],[-530,107],[-827,335],[-389,66],[-499,-615],[-390,-469],[-593,-335],[-452,-361],[-405,-322],[125,-763],[-359,-656],[31,-455],[-764,-536],[-514,-562],[-624,-590],[-327,-321],[-624,-174],[-452,40],[-749,-147],[-421,-268],[-857,-174],[-296,-442],[-764,-321],[-421,268],[-764,13],[-920,134],[-796,-40],[-561,-496],[-592,-187],[-702,-161],[-437,-94],[-670,-281],[-842,-228],[-717,-66],[-905,-14],[-764,54],[-561,40],[-920,187],[-639,469],[-593,295],[-670,602],[-437,308],[-779,362],[-452,187],[-655,107],[-951,201],[-702,174],[-468,255],[-358,214],[-562,254],[-452,174],[-733,174],[-639,81],[-904,-107],[-421,-308],[-671,-94],[-436,120],[-936,228],[-639,134],[-702,214],[-576,-40],[-983,-54],[-717,0],[-624,67],[-670,121],[-499,13],[-639,-160],[-764,-241],[-374,-295],[-515,-228],[-639,-254],[-577,-268],[-686,-187],[-546,-134],[-826,-214],[-562,-456],[-545,-107],[-452,-94],[-577,-160],[-562,-81],[-795,-455],[-343,-268],[-514,-428],[-359,-308],[-530,-147],[-577,-94],[-421,-455],[-499,-375],[-452,-215],[-577,-267],[-593,-389],[-374,-268],[-655,-415],[-904,-93],[-670,-161],[-437,-589],[-889,-161],[-826,-428],[-624,-255],[0,-656],[0,-482],[-467,-281],[-655,-241],[-640,-576],[-561,-388],[-405,-723],[-421,-228],[-577,-348],[-63,-388],[-405,-590],[-577,-442],[-421,-321],[-483,-428],[-515,-402],[-93,-388],[-577,-549],[-187,-590],[-515,-656],[-452,-549]],[[290367,306570],[-405,188],[-967,160],[-452,389],[62,549],[374,468],[624,282],[405,321],[219,683],[-499,656],[-374,388],[-219,576],[-249,429],[-749,375],[-218,589],[686,254],[156,643],[281,535],[234,657],[265,281],[483,375],[-203,482],[-187,642],[546,616],[561,576],[-109,603],[-156,576],[468,428],[281,335],[311,375],[-405,495],[0,389],[-452,669],[-187,402],[-125,1084],[94,375],[-16,777],[515,576],[-63,616],[-374,348],[-359,415],[-15,683],[187,656],[-312,482],[-187,616],[31,388],[-265,763],[16,483],[-187,709],[-125,402],[-312,415],[-936,-254],[-888,-161],[-562,-40],[-826,-67],[-2214,-81],[-6221,-147],[-5894,-40],[-5176,-134],[-1466,40],[-2838,201],[-4007,241],[-1559,40],[-1154,-53],[-1138,-161],[-2682,-495],[-1481,-349],[-1746,-535],[-827,-335],[-639,-375],[-702,-482],[-842,-776],[-46,-54],[-1715,-1808],[-390,-388],[-374,-308],[-1669,-857],[-1543,-803],[-624,-536],[-172,-362],[-623,-562],[-577,-589],[-639,-482],[-530,-643],[-172,-509],[-78,-415],[-62,-549],[530,-535],[171,-416],[203,-1084],[-47,-455],[-62,-549],[-156,-630],[-125,-509],[-218,-508],[-374,-536],[-343,-268],[-889,-602],[-1544,-1018],[-2416,-1312],[-1793,-1018],[-4849,-1942],[-1840,-508],[-1591,-349],[-2089,-267],[-1029,-81],[-3150,27],[-2915,147],[-1045,94],[-1185,188],[-3695,937],[-4054,1125],[-1606,227],[-904,174],[-437,121],[-9012,2437],[-3914,1125],[-4740,1138],[-2026,509],[-1653,549],[-936,361],[-701,348],[-2214,1152],[-1793,844],[-1450,549],[-2292,870],[-2402,897],[-1013,281],[-374,54],[-967,27],[-1232,-308],[-1964,-576],[-1123,-322],[-1029,-133],[-499,-67],[-670,-14],[-874,121],[-748,268],[-1403,615],[-624,215],[-748,147],[-3649,522],[-701,-13],[-499,227],[-546,108],[-795,-228],[-749,161],[-748,-67],[-359,-322],[-623,54],[-874,335],[-732,-41],[-468,121],[-546,228],[-530,415],[-733,-54],[-577,295],[-623,335],[-484,-41],[-592,295],[-608,-161],[-577,255],[-437,-81],[-577,308],[-717,94],[-873,187],[-94,643],[0,509],[-530,348],[-405,-53],[-717,200],[-577,201],[-452,295],[-406,254],[-31,683],[-140,509],[-873,-67],[-640,455],[-514,563],[-218,455],[-733,509],[-655,-27],[-234,-482],[-47,-388],[-421,-389],[-327,-294],[-842,321],[-702,295],[-826,-415],[-764,-27],[-967,-40],[-655,13],[-234,-562],[297,-710],[-312,-295],[-873,-107],[-749,268],[-655,616],[-795,375],[-452,348],[-514,-40],[-889,-254],[-702,-148],[-826,-120],[-749,67],[-452,468],[-811,282],[-498,508],[-640,-120],[-748,187],[-359,215],[-468,522],[-810,455],[-889,308],[-904,268],[-593,187],[-655,-549],[-374,-790],[-920,228],[-514,0],[-749,13],[-577,576],[-202,388],[-796,-80],[-452,-214],[-514,-214],[-515,-549],[-327,-81],[-1326,-67],[-530,148],[-654,428],[-593,335],[-140,616],[467,187],[32,576],[-640,522],[-920,94],[-467,362],[-671,0],[-374,-389],[-530,-468],[-749,-282],[-389,67],[-390,643],[-717,308],[-546,696],[-717,228],[-889,-241],[-234,536],[-826,308],[-296,-469],[-188,-496],[-764,-294],[-592,-335],[249,-562],[-577,-549],[-670,160],[-764,-107],[-655,27],[-795,455],[-546,-160],[-826,428],[265,429],[-499,441],[-592,81],[-640,40],[-888,-201],[-499,429],[-328,107],[-733,67],[-530,53],[-857,415],[-577,295],[-374,536],[-702,0],[-795,-335],[-577,53],[-468,-174],[-452,-401],[-733,-335],[-468,-174],[-343,-710],[-577,-562],[-467,-402],[-608,-308],[-920,147],[-577,536],[-312,321],[-811,94],[-390,-402],[-717,-415],[-624,268],[32,482],[-375,402],[-654,160],[-468,-348],[-515,-107],[-530,-214],[-873,-335],[-655,147],[-499,-80],[-795,-308],[-951,-107],[-795,80],[-234,-321],[-172,-469],[-888,-147],[-608,268],[-655,94],[-749,-188],[-499,-308],[-530,-241],[-811,188],[-561,67],[-935,227],[-608,147],[-577,41],[-562,120],[-623,134],[-406,281],[-655,322],[-764,-161],[-530,-134],[-499,-362],[-156,-361],[-576,-214],[-577,147],[-437,362],[-296,656],[-546,201],[-639,26],[-359,-40],[-733,-228],[-1075,-214],[-733,-93],[-749,-242],[-732,-147],[-609,-67],[-467,-120],[-499,-174],[-686,-268],[-94,-817],[-47,-549],[-249,-937],[-624,-589],[-686,-148],[-670,-415],[-827,-469],[-561,-575],[-218,-255],[-671,-241],[-826,362],[-592,455],[-484,40],[-779,-281],[-484,-536],[-623,-589],[-624,-589],[-483,-281],[-827,-415],[-701,53],[-375,201],[-686,549],[-826,214]],[[22733,324245],[-577,469],[-452,482],[-577,603],[-140,683],[-749,294],[-390,737],[47,683],[156,575],[561,549],[297,616],[187,415],[187,737],[15,589],[266,482],[249,670],[187,348],[421,535],[140,750],[-280,469],[-437,375],[-733,428],[-483,255],[-94,776],[32,442],[-203,710],[-312,589],[16,723],[-343,763],[-187,523],[-141,642],[-109,616],[78,375],[374,589],[608,14],[874,214],[498,442],[437,254],[249,456],[827,401],[889,-120],[576,187],[390,281],[265,670],[-62,562],[577,590],[0,709],[249,415],[234,563],[-62,589],[0,723],[62,549],[-93,388],[218,656],[405,469],[608,455],[297,456],[280,415],[359,321],[670,429],[749,562],[468,295],[623,281],[671,187],[545,509],[203,616],[328,790],[654,147],[874,188],[31,509],[93,415],[94,562],[-16,536],[-47,455],[-155,509],[-499,348],[-702,120],[-405,108],[-577,200],[-562,268],[-998,630],[-841,281],[-671,67],[-873,321],[-515,429],[-358,187],[-639,375],[187,549],[-16,362],[-94,535],[-62,322],[-249,1272],[-16,736],[125,549],[187,442],[374,482],[671,268],[935,134],[764,-107],[359,-94],[1543,-522],[733,-174],[936,-67],[686,294],[109,362],[-78,669],[-156,455],[-405,1326],[-94,563],[-16,776],[110,723],[218,469],[374,442],[281,201],[577,321],[779,348],[2089,951],[1107,763],[671,469],[702,388],[498,214],[702,174],[982,241],[593,389],[327,629],[172,388],[156,442],[109,429],[156,709],[218,978],[390,2303],[109,1045],[156,3843],[31,482],[109,776],[156,589],[265,1045],[265,776],[78,201],[593,1232],[577,1205],[187,348],[499,857],[499,804],[483,696],[515,696],[498,630],[468,495],[390,402],[2526,1995],[1715,1138],[717,402],[1216,669],[764,349],[546,227],[1840,871],[1668,763],[967,361],[1528,857],[499,241],[468,362],[343,469],[187,321],[78,522],[-31,482],[-281,683],[-608,1031],[-1185,1808],[-1138,1714],[-733,1004],[-312,442],[-390,536],[-280,455],[-188,308],[-311,616],[-375,803],[-233,549],[-234,616],[-125,442],[-94,455],[-187,1286],[-62,669],[31,509],[94,804],[171,736],[172,562],[483,1206],[109,334],[94,589],[31,429],[-16,509],[-62,683],[-250,736],[-327,576],[-577,589],[-686,536],[-1076,535],[-1060,523],[-655,321],[-1497,844],[-623,401],[-640,415],[-467,362],[-967,723],[-281,214],[-904,710],[-218,161],[-1357,1165],[-608,642],[-296,362],[-265,535],[-452,1714],[-125,576],[-16,737],[141,575],[202,389],[624,857],[639,656],[328,281],[545,455],[624,402],[390,214],[889,469],[1356,589],[499,241],[1341,629],[1637,804],[717,388],[375,228],[748,455],[624,295],[764,254],[530,442],[218,428],[78,509],[0,402],[-31,549],[-281,723],[-1543,964],[-889,576],[-281,187],[-873,804],[-374,227],[-717,308],[-733,429],[-452,402],[-328,375],[-561,816],[-203,322],[-31,522],[140,402],[608,348],[842,187],[998,228],[811,321],[405,295],[234,535],[-78,416],[-670,1151],[-140,576],[0,455],[93,442],[296,616],[250,388],[546,764],[187,214],[857,897],[1934,2169],[1153,1326],[889,1044],[156,322],[62,669],[78,1098],[219,670],[982,2022],[359,803],[124,790],[78,549],[172,670],[31,656],[-343,388],[-889,-188],[-249,-415],[-203,-616],[-78,-361],[-249,-536],[-624,-361],[-437,-81],[-1122,0],[-718,188],[-405,576],[-702,1834],[-311,482],[-328,335],[-514,669],[-281,563],[-109,455],[-63,937],[-46,456],[-94,776],[203,442],[577,188],[421,0],[1325,40],[1263,53],[858,108],[467,93],[702,201],[249,80],[827,268],[109,40],[1341,322],[1653,335],[1153,147],[1560,134],[1153,120],[593,67],[904,54],[593,-40],[436,-94],[842,-255],[1045,-388],[764,-107],[499,27],[577,187],[436,322],[234,401],[172,523],[124,455],[203,602],[452,1098],[359,844],[93,388],[125,1219],[109,750],[109,468],[250,697],[171,361],[343,536],[484,535],[327,282],[421,549],[-374,696],[-405,134],[-577,160],[-1279,268],[-1746,389],[-515,120],[-530,80],[-655,-13],[-499,-107],[-732,-27],[-453,255],[-421,482],[-218,334],[-93,563],[140,375],[421,361],[670,509],[873,884],[593,723],[437,602],[421,804],[171,294],[374,456],[250,334],[358,509],[499,589],[515,630],[1013,1098],[951,951],[484,455],[1699,1781],[1154,1165],[1902,1995],[967,937],[1076,790],[951,616],[686,442],[452,174],[904,268],[515,308],[296,294],[359,523],[483,870],[452,656],[499,549],[421,335],[936,763],[530,656],[187,241],[561,777],[437,696],[358,589],[328,670],[203,455],[545,1500],[281,616],[296,375],[265,375],[219,522],[452,455],[686,-40],[888,-295],[593,-267],[561,-415],[421,-402],[437,-295],[530,-160],[873,-67],[483,26],[718,161],[452,375],[390,736],[140,804],[-281,817],[-140,549],[31,495],[78,402],[218,468],[219,335],[327,389],[1014,1165],[296,348],[327,508],[359,871],[390,669],[405,509],[1575,2036],[405,522],[515,335],[421,133],[608,54],[3056,-40],[436,27],[858,174],[1091,254],[1029,228],[562,120],[405,228],[515,361],[561,496],[1450,1352],[1169,1098],[359,683],[-281,469],[-686,482],[-810,428],[-499,322],[-375,227],[-265,723],[297,402],[623,295],[1326,-40],[265,13],[857,134],[561,107],[671,161],[421,468],[78,375],[296,509],[328,281],[639,268],[873,67],[1528,-94],[78,0],[1123,0],[1262,-40],[406,14],[701,107],[640,200],[421,469],[0,563],[-125,321],[-187,482],[-218,549],[-624,1366],[-156,576],[-281,1700],[-15,255],[78,1017],[0,2759],[-109,629],[-110,335],[-311,455],[-328,268],[-592,442],[-1185,870],[-452,335],[-250,294],[-187,536],[-94,522],[-140,670],[47,709],[187,442],[655,522],[733,255],[701,294],[842,402],[577,241],[593,281],[249,174],[499,496],[296,415],[452,696],[312,402],[374,482],[-124,616],[-359,495],[-281,442],[-498,563],[-234,321],[-733,321],[-904,175],[-562,308],[-312,281],[-109,589],[281,455],[530,281],[390,255],[546,495],[202,362],[94,482],[93,723],[94,495],[-406,589],[-623,-107],[-468,-160],[-748,-81],[-375,94],[-623,348],[-468,643],[-249,884],[-375,1111],[-171,335],[-141,589],[172,549],[140,281],[920,1125],[546,509],[1029,616],[733,522],[842,870],[483,536],[499,362],[265,589],[-62,482],[-452,509],[78,816],[343,509],[405,228],[702,-188],[701,-401],[858,-335],[499,-94],[795,-53],[889,120],[312,1808],[46,696],[468,737],[546,-81],[312,-415],[249,-375],[515,-589],[452,-308],[701,-281],[764,-214],[1123,-308],[655,-188],[857,-388],[733,-27],[827,147],[483,442],[93,456],[-31,816],[359,764],[639,441],[858,148],[452,-134],[624,-67],[576,94],[655,522],[702,428],[717,94],[515,-147],[951,-308],[390,-81],[670,-26],[671,549],[639,535],[249,121],[811,281],[608,482],[483,295],[156,656],[94,482],[405,535],[328,509],[31,737],[-374,522],[-671,723],[63,696],[343,375],[655,482],[405,241],[717,215],[842,26],[546,-120],[951,107],[483,442],[172,616],[234,924],[218,361],[234,536],[-281,710],[-1029,1419],[31,843],[671,563],[608,40],[530,-147],[639,-402],[967,54],[764,1566],[405,456],[219,267],[296,536],[218,790],[94,790],[-125,415],[-593,937],[-140,349],[-343,830],[-265,321],[16,549],[561,348],[514,322],[702,160],[873,-214],[764,-80],[593,-161],[795,-469],[281,-455],[358,-656],[125,-643],[249,-562],[250,-576],[889,-348],[514,696],[1045,1433],[187,629],[140,844],[-234,428],[-592,764],[-889,763],[-93,120],[-577,924],[156,697]],[[175362,624911],[483,26],[702,188],[140,562],[-187,804],[187,455],[764,134],[358,-496],[32,-428],[171,-549],[546,-362],[624,-174],[857,-361],[343,-228],[530,-375],[655,-241],[16,-790],[-63,-589],[203,-562],[156,-335],[312,-455],[312,-362],[701,-455],[780,455],[171,576],[94,415],[281,415],[795,228],[779,-54],[421,-281],[546,-429],[577,-187],[639,-40],[421,-107],[374,-496],[608,-576],[468,-120],[1887,-482],[779,-241],[733,80],[562,228],[1200,509],[577,254],[421,241],[405,522],[-46,723],[-608,831],[-172,468],[109,603],[468,562],[842,-27],[733,-241],[951,174],[483,576],[702,563],[405,-389],[437,-361],[499,-94],[795,254],[592,67],[406,-227],[577,-415],[545,-308],[562,-14],[655,41],[857,-389],[390,-482],[592,-710],[905,-308],[686,108],[639,40],[546,482],[109,428],[530,496],[717,-107],[873,-563],[796,-348],[841,-187],[764,495],[655,-134],[562,-616],[530,-375],[748,375],[484,1045],[873,187],[670,27],[717,201],[359,335],[-109,602],[-452,295],[-640,575],[-31,496],[686,161],[640,-41],[904,268],[390,429],[826,267],[1247,14],[608,161],[437,388],[795,723],[281,736],[-172,764],[-296,1205],[-296,549],[-156,495],[234,817],[514,429],[842,-148],[452,-227],[484,-67],[842,227],[374,536],[530,964],[826,1513],[484,201],[530,-201],[499,-402],[296,-254],[795,-187],[468,133],[515,402],[530,335],[499,201],[530,120],[842,14],[623,-54],[686,522],[16,884],[-499,549],[-1200,362],[-577,522],[156,375],[358,361],[702,523],[577,241],[561,174],[826,174],[889,93],[671,-40],[389,-80],[530,-509],[-109,-589],[-545,-469],[-203,-509],[265,-388],[561,-94],[515,107],[982,295],[826,348],[593,335],[437,214],[545,40],[1201,-187],[592,-80],[406,40],[733,455],[545,790],[562,375],[452,120],[717,108],[546,-268],[655,-804],[857,-308],[561,54],[640,13],[483,-200],[156,-536],[-78,-603],[-31,-589],[171,-790],[343,-428],[390,-482],[218,-456],[187,-589],[78,-415],[297,-549],[436,-375],[702,-187],[935,-107],[562,-215],[795,-535],[935,-81],[718,255],[920,268],[717,80],[951,-94],[624,-415],[124,-830],[-390,-509],[-280,-442],[-234,-643],[296,-749],[920,0],[468,200],[733,228],[966,67],[1310,-295],[717,-254],[577,-415],[312,-803],[405,-643],[437,-697],[686,-441],[608,-54],[561,107],[686,80],[609,0],[576,-160],[390,-308],[390,-362],[577,-241],[733,-67],[623,-40],[780,-294],[530,-456],[982,-1044],[406,-388],[390,-175],[592,-26],[437,187],[733,268],[919,-188],[359,-254],[390,-361],[280,-335],[421,-442],[484,-241],[842,-281],[608,-107],[795,174],[904,308],[920,26],[671,-67],[1029,-107],[670,-80],[499,-94],[639,-187],[515,-121],[561,-67],[718,201],[452,630],[265,307],[514,456],[655,442],[702,415],[779,375],[562,40],[888,-241],[686,-375],[499,-121],[655,134],[359,482],[281,402],[358,455],[437,442],[686,603],[779,-121],[156,-629],[172,-750],[312,-549],[701,-509],[562,-227],[873,-41],[966,0],[406,0],[748,134],[406,348],[171,683],[250,509],[467,402],[686,187],[780,188],[514,67],[593,-134],[468,-388],[218,-509],[94,-750],[15,-388],[-281,-630],[-311,-308],[-437,-321],[-686,-295],[-343,-535],[0,-429],[281,-482],[530,-428],[748,-241],[390,-27],[1060,0],[905,-40],[701,-161],[546,-174],[748,-281],[608,-148],[780,134],[561,402],[640,121],[810,-67],[499,40],[608,187],[593,241],[483,255],[484,294],[483,295],[312,268],[296,415],[78,602],[-109,777],[202,669],[499,549],[609,335],[982,536],[592,281],[702,134],[717,53],[764,41],[406,80],[514,241],[483,295],[515,375],[608,415],[608,361],[515,107],[779,-147],[468,-174],[405,-763],[359,-656],[499,-375],[670,-362],[468,-361],[328,-335],[748,-281],[702,187],[311,415],[577,643],[562,187],[826,-201],[546,-13],[467,335],[375,522],[312,562],[576,308],[546,121],[936,335],[686,80],[888,-54],[421,-53],[671,-188],[452,-602],[-62,-911],[46,-495],[406,-482],[452,-174],[717,40],[905,549],[1107,696],[826,335],[499,107],[592,94],[546,80],[639,-361],[-15,-576],[-219,-348],[-296,-442],[-93,-670],[467,-535],[577,0],[733,107],[1325,214],[827,67],[499,107],[670,281],[452,81],[593,27],[670,-81],[593,-147],[701,-161],[515,40],[561,509],[203,375],[592,924],[702,817],[405,562],[499,281],[718,-53],[639,-188],[764,-281],[702,-268],[841,-160],[577,227],[546,844],[671,147],[779,-227],[499,-683],[717,-134],[562,589],[499,241],[826,214],[483,616],[671,415],[577,-187],[389,-255],[468,-254],[593,-201],[748,-27],[795,54],[889,54],[780,80],[561,227],[561,295],[562,683],[-16,402],[187,522],[515,402],[732,120],[780,-27],[514,282],[421,535],[468,563],[359,522],[577,388],[811,-308],[62,-442],[811,0],[499,576],[670,-469],[312,-535],[312,-281],[530,-335],[842,-81],[811,161],[826,-294],[624,26],[608,-40],[592,40],[733,335],[639,254],[827,-120],[561,388],[780,241],[670,295],[889,-54],[499,-160],[639,-54],[499,80],[951,-67],[561,-281],[328,-214],[655,241],[701,415],[406,-67],[717,0],[-47,710],[468,602],[686,-80],[764,-388],[483,-161],[468,-254],[624,308],[140,401],[31,549],[904,67],[889,-134],[795,94],[562,0],[670,-147],[343,-94],[515,-442],[514,27],[702,-228],[592,-120],[281,-415],[437,-389],[639,-187],[452,-120],[686,-14],[468,188],[670,-362],[873,67],[406,362],[436,374],[390,362],[499,442],[359,80],[655,308],[405,228],[452,415],[764,281],[702,-361],[390,-295],[686,214],[483,-107],[686,455],[499,54],[452,-388],[780,-81],[701,-268],[842,-334],[655,-188],[561,-388],[499,54],[764,-175],[281,-200],[702,281],[436,495],[920,161],[218,-603],[624,121],[499,-80],[327,535],[-498,402],[-203,455],[-234,629],[281,576],[436,107],[624,496],[483,214],[624,-174],[452,-629],[172,-335],[374,-522],[374,-201],[733,-27],[935,-13],[468,254],[390,388],[499,643],[390,643],[343,375],[389,388],[219,576],[78,402],[171,482],[608,482],[250,455],[-94,562],[686,402],[468,-147],[546,-188],[795,-67],[655,-160],[405,-308],[546,-188],[842,81],[592,133],[546,121],[499,80],[982,40],[437,-374],[249,-282],[374,-388],[110,-536],[764,-200],[919,-282],[-31,-442],[359,-615],[655,241],[546,-134],[358,-308],[-171,-656],[-312,-402],[623,-469],[375,-495],[343,-710],[140,-469],[187,14],[982,107],[842,134],[437,-415],[686,-616],[530,-603],[577,-147],[639,-308],[608,-161],[406,-67],[592,-147],[468,13],[608,54],[717,-254],[577,-657],[421,-428],[702,-134],[514,295],[920,160],[655,-13],[483,-80],[686,-335],[468,-509],[109,-629],[874,-174],[498,-121],[453,-442],[577,-214],[904,-134],[265,-281],[343,-455],[78,-777],[358,-576],[297,-469],[249,-361],[172,-549],[-219,-683],[-296,-388],[406,-2277],[171,-857],[125,-1057],[218,-817],[390,-616],[436,-938],[172,-776],[125,-991],[15,-737],[608,-950],[655,-482],[655,-335],[468,-321],[639,-134],[359,-308],[857,-415],[780,-469],[452,-308],[-156,-522],[577,-1058],[499,13],[561,94],[780,80],[1138,108],[530,174],[515,26],[577,-40],[654,-281],[577,-482],[951,-147],[562,-121],[530,-241],[468,-94],[405,-415],[94,-709],[795,-496],[1200,107],[874,107],[296,469],[655,562],[764,429],[467,174],[531,161],[514,120],[1279,522],[670,483],[1419,736],[857,589],[920,924],[1591,2062],[1278,1486],[998,1152],[281,656],[187,737],[249,977],[562,335],[1434,134],[2354,67],[1794,-148],[1044,-133],[764,-175],[2058,-749],[827,-161],[577,469],[-281,508],[-343,590],[140,401],[499,509],[827,-469],[-16,-830],[187,-428],[717,-482],[827,-362],[514,-294],[577,-697],[780,-1151],[156,-255],[467,-1191],[234,-536],[468,-549],[1107,-455],[826,-255],[920,-214],[125,-13],[951,-322],[811,-348],[421,-321],[608,-469],[296,-321],[359,-576],[561,-629],[546,-415],[967,-549],[623,-509],[63,-375],[-219,-509],[-249,-710],[187,-575],[234,-375],[327,-349],[203,-415],[530,-348],[593,-562],[311,-804],[468,-1151],[296,-496],[406,-495],[608,-429],[1886,-1205],[593,-495],[390,-402],[592,-790],[-47,-683],[266,-254],[639,-630],[109,-562],[-62,-428],[-265,-389],[-110,-669],[281,-723],[-47,-750],[0,-388],[593,-335],[951,-938],[1107,-736],[1559,-857],[967,-348],[1044,-281],[1263,-375],[686,-322],[530,-308],[1528,-1004],[3571,-2812],[764,-522],[-1185,-1808],[-390,-750],[-452,-1138],[-171,-669],[31,-817],[234,-509],[421,-442],[2214,-1513],[857,-549],[811,-428],[359,-134],[826,-161],[1590,-13],[515,-41],[733,-294],[452,-67],[655,53],[935,-107],[608,228],[530,-27],[655,-321]],[[921541,619287],[-187,-14],[-2667,-187],[-810,-13],[-1232,0],[-1731,26],[-811,134],[-498,295],[-764,160],[-983,14],[-779,67],[-608,53],[-359,-508],[-265,-322],[-437,-696],[-405,-388],[-499,-54],[-530,214],[-561,40],[-764,41],[-624,80],[-811,-134],[-748,187],[-749,-93],[-810,415],[-811,161],[-655,241],[-499,133],[-842,41],[-437,-161],[-888,-295],[-530,563],[-484,321],[-935,-174],[-889,40],[-390,402],[187,683],[530,482],[453,335],[218,401],[-16,509],[16,830],[78,429],[-47,482],[234,469],[296,508],[63,630],[-47,522],[-452,388],[-468,161],[-749,-188],[-748,148],[-858,-228],[-389,-294],[-702,-228],[-514,53],[-484,-334],[-733,-268],[-592,-589],[-655,-348],[-702,-576],[-608,-268],[-483,-295],[-546,-374],[-436,-175],[-983,27],[-577,415],[-873,134],[-826,-53],[-530,-54],[-749,-13],[-904,53],[-702,94],[-732,268],[-827,0],[-577,-362],[-483,496],[-421,80],[-639,27],[-671,174],[-608,120],[-904,-26],[-172,508],[-436,416],[-406,107],[-436,442],[109,401],[593,322],[-16,428],[156,696],[-140,643],[-125,322],[-203,589],[-296,509],[234,348],[-125,549],[-47,455],[-483,281],[-873,174],[-437,362],[-499,375],[-374,254],[-515,134],[-654,-13],[-702,174],[-936,67],[-514,522],[-561,-469],[-686,214],[-686,482],[-733,134],[-811,-375],[-639,0],[-437,308],[-249,509],[62,389],[483,482],[-280,736],[-733,-187],[-499,147],[-842,120],[-670,375],[-172,723],[-468,496],[-530,-295],[-920,255],[-280,468],[-47,389],[0,669],[93,509],[-311,790],[-281,951],[-109,348],[-203,736],[-234,630],[-733,455],[-436,402],[-468,67],[-577,107],[-702,589],[-93,388],[-16,576],[47,375],[62,669],[-15,750],[-437,737],[-639,27],[-1076,-295],[-920,268],[-733,1004],[-935,80],[-858,201],[-327,174],[-655,67],[-779,107],[-188,-803],[156,-830],[-358,-268],[-624,-67],[-951,13],[-951,-227],[-265,-710],[-406,-629],[-374,-763],[-530,-362],[-421,-241],[-608,-254],[-608,-335],[-717,-281],[-359,-415],[-561,-282],[-920,-281],[-483,-40],[-811,-13],[-1216,-215],[-827,-442],[-577,-187],[-530,-429],[-280,-549],[-297,-482],[-358,-616],[-375,-562],[-639,-602],[-514,-456],[-593,-428],[-530,-322],[-702,-321],[-499,-187],[-1902,-496],[-483,-27],[-530,-308],[-733,-187],[-561,13],[-484,-53],[-514,-402],[-296,-295],[-952,-642],[-249,-215],[-515,-910],[-701,-937],[-608,-643],[-499,-362],[-593,-442],[-249,-294],[-624,-268],[-327,-375],[-764,-254],[-468,-27],[-826,361],[-951,469],[-531,147],[-904,201],[-935,81],[-983,-14],[-935,-27],[-624,14],[-624,-14],[-1013,14],[-920,13],[-2105,107],[-670,27],[-764,-67],[-718,-214],[-592,-348],[-717,-549],[-343,-455],[-343,-590],[-406,-723],[-234,-562],[-686,-589],[-545,-281],[-780,-282],[-499,-187],[-842,-1112],[-686,-495],[-795,-80],[-1045,-40],[-1185,93],[-920,81],[-904,160],[-514,161],[-593,281],[-312,281],[-842,375],[-545,-120],[-437,589],[-593,335],[-764,107],[-483,174],[-296,616],[140,763],[16,643],[15,629],[-421,683],[-639,415],[-405,442],[-484,321],[-296,549],[-109,549],[-171,1045],[-63,2062],[-1949,134],[-1388,201],[-2058,522],[-592,147],[-951,81],[-795,-375],[-764,0],[-562,-335],[-514,-201],[-780,-228],[-514,-214],[-297,-388],[-654,-335],[-796,67],[-577,-161],[-436,-401],[-577,-295],[-296,-669],[-733,-349],[-515,-67],[-358,-482],[-219,-375],[-701,-120],[-749,-188],[-670,-40],[-717,67],[-655,94],[-920,201],[-530,281],[-639,-40],[-577,-295],[-827,-201],[-483,14],[-577,-322],[-265,-281],[-592,-187],[-858,-348],[-515,-255],[-483,-201],[-717,-468],[-655,-81],[-452,-361],[-671,-295],[-982,-80],[-546,-121],[-639,-321],[-483,-361],[-359,-268],[-483,-282],[-655,-133],[-608,-241],[-515,-201],[-608,-134],[-499,-40],[-888,13],[-2682,455],[-2261,375],[-2791,616],[-1918,576],[-1154,482],[-467,214],[-780,188],[-468,-40],[-966,-121],[-764,-134],[-796,-147],[-1418,-268],[-531,-187],[-888,67],[-811,214],[-655,0],[-452,-214],[-561,-54],[-796,-40],[-1060,-67],[-530,53],[-546,134],[-623,134],[-780,-53],[-702,-148],[-436,-120],[-608,-80],[-889,13],[-608,27],[-468,-40],[-530,-148],[-1029,-294],[-873,53],[-826,241],[-796,-361],[-966,26],[-671,-53],[-779,-107],[-515,13],[-639,14],[-717,-14],[-718,-629],[-686,-40],[-405,-148],[-655,14],[-374,535],[-406,215],[-608,281],[-717,522],[-733,0],[-499,174],[-389,482],[-297,696],[-218,308],[-421,442],[-499,255],[-592,67],[-421,361],[-437,255],[-608,174],[-639,-188],[-530,710],[-640,348],[-576,348],[-484,81],[-733,174],[16,468],[-405,362],[-749,80],[-592,-161],[-515,81],[-702,-482],[-608,-656],[-374,-523],[-421,-375],[-655,-214],[-686,-468],[-764,-536],[-920,214],[-483,509],[-452,161],[-577,268],[-390,227],[-655,241],[-873,-268],[-421,-214],[-701,-321],[-718,40],[-343,174],[-358,429],[-655,53],[-889,-134],[-592,-13],[-437,-107],[-655,-161],[-421,-335],[-296,-482],[-795,-80],[-624,-295],[-358,-308],[-281,-656],[-499,67],[-780,27],[-951,-174],[-421,-442],[-701,-402],[-546,-53],[-982,-41],[-484,41],[-592,254],[-343,-656],[156,-576],[-484,-535],[-686,-549],[-358,-402],[-655,-161],[-328,-482],[-265,-643],[-327,-281],[-421,-335],[-16,-763],[-296,-348],[-171,-549],[-141,-844],[-202,-334],[-297,-415],[-218,-402],[-483,-509],[-530,-335],[-328,-308],[-1029,-1004],[-296,-321],[-702,-161],[-826,-134],[-546,-268],[-608,54],[-904,-54],[-624,174],[-733,295],[-670,40],[-640,496],[-764,-54],[-576,228],[-936,26],[-577,255],[-795,174],[-515,120],[-935,67],[-577,0],[-702,-147],[-639,-107],[-577,-214],[-390,-241],[-857,-228],[-499,-161],[-655,-174],[-733,14],[-670,40],[-406,-40],[-686,-335],[-654,-562],[-188,-496],[-374,-281],[-608,67],[-779,428],[-531,322],[-670,187],[-593,107],[-748,402],[-405,228],[-640,348],[-951,683],[-857,80],[-639,67],[-468,241],[-546,94],[-639,27],[-468,0],[-483,-255],[-796,94],[-670,-54],[-514,-254],[-515,-522],[-593,-295],[-498,54],[-499,388],[-297,348],[-156,549],[-717,469],[-468,-27],[-530,67],[-421,602],[453,750],[280,509],[-483,603],[-390,294],[-733,389],[-546,187],[-764,214],[-140,536],[-125,763],[-1107,1245],[-109,536],[0,482],[-218,442],[-218,670],[187,241],[499,361],[374,562],[16,429],[-749,348],[-514,268],[-577,214]],[[622848,631378],[-577,161],[-920,321],[-889,54],[-857,13],[-4600,1125],[-2869,402],[-2276,535],[-1107,482],[-1793,964],[-1154,951],[-733,1058],[-499,1205],[-296,1553],[-156,2852],[47,4018],[93,4981],[-15,1125],[265,2048],[655,3455],[732,5021],[468,2678],[125,884],[343,1353],[592,1700],[312,1098],[31,884],[-202,455],[-858,1152],[-1606,1633],[-577,589],[-842,1219],[-93,134],[-1107,1727],[-219,469],[-764,1433],[156,602],[749,375],[748,375],[593,147],[686,107],[452,322],[655,415],[764,549],[436,-54],[796,322],[530,80],[810,308],[484,121],[343,549],[390,241],[639,80],[967,80],[514,-13],[483,321],[515,268],[93,522],[-311,523],[795,348],[374,629],[327,1031],[47,495],[-701,1139],[296,294],[468,308],[561,-227],[327,-215],[640,-281],[904,80],[359,456],[62,361],[312,482],[577,-93],[935,40],[390,388],[187,402],[530,669],[-358,482],[93,723],[125,603],[0,455],[-16,630],[359,790],[-47,656],[-811,67],[-343,495],[-296,777],[-249,562],[265,375],[577,442],[-141,469],[-109,428],[250,589],[623,389],[795,187],[-62,549],[281,442],[93,348],[-15,616],[249,562],[94,683],[-359,549],[-468,322],[-608,241],[-499,241],[141,803],[280,630],[-327,348],[-63,669],[-124,790],[-343,589],[140,643],[608,322],[281,321],[296,375],[62,643],[-296,281],[-546,549],[-639,616],[172,763],[343,442],[764,160],[935,188],[624,201],[733,-121],[733,-308],[467,134],[717,-53],[453,0],[717,174],[592,80],[515,214],[670,268],[484,-27],[592,161],[936,134],[655,295],[389,669],[702,362],[125,401],[545,402],[702,308],[437,482],[608,67],[826,254],[639,54],[499,120],[842,416],[499,682],[717,134],[546,-241],[452,-241],[749,81],[655,401],[654,0],[515,121],[499,120],[483,108],[733,374],[546,-468],[904,40],[515,-228],[920,-26],[623,-27],[655,-563],[717,-13],[951,-134],[468,-522],[421,-201],[686,254],[686,295],[811,147],[624,14],[639,-348],[624,26],[717,81],[748,40],[624,549],[-140,710],[46,629],[32,361],[109,563],[-94,495],[-280,656],[109,456],[109,482],[-515,575],[-920,308],[-140,536],[-577,375],[-281,522],[-545,496],[-577,-509],[-749,201],[219,723],[234,656],[-110,455],[-109,536],[-701,495],[-764,40],[-624,-53],[-437,-40],[-545,-188],[-936,-94],[-546,-187],[-686,27],[-311,334],[-546,536],[-16,643],[-249,750],[-686,509],[-546,575],[-592,482],[-655,335],[-452,121],[-702,13],[-452,308],[-390,522],[-889,255],[-717,-255],[-748,147],[-328,268],[-187,643],[-218,469],[280,442],[-124,629],[-281,402],[-608,134],[-764,281],[-515,107],[-155,723],[-266,669],[-280,482],[-218,389],[-609,549],[-218,549],[-358,294],[-686,148],[-515,13],[-686,0],[-515,-120],[-514,-108],[-826,94],[-593,134],[-343,281],[-203,469],[-124,522],[78,402],[-343,576],[-796,508],[-15,804],[-250,589],[-779,-54],[-530,-53],[-780,-80],[-483,-174],[-640,-54],[-639,589],[-265,723],[-624,-134],[-405,-67],[-639,81],[-858,-255],[-358,-736],[-515,-429],[-608,255],[-265,268],[-203,522],[156,468],[187,831],[-343,683],[-234,334],[-421,402],[-390,670],[-436,307],[-468,41],[-795,120],[-390,255]],[[615800,751958],[234,468],[172,2223],[-203,1379],[-328,576],[-639,536],[-701,415],[-406,683],[16,415],[296,709],[203,389],[670,1352],[94,509],[-94,710],[-265,468],[-312,549],[-31,804],[624,1111],[234,603],[156,937],[77,1004],[234,630],[406,616],[234,374],[46,630],[250,495],[624,697],[249,857],[811,2490],[312,1460],[78,1446],[280,1714],[16,589],[31,991],[31,107],[265,1205],[31,308],[78,1286],[141,508],[15,482],[-78,590],[-452,950],[-452,737],[-312,642],[-156,483],[63,602],[530,1058],[530,991],[93,576],[-187,415],[47,736],[593,161],[233,576],[-389,308],[-686,200],[-749,429],[-358,402],[-16,562],[187,629],[172,295],[358,603],[437,870],[203,482],[93,696],[296,442],[702,321],[858,201],[639,255],[748,535],[2089,1500],[1201,870],[717,576],[328,429],[140,388],[-31,522],[249,643],[343,495],[312,643],[-530,348],[-592,27],[-234,496],[109,723],[499,562],[436,348],[390,536],[234,281],[421,361],[156,469],[-62,710],[670,348],[795,27],[187,629],[375,737],[155,535],[47,402],[-623,629],[-577,563],[-375,482],[-452,602],[234,442],[702,-53],[733,-54],[358,576],[250,388],[46,522],[-78,723],[0,496],[-374,616],[608,602],[827,456],[-499,723],[-593,415],[78,375],[-93,575],[-795,134],[-484,442],[437,603],[358,495],[250,295],[312,442],[327,388],[561,295],[827,321],[140,643],[-109,830],[-343,402],[-374,201],[-905,-268],[-795,214],[234,536],[-421,308],[-873,-81],[-468,723],[-31,482],[-405,375],[-640,-549],[-514,-348],[-936,54],[-374,-322],[-889,-147],[-639,147],[-546,362],[-795,40],[-577,-308],[-421,13],[-561,295],[-374,80],[-639,-67],[-811,-26],[-546,134],[-670,321],[-343,361],[-437,402],[-920,335],[-639,120],[-686,41],[-795,-389],[-281,-442],[-873,-361],[-530,227],[-764,282],[187,629],[-172,402],[-639,214],[-421,54],[-717,187],[-655,388],[-327,549],[-359,496],[-733,442],[-920,-94],[-717,268],[-593,468],[-1060,1125],[-639,121],[-437,-161],[-608,201],[-171,415],[-312,348],[-359,495],[-15,764],[-187,482],[-733,509],[-967,147],[-436,-214],[-936,0],[-857,107],[-593,-603],[-374,-576],[-608,-468],[0,-710],[-390,-589],[-842,241],[-421,27],[-795,-281],[-265,-349],[-141,-549],[0,-468],[-389,-522],[-406,-268],[-670,-362],[-795,-227],[-749,66],[-623,94],[-609,241],[-779,0],[-359,-160],[-577,-416],[-966,-830],[-796,-562],[-405,-214],[-592,-27],[-842,187],[-905,-80],[-623,-107],[-749,201],[-561,-188],[-515,-589],[-795,-469],[-842,-334],[-608,-241],[-436,13],[-967,147],[-483,603],[-141,562],[-358,496],[-359,455],[-172,643],[-343,375],[-654,361],[-608,696],[-172,549],[-327,362],[-562,562],[-779,1380],[-1076,3414],[-561,3950],[-78,188],[-468,1084],[-359,589],[-358,871],[-515,1232],[-171,1433],[-406,1807],[-1185,2437],[-1154,1473],[-935,1031],[-499,536],[-327,361],[-3649,3160],[-2651,2545],[-6439,7404],[-639,442],[-265,174],[-1357,924],[-842,442],[-1356,67],[-3321,121],[-1482,348],[-62,40],[-951,482],[-78,40],[-826,723],[-328,723],[78,777],[187,536],[374,990],[47,148],[998,1178],[1154,750],[203,428],[124,389],[-187,643],[-701,642],[-1404,777],[6502,134],[6190,335],[2183,468],[2666,844],[3555,1058],[2292,442],[4678,696],[2962,428],[920,-40],[1357,-53],[2245,-308],[2494,-710],[3306,-897],[2728,-750],[2027,-643],[1310,-776],[686,-804],[920,-1982],[1014,-2437],[1434,-2879],[702,-1325],[686,-763],[343,-255],[1216,-643],[2448,-1258],[1341,-509],[3539,-188],[3415,-174],[1169,-227],[2526,-938],[2417,-816],[951,-54],[2323,402],[1840,870],[1029,670],[701,468],[1419,884],[359,228],[655,535],[1621,1594],[2417,2584],[374,576],[749,1098],[467,1272],[1887,6293],[31,14],[1123,3039],[779,1687],[1030,1540],[1496,1808],[343,455],[484,335],[779,228],[640,13],[842,-94],[639,-160],[577,-228],[639,-308],[546,-321],[779,-402],[873,-147],[421,-67],[780,-255],[561,-321],[421,-683],[78,-562],[452,-616],[1981,-1138],[842,-483],[421,-200],[592,-215],[468,-134],[670,-133],[484,-41],[779,-40],[577,27],[748,80],[718,121],[592,161],[936,281],[701,254],[484,214],[623,349],[1123,629],[1715,1285],[717,442],[920,-27],[702,121],[530,54],[733,-282],[545,-254],[811,80],[936,-201],[577,-160],[842,-40],[686,13],[904,54],[795,267],[951,107],[983,-26],[779,-134],[359,-107],[608,-94],[655,-429],[561,94],[483,-402],[468,-160],[904,-81],[562,-53],[639,-295],[468,281],[421,509],[951,188],[530,-228],[592,-268],[655,-308],[671,54],[374,562],[483,148],[655,53],[499,80],[858,402],[670,522],[655,228],[733,80],[421,161],[608,562],[312,750],[545,107],[531,-294],[764,-161],[405,429],[125,535],[218,482],[94,375],[202,603],[562,241],[623,-496],[780,174],[842,402],[701,-187],[936,254],[608,201],[702,522],[327,482],[546,536],[-141,669],[640,643],[670,228],[593,-67],[530,67],[623,375],[453,-215],[483,-120],[546,-67],[795,-40],[592,120],[390,241],[951,-160],[717,-308],[468,120],[702,-120],[655,107],[561,201],[655,-121],[733,188],[873,200],[499,-160],[733,201],[779,-107],[530,120],[593,295],[701,13],[920,147],[437,576],[499,161],[468,241],[483,495],[452,201],[671,-268],[623,14],[733,201],[140,522],[110,415],[623,402],[702,0],[842,428],[733,121],[233,535],[-93,616],[249,388],[811,402],[452,375],[203,803],[-94,630],[203,750],[-592,294],[-203,804],[546,696],[-156,603],[280,776],[281,723],[203,630],[-16,508],[-187,496],[-47,361],[-124,563],[-188,321],[-187,576],[203,669],[437,295],[483,308],[764,67],[515,-80],[545,522],[296,629],[-202,737],[374,442],[374,294],[484,348],[514,201],[47,563],[-63,468],[-93,589],[608,241],[982,-93],[686,53],[421,228],[312,375],[-530,576],[-390,508],[-935,241],[-359,643],[203,348],[-94,683],[-343,362],[-623,254],[-125,388],[-561,375],[-655,215],[-125,294],[-78,697],[-62,615],[-78,1273],[608,468],[857,348],[219,429],[-125,415],[-312,361],[-16,576],[63,469],[390,442],[576,589],[764,482],[577,134],[250,388],[686,40],[343,134],[733,-40],[483,121],[873,361],[452,429],[686,-67],[655,281],[437,629],[-16,536],[811,388],[374,-254],[702,107],[358,348],[874,522],[545,255],[437,53],[592,121],[219,388],[296,549],[811,415],[608,255],[826,-442],[624,13],[546,-80],[639,227],[546,-187],[389,683],[250,281],[655,629],[857,335],[265,509],[951,134],[515,268],[218,334],[390,349],[312,428],[483,562],[671,590],[46,763],[453,455],[405,107],[655,295],[811,335],[187,575],[904,-187],[265,-643],[920,107],[639,-67],[811,161],[203,629],[296,201],[795,-120],[780,428],[436,696],[718,242],[654,-188],[671,-469],[405,523],[749,415],[623,482],[47,428],[577,469],[437,107],[795,67],[577,40],[951,-80],[218,669],[31,456],[-140,709],[-172,415],[-233,509],[140,536],[686,161],[702,455],[-78,669],[327,348],[109,697],[452,589],[172,415],[202,388],[406,402],[281,281],[389,482],[-78,737],[-124,388],[-343,710],[514,227],[624,402],[670,562],[702,-348],[577,-107],[826,-40],[655,-67],[374,188],[889,-94],[608,161],[608,615],[624,148],[390,-121],[826,-308],[639,308],[577,-27],[468,295],[920,188],[390,-389],[857,-375],[561,40],[343,-549],[219,-374],[748,26],[811,40],[312,-562],[0,-509],[592,-254],[936,0],[546,-335],[436,13],[561,161],[499,415],[967,54],[515,-54],[514,-53],[920,-255],[686,-227],[421,-335],[421,-415],[468,-281],[499,0],[795,0],[702,13],[717,-54],[467,0],[858,67],[717,201],[795,-388],[640,214],[592,188],[281,522],[-452,455],[561,536],[733,294],[592,134],[421,281],[437,295],[499,522],[312,616],[483,442],[717,214],[608,536],[624,-348],[780,187],[530,107],[795,402],[499,375],[468,268],[717,281],[748,161],[655,281],[405,268],[609,-81],[717,228],[577,268],[592,241],[608,107],[764,321],[499,174],[717,161],[515,80],[748,322],[312,482],[328,227],[483,268],[343,469],[546,375],[467,27],[655,40],[530,-201],[702,94],[265,294],[483,375],[468,40],[624,348],[546,282],[483,455],[452,495],[62,402],[156,589],[453,710],[311,763],[562,107],[764,429],[561,-107],[702,415],[-453,482],[-249,656],[-109,536],[-328,696],[453,696],[530,214],[483,148],[639,-335],[640,-415],[966,-67],[858,80],[405,322],[593,334],[390,188],[608,134],[842,120],[467,281],[577,228],[655,589],[452,375],[499,121],[94,602],[514,402],[842,254],[717,576],[499,201],[655,241],[421,147],[530,362],[343,201],[562,147],[639,482],[-125,576],[94,656],[265,562],[-156,683],[405,201],[328,509],[-172,562],[-405,281],[-764,496],[-639,281],[-702,94],[-624,201],[-140,790],[-374,696],[-452,268],[-562,629],[-701,-27],[-842,442],[-125,616],[265,563],[-265,816],[-405,764],[358,254],[468,268],[234,576],[234,629],[374,295],[171,562],[32,442],[592,294],[483,456],[499,723],[453,361],[592,54],[483,147],[468,268],[889,-94],[203,-642],[374,-456],[374,-348],[811,-361],[530,-134],[670,-107],[515,-255],[-125,-602],[328,-456],[498,-214],[499,-281],[468,-107],[593,-107],[639,-362],[374,-348],[624,40],[436,-482],[312,-402],[499,-214],[671,-469],[670,-267],[795,-375],[452,-348],[562,-335],[389,-161],[515,-254],[639,-389],[608,-401],[499,-268],[437,-147],[655,-148],[436,-107],[546,-174],[327,-268],[219,-455],[764,-482],[888,-254],[624,-429],[63,-415],[202,-710],[624,-160],[374,441],[250,724],[576,441],[32,590],[-281,575],[-312,442],[374,442],[484,402],[701,308],[671,201],[686,40],[826,67],[468,67],[702,201],[561,187],[2744,1406],[3820,-2464],[3212,-1767],[2666,-1259],[2152,-897],[2666,-1353],[2121,-1807],[1886,-1754],[1060,-1139],[484,-401],[1465,-1179],[1029,-1017],[2480,-2651],[389,-362],[1637,-1674],[2402,-2290],[11647,-11154],[2339,-2155],[3305,-3174],[327,-321],[468,-241],[936,-456],[639,-294],[530,-281],[717,-241],[686,-295],[577,-362],[421,-348],[624,-522],[343,-402],[343,-375],[437,-415],[311,-267],[608,-536],[1154,-964],[655,-536],[982,-1058],[359,-549],[577,-1057],[218,-777],[125,-937],[47,-429],[202,-1419],[16,-1071],[94,-1299],[343,-2062],[62,-2022],[-156,-2705],[-249,-2611],[-312,-2665],[-499,-2558],[-312,-2035],[-764,-3535],[-421,-1540],[-31,-134],[-359,-1299],[-218,-549],[-109,-749],[-203,-1005],[-47,-696],[-234,-830],[-202,-656],[-219,-603],[-78,-736],[-78,-456],[-218,-562],[-187,-683],[-436,-1098],[-141,-415],[-109,-629],[-94,-616],[-140,-616],[-187,-335],[-218,-455],[-219,-683],[-202,-710],[-218,-1232],[-546,-1406],[-219,-1325],[-436,-1487],[-16,-1740],[0,-710],[-78,-1031],[-62,-884],[-140,-817],[-78,-495],[0,-656],[-31,-764],[93,-1365],[125,-1942],[-47,-777],[-312,-1111],[-109,-1259],[47,-642],[109,-616],[156,-643],[421,-1205],[203,-750],[249,-442],[218,-616],[203,-482],[140,-616],[94,-535],[218,-670],[250,-482],[312,-616],[171,-603],[203,-629],[467,-830],[562,-1460],[140,-1178],[78,-763],[218,-389],[484,-656],[343,-508],[717,-938],[109,-241],[1871,-1647],[1918,-1874],[530,-1032],[483,-897],[749,-1901],[265,-857],[312,-549],[187,-335],[234,-763],[249,-429],[296,-455],[281,-522],[187,-335],[156,-535],[218,-643],[452,-1004],[297,-1018],[343,-964],[390,-991],[452,-1085],[187,-455],[47,-415],[0,-509],[-32,-442],[593,-1299],[998,-1821],[2448,-3307],[1964,-2343],[265,-1045],[359,-602],[171,-590],[312,-669],[156,-522],[-15,-549],[62,-964],[31,-2143],[78,-1071],[125,-482],[125,-549],[0,-643],[-110,-1218],[-15,-1085],[-47,-669],[-47,-416],[-15,-736],[-31,-723],[1185,-2210],[2042,-1874],[2136,-2116],[764,-1004],[1045,-1353],[1341,-1472],[904,-1460],[218,-1299],[297,-1312],[296,-1513],[623,-2102],[718,-1822],[966,-2048],[1154,-1754],[905,-1313],[420,-522],[47,-723],[-280,-991],[-125,-870],[-31,-723],[327,-656],[250,-656],[265,-536],[842,-1366],[732,-1125],[375,-991],[296,-1004],[203,-669],[374,-1085],[1107,-2129],[623,-1058],[499,-1446],[531,-1004],[218,-616],[109,-643],[-936,-241],[-795,429],[-483,80],[-764,-388],[-172,-549],[94,-590],[-16,-401],[577,-536],[406,-723],[421,-589],[732,-1179],[156,-482],[219,-361],[514,-1393],[343,-897],[94,-683],[-63,-1272],[16,-830],[140,-696],[219,-764],[311,-535],[796,-1219],[857,-1513],[484,-549],[358,-415],[203,-415],[546,-656],[483,-482],[421,-469],[468,-696],[405,-563],[499,-575],[780,-549],[265,-723],[140,-134],[1637,-1326],[764,-1018],[515,-642],[514,-429],[2931,-509],[1295,-241],[857,-308],[1045,-107],[1138,121],[1372,-174],[2152,-697],[1465,-254],[1715,-402],[1201,-468],[2744,-1005],[1887,-830],[374,-214],[-702,-1219],[-358,-482],[-468,-174],[-577,-375],[16,-683],[-63,-415],[-358,-669],[-640,-214],[-561,-657],[-281,-361],[-561,-348],[-811,-375],[-514,-455],[-499,120],[-624,295],[-467,147],[-702,13],[-733,-53],[-561,120],[-406,174],[-499,241],[-732,282],[-437,187],[-577,107],[-670,-348],[-983,121],[-467,254],[-359,281],[-437,496],[-951,-215],[-514,-482],[-951,134],[-795,121],[-609,67],[-919,80],[-328,27],[-779,-148],[-515,-120],[-967,187],[-670,255],[-577,107],[-717,134],[-437,-174],[-639,-81],[-624,-308],[-608,-107],[-670,-40],[-1482,-1325],[-576,-844],[-234,-469],[-187,-535],[-94,-496],[218,-616],[156,-790],[-514,-589],[-406,-335],[-374,-214],[-421,-482],[-452,-482],[-62,-469],[-125,-522],[-499,-549],[-873,-53],[-546,-657],[-171,-589],[-156,-576],[-468,-361],[-437,-629],[109,-509],[375,-536],[-484,-402],[-561,-107],[-530,-13],[-936,-40],[-421,-482],[-156,-804],[-31,-575],[-47,-657],[141,-455],[296,-442],[156,-589],[-203,-817],[-374,-562],[-140,-509],[156,-469],[-78,-803],[-546,-536],[-405,-401],[-125,-831],[-406,-401],[-904,-322],[-312,-455],[-530,-495],[-483,-188],[-561,-201],[-671,201],[-452,-13],[-624,-616],[-530,-375],[-421,-241],[-265,-643],[-374,-335],[-655,-160],[-499,-469],[-390,-549],[265,-495],[-93,-429],[-63,-562],[-124,-308],[-546,-362],[-702,-201],[-951,-214],[-312,-482],[-296,-629],[-125,-549],[16,-804],[125,-683],[-250,-709],[-296,-389],[-187,-455],[0,-495],[327,-790],[-218,-549],[-15,-938],[15,-428],[0,-496],[-359,-549],[-452,-388],[-608,-535],[-499,-442],[-561,-174],[-608,-41],[-405,-160],[-437,-523],[-218,-495],[-78,-656],[-125,-402],[-94,-924],[16,-468],[0,-844],[-62,-830],[187,-656],[124,-348],[343,-2719],[421,-2356],[-140,-670],[-701,-1031],[-1092,-1995],[-826,-1393],[-390,-508],[-1700,-2156],[-1995,-2464],[-2635,-2825],[-2900,-2424],[-671,-643],[-764,-803],[-1325,-1902],[-250,-562],[-623,-1018],[-1139,-1165],[-2073,-1794],[-671,-522],[-1808,-1420],[-671,-374],[-2588,-1273],[-1247,-495],[-531,-415],[-1309,-1165],[-484,-562],[-592,-924],[-795,-1754],[-452,-1152],[-905,-3174],[-1107,-4070],[-592,-1674],[-686,-1419],[-608,-1259],[-406,-1152],[-265,-763],[-156,-616],[63,-709],[31,-509],[31,-764],[109,-736],[62,-388],[297,-924],[15,-54],[406,-1392],[312,-1098],[109,-1259],[156,-1406],[62,-2276],[312,-1621],[31,-80],[515,-1701],[2026,-3668],[1825,-2692],[187,-254],[530,-884],[639,-656],[359,-496],[218,-696],[-47,-616],[203,-455],[561,-563],[406,-589],[218,-723],[249,-509],[484,-294]],[[921541,619287],[1278,-2491],[624,-2116],[561,-1419],[1248,-1486],[1730,-1192],[1341,-1178],[2027,-3629],[3025,-3441],[1357,-2585],[-47,-1727],[-219,-1593],[-1247,-670],[-1325,-348],[-2620,-321],[-4428,-1674],[-3898,-1754],[-2635,-831],[-1169,-482],[-717,-562],[-640,-870],[-499,-1005],[-982,-1955],[-1996,-1995],[-2198,-1419],[-1855,-710],[-1030,-683],[63,-576],[514,-709],[1107,-857],[655,-1353],[702,-1673],[-156,-2357],[-312,-2357],[-1076,-2330],[-1528,-2129],[-1980,-1486],[-2198,-1352],[-2339,-1085],[-2557,-830],[-2199,-1353],[-1044,-1513],[-63,-1901],[468,-1795],[1247,-1888],[2682,-1914],[3929,-2946],[1107,-1420],[1248,-1606],[1746,-2022],[1419,-1152],[1918,-1567],[951,-1084],[592,-1045],[343,-830],[156,-1540],[-31,-817],[-203,-977],[-202,-1031],[-250,-1299],[-202,-602],[-188,-335],[-686,-1031],[-374,-549],[-592,-563],[-530,-589],[-343,-750],[-172,-602],[-218,-643],[-390,-1044],[-374,-884],[-187,-375],[-250,-455],[-156,-362],[-280,-710],[-328,-830],[-265,-589],[-655,-870],[-467,-603],[-609,-736],[-2510,-4299],[-1949,-3347],[-156,-308],[-405,-576],[-437,-576],[-312,-442],[-389,-308],[-780,-428],[-452,-442],[-328,-254],[-421,-322],[-421,-763],[-155,-509],[-219,-335],[-374,-361],[-5083,-5075],[-374,-375],[-343,-455],[-764,-924],[-1544,-1835],[-1403,-1687],[-2230,-2638],[-1871,-2156],[-1684,-1928],[-62,-67],[-1154,-1339],[-592,-1124],[-203,-1098],[-31,-429],[31,-750],[125,-830],[-437,-495],[-124,-456],[-359,-482],[-343,-321],[-437,-255],[-374,-308],[265,-629],[-499,-1125],[-140,-201],[-437,-549],[-436,-589],[-31,-509],[-562,-615],[-109,-643],[140,-509],[-155,-696],[0,-348],[0,-643],[-265,-589],[-32,-389],[16,-656],[-343,-455],[-156,-790],[-47,-509],[-686,-576],[-327,-642],[-31,-483],[-484,-549],[-265,-388],[203,-616],[-31,-589],[-109,-736],[62,-469],[-452,-562],[-234,-469],[-187,-563],[-250,-308],[-764,-334],[-670,-549],[-561,-549],[-827,-442],[-62,-536],[218,-348],[390,-428],[-281,-683],[-265,-442],[-93,-817],[-203,-549],[-78,-683],[-343,-388],[-31,-723],[109,-509],[-577,-589],[-78,-764],[-437,-589],[-374,-575],[-187,-590],[-47,-723],[-592,-147],[-577,161],[-437,-201],[-374,-375],[-670,-576],[-250,-442],[-670,-428],[-421,-549],[31,-442],[-515,-402],[-405,-777],[-468,-415],[-2276,-2222],[-3087,-3629],[-3961,-4673],[-1325,-2103],[-374,-857],[31,-857],[499,-10377],[-78,-7177],[94,-4044],[421,-4633],[109,-1473],[280,-1915],[671,-1741],[62,-174],[951,-2169],[-249,-643],[-374,-294],[-671,-442],[187,-576],[375,-321],[311,-723],[234,-429],[109,-669],[16,-710],[-250,-348],[-389,-576],[-281,-495],[-405,-469],[-733,-402],[-140,-348],[-219,-495],[-202,-456],[265,-709],[265,-509],[-141,-362],[452,-495],[390,-362],[546,-468],[203,-308],[187,-496],[62,-642],[-327,-804],[343,-549],[0,-696],[-608,-415],[-515,-603],[172,-442],[-32,-455],[312,-495],[219,-590],[389,-736],[250,-603],[15,-562],[219,-643],[374,-549],[608,-268],[265,-401],[671,-429],[-47,-562],[-94,-1085],[-47,-1513],[0,-1767],[63,-2812],[-47,-2705],[-343,-1969],[-515,-1459],[-1122,-2357],[-1060,-1553],[-250,-348],[-795,-1353],[-1559,-3642],[-936,-2397],[-1450,-3093],[-717,-2718],[-873,-2879],[-561,-1700],[-749,-1139],[-436,-575],[-811,-1139],[-468,-964],[-437,-401],[-951,-657],[-2900,-1874],[-1434,-897],[-2853,-1554],[-6533,-3427],[-4382,-2009],[-4786,-2665],[-5333,-2731],[-5441,-2344],[-406,-174],[-2495,-1272],[-5519,-1901],[-7110,-2598],[-5675,-2357],[-141,-67],[-2354,-522],[-3087,-522],[-811,-281],[-5301,-2785],[-920,-482],[-2573,-1353],[-3586,-1647],[-4225,-2370],[-219,-134],[-78,-107],[-888,-1781],[-562,-977],[-530,-871],[-1419,-2517],[-156,-375],[-483,-1125],[-1029,-1995],[-312,-777],[-608,-2155],[47,-844],[218,-1018],[172,-736],[93,-388],[78,-831],[94,-696]],[[756283,283164],[-1669,643],[-311,107],[-468,750],[-63,321],[-249,4352],[-296,1419],[-219,563],[-5597,5771],[-3804,3656],[-1279,1218],[-935,228],[-406,214],[-826,254],[-811,255],[-312,750],[-561,1124],[-125,215],[-1216,1807],[-873,-67],[-328,-441],[-795,93],[-577,81],[-545,415],[-624,-656],[-671,-94],[-514,13],[-795,-160],[-811,0],[-577,-148],[-811,121],[-405,93],[-639,-26],[-733,334],[-827,389],[-514,-268],[-546,-308],[-779,-214],[-530,147],[-811,0],[-702,281],[-717,54],[-608,160],[-639,-187],[-811,-388],[-515,-148],[-733,-241],[-436,-134],[-717,215],[-951,-94],[-733,-335],[-640,-455],[-374,-415],[-390,-576],[-561,-254],[-717,-549],[-452,-41],[-1014,884],[-452,-27],[-842,-214],[-265,-549],[-249,-308],[-952,-80],[-1372,-188],[-280,-415],[-359,-482],[-577,0],[-795,-214],[-265,-348],[-483,-576],[-297,-402],[-405,-267],[-374,-482],[-530,-362],[-749,-67],[-545,-268],[-390,-656],[-47,-509],[-561,-401],[-593,-14],[-499,-294],[-623,-322],[-671,-294],[-4693,-857],[-4896,-643],[-1278,-228],[-2448,-428],[-2526,-482],[-4179,-1058],[-5379,-1701],[-2884,-763],[-250,455],[-733,-120],[-639,147],[-811,201],[-405,308],[-265,549],[124,803],[188,416],[124,522],[31,388],[-374,603],[-421,723],[-296,790],[-374,576],[-546,107],[-686,428],[-327,255],[62,642],[-561,509],[-250,790],[-124,536],[-468,468],[-156,590],[-593,334],[-608,576],[-670,134],[-484,67],[-686,362],[-810,361],[-624,241],[-78,455],[-187,817],[-483,509],[-702,375],[-483,388],[-265,348],[-749,255],[-358,361],[-827,335],[-639,94],[-390,134],[-857,214],[-718,455],[-140,670],[-125,415],[-701,361],[-234,429],[-530,522],[-468,509],[-1232,951],[-343,241],[-733,334],[187,670],[-93,335],[-608,348],[-359,482],[-125,656],[-296,509],[-452,174],[-1091,147],[-593,81],[-390,66],[-639,295],[-530,241],[-483,362],[-453,656],[-701,589],[-608,522],[-546,978],[-359,883],[-748,174],[-218,362],[-63,603],[-655,495],[-530,362],[-810,133],[-484,389],[-343,401],[-1076,-160],[-514,589],[-593,562],[-218,683],[-717,67],[-702,-241],[-390,442],[343,656],[63,884],[-406,562],[-171,670],[-234,576],[-515,442],[219,602],[-452,335],[-156,830],[-94,576],[125,522],[0,469],[-421,482],[-624,294],[-265,509],[-514,214],[-359,201]],[[569305,573452],[406,174],[623,469],[686,267],[515,-267],[764,-282],[436,362],[733,509],[640,227],[545,67],[718,-93],[654,26],[515,-174],[764,0],[390,201],[514,161],[686,94],[406,133],[514,322],[515,53],[764,0],[920,41],[499,107],[499,120],[576,-134],[499,268],[749,482],[327,335],[1528,268],[1357,254],[670,576],[764,442],[624,67],[608,201],[218,468],[374,375],[593,322],[514,482],[624,147],[1232,268],[951,160],[764,108],[499,174],[733,133],[842,14],[904,254],[639,442],[359,228],[748,-81],[733,108],[608,40],[967,-40],[62,883],[951,201],[1528,509],[437,201],[670,576],[110,522],[-172,469],[-1512,1714],[-718,1017],[-187,455],[-124,590],[-63,843],[16,469],[93,482],[343,522],[1045,696],[468,643],[1730,3803],[1232,2584],[328,482],[1559,3187],[1107,2236],[639,1259],[250,844],[155,1165],[110,1098],[187,696],[78,348],[62,522],[374,563],[-31,602],[296,295],[234,509],[-78,428],[78,750],[795,268],[-280,643],[-31,763],[15,683],[-47,455],[-109,643],[-78,442],[16,482],[93,549],[499,549],[-46,602],[171,375],[655,228],[436,468],[780,389],[733,187],[624,201],[436,536],[406,642],[218,389],[296,576],[62,642],[281,536],[156,415],[-94,455],[-483,469],[-327,562],[218,415],[561,295],[811,228],[125,508],[234,603],[187,830],[608,469],[655,388]],[[756283,283164],[-296,-509],[-406,-549],[-499,-495],[172,-991],[452,-335],[483,-535],[172,-308],[296,-630],[265,-482],[62,-321],[156,-563],[125,-522],[405,-602],[188,-710],[93,-362],[0,-776],[109,-563],[109,-468],[78,-482],[63,-924],[280,-455],[406,-697],[514,-643],[297,-455],[-94,-509],[-16,-763],[78,-388],[156,-656],[125,-523],[0,-388],[-265,-1540],[-31,-642],[-63,-429],[16,-549],[47,-817],[31,-401],[93,-523],[47,-482],[0,-696],[-124,-469],[15,-495],[-78,-629],[-15,-683],[-47,-804],[-31,-709],[-32,-817],[-46,-442],[-47,-415],[-94,-576],[-62,-509],[16,-602],[78,-402],[233,-629],[-62,-697],[-78,-401],[-78,-496],[-359,-696],[-265,-563],[-265,-535],[-421,-670],[-436,-656],[-156,-562],[-187,-456],[-218,-415],[-250,-562],[-265,-495],[-670,-817],[-624,-536],[-530,-562],[-421,-322],[-1170,-749],[-405,-362],[-343,-522],[-296,-335],[-343,-509],[-546,-709],[-483,-737],[-780,-1366],[-312,-736],[-140,-509],[-203,-643],[-280,-522],[-468,-656],[-546,-817],[-78,-120],[-436,-616],[-328,-790],[-530,-1594],[-405,-777],[-32,-508],[219,-737],[202,-803],[156,-710],[141,-549],[358,-696],[47,-616],[31,-429],[172,-709],[-234,-790],[-343,-496],[-593,-1031],[-15,-321],[78,-777],[-234,-589],[-452,-763],[-203,-804],[-281,-656],[-93,-375],[-203,-683],[-390,-629],[-405,-562],[-328,-563],[-467,-669],[-281,-429],[-468,-723],[-1138,-2008],[-1029,-1513],[-1247,-1688],[-780,-870],[-1076,-1192],[-421,-535],[-218,-295],[-296,-643],[-31,-509],[31,-642],[187,-656],[312,-1085],[452,-1567],[1169,-3053],[593,-1834],[218,-1286],[374,-93],[624,-27],[624,-121],[452,-602],[46,-2116],[-93,-535],[-343,-1246],[-312,-1125],[-109,-428],[-16,-616],[-31,-348],[0,-616],[156,-670],[16,-415],[124,-736],[281,-763],[94,-710],[46,-415],[141,-522],[46,-442],[-15,-830],[31,-563],[671,-455],[218,-375],[234,-857],[234,-576],[-63,-629],[-405,-482],[-156,-429],[-250,-763],[-109,-455],[250,-389],[623,-40],[125,-629],[140,-616],[0,-629],[-77,-1031],[-32,-322],[32,-790],[-141,-294],[-421,-630],[-47,-348],[297,-1901],[467,-308],[-124,-1420],[-31,-93],[-375,-1125],[-389,-991],[-63,-308],[-78,-1794],[-296,-804],[-172,-669],[-93,-469],[0,-415],[47,-536],[171,-749],[452,-683],[250,-362],[-218,-616],[857,-281],[889,-241],[686,-188],[1232,-281],[467,-107],[1326,-254],[2401,-415],[686,-148],[561,-160],[452,-148],[1528,-629],[1014,-402],[920,-375],[1652,-669],[3150,-1152],[4241,-1566],[1154,-402],[811,-268],[904,-254],[873,-241],[904,-201],[2479,-603],[1107,-227],[1435,-282],[499,-80],[967,-174],[1356,-228],[920,-147],[764,-120],[1201,-188],[405,-94],[780,-187],[1637,-549],[4178,-1393],[1419,-495],[483,-134],[515,-134],[702,-67],[623,54],[562,174],[467,174],[562,281],[1278,683],[920,509],[936,-54],[467,-321],[484,-335],[483,-428],[359,-375],[499,-563],[436,-415],[515,-602],[202,-804],[-31,-763],[452,-629],[827,-174],[717,-54],[920,-214],[327,-241],[406,-442],[202,-388],[16,-456],[-31,-696],[15,-616],[-109,-817],[-421,-401],[-810,-335],[-640,-188],[-499,-160],[-530,-188],[-701,-187],[-562,-94],[-499,-134],[-577,-254],[-452,-268],[-374,-763],[78,-523],[109,-442],[141,-428],[218,-536],[312,-562],[483,-643],[390,-509],[358,-642],[281,-777],[203,-763],[78,-482],[31,-750],[-218,-643],[-718,-442],[-530,-40],[-842,-27],[-421,-107],[-452,-321],[-203,-563],[-140,-415],[-234,-482],[-530,-522],[-358,-294],[-499,-362],[-655,-482],[-484,-442],[-265,-375],[-62,-495],[327,-589],[297,-349],[608,-508],[623,-402],[375,-268],[280,-549],[172,-576],[187,-455],[405,-536],[390,-267],[670,-175],[577,0],[530,14],[484,13],[733,-294],[62,-777],[-140,-335],[-312,-589],[-125,-843],[-31,-724],[-62,-401],[-203,-616],[-312,-375],[-546,-295],[-795,-214],[-1076,-281],[-452,-94],[-639,-107],[-530,-40],[-577,27],[-421,40],[-671,13],[-904,-27],[-686,-214],[-733,-495],[-499,-442],[-592,-630],[-234,-214],[-593,-589],[-514,-589],[-203,-442],[-15,-549],[577,-388],[623,-121],[390,-40],[717,-54],[452,-40],[421,-401],[78,-590],[-93,-375],[-125,-589],[-109,-656],[156,-549],[-125,-415],[-499,-495],[-592,-308],[-686,-134],[-562,-322],[-62,-763],[312,-602],[545,-563],[32,-522],[-406,-455],[-312,-255],[-233,-535],[343,-362],[701,-455],[499,-322],[374,-200],[889,-108],[577,-13],[639,-228],[141,-415],[-94,-442],[-109,-535],[187,-696],[327,-308],[328,-576],[-125,-549],[-670,-469],[-640,-161],[-576,-200],[-125,-670],[47,-375],[-281,-683],[-437,-308],[-452,-401],[-280,-295],[-390,-388],[-359,-375],[-452,-536],[-686,-201],[-780,121],[-670,241],[-499,174],[-515,67],[-608,-107],[-842,174],[-920,227],[-592,14],[-686,147],[-515,147],[-795,282],[-405,120],[-795,-107],[-468,-750],[-530,-562],[-468,-295],[-561,-147],[-811,-54],[-639,-160],[-702,-241],[-920,-161],[-608,-214],[-249,-295],[-234,-495],[-172,-670],[47,-268],[-47,-696],[-374,-576],[-639,-281],[-515,-348],[-468,-402],[-467,-522],[-281,-388],[-483,-308],[-421,-134],[-671,94],[-296,308],[-281,495],[-234,428],[-374,549],[-421,496],[-623,388],[-343,201],[-905,67],[-608,-147],[-499,-563],[0,-696],[125,-629],[171,-375],[312,-522],[78,-322],[-265,-763],[-327,-496],[-406,-174],[-514,-308],[-749,-147],[-795,-147],[-514,134],[-718,-214],[-358,-161],[-608,-188],[-452,-227],[-655,-456],[-359,-549],[-62,-401],[-63,-697],[-140,-696],[-483,-602],[-406,-630],[-311,-321],[-765,-375],[-670,80],[-655,335],[-436,254],[-468,282],[-717,-67],[-265,-348],[-359,-429],[-390,-536],[-187,-428],[-47,-576],[16,-683],[-109,-589],[-281,-294],[-624,-241],[-904,93],[-748,-13],[-796,-348],[-514,-241],[-826,-201],[-562,-107],[-655,-563],[-421,-562],[-467,-522],[-499,-469],[-452,-335],[-343,-602],[-141,-563],[125,-642],[16,-469],[-406,-643],[-249,-254],[-499,-442],[-31,-737],[46,-495],[-296,-375],[-639,-161],[-406,-80],[-608,-54],[-467,-40],[-718,-482],[-233,-482],[-343,-589],[-375,-469],[-140,-428],[639,-348],[780,53],[171,-830],[-374,-294],[-483,-282],[-546,-281],[-639,-227],[-639,-161],[-562,-121],[-842,-80],[-686,-80],[-686,-469],[63,-576],[0,-482],[-749,-107],[-468,228],[-545,294],[-452,94],[-671,-295],[-390,-428],[-608,-670],[-296,-361],[-265,-589],[-343,-683],[-437,-429],[-249,-334],[47,-764],[-468,-428],[-749,-268],[-623,-268],[0,-696],[280,-522],[141,-375],[623,-322],[608,228],[468,187],[499,255],[686,522],[406,362],[280,294],[920,-174],[0,-562],[-47,-790],[-15,-576],[0,-723],[15,-469],[110,-669],[779,-281],[671,133],[452,134],[733,134],[608,-134],[545,-174],[515,-174],[592,-268],[655,-642],[312,-362],[374,-415],[640,-616],[732,-415],[515,-415],[265,-348],[218,-523],[717,-589],[624,-40],[827,80],[608,-53],[374,-429],[343,-508],[187,-402],[171,-496],[-311,-629],[-749,-241],[-748,-40],[-452,0],[-905,-67],[-795,-174],[-546,-214],[-623,-308],[-655,-322],[-671,-281],[-842,-442],[-296,-468],[78,-442],[234,-362],[577,-455],[47,-683],[-187,-482],[-250,-616],[-390,-442],[-701,-469],[-328,-348],[-296,-575],[-218,-469],[187,-737],[499,-361],[842,-388],[545,-563],[-218,-736],[-390,-509],[-530,-509],[-483,-388],[-327,-335],[-344,-388],[-311,-389],[-546,-669],[-234,-389],[-125,-455],[-62,-549],[-624,-201],[-530,255],[-748,335],[-406,-295],[-202,-509],[-156,-388],[-94,-469],[156,-669],[515,-630],[405,-522],[109,-362],[187,-615],[359,-335],[483,-295],[437,-683],[-203,-308],[-702,-830],[-343,-428],[-608,-121],[-561,522],[-109,670],[-187,790],[-499,228],[-499,93],[-733,-93],[-265,-576],[0,-496],[16,-361],[93,-710],[125,-509],[327,-669],[718,-348],[623,-282],[421,-254],[219,-442],[-671,27],[-998,174],[-951,147],[-686,148],[-483,174],[-546,241],[-343,160],[-546,295],[-608,415],[-312,268],[-343,375],[-467,522],[-718,187],[-670,-388],[-343,-522],[-406,-683],[-249,-803],[-171,-683],[-125,-509],[-250,-670],[-124,-428],[-219,-830],[-124,-590],[-16,-816],[47,-469],[78,-442],[187,-750],[171,-495],[109,-322],[234,-575],[94,-402],[-31,-603],[-187,-254],[-702,-348],[-421,-174],[-717,-415],[-390,-268],[-421,-322],[-624,-482],[-592,-348],[-468,-147],[-686,94],[-608,415],[-234,308],[-359,468],[-483,523],[-577,616],[-421,321],[-655,375],[-608,254],[-514,241],[-951,228],[-686,-228],[-328,-321],[-546,-402],[-483,-321],[-359,-188],[-670,-334],[-842,-375],[-592,-14],[-671,-67],[-468,-53],[-639,-80],[-483,-54],[-780,241],[-265,603],[-109,468],[-62,857],[31,496],[171,709],[141,375],[296,589],[93,362],[141,589],[296,563],[515,468],[764,496],[654,495],[453,321],[623,469],[374,268],[796,442],[483,308],[483,335],[640,508],[405,643],[-125,589],[-592,563],[-702,562],[-530,482],[-515,402],[-966,736],[-374,322],[-577,535],[-671,616],[-577,429],[-327,174],[-561,241],[-796,241],[-639,80],[-468,-27],[-592,-334],[-421,-282],[-655,-468],[-327,-228],[-640,-321],[-514,-174],[-686,-268],[-421,-174],[-889,-107],[-483,508],[-219,375],[-93,777],[-140,643],[-203,643],[-109,441],[-78,402],[-125,670],[-16,375],[156,616],[203,522],[125,361],[343,563],[390,375],[576,415],[687,482],[202,589],[-218,455],[-499,362],[-421,187],[-733,228],[-764,214],[-514,174],[-593,188],[-733,455],[47,576],[593,468],[358,107],[671,215],[545,147],[718,161],[467,93],[390,469],[-592,576],[-343,495],[-172,750],[-47,589],[-62,563],[-31,334],[31,523],[109,375],[717,254],[796,-428],[421,-282],[888,-120],[655,13],[468,-53],[655,-148],[795,-134],[639,-133],[733,-161],[546,-94],[655,-80],[748,-81],[437,81],[686,308],[545,308],[562,281],[686,268],[686,214],[779,241],[375,134],[561,201],[655,201],[888,-161],[718,-80],[810,-94],[827,254],[-141,630],[-311,803],[-312,629],[-296,362],[-234,361],[-530,536],[-406,295],[-343,361],[-452,335],[-483,187],[-515,188],[-608,120],[-515,121],[-483,134],[-608,147],[-577,161],[-748,361],[-624,255],[-624,241],[-795,348],[-686,335],[-561,241],[-561,254],[-453,161],[-654,94],[-687,40],[-951,-54],[-608,-94],[-467,456],[-16,468],[343,670],[327,482],[421,643],[250,669],[-47,549],[-156,455],[-218,710],[-156,576],[-78,335],[-156,642],[-171,697],[-172,468],[-312,496],[-374,495],[-561,509],[-437,362],[-717,415],[-468,241],[-701,375],[-640,321],[-623,295],[-593,294],[-436,268],[-546,361],[-484,349],[-545,401],[-374,362],[-437,656],[-156,562],[16,643],[202,415],[484,389],[0,428],[-359,375],[-686,80],[-670,-388],[-343,-429],[-266,-428],[-296,-536],[-405,-642],[-343,-469],[-250,-295],[-514,-361],[-437,-40],[-966,147],[-858,161],[-733,120],[-904,-147],[-561,40],[-577,80],[-530,108],[-842,200],[-624,27],[-515,-40],[-514,-54],[-686,-40],[-484,0],[-592,14],[-686,-67],[-546,-67],[-623,-81],[-609,-40],[-561,-40],[-717,-27],[-593,94],[-452,134],[-374,629],[-47,563],[-140,616],[-826,147],[-515,-201],[-374,-254],[-577,-482],[31,-536],[156,-308],[343,-643],[265,-482],[47,-643],[-94,-535],[-78,-388],[-62,-616],[-78,-509],[-16,-389],[-77,-615],[-110,-375],[-311,-683],[-468,-429],[-437,-134],[-577,134],[-514,683],[-250,536],[-327,683],[-218,348],[-375,602],[-514,576],[-421,281],[-374,255],[-562,388],[-499,308],[-467,254],[-593,389],[-296,642],[140,549],[421,630],[390,535],[265,456],[265,535],[203,335],[203,589],[249,777],[125,442],[0,589],[-63,495],[-187,804],[-109,468],[-265,737],[-312,348],[-873,188],[-499,-228],[-374,-241],[-468,-268],[-390,-201],[-826,-402],[-795,-348],[-546,-227],[-639,-255],[-826,-160],[-468,-14],[-639,-227],[-718,-563],[-374,-214],[-857,-482],[-858,-455],[-670,-349],[-671,-133],[-530,80],[-686,281],[-483,335],[-499,469],[280,682],[437,389],[374,241],[577,335],[390,294],[608,629],[405,362],[312,670],[62,575],[125,777],[-31,777],[-78,562],[-47,803],[0,456],[16,442],[0,790],[31,696],[31,683],[63,562],[109,790],[93,496],[-140,455],[-499,549],[-343,281],[-686,335],[-530,107],[-686,147],[-764,40],[-437,-120],[-78,-616],[328,-589],[-468,-509],[-530,-27],[-624,147],[-982,81],[-561,53],[-453,148],[-732,281],[-655,94],[-608,53],[-671,40],[-967,67],[-670,67],[-842,-147],[-312,-442],[-234,-549],[-249,-442],[-16,-388],[109,-710],[-31,-643],[-109,-535],[-125,-415],[-124,-509],[-32,-522],[577,-509],[640,-161],[530,-147],[655,-281],[436,-201],[406,-603],[218,-736],[125,-429],[265,-509],[78,-723],[-546,-214],[-873,-107],[-640,-27],[-483,-40],[-608,375],[-577,482],[-421,107],[-655,54],[-467,40],[-640,402],[-327,267],[-608,349],[-406,107],[-795,-40],[-701,-121],[-624,-67],[-702,94],[-561,120],[-639,67],[-640,-13],[-857,-80],[-889,13],[-686,27],[-452,147],[-390,522],[-234,335],[-171,522],[-109,455],[-78,442],[-94,442],[-125,549],[-78,415],[-171,643],[-530,656],[-733,348],[-608,67],[-499,27],[-608,107],[-406,107],[-514,255],[-546,669],[16,630],[-31,455],[-546,428],[-577,348],[-218,416],[-281,682],[-530,603],[-405,308],[-468,308],[-437,161],[-561,-121],[-717,-147],[-749,201],[-218,294],[-265,482],[-140,362],[-265,442],[-312,268],[-499,361],[-406,255],[-561,415],[-624,241],[-467,321],[-141,750],[297,281],[639,174],[920,-27],[670,-134],[468,-415],[499,-656],[281,-415],[265,-321],[358,-496],[982,-147],[375,750],[-515,201],[-733,174],[-124,495],[389,335],[468,80],[593,27],[-32,696],[-576,174],[-515,67],[-624,188],[-452,469],[-125,321],[32,536],[140,361],[187,469],[-296,696],[-437,0],[-623,13],[-531,94],[-748,134],[-592,54],[-889,241],[-702,334],[-546,322],[-545,335],[-515,388],[-234,388],[63,509],[31,522],[78,670],[218,428],[811,482],[857,134],[484,188],[249,616],[-187,508],[-202,282],[-406,401],[-405,389],[-515,401],[-234,335],[-888,375],[-655,-80],[-608,-255],[-343,-763],[156,-536],[-63,-816],[-358,-509],[-577,-322],[-811,-120],[-593,-94],[-920,-94],[-452,0]],[[605977,89152],[-109,108],[-717,723],[-608,375],[-94,589],[-436,629],[-702,-40],[-530,-214],[-515,-241],[-421,-121],[-592,-80],[-483,0],[-530,214],[62,696],[187,764],[-172,629],[-280,455],[171,777],[920,1084],[281,282],[374,375],[530,415],[265,683],[-218,535],[-748,415],[-562,107],[-733,-348],[-327,-294],[-1029,-723],[-717,-161],[-109,843],[842,1098],[826,362],[733,67],[561,174],[312,429],[343,709],[421,576],[779,911],[359,441],[125,308],[249,1353],[141,683],[46,375],[94,723],[187,750],[546,696],[1481,750],[1123,642],[499,335],[608,496],[171,401],[-156,576],[-280,603],[-686,227],[-312,-267],[-297,-509],[-732,-348],[-453,294],[-498,335],[-484,736],[452,563],[796,308],[358,107],[717,227],[842,282],[530,201],[780,214],[312,134],[514,401],[453,362],[389,268],[718,294],[467,228],[265,442],[577,629],[827,402],[779,161],[780,522],[-608,495],[-452,295],[-328,482],[-468,268],[-592,-94],[-499,-442],[-203,-228],[-732,-790],[-936,161],[187,482],[250,482],[280,643],[296,897],[110,442],[15,415],[-93,469],[-468,575],[-577,175],[-421,26],[-873,-134],[-982,121],[-188,616],[78,495],[63,683],[-156,456],[-546,482],[-280,401],[46,496],[234,549],[16,442],[-593,562],[-733,295],[-280,348],[-125,495],[172,630],[78,495],[-219,482],[-234,375],[-296,549],[47,455],[405,576],[250,669],[-78,469],[-702,388],[-655,255],[-499,602],[0,549],[110,375],[405,777],[592,629],[593,282],[811,241],[530,120],[296,348],[94,549],[62,375],[78,509],[62,670],[31,1124],[-171,790],[-62,656],[-32,389],[-311,455],[-406,214],[-748,362],[-265,495],[374,536],[811,495],[842,14],[389,-67],[609,-54],[857,81],[328,468],[374,295],[764,160],[312,335],[639,67],[436,255],[328,616],[-296,415],[-484,602],[515,522],[-172,590],[-343,401],[312,456],[94,441],[171,590],[156,562],[218,469],[718,241],[623,509],[733,294],[-281,790],[32,643],[296,348],[125,589],[452,442],[-125,576],[-546,214],[-374,254],[-47,603],[-374,683],[94,736],[0,549],[-78,590],[-219,696],[156,536],[265,656],[390,348],[265,736],[-265,630],[-655,482],[-296,683],[-296,508],[-374,429],[-749,-174],[-608,415],[172,509],[608,509],[15,615],[437,308],[624,308],[296,416],[187,415],[-172,495],[-124,750],[-375,254],[-764,295],[-389,723],[-219,576],[-389,415],[202,656],[-265,736],[-436,-53],[-499,-348],[-718,0],[-343,428],[-888,281],[-63,603],[203,522],[-359,563],[671,334],[842,94],[187,509],[156,629],[452,375],[-374,697],[-608,267],[-484,723],[-514,576],[109,549],[390,563],[125,723],[93,455],[62,428],[-31,549],[-873,54],[-483,335],[31,709],[-437,389],[-171,776],[-31,616],[312,563],[-281,629],[-328,737],[-421,723],[-265,348],[-311,375],[-453,468],[-577,402],[-452,295],[-4973,2972],[-390,295],[-437,428],[-5675,5611],[-1622,1325],[-951,857],[-2417,2692],[-3430,3682],[-3773,3616],[-3867,3695],[-639,576],[-530,549],[-1575,1942],[-2386,2785],[-888,1004],[-1684,1861],[-873,978],[-1450,1821],[-172,536],[-312,790],[-483,522],[-702,576],[-421,308],[-655,227],[-483,54],[-561,201],[-2105,1258],[-406,282],[-530,615],[-421,549],[-358,362],[-811,228],[-468,348],[-140,415],[31,495],[203,630],[124,428],[78,696],[110,951],[31,255],[31,602],[-577,482],[62,536],[281,442],[483,723],[250,268],[327,616],[32,388],[-16,562],[-31,536],[-47,361],[-78,563],[-125,549],[-78,776],[109,643],[110,603],[31,522],[-31,576],[187,562],[280,723],[-93,589],[-94,616],[-312,737],[-15,642],[156,817],[31,442],[125,589],[-141,817],[-93,683],[15,536],[63,428],[-219,670],[-78,334],[-62,523],[-125,415],[-93,442],[62,723],[-15,482],[-453,750],[-265,549],[-436,589],[-343,428],[-218,643]],[[175362,624911],[-421,723],[-531,67],[-919,40],[15,830],[-78,844],[-1419,910],[-483,147],[-686,228],[-234,455],[78,804],[-374,335],[-562,187],[-732,268],[-764,-40],[-733,-509],[-827,-201],[-639,201],[-390,361],[-561,349],[-546,334],[-452,911],[-577,348],[-701,228],[-655,200],[-296,657],[467,267],[187,523],[125,589],[702,428],[514,-361],[421,642],[312,670],[172,723],[-172,509],[406,535],[452,134],[421,375],[-219,616],[-421,255],[-748,-81],[-858,148],[-405,616],[546,281],[234,321],[187,670],[-546,455],[-670,-161],[-780,-93],[-826,361],[-437,375],[-670,549],[-421,549],[-328,428],[-811,402],[-483,188],[-499,214],[-514,388],[-94,723],[499,255],[390,375],[-78,468],[-655,188],[-702,-54],[-530,-94],[-826,67],[-296,456],[109,750],[-141,321],[-249,469],[-218,736],[-265,321],[-172,670],[156,669],[-140,442],[-655,308],[-374,27],[-608,107],[-359,94],[-1014,536],[-358,281],[-390,415],[156,790],[702,455],[93,589],[546,656],[608,14],[842,-268],[452,-54],[530,362],[125,308],[624,469],[499,147],[467,549],[78,495],[-46,1205],[62,375],[873,322],[842,120],[670,241],[265,161],[858,830],[359,335],[109,469],[109,495],[811,-13],[811,-442],[623,281],[281,308],[187,509],[-203,696],[78,683],[-15,509],[218,482],[733,201],[545,-161],[484,40],[935,188],[530,80],[125,589],[406,469],[343,388],[31,723],[-827,322],[281,455],[405,174],[141,669],[-593,174],[187,737],[608,-174],[437,723],[670,40],[375,-308],[826,-227],[452,241],[686,227],[686,67],[406,147],[857,-174],[-31,-442],[203,-682],[842,-67],[156,415],[311,562],[499,255],[110,736],[15,589],[483,1272],[172,442],[421,455],[140,322],[-701,428],[-655,589],[62,456],[468,549],[249,348],[468,428],[904,-26],[811,93],[1606,268],[452,67],[546,-67],[795,228],[717,67],[515,-14],[561,241],[406,523],[405,615],[-31,1058],[-468,496],[-265,375],[-405,1138],[-125,522],[109,402],[-358,455],[-312,603],[592,348],[78,803],[-779,388],[15,737],[-499,348],[-468,308],[-904,-134],[-608,241],[-249,763],[545,322],[655,415],[-514,576],[-359,241],[-390,388],[-343,643],[281,709],[312,456],[842,174],[452,335],[561,13],[468,455],[-47,308],[-156,589],[-452,563],[-889,241],[-296,843],[717,-13],[421,509],[608,80],[328,589],[421,389],[249,254],[546,469],[499,-241],[779,-188],[593,188],[873,267],[608,389],[-47,549],[47,790],[437,361],[514,482],[219,349],[249,468],[421,563],[437,669],[389,362],[468,348],[16,669],[156,415],[561,429],[436,616],[203,602],[717,549],[390,295],[-31,509],[-187,576],[-343,575],[-608,389],[-156,388],[249,763],[32,469],[623,174],[156,696],[265,442],[546,348],[-31,790],[343,777],[280,442],[-15,495],[873,0],[592,67],[640,94],[545,402],[141,495],[0,469],[748,134],[749,80],[436,375],[296,321],[546,415],[811,54],[561,-40],[577,53],[359,241],[93,804],[-358,669],[-219,389],[-156,535],[375,375],[530,308],[483,295],[499,201],[593,174],[436,53],[561,188],[468,455],[-187,442],[-31,629],[-31,429],[499,723],[1029,388],[810,388],[515,215],[421,267],[249,429],[562,683],[468,509],[327,401],[-265,536],[-234,335],[-249,522],[140,388],[296,375],[156,777],[-203,616],[343,509],[702,562],[592,268],[874,161],[343,294],[343,536],[218,669],[405,362],[749,495],[467,201],[468,188],[1294,656],[593,415],[951,1004],[390,964],[124,362],[281,897],[842,790],[203,428],[93,938],[234,1566],[608,2089],[702,1634],[780,1379],[1278,1848],[780,790],[935,495],[1388,469],[1653,94],[779,53],[624,161],[779,214],[609,241],[576,469],[499,375],[468,161],[561,93],[1747,-107],[920,-161],[1231,-254],[499,-107],[1466,-147],[203,-14],[935,-107],[4506,-40],[3165,-27],[2620,188],[904,93],[795,255],[4974,2196],[4194,1687],[2043,964],[3336,1915],[2667,1446],[1543,643],[1170,174],[1341,134],[1231,-14],[2027,-308],[1669,-120],[1294,80],[1606,335],[1153,308],[1014,348],[1123,522],[857,589],[265,657],[671,428],[483,723],[0,616],[499,254],[842,389],[670,-107],[343,-322],[624,-241],[546,-147],[280,-348],[718,-375],[904,-241],[171,415],[546,201],[530,294],[-218,603],[-437,241],[-498,107],[-733,-214],[-375,442],[-77,602],[327,362],[296,535],[187,362],[640,268],[888,134],[640,67],[623,428],[421,563],[671,80],[561,67],[655,13],[577,27],[390,201],[327,402],[686,361],[530,-187],[686,26],[499,-147],[764,-53],[920,-268],[530,241],[483,522],[406,375],[608,576],[842,-107],[514,321],[375,750],[452,361],[249,442],[281,362],[577,281],[733,455],[467,536],[297,308],[374,602],[904,349],[702,120],[811,469],[530,616],[499,321],[857,295],[577,683],[281,388],[468,388],[576,268],[453,268],[296,308],[483,254],[452,348],[187,348],[453,603],[187,375],[748,80],[826,-120],[609,-94],[421,94],[701,40],[281,214],[717,268],[343,-455],[-265,-469],[187,-562],[671,-603],[795,-415],[514,-522],[733,-763],[702,-362],[639,214],[499,335],[327,308],[499,147],[733,174],[889,349],[670,-349],[421,-267],[920,-228],[624,-94],[530,147],[218,590],[889,93],[608,-200],[421,-657],[686,-187],[265,777],[109,669],[577,268],[452,549],[281,308],[889,201],[904,-241],[312,-228],[577,-214],[577,-643],[530,-602],[436,227],[110,616],[920,188],[904,26],[390,697],[561,254],[639,-509],[671,81],[452,67],[592,53],[499,0],[640,54],[374,-94],[888,-13],[577,0],[671,-161],[577,214],[530,375],[608,-147],[405,53],[624,40],[733,523],[639,-188],[671,-268],[623,-508],[561,-402],[1497,-455],[1856,-549],[2759,-549],[764,-282],[609,-388],[639,482],[452,402],[686,495],[686,27],[624,-375],[514,-294],[640,-416],[592,-455],[405,-268],[640,-227],[1278,562],[1622,1045],[1559,1071],[1310,857],[249,147],[2214,696],[780,-334],[795,-322],[265,576],[904,-174],[749,-201],[312,-321],[514,-201],[530,335],[546,-362],[249,-602],[-296,-429],[-93,-509],[888,-187],[562,80],[842,-335],[327,-442],[94,-736],[421,-402],[857,-254],[593,67],[904,-67],[359,-295],[327,-455],[702,-187],[140,-482],[390,-509],[733,-322],[608,54],[280,415],[702,-67],[452,67],[452,321],[702,-80],[437,-147],[732,13],[640,-161],[608,-388],[514,121],[593,53],[467,-27],[811,81],[343,268],[546,133],[483,590],[655,93],[671,362],[826,27],[296,415],[343,442],[562,26],[436,228],[717,107],[951,174],[562,-254],[514,-402],[468,-321],[452,-188],[624,-562],[546,-429],[202,-455],[811,-134],[780,-455],[701,-228],[359,-281],[171,-643],[593,-562],[1169,-1085],[593,-53],[889,214],[374,13],[686,81],[904,241],[421,-241],[156,-455],[265,-349],[405,-642],[796,-469],[717,-147],[717,-54],[483,14],[702,107],[811,227],[624,121],[935,67],[1138,-281],[655,-268],[811,-348],[639,-215],[842,-107],[499,54],[639,227],[406,295],[857,0],[858,-321],[889,-576],[389,-54],[608,-67],[406,-361],[623,-362],[531,-415],[623,255],[608,147],[780,281],[748,134],[811,107],[1590,228],[655,27],[733,40],[530,-14],[484,-67],[592,-254],[218,-723],[0,-723],[78,-643],[281,-669],[468,-616],[904,-817],[172,-107],[2915,-2103],[718,-361],[857,-80],[1201,-27],[3695,-375],[1528,53],[857,27],[1310,-80],[265,-40],[10634,-1674],[1419,-174],[-47,-616],[-62,-817],[608,-536],[389,-294],[156,-509],[265,-589],[780,-322],[499,-267],[951,-161],[795,228],[889,147],[670,-13],[655,-54],[718,67],[498,-147],[640,160],[857,-53],[702,147],[577,94],[639,-549],[312,-482],[780,-415],[358,-215],[655,-321],[577,-228],[686,-428],[327,-375],[156,-429],[187,-455],[749,134],[530,496],[483,415],[905,120],[904,281],[421,255],[686,27],[780,-268],[670,-27],[374,348],[655,54],[639,-134],[328,-214],[686,-27],[842,227],[717,201],[748,-442],[951,-120],[905,549],[670,375],[873,27],[546,0],[499,294],[608,201],[499,228],[483,-402],[686,-455],[515,120],[608,147],[920,268],[748,-294],[499,-94],[749,53],[343,349],[904,174],[655,-322],[437,-241],[608,161],[436,27],[717,-174],[936,67],[733,-67],[467,321],[624,268],[546,161],[670,-81],[827,188],[623,-201],[343,-107],[858,120],[733,0],[483,-13],[624,120],[608,-375],[452,-549],[421,-254],[780,-241],[545,80],[530,335],[281,536],[639,26],[453,-53],[561,-375],[374,13],[639,67],[375,228],[576,67],[499,-402],[546,-107],[748,268],[733,335],[608,200],[359,161],[577,469],[483,53],[562,-147],[873,107],[436,214],[562,335],[436,-80],[468,-308],[702,-589],[748,93],[889,-93],[467,53],[608,174],[437,643],[624,40],[436,94],[655,107],[452,54],[624,509],[156,468],[717,107],[468,-308],[764,-308],[857,-26],[515,642],[811,0],[592,-80],[328,509],[389,442],[640,642],[514,576],[187,348],[-78,536],[484,335],[748,-107],[421,40],[624,415],[452,348],[717,428],[452,108],[608,-148],[406,282],[234,589],[171,803],[421,255],[655,495],[967,-188],[795,27],[483,148],[437,227],[281,442],[498,629],[-530,509],[-311,456],[-359,361],[281,536],[639,26],[514,148],[780,147],[655,107],[857,134],[671,-54],[623,-388],[796,-268],[499,107],[467,469],[250,817],[343,643],[1169,-563],[640,-509],[623,-187],[842,268],[873,-308],[780,-1205],[1996,-2893],[296,-200],[608,-429],[530,-295],[733,-321],[670,-415],[375,-268],[78,-549],[-390,-696],[-16,-469],[296,-616],[125,-361],[374,-763],[0,-469],[328,-402],[312,-281],[452,-469],[156,-361],[311,-656],[515,-134],[2760,-844],[701,-415],[655,-40],[1045,-27],[592,-107],[811,-268],[2027,-214],[827,-201],[701,-268],[639,-415],[593,-750],[218,-294],[686,-107],[530,147],[749,-268],[2276,-2892],[655,-830],[327,-777],[219,-388],[374,-429],[608,-388],[437,-268],[1450,-884],[405,-562],[218,-335],[624,-281],[748,0],[577,295],[468,749],[546,335],[483,0],[608,-241],[593,-495],[904,-603],[811,-268],[670,40],[546,-66],[733,307],[390,509],[358,134],[593,415],[577,67],[717,-53],[686,-174],[499,160],[826,-53],[499,-121],[593,281],[795,389],[577,294],[265,335],[499,562],[296,523],[31,428],[577,616],[655,308],[483,496]],[[290367,306570],[-125,-736],[-93,-603],[-187,-415],[-375,-308],[-389,-241],[-421,-321],[62,-509],[-16,-643],[-405,-375],[-281,-401],[-343,-563],[-280,-361],[-873,-375],[-406,-656],[-592,-723],[-250,-563],[-452,-669],[-359,-482],[-389,-469],[-671,-750],[31,-616],[546,-629],[-171,-549],[-499,-322],[-328,-669],[-31,-589],[-343,-375],[-592,-389],[-624,-107],[-717,-200],[-406,-616],[-452,-496],[-405,-428],[-905,13],[-686,388],[-577,-160],[-545,-549],[-406,-697],[-265,-321],[-670,-268],[-811,-468],[-234,-402],[-530,-630],[-234,-267],[-125,-549],[-467,-523],[-452,-294],[-718,-549],[-655,-214],[-623,-94],[-811,-469],[-359,-442],[-467,-401],[-375,-188],[-436,-281],[-374,-402],[-297,-776],[-249,-576],[-343,-482],[-234,-817],[281,-656],[904,-710],[499,-308],[780,-468],[218,-282],[218,-508],[-125,-657],[-343,-562],[187,-643],[-93,-455],[-452,-362],[-328,-361],[-140,-683],[-577,-388],[-733,-536],[0,-455],[187,-549],[406,-536],[421,-415],[-452,-616],[-655,-308],[499,-683],[592,-415],[-249,-482],[93,-388],[359,-616],[156,-549],[-234,-442],[140,-603],[343,-321],[749,-522],[93,-536],[515,-241],[826,-455],[437,-254],[499,-335],[1808,-1446],[1248,-911],[530,-361],[530,-282],[998,-415],[935,-401],[1653,-804],[1918,-870],[904,-482],[826,-389],[577,-174],[390,-93],[1029,-201],[593,-335],[358,-830],[172,-455],[624,-2585],[124,-562],[219,-737],[124,-897],[31,-268],[47,-776],[125,-616],[62,-683],[78,-1098],[47,-241],[468,-1085],[203,-522],[-32,-362],[-202,-1472],[-281,-616],[-561,-523],[-2121,-1084],[-3960,-1754],[-967,-643],[-499,-321],[-218,-456],[-468,-549],[-561,-201],[-858,-200],[-623,-215],[-1217,523],[-795,-322],[-452,-602],[-234,-536],[-857,-94],[-515,-656],[-218,-535],[31,-335],[452,-563],[-47,-441],[172,-536],[-218,-643],[124,-415],[593,-241],[-94,-763],[219,-509],[639,-54],[140,-642],[-327,-442],[62,-804],[686,-589],[47,-589],[-140,-629],[-484,-215],[-358,-589],[62,-602],[515,-442],[608,147],[857,-80],[421,-268],[858,80],[452,563],[390,509],[811,-67],[452,-335],[592,-388],[265,-335],[172,-723],[-562,-375],[-265,-348],[-452,-469],[-733,-670],[-577,-656],[266,-750],[436,-174],[421,-482],[920,-13],[374,-228],[452,-535],[531,-14],[670,-468],[16,-616],[748,-348],[873,-295],[671,-161],[514,-616],[546,-267],[546,-657],[654,134],[530,723],[827,268],[826,-187],[359,268],[561,107],[624,-161],[483,-616],[905,321],[873,-53],[171,-348],[16,-616],[655,-643],[608,-321],[592,-362],[47,-710],[0,-535],[733,-255],[951,41],[826,-108],[-140,-629],[359,-214],[639,-241],[842,-429],[811,-53],[623,-94],[530,442],[281,522],[748,-40],[156,-429],[-15,-495],[343,-803],[187,-737],[-125,-576],[515,-468],[592,107],[343,241],[624,201],[374,-81],[842,-26],[858,-228],[93,-737],[172,-589],[717,-495],[935,-174],[546,-228],[296,-696],[655,-509],[374,348],[858,-174],[156,-616],[358,-294],[624,-241],[826,-175],[375,-361],[-47,-737],[-390,-334],[452,-670]],[[313661,200720],[-358,-281],[-390,-348],[-671,-455],[-904,-362],[-920,-281],[-2884,-884],[-2355,-710],[-1434,-455],[-608,-187],[-2822,-884],[-593,-469],[-764,-750],[-343,-294],[-577,-362],[-3679,-2276],[-484,-348],[-639,-777],[-826,-1205],[-1139,-1406],[-982,-1165],[-967,-991],[-1153,-1325],[-858,-911],[-624,-803],[-358,-590],[-577,-1258],[-63,-375],[219,-830],[764,-1272],[93,-134],[702,-924],[1263,-1620],[281,-255],[514,-442],[3960,-3080],[468,-321],[421,-187],[561,-268],[749,-362],[1169,-616],[624,-348],[780,-361],[888,-335],[2199,-656],[670,-67],[2900,-214],[686,-67],[1248,-41],[2510,-107],[1356,107],[343,81],[2090,709],[1528,483],[670,214],[530,120],[2214,442],[764,147],[967,148],[920,40],[655,-54],[951,-254],[592,-295],[437,-227],[655,-281],[857,-389],[624,-107],[951,-53],[437,-148],[577,-294],[608,-469],[421,-469],[639,-589],[281,-402],[343,-468],[483,-737],[374,-629],[359,-495],[265,-308],[187,-563],[764,-549],[203,-495],[202,-563],[468,-522],[671,-549],[249,-361],[281,-643],[312,-335],[436,-295],[265,-415],[78,-535],[281,-308],[280,-643],[437,-482],[-203,-442],[265,-710],[-296,-455],[234,-776],[327,-764],[718,-442],[374,-428],[218,-777],[218,-495],[110,-402],[483,-509],[249,-308],[188,-656],[452,-468],[265,-282],[545,-683],[94,-589],[125,-348],[-468,-27],[-577,-134],[-780,-66],[-420,-764],[-624,-254],[-265,-134],[-639,-214],[-406,187],[-982,0],[-686,-482],[-546,-254],[-920,-362],[-312,-294],[-234,-630],[-374,-308],[-748,27],[-452,-254],[-562,-148],[-873,54],[-280,348],[-609,67],[-701,80],[-811,228],[-577,308],[-530,643],[-452,549],[-530,-14],[-328,-575],[-265,-496],[-234,-335],[-779,-53],[-593,669],[-686,442],[-296,-656],[-327,-428],[-499,-134],[-593,-429],[-374,-576],[-78,-803],[-343,-670],[-826,-267],[-780,-174],[-795,-482],[-561,-27],[-546,187],[-811,442],[16,589],[-655,268],[-468,-321],[-655,-348],[-655,-282],[-577,-93],[-795,-81],[-452,-53],[-592,-228],[-562,-120],[-873,133],[-592,-267],[-640,-549],[-421,-456],[-717,-442],[-608,-120],[-437,-348],[-389,-563],[-702,-549],[-639,-575],[0,-482],[-156,-630],[15,-455],[-249,-522],[-234,-348],[-234,-616],[546,-322],[156,-455],[-483,-495],[-499,-469],[-172,-616],[-281,-335],[-639,-120],[-405,-322],[-484,-656],[390,-509],[-639,-602],[-47,-563],[406,-709],[124,-522],[-296,-790],[-468,-349],[-389,-428],[-390,-402],[-437,-375],[203,-629],[842,-161],[920,27],[888,94],[531,-375],[608,94],[327,214],[546,495],[514,188],[515,-536],[405,-402],[328,-294],[452,-616],[-140,-536],[358,-361],[515,-348],[171,-483],[125,-602],[218,-817],[187,-710],[-62,-535],[78,-322],[31,-709],[-109,-335],[-593,-375],[-514,-241],[-546,-228],[-343,-642],[-390,-469],[-358,-174],[-406,-442],[-202,-536],[-141,-334],[-124,-523],[78,-656],[-78,-468],[-515,-603],[-655,-227],[-779,-456],[-593,-388],[-733,-536],[-686,-616],[-390,-361],[-1340,-1540],[-983,-1205],[-639,-429],[-1575,-455],[-592,-241],[-1466,-1071],[-779,-268],[-1560,-80],[-218,-14],[-811,-40],[-249,-107],[-624,-790],[-608,-656],[-577,-496],[-779,-147],[-640,13],[-733,0],[-436,0],[-639,-93],[-842,-241],[-1887,-616],[-748,-81],[-577,27],[-749,81],[-1044,227],[-1279,188],[-982,53],[-795,-40],[-1170,-120],[-920,-175],[-826,-374],[-359,-228],[-483,-268],[-1964,-1259],[-983,-682],[-561,-349],[-499,-93],[-94,-54],[-1029,-536],[-234,-93],[-4739,-1299],[-499,-134],[-2791,-576],[-234,-40],[-2167,-562],[-1139,-429],[-234,-120],[-1574,-898],[-920,-535],[-780,-442],[-421,-295],[-265,-415],[-296,-589],[-795,-1352],[-343,-563],[-281,-656],[-327,-1566],[-343,-1714],[-125,-817],[-63,-1071],[-93,-1487],[109,-776],[94,-362],[202,-643],[390,-883],[546,-1031],[280,-402],[2090,-2290],[686,-576],[577,-442],[265,-187],[639,-375],[842,-509],[561,-361],[343,-228],[1341,-977],[452,-402],[312,-723],[312,-1513],[530,-2946],[31,-121],[203,-736],[515,-1661],[389,-1151],[141,-455],[46,-496],[-46,-951],[-47,-1245],[-78,-2303],[31,-1299],[109,-1419],[297,-5437],[109,-910],[109,-576],[218,-710],[172,-723],[62,-562],[31,-790],[-15,-362],[-94,-562],[-390,-1741],[-62,-428],[-62,-764],[-406,-401],[-405,-496],[-484,-214],[-888,-187],[-468,-94],[-749,-147],[-1948,-402],[-453,-94],[-764,-228],[-514,-160],[-546,-134],[-873,-134],[-390,13],[-967,161],[-701,362],[-499,-322],[-920,-187],[-530,294],[-608,14],[-1014,27],[-467,66],[-609,54],[-545,-161],[-281,-575],[-249,-349],[-686,-294],[-219,-455],[-296,-616],[-405,-134],[-608,-174],[-609,-255],[-873,-67],[-1419,-843],[-483,-295],[-436,-294],[-281,-670],[-1965,-1299],[-1013,-683],[-1575,-1111],[-1107,-844],[-624,-535],[-1995,-1942],[-453,161],[-654,187],[-796,134],[-436,27],[-733,13],[-795,-40],[-858,-53],[-717,13],[-733,107],[-452,67],[-1216,-27],[-546,-13],[-811,-94],[-1683,40],[-1435,27],[-530,13],[-624,54],[-842,80],[-717,27],[-499,-67],[-592,-174],[-593,-241],[-1762,-710],[-1169,-482],[-452,-201],[-515,-281],[-483,-709],[-94,-362],[-343,-2049],[-156,-683],[-62,-254],[-218,-669],[-203,-483],[-171,-307],[-343,-469],[-406,-563],[-171,-227],[-764,-830],[-889,-978],[-452,-576],[-250,-428],[-343,-643],[-296,-777],[-670,-2423],[-78,-268],[-733,-2142],[-203,-349],[-483,-401],[-640,-415],[-732,-362],[-640,-161],[-421,14],[-826,227],[-1622,737],[-1262,576],[-858,388],[-998,549],[-733,562],[-577,576],[-389,442],[-1201,1500],[-826,1071],[-998,1299],[-374,469],[-203,227],[-920,1018],[-359,361],[-327,322],[-717,576],[-1996,1767],[-530,335],[-452,201],[-718,227],[-935,174],[-733,41],[-452,13],[-639,-27],[-593,-67],[-546,-80],[-592,-94],[-780,-174],[-795,-268],[-1013,-401],[-1263,-483],[-1232,-468],[-936,-241],[-701,-94],[-546,-13],[-624,227],[-421,536],[-343,750],[-280,817],[-156,696],[-78,576],[-125,388],[-296,495],[-343,349],[-483,348],[-297,334],[-218,429],[-156,442],[94,723],[249,428],[296,389],[343,375],[842,843],[-187,804],[-608,281],[-639,67],[-1357,-27],[-3211,-174],[-577,-27],[-764,54],[-624,201],[-452,227],[-530,322],[-484,308],[-561,334],[-920,308],[-1964,402],[-484,147],[-624,362],[-420,415],[-687,602],[-608,349],[-826,401],[-437,188],[-498,174],[-1341,321],[-437,81],[-624,0],[-732,-536],[-406,-1192],[-296,-629],[-312,-496],[-312,-241],[-655,-174],[-514,0],[-468,14],[-920,241],[-468,241],[-343,308],[-499,683],[-187,549],[47,549],[187,361],[343,362],[577,482],[1715,1754],[250,268],[467,482],[203,254],[-109,696],[-546,670],[-467,603],[-406,415],[-1933,1794],[-546,522],[-265,563],[31,482],[421,696],[390,361],[889,710],[405,563],[-31,615],[-328,469],[-296,321],[-327,362],[-390,415],[-1138,1004],[-374,590],[-842,1861],[-172,294],[-374,429],[-405,442],[-312,388],[-1014,1513],[-327,482],[-484,576],[-218,562],[-171,965],[-78,374],[-234,697],[-172,334],[-265,469],[-187,643],[-78,535],[-78,549],[-15,576],[-172,1821],[31,549],[250,1473],[218,1513],[0,389],[-437,509],[-561,281],[-3009,937],[-936,308],[-654,241],[-967,388],[-1668,683],[-468,134],[-624,134],[-670,134],[-3618,696],[-608,107],[-935,134],[-1653,134],[-889,27],[-389,-54],[-687,-602],[-467,-455],[-437,-563],[-421,-669],[-343,-804],[-15,-817],[155,-522],[172,-335],[-78,-642],[-920,-148],[-452,255],[-1372,1500],[-265,763],[15,669],[0,1072],[-62,709],[-374,1500],[-359,1285],[-249,764],[-172,870],[-140,710],[-218,442],[-531,562],[-623,442],[-686,147],[-546,27],[-904,-308],[-905,-1138],[-374,-429],[-655,-549],[-810,-254],[-796,-134],[-530,-67],[-904,-187],[-826,-174],[-796,-175],[-2338,-709],[-531,-161],[-654,-161],[-562,-535],[-124,-456],[78,-575],[327,-737],[31,-616],[437,-455],[374,-134],[686,14],[437,147],[639,187],[904,107],[717,-26],[608,-241],[406,-349],[187,-562],[-16,-522],[-93,-589],[-94,-268],[-405,-790],[-109,-161],[-593,-549],[-234,-174],[-732,-281],[-718,-54],[-1746,-120],[-468,-40],[-686,13],[-733,295],[-577,709],[-576,482],[-983,509],[-670,147],[-2355,67],[-452,41],[-592,214],[-406,576],[16,508],[31,416],[-47,589],[-452,589],[-920,-147],[-311,-389],[-359,-669],[-250,-576],[-296,-415],[-468,-321],[-888,-496],[-577,-241],[-671,-147],[-779,375],[-312,723],[-172,415],[-218,442],[-249,334],[-593,375],[-452,94],[-702,54],[-467,40],[-749,94],[-483,67],[-982,-41],[-593,-388],[-390,-268],[-545,-361],[-421,-228],[-562,-241],[-358,-134],[-905,-241],[-951,-80],[-436,53],[-718,121],[-810,335],[-421,442],[-390,307],[-561,81],[-468,40],[-530,67],[-546,187],[-359,215],[-421,415],[-233,576],[0,428],[202,1553],[-109,456],[-592,308],[-1372,281],[-577,268],[-343,241],[-952,763],[-592,495],[-249,322],[-328,642],[-296,509],[-982,1687],[-421,469],[-515,268],[-31,616],[733,147],[577,-308],[311,-254],[562,-442],[514,-121],[624,-67],[670,-13],[764,40],[905,161],[530,415],[499,428],[343,255],[717,241],[889,-308],[608,80],[764,295],[421,361],[343,536],[390,696],[514,549],[1279,1112],[1278,1178],[343,388],[234,335],[328,737],[93,642],[-140,951],[-125,951],[-31,442],[-16,830],[-93,361],[-530,1313],[-562,642],[-530,81],[-733,-67],[-810,-174],[-796,-295],[-592,40],[-1918,696],[-1294,482],[-499,603],[-16,536],[141,495],[31,522],[-203,643],[-249,335],[-920,1017],[-281,402],[-202,630],[0,374],[93,523],[172,375],[358,375],[686,254],[359,80],[1403,268],[702,174],[608,201],[561,375],[452,415],[452,455],[390,282],[686,374],[484,375],[499,723],[93,630],[78,415],[218,562],[250,482],[358,710],[16,549],[-78,415],[-296,1446],[15,630],[63,308],[623,1767],[141,656],[15,509],[-31,429],[-140,656],[-452,1218],[-187,643],[-172,656],[-281,1111],[-187,496],[-343,442],[-561,549],[-390,401],[-218,764],[-78,910],[-109,429],[-312,415],[-452,227],[-686,81],[-639,27],[-1388,67],[-951,-94],[-827,-241],[-499,-228],[-374,-294],[-467,-603],[-203,-402],[-421,-562],[-1045,-1326],[-436,-562],[-749,-563],[-811,-415],[-764,-375],[-1621,-776],[-1466,-750],[-234,-121],[-1107,-468],[-421,-121],[-1341,-214],[-1652,-254],[-530,-389],[-531,-495],[-1746,-1875],[-280,-509],[-343,-1446],[-32,-160],[-374,-898],[-624,-254],[-779,13],[-577,415],[-390,804],[-390,696],[-483,884],[-515,549],[-420,268],[-1747,964],[-249,134],[-608,361],[-796,201],[-639,14],[-452,-148],[-561,-227],[-842,-389],[-343,-201],[-515,-388],[-655,-576],[-358,-348],[-359,-361],[-624,-590],[-576,-374],[-1341,-857],[-811,-322],[-748,255],[-250,482],[-62,683],[62,682],[296,764],[250,482],[327,602],[437,389],[655,227],[966,174],[749,255],[202,495],[-233,697],[93,629],[468,736],[405,549],[296,670],[47,495],[-15,670],[-281,482],[-296,509],[-16,535],[140,415],[499,509],[531,643],[155,616],[-31,495],[-156,536],[-140,428],[-78,804],[140,602],[281,657],[187,374],[265,416],[328,388],[389,402],[702,482],[421,201],[593,468],[374,281],[514,241],[764,108],[686,13],[546,348],[125,750],[-219,589],[-280,629],[0,402],[499,442],[935,589],[297,603],[-406,535],[-624,134],[-873,-107],[-389,-94],[-687,-174],[-452,-53],[-686,455],[390,589],[546,268],[608,348],[358,362],[-140,723],[-405,428],[-639,174],[-406,121],[-592,80],[-562,14],[-577,-228],[-311,-268],[-608,-281],[-484,27],[-514,120],[-437,496],[109,321],[63,629],[-47,375],[-172,630],[-234,375],[-639,187],[-795,-469],[-499,-334],[-702,-148],[-888,81],[-671,174],[-343,134],[-639,401],[-312,335],[-249,710],[46,549],[63,589],[249,549],[780,415],[842,254],[514,308],[686,94],[593,-120],[390,13],[717,442],[125,469],[-188,669],[-436,388],[-717,482],[-624,442],[-249,308],[-343,509],[-562,643],[-312,281],[-514,348],[-686,308],[-811,268],[-499,187],[-499,362],[-312,522],[125,844],[468,776],[265,416],[249,388],[577,509],[468,268],[811,53],[545,-187],[531,-389],[78,-348],[-406,-455],[-296,-656],[374,-777],[406,-294],[389,-375],[375,-710],[436,-562],[655,-108],[390,308],[-78,750],[15,469],[437,562],[577,201],[421,0],[592,-80],[936,147],[811,375],[296,415],[-94,670],[-514,428],[-624,549],[-390,442],[-265,415],[47,737],[483,388],[343,161],[749,107],[468,40],[873,80],[826,335],[405,362],[281,522],[0,843],[-109,589],[-78,362],[-16,576],[94,843],[-16,643],[-78,415],[-202,563],[-187,334],[-406,442],[-312,616],[234,549],[343,496],[125,321],[62,576],[63,843],[-172,697],[-405,468],[-343,201],[-889,134],[-686,0],[-577,40],[-577,121],[-717,160],[-592,-26],[-468,160],[-1045,978],[-281,455],[0,643],[234,736],[-78,496],[-218,428],[-281,469],[-140,348],[-171,562],[-187,362],[-827,228],[-452,-282],[-421,-575],[-920,-41],[-748,255],[-640,174],[-452,54],[-764,-188],[-655,-40],[-421,67],[-576,187],[-562,322],[-280,321],[-250,777],[78,575],[172,362],[498,603],[484,254],[655,174],[1107,228],[514,107],[530,107],[920,107],[624,40],[935,241],[749,322],[1154,616],[623,-27],[842,-148],[562,683],[623,27],[811,-455],[530,-201],[530,0],[905,67],[592,54],[764,482],[-31,535],[-281,362],[-748,535],[-437,429],[-171,428],[-16,643],[94,402],[421,629],[452,522],[78,442],[-374,442],[-718,-53],[-561,254],[-249,308],[0,562],[187,402],[93,549],[-483,576],[-795,80],[-390,-549],[-140,-683],[-250,-656],[-156,-321],[-888,-174],[-94,656],[-249,495],[-827,308],[-1996,536],[-530,201],[-483,254],[47,723],[343,362],[545,482],[0,455],[-233,723],[561,589],[624,308],[436,362],[468,254],[561,241],[437,630],[-406,441],[-78,724],[515,334],[826,148],[468,147],[780,335],[452,254],[374,254],[359,590],[0,562],[-375,455],[-358,228],[-452,308],[-515,335],[-358,241],[-546,348],[-437,254],[-639,308],[-873,295],[-468,107],[-514,120],[-718,121],[-467,94],[-655,67],[-515,-14],[-873,-53],[-702,-54],[-577,-67],[-919,-67],[-609,188],[-280,616],[125,522],[389,763],[530,496],[437,241],[826,40],[640,-188],[795,-147],[577,214],[623,496],[375,294],[436,442],[125,469],[-47,442],[-312,750],[-343,763],[-249,522],[-296,522],[-390,241],[-608,322],[-827,187],[-920,134],[-623,-40],[-562,629],[328,616],[857,321],[546,-147],[437,-13],[733,201],[841,388],[219,562],[-530,415],[-281,402],[-31,415],[296,656],[593,536],[639,268],[873,361],[499,456],[312,388],[374,549],[281,643],[-47,642],[-156,750],[47,830],[-109,576],[-421,496],[-297,254],[-530,295],[-499,201],[-748,107],[-936,-161],[-670,-121],[-951,-147],[-889,-482],[-795,-241],[-780,228],[-374,294],[-437,335],[-670,134],[-390,-27],[-639,40],[-655,81],[-577,40],[-748,-295],[-343,-442],[-141,-803],[-296,-362],[-670,-214],[-639,-27],[-546,-40],[-546,-27],[-514,-40],[-764,241],[-624,402],[-483,321],[-437,188],[-639,161],[-749,-67],[-467,-442],[-515,-469],[-452,-536],[592,-468],[125,-737],[-608,-147],[-437,0],[-842,40],[-608,-13],[-623,-134],[-827,-429],[-436,-321],[-452,-442],[-328,-321],[-889,-830],[-608,-415],[-779,-81],[-842,174],[-530,308],[-562,496],[-639,562],[-312,295],[-592,361],[-702,121],[-686,-27],[-889,201],[-452,294],[-358,308],[-250,482],[405,549],[687,81],[498,-107],[655,-228],[733,-268],[795,-241],[515,40],[717,215],[483,174],[453,187],[421,415],[109,563],[-31,602],[-78,643],[-78,522],[-110,388],[-280,402],[-468,455],[-514,295],[-453,107],[-966,80],[-546,67],[-499,94],[-546,161],[-686,348],[-623,589],[-156,723],[15,469],[16,535],[15,750],[531,482],[-390,764],[-437,602],[577,429],[920,120],[530,-241],[671,134],[405,750],[390,736],[140,643],[-125,509],[499,428],[515,-120],[764,-348],[546,348],[530,-27],[436,-201],[717,0],[546,322],[-374,776],[-156,281],[-296,523],[-452,656],[-375,335],[-171,415],[-47,455],[608,509],[-249,696],[-515,295],[-421,187],[-545,415],[-375,348],[-467,710],[218,616],[561,121],[484,-67],[545,-27],[951,67],[827,67],[374,455],[-109,455],[234,723],[873,-120],[499,147],[327,723],[-47,589],[281,563],[109,549],[-421,683],[577,656],[873,308],[-234,629],[-499,134],[-499,509],[531,576],[670,147],[639,388],[437,723],[-561,362],[-905,-268],[-639,13],[-733,335],[-327,335],[-390,335],[-826,696],[-437,348],[-515,201],[-1060,40],[-670,94],[-499,442],[47,482],[717,442],[733,93],[389,67],[609,161],[795,388],[436,415],[328,683],[467,723],[858,282],[655,-282],[764,-67],[764,228],[577,-147],[655,428],[-187,536],[62,790],[281,710],[-608,334],[-780,-441],[-577,281],[-312,401],[-125,416],[110,589],[343,308],[686,67],[561,-148],[514,-107],[842,308],[-46,696],[-640,335],[-467,255],[-437,241],[109,656],[515,147],[577,0],[732,188],[266,401],[701,308],[655,-67],[530,54],[218,669],[-810,951],[-811,-40],[-437,-442],[-93,-603],[-187,-415],[-796,134],[-623,536],[-187,535],[156,509],[483,429],[343,134],[889,134],[514,200],[437,161],[842,322],[374,723],[-94,415],[-514,308],[-359,442],[437,535],[499,94],[639,602],[-171,683],[-110,456],[546,482],[577,401],[296,402],[203,442],[-78,442],[-374,482],[-359,161],[-623,-14],[-577,-468],[-94,-255],[-281,-669],[-265,-241],[-795,160],[-156,589],[63,375],[171,482],[218,389],[47,629],[-826,295],[-499,-148],[-437,-629],[-966,-161],[-593,81],[-686,120],[-904,335],[-515,241],[-514,388],[-390,415],[-530,710],[-219,562],[-265,429],[-717,214],[-452,-428],[125,-817],[0,-629],[-733,-349],[-515,174],[-265,349],[-249,468],[-343,589],[-483,429],[-640,268],[-561,495],[-203,469],[374,776],[562,416],[327,388],[125,375],[-156,696],[-374,643],[-359,415],[-374,388],[-624,643],[-577,54],[-499,-215],[-296,-321],[-561,-254],[-764,-54],[-452,107],[-452,589],[374,469],[125,844],[-203,723],[-172,602],[-78,536],[-62,589],[327,482],[733,107],[187,-589],[624,-455],[437,267],[654,188],[577,-27],[640,14],[842,227],[374,402],[312,669],[265,429],[421,482],[265,281],[327,549],[16,415],[343,549],[592,67],[842,134],[312,308],[390,482],[296,348],[359,375],[389,188],[655,-121],[359,-361],[249,-563],[110,-428],[405,-522],[670,-14],[437,-228],[343,-307],[904,-228],[624,-603],[343,-375],[405,-200],[546,-268],[655,-241],[608,13],[702,161],[748,482],[452,335],[530,508],[312,349],[437,254],[701,-40],[437,0],[593,241],[296,227],[592,442],[312,563],[62,576],[-249,374],[-405,643],[-32,844],[188,576],[62,468],[-109,549],[-125,375],[-359,589],[-935,1821],[-265,630],[-343,415],[-437,174],[-577,80],[-779,214],[-359,188],[-546,495],[-592,1005],[-265,549],[15,468],[343,536],[406,321],[717,670],[250,495],[31,576],[62,321],[374,536],[375,362],[483,508],[249,442],[-124,442],[-640,308],[-686,509],[-545,562],[-437,215],[-842,361],[-374,348],[-328,710],[-514,40],[-593,-161],[-374,-133],[-374,723],[421,187],[156,737],[639,589],[873,241],[546,120],[343,603],[-702,402],[-514,-54],[-593,67],[-514,656],[483,495],[203,724],[-62,428],[109,442],[-608,455],[-484,-308],[-592,-321],[-951,-214],[-702,107],[-717,-27],[-421,-214],[-577,-81],[-405,576],[-234,522],[171,509],[515,348],[592,295],[780,428],[795,-13],[889,-27],[374,536],[47,455],[-172,723],[-436,723],[-78,429],[140,522],[281,254],[561,375],[717,549],[203,563],[-47,669],[-140,389],[-203,415],[343,562],[639,549],[499,241],[546,188],[577,40],[842,26],[686,-13],[1497,40],[717,389],[343,133]],[[605977,89152],[-717,-455],[-140,-321],[-78,-522],[-234,-790],[-203,-482],[-452,-764],[-281,-509],[-920,-26],[-701,321],[-452,107],[-733,121],[-452,26],[-562,-133],[-561,-134],[-499,-442],[-47,-817],[63,-549],[545,-509],[468,-294],[717,-94],[437,321],[764,362],[483,-107],[63,-750],[-795,-442],[-655,-335],[-733,-268],[-702,-147],[-1216,-201],[-686,-40],[-624,40],[-545,-53],[-811,-322],[-296,-616],[15,-830],[437,-576],[577,81],[1013,642],[312,174],[920,134],[639,-321],[546,-603],[296,-629],[109,-522],[-15,-603],[-468,-482],[-826,-268],[-390,-482],[-811,-321],[-624,80],[-748,496],[-546,187],[-904,-241],[-686,-160],[-639,107],[-312,482],[-842,308],[-562,-67],[-717,-148],[-701,-80],[-484,94],[-545,375],[-686,361],[-733,228],[-375,120],[-576,282],[-468,254],[78,656],[280,322],[421,602],[78,777],[-389,468],[-453,201],[-545,322],[-780,361],[-655,134],[-514,147],[-546,295],[-421,308],[62,669],[203,308],[421,456],[437,549],[218,803],[47,536],[-203,361],[-421,496],[-873,227],[-499,174],[-577,-294],[-281,-670],[-280,-562],[-359,-388],[-764,-389],[-499,-160],[-795,-41],[-561,41],[-905,174],[47,535],[608,496],[468,442],[452,575],[390,603],[62,656],[-826,161],[-515,-14],[-997,-160],[-562,-81],[-592,161],[-686,375],[-281,134],[-795,388],[-717,522],[-265,630],[-16,589],[203,509],[467,669],[484,402],[468,214],[483,388],[499,483],[795,803],[343,241],[468,469],[-265,442],[-546,80],[-655,161],[-1232,388],[-1325,428],[-655,402],[125,589],[577,348],[327,335],[-561,656],[-577,161],[-764,254],[-359,134],[-483,415],[312,683],[374,215],[577,455],[437,763],[-203,549],[249,616],[655,495],[546,416],[515,455],[-47,750],[140,696],[577,589],[31,348],[-265,482],[-265,576],[156,509],[359,522],[-297,388],[-764,483],[343,575],[406,228],[265,509],[171,468],[-421,523],[-779,-94],[-889,228],[-218,602],[-312,777],[-406,201],[-966,-148],[-577,-268],[-717,-334],[-125,-804],[468,-669],[499,-415],[764,-536],[249,-241],[156,-562],[-125,-415],[-343,-362],[-888,-174],[-531,281],[-249,804],[-78,575],[-842,-13],[-998,-201],[-842,-361],[-530,-456],[-639,-562],[-515,-281],[-873,-161],[-686,80],[-514,389],[187,629],[842,429],[389,763],[-218,562],[-733,295],[-655,53],[-810,54],[-421,120],[-546,282],[-577,535],[-125,576],[608,629],[608,308],[421,509],[-623,455],[-593,148],[-514,174],[-406,227],[-296,442],[-530,1406],[-203,764],[-93,615],[-16,697],[78,884],[16,709],[-31,469],[-328,576],[-546,308],[-483,174],[-686,214],[-1310,335],[-904,201],[-561,107],[-577,93],[-951,54],[-733,27],[-717,201],[-515,267],[-748,-26],[-593,-295],[-889,-94],[-670,40],[-592,67],[-531,81],[-483,134],[-390,361],[-47,549],[172,389],[47,495],[-172,361],[-452,603],[-171,295],[-203,816],[-343,683],[-749,121],[-561,-121],[-842,-388],[-405,-174],[-780,254],[0,616],[0,656],[-608,416],[-561,-349],[-920,322],[561,482],[811,348],[-546,616],[-733,94],[-374,160],[-764,322],[-873,308],[-826,80],[-562,0],[-670,-54],[-483,-80],[-546,-80],[-515,-27],[-748,-134],[-421,-348],[-296,-469],[-47,-750],[343,-361],[639,-1192],[-140,-710],[-374,-508],[-593,201],[-1029,1405],[-390,523],[-311,268],[-531,227],[-389,107],[-967,94],[-686,-40],[-951,-81],[-546,175],[-437,682],[515,576],[374,214],[374,483],[78,361],[-296,536],[-779,669],[-234,241],[-375,576],[-795,844],[-156,147],[-779,656],[-983,107],[-717,54],[-748,187],[-47,817],[328,469],[-733,468],[-780,-93],[-483,321],[-577,241],[-717,214],[-827,-147],[-343,-442],[-779,-161],[-468,282],[-172,562],[343,428],[203,282],[94,642],[-577,375],[-530,-93],[-686,-134],[-531,-94],[-358,-415],[-312,-402],[-577,-80],[-670,-67],[-546,-188],[-608,-455],[-655,-228],[-343,362],[-359,576],[-202,361],[-375,456],[-576,642],[-16,549],[78,482],[437,670],[389,616],[297,709],[-32,750],[-280,549],[-297,456],[-405,629],[-171,321],[-234,737],[-172,669],[-280,402],[-780,696],[-312,362],[-234,442],[-93,375],[109,602],[93,295],[16,763],[-281,415],[-436,978],[-717,241],[-390,-14],[-858,-214],[-670,-603],[-577,-107],[-749,536],[-109,643],[125,616],[16,442],[-110,816],[47,549],[468,670],[0,616],[-421,616],[-62,843],[374,188],[1169,348],[452,335],[343,321],[-15,643],[-452,201],[-718,93],[-732,67],[-562,295],[-343,268],[-764,67],[-46,-817],[93,-362],[-125,-977],[-218,-388],[-904,-161],[-671,27],[-873,-54],[-670,-241],[-749,-522],[-405,-241],[-546,-241],[-592,-121],[-406,0],[-608,94],[-1949,469],[-935,67],[-375,-54],[-623,-428],[-172,-416],[156,-401],[219,-683],[498,-683],[733,-388],[608,-228],[827,-308],[405,-187],[281,-616],[-16,-402],[-187,-482],[-639,-281],[-546,-389],[-686,-763],[-359,-455],[-561,-683],[-514,-616],[-905,-281],[-592,147],[-530,134],[-468,27],[-530,-54],[-873,-201],[-655,-160],[-468,-107],[-483,-242],[-219,-763],[-156,-709],[-623,-402],[-671,-121],[-764,322],[-530,388],[-405,201],[-484,442],[188,442],[467,442],[530,120],[437,455],[-78,1621],[-483,589],[-452,67],[-702,-27],[-655,13],[-421,94],[-499,268],[-717,-67],[-530,-375],[-671,-188],[-436,14],[-1107,161],[-717,93],[-655,40],[-718,-107],[-639,-120],[-546,27],[-452,321],[47,696],[390,281],[608,603],[405,603],[219,401],[-16,589],[-203,683],[-234,482],[-265,362],[-686,830],[-842,1111],[-701,791],[-468,401],[-343,161],[-639,134],[-858,-81],[-639,108],[-639,455],[-624,53],[-686,-26],[-842,67],[-670,294],[-546,402],[-390,268],[-889,294],[-639,228],[-327,361],[-141,683],[-202,469],[-515,321],[-858,108],[-623,-67],[-406,-228],[-732,-254],[-562,401],[-655,-27],[-296,-401],[-358,-603],[-297,-669],[-280,-482],[-515,-523],[-530,-174],[-452,-67],[-749,-53],[-919,294],[-655,482],[-796,134],[-436,-53],[-546,-295],[-234,-455],[-452,-536],[-701,148],[-172,267],[-249,603],[-390,428],[-764,54],[-562,-254],[-374,-389],[-62,-696],[-561,-629],[-842,67],[-468,-94],[-437,-321],[-405,-228],[-826,-174],[-593,147],[-795,134],[-936,-147],[-810,-81],[-421,67],[-593,442],[-421,696],[-249,643],[-343,241],[-764,-160],[-343,-362],[-453,-415],[-826,-482],[-889,-268],[-639,281],[-203,683],[-545,335],[-577,-496],[-842,-40],[-593,148],[-623,-41],[-655,509],[-624,429],[-639,-14],[-328,764],[-389,495],[-468,362],[-31,522],[249,576],[-109,602],[-343,308],[-468,321],[-468,469],[-93,375],[-561,643],[-453,214],[-514,40],[-546,563],[-390,696],[-732,254],[-905,308],[-218,723],[-842,41],[-639,-67],[-842,455],[-421,361],[374,536],[94,790],[-437,94],[-592,-67],[-234,656],[-328,415],[-717,549],[-624,321],[-623,576],[-63,536],[-280,549],[-406,428],[-343,643],[-327,375],[-671,228],[-670,441],[-749,161],[-389,-161],[-640,-53],[-670,201],[-483,-14],[-686,362],[-671,616],[-748,428],[-624,-334],[-468,-255],[-686,107],[-436,148],[-546,160],[-437,54],[-686,174],[-436,107],[-624,174],[-312,147],[-717,349],[-265,374],[-172,483],[-686,361],[-686,241],[-389,696],[-562,27],[-717,107],[-858,295],[-623,-255],[-795,416],[-63,642],[-701,509],[-437,-241],[-499,-241],[-920,-161],[-577,121],[-405,187],[-515,282],[-514,214],[-936,-121],[-842,-187],[-764,67],[-374,281],[-935,134],[-546,-214],[-265,-683],[-717,-107],[-842,13],[-390,268],[-733,-147],[-296,-549],[-499,-710],[-343,-375],[-452,-576],[-265,-308],[-858,0],[-764,455],[-218,549],[62,349],[-592,428],[-1201,-576],[-608,-335],[-499,-160],[-764,120],[-249,536],[296,750],[327,308],[359,348],[-156,669],[-437,41],[-748,-174],[-249,-483],[-796,-388],[-530,348],[-842,362],[-655,214],[-670,536],[-31,482],[-109,723],[-32,736],[63,456],[-546,468],[-359,-241],[-280,-696],[-406,-308],[-623,-415],[-359,-563],[-483,-923],[-437,-804],[-842,-308],[-795,455],[-577,764],[-421,522],[-483,442],[-406,134],[-1060,174],[-592,80],[-546,80],[-405,148],[-593,401],[-234,375],[-452,482],[-546,174],[-514,-26],[-639,-94],[-562,27],[-389,375],[-484,602],[-717,-13],[-281,-536],[94,-375],[-109,-696],[-499,-362],[-530,-13],[-530,281],[-640,496],[-701,549],[-515,575],[-140,657],[-109,441],[-203,442],[-203,670],[-47,482],[-46,602],[-109,523],[-203,535],[-296,322],[-655,401],[-530,282],[-297,535],[187,469],[219,469],[31,508],[-421,308],[-593,-134],[-826,295],[62,710],[16,455],[-748,522],[-624,-80],[-515,27],[-561,575],[-187,563],[-374,763],[-858,-201],[-124,-602],[-297,-603],[-452,-335],[-483,-549],[-296,-375],[-359,-267],[-748,-255],[-172,737],[499,401],[-172,589],[-608,108],[-779,174],[-515,294],[31,630],[32,428],[-718,268],[-608,13],[-530,-80],[-826,214],[-374,763],[-156,563],[-359,402],[-686,-175],[-530,-629],[234,-321],[156,-563],[-125,-763],[-203,-576],[-701,215],[-780,254],[-795,348],[-343,763],[-530,0],[-484,134],[-421,603],[-124,495],[-343,348],[-764,-26],[-484,-268],[-358,-375],[-749,-308],[-312,-348],[-842,53],[-857,-401],[-811,-215],[-343,295],[-702,362],[-919,-41],[-577,295],[-811,295],[-702,133],[-545,576],[-764,-40],[-499,-683],[-733,-254],[-749,120],[-764,161],[-608,-13],[-405,-724],[78,-441],[-593,-389],[-998,40],[-436,308],[-780,335],[-483,-602],[-265,-415],[-702,-389]]],"bbox":[104.4189,15.53711,105.06026,16.28392],"transform":{"scale":[6.413606413606473e-7,7.468107468107451e-7],"translate":[104.4189,15.53711]}}