{"type":"Topology","objects":{"districts":{"type":"GeometryCollection","geometries":[{"type":"Polygon","arcs":[[0,1,2,3]],"properties":{"CODE":"3901","PARENT":"39","NAME_TH":"เมืองหนองบัวลำภู","NAME_EN":"Mueang Nong Bua Lam Phu","NAME_CN":"Mueang Nong Bua Lam Phu","COLOR_IDX":2}},{"type":"Polygon","arcs":[[4,-4,5,6,7,8]],"properties":{"CODE":"3902","PARENT":"39","NAME_TH":"นากลาง","NAME_EN":"Na Klang","NAME_CN":"Na Klang","COLOR_IDX":1}},{"type":"Polygon","arcs":[[9,-2,10]],"properties":{"CODE":"3903","PARENT":"39","NAME_TH":"โนนสัง","NAME_EN":"Non Sang","NAME_CN":"Non Sang","COLOR_IDX":0}},{"type":"Polygon","arcs":[[-3,-10,11,12,-6]],"properties":{"CODE":"3904","PARENT":"39","NAME_TH":"ศรีบุญเรือง","NAME_EN":"Si Bun Rueang","NAME_CN":"Si Bun Rueang","COLOR_IDX":3}},{"type":"Polygon","arcs":[[-9,13]],"properties":{"CODE":"3905","PARENT":"39","NAME_TH":"สุวรรณคูหา","NAME_EN":"Suwannakhuha","NAME_CN":"Suwannakhuha","COLOR_IDX":0}},{"type":"Polygon","arcs":[[-7,-13,14]],"properties":{"CODE":"3906","PARENT":"39","NAME_TH":"นาวัง","NAME_EN":"Na Wang","NAME_CN":"Na Wang","COLOR_IDX":0}}]}},"arcs":[[[630123,656262],[3657,-4076],[3584,-3445],[1950,-2619],[574,-1142],[931,-2097],[488,-1130],[100,-283],[129,-424],[674,-2260],[918,-2250],[158,-652],[100,-391],[373,-1239],[731,-1837],[1161,-1967],[43,-76],[1090,-1489],[43,-65],[1563,-2446],[229,-348],[1879,-2912],[1476,-2293],[1004,-2478],[875,-2826],[-29,-772],[0,-184],[172,-924],[703,-2435],[0,-21],[1075,-3500],[444,-1011],[1162,-2652],[115,-195],[501,-881],[531,-912],[57,-576],[-43,-1000],[-14,-337],[158,-1652],[-216,-1598],[-43,-891],[173,-1261],[-87,-2412],[-745,-4576],[-330,-1684],[43,-2011],[-674,-3847],[-57,-1000],[129,-946],[72,-511],[229,-2195],[-789,-3358],[29,-674],[0,-228],[43,-1131],[29,-293],[-101,-456],[-458,-772],[-43,-98],[-287,-826],[-100,-478],[0,-478],[-86,-1185],[-144,-902],[-129,-772],[-72,-641],[-28,-652],[-115,-1434],[-43,-457],[-115,-413],[-315,-869],[-129,-598],[-258,-1109],[-215,-978],[-29,-348],[-14,-489],[57,-1043],[14,-174],[402,-380],[1046,-413],[216,65],[3570,706],[4588,1098],[2638,706],[559,120],[2739,489],[2695,359],[1692,358],[4086,848],[201,33],[4359,511],[2351,347],[344,76],[990,250],[416,55],[788,0],[1391,-98],[416,-76],[631,-261],[516,-130],[2021,-131],[302,-32],[6566,-946],[5434,-848],[646,-119],[3756,-826],[846,-11],[631,54],[530,-174],[689,163],[172,468],[430,206],[745,33],[373,-65],[588,54],[473,-65],[459,-152],[459,-218],[717,-109],[372,55],[574,-65],[358,-413],[-71,-446],[588,-152],[501,11],[818,-22],[631,-163],[487,-185],[402,-271],[387,-120],[588,43],[602,-32],[401,98],[789,174],[430,271],[674,-163],[817,-271],[674,-240],[416,-402],[774,-826],[588,-837],[6509,-3695],[5807,-3673],[2050,-1120],[1061,-586],[789,-120],[488,-76],[544,-87],[545,65],[287,424],[674,76],[459,-174],[559,44],[516,141],[416,87],[530,206],[488,305],[502,413],[501,565],[789,315],[1247,65],[889,-32],[488,32],[717,87],[831,239],[861,229],[688,152],[645,348],[617,32],[4315,-750],[1248,-869],[1032,-587],[1075,-326],[904,-196],[774,228],[889,446],[1348,652],[1075,109],[717,-131],[1778,-760],[1792,-870],[746,-369],[4057,-837],[889,32],[445,109],[846,217],[516,163],[401,66],[674,54],[531,54],[731,239],[387,153],[444,163],[646,43],[860,196],[588,130],[717,196],[1075,337],[1018,413],[918,304],[817,239],[832,228],[688,207],[502,206],[458,218],[1205,532],[1233,576],[731,250],[588,109],[731,65],[1018,-11],[1162,-98],[28,-10],[1893,-327],[659,-163],[502,-347],[459,-87],[832,174],[530,43],[674,54],[588,-10],[315,260],[516,131],[832,109],[488,-77],[645,207],[200,359],[660,402],[645,-22],[645,-54],[474,-55],[659,-174],[559,-260],[244,-522],[287,-250],[459,-413],[387,-457],[258,-271],[459,-337],[1018,-413],[1147,-446],[545,-228],[774,-413],[1218,-554],[1334,-641],[1448,-739],[1936,-870],[1849,-935],[1348,-391],[1090,-282],[1218,-87],[2022,141],[903,141],[789,109],[774,22],[961,-55],[1520,-108],[1104,-44],[1118,22],[1333,174],[1492,271],[1204,272],[487,109],[1549,304],[817,196],[789,65],[545,-65],[1663,-207],[760,-130],[1391,-283],[2265,-543],[-344,-283],[-344,-250],[-516,-402],[-158,-402],[-172,-380],[-516,-272],[14,-598],[-330,-261],[-430,-445],[-43,-457],[229,-271],[173,-533],[831,-239],[516,120],[775,87],[487,10],[746,0],[530,-119],[387,-109],[559,-217],[818,-109],[588,11],[487,-65],[473,11],[760,130],[645,152],[473,76],[445,66],[760,76],[1305,173],[587,87],[818,261],[846,174],[530,109],[473,65],[832,-109],[602,-174],[430,-97],[602,-142],[846,-184],[473,-66],[646,207],[989,130],[1864,424],[989,228],[201,-445],[473,-250],[516,65],[387,-511],[-129,-348],[359,-597],[143,-402],[-57,-392],[-115,-510],[-645,10],[-674,-87],[-315,-576],[258,-271],[344,-402],[-516,-359],[-789,-120],[-229,-358],[-115,-337],[-186,-435],[-545,-522],[-344,-97],[-215,-479],[301,-326],[215,-521],[-602,-228],[-459,-196],[114,-446],[-114,-282],[530,-533],[101,-598],[-345,-369],[-86,-533],[58,-391],[573,-282],[158,-392],[72,-641],[-645,-272],[-316,-304],[-473,-435],[-588,-358],[330,-489],[-158,-642],[-487,-173],[-273,-229],[-143,-445],[-115,-326],[-487,-348],[-273,-533],[-444,-184],[-703,-316],[-573,-456],[-502,-446],[-488,-380],[-631,196],[-559,119],[-530,-522],[-230,-336],[-14,-392],[-143,-326],[-101,-337],[-186,-434],[-387,-174],[-617,-163],[-487,-424],[157,-381],[302,-434],[458,-435],[345,-228],[-101,-500],[14,-620],[187,-347],[-115,-674],[-459,-348],[-717,-196],[-573,22],[-473,-119],[-602,-109],[-373,-109],[-817,-163],[-531,-304],[-459,-185],[-459,11],[-458,217],[-603,142],[-544,-76],[-502,-44],[-803,-130],[-1018,-283],[-746,-359],[-788,-586],[-230,-500],[-215,-566],[-229,-499],[-416,-359],[-674,-402],[-459,-511],[-215,-217],[-358,-348],[-215,-598],[-187,-565],[-172,-457],[-243,-521],[-316,-424],[-287,-293],[-731,-229],[-760,229],[-530,173],[-373,370],[-688,65],[-402,-217],[-616,-22],[-287,272],[-330,304],[-459,424],[-487,435],[-330,260],[-459,359],[-430,348],[-631,-87],[-258,-163],[-444,-348],[-287,-435],[-143,-358],[-173,-598],[-143,-511],[-215,-315],[-301,-337],[-229,-272],[-345,-336],[-487,-250],[-25106,-4739],[-5290,-1000],[-6510,-1228],[-4445,-837],[-616,44],[-731,402],[-975,750],[-345,326],[-688,869],[-502,620],[-616,326],[-1979,174],[-373,-109],[-2193,-1587],[-516,-119],[-2667,-153],[-574,-32],[-459,-163],[-1161,-772],[-1348,-880],[-889,-131],[-1433,11],[-373,11],[-3556,-130],[-588,11],[-344,32],[-645,44],[-588,43],[-488,142],[-831,65],[-817,54],[-588,33],[-1076,65],[-903,-22],[-573,217],[-717,305],[-846,337],[-1291,554],[-286,76],[-832,22],[-473,11],[-731,0],[-517,-11],[-673,43],[-3958,881],[-659,141],[-344,119],[-1449,750],[-229,87],[-2997,891],[-3183,924],[-716,-21],[-990,10],[-616,-87],[-1162,-228],[-1104,-326],[-1061,-489],[-1032,-619],[-1821,-1631],[-1118,-1021],[-703,-1370],[-1204,-1510],[-1649,-1391],[-1921,-794],[-345,-108],[-1605,-479],[-1678,-815],[-573,-500],[-388,-402],[-243,-456],[-717,-2293],[-86,-598],[-459,-4347],[-14,-544],[100,-685],[-29,-489],[101,-423],[129,-327],[200,-467],[216,-326],[286,-315],[244,-424],[86,-348],[402,-347],[-517,-522],[-344,-11],[-559,-174],[-659,-239],[-345,-174],[-487,-337],[-459,-217],[-788,32],[-574,-43],[-416,-130],[-430,-153],[-746,-152],[-286,207],[-488,239],[-631,-152],[-444,-98],[-430,-109],[-660,-163],[-817,-239],[-602,-174],[-416,-141],[-1004,-381],[-487,-184],[-660,-468],[-674,-293],[-501,-228],[-244,-207],[-516,-358],[-875,21],[-487,-43],[-803,0],[-316,413],[-358,369],[-402,239],[-688,-10],[-889,-66],[-573,-10],[-560,76],[-731,-109],[-487,33],[-459,-153],[-717,-358],[-4144,-1674],[-143,-54],[-832,-337],[-616,141],[-2036,467],[803,-1402],[975,-989],[1147,-1304],[1261,-1695],[1191,-1424],[1290,-1500],[1405,-1630],[846,-1326],[1090,-2576],[229,-597],[473,-522],[588,-739],[143,-239],[846,-1228],[918,-1304],[129,-240],[201,-478],[71,-315],[144,-489],[358,-630],[373,-337],[258,-348],[215,-533],[359,-532],[372,-500],[617,-674],[488,-576],[172,-315],[258,-478],[186,-283],[258,-337],[660,-717],[43,-65],[473,-750],[674,-859],[1391,-1608],[516,-620],[745,-858],[1749,-1837],[517,-435],[774,-413],[573,-532],[1190,-1098],[1219,-935],[1018,-782],[731,-630],[502,-511],[387,-391],[301,-337],[603,-783],[731,-837],[616,-804],[588,-761],[617,-945],[645,-750],[1118,-1098],[58,-43],[1261,-913],[531,-478],[473,-620],[631,-804],[3025,-3619],[2137,-2359],[1261,-1728],[2352,-2825],[2394,-3011],[29,-33],[1118,-1836],[846,-1500],[1205,-2478],[114,-348],[344,-945],[301,-881],[130,-347],[28,-229],[115,-500],[330,-717],[114,-239],[416,-848],[416,-847],[645,-1978],[129,-957],[129,-630],[574,-2141],[1147,-3478],[487,-1641],[144,-489],[372,-880],[1205,-2924],[2366,-4967],[2767,-5695],[1047,-2804],[688,-1815],[1218,-2510],[789,-1609],[244,-510],[1333,-2076],[817,-1272],[3743,-4401],[2853,-3011],[2409,-2271],[4502,-4282],[6696,-6293],[3727,-4347],[4202,-5173],[1820,-2163],[316,-294],[1405,-1315],[989,-913],[1807,-1673],[1032,-728],[1620,-1196],[1434,-956],[975,-642],[1061,-706],[2509,-1630],[459,-261],[875,-315],[43,-22],[1304,-533],[115,-43],[2180,-804],[602,-218],[573,-293],[473,-283],[1076,-836],[1591,-1348],[717,-446],[774,-456],[775,-348],[1921,-848],[2351,-1021],[1707,-761],[1476,-663],[2538,-1195],[86,-77],[1922,-1391],[215,-163],[860,-902],[86,-87],[1534,-1663],[846,-489],[846,-489],[1907,-989],[602,-304],[2036,-1054],[2853,-1250],[2524,-793],[1018,-370],[1132,-424],[846,-391],[703,-315],[1376,-598],[187,-76]],[[856964,292179],[-7384,-7760],[-1291,-1348],[-8015,-2347],[-1634,-1163],[-10954,-7792],[-18969,-7738],[14,-381],[-172,-500],[-215,-576],[-789,-239],[-588,54],[-831,66],[-617,43],[0,674],[-186,478],[-244,652],[-57,598],[100,500],[15,315],[-1047,402],[-430,283],[-445,217],[-229,381],[-473,499],[-502,348],[-273,196],[-616,445],[-344,348],[-746,-337],[-573,-282],[-631,32],[-488,250],[-487,185],[-359,250],[-616,283],[-760,130],[-430,-348],[-344,-206],[-473,-131],[-588,-76],[-502,-54],[-789,-120],[-530,-163],[-559,-174],[-803,-86],[-1248,119],[-573,457],[-1119,-316],[-401,-554],[-344,-446],[-330,-260],[-559,-229],[-731,-141],[-459,54],[-602,33],[-531,-87],[-373,-174],[-444,-195],[-602,-131],[-932,-119],[-373,-55],[-631,-152],[-516,-185],[-731,-326],[-760,-87],[-301,-293],[100,-663],[-100,-609],[-316,-315],[-545,-43],[-530,-65],[-774,-283],[-1219,-326],[86,-717],[-29,-642],[-1649,-130],[-616,-87],[-932,-120],[-1004,-119],[-1577,-185],[-760,-119],[-1147,-174],[-774,-283],[-416,-43],[-530,-98],[-373,-54],[-559,-33],[-445,-44],[-745,-119],[-803,54],[-488,44],[-430,-109],[-545,-228],[-516,-185],[-703,-152],[-544,-109],[-431,-358],[-229,-511],[-789,-44],[-315,-619],[43,-1804],[-1419,-142],[-1721,-173],[-244,-403],[-315,-478],[-545,-11],[-201,-608],[-416,-533],[-501,-663],[-502,-521],[-1477,-218],[-344,65],[-588,218],[-2093,-1783],[-1291,-771],[-3154,-1924],[-1204,1652],[-1836,2608],[-1333,1805],[-1907,2630],[-1391,2108],[-975,1011],[-846,750],[-745,684],[0,11],[-1377,2478],[-846,1370],[-1089,1249],[-588,663],[-1477,1044],[-1850,1478],[-889,902],[-716,913],[-617,576],[-989,717],[-574,467],[-559,446],[-430,359],[-402,326],[-301,239],[-387,228],[-401,206],[-588,240],[-258,97],[-631,239],[-1133,424],[-1534,620],[-588,250],[-588,228],[-903,304],[-444,33],[-531,-239],[-746,119],[-688,294],[-559,109],[-889,97],[-573,76],[-732,163],[-473,153],[-631,195],[-745,196],[-688,163],[-560,87],[-831,65],[-1119,98],[-1247,174],[-559,-22],[-703,-163],[-817,-424],[-903,-532],[-416,-207],[-674,-130],[-1147,-163],[-631,-33],[-745,-141],[-158,-22],[-1061,-239],[-688,-120],[-689,-11],[-1534,-43],[-917,0],[-846,-163],[-703,-293],[-4774,-2804],[-172,-98],[-4273,-2619],[-488,-305],[-1046,-847],[-1090,-848],[-1462,-957],[-287,-163],[-1119,-706],[-530,-391],[-617,-381],[-602,-195],[-387,-185],[-545,-250],[-244,-109],[-587,-293],[-359,-218],[-401,-260],[-689,-479],[-430,-391],[-530,-511],[-316,-315],[-387,-478],[-344,-250],[-416,-217],[-415,-196],[-373,-261],[-731,-804],[-846,-1087],[-617,-804],[-674,-859],[-272,-358],[-516,-457],[-488,-304],[-287,-163],[-544,-489],[-416,-348],[-875,-717],[-516,-315],[-186,-153],[-359,-456],[-459,-402],[-430,-576],[-373,-565],[-430,-370],[-889,-1011],[-100,-554],[-115,-348],[-330,-467],[-702,-793],[-1176,-1044],[-86,-76],[-674,-467],[-559,-424],[-358,-435],[-344,-271],[-416,-370],[-344,-598],[-172,-554],[-144,-554],[-158,-294],[-444,-543],[-444,-446],[-717,-391],[-789,-478],[-459,-391],[-889,-881],[-401,-597],[-58,-218],[-71,-500],[-58,-478],[-243,-641],[-961,-1565],[-645,-1989],[-918,-1956],[-559,-1467],[-287,-761],[-28,-120],[-15,-598],[29,-1010],[172,-935],[129,-1141],[-215,-1337],[-473,-1663],[-1147,-1706],[-1377,-1304],[-2796,-2685],[-1261,-1260],[-1692,-2261],[-961,-1402],[-702,-1108],[-1119,-1902],[-1161,-2500],[-101,-750],[-71,-967],[-43,-728],[-201,-1185],[-459,-1478],[-444,-1522],[-359,-1532],[-215,-1185],[-86,-413],[-330,-652],[-1018,-1499],[-372,-1174],[-129,-1174],[-344,-1619],[-674,-1652],[-474,-1315],[-960,-1435],[-301,-598],[-187,-576],[-186,-902],[-158,-3032],[29,-1293],[129,-489],[-100,-533],[-975,-1597],[-660,-1218],[-1133,-2293],[-616,-1402],[-545,-1880],[-1061,-4000],[-57,-1032],[114,-1489],[15,-250],[-2194,-1728],[-545,-435],[-358,-293],[-258,-228],[-560,-272],[-544,-522],[-445,-304],[-545,-522],[-487,-369],[-230,-250],[-487,-228],[-459,-511],[-502,-337],[-401,-435],[-645,-326],[-359,-22],[-760,11],[-401,55],[-516,87],[-732,97],[-487,120],[-416,174],[-416,304],[-200,239],[-316,370],[-545,684],[-430,316],[-731,282],[-387,250],[-430,446],[0,304],[157,522],[-100,445],[-244,305],[-602,434],[-344,326],[-258,250],[-258,402],[-172,337],[-258,283],[-431,424],[-430,500],[-344,424],[-416,456],[-487,402],[-574,478],[-372,337],[-560,337],[-573,315],[-502,261],[-10682,1978],[-702,-391],[-774,-22],[-875,-76],[-488,-152],[-200,-489],[215,-457],[-158,-282],[-287,-413],[-545,-109],[-401,120],[-602,-98],[-760,-315],[-387,-391]],[[578335,167848],[-373,-142],[-717,-282],[-344,500],[-258,478],[-789,65],[-215,-446],[-788,-217],[-273,283],[-659,173],[-531,-130],[-373,-239],[-831,-185],[-459,22],[-545,-109],[-688,-315],[-387,-130],[-545,-66],[-459,33],[-516,76],[-545,174],[-401,196],[-459,271],[-473,326],[-416,446],[-186,228],[-760,196],[-588,98],[-559,87],[-431,76],[-587,130],[-789,239],[-459,142],[-688,326],[-287,282],[-387,250],[-788,239],[458,848],[660,1250],[29,54],[1147,2119],[1132,2098],[1793,3402],[860,1662],[-72,294],[-1319,6423],[115,554],[57,131],[717,1554],[215,598],[29,413],[-144,565],[-329,543],[-345,337],[-329,348],[-1448,1250],[-1864,1326],[-1133,413],[-473,173],[-488,142],[-444,0],[-803,-218],[-516,-402],[-516,-413],[-2940,-2380],[-1391,-869],[-1003,-305],[-803,-54],[-1405,130],[-215,66],[-617,250],[-602,141],[-975,32],[-774,0],[-2280,-239],[-315,-206],[-187,-565],[-659,-326],[-990,-120],[-573,-402],[-817,-239],[-2395,196],[-631,260],[-487,587],[-961,609],[-788,804],[-574,381],[-3455,304],[-2180,1098],[-1319,1836],[-946,1837],[-545,1674],[-674,2130],[-4832,4206],[-731,641],[-1376,1206],[-58,33],[-4445,837],[-960,-22],[-4015,-674],[-3900,-2141],[-1749,-1271],[-1176,-1011],[-372,-620],[-1133,-2108],[-5535,-1163],[-28,33],[-1405,858],[-1965,848],[-2279,1304],[-1979,1446],[-774,869],[-144,717],[416,870],[57,272],[0,836],[-157,326],[-430,511],[-158,283],[57,511],[273,554],[172,445],[43,240],[143,576],[143,565],[144,413],[172,467],[72,348],[14,337],[115,358],[143,326],[229,609],[201,370],[101,402],[-832,5999],[201,2782],[14,131],[287,3390],[28,33],[488,772],[545,858],[444,598],[258,250],[230,359],[-15,402],[-100,402],[-287,435],[-358,510],[-402,609],[-200,359],[-287,413],[-359,391],[-473,489],[-430,587],[-258,402],[-301,500],[-100,185],[-273,500],[-258,543],[-143,456],[0,403],[71,336],[86,370],[287,543],[244,316],[430,576],[531,782],[458,609],[732,956],[674,902],[344,544],[286,467],[301,576],[287,554],[373,587],[373,587],[158,402],[57,554],[-29,533],[29,630],[-14,402],[172,305],[401,337],[86,260],[29,902],[0,120],[-29,630],[72,370],[258,326],[659,467],[674,315],[359,218],[401,369],[301,565],[101,598],[-230,565],[-631,642],[-143,663],[0,619],[-1075,630],[-287,413],[-100,555],[-72,358],[-187,642],[-487,467],[-645,293],[-588,229],[315,739],[287,260],[588,598],[616,652],[187,207],[946,1021],[473,511],[531,565],[573,555],[588,554],[1205,1011],[-445,76],[-573,-76],[-402,-77],[-344,1598],[330,446],[287,456],[272,467],[774,196],[1147,2728],[459,-76],[502,619],[487,576],[29,66],[330,695],[401,98],[502,565],[-86,315],[-946,1109],[-703,848],[129,478],[144,652],[157,750],[1133,543],[129,391],[72,370],[100,446],[86,336],[-57,424],[-359,489],[-430,337],[-530,152],[-588,153],[-344,108],[-488,185],[932,3271],[-243,370],[114,587],[-57,413],[-215,380],[172,717],[330,598],[272,467],[-43,294],[129,532],[201,370],[172,674],[-4029,6662],[-2567,4249],[-1591,2641],[1606,3815],[387,891],[674,1587],[1821,4380],[5405,5717],[57,65],[-1290,2695],[57,228],[187,674],[-29,543],[143,750],[-86,457],[330,413],[-315,282],[-287,533],[-57,283],[-244,858],[-115,65],[115,696],[86,511],[-430,902],[731,1945],[459,1196],[-115,804],[244,1228],[-430,196],[-29,521],[617,457],[387,315],[-29,337],[72,369],[100,522],[57,283],[115,467],[301,1130],[-917,131],[-1033,152],[-717,98],[-487,108],[-502,305],[-115,532],[-71,315],[-273,500],[-258,239],[-487,315],[-402,185],[-545,185],[-458,587],[100,445],[72,370],[215,1119],[57,326],[-29,598],[-2251,685],[-200,543],[286,739],[172,435],[158,413],[201,478],[244,544],[172,652],[143,869],[43,402],[29,392],[28,347],[58,402],[86,435],[100,544],[14,423],[-114,663],[-287,783],[-29,54],[-444,859],[-731,1195],[-301,446],[-273,706],[-100,381],[-15,619],[158,413],[-3054,1054],[789,1783],[14,619],[-588,218],[-516,152],[-358,380],[-115,283],[-301,337],[-459,261],[-287,521],[-602,804],[-344,468],[-229,293],[-474,315],[-602,348],[-430,294],[-989,836],[-258,218],[-430,934],[401,348],[330,424],[-244,326],[-746,315],[-501,-21],[-789,10],[-530,33],[-445,54],[-774,153],[-617,-240],[-287,-217],[-415,-304],[-301,-152],[-646,-11],[-874,32],[-559,33],[-746,283],[-588,358],[-401,239],[-1262,761],[-488,228],[-530,207],[-631,206],[-516,152],[-516,142],[-3814,-359],[-72,272],[201,543],[-1520,185],[-702,65],[-431,54],[-688,87],[158,1011],[301,1533],[186,673],[301,1163],[287,913],[-1448,141],[-918,109],[-559,152],[-559,196],[-817,130],[-903,-554],[-588,-87],[-846,-152],[-445,-76],[-516,-87],[-473,-87],[-473,-87],[-817,-152],[-502,119],[-3671,2131],[-631,-55],[-530,-206],[-588,-250],[-373,-174],[-588,-293],[-932,-457],[-430,-206],[-444,-229],[-588,-130],[-430,76],[-502,87],[-832,163],[-760,152],[-573,131],[-688,206],[-373,141],[-459,207],[-588,293],[-559,207],[-702,174],[-904,217],[-473,109],[-416,76],[-688,11],[-1147,-44],[-1821,-76],[-616,-33],[-560,-21],[-559,-33],[-573,-54],[-359,-98],[-530,-185],[-258,-250],[-760,-174],[-918,-21],[-717,-22],[-573,-22],[-373,-11],[-602,-11],[-731,-10],[-531,0],[-387,0],[-258,608],[-72,467],[-201,272],[-344,435],[-215,250],[-373,391],[-516,446],[-358,239],[-574,369],[-659,402],[-316,218],[-444,272],[-473,336],[-258,229],[-316,326],[-330,424],[-831,130],[-846,-87],[-645,-76],[-818,-87],[-458,-65],[-545,-44],[-588,-21],[-445,-22],[-889,-65],[-860,-66],[-702,-10],[-431,54],[-516,119],[-573,185],[-459,163],[-645,239],[-402,142],[-674,119],[-473,55],[-688,130],[473,576],[301,261],[273,282],[28,402],[115,500],[-29,1283],[-1233,1967],[-2408,2543],[-215,239],[-1434,2891],[-5907,3000],[-1664,847],[-86,44],[-1304,43],[-230,0],[-961,131],[-501,76],[-560,76],[-1519,196]],[[390795,407186],[-359,43],[-5864,685],[-3943,2000],[-516,271],[-7312,3228],[-330,489],[-115,370],[172,456],[602,391],[86,392],[316,402],[244,304],[28,533],[230,597],[-115,565],[-29,435],[387,478],[344,283],[359,326],[-100,489],[-173,348],[-430,532],[-86,403],[-258,293],[-100,532],[-258,370],[-430,424],[14,630],[-100,587],[-287,402],[-301,218],[-29,456],[-430,478],[-43,348],[186,456],[-28,359],[43,446],[401,239],[201,598],[430,347],[832,174],[444,326],[287,174],[487,457],[2725,-772],[301,-87],[544,359],[173,478],[28,217],[43,631],[86,652],[244,565],[401,206],[330,359],[72,489],[14,609],[15,565],[14,500],[57,424],[129,380],[158,500],[72,293],[71,555],[115,489],[100,326],[44,543],[86,402],[143,478],[143,435],[129,370],[129,293],[244,478],[359,805],[243,500],[201,347],[301,457],[4201,6934],[172,608],[-43,446],[-172,261],[-272,424],[-273,315],[-301,391],[-717,413],[-286,380],[-259,935],[-71,337],[-244,380],[-703,294],[-2251,978],[-401,217],[14,218],[43,576],[72,543],[57,380],[115,587],[-387,587],[-359,370],[-215,228],[-329,380],[-273,359],[-172,283],[-229,358],[-301,402],[-889,1076],[-301,413],[-273,446],[-330,315],[-401,196],[-688,326],[-990,478],[-286,130],[-517,207],[-372,130],[-516,185],[-617,206],[-401,131],[-488,141],[-688,304],[-359,185],[-444,261],[-445,272],[-501,500],[2394,1706],[2065,1456],[2681,1891],[172,272],[201,554],[458,272],[273,511],[86,543],[287,326],[430,489],[545,98],[616,239],[387,370],[861,11],[258,489],[71,369],[488,489],[731,348],[617,120],[587,293],[259,250],[157,609],[172,489],[115,587],[-387,217],[-301,598],[158,467],[301,359],[14,532],[473,413],[473,305],[502,-33],[545,435],[86,543],[272,109],[574,228],[487,185],[416,87],[746,163],[631,261],[516,-120],[860,130],[832,33],[-43,500],[430,174],[430,348],[473,163],[832,-109],[502,87],[430,163],[588,402],[358,576],[416,207],[788,32],[660,-98],[373,359],[659,446],[387,184],[387,392],[531,-87],[846,11],[459,-109],[444,-141],[731,-163],[459,-207],[316,-326],[631,-467],[501,-174],[760,119],[660,402],[186,424],[373,196],[387,424],[774,-228],[617,173],[516,261],[703,-65],[487,-228],[287,-326],[688,43],[244,185],[516,283],[258,337],[402,173],[444,87],[201,424],[674,326],[702,22],[72,565],[86,370],[358,337],[488,445],[358,391],[258,500],[531,152],[29,555],[415,532],[388,229],[516,130],[545,369],[702,359],[574,185],[717,369],[14,511],[344,522],[-201,652],[172,348],[43,413],[86,347],[115,620],[315,348],[703,76],[746,87],[315,435],[358,184],[631,457],[115,434],[731,348],[889,-32],[674,-11],[875,54],[373,-250],[315,-228],[803,250],[831,-207],[287,-326],[115,-315],[229,-326],[445,-272],[659,0],[502,229],[531,-22],[516,402],[373,261],[717,337],[630,261],[230,217],[43,685],[-86,532],[-832,-152],[-272,-250],[-674,-98],[-531,305],[-473,173],[-330,359],[459,348],[373,587],[-516,271],[-674,142],[-588,11],[-430,11],[-502,445],[-416,294],[-229,554],[-444,391],[-760,76],[-144,348],[-229,478],[-172,283],[-445,434],[-315,435],[-344,391],[-703,326],[-344,359],[-272,587],[-344,348],[-187,348],[-573,434],[57,544],[358,424],[230,521],[358,326],[201,511],[344,304],[187,424],[-316,478],[-459,468],[115,337],[-129,489],[-143,337],[-273,326],[-674,-98],[-631,76],[-760,-141],[-659,-250],[-703,108],[-516,446],[86,359],[344,467],[-243,250],[-517,174],[-272,304],[72,424],[-58,413],[-129,619],[-14,413],[330,435],[215,283],[201,391],[587,109],[818,119],[329,98],[689,65],[71,652],[-114,478],[-359,566],[-201,293],[201,467],[-28,642],[-330,369],[215,478],[-172,348],[-559,283],[-646,-98],[-215,-337],[-874,33],[-402,358],[0,272],[-401,369],[-674,-54],[-316,239],[-229,381],[-502,337],[-459,108],[-587,44],[-832,206],[-301,283],[-29,565],[43,554],[359,576],[487,-130],[602,-11],[488,554],[-101,565],[-100,294],[287,402],[172,272],[301,326],[43,369],[315,391],[273,511],[-129,631],[287,336],[344,544],[286,315],[-100,652],[330,533],[688,434],[387,587],[187,435],[157,609],[72,391],[-115,467],[-43,304],[-215,555],[201,445],[-158,631],[-201,413],[-344,597],[0,403],[-458,217],[-388,282],[-286,218],[-631,337],[-359,239],[-501,261],[-316,597],[-244,479],[-387,163],[-573,-131],[-602,348],[-101,609],[-358,630],[-43,446],[-287,554],[-129,456],[-86,337],[-760,218],[-617,445],[330,402],[-215,479],[-502,-44],[-487,-76],[-617,272],[373,510],[158,392],[-86,467],[-301,207],[-660,184],[-115,424],[29,522],[-545,500],[-86,445],[-215,392],[-315,565],[-416,108],[-717,196],[-287,326],[-186,391],[-760,239],[-602,-304],[-760,-130],[-258,413],[-201,434],[-186,261],[-474,261],[-458,152],[-689,272],[115,315],[0,381],[115,467],[-316,326],[-616,239],[-230,424],[158,293],[-330,489],[-559,33],[-401,228],[-187,294],[-172,597],[-129,370],[-43,391],[-459,576],[-573,391],[-358,261],[-474,272],[-602,120],[-588,347],[-516,66],[-315,293],[-631,152],[-531,228],[-458,316],[-345,271],[-215,402],[-315,272],[-416,467],[-201,566],[-172,510],[-444,142],[-129,565],[-72,445],[-14,392],[-115,293],[-330,359],[-129,543],[-387,587],[-459,304],[-286,337],[-445,511],[-72,424],[-458,543],[-488,565],[273,609],[430,380],[-230,348],[-459,522],[187,598],[315,369],[-43,446],[-416,293],[-573,467],[-129,446],[-502,533],[-588,315],[-373,348],[-659,326],[-459,163],[-344,195],[-330,305],[-659,184],[-373,196],[-559,217],[-402,620],[0,641],[-215,935],[-172,413],[-573,989],[-345,478],[-1175,1043],[-1663,1380],[-302,250],[-688,457],[-473,315],[-416,141],[-803,218],[-587,0],[-717,-185],[-459,-185],[-889,-424],[-316,-152],[-1175,-598],[-531,-173],[-401,-22],[-846,152],[-387,283],[-258,326],[-172,445],[-158,576],[-86,609],[-101,663],[-57,380],[-129,848],[-502,1195],[-186,435],[-430,826],[-86,152],[-517,652],[-286,598],[-158,522],[-86,380],[-143,1022],[-158,402],[-244,315],[-373,326],[-659,359],[-459,478],[-115,380],[-57,576],[-330,478],[-100,381],[-15,522],[-229,662],[-100,316],[-43,434],[157,392],[15,358],[387,489],[416,250],[215,326],[-86,609],[459,272],[630,163],[488,54],[186,609],[-258,282],[15,522],[129,304],[358,381],[344,217],[660,54],[358,120],[631,76],[444,152],[359,359],[344,271],[86,511],[186,555],[259,554],[57,435],[72,271],[272,641],[287,370],[774,283],[444,369],[-358,435],[-215,348],[-186,358],[-402,272],[-315,391],[-172,283],[-201,380],[-144,424],[-186,359],[-301,423],[-330,283],[-459,391],[-301,424],[-401,304],[-717,761],[-287,587],[-616,533],[-187,510],[344,305],[301,369],[330,348],[531,130],[516,120],[416,467],[860,11],[717,-32],[430,10],[516,-141],[602,-195],[545,10],[531,-478],[330,-369],[702,-261],[402,22],[516,141],[401,33],[545,-370],[115,-326],[430,-391],[430,-87],[588,32],[588,55],[688,54],[903,-98],[301,-511],[789,-1043],[215,-326],[2997,-1826],[86,-130],[-129,-3782],[129,-196],[4373,-2619],[7685,-7173],[5276,-4945],[187,-163],[544,-576],[1291,-1141],[5018,-4695],[2265,-2120],[43,-489],[1105,65],[931,131],[703,-65],[574,-294],[860,-152],[459,-22],[846,-54],[874,185],[488,22],[731,-142],[430,-293],[760,-489],[645,-250],[1133,-44],[616,-21],[703,282],[545,-65],[989,-109],[674,-152],[1362,-130],[875,-87],[1520,-87],[358,-11],[860,-304],[488,-229],[157,-532],[402,-533],[530,-391],[216,-250],[129,-641],[659,-261],[502,-87],[516,-141],[502,32],[502,153],[932,206],[774,391],[416,544],[330,804],[129,500],[143,685],[201,478],[329,228],[488,141],[602,152],[602,403],[416,282],[746,674],[573,511],[316,434],[674,1000],[215,196],[975,880],[215,109],[1505,348],[359,32],[1347,-76],[1520,-239],[559,98],[330,141],[846,55],[488,282],[888,152],[889,76],[517,87],[702,381],[402,261],[430,195],[559,76],[401,359],[474,65],[530,174],[617,424],[559,98],[803,-131],[358,218],[459,260],[373,153],[272,391],[803,119],[459,66],[573,239],[517,185],[760,358],[372,359],[760,76],[631,174],[316,478],[129,402],[544,163],[889,98],[402,163],[201,369],[559,457],[430,11],[530,-207],[445,-119],[559,-131],[487,33],[703,261],[832,-120],[745,98],[43,359],[703,304],[573,370],[416,565],[0,521],[-487,565],[-43,576],[157,566],[646,260],[14,500],[-29,305],[-14,576],[72,380],[802,120],[617,-33],[760,-141],[559,185],[602,413],[-57,499],[229,316],[603,239],[372,293],[373,402],[-244,609],[330,532],[72,240],[-115,478],[373,217],[201,380],[-660,370],[-444,261],[157,576],[301,489],[402,141],[244,478],[301,326],[573,-43],[473,11],[545,130],[545,261],[817,-98],[502,185],[488,-98],[745,337],[559,261],[531,315],[688,185],[459,76],[358,380],[588,359],[144,598],[157,402],[517,424],[157,663],[459,195],[817,229],[373,315],[602,-163],[488,184],[559,66],[875,-174],[788,-207],[488,555],[301,478],[344,597],[229,348],[230,337],[272,315],[387,185],[445,228],[616,-217],[832,185],[43,402],[287,511],[415,478],[316,348],[258,434],[-29,392],[330,402],[416,369],[0,641],[-287,381],[617,413],[487,109],[445,-109],[487,109],[229,391],[129,511],[287,293],[459,304],[186,576],[330,305],[488,434],[301,370],[301,337],[430,195],[416,196],[258,304],[545,33],[301,283],[-100,434],[372,272],[187,370],[100,478],[373,478],[143,543],[273,544],[444,304],[760,174],[201,674],[-144,478],[-616,500],[-559,359],[57,510],[315,163],[115,457],[144,380],[172,348],[401,359],[373,423],[-101,337],[474,403],[688,86],[100,566],[86,641],[273,413],[-86,652],[229,369],[459,413],[-187,609],[-215,196],[-243,521],[114,392],[-631,489],[230,608],[287,522],[100,391],[-688,272],[-316,206],[-387,305],[-43,424],[144,478],[-144,271],[-186,381],[-58,500],[72,413],[-287,402],[-114,272],[-29,500],[-358,565],[28,402],[172,532],[-315,348],[-330,217],[0,587],[402,196],[172,402],[71,511],[359,337],[-144,641],[-516,228],[144,663],[143,283],[244,467],[301,380],[559,413],[459,327],[201,402],[372,337],[0,423],[-530,348],[-72,359],[545,326],[760,282],[315,381],[402,152],[659,-33],[244,-184],[272,-392],[316,-347],[143,-283],[215,-467],[287,-631],[258,-456],[473,-511],[287,-467],[359,-435],[272,-446],[14,-347],[-329,-424],[-359,-565],[-186,-435],[57,-652],[229,-207],[488,-467],[229,-174],[889,-532],[445,-250],[516,-229],[674,-195],[588,-239],[774,-881],[530,-467],[502,-402],[602,-489],[517,-381],[473,-456],[-115,-359],[158,-391],[315,-326],[387,-337],[359,-413],[57,-293],[144,-522],[573,-120],[516,0],[602,-173],[703,-250],[444,-457],[201,-359],[502,-217],[387,-43],[631,-250],[559,-315],[330,-294],[186,-413],[187,-489],[200,-315],[302,-348],[802,-304],[459,-109],[588,22],[416,130],[616,-185],[187,-445],[315,-435],[703,-348],[373,-543],[903,-98],[703,174],[630,44],[560,10],[286,-347],[617,-381],[401,-576],[230,-598],[502,-347],[444,54],[531,250],[716,-217],[373,-598],[502,-391],[172,-435],[129,-489],[688,-250],[445,-272],[287,-554],[229,-424],[272,-500],[215,-272],[345,-391],[458,-456],[574,-76],[745,-174],[617,184],[875,109],[631,-65],[688,-120],[444,-173],[416,-229],[72,-500],[473,-152],[674,22],[416,-163],[344,-402],[286,-500],[431,-707],[358,-695],[229,-707],[861,-65],[516,-511],[416,-239],[358,-152],[674,-130],[832,-250],[430,108],[459,424],[444,315],[817,240],[717,119],[645,-87],[560,-380],[501,-413],[502,-174],[703,3967],[745,4282],[875,4977],[1907,10879],[602,3467],[316,1805],[1591,9281],[-43,467],[315,294],[732,-142],[430,-152],[674,0],[674,163],[803,-228],[630,-185],[502,-163],[402,-511],[444,-228],[473,163],[430,11],[574,152],[674,-130],[330,-120],[430,-326],[459,-65],[315,-402],[502,-163],[487,-152],[717,-120],[602,22],[531,-76],[487,22],[674,206],[889,0],[545,-33],[459,-65],[387,-391],[832,65],[587,-130],[58,-500],[516,-207],[817,-174],[717,-380],[574,-282],[674,-294],[344,-141],[817,-33],[645,109],[717,239],[588,163],[358,54],[603,33],[258,326],[559,337],[545,109],[501,228],[388,217],[444,294],[315,195],[517,207],[702,337],[559,76],[631,-272],[516,-22],[803,-130],[588,250],[502,22],[430,152],[445,141],[616,-22],[1004,-141],[315,-65],[574,-152],[530,-185],[789,-359],[602,-380],[229,-152],[689,-1098],[530,-1261],[1362,-3314],[86,-468],[187,-511],[516,-250],[731,-358],[588,-424],[487,-239],[603,-65],[530,119],[645,196],[387,87],[703,98],[459,10],[502,-21],[502,141],[415,228],[588,294],[387,141],[703,54],[545,-185],[372,-228],[330,-413],[861,-195],[688,54],[659,120],[6581,1315]],[[597763,698441],[10524,-14716],[301,-391],[17908,-22508],[3627,-4564]],[[390795,407186],[-201,-305],[-946,-413],[-416,-174],[-932,-315],[-1119,-391],[-1720,-1087],[-531,-337],[-1419,-902],[-301,-424],[-445,-641],[-473,-261],[-1204,-641],[-459,-619],[-258,-370],[-330,-446],[43,-478],[-14,-652],[-445,-206],[-444,-478],[-488,-131],[-358,-174],[-545,-326],[-272,-282],[-588,-185],[-430,-98],[-602,152],[-517,87],[-630,87],[-875,-174],[-574,-141],[-501,-152],[-746,369],[-631,0],[-530,-185],[-416,-130],[-875,-283],[-602,-293],[-401,-467],[-287,-359],[43,-565],[-846,-174],[-545,-250],[14,-391],[-344,-533],[-244,-326],[-43,-369],[-186,-315],[-100,-500],[-43,-392],[-72,-489],[-186,-271],[-273,-468],[-545,-315],[-430,-217],[-487,-11],[-516,119],[-603,-293],[-774,-109],[-702,-76],[-574,-304],[-115,-348],[-129,-587],[-415,-380],[-502,-272],[-703,-315],[-416,22],[-473,228],[-559,391],[129,424],[401,576],[-215,315],[-544,196],[-588,98],[-818,152],[-688,-76],[-516,228],[-129,565],[-301,424],[-531,87],[-516,87],[-416,54],[-243,620],[-86,413],[200,554],[832,87],[602,-272],[416,305],[57,434],[-602,370],[29,369],[86,609],[-215,380],[-15,392],[-172,554],[-315,337],[143,467],[-788,435],[-502,282],[14,294],[201,521],[875,77],[760,336],[43,468],[229,445],[-244,283],[-473,206],[14,609],[58,402],[-215,446],[-201,250],[-860,-131],[-703,-87],[-659,479],[-244,499],[-316,740],[-215,489],[301,282],[58,381],[-502,250],[-531,-370],[-430,-348],[-530,-76],[-373,-522],[-832,153],[230,652],[86,521],[-731,33],[-301,609],[43,347],[-359,511],[-430,326],[-301,326],[-301,457],[-359,543],[-372,381],[-259,423],[-444,305],[-789,-22],[-430,120],[-459,315],[-315,228],[-401,326],[-431,206],[-458,-32],[-259,641],[-344,533],[-415,380],[-86,467],[-732,0],[-588,-326],[-688,-87],[-444,185],[-387,185],[-703,250],[-459,261],[-416,152],[-602,-228],[-473,-98],[-502,-337],[-760,-76],[-673,163],[-818,141],[-659,304],[-660,-119],[-573,43],[-316,-282],[-330,-435],[-616,-261],[-731,-22],[-560,250],[-71,446],[-631,413],[-502,98],[-659,-337],[-775,-109],[-502,-65],[-516,337],[-588,250],[-587,54],[-574,228],[-86,337],[-100,479],[-172,445],[-474,326],[-415,87],[-430,228],[-531,392],[-573,-33],[-388,-174],[-716,120],[-201,206],[-631,196],[-502,141],[-731,44],[-574,108],[-573,-380],[-631,-250],[-889,-22],[-688,446],[-602,239],[-459,-98],[-502,-239],[-674,-359],[-416,-174],[-573,109],[-832,120],[-760,32],[-530,-152],[-373,-250],[-746,-163],[-616,131],[-559,423],[-502,207],[-746,-65],[-516,-316],[-602,403],[-330,304],[-616,435],[-129,402],[-488,174],[-43,521],[516,522],[-215,283],[-459,271],[-774,359],[-545,315],[-616,402],[157,337],[-143,359],[-459,195],[-315,489],[-502,316],[-860,152],[-617,-44],[-817,-141],[-445,-87],[-544,-54],[-388,337],[-229,478],[-444,391],[329,424],[187,554],[-688,120],[-416,108],[-631,185],[-559,-195],[-430,173],[-459,261],[416,609],[315,206],[-115,500],[-416,294],[-544,272],[-588,184],[-430,305],[-187,260],[-444,511],[-316,370],[-358,337],[-645,641],[-316,228],[-430,348],[-172,380],[-215,337],[-301,228],[-631,76],[-430,-32],[-574,-185],[-401,-195],[-344,-207],[-559,-65],[-717,272],[-488,260],[-487,196],[-617,-207],[-387,-21],[-688,-131],[-430,-228],[-344,-391],[-531,-11],[-416,-120],[-416,-358],[-458,-413],[-746,-33],[-444,76],[-631,-163],[-861,76],[-501,-119],[-803,-228],[-445,-207],[-401,-54],[-473,-315],[-402,-196],[-516,-359],[-444,-456],[-474,-272],[-458,228],[-402,283],[-487,-22],[-631,-369],[-731,-294],[-646,87],[-172,272],[-358,369],[-459,76],[-645,11],[-459,44],[-731,282],[-459,-21],[-703,239],[-674,-22],[-530,54],[-344,555],[-688,119],[-488,87],[-430,76],[-172,457],[57,597],[-229,337],[-359,555],[-501,250],[-746,-77],[-602,11],[-387,11],[-502,-239],[-817,65],[-517,0],[-415,-54],[-660,-54],[-272,304],[129,391],[-473,554],[-215,500],[-459,196],[-416,141],[-875,-152],[-588,-22],[-387,87],[-501,239],[-502,207],[-445,54],[-688,76],[-559,479],[-316,456],[-516,489],[-258,348],[-573,-11],[-373,174],[-516,152],[-430,174],[-574,272],[-416,260],[-430,327],[-602,315],[-746,-131],[-516,-195],[-588,163],[-831,-142],[-445,33],[-602,174],[-29,391],[101,544],[-344,260],[-775,-217],[-358,359],[-545,65],[-631,98],[-530,304],[-588,43],[-387,229],[-545,130],[-445,196],[-630,304],[-273,185],[-401,326],[-760,261],[-373,369],[-488,261],[-487,-54],[-244,-359],[-889,-109],[-717,-119],[-473,-55],[-473,-413],[-473,-32],[-416,-98],[-602,-98],[-402,359],[-186,326],[-602,54],[-531,-380],[-688,-65],[-330,-229],[-172,-413],[-401,-434],[-359,-294],[-573,-108],[-430,-196],[-416,-87],[-315,-554],[-287,-468],[-244,-250],[-588,-32],[-559,-22],[-516,-87],[-416,-119],[-703,-196],[-774,76],[-573,109],[-588,22],[-803,304],[-287,272],[-444,271],[-445,196],[-717,348],[-57,576],[86,282],[-29,435],[-143,261],[-201,641],[-100,402],[-129,348],[-502,435],[-473,228],[-674,43],[-430,-54],[-502,185],[-445,184],[-114,511],[-387,337],[-588,185],[-258,141],[-689,196],[-272,641],[-688,370],[-774,54],[-244,587],[-430,261],[-230,391],[101,522],[-344,282],[-674,272]],[[202753,445572],[-29,359],[-344,336],[186,348],[258,261],[115,435],[14,402],[-387,576],[-129,402],[158,293],[143,500],[-458,261],[-230,337],[29,685],[-215,261],[-244,424],[-158,271],[-459,326],[-415,142],[-545,-33],[-287,348],[-444,380],[-431,87],[-544,228],[-373,120],[-990,337],[-673,326],[-445,239],[-588,174],[-717,43],[-301,424],[-14,381],[-617,499],[-530,446],[-674,109],[-573,152],[114,554],[-444,467],[-344,598],[-15,391],[-186,598],[-516,522],[-373,185],[-43,565],[-186,489],[-617,478],[-617,33],[-444,87],[-330,293],[-473,326],[-516,196],[-803,206],[-473,250],[-344,446],[-129,445],[-617,468],[-86,565],[488,76],[573,369],[244,392],[258,380],[-72,630],[172,468],[416,304],[-57,380],[-172,326],[143,403],[100,347],[517,326],[-144,620],[-272,641],[-15,348],[130,435],[-15,326],[-401,402],[-86,391],[-144,315],[-157,522],[-459,369],[-559,77],[-517,-66],[-587,-87],[-560,-76],[-487,555],[186,597],[416,555],[-201,423],[-200,316],[-488,260],[-430,131],[-459,109],[-516,358],[-416,305],[-401,239],[-746,130],[-459,522],[-157,250],[-301,380],[-330,554],[-359,489],[-129,381],[-458,434],[-58,511],[-129,283],[115,413],[-215,456],[-602,348],[-402,239],[-72,435],[-43,630],[-358,609],[0,391],[244,609],[-215,358],[-43,620],[-115,304],[-459,435],[-803,1087],[-43,76],[-502,1000],[-329,913],[-15,521],[144,337],[258,565],[286,305],[1320,1239],[344,391],[172,195],[415,446],[359,467],[946,1348],[115,326],[258,989],[-115,500],[-301,413],[-645,380],[-258,98],[-2452,750],[-1290,348],[-2008,598],[-1706,532],[-2107,609],[-2137,598],[-545,163],[-559,858],[-330,707],[-14,32],[-172,783],[-72,554],[-129,250],[-315,587],[-545,685],[-172,228],[-817,1021],[-86,370],[-29,337],[-100,1380],[-29,413],[29,413],[86,435],[129,793],[129,815],[-15,98],[-630,2576],[-431,1065],[-645,717],[-358,283],[-344,608],[-201,424],[-129,446],[-43,358],[272,413],[574,587],[373,98],[602,-119],[659,-294],[832,-543],[1491,-120],[1620,-174],[1391,55],[1563,43],[215,54],[788,163],[1047,120],[101,11],[1204,261],[645,76],[631,-22],[430,-65],[617,-120],[817,98],[688,337],[473,0],[588,-54],[688,434],[129,359],[244,359],[359,391],[516,380],[745,326],[502,196],[559,250],[473,98],[617,130],[760,359],[674,185],[559,434],[358,120],[545,152],[832,185],[516,304],[373,565],[330,533],[659,358],[344,305],[330,434],[617,283],[71,283],[846,21],[645,98],[789,261],[660,272],[960,467],[631,359],[301,174],[846,489],[2323,1347],[1477,978],[1075,892],[373,163],[788,239],[2682,858],[5161,1652],[2495,870],[4975,1695],[6409,2424],[3829,1771],[28,11],[-57,1543],[-531,98],[846,6575],[1950,15314],[330,587],[-215,326],[545,4260],[115,532],[71,392],[101,565],[401,521],[-287,598],[-416,-76],[-716,120],[186,467],[-244,283],[-645,271],[-559,207],[-430,-424],[-516,-228],[-560,-120],[-344,-206],[-602,-55],[-258,-358],[-516,-76],[-746,391],[-803,-261],[-473,-424],[-760,44],[-688,87],[-559,-196],[-373,293],[-387,489],[-416,-43],[-616,163],[-502,163],[-674,326],[100,674],[15,619],[-330,326],[-817,-43],[-832,-33],[-531,120],[-387,424],[-344,608],[-172,370],[-416,380],[-458,65],[-660,77],[-559,54],[-688,-131],[-373,-282],[-717,359],[186,467],[43,261],[-530,348],[-803,-327],[-445,-250],[-387,-304],[-631,87],[-587,0],[-517,196],[-329,587],[-789,54],[-516,-424],[-660,163],[-588,-359],[-329,-173],[-129,-544],[-29,-489],[-574,-304],[-272,608],[186,337],[-186,479],[-817,65],[-674,174],[-143,489],[301,424],[487,282],[330,511],[-258,228],[-115,402],[-100,555],[-574,217],[-545,-380],[172,-348],[15,-511],[-516,-76],[-474,43],[-702,435],[430,533],[14,293],[-401,359],[-43,500],[487,478],[431,293],[573,120],[344,-109],[889,87],[172,326],[344,696],[-444,565],[-215,337],[-287,608],[-244,598],[-100,413],[-86,446],[-215,652],[-273,543],[-286,294],[-502,489],[-416,391],[-660,782],[-358,620],[-215,413],[-373,913],[-272,1021],[-588,2804],[-316,1152],[1535,196],[-101,478],[-16173,9716],[-186,576],[28,381],[344,402],[445,163],[631,0],[688,-109],[889,-76],[588,-65],[416,-76],[616,76],[287,435],[272,511],[373,304],[645,-55],[588,-10],[531,152],[559,380],[602,294],[387,271],[545,33],[645,435],[287,293],[430,380],[674,424],[473,305],[602,163],[559,423],[330,316],[574,293],[516,196],[401,467],[-114,424],[-344,446],[-187,391],[-401,598],[-602,163],[-359,97],[-645,239],[-14,370],[-129,489],[-230,478],[-530,33],[-330,337],[129,630],[-115,380],[-215,642],[201,358],[86,402],[-258,305],[-373,282],[-115,576],[158,457],[-29,326],[72,402],[-559,239],[29,326],[258,424],[43,326],[-258,456],[-287,533],[14,435],[-72,293],[144,478],[301,566],[-158,315],[-272,337],[-15,347],[-129,587],[387,294],[-14,489],[201,445],[272,609],[330,370],[-86,554],[-29,337],[129,511],[302,456],[315,467],[29,642],[186,532],[401,304],[674,131],[301,326],[72,543],[-72,468],[43,565],[15,880],[803,1239],[114,554],[43,435],[359,619],[631,-130],[459,-272],[759,-239],[689,-185],[459,305],[516,369],[645,392],[444,239],[344,141],[531,369],[559,446],[316,250],[702,54],[602,-282],[803,-250],[832,32],[272,240],[574,195],[616,22],[574,-22],[702,228],[-28,576],[100,403],[344,391],[359,630],[415,391],[574,11],[559,152],[717,381],[617,-76],[501,108],[760,11],[775,229],[487,54],[387,152],[459,206],[545,109],[631,87],[774,22],[660,380],[-173,348],[-401,598],[-631,402],[-16245,6140],[-100,11],[-2438,326],[-129,544],[-129,467],[359,359],[373,282],[415,261],[287,294],[287,304],[387,261],[574,184],[802,305],[474,184],[430,511],[387,500],[559,587],[674,685],[-43,684],[-215,500],[229,816],[29,869],[373,1217],[172,576],[172,1065],[-588,2261],[-817,2554],[-43,913],[272,435],[287,358],[487,131],[402,152],[645,456],[731,196],[445,163],[530,-44],[445,98],[760,207],[559,641],[215,435],[330,413],[387,228],[-187,522],[-401,76],[-559,184],[-244,185],[-229,402],[-617,446],[-588,413],[-559,424],[-860,163],[-344,206],[-473,272],[-15,576],[-874,22],[-545,21],[-445,11],[-631,22],[-817,1185],[-373,-33],[-616,152],[-803,294],[358,858],[-1591,728],[-459,218],[-516,141],[-473,120],[-617,380],[-143,456],[-273,631],[-258,250],[-444,413],[-301,206],[-488,315],[-129,348],[-731,196],[-244,304],[-745,-163],[-660,424],[-330,196],[-373,467],[-616,87],[-244,391],[-487,489],[-488,500],[-301,217],[-545,261],[-616,381],[-387,554],[215,652],[57,576],[-530,435],[-445,543],[-645,239],[-430,565],[-602,446],[-488,424],[-344,630],[-645,283],[-875,195],[-674,261],[-502,218],[-329,239],[-244,532],[-43,533],[-172,424],[-172,380],[-144,359],[-401,500],[-129,402],[-402,467],[-702,391],[-645,120],[-373,511],[-100,402],[-187,598],[-258,489],[-287,478],[-373,304],[-200,522],[-316,511],[-143,380],[-57,511],[57,326],[-344,402],[-215,272],[172,434],[-244,652],[229,446],[-243,772],[-416,1326],[-244,782],[-860,652],[-488,218],[-530,260],[-559,392],[-129,358],[-144,468],[-71,608],[200,587],[172,283],[-444,413],[-746,228],[-430,206],[-287,403],[-157,456],[-129,511],[14,391],[229,359],[244,467],[-186,522],[-531,217],[-301,348],[-645,543],[-201,239],[-1204,1750],[659,609],[259,239],[616,565],[301,272],[1520,1402],[2523,2315],[6022,5531]],[[176858,733414],[86,305],[215,456],[574,641],[1247,805],[818,565],[688,239],[702,261],[431,174],[587,456],[603,424],[415,206],[459,261],[115,348],[545,207],[430,-55],[588,120],[631,-457],[473,-424],[588,229],[573,402],[688,358],[-344,631],[-674,435],[445,369],[602,-206],[459,119],[358,272],[430,326],[416,369],[459,218],[387,163],[617,195],[401,272],[72,348],[72,424],[272,597],[574,55],[530,-359],[588,-282],[416,-424],[-301,-294],[-158,-500],[559,-195],[344,185],[660,336],[430,-402],[-201,-456],[-72,-370],[316,-445],[344,-218],[645,-391],[574,-261],[645,-380],[573,33],[502,-283],[803,11],[373,141],[143,478],[-272,587],[559,239],[143,326],[-430,370],[-43,630],[445,218],[659,239],[445,-120],[559,-239],[860,206],[-287,522],[-272,500],[559,163],[287,467],[444,500],[445,316],[559,76],[832,250],[631,347],[487,-206],[416,-228],[803,-239],[158,315],[186,413],[215,511],[172,358],[-344,413],[-459,-32],[-487,347],[86,402],[530,381],[803,87],[703,43],[487,468],[488,445],[57,620],[-502,141],[-401,120],[-646,-11],[-673,-185],[-889,163],[-459,239],[-301,543],[43,305],[-430,456],[-158,565],[-660,272],[-587,-456],[-832,-66],[-186,446],[272,511],[315,348],[158,576],[-14,369],[-158,424],[-201,304],[-358,326],[-158,261],[-258,467],[-559,272],[-473,141],[-688,403],[-101,358],[-115,511],[244,348],[43,641],[-100,565],[-129,457],[-158,293],[-789,-33],[-501,403],[14,402],[-574,326],[-358,315],[72,532],[-545,533],[-703,250],[-874,-98],[-732,-119],[-630,87],[-459,0],[-789,43],[-602,-130],[-72,-424],[746,-283],[473,-391],[-258,-294],[-459,-282],[215,-544],[72,-543],[-115,-413],[15,-359],[-703,-380],[-488,-163],[-788,87],[-516,-33],[-488,-97],[-731,-87],[-660,-316],[-272,-413],[86,-413],[-588,-239],[-702,-326],[-273,468],[459,456],[244,424],[-574,283],[-760,54],[-530,11],[-430,380],[-402,174],[-243,554],[-431,370],[-673,174],[-302,239],[-86,500],[-57,326],[-330,369],[-200,413],[-287,272],[-43,554],[71,402],[-372,359],[-646,185],[259,467],[-259,424],[-530,239],[-57,489],[-72,381],[-703,206],[-473,120],[-315,532],[-789,54],[-602,-445],[-516,-294],[14,-391],[-516,-326],[-588,76],[-559,196],[-488,-141],[-587,43],[-431,511],[431,380],[501,391],[1119,457],[2409,2380],[372,696],[287,934],[301,359],[531,130],[2523,163],[1362,370],[2653,1391],[1405,587],[344,119],[1506,261],[1290,-11],[875,153],[2681,641],[286,11],[660,-44],[774,-185],[617,44],[645,130],[445,207],[458,348],[1162,1032],[243,217],[545,479],[1190,1162],[861,207],[444,76],[875,152],[516,152],[444,239],[172,283],[187,565],[201,913],[57,272],[444,445],[316,218],[1104,445],[846,468],[330,315],[329,522],[115,467],[287,1021],[86,674],[-15,1326],[0,413],[144,1967]],[[211456,788896],[301,-11],[659,-10],[560,-174],[659,-348],[387,-174],[631,-261],[531,-109],[401,-173],[760,-98],[502,-174],[702,-65],[588,-326],[244,-381],[215,-663],[488,-271],[28,-609],[-100,-533],[-316,-597],[201,-457],[416,-402],[301,-206],[817,-66],[545,207],[803,250],[602,228],[516,33],[388,-533],[716,-43],[674,-131],[373,-228],[545,-22],[860,22],[430,315],[746,0],[617,-163],[487,-87],[258,-413],[-258,-500],[488,-174],[731,-108],[889,-65],[645,195],[516,22],[473,-315],[-401,-576],[-387,-326],[-29,-402],[315,-446],[445,-228],[688,-11],[817,174],[517,-261],[501,-44],[531,66],[588,-207],[659,-130],[387,-22],[431,-380],[415,-163],[316,-370],[487,-467],[617,-489],[330,-239],[587,-239],[588,54],[330,-207],[645,-326],[574,120],[14,587],[-373,271],[316,500],[903,-65],[703,87],[458,-32],[861,-207],[903,-76],[545,-217],[430,-33],[545,-109],[846,-11],[788,163],[502,87],[516,229],[244,239],[516,413],[316,239],[71,413],[43,521],[-14,522],[14,359],[72,456],[272,435],[502,250],[488,54],[502,305],[86,239],[215,674],[86,402],[172,326],[545,239],[3197,869],[2696,837],[1433,228],[1649,131],[1721,119],[2839,207],[172,-11],[5233,-804],[3757,-587],[874,-131],[2036,-652],[2194,-1152],[1133,-924],[2423,-978],[1591,-641],[2954,-1489],[4201,-2304],[2638,-1891],[1434,-1206],[946,-1000],[258,-283],[301,-315],[387,-272],[373,-184],[502,-392],[516,-337],[402,-250],[344,-228],[530,-315],[287,-185],[473,-391],[359,-272],[458,-337],[531,-565],[430,-510],[430,-381],[301,-282],[545,-348],[516,-305],[387,-260],[459,-413],[588,-402],[559,-359],[459,-261],[316,-152],[501,-315],[115,-685],[100,-489],[359,-554],[588,-283],[502,-65],[516,0],[745,185],[889,228],[688,65],[631,-76],[832,-228],[745,-228],[545,-207],[459,-228],[531,-261],[315,-141],[832,-87],[760,174],[673,97],[488,-76],[416,-54],[731,-98],[487,-65],[517,-65],[1132,-163],[230,-44],[1175,-152],[402,-43],[516,-33],[574,33],[731,-142],[874,-228],[631,-217],[287,-152],[459,-261],[659,-391],[732,-153],[459,250],[387,229],[401,260],[545,500],[143,272],[144,391],[243,489],[101,229],[416,891],[2265,5054],[1649,-5348],[1491,-4836],[129,-435],[186,-608],[402,-1283],[301,-1010],[29,-55],[588,-467],[501,-391],[674,-207],[1864,-489],[359,-98],[1204,-315],[43,-11],[1635,-543],[372,-131],[1448,-478],[918,-304],[1878,-663],[416,-141],[1534,-479],[230,-87],[1878,-717],[1663,-641],[2524,-1000],[2882,-1152],[458,-185],[517,-261],[3025,-1532],[387,-206],[2208,-1152],[430,-240],[1835,-1043],[43,-391],[115,-544],[-43,-478],[-57,-402],[-43,-348],[-402,-445],[-172,-424],[0,-511],[-14,-326],[-86,-467],[-143,-435],[-201,-217],[-330,-479],[-201,-315],[-401,-511],[-230,-576],[-157,-521],[-273,-457],[-387,-619],[-129,-272],[57,-467],[717,-250],[560,-76],[645,-76],[831,-76],[473,-33],[646,-54],[860,-120],[903,-141],[1033,-141],[874,-120],[502,-65],[688,-76],[2423,-250],[531,-44],[516,-43],[574,-65],[516,-76],[416,-109],[315,-370],[86,-858],[57,-250],[775,-272],[673,98],[373,22],[631,-44],[588,-195],[703,-403],[702,-554],[645,-326],[430,-293],[287,-294],[445,-358],[487,-424],[588,-22],[330,-54],[631,-196],[430,-43],[645,-55],[731,-174],[717,-304],[803,-33],[459,-369],[-172,-294],[-531,-423],[-243,-566],[57,-369],[-430,-457],[-101,-369],[-272,-489],[-186,-467],[-29,-457],[-273,-446],[402,-239],[602,-141],[416,-282],[387,-283],[4000,-6043],[445,-674],[1935,-2901],[760,-413],[474,-261],[745,-348],[387,-163],[445,-261],[415,-348],[531,-391],[186,-98],[1076,-510],[530,-207],[731,-141],[502,-65],[1276,-87],[660,-55],[817,-130],[918,-196],[645,391],[143,98],[717,250],[746,65],[373,11],[1118,66],[9004,456],[703,33],[5907,293],[72,11],[989,43],[817,-119],[1319,-511],[1434,-304],[29,-22],[2495,-1652],[4918,-3608],[100,-87],[1821,-1261],[2079,-1608],[158,-435],[-173,-380],[-659,-392],[-258,-532],[-72,-500],[273,-457],[430,-97],[1505,-370],[387,-43],[631,173],[789,413],[143,55],[889,250],[875,163],[889,76],[745,11],[559,0],[717,-65],[703,-131],[301,-119],[703,-240],[1046,-673],[947,-620],[673,-511],[1061,-619],[502,-152],[5936,413],[4043,282],[431,152],[401,294],[488,152],[444,293],[129,316],[445,532],[200,402],[101,457],[258,206],[-158,555],[-29,347],[230,468],[286,576],[674,239],[301,-142],[660,153],[287,554],[573,11],[301,239],[488,358],[-43,566],[43,347],[258,424],[-57,424],[-273,272],[-459,250],[-501,369],[-359,598],[29,380],[473,326],[158,348],[200,511],[-358,478],[-660,-76],[-14,544],[473,554],[172,576],[-200,445],[243,316],[-401,391],[0,456],[186,533],[-57,456],[473,522],[401,337],[517,239],[-172,413],[-29,272],[-215,587],[516,489],[459,337],[-172,423],[172,511],[674,87],[415,326],[474,565],[-631,294],[-574,261],[-358,587],[57,391],[-201,511],[-43,663],[0,489],[2725,-87],[4143,87],[2180,521],[3197,761],[1534,359],[2954,1021],[1089,511],[1420,902],[4316,2717],[7441,5304],[2022,1674],[43,43],[4588,4586],[229,-413],[158,-326],[631,-87],[416,-119],[659,-163],[430,-120],[316,-380],[416,-457],[372,-315],[-114,-521],[129,-316],[57,-619],[430,-424],[344,-359],[746,-391],[774,109],[717,-163],[330,65],[803,-185],[-15,-489],[-157,-326],[-187,-521],[459,-272],[846,-65],[444,391],[431,-11],[473,283],[602,119],[645,-65],[746,-44],[358,-586],[29,-403],[674,-413],[745,163],[430,-141],[416,-195],[631,0],[244,-446],[258,-326],[817,-185],[717,-217],[516,-98],[230,-456],[645,-348],[387,-152],[172,-435],[387,-174],[717,-424],[746,22],[286,-294],[344,-228],[115,-435],[29,-586],[-230,-305],[-430,-521],[-28,-468],[215,-532],[-43,-631],[243,-347],[-86,-403],[0,-391],[-458,-228],[-789,-196],[-473,-369],[-502,-554],[-301,-500],[-488,130],[-673,337],[-646,-44],[-329,-369],[-129,-652],[14,-478],[143,-359],[316,-598],[157,-478],[459,-446],[459,-304],[172,-337],[-129,-489],[-616,-293],[200,-348],[631,11],[502,-576],[-258,-359],[172,-402],[573,-152],[416,-207],[559,-239],[746,-108],[287,-598],[344,-500],[559,-315],[402,-98],[587,130],[760,55],[732,-163],[501,-229],[846,109],[688,33],[402,-185],[631,-348],[516,-304],[516,-283],[473,11],[516,-22],[402,-141],[702,-228],[115,-424],[330,-543],[301,-272],[29,-533],[444,-141],[273,-315],[430,-152],[702,32],[359,-184],[0,-685],[373,-500],[458,-65],[631,-174],[545,-250],[760,76],[631,-65],[416,-98],[157,-532],[129,-435],[703,-424],[459,-478],[229,-533],[473,-108],[660,249],[315,87],[545,-315],[215,-304],[531,-163],[330,-239],[544,-174],[703,-250],[559,-217],[516,119],[387,239],[459,228],[473,229],[732,108],[473,-174],[702,55],[545,87],[674,-87],[473,-446],[760,-261],[531,11],[731,-239],[702,424],[646,120],[516,-163],[502,-55],[430,-11],[459,-228],[616,76],[387,98],[24375,-1467]],[[607154,47048],[-115,598],[15,380],[186,674],[229,446],[158,511],[29,532],[0,315],[-301,2402],[-402,1054],[-1677,4391],[-2466,4010],[-3499,6380],[-4402,6119],[-8445,11553],[-1075,1478],[-616,760],[-72,76],[-559,685],[-287,348],[-473,500],[-559,641],[-302,337],[-286,293],[-359,381],[-473,489],[-215,337],[-516,348],[-273,206],[-329,478],[-15,402],[301,555],[115,358],[-72,392],[-358,532],[-358,217],[-431,316],[172,358],[588,381],[-286,293],[-1707,217],[-516,77],[-573,173],[-373,-173],[-172,-435],[-774,98],[-388,337],[115,641],[645,271],[803,229],[430,434],[-401,490],[-602,65],[-502,0],[-760,-11],[-817,109],[-473,-218],[-646,207],[-114,337],[-43,380],[-201,467],[-473,489],[-459,305],[-301,261],[-516,315],[-416,174],[-660,206],[-200,674],[28,445],[-86,555],[-286,532],[-474,196],[-645,65],[-473,22],[-530,54],[-230,565],[43,457],[115,413],[86,608],[43,598],[258,359],[530,358],[775,44],[688,33],[358,630],[-415,196],[-560,271],[-444,185],[-258,250],[301,652],[631,-87],[530,-87],[445,131],[387,369],[-459,467],[-602,283],[-731,293],[-459,142],[-602,21],[-818,33],[-559,-152],[-358,-467],[-774,-326],[-603,434],[-745,272],[-774,185],[-889,21],[-846,-65],[-445,33],[-2824,206],[-1879,142],[-444,163],[-631,206],[-545,33],[-616,32],[-172,392],[-43,423],[-29,327],[14,434],[387,565],[516,381],[416,174],[316,369],[114,576],[502,120],[746,-229],[459,-163],[501,435],[58,489],[14,641],[-344,598],[-344,228],[-430,305],[-43,424],[-15,391],[287,565],[559,98],[545,-44],[373,-76],[617,-21],[444,43],[731,337],[387,261],[660,358],[-545,533],[-530,76],[-15,522],[545,391],[416,120],[516,21],[703,11],[14,685],[-330,282],[-760,598],[-301,217],[-129,566],[502,108],[602,-163],[258,-250],[430,-391],[230,-196],[760,240],[129,413],[14,597],[-201,402],[-487,566],[29,521],[28,413],[-100,631],[100,380],[115,326],[-57,500],[-58,380],[545,402],[631,131],[545,54],[745,-11],[488,0],[373,533],[-388,293],[-860,22],[-330,609],[330,510],[129,424],[-516,533],[-573,-55],[-474,250],[-559,555],[-344,293],[-416,587],[187,337],[645,54],[889,11],[760,-43],[416,-11],[544,119],[889,-65],[445,0],[516,457],[-516,326],[-459,587],[-143,380],[-588,196],[-545,-66],[-215,631],[459,315],[573,33],[344,-142],[316,-391],[760,-152],[401,217],[359,511],[28,456],[144,403],[258,217],[588,196],[602,282],[-29,359],[-659,261],[-646,-348],[-430,-337],[-473,196],[-29,489],[29,337],[0,554],[43,619],[416,250],[344,272],[201,522],[129,402],[129,358],[157,446],[44,315],[-703,185],[-459,-457],[-215,-380],[-215,-315],[-688,-11],[-545,141],[-574,163],[-630,359],[-646,283],[-501,163],[-402,413],[301,576],[-115,456],[-415,174],[-201,489],[387,380],[473,359],[531,359],[329,163],[560,261],[487,173],[617,-21],[631,-272],[430,185],[344,619],[-473,500],[-560,-22],[-602,305],[201,456],[-100,652],[-330,239],[100,576],[488,207],[774,11],[616,-370],[646,-185],[631,11],[903,-21],[745,-44],[230,261],[186,456],[187,370],[645,272],[616,108],[416,218],[602,358],[-43,631],[-602,21],[-516,413],[-215,403],[-473,467],[-158,315],[-272,489],[86,359],[645,119],[760,-206],[-15,-522],[302,-315],[774,22],[344,-446],[530,-152],[402,239],[-101,522],[-143,391],[115,402],[100,391],[445,250],[516,-21],[616,402],[29,380],[-129,424],[-287,293],[-344,261],[-416,315],[-430,479],[-444,195],[-602,250],[-187,609],[373,228],[215,446],[-473,434],[-273,316],[459,402],[402,21],[530,229],[-43,500],[244,358],[430,239],[402,337],[186,272],[201,456],[659,-21],[416,-402],[473,173],[287,381],[158,250],[-144,521],[-215,305],[316,445],[-115,479],[-301,250]],[[856964,292179],[5118,-2228],[4474,-1837],[57,-21],[1190,-348],[7743,-2217],[430,-109],[2151,-500],[114,-33],[2667,-815],[516,-152],[516,-282],[373,-163],[703,-153],[358,-54],[732,-196],[1519,-543],[2036,-717],[3527,-1380],[158,-66],[1993,-739],[1678,-543],[2179,-902],[918,-348],[631,-120],[788,-86],[4287,-1989],[1821,-794],[789,-347],[4731,-2424],[6553,-3315],[329,-163],[2610,-1261],[2265,-1206],[1119,-750],[473,-304],[287,-196],[1677,-1032],[488,-305],[2193,-1249],[3140,-2022],[3054,-1793],[1922,-1315],[3770,-1924],[1277,-761],[1362,-760],[3641,-1750],[875,-413],[3943,-1869],[2782,-1305],[358,-163],[631,-293],[3541,-1130],[531,-142],[889,-21],[717,-109],[631,-120],[917,-21],[588,-33],[746,-152],[516,-33],[401,-54],[645,-174],[803,-217],[689,-87],[2423,-261],[788,-76],[3757,-261],[1778,-250],[1763,-424],[846,-380],[316,-141],[1347,-642],[1649,-847],[2380,-924],[1362,-424],[-14,22],[545,-316],[1061,-2847],[2710,-5651],[272,-522],[1233,-2337],[660,-1358],[401,-815],[2151,-3913],[2294,-4195],[903,-1304],[660,-957],[918,-1749],[143,-468],[129,-467],[-43,-1011],[-86,-543],[-86,-576],[-14,-1033],[-43,-1032],[-58,-1109],[29,-619],[29,-609],[-172,-489],[-717,-956],[-560,-1370],[-100,-391],[-330,-1304],[-329,-1445],[-302,-2044],[-143,-663],[-416,-1141],[-373,-456],[-487,-631],[-531,-673],[-573,-739],[-129,-174],[-588,-696],[-860,-1054],[-301,-620],[-201,-434],[-717,-1098],[-516,-598],[-459,-1293],[-674,-1467],[-2710,-6967],[-329,-554],[-2983,-5021],[-430,-793],[-2523,-4587],[-58,-119],[-989,-1815],[-315,-435],[-947,-989],[-989,-1402],[-989,-1250],[-459,-609],[-359,-478],[-631,-630],[-774,-609],[-473,-554],[-631,-815],[-416,-587],[-372,-532],[-201,-370],[-201,-391],[-1104,-1533],[-831,-1152],[-416,-597],[-387,-457],[-144,-369],[-960,-1587],[-330,-544],[-502,-695],[-1219,-1685],[-43,-54],[-602,-696],[-745,-641],[-302,-261],[-401,-337],[-502,-402],[-158,-304],[-358,-1152],[-57,-109],[-918,-1673],[-746,-1087],[-1462,-1891],[-359,-500],[-401,-554],[-201,-337],[-272,-533],[-158,-337],[-215,-511],[-487,-739],[-158,-369],[-172,-413],[-273,-381],[-301,-293],[-874,-413],[-545,-435],[-273,-347],[-444,-957],[-832,-1076],[-1290,-1467],[-1606,-1674],[-1620,-1956],[-488,-652],[-172,-250],[-1649,-2250],[-1820,-3108],[-1420,-1989],[-344,-467],[-315,-522],[-760,-1239],[-674,-1587],[-817,-1749],[-803,-1424],[-1133,-1750],[-1032,-1554],[-832,-1935],[-244,-586],[-244,-566],[-57,-152],[-502,-1478],[-172,-532],[-2093,-3750],[-258,-326],[-1377,-1782],[-301,-500],[-329,-533],[-101,-163],[-358,-956],[-330,-565],[-459,-272],[-272,-337],[-459,-1054],[-430,-978],[-832,-1989],[-315,-565],[-230,-424],[-358,-880],[-158,-403],[-158,-380],[-501,-1261],[-215,-826],[-144,-510],[-373,-902],[-645,-1153],[-1075,-1641],[-631,-793],[-588,-739],[-516,-1174],[-717,-1565],[-473,-924],[-760,-1510],[-72,-152],[-1132,-2076],[-431,-707],[-157,-260],[-1104,-1870],[-732,-1565],[-315,-967],[-86,-250],[-401,-837],[-1018,-2119],[-1320,-2532],[-745,-1468],[-201,-836],[-14,-816],[-430,-1619],[-818,-1793],[-688,-1663],[-244,-565],[-530,-1207],[-57,-206],[-287,-1043],[-445,-2304],[-372,-1794],[-287,-717],[-774,-1924],[-603,-2086],[-172,-1315],[-14,-98],[-129,-2435],[-129,-1054],[-100,-913],[86,-1043],[-129,-1402],[-87,-891],[-329,-1033],[-101,-424],[-473,-2043],[-129,-804],[-229,-728],[-287,-881],[-574,-2141],[-157,-1641],[-115,-1086],[-14,-902],[-215,-696],[-172,-554],[-201,-1837],[29,-1467],[0,-272],[186,-489],[215,-587],[602,-1565],[588,-1250],[1333,-2141],[1377,-1826],[-6395,-6423],[-201,-152],[-1878,-924],[-444,-217],[-660,-196],[-674,-195],[-1448,-120],[-702,-65],[-517,22],[-1089,21],[-12360,1337],[-544,98],[-11743,1956],[-5520,815],[-5979,892],[-3599,413],[-1276,152],[-2122,250],[-645,65],[-2925,348],[-1233,108],[-10553,935],[-8617,1141],[-115,11],[-2423,294],[-9377,1152],[-774,97],[-9535,1718],[-5262,1249],[-1878,576],[-2681,826],[-7671,2533],[-1405,478],[-5707,1945],[-1132,381],[-5865,2206],[-1462,543],[-746,283],[-114,43],[-7528,2522],[-9133,4260],[-7198,2902],[-9061,2097],[-1477,66],[-1706,97],[-1563,-54],[-287,-11],[-5047,-717],[-4215,-957],[-1248,-239],[-674,-130],[-3555,-1011],[-2653,-761],[-3369,-641],[-1563,-108],[-3785,-250],[-3958,576],[-3828,1402],[-4129,2119],[-574,315],[-1849,1000],[-2997,2239],[-1677,1065],[-732,467],[-717,272],[-1591,326],[-1133,22],[-1520,-142],[-1190,-369],[-1190,-500],[-1104,-837],[-932,-3195],[-387,-2163],[0,-22],[-229,-2749],[-86,-685],[-101,-674],[-129,-456],[-731,-2652],[-1305,-2141],[-1591,-1652],[-1807,-1772],[-989,-608],[-1290,-424],[-1262,-196],[-187,0],[-1304,55],[-861,119],[-616,174],[-574,424],[-774,978],[-129,174],[-1118,2021],[-158,250],[-703,750],[-243,218],[-904,478],[-315,119],[-774,240],[-187,43],[-2050,402],[-358,33],[-660,32],[-731,-174],[-817,-684],[-502,-555],[-115,-173],[-215,-533],[-57,-239],[71,-859],[43,-184],[187,-489],[444,-772],[359,-717],[200,-696],[15,-43],[229,-794],[14,-163],[-43,-717],[-57,-141],[-358,-544],[-674,-761],[-574,-630],[-215,-217],[-1133,-989],[-430,-283],[-401,-228],[-961,-489],[-874,-348],[-330,-109],[-631,-119],[-531,11],[-415,337],[-187,641],[-215,598],[-143,282],[-287,446],[-530,663],[-474,532],[-329,402],[-474,652],[-243,326],[-674,457],[-2022,467],[-774,305],[-215,434],[57,1141],[-43,457],[-201,326],[-702,174],[-531,-141],[-659,-174],[-645,-33],[-545,22],[-961,87],[-487,65],[-717,141],[-516,359],[-86,337],[-15,576],[-28,358],[-101,392],[-272,424],[-301,271],[-732,152],[-372,-141],[-430,-282],[-545,-316],[-416,-43],[-588,98],[-660,434],[-974,783],[-545,326],[-760,217],[-746,-119],[-502,-196],[-501,-250],[-689,-304],[-645,-239],[-545,-109],[-731,-32],[-358,21],[-588,76],[-645,185],[-388,196],[-444,239],[-359,391],[-43,674],[201,554],[215,544],[72,228],[172,587],[129,511],[100,489],[187,1010],[287,1326],[43,163],[301,1685],[114,456],[101,315],[157,544],[86,522],[0,358],[-114,391],[-459,511],[-330,250],[-545,152],[-444,-326],[-230,-326],[-716,-348],[-560,-43],[-688,22],[-731,21],[-789,33],[-501,-33],[-689,-173],[-444,-153],[-574,-228],[-401,-98],[-574,-43],[-387,109],[-459,217],[-817,261],[-487,87],[-674,-185],[-602,-435],[-431,-424],[-415,-521],[-402,-565],[-186,-283],[-488,-283],[-803,109],[-659,174],[-617,293],[29,631],[373,521],[114,490],[-71,434],[-129,359],[-187,359],[-487,880],[-344,837],[-158,641],[-57,565],[-15,435],[-71,1847],[-72,729],[-14,423],[14,544],[72,326],[143,511],[158,489],[358,1174],[29,86],[287,892],[172,467],[100,478]],[[607154,47048],[-72,359],[-401,424],[-359,195],[-559,218],[-588,87],[-387,10],[-602,55],[-430,87],[-645,239],[-359,228],[-358,391],[-588,402],[-545,109],[-688,-11],[-846,-239],[-502,-358],[-215,-381],[129,-565],[29,-652],[-631,-489],[-574,-98],[-501,-33],[-861,-54],[-702,33],[-861,141],[-501,120],[-775,228],[-616,250],[-516,130],[-588,54],[-416,-10],[-545,-207],[-201,-576],[43,-532],[72,-489],[72,-685],[-14,-402],[-58,-326],[-258,-326],[-330,-218],[-530,-271],[-488,-196],[-444,-467],[-14,-685],[-43,-370],[-617,-423],[-789,217],[-387,239],[-874,663],[-789,565],[-545,315],[-459,207],[-544,239],[-287,141],[-502,315],[-631,500],[-530,468],[-545,597],[-230,337],[-387,381],[-1046,902],[-373,315],[-402,239],[-430,54],[-760,-65],[-559,-54],[-1004,-33],[-975,22],[-1089,22],[-803,76],[-703,119],[-645,163],[-817,261],[-674,207],[-717,217],[-803,293],[-545,250],[-803,44],[-602,-163],[-674,-381],[-846,-423],[-573,-326],[-316,-370],[201,-609],[301,-456],[301,-380],[273,-261],[444,-239],[860,-120],[1291,0],[1090,0],[889,-141],[358,-533],[43,-587],[0,-510],[-143,-620],[-431,-587],[-616,-445],[-545,-207],[-803,-152],[-530,-22],[-488,-43],[-860,-174],[-459,-65],[-487,-11],[-588,87],[-473,195],[-531,479],[-143,510],[-129,609],[-158,359],[-402,337],[-344,184],[-616,196],[-430,76],[-545,-22],[-645,-185],[-846,-108],[-473,22],[-717,119],[-717,163],[-516,217],[-330,207],[-688,413],[-703,293],[-545,250],[-516,261],[-430,250],[-359,261],[-544,435],[-617,478],[-358,337],[-330,467],[-201,337],[-358,315],[-674,185],[-459,54],[-760,-76],[-745,-163],[-287,-87],[-574,-195],[-516,-142],[-559,-195],[-645,-228],[-445,-120],[-731,-43],[-344,217],[-531,500],[-616,608],[-230,272],[-430,587],[-745,1141],[-531,739],[-487,772],[-273,424],[-372,467],[-445,348],[-746,315],[-587,152],[-459,98],[-703,76],[-444,0],[-717,-11],[-416,44],[-315,554],[186,369],[445,479],[530,467],[330,511],[-430,467],[-488,152],[-631,163],[-344,272],[-258,446],[-358,619],[-258,315],[-316,326],[-330,261],[-415,337],[-517,424],[-243,402],[-359,456],[-344,337],[-358,305],[-588,293],[-631,272],[-602,217],[-631,185],[-631,43],[-502,-217],[-301,-217],[-287,-402],[0,-403],[129,-413],[158,-554],[115,-380],[71,-348],[58,-413],[-258,-652],[-330,-283],[-330,-380],[129,-674],[674,-456],[359,-446],[286,-500],[58,-619],[-244,-381],[-373,-402],[-272,-337],[-732,-1043],[-1032,-1576],[-1305,-2065],[-243,-380],[-474,-544],[-544,-282],[-430,-65],[-832,54],[-516,54],[-660,55],[-530,21],[-818,55],[-530,141],[-559,402],[-316,261],[-415,359],[-287,293],[-273,369],[-243,533],[-144,565],[-86,696],[-100,587],[-15,239],[-57,532],[-43,359],[-86,369],[-416,424],[-545,109],[-716,33],[-703,-11],[-387,0],[-688,152],[-502,206],[-445,239],[-301,576],[86,316],[187,358],[372,652],[330,609],[387,869],[244,631],[29,489],[-86,456],[-301,620],[-359,413],[-301,261],[-416,358],[-659,413],[-617,250],[-817,239],[-817,163],[-473,239],[14,642],[258,250],[602,423],[531,316],[588,326],[401,195],[674,239],[473,142],[1118,358],[258,98],[560,283],[559,282],[502,489],[28,435],[-114,283],[-330,413],[-430,489],[-387,369],[-531,457],[-459,261],[-387,163],[-674,184],[-502,33],[-573,-131],[-860,-195],[-646,-11],[-788,206],[-344,316],[-330,587],[-287,467],[-401,228],[-617,131],[-731,54],[-703,54],[-415,65],[-603,174],[-759,207],[-402,141],[-516,239],[-273,489],[-14,457],[-115,402],[-243,424],[-387,326],[-660,478],[-344,304],[-287,478],[-57,370],[-15,380],[-286,587],[-588,239],[-416,-87],[-545,-141],[-516,-119],[-703,97],[-243,218],[-344,413],[-344,347],[-474,381],[-387,206],[-731,261],[-530,76],[-861,-184],[-559,-370],[-344,-272],[-860,152],[-359,294],[-143,337],[201,500],[645,369],[387,131],[659,184],[717,174],[717,185],[660,141],[1061,207],[760,130],[889,65],[731,22],[702,11],[1047,-11],[889,-54],[617,-22],[803,22],[473,141],[473,457],[86,434],[-43,348],[-244,413],[-272,326],[-230,337],[-258,598],[-229,1174],[-172,771],[-101,555],[-143,489],[-129,358],[-158,359],[-358,478],[-330,315],[-416,359],[-588,282],[-444,87],[-674,22],[-674,-109],[-387,-130],[-459,-239],[-688,-380],[-488,-250],[-516,-240],[-358,-141],[-660,-217],[-444,-22],[-588,109],[-774,87],[-531,-22],[-373,-43],[-573,-185],[-545,-348],[-229,-261],[-373,-413],[-502,-141],[-502,174],[-444,369],[-316,424],[-344,304],[-760,337],[-416,87],[-616,98],[-617,131],[-903,228],[-616,98],[-345,32],[-559,-163],[-329,-250],[-588,-337],[-301,-87],[-703,392],[14,434],[244,457],[244,380],[172,315],[158,663],[71,348],[215,598],[230,348],[373,326],[329,206],[574,196],[846,163],[731,98],[559,76],[817,184],[531,261],[229,261],[29,457],[-258,456],[-387,272],[-402,87],[-602,43],[-631,33],[-430,206],[-28,489],[387,392],[329,206],[502,250],[531,272],[358,195],[416,207],[674,304],[459,207],[760,315],[544,195],[803,283],[344,152],[574,294],[487,239],[316,163],[373,413],[172,402],[71,402],[0,359],[-143,434],[-774,348],[-430,-32],[-818,-142],[-516,-21],[-516,-11],[-846,43],[-444,54],[-775,120],[-831,120],[-860,163],[-760,130],[-746,109],[-444,65],[-889,130],[-545,109],[-430,109],[-646,184],[-573,229],[-488,250],[-602,347],[-588,250],[-602,98],[-502,-22],[-573,-163],[-674,-380],[-416,-380],[-287,-348],[-200,-326],[-402,-500],[-616,-217],[-488,76],[-702,402],[-316,380],[-416,457],[-573,413],[-430,304],[-387,261],[-330,478],[330,435],[387,619],[-244,359],[-660,369],[-473,152],[-444,131],[-488,163],[-659,304],[-445,446],[-172,434],[-43,511],[15,446],[-58,272],[-243,445],[-273,337],[-502,391],[-545,131],[-401,11],[-531,-11],[-645,11],[-559,32],[-588,87],[-430,98],[-846,239],[-330,98],[-516,217],[-545,305],[-272,217],[-330,402],[-143,413],[-15,413],[0,522],[-28,391],[-101,598],[-57,337],[-86,402],[-201,598],[230,412],[530,316],[488,152],[430,174],[387,195],[674,294],[502,141],[559,120],[530,54],[746,22],[602,-98],[903,22],[545,217],[588,369],[258,305],[86,435],[-215,521],[-287,424],[-602,478],[-874,22],[-646,-43],[-415,32],[-545,109],[-531,152],[-717,196],[-717,217],[-774,283],[-530,173],[-488,120],[-530,98],[-832,-163],[-387,-196],[-516,-282],[-602,-305],[-388,-206],[-473,-326],[-530,-478],[-273,-294],[-372,-293],[-459,-272],[-473,-272],[-717,-152],[-488,239],[-200,337],[-115,511],[-201,380],[-530,272],[-818,293],[-473,87],[-530,-97],[-373,-153],[-746,-228],[-846,-174],[-587,-11],[-803,-65],[-445,-65],[-573,-11],[-373,22],[-617,98],[-688,424],[-72,293],[201,532],[344,663],[144,457],[-43,380],[-144,489],[29,392],[315,510],[560,55],[673,11],[574,54],[401,33],[646,87],[788,173],[645,-21],[373,174],[445,423],[344,370],[200,293],[244,522],[86,500],[72,272],[158,510],[57,305],[-373,326],[-516,239],[-502,152],[-846,0],[-430,-196],[-373,-260],[-344,-283],[-430,-348],[-674,-424],[-502,-228],[-344,-141],[-573,-239],[-717,152],[-602,239],[-430,54],[-789,-65],[-875,-163],[-803,-141],[-659,-141],[-602,-76],[-732,21],[-444,131],[-244,337],[187,423],[444,424],[43,381],[-172,315],[-545,239],[-344,-120],[-487,-315],[-588,-293],[-373,-131],[-545,-184],[-645,-66],[-660,55],[-573,130],[-588,207],[-416,141],[-688,261],[-574,217],[-845,359],[-732,282],[-688,283],[-559,196],[-717,217],[-688,109],[-502,76],[-488,97],[-630,207],[-631,293],[-373,163],[-473,109],[-602,33],[-603,0],[-702,-65],[-660,-392],[-473,-271],[-473,-240],[-444,-152],[-517,-108],[-415,-44],[-517,-22],[-501,11],[-760,152],[-517,120],[-630,109],[-617,87],[-731,87],[-602,32],[-703,33],[-659,11],[-517,0],[-573,-33],[-402,-54],[-645,-120],[-459,-98],[-544,-141],[-646,-141],[-702,-142],[-559,-76],[-574,-108],[-473,-152],[-545,-185],[-387,-120],[-588,-152],[-717,-174],[-530,-98],[-861,87],[-516,283],[-831,272],[-416,87],[-588,141],[-502,119],[-674,240],[-459,260],[-358,272],[-459,391],[-344,239],[-330,229],[-631,260],[-430,-21],[-487,-446],[-244,-195],[-702,-272],[-488,-33],[-559,228],[-445,424],[-315,272],[-459,304],[-401,163],[-488,76],[-588,0],[-444,-21],[-645,-131],[-631,-326],[-187,-326],[15,-511],[243,-326],[244,-293],[387,-544],[373,-510],[101,-392],[-58,-423],[-430,-163],[-774,-87],[-502,76],[-703,174],[-616,10],[-803,-32],[-602,54],[-760,163],[-502,65],[-516,66],[-746,76],[-358,-337],[28,-555],[416,-423],[402,-163],[502,-403],[100,-586],[-215,-468],[-230,-206],[-573,-163],[-402,-65],[-587,-207],[-316,-185],[-186,-456],[401,-500],[316,-315],[372,-478],[230,-555],[14,-478],[15,-293],[-101,-598],[-258,-391],[-459,-403],[-415,-239],[-431,-250],[-372,-260],[114,-642],[502,-445],[330,-250],[430,-337],[229,-239],[330,-576],[172,-533],[58,-413],[28,-326],[-57,-424],[-100,-402],[-129,-271],[-431,-479],[-372,-217],[-502,-65],[-459,217],[-402,609],[-387,500],[-315,261],[-602,184],[-516,229],[-459,412],[-172,392],[-144,663],[-616,424],[-631,0],[-531,-55],[-731,-195],[-373,-218],[-272,-434],[43,-577],[172,-347],[287,-381],[487,-380],[488,-348],[631,-456],[286,-229],[201,-391],[258,-565],[230,-511],[-402,-391],[-401,-65],[-660,130],[-430,218],[-559,250],[-803,195],[-602,-54],[-330,-163],[-186,-435],[143,-663],[-100,-435],[-416,-445],[-258,-315],[-674,76],[-631,358],[-430,229],[-703,380],[-229,293],[-144,489],[29,403],[430,239],[459,228],[244,511],[-488,565],[-645,196],[-344,239],[-473,260],[-731,250],[-574,131],[-473,130],[-674,207],[-301,54],[-631,-65],[-745,239],[-488,76],[-344,239],[-602,174],[-861,-11],[-716,-22],[-588,-195],[-373,-207],[-531,-369],[-630,-348],[-230,-380],[29,-446],[229,-554],[416,-250],[817,-98],[387,-326],[101,-630],[-316,-413],[-458,-576],[-316,-620],[-473,-532],[-502,-261],[-344,-185],[-889,87],[-229,446],[-29,434],[-272,641],[-287,392],[-746,391],[-674,43],[-430,-54],[-573,-98],[-359,-130],[-416,-250],[-430,-228],[-874,-44],[-387,33],[-603,-76],[-315,-109],[-703,-348],[-129,-489],[488,-456],[387,-163],[559,-315],[445,-348],[215,-478],[-244,-424],[-574,-348],[-802,-196],[-517,-43],[-717,272],[-516,163],[-444,-142],[-459,-261],[-215,-228],[-344,-445],[-359,-272],[-372,-239],[-574,-435],[-301,-435],[301,-576],[459,-174],[459,-10],[487,-55],[502,-119],[401,-174],[474,-294],[157,-260],[-200,-446],[-431,-163],[-630,-22],[-588,33],[-387,-98],[-846,-141],[-674,-11],[-373,119],[-545,229],[-401,21],[-645,-76],[-803,-217],[-330,-446],[-158,-663],[-301,-576],[-172,-663],[-244,-500],[-315,-630],[-746,-359],[-760,-141],[-573,-76],[-445,-65],[-616,-76],[-516,-22],[-875,120],[-903,-33],[-617,-174],[-631,-196],[-659,-445],[-430,-272],[-402,-217],[-502,-174],[-502,-207],[-688,-413],[-172,-293],[-14,-467],[29,-370],[100,-511],[100,-413],[-172,-358],[-315,-305],[-574,-152],[-674,76],[-602,174],[-373,142],[-387,293],[-272,337],[-574,261],[-458,43],[-531,-130],[-645,32],[-559,87],[-689,22],[-501,-11],[-588,-391],[-760,-196],[-645,76],[-846,76],[-818,120],[-530,98],[-789,315],[-559,511],[-358,358],[-531,272],[-473,76],[-530,-32],[-660,-174],[-631,-142],[-889,-32],[-602,-65],[-717,-109],[-373,-120],[-545,-217],[-473,-228],[-487,-522],[-158,-315],[-301,-543],[-301,-337],[-373,-131],[-502,-98],[-774,-87],[-832,33],[-688,33],[-545,0],[-401,21],[-731,-54],[-445,-109],[-516,-184],[-602,-424],[-502,-391],[-717,-22],[-545,108],[-444,131],[-688,217],[-775,131],[-501,21],[-689,-21],[-860,-55],[-674,-87],[-430,-97],[-602,-218],[-373,-239],[-416,-282],[-315,-218],[-416,-315],[-574,-402],[-473,-76],[-588,206],[-573,435],[-387,283],[-588,500],[-287,380],[-287,652],[-229,565],[-387,587],[-359,337],[-559,391],[-186,391],[258,468],[258,261],[244,336],[100,587],[-72,522],[-172,641],[-86,609],[-28,543],[-215,446],[-287,206],[-186,479],[-144,315],[-373,500],[-430,282],[-788,283],[-488,98],[-602,174],[-330,184],[-387,272],[-315,304],[-258,381],[-388,500],[-200,358],[-144,392],[-344,467],[-344,424],[-416,456],[-444,250],[-287,174],[-602,239],[-889,-98],[-574,-261],[-487,-576],[-301,-608],[-201,-337],[-473,-402],[-631,-294],[-315,-195],[-445,-326],[-215,-239],[-229,-413],[-129,-392],[-101,-380],[-272,-641],[-416,-402],[-574,-402],[-301,-164],[-587,-358],[-531,-370],[-330,-217],[-559,-163],[-875,33],[-573,-55],[-703,-293],[-487,-250],[-574,-65],[-516,119],[-573,250],[-689,348],[-473,239],[-401,185],[-660,293],[-631,218],[-458,97],[-474,76],[-716,66],[-502,315],[86,402],[559,478],[344,163],[402,304],[229,305],[172,521],[143,609],[-86,478],[-516,402],[-444,316],[-488,76],[-774,-174],[-545,-163],[-674,-218],[-803,-152],[-702,109],[-359,196],[-559,402],[-387,293],[-401,163],[-732,131],[-473,65],[-745,-185],[-345,-109],[-587,-21],[-474,21],[-630,87],[-517,87],[-817,196],[-659,98],[-459,195],[-359,283],[-530,206],[-731,-152],[-674,-109],[-430,283],[-359,402],[-158,218],[-43,521],[144,315],[459,511],[458,468],[259,293],[114,413],[-57,369],[-172,522],[-172,674],[-101,522],[-100,239],[-315,532],[-187,370],[-172,456],[-115,424],[-86,685],[-172,456],[-301,500],[-114,348],[-402,467],[-616,261],[-488,98],[-717,76],[-645,33],[-774,65],[-473,43],[-674,33],[-330,-163],[-488,-304],[-501,-305],[-517,-228],[-487,-120],[-760,98],[-416,174],[-774,239],[-516,109],[-459,120],[-617,-11],[-401,-109],[-502,-174],[-358,-109],[-545,-130],[-645,-163],[-416,0],[-703,196],[-559,108],[-774,55],[-430,-76],[-559,-55],[-617,0],[-416,-108],[-545,-272],[-301,-315],[58,-402],[129,-294],[200,-435],[302,-467],[129,-391],[100,-489],[115,-413],[215,-413],[-359,-522],[-358,-272],[-746,-65],[-502,65],[-501,87],[-789,185],[-645,174],[-430,163],[-416,163],[-531,272],[-329,217],[-187,543],[215,413],[158,490],[-14,380],[-101,543],[-129,294],[-803,304],[-588,-152],[-630,-435],[-588,-206],[-574,-163],[-344,-109],[-502,-174],[-516,-163],[-473,-141],[-215,-33],[-1004,-130],[-874,-152],[-617,-109],[-430,-11],[-502,44],[-645,195],[-430,207],[-488,358],[-430,457],[-244,293],[-286,370],[-402,543],[-330,467],[-387,533],[-186,413],[-359,380],[-372,131],[-545,-33],[-574,-54],[-631,87],[-559,271],[-344,261],[-631,348],[-473,65],[-645,-65],[-430,-98],[-746,-206],[-502,-185],[-415,-196],[-445,-282],[-444,-565],[-172,-261],[-531,-413],[-530,-250],[-416,-152],[-674,-174],[-617,-207],[-659,294],[-287,315],[-258,391],[-258,500],[-373,500],[-186,283],[-215,369],[-330,522],[-301,435],[-416,293],[-688,380],[-373,381],[-172,239],[-387,445],[-316,305],[-372,391],[-517,446],[-329,282],[-316,337],[-272,315],[-244,315],[-330,457],[-258,359],[-416,391],[-530,32],[-545,-173],[-373,-153],[-530,-217],[-588,-196],[-488,-163],[-788,-54],[-531,87],[-602,-65],[-430,-348],[-373,-402],[-774,-87],[-430,43],[-574,142],[-329,369],[-244,272],[-244,598],[143,543],[129,294],[101,434],[0,522],[-15,337],[0,500],[-71,337],[-72,532],[-545,174],[-745,-98],[-516,-76],[-388,370],[-243,228],[-316,402],[-745,380],[-29,598],[287,631],[-373,499],[-416,261],[-330,185],[-630,250],[-545,109],[-789,76],[-401,65],[-703,141],[-459,66],[-473,21],[-588,33],[-545,119],[-731,403],[-315,249],[-832,718],[-487,326],[-646,32],[-817,-97],[-559,-142],[-444,-163],[-488,-271],[-315,-131],[-560,-87],[-473,-21],[-545,-11],[-415,11],[-560,-55],[-716,-217],[-388,-294],[-14,-641],[201,-435],[-29,-358],[-72,-381],[-100,-347],[-158,-522],[-143,-457],[-143,-423],[-215,-392],[-373,-184],[-688,-142],[-416,-54],[-732,-43],[-860,-33],[-688,-348],[-401,-326],[-302,-337],[-186,-543],[72,-370],[172,-402],[172,-424],[172,-521],[115,-392],[114,-293],[215,-435],[230,-326],[473,-445],[129,-446],[-330,-533],[-129,-652],[215,-315],[588,-54],[746,-185],[301,-272],[272,-282],[359,-500],[157,-511],[-28,-326],[-631,-348],[-602,-141],[-789,-174],[-516,-120],[-746,-152],[-473,66],[-817,206],[-545,109],[-760,32],[-616,98],[-775,250],[-530,174],[-473,152],[-674,228],[-731,272],[-689,228],[-430,120],[-731,185],[-430,65],[-588,65],[-387,22],[-889,32],[-631,44],[-774,54],[-531,11],[-688,0],[-903,130],[-817,250],[-617,153],[-330,87],[-516,195],[-487,370],[-43,358],[-316,435],[-172,207],[-545,271],[-315,587],[-101,435],[-258,369],[-444,305],[-459,250],[-444,184],[-689,240],[-286,76],[-717,271],[-603,152],[-860,-152],[-502,-271],[-487,-283],[-559,-326],[-459,-304],[-588,-381],[-530,-304],[-459,-228],[-416,-196],[-416,-174],[-616,-261],[-746,-369],[-416,-217],[-473,-218],[-717,-337],[-1018,-413],[-860,-239],[-488,-54],[-444,-33],[-832,22],[-530,54],[-674,152],[-731,-21],[-574,-218],[-831,-141],[-517,239],[-544,424],[-316,413],[-86,283],[-158,434],[-143,370],[14,445],[-28,489],[-101,250],[-43,511],[72,326],[-617,446],[-702,65],[115,652],[129,413],[-201,620],[-29,565],[-57,358],[-287,511],[-315,511],[-516,130],[-445,261],[-631,174],[-831,228],[-717,283],[-244,109],[-559,304],[-875,576],[-358,250],[-387,532],[-287,892],[-445,369],[-717,283],[-831,239],[-731,217],[-732,305],[-2408,1021],[-2897,1228],[-516,196],[-3011,1098],[-401,141],[-846,228],[-2079,359],[-946,250],[-918,293],[-674,261],[-717,315],[-774,359],[-1420,891],[-989,761],[-387,424],[-215,271],[-387,642],[-445,956],[-372,1043],[-316,1217],[-674,3685],[-358,1967],[-287,1011],[-301,760],[-230,457],[-200,282],[-2481,2250],[-1032,1185],[-860,1217],[-172,228],[-2825,3826],[-1620,2380],[-29,65],[-2509,5434],[-100,228],[-775,1283],[-659,815],[-545,663],[-2136,2337],[-1133,1402],[-559,967],[-115,293],[-459,1337],[-1319,3565],[-244,663],[-229,543],[-975,1620],[-674,869],[-1089,1174],[-388,576],[-243,402],[-144,337],[-114,391],[-215,1511],[659,141],[416,402],[401,272],[402,152],[559,217],[315,250],[1362,1120],[1320,1076],[1605,923],[2280,1076],[2710,848],[1907,598],[287,87],[1677,554],[215,380],[646,337],[630,11],[746,98],[459,87],[645,0],[244,239],[459,250],[501,250],[201,326],[115,380],[588,196],[401,-22],[574,163],[817,-173],[674,195],[1333,761],[731,413],[316,250],[301,282],[57,392],[459,184],[703,403],[459,413],[430,21],[530,457],[617,445],[373,44],[458,358],[115,533],[645,0],[402,-65],[530,-22],[674,-174],[559,-108],[688,-11],[603,195],[903,65],[559,66],[746,76],[588,76],[372,-33],[646,-65],[673,76],[517,272],[415,163],[517,-22],[516,76],[831,826],[488,87],[516,-326],[115,-456],[372,-544],[345,-445],[430,-142],[674,22],[1562,-717],[1104,-424],[373,-120],[-114,-337],[43,-413],[329,-260],[402,-337],[745,-120],[674,-206],[889,-479],[531,44],[416,87],[659,-196],[574,0],[860,-98],[731,55],[301,369],[803,44],[803,239],[86,293],[545,392],[373,-77],[545,-43],[286,478],[359,283],[344,445],[344,272],[774,-119],[488,-87],[817,-250],[430,478],[57,500],[689,-33],[731,196],[674,434],[487,250],[803,261],[731,163],[459,576],[86,370],[-172,467],[244,533],[100,641],[-301,250],[-157,543],[71,424],[359,620],[588,97],[186,305],[287,434],[372,457],[-28,304],[28,391],[431,250],[630,-293],[861,11],[616,109],[459,130],[731,206],[832,153],[387,282],[660,413],[487,55],[430,402],[430,184],[359,218],[344,402],[573,130],[517,-87],[803,76],[716,109],[861,152],[616,359],[502,-261],[860,22],[904,-76],[473,174],[401,87],[488,358],[430,359],[659,228],[115,446],[186,282],[-57,435],[-129,598],[703,424],[272,391],[473,456],[416,261],[229,402],[273,196],[57,619],[330,316],[688,43],[559,185],[258,304],[201,663],[2939,870],[5234,1445],[1849,478],[172,55],[1965,543],[1649,641],[3426,1533],[4058,1662],[3943,1674],[4502,1956],[1420,555],[688,195],[1849,348],[2380,522],[7098,1478],[229,32],[688,109],[1778,293],[445,164],[487,467],[287,293],[2122,2076],[330,239],[1735,1087],[0,11],[3971,2586],[760,555],[3914,3249],[11930,9173],[1018,772],[2265,1239],[-201,630],[373,391],[129,305],[287,597],[143,424],[301,554],[230,533],[516,206],[774,-43],[459,152],[889,-109],[459,381],[-72,315],[401,337],[502,532],[287,403],[445,326],[501,293],[344,131],[115,499],[0,403],[172,326],[-114,467],[86,250],[100,630],[530,250],[431,294],[444,554],[358,239],[617,326],[516,109],[316,608],[516,250],[487,66],[660,336],[373,-336],[458,-370],[488,120],[602,-326],[115,-598],[315,-620],[889,-76],[473,261],[287,239],[316,391],[114,359],[-57,478],[-445,511],[-272,413],[-832,109],[-315,565],[100,369],[29,631],[-100,597],[-115,490],[-201,347],[-444,250],[-430,196],[-832,315],[-516,359],[28,434],[130,544],[-101,467],[-258,511],[-301,533],[-488,195],[-745,-98],[-502,-54],[-659,11],[-29,500],[129,532],[-402,446],[-186,326],[-502,380],[-817,163],[-617,120],[-258,217],[-846,163],[-186,-489],[416,-521],[373,-294],[-101,-576],[-631,-65],[-559,-65],[-487,-370],[-746,-261],[-502,87],[-444,207],[-488,-348],[-745,-43],[-875,195],[-645,294],[-373,521],[-502,163],[-358,109],[-731,-76],[-474,33],[-415,260],[358,566],[531,521],[-445,424],[-1247,207],[-688,250],[-502,358],[-645,87],[-502,-228],[-459,-174],[-545,359],[-631,402],[-258,-641],[-903,0],[-631,10],[-459,-65],[-803,-32],[-487,184],[-430,33],[-875,43],[-502,446],[100,446],[58,347],[-402,337],[-860,-195],[-745,380],[-689,-65],[-14,-554],[-602,-359],[-674,315],[-57,446],[-58,663],[-444,380],[-1004,44],[-674,-163],[-645,304],[-229,608],[-660,142],[201,467],[186,402],[-918,44],[-401,184],[-244,544],[172,532],[-688,294],[-258,-87],[-889,109],[-688,130],[-416,-261],[-616,207],[-832,195],[-301,163],[-330,359],[-344,511],[-244,315],[15,413],[-101,641],[-143,565],[344,326],[100,468],[316,467],[602,337],[-129,456],[-631,359],[-631,315],[-688,217],[-445,142],[-387,185],[-286,641],[-402,532],[-373,261],[287,544],[-287,630],[-745,337],[-115,543],[-29,500],[-86,989],[-172,457],[-186,402],[-688,228],[-560,-457],[-516,98],[-559,305],[-301,619],[-14,337],[-201,543],[487,294],[459,-109],[344,641],[-573,370],[-430,565],[-387,293],[-316,544],[-172,543],[531,315],[-746,370],[-545,-65],[-631,130],[-415,131],[-517,130],[-616,120],[-316,65],[-587,-131],[-617,-130],[-559,369],[-430,120],[-602,98],[-703,424],[-588,-66],[-745,-195],[-488,217],[-358,239],[-502,565],[-187,424],[-272,435],[-660,304],[-602,337],[-774,196],[-875,119],[-846,44],[-487,478],[100,359],[-545,261],[-846,195],[-516,44],[-559,76],[-588,108],[-559,77],[-731,-207],[-588,-413],[-573,-76],[286,500],[158,369],[-100,370],[-273,283],[-602,-22],[-86,619],[717,152],[72,642],[-502,391],[-861,11],[-430,500],[-458,206],[-746,272],[-617,-217],[-229,543],[-229,228],[-703,402],[-459,359],[-831,228],[-330,424],[330,283],[-72,608],[201,620],[200,434],[-717,153],[-229,402],[158,597],[616,87],[631,153],[86,423],[58,457],[-302,304],[-86,467],[173,403],[186,250],[358,793],[58,369],[157,500],[-28,326],[-115,435],[-688,55],[-473,-153],[-603,-163],[-530,294],[-531,402],[416,348],[359,282],[717,131],[415,576],[488,369],[330,457],[172,489],[745,98],[631,239],[129,652],[473,554],[689,739],[258,185],[315,402],[-387,413],[387,326],[430,359],[-86,445],[-157,239],[-574,272],[-201,315],[-114,381],[-216,456],[-344,511],[-501,326],[-373,598],[-488,369],[-473,174],[-502,-76],[-817,-76],[-373,424],[301,511],[-57,293],[-387,456],[-459,250],[-473,218],[-445,337],[-344,130],[359,620],[344,293],[-201,489],[-129,630],[344,196],[244,413],[129,630],[-444,479],[-488,206],[-588,228],[-72,468],[-458,260],[-674,316],[373,554],[745,217],[344,424],[-172,641],[-330,424],[-258,218],[-243,423],[-215,490],[71,347],[359,370],[-15,326],[72,380],[-358,511],[71,391],[-258,489],[545,511],[531,500],[-345,315],[187,533],[473,380],[244,326],[-230,457],[-659,228],[-574,-239],[-200,-348],[-617,-272],[-588,239],[-516,294],[-244,576],[-401,446],[-416,543],[-258,348],[-445,315],[-473,54],[-731,-11],[-516,-11],[-746,359],[-545,250],[-645,-337],[-659,196],[-430,-239],[-560,0],[-358,-66],[-774,-282],[-359,380],[-272,370],[-215,239],[-373,348],[-459,500],[-229,391],[57,326],[-158,391],[-430,511],[15,619],[0,229],[-86,467],[200,587],[402,467],[-15,283],[-344,402],[144,598],[-574,478],[-545,402],[-545,413],[-372,913],[-287,565],[-215,359],[-473,337],[-473,65],[-545,-196],[-861,76],[-344,359],[-430,565],[72,554],[-445,533],[-186,304],[-731,-76],[-15,-522],[15,-489],[-316,-217],[-444,-261],[-617,174],[-717,-54],[-745,206],[-688,-315],[-144,-369],[-530,-294],[-803,-22],[-373,272],[-487,185],[-775,54],[-272,-250],[-473,-261],[-689,-108],[-860,174],[-28,391],[-431,293],[287,511],[-57,380],[-645,207],[-388,-141],[-587,-250],[-388,-250],[-716,11],[-789,21],[-459,-424],[-14,-391],[-43,-369],[-29,-435],[-344,-522],[-516,-152],[-531,-65],[-616,-402],[-430,-250],[-645,326],[-273,228],[387,511],[-57,685],[-774,-22],[-574,-435],[-717,76],[-215,261],[-702,76],[-818,239],[-243,402],[-316,359],[-344,348],[-115,271],[-172,424],[-430,370],[-659,239],[-674,-98],[-230,413],[-602,315],[-516,-152],[-703,272],[-444,239],[-143,456],[-187,489],[-717,370],[-774,489],[29,478],[-215,544],[-488,97],[-330,316],[258,597],[-401,413],[-502,55],[-487,185],[200,554],[115,456],[402,511],[-889,76],[-316,-435],[-760,-304],[-502,-369],[-444,282],[-846,196],[-401,43],[-502,-304],[-531,-207],[-674,-97],[-530,11],[-344,532],[71,620],[-516,206],[-602,0],[-731,152],[-703,424],[-444,576],[-258,239],[114,576],[144,533],[-531,358],[-745,66],[-531,-109],[-616,87],[-15,489],[86,391],[-329,402],[200,674],[359,424],[-531,478],[-588,-413],[-760,-326],[-458,207],[-990,478],[-645,185],[-1176,184],[-716,87],[-416,-369],[-688,293],[28,359],[-760,119],[-559,-163],[-344,479],[115,391],[-230,576],[15,576],[329,435],[-129,630],[-315,196],[-574,532],[-315,424],[-287,315],[-530,337],[143,435],[-158,543],[101,370],[-574,304],[-430,206],[-832,174],[-702,-239],[-602,468],[-287,423],[-789,33],[-258,424],[-401,456],[-617,22],[-545,131],[-587,434],[-488,-87],[-516,-413],[-774,-184],[-387,-87],[-474,-229],[-616,-228],[244,-435],[-373,-586],[-645,-446],[-402,174],[-430,315],[-129,380],[-832,22],[-587,44],[-402,152],[-158,489],[-286,413],[-388,206],[-401,337],[-660,87],[-157,435],[0,391],[-631,152],[-545,522],[-487,304],[-617,218],[-57,521],[487,337],[-559,544],[-487,-305],[-488,359],[473,359],[-100,347],[-244,555],[72,489],[172,282],[-488,370],[-545,185],[-344,456],[-631,424],[-71,445],[43,348],[43,457],[172,326],[315,489],[-372,467],[-732,337],[-602,294],[-473,532],[57,435],[646,87],[501,206],[-530,522],[-803,98],[-817,217],[-459,326],[172,587],[-215,489],[287,554],[415,370],[445,489],[315,228],[488,261],[387,87],[487,185],[531,478],[573,435],[431,152],[616,65],[574,-174],[760,-185],[587,-206],[488,54],[487,55],[818,260],[702,283],[158,489],[100,206],[187,457],[71,609],[-172,652],[158,521],[301,663],[172,424],[201,359],[516,445],[358,381],[359,413],[315,543],[86,544],[-43,565],[-114,424],[-373,945],[416,674],[860,185],[975,-348],[602,717],[-215,1522],[-172,1304],[14,858],[144,783],[-144,98],[-774,554],[-487,467],[-144,413],[-129,381],[-186,445],[-86,316],[-287,521]],[[87404,429552],[129,109],[574,402],[8918,3293],[3298,457],[3627,489],[1362,-1174],[43,-22],[3499,-2043],[430,-272],[1204,-750],[1577,-923],[1348,-555],[1219,-532],[2193,-1717],[1821,-1055],[517,-206],[4502,-946],[3814,-434],[688,10],[846,196],[2093,478],[3800,913],[1448,98],[1247,315],[1090,272],[4459,239],[4918,272],[917,1380],[803,869],[717,718],[602,934],[86,174],[216,609],[143,532],[100,392],[402,467],[315,54],[1606,109],[473,65],[2208,424],[1434,261],[2409,641],[1434,1076],[1734,467],[1348,-76],[947,-141],[43,0],[2279,2358],[789,1663],[-129,3522],[2136,-968],[1147,-543],[817,-283],[975,-163],[72,-21],[1119,-348],[243,-98],[861,-598],[731,-630],[903,-98],[1721,11],[1118,-33],[817,-21],[1606,76],[1807,152],[1634,152],[1606,206],[903,196],[3140,978],[4373,2435],[15,11],[6065,2195]],[[211456,788896],[0,66],[-459,695],[-43,33],[-502,-337],[-258,-228],[-444,-511],[-574,652],[-459,435],[-631,608],[-817,891],[-1018,1087],[-229,283],[-330,434],[-559,718],[-344,565],[-101,326],[129,576],[344,391],[459,413],[488,402],[330,435],[14,554],[143,565],[187,283],[-344,652],[-416,750],[-158,456],[43,413],[172,533],[301,228],[602,120],[760,-11],[875,-33],[745,-87],[302,-76],[616,-206],[373,-120],[803,-261],[688,-152],[645,-130],[1090,-152],[674,-11],[430,0],[645,32],[1735,131],[1477,109],[860,43],[402,109],[387,521],[-29,402],[-100,957],[-58,1337],[-14,337],[29,630],[28,304],[43,402],[43,370],[58,359],[57,358],[72,359],[100,337],[201,728],[487,1358],[158,250],[373,620],[416,326],[774,337],[874,380],[574,457],[258,587],[186,1130],[0,1087],[0,673],[158,631],[416,1695],[201,696],[243,858],[58,196],[545,1891],[258,1587],[186,1152],[-72,1347],[-315,1218],[-559,380],[-760,65],[-2065,174],[-516,109],[-588,228],[-215,239],[-344,554],[-846,1446],[-2065,2760],[-1347,2131],[-545,858],[-215,544],[-15,173],[-86,598],[72,478],[244,522],[373,554],[530,598],[316,272],[745,630],[1104,1044],[316,597],[372,891],[129,989],[86,1055],[-358,1923],[-86,1283],[-29,489],[-28,98],[-287,1130],[-402,924],[-86,195],[-659,1370],[-2323,3043],[-860,956],[-846,620],[-1047,652],[-2394,1521],[-2724,1848],[-2108,1293],[-1075,663],[-2438,1065],[-2337,989],[-1290,468],[-316,119],[-645,228],[-1147,424],[-488,218],[-186,532],[301,348],[359,315],[272,294],[215,489],[0,250],[72,902],[-158,902],[-315,630],[-889,924],[-1520,891],[-172,98],[-703,511],[-387,293],[-788,685],[-316,282],[-545,435],[-459,511],[-143,576],[-72,565],[158,1522],[0,43],[-14,1087],[-43,511],[-86,510],[-230,1413],[-215,794],[-143,500],[-158,586],[-1032,3304],[-1004,2315],[-1620,3109],[-717,913],[-473,749],[-172,272],[-1592,2598],[-200,282],[-1635,2402],[-158,413],[-415,1587],[-273,891],[-459,1315],[-114,326],[-689,783],[-731,815],[-487,695],[-43,196],[86,1043],[-129,826],[-58,141],[-1089,859],[-746,641],[-530,555],[-287,260],[-559,337],[-402,163],[-702,294],[-660,271],[-631,316],[-760,554],[-71,76],[-502,609],[-330,402],[-1176,1347],[-215,196],[-602,152],[-502,-141],[-659,-304],[-488,-240],[-960,-467],[-545,-109],[-473,196],[-345,315],[-458,522],[-818,804],[-573,565],[-158,250],[-817,1196],[-1205,1782],[-1046,1598],[-918,1326],[-860,1445],[-201,272],[-502,695],[-215,348],[-946,1511],[-315,413],[-244,304],[-559,717],[-861,968],[-602,315],[-702,195],[-1492,370],[-1132,337],[-588,315],[-502,544],[-287,369],[-1720,2217],[-717,1076],[-531,783],[-975,1434],[-14,22],[129,-22],[3656,-206],[402,130],[143,522],[301,217],[258,489],[172,544],[172,315],[244,413],[316,434],[430,142],[631,174],[831,-229],[559,-54],[402,54],[430,435],[401,261],[732,228],[544,142],[517,358],[286,457],[115,391],[129,359],[-14,630],[-86,261],[0,467],[688,217],[817,-43],[459,130],[402,359],[630,370],[273,326],[444,380],[459,98],[574,43],[387,-11],[631,76],[129,403],[301,413],[645,445],[545,218],[430,-33],[817,43],[502,66],[459,76],[229,402],[301,195],[531,381],[143,500],[502,391],[559,-76],[387,33],[517,271],[573,87],[717,-119],[287,380],[530,554],[789,109],[287,-228],[530,-120],[402,-43],[731,65],[330,413],[473,185],[415,130],[631,-152],[416,-294],[760,-195],[445,-467],[-273,-609],[-344,-457],[-430,-478],[-187,-652],[-114,-587],[-502,-130],[-143,-587],[458,-337],[889,-11],[617,218],[272,-11],[732,-66],[358,-239],[545,-380],[473,-424],[301,-315],[330,-478],[100,-315],[187,-403],[444,-597],[531,-142],[387,-97],[401,-359],[330,-641],[358,-381],[832,-108],[889,32],[373,98],[602,196],[387,-120],[574,-174],[415,-141],[72,-609],[531,-315],[501,0],[402,-206],[473,-348],[373,-87],[344,-391],[416,-326],[516,98],[559,-44],[358,-239],[574,272],[674,130],[745,-326],[545,-130],[473,-76],[215,-446],[-43,-359],[-329,-337],[-273,-391],[244,-445],[602,-327],[545,-239],[373,-358],[645,-315],[617,130],[315,272],[688,195],[631,-239],[660,-32],[516,-11],[430,130],[473,457],[774,141],[846,98],[258,347],[416,403],[531,54],[473,-22],[631,-119],[760,174],[487,217],[545,152],[832,76],[559,228],[444,-130],[588,120],[731,358],[703,87],[186,533],[430,184],[617,-21],[215,597],[186,446],[201,315],[129,554],[789,294],[-574,435],[-57,565],[516,228],[430,217],[344,566],[602,347],[517,120],[430,-44],[702,424],[-28,489],[-402,261],[-459,196],[172,554],[660,359],[-301,445],[244,424],[430,337],[258,402],[-72,457],[-516,413],[-559,293],[-617,348],[-200,337],[286,532],[-186,652],[172,392],[516,108],[602,239],[387,22],[545,-87],[488,-239],[731,174],[645,391],[861,98],[372,-315],[703,43],[344,131],[172,445],[559,283],[660,315],[530,-152],[473,272],[646,326],[100,543],[616,478],[216,587],[-617,239],[-315,544],[-373,402],[186,478],[617,239],[57,609],[316,413],[645,304],[588,0],[415,-54],[646,271],[-15,348],[402,283],[459,141],[229,554],[287,402],[-158,533],[57,598],[660,467],[258,478],[516,-32],[187,510],[-416,468],[-129,511],[372,239],[445,206],[717,207],[616,-109],[560,500],[-29,337],[244,337],[473,467],[430,348],[631,272],[573,-33],[402,261],[186,337],[488,261],[616,-131],[574,457],[186,423],[703,240],[473,173],[717,305],[530,-185],[402,206],[-58,631],[-114,663],[-287,543],[-215,272],[459,500],[387,174],[631,163],[501,195],[474,22],[673,-11],[832,239],[631,402],[588,131],[416,228],[731,44],[631,-87],[286,304],[646,11],[760,163],[487,22],[588,43],[444,130],[703,174],[688,109],[402,283],[387,87],[559,10],[344,-130],[703,-163],[530,-44],[316,-380],[401,-174],[201,-435],[430,-456],[588,-467],[186,-348],[-72,-391],[588,-229],[430,229],[818,-131],[516,131],[301,228],[688,152],[602,-380],[244,-533],[645,-402],[445,-250],[473,-456],[588,-370],[803,11],[372,-239],[474,-174],[573,337],[846,54],[731,-87],[832,-130],[631,-87],[401,-33],[818,-65],[645,239],[416,-391],[458,-413],[158,-598],[574,-435],[157,-119],[1276,-587],[1506,-685],[975,-413],[616,-32],[932,228],[316,-185],[502,-250],[344,-228],[573,-239],[746,-294],[6997,-1097],[5577,-870],[1405,-391],[1979,294],[573,152],[703,54],[4731,120],[2022,54],[7915,-2739],[903,11],[588,-22],[573,0],[373,-130],[545,152],[473,120],[746,206],[831,196],[430,43],[474,54],[501,87],[431,109],[487,152],[2151,359],[616,76],[330,293],[545,-21],[846,195],[444,-43],[674,-174],[416,-185],[616,-608],[660,-359],[617,-228],[415,-55],[617,-21],[487,-153],[445,-250],[846,44],[874,-261],[732,-380],[501,-11],[660,-120],[488,-195],[630,65],[689,-294],[387,-336],[301,-305],[473,-239],[459,76],[717,337],[631,294],[487,217],[817,-217],[359,-229],[645,-347],[803,-229],[530,-152],[746,-239],[559,-141],[459,-109],[803,-326],[602,-174],[473,-206],[545,-250],[416,-196],[545,-206],[430,-109],[545,-76],[1448,-22],[745,217],[789,261],[559,11],[703,163],[459,218],[1949,-33],[359,11],[602,435],[645,32],[760,-65],[1190,-207],[746,-108],[401,-98],[603,-87],[458,-130],[646,-66],[817,239],[287,218],[487,163],[1936,-131],[946,-65],[29,0],[6552,-1043],[5635,-402],[616,-44],[4015,1609],[158,54],[2279,924],[6008,2391],[7112,1684],[7871,4532],[3441,805],[1076,250],[502,-66],[774,87],[1305,609],[344,163],[-732,1435],[-3025,5945],[-315,521],[-287,261],[-1319,1695],[-43,77],[-402,641],[-215,467],[-143,402],[-129,359],[-258,522],[-631,891],[-459,750],[-459,1032],[-889,1511],[-616,1293],[-330,1250],[-272,1652],[-43,500],[-129,1228],[14,1630],[158,1380],[401,2174],[315,1565],[1922,109],[889,-152],[631,173],[702,261],[760,402],[774,337],[617,-43],[817,-98],[545,-54],[545,-98],[645,-141],[430,-87],[502,-55],[817,-130],[574,-33],[688,-130],[401,-87],[531,-11],[645,-424],[459,-402],[616,-43],[531,-11],[573,-55],[703,-228],[645,-445],[559,-11],[617,163],[287,250],[803,-305],[243,-337],[502,-217],[502,54],[516,-173],[187,-348],[315,-446],[416,-369],[315,-250],[731,-326],[717,413],[488,54],[487,-120],[545,-315],[516,-456],[431,-315],[759,913],[603,-109],[573,326],[215,489],[746,1119],[43,642],[258,456],[344,315],[258,576],[244,533],[43,630],[487,294],[631,206],[717,163],[889,0],[545,359],[659,391],[617,-185],[502,-434],[774,-240],[445,0],[530,-413],[43,-391],[57,-456],[531,-229],[616,-369],[517,-456],[129,-446],[-43,-359],[387,-456],[444,-294],[545,-65],[660,120],[874,-76],[301,-272],[473,-141],[631,76],[846,-229],[316,-413],[243,-206],[646,-22],[430,-206],[573,-250],[861,-22],[544,-119],[574,-153],[229,-489],[387,-587],[517,-500],[458,-380],[789,-239],[115,-533],[616,-119],[818,130],[516,-402],[-86,-413],[129,-424],[659,-445],[688,-435],[760,326],[631,-11],[0,-619],[-315,-544],[416,-358],[215,-457],[-316,-304],[-774,-196],[-430,-380],[43,-250],[502,-565],[803,-87],[-86,-587],[200,-489],[172,-391],[-114,-457],[243,-565],[172,-348],[87,-521],[473,-294],[588,-359],[458,-271],[3054,532],[3513,892],[15041,3803],[57,-282],[57,-435],[144,-1826],[0,-978],[0,-761],[86,-2369],[86,-1337],[129,-1271],[-43,-1152],[-86,-1728],[100,-2348],[158,-2945],[143,-2065],[86,-956],[330,-1609],[229,-1043],[-143,-1000],[-115,-1326],[-143,-1543],[86,-1652],[272,-1913],[129,-1098],[-14,-1782],[43,-663],[230,-1043],[573,-2011],[875,-2239],[846,-1902],[401,-1315],[172,-576],[559,-1554],[516,-1772],[517,-1771],[401,-1761],[301,-1228],[445,-1619],[344,-1587],[315,-1750],[344,-1999],[172,-1142],[0,-1097],[29,-881],[-57,-1141],[-144,-1478],[187,-2641],[114,-1608],[230,-1793],[14,-207],[301,-2424],[158,-1184],[602,-4402],[789,-4390],[114,-3294],[373,-2151],[645,-2272],[29,-163],[445,-1815],[301,-1000],[1104,-2271],[1462,-2304],[1821,-2587],[1075,-1543],[1033,-1739],[344,-619],[788,-1424],[1764,-3087],[72,-478],[71,-543],[72,-1011],[43,-609],[100,-837],[216,-2086],[129,-1989],[229,-1196],[272,-793],[129,-587],[144,-685],[115,-565],[28,-456],[-100,-587],[-101,-739],[-243,-1022],[-230,-902],[-157,-652],[-158,-554],[-215,-544],[-115,-641],[-43,-554],[29,-522],[86,-934],[-58,-479],[-86,-293],[-129,-446],[-157,-326],[-287,-782],[-57,-174],[-259,-750],[-14,-54],[-215,-674],[-201,-989],[-143,-750],[14,-630],[58,-479],[86,-565],[28,-380],[-86,-554],[-229,-642],[-143,-434],[-43,-381],[28,-402],[115,-489],[129,-348],[215,-358],[272,-392],[732,-695],[114,-130],[488,-522],[760,-815],[731,-815],[1276,-1055],[172,-141],[1520,-1445],[1878,-1522],[1047,-706],[1333,-772],[373,-196],[502,-282],[817,-598],[817,-826],[1176,-1239],[1964,-2108],[904,-924],[1405,-1619],[258,-631],[401,-663],[445,-826],[272,-510],[588,-1066],[430,-695],[344,-587],[1061,-2217],[416,-641],[674,-881],[344,-402],[559,-500],[1004,-630],[1090,-696],[817,-489],[674,-456],[516,-457],[344,-282],[588,-478],[502,-511],[301,-402],[602,-794],[373,-413],[201,-239],[817,-576],[1061,-684],[1649,-1022],[1362,-826],[1133,-728],[1247,-815],[789,-489],[-101,-435],[-100,-554],[229,-185],[588,-294],[946,-358],[459,-207],[559,-402],[258,-445],[-43,-272],[-71,-533],[71,-424],[201,-554],[244,-782],[373,-772],[229,-456],[445,-424],[544,-185],[431,-65],[616,-152],[545,-522],[244,-402],[229,-478],[115,-468],[-72,-424],[-186,-467],[0,-489],[502,-228],[731,141],[602,87],[401,43],[545,-456],[-258,-359],[-244,-293],[-315,-413],[-201,-261],[-186,-478],[-14,-446],[215,-652],[516,-587],[874,-500],[1176,-652],[645,-380],[387,-326],[316,-304],[330,-403],[372,-728],[431,-891],[1204,-2260],[817,-1631],[101,-478],[71,-500],[115,-445],[115,-359],[215,-543],[1391,-2750],[286,-870],[287,-978],[416,-1217],[659,-1684],[86,-207],[961,-2011],[717,-1608],[602,-1109],[301,-554],[875,-1771],[631,-1250],[631,-1174],[487,-1174],[989,-1608],[617,-1304],[674,-1424],[1491,-2608],[1075,-1978],[1033,-1815],[258,-348],[774,-1044],[530,-912],[187,-544],[0,-369],[-29,-435],[-143,-630],[72,-435],[157,-761],[559,-1869],[287,-1055],[387,-891],[416,-1260],[244,-739],[229,-653],[832,-2249],[272,-870],[344,-347],[2954,-6141],[4746,-9836],[3326,-6901],[818,-1728],[7814,-16215]],[[87404,429552],[-258,305],[-330,282],[-874,630],[-2194,1631],[-359,239],[-387,195],[-602,218],[-1090,228],[-358,87],[-531,120],[-716,217],[-388,272],[-243,239],[-531,510],[-817,881],[-746,782],[-1233,1109],[-200,261],[-1750,2956],[-1849,3119],[-3499,5880],[344,1608],[115,554],[445,1652],[401,978],[660,1229],[57,119],[530,1098],[273,804],[301,956],[29,77],[200,1021],[244,1250],[14,109],[-3082,1586],[-3728,1924],[-1835,935],[-430,358],[-330,131],[-301,380],[-115,391],[201,653],[-230,391],[-358,239],[-430,380],[-359,207],[-186,597],[-416,327],[-258,510],[215,337],[-43,468],[287,608],[430,424],[444,587],[244,456],[316,131],[372,576],[603,467],[344,511],[401,152],[574,196],[157,543],[402,370],[272,337],[516,500],[273,586],[0,435],[14,696],[445,380],[114,304],[258,446],[732,369],[430,-76],[502,261],[430,413],[272,413],[488,65],[344,283],[215,424],[301,576],[430,65],[559,217],[559,-250],[531,-413],[502,142],[831,130],[588,304],[559,305],[-272,456],[0,489],[358,555],[818,21],[645,-21],[272,467],[-43,359],[187,347],[-144,500],[603,142],[530,195],[746,228],[774,-21],[602,163],[14,-696],[-258,-282],[-157,-435],[43,-272],[-58,-587],[373,-337],[746,-271],[559,-348],[1563,-989],[229,-424],[172,-619],[100,-522],[-14,-413],[72,-500],[2265,-1174],[2294,-1195],[3542,-1848],[7929,-4130],[3283,-1706],[2552,-1337],[187,-272],[473,-423],[459,-348],[329,-305],[387,-423],[215,-316],[316,-499],[373,-403],[215,-228],[373,-391],[559,-424],[373,-206],[544,-294],[430,-261],[459,-369],[430,-391],[459,-403],[516,-402],[287,-217],[817,-576],[660,-467],[1147,-794],[315,-206],[402,-229],[674,-391],[573,-402],[789,-543],[387,-272],[531,-261],[630,-195],[689,-413],[760,-674],[229,-207],[330,-391],[702,-1489],[158,-435],[215,-641],[215,-565],[244,-511],[330,-674],[387,-717],[573,43],[645,-54],[431,-65],[659,-76],[488,-76],[659,-185],[846,-22],[889,0],[789,-98],[444,-217],[387,-109],[789,-173],[502,-392],[473,-98],[444,-380],[172,-435],[402,-489],[731,-250],[86,-543],[344,-370],[559,-163],[818,-239],[717,-108],[487,-587],[129,-370],[459,-348],[502,-228],[416,-456],[100,-413],[100,-359],[-28,-337],[401,-315],[617,-456],[458,-77],[746,-141],[315,-239],[330,-489],[129,-413],[645,-348],[230,-413],[-58,-565],[216,-337],[530,-282],[387,-142],[359,-543],[114,-370],[201,-358],[229,-315],[144,-370],[186,-478],[-129,-685],[373,-543],[186,-554],[-258,-446],[201,-402],[-72,-631],[144,-554],[-29,-435],[158,-456],[616,-65],[316,-554],[0,-587],[186,-587],[4287,3684],[860,728],[3370,1141],[774,261],[1649,511],[3541,1109],[86,65],[3542,2423],[-86,1163],[-918,12162],[-143,304],[-287,663],[-229,739],[-144,652],[-143,446],[-115,337],[-143,586],[29,816],[-15,652],[15,619],[-29,435],[-574,2793],[-344,1619],[-1419,6891],[-273,380],[-516,413],[-201,196],[-544,674],[-459,684],[-488,489],[-200,337],[-474,489],[-415,163],[-330,272],[-1162,587],[-401,185],[-516,369],[-416,239],[-573,-119],[-531,98],[-430,108],[-717,283],[-444,304],[-273,217],[-315,370],[-359,576],[-129,489],[-129,467],[-43,652],[-72,403],[-129,304],[-28,380],[-258,652],[-4044,11195],[-6108,16965],[-2738,7607],[-10711,-771],[-587,348],[-1047,445],[-402,587],[230,478],[86,544],[-1176,587],[-430,336],[-574,381],[-473,-489],[-774,282],[-516,22],[-502,54],[-473,-282],[0,-359],[-258,-337],[-660,196],[-229,413],[-2136,1576],[-904,-22],[-645,130],[-86,566],[-387,619],[-445,370],[-501,271],[-445,457],[-373,424],[-516,-163],[-631,-174],[-516,-250],[-516,-315],[-688,-229],[-617,76],[-416,11],[-688,44],[-616,-283],[-58,-315],[344,-630],[144,-587],[-631,-196],[-416,-402],[-659,-283],[-517,-76],[-573,-347],[-473,-272],[-531,-131],[-602,33],[-129,402],[-344,478],[-516,-228],[-574,-195],[-473,249],[201,424],[57,326],[-330,479],[-673,141],[-431,282],[-358,620],[-688,119],[-473,316],[-316,413],[-301,206],[-688,-98],[-559,185],[-359,413],[-430,250],[-588,326],[-487,131],[-230,326],[330,423],[86,620],[201,348],[-344,587],[-559,271],[86,555],[14,402],[-588,347],[-559,-21],[-574,250],[-344,380],[-57,576],[688,304],[-86,457],[-344,282],[-201,403],[-358,249],[-316,598],[72,457],[-258,228],[-631,130],[-631,-206],[-244,-315],[-358,-392],[-444,-326],[-560,272],[-788,109],[-459,369],[-401,218],[-617,-87],[-617,271],[-817,174],[-545,-130],[-372,-239],[-574,174],[-330,445],[-301,315],[-702,-250],[-689,55],[-616,304],[-502,-369],[-602,-66],[-645,-271],[-387,-272],[-302,-207],[-530,-195],[-445,141],[-458,185],[-689,326],[-559,250],[-272,228],[-72,478],[187,424],[358,424],[158,185],[372,391],[173,598],[-703,380],[-703,348],[-430,304],[-258,587],[-43,500],[-158,457],[-243,271],[-258,315],[-402,413],[-287,250],[-444,370],[-559,500],[-101,76],[-430,554],[-401,435],[-645,717],[-703,967],[-301,533],[-416,793],[-602,870],[-43,65],[-545,793],[-459,805],[-616,217],[-402,109],[-616,358],[-301,337],[-287,620],[-100,565],[-44,446],[15,423],[-72,642],[-229,456],[-172,228],[-330,1446],[-703,-87],[-530,-87],[-688,-152],[-631,108],[-359,163],[-559,207],[-487,98],[-703,-66],[-674,-206],[-459,-217],[-573,-131],[-445,-43],[-774,-261],[-502,-65],[-731,-142],[-545,-358],[-645,-250],[-731,-370],[-301,-282],[-244,-381],[-459,-119],[-1147,-11],[-115,0],[-860,11],[-516,0],[-731,-55],[-402,-21],[-717,-66],[-831,-108],[-688,-109],[-574,-76],[-330,-43],[-57,347],[-72,522],[-43,391],[-14,446],[0,272],[-14,608],[-29,207],[-230,510],[-286,272],[-588,446],[72,576],[200,380],[387,391],[273,207],[430,283],[559,336],[402,283],[530,500],[215,641],[0,500],[-14,261],[14,456],[43,685],[14,380],[-430,283],[-487,-130],[-645,-316],[-373,-108],[-660,-120],[-602,44],[-573,217],[-560,402],[-487,326],[-588,44],[-301,304],[-459,152],[-846,109],[-545,-22],[-530,44],[-502,65],[-473,271],[-731,131],[-875,206],[272,2576],[603,489],[-3857,1489],[-574,228],[-1061,370],[-1276,511],[158,478],[172,489],[-100,391],[415,522],[-831,598],[-416,152],[-660,250],[-329,195],[-287,652],[-5492,4011],[-430,315],[-1735,1000],[-1820,1054],[-3513,2022],[-502,293],[-4474,4010],[-745,663],[-7140,6391],[-215,250],[530,1032],[1018,1283],[731,1054],[488,2076],[272,1141],[43,315],[660,304],[788,-54],[904,-87],[587,304],[-229,1098],[-100,500],[-258,1032],[0,22],[-101,674],[-57,315],[-86,380],[-57,663],[-115,544],[-58,282],[-157,511],[0,348],[516,576],[1018,1098],[573,543],[445,413],[645,554],[273,174],[487,283],[545,445],[244,403],[-15,663],[158,489],[631,173],[975,207],[631,152],[774,54],[530,-32],[488,-33],[760,-130],[961,-196],[1003,-206],[144,-22],[1347,-185],[1377,-98],[2380,-87],[1118,-76],[717,-43],[1118,-44],[1119,55],[5233,239],[5864,272],[2596,119],[516,98],[4186,2478],[545,315],[244,152],[545,326],[917,544],[2094,1228],[559,337],[860,500],[2122,1326],[459,282],[-57,402],[-101,641],[29,555],[100,478],[144,609],[71,499],[58,316],[244,467],[14,543],[-1161,1783],[-345,380],[-372,511],[-258,304],[-560,305],[-501,499],[-244,457],[-258,424],[-273,369],[-659,446],[-574,445],[-229,283],[-717,1000],[-29,33],[-1003,1706],[-1262,2826],[-645,1728],[-172,1956],[-244,2608],[-58,1304],[-14,381],[-57,358],[631,326],[659,33],[746,120],[358,130],[502,207],[774,315],[86,32],[1864,891],[488,359],[315,359],[158,445],[29,359],[71,761],[0,119],[172,989],[258,859],[58,619],[0,392],[-101,543],[-100,717],[-330,957],[-702,1402],[-445,424],[-301,271],[-631,489],[-1663,1500],[-530,489],[-1061,1131],[-1133,1260],[-373,424],[-158,163],[-846,1033],[-1419,1521],[-588,576],[-502,446],[-358,315],[-445,293],[-616,283],[-516,196],[-603,119],[-587,54],[-732,22],[-645,370],[-129,500],[-272,500],[-330,358],[-86,305],[-230,391],[-358,500],[-602,21],[-531,-119],[-659,-196],[-531,109],[-731,185],[-1061,576],[-803,717],[-516,424],[-631,522],[-1735,1999],[-1993,1457],[-1333,978],[-473,402],[-689,587],[-172,478],[230,782],[-115,522],[-401,304],[-631,305],[-4603,2467],[-1821,1195],[-2867,2174],[-1878,1435],[-1076,1032],[-1749,2152],[-1047,1315],[-1634,1043],[-3470,1500],[-1448,967],[-832,870],[-602,684],[-14,120],[200,739],[-14,337],[-43,554],[-258,750],[244,739],[487,391],[86,77],[1076,249],[731,77],[444,217],[101,446],[530,510],[516,66],[560,184],[673,174],[287,33],[545,250],[803,76],[358,380],[172,391],[502,316],[344,326],[660,402],[401,185],[545,163],[731,0],[402,-370],[789,217],[458,337],[402,435],[416,217],[387,153],[559,260],[401,98],[574,-119],[702,369],[-86,413],[144,294],[172,663],[-617,695],[-157,381],[-517,380],[-473,239],[-272,413],[659,413],[158,576],[531,500],[86,261],[616,261],[430,326],[-14,424],[-215,326],[-387,239],[157,543],[-86,446],[-501,337],[-588,-11],[-416,21],[-645,370],[-803,315],[-473,424],[-373,565],[-43,391],[215,620],[158,478],[-43,652],[0,402],[-58,326],[-487,392],[-545,152],[-803,87],[-373,478],[43,587],[29,445],[172,272],[258,446],[-43,358],[-158,326],[-444,337],[-359,576],[101,392],[-115,380],[-57,489],[-215,532],[-187,359],[-315,359],[-129,326],[258,598],[344,358],[387,489],[660,239],[487,131],[201,380],[-29,631],[-86,391],[129,565],[144,348],[286,424],[416,87],[502,21],[559,359],[-14,609],[143,358],[-459,348],[-616,11],[-617,282],[-215,316],[-573,250],[-230,369],[-71,370],[-101,532],[43,315],[-71,478],[172,250],[344,533],[-43,674],[-129,619],[473,272],[115,337],[-72,478],[-158,370],[-559,1032],[72,315],[229,402],[172,337],[-143,370],[-617,174],[-444,174],[-402,369],[-272,261],[-201,619],[789,87],[-101,435],[-200,467],[286,240],[517,347],[530,305],[273,358],[387,424],[501,185],[732,-33],[530,0],[344,218],[459,500],[488,260],[143,305],[14,597],[473,413],[158,381],[645,32],[775,142],[544,-22],[889,130],[459,-10],[488,76],[559,152],[129,489],[832,239],[487,-44],[617,-467],[200,-369],[588,-196],[574,-424],[186,-413],[201,-489],[416,-196],[401,-554],[72,-326],[344,-445],[401,-381],[603,131],[802,293],[43,337],[388,467],[329,641],[258,544],[603,130],[745,87],[631,-108],[430,10],[516,77],[703,108],[530,141],[617,-239],[115,-434],[387,-283],[645,76],[401,218],[502,293],[602,-435],[402,-380],[444,-294],[832,-304],[531,-163],[487,-76],[789,-22],[415,-32],[574,-33],[416,228],[731,250],[631,-108],[516,-22],[1219,250],[688,130],[789,152],[1863,348],[588,11],[445,54],[659,326],[846,-228],[789,-185],[444,250],[517,-163],[602,-10],[401,130],[488,206],[243,326],[531,392],[401,98],[646,0],[946,-22],[430,-152],[602,-229],[588,0],[617,207],[803,130],[329,-467],[230,-424],[688,54],[889,164],[573,152],[631,-109],[344,-293],[717,-272],[430,337],[517,380],[487,76],[559,-22],[746,131],[874,-109],[646,196],[587,-326],[273,-228],[573,-240],[861,109],[760,131],[760,-120],[544,-283],[474,-358],[530,-478],[545,108],[717,-11],[416,-54],[487,-87],[645,196],[488,-294],[631,-402],[487,-98],[316,-413],[860,-174],[702,-86],[531,-22],[459,43],[588,239],[544,-217],[803,207],[516,141],[445,11],[502,-142],[487,-217],[602,-283],[345,-358],[358,-174],[444,-217],[388,-207],[874,-141],[473,-11],[617,0],[817,-54],[731,-174],[574,-22],[745,282],[259,250],[516,207],[573,-283],[717,305],[803,217],[172,-522],[-444,-304],[-144,-619],[531,-696],[702,-880],[545,-326],[488,-142],[444,-43],[459,-11],[789,65],[358,-337],[-301,-1684],[631,-413],[444,-174],[359,-337],[387,-239],[688,-304],[688,-207],[359,-65],[774,-44],[659,-10],[502,86],[545,196],[2911,1076],[1677,728],[1190,511],[689,207],[846,130],[516,11],[1175,-98],[631,206],[2423,1359],[1879,793],[1362,576],[5032,1587],[7284,2098],[387,119],[3828,913],[1133,283],[789,65],[874,-109],[818,65],[315,240],[315,380],[330,598],[101,163],[559,739],[243,217],[1104,924],[889,478],[717,-11],[832,-761],[401,-282],[402,-207],[387,-152],[803,-54],[502,163],[760,576],[702,652],[559,869],[789,1424],[272,250],[431,272],[430,272],[731,173],[860,-141],[516,-402],[732,-728],[716,-663],[259,-457],[286,-282],[502,-272],[430,-141],[430,-141],[531,-163],[387,-55],[545,44],[846,-22],[315,-217],[258,-402],[129,-381],[-28,-337],[-72,-380],[201,-402],[631,-468],[387,-228],[143,-489],[187,-315],[573,-141],[574,-218],[645,-293],[573,-348],[373,-283],[717,-293],[430,-283],[100,-282],[216,-413],[774,-239],[631,-370],[458,-282],[502,108],[775,-239],[616,-98],[373,-119],[674,-261],[487,-489],[516,-424],[388,-467],[630,87],[402,43],[573,-65],[717,-196],[760,-152],[559,-174],[215,-337],[258,-358],[201,-707],[359,-891],[358,-717],[330,-956],[430,-1185],[1075,-2109]]],"bbox":[101.9817,16.77198,102.67915,17.6921],"transform":{"scale":[6.974506974507009e-7,9.201209201209209e-7],"translate":[101.9817,16.77198]}}