{"type":"Topology","objects":{"districts":{"type":"GeometryCollection","geometries":[{"type":"Polygon","arcs":[[0,1,2,3,4,5,6,7,8]],"properties":{"CODE":"4101","PARENT":"41","NAME_TH":"เมืองอุดรธานี","NAME_EN":"Mueang Udon Thani","NAME_CN":"Mueang Udon Thani","COLOR_IDX":0}},{"type":"Polygon","arcs":[[-7,9,10,11]],"properties":{"CODE":"4102","PARENT":"41","NAME_TH":"กุดจับ","NAME_EN":"Kut Chap","NAME_CN":"Kut Chap","COLOR_IDX":3}},{"type":"Polygon","arcs":[[12,13,-10,-6]],"properties":{"CODE":"4103","PARENT":"41","NAME_TH":"หนองวัวซอ","NAME_EN":"Nong Wua So","NAME_CN":"Nong Wua So","COLOR_IDX":1}},{"type":"Polygon","arcs":[[14,15,16,17,18,19,-4]],"properties":{"CODE":"4104","PARENT":"41","NAME_TH":"กุมภวาปี","NAME_EN":"Kumphawapi","NAME_CN":"Kumphawapi","COLOR_IDX":2}},{"type":"Polygon","arcs":[[-19,20,21]],"properties":{"CODE":"4105","PARENT":"41","NAME_TH":"โนนสะอาด","NAME_EN":"Non Sa-At","NAME_CN":"Non Sa-At","COLOR_IDX":1}},{"type":"Polygon","arcs":[[22,23,24,25,26,-2,27]],"properties":{"CODE":"4106","PARENT":"41","NAME_TH":"หนองหาน","NAME_EN":"Nong Han","NAME_CN":"Nong Han","COLOR_IDX":1}},{"type":"Polygon","arcs":[[28,-23,29,30]],"properties":{"CODE":"4107","PARENT":"41","NAME_TH":"ทุ่งฝน","NAME_EN":"Thung Fon","NAME_CN":"Thung Fon","COLOR_IDX":2}},{"type":"Polygon","arcs":[[31,32,33,34,-25]],"properties":{"CODE":"4108","PARENT":"41","NAME_TH":"ไชยวาน","NAME_EN":"Chai Wan","NAME_CN":"Chai Wan","COLOR_IDX":2}},{"type":"Polygon","arcs":[[35,36,-17,37,-34]],"properties":{"CODE":"4109","PARENT":"41","NAME_TH":"ศรีธาตุ","NAME_EN":"Si That","NAME_CN":"Si That","COLOR_IDX":1}},{"type":"Polygon","arcs":[[-36,-33,38]],"properties":{"CODE":"4110","PARENT":"41","NAME_TH":"วังสามหมอ","NAME_EN":"Wang Sam Mo","NAME_CN":"Wang Sam Mo","COLOR_IDX":0}},{"type":"Polygon","arcs":[[-31,39,40,41,42]],"properties":{"CODE":"4111","PARENT":"41","NAME_TH":"บ้านดุง","NAME_EN":"Ban Dung","NAME_CN":"Ban Dung","COLOR_IDX":0}},{"type":"Polygon","arcs":[[43,-8,-12,44,45,46,47]],"properties":{"CODE":"4117","PARENT":"41","NAME_TH":"บ้านผือ","NAME_EN":"Ban Phue","NAME_CN":"Ban Phue","COLOR_IDX":1}},{"type":"Polygon","arcs":[[48,49,-46]],"properties":{"CODE":"4118","PARENT":"41","NAME_TH":"น้ำโสม","NAME_EN":"Nam Som","NAME_CN":"Nam Som","COLOR_IDX":2}},{"type":"Polygon","arcs":[[50,-41,51,-9,-44,52]],"properties":{"CODE":"4119","PARENT":"41","NAME_TH":"เพ็ญ","NAME_EN":"Phen","NAME_CN":"Phen","COLOR_IDX":2}},{"type":"Polygon","arcs":[[-42,-51,53]],"properties":{"CODE":"4120","PARENT":"41","NAME_TH":"สร้างคอม","NAME_EN":"Sang Khom","NAME_CN":"Sang Khom","COLOR_IDX":3}},{"type":"Polygon","arcs":[[-22,54,-13,-5,-20]],"properties":{"CODE":"4121","PARENT":"41","NAME_TH":"หนองแสง","NAME_EN":"Nong Saeng","NAME_CN":"Nong Saeng","COLOR_IDX":3}},{"type":"Polygon","arcs":[[-47,-50,55]],"properties":{"CODE":"4122","PARENT":"41","NAME_TH":"นายูง","NAME_EN":"Na Yung","NAME_CN":"Na Yung","COLOR_IDX":0}},{"type":"Polygon","arcs":[[-30,-28,-1,-52,-40]],"properties":{"CODE":"4123","PARENT":"41","NAME_TH":"พิบูลย์รักษ์","NAME_EN":"Phibun Rak","NAME_CN":"Phibun Rak","COLOR_IDX":3}},{"type":"Polygon","arcs":[[-38,-16,56,-26,-35]],"properties":{"CODE":"4124","PARENT":"41","NAME_TH":"กู่แก้ว","NAME_EN":"Ku Kaeo","NAME_CN":"Ku Kaeo","COLOR_IDX":0}},{"type":"Polygon","arcs":[[-57,-15,-3,-27]],"properties":{"CODE":"4125","PARENT":"41","NAME_TH":"ประจักษ์ศิลปาคม","NAME_EN":"Prachaksinlapakhom","NAME_CN":"Prachaksinlapakhom","COLOR_IDX":3}}]}},"arcs":[[[572766,520158],[-243,-179],[-223,31],[-243,86],[-242,-289],[188,-397],[-24,-429],[-127,-124],[54,-444],[30,-406],[-175,-62],[-176,-312],[-48,-179],[212,-335],[175,-335],[-66,-366],[-261,-226],[-272,-47],[-188,39],[-351,8],[-236,-31],[-139,-382],[73,-281],[-6,-280],[18,-374],[-12,-242],[-55,-397],[-60,-359],[-36,-171],[-236,-249],[-279,-328],[-163,-132],[-152,-195],[-211,-148],[-212,-210],[-79,-312],[-97,-288],[-260,-343],[-61,-265],[25,-335],[-158,-218],[-133,-265],[6,-320],[109,-444],[242,8],[139,-187],[79,-405],[-151,-258],[-139,-327],[-146,-249],[-151,-281]],[[568305,507924],[170,-187],[-25,-343],[-290,-117],[-267,63],[-266,-234],[55,-280],[-37,-320],[12,-218],[-12,-296],[-145,-265],[-85,-187],[-42,-327],[6,-328],[139,-327],[158,-413],[-61,-374],[-97,-273],[-224,-132],[-242,-328],[-133,-311],[-48,-382],[-218,-195],[-91,-312],[-36,-490],[60,-297],[85,-187],[-145,-358],[-309,-94],[-169,-109],[-200,-109],[-30,-467],[-37,-234],[31,-483],[-19,-421],[-151,-296],[67,-312],[90,-475],[146,-242],[-37,-303],[61,-437],[109,-249],[187,-429],[-84,-389],[-363,-102],[-285,-46],[12,-452],[43,-234],[102,-304],[-102,-359],[-218,-389],[-91,-281],[-133,-155],[-248,-110],[-303,0],[-224,117],[-200,-156],[-48,-288],[-139,-202],[-170,-156],[-30,-359],[133,-202],[297,-187],[121,-63],[278,-163],[194,-211],[-170,-319],[55,-437],[175,-303],[-84,-258],[-218,-319],[-218,-195],[-145,-288],[42,-226],[-6,-289],[48,-288],[-115,-226],[-139,-319],[103,-180],[297,-241],[217,-164],[176,-382],[284,156],[249,-46],[296,-195],[164,-164],[157,-179],[163,-242],[-30,-241],[-24,-382],[375,8],[212,-203],[182,-374],[54,-358],[272,-257],[339,-24],[-54,-467],[-43,-281],[91,-429],[-115,-288],[-302,-132],[-297,78],[-266,-203],[-73,-312],[-60,-187],[-67,-319],[-242,-281],[-176,-85],[-205,-421],[-121,-250],[-200,-202],[-133,-296],[-121,-335],[-43,-242],[-78,-312],[-79,-179],[-139,-234],[-236,-288],[-49,-257],[67,-335],[187,-366],[61,-296],[-48,-304],[90,-359],[-12,-249],[-78,-429],[-273,-171],[-30,-257],[-157,-289],[-12,-428],[24,-320],[-146,-335],[152,-327],[54,-273],[0,-405],[139,-304],[19,-257],[205,-335],[6,-374],[-90,-444],[224,-312],[96,-265],[19,-358],[-109,-359],[-109,-319],[72,-187],[109,-226],[218,-312],[103,-467],[260,-234],[67,-304],[-176,-249],[43,-234],[115,-398],[-67,-194],[-496,-616],[-43,-195],[200,-522],[-72,-343],[6,-436],[-115,-273],[-97,-195],[-388,-826],[-121,-210],[-248,-358],[-133,-265],[-254,-538],[-218,-249],[-194,-86],[-205,-55],[-242,-140],[-152,-203],[-248,-413],[-145,-179],[-170,-163],[-345,-273],[-121,-86],[-109,-366],[61,-1457],[73,-476],[453,-3078],[0,-249],[-54,-522],[-73,-1122],[-218,-234],[-12,-312],[-48,-350],[-272,-1364],[-134,-943],[-133,-841],[-78,-452],[-37,-211],[-103,-732],[-96,-172],[-230,-280],[-67,-234],[-79,-327],[-72,-475],[-37,-343],[-36,-265],[-85,-491],[-60,-436],[-18,-460],[24,-873],[79,-655],[24,-342],[0,-187],[-24,-452],[-25,-483],[-84,-273],[-140,-398],[-48,-350],[-36,-382],[6,-429],[24,-1161],[-18,-569],[-12,-163],[-25,-647],[-187,-397],[-164,-211],[-272,-335],[-230,-374],[-103,-1099],[-72,-218],[-109,-280],[-206,-647],[-30,-125],[-91,-420],[-55,-297],[-42,-444],[-18,-1698],[12,-172],[339,-2454],[6,-125],[48,-990],[19,-561],[24,-522],[42,-545],[24,-265],[43,-265],[66,-444],[-60,-265],[-127,-218],[-127,-289],[-79,-241],[-115,-421],[-115,-335],[-164,-390],[-169,-265],[-176,-179],[-453,-413],[-103,-93],[-376,-312],[-187,-148],[-164,-164],[-199,-241],[-188,-242],[-79,-125],[-411,-927],[-151,-397],[-122,-328],[-145,-444],[-218,-779],[0,-281],[230,-366],[309,-436],[321,-522],[653,-1060],[896,-1403],[406,-545],[992,-1395],[1247,-1745],[1761,-2712],[878,-1301],[635,-1006],[248,-381],[273,-413]],[[563978,403173],[-49,-359],[-78,-374],[-152,-514],[-109,-312],[-109,-312],[-157,-428],[-97,-210],[-133,-297],[-163,-366],[-170,-397],[-91,-211],[-145,-327],[-302,-164],[-128,-303],[-54,-187],[-79,-406],[-78,-319],[-109,-444],[-121,-624],[-79,-389],[-109,-343],[-182,-538],[-139,-421],[-151,-483],[-48,-179],[-128,-319],[-121,-273],[-139,-304],[-133,-288],[-121,-273],[-176,-429],[-187,-280],[-109,-203],[-182,-241],[-230,-335],[-205,-320],[-103,-148],[-164,-242],[-181,-163],[-273,-312],[-629,-810],[-291,-367],[-224,-272],[-308,-413],[-182,-226],[-230,-265],[-157,-195],[-266,-351],[-303,-467],[-30,-47],[-291,-475],[-127,-257],[-212,-437],[-302,0],[-146,-210],[-272,-475],[-109,-203],[-194,-444],[-66,-187],[-212,-616],[-121,-273],[-109,-226],[-30,-335],[-6,-475],[-115,-187],[-158,-210],[-236,-226],[-550,-476],[-388,-350],[-363,-351],[-200,-273],[-677,-717],[-164,-202],[-193,-257],[-345,-437],[-122,-171],[-187,-273],[-170,-218],[-248,-327],[-133,-335],[-115,-203],[-236,-374],[-188,-281],[-102,-148],[-279,-381],[-193,-343],[-85,-133],[-200,-288],[-103,-132],[-187,-242],[-146,-249],[-133,-250],[-175,-249],[-236,-172],[-315,-202],[-327,-218],[-206,-156],[73,-561],[-224,-203],[-266,-312],[-127,-272],[-206,-398],[-206,-413],[-115,-218],[-145,-273],[-97,-202],[-115,-234],[-206,-397],[-60,-265],[-43,-273],[-72,-312],[-121,-444],[-67,-218],[-103,-265],[-187,-327],[-140,-211],[-145,-233],[-91,-187],[-127,-273],[-48,-343],[-139,-405],[-121,-257],[-103,-195],[-140,-257],[-151,-328],[-212,-109],[-254,-117],[-278,-319],[-200,-148],[-284,-273],[-182,-335],[-139,-397],[-73,-304],[-48,-265],[-67,-452],[-54,-359],[-97,-420],[-115,-312],[-218,-125],[-357,0],[-79,-257],[-18,-343],[0,-366],[-91,-444],[-115,-351],[-103,-343],[-6,-413],[49,-233],[-224,-320],[-194,-249],[-200,-164],[-139,-78],[-163,-444],[60,-413],[49,-491],[-273,-202],[-175,-289],[-254,-327],[-79,-273],[-139,-171],[-224,-273],[85,-210],[36,-281],[115,-187],[103,-304],[-24,-389],[6,-312],[78,-288],[-6,-398],[-121,-272],[-260,-250],[-145,-148],[-188,-280],[55,-343],[90,-296],[194,-367],[260,-304],[49,-296],[-224,-358],[-18,-499],[42,-311],[-248,-359],[-266,-241],[-206,-250],[-345,-156],[-182,-249],[-54,-187],[-73,-288],[-109,-390],[18,-296],[-18,-218],[-30,-328],[-30,-241],[-115,-429],[12,-280],[-158,-179],[-205,-203],[-121,-351],[-152,-117],[73,-444],[272,-280],[-36,-218],[121,-281],[224,-265],[230,-335],[-145,-257],[-188,-421],[188,-335],[290,-319],[145,-320],[188,-140],[176,-234],[248,-358],[248,-304],[-18,-296],[115,-351],[326,-273],[188,-366],[291,-47],[236,-39],[320,-179],[140,-304],[266,-156],[333,-70],[321,94],[230,-109],[169,-390],[85,-249],[278,-281],[151,-288],[212,-109],[236,-203],[285,179],[151,94],[139,249],[321,-179],[-48,-257],[-12,-273],[-19,-249],[25,-382],[199,-343],[-30,-273],[-139,-444],[-103,-265],[60,-483],[212,-249],[-18,-265],[91,-421],[242,-171],[127,-273],[260,-203],[321,109],[127,-389],[24,-335],[109,-320],[0,-265],[-66,-257],[193,-405],[164,-172],[-49,-350],[13,-203],[-55,-296],[-66,-249],[48,-405],[18,-374],[36,-281],[97,-390],[176,-78],[224,-109],[193,-218],[321,31],[200,-233],[181,-367],[134,-327],[-115,-351],[-37,-327],[37,-210],[-85,-460],[-158,-195],[-229,-218],[-182,-319],[109,-250],[48,-335],[-97,-234],[-260,-233],[85,-359],[-115,-312],[-6,-303],[254,-250],[-18,-288],[103,-327],[254,-164],[200,-109],[248,-125],[-30,-460],[139,-405],[327,-46],[181,-164],[285,-39],[314,-187],[146,-8],[254,94],[163,-102],[260,-226],[134,-194],[248,-55],[375,335],[345,-195],[163,-85],[249,-172],[205,-187],[309,-156],[157,-187],[182,-70],[290,0],[333,-109],[230,-125],[236,-257],[206,-86],[212,-85],[194,-78],[248,-86],[345,179],[272,-62],[115,-117],[151,-351],[67,-241],[254,-312],[0,-304],[-109,-467],[224,-312],[248,-101],[182,31],[284,125],[230,124],[164,39],[272,-257],[176,-280],[169,-374],[-109,-265],[-42,-421],[48,-366],[230,-141],[67,-187],[339,-62],[254,-78]],[[555880,312447],[-67,-171],[-78,-328],[-121,-381],[-73,-273],[-236,-78],[-279,125],[-242,-125],[-248,-78],[-103,312],[-205,335],[-249,-16],[-236,47],[-278,-8],[-218,148],[-163,-296],[-49,-296],[-296,-47],[-164,211],[-6,327],[-133,436],[-369,-117],[-285,-132],[-96,-62],[-194,39],[-121,257],[-103,187],[-248,187],[-170,140],[-278,117],[-315,202],[-266,-46],[-169,187],[-67,233],[54,320],[-121,382],[-248,202],[-218,8],[-72,327],[-351,156],[-285,-187],[-333,133],[-205,15],[-224,-163],[-273,109],[-18,249],[-309,296],[-278,242],[-272,148],[-254,117],[-122,210],[-145,203],[-218,335],[-296,296],[-315,156],[-212,39],[-175,218],[-315,132],[-61,359],[-320,-31],[-309,-187],[-284,-148],[-261,-117],[-139,-133],[-121,-436],[-302,-226],[-218,-148],[-55,-218],[-42,-351],[-267,-23],[-151,140],[-230,-86],[-224,-117],[-254,-15],[-163,413],[-309,-180],[-133,-397],[-303,47],[-260,47],[-163,46],[-249,172],[-72,280],[-230,47],[-36,327],[-309,296],[-224,-62],[-278,0],[-309,-93],[-230,179],[-73,195],[-109,342],[-121,258],[-333,116],[-230,-132],[55,-390],[-363,-39],[-273,125],[-272,234],[-169,335],[-261,-8],[-375,8],[-218,226],[-187,109],[-170,226],[-66,210],[-285,78],[-181,226],[108,265],[-157,327],[-194,133],[-260,0],[-169,-109],[-236,-24],[-309,-38],[-357,-32],[-36,-343],[-115,-233],[-351,-8],[-212,-218],[0,-483],[-49,-382],[-314,-94],[-140,141],[-193,335],[-327,78],[-242,124],[-266,-171],[-230,343],[-140,327],[-218,187],[-205,-86],[-188,-62],[-236,62],[-212,-93],[-187,-102],[-285,117],[-133,273],[-218,148],[-236,86],[-163,156],[-255,93],[-248,-132],[-66,452],[181,366],[-236,241],[-248,-233],[-315,241],[-139,211],[-121,194],[-151,297],[-345,101],[-91,273],[-157,140],[-267,47],[-181,-265],[-303,46],[-133,297],[127,381],[55,219],[-146,444],[-108,257],[-7,226],[-230,311],[-217,86],[-230,63],[-164,-39],[-163,311],[-12,343],[-242,327],[-127,390],[-158,55],[-194,171],[-211,55],[-297,93],[-175,171],[-194,289],[-151,273],[-194,148],[-157,335],[-128,210],[-278,-109],[-73,-281],[-217,-366],[-115,-358],[-188,-172],[-145,-179],[-261,-101],[-242,-140],[-236,-117],[-230,15],[-284,-93],[-139,179],[-200,304],[-278,-39],[-194,47],[-230,187],[-67,397],[127,382],[-30,296],[-115,171],[-24,351],[18,366],[-12,226],[-54,328],[-61,420],[-176,273],[-217,-23],[-152,389],[12,359],[-145,421],[-212,381],[-175,172],[-297,280],[-248,265],[-103,476],[-78,389],[-212,47],[-261,23],[-181,-54],[-321,-47],[-218,242],[-224,179],[-175,335],[-18,319],[-376,39],[-217,-156],[-188,16],[-212,16],[-375,39],[-206,31],[-230,31],[-303,31],[-217,31],[-285,16],[-339,31],[-339,-8],[-175,218],[-176,421],[-169,63],[-248,342],[-212,289],[-121,117],[-248,132],[-267,140],[-302,-39],[-188,156],[-127,289],[-339,-63],[-212,133],[-181,210],[-176,31],[-224,63],[-333,93],[-290,288],[-188,8],[-333,-31],[-248,-16],[-333,-226],[-339,195],[-217,281],[-176,93],[-163,226],[-61,242],[-224,218],[-187,203],[-91,171],[-158,405],[-115,289],[-78,171],[-170,210],[-175,102],[-194,54],[-194,296],[115,413],[109,320],[-42,475],[54,304],[25,281],[-37,264],[67,452],[-224,320],[-200,140],[-169,117],[-176,226],[-133,148],[-218,109],[-266,-101],[-242,-55],[-157,55],[-249,202],[-133,172],[-169,312],[-279,257],[-224,93],[-302,-39],[-170,133],[-193,187],[-146,241],[-66,172],[-133,421],[72,327],[85,280],[42,219],[109,257],[-6,498],[-175,187],[-152,304],[-151,180],[-266,171],[-36,390],[193,101],[49,327],[-152,320],[-115,210],[-272,164],[-200,366],[-12,444],[-42,210],[-266,351],[-200,210],[-85,180],[-12,343],[-6,218],[-194,226],[-314,280],[-31,390],[-151,288],[-236,211],[-285,132],[-78,351],[-115,179],[-12,288],[-103,335],[-121,78],[-267,211],[-345,-180],[-187,-163],[-176,-195],[-290,-70],[-218,-70],[-272,31],[-291,70],[-157,117],[-224,140],[-254,148],[-230,-39],[-182,-156],[-375,8],[-224,218],[-55,429],[-96,296],[-115,320],[-230,210],[-115,257],[-127,226],[-176,249],[-303,39],[-369,-54],[-339,62],[-72,413],[-121,312],[-200,171],[-164,296],[-121,156],[-211,179],[-194,359],[-212,54],[-290,86],[-37,436],[-224,78],[-181,86],[-273,172],[-242,-32],[-60,-280],[-133,-195],[-200,-343],[-12,-343],[-345,0],[-279,8],[-157,-93],[-97,-296],[152,-312],[-79,-421],[-206,-16],[-200,-233],[-302,-218],[-61,-234],[-248,-343],[-66,-265],[36,-359],[-73,-428],[-236,-273],[-284,16],[-315,31],[-151,257],[24,226],[-248,335],[-200,-39],[-175,273],[-224,203],[-188,-47],[-218,-366],[-248,-102],[-303,102],[-272,-234],[-176,319],[-169,102],[-206,-211],[-193,-226],[-339,-8],[-242,-7],[-158,-117],[-145,-203],[-163,-296],[-255,78],[-242,-16],[-242,24],[-278,31],[-170,-55],[-254,-296],[-24,-280],[42,-320],[-36,-257],[67,-358],[157,-390],[278,-179],[109,-273],[-236,-296],[-206,-101],[-230,-133],[-60,-405],[-333,78],[-284,62],[-188,141],[-375,109],[-109,-468],[-152,-179],[37,-359],[24,-265],[48,-249],[79,-374],[-309,-93],[-254,-86],[-236,-156],[-115,-179],[-169,-195],[-297,-39],[-224,55],[-181,31],[-303,-226],[-103,-257],[-145,-312],[-242,-39],[-182,-179],[-187,-125],[-273,-125],[-30,-405],[170,-350],[42,-289],[-127,-366],[-291,-78],[-242,-242],[-163,-101],[-291,70],[-163,109],[-242,-31],[18,-444],[-97,-405],[24,-374],[224,-187],[24,-211]],[[474386,343982],[73,-319],[157,-218],[188,-8],[230,-39],[61,-319],[-67,-203],[30,-343],[-133,-304],[-248,-358],[-103,-257],[-272,-187],[-242,7],[-152,-335],[-230,-389],[-254,-109],[-133,-164],[-224,-101],[-357,-180],[-248,125],[-266,-8],[-158,156],[-369,8],[-121,-234],[-200,-249],[-97,-327],[-211,-265],[-291,-24],[-254,-350],[-145,-265],[-255,-343],[-96,-289],[-13,-335],[115,-374],[170,-304],[-42,-405],[-134,-171],[-121,-374],[-284,-234],[-133,-312],[-285,-23],[-254,-117],[-66,-195],[-212,-296],[-224,-163],[-194,-211],[-206,-125],[-151,-358],[103,-210],[30,-289],[-139,-413],[24,-358],[-91,-281],[-230,-78],[-278,-303],[-200,-304],[-284,-195],[-6,-249],[-194,-367],[-194,-257],[-102,-187],[-164,-210],[-103,-351],[182,-358],[175,-242],[315,-78],[176,39],[96,-428],[-90,-242],[-188,-148],[-182,-140],[-205,-172],[-224,-366],[36,-304],[327,-241],[218,-203],[133,-203],[91,-280],[248,-374],[-97,-328],[-151,-202],[-158,-413],[218,-265],[-91,-304],[-363,-164],[-42,-436],[-67,-382],[73,-327],[-67,-366],[-157,-413],[-85,-444],[-678,-725],[-133,-133],[-296,-109],[-3807,148],[-854,32],[-696,218],[-375,202],[-327,499],[-980,1582],[-1047,1699],[-272,327],[-376,296],[-326,210],[-805,445],[-1398,529],[-2694,741],[-805,210],[-744,164],[-630,85],[-139,-7],[-442,-102],[-345,-163],[-248,-195],[-284,-249],[-1870,-2330],[-24,-24],[-721,-904],[-254,-249],[-175,-125],[-212,-85],[-194,-16],[-194,16],[-254,78],[-139,374],[133,342],[-36,141],[-684,132],[-109,16],[-351,-31],[-236,132],[-315,-70],[-236,109],[-272,70],[-145,-140],[-230,-172],[-376,-39],[-254,-23],[-369,55],[-115,218],[-163,171],[-206,413],[-85,405],[-278,-39],[-103,-405],[-127,-304],[-194,-202],[-345,195],[-284,109],[-67,-320],[36,-444],[-175,-62],[-375,124],[-339,-179],[-182,-62],[-248,47],[-133,124],[-121,257],[-230,63],[-170,-16],[-272,195],[-321,242],[-302,-102],[-170,203],[-351,124],[-254,-116],[-321,-8],[-194,-296],[-181,-78],[-321,62],[-212,-15],[-230,374],[-187,202],[-315,211],[6,335],[-61,202],[-24,296],[-91,195],[-211,179],[-170,-15],[-248,78],[-212,-24],[-175,-132],[-297,-156],[-363,-8],[-242,0],[-266,63],[-273,-133],[-121,-148],[-199,-140],[-327,-172],[-230,-62],[-254,39],[-273,-265],[-139,-273],[-103,-210],[-175,-195],[-249,-132],[-199,210],[-248,16],[-303,-156],[-200,132],[-345,78],[-121,421],[109,304],[-12,234],[-194,202],[-296,-78],[-224,-85],[-297,-125],[-181,-203],[-339,226],[-194,265],[-194,140],[-211,273],[-194,242],[-139,140],[-369,117],[-224,-234],[-248,16],[-182,296],[-212,70],[-230,-101],[-321,-219],[-72,-241],[-357,-148],[-248,-172],[-170,180],[-272,-47],[-303,-273],[49,-405],[-200,-405],[-339,-47],[-200,-132],[-302,-149],[-230,8],[-321,0],[-375,-46],[-200,-94],[-158,-101],[-351,46],[-211,-54],[-364,-31],[-133,-211],[-248,-319],[-145,-164],[-291,-117],[-96,320],[-194,257],[-224,101],[-218,226],[-242,250],[-224,-351],[-163,-133],[-333,-85],[-260,8],[-224,140],[-236,-164],[-285,-23],[-169,23],[-285,-15],[-272,93],[-297,-39],[-345,-202],[-193,-429],[-351,-132],[-176,7],[-151,-327],[-43,-218],[-18,-437],[61,-413],[60,-420],[-12,-304],[-24,-335],[54,-242],[-24,-366],[-151,-281],[-248,-109],[-200,-7],[-254,-47],[-176,-172],[-236,-187],[-248,39],[-230,141],[-157,-203],[-242,-273],[-79,-179],[-169,-397],[-164,-172],[-169,-132],[-194,-109],[-169,-55],[-273,62],[-230,-39],[-193,-93],[-309,-195],[-309,-195],[-212,-156],[-369,-70],[-236,78],[-157,187],[-139,367],[-61,280],[73,288],[-18,359],[175,296],[-30,467],[-206,133],[-290,156],[-236,-70],[-170,-117],[-230,-55],[-303,-117],[-230,-171],[-296,-187],[-242,-164],[-212,-132],[-175,-117],[-176,-117],[-284,-187],[-164,-156],[-151,-140],[-206,-172],[-266,-218],[-279,-265],[-333,-101],[-266,-78],[-175,-23],[-212,-55],[-236,-148],[-200,-132],[-284,54],[-176,-179],[-115,-164],[-36,-420],[-43,-336],[-12,-194],[12,-406],[-72,-350],[-79,-179],[-24,-312],[-272,-288],[-255,-297],[230,-249],[255,86],[290,0],[163,-39],[291,-265],[103,-390],[-151,-397],[-176,-171],[-254,-320],[-333,-210],[-188,-164],[-151,-171],[-212,-148],[-206,-188],[-284,-257],[-188,-171],[-230,-210],[-242,-55],[-363,148],[-236,86],[-242,15],[-272,-124],[-370,62],[-314,86],[-152,280],[-151,624],[-91,288],[-296,210]],[[395877,313826],[-690,6795],[-212,3834],[-272,3062],[-273,1574],[-569,1785],[-157,436],[-999,2135],[-211,444],[-1955,4099],[-454,725],[-248,397],[-630,811],[-272,358],[-194,296],[-145,281],[-127,421],[-157,202],[-279,101],[-224,78],[-284,86],[-267,203],[-314,218],[-170,335],[-284,584],[-121,257],[-24,429],[-115,312],[-140,304],[-266,374],[-73,93],[-254,296],[-181,94],[-73,288],[-36,242],[-200,179],[-278,257],[-134,320],[-133,249],[-266,538],[-157,490],[42,351],[-133,405],[-55,203],[-139,257],[-169,265],[-91,397],[6,297],[-109,350],[139,273],[97,218],[24,421],[-24,397],[36,257],[134,234],[236,164],[308,109],[218,382],[-163,397],[-206,374],[18,351],[-79,179],[-314,218],[-248,-85],[-19,451],[2875,2136],[182,124],[206,164],[381,117],[1011,459],[314,172],[200,335],[151,273],[152,179],[260,218],[163,101],[97,359],[6,467],[115,343],[170,125],[109,327],[187,351],[158,444],[30,203],[78,288],[85,280],[115,421],[0,320],[-6,241],[-12,312],[6,366],[-24,304],[-170,343],[-223,101],[-37,382],[133,429],[-18,233],[115,367],[55,171],[96,288],[-6,226],[-109,398],[25,358],[369,78],[260,-62],[248,-94],[297,250],[85,218],[0,319],[-146,437],[-78,366],[-279,257],[-218,172],[-333,-133],[-302,-47],[-133,164],[-182,280],[-127,297],[-60,226],[-103,288],[78,335],[43,210],[-230,320],[-176,358],[-72,250],[-43,233],[-42,351],[66,242],[97,218],[97,234],[218,296],[212,179],[187,140],[176,164],[254,179],[139,101],[206,141],[248,350],[133,257],[79,242],[42,249],[97,335],[212,180],[182,226],[-73,264],[-200,203],[-193,109],[-158,281],[0,272],[-48,312],[97,429],[175,179],[218,343],[109,327],[85,343],[30,288],[67,234],[121,257],[-12,242],[-19,288],[-24,397],[49,273],[78,195],[85,296],[24,218],[91,398],[260,187],[224,163],[24,374],[31,273],[6,320],[-587,-47],[-285,78],[-236,39],[-1979,249],[-169,242],[-218,358],[-55,475],[-145,452],[-145,312],[-121,304],[-109,249],[-200,468],[-339,911],[-79,250],[-36,428],[381,842],[-139,382],[-302,327],[-43,47],[-563,569],[-1059,1091],[-308,327],[-279,296],[-309,335],[-363,390],[-472,467],[-254,265],[-393,398],[-581,600],[-273,280],[-339,335],[-169,164],[-363,343],[-932,974],[-842,880],[-484,491],[-805,818],[-193,172],[-133,156],[-479,483],[-1646,1683],[-1083,1130],[-841,833],[-218,156],[-406,195],[-266,94],[-145,117],[-200,210],[-170,195],[-169,202],[-188,195],[-151,156],[-188,203],[-242,249],[-199,210],[-121,117],[-273,281],[-163,171],[-254,273],[-152,156],[-127,421],[382,568],[351,530],[248,374],[242,343],[127,125],[194,288],[133,234],[60,226],[-242,273],[-242,233],[-418,437],[-774,779],[-85,101],[-145,507],[-267,249],[-248,203],[-302,249],[-363,312],[115,350],[484,671],[375,545],[284,429],[-363,319],[-199,156],[-146,109],[-236,242],[-254,358],[-133,226],[-121,210],[-139,258],[-200,366],[-163,311],[-140,226],[-211,281],[-152,179],[-224,257],[-133,141],[-175,202],[-297,374],[-103,218],[-78,335],[-109,219],[-182,202],[-139,156],[-297,359],[-472,568],[-163,203],[-164,148],[-508,390],[-91,62],[-290,203],[-230,132],[-206,78],[-272,70],[-218,70],[-357,172],[-273,140],[-169,86],[-448,288],[-412,280],[-478,312],[-460,327],[-393,343],[-412,374],[-157,180],[-351,498],[-260,335],[-218,281],[-291,405],[-205,218],[-261,125],[-320,117],[-261,23],[-248,-8],[-200,24],[-460,85],[-242,71],[-224,132],[-169,125],[-278,179],[-255,195],[127,849],[122,608],[60,241],[127,694],[-127,319],[-242,258],[12,420],[0,398],[0,234],[-42,265],[103,685],[109,468],[151,537],[151,515],[212,654],[-236,289],[-448,358],[-430,304],[-381,257],[-321,257],[-212,390],[109,460],[249,1137],[48,304],[-24,257],[-321,982],[-291,647],[-2463,4660],[-18,23]],[[352688,445547],[-236,390],[-85,132],[-199,218],[-339,203],[-345,23],[-255,-62],[-266,-62],[-381,0],[-242,54],[18,351],[182,421],[-31,405],[-72,358],[-146,483],[-12,24],[-97,491],[-12,117],[6,397],[-54,280],[-151,211],[48,382],[218,187],[121,179],[133,218],[-36,359],[18,405],[67,319],[205,335],[43,429],[181,335],[176,117],[236,93],[1071,421],[605,273],[515,265],[641,382],[24,7],[339,211],[545,413],[188,101],[193,55],[1296,171],[496,109],[248,195],[999,1005],[193,179],[188,148],[2336,1434],[666,405],[1967,1286],[1652,1068],[212,132],[1234,888],[255,195],[218,265],[320,452],[127,211],[128,187],[151,249],[-24,444],[24,281],[-121,265],[-109,467],[-363,374],[-67,55],[-405,93],[-212,179],[-206,304],[-67,312],[-320,70],[-152,156],[-54,288],[-36,413],[-121,211],[-218,109],[-164,226],[-333,140],[-314,164],[-164,296],[-187,140],[-127,242],[-7,358],[-344,203],[-158,194],[-85,328],[19,218],[-73,428],[-18,476],[-97,296],[-55,343],[55,327],[254,23],[200,63],[133,389],[85,437],[72,179],[-6,382],[164,272],[-37,219],[-163,241],[-60,468],[-237,109],[-381,-16],[-163,234],[48,444],[-6,281],[194,187],[127,296],[-18,179],[103,366],[121,257],[103,359],[278,195],[182,124],[12,312],[169,436],[188,156],[157,250],[61,265],[-31,303],[-139,382],[6,351],[-163,351],[12,311],[48,289],[-66,467],[91,288],[102,445],[-121,265],[-157,311],[-97,257],[-6,390],[-54,281],[-212,93],[-297,281],[-133,272],[-127,195],[-6,366],[-121,429],[-36,374],[-212,140],[12,320],[42,272],[-127,250],[-79,389],[-242,39],[-296,63],[-55,241],[-72,444],[-133,320],[-243,210],[-193,335],[6,234],[12,475],[-55,320],[-181,288],[18,257],[-36,289],[-115,194],[-291,187],[-36,297],[-61,296],[194,413],[145,109],[255,288],[-7,359],[164,132],[224,312],[248,140],[224,-397],[-24,-234],[18,-390],[266,-257],[182,94],[320,15],[237,-156],[169,-39],[242,94],[182,93],[199,63],[194,374],[-12,218],[278,164],[158,-141],[284,-54],[242,46],[345,-140],[182,343],[-139,343],[217,390],[140,288],[-12,382],[-109,117],[-73,335],[97,210],[230,242],[-79,350],[-163,226],[-18,242],[102,350],[309,226],[224,-39],[297,24],[248,109],[272,-16],[339,187],[103,390],[-12,475],[187,164],[182,351],[85,296],[333,226],[302,78],[369,-71],[67,-327],[363,8],[248,23],[254,-296],[291,-148],[351,-148],[345,78],[175,94],[224,-71],[255,320],[24,195],[18,319],[-109,281],[-163,335],[-73,296],[-42,296],[157,405],[200,312],[205,288],[128,437],[163,311],[291,281],[254,124],[84,445],[-66,218],[218,273],[199,319],[176,366],[36,460],[12,210],[115,289],[67,202],[91,289],[121,171],[224,109],[224,234],[157,148],[139,249],[67,195],[133,242],[212,335],[260,-63],[357,-85],[248,-8],[218,16],[321,38],[212,71],[284,109],[363,-63],[255,-15],[205,-63],[158,-389],[42,-234],[236,-210],[357,-141],[272,164],[55,249],[200,335],[109,156],[266,164],[218,-16],[272,-171],[-24,-304],[290,-218],[176,249],[157,421],[164,242],[351,93],[181,109],[206,320],[260,155],[327,164],[279,16],[211,194],[345,16],[188,-101],[297,39],[211,39],[206,233],[212,-296],[151,-171],[273,-156],[302,304],[333,-8],[363,148],[285,-15],[351,-102],[212,320],[211,202],[182,156],[139,172],[24,335],[315,15],[163,8],[291,195],[176,273],[-103,475],[139,320],[333,-172],[242,-109],[200,242],[375,0],[97,-320],[157,-187],[333,-39],[169,-288],[97,-195],[363,-8],[224,78],[182,156],[272,-226],[-194,-335],[121,-351],[188,-62],[212,23],[188,320],[115,257],[133,296],[224,351],[248,-86],[230,23],[212,-46],[145,-281],[175,-335],[327,-86],[309,265],[218,133],[175,101],[309,-179],[24,-218],[-12,-390],[-230,-320],[236,-288],[254,-117],[242,-257],[127,-241],[109,-164],[182,-226],[224,-187],[175,78],[37,351],[12,226],[42,389],[115,242],[158,132],[242,101],[302,-116],[139,-172],[164,-226],[308,-226],[140,-70],[278,195],[157,234],[303,304],[182,46],[199,-78],[194,-155],[297,155],[84,273],[-54,304],[-145,288],[-91,343],[66,242],[97,218],[85,249],[182,203],[157,93],[18,413],[339,55],[54,-249],[13,-265],[223,-148],[176,280],[188,413],[60,156],[127,280],[164,71],[242,-55],[290,-78],[279,-8],[163,31],[333,-62],[321,164],[12,343],[133,155],[230,195],[12,320],[-42,389],[-18,281],[30,265],[97,218],[193,327],[109,281],[273,54],[248,-171],[97,-101],[242,-343],[345,163],[217,320],[7,444],[12,452],[236,319],[212,125],[223,109],[297,265],[151,421],[140,288],[229,47],[297,47],[103,249],[97,273],[72,226],[218,265],[218,-172],[273,211],[254,47],[187,194],[164,117],[218,-31],[236,101],[193,398],[91,389],[49,258],[54,374],[230,46],[242,125],[297,-187],[-55,-475],[-187,-250],[223,-327],[200,62],[351,70],[188,-374],[230,-187],[260,-78],[170,94],[230,-132],[175,-203],[333,-55],[230,16],[272,132],[127,226],[303,125],[278,156],[291,-62],[169,-55],[212,-132],[242,-289],[309,8],[0,312],[266,210],[73,359],[-6,467],[218,140],[254,359],[315,-8],[224,0],[78,351],[-121,249],[-18,436],[291,226],[66,335],[73,484],[-97,335],[296,218],[170,327],[224,249],[490,1855],[24,101],[188,1380],[-139,210],[-25,421],[37,343],[18,233],[109,265],[6,218],[-61,343],[-895,5408],[-140,530],[-266,468],[-623,865],[-37,39],[-593,662],[-1204,1106],[-266,156],[-261,78],[-351,86],[-339,226],[-211,195],[-515,491],[-272,257],[-55,70],[-823,1208],[-581,818],[-181,335],[-152,327],[-60,203],[-79,257],[-66,358],[-37,359],[0,514],[12,218],[43,304],[109,429],[193,639],[67,296],[163,1870],[-205,421],[-188,421],[-272,335],[-285,226],[-296,241],[-842,1068],[-230,343],[-744,1457],[-73,132],[-230,179],[-484,515],[-968,943],[-1144,950],[-496,320],[-321,163],[-406,180],[-393,187],[-375,163],[-466,320],[-1011,1091],[-502,833],[-836,1294],[-1095,1979],[-865,2182],[-134,506],[-78,413],[-61,491],[-18,632],[-36,607],[-6,429],[18,428]],[[396918,567449],[1410,1676],[605,693],[430,811],[454,982],[442,896],[333,958],[121,390],[417,1511],[-48,265],[187,437],[91,218],[170,195],[242,382],[205,171],[182,187],[151,288],[49,250],[169,311],[224,219],[85,413],[30,342],[12,234],[-12,359],[-48,374],[12,226],[175,397],[230,-8],[321,257],[218,195],[127,133],[200,210],[200,23],[272,-62],[212,405],[151,289],[151,109],[67,374],[224,257],[254,358],[206,257],[242,351],[79,374],[181,437],[303,140],[-6,218],[139,304],[109,187],[-115,358],[-6,429],[-37,288],[49,483],[85,515],[54,288],[73,413],[121,265],[199,405],[-169,343],[-194,148],[-139,405],[-18,257],[-24,328],[12,459],[66,421],[-18,257],[158,320],[-25,241],[-12,273],[73,273],[-36,311],[-188,359],[-266,54],[-152,312],[31,304],[48,203],[145,319],[37,273],[224,257],[133,171],[224,234],[236,359],[151,218],[115,312],[157,148],[182,210],[157,203],[97,187],[-12,303],[260,297],[170,54],[236,140],[272,-124],[254,226],[146,350],[211,289],[61,304],[79,163]],[[409991,599047],[762,-124],[7947,-3616],[3099,-1488],[562,-523],[575,-514],[993,-896],[635,-600],[327,-249],[2125,-1629],[617,-405],[454,-257],[756,-437],[194,-101],[315,-179],[387,-218],[472,-296],[121,-390],[230,-234],[188,-156],[212,-15],[296,226],[145,54],[364,78],[248,265],[169,242],[363,179],[182,265],[236,31],[103,296],[308,187],[273,8],[206,-86],[199,141],[248,148],[255,-141],[84,-218],[333,187],[61,296],[224,63],[260,23],[145,-218],[315,-16],[91,429],[187,117],[230,62],[242,218],[236,-54],[194,15],[194,24],[242,163],[218,320],[278,109],[363,117],[242,202],[158,141],[224,358],[266,210],[175,109],[255,24],[139,148],[260,-179],[176,-117],[320,-86],[224,-15],[297,15],[260,0],[248,-47],[188,125],[290,-8],[309,47],[248,23],[152,-23],[387,-187],[133,-109],[115,-312],[188,-140],[345,-47],[218,39],[199,-132],[109,-257],[363,-55],[218,-140],[351,-78],[224,15],[170,8],[278,-70],[369,132],[206,211],[254,202],[194,0],[194,-101],[290,0],[133,179],[236,343],[182,257],[230,47],[163,-397],[327,-530],[218,-351],[72,-85],[594,-71],[187,-23],[757,-93],[181,-16],[315,335],[285,242],[720,101],[575,47],[908,85],[30,0],[454,257],[212,141],[1192,646],[660,382],[36,8],[387,125],[872,288],[248,78],[272,70],[236,47],[1368,156],[163,-31],[249,-117],[326,23],[249,101],[115,180],[308,78],[266,-297],[176,-202],[284,8],[109,257],[218,78],[194,-94],[260,39],[103,273],[260,335],[12,226],[61,405],[188,413],[290,-39],[321,179],[139,148],[254,-7],[254,179],[224,358],[121,109],[79,320],[224,288],[-36,281],[6,296],[199,335],[152,47],[242,15],[139,234],[254,280],[115,351],[91,211],[242,288],[279,163],[266,86],[206,257],[103,164],[217,187],[206,288],[18,468],[-30,389],[30,336],[91,350],[-12,296],[242,180],[121,296],[-127,288],[6,203],[0,475],[-48,296],[-18,288],[-49,320],[-6,327],[950,117],[351,39],[363,70],[146,16],[248,-16],[417,-31],[563,-47],[1090,-101],[339,-8],[272,31],[769,55],[326,8],[509,46],[175,-8],[309,-15],[175,-23],[1150,-195],[79,-8],[1447,-210],[375,-125],[605,-257],[2397,-1060],[0,-8],[1144,-662],[1567,-935],[406,-172],[617,-202],[157,-47],[230,-31],[618,0],[3607,86],[2723,-47],[7360,-86],[2971,-62],[618,-109],[744,-117],[1416,-289],[1441,-288],[1041,-210],[1434,-296],[6373,-1364],[3601,-834],[4152,-935],[5054,-1200],[2487,-608],[1882,-311],[339,-102],[146,-452],[96,-280],[230,-335],[860,23],[121,-125],[79,-303],[151,-546],[139,-522],[139,-491],[73,-257],[67,-249],[-2555,-967],[19,-78],[296,-1052],[315,-1067],[200,-16],[792,-85],[13,-3811],[708,-2439],[139,-444],[169,-639],[400,-1519],[914,-3289],[169,-553],[188,-514],[520,-1504],[515,-1395],[103,-242],[175,-374],[654,-1184],[647,-1083],[242,-374],[200,-257],[1132,-1434],[188,-226],[647,-662],[272,-203],[249,-164],[163,-93],[369,-211],[351,-194],[248,-141],[279,-249],[242,-281],[611,-942],[339,-686],[363,-842],[24,-117],[43,-498],[60,-125],[212,-241],[170,-312],[-61,-507],[-12,-249],[61,-358],[-37,-164],[85,-366],[200,-47],[205,-257],[128,-265],[236,-226],[175,-94],[115,-265],[254,-210],[139,-218],[212,-335],[170,-335],[308,-242],[321,-257],[224,-140],[321,-117],[242,15],[218,-116],[206,-102],[272,-85],[212,-102],[302,39],[291,109],[260,-8],[291,-132],[103,-226],[84,-280],[67,-242],[200,-546],[-152,-374],[-30,-233],[-12,-281],[194,-304],[-31,-428],[-78,-218],[18,-429],[-12,-210],[-103,-297],[-200,-358],[127,-429],[24,-319],[13,-218],[-134,-335],[-157,-219],[-206,-23],[-127,-413],[0,-491],[145,-428],[37,-226],[266,-187],[36,-289],[-97,-475],[79,-436],[242,-335],[79,-390],[-24,-351],[-309,-117],[-490,-62],[-182,-31],[-163,-109],[-188,-265],[-133,-405],[-42,-686],[-25,-335],[-54,-569],[-85,-569],[-351,-709],[-429,-740],[-1459,-1644],[-2088,-2283],[-799,-577],[-460,-281],[-448,-475],[-254,-429],[-145,-631],[-18,-522],[30,-288],[212,-538],[375,-623],[545,-725],[647,-662],[1447,-1418],[1119,-951],[188,-171],[218,-195],[248,-265],[151,-179],[170,-265],[163,-273],[176,-327],[169,-273],[212,-343],[218,-218],[175,-78],[206,-47],[248,-39],[200,-15],[230,-16],[375,-54],[261,-102],[96,-421],[25,-264],[24,-320],[24,-265],[48,-343],[49,-296],[109,-273],[284,-249],[212,-288],[297,-265],[224,-234],[199,-226],[218,-218],[254,-288],[67,-71],[303,-389],[205,-250],[315,-46],[169,85],[261,133],[181,109],[273,148],[169,101],[188,102],[260,132],[327,156],[199,101],[255,140],[284,125],[242,109],[145,63],[255,116],[284,141],[345,101],[218,-125],[266,-272],[139,-172],[158,-202],[206,-297],[199,-233],[206,-265],[164,-195],[375,31],[218,250],[169,187],[212,272],[169,172],[230,296],[224,319],[127,226],[206,343],[139,218],[170,242],[224,288],[175,234],[152,109],[224,70],[266,-15],[133,-16],[272,-23],[297,-55],[224,-47],[302,-101],[194,-179],[164,-343],[133,-265],[139,-171],[181,-203],[224,-218],[339,-234],[285,-78],[302,-210],[194,-195],[170,-195],[248,-273],[199,-78],[242,86],[309,195],[157,86],[285,210],[188,203],[157,374],[91,319],[109,405],[109,273],[133,288],[290,312],[224,133],[236,-203],[115,-203],[152,-249],[314,-218],[200,-109],[194,-148],[175,-148],[236,-234],[139,-140],[200,-195],[188,-172],[266,-241],[157,-133],[182,-156],[309,-257],[224,-179]],[[352688,445547],[-224,-218],[-490,-468],[-654,-615],[-1089,-1052],[-1035,-982],[-811,-764],[-623,-607],[-412,-390],[-2451,-2330],[-3081,-2938],[-720,-678],[-284,-265],[-279,-210],[-399,-288],[-400,-179],[-381,-117],[-315,-71],[-466,-46],[-538,15],[-914,172],[-636,148],[-551,101],[-581,109],[-901,164],[-472,86],[-2470,452],[-42,-133],[-157,-288],[-182,-437],[-157,-631],[-249,-156],[-641,-304],[-514,-171],[-333,-93],[-146,-32],[-248,-39],[-230,-7],[-272,0],[-206,23],[-278,62],[-224,70],[-260,102],[-727,187],[-327,-70],[-272,-55],[-157,-39],[-254,-171],[-194,-211],[-164,-148],[-230,-163],[-968,-561],[-484,-16],[-291,16],[-242,132],[-278,148],[-218,-54],[-254,-55],[-394,0],[-544,-62],[-478,-55],[-303,-86],[-272,-155],[-170,-117],[-393,-195],[-345,47],[-115,475],[-55,288],[-42,405],[79,367],[78,249],[91,405],[-12,452],[-54,288],[-73,437],[6,226],[109,857],[12,140],[-175,55],[-243,54],[-266,117],[-236,164],[-254,187],[-212,202],[-290,250],[-206,125],[-182,77],[-206,63],[-242,23],[-217,8],[-237,-23],[-193,-47],[-630,-226],[-581,-242],[-314,-109],[-309,-93],[-278,-32],[-321,16],[-230,31],[-297,39],[-290,39],[-1320,195],[-393,55],[-291,38],[-375,71],[-212,31],[-230,-678],[-72,-296],[-43,-265],[-42,-234],[-42,-374],[-37,-436],[6,-328],[134,-374],[193,-296],[121,-171],[170,-234],[139,-187],[151,-210],[127,-172],[170,-234],[157,-218],[164,-218],[102,-148],[176,-242],[236,-342],[151,-273],[140,-351],[472,-1402],[-684,-304],[-188,-109],[-418,-219],[-435,-296],[-624,-685],[-157,-94],[-1005,-101],[-302,-39],[-327,-31],[-406,-32],[-974,-77],[-2003,-164],[-539,-47],[-357,-62],[-763,-265],[-127,-62],[-496,-336],[-284,-171],[-575,-249],[-406,-109],[-629,-156],[-527,-8],[-775,-8],[-181,16],[-3220,-47],[-188,8],[-199,109],[-218,-125],[-73,-218],[-224,-171],[-284,62],[-212,179],[-254,374],[-236,242],[-133,163],[-194,281],[-224,382],[-284,-94],[-170,-374],[-169,-101],[-267,-47],[-193,78],[-267,-23],[-266,218],[-242,-39],[-321,-234],[-157,-156],[-254,-218],[-206,-257],[-381,-94],[-243,187],[-357,-101],[-332,-62],[-315,195],[-115,-257],[-133,-141],[-261,47],[-224,-8],[-308,-171],[-182,234],[-163,319],[-127,164],[-212,70],[-242,132],[-254,148],[-188,16],[-236,70],[-224,-117],[-272,-148],[-236,-156],[-291,-140],[-278,-335],[-55,-366],[-193,-117],[-1241,-179],[-206,-16],[-236,78],[-387,148],[-254,-125],[-279,-296],[-212,-148],[-248,-93],[-48,-242],[-248,-366],[-206,-125],[-260,-78],[-297,-257],[-254,-70],[-242,23],[-170,-93],[-90,-312],[-91,-273],[-133,-132],[-249,-273],[-109,-93],[-302,-141],[-430,-405],[-278,-234],[-176,-155],[-284,-195],[-176,-218],[-242,-39],[-151,194],[-218,63],[-230,-31],[-169,78],[-212,140],[-242,171],[-491,585],[-133,124],[-224,141],[-218,85],[-187,47],[-224,0],[-297,-31],[-556,-288],[-333,-180],[-327,-31],[-285,24],[-435,23],[-1386,-234],[-1568,-428],[-1368,-312],[-187,164],[12,724],[6,335],[-18,242],[-109,491],[-182,530],[-78,171],[-406,592],[-381,460],[-206,179],[-381,281],[-339,124],[-339,133],[-1277,506],[-254,187],[-158,554],[-97,498],[-230,1177],[-54,78],[-315,-16],[-375,-140],[-1561,-600],[-194,-273],[-388,-1410],[-478,-1543],[-24,-86],[-175,-459],[-152,-273],[-139,-179],[-284,-359],[-1223,-1371],[-629,-748],[-242,-289],[-224,-264],[-533,-710],[-157,-218],[-315,-460],[-430,-615],[-520,-444],[-351,-296]],[[255332,417090],[-369,2026],[-424,1776],[-623,1644],[-793,2089],[-97,249],[-660,1753],[-18,47],[-460,1068],[-18,54],[-490,1411],[-309,1317],[-157,888],[-43,280],[-66,468],[-388,1613],[-284,1621],[-55,304],[-42,202],[-206,811],[-393,1504],[-242,818],[-823,1878],[-1513,2470],[-1544,2922],[-1531,3273],[-7559,16137],[-127,281],[-4443,10551],[-3298,11626],[-345,1239],[-1404,4948],[-2003,7052],[-1247,4403]],[[223358,505813],[1555,148],[1150,218],[690,163],[115,39],[291,164],[266,187],[424,296],[750,546],[950,646],[315,195],[206,70],[248,31],[1162,39],[956,297],[388,218],[296,327],[460,1192],[121,405],[109,390],[333,101],[363,47],[1174,-16],[4091,484],[261,85],[435,234],[339,101],[103,55],[291,218],[321,117],[175,132],[176,203],[66,210],[55,421],[60,320],[18,257],[6,740],[115,281],[212,288],[-393,810],[91,203],[84,312],[85,350],[79,343],[78,312],[121,530],[97,413],[-575,272],[200,585],[236,273],[230,265],[97,257],[54,226],[158,382],[84,412],[79,273],[170,437],[121,358],[36,164],[24,374],[-48,265],[-73,296],[-109,272],[-60,351],[-309,273],[-327,249],[-169,133],[-254,202],[-285,273],[-333,164],[55,1519],[-12,1060],[24,460],[54,226],[55,249],[199,1371],[279,-7],[345,148],[157,39],[242,-8],[400,-109],[163,405],[73,218],[272,553],[266,546],[146,335],[157,335],[163,366],[121,327],[97,491],[533,-46],[303,-39],[187,-16],[224,31],[260,141],[333,109],[230,39],[266,70],[236,54],[285,31],[175,328],[-42,226],[-91,366],[0,327],[61,257],[127,670],[859,-210],[333,-47],[357,-78],[394,-101],[429,-70],[642,-109],[278,-55],[309,-124],[315,-125],[266,-164],[496,-280],[406,-234],[345,-179],[200,-55],[338,-70],[79,-312],[12,-303],[24,-211],[97,-343],[79,-420],[60,-351],[13,-312],[-285,-483],[-30,-475],[290,-289],[297,-303],[266,-297],[206,-272],[412,-320],[478,-273],[230,-140],[-6,-413],[-61,-436],[61,-421],[254,-132],[230,-16],[327,0],[332,-70],[255,545],[60,109],[345,523],[242,280],[200,156],[315,125],[181,-39],[279,124],[-49,429],[37,343],[296,872],[-12,351],[-163,320],[-121,303],[205,226],[345,102],[230,23],[363,0],[230,-70],[230,-31],[230,397],[194,133],[12,405],[115,226],[145,335],[273,164],[36,296],[-6,311],[266,281],[158,436],[103,273],[284,257],[224,382],[206,86],[175,179],[333,171],[230,-54],[272,-304],[279,-47],[393,273],[273,187],[109,132],[115,335],[181,678],[97,265],[169,257],[188,180],[182,163],[296,281],[158,241],[145,109],[357,164],[194,249],[290,-101],[85,-210],[181,-304],[188,-273],[133,-241],[176,-328],[127,-233],[224,-110],[290,-93],[333,-109],[176,-78],[254,-23],[199,39],[358,-8],[187,-31],[902,-47],[18,202],[-36,304],[212,242],[133,195],[78,288],[31,343],[205,389],[666,203],[333,117],[478,171],[497,125],[284,62],[339,148],[526,593],[206,233],[515,608],[78,-47],[478,-389],[31,-8],[569,31],[556,1107],[134,-70],[568,1465],[291,241],[242,-62],[375,0],[297,132],[200,-15],[332,46],[279,-210],[212,-164],[169,-194],[279,-234],[-61,-296],[-30,-265],[272,-156],[194,47],[266,-148],[157,-32],[224,-70],[206,-85],[266,163],[267,281],[97,343],[236,46],[254,-179],[266,-179],[212,117],[327,-78],[-12,444],[308,8],[285,39],[181,54],[255,70],[121,328],[103,327],[-61,475],[48,390],[37,288],[54,343],[200,320],[18,288],[-42,397],[163,258],[109,241],[297,117],[163,203],[42,374],[-48,249],[139,312],[79,288],[224,343],[254,171],[151,94],[218,109],[170,70],[242,-23],[157,101],[212,265],[121,179],[133,288],[164,156],[242,211],[121,155],[260,86],[284,234],[176,156],[72,436],[188,226],[127,94],[254,-32],[255,265],[217,211],[218,265],[206,117],[696,-16],[599,374],[1501,927],[2318,1551],[212,125],[950,530],[981,350],[1652,733],[2040,1098],[320,117],[872,405],[387,164],[484,156],[85,23],[436,187],[865,561],[460,390],[430,429],[79,77],[520,624],[3093,4597],[321,335],[193,180],[273,93],[127,-8],[302,-70],[345,-109],[261,-47],[236,-23],[187,16],[206,31],[254,132],[230,109],[212,70],[188,-39],[284,-132],[351,31],[206,140],[194,172],[375,226],[363,125],[315,101],[296,187],[261,257],[260,16],[236,-63],[296,234],[303,47],[224,-31],[333,39],[290,0],[297,-149],[448,-124],[145,-109],[236,-234],[412,-390],[145,-241],[127,-281],[91,-428],[91,-226],[187,-234],[188,-265],[115,-218],[66,-335],[103,-343],[85,-226],[24,-265],[85,-444],[278,-156],[139,-195],[146,-249],[0,-343],[357,-133],[187,-288],[200,-39],[242,0],[194,-319],[230,23],[175,-366],[236,-390],[146,-296],[260,133],[278,7],[170,-140],[260,-164],[97,-225],[284,-141],[357,8],[182,-242],[79,-218],[109,-382],[133,-327],[139,-226],[303,-195],[308,-140],[327,242],[176,304],[326,-39],[176,265],[351,124],[218,-93],[163,-242],[345,31],[333,78],[375,-31],[170,187],[97,281],[199,381],[212,180],[224,93],[170,140],[217,39],[297,-101],[333,-47],[236,242],[-103,319],[321,180],[206,-180],[199,86],[212,-62],[170,-187],[284,117],[188,-180],[357,47],[157,172],[279,39],[66,280],[266,195],[152,234],[339,70],[296,117],[182,54],[260,-179],[297,-140],[145,-78],[145,-257],[24,-328],[339,86],[363,-132],[285,-47],[254,-117],[42,-405],[315,-211],[176,-413],[187,-241],[170,-148],[314,-156],[236,-62],[321,-156],[273,-94],[230,78],[157,-444],[60,-382],[261,-101],[218,101],[115,335],[229,164],[297,-156],[42,-218],[279,-117],[254,55],[248,-16],[351,-156],[206,-273],[103,-350],[103,-218],[272,-47],[321,-94],[296,-132],[146,-242],[42,-327],[121,-148],[170,-273],[205,-187],[218,-140],[218,78],[278,-24],[321,-109],[236,63],[224,241],[85,304],[309,-93],[290,-195],[236,-109],[218,-320],[248,-280],[273,15],[242,-335],[211,-374],[49,-311],[54,-281],[146,-429],[302,-233],[279,-125],[151,-78],[175,-187],[224,-70],[273,195],[181,-8],[206,-156],[309,62],[254,351],[260,491],[151,312],[182,358],[121,460],[97,218],[260,125],[200,195],[260,265],[109,342],[224,94],[278,-133],[236,94],[279,312],[242,-86],[79,390],[169,311],[206,351],[66,257],[128,171],[357,764],[84,491],[115,639],[370,2829],[115,537],[986,2034],[551,1216],[151,202],[339,460],[1465,1816],[1440,763],[194,86],[938,436],[393,78],[2246,366],[859,78],[1023,-7],[151,-8],[878,-117],[841,-164],[278,-70],[1138,-444],[872,-358],[417,-102],[945,-8],[3122,-70],[709,-163],[653,-141],[285,-93],[230,-78],[617,-265],[829,-273],[502,-140],[824,-335],[417,-210],[164,-172],[696,-1332],[611,-1434],[121,-304],[91,-218],[266,-499],[291,-405],[653,-460],[569,-319],[478,-55],[787,-70],[993,-132],[538,-78],[678,-250],[430,-233],[381,-265],[484,-304],[521,-296],[454,-94],[563,0],[393,62],[545,195],[895,569],[1332,927],[1822,1426],[575,406],[1670,1254],[1144,1184]],[[395877,313826],[-182,-163],[-248,-211],[-127,-93],[-260,-195],[-357,-109],[-315,-47],[-212,-202],[-115,-172],[-121,-265],[-109,-273],[-224,-366],[-302,156],[-218,164],[-321,-141],[-315,-93],[-175,-117],[-37,-304],[6,-475],[55,-320],[97,-405],[-6,-312],[-152,-288],[-169,-93],[-351,-86],[30,-359],[212,-342],[79,-273],[-61,-343],[-60,-249],[-103,-226],[-176,-195],[-248,54],[-296,86],[-170,117],[-309,-132],[-224,-281],[-169,-429],[139,-397],[0,-390],[61,-257],[54,-257],[43,-436],[-37,-203],[-181,-241],[-339,93],[-254,-312],[-13,-257],[-145,-304],[-72,-319],[-236,-242],[-224,-93],[-218,-164],[-109,-179],[-12,-374],[-79,-242],[-133,-304],[-85,-249],[-115,-319],[-169,-374],[-164,-265],[-145,-102],[-188,-233],[-230,-374],[-151,-281],[-91,-265],[-254,-241],[-248,-156],[-200,-265],[-36,-203],[-48,-288],[-128,-452],[-90,-218],[-85,-328],[-303,-296],[-66,-319],[-279,-172],[-175,-265],[-164,-148],[-272,-54],[-278,93],[-61,273],[-278,234],[-212,-70],[-176,-242],[188,-374],[151,-234],[115,-452],[-260,-93],[67,-405],[205,-234],[121,-187],[-72,-421],[-176,-234],[-175,-179],[-133,-428],[-12,-335],[-61,-250],[-206,-327],[-218,-140],[-90,-226],[-170,-335],[-97,-211],[-121,-257],[-181,-218],[-146,-140],[-211,-312],[-242,-273],[-61,-202],[-85,-390],[-151,-203],[-73,-257],[-6,-257],[-175,-288],[-236,-226],[-146,-273],[-139,-265],[-272,211],[-236,249],[-236,288],[-145,156],[-321,-125],[-327,-54],[-236,-312],[67,-273],[-61,-319],[-194,-335],[-54,-218],[-182,-281],[-181,-78],[-194,-405],[-290,-693],[151,-242],[169,-296],[85,-226],[-6,-452],[-321,-460],[-145,-218],[151,-343],[230,-109],[133,-390],[176,-226],[145,-296],[224,-210],[248,-179],[170,-156],[242,-281],[187,-257],[146,-195],[169,-311],[212,-94],[430,-241],[175,-226],[291,-156],[272,241],[188,-93],[163,-242],[357,-93],[194,-327],[54,-289],[109,-249],[260,-140],[243,-109],[187,-141],[236,-218],[273,-195],[181,-132],[200,-265],[73,-343],[502,-740],[672,-1418],[393,-881],[884,-1223],[805,-1387],[236,-258],[205,-101],[236,-54],[206,-8],[248,70],[236,288],[255,398],[236,257],[187,109],[248,366],[182,390],[230,70],[242,93],[291,195],[169,148],[309,70],[339,195],[242,55],[212,0],[326,8],[224,-8],[230,39],[139,179],[43,413],[163,413],[218,31],[285,-23],[357,-109],[333,-219],[230,-116],[326,-94],[212,242],[-6,397],[0,444],[18,312],[103,202],[315,250],[532,218],[237,62],[169,0],[351,-78],[224,-93],[206,-164],[151,-187],[345,-756],[303,-444],[314,-280],[466,-312],[291,-164],[121,-54],[635,-296],[255,-86],[780,-265],[1114,-218],[375,-39],[388,23],[611,63],[405,23],[206,62],[151,203],[364,639],[435,522],[176,390],[181,678],[273,296],[205,132],[170,312],[85,273],[218,272],[236,-78],[278,-249],[224,-23],[206,54],[339,156],[163,-62],[278,-335],[370,-834],[139,-647],[42,-351],[0,-335],[-6,-381],[-18,-289],[-412,-1784],[-175,-530],[-91,-281],[-127,-709],[-91,-537],[-199,-881],[-176,-787],[-182,-584],[-205,-483],[-206,-343],[-436,-507],[-720,-623],[-218,-250],[-60,-249],[108,-335],[103,-140],[363,-211],[43,-31],[690,-514],[811,-670],[551,-592],[145,-180],[423,-514],[539,-686],[206,-257],[169,-327],[878,-1675],[575,-1099],[206,-390],[230,-647],[-25,-420],[-302,-857],[-309,-842],[-79,-203],[-157,-257],[-218,-234],[-133,-358],[-351,-429],[-224,-280],[-236,-304],[-109,-382],[-48,-467],[-6,-476],[54,-491],[266,-1394],[509,-1387],[327,-803],[339,-927],[205,-686],[67,-842],[-36,-304],[-6,-319],[-6,-226],[-43,-280],[-121,-336],[-60,-342],[151,-219],[-30,-405],[-25,-343],[-18,-381],[61,-281],[-55,-257],[-48,-312],[-12,-241],[-30,-297],[-13,-397],[-54,-771],[-42,-250],[-13,-265],[-6,-343],[-18,-311],[-18,-250],[36,-779],[67,-1013],[611,-1831],[146,-304],[175,-265],[97,-109],[278,-226],[121,-78],[654,-304],[194,-124],[175,-156],[176,-296],[54,-242],[127,-483],[109,-304],[79,-148],[660,-1153],[405,-896],[157,-359],[279,-911],[103,-437],[24,-319],[-6,-382],[-79,-452],[-103,-366],[-460,-1520],[-236,-569],[-139,-335],[-127,-413],[-73,-296],[-36,-421],[85,-716],[30,-406]],[[414094,221168],[0,-39],[-73,-2057],[-36,-958],[-36,-398],[-212,-670],[-363,-1457],[-182,-1052],[-103,-764],[-18,-210],[-85,-1255],[-18,-545],[-6,-187],[24,-335],[109,-764],[55,-483],[-30,-405],[-267,-958],[-260,-600],[-333,-764],[-187,-366],[-140,-242],[-109,-397],[-42,-429],[-48,-327],[-127,-366],[-406,-803],[-345,-86],[-654,16],[-811,-8],[-453,-47],[-303,-117],[-170,-187],[-514,-779],[-720,-1052],[-503,-670],[-689,-997],[-140,-273],[-163,-530],[-460,-1800],[-400,-1106],[-363,-787],[-326,-554],[-563,-896],[-684,-467],[-551,-374],[-175,-24],[-261,78],[-327,-148],[-90,-421],[18,-475],[85,-413],[102,-296],[43,-257],[-12,-452],[-67,-304],[-127,-265],[-24,-358],[0,-164],[-6,-881],[24,-607],[-42,-445],[-115,-350],[-146,-257],[-90,-312],[12,-483],[236,-1870],[-12,-647],[12,-265],[72,-265],[109,-234],[115,-265],[55,-249],[-12,-281],[-67,-381],[-181,-234],[-243,-148],[-308,-187],[-103,-234],[-103,-1169],[-36,-522],[-25,-312],[-84,-210],[-109,-366],[-6,-273],[36,-226],[176,-203],[272,-241],[672,-748],[1089,-1325],[236,-351],[151,-335],[-18,-358],[-1144,-779],[-369,-296],[-139,-413],[-6,-476],[85,-569],[36,-249],[375,-1145],[515,-2050],[97,-218],[230,-319],[163,-265],[151,-382],[24,-172],[13,-498],[-6,-211],[-97,-740],[-115,-514],[-376,-1590],[-944,-2930],[-1374,-4301],[-345,-982],[-1125,-2205],[-242,-327],[-176,-172],[-532,-538],[-933,-732],[-199,-327],[-139,-452],[-103,-327],[-49,-343],[-169,-289],[-164,-93],[-248,-101],[-193,-133],[-152,-452],[-12,-327],[49,-390],[6,-15],[-575,304],[-1005,662],[-696,608],[-569,459],[-133,102],[-357,272],[-745,304],[-750,180],[-1586,187],[-333,54],[-1022,187],[-291,62],[-339,156],[-272,125],[-170,39],[-218,23],[-314,109],[-248,24],[-388,15],[-266,86],[-303,78],[-375,16],[-224,101],[-1495,810],[-266,211],[-151,117],[-1174,935],[-1665,1340],[-369,296],[-1537,1255],[-575,545],[-539,546],[-1592,1379],[-811,943],[-1289,1285],[-1325,1450],[-926,896],[-206,218],[-708,740],[-121,141],[-200,218],[-472,537],[-956,865],[-1102,904],[-139,117],[-2766,2377],[-1997,1737],[-333,250],[-769,569],[-1809,1426],[-333,62],[-266,86],[-388,249],[-920,647],[-708,389],[-841,530],[-67,47],[-1488,990],[-860,514],[-641,390],[-309,140],[-151,39],[-297,109],[-157,117],[-218,202],[-218,109],[-1126,585],[-48,23],[-908,359],[-182,78],[-3268,1589],[-502,250],[-24,15],[-1889,1317],[-2160,1597],[-79,55],[-581,429],[-296,226],[-358,280],[-478,304],[-429,265],[-1066,569],[-1204,896],[-859,756],[-255,218],[-805,709],[-357,351],[-357,350],[-647,1193],[-37,62],[-363,647],[-91,117],[-811,997],[-36,54],[-1071,858],[-623,475],[-721,545],[-992,733],[-811,608],[-327,249],[-327,327],[-303,320],[-671,966],[-454,600],[-200,203],[-242,210],[-254,156],[-920,577],[-49,31],[-550,382],[-19,15],[-369,226],[-193,187],[-1060,1169],[-447,506],[-412,460],[-605,686],[-684,857],[-436,522],[-762,1200],[-418,655],[-593,943],[-133,210],[-769,1551],[-1773,3709],[-1574,3117],[-2826,4511],[-1901,3071],[-1016,1628],[-1205,2159],[-1579,3155],[-345,912],[-563,1488],[-103,367],[-333,1153],[-514,1800],[-291,1301],[-442,2011],[-1168,4083],[-998,3561],[-509,2096],[-157,631],[-61,351],[-205,1177],[-485,2493],[-242,1535],[-54,452],[-55,686],[-272,1418],[-176,608],[-175,608],[-49,171],[-139,514],[-48,359],[-12,163],[-55,250],[-127,631],[-145,678],[-48,249],[-509,1777],[-357,1075],[-472,1317],[-12,23],[-1011,2159],[-992,2026],[-533,1239],[-902,1691],[-1277,2595],[-266,576],[-200,444],[-224,343],[-532,655],[-25,31],[-472,787],[-272,538],[-260,678],[-248,545],[-261,577],[-308,600],[-254,561],[-128,241],[-163,281],[-212,366],[-308,452],[-430,561],[-515,670],[-502,787],[-242,382],[-327,296],[-218,312],[-738,1317],[-315,615],[-218,445],[-587,1153],[-284,615],[-200,538],[-18,47],[-279,514],[-108,242],[-79,202],[-109,343],[-73,226],[-205,413],[-261,483],[-157,359],[-151,381],[-91,382],[-109,250],[-157,241],[-152,452],[-60,351],[-31,226],[-84,343],[-55,171],[-387,935],[-357,881],[-61,171],[-248,530],[-200,374],[-96,429],[-460,1846],[-357,951],[-594,1169],[-544,1075],[-503,1021],[-532,1216],[-484,935],[-412,709],[-339,1005],[860,-335],[260,-101],[351,241],[60,39],[1749,1200],[303,257],[194,109],[205,-23],[309,78],[236,-55],[242,8],[376,47],[290,8],[169,-172],[152,-265],[133,-296],[339,0],[206,31],[369,-15],[218,257],[103,148],[211,164],[285,210],[278,335],[206,133],[424,272],[175,102],[254,124],[345,172],[279,117],[181,77],[188,71],[266,109],[206,-172],[121,-148],[315,109],[181,109],[176,94],[242,31],[333,-23],[194,156],[205,241],[146,125],[278,171],[236,125],[145,8],[218,374],[-169,249],[-37,249],[-103,304],[-121,226],[-90,234],[-85,335],[-55,234],[-42,304],[12,350],[-42,491],[6,390],[194,3117],[36,428],[302,1645],[103,327],[164,288],[242,359],[708,584],[678,343],[145,78],[811,569],[696,997],[508,1083],[297,982],[472,733],[769,1168],[435,445],[448,350],[466,234],[491,164],[260,62],[417,-8],[303,16],[1344,-663],[1265,-639],[96,-62],[612,-538],[145,-85],[278,-102],[1671,-631],[284,-31],[218,8],[309,0],[200,-8],[351,-16],[121,-54],[544,-397],[357,-242],[303,-218],[242,-156],[381,16],[454,-47],[248,-24],[345,-39],[351,-46],[206,-102],[248,-31],[273,-31],[145,-23],[248,-8],[1501,93],[157,-7],[606,-8],[375,93],[569,631],[490,554],[194,117],[242,23],[1125,109],[218,86],[926,1137],[158,78],[835,-124],[260,-234],[212,-444],[290,-624],[146,-233],[411,-538],[309,-288],[260,-32],[1876,600],[2748,881],[2233,717],[10598,3397],[206,180],[145,241],[97,195],[127,242],[91,225],[60,367],[73,428],[60,257],[121,312],[188,249],[109,117],[266,63],[182,-250],[193,-257],[140,-187],[205,-312],[194,-303],[139,-219],[121,-194],[261,15],[169,156],[291,-47],[157,-265],[224,-124],[321,-164],[308,164],[121,210],[133,304],[103,374],[73,327],[79,405],[90,429],[152,249],[91,156],[193,366],[285,289],[175,257],[97,358],[91,406],[97,358],[332,421],[315,257],[430,203],[339,93],[212,31],[230,55],[254,-102],[194,-155],[193,-8],[194,132],[224,218],[345,117],[157,78],[254,78],[200,86],[242,-16],[303,141],[193,249],[49,483],[-79,249],[-6,445],[42,358],[-145,164],[-193,311],[-128,312],[-66,273],[206,304],[260,117],[163,124],[79,312],[42,242],[61,233],[6,281],[97,241],[224,374],[236,-85],[266,-141],[206,273],[212,320],[242,327],[296,226],[188,132],[115,382],[206,250],[48,233],[61,320],[115,163],[205,125],[67,460],[-139,350],[248,258],[200,311],[133,219],[272,194],[-30,460],[-67,281],[-242,202],[-24,281],[36,382],[146,264],[-43,429],[-224,382],[49,202],[-49,320],[194,140],[254,164],[-91,374],[-127,234],[91,342],[145,71],[230,374],[79,311],[48,242],[97,257],[333,86],[218,257],[-145,288],[-109,195],[133,413],[284,62],[273,-7],[48,366],[24,280],[-60,289],[-151,428],[54,250],[-163,366],[-218,-47],[-200,179],[-85,320],[-417,-164],[-787,-304],[-418,-93],[-272,-148],[-200,46],[-357,133],[-254,101],[-182,70],[-254,125],[-351,78],[-200,-47],[-224,-78],[-357,-124],[-345,-187],[-248,-63],[-551,-124],[-320,-55],[-188,-47],[-200,-54],[-272,-109],[-321,-94],[-199,-8],[-206,47],[-248,-8],[-345,78],[-236,156],[-164,78],[-224,86],[-314,0],[-206,-8],[-327,-62],[-218,-86],[-351,171],[-73,382],[-96,195],[18,327],[181,320],[139,187],[-6,428],[218,195],[73,273],[67,288],[217,288],[146,180],[145,202],[-956,390],[-587,202],[-321,94],[-702,148],[-230,47],[-333,-47],[-345,-140],[-654,-218],[-205,-78],[-509,-195],[-629,-195],[-563,-125],[-472,-15],[-466,31],[-642,78],[-405,39],[-327,-16],[-333,-78],[-381,-101],[-854,-101],[-514,62],[-460,203],[-569,280],[-781,670],[-817,624],[-611,530],[-563,459],[-514,398],[-327,296],[-230,163],[-484,320],[-430,296],[-194,242],[-109,194],[-163,328],[-194,296],[-121,179],[-103,374],[-236,187],[-278,125],[-200,39],[-272,39],[-273,15],[-278,-288],[-85,-257],[-272,-148],[-206,54],[-351,-78],[-218,-93],[-133,-187],[-248,8],[-284,-39],[-224,-32],[-351,-124],[-194,62],[-212,249],[-278,117],[-799,234],[-12,8],[-491,70],[-429,8],[-309,-47],[-248,-78],[-309,-179],[-520,-413],[-509,-382],[-193,-156],[-212,-148],[-291,-148],[-351,-163],[-345,-172],[-387,-218],[-430,-296],[-454,-242],[-302,-140],[-248,-93],[-363,-141],[-273,-31],[-187,-117],[-164,-109],[-309,-171],[-223,-39],[-285,-39],[-169,-47],[-218,-117],[-357,-156],[-188,-78],[-375,-23],[-1713,600],[-315,265],[-756,623],[-751,546],[-302,93],[-454,-78],[-569,-467],[-375,-320],[-327,-163],[-381,140],[-454,234],[-436,420],[-527,624],[-1821,538],[-261,-24],[-272,-249],[-291,-109],[-363,-164],[-351,-171],[-302,-63],[-206,-23],[-375,23],[-527,-46],[-333,-226],[-212,-406],[-211,-296],[-206,-218],[-224,-148],[-176,-62],[-218,-102],[-236,-31],[-193,125],[-285,-55],[-121,-304],[-230,-46],[-230,62],[-205,55],[-333,85],[-448,421],[-866,803],[-2451,2633],[-2748,2650],[-248,600],[-327,592],[-175,288],[-284,172],[-345,195],[-285,117],[-181,-195],[-333,-125],[-170,-70],[-254,23],[-248,-31],[-164,86],[-169,195],[-206,132],[-266,117],[-345,16],[-212,-8],[-248,109],[30,319],[-151,296],[-242,47],[-158,-39],[-302,78],[-194,156],[-193,109],[-200,47],[-248,-39],[-158,47],[-314,-24],[-182,-148],[-73,-335],[-290,-117],[-224,125],[-266,-39],[-357,8],[-1586,592],[-272,86],[-2294,608],[-2772,677],[-127,24],[-854,93],[-218,94],[-266,187],[-175,54],[-587,71],[-333,0],[-176,-39],[-417,-180],[-146,-54],[-992,-250],[-1840,-366],[-85,-23],[-1725,-608],[-714,-257],[-1138,-257],[-1156,-351],[-236,-86],[-1113,-506],[-1937,-787],[-1507,-507],[-91,-46],[-442,296],[-169,272],[-6,125],[-24,748],[6,351],[12,249],[91,701],[108,795],[55,429],[133,623],[49,296],[18,328],[48,1028],[12,468],[30,460],[55,553],[60,647],[37,849],[0,343],[42,343],[121,592],[18,70],[194,553],[42,327],[-12,211],[-18,810],[0,164],[-12,483],[333,2408],[-97,1574],[-30,366],[-55,678],[25,717],[284,2758],[-18,1442],[139,1208],[315,3280],[36,1730],[-73,904],[19,639],[90,1146],[-66,1184],[6,242],[18,716],[-24,413],[-224,655],[-212,631],[-48,140],[-491,1902],[-187,724],[-454,2510],[0,15],[-297,1746],[-72,662],[0,132],[12,554]],[[555880,312447],[187,-257],[-24,-242],[109,-327],[194,-273],[224,-15],[151,-374],[-121,-218],[48,-413],[279,23],[248,39],[309,-94],[78,-280],[309,78],[115,202],[163,289],[12,234],[140,241],[103,187],[78,257],[261,109],[290,-272],[260,-55],[345,187],[273,31],[369,-124],[206,31],[272,288],[224,179],[278,94],[194,-86],[175,-210],[164,-367],[230,-202],[296,-226],[224,-148],[297,-102],[266,-85],[188,-117],[157,-312],[55,-467],[-31,-234],[-60,-366],[85,-320],[302,-195],[158,-15],[133,452],[-49,335],[285,249],[157,125],[230,-31],[182,-281],[96,-179],[122,-296],[260,-257],[254,-55],[333,-23],[357,101],[181,234],[237,-47],[96,-257],[103,-460],[139,-296],[158,-226],[187,-31],[249,62],[169,47],[218,47],[260,109],[182,125],[302,-117],[188,-226],[67,-234],[211,-179],[297,-257],[254,-203],[194,78],[187,-390],[25,-397],[320,70],[115,296],[164,249],[72,211],[61,265],[67,304],[296,249],[182,-390],[42,-389],[297,-102],[284,-38],[103,-281],[224,-187],[266,93],[157,203],[115,195],[303,23],[266,-226],[206,335],[164,296],[302,149],[206,-351],[290,-133],[91,211],[285,117],[230,-94],[199,47],[285,125],[212,413],[90,311],[109,109],[279,-62],[302,-226],[200,47],[-151,265],[-188,218],[-339,226],[-127,304],[158,70],[242,156],[90,234],[91,264],[-12,484],[-145,319],[-12,288],[-55,312],[-54,304],[-103,444],[-24,288],[36,219],[188,381],[266,156],[182,109],[266,141],[248,194],[254,304],[164,374],[236,219],[369,-63],[436,-70],[320,-47],[242,-46],[430,-71],[297,-46],[381,-70],[254,-39],[424,-70],[187,-32],[339,-62],[152,-23],[272,-24],[303,102],[272,171],[732,468],[829,537],[91,63],[896,600],[242,163],[630,390],[484,311],[508,336],[551,350],[121,86],[327,15],[199,-249],[200,-397],[164,-398],[230,-467],[205,-405],[176,-312],[103,-226],[169,-226],[109,-390],[157,-358],[140,-257],[115,-265],[157,-164],[73,-288],[133,-398],[206,-420],[357,-86],[296,-109],[230,-226],[79,-218],[24,-709],[-6,-406],[212,-85],[206,-47],[224,-8],[236,-15],[314,-117],[4261,6857],[36,584],[55,421],[206,733],[290,1059],[0,320],[-127,904],[254,1270],[49,366],[133,1294],[653,1652],[-163,218],[-139,366],[-164,249],[-121,187],[-163,180],[-151,124],[97,374],[320,351],[206,273],[127,163],[212,296],[291,429],[405,569],[436,623],[91,133],[260,381],[212,281],[266,234],[296,187],[358,210],[932,514],[562,328],[212,117],[236,132],[194,117],[297,234],[205,249],[25,335],[-115,226],[-115,382],[-103,179],[30,476],[97,405],[6,358],[-97,335],[-121,390],[-12,343],[30,210],[55,320],[6,444],[-182,358],[-109,320],[-48,335],[-67,444],[-115,327],[-48,312],[-176,343],[-254,280],[-109,257],[-163,413],[42,242],[61,296],[163,140],[744,351],[158,358],[18,351],[139,265],[42,281],[146,226],[139,249],[-55,397],[-96,421],[54,468],[726,342],[261,242],[290,86],[188,85],[212,328],[230,93],[278,-93],[321,23],[242,179],[357,55],[1023,-164],[302,-163],[109,-47],[279,-94],[157,-54],[230,-164],[224,-179],[1634,-631],[-236,-889],[-169,-498],[-158,-413],[-109,-234],[-339,-904],[-212,-810],[2603,-1013],[-85,-1107],[-6,-93],[30,-460],[121,-849],[43,-180],[42,-343],[55,-677],[36,-343],[18,-289],[6,-389],[-12,-554],[212,-498],[290,-8],[848,31],[744,16],[430,15],[393,0],[484,16],[442,8],[-157,-390],[-218,-390],[36,-381],[127,-351],[73,-460],[-36,-265],[-31,-241],[7,-405],[12,-429],[-261,-70],[-357,-109],[55,-842],[85,-483],[42,-514],[0,-585],[-12,-459],[0,-219],[-6,-327],[1240,-86],[-102,-436],[-55,-428],[48,-437],[684,-179],[418,-125],[309,-85],[133,-226],[133,-507],[48,-397],[43,-546],[405,-2571],[194,-709],[393,-951],[236,-631],[109,-647],[212,-1410],[133,-1683],[194,-1832],[151,-1496],[315,-3117],[133,-779],[127,-670],[267,-1738],[169,-272],[333,-265],[375,-250],[757,-483],[6149,-234],[599,39],[647,148],[551,172],[569,265],[387,272],[1961,1520],[1380,764],[920,319],[769,187],[399,0],[170,-16],[260,-62],[593,-171],[91,-24],[750,-249],[327,-94],[648,-202],[187,-55],[321,-85],[418,-117],[339,-86],[375,-55],[242,24],[345,23],[297,-54],[169,-47],[339,-39],[357,-101],[230,-219],[127,-155],[236,-109],[236,140],[666,491],[73,62],[278,226],[520,444],[188,187],[127,203],[97,397],[24,203],[37,491],[78,452],[182,413],[133,194],[387,413],[158,180],[345,397],[720,779],[224,250],[200,218]],[[649230,311855],[871,-1247],[399,-577],[182,-444],[212,-935],[60,-857],[-30,-382],[-127,-374],[-424,-919],[-478,-1161],[-42,-289],[-12,-755],[72,-468],[321,-709],[133,-226],[521,-592],[605,-943],[436,-787],[635,-1325],[297,-600],[357,-888],[1114,-2642],[1156,-2501],[175,-366],[490,-1091],[109,-320],[67,-272],[54,-289],[103,-530],[79,-841],[66,-896],[91,-1574],[-24,-445],[-6,-358],[103,-351],[6,-459],[103,-265],[109,-406],[12,-420],[-194,-405],[-127,-297],[-145,-272],[-73,-172],[-18,-459],[6,-265],[73,-234],[18,-304],[327,-242],[326,-148],[91,-397],[-109,-281],[140,-389],[163,-156],[303,-210],[181,-226],[224,-258],[-36,-397],[115,-468],[109,-288],[193,-280],[273,-148],[187,-180],[218,-156],[-54,-335],[-85,-459],[-242,-156],[-61,-195],[134,-358],[151,-273],[-12,-218],[-127,-265],[-6,-398],[-73,-202],[18,-351],[170,-93],[151,-343],[-12,-312],[6,-265],[42,-397],[36,-398],[200,-234],[309,-54],[169,-359],[121,-303],[140,-250],[12,-436],[205,-366],[315,109],[260,-156],[19,-281],[157,-249],[169,-218],[103,-421],[521,-312],[1598,-1083],[278,-187],[60,-54],[364,-476],[1029,-1496],[1053,-1550],[623,-974],[629,-842],[357,-413],[521,-483],[369,-343],[769,-592],[145,-86],[315,-101],[460,-86],[169,-47],[273,-109],[248,-179],[478,-358],[127,-117],[460,-499],[484,-623],[563,-787],[823,-1310],[478,-865],[133,-288],[230,-1293],[400,-1824],[393,-1644],[-24,-343],[0,-452],[0,-459],[12,-577],[24,-522],[-6,-172],[-48,-506],[-61,-436],[-54,-460],[-85,-663],[-30,-335],[-85,-561],[-54,-467],[-55,-663],[-30,-545],[1011,-195],[169,-23],[248,-31],[1453,7],[484,-15],[405,15],[382,24],[998,86],[327,38],[841,94],[218,47],[206,78],[1011,514],[363,-70],[157,-437],[91,-452],[30,-272],[-12,-460],[0,-351],[-48,-241],[-49,-265],[-30,-234],[-24,-273],[79,-335],[115,-218],[42,-319],[79,-304],[121,-460],[96,-421],[122,-421],[121,-358],[242,-647],[218,-280],[205,-180],[164,-124],[266,-148],[321,-86],[193,-148],[297,-631],[145,-164],[297,-218],[212,-265],[351,-101],[327,-148],[1936,-1403]],[[689519,232506],[18,-54],[388,-1224],[-31,-234],[-944,-1207],[-230,-297],[-84,-132],[-194,-210],[-303,-148],[-448,-125],[-369,-133],[-290,-155],[-164,-117],[-944,-811],[-599,-498],[-980,-741],[-315,-187],[-624,-350],[-242,-86],[-224,-47],[-702,-101],[-454,-62],[-381,-94],[-103,-39],[-514,-241],[-624,-413],[-889,-655],[-2010,-1091],[-290,-187],[-151,-109],[-212,-242],[-115,-155],[-67,-297],[18,-452],[73,-381],[-6,-273],[91,-397],[-103,-265],[-18,-429],[-242,-249],[-109,-413],[-140,-374],[-84,-281],[97,-452],[66,-304],[-36,-265],[-297,-171],[18,-561],[-6,-288],[-187,-328],[-67,-382],[-36,-350],[-49,-421],[-36,-132],[-708,-585],[-200,-257],[-109,-195],[-671,-1317],[-357,-576],[-206,-258],[-775,-662],[-1223,-1005],[-1876,-1418],[-290,-218],[-2034,-1349],[-3383,-1893],[-2772,-1005],[-1549,-608],[-430,-187],[-297,-140],[-478,-211],[-762,-343],[-145,-397],[-388,-1029],[-12,0],[-424,-140],[-284,-54],[-284,-47],[-237,-55],[-199,-23],[-315,-8],[-242,16],[-502,31],[-370,-23],[-593,-86],[-411,-55],[-418,-70],[-236,-23],[-327,-24],[-369,-78],[-200,-101],[-254,-140],[-290,-133],[-182,-39],[-296,-31],[-291,-15],[-218,54],[-315,180],[-369,-406],[-206,-171],[-357,-211],[-314,-140],[-206,-70],[-375,-93],[-515,-63],[-490,-78],[-514,-132],[-606,-281],[-738,-350],[-817,-515],[-285,-140],[-284,-117],[-569,-101],[-73,-8],[-653,-163],[-1192,-375],[-2397,-857],[-847,-405],[-569,-319],[-1084,-896],[-1331,-1356],[-987,-1122],[-605,-717],[-297,-312],[-290,-242],[-333,-218],[-381,-187],[-1410,-654],[-1241,-561],[-866,-452],[-1476,-1005],[278,-569],[79,-296],[-12,-281],[-97,-265],[-164,-179],[-187,-117],[-412,-210],[-1029,-522],[-205,-382],[-19,-195],[37,-343],[157,-351],[254,-265],[938,-350],[243,-242],[30,-327],[60,-1769],[12,-218],[61,-351],[42,-109],[176,-350],[97,-281],[169,-249],[260,-265],[-169,-359],[-188,-101],[43,-460],[151,-202],[163,-390],[-36,-273],[-97,-319],[-66,-405],[66,-390],[85,-436],[-127,-343],[193,-156],[158,-210],[66,-211],[182,-226],[169,-280],[37,-258],[-254,-272],[-103,-320],[-85,-366],[-163,-70],[-176,-242],[-60,-233],[-115,-343],[-109,-211],[-164,-202],[-103,-312],[152,-312],[217,78],[194,-39],[248,-163],[91,-304],[18,-296],[224,-172],[212,8],[175,-288],[19,-257],[-19,-297],[85,-202],[224,-156],[176,-86],[254,328],[351,85],[248,-54],[163,-63],[339,-39],[109,180],[49,304],[18,257],[303,140],[272,-405],[85,-437],[36,-366],[97,-210],[321,-117],[-103,-436],[-79,-343],[103,-289],[200,-109],[223,-210],[0,-335],[-127,-218],[-139,-413],[-206,-195],[-115,-468],[73,-257],[67,-210],[121,-289],[181,-202],[260,-156],[-121,-374],[200,-343],[242,125],[273,109],[254,86],[103,249],[314,-179],[134,-226],[187,-195],[369,-23],[85,233],[176,172],[163,374],[315,39],[139,-304],[-103,-343],[-54,-273],[12,-234],[6,-607],[12,-242],[30,-335],[36,-195],[182,-374],[242,-288],[242,-242],[266,-265],[176,-163],[339,-226],[315,-140],[224,-71],[272,-233],[73,-281],[-7,-436],[-84,-733],[-85,-841],[-103,-468],[-242,-600],[-115,-351],[-79,-288],[-121,-444],[-24,-281],[24,-233],[91,-242],[176,-226],[205,-195],[230,-171],[164,-242],[54,-335],[12,-218],[-18,-304],[-48,-210],[-194,-304],[-163,-133],[-285,-179],[-212,-148],[-145,-179],[-115,-366],[127,-366],[236,-429],[146,-343],[90,-296],[61,-421],[-121,-273],[-206,-155],[-278,-47],[-285,195],[-200,304],[-223,-172],[-61,-210],[-42,-328],[-25,-272],[-6,-234],[31,-366],[42,-195],[169,-296],[345,-63],[182,0],[272,-187],[73,-249],[-54,-405],[-134,-203],[-90,-467],[-206,-289],[36,-303],[206,-156],[206,-133],[187,-109],[261,-179],[145,-187],[115,-273],[145,-179],[224,-117],[206,-140],[127,-327],[121,-328],[12,-296],[-97,-249],[-139,-320],[-24,-241],[-55,-359],[-187,-109],[-218,-195],[91,-444],[181,-124],[339,7],[254,71],[303,-102],[206,-195],[139,-233],[66,-445],[255,-342],[145,179],[242,202],[194,250],[-206,335],[-182,327],[303,195],[236,-31],[139,-211],[79,-350],[-18,-437],[-61,-405],[18,-358],[-24,-398],[200,-233],[175,62],[273,288],[278,-179],[-91,-320],[-48,-194],[-43,-452],[-42,-405],[194,-226],[327,187],[163,194],[339,-93],[175,-304],[61,-249],[-188,-343],[-199,-78],[-485,-343],[-42,-312],[212,-233],[236,-133],[351,-31],[260,39],[212,109],[206,109],[181,31],[182,-421],[-61,-350],[-157,-172],[-230,-358],[127,-343],[145,-125],[200,-132],[351,39],[133,-405],[-181,-258],[-164,-233],[-199,-164],[-206,-78],[24,-374],[182,-117],[97,-350],[-55,-219],[91,-311],[145,-109],[109,-328],[-12,-319],[-85,-218],[-242,-265],[-169,-218],[-255,-164],[0,-483],[73,-359],[-24,-459],[-18,-343],[30,-203],[139,-296],[121,-179],[297,-312],[284,-47],[158,211],[78,444],[73,241],[375,32],[266,-164],[206,-195],[133,-195],[188,-140],[369,-62],[291,-101],[260,-312],[85,-257],[-25,-265],[-217,-421],[-364,-764],[-54,-132],[-170,-382],[-217,-296],[12,-397],[314,-265],[158,-133],[369,-296],[194,-288],[260,-211],[206,-93],[236,-187],[66,-211],[85,-498],[73,-406],[115,-280],[169,-133],[339,-70],[369,-78],[30,0],[394,-15],[266,15],[0,476],[230,350],[327,-70],[224,-374],[248,-179],[284,23],[249,117],[224,-93],[145,-203],[230,-86],[169,265],[79,452],[278,-78],[140,-109],[199,-202],[230,-172],[170,-85],[199,-63],[218,-8],[200,125],[218,507],[194,85],[199,16],[303,78],[321,-24],[290,-319],[164,-358],[103,-398],[175,-273],[127,-62],[297,-117],[296,-62],[436,-8],[345,23],[218,32],[212,194],[18,297],[18,241],[-6,343],[194,195],[187,202],[103,187],[103,343],[24,226],[139,234],[285,156],[242,148],[133,389],[121,265],[158,125],[205,187],[315,242],[30,358],[61,436],[163,180],[260,23],[273,234],[127,195],[206,272],[199,195],[170,125],[278,132],[158,-7],[272,-24],[163,-39],[212,-117],[297,-210],[218,-179],[260,-250],[230,-210],[-18,-483],[-303,23],[-224,-85],[-6,-367],[182,-85],[205,39],[279,140],[200,124],[242,187],[175,398],[182,467],[115,234],[290,-78],[206,351],[-236,343],[-200,304],[-6,257],[164,265],[236,179],[284,-101],[418,-593],[54,-226],[-12,-272],[-103,-850],[-187,-381],[-176,-141],[-109,-389],[-103,-881],[12,-296],[97,-444],[333,23],[260,125],[200,16],[291,-8],[217,-8],[176,39],[151,265],[-18,467],[-115,468],[-103,187],[-169,171],[254,343],[260,-140],[158,-156],[145,-202],[48,-421],[-24,-273],[36,-304],[115,-257],[127,-156],[297,-140],[309,70]],[[666624,123157],[-140,-296],[-133,-195],[-278,-54],[-345,-187],[85,-390],[-206,-296],[-230,280],[-321,-62],[-139,-366],[-248,-328],[-170,-288],[97,-413],[303,-280],[36,-250],[266,-54],[115,-164],[0,-374],[-42,-335],[-42,-405],[-303,156],[-145,171],[-248,-93],[-176,46],[-278,-210],[-85,-273],[-176,-156],[37,-342],[84,-429],[-127,-390],[-109,-280],[97,-257],[-18,-234],[-200,-296],[-175,-320],[-157,-233],[90,-281],[170,-234],[-6,-452],[-85,-405],[-182,-241],[-351,-39],[-181,-32],[-230,-202],[-212,-335],[-109,-234],[-18,-358],[36,-273],[-36,-226],[-73,-343],[-115,-281],[79,-436],[145,-226],[-72,-343],[-261,-187],[-96,-452],[-128,-311],[79,-250],[188,-296],[224,0],[278,-156],[157,-335],[146,-273],[60,-374],[-290,-140],[-182,39],[-175,218],[-206,8],[-164,288],[-296,-78],[-133,-303],[-321,-195],[-151,-195],[90,-475],[164,-328],[-85,-405],[-248,-226],[-351,-202],[-12,-250],[-176,-343],[-290,265],[-266,335],[-249,148],[-181,110],[-254,155],[-376,47],[-236,-234],[-175,-420],[-139,-297],[-267,234],[-308,78],[-158,-265],[206,-389],[91,-359],[-230,-140],[-18,-491],[12,-444],[-30,-211],[-49,-303],[127,-304],[49,-211],[-315,-218],[-230,210],[-230,-187],[-206,-7],[-230,-390],[-212,-234],[-151,-179],[-48,-483],[109,-249],[284,46],[218,-132],[157,-16],[-66,-467],[-285,-24],[-236,-132],[-157,-273],[-176,-428],[-236,-226],[-308,-141],[-12,-389],[169,-343],[-36,-312],[290,-210],[273,-125],[187,-70],[61,-358],[-242,-110],[-170,-132],[-200,-218],[-187,0],[-236,23],[-109,-280],[-170,-398],[-145,-296],[24,-312],[-42,-405],[-230,-350],[79,-258],[54,-218],[6,-304],[-30,-249],[151,-296],[109,-296],[224,-351],[236,-187],[206,-78],[54,-311],[-24,-203],[-194,-226],[-278,-179],[-127,-289],[30,-218],[-6,-436],[-103,-390],[-97,-202],[-254,-273],[12,-413],[-169,-117],[-12,-421],[121,-304],[169,-366],[109,-304],[-187,-421],[-121,-303],[-61,-297],[145,-303],[230,-32],[297,0],[-18,-459],[-109,-374],[54,-335],[139,-110],[-121,-327],[-199,-319],[-115,-148],[-200,-250],[-109,-124],[-163,-335],[-242,-289],[-212,47],[-230,39],[-188,23],[-242,63],[-357,31],[-212,-86],[-224,-78],[-290,-101],[-218,-8],[-315,23],[-236,-381],[-139,-195],[-212,-304],[-127,-210],[-157,-219],[-182,-218],[-139,-195],[-97,-342],[-212,-226],[-169,-242],[-31,-203],[-121,-257],[-320,31],[-273,39],[-315,-498],[-163,-125],[-188,-179],[-187,-257],[-182,-437],[-163,-382],[-133,-459],[-127,-172],[-206,-335],[-188,-195],[-145,-163],[-206,-367],[-42,-366],[-24,-272],[-97,-250],[-30,-452],[-103,-545],[-73,-187],[-303,-148],[-224,15],[-363,-54],[-187,-125],[-218,-31],[-315,-31],[-121,-31],[-272,-78],[-194,-148],[-248,-203],[-224,-156],[-230,-47],[-157,70],[-200,250],[-194,584],[-254,421],[-182,179],[-187,133],[-260,78],[-182,78],[-248,132],[-351,55],[-188,101],[-109,234],[-121,304],[-145,280],[-278,273],[-291,15],[-188,-163],[-326,-218],[-261,78],[-187,-211],[-6,-296],[-109,-296],[-291,-125],[-230,-85],[-320,-110],[-285,-202],[-109,-94],[-296,-101],[-230,-125],[-115,-101],[-188,-226],[-157,-397],[-109,-226],[-152,-187],[-211,-242],[-188,-109],[-242,-195],[-139,-179],[-188,-366],[-169,-250],[-158,-155],[-163,-141],[-212,-140],[-357,-249],[-242,-164],[-279,-273],[-78,-452],[6,-280],[-37,-312],[-181,-280],[-212,-546],[-145,-358],[-158,-367],[-181,-225],[-188,0],[-302,-110],[-218,-70],[-194,-280],[-175,-390],[-146,-273],[-326,-265],[-170,-101],[-284,-210],[-170,-172],[-236,-265],[-254,-54],[-212,296],[-357,86],[-260,23],[-194,-23],[-194,7],[-193,16],[-242,-54],[-224,-242],[-164,-343],[-151,-179],[-127,-172],[-103,-397],[-151,-429],[-133,-226],[-79,-342],[-272,-226],[-152,7],[-302,32],[-333,117],[-327,54],[-188,23],[-193,55],[-448,164],[-248,85],[-182,156],[-169,86],[-206,39],[-176,179],[-72,265],[-127,187],[-273,288],[-200,102],[-363,70],[-157,31],[-436,86],[-563,117],[-224,31],[-242,-70],[-290,-86],[-285,-226],[-224,-359],[-163,-148],[-260,-148],[-339,-163],[-206,-156],[-181,-148],[-333,-125],[-339,-109],[-182,-86],[-169,-124],[-188,-94],[-194,-140],[-151,-226],[-230,-281],[-169,-280],[-109,-133],[-212,-249],[-164,-257]],[[617364,62915],[-1077,2353],[-762,1379],[-146,304],[-1307,2276],[-1350,2158],[-357,608],[-230,522],[-151,623],[-315,1465],[-230,1980],[-508,2407],[-18,328],[0,311],[42,265],[97,405],[460,1286],[218,312],[127,164],[448,451],[169,429],[206,662],[85,219],[157,249],[91,358],[60,156],[109,320],[103,600],[24,304],[-60,755],[-399,2245],[-97,413],[-85,304],[-400,1083],[-641,1714],[-690,1738],[-412,981],[-102,203],[-817,1262],[-103,156],[-406,850],[-151,374],[-151,459],[-285,974],[30,187],[43,569],[66,779],[115,1388],[37,381],[72,904],[43,335],[102,709],[37,281],[6,358],[-6,686],[242,281],[194,179],[230,226],[223,163],[176,94],[278,125],[224,54],[182,16],[224,54],[302,141],[485,311],[423,289],[975,678],[659,451],[357,250],[243,195],[211,163],[158,141],[230,210],[339,382],[260,304],[-127,1511],[-12,242],[-61,592],[-97,935],[18,2805],[115,593],[212,911],[418,1231],[-496,710],[-412,685],[-442,725],[-720,958],[-793,1013],[-1307,1294],[-1350,1488],[-187,273],[-327,623],[-188,398],[-278,740],[-73,366],[12,413],[-18,359],[-66,195],[-581,1457],[-1017,3288],[-230,678],[-345,1153],[-242,1348],[-218,1224],[-121,740],[-254,1527],[-73,772],[-6,226],[30,366],[157,888],[261,195],[-79,312],[-145,382],[-55,280],[-127,327],[121,390],[133,140],[43,421],[-37,327],[230,179],[339,-23],[267,-171],[308,-31],[200,101],[266,78],[188,249],[127,234],[-6,257],[-67,312],[-127,241],[121,312],[255,171],[78,234],[-175,273],[-30,483],[-25,273],[182,389],[224,55],[290,78],[261,226],[24,249],[0,335],[-43,218],[67,367],[-54,350],[-297,94],[-145,428],[24,452],[36,281],[188,374],[163,70],[230,47],[164,-55],[230,55],[345,109],[284,101],[200,304],[248,16],[6,779],[-48,436],[-61,343],[-109,343],[-139,483],[-139,468],[-1041,1324],[-1955,2369],[-1023,1333],[-91,101],[-956,841],[-751,562],[-260,155],[-1622,787],[-774,219],[-230,-187],[-224,-219],[-176,-163],[-212,-187],[-187,-172],[-242,-195],[-218,-187],[-291,-233],[-145,-125],[-206,-132],[-333,-102],[-236,94],[-272,78],[-266,39],[-188,-39],[18,-257],[12,-258],[-133,-296],[-121,-257],[-115,-218],[-145,-304],[-176,-413],[-78,-319],[-43,-297],[-181,-280],[-146,-31],[-338,-102],[-200,-85],[-212,-117],[-176,-109],[-308,-211],[-267,-163],[-163,-109],[-230,-102],[-460,-210],[-805,-545],[-593,-484],[-581,-522],[-163,-187],[-152,-296],[-78,-335],[-188,-740],[-91,-366],[-242,-281],[-187,94],[-243,85],[-338,32],[-376,-47],[-327,-94],[-248,-31],[-199,8],[-309,47],[-212,0],[-526,-78],[-491,-70],[-109,-16],[-738,-86],[-145,8],[-787,148],[-206,70],[-363,148],[-369,117],[-236,125],[-357,218],[-460,203],[-593,257],[-406,210],[-768,226],[-1610,374],[-987,211],[-109,23],[-442,62],[-417,-23],[-442,-62],[-157,-16],[-327,-78],[-1071,-374],[-1411,-374],[-1343,-265],[-932,-210],[-400,-86],[-423,-226],[-696,-569],[-55,-86],[-121,-413],[-30,-342],[-43,-406],[-163,-304],[-254,-233],[-950,-359],[-521,-195],[-526,-132],[-932,-156],[-327,-70],[-660,-288],[-738,-180],[-1193,-179],[-647,-132],[-363,-179],[-884,-530],[-321,-265],[-254,-148],[-169,-63],[-339,-23],[-497,94],[-1028,358],[-1417,787],[-248,31],[-260,-70],[-375,-218],[-357,-47],[-466,62],[-509,109],[-145,0],[-254,-155],[-339,-180],[-388,-39],[-369,-23],[-284,-70],[-466,-257],[-478,-211],[-575,-109],[-194,63],[-151,210],[-1416,2743],[-600,779],[-60,0],[-890,-327],[-218,-39],[-187,8],[-787,70],[-151,23],[-267,31],[-278,86],[-158,78],[-375,218],[24,320],[-223,397],[-164,133],[-284,202],[-255,211],[-66,452],[-236,257],[-236,109],[-206,85],[-188,71],[-224,85],[-326,187],[-230,195],[-212,140],[-460,-366],[-121,-101],[-236,-288],[-200,-359],[-224,-382],[-206,-350],[-278,-507],[-260,-327],[-309,-351],[-175,-210],[-200,-312],[-97,-226],[-157,-351],[-97,-280],[-91,-265],[-85,-312],[-320,-109],[-237,39],[-460,78],[-344,94],[-376,109],[-193,78],[-624,-678],[-236,-257],[-193,-265],[-200,-265],[-230,-398],[-188,-265],[-200,-249],[-278,-171],[-260,-71],[-236,-62],[-733,-615],[-205,-94],[-248,0],[-630,62],[-127,39],[-345,125],[-1834,499],[-339,140],[-950,616],[-109,31],[-641,-31],[-551,-78],[-611,-78],[-817,70],[-1229,47],[-357,62],[-273,210],[-236,187],[-260,359],[-260,343],[-224,335],[-115,436],[-133,312],[-170,358],[-169,156],[-539,226],[-411,203],[-267,93],[-677,195],[-194,-242],[-357,-693],[-188,-366],[-163,-359],[-164,-319],[-163,-265],[-212,-312],[-224,-358],[-181,-258],[-206,-257],[-164,-202],[-248,-265],[-314,-351],[-158,-171],[-327,-398],[-223,-257],[-188,-62],[-194,-70],[-175,-398],[-158,-335],[-187,-350],[-430,1200],[-169,452],[-255,607],[-333,951],[-459,1091],[-315,577],[-218,389],[-236,335],[-248,156],[-321,133],[-502,210],[-1162,312],[187,639],[321,919],[-1894,647],[-291,31],[-714,8],[-890,23],[-266,24],[-188,54],[-387,125],[-672,234],[-908,218],[-805,163],[-248,211],[-236,249],[-145,172],[-218,288],[-218,241],[-163,156],[-254,94],[-188,39],[-399,109],[-212,39],[-206,78],[-315,-218],[-296,-289],[-230,-86],[-158,55],[-320,210],[-140,117],[-284,273],[-339,320],[-206,179],[-206,195],[-217,233],[-279,234],[-339,179],[-302,133],[-412,358],[-272,265],[-200,288],[-175,258],[-255,335],[-339,327],[-260,218],[-139,140],[-272,304],[-485,593],[-399,444],[18,327],[648,2571],[938,2003],[266,686],[496,834],[230,288],[285,366],[133,172],[309,257],[460,218],[780,202],[684,180],[212,202],[230,444],[24,226],[-212,1535],[-556,1839],[-55,1536],[-6,77],[-321,1676]],[[504732,179285],[158,124],[399,491],[218,281],[61,78],[254,296],[321,444],[599,787],[423,569],[242,351],[55,23],[442,-16],[60,109],[6,538],[170,398],[175,7],[212,47],[315,249],[236,250],[290,304],[230,93],[224,320],[-24,288],[176,382],[96,241],[115,335],[164,336],[230,327],[242,350],[157,226],[545,772],[169,210],[170,187],[200,195],[248,288],[224,335],[460,756],[96,304],[43,429],[24,280],[73,265],[199,499],[569,1512],[230,-78],[454,919],[133,257],[315,554],[176,296],[472,693],[817,1200],[72,374],[-66,857],[-55,320],[61,467],[103,382],[206,47],[351,-31],[254,23],[139,-343],[290,-249],[194,-31],[266,-265],[230,-210],[127,-141],[218,-124],[206,-304],[121,-242],[182,-280],[54,-351],[164,-265],[211,47],[230,-172],[303,226],[224,-7],[188,15],[205,78],[212,-210],[55,-250],[278,-23],[182,187],[151,195],[-176,311],[-205,117],[-182,-15],[-254,78],[-206,54],[-254,211],[-42,483],[-19,304],[-109,179],[-54,296],[24,327],[152,218],[115,281],[-91,413],[84,358],[-24,304],[61,289],[24,241],[151,242],[115,296],[24,257],[182,203],[6,397],[-30,265],[-182,265],[-212,148],[-145,125],[139,374],[134,420],[-79,468],[-206,280],[-73,250],[25,249],[-140,335],[-102,304],[-97,623],[-85,437],[-472,1060],[-375,1067],[6,39],[278,881],[43,958],[30,709],[36,740],[-188,336],[-229,132],[-237,164],[-260,194],[61,367],[236,943],[224,771],[-103,335],[-85,179],[442,390],[218,195],[115,70],[278,86],[212,85],[545,257],[66,406],[49,670],[42,717],[109,405],[569,15],[194,0],[193,-54],[291,-78],[744,-226],[563,-164],[248,-148],[357,-265],[248,-132],[200,-86],[170,-62],[326,86],[224,342],[291,195],[103,39],[181,327],[49,569],[157,226],[369,39],[261,0],[217,-15],[164,265],[60,296],[18,452],[-54,405],[-230,717],[-67,366],[-18,491],[0,335],[-54,351],[-85,288],[-169,584],[-134,437],[-90,296],[-49,413],[-24,257],[24,288],[0,343],[-6,234],[43,545],[-19,265],[-108,328],[-31,171],[-18,397],[-6,515],[-12,93],[-272,437],[-188,327],[-18,202],[508,1263],[212,498],[121,460],[-24,530],[85,203],[0,335],[30,405],[42,452],[37,475],[236,47],[556,-179],[285,-109],[224,218],[121,413],[60,156],[158,327],[115,265],[157,413],[157,460],[61,218],[36,358],[-24,444],[-115,398],[-79,335],[0,249],[-115,320],[-248,156],[-175,171],[-212,195],[-1114,1036],[-1501,437],[-327,70],[-1107,249],[-218,86],[-175,124],[-285,242],[-236,475],[-97,242],[-236,553],[-575,1356],[-272,779],[-133,522],[-97,452],[-30,179],[-67,359],[-266,1590],[-127,771],[-61,499],[-169,1410],[-158,1278],[-66,569],[-67,725],[18,233],[67,413],[539,1294],[6,335],[66,358],[55,398],[-12,834],[-152,148],[-91,241],[-72,452],[-61,312],[-145,195],[-242,272],[0,289],[79,218],[242,335],[139,304],[-55,319],[-296,296],[-42,328],[133,241],[0,382],[-91,226],[-91,304],[-60,195],[-200,210],[-55,413],[49,265],[127,584],[-30,297],[181,296],[-248,218],[-169,179],[-236,265],[-128,195],[-193,405],[-55,140],[-115,382],[-42,195],[-55,312],[-42,428],[-66,787],[-13,405],[25,328],[60,218],[127,327],[200,273],[321,405],[212,343],[96,257],[351,47],[315,-125],[182,24],[339,187],[296,140],[291,23],[224,-140],[326,-179],[188,85],[266,117],[188,242],[139,241],[91,258],[260,319],[291,86],[212,179],[84,468],[291,225],[145,219],[321,233],[290,102],[127,171],[170,366],[248,343],[-351,663],[-79,93],[-272,203],[-61,382],[-102,319],[-200,203],[-387,7],[-243,-171],[-248,242],[-145,405],[-97,296],[-284,156],[-315,78],[-290,257],[-73,304],[-151,389],[-327,16],[-254,-140],[-236,-195],[-339,31],[-170,429],[30,327],[-199,280],[-164,125],[-363,-86],[-248,31],[-248,250],[-279,-140],[-199,-273],[-363,-78],[-158,132],[-351,39],[-42,-218],[-49,-265],[-139,-218],[-260,-93],[-188,210],[-193,234],[-212,-195],[-242,-16],[-139,156],[-212,187],[-67,444],[-103,312],[-127,164],[-302,249],[-97,249],[36,273],[-145,327],[-97,250],[121,296],[-48,265],[-182,171],[-254,156],[-224,70],[-285,211],[-133,109],[-248,62],[-284,132],[-224,78],[-339,-23],[-248,-132],[-31,-452],[-290,54],[-188,117],[-218,-101],[-127,-148],[-296,46],[-200,94],[-260,273],[-103,241],[0,335],[-42,257],[-249,156],[-332,218],[-261,63],[-151,311],[-145,164],[-327,78],[-242,-203],[-121,-70],[-267,-140],[-223,-101],[-170,-16],[-224,62],[-260,203],[18,281],[-145,444],[-260,202],[-55,429],[-139,280],[-103,632],[12,350],[-85,429],[-24,148],[-187,647],[-285,826],[-242,779],[-79,241],[-121,491],[-91,1154],[-151,888],[-91,335],[-157,468],[-60,155],[-563,897],[-1017,1800],[-345,631],[-575,1776],[-163,507],[-309,1013],[-545,2018],[478,179],[200,304],[-121,888],[-61,569],[-24,203],[-72,686],[-6,304],[18,249],[72,475],[-296,904],[-291,647],[-538,1254],[-134,242],[-199,304],[-297,584],[-91,219],[-90,303],[-127,374],[-128,406],[-151,678],[-121,841],[-42,156],[-79,358],[-194,507],[-163,413],[-236,366],[-157,281],[-31,272],[79,234],[91,468],[-67,311],[-48,234],[-49,288],[-36,297],[-24,335],[0,335],[0,514],[6,226],[0,366],[48,304],[0,203],[-212,1083],[-133,631],[-48,951],[-79,794],[-66,468],[-200,281],[-278,264],[-285,250],[-230,156],[-236,101],[-139,171],[-206,258],[-85,288],[-78,351],[-218,311],[-236,250],[-375,350],[-188,242],[-279,343],[-60,85],[-533,1037],[-169,156],[-212,109],[-236,124],[-194,102],[-248,226],[-133,311],[-127,406],[-539,584],[-732,732],[793,1434],[66,257],[-48,374],[-127,476],[-575,1823],[-121,304],[66,374],[-12,288],[-18,211],[-236,218],[-248,319],[-315,117],[-199,179],[-345,55],[-182,296],[12,374],[109,335],[-24,421],[-103,203],[-97,311],[-127,226],[-206,351],[-157,304],[-400,530],[-284,288],[-502,413],[-315,171],[-309,110],[-163,23],[-278,31],[-896,47],[-2034,-86],[-877,16],[-957,-16],[-205,16],[-836,31],[-732,-31],[-375,54],[-563,195],[-424,140],[-139,63],[-405,187],[-315,148],[-1271,802],[-769,538],[-556,351],[-358,179],[-302,117],[-375,148],[-727,148],[-175,23],[-267,31],[-357,-15],[-290,-31],[-866,-180]],[[617364,62915],[-163,-257],[-230,-257],[-73,-187],[-193,-265],[-206,-125],[-145,-148],[-176,-140],[-302,-226],[-134,-211],[-199,-304],[-327,-155],[-242,-320],[-61,-280],[-181,-336],[-212,-272],[-163,-109],[-333,-148],[-376,-63],[-278,-78],[-145,-140],[-218,-148],[-230,-109],[-133,-179],[-115,-406],[-12,-303],[-103,-304],[-146,-234],[-229,-351],[-152,-272],[-85,-297],[-121,-350],[-84,-234],[-67,-265],[-24,-428],[18,-390],[-12,-304],[-218,-351],[-309,109],[-254,71],[-248,62],[-181,0],[-230,-8],[-188,0],[-230,23],[-194,47],[-236,31],[-339,-7],[-308,-203],[-218,-86],[-351,-195],[-248,-194],[-279,-156],[-206,-125],[-193,-187],[-345,-156],[-230,-93],[-164,-39],[-199,-172],[-218,-249],[-279,-226],[-339,-39],[-260,8],[-296,-16],[-303,-31],[-278,-54],[-212,-24],[-285,70],[-224,32],[-217,46],[-279,-39],[-284,-124],[-303,-16],[-230,78],[-303,31],[-302,125],[-303,-273],[-36,-506],[-24,-289],[-79,-304],[-85,-467],[-18,-281],[-103,-381],[-157,-390],[-61,-195],[-96,-304],[-146,-350],[-187,-258],[-121,-179],[-194,-202],[-176,-55],[-230,47],[-187,31],[-273,31],[-151,16],[-424,15],[-217,0],[-279,-23],[-375,-62],[-230,7],[-375,102],[-206,210],[-212,-397],[-60,-265],[-43,-460],[-109,-397],[-212,-125],[-151,-70],[-212,-102],[-151,-85],[-212,-94],[-254,-101],[-218,-94],[-248,-101],[-157,-62],[-248,-102],[-243,-210],[-296,-226],[-188,-132],[-127,-304],[-85,-351],[-145,-218],[-230,-195],[-327,-140],[-224,-94],[-260,-85],[-236,-71],[-321,-116],[-242,-141],[-254,-156],[-242,-155],[-127,-78],[-327,-211],[-224,-62],[-333,-31],[-302,-78],[-218,-78],[-321,-132],[-182,-94],[-254,-140],[-327,-211],[-345,-132],[-223,8],[-230,23],[-158,16],[-230,-32],[-187,-62],[-206,-39],[-218,55],[-176,70],[-224,93],[-314,24],[-303,-78],[-266,-78],[-339,-94],[-315,-101],[-181,-140],[-236,-250],[-176,-218],[-169,-124],[-303,-109],[-297,-125],[-145,-242],[-187,-382],[-188,-600],[-206,-288],[-278,-296],[-236,-249],[-279,-296],[-333,-351],[-121,-148],[-115,-257],[-193,-281],[-152,-117],[-199,-187],[-248,-358],[-212,-133],[-194,63],[-194,-16],[-230,-148],[-145,-109],[-248,-148],[-260,-148],[-200,-125],[-242,-156],[-593,-389],[-309,-187],[-968,-592],[-188,-94],[-145,-218],[-163,-179],[-212,-226],[-218,-86],[-206,-55],[-315,-124],[-127,-31],[-284,-32],[-345,86],[-315,47],[-127,23],[-472,-15],[-127,-328],[-200,-428],[-133,-296],[-91,-195],[-248,-179],[-175,-55],[-315,-78],[-267,-39],[-278,24],[-260,7],[-133,-117],[-55,-405],[-24,-210],[-48,-327],[-43,-219],[-230,-194],[-333,-71],[-199,-15],[-248,-109],[-170,-164],[-248,-319],[-266,-281],[-291,-54],[-188,62],[-278,-171],[-218,-250],[-115,-140],[-260,-62],[-381,15],[-218,164],[-145,350],[-200,149],[-242,85],[-224,156],[-369,117],[-370,70],[-345,-70],[-223,-156],[-297,-265],[-194,-218],[-115,-117],[-260,-210],[-127,-109],[-200,-164],[-200,-195],[-157,-140],[-175,-140],[-382,-250],[-357,-195],[-187,-101],[-321,-140],[-847,-865],[-212,-210],[-757,-678],[-260,-86],[-133,16],[-406,202],[-260,164],[-303,70],[-175,-47],[-484,-125],[-218,-23],[-351,109],[-230,94],[-188,54],[-218,-54],[-187,-172],[-224,0],[-260,109],[-406,156],[-169,55],[-351,-16],[-315,-62],[-460,-8],[-363,39],[-273,39],[-290,86],[-303,132],[-962,444],[-260,109],[-242,78],[-273,16],[-345,-47],[-181,70],[-285,94],[-302,-211],[-224,16],[-279,23],[-218,-54],[-254,-78],[-157,-148],[-266,-16],[-321,63],[-206,-141],[-357,-101],[-169,8],[-273,-63],[-212,-124],[-254,-179],[-187,-133],[-224,-125],[-206,-171],[-18,-343],[-43,-467],[-308,-164],[-321,47],[-297,62],[-236,101],[-224,203],[-218,218],[-242,265],[-30,429],[36,452],[19,327],[-291,140],[-333,-8],[-206,78],[-236,164],[-381,78],[-303,-47],[-230,109],[-175,24],[-260,116],[-133,297],[-236,358],[-315,670],[-230,499],[-708,1831],[-575,1091],[-218,280],[-357,452],[-375,452],[-176,203],[-278,312],[-261,304],[-151,202],[-369,491],[-266,257],[-485,468],[-1240,1348],[-139,179],[-479,616],[-248,327],[-902,1566],[-54,140],[-587,1652],[-357,1052],[-242,421],[-121,218],[-242,351],[-521,764],[-91,124],[-859,1169],[-145,117],[-224,187],[-152,226],[-151,195],[-224,124],[-599,133],[-212,187],[-375,834],[-115,140],[-236,156],[-266,-39],[-267,-226],[-266,132],[-97,304],[-200,273],[55,249],[42,460],[-127,398],[-321,140],[-248,-63],[-224,335],[-121,429],[121,210],[127,304],[49,460],[-67,296],[-163,312],[-291,-78],[-169,281],[-157,241],[-55,312],[-79,444],[-157,-31],[-315,226],[49,475],[12,351],[-206,335],[-224,234],[-224,194],[-133,304],[55,374],[-128,218],[-223,195],[-237,203],[-199,-101],[-188,-125],[-218,-117],[-260,-195],[-127,-163],[-200,-413],[-97,-289],[-121,-374],[-224,-132],[-248,15],[-199,0],[-230,-124],[-249,-203],[-230,-125],[-272,-132],[-206,-39],[-242,93],[-278,164],[-200,94],[-188,226],[31,358],[-97,187],[-115,327],[-55,343],[-96,195],[24,491],[42,327],[-66,242],[-121,382],[-19,241],[-36,281],[-297,265],[-139,249],[73,429],[-103,319],[6,226],[85,327],[-73,234],[-163,226],[-115,242],[-236,226],[-97,241],[-363,-86],[-152,-358],[-199,117],[-224,109],[-242,-125],[-49,-218],[-212,-249],[-314,70],[-133,210],[72,390],[-42,179],[-260,179],[-236,16],[-255,-211],[-254,-124],[-187,-39],[-243,-218],[-18,-219],[-151,-264],[-48,-242],[-127,-249],[-212,-265],[-315,-133],[-121,265],[-254,273],[-261,351],[-351,-71],[-248,-226],[-205,-15],[-224,15],[-364,0],[-181,32],[-170,350],[37,281],[-79,397],[-278,327],[-79,281],[-206,390],[-175,-24],[-327,47],[-121,195],[-115,421],[-321,272],[-357,70],[-278,-226],[-224,-210],[6,-374],[72,-288],[-84,-296],[-364,85],[-211,218],[-303,102],[-260,140],[-230,78],[-363,62],[-188,180],[-375,-63],[-285,-179],[-103,-171],[-121,-242],[-163,-288],[6,-234],[-315,-109],[-248,-179],[-260,-320],[-67,-202],[-96,-289],[-236,-358],[72,-335],[-42,-390],[-182,-179],[-369,-125],[-163,-249],[-321,-195],[-260,-101],[-230,-382],[42,-195],[91,-436],[24,-382],[42,-257],[43,-265],[12,-335],[-164,-265],[-217,-366],[-237,-328],[-187,-54],[-327,-109],[-230,-63],[-290,94],[-279,109],[-169,210],[-212,8],[-315,-70],[-206,-140],[-169,-164],[-212,-195],[-182,-148],[-169,-140],[-284,-101],[-255,163],[-236,109],[-181,-54],[-224,-296],[-30,-390],[157,-249],[42,-273],[-127,-288],[49,-296],[205,-172],[146,-265],[-146,-460],[-211,-85],[-212,-289],[-260,-171],[-273,-62],[-236,210],[-163,382],[-206,-78],[-315,-140],[-163,109],[-109,265],[-103,280],[-24,211],[-267,171],[-236,-8],[-296,47],[-248,47],[-170,-63],[-212,-77],[-296,-258],[-164,-101],[-236,-187],[-133,-78],[-248,-78],[-139,-311],[-176,-164],[-326,-47],[-152,-39],[-260,-31],[-333,-218],[-230,-288],[-151,-265],[-194,-312],[-224,-148],[-103,-211],[-266,-155],[-236,-55],[-321,109],[-163,-288],[12,-281],[-97,-366],[-97,-249],[-54,-351],[103,-288],[-164,-437],[-351,-132],[-333,-218],[-217,-117],[-243,132],[-302,265],[-200,-265],[-175,-358],[-224,-94],[-285,-78],[-151,219],[-73,226],[-12,405],[133,234],[-139,327],[-175,280],[-140,180],[-96,265],[-236,226],[-321,-24],[-297,-86],[-163,156],[-79,382],[-175,312],[-134,163],[-157,234],[-30,288],[18,460],[-67,265],[-42,265],[-30,405],[139,444],[103,351],[-67,187],[-109,281],[158,420],[187,-7],[224,-109],[357,148],[55,420],[66,250],[158,358],[157,250],[-54,444],[-333,202],[127,281],[194,421],[-109,397],[-230,-62],[-158,31],[-266,288],[-170,312],[-326,125],[-188,428],[-339,218],[-218,195],[133,351],[-211,327],[-79,281],[-230,280],[-109,335],[260,281],[218,249],[242,382],[-115,280],[-321,-109],[-363,-85],[-139,218],[-200,296],[-78,358],[-242,242],[-128,249],[-145,148],[-206,117],[-284,-54],[-254,327],[-73,257],[109,429],[-236,226],[-24,155],[-170,328],[-157,226],[-18,218],[127,319],[24,359],[-151,304],[-200,23],[-321,39],[-90,429],[-67,272],[12,460],[-18,413],[-339,-93],[-296,70],[-128,311],[-163,312],[79,288],[-188,187],[-42,351],[60,234],[-48,312],[-260,257],[-255,70],[-333,39],[19,257],[90,319],[170,141],[109,226],[-158,335],[-90,241],[66,429],[103,265],[18,405],[79,351],[139,366],[176,210],[212,296],[199,203],[-30,436],[-91,343],[109,296],[61,382],[6,273],[145,358],[18,437],[-6,459],[-127,250],[-272,171],[-188,359],[-54,467],[78,312],[109,265],[248,327],[170,327],[-115,351],[-139,164],[-6,374],[-188,210],[-236,374],[-139,444],[-279,47],[-127,242],[-85,171],[-217,273],[-121,304],[-152,428],[-133,172],[-6,327],[188,187],[115,187],[30,296],[-6,226],[6,374],[48,327],[12,281],[-24,358],[115,242],[273,-86],[127,265],[-109,351],[-121,93],[-267,63],[67,436],[42,374],[-121,429],[-224,397],[-90,460],[30,350],[351,-23],[302,-171],[236,233],[-36,413],[139,452],[134,312],[248,156],[230,350],[0,491],[-43,343],[164,179],[339,63],[254,343],[-115,335],[-327,249],[-48,475],[-19,289],[0,405],[-127,397],[273,195],[72,468],[176,405],[133,187],[278,0],[152,-148],[363,-31],[187,109],[206,117],[194,241],[272,327],[37,468],[357,156],[260,140],[18,483],[-115,281],[18,304],[-48,272],[78,390],[37,296],[78,436],[43,289],[91,226],[0,272],[-103,312],[-31,398],[261,210],[103,164],[60,342],[0,250],[-6,421],[-24,467],[151,429],[206,31],[194,148],[175,257],[103,327],[133,195],[42,304],[182,242],[291,226],[54,280],[18,468],[-97,444],[-36,350],[-121,265],[-109,281],[-224,54],[-218,-70],[-321,109],[-72,187],[-103,343],[-145,437],[-200,179],[-212,54],[-321,8],[-205,55],[-49,335],[24,382],[-96,467],[-249,250],[-157,124],[-115,273],[-351,148],[-109,304],[-139,436],[-79,304],[0,257],[-193,281],[-327,109],[-236,-55],[-333,94],[-297,117],[-321,109],[37,343],[-321,117],[-303,-203],[-284,288],[-333,55],[-345,179],[103,359],[-79,420],[-199,117],[-236,289],[-146,249],[-169,78],[-224,8],[-188,311],[97,180],[-30,319],[-121,132],[-164,203],[-157,281],[-254,148],[-85,257],[-200,93],[-326,31],[-230,258],[0,342],[24,320],[139,273],[-18,374],[-157,233],[-49,328],[49,241],[-73,343],[-18,382],[84,460],[49,343],[72,218],[-78,327],[-67,210],[91,336],[139,327],[188,202],[284,86],[170,281],[375,78],[-30,397],[121,304],[175,163],[164,226],[302,149],[218,155],[248,-39],[376,78],[157,351],[85,390],[-12,280],[60,421],[218,187],[224,39],[200,164],[339,62],[290,86],[73,303],[266,187],[157,16],[261,-109],[145,273],[133,366],[236,-70],[194,-24],[345,78],[139,211],[85,288],[90,436],[182,258],[254,342],[139,180],[85,272],[127,367],[212,-32],[297,86],[127,187],[133,203],[315,-63],[296,273],[188,390],[-67,273],[170,389],[193,70],[351,-8],[285,-46],[151,218],[224,319],[163,187],[285,94],[151,109],[151,218],[109,288],[134,304],[-31,390],[-187,187],[-158,78],[-254,8],[-327,-55],[-296,296],[-158,273],[-121,156],[-314,-86],[-321,70],[-266,117],[-230,343],[-188,281],[-169,257],[-297,288],[-170,273],[-36,475],[-127,351],[-18,288],[-36,288],[60,374],[164,226],[78,250],[-18,280],[12,390],[-115,210],[-260,195],[-79,234],[-290,70],[-188,47],[-224,101],[-327,-164],[-248,-54],[-278,54],[-188,55],[-296,70],[-164,55],[-254,132],[-218,351],[-66,343],[78,389],[-163,288],[-303,211],[-163,171],[-206,-15],[-272,-8],[-158,234],[-42,296],[-91,218],[-327,187],[-175,164],[-200,132],[-327,179],[-260,47],[-188,164],[-175,257],[-163,202],[-237,265],[-230,110],[-278,101],[-242,226],[-224,327],[-254,-23],[-164,-63],[-345,47],[-260,156],[-212,62],[-266,8],[-230,16],[-169,23],[-267,140],[-6,304],[152,187],[-12,366],[-109,289],[-121,389],[72,258],[-66,272],[-67,366],[-145,164],[-230,281],[-218,93],[-194,24],[-115,358],[-145,249],[-145,390],[-176,203],[-193,77],[-194,297],[-206,405],[121,358],[109,289],[-133,280],[0,257],[-12,405],[66,476],[-72,241],[-139,257],[48,476],[115,202],[12,304],[-296,211],[-249,15],[-181,-15],[-351,-32],[-218,359],[121,257],[91,179],[121,398],[-37,358],[-145,257],[-127,187],[-139,289],[-73,405],[-72,280],[-176,226],[-151,203],[-97,234],[-109,241],[-30,366],[54,484],[55,179],[91,327],[230,390],[139,350],[-85,296],[-133,250],[-6,257],[30,397],[-206,141],[-187,85],[-279,-62],[-260,-16],[-345,203],[-145,281],[-18,296],[6,366],[6,343],[-146,171],[-260,16],[-339,132],[-224,359],[-96,475],[-170,257],[-284,63],[-79,335],[-218,109],[-230,-109],[-254,296],[-73,163],[43,374],[-194,180],[-139,397],[-176,203],[-224,265],[-109,436],[-78,280],[-321,102],[-254,-250],[-212,109],[-194,203],[-175,133],[-279,-24],[-284,156],[-212,-86],[-145,-148],[-291,218],[-175,203],[-176,8],[-272,39],[-224,-141],[-224,-38],[-169,15],[-188,179],[-194,296],[-212,86],[-236,327],[-36,297],[-121,311],[-194,16],[-193,413],[-212,257],[-291,-187],[-133,218],[-127,320],[6,296],[-85,335],[19,319],[-13,351],[-242,280],[-290,289],[-212,249],[-12,421],[-242,-39],[-291,70],[-224,-16],[-205,-46],[-267,124],[-254,109],[-242,211],[-206,187],[-266,-23],[-230,23],[-357,54],[-248,71],[-182,23],[-248,54],[-169,-7],[-243,-39],[-114,405],[-164,164],[-333,233],[-218,-46],[-169,226],[-291,-94],[-205,-257],[-364,-109],[-127,218],[-278,109],[-224,390],[-351,70],[-254,-125],[-279,250],[-266,350],[-266,-8],[-200,180],[-97,444],[-218,148],[-169,179],[-212,366],[-200,94],[-187,389],[-91,398],[0,249],[194,320],[-79,475],[-254,78],[-273,23],[-127,148],[-121,398],[-103,233],[-103,304],[-66,258],[48,303],[-78,468],[-97,429],[-109,311],[-218,218],[-109,133],[-200,249],[-145,398],[-230,-55],[-212,-54],[-224,-16],[-236,203],[-187,241],[-146,265],[-102,257],[-115,296],[-194,273],[-279,187],[-254,179],[-260,265],[-85,320],[-139,288],[-157,132],[-297,226],[-315,258],[-199,148],[-182,109],[-248,47],[-218,163],[-109,390],[-78,327],[-43,195],[-103,273],[-248,39],[-315,-133],[-175,-171],[-170,-226],[-242,-125],[-236,-39],[-230,-23],[-224,7],[-248,63],[-248,195],[-6,288],[-145,335],[-206,-55],[-309,-194],[-199,-78],[-297,-109],[-309,140],[-145,125],[-163,296],[-103,327],[-91,304],[-266,-70],[-279,-55],[-224,179],[-169,78],[-139,265],[54,304],[-121,320],[-302,-24],[-345,140],[-19,312],[7,405],[-237,109],[-320,-124],[-351,-47],[-261,16],[-248,187],[-157,350],[6,647],[-127,257],[-442,86],[-478,-8],[-194,-31],[-206,-101],[-181,-148],[-363,-78],[-369,31],[-170,15],[-315,71],[-260,-16],[-163,55],[-285,241],[-187,172],[-200,179],[-139,148],[-139,304],[-188,132],[-200,39],[-242,55],[-206,0],[-236,210],[-357,-93],[-230,46],[-175,180],[-309,179],[-181,-24],[-249,-70],[-363,47],[-351,94],[-224,54],[-333,55],[-314,-71],[-370,24],[-308,288],[-170,218],[-308,296],[-236,250],[-140,171],[-242,304],[-90,273],[-249,195],[-133,249],[-230,304],[-212,156],[-260,163],[-308,226],[-261,187],[-266,328],[-30,311],[-6,289],[-6,241],[-31,374],[-109,156],[-217,195],[-206,218],[-127,195],[-115,335],[-224,304],[-97,187],[-79,257],[-78,397],[72,234],[-30,374],[67,452],[163,374],[218,351],[151,280],[121,273],[121,335],[43,327],[-115,203],[-85,335],[48,320],[24,280],[31,265],[24,429],[-18,265],[115,288],[-260,335],[-200,195],[-73,327],[-66,327],[-79,211],[-109,257],[-121,249],[-151,351],[-43,491],[24,444],[-169,296],[73,335],[48,390],[-91,265],[-6,304],[-6,280],[-36,327],[-79,296],[-24,258],[-145,319],[-67,242],[-194,296],[-187,218],[-139,140],[-230,172],[-79,428],[-42,382],[-115,312],[-140,421],[-635,561],[-91,85],[-351,328],[-254,62],[-182,156],[-157,241],[-357,639],[-85,328],[-175,397],[30,421],[91,179],[0,304],[-6,218],[36,288],[200,335],[145,148],[175,406],[-30,335],[55,436],[-6,234],[12,475],[60,390],[18,444],[-260,156],[-85,405]],[[419934,221254],[218,55],[182,155],[103,265],[272,219],[242,70],[212,-39],[357,-94],[254,8],[242,39],[285,148],[254,187],[539,296],[333,125],[284,234],[642,584],[133,140],[236,226],[121,86],[254,62],[284,-23],[400,-86],[303,-23],[345,86],[296,15],[176,39],[242,-62],[351,132],[242,390],[218,148],[181,389],[37,312],[-61,351],[115,226],[139,210],[97,351],[297,249],[115,187],[157,234],[224,218],[115,218],[224,265],[248,374],[254,289],[351,140],[242,140],[73,226],[133,343],[212,405],[200,257],[139,156],[296,63],[285,311],[308,265],[212,187],[152,109],[218,312],[266,265],[290,109],[303,93],[151,289],[267,311],[223,281],[140,156],[242,319],[302,211],[382,23],[296,-179],[254,-55],[200,-15],[303,-70],[169,-273],[170,-351],[139,-280],[309,-125],[296,156],[333,-8],[206,-47],[218,63],[339,140],[248,-55],[302,-46],[339,187],[242,23],[170,62],[321,-163],[223,-109],[200,-86],[285,-281],[230,-140],[308,-47],[140,-78],[266,-241],[224,-172],[345,-62],[187,-101],[115,-304],[200,-210],[260,-47],[152,-444],[211,-32],[261,102],[254,47],[194,-16],[260,70],[260,62],[73,-452],[72,-358],[121,-140],[267,-24],[205,94],[194,210],[157,164],[255,234],[230,132],[169,-179],[375,109],[279,320],[230,225],[314,8],[243,-62],[284,171],[212,39],[224,-171],[333,-195],[193,-195],[218,-70],[182,-47],[236,16],[187,-117],[249,-117],[217,218],[200,117],[303,24],[339,-164],[290,210],[139,320],[194,-55],[170,-117],[248,-109],[157,172],[218,210],[139,101],[381,63],[212,-483],[230,-530],[-60,-211],[12,-311],[127,-156],[-67,-382],[-121,-374],[-84,-218],[-61,-359],[30,-249],[-91,-366],[-102,-366],[145,-195],[-67,-312],[-151,-413],[54,-226],[182,-179],[-18,-382],[-182,-140],[-163,-437],[-176,-264],[-254,-125],[-145,-250],[-254,-350],[-115,-288],[-85,-289],[-182,-343],[-230,-124],[-296,-234],[-200,39],[-242,15],[-303,-288],[-42,-280],[-103,-296],[-85,-250],[-145,-249],[97,-296],[67,-203],[66,-280],[-145,-242],[-254,-93],[-224,7],[-248,187],[-315,24],[-163,-289],[133,-280],[272,-460],[254,-249],[1416,-951],[648,-343],[642,-553],[950,-779],[1567,-1613],[236,-195],[279,-133],[145,-85],[272,-156],[273,-172],[429,-233],[1356,-803],[4582,-397],[435,-834],[121,-210],[134,-187],[187,-203],[188,-172],[163,-148],[291,-264],[629,-546],[545,-491],[339,-296],[169,-203],[170,-397],[84,-273],[122,-382],[139,-506],[199,-670],[224,-740],[279,-936],[139,-451],[163,-600],[31,-304],[54,-382],[672,-670],[454,-398],[254,-335],[55,-249],[-91,-312],[-49,-296],[-24,-452],[327,-23],[266,-16],[267,-39],[278,-15],[115,-8],[284,-24],[351,-31],[224,-39],[224,-109],[224,-210],[230,-281],[73,-85],[369,-429],[266,-319],[376,-460],[332,-374],[261,-304],[199,-234],[364,-428],[205,-242],[194,-226],[163,-195],[152,-171],[212,-250],[472,-553],[151,-179],[442,-514],[187,-219],[279,-335],[254,-288],[206,-187],[242,-171],[315,-195],[417,-273],[333,-226],[575,-366],[315,-203],[460,-296],[254,-117],[266,-187],[-79,-366],[236,-374],[122,-203],[151,-397],[187,-561],[67,-179],[266,-593],[248,-459],[303,-592],[266,-499],[255,-382],[175,-281],[36,-381],[97,-187],[212,-180],[163,-194],[140,-195],[212,-359],[260,-280],[363,-421],[345,-319],[236,-219],[309,-226],[181,-101],[333,-101],[230,-78],[194,-47],[181,-70],[267,-148],[254,-117],[302,-187],[261,-164],[326,-202],[333,-179],[339,-195],[218,-86],[188,-16],[272,71],[466,78],[151,23],[261,31],[478,16],[266,7],[163,-7],[279,-78],[212,-117],[272,-125],[533,-179],[333,-109],[417,-172],[672,-288],[169,-39],[297,-125],[175,-148],[140,-171],[199,-249],[176,-148],[163,-133],[303,-218],[236,-125],[454,-272],[200,-32],[211,8],[339,0],[248,16],[224,23],[182,47],[290,-8],[212,-15],[242,7],[315,-85],[369,78],[242,132],[357,179],[176,117],[176,164],[205,288],[188,125],[224,54],[224,-15],[436,-109],[284,-71],[599,-179],[860,-288],[478,-140],[732,-242],[1162,-374],[381,-140]],[[673971,541197],[109,-202],[182,-335],[72,-320],[0,-608],[-85,-662],[-78,-374],[-24,-343],[36,-397],[60,-180],[109,-272],[206,-328],[968,-966],[1774,-1644],[169,-54],[351,-39],[67,-16],[920,-577],[896,-763],[817,-959],[490,-787],[72,-140],[182,-351],[678,-1176],[194,-195],[145,-101],[333,-187],[2536,-1263],[829,-444],[242,-156],[169,-187],[139,-179],[321,-86],[103,-319],[0,-335],[-103,-304],[-85,-281],[-48,-389],[-54,-195],[-194,-218],[-163,-78],[-49,-343],[-85,-382],[-127,-273],[-109,-171],[-145,-320],[-151,-452],[-67,-233],[-24,-367],[-61,-303],[-127,-390],[-96,-226],[-146,-312],[-127,-241],[-109,-195],[-127,-249],[-200,-195],[-211,-203],[-176,-280],[-60,-164],[-55,-390],[-6,-350],[-73,-413],[-42,-250],[-85,-366],[-139,-436],[-91,-335],[-127,-507],[-54,-187],[-73,-366],[-103,-187],[-133,-257],[-133,-242],[-145,-249],[-206,-359],[-200,-350],[-145,-265],[-176,-320],[-133,-226],[-103,-210],[-109,-242],[-115,-257],[-115,-171],[-163,-218],[-157,-195],[-164,-203],[-224,-343],[-211,-342],[-128,-180],[-139,-210],[-193,-257],[-303,-273],[-176,-179],[-290,-304],[-145,-133],[-176,-233],[-91,-195],[-115,-257],[-181,-351],[-260,-514],[-267,-507],[-218,-389],[-290,-452],[-121,-195],[-194,-304],[-133,-234],[-224,-428],[-175,-359],[-115,-296],[-91,-241],[-158,-289],[-84,-156],[-170,-296],[-163,-327],[-164,-413],[-102,-436],[-61,-242],[-61,-280],[-66,-390],[-79,-483],[-54,-288],[-49,-273],[-36,-335],[-24,-390],[206,-358],[133,0],[272,-8],[176,0],[332,-23],[364,-39],[272,-47],[182,163],[187,297],[236,-94],[254,-70],[194,-39],[351,-70],[285,-16],[199,8],[2772,-577],[1071,-280],[999,-320],[1792,-420],[913,-172],[152,-273],[-85,-397],[-127,-366],[-42,-296],[60,-218],[-139,-437],[-236,-179],[-279,-187],[-139,-86],[-272,-148],[-351,-179],[-176,-70],[-266,-250],[-97,-296],[-133,-335],[-133,-358],[-79,-172],[-109,-296],[-54,-506],[0,-413],[0,-335],[60,-577],[18,-164],[121,-1145],[243,-2096],[90,-553],[73,-460],[218,-943],[175,-514],[285,-390],[236,-218],[242,-195],[169,-179],[182,-242],[284,78],[182,55],[291,86],[308,241],[260,148],[230,24],[333,46],[194,-241],[-6,-390],[36,-421],[-169,-304],[66,-226],[-121,-335],[-30,-233],[115,-421],[272,-250],[-139,-350],[-60,-483],[-6,-413],[193,-390],[164,-257],[6,-413],[187,-86],[158,-210],[24,-257],[127,-304],[315,-16],[175,-210],[127,-172],[230,-163],[152,-39],[260,62],[309,-148],[217,47],[224,-47],[194,265],[139,226],[260,0],[303,-70],[297,47],[357,202],[248,148],[175,156],[206,226],[188,257],[200,226],[127,148],[278,164],[672,-133],[363,-163],[206,-47],[302,-39],[206,-70],[260,-70],[206,-117],[309,-125],[296,-23],[188,-62],[303,0],[435,23],[91,8],[575,117],[212,7],[206,-15],[302,-39],[261,-63],[399,-70],[617,-132],[200,-47],[278,-86],[188,-101],[242,-171],[617,-359],[309,-101],[266,39],[333,-133],[388,-15],[302,179],[242,55],[224,23],[218,-31],[835,-343],[327,-148],[242,-86],[412,-124],[230,-55],[194,-8],[242,31],[163,86],[242,172],[218,187],[212,335],[230,163],[248,55],[363,-47],[188,101],[218,109],[157,8],[242,-132],[188,-55],[320,55],[212,46],[139,195],[182,289],[357,54],[91,211],[72,327],[188,421],[61,335],[18,413],[6,311],[187,367],[200,140],[273,265],[230,202],[-67,304],[-115,242],[272,273],[200,116],[230,265],[218,335],[115,195],[266,117],[297,86],[248,-39],[357,140],[327,117],[242,86],[339,179],[200,148],[133,351],[169,156],[206,342],[121,242],[266,335],[236,273],[176,156],[193,257],[182,498],[230,336],[182,397],[193,234],[91,195],[36,381],[19,413],[6,125],[66,577],[145,1239],[109,226],[303,452],[60,93],[473,507],[187,116],[200,55],[369,-16],[944,-109],[394,-39],[302,63],[285,124],[278,94],[194,140],[42,257],[-121,413],[-66,265],[-85,304],[-103,429],[296,124],[224,164],[297,187],[212,179],[212,203],[133,148],[181,273],[152,218],[175,210],[158,125],[229,226],[279,273],[242,132],[139,203],[-91,405],[73,335],[242,249],[212,164],[230,210],[157,179],[188,125],[1216,125],[2839,-117],[1598,-312],[865,-179],[297,-62],[1961,-468],[3050,-997],[1368,-546],[926,109],[272,133],[333,156],[272,210],[103,265],[-109,616],[49,265],[248,327],[460,569],[278,272],[581,-93],[720,-109],[370,-55],[351,78],[248,70],[278,47],[303,-62],[181,-8],[200,-70],[345,-172],[279,-117],[229,-109],[327,-148],[242,-163],[249,-234],[314,-249],[188,-141],[230,-163],[194,-94],[223,-31],[285,-265],[163,-203],[255,71],[145,-164],[200,-109],[248,-320],[139,-148],[260,-93],[170,-70],[254,-133],[278,24],[260,-16],[170,-140],[236,-250],[157,-187],[291,-288],[351,16],[272,-63],[188,24],[333,62],[302,-78],[182,-39],[230,-31],[248,-23],[194,-117],[151,-203],[175,-436],[164,-187],[103,-366],[121,-188],[224,-179],[236,-272],[351,-172],[187,-39],[200,133],[236,-296],[254,-367],[261,-233],[-91,-297],[-200,-265],[254,-272],[158,-102],[290,-148],[182,-226],[-24,-257],[145,-374],[163,-397],[127,-273],[242,-358],[43,-359],[224,-273],[193,-85],[212,-86],[273,-78],[338,-132],[267,0],[163,93],[194,382],[-18,265],[96,273],[122,132],[78,312],[-30,273],[-188,358],[31,491],[205,39],[273,-62],[254,-24],[145,117],[188,304],[145,312],[230,-164],[151,-343],[218,117],[121,195],[188,132],[218,289],[248,374],[194,85],[254,281],[78,343],[0,241],[230,265],[243,-23]],[[762776,493797],[108,-359],[79,-241],[18,-359],[-18,-366],[224,-382],[242,24],[55,-429],[260,-351],[248,-77],[103,-180],[163,-280],[339,-164],[267,-117],[302,-109],[218,-109],[236,-202],[-224,-320],[-24,-382],[115,-335],[133,-187],[260,-319],[-169,-265],[-79,-125],[-169,-382],[-12,-397],[-25,-296],[273,-141],[187,-350],[55,-343],[181,-226],[267,-101],[218,-70],[211,-110],[333,94],[85,-460],[-139,-350],[-139,-47],[-127,-437],[42,-342],[-224,-102],[-242,109],[-176,-397],[176,-288],[309,-156],[-25,-366],[-314,-102],[-206,47],[-218,-327],[260,-320],[151,-335],[-12,-335],[-139,-374],[-181,-280],[36,-328],[133,-428],[194,-398],[278,-233],[176,-258],[-49,-350],[-109,-211],[-169,-140],[-230,-109],[-272,-132],[-115,-55],[-146,-327],[97,-351],[30,-265],[291,-109],[278,140],[194,86],[260,109],[133,62],[333,-54],[285,-101],[320,-133],[224,-171],[25,-250],[42,-358],[115,-296],[-6,-265],[-24,-468],[-133,-249],[181,-335],[327,171],[224,0],[181,-241],[176,8],[194,-211],[199,-23],[133,-265],[-54,-288],[182,-234],[-103,-413],[-261,62],[-139,-421],[182,-366],[175,-358],[218,-406],[-42,-335],[181,-140],[85,-319],[-24,-265],[36,-413],[357,-343],[176,210],[333,-8],[169,-179],[73,-296],[187,-351],[43,-296],[103,-226],[314,-171],[230,-234],[224,-366],[158,-296],[248,-16],[121,-343],[-97,-265],[-157,-366],[242,-187],[242,-86],[103,-226],[260,-85],[121,-281],[24,-210],[24,-421],[218,-265],[164,-109],[175,-171],[79,-281],[-73,-436],[152,-421],[193,-47],[254,-109],[-90,-460],[84,-335],[279,-117],[321,71],[375,-55],[36,-288],[333,-133],[297,125],[199,-24],[242,-101],[224,-311],[164,-133],[278,-179],[272,-195],[122,-444],[133,-250],[151,-233],[200,-382],[-31,-234],[-90,-288],[-91,-273],[-230,-343],[6,-304],[-55,-413],[49,-156],[0,-366],[-36,-265],[-61,-366],[-345,-187],[-290,70],[-206,102],[-254,-24],[-170,-335],[-200,-280],[-224,38],[-145,102],[-296,-16],[-133,-101],[-230,-203],[-140,-148],[-66,-311],[-103,-328],[-12,-420],[-30,-359],[-200,-171],[-248,70],[-224,-70],[-43,-328],[-18,-265],[0,-210],[24,-304],[-278,-226],[-351,-125],[-91,-296],[-48,-358],[-158,-366],[-96,-273],[48,-460],[54,-218],[-36,-319],[-30,-390],[-303,-164],[-151,-265],[-230,-101],[-73,-319],[55,-406],[-170,-202],[-308,-257],[-31,-328],[-66,-218],[-127,-218],[-200,-288],[55,-351],[229,-125],[170,-101],[42,-343],[43,-296],[-43,-226],[-205,-195],[-128,-101],[-199,-187],[-85,-179],[-67,-351],[-339,-54],[-217,132],[-182,-109],[-224,-171],[-254,31],[-182,117],[-266,-71],[-163,-194],[-206,-281],[66,-467],[97,-258],[-66,-389],[-25,-413],[297,-304],[-200,-179],[-333,-133],[-254,-163],[-363,-63],[-254,47],[-212,-210],[-175,-156],[-333,0],[-152,-195],[-242,-288],[-115,-296],[-109,-265],[-242,-164],[-133,-320],[-109,-303],[79,-234],[127,-366],[-36,-297],[157,-374],[73,-311],[-91,-257],[-321,-39],[-85,-406],[-96,-311],[-73,-257],[0,-374],[-67,-289],[25,-405],[-43,-304],[-12,-218],[-260,-148],[-6,-320],[139,-288],[12,-436],[67,-468],[-267,-85],[-290,-86],[-164,-335],[-115,-187],[-248,-172],[-42,-319],[-121,-312],[-224,0],[-266,-234],[18,-288],[-145,-288],[-25,-390],[-6,-374],[-127,-327],[49,-281],[-200,-179],[-182,47],[-284,-102],[-224,-70],[-133,-413],[-103,-179],[-278,16],[-327,-16],[-67,-358],[-194,-63],[-320,-155],[127,-429],[-30,-249],[187,-304],[157,-187],[-84,-304],[139,-343],[-85,-382],[-327,-234],[-175,-54],[-194,-211],[-260,-163],[-315,-141],[-145,-412],[-315,-226],[85,-258],[-163,-280],[-91,-421],[-30,-436],[-37,-437],[-78,-413],[-315,-241],[145,-413],[36,-296],[-224,-257],[-133,-273],[152,-390],[187,16],[230,-187],[-72,-265],[-6,-366],[60,-242],[-169,-296],[-321,-140],[-43,-273],[103,-273],[212,-350],[176,-110],[48,-381],[-212,-94],[91,-382],[157,-311],[43,-413],[224,-219],[-152,-272],[-308,-125],[-127,140],[-255,273],[-320,-55],[-79,-233],[-67,-250],[218,-218],[-157,-405],[-278,-55],[-188,-303],[-188,-312],[-333,-164],[-66,-382],[248,-148],[194,-226],[12,-381],[30,-226],[67,-328],[205,-288],[-109,-335],[-242,-187],[-84,-234],[-182,-428],[-151,-297],[-291,250],[-230,-312],[-175,-218],[-351,-23],[-200,-187],[-73,-421],[97,-250],[176,-335],[-43,-226],[-127,-280],[-260,-55],[-278,55],[-212,0],[-315,-16],[-272,-272],[-242,-78],[-212,-47],[-297,-101],[-163,-71],[-279,-23],[-296,187],[-357,0],[-266,148],[-237,-86],[-193,148],[-236,-7],[-194,-109],[-296,46],[-206,-195],[-182,-210],[-175,-117],[-127,-241],[-303,-24],[-206,211],[-230,46],[-278,-296],[230,-389],[193,-156],[-169,-413],[-345,-164],[-315,-187],[-151,-257],[30,-296],[188,-242],[-12,-280],[-49,-405],[109,-406],[37,-296],[-109,-218],[-248,-210],[-345,-31],[-55,-296],[24,-437],[285,-156],[181,-366],[-218,-171],[-115,-335],[31,-265],[-194,-281],[-351,109],[-109,-273],[115,-350],[-163,-148],[-230,-195]],[[749237,401209],[-200,164],[-182,171],[-163,351],[-73,288],[-320,55],[-249,-187],[-139,-226],[-399,-374],[-345,-343],[-224,-351],[-272,234],[-164,296],[-339,86],[-290,23],[-315,47],[-569,78],[-12,101],[242,732],[-121,398],[-73,234],[-109,374],[-102,397],[-97,249],[-194,328],[-303,7],[-187,164],[-206,351],[-163,265],[-242,358],[-237,94],[-260,117],[-212,132],[-175,78],[-291,-55],[-339,-132],[-211,-16],[-297,-210],[-296,109],[-170,179],[-182,148],[-230,148],[-278,187],[-254,172],[-279,171],[-278,156],[-66,343],[217,397],[164,211],[85,249],[66,335],[-36,242],[-55,241],[-193,281],[-206,335],[-176,288],[-169,-62],[-254,-16],[-206,86],[-127,187],[-248,117],[-109,164],[-382,132],[-296,70],[-418,133],[-254,77],[-769,312],[-429,164],[-497,280],[-453,328],[-702,545],[-509,397],[-593,530],[-914,850],[-1023,911],[-357,328],[-308,397],[-539,818],[-1271,1699],[-823,1114],[-787,881],[-587,561],[-1023,623],[-647,257],[-351,78],[-727,47],[-889,70],[-896,-54],[-593,-133],[-345,-195],[-315,-171],[-418,-312],[-490,-498],[-193,-398],[-709,-1956],[-96,-366],[-200,-880],[-502,-2549],[-382,-2111],[-266,-1278],[-97,-343],[-163,-421],[18,-241],[-79,-328],[-206,-85],[-290,-312],[-212,-343],[-266,-304],[-309,-312],[-248,-319],[-400,-631],[-290,-195],[-424,-179],[-339,-156],[-181,-78],[-351,-195],[-158,-171],[-338,-351],[-321,-218],[-345,-179],[-254,-125],[-230,0],[-315,0],[-309,-210],[-97,-304],[-163,-320],[-291,102],[-217,46],[-200,-358],[-49,-265],[-66,-218],[-297,-226],[-254,-148],[-339,-211],[-212,-288],[-163,-234],[-188,-171],[-205,-234],[-218,-343],[-315,-273],[-176,-475],[-24,-54],[-97,-538],[-24,-70],[-254,-515],[-30,-54],[-303,-320],[-175,-257],[-424,-631],[-79,-296],[-206,-156],[-193,-296],[-109,-117],[-363,-670],[-279,-717],[-296,-725],[-218,-335],[0,-413],[-254,-202],[-158,-156],[-181,-70],[-176,-203],[-163,-241],[-127,-242],[-109,-327],[-85,-265],[-73,-288],[-12,-484],[-60,-412],[-121,-390],[-85,-242],[-200,-389],[-103,-343],[-90,-187],[-55,-296],[-12,-312],[-6,-242],[-194,-280],[-205,-218],[-212,-218],[-85,-468],[-67,-319],[31,-445],[90,-218],[31,-444],[-43,-436],[-12,-522],[-230,-281],[-236,-249],[-339,-164],[-199,-210],[-127,-148],[-412,-265],[-962,-803],[-218,-101],[-339,62],[-158,-413],[-36,-319],[18,-1613],[-30,-655],[-79,-1075],[-42,-608],[-30,-203],[-158,-257],[-272,-226],[-859,-771],[-491,-429],[-429,-382],[-285,-257],[-187,-202],[-587,-647],[-757,-842],[-920,-1013],[-539,-600],[-278,-272],[-321,-398],[-206,-304],[-538,-841],[-587,-943],[-345,-826],[-194,-803],[-315,-1426],[-345,-1480],[-96,-990],[-43,-444],[375,-1208],[321,-506],[636,-951],[502,-429],[248,-272],[188,-242],[139,-195],[309,-491],[563,-529],[429,-328],[248,-272],[206,-795],[575,-3460],[236,-756],[79,-241],[575,-1278],[460,-889],[6,-7],[399,-749],[1029,-880],[254,-171],[236,-117],[115,-94],[261,-257],[96,-288],[85,-265],[236,-803],[218,-1660],[206,-1644],[115,-1987],[12,-1854],[85,-1925],[6,-569],[-67,-312],[-78,-249],[-67,-366],[6,-250]],[[698876,337530],[-133,-366],[-151,-452],[-364,24],[-193,-86],[-103,-312],[-30,-273],[217,-335],[-18,-327],[-169,-366],[-248,15],[-230,-342],[-242,-250],[0,-428],[90,-187],[230,-133],[97,-335],[-12,-389],[36,-211],[-115,-319],[-278,-281],[-121,-195],[242,-288],[224,-187],[85,-249],[18,-257],[-42,-297],[6,-420],[-37,-382],[-163,-335],[-115,-328],[54,-342],[-145,-164],[-30,-304],[-12,-234],[127,-280],[-206,-273],[-139,-280],[-30,-320],[-91,-413],[-109,-343],[-218,-343],[-176,-101],[-187,-226],[-79,-265],[151,-288],[-260,-218],[-308,132],[-152,-218],[67,-405],[-91,-320],[-188,-288],[-24,-218],[-175,-405],[-164,-258],[-236,-288],[-157,-179],[-145,-156],[-176,-148],[-91,-320],[-30,-249],[-169,-280],[-140,-203],[-133,-304],[-236,94],[-242,210],[-333,-148],[-230,93],[-193,86],[-97,257],[-133,382],[-285,94],[-175,-335],[-345,-211],[-327,203],[-315,249],[-266,-312],[-212,172],[-194,-47],[-236,86],[-248,-195],[-54,-351],[-327,-171],[-224,70],[-284,62],[-200,-132],[-230,-351],[-12,-280],[-97,-390],[-194,-78],[-308,-93],[-164,-94],[-230,-179],[-333,101],[85,452],[-109,289],[-290,7],[-109,-179],[-236,-327],[-230,-70],[-267,-164],[-12,-429],[-66,-218],[-291,-101],[-242,62],[-242,102],[-303,272],[-60,343],[-43,265],[-90,359],[-212,304],[-176,54],[-242,39],[-103,203],[-109,288],[-205,39],[-200,-203],[-67,-358],[-375,125],[-182,257],[-211,70],[-218,-242],[-230,211],[-85,452],[-30,335],[-206,265],[-284,257],[-230,-8],[-152,171],[-260,86],[-351,156],[-176,179],[-6,351],[-169,202],[-254,24],[-339,86],[-85,342],[-115,343],[-212,140],[-290,-194],[-170,194],[-42,234],[-163,234],[54,273],[-97,327],[-236,47],[-224,148],[-157,39],[-272,-102],[-267,242],[-369,-93],[-218,-94],[-163,-148],[-91,-327],[-224,-312],[-169,351],[-212,85],[-279,-132],[-133,70],[-193,304],[-194,390],[-212,85],[-333,-8],[-187,219],[-182,-47],[-327,-148],[-85,-343],[-193,-413],[-73,-483],[-363,8],[-321,93],[-109,-288],[-30,-273],[-218,-327],[-290,-109],[-357,-8],[-249,93],[-199,71],[-218,-296],[-230,-289],[-176,16],[-199,117],[-188,226],[-254,-172],[-24,-226],[-237,-335],[-308,-23],[-206,15],[-224,-62],[-224,-195],[-236,-23],[-278,179],[-261,-101],[-151,-429],[-97,-460],[-236,-202],[-339,148],[-224,179],[-151,133],[-260,-320],[-170,-265],[-205,31],[-315,-109],[-309,-156],[-205,-132],[-315,-234],[-266,-54],[-230,155],[-285,273],[-242,55],[-194,-109],[-175,-250],[-248,-241],[-224,-39],[-254,101],[-158,187],[-194,249],[-284,250],[-266,187],[-363,93],[-321,8],[-236,-23],[-230,-156],[-139,-218],[-315,-16],[-297,249],[-181,219],[-254,226],[-170,117],[-272,109],[-248,0],[-267,-133],[-199,-397],[-97,-312],[-333,-187],[-176,-187],[-66,-452],[48,-405],[30,-249],[-96,-398],[-279,-265],[-206,250],[-139,171],[-248,101],[-200,39],[-217,39],[-327,140],[-176,78],[-212,156],[-224,78],[-151,148],[-284,218],[-303,-54],[-139,-16],[-351,0],[-333,63],[-224,54],[-260,94],[-230,132],[-230,148],[-224,218],[-327,328],[-97,85],[-321,304],[-248,218],[-230,281],[-157,132],[-242,148],[-164,110],[-205,124],[-212,78],[-230,70],[-291,78],[-290,86],[-321,249],[-224,211],[-272,233],[-260,203],[-436,374],[-242,-132],[-182,116],[-865,507],[-497,296]],[[646433,325577],[333,990],[327,701],[73,273],[54,358],[369,2159],[67,717],[-67,1036],[-169,1410],[-200,1348],[-575,1902],[-817,2805],[-230,1208],[-194,1659],[-526,4715],[-236,5782],[-170,1379],[-345,1005],[-544,733],[-926,849],[-303,460],[-1446,2891],[-1041,2704],[-230,833],[-127,959],[-121,935],[-466,2073],[-243,553],[-357,218],[-357,47],[-1222,-8],[-1199,-242],[-1059,-179],[-1132,125],[-544,47],[-751,-16],[-889,-132],[-848,-211],[-599,-218],[-520,-234],[-267,-187],[-381,-148],[-533,-140],[-780,-133],[-1217,-241],[-423,-101],[-624,-297],[-460,-280],[-442,-265],[-544,-506],[-969,-1130],[-1367,-1387],[-933,-717],[-308,-164],[-327,-164],[-436,-132],[-829,-257],[-272,-140],[-1186,-608],[-1380,-772],[-1471,-631],[-496,-257],[-1035,-506],[-236,-39],[-351,31],[-600,109],[-460,124],[-387,125],[-835,351],[-1295,132],[-503,39],[-290,141],[-406,311],[-284,296],[-291,421],[-181,265],[-557,935],[-678,1138],[-1162,1449],[-1180,1707],[-968,989],[-612,468],[-744,530],[-714,717],[-611,787],[-902,1059],[-303,382],[-200,343],[-260,374],[-278,374],[-206,327],[-182,289],[-139,218],[-145,195],[-182,194],[-248,187],[-278,195],[-291,164],[-381,273],[-587,420],[-381,250],[-285,195],[-314,210],[-267,327],[-115,234],[-139,249],[-163,242],[-152,203],[-218,319],[-278,429],[-230,358],[-188,351],[-145,257],[-157,187],[-152,125],[-199,109],[-236,85],[-400,86],[-550,-47],[-376,16],[-411,39],[-424,54],[-393,63],[-478,62],[-527,78],[-460,117],[-363,132],[-357,164],[-351,156],[-551,195],[-357,155],[-363,164],[-339,133],[-321,194],[-478,312],[-442,257],[-302,203],[-273,249],[-617,764],[-279,304],[-320,327],[-309,288],[-248,180],[-188,124],[-163,70],[-333,94],[-303,101],[-302,47],[-484,86],[-285,62],[-302,101],[-333,148],[-370,187],[-387,211],[-357,202],[-121,102],[-254,218],[-133,195],[-236,241],[-261,94],[-230,46],[-302,133],[-206,132],[-212,141],[-175,117],[-188,124],[-345,218],[-272,180],[-1743,2135],[-636,810],[-714,904],[-91,288],[-66,374],[-115,421],[-872,1216],[-278,343],[-357,654],[-1683,3663],[-1567,3288],[-563,849],[-581,959],[-702,1052]],[[568305,507924],[212,0],[405,47],[521,62],[835,-280],[218,-109],[563,-343],[617,-374],[2233,-1605],[739,-678],[684,-1161],[659,-1083],[382,-289],[97,-70],[926,70],[1555,211],[3347,865],[1906,397],[2336,-62],[1865,31],[2094,273],[1591,210],[1804,70],[1846,-62],[1489,-39],[1398,132],[774,102],[920,272],[593,179],[2034,258],[1719,311],[1471,234],[1706,101],[1302,94],[2324,187],[641,-8],[962,94],[1138,280],[1138,187],[1422,390],[1217,226],[1295,132],[1047,0],[732,78],[1380,218],[938,109],[854,226],[992,141],[1096,202],[569,211],[502,413],[430,327],[581,319],[1652,904],[1743,935],[1664,1224],[2016,1348],[1150,717],[2039,1410],[1229,959],[841,498],[787,250],[1761,366],[1786,226],[24,8],[448,39],[339,171],[381,358],[151,180],[-36,241],[-6,328],[48,366],[97,272],[127,226],[285,156],[278,55],[212,93],[212,242],[84,390],[-6,272],[158,289],[218,31],[290,-289],[248,-194],[315,-141],[357,8],[188,70],[205,117],[218,288],[67,289],[18,421],[-12,257],[-12,272],[-12,336],[-18,249],[-31,405],[6,359],[31,194],[72,289],[67,218],[157,413],[79,226],[66,358],[206,320],[267,85],[181,172],[-24,319],[-303,226],[-139,109],[-242,211],[-176,132],[-205,133],[-139,109],[-134,382],[-48,467],[-188,226],[-351,16],[-127,163],[-72,320],[-103,265],[36,475],[218,125],[133,163],[115,351],[-327,94],[-163,-172],[-200,-226],[-278,-86],[-363,141],[-206,23],[-236,8],[-315,195],[-133,389],[-24,281],[12,366],[-182,273],[-54,202],[-37,398],[-217,265],[-364,-31],[-145,7],[-236,-116],[-248,-125],[-224,327],[291,296],[217,140],[164,203],[139,405],[163,242],[55,226],[-103,304],[272,241],[261,70],[139,203],[290,-171],[327,124],[61,203],[36,335],[297,54],[127,374],[-273,141],[-181,70],[-139,249],[157,359],[181,241],[91,421],[-302,281],[-103,405],[272,156],[163,179],[237,-8],[314,-148],[230,164],[164,124],[205,78],[255,102],[169,124],[206,125],[218,101],[-85,390],[18,436],[164,133],[242,202],[72,421],[43,304],[84,335],[31,257],[266,109],[212,-86],[224,-179],[351,-54],[121,187],[-37,304],[-102,374],[181,117],[-145,405],[139,327],[176,-23],[224,-86],[338,8],[91,288],[0,366],[0,483],[43,367],[109,327],[266,257],[284,109],[357,86],[218,101],[279,203],[139,389],[-67,304],[-103,218],[-187,281],[-200,257],[-212,234],[-218,319],[224,219],[267,-219],[254,-311],[314,-109],[194,23],[279,-140],[278,-289],[230,172],[121,210],[109,250],[194,77],[242,16],[151,-54],[333,179],[290,156],[315,148],[194,31],[151,195],[206,117],[200,-188],[296,-171],[127,-203],[248,-155],[236,-296],[297,-188],[242,-38],[333,-86],[363,-148],[260,-257],[315,-117],[200,124],[206,-46],[193,-164],[188,-39],[308,-132],[140,-250],[145,-280],[242,-328],[73,-257],[260,-163],[254,-55],[254,109],[261,78],[145,-8],[230,-93],[357,8],[175,-39],[279,15],[187,0],[188,-234],[127,-179],[230,-78],[127,-335],[182,-70],[127,-273],[24,-397],[212,-171],[163,-374],[6,-258],[6,-265],[200,-280],[182,-23],[272,-47],[188,-203],[181,-249],[188,-250],[206,-241],[133,-140],[127,-296],[133,-203],[127,-242],[254,-140],[255,-23],[326,-117],[279,-164],[363,-8],[302,63],[115,31],[533,117],[993,218],[1131,335],[551,218],[914,187]],[[789575,581522],[200,-405],[278,86],[60,-335],[0,-437],[285,-210],[-85,-405],[-200,-24],[-30,-436],[6,-296],[-48,-257],[-79,-327],[-230,-211],[-284,187],[-115,148],[-121,250],[-61,202],[-302,47],[-91,-195],[60,-351],[206,-249],[-30,-351],[-242,-218],[-212,-124],[-61,-320],[-60,-436],[224,-172],[157,-233],[-72,-437],[-103,-335],[-127,-397],[96,-359],[-54,-257],[12,-304],[79,-405],[-158,-351],[188,-319],[12,-234],[-278,-210],[-297,280],[-315,-171],[-12,-234],[285,-218],[218,-211],[-164,-358],[-224,47],[-127,-289],[103,-218],[176,-241],[-6,-218],[-218,-265],[-200,257],[6,327],[-254,320],[-303,31],[-48,-398],[199,-296],[85,-421],[91,-280],[230,-117],[297,-187],[54,-249],[-339,-211],[-230,289],[-254,311],[-272,117],[-333,-195],[66,-272],[236,-304],[230,-63],[139,-171],[236,-109],[43,-483],[-30,-367],[-267,-280],[-181,156],[-152,163],[-211,8],[-103,-460],[187,-140],[127,-366],[37,-257],[169,-390],[206,-85],[-54,-406],[84,-382],[170,-233],[48,-211],[73,-296],[-182,-241],[-139,-125],[-79,-281],[-36,-335],[-369,-101],[-224,-125],[-133,-233],[18,-242],[260,-171],[291,218],[169,101],[218,101],[157,-389],[-12,-437],[-85,-233],[-102,-296],[181,-429],[-200,-374],[-260,-273],[-248,-101],[-175,-47],[-230,-124],[-146,-156],[-218,-117],[-308,-242],[-158,-382],[-351,-62],[31,-288],[157,-359],[115,-179],[103,-444],[-212,-234],[-266,257],[-279,-93],[-218,-39],[-272,202],[-175,-148],[-176,-202],[-218,-211],[-163,-93],[-194,-327],[-224,-289],[-308,-265],[-103,-249],[12,-358],[54,-211],[-321,-171],[-163,124],[-297,-296],[-30,-545],[-103,-421],[-272,-86],[-218,-62],[-254,-171],[-212,-172],[6,-265],[-145,-195],[-272,-101],[-134,-343],[-218,-436],[-320,-125],[-230,-15],[-164,-32],[-333,-39],[-266,-77],[-169,-148],[-133,-351],[-37,-335],[-224,-304],[-205,-125],[-164,-374],[188,-202],[151,-148],[212,-211],[206,-335],[-12,-413],[-194,-327],[-79,-281],[24,-327],[-296,-210],[-151,-195],[-158,-320],[-187,-210],[-212,-405],[-55,-296],[-72,-374],[-176,-234],[-145,-109],[-206,374],[-66,195],[-333,54],[-194,-202],[-200,-258],[-103,-202],[-66,-312],[-30,-327],[-25,-211],[-224,-342],[-266,-55],[-351,94],[-206,-16],[-193,-242],[-91,-358],[-127,-577],[-67,-327],[-272,-234],[-230,70],[-164,102],[-199,226],[-200,117],[-224,54],[-327,94],[-212,-281],[-121,-249],[-302,15],[-212,156],[-260,211],[-146,70],[-272,-8],[-242,-179],[-260,-335],[-188,-312],[-133,-242],[-115,-374],[157,-420],[503,7],[272,-70],[260,-358],[-121,-273],[-315,-226],[-248,-132],[-302,-117],[-297,-24],[-230,117],[-284,203],[-242,62],[-194,-109],[-139,-273],[-61,-187],[-42,-288],[60,-358],[25,-250],[133,-413],[236,-62],[187,78],[152,343],[351,101],[254,-78],[145,-156],[-6,-389],[-121,-242],[-200,-78],[-205,-39],[-67,-351],[-42,-459],[145,-226],[36,-367],[-72,-202],[60,-343],[18,-273],[-18,-420],[12,-211],[85,-366],[-163,-413],[12,-483],[163,-203],[61,-218],[109,-304],[369,78],[351,-93],[308,-265],[273,-141],[42,-249],[121,-320],[-18,-366],[-200,-93],[-254,140],[-163,-187],[-170,-358],[73,-273],[-121,-359],[-103,-436],[369,-101],[291,-226],[-61,-398],[-212,-15],[-212,241],[-224,148],[-211,-54],[-224,-234],[-194,-218],[-218,-273],[-109,-257],[-278,-288],[-109,-133],[-394,-647],[-193,-171],[-139,-335],[163,-210],[-12,-351],[-151,-218],[-279,-226],[109,-304],[279,-47],[314,257],[188,-280],[48,-156],[55,-327],[-24,-250],[-25,-257],[-30,-234],[24,-272],[182,-390],[175,-226],[230,-358],[103,-195],[115,-304],[-84,-242],[-309,-218],[-67,-428],[103,-320],[79,-280],[200,-281],[-170,-273],[-321,-132],[-260,0],[-230,-335],[73,-226],[242,-203],[351,55],[242,-164],[-30,-467],[-212,-265],[66,-406],[140,-335],[42,-382],[260,-303],[194,-226],[266,-226],[230,-141],[230,-124],[-175,-429],[-146,-304],[-145,-156],[-236,63],[-103,202],[-302,78],[-170,-272],[-48,-382],[84,-444],[19,-398],[-279,-288],[-302,-226],[-67,-288],[-151,-398],[-43,-280],[79,-359],[260,-265],[61,-389],[-333,-156],[-121,288],[-272,312],[-218,-47],[-339,-125],[-139,-350],[18,-320],[-43,-210],[267,-327],[157,148],[194,-406],[-170,-194],[-6,-468],[375,8],[25,335],[18,273],[199,187],[158,-429],[18,-390],[12,-233],[-194,-382],[-127,-249],[-30,-437],[-91,-234],[-199,-109],[-212,-39],[-206,-132],[-6,-343],[-218,-117],[-206,62],[-187,125],[-115,273],[133,428],[169,265],[-139,304],[-327,-241],[-278,-70],[-188,109],[-236,0],[-200,70],[-193,-242],[12,-343],[-85,-311],[0,-265],[-48,-405],[-230,-78],[72,-445],[73,-241],[79,-257],[-188,-328],[-188,-109],[-224,-124],[-30,-452],[-66,-343],[96,-475],[-36,-406],[73,-335],[181,-117],[12,-491],[-24,-327],[85,-163],[-254,-320],[-206,-15],[-121,-398],[54,-467],[-139,-273],[-351,-8],[-278,70],[-139,-8],[-267,-109],[-157,-93],[-151,-374],[169,-257],[-127,-281],[-103,-273],[-218,-171],[91,-343],[248,23],[182,78],[248,-62],[91,-218],[-267,-343],[-248,-31],[-333,-117],[-236,-133],[-97,-202],[-181,-273],[-272,39],[-321,234],[-309,-94],[-66,-405],[248,-93],[302,-16],[133,-429],[-193,-148],[-242,-23],[-279,-101],[-24,-452],[303,54],[54,-241],[-399,-211],[97,-436],[12,-452],[60,-304],[133,-397],[-121,-203],[-230,-124],[37,-398],[369,39],[290,-203],[79,-194],[157,-359],[242,-23],[249,-250],[12,-233],[-297,-187],[-357,124],[-91,-280],[127,-390],[19,-210]],[[673971,541197],[224,218],[151,359],[67,452],[48,366],[139,553],[182,296],[321,125],[115,382],[302,117],[134,257],[145,273],[290,257],[176,351],[266,319],[85,335],[139,374],[436,1457],[151,959],[6,491],[-30,459],[30,156],[30,413],[-18,195],[-417,4278],[-121,1426],[-164,2010],[-206,2447],[-36,452],[-97,530],[194,366],[194,273],[103,218],[139,296],[84,172],[13,343],[157,444],[42,202],[164,242],[236,234],[181,288],[194,210],[212,242],[133,187],[121,226],[151,421],[97,304],[127,335],[73,194],[181,406],[103,304],[133,288],[134,413],[193,179],[85,210],[188,203],[103,210],[217,180],[103,241],[121,289],[25,264],[193,281],[37,429],[-230,226],[-91,241],[109,359],[-37,467],[230,351],[115,335],[273,101],[169,39],[218,203],[200,93],[308,273],[91,234],[212,233],[55,273],[-85,398],[-91,342],[-182,110],[-163,249],[-200,195],[-218,343],[7,319],[12,187],[308,1356],[37,608],[6,117],[-12,857],[-406,2337],[-12,312],[-18,218],[-67,733],[67,1597],[151,1489],[230,2290],[182,1660],[30,140],[224,1559],[121,826],[103,1465],[78,600],[13,140],[-49,1083],[24,273],[49,218],[48,265],[24,281],[6,639],[-24,787],[85,1091],[6,1223],[6,23],[127,850],[206,693],[218,577],[66,117],[436,771],[291,452],[1622,2439],[593,834],[436,756],[689,1285],[1054,2026],[938,1730],[375,694],[127,280],[73,289],[78,335]],[[689991,614484],[327,7],[291,149],[278,-47],[248,62],[206,31],[266,-109],[146,-202],[127,-265],[115,-335],[115,-156],[133,-359],[224,-148],[133,-132],[290,-39],[230,-109],[285,-156],[145,-187],[151,-195],[170,-351],[78,-187],[97,-319],[43,-203],[-73,-397],[85,-218],[266,-335],[224,-164],[188,-78],[211,-335],[158,-164],[272,-187],[188,-132],[212,8],[254,226],[187,-172],[188,-226],[151,-444],[97,-421],[-24,-343],[0,-226],[254,-171],[133,-436],[103,-328],[315,-483],[91,-280],[42,-444],[291,-71],[199,-93],[242,-86],[327,-46],[412,-78],[569,-117],[224,-31],[187,-24],[315,-70],[533,-132],[272,-78],[175,-71],[255,-85],[332,124],[146,172],[181,304],[327,148],[236,54],[291,39],[199,24],[188,15],[327,16],[278,-133],[182,-39],[242,-31],[278,0],[606,-7],[236,0],[260,-32],[339,-39],[248,-7],[284,-55],[491,-31],[96,-8],[727,335],[950,444],[605,148],[684,-23],[799,0],[175,16],[624,77],[181,63],[242,101],[339,133],[345,124],[200,47],[266,94],[236,62],[170,62],[224,94],[296,70],[194,62],[309,78],[193,47],[206,23],[357,31],[200,32],[254,46],[387,180],[588,226],[599,241],[1525,678],[381,31],[327,109],[266,0],[248,8],[339,55],[164,39],[169,-445],[-163,-693],[-79,-226],[-218,-546],[85,-459],[-6,-405],[30,-320],[714,358],[303,133],[212,93],[327,234],[393,366],[139,117],[902,624],[297,93],[272,-23],[230,-39],[224,-55],[169,-93],[714,-468],[382,-218],[290,-125],[230,-171],[212,-288],[188,210],[308,31],[176,-54],[296,-102],[345,-78],[236,-62],[230,39],[164,203],[260,31],[339,0],[272,-23],[242,-47],[230,163],[261,-93],[212,-62],[230,15],[344,164],[303,70],[224,93],[194,-46],[308,-117],[236,-63],[188,55],[224,203],[224,124],[91,-187],[169,-288],[157,-210],[79,-304],[-72,-320],[-261,-257],[-272,-39],[-73,-390],[109,-202],[158,-335],[60,-273],[115,-358],[291,-242],[290,-47],[266,-179],[109,-249],[236,-296],[103,-211],[121,-249],[248,-343],[43,-343],[24,-288],[-169,-320],[-279,-70],[-36,-273],[188,-342],[157,31],[230,8],[212,-8],[242,-351],[-97,-257],[-224,-335],[-103,-327],[-97,-281],[31,-405],[230,-242],[151,-117],[163,-249],[-139,-428],[-145,-390],[-224,-304],[36,-265],[327,-78],[194,47],[181,-343],[-133,-460],[-18,-335],[85,-452],[42,-257],[-163,-257],[-109,-319],[90,-242],[-108,-273],[-134,-350],[55,-265],[133,-219],[-109,-303],[-163,-351],[-194,-273],[-61,-389],[79,-304],[30,-359],[91,-444],[-97,-273],[-97,-436],[-6,-491],[-24,-218],[-91,-265],[-96,-335],[-97,-249],[-224,-265],[-12,-281],[24,-335],[278,-288],[91,-421],[-72,-312],[-212,-397],[127,-366],[12,-328],[-42,-382],[-146,-124],[-157,-289],[-85,-226],[-260,-194],[42,-273],[-60,-429],[115,-358],[109,-234],[-43,-413],[0,-350],[-296,-297],[18,-311],[157,-382],[-42,-312],[97,-413],[-24,-350],[-182,-265],[-30,-367],[-18,-327],[6,-257],[217,-226],[61,-257],[48,-265],[134,-429],[102,-233],[176,-172],[224,-210],[91,-195],[133,-296],[54,-234],[-187,-249],[-49,-444],[-90,-250],[-91,-187],[-109,-257],[-73,-203],[-60,-303],[0,-297],[-121,-374],[-170,-163],[-79,-335],[-145,-180],[-236,-38],[-175,-188],[-12,-311],[-152,-312],[-163,-62],[-254,-218],[-236,-94],[-128,-156],[-12,-311],[-115,-211],[-302,-78],[-194,-171],[-157,-164],[-85,-241],[79,-359],[-279,-304],[-224,-226],[79,-452],[133,-249],[-42,-312],[-79,-444],[79,-187],[103,-257],[48,-351],[-139,-335],[133,-319],[73,-328],[42,-257],[55,-428],[133,-211],[84,-389],[212,-179],[133,-156],[218,-273],[133,-195],[255,-93],[193,-296],[97,-172],[127,-288],[121,-273],[127,-210],[321,-257],[297,38],[314,47],[243,-140],[175,-16],[188,-194],[302,-203],[61,-304],[42,-273],[266,-109],[176,-70],[266,-327],[97,-281],[73,-358],[272,-273],[194,-171],[212,-242],[121,-202],[224,-63],[139,-101],[272,70],[206,-86],[194,-202],[187,0],[266,-31],[273,124],[218,24],[454,54],[677,109],[194,24],[230,-8],[170,-62],[266,-149],[587,-358],[224,-164],[260,-132],[569,125],[182,54],[211,24],[382,-8],[448,-16],[254,-8],[193,-15],[243,-47],[157,-55],[278,-171],[400,-132],[91,-32],[459,-78],[158,-38],[1138,-398],[109,-15],[345,38],[260,8],[278,-15],[1090,-203],[399,-62],[85,-460],[48,-312],[31,-233],[54,-367],[60,-319],[55,-320],[67,-226],[102,-319],[67,-444],[0,-234],[-36,-335],[84,-296],[146,-382],[103,-288],[332,54],[176,39],[218,78],[260,101],[254,24],[351,-102],[188,-54],[242,615],[6,55],[254,1395],[351,771],[230,787],[509,787],[496,569],[508,304],[291,203],[327,140],[169,39],[291,148],[145,93],[206,172],[127,125],[236,257],[115,241],[60,289],[-12,584],[-103,974],[-42,296],[48,359],[333,568],[109,172],[170,226],[96,358],[37,203],[85,273],[211,841],[85,257],[145,195],[721,1044],[236,382],[175,242],[157,218],[61,195],[67,452],[-134,374],[-102,389],[-158,218],[-175,390],[-242,148],[-97,234],[-97,413],[-18,273],[72,335],[121,288],[103,203],[18,296],[-121,187],[-127,241],[-139,444],[-212,219],[-199,-109],[-291,38],[-36,250],[-309,234],[-290,-148],[-134,-156],[-320,-86],[-236,-8],[-236,-23],[-212,47],[-484,210],[-67,397],[-151,250],[-248,195],[-206,132],[-279,483],[-230,117],[-121,101],[-181,218],[-254,-62],[-321,70],[-139,304],[-327,327],[-351,390],[-170,327],[-127,460],[-66,249],[-61,445],[-181,280],[-128,226],[-96,312],[-19,273],[13,225],[12,421],[30,273],[66,452],[188,312],[139,187],[0,319],[-60,499],[-30,132],[-194,631],[-394,1060],[-36,655],[394,156],[260,101],[333,54],[308,55],[279,94],[1035,600],[466,335],[441,335],[164,202],[248,359],[1338,872],[260,-787],[151,-303],[248,-125],[309,23],[321,-23],[284,-86],[145,-31],[291,-132],[188,0],[217,-195],[97,-312],[97,-358],[218,-335],[109,-343],[194,-234],[163,-125],[321,133],[296,54],[158,-124],[260,31],[188,46],[169,304],[194,-39],[224,109],[115,312],[332,70],[230,218],[73,343],[49,273],[193,351],[158,124],[332,164],[291,16],[345,272],[381,-54],[158,-31],[248,-343],[139,-250],[260,-85],[321,-94],[224,156],[266,203],[79,265],[181,132],[224,-86],[103,-194],[291,77],[345,39],[260,71],[254,171],[176,-327],[369,-16],[296,117],[194,-39],[236,39],[266,-281],[224,-249],[261,-117],[278,-241],[309,-172],[121,-187],[181,-265],[303,8],[278,-156],[188,-117],[206,-15],[230,15],[169,250],[260,140],[255,23],[223,32],[122,257],[163,148],[200,54],[333,8],[217,8],[321,47],[242,-39],[146,-78],[254,39],[260,31],[121,-366],[212,-180],[266,195],[133,421],[218,366],[-66,156],[133,343],[314,0],[218,101],[115,257],[248,125],[122,234],[175,218],[278,-62],[206,124],[230,164],[139,70],[297,-39],[260,-23],[285,195],[290,140],[164,-382],[157,-195],[272,-54],[254,171],[212,16],[188,62],[163,218],[218,140],[260,242],[230,78],[176,-31],[200,-148],[218,-179],[205,-63],[176,211],[200,109],[242,31],[357,148],[278,101],[303,-140],[169,195],[182,350],[193,117],[303,-140],[170,-39],[345,8],[157,-101],[42,-359],[279,-288],[326,-63],[303,-202],[248,31],[297,249],[266,32],[272,-336],[176,-241],[67,-242],[96,-210],[273,-164],[163,-304],[79,-202],[85,-242],[90,-218],[170,-296],[187,-39],[339,-47],[73,-374],[-115,-296],[-260,-179],[-139,-265],[163,-312],[188,-171],[223,-242],[200,-311],[-18,-390],[91,-390]],[[749237,401209],[-79,-218],[36,-452],[-78,-483],[-140,-218],[-90,-226],[-236,-234],[145,-444],[-158,-413],[-175,-328],[-85,-226],[-272,-70],[-254,47],[-164,-343],[-72,-234],[-43,-436],[146,-249],[211,-242],[121,-343],[152,-257],[97,-156],[296,117],[297,-296],[187,-288],[315,117],[291,-195],[157,-195],[218,78],[254,195],[182,-141],[254,-249],[296,-86],[218,-218],[-30,-265],[242,-343],[85,-319],[-6,-218],[115,-289],[6,-272],[84,-242],[49,-428],[151,-398],[103,-280],[0,-351],[-121,-218],[-236,-86],[-54,-242],[-85,-350],[-127,-218],[6,-257],[-24,-320],[175,-304],[91,-327],[30,-327],[103,-297],[339,-194],[18,-312],[260,-273],[194,-187],[-79,-296],[-48,-273],[66,-304],[31,-241],[157,-296],[176,-156],[24,-374],[103,-273],[187,-421],[-48,-358],[163,-335],[327,78],[291,-187],[151,-390],[248,-93],[170,-413],[-134,-328],[-175,-342],[-224,-148],[42,-460],[176,-250],[-18,-319],[78,-327],[-84,-289],[181,-420],[121,-359],[85,-358],[175,-257],[212,77],[242,-350],[-18,-320],[303,-78],[79,-265],[139,-226],[97,-436],[296,-257],[157,-366],[43,-226],[333,-94],[320,125],[194,-62],[176,-211],[18,-257],[254,-304],[163,-140],[103,-304],[-42,-195],[48,-358],[333,-211],[115,-272],[30,-374],[285,-187],[242,124],[200,-8],[266,-257],[157,-257],[152,-202],[248,62],[127,-312],[103,-202],[181,-242],[315,-62],[242,-148],[24,-257],[267,-226],[78,-367],[91,-272],[-103,-406],[-12,-226],[-24,-444],[-121,-234],[42,-428],[-218,-156],[25,-335],[109,-405],[-55,-398],[-127,-413],[85,-303],[54,-406],[85,-358],[91,-304],[230,-55],[254,-54],[151,-359],[-78,-342],[-55,-281],[79,-280],[133,-164],[121,-374],[284,-148],[315,-148],[157,-133],[255,-132],[296,39],[248,70],[321,-156],[200,-195],[163,-202],[254,-86],[243,-156],[242,-288],[302,-179],[-6,-320],[-175,-179],[54,-398],[236,-93],[224,86],[206,-250],[-30,-265],[296,-31],[309,148],[339,-179],[224,-47],[290,117],[285,257],[97,320],[284,327],[0,343],[206,132],[0,343],[-188,351],[-72,156],[-85,311],[157,289],[309,124],[193,32],[249,163],[266,273],[345,-86],[91,-280],[187,-367],[261,39],[205,-93],[285,-327],[36,-312],[79,-273],[206,-218],[-31,-265],[-230,-117],[-193,-280],[-25,-242],[309,-171],[236,101],[309,117],[296,-55],[170,-46],[218,-63],[308,-8],[79,180],[157,241],[230,-15],[200,117],[236,210],[327,-31],[103,-156],[284,148],[0,397],[-157,164],[-73,366],[-54,234],[-127,304],[254,218],[218,-125],[139,-155],[151,-180],[218,8],[224,148],[194,413],[266,102],[151,-125],[255,-187],[230,124],[266,195],[242,-210],[-61,-234],[-78,-265],[60,-413],[-193,-218],[115,-374],[193,-125],[273,125],[163,125],[230,140],[157,242],[121,366],[188,-109],[309,-273],[284,-234],[115,-249],[285,-164],[127,281],[218,296],[175,148],[200,117],[260,-24],[170,148],[332,117],[236,-101],[109,366],[121,250],[218,46],[363,-46],[230,-187],[370,0],[139,257],[345,163],[212,-413],[-140,-241],[-109,-172],[-199,-241],[-127,-312],[0,-249],[42,-320],[48,-210],[303,-288],[248,-195],[182,8],[369,-102],[284,-47],[200,0],[339,-101],[266,-54],[357,163],[103,452],[25,296],[266,242],[212,-78],[248,-164],[145,-117],[254,-226],[206,-101],[85,-405],[-73,-436],[-115,-289],[145,-288],[127,-187],[164,-296],[97,-351],[199,-117],[309,-124],[55,-234],[211,-187],[218,-86],[236,-241],[230,-117],[315,280],[230,211],[254,62],[152,-140],[181,-195],[218,218],[242,70],[278,-218],[170,-8],[212,-101],[212,-125],[236,-101],[199,-327],[279,-63],[296,39],[242,86],[-18,413],[-78,343],[96,296],[315,242],[351,-47],[242,-195],[-42,-382],[48,-210],[121,-328],[146,-420],[217,-102],[273,-101],[339,-132],[193,70],[243,23],[175,-265],[-54,-210],[90,-296],[85,-390],[254,-101],[230,-125],[-139,-389],[-79,-297],[97,-342],[-60,-258],[-25,-311],[7,-398],[211,-171],[212,-312],[182,-187],[363,-23],[224,-16],[260,-23],[151,195],[255,-117],[175,179],[218,319],[194,47],[211,195],[255,125],[230,-31],[230,0],[260,93],[278,171],[321,180],[242,-156],[242,-24],[291,-70],[181,-117],[164,-350],[42,-343],[36,-218],[97,-273],[-42,-374],[12,-351],[194,-249],[218,374],[108,218],[261,70],[236,265],[314,-101],[236,-101],[212,-94],[188,-78],[278,-93],[170,-24],[345,-7],[363,-133],[333,-156],[278,-124],[212,-102],[339,-163],[284,-156],[224,-31],[212,-86],[291,-31],[139,304],[248,46],[145,8],[327,31],[357,63],[170,327],[363,109],[272,-242],[194,86],[230,-210],[290,-55],[206,102],[230,-164],[176,-8],[302,24],[260,-375],[333,-93],[200,-257],[-24,-226],[200,-343],[187,-94],[200,-241],[230,-23],[248,-336],[-42,-335],[42,-467],[133,-187],[67,-382],[-200,-413],[-61,-265],[-242,-125],[-320,-171],[-182,-203],[-309,-218],[146,-452],[187,-397],[31,-304],[-164,-366],[-188,-257],[-60,-421],[-73,-234],[-218,-203],[31,-265],[-49,-444],[279,-179],[296,-15],[158,-172],[230,125],[314,-86],[-12,-413],[49,-390],[163,-311],[309,187],[205,31],[224,31],[249,-31],[278,-171],[133,-86],[279,-211],[211,-241],[224,-172],[-121,-358],[-103,-304],[-175,-195],[18,-265],[6,-366],[236,-319],[206,-195],[212,-257],[60,-398],[339,-202],[67,-359],[36,-475],[157,-148],[273,-31],[327,132],[236,-171],[-25,-343],[242,-327],[273,-343],[266,-148],[272,0],[291,265],[321,93],[187,-273],[152,-179],[224,-78],[145,-156],[163,-257],[218,94],[248,202],[339,-148],[230,47],[182,101],[199,133],[237,296],[320,156],[363,0],[115,350],[6,304],[7,335],[266,359],[151,-374],[285,-265],[115,319],[314,-226],[0,-257],[218,-226],[321,-62],[206,-148],[272,-94],[321,-117],[72,312],[170,101],[236,-31],[321,187],[218,141],[193,155],[224,-155],[121,-297],[164,-327],[242,-70],[314,62],[243,-23],[133,-444],[30,-226],[6,-382],[67,-273],[187,-358],[127,-211],[146,-311],[90,-304],[109,-234],[291,-226],[12,-312],[-127,-389],[66,-390],[140,-249],[90,-281],[303,-226],[206,-54],[284,-8],[242,-280],[-12,-242],[170,-366],[157,-117],[363,-288],[273,-188],[187,-93],[315,23],[163,94],[339,257],[266,249],[31,187],[-12,484],[12,397],[42,304],[254,109],[152,-312],[157,-280],[182,31],[236,39],[308,86],[200,-258],[-79,-304],[127,-335],[242,32],[236,140],[170,171],[242,148],[212,-163],[79,-226],[96,-405],[194,-187],[315,-226],[193,-133],[188,-117],[218,-156],[230,-265],[260,-210],[242,-39],[254,109],[170,320],[145,265],[297,311],[230,-226],[-6,-265],[-25,-343],[-6,-257],[73,-397],[127,-304],[200,-319],[163,-219],[176,-218],[85,-249],[48,-218],[181,-226],[315,-94],[212,-47],[345,-101],[157,-31],[242,31],[315,172],[133,140],[85,327],[24,390],[212,241],[375,-47],[164,-210],[109,-351],[175,-381],[170,-195],[193,-140],[115,-452],[6,-413],[-48,-351],[-236,-320],[-24,-413],[260,-194],[242,-156],[254,-164],[267,0],[217,281],[146,148],[224,85],[278,-264],[48,-304],[37,-211],[91,-366],[163,-171],[260,-180],[260,-163],[243,-172],[139,-420],[103,-258],[169,-288],[115,-280],[309,-125],[327,-78],[284,-31],[260,257],[158,218],[236,133],[218,-195],[90,-226],[188,-382],[248,-226],[79,-249],[302,-55],[218,-125],[146,-202],[193,-86],[230,-226],[254,-125],[242,156],[188,-62],[157,-343],[-24,-343],[279,-187],[351,-31],[48,-413],[236,-78],[139,-70],[236,-226],[158,55],[254,296],[248,319],[163,156],[182,187],[79,187],[278,273],[260,101],[152,382],[-134,179],[61,374],[85,312],[-176,436],[24,226],[333,125],[297,280],[200,328],[84,179],[37,304],[12,249],[151,374],[145,179],[303,-23],[218,-31],[212,93],[139,296],[97,265],[296,-46],[297,85],[151,141],[200,116],[321,164],[224,148],[230,-140],[127,-179],[290,124],[176,117],[314,63],[212,-187],[242,-141],[200,-117],[169,-374],[249,32],[260,39],[206,46],[351,24],[78,-367],[-36,-335],[-18,-265],[-30,-257],[6,-311],[66,-398],[-127,-296],[0,-475],[194,-226],[193,8],[164,-195],[345,-16],[327,-132],[248,-195],[175,-172],[261,-264],[254,-63],[175,-8],[224,32],[339,85],[351,179],[145,-412],[91,-226],[164,-281],[121,-164],[296,-226],[224,86],[194,109],[200,-218],[36,-288],[315,54],[290,-101],[218,70],[236,78],[218,-179]],[[862226,319624],[-333,-257],[-315,-156],[-351,-86],[-2051,-273],[-333,-109],[-206,-117],[-224,-148],[-266,-241],[-182,-234],[-200,-343],[-151,-343],[-73,-327],[-78,-366],[-79,-476],[-79,-1636],[-72,-257],[-218,-257],[-200,-102],[-1053,-93],[-200,-23],[-181,-71],[-297,-303],[-599,-920],[-502,-771],[-1114,-1411],[-2221,-3023],[-157,-172],[-212,-148],[-309,-171],[-2203,-881],[-841,-475],[-944,-577],[-539,-374],[-527,-413],[-417,-413],[0,-670],[-79,-327],[-187,-491],[-182,-280],[-248,-468],[-121,-210],[-91,-242],[-127,-452],[-48,-101],[-194,-335],[-115,-226],[-188,-507],[-97,-389],[-72,-320],[-121,-366],[-158,-421],[-272,-538],[-369,-787],[-139,-272],[-261,-398],[-308,-436],[-170,-312],[-54,-288],[-37,-343],[-6,-467],[6,-413],[0,-507],[25,-452],[6,-335],[0,-429],[-6,-327],[-18,-397],[-61,-366],[-103,-437],[-54,-163],[-146,-359],[-121,-234],[-175,-265],[-164,-304],[-139,-264],[-24,-406],[42,-194],[73,-374],[-254,-102],[-412,94],[-339,101],[-1374,460],[-248,31],[-363,-62],[-1059,-164],[-369,-47],[-297,-62],[-260,-86],[-520,-304],[-715,-452],[-932,-654],[-1283,-1052],[-1755,-1590],[-218,164],[-187,-109],[-297,-164],[-91,-179],[-175,-374],[-194,-413],[-121,-390],[-181,-210],[-134,-429],[-333,-70],[-290,-202],[-194,-382],[6,-273],[-90,-312],[-109,-382],[-97,-296],[-333,-140],[-236,-8],[-212,-31],[-127,-273],[-121,-233],[-163,-156],[-122,-273],[-42,-195],[-103,-280],[-200,-405],[-127,-289],[-102,-436],[0,-312],[-61,-249],[-139,-265],[-291,-296],[-230,-86],[-193,0],[-200,-78],[-139,-405],[-133,-156],[-206,-257],[-236,-86],[-146,-187],[-248,-358],[-260,-304],[-212,-133],[-278,-194],[0,-328],[30,-257],[-127,-421],[-242,-23],[-157,-62],[-267,-125],[-218,-132]],[[821270,272442],[-133,-110],[-199,-187],[-249,-233],[-145,-125],[-218,-156],[-151,-70],[-278,-23],[-200,31],[-339,101],[-254,179],[163,429],[-66,351],[-134,358],[-121,242],[-211,257],[-212,202],[36,374],[54,242],[-90,296],[-321,218],[-278,148],[-303,187],[-266,-101],[-200,-62],[-200,23],[-290,70],[-224,39],[-357,-70],[-158,140],[-260,109],[-169,-156],[-31,-444],[-84,-265],[-261,-241],[-296,-312],[97,-366],[-43,-249],[-163,-172],[-194,-54],[-290,-86],[-170,-78],[-266,-94],[-272,-54],[-376,62],[-260,47],[-212,101],[-181,70],[-345,47],[-218,23],[-279,250],[-266,86],[-73,-336],[206,-405],[224,-117],[6,-350],[-230,-296],[-272,70],[-357,-8],[-333,179],[-182,-210],[-272,-250],[-182,-148],[-248,-163],[-290,-31],[-158,140],[-60,397],[-291,257],[-169,195],[-188,156],[-121,397],[-36,226],[-260,141],[-73,304],[85,265],[290,124],[248,320],[-290,226],[-121,459],[109,250],[-182,296],[-357,78],[-163,31],[-188,164],[-296,-133],[60,-265],[18,-327],[-48,-234],[-151,-257],[-218,-335],[-224,-62],[-158,288],[-175,390],[-73,257],[-72,311],[-309,-140],[-224,-132],[-91,-226],[-42,-281],[-230,-234],[-218,86],[-163,257],[-212,109],[-97,382],[-278,234],[-267,-164],[-187,250],[-218,-32],[-200,-171],[-303,-156],[-363,63],[-296,85],[-345,63],[-254,-63],[-188,0],[-212,24],[-309,7],[-260,-78],[-339,110],[-218,249],[-181,-179],[-200,-133],[-206,366],[-109,265],[-278,273],[-182,-8],[-284,0],[-218,125],[-254,171],[-170,78],[-254,24],[-224,0],[-296,70],[-242,15],[-327,-218],[-230,180],[-36,257],[-321,194],[-224,-23],[-224,226],[-164,226],[-151,156],[-242,171],[-315,78],[-199,-31],[-303,-62],[-115,179],[-272,0],[-261,-109],[-139,-211],[-60,-381],[-139,-281],[-158,-405],[164,-421],[248,-148],[97,-382],[115,-218],[66,-327],[6,-273],[-169,-304],[-206,-234],[18,-459],[12,-398],[-54,-241],[-267,-63],[-211,39],[-327,180],[-248,179],[-188,78],[-315,226],[-115,241],[-290,218],[-297,-218],[-206,-70],[-278,-101],[-290,-179],[-182,-203],[-103,-257],[-127,-437],[-61,-272],[25,-374],[-261,-234],[-205,-55],[-236,-358],[-357,-179],[-273,0],[-145,272],[-206,102],[-260,-226],[-333,-218],[-151,-265],[6,-483],[-133,-328],[-49,-234],[-212,-350],[-254,-172],[-103,-444],[85,-350],[-109,-203],[-278,-132],[-200,-110],[-260,32],[-248,179],[-31,350],[-242,8],[-103,218],[-96,250],[-200,249],[-188,78],[-302,94],[-128,-117],[-345,-211],[-248,125],[-157,-39],[-206,234],[30,226],[-157,397],[-200,109],[-199,257],[-261,16],[-96,218],[-103,289],[-85,257],[-272,-55],[-285,-249],[-302,-78],[-345,-172],[-200,-226],[-79,-265],[-363,-109],[-163,156],[-170,289],[-345,202],[-175,164],[-37,350],[-278,110],[-303,-102],[-284,-234],[-254,-171],[-206,-8],[-315,-15],[-224,-70],[-127,296],[-79,202],[164,289],[-109,288],[-194,117],[-175,15],[-363,-109],[-236,-39],[-158,-163],[-302,187],[-85,257],[-339,54],[-194,78],[-199,16],[-218,-31],[-176,93],[-169,156],[-188,320],[-36,335],[-297,226],[-224,140],[-157,265],[-115,163],[-224,141],[-260,78],[-297,171],[-230,31],[-193,-234],[-37,-350],[-91,-257],[-242,-258],[-205,-140],[-261,-156],[-205,-233],[-309,-195],[-242,117],[-200,117],[-145,116],[-164,226],[-133,335],[-199,125],[-297,63],[-224,132],[-206,242],[-290,-8],[-236,-296],[-55,-265],[-54,-367],[-91,-226],[-91,-264],[0,-304],[-169,-234],[-254,-39],[-339,-39],[-212,-16],[-345,164],[-182,117],[-91,257],[-193,94],[-224,-55],[-236,140],[-200,265],[-309,16],[-205,163],[-200,234],[-151,195],[-188,319],[-212,219],[-272,85],[-248,0],[-321,-78],[-188,-264],[-30,-226],[-290,-141],[-243,257],[-217,-39],[-164,-327],[-79,-436],[-405,-1465],[-54,-195],[-55,-327],[-266,-234],[-267,-101],[-381,-47],[-97,312],[-48,428],[-36,211],[-212,194],[-236,94],[-303,16],[-327,-110],[-145,-319],[-230,-109],[-339,195],[-79,366],[-48,226],[-36,374],[-43,296],[-127,210],[-145,172],[-139,234],[-151,350],[193,226],[36,242],[-199,241],[-248,-23],[-315,-125],[-206,55],[-321,-94],[-236,125],[-205,-47],[-285,102],[-188,-39],[-211,93],[-170,179],[-187,195],[-364,-93],[-375,0],[-200,-55],[-217,117],[-327,0],[-309,-23],[-200,-234],[-109,-250],[-133,-241],[0,-242],[721,-335],[278,-148],[97,-70],[472,-390],[206,-218],[-109,-288],[181,-343],[127,-304],[218,-132],[242,-164],[152,-335],[157,-366],[127,-242],[115,-444],[212,-249],[375,-86],[230,86],[242,-94],[30,-421],[109,-389],[-30,-312],[-60,-179],[-194,-390],[-48,-296],[308,-218],[339,-70],[145,-647],[73,-366],[-6,-374],[-6,-242],[0,-288],[18,-257],[-73,-242],[-236,-163],[134,-359],[139,-397],[163,-429],[242,-132],[309,-257],[85,-398],[163,-140],[278,-249],[212,-117],[333,-172],[139,-319],[321,-195],[351,156],[145,265],[291,163],[278,-218],[273,-374],[205,-132],[291,-94],[67,-304],[6,-218],[-55,-413],[36,-327],[242,-249],[49,-429],[-49,-187],[25,-320],[48,-233],[194,-499],[-30,-358],[96,-226],[249,-234],[121,-195],[211,-366],[134,-304],[272,-343],[133,-226],[266,-156],[236,-163],[182,-250],[157,-93],[206,-187],[-369,-600],[-139,-258],[-158,-296],[-320,-553],[-134,-257],[-1622,273],[-357,-24],[-302,-54],[-333,-109],[-218,-133],[-224,-273],[-73,-148],[-139,-436],[-175,-717],[-103,-249],[-127,-218],[-1138,-1512],[-527,-639],[-1010,-990],[-872,-771],[-502,-390],[-521,-296],[-151,-62],[-381,-94],[-188,-15],[-920,101],[-290,-23],[-309,-63],[-339,-109],[-1198,-475],[-248,-78],[-243,-55],[-278,-46],[-327,-8],[-399,23],[-497,-23],[-453,-70],[-273,-125],[-290,-171],[-515,-421],[-2076,-1972],[-3310,-2283]],[[743687,240750],[-1501,2728],[-206,389],[-109,226],[-200,273],[-115,249],[-66,257],[-357,141],[-194,148],[-151,335],[-6,421],[-394,1005],[-127,335],[-36,312],[-139,459],[-73,328],[36,358],[97,234],[-18,374],[-278,280],[-91,187],[-272,468],[-243,202],[-230,55],[-211,242],[-146,249],[-151,78],[-212,210],[-175,70],[-248,328],[-67,483],[-18,163],[-55,499],[-18,211],[6,311],[18,187],[25,366],[-19,289],[-84,413],[-121,358],[-230,179],[-218,320],[-79,460],[-163,265],[-291,233],[-175,382],[30,320],[-79,327],[-181,280],[-206,343],[67,187],[-55,429],[-200,296],[-139,265],[-175,436],[-230,78],[-273,203],[-127,218],[-212,234],[-314,8],[-327,-141],[-260,63],[-339,-39],[-267,140],[-187,296],[-248,312],[-218,288],[-236,296],[-255,-15],[-181,117],[-206,241],[-163,210],[-273,117],[-187,-155],[-285,23],[-242,109],[-272,-218],[-345,-117],[-291,-55],[-151,156],[-163,242],[-164,101],[-284,-93],[-273,31],[-169,78],[-254,155],[-85,242],[-188,210],[-260,16],[-260,78],[-212,39],[-139,273],[-85,226],[-260,124],[-254,-7],[-363,23],[-273,241],[-12,304],[67,351],[-24,312],[48,319],[30,335],[-236,390],[-278,47],[-139,311],[-188,312],[-291,265],[-157,312],[-97,272],[-242,172],[-175,47],[-261,46],[-199,203],[-133,319],[18,351],[90,195],[85,304],[49,296],[54,257],[42,242],[31,319],[12,273],[175,343],[200,210],[-18,312],[-248,132],[-224,390],[103,265],[54,374],[-30,265],[-133,311],[-194,413],[97,234],[60,335],[-54,398],[-151,374],[169,233],[151,320],[-6,280],[-187,203],[-279,171],[-181,164],[-176,226],[-12,249],[109,335],[-42,468],[-24,351],[-200,381],[-218,32],[-176,-32],[-248,0],[-145,211],[-103,397],[-48,312],[-55,475],[61,257],[60,351],[-72,218],[-133,289],[-61,226],[-30,296],[-170,249],[-48,429],[66,296],[31,226],[24,272],[-248,265],[-145,0],[-182,328],[151,226],[218,272],[121,211],[266,117],[303,241],[194,-202],[224,-32],[205,-241],[188,179],[200,140],[278,86],[351,101],[37,304],[36,273],[351,210],[200,70],[314,608],[236,382],[279,117],[363,171],[218,234],[175,296],[261,304],[260,-86],[302,102],[339,39],[152,327],[157,273],[284,179],[315,249],[297,-140],[932,125],[175,195],[67,381],[151,1878],[242,289],[388,2158],[84,436],[97,811],[158,958],[181,998],[-2554,6109],[-6845,13145],[-1513,2432],[-581,927],[-714,1021],[-472,670],[-339,444],[-1053,1005],[-666,530],[-999,507],[-254,124],[-133,141],[-242,241],[-139,94],[-297,140],[-254,125],[-30,405],[12,491],[-188,233],[-121,250],[-151,156],[-309,179],[-303,312],[-302,272],[-260,265],[-279,133],[-284,-16],[-236,-8],[-224,78],[-333,47],[-278,47],[-715,132],[-248,-15],[-605,-164],[-230,499],[-103,265],[-157,249],[-79,421],[-369,631],[-291,-101],[-326,70],[-97,288],[-85,265],[-230,312],[-236,39],[-260,39],[-152,420],[-272,335],[-236,141],[-42,257],[-146,335],[-145,195],[-145,257],[-272,0],[-333,164],[-73,155],[-175,234],[-152,265],[-103,226],[-139,296],[-157,101],[-230,71],[-236,155],[-260,172],[-134,218],[127,304],[43,257],[-55,351],[-278,226],[-272,163],[-182,156],[-309,156],[-224,195],[-169,132],[-303,226],[-205,125],[-230,117],[-206,132],[-164,24],[-254,39],[-266,117],[-176,163],[-242,172],[-169,93],[-448,288]],[[821270,272442],[188,-616],[73,-218],[187,-483],[248,-858],[91,-342],[170,-219],[587,-413],[181,-148],[224,-241],[67,-140],[266,-671],[36,-202],[55,-429],[48,-413],[127,-413],[127,-405],[25,-234],[6,-272],[-6,-242],[54,-1434],[-42,-343],[-230,-670],[-109,-366],[-49,-304],[-66,-834],[-97,-491],[-115,-381],[-85,-265],[-193,-1387],[-97,-2837],[-49,-724],[-351,405],[-187,124],[-303,382],[-769,920],[-453,608],[-370,358],[-423,117],[-369,218],[-243,86],[-320,23],[-224,-171],[-212,-242],[-315,-265],[-478,-311],[-309,-47],[-248,171],[-91,265],[-254,203],[-24,210],[-230,195],[-218,-70],[-187,-164],[-327,-210],[-176,-179],[-254,-328],[-272,-148],[-206,-39],[-194,-210],[-169,-125],[-133,-280],[-37,-195],[-90,-288],[66,-242],[-85,-351],[-242,-288],[-78,-288],[-134,-382],[-181,-257],[-30,-312],[-37,-218],[91,-366],[12,-421],[24,-281],[-199,-171],[-164,-210],[-18,-452],[36,-149],[-78,-350],[-273,-195],[-181,-288],[91,-390],[66,-257],[24,-390],[-78,-241],[-158,-366],[13,-398],[-134,-460],[152,-405],[-25,-467],[-108,-483],[-212,-281],[-140,-187],[-127,-234],[-78,-327],[66,-382],[85,-241],[18,-250],[-103,-311],[-66,-211],[18,-312],[60,-202],[37,-296],[-109,-265],[-127,-226],[-79,-211],[-6,-452],[97,-249],[103,-241],[90,-335],[19,-413],[6,-242],[30,-296],[121,-327],[-67,-273],[-127,-366],[-230,-312],[-18,-335],[182,-312],[145,-187],[272,-195],[321,-46],[206,-78],[85,-452],[-31,-320],[146,-273],[260,-62],[260,-288],[-115,-211],[18,-335],[24,-327],[7,-241],[84,-359],[-145,-132],[-91,-289],[43,-327],[60,-210],[12,-335],[-224,-164],[-260,-226],[0,-312],[127,-195],[200,-202],[115,-203],[60,-304],[-193,-319],[-218,-226],[-79,-210],[-133,-304],[-91,-281],[-78,-467],[0,-289],[248,-163],[236,-265],[42,-320],[-200,-156],[-151,-233],[-266,-141],[-224,-194],[-103,-250],[-109,-421],[91,-132],[115,-327],[127,-258],[-115,-451],[-230,-78],[-91,-335],[-206,-250],[-242,-249],[-121,-351],[0,-273],[-91,-342],[-103,-195],[-175,-273],[-12,-280],[127,-320],[133,-187],[-24,-288],[-103,-476],[-248,-288],[-133,-70],[-248,-23],[-49,-398],[-187,-405],[-37,-405],[-157,-312],[91,-475],[12,-226],[-267,-320],[-266,-85],[-121,-219],[-79,-397],[0,-203],[-90,-366],[72,-436],[18,-351],[-78,-366],[-103,-218],[212,-296],[-139,-374],[-273,-265],[-169,31],[-254,-109],[-67,-203],[-242,-327],[-212,-211],[-284,-70],[-224,-23],[-321,-109],[-158,-179],[-236,-125],[-36,-296],[248,-288],[-72,-297],[-25,-374],[91,-194],[0,-343],[-36,-203],[-97,-265],[151,-350],[-151,-320],[-163,-257],[6,-281],[18,-405],[-157,-413],[-85,-226],[-85,-311],[12,-406],[85,-327],[-145,-218],[-315,-47],[-157,-47],[-134,-311],[-157,-226],[-254,-320],[-145,-350],[-85,-374],[-12,-421],[-37,-226],[-60,-335],[-121,-367],[-266,-257],[-255,-218],[-133,-195],[-84,-335],[-182,-148],[151,-374],[-97,-273],[-42,-335],[254,-218],[164,-132],[127,-343],[333,-764],[127,-350],[72,-468],[109,-468],[176,-366],[127,-148],[121,-296],[242,-304],[-18,-335],[-73,-226],[-121,-374],[-157,-140],[-145,-211],[-85,-303],[-218,-297],[-212,-163],[-121,-187],[55,-374],[169,-382],[145,-335],[79,-327],[-79,-180],[-230,-358],[-121,-257],[-48,-366],[24,-234],[-157,-320],[-254,-257],[-170,-436],[-103,-265],[164,-281],[109,-210],[133,-320],[-109,-257],[139,-311],[260,-86],[224,-31],[139,-328],[-48,-233],[-30,-351],[78,-335],[-42,-358],[6,-468],[-42,-390],[-67,-288],[-48,-249],[-200,-234],[-127,-164],[-254,-163],[-333,-172],[-146,-202],[-320,-164],[-242,335],[-327,-54],[-43,-289],[-96,-179],[-73,-358],[-133,-413],[-133,-149],[-188,-342],[-206,-141],[-248,187],[-363,-31],[-188,-195],[-181,55],[-242,93],[-254,-46],[-382,39],[-296,132],[-73,444],[42,296],[-205,219],[-170,163],[-127,195],[-290,-140],[-103,-304],[-182,-148],[-115,-242],[-230,-39],[-333,-70],[-260,-23],[-182,140],[-290,234],[-182,148],[-290,109],[-279,335],[-18,382],[-302,125],[-224,-133],[-218,210],[-345,71],[-139,-156],[-18,-312],[-67,-304],[-157,-125],[36,-342],[-30,-476],[-164,-366],[-6,-366],[230,-86],[188,-312],[127,-428],[-218,-327],[73,-320],[-73,-319],[-254,15],[-303,-312],[-181,-405],[-18,-389],[175,-398],[85,-374],[-6,-265],[175,-187],[-24,-350],[-91,-452],[-151,-203],[24,-382],[67,-327],[-152,-327],[-78,-374],[163,-421],[-242,-288],[-369,-24],[-266,-179],[-158,-366],[-224,-16],[-175,24],[-224,-55],[-145,-288],[102,-211],[61,-296],[-42,-273],[-85,-381],[-266,-258],[-194,-381],[-36,-289],[-49,-280],[194,-250],[157,-132],[254,-210],[67,-335],[236,-125],[478,374],[424,382],[448,545],[320,351],[539,475],[636,390],[411,249],[266,94],[212,39],[466,-55],[472,-109],[182,-70],[206,-133],[423,-350],[273,-234],[284,-312],[327,-397],[436,-553],[302,-304],[454,-374],[2149,-1286],[254,-86],[1180,-210],[430,-31],[472,85],[442,133],[345,210],[411,250],[848,646],[151,78],[351,-8],[290,-155],[170,-180],[411,-475],[200,-296],[121,-413],[-48,-366],[-115,-343],[-224,-507],[-1144,-1870],[-962,-1574],[-61,-117],[-629,-1511],[-152,-289],[-139,-210],[-242,-327],[-193,-187],[-243,-109],[-248,-195],[188,-1115],[54,-327],[19,-296],[-85,-351],[-164,-436],[-199,-483],[-581,-1239],[-394,-779],[-508,-702],[-85,-249],[-242,-491],[12,-78],[-230,-506],[-224,-593],[-302,-148],[-158,-327],[-30,-366],[-151,-257],[-61,-179],[-151,-258],[-109,-226],[-200,-335],[-278,-607],[-152,-289],[-78,-272],[-67,-359],[-187,-16],[-255,0],[-357,32],[-145,-343],[-73,-172],[-175,-296],[-278,-389],[-200,-413],[-230,-483],[-460,-710],[-291,-303],[-175,-164],[-279,-210],[-859,-507],[-290,-140],[-436,-164],[-133,-39],[-321,-93],[-297,-78],[-290,-24],[-279,16],[-369,-16],[-333,0],[-84,16],[-309,62],[-563,179],[-557,258],[-236,46],[-193,-39],[-600,-194],[-211,-47],[-224,-55],[-242,47],[-243,-47],[-181,-132],[-212,-164],[-151,-249],[-91,-242],[-212,-631],[-60,-156],[-200,-444],[-30,-93],[-188,-538],[-115,-179],[-230,-148],[-206,-328],[-91,-280],[-78,-242],[-218,-1036],[-97,-491],[-327,-140],[-175,0],[-230,-24],[-176,-226],[-308,-288],[-158,-296],[224,-382],[333,-195],[182,-304],[115,-249],[181,-265],[218,-93],[182,-211],[187,-350],[79,-180],[242,-249],[121,-280],[0,-258],[-6,-233],[-97,-374],[-12,-312],[-182,-265],[-96,-210],[-206,-180],[-49,-280],[-175,-421],[-79,-390],[-36,-467],[-309,-86],[-163,-148],[-309,-280],[12,-297],[49,-226],[199,-272],[128,-109],[54,-351],[-73,-280],[6,-211],[297,-125],[182,-140],[78,-265],[206,-389],[139,-219],[236,16],[321,273],[272,-78],[146,-203],[139,-265],[339,-140],[133,-164],[266,94],[127,202],[309,-62],[169,-249],[121,-265],[-78,-320],[169,-358],[145,-179],[176,-148],[157,-125],[158,-171],[248,-133],[163,-78],[176,-405],[193,-242],[-54,-233],[-97,-258],[200,-303],[-139,-250],[157,-389],[200,-296],[-139,-203],[133,-421],[151,-265],[272,-163],[140,-86],[127,-359],[-218,-280],[42,-351],[182,-241],[-31,-437],[-54,-389],[-133,-257],[-85,-242],[-12,-234],[109,-366],[115,-320],[194,-374],[217,-148],[122,-187],[-103,-327],[-134,-249],[-115,-429],[-42,-319],[73,-218],[6,-382],[-30,-367],[-206,-62],[-85,-312],[109,-257],[182,-163],[278,-242],[-12,-257],[-109,-335],[115,-218],[303,-47],[320,-78],[248,-273],[134,-304],[-6,-428],[-79,-421],[79,-242],[54,-428],[-97,-172],[-169,-210],[66,-343],[6,-421],[-60,-413],[54,-405],[-109,-280],[43,-273],[-146,-257],[-121,-390],[-12,-374],[158,-202],[78,-335],[-54,-328],[-164,-358],[-133,-140],[-151,-242],[-127,-343],[315,-101],[199,-8],[164,-265],[109,-171],[84,-406],[-42,-350],[-182,-187],[-133,-148],[-66,-296],[-49,-374],[-18,-219],[-187,-241],[-230,93],[-188,-218],[-127,-226],[-230,-15],[-36,-421],[72,-312],[-115,-226],[-212,-273],[25,-311],[157,-296],[151,-172],[-18,-327],[85,-312],[97,-179],[-67,-327],[-194,-359],[-24,-483],[6,-397],[-54,-273],[157,-296],[-30,-460],[290,-467],[-24,-78],[-308,-250],[-103,-420],[205,-429],[-72,-475],[-267,-351],[-18,-257],[121,-281],[297,-522],[145,-350],[242,-741],[127,-280],[551,-343],[133,-327],[18,-328],[79,-483],[200,-358],[127,-242],[85,-257],[-67,-389],[-557,-873],[12,-491],[291,-920],[169,-381]],[[795427,94287],[-205,0],[-1556,-8],[-569,0],[-466,0],[-1495,-8],[-702,0],[-829,-55],[-1150,-124],[-18,-8],[-405,-62],[-1441,-374],[-2506,-351],[-1416,-249],[-508,-86],[-1126,-195],[-1101,0],[-67,8],[-672,70],[-5187,951],[-514,93],[-1235,234],[-883,171],[-678,250],[-787,413],[-472,358],[-527,546],[-254,288],[-193,296],[-134,281],[-60,303],[-18,546],[78,654],[13,110],[48,389],[-18,304],[-43,234],[-96,241],[-121,164],[-357,312],[-914,584],[-1489,951],[-297,273],[-163,265],[-85,366],[-6,2080],[0,631],[-42,491],[-103,460],[-115,320],[-164,444],[-193,350],[-309,437],[-502,545],[-43,31],[-823,655],[-345,179],[-647,351],[-1338,506],[-1277,483],[-3522,1333],[-261,101],[-308,109],[-902,343],[-436,211],[-690,413],[-1246,818],[-297,249],[-2415,2268],[-7729,6841],[-332,296],[-49,-265],[49,-257],[18,-350],[-242,-242],[66,-319],[-321,-211],[-175,16],[-242,23],[-212,172],[-291,15],[-48,-397],[-91,-234],[-212,-226],[-230,-203],[-242,149],[-54,257],[-285,117],[-169,-39],[-442,-226],[-91,-63],[-139,102],[-72,467],[169,335],[-188,242],[-211,265],[-303,78],[-200,-55],[-351,-78],[-157,-288],[72,-226],[188,-296],[-48,-382],[-152,-70],[-224,-86],[-193,86],[-279,-102],[-109,-335],[-169,-187],[-272,219],[-43,350],[-254,343],[-206,-109],[-181,405],[-18,335],[-261,351],[-121,218],[18,390],[-139,195],[-254,116],[-42,304],[-6,491],[-188,203],[-212,226],[-290,234],[-182,187],[-139,187],[73,303],[6,203],[-194,304],[-200,125],[-212,343],[-296,257],[-309,265],[-206,148],[-278,155],[-218,-218],[-30,-280],[-85,-327],[-290,7],[-285,125],[-206,109],[-205,390],[60,296],[121,249],[91,203],[-55,389],[-211,164],[-261,-148],[-278,-203],[-321,-272],[-242,-86],[-260,-320],[-212,-319],[-375,-8],[-273,-343],[-260,8],[-357,117],[-121,-366],[-260,-281],[-297,-93],[-78,-281],[-261,-148],[-242,62],[-321,-241],[-236,-187],[-133,-265],[6,-265],[-42,-335],[-55,-273],[-12,-288],[-42,-429],[24,-491],[188,-420],[151,-156],[-42,-374],[-218,-102],[-236,-15],[-254,-125],[-297,-54],[-224,-343],[-54,-296],[-200,-164],[-297,101],[-248,164],[-327,210],[-242,203],[-157,421],[-61,234],[-242,124],[-339,-47],[-151,55],[-284,16],[-212,46],[-357,-7],[-212,-273],[-212,-179],[-127,-133],[-133,-280],[-236,-250],[-206,-156],[-206,-148],[-169,-140],[-206,-257],[-194,-366],[-30,-265],[55,-242],[78,-467],[-48,-304],[-188,-187],[-218,-218],[-133,-156],[-139,-250],[-97,-233],[-103,-421],[61,-281],[206,-319],[169,-320],[0,-467],[-85,-327],[-193,-110],[-303,-101],[-297,-288],[-24,-359],[61,-187],[-103,-366],[-218,-86],[-169,-85],[-230,-195],[-388,-460],[-242,-234],[-272,-257],[-266,16],[-303,218],[-36,351],[199,280],[200,413],[12,366],[-79,304],[-351,148],[-211,-179],[-164,-109],[-218,-70],[-187,-31],[-345,-39],[-176,-179],[-54,-281],[-158,-343],[-163,-109],[-278,-70],[-388,-23],[-78,-8],[-479,-31],[-296,179],[-79,436],[-224,273],[-199,-8],[-194,-39],[-248,-39],[-200,0],[-230,16],[-266,-31],[-170,-117],[-193,-226],[-218,-320],[-255,-202],[-163,-94],[-321,-148],[-205,-125],[-152,-132],[-526,-810],[-242,-110],[-140,47],[-248,273],[-266,312],[-351,15],[-188,-156],[-248,-296],[-236,8],[-224,359],[12,413],[49,194],[145,468],[60,296],[55,257],[42,320],[18,311],[19,600],[-79,483],[-170,195],[-229,86],[-339,47],[-243,0],[-157,-8],[-278,47],[-218,109],[-85,202],[-30,335],[-91,413],[-139,109],[-345,0],[-321,-109],[-248,-15],[-163,62],[-243,203],[-78,195],[0,327],[-158,452],[-217,288],[-121,117],[-309,234],[-266,-117],[-73,-211],[54,-335],[158,-436],[78,-218],[291,-250],[230,-116],[97,-187],[-6,-398],[-127,-304],[-164,-148],[-351,-93],[-315,-63],[-121,-54],[-290,-195],[-248,-125],[-321,148],[-188,156],[-260,47],[-284,-242],[-357,-506],[-224,-218],[-109,-78],[-242,-187],[-152,-187],[-145,-195],[-127,-179],[-315,0],[-230,397],[-115,125],[-314,249],[-128,109],[-242,195],[-296,94],[-139,-47],[-206,-172],[-248,-171],[-170,-55],[-327,-38],[-302,7],[-273,102],[-296,-16],[-157,-242],[-31,-249],[37,-273],[78,-374],[91,-288],[176,-351],[-6,-296],[-291,-156],[-224,71],[-248,31],[-339,-39],[-297,-117],[-254,-172],[-212,-257],[-109,-187],[-169,-296],[-127,-210],[-345,-63],[-151,421],[-91,242],[-151,171],[-230,218],[-121,110],[-279,148],[-448,179],[-157,109],[-194,171],[-133,172],[-151,272],[-121,172],[-333,-179],[-61,-320],[-36,-335],[-212,-366],[-375,31],[-242,101],[-303,102],[-224,7],[-236,-70],[-417,-226],[-351,-39],[-230,117],[-224,296],[-236,187],[-200,39],[-224,-31],[-563,335],[-145,304],[-36,265],[-12,288],[-79,250],[-206,288],[-224,86],[-260,-296],[-121,-117],[-266,-47],[-255,117],[-169,156],[-315,460],[-139,109],[-321,39],[-387,-24],[-127,39],[-261,164],[-254,140],[-236,-8],[-266,250],[-157,397],[-382,405],[-199,156],[-194,148],[-176,55],[-217,62],[-497,249],[-357,180],[-315,171],[-205,164],[-158,70],[-278,8],[-357,-187],[-194,-343],[-206,-234],[-308,-47],[-176,179],[-6,406],[-133,280],[-200,218],[-514,413],[-145,187],[-212,335],[-206,203],[-188,125],[-242,0],[-236,-102],[-163,-140],[-200,-164],[-188,-39],[-284,-140],[-321,-218],[-163,-304],[-97,-241],[-145,-180],[-176,-179],[-345,86],[-72,312],[109,335],[-55,311],[-54,180],[-109,264],[-188,343],[-206,63],[-175,46],[-291,117],[-296,156],[-690,405],[-212,211],[-321,241],[-181,102],[-267,124],[-199,133],[-31,39],[-272,366],[-91,226],[-12,280],[-24,561],[-43,281],[-181,335],[-145,133],[-273,-55],[-175,-335],[-103,-117],[-242,-203],[-254,-226],[-212,-54],[-236,117],[-115,148],[-97,428],[-48,273],[-218,179],[-279,55],[-248,-257],[6,-226],[18,-320],[-78,-288]],[[689519,232506],[127,62],[497,265],[508,195],[1204,265],[1084,249],[569,94],[635,31],[569,0],[593,55],[557,0],[763,-55],[635,-47],[1731,483],[1404,663],[224,117],[1483,740],[1228,779],[370,-31],[169,-47],[345,-132],[224,-117],[236,-164],[442,-428],[1017,-1161],[405,-639],[254,-554],[527,-1161],[175,-272],[158,-257],[224,-281],[230,-195],[218,-163],[302,-172],[1386,-693],[291,-109],[375,-86],[672,-86],[484,-23],[248,8],[163,0],[279,31],[163,179],[37,312],[84,646],[109,312],[145,265],[152,249],[115,390],[42,779],[36,647],[13,662],[-19,663],[37,319],[72,475],[-6,312],[-36,460],[-18,226],[-158,358],[-151,257],[-327,86],[-199,148],[-224,117],[-146,55],[-308,62],[-188,62],[-248,125],[-121,210],[-133,787],[-109,273],[-109,187],[-49,304],[19,327],[175,390],[-248,366],[-54,288],[-97,297],[-206,265],[-327,202],[-194,156],[-266,257],[-97,86],[-260,249],[-121,499],[-121,444],[-139,257],[-260,226],[-67,374],[0,343],[-163,429],[-97,366],[72,195],[79,311],[85,242],[66,405],[103,437],[127,350],[115,187],[127,203],[230,319],[158,102],[248,140],[200,101],[157,234],[169,288],[297,-350],[115,-164],[284,-156],[194,-132],[212,-148],[212,-219],[169,-46],[339,-16],[182,-164],[193,-265],[188,-428],[157,-78],[164,-218],[218,-187],[242,-561],[84,-226],[164,-351],[121,-179],[248,-133],[254,-101],[297,-117],[78,-273],[109,-311],[321,-187],[369,-70],[321,23],[230,-86],[303,-202],[284,101],[200,-125],[30,-272],[309,-117],[187,-117],[206,-250],[236,8],[315,-234],[272,-163],[146,-211],[151,-327],[200,-335],[193,-280],[152,-335],[272,-250],[188,-421],[18,-265],[30,-272],[-230,-289],[-91,-397],[6,-288],[61,-312],[97,-281],[90,-225],[67,-250],[115,-467],[73,-273],[290,-218],[30,-328],[-163,-210],[-12,-444],[181,-234],[103,-436],[121,-335],[49,-320],[127,-156],[194,-218],[296,-171],[151,-47],[243,-47],[223,-117],[146,-187],[175,-179],[182,-132],[339,-187],[526,-234],[297,-101],[290,-172],[133,-101],[212,-218],[103,-304],[-30,-211],[-133,-1098],[411,62],[454,23],[527,47],[224,55],[581,124],[381,125],[200,47],[436,148],[611,210],[617,452],[539,374],[938,421],[781,351],[320,397],[394,662],[157,273],[775,1185],[333,397],[883,795],[914,662],[176,70],[762,273],[545,187],[291,86],[199,46],[267,16],[145,-16],[278,-23],[375,-62],[309,-16],[393,0],[424,-15],[194,-24],[272,-47],[375,-70],[224,0],[236,63],[297,148],[139,54],[309,86],[145,31],[230,125],[145,210],[309,538],[91,171],[145,312],[182,265],[254,241],[212,195],[205,218],[200,156],[297,180],[187,54],[291,-47]],[[862226,319624],[139,187],[103,304],[242,233],[327,102],[230,187],[157,93],[194,187],[248,211],[732,553],[61,444],[339,172],[248,-156],[169,0],[170,288],[436,23],[187,164],[333,125],[164,-218],[96,-265],[194,-156],[242,-218],[182,-172],[187,-70],[303,16],[224,-86],[139,-335],[-145,-296],[-109,-437],[-79,-350],[133,-164],[261,-242],[199,-155],[164,-156],[193,-328],[140,47],[181,382],[121,171],[291,312],[230,156],[163,31],[327,-47],[248,71],[242,31],[218,-16],[266,125],[115,280],[91,296],[182,110],[272,31],[321,46],[103,180],[248,358],[248,94],[151,327],[127,296],[182,421],[163,132],[127,257],[236,-101],[303,148],[200,156],[212,-23],[290,-125],[242,-94],[176,-15],[260,-39],[230,-249],[351,85],[188,265],[115,179],[193,250],[127,234],[249,311],[-25,351],[12,203],[285,319],[200,483],[96,288],[200,125],[200,31],[296,102],[158,163],[381,405],[363,593],[497,1558],[199,857],[31,133],[102,436],[230,2385],[285,-484],[230,-327],[284,-397],[67,-125],[121,-358],[212,-803],[127,-374],[169,-327],[61,-281],[-37,-241],[-108,-351],[-442,-1418],[-91,-483],[-12,-382],[66,-242],[128,-288],[230,-397],[720,-912],[133,-203],[145,-343],[157,-444],[182,-273],[285,-226],[665,-428],[678,-421],[956,-584],[1616,-1403],[1459,-935],[2276,-1761],[2330,-1231],[823,-476],[1616,-927],[339,-195],[302,-233],[654,-499],[2657,-2018],[411,-320],[351,-265],[424,-241],[333,-179],[938,-452],[763,-374],[381,-226],[188,-141],[169,-148],[460,-491],[139,-163],[145,-234],[85,-179],[176,-429],[133,-327],[581,-499],[859,-740],[563,-351],[230,-117],[188,-54],[260,-31],[242,0],[291,-24],[308,-132],[273,-234],[181,-125],[315,-132],[187,-94],[236,-194],[430,-390],[442,-312],[962,-779],[424,-343],[3692,-2984],[309,-250],[2178,-1644],[1326,-1262],[1271,-1286],[3062,-2673],[1531,-1301],[2022,-1971],[333,-250],[581,-343],[48,-31],[1283,-576],[478,-125],[97,-23],[569,-242],[357,-195],[109,-78],[617,-483],[297,-265],[212,-304],[327,-428],[199,-382],[702,-1714],[297,-717],[60,-102],[267,-467],[248,-366],[303,-102],[375,16],[224,-16],[248,-70],[248,-124],[284,-250],[993,-1106],[1525,-1925],[194,-366],[121,-390],[188,-1332],[18,-156],[157,-530],[176,-210],[193,-141],[351,-117],[285,-31],[411,-8],[412,-7],[284,7],[182,0],[254,8],[230,39],[212,55],[272,140],[224,234],[103,163],[1083,1512],[261,249],[278,203],[351,164],[418,179],[169,54],[1138,343],[248,117],[151,109],[575,398],[1096,997],[1416,1629],[393,452],[642,732],[623,920],[739,1301],[605,880],[502,250],[581,132],[775,-70],[454,-202],[333,-468],[321,-132],[2705,-211],[248,-86],[442,-226],[333,-303],[193,-297],[376,-1667],[284,-951],[508,-1067],[594,-873],[1035,-1481],[599,-600],[454,-249],[811,-234],[780,-545],[533,-476],[375,-724],[260,-678],[97,-382],[194,-958],[181,-1107],[267,-1379],[36,-475],[103,-413],[297,-297],[314,-148],[152,0],[290,109],[1301,491],[491,86],[296,23],[345,-31],[424,-124],[423,-242],[200,-226],[375,-678],[176,-444],[54,-273],[55,-537],[-55,-1987],[37,-530],[48,-421],[79,-343],[551,-1566],[151,-312],[115,-187],[1174,-1691],[315,-413],[684,-904],[332,-491],[236,-467],[315,-678],[442,-1036],[1313,-3250],[1423,-3935],[581,-1309],[121,-265],[550,-1169],[109,-350],[37,-281],[90,-1504],[7,-2353],[36,-538],[121,-732],[115,-429],[187,-405],[218,-320],[176,-194],[242,-141],[212,-7],[254,23],[315,140],[212,125],[223,210],[273,359],[375,483],[151,171],[206,203],[182,140],[532,320],[261,101],[671,265],[721,-234],[260,-62],[151,-39],[254,8],[448,7],[1556,156],[690,-8],[998,-46],[872,-94],[308,-31],[733,-140],[1029,-382],[217,-86],[152,-86],[206,-155],[1083,-982],[315,-257],[320,-250],[1199,-724],[393,-390],[200,-257],[266,-398],[357,-631],[260,-397],[703,-904],[223,-273],[146,-218],[36,-234],[-139,-296],[-188,-218],[-230,-304],[-212,-312],[-78,-163],[-146,-273],[-447,-974],[-218,-904],[-206,-1706],[-593,-2704],[-315,-2385],[-6,-23],[-97,-514],[-193,-702],[-122,-311],[-169,-445],[-266,-607],[-67,-133],[-357,-654],[-442,-585],[-587,-647],[-926,-787],[-714,-561],[-284,-335],[-146,-319],[-145,-327],[-999,-6047],[-169,-1496],[-67,-1325],[25,-561],[60,-335],[127,-421],[218,-468],[218,-366],[248,-374],[170,-187],[236,-171],[290,-164],[242,-78],[975,-319],[708,-343],[42,-16],[490,-265],[212,-187],[170,-272],[175,-351],[85,-397],[36,-304],[24,-382],[-72,-1652],[-6,-195],[6,-327],[54,-273],[91,-312],[291,-678],[1779,-2555],[551,-1800],[24,-336],[-61,-568],[-78,-764],[-152,-943],[-381,-1636],[-127,-390],[-115,-366],[-690,-1224],[-551,-857],[-18,-39],[-321,-771],[-502,-1255],[-321,-958],[-284,-1325],[-55,-265],[-248,-1706],[-42,-304],[72,-491],[37,-343],[-73,-787],[-6,-249],[-79,-4013],[6,-398],[-6,-311],[43,-429],[91,-242],[423,-677],[127,-460],[31,-257],[18,-328],[-18,-444],[6,-288],[18,-312],[60,-382],[158,-787],[435,-2142],[25,-125],[-533,-242],[-260,-70],[-400,-62],[-339,-24],[-284,47],[-738,234],[-2246,686],[-775,241],[-1252,382],[-242,78],[-315,156],[-176,125],[-363,342],[-103,164],[-278,164],[-133,241],[-115,172],[-127,257],[-315,210],[-109,327],[0,242],[-30,265],[-139,366],[308,242],[303,202],[-103,265],[-73,265],[12,281],[-36,249],[-103,390],[182,202],[212,148],[145,117],[48,320],[194,195],[30,342],[133,172],[261,312],[-73,280],[-91,358],[30,289],[158,210],[91,289],[18,405],[42,296],[97,288],[127,195],[297,444],[163,374],[79,179],[30,406],[-54,280],[115,436],[332,180],[-6,452],[43,358],[78,179],[134,312],[-55,273],[-24,389],[194,172],[211,257],[61,491],[-24,343],[-200,78],[-12,397],[103,390],[12,335],[-61,569],[37,405],[12,218],[18,421],[60,389],[73,382],[61,405],[-67,616],[24,374],[176,358],[-91,406],[-351,335],[-272,272],[-188,148],[-303,234],[-193,320],[-79,218],[-272,888],[-188,234],[-188,148],[-96,351],[42,296],[-109,335],[-230,273],[-309,132],[-284,-242],[-339,187],[97,632],[-260,202],[-206,-179],[-176,-31],[-230,39],[-314,210],[0,327],[-188,304],[-182,8],[-230,-117],[-90,-358],[-176,-140],[-218,-24],[-284,156],[-509,966],[-266,507],[-430,826],[-115,202],[-272,289],[-291,187],[-127,195],[-48,350],[-182,1504],[-6,366],[146,865],[-25,304],[-36,195],[-424,1130],[-72,421],[36,241],[224,476],[18,311],[-181,437],[60,2742],[-157,351],[-115,94],[-1041,498],[-194,117],[-278,218],[-194,281],[-109,241],[-224,546],[-109,203],[-175,187],[-279,155],[-659,102],[-230,171],[-121,187],[-127,281],[-249,646],[-345,195],[-278,-15],[-200,-32],[-345,-31],[-520,16],[-503,15],[-181,110],[-170,226],[-169,366],[-36,397],[12,234],[91,335],[193,140],[273,117],[205,413],[-157,234],[-188,132],[-242,187],[-296,156],[-273,148],[-90,226],[-146,359],[146,311],[145,421],[30,351],[-54,257],[-134,273],[-260,202],[-345,203],[-187,210],[-218,242],[-321,249],[-115,281],[188,319],[151,421],[-61,171],[-193,211],[-291,-78],[-272,54],[-212,187],[-297,149],[-223,101],[-128,187],[-223,397],[-170,156],[-6,320],[-139,389],[-121,211],[-37,483],[140,202],[205,406],[-193,179],[-85,335],[-206,195],[-127,405],[79,288],[18,281],[-236,288],[-206,-125],[-242,-93],[-345,-102],[-236,-38],[-303,0],[-199,327],[-24,304],[-103,218],[-182,156],[-248,280],[-176,320],[-78,218],[-152,249],[-314,-62],[-109,-226],[-200,-296],[-182,-133],[-284,117],[-230,133],[-333,39],[-230,-8],[-242,62],[-181,0],[-249,-47],[-332,0],[-188,102],[60,428],[115,172],[152,382],[-248,140],[-236,31],[-267,16],[-230,-8],[-375,62],[-109,359],[-73,483],[-266,280],[-309,226],[-66,382],[-97,382],[-169,405],[-242,210],[-327,-249],[-188,-304],[-60,-156],[-146,-381],[-103,-297],[-145,-218],[-333,-124],[-278,-71],[-139,-374],[169,-187],[67,-280],[-91,-460],[-291,-101],[-157,-234],[-284,-101],[-230,-31],[-249,-8],[-205,15],[-242,125],[-103,452],[12,327],[12,343],[109,366],[272,32],[-24,483],[-103,420],[-42,250],[-97,358],[-85,281],[-78,202],[-315,234],[-200,-125],[-175,-233],[-97,-265],[-67,-289],[-54,-335],[-73,-639],[-36,-483],[-230,-241],[-230,62],[-303,39],[-212,-218],[-151,-195],[-194,-257],[-139,-156],[-284,-39],[-376,-101],[-266,-55],[-327,47],[-199,117],[-224,86],[-285,15],[-290,-70],[-218,-226],[-236,-397],[-121,-211],[-121,-249],[-170,-226],[-278,-226],[-230,47],[-127,202],[-212,406],[-212,194],[-151,78],[-254,78],[-267,70],[-224,70],[-205,24],[-200,-70],[-248,-180],[-170,149],[-30,358],[115,210],[103,398],[48,272],[49,382],[60,265],[-42,265],[-151,351],[-61,202],[-97,258],[-12,311],[36,398],[-338,233],[-212,-171],[-255,-296],[-108,-226],[-200,-109],[-236,210],[-127,102],[-285,109],[-230,31],[-290,62],[-242,94],[-321,272],[-194,117],[-236,109],[-284,133],[-248,156],[-200,187],[-321,343],[-242,194],[-163,63],[-224,-8],[-230,-8],[-279,-23],[-236,-70],[-193,-47],[-194,-234],[-6,-257],[42,-257],[97,-320],[18,-233],[-163,-242],[-297,23],[-200,-23],[-151,-210],[-85,-390],[25,-343],[230,-358],[205,-273],[85,-374],[-18,-226],[-42,-320],[-55,-475],[-72,-335],[-255,-179],[-351,171],[-175,-195],[-91,-327],[-48,-163],[-194,-265],[206,-328],[169,-265],[-48,-350],[-24,-483],[-13,-359],[-24,-413],[-157,-358],[-291,210],[-18,281],[-18,257],[-24,350],[-206,187],[-290,-101],[-140,-156],[-193,-179],[-182,-226],[-6,-288],[-266,-281],[-242,289],[-242,93],[-200,-15],[-297,23],[-308,-16],[-188,8],[-278,31],[-109,413],[151,335],[151,242],[-24,397],[-218,141],[-308,-55],[-158,-265],[-357,-132],[-242,-55],[-315,-117],[-254,-54],[-133,-78],[-194,-234],[-175,-125],[-279,211],[-218,233],[-163,156],[-157,164],[-139,148],[-182,249],[-291,-31],[-290,-163],[-248,-8],[-375,85],[-303,-218],[-67,-319],[-78,-226],[-25,-359],[19,-241],[-73,-359],[-230,-101],[-194,-16],[-103,-413],[-78,-342],[-30,-211],[-55,-460],[0,-335],[-6,-179],[18,-343],[-54,-296],[-236,-304],[-297,-179],[-127,-117],[-188,-218],[-248,-226],[-302,-140],[-176,124],[-109,359],[-236,397],[-309,109],[-369,117],[-333,117],[-181,62],[-200,71],[-230,85],[-333,55],[-302,-109],[-206,-102],[-248,-54],[-212,78],[-206,78],[-248,117],[-272,117],[-285,132],[-200,117],[-290,117],[-212,62],[-260,70],[-230,24],[-272,-125],[-230,-273],[-164,-428],[115,-374],[97,-250],[97,-358],[66,-327],[146,-374],[109,-273],[102,-242],[170,-413],[48,-280],[12,-211],[-6,-296],[-181,-374],[-145,-273],[-140,-179],[-187,-280],[-164,-328],[-48,-264],[30,-437],[30,-382],[19,-319],[-61,-304],[-157,-218],[-200,-117],[-176,0],[-266,148],[-157,132],[-188,148],[-175,94],[-351,70],[-206,-39],[-230,-156],[-272,-249],[-170,-78],[-296,-62],[-224,-24],[-303,24],[-345,70],[-236,62],[-248,-70],[-315,-132],[-157,-94],[-291,-265],[-181,-187],[-152,-187],[-127,-171],[-218,-320],[-109,-343],[13,-452],[60,-280],[109,-242],[224,-132],[218,-16],[218,-54],[248,-78],[339,-109],[121,-304],[-170,-413],[-199,-141],[-206,-93],[-339,-94],[-285,-226],[-230,-148],[-175,-140],[-169,-335],[-13,-202],[-36,-289],[-97,-413],[-230,-234],[-193,-62],[-309,-54],[-285,-24],[-193,-31],[-333,-179],[-36,-289],[66,-303],[85,-219],[194,-374],[127,-350],[97,-444],[127,-351],[90,-148],[194,-296],[194,-226],[127,-218],[60,-304],[-12,-304],[-157,-296],[-188,-156],[-236,-179],[-357,-281],[-321,-195],[-254,-171],[-351,-187],[-405,-187],[-158,-55],[-399,-109],[-351,-47],[-303,-85],[-327,-164],[-211,-171],[-243,-328],[-223,-210],[-327,31],[-224,156],[-188,117],[-302,202],[-261,117],[-205,63],[-243,-148],[-102,-382],[-55,-234],[-91,-382],[-109,-467],[-109,-328],[-102,-342],[-91,-359],[-55,-218],[-97,-475],[-145,-374],[-260,-94],[-345,-132],[-321,-148],[-151,-78],[-218,-47],[-272,140],[-146,140],[-217,351],[-243,249],[-175,94],[-254,78],[-351,47],[-279,-8],[-224,-257],[43,-398],[18,-272],[12,-367],[54,-265],[0,-366],[-84,-241],[-170,-195],[-260,-328],[-163,-218],[-273,-272],[-139,-172],[-145,-187],[-158,-218],[-145,-242],[-193,-397],[-158,-335],[-78,-382],[296,-273],[230,-70],[170,-47],[296,-77],[254,-55],[230,-62],[146,-117],[187,-304],[-18,-296],[-151,-351],[-115,-382],[-133,-311],[-115,-172],[-146,-210],[-163,-187],[-260,-257],[-164,-141],[-248,-117],[-327,164],[-199,94],[-255,202],[-199,195],[-109,132],[-158,226],[-224,336],[-127,187],[-157,171],[-242,16],[-218,-71],[-170,-85],[-193,-102],[-254,-148],[-182,-85],[-206,-133],[-133,-171],[-48,-304],[-55,-382],[-48,-382],[-79,-389],[-187,-304],[-170,-281],[-97,-179],[-206,-257],[-254,-281],[-181,-187],[-200,-210],[-188,-195],[-314,-288],[-224,-234],[-97,-125],[-164,-280],[176,-398],[278,-117],[152,0],[242,-23],[218,-23],[339,-63],[175,-23],[260,31],[248,109],[212,47],[327,86],[224,93],[339,63],[248,39],[176,15],[296,-39],[176,-171],[254,-335],[194,-296],[127,-180],[187,-319],[61,-398],[-85,-241],[-181,-211],[-122,-155],[-157,-250],[-133,-257],[-157,-280],[-230,-382],[-146,-265],[-163,-257],[-194,-382],[-133,-242],[-133,-163],[-194,-195],[-339,-133],[-181,-218],[-55,-195],[31,-381],[248,-258],[193,-85],[382,-86],[266,23],[188,24],[296,-8],[369,-23],[315,-32],[242,-39],[279,-77],[278,-110],[212,-70],[254,-93],[272,-117],[230,-187],[267,-195],[199,-374],[-6,-280],[-90,-359],[-31,-273],[-54,-358],[-139,-351],[-146,-343],[-133,-374],[-103,-272],[-187,-273],[-152,-133],[-242,-218],[-205,-366],[-327,-693],[-91,-203],[-85,-320],[-60,-280],[-31,-304],[37,-382],[30,-218],[97,-327],[139,-218],[218,-133],[309,-62],[157,-250],[-73,-444],[-30,-343],[-24,-210],[-61,-296],[-48,-413],[6,-249],[36,-406],[-18,-358],[-54,-281],[-31,-459],[-12,-187],[-36,-320],[18,-234],[91,-413],[73,-296],[96,-459],[37,-328],[109,-584],[42,-250],[-30,-272],[24,-265],[66,-273],[170,-600],[85,-273],[109,-311],[72,-226],[109,-398],[49,-280],[36,-398],[6,-249],[-18,-374],[-12,-304],[42,-366],[30,-265],[140,-655],[78,-249],[115,-382],[73,-241],[97,-320],[97,-351],[157,-615],[-30,-257],[-134,-343],[-157,-405],[-109,-257],[-200,-382],[-175,-405],[-91,-304],[-42,-226],[18,-437],[60,-249],[128,-320],[157,-420],[181,-320],[134,-202],[230,-343],[115,-195],[169,-320],[67,-374],[-31,-265],[12,-249],[-54,-327],[-278,-273],[-309,55],[-121,-180],[-151,-226],[-146,-109],[-205,-117],[-243,-101],[-332,-125],[-224,-23],[-224,-93],[-285,-289],[-97,-156],[-151,-280],[-85,-171],[-90,-297],[-97,-335],[12,-311],[48,-343],[97,-452],[18,-304],[6,-452],[-54,-304],[-115,-273],[-285,-148],[-338,94],[-176,-234],[-91,-203],[0,-303],[55,-375],[103,-420],[-97,-312],[-182,-117],[-327,-210],[-454,-351],[-260,-187],[-375,-179],[-363,-148],[-291,-164],[-290,-265],[-260,-109],[-303,-39],[-236,-62],[-327,-62],[-218,-55],[-278,-210],[-103,-297],[-121,-241],[-151,-398],[-37,-397],[-18,-257],[-36,-452],[-67,-296],[-66,-203],[-218,-195],[-236,16],[-303,-39],[-369,-15],[-321,-32],[-236,-46],[-351,-86],[-224,-125],[24,-382],[121,-304],[103,-155],[224,-219],[176,-155],[151,-250],[18,-421],[-24,-288],[-48,-358],[-115,-250],[-224,-155],[-67,-242],[-42,-390],[-43,-296],[-18,-265],[55,-374],[60,-452],[49,-288],[96,-429],[55,-218],[-97,-319],[-248,-359],[-145,-148],[-91,-358],[-18,-257],[-6,-289],[-170,-389],[-302,-78],[-279,0],[-672,86],[-96,15],[-309,31],[-363,-85],[-49,-382],[12,-164],[206,-257],[212,-148],[127,-140],[206,-203],[278,-280],[152,-180],[145,-218],[66,-202],[67,-429],[-36,-265],[-224,-366],[-303,-39],[-254,39],[-151,78],[-152,226],[-48,257],[-24,312],[-133,397],[-152,125],[-284,140],[-285,93],[-205,86],[-267,94],[-199,70],[-176,46],[-230,39],[-296,-54],[-194,-187],[-176,-398],[61,-350],[115,-234],[236,-343],[133,-117],[188,-171],[211,-327],[19,-226],[-127,-273],[-140,-156],[-175,-171],[-139,-148],[-109,-390],[145,-226],[272,-265],[212,-187],[176,-125],[260,-226],[200,-288],[66,-296],[-169,-226],[-333,-23],[-224,7],[-212,-23],[-224,-55],[-163,-77],[-224,-203],[-79,-203],[-181,-350],[-182,-398],[-85,-226],[-199,-623],[-103,-405],[-25,-211],[-6,-350],[-121,-382],[-193,-343],[-333,-694],[-158,-374],[-72,-241],[-67,-320],[-30,-413],[151,-342],[170,-195],[224,-226],[175,-164],[266,-218],[352,-257],[127,-421],[60,-429],[73,-436],[-24,-312],[-55,-210],[-436,-1551],[-230,-787],[-60,-296],[-115,-826],[-164,-413],[-199,-195],[-242,-249],[-224,-280],[-188,-289],[-133,-249],[-157,-405],[-194,-312],[-91,-101],[-254,-211],[-630,-467],[-248,-203],[-133,-132],[-145,-242],[-157,-436],[-158,-405],[-66,-328],[-97,-646],[-30,-211],[18,-327],[115,-444],[66,-367],[55,-389],[18,-320],[6,-296],[0,-483],[-6,-171],[-18,-639],[-61,-1013],[12,-312],[18,-444],[37,-483],[30,-281],[55,-226],[236,-358],[199,-125],[194,-179],[97,-218],[30,-359],[97,-397],[145,-296],[260,-140],[418,15],[635,23],[152,-7],[302,-86],[279,-320],[321,-264],[193,-289],[145,-280],[194,-374],[0,-296],[-121,-398],[-54,-491],[-91,-436],[-145,-725],[-31,-280],[-109,-943],[-72,-265],[-188,-234],[-133,-93],[-557,-413],[-266,-211],[-236,-366],[-97,-569],[-36,-389],[6,-507],[18,-273],[127,-756],[54,-342],[13,-156],[12,-538],[60,-1301],[-6,-437],[-30,-639],[-121,-405],[-218,-226],[-781,-530],[-181,-148],[-164,-218],[-54,-483],[193,-390],[200,-381],[273,-413],[78,-94],[242,-218],[321,-210],[260,-125],[242,-242],[97,-195],[109,-257],[115,-420],[0,-359],[-151,-764],[-36,-218],[-31,-327],[-48,-701],[-24,-335],[-73,-460],[-127,-351],[-170,-226],[-266,-171],[-218,-39],[-314,-8],[-230,62],[-140,102],[-302,257],[-860,787],[-266,218],[-309,210],[-369,125],[-357,-148],[-206,-187],[-169,-241],[-182,-382],[-103,-374],[-96,-515],[-31,-226],[-24,-327],[-6,-421],[-6,-553],[-48,-460],[-49,-327],[-78,-397],[-85,-406],[-97,-342],[-163,-297],[-103,-132],[-460,-530],[-109,-125],[-206,-280],[-230,-351],[-169,-288],[-146,-265],[-653,-1262],[-140,-273],[-133,-288],[-139,-390],[-54,-249],[-49,-390],[6,-280],[85,-312],[218,-281],[302,-296],[279,-257],[194,-366],[60,-288],[0,-211],[-79,-343],[-109,-187],[-157,-187],[-212,-218],[-121,-78],[-290,-101],[-727,-133],[-199,-46],[-182,-71],[-212,-132],[-121,-117],[-133,-358],[-42,-421],[-146,-382],[-236,-288],[-187,-133],[-291,-62],[-199,47],[-212,304],[-79,241],[-254,624],[-121,303],[-206,507],[-230,257],[-296,-62],[-255,-359],[-109,-288],[-54,-242],[-55,-444],[-18,-397],[12,-234],[140,-1223],[42,-616],[-12,-444],[-73,-366],[-103,-351],[-60,-171],[-333,-951],[-48,-218],[-31,-281],[0,-257],[49,-436],[139,-764],[-12,-460],[-121,-327],[-254,-358],[-176,-172],[-393,-280],[-279,-117],[-169,-39],[-260,0],[-285,70],[-1174,397],[-260,0],[-333,-241],[-164,-288],[-266,-515],[-97,-171],[-187,-195],[-255,-210],[-859,-717],[-169,-141],[-146,-155],[-175,-367],[-121,-607],[-212,-1076],[-133,-304],[-230,-210],[-260,-109],[-1090,-343],[-242,-125],[-206,-156],[-429,-459],[-267,-359],[-163,-296],[-236,-545],[-145,-476],[-103,-561],[-436,-2898],[-327,-1107],[-417,-1441],[-424,-1450],[-484,-1644],[-79,-210],[-212,-265],[-327,-164],[-423,-101],[-466,-78],[-261,-133],[-230,-288],[-514,-1145],[-248,-374],[-230,-94],[-587,-203],[-254,-85],[-273,-195],[-236,-343],[-127,-382],[-60,-1340],[6,-327],[36,-444],[42,-258],[61,-249],[175,-358],[146,-242],[169,-210],[660,-530],[290,-304],[188,-257],[115,-257],[375,-1512],[236,-234],[733,-421],[260,-179],[169,-179],[194,-312],[103,-296],[91,-366],[54,-343],[24,-351],[-24,-600],[-103,-459],[-194,-398],[-223,-343],[-1356,-1636],[-206,-343],[-194,-397],[-326,-896],[-194,-421],[-260,-320],[-1447,-1402],[-405,-554],[-242,-444],[-1628,-3982],[-612,-1176],[-605,-982],[-1120,-1551],[-1367,-1815],[-1368,-1606],[-5260,-6210],[-3141,1995],[-1682,1067],[-321,421],[-236,655],[-12,685],[66,616],[261,717],[2112,3070],[357,701],[236,748],[67,561],[36,328],[48,1223],[-557,4730],[-96,826],[-285,1746],[-60,342],[-224,1239],[-472,1621],[-285,740],[-1688,4317],[-787,1995],[-158,468],[-84,343],[-109,864],[-85,2291],[-30,811],[-97,460],[-24,109],[-188,576],[-175,328],[-170,241],[-351,320],[-278,194],[-3353,2354],[-24,15],[-842,600],[2276,1551],[3601,2447],[890,795],[411,802],[55,203],[91,615],[-13,608],[-54,600],[-890,3849],[-357,1528],[-242,623],[-254,499],[-1404,2221],[-97,148],[-333,763],[-351,1013],[-871,3063],[-230,491],[-327,545],[-430,592],[-436,437],[-2076,1839],[-986,872],[-236,297],[-164,319],[-157,382],[-85,382],[-272,2244],[-91,382],[-145,241],[-176,289],[-205,241],[-249,249],[-175,148],[-248,172],[-1846,499],[-91,23],[-296,156],[-309,257],[-176,218],[-224,405],[-260,530],[-85,172],[-538,1130],[-260,545],[-297,616],[-260,475],[-303,530],[-333,397],[-339,320],[-266,257],[-194,179],[-2136,1956],[-1979,-1403],[-260,-187],[-521,-405],[-272,-202],[-260,-195],[-491,-257],[-557,-125],[-520,-8],[-297,55],[-217,70],[-212,109],[-303,202],[-266,258],[-200,358],[-750,2081],[-188,405],[-230,335],[-272,350],[-351,343],[-1350,1021],[-278,242],[-279,257],[-187,226],[-188,218],[-1077,1340],[-91,109],[-381,390],[-545,405],[-291,156],[-478,273],[-296,163],[-702,398],[-491,366],[-726,655],[-387,483],[-1071,1691],[-327,514],[-133,187],[-364,514],[-332,226],[-146,47],[-230,78],[-684,70],[-1670,171],[-1265,211],[-2360,686],[-170,54],[-393,23],[-224,16],[-672,-31],[-436,-16],[-1125,-46],[-454,-16],[-297,23],[-218,24],[-260,78],[-260,101],[-424,242],[-902,522]],[[689991,614484],[-187,296],[-164,374],[-175,312],[-30,451],[-55,195],[-60,452],[-25,390],[182,125],[48,303],[-48,312],[-91,366],[85,335],[18,258],[-194,272],[-193,226],[-188,413],[182,257],[-6,484],[54,405],[-48,311],[-212,195],[-194,164],[-200,156],[-78,218],[-61,390],[-236,109],[-145,116],[-139,219],[-170,163],[-193,180],[-351,85],[-206,39],[-321,148],[-284,218],[-13,312],[-278,288],[-236,94],[-18,429],[206,272],[115,141],[139,342],[91,250],[187,249],[-115,436],[24,304],[-30,351],[-79,343],[-54,218],[61,421],[54,312],[188,374],[-188,194],[-73,296],[-169,359],[-109,452],[-79,195],[6,350],[-60,304],[272,281],[-6,288],[-327,70],[-224,16],[-181,304],[-24,374],[-230,280],[-194,0],[-194,109],[-181,335],[-140,367],[-181,288],[-236,47],[-164,288],[-332,203],[-85,241],[-133,359],[-376,116],[-248,188],[-339,70],[-363,-86],[-218,117],[-115,163],[43,351],[175,374],[-193,234],[-261,-31],[-139,31],[-163,265],[-170,374],[-115,327],[170,335],[-12,320],[-79,265],[-169,140],[-273,-133],[-103,429],[212,257],[-91,405],[-218,70],[-224,242],[-332,117],[-170,78],[-206,101],[-127,257],[-151,421],[-236,-62],[-151,-125],[-224,-343],[-200,-156],[-236,-117],[-157,-62],[-285,-93],[-248,-226],[-260,-86],[-194,-125],[-266,-23],[-206,-16],[-236,250],[-339,194],[-248,-109],[-127,-226],[-303,78],[-224,133],[-187,-70],[-200,-265],[-109,-359],[-218,94],[-266,-179],[12,-304],[-230,-156],[-218,-187],[-278,31],[-206,343],[-91,273],[-36,459],[-49,390],[-163,234],[-321,-16],[-363,148],[-157,-132],[-285,319],[-54,281],[12,265],[0,265],[-357,101],[-188,-234],[-127,-156],[206,-374],[181,-218],[-169,-335],[-188,-133],[-109,-218],[188,-272],[-61,-413],[-236,-172],[-320,117],[-164,304],[-321,164],[-272,39],[-60,-452],[-127,-297],[-158,-249],[-194,-226],[-296,16],[-194,-351],[-327,16],[-115,140],[-272,0],[-109,-366],[-260,-187],[-224,-156],[-1083,-701]],[[666158,636061],[24,428],[30,608],[85,569],[66,467],[19,218],[-67,374],[-224,406],[-284,93],[-109,179],[-363,94],[-315,-39],[-200,8],[-67,436],[-42,444],[-163,141],[-248,202],[-188,-93],[-73,-374],[-248,-47],[-224,210],[-308,-54],[-109,-218],[-55,-234],[-200,-390],[-217,281],[-13,249],[61,304],[67,288],[66,250],[-163,405],[-230,249],[-248,23],[-170,-38],[-278,132],[-24,296],[48,234],[54,288],[-139,289],[30,381],[-108,421],[-182,140],[-218,133],[-327,31],[-242,8],[-296,-16],[-218,-163],[-261,-258],[-308,195],[-194,140],[-151,86],[-170,226],[79,343],[109,164],[206,366],[181,319],[103,187],[103,242],[139,436],[140,382],[151,156],[230,31],[278,-70],[230,-23],[285,-16],[187,0],[206,8],[315,93],[230,234],[139,218],[163,234],[206,335],[145,242],[146,241],[230,437],[157,343],[91,280],[36,242],[-73,272],[-248,226],[-157,63],[-297,-16],[-139,-140],[-181,-203],[-200,-171],[-194,-156],[-314,-218],[-164,-78],[-254,-125],[-297,-47],[-181,16],[-279,62],[-308,-7],[-224,7],[-297,16],[-369,15],[-284,94],[-218,62],[-690,226],[-242,78],[-170,86],[-236,109],[-327,164],[-187,117],[-285,210],[-254,218],[-151,226],[-139,226],[-218,296],[-224,335],[-158,265],[-163,242],[-188,304],[-205,311],[-333,468],[-230,374],[-224,226],[-266,179],[-321,273],[-206,335],[-121,249],[-139,304],[-97,273],[-55,265],[43,327],[54,211],[91,296],[97,233],[187,374],[170,258],[163,288],[152,117],[254,187],[357,163],[218,24],[248,-8],[266,-23],[285,-24],[272,-31],[333,-101],[206,-78],[230,-125],[218,-117],[236,-117],[175,-78],[333,-54],[230,86],[139,109],[176,218],[163,374],[121,327],[73,242],[157,452],[145,257],[134,179],[181,288],[67,226],[30,312],[-230,390],[-169,78],[-200,85],[-224,94],[-212,31],[-230,0],[-381,-31],[-254,-62],[-279,-8],[-224,39],[-266,156],[-170,187],[-127,155],[-103,250],[73,335],[272,265],[224,148],[315,273],[248,358],[103,319],[61,460],[24,265],[18,281],[-12,265],[-6,249],[24,405],[55,335],[72,211],[224,296],[242,85],[200,-54],[206,-47],[193,226],[0,288],[-266,226],[-230,39],[-175,-39],[-285,-109],[-242,-78],[-169,-70],[-261,-179],[-109,-148],[-139,-288],[12,-250],[-121,-358],[-91,-140],[-254,-250],[-212,-46],[-357,15],[-187,23],[-170,390],[115,359],[115,179],[103,272],[194,406],[206,179],[157,93],[200,133],[96,475],[13,242],[115,327],[205,374],[91,359],[-42,249],[-212,304],[-248,132],[-303,195],[-254,-70],[-103,-421],[-60,-296],[-224,-117],[-248,265],[-25,281],[-18,280],[-272,164],[-224,-187],[-224,-195],[-278,343],[-103,311],[133,273],[187,94],[170,171],[103,390],[6,249],[0,366],[-18,273],[-37,483],[236,211],[200,-164],[357,86],[97,381],[266,94],[200,-421],[357,8],[30,257],[176,218],[175,437],[-236,62],[-224,171],[-54,234],[182,296],[139,78],[199,195],[164,281],[91,257],[109,452],[-297,296],[-248,-172],[-309,-70],[-181,234],[66,460],[12,413],[97,327],[224,-39],[260,-93],[212,15],[260,218],[-6,328],[-308,23],[-321,-203],[-291,16],[-78,343],[72,241],[279,125],[187,31],[194,257],[30,296],[49,219],[109,288],[-37,296],[224,397],[303,234],[315,335],[236,257],[212,406],[127,218],[224,389],[217,406],[297,109],[200,-86],[314,-265],[176,-335],[6,-452],[-121,-257],[-61,-320],[-6,-366],[97,-413],[152,-163],[314,-250],[327,-23],[163,125],[327,210],[303,210],[139,94],[206,140],[296,148],[188,78],[188,62],[302,63],[297,241],[91,351],[121,397],[145,476],[254,896],[67,304],[60,257],[91,413],[115,639],[6,148],[-54,366],[-37,343],[55,452],[127,210],[181,187],[273,187],[212,328],[-55,413],[-175,140],[-255,257],[6,281],[261,335],[175,202],[152,304],[102,195],[170,273],[218,265],[109,179],[78,265],[-121,311],[-133,94],[-315,203],[-332,218],[-67,280],[97,289],[151,327],[236,319],[158,203],[60,374],[-284,265],[-206,-117],[-321,-125],[-18,491],[188,117],[254,156],[266,273],[157,218],[103,397],[31,265],[6,359],[102,288],[176,281],[163,241],[115,203],[164,311]],[[666297,695788],[157,374],[315,-218],[54,-280],[206,-374],[248,-180],[291,-280],[115,-187],[199,-242],[224,-93],[291,218],[151,273],[-12,374],[-157,187],[-230,195],[-91,265],[61,413],[96,210],[176,335],[97,164],[133,257],[6,296],[-157,335],[-140,179],[-163,125],[-266,47],[-248,241],[72,257],[188,195],[24,390],[-79,327],[-260,351],[-297,-141],[-175,-54],[-218,148],[-230,234],[-303,62],[-205,-94],[-200,94],[-97,468],[230,303],[-121,367],[-363,-16],[-260,156],[-37,257],[97,273],[85,319],[182,367],[230,374],[-230,358],[-194,187],[91,413],[139,405],[-139,289],[-85,179],[-55,296],[61,241],[127,211],[278,296],[321,-47],[97,522],[-60,468],[-212,272],[-127,242],[-121,397],[-115,398],[-79,288],[-97,288],[-163,359],[-140,187],[-90,312],[109,319],[139,203],[127,163],[260,343],[158,203],[133,171],[133,296],[-206,343],[-175,70],[-224,148],[-218,273],[-109,234],[-103,241],[-115,312],[-55,234],[-96,460],[42,327],[109,413],[97,148],[218,210],[211,195],[243,211],[254,210],[181,179],[200,218],[151,172],[267,288],[399,452],[170,179],[248,187],[181,94],[218,101],[351,140],[551,172],[369,117],[242,117],[303,241],[-37,444],[-12,281],[85,405],[97,234],[139,265],[139,218],[182,249],[181,211],[128,358],[-37,491],[-72,288],[-49,211],[-91,350],[-121,289],[-326,0],[-146,-218],[-18,-281],[36,-343],[-42,-343],[-66,-241],[-140,-343],[-139,-359],[-85,-272],[-54,-273],[-121,-397],[-194,-281],[-327,-125],[-248,47],[-284,-15],[-357,-24],[-273,343],[79,475],[30,328],[-60,288],[-139,249],[-218,335],[-248,320],[-164,249],[-187,312],[-122,241],[-84,180],[-79,311],[73,234],[127,366],[175,148],[267,187],[175,312],[55,234],[30,296],[24,203],[79,311],[115,257],[236,335],[145,187],[194,219],[151,179],[182,296],[109,288],[102,250],[261,319],[175,140],[297,-15],[302,-78],[206,312],[-60,413],[-146,241],[-115,250],[-127,171],[-206,234],[-187,335],[-127,249],[-297,211],[12,397],[248,257],[73,452],[-67,319],[-42,242],[-73,249],[-72,219],[248,327],[254,-70],[339,218],[-109,421],[-18,288],[18,226],[260,242],[146,335],[-127,272],[-115,219],[163,280],[284,-54],[345,85],[236,70],[224,226],[-66,265],[-109,390],[12,280],[12,328],[-18,233],[12,297],[36,226],[85,288],[139,109],[285,101],[224,55],[212,54],[248,-117],[-6,-374],[-206,-218],[-139,-444],[248,-218],[327,78],[230,8],[224,155],[48,234],[73,257],[133,242],[115,156],[181,265],[12,202],[249,359],[338,-24],[200,125],[266,-54],[128,-398],[-236,-179],[-243,-203],[31,-272],[260,-125],[206,-16],[260,39],[339,70],[230,102],[145,148],[200,202],[212,281],[127,273],[48,389],[-54,257],[-67,312],[-60,234],[-97,265],[-73,234],[-187,311],[-140,242],[-211,444],[-188,343],[-133,288],[-79,218],[-60,351],[12,304],[-31,280],[-139,320],[-230,343],[-151,265],[-133,241],[-248,351],[-109,195],[139,304],[206,7],[339,94],[187,319],[43,211],[24,498],[-31,351],[-175,242],[-375,335],[-218,179],[-212,179],[-242,242],[-151,241],[-55,187],[-18,335],[-18,304],[-6,367],[12,467],[-73,413],[-181,156],[-273,202],[-78,250],[-43,234],[0,366],[43,273],[42,311],[-18,257],[-194,312],[-254,249],[-260,-46],[-382,-250],[-199,-117],[-285,-23],[-218,187],[-145,398],[-127,350],[-42,288],[-18,234],[-31,398],[-66,265],[-152,335],[-169,319],[-97,218],[-66,476],[-19,607],[-6,351],[-6,366],[-12,522],[12,250],[12,382],[-60,366],[-109,156],[-242,109],[-170,-8],[-205,-242],[-170,-522],[-139,-335],[-176,-124],[-320,-94],[-345,-8],[-255,8],[-338,47],[-194,47],[-242,85],[-170,47],[-254,0],[-218,-70],[-242,-218],[-169,-164],[-218,-117],[-303,-31],[-472,55],[-309,46],[-314,-85],[-109,-109],[-133,-289],[-140,-327],[-90,-156],[-158,-265],[-72,-202],[-61,-265],[-79,-203],[-169,-257],[-115,-140],[-278,54],[-79,257],[0,250],[-42,296],[-55,249],[-109,351],[-97,288],[-205,210],[-176,55],[-272,0],[-224,-39],[-224,-93],[-176,-32],[-242,172],[-30,335],[145,351],[109,296],[115,327],[61,195],[60,288],[18,327],[-18,289],[-85,304],[-151,444],[-115,296],[-121,343],[-85,374],[-133,459],[-133,468],[-6,390],[242,381],[248,133],[152,54],[236,-15],[139,-140],[127,-281],[139,-140],[254,-70],[303,257],[181,428],[67,242],[85,218],[175,429],[55,358],[-6,288],[-18,312],[-19,374],[0,483],[-6,382],[12,288],[158,328],[206,257],[157,187],[242,210],[157,125],[315,280],[593,484],[212,210],[236,257],[260,312],[188,241],[145,281],[115,312],[97,249],[115,382],[61,265],[-6,296],[-122,343],[-42,428],[18,265],[31,413],[133,405],[181,187],[242,187],[351,195],[236,117],[333,86],[333,-16],[200,-54],[248,-187],[297,-39],[230,62],[205,351],[-139,428],[-181,226],[-243,265],[-230,179],[-284,156],[-242,78],[-182,39],[-296,47],[-230,101],[-266,335],[48,343],[121,164],[284,70],[358,-16],[272,86],[242,179],[97,405],[-133,180],[-242,132],[-212,47],[-297,234],[-157,319],[-103,281],[-91,459],[-24,390],[254,296],[242,-164],[73,-187],[103,-327],[78,-226],[164,-226],[351,-179],[187,8],[230,163],[146,242],[24,203],[151,265],[200,31],[315,-8],[145,288],[-36,218],[-6,468],[121,249],[320,203],[351,-203],[-42,-233],[-85,-297],[-48,-467],[266,-218],[194,171],[230,242],[133,233],[79,187],[115,351],[133,460],[60,265],[43,288],[12,226],[66,616],[0,241],[-127,367],[-157,475],[-115,343],[-85,195],[-97,374],[-90,366],[-97,241],[-97,250],[-42,257],[18,405],[-31,312],[-18,210],[24,359],[170,241],[309,-54],[217,-102],[194,164],[-66,319],[-103,180],[-139,265],[-230,381],[-164,273],[-133,203],[-85,241],[-60,242],[-67,312],[-48,257],[-49,311],[-42,250],[-97,311],[-91,343],[-163,437],[-176,210],[-302,-132],[-333,-141],[-309,-62],[-115,-257],[-12,-218],[-381,-16],[-61,351],[55,241],[72,265],[109,398],[103,327],[333,-78],[230,-39],[212,117],[357,179],[321,-47],[284,-171],[158,-117],[248,-86],[345,94],[42,343],[-145,397],[79,304],[357,-86],[90,-171],[291,-273],[242,-179],[309,226],[60,397],[30,265],[37,218],[48,289],[91,382],[42,436],[18,327],[25,242],[36,358],[18,343],[30,351],[79,335],[109,444],[42,249],[31,328],[-85,436],[-73,171],[-163,304]],[[672561,797454],[73,16],[683,202],[182,47],[290,-70],[194,-164],[176,-280],[163,-320],[315,164],[97,452],[66,335],[260,133],[194,46],[333,-46],[-12,-336],[48,-233],[85,-289],[24,-272],[230,-304],[206,-24],[793,-85],[375,-47],[315,-195],[85,-312],[-7,-350],[-30,-491],[-36,-195],[-97,-296],[-309,-164],[-151,24],[-411,210],[-279,94],[-284,62],[-309,-78],[-115,-288],[-12,-398],[0,-280],[-12,-257],[187,-374],[182,7],[539,32],[205,-47],[109,-304],[-109,-312],[158,-413],[139,-171],[139,-351],[-127,-171],[-315,-148],[-199,-180],[-182,-265],[-315,-459],[-484,-818],[-85,-367],[164,-171],[351,-203],[290,-335],[158,-195],[308,8],[61,265],[188,748],[187,483],[188,320],[181,163],[212,117],[291,70],[169,-7],[218,-289],[109,-467],[103,-320],[194,-420],[659,-1286],[303,-779],[103,-195],[284,-507],[115,-117],[315,-296],[6,-15],[375,-226],[648,-211],[575,-374],[417,-366],[261,-312],[175,-374],[164,-288],[1682,-2205],[1695,-1559],[296,-163],[1120,-593],[508,-93],[557,-16],[357,47],[454,148],[563,398],[896,919],[442,444],[708,733],[302,475],[170,273],[3504,5579],[272,779],[127,367],[121,514],[6,47],[55,568],[175,3515],[43,1348],[12,444],[48,467],[321,733],[42,93],[945,2167],[42,62],[230,343],[139,210],[248,624],[55,140],[145,608],[18,288],[18,366],[97,1793],[67,1013],[103,1223],[24,203],[163,958],[593,1465],[128,304],[641,2112],[97,319],[599,1862],[48,156],[842,2751],[-18,319],[-73,265],[-545,499],[-738,530],[-188,428],[-18,351],[79,452],[218,514],[260,421],[145,39],[279,-101],[217,-172],[261,273],[284,148],[200,382],[-230,281],[66,257],[309,85],[291,-46],[199,-47],[291,125],[54,366],[-60,249],[-109,429],[181,241],[164,-15],[200,194],[36,312],[327,-148],[345,-23],[260,171],[242,-296],[321,-195],[181,374],[25,211],[109,304],[60,296],[91,241],[-200,382],[-200,249],[19,273],[54,234],[97,234],[357,-31],[60,-336],[170,-132],[351,203],[284,374],[31,350],[-242,359],[-13,459],[230,336],[539,-717],[218,0],[520,779],[460,686],[236,342],[297,429],[236,343],[79,210],[121,476],[-127,194],[-460,382],[-55,250],[115,265],[170,342],[181,421],[152,444],[544,1107],[218,296],[309,-117],[163,-366],[91,-250],[-30,-272],[12,-304],[48,-382],[43,-468],[320,-31],[146,195],[320,55],[31,-296],[308,-289],[285,-148],[139,-312],[315,234],[91,281],[108,218],[67,226],[194,156],[181,-39],[224,-195],[170,-62],[242,-187],[-18,-304],[-73,-250],[-91,-202],[-145,-257],[18,-234],[109,-281],[236,55],[206,47],[175,-320],[255,-78],[278,16],[206,-148],[139,-101],[224,-94],[266,125],[-6,288],[139,249],[236,47],[206,-288],[176,-187],[302,241],[109,382],[67,250],[242,155],[315,102],[181,249],[-151,335],[42,296],[248,55],[164,210],[97,312],[121,124],[266,78],[218,219],[206,-8],[199,343],[212,218],[236,54],[127,-304],[376,0],[236,149],[139,436],[-182,413],[-175,312],[145,233],[224,219],[169,327],[182,62],[151,-163],[218,7],[278,203],[158,-16],[242,-124],[133,-187],[315,-273],[345,-203],[254,31],[163,-163],[152,-140],[224,-47],[290,156],[230,-172],[248,-156],[194,8],[321,39],[163,-70],[351,-132],[254,109],[279,-281],[278,-15],[248,23],[194,-117],[181,-234],[333,-117],[267,109],[181,172],[224,-8],[315,-148],[224,-210],[175,124],[55,312],[151,156],[236,-94],[182,312],[224,117],[133,390],[248,241],[230,70],[296,-54],[200,-78],[345,-187],[218,-109],[291,163],[115,164],[48,366],[73,281],[284,93],[139,70],[273,-85],[272,335],[200,319],[60,476],[6,358],[218,397],[97,195],[182,226],[351,-15],[145,311],[-55,289],[127,249],[61,343],[242,70],[363,62],[357,109],[248,-23],[291,-70],[272,-63],[279,250],[230,-24],[224,94],[205,8],[206,-31],[291,-187],[272,-63],[200,0],[218,203],[314,218],[206,203],[206,31],[194,0],[193,70],[206,148],[230,249],[278,281],[43,374],[-55,288],[-133,374],[-175,211],[-115,335],[115,304],[199,179],[49,202],[-158,289],[-84,132],[-230,218],[-12,499],[90,296],[158,327],[193,289],[158,163],[224,180],[169,-117],[236,-109],[139,-312],[12,-452],[297,-257],[254,-140],[472,-156],[551,-296],[170,-117],[508,-577],[514,-615],[236,-273],[303,-242],[896,-280],[575,-273],[278,-156],[212,-140],[884,-623],[938,-772],[799,-530],[544,-319],[236,-141],[436,-459],[188,-343],[72,-179],[188,-437],[121,-366],[73,-249],[66,-250],[61,-233],[121,-343],[224,-593],[115,-272],[187,-429],[261,-389],[266,-343],[387,-476],[400,-506],[332,-405],[315,-359],[230,-265],[152,-195],[236,-319],[199,-421],[103,-343],[55,-194],[78,-304],[67,-304],[66,-374],[43,-273],[60,-288],[43,-234],[72,-374],[67,-288],[79,-335],[54,-188],[73,-335],[109,-483],[127,-436],[163,-577],[121,-428],[109,-382],[79,-351],[85,-319],[102,-343],[97,-234],[79,-327],[42,-249],[85,-320],[206,-795],[151,-530],[121,-343],[315,-825],[448,-1201],[175,-436],[375,-966],[91,-195],[230,-335],[248,-242],[430,-397],[412,-397],[351,-335],[302,-281],[1822,-1722],[73,-70],[799,-748],[1622,-1512],[169,-187],[345,-390],[460,-639],[545,-623],[883,-896],[975,-997],[1271,-1286],[853,-865],[182,-187],[296,-546],[714,-1558],[224,-444],[618,31],[199,-8],[206,-15],[218,-16],[357,-101],[218,-125],[369,-234],[285,-257],[217,-171],[285,-211],[333,-241],[296,-24],[273,-124],[254,-195],[230,-242],[157,-117],[327,-233],[315,-156],[169,-31],[194,-281],[200,-31],[326,70],[648,156],[254,-117],[218,-93],[260,132],[121,171],[140,219],[163,319],[218,577],[54,15],[345,-117],[273,-93],[587,-195],[145,-78],[200,-195],[127,-155],[193,-141],[200,-195],[321,-303],[418,-328],[193,-179],[297,-319],[133,-148],[175,-156],[279,-109],[272,-133],[224,-117],[188,-70],[224,-23],[411,15],[109,24],[224,233],[333,242],[987,101],[145,-7],[284,-8],[297,-8],[333,39],[199,125],[152,116],[290,47],[248,-78],[533,86],[581,101],[248,-31],[24,475],[43,63],[1271,-444],[841,-452],[321,-148],[756,-265],[914,-195],[97,-133],[200,-218],[145,-163],[357,-86],[218,218],[194,304],[242,351],[175,265],[158,296],[151,304],[133,233],[260,242],[218,164],[109,179],[115,226],[176,405],[18,304],[-6,460],[42,342],[121,374],[151,421],[121,320],[109,210],[121,273],[230,358],[164,257],[91,156],[151,257],[91,187],[181,421],[115,234],[145,288],[109,265],[243,351],[139,218],[157,366],[73,180],[121,280],[139,249],[109,234],[97,211],[121,327],[91,241],[102,242],[128,218],[133,296],[36,226],[145,421],[170,249],[121,164],[121,226],[139,335],[133,397],[109,320],[115,397],[91,281],[121,343],[127,397],[103,366],[79,234],[109,320],[72,319],[36,218],[-42,328],[-36,257],[-24,343],[36,241],[36,281],[-103,296],[-181,132],[-327,203],[-194,148],[-345,203],[-91,257],[55,413],[24,498],[-18,234],[-67,312],[73,444],[260,55],[224,-141],[345,-148],[224,-23],[170,-320],[320,-187],[230,24],[261,-211],[205,-171],[140,-156],[242,-78],[224,359],[187,210],[224,179],[248,24],[170,272],[199,351],[279,203],[163,-102],[236,109],[291,-23],[260,257],[109,265],[109,281],[369,93],[242,-93],[339,15],[151,187],[170,351],[272,124],[146,219],[163,233],[163,47],[279,16],[369,101],[266,-78],[230,125],[170,-39],[230,15],[302,-132],[133,-413],[194,-210],[188,0],[266,116],[218,78],[290,304],[279,312],[218,16],[187,163],[67,359],[54,280],[85,390],[73,210],[369,-8],[194,156],[272,156],[212,210],[157,382],[30,226],[382,39],[218,-132],[278,-125],[236,47],[182,109],[163,273],[339,218],[157,-140],[297,-109],[72,-437],[140,-249],[211,0],[212,23],[267,-62],[145,86],[284,163],[194,226],[139,288],[224,904],[182,561],[199,507],[230,343],[194,249],[242,281],[351,381],[327,374],[351,398],[121,117],[242,187],[188,140],[200,156],[332,234],[176,117],[236,148],[260,140],[248,164],[236,194],[188,164],[248,226],[272,234],[-30,343],[-54,226],[-85,366],[-151,358],[-279,546],[-97,202],[-199,390],[-109,210],[-133,320],[-109,288],[-115,366],[-115,468],[6,428],[12,398],[18,319],[-36,421],[0,234],[-24,374],[272,327],[278,-249],[950,-226],[140,-39],[266,-23],[290,-180],[73,-498],[36,-242],[303,-140],[303,163],[236,156],[248,148],[187,55],[297,101],[375,39],[267,62],[278,78],[345,78],[169,0],[285,-15],[339,-156],[230,-101],[242,-281],[357,-545],[97,-102],[387,-140],[551,-249],[169,-211],[200,-148],[157,-62],[267,-140],[157,-156],[176,-304],[151,-265],[272,-195],[285,-148],[145,491],[-103,475],[24,359],[97,218],[103,218],[103,327],[36,312],[127,444],[630,437],[514,420],[636,382],[248,257],[199,296],[140,328],[290,795],[176,241],[145,226],[290,623],[103,281],[91,234],[230,670],[61,241],[211,577],[152,491],[139,553],[85,444],[78,390],[146,1021],[42,538],[24,358],[37,312],[18,296],[0,210],[-6,382],[-12,335],[-249,242],[-36,342],[85,624],[36,304],[30,444],[37,709],[-6,343],[-79,358],[6,234],[6,320],[12,397],[12,374],[12,374],[-6,436],[12,593],[7,374],[0,342],[6,343],[-315,250],[-176,15],[-308,273],[48,374],[-12,234],[-145,350],[-242,226],[-242,258],[-188,101],[-206,78],[-133,273],[-163,171],[-243,249],[122,312],[199,47],[242,0],[164,140],[206,187],[187,86],[260,15],[194,16],[309,86],[6,335],[-85,265],[-67,319],[-151,125],[-248,101],[-182,-31],[-302,-62],[-145,327],[139,335],[109,210],[121,226],[206,86],[230,-125],[230,-171],[193,-140],[260,-141],[188,-155],[248,-250],[164,-132],[254,249],[121,413],[230,133],[272,-242],[158,-70],[514,-39],[224,8],[418,78],[441,101],[97,23],[557,133],[188,23],[502,0],[103,-8],[545,-23],[169,-16],[272,-7],[315,-39],[182,-102],[139,-288],[30,-203],[12,-374],[61,-436],[36,-132],[121,-328],[85,-187],[175,-195],[158,-132],[345,-273],[260,-78],[272,-31],[242,16],[690,156],[236,39],[164,-149],[97,-327],[42,-358],[48,-351],[97,-483],[18,-55],[188,-662],[85,-312],[-273,-296],[-169,47],[-254,8],[-279,-133],[-242,-413],[-18,-39],[-218,-459],[-193,-437],[-103,-413],[12,-350],[18,-476],[-6,-646],[0,-63],[91,-366],[103,-265],[169,-179],[248,-148],[315,-156],[200,-78],[211,-70],[194,-23],[248,-211],[73,-335],[109,-436],[-103,-281],[-157,-265],[-128,-249],[-54,-273],[30,-467],[43,-234],[96,-366],[43,-148],[478,-1146],[30,-62],[206,-413],[121,-195],[212,-273],[193,-218],[200,-210],[139,-133],[412,-296],[242,-280],[109,-304],[12,-226],[-60,-265],[-140,-405],[-60,-156],[-127,-398],[-85,-327],[-42,-179],[-127,-413],[-146,-234],[-193,-55],[-249,78],[-199,203],[-109,327],[18,234],[61,273],[-79,467],[-266,39],[-297,-280],[-115,-164],[-157,-257],[-267,-304],[-218,-125],[-308,-109],[-394,-109],[-242,-86],[-272,-218],[-266,-257],[-188,-218],[-145,-179],[-212,-328],[-260,-257],[-194,-7],[-224,179],[-194,257],[-127,452],[-115,273],[-260,116],[-309,-202],[-42,-39],[-248,-374],[-206,-304],[-145,-226],[-139,-312],[-103,-397],[-49,-343],[-24,-210],[-48,-780],[-18,-155],[-61,-343],[-151,-460],[-91,-226],[-109,-312],[-103,-381],[-60,-312],[-73,-522],[-61,-343],[-66,-265],[-170,-631],[-90,-343],[-67,-312],[-48,-413],[-49,-343],[24,-428],[73,-234],[115,-249],[218,-335],[218,-452],[242,-515],[85,-335],[145,-366],[115,-226],[230,-374],[484,-709],[254,-312],[127,-148],[194,-218],[176,-203],[139,-272],[127,-406],[-79,-303],[-66,-250],[-170,-343],[-163,-335],[-127,-226],[-140,-210],[-133,-171],[-284,-258],[-351,-210],[-394,-156],[-944,-312],[-611,-155],[-242,-47],[-272,-24],[-273,8],[-430,70],[-466,47],[-302,16],[-763,101],[-429,23],[-430,0],[-369,-15],[-357,-55],[-134,-78],[-683,-576],[-103,-187],[-12,-390],[175,-390],[200,-257],[212,-202],[175,-172],[375,-436],[61,-78],[448,-725],[84,-148],[376,-740],[78,-281],[43,-233],[66,-359],[37,-530],[24,-529],[-6,-445],[12,-233],[66,-1154],[55,-272],[175,-328],[224,-163],[164,-55],[224,-8],[242,109],[296,242],[593,771],[206,289],[273,366],[127,156],[526,530],[315,265],[212,148],[375,195],[188,140],[218,54],[284,-101],[163,-132],[206,-265],[194,-234],[387,-569],[164,-265],[478,-717],[115,-179],[230,-288],[363,-398],[181,-163],[848,-639],[369,-304],[115,-94],[236,-210],[230,-226],[405,-421],[206,-226],[152,-125],[296,-148],[327,-39],[181,24],[460,109],[957,179],[248,78],[236,70],[333,86],[236,39],[272,-8],[145,-16],[339,-39],[224,-46],[321,-133],[218,-124],[333,-242],[169,-242],[-36,-397],[-79,-218],[-199,-125],[-206,-15],[-321,-16],[-303,-31],[-230,-24],[-181,-46],[-267,-86],[-320,-164],[-339,-226],[-133,-93],[-176,-218],[-103,-421],[-78,-405],[-152,-569],[-54,-242],[-6,-381],[12,-429],[-91,-234],[-121,-210],[-188,-273],[-514,-577],[-248,-265],[-236,-194],[-394,-304],[-211,-102],[-236,-15],[-321,23],[-176,39],[-290,94],[-309,117],[-303,101],[-211,86],[-194,101],[-654,397],[-339,226],[-175,273],[-85,164],[-169,350],[-121,265],[-200,390],[-206,366],[-254,429],[-85,156],[-218,397],[-230,273],[-199,187],[-460,311],[-121,102],[-303,319],[-145,234],[-127,280],[-121,351],[-67,312],[-67,280],[-90,180],[-230,116],[-224,24],[-230,-109],[-145,-289],[-61,-467],[36,-273],[85,-319],[73,-203],[121,-249],[145,-289],[878,-1457],[205,-319],[103,-273],[49,-405],[42,-296],[-182,-328],[-139,-148],[-175,-194],[-206,-273],[-97,-164],[-672,-1083],[-169,-444],[-36,-359],[18,-662],[-6,-280],[-152,-367],[-163,-194],[-194,-102],[-200,-93],[-211,-63],[-370,-39],[-381,55],[-248,55],[-169,54],[-267,117],[-308,226],[-224,156],[-563,311],[-145,102],[-418,335],[-212,156],[-85,397],[19,405],[30,242],[85,319],[90,281],[170,351],[218,327],[169,257],[490,818],[242,390],[249,366],[163,319],[357,904],[115,250],[103,257],[48,389],[-12,273],[-42,250],[-79,257],[-115,249],[-145,218],[-230,211],[-242,171],[-212,109],[-272,78],[-363,39],[-321,-23],[-805,-117],[-841,-63],[-188,-7],[-520,15],[-1477,125],[-878,-23],[-260,-16],[-278,-31],[-515,-102],[-690,-155],[-121,-47],[-478,-249],[-1005,-756],[-756,-608],[-188,-109],[-193,-86],[-267,-226],[-200,-397],[-30,-335],[55,-522],[66,-413],[230,-398],[1344,-569],[248,-148],[182,-195],[490,-677],[254,-242],[121,-94],[266,-163],[242,-164],[230,-187],[230,-195],[805,-646],[182,-195],[272,-405],[273,-406],[127,-226],[193,-358],[115,-210],[158,-328],[121,-319],[60,-250],[-48,-366],[-218,-296],[-351,-483],[-176,-281],[-12,-413],[61,-420],[60,-281],[0,-226],[-78,-358],[-121,-444],[-242,-725],[-128,-351],[-199,-654],[-206,-398],[-151,-249],[-115,-343],[-103,-265],[-139,-156],[-242,-70],[-164,0],[-502,31],[-351,-62],[-279,-148],[-302,-304],[-303,-366],[-236,-234],[-248,140],[-315,678],[-193,444],[-237,522],[-242,226],[-478,-109],[-314,-179],[-91,-460],[175,-233],[158,-47],[333,-211],[-43,-397],[-212,-616],[-18,-498],[145,-1239],[19,-312],[-109,-475],[-273,-242],[-224,86],[-266,312],[-266,117],[-170,-71],[-296,-116],[-97,-273],[139,-390],[73,-296],[-115,-366],[-291,179],[-42,382],[-230,195],[-200,-234],[-60,-203],[-103,-280],[-200,-273],[-175,-117],[-194,-234],[12,-428],[67,-304],[121,-179],[236,-109],[224,-16],[242,55],[127,124],[-31,374],[-18,421],[212,86],[279,0],[217,-78],[273,-234],[321,-86],[254,32],[363,77],[339,-93],[278,-179],[248,-148],[164,-367],[-230,-202],[-188,-94],[30,-389],[261,-530],[109,-195],[121,-234],[175,-382],[36,-420],[-175,-125],[-224,16],[-127,444],[-103,234],[-163,148],[-345,-110],[42,-475],[188,-374],[121,-257],[72,-452],[-127,-226],[-339,47],[-97,241],[-127,211],[-248,249],[-181,156],[-236,203],[-200,124],[-206,-70],[-109,-288],[55,-359],[72,-226],[-230,-366],[-284,-70],[-206,-358],[-97,-172],[-169,-195],[-206,-280],[-163,-398],[175,-342],[230,-188],[291,-124],[248,-117],[127,-296],[-49,-483],[-248,-382],[-254,-101],[-182,397],[-133,327],[-169,94],[-218,-109],[-303,-289],[-157,-187],[-121,-171],[-127,-327],[-42,-195],[-25,-335],[18,-234],[146,-319],[242,-187],[175,-133],[242,-358],[115,-281],[182,-319],[127,-172],[230,-335],[61,-93],[278,-476],[127,-218],[170,-226],[278,-390],[139,-187],[230,-366],[-121,-405],[-321,-125],[-60,-249],[-67,-319],[-339,15],[-169,109],[-224,140],[-170,-54],[-133,-296],[-121,-281],[145,-296],[309,-62],[67,-327],[127,-281],[139,-148],[-127,-351],[-260,-101],[-170,-62],[-200,-117],[-199,-156],[-248,203],[175,303],[-133,421],[-339,133],[-194,140],[-296,125],[-200,23],[-309,-156],[-187,-226],[-121,-179],[-248,-374],[96,-429],[333,117],[182,-366],[-200,-156],[-218,-280],[-236,-460],[-224,-390],[-109,-218],[-211,-280],[-206,-172],[-291,24],[-18,350],[73,359],[91,475],[169,288],[188,203],[218,296],[36,234],[-121,319],[-176,218],[-151,164],[-170,195],[-187,288],[-97,203],[-139,374],[-164,218],[-296,-16],[-164,-70],[-236,-148],[-145,-218],[49,-366],[-49,-444],[-24,-429],[-36,-280],[-97,-304],[-109,-445],[-145,-342],[-194,-289],[-12,-483],[36,-382],[351,0],[79,250],[72,233],[91,289],[254,70],[128,-171],[217,-491],[85,-187],[-139,-382],[-218,-250],[-91,-467],[115,-320],[164,-155],[193,-242],[61,-226],[18,-288],[-60,-437],[-237,-163],[-187,335],[-109,319],[-266,-171],[6,-257],[-18,-265],[-206,-390],[42,-358],[133,-242],[261,-195],[260,39],[266,24],[254,163],[212,187],[285,-241],[-115,-320],[-103,-257],[-109,-304],[60,-428],[121,-172],[176,-218],[181,-226],[230,-390],[-199,-218],[-115,-93],[-303,-218],[-309,-164],[-254,31],[-151,172],[-139,257],[-200,265],[-260,-343],[-43,-250],[-30,-241],[85,-327],[193,-258],[109,-148],[188,-335],[200,-514],[181,-327],[91,-195],[97,-343],[339,140],[-73,226],[-121,250],[-218,311],[327,187],[194,-31],[290,-163],[73,-281],[248,-125],[151,156],[182,164],[242,-125],[248,-164],[164,133],[175,312],[254,-16],[164,-312],[139,-296],[-139,-389],[121,-406],[272,-241],[272,-242],[249,-62],[236,-140],[145,-320],[284,-280],[115,-289],[73,-296],[42,-194],[37,-304],[-134,-429],[-127,-319],[85,-297],[145,-148],[315,-218],[236,-93],[345,-86],[272,-125],[176,-241],[-6,-366],[133,-250],[188,-62],[242,-55],[157,-70],[218,-343],[-103,-405],[-175,-218],[-279,-164],[-321,-241],[-223,-242],[-134,-171],[-175,-312],[-49,-203],[-78,-381],[-127,-437],[-103,-241],[-351,-694],[-127,-335],[-25,-241],[200,-328],[176,-288],[36,-234],[18,-343],[18,-233],[61,-351],[60,-273],[55,-210],[157,-405],[254,-148],[345,-219],[248,-202],[218,-242],[194,-327],[182,-390],[139,-350],[127,-265],[109,-211],[163,-311],[109,-265],[127,-382],[97,-312],[61,-148],[175,-366],[212,-405],[54,-109],[243,-406],[60,-93],[291,-390],[181,-288],[369,-78],[248,62],[206,-327],[188,-226],[200,-15],[224,15],[308,62],[254,63],[242,93],[224,141],[206,241],[6,343],[-66,234],[24,311],[357,164],[206,-16],[290,-23],[291,-8],[187,47],[218,47],[224,-156],[85,-452],[188,-312],[296,63],[182,54],[266,156],[60,335],[-163,343],[-345,210],[-188,63],[-284,288],[224,327],[218,141],[375,171],[345,156],[200,101],[242,-70],[133,-203],[206,-303],[103,-367],[-6,-311],[-25,-359],[73,-280],[284,70],[212,210],[218,187],[266,164],[255,335],[-67,389],[-73,460],[-12,289],[-12,413],[31,171],[163,351],[157,132],[182,156],[290,164],[436,109],[230,46],[248,24],[200,-109],[163,-148],[273,-219],[163,-202],[139,-187],[152,-320],[42,-350],[61,-444],[72,-336],[18,-420],[6,-218],[31,-281],[60,-273],[145,-436],[97,-288],[115,-359],[127,-335],[103,-288],[61,-281],[36,-148],[230,-779],[36,-117],[91,-358],[133,-413],[31,-242],[30,-467],[36,-359],[55,-343],[157,-335],[157,-179],[224,-312],[133,-272],[79,-180],[200,-452],[151,-265],[230,-436],[127,-405],[37,-335],[24,-328],[133,-1161],[36,-194],[115,-390],[103,-265],[176,-335],[133,-179],[97,-250],[66,-241],[85,-296],[36,-289],[0,-257],[37,-389],[24,-491],[0,-281],[30,-452],[79,-265],[139,-397],[79,-429],[48,-202],[115,-343],[-73,-249],[-302,54],[-115,211],[-170,210],[-169,78],[-200,62],[-200,39],[-290,0],[-363,16],[-285,-16],[-218,-78],[-181,-86],[-236,-77],[-291,-219],[12,-257],[121,-257],[97,-203],[139,-335],[267,-140],[151,140],[176,289],[175,195],[327,171],[139,16],[321,-16],[187,-39],[152,-405],[-127,-242],[-176,-156],[-151,-155],[-133,-304],[30,-289],[133,-327],[121,-257],[158,-281],[151,-109],[266,24],[279,124],[187,109],[291,258],[193,-141],[146,-202],[127,-289],[127,-413],[60,-452],[-24,-319],[-175,-203],[-291,-116],[-260,-8],[-430,-39],[-278,-39],[-218,-94],[-194,-257],[-248,-241],[-151,-390],[-273,-234],[-157,-70],[-278,-117],[-236,-140],[-279,-171],[-169,-195],[30,-289],[12,-210],[145,-421],[224,39],[182,47],[315,62],[217,-132],[140,-133],[157,-327],[169,-327],[121,-172],[128,-272],[121,-242],[211,-366],[49,-289],[-194,-241],[-169,-47],[-170,312],[-139,389],[-212,-31],[-224,-85],[-351,-94],[-278,-23],[-333,15],[-224,24],[-157,-219],[97,-405],[78,-280],[12,-296],[-205,-421],[-249,218],[-133,242],[-266,-226],[-24,-429],[-224,-93],[-164,-55],[-242,-132],[-205,-141],[-345,-117],[-230,-148],[54,-296],[254,-304],[242,-179],[285,-148],[212,-86],[0,-389],[-309,-102],[0,-397],[260,-288],[152,-211],[127,-202],[163,-218],[85,-203],[-37,-296],[-272,-273],[-200,-382],[6,-374],[103,-265],[297,-46],[175,296],[158,249],[230,288],[175,312],[127,281],[357,15],[243,-218],[-128,-452],[-193,-148],[-206,-382],[73,-226],[163,-265],[224,-210],[236,-148],[121,-327],[24,-250],[-278,-234],[-236,78],[-230,109],[-285,78],[-363,8],[-302,-148],[-85,-234],[145,-327],[170,-132],[308,-156],[267,-78],[236,-327],[-200,-265],[-218,-94],[-109,-429],[157,-413],[-96,-163],[18,-468],[339,31],[272,39],[115,8],[272,-163],[6,-445],[-278,-202],[-309,15],[-193,-374],[181,-389],[212,-211],[297,-280],[60,-296],[49,-343],[-128,-265],[-96,-351],[199,-241],[0,-405],[-103,-413],[-248,-16],[-97,242],[-205,296],[-230,148],[-236,163],[-333,-124],[6,-250],[79,-436],[175,-249],[-236,-258],[-79,-288],[-175,-234],[-158,-358],[200,-210],[55,-429],[145,-405],[163,70],[200,140],[230,226],[182,-265],[-115,-265],[12,-421],[-115,-264],[-182,-234],[-302,-125],[-230,-101],[-158,-125],[91,-436],[188,-156],[369,-16],[193,296],[327,24],[291,47],[-12,-468],[-188,-156],[18,-436],[206,-148],[145,-320],[-272,-187],[-170,156],[-242,16],[-145,-273],[61,-226],[121,-296],[-279,-288],[-284,226],[-200,-289],[-97,-171],[-266,-109],[-176,15],[-242,94],[-163,23],[-206,-265],[12,-467],[285,46],[327,102],[205,-226],[109,-343],[-236,-257],[-200,0],[-187,-70],[-230,-195],[-109,-187],[54,-390],[261,-273],[236,156],[163,109],[236,-187],[43,-257],[-73,-343],[-212,-124],[-278,-156],[-91,-491],[-67,-257],[-109,-281],[-230,-296],[-175,-195],[-55,-444],[12,-288],[-24,-273],[182,-351],[230,110],[157,257],[285,-133],[18,-234],[127,-303],[303,-24],[205,-8],[230,-187],[-12,-272],[-85,-351],[-236,-265],[-242,-288],[-97,-359],[315,-179],[273,8],[115,-281],[-31,-272],[-199,-211],[-121,-428],[175,-421],[97,-296],[-194,-374],[-212,-172],[-90,-226],[-255,-155],[-54,-242],[303,-210],[211,148],[146,140],[363,-94],[290,-257],[188,-428],[-285,-320],[-181,-202],[-248,-367],[72,-374],[255,55],[145,15],[242,-15],[315,-172],[199,-303],[-345,-211],[-248,16],[-296,-242],[-134,-156],[-223,-389],[60,-367],[333,16],[200,94],[320,-71],[-36,-296],[121,-405],[133,-241],[242,-219],[115,-420],[-187,-335],[-158,-429],[37,-249],[224,-226],[345,-86],[199,15],[261,-303],[0,-593],[-212,-218],[-224,265],[-218,94],[-242,-109],[-157,-429],[-7,-421],[-90,-280],[-158,-187],[-212,-180],[-266,-93],[-181,-366],[151,-257],[194,-234],[36,-359],[-145,-296],[151,-304],[109,-257],[-127,-312],[-91,-296],[-157,-335],[-67,-218],[-30,-374],[-236,-273],[-254,-257],[-315,-70],[-188,148],[-284,-195],[-151,-288],[-91,-304],[-115,-405],[-67,-320],[-163,-631],[-31,-366],[164,-382],[188,-288],[-97,-242],[157,-358],[315,-288],[278,46],[224,-265],[-236,-265],[48,-202],[-18,-374],[-242,-31],[-139,-63],[-254,-70],[-218,0],[-278,-288],[102,-273],[-211,-273],[-212,-62],[-230,16],[-6,-445],[-67,-428],[-181,31],[-176,-319],[85,-468],[-24,-803],[-43,-1059],[49,-242],[-121,-382],[-291,8],[-12,-460],[345,-163],[260,-141],[-24,-350],[-79,-335],[-42,-281],[12,-311],[-188,-429],[-90,-265],[-103,-382],[-200,-148],[-151,-257],[6,-327],[30,-226],[145,-234],[339,-171],[248,-242],[164,-382],[151,-125],[272,102],[315,-70],[133,-413],[12,-250],[-139,-304],[-290,-241],[-152,-226],[-30,-273],[91,-304],[163,-226],[273,-272],[224,-242],[24,-483],[-79,-343],[-24,-327],[54,-359],[85,-327],[36,-312],[-54,-420],[-42,-234],[-73,-429],[-6,-366],[12,-304],[-54,-312],[-236,-78],[-285,8],[-224,-39],[-127,-382],[30,-413],[-42,-381],[-291,-1177],[-36,-429],[18,-303],[-121,-429],[-157,-320],[-121,-194],[-133,-390],[-43,-296],[-18,-288],[49,-460],[169,-312],[163,-234],[249,-288],[72,-397],[-97,-507],[73,-444],[242,-156],[254,-23],[242,-8],[242,0],[230,-86],[115,-265],[115,-467],[-18,-265],[-139,-312],[-175,-70],[-521,-78],[-290,-86],[-497,-226],[-339,-155],[-211,-156],[-206,-234],[-206,-374],[-103,-475],[55,-483],[151,-437],[230,-506],[145,-296],[103,-172],[182,-428],[109,-297],[66,-202],[145,-296],[255,-320],[157,-148],[169,-148],[194,-273],[12,-366],[-218,-327],[-351,-179],[-248,-86],[-169,-39],[-97,-343],[333,-210],[187,-179],[12,-382],[-139,-141],[170,-389],[236,-39],[339,-226],[211,-172],[152,-163],[97,-234],[-31,-366],[-169,-242],[42,-436],[315,15],[175,-38],[273,-71],[266,-311],[-121,-304],[-145,-63],[-206,-249],[-12,-257],[18,-327],[-18,-429],[230,-187],[369,140],[345,133],[260,-343],[-139,-179],[-145,-296],[248,-234],[278,125],[200,148],[303,210],[242,86],[369,70],[218,-78],[42,-335],[-302,-250],[-182,-319],[0,-319],[170,-156],[284,140],[224,-257],[-73,-218],[-54,-468],[-248,-218],[-67,-265],[-54,-210],[-182,-304],[194,-273],[351,-94],[242,94],[236,366],[151,288],[200,219],[248,-203],[309,-242],[206,0],[320,-171],[-199,-374],[-212,31],[-248,-374],[42,-327],[48,-203],[170,-374],[194,-148],[217,-202],[146,-156],[163,-179],[188,-117],[181,-359],[-6,-421],[73,-280],[-200,-218],[-315,156],[-157,319],[-284,273],[-249,-133],[-278,-358],[-363,-507],[-133,-249],[48,-257],[91,-335],[109,-273],[127,-125],[212,-132],[91,-382],[-230,-140],[-255,-234],[-139,-179],[-163,-156],[-152,242],[19,374],[6,233],[-146,351],[-326,312],[-206,179],[-266,-195],[-13,-327],[-36,-226],[-315,-164],[-332,226],[-382,-62],[-18,-257],[-91,-250],[-157,-311],[-176,-367],[-260,-155],[-133,194],[-157,312],[-261,62],[-193,47],[-103,304],[-85,257],[-284,109],[-327,39],[-242,55],[-236,0],[-176,-195],[-199,-203],[-285,47],[-163,195],[-67,281],[42,233],[128,218],[175,320],[85,242],[72,280],[43,304],[-303,125],[-272,-242],[-279,-242],[-193,-109],[-200,281],[-6,382],[-97,475],[-260,-62],[-309,-351],[-236,-265],[-254,-249],[-254,-117],[-285,-265],[-78,-288],[-19,-203],[0,-296],[-6,-670],[-78,-421],[-127,-265],[-248,39],[-128,117],[-260,218],[-200,101],[-242,94],[-381,101],[-54,374],[169,218],[103,343],[-42,226],[-134,265],[-223,70],[-255,24],[-326,46],[-345,71],[-297,7],[-315,-31],[-363,-23],[-339,-24],[-248,0],[-254,0],[-363,16],[-333,117],[-230,101],[-145,70],[-297,-7],[-139,-219],[115,-350],[60,-444],[-18,-312],[-18,-359],[6,-272],[-12,-351],[-24,-234],[-91,-397],[-200,-125],[-212,-117],[-236,-233],[-193,-125],[-333,-94],[-260,-233],[-170,-219],[-224,8],[-272,78],[-121,242],[133,335],[121,249],[-42,335],[-103,382],[-73,413],[-97,257],[-218,250],[-169,93],[-206,70],[-254,70],[-182,39],[-290,55],[-212,-8],[-351,-62],[-345,-78],[-163,-39],[-242,-117],[-158,-164],[-109,-265],[43,-475],[66,-296],[79,-281],[48,-327],[18,-358],[7,-180],[12,-639],[54,-241],[85,-304],[72,-452],[-6,-436],[79,-437],[236,-241],[206,-55],[236,265],[109,436],[79,219],[314,-203],[-78,-335],[48,-436],[-182,-312],[-181,109],[-291,-210],[-48,-367],[-170,-194],[-211,-55],[-182,-16],[-309,32],[-187,-250],[163,-335],[212,-436],[67,-78],[320,-62],[297,-94],[357,-171],[85,-257],[-188,-336],[-60,-171],[-61,-374],[103,-366],[254,-203],[-12,-405],[-188,-94],[-332,94],[-109,242],[-109,303],[-285,32],[-121,-187],[-175,-406],[-146,-350],[-211,-304],[-43,-16],[-478,-109],[-296,187],[12,320],[339,342],[-6,281],[-291,109],[-345,-47],[-157,-148],[-327,-296],[-266,0],[-321,211],[-133,210],[66,460],[24,327],[-60,405],[30,444],[6,367],[-66,335],[-55,233],[-85,421],[-84,242],[-139,304],[-237,350],[-193,78],[-236,8],[-236,-47],[-212,-156],[-297,-15],[-211,187],[30,389],[60,258],[-66,272],[-152,335],[-175,297],[-206,288],[-194,93],[-205,-85],[-146,-234],[-187,-413],[-315,156],[-133,226],[-194,382],[-187,303],[-273,351],[-115,187],[-230,359],[-290,311],[-327,86],[-200,-187],[-103,-343],[31,-343],[66,-460],[-175,-420],[-357,-16],[-206,210],[-151,273],[-103,203],[-146,273],[43,241],[169,273],[369,156],[79,350],[-79,265],[-72,226],[-230,320],[-170,70],[-242,-117],[-230,-210],[-145,-187],[-97,-203],[-127,-281],[-188,-218],[-266,-109],[-218,-39],[-242,39],[-181,133],[-218,124],[-309,-210],[-139,-218],[-266,-16],[-327,62],[-212,-335],[-97,-296],[-181,-148],[-261,-265],[-12,-327],[43,-475],[-31,-367],[-18,-303],[6,-304],[-30,-413],[-67,-211],[-205,-218],[-182,-39],[-212,382],[24,327],[-326,55],[-267,101],[-248,351],[-157,257],[-121,179],[-164,281],[-248,272],[-230,-288],[-78,-273],[-43,-226],[18,-280],[109,-405],[103,-390],[55,-405],[-85,-320],[-133,-272],[-200,-359],[-157,-171],[-327,-55],[-200,179],[0,460],[91,561],[-206,257],[-175,63],[-261,-156],[-139,-327],[-91,-265],[115,-406],[127,-280],[91,-187],[97,-288],[-79,-234],[-272,-94],[-290,-7],[-122,-429],[-193,-421],[-115,-202],[-151,-429],[-237,-164],[-302,-62],[-230,-195],[-109,-249],[-224,-312],[-109,-156],[-109,-366],[-200,-280],[-363,15],[-230,-54],[-496,-148],[-260,140],[-260,382],[-249,15],[-127,-452],[91,-545],[-224,-218],[-260,296],[-121,327],[-18,335],[-339,203],[-224,-125],[-273,-218],[-42,-296],[127,-250],[194,-163],[-194,-398],[-187,-195],[-200,63],[-230,171],[-194,-280],[-6,-234],[333,-109],[169,-304],[170,-273],[284,16],[146,-226],[-152,-273],[-36,-257],[-188,-413],[-187,-203],[-158,-148],[-60,-358],[109,-164],[236,-78],[218,0],[212,-148],[163,-304],[230,-342],[290,-226],[224,-125],[182,-78],[-54,-413],[-339,-218],[-140,-70],[-230,-351],[13,-312],[344,78],[255,257],[284,-132],[-36,-288],[-139,-164],[-242,78],[-55,-444],[30,-218],[31,-382],[-134,-187],[-290,-16],[-115,86],[-254,86],[-375,-102],[-182,-23],[-248,15],[-260,-140],[-19,-288],[103,-226],[170,-374],[-18,-296],[-97,-296],[-164,-390],[-54,-374],[0,-234],[24,-288],[-6,-218],[-109,-335],[-60,-257],[-19,-304],[25,-398],[-25,-343],[-102,-272],[-273,-211],[-248,0],[-206,55],[-290,-172],[6,-483],[42,-366],[55,-405],[272,-320],[309,-124],[115,-273],[-158,-359],[-139,-202],[-321,-234],[-248,-54],[-333,109],[-327,140],[-260,249],[-6,211],[24,335],[-193,156],[-200,-351],[-103,-678],[-36,-390],[-24,-241],[-6,-257],[-67,-312],[-121,-335],[-127,-172],[-145,-210],[121,-374],[-134,-397],[-175,-94],[-212,-265],[-224,-382],[-218,-202],[-169,-335],[200,-203],[163,-47],[303,-93],[133,-78],[254,-218],[-151,-429],[-351,-148],[-224,-93],[-248,-164],[-194,-125],[-176,-124],[-230,-172],[-230,-93],[-211,62],[-237,210],[-187,172],[-236,397],[-43,234],[-66,327],[-115,351],[-164,358],[-133,180],[-236,132],[-169,86],[-333,156],[-284,202],[-109,164],[-170,382],[-115,280],[-321,133],[-199,-172],[-267,-163],[-284,-148],[-151,-359],[181,-234],[115,-163],[145,-257],[97,-250],[-78,-273],[-122,-381],[61,-211],[97,-327],[-36,-234],[-158,-273],[-42,-210],[-103,-319],[-339,15],[-224,24],[-260,-180]],[[433159,623749],[-31,-374],[206,-180],[212,-413],[6,-311],[-139,-351],[-254,8],[-339,-78],[-248,31],[-176,70],[-224,78],[-290,24],[-176,-187],[36,-382],[-90,-218],[-176,-164],[-248,-288],[-218,23],[-218,171],[-321,-179],[-115,-382],[146,-389],[254,226],[127,-273],[194,-281],[-19,-350],[49,-437],[42,-280],[-66,-327],[-291,-257],[-139,-265],[-176,-39],[-230,155],[-139,219],[-193,187],[-230,-117],[-164,-366],[-254,-63],[-363,-78],[-170,-202],[67,-304],[224,-47],[54,-429],[-254,-280],[-139,-210],[-188,-94],[-254,-226],[-200,-117],[-199,195],[-224,164],[-91,233],[85,312],[-103,242],[-272,46],[-134,-249],[-236,-125],[-199,-124],[-242,-47],[-364,78],[-30,-359],[-103,-233],[-266,-133],[-309,-218],[-357,39],[-145,31],[-291,156],[-175,-55],[-121,-265],[-297,-23],[-175,187],[-248,-117],[-176,-335],[-248,-148],[-297,-273],[-278,125],[-230,125],[-200,-47],[-290,-94],[-151,-148],[-79,-335],[-61,-358],[-133,-242],[-91,-381],[103,-351],[85,-242],[-61,-452],[-96,-288],[169,-273],[-36,-475],[-61,-382],[121,-273],[-72,-319],[-127,-187],[-230,-70],[-224,0],[-200,47],[-254,-8],[-164,-148],[-236,-70],[-302,-312],[-218,-86],[-309,-226],[-405,-234],[-206,-132],[-248,-203],[-152,-124],[-242,-226],[-139,-164],[-169,-210],[-297,-265],[-224,-148],[-200,-125],[-314,86],[-133,195],[-315,140],[-309,-39],[-139,-203],[-248,-311],[-151,-203],[-261,-117],[-133,-117],[-151,-288],[-224,-62],[-278,-102],[-67,-343],[-36,-342],[-236,-320],[-158,-218],[-78,-234],[60,-351],[-6,-233],[24,-390],[85,-195],[133,-280],[-79,-257],[-236,-312],[-54,-288],[42,-460],[-254,-242],[-188,86],[-205,-296],[-49,-288],[-109,-226],[-333,93],[-187,-23],[-103,-390],[-266,-132],[-176,101],[-236,62],[-309,-226],[-127,-265],[-36,-194],[30,-312],[-320,-62],[-140,-250],[-163,-241],[-309,-86],[-24,-343],[-163,-156]],[[223358,505813],[-145,249],[-115,623],[-351,1613],[-97,468],[-103,530],[-176,904],[-163,639],[-121,755],[-236,1341],[-67,545],[-30,312],[60,452],[13,311],[0,265],[-79,390],[-224,655],[-327,748],[-109,249],[-436,1301],[-453,1419],[-630,1870],[-284,1020],[-261,936],[-417,1153],[-206,841],[-266,842],[-267,896],[-369,1270],[-127,398],[-254,794],[-303,1154],[-405,1441],[-36,148],[-279,1208],[-175,873],[-121,701],[-121,623],[-588,1972],[-90,390],[-49,257],[-48,319],[-30,359],[-43,342],[-345,1169],[-508,1621],[-182,639],[-157,522],[-139,288],[-133,219],[-164,233],[-272,273],[-496,468],[-370,358],[-218,421],[-90,467],[6,320],[78,343],[85,187],[133,296],[103,210],[109,257],[-230,328],[-169,-31],[-255,-63],[-308,-101],[-212,164],[0,350],[79,335],[30,304],[-49,335],[-96,343],[-103,288],[-230,374],[-260,110],[-182,46],[-230,133],[-188,304],[-96,327],[-158,553],[-103,561],[-84,398],[-31,304],[31,381],[18,195],[-109,320],[-236,288],[-194,148],[-399,257],[-249,211],[-96,132],[42,397],[42,312],[-333,351],[-526,584],[-478,522],[-575,593],[-696,732],[-448,491],[-345,413],[-85,171],[-157,296],[-254,569],[-127,289],[-212,366],[-248,343],[-146,202],[-217,328],[-285,327],[-345,350],[-460,499],[-424,452],[-236,359],[-145,288],[-284,631],[-176,460],[-448,1589],[-145,421],[-181,499],[-249,764],[-115,366],[-187,592],[-170,475],[-109,452],[-593,1161],[-381,663],[-829,1511],[-496,889],[-345,592],[-345,429],[-212,202],[-158,140],[-562,554],[-442,506],[-793,1091],[-642,1036],[-72,102],[-539,756],[-309,584],[-320,584],[-206,374],[-49,94],[-308,499],[-115,280],[-91,257],[-54,250],[-49,350],[-12,289],[18,272],[61,312],[96,460],[37,397],[-12,273],[-37,405],[-24,343],[-6,452],[61,538],[84,709],[91,483],[6,39],[109,537],[24,125],[121,561],[67,234],[54,319],[37,211],[24,343],[-36,670],[-12,374],[18,397],[48,460],[91,390],[66,397],[67,468],[97,646],[103,733],[42,530],[43,420],[-13,328],[-48,405],[-61,491],[-54,421],[-115,568],[-97,858],[-54,1426],[-91,1496],[-42,600],[-19,436],[-30,725],[-30,389],[-30,343],[-745,2213],[-333,1021],[-145,444],[-436,1247],[-454,1106],[-768,1855],[-618,1652],[-466,1629],[-127,716],[-187,1302],[-12,117],[-273,1628],[-157,1543],[-49,2361],[-332,3148],[-255,3156],[-66,850],[-127,1737],[-6,148],[-97,1286],[-49,1153],[-78,1894],[60,1059],[24,819],[-12,631],[0,787],[-72,818],[-146,1434],[-133,1254],[-145,1138],[-188,1161],[-127,881],[-169,1262],[-218,1270],[-218,1270],[-236,1115],[-73,413],[-169,942],[-357,1364],[-369,1605],[-242,1442],[-97,748],[-18,475],[6,1278],[-55,787],[-115,1372],[-36,1184],[60,1107],[49,950],[60,717],[-96,748],[-140,1153],[-36,686],[-60,1481],[-67,2111],[-42,1684],[36,1239],[18,826],[-54,911],[-37,959],[-36,1698],[0,546],[0,701]],[[182941,680866],[-61,3140],[-30,1528],[-272,5049],[109,7543],[175,7855],[-218,2267],[-66,1263],[-30,1254],[127,1551],[0,452],[163,4309],[278,2719],[79,974],[-42,2923],[-400,3296],[-48,935],[60,475],[230,1808],[297,1551],[30,210],[484,4629],[206,11704],[-254,3070],[-18,483],[-49,561],[0,615],[25,780],[-37,311],[-60,359],[-24,343],[-6,498],[0,102],[127,763],[30,686],[-42,249],[-55,1037],[-200,1270],[85,1925],[12,701],[-333,3717],[-36,452],[-73,1130],[-12,163],[-91,1348],[-12,943],[-54,1099],[-30,226],[-73,569],[-36,623],[12,413],[115,514],[351,990],[272,-23],[158,23],[217,195],[212,-8],[279,109],[218,374],[96,335],[194,148],[369,31],[339,39],[279,148],[338,250],[811,662],[-42,927],[-60,359],[-55,210],[-139,367],[-278,584],[-896,2003],[-91,366],[103,748],[-18,171],[-49,328],[-593,1909],[-133,280],[-563,756],[-526,709],[-188,335],[-121,460],[-18,429],[12,350],[97,998],[-6,452],[-61,311],[-302,491],[-666,857],[-61,78],[-405,421],[-472,397],[-309,187],[-254,156],[-418,273],[-248,156],[-272,312],[-248,280],[-866,1184],[-260,367],[-297,421],[-1349,1075],[-878,725],[-720,857],[-351,420],[-236,281],[-230,195],[-1301,724],[-218,141],[-902,576],[-12,16],[-872,803],[-242,226],[-2342,2322],[-2251,2626],[-1743,2758],[-1362,1987],[-436,468],[-67,117],[-369,615],[-690,1473],[-799,1948],[-193,351],[-460,678],[-872,1340],[-435,834],[-1998,3358],[-1803,3460],[-200,350],[-212,538],[-224,647],[-91,654],[0,1637],[19,514],[-279,296],[-702,31],[-714,-7],[-430,116],[-284,149],[-230,171],[-212,234],[-369,530],[-1435,1870],[-127,226],[-1252,2228],[-860,1138],[-411,779],[-745,1715],[-532,1503],[-739,2050],[-36,148]],[[145157,843047],[-375,1426],[-218,771],[-206,959],[-230,1465],[-121,1511],[36,507],[460,2377],[85,1231],[-67,467],[-284,554],[-109,444],[-30,701],[-218,3771],[-509,3265],[-66,873],[-127,4076],[30,1480],[-24,1270],[6,382],[12,483],[97,429],[133,226],[290,288],[1405,1068],[853,709],[85,420],[-146,335],[-696,530],[-1434,1099],[-321,359],[-91,202],[-42,296],[-24,476],[30,794],[30,819],[115,1052],[37,771],[260,2119],[73,1325],[96,624],[164,1854],[187,803],[146,452],[423,1114],[79,218],[79,249],[97,1310],[36,405],[42,327],[61,444],[60,304],[212,1052],[351,1068],[769,2213],[387,989],[145,405],[103,258],[73,880],[103,444],[97,273],[472,966],[314,663],[678,865],[1616,1511],[751,1177],[780,1925],[981,2049],[2233,3912],[1223,2236],[490,1083],[303,1130]],[[157407,917580],[332,639],[297,429],[230,226],[1301,974],[133,249],[0,218],[0,779],[-96,1021],[24,842],[84,740],[230,896],[473,1566],[54,172],[291,1083],[2820,-2798],[266,-241],[139,-133],[261,-350],[133,-359],[66,-514],[85,-343],[206,-366],[363,-421],[859,-725],[31,-31],[-315,-1387],[169,-249],[182,-47],[224,-31],[333,0],[581,31],[442,31],[671,94],[345,31],[370,31],[217,-62],[146,-218],[30,-250],[6,-545],[12,-164],[55,-639],[-91,-350],[-357,-608],[-442,-756],[-1114,-1940],[-157,-234],[-109,-218],[-61,-265],[-30,-561],[-18,-374],[-30,-234],[-194,-281],[-327,-280],[-36,-133],[18,-709],[30,-265],[115,-350],[273,-250],[472,-420],[417,-445],[339,-210],[273,-203],[327,-366],[357,-405],[187,-101],[206,-31],[260,62],[230,31],[327,-195],[236,-140],[127,-234],[73,-304],[121,-475],[169,-670],[194,-826],[-115,-351],[-224,-358],[127,-452],[-6,-351],[-60,-467],[48,-219],[12,-319],[6,-343],[91,-249],[200,-117],[205,-125],[134,-187],[121,-195],[103,-420],[163,-258],[127,-155],[278,-164],[230,-78],[230,-31],[527,-47],[248,-78],[260,-327],[297,-421],[224,-538],[187,-646],[291,-1333],[79,-226],[127,-241],[496,-561],[242,-359],[212,-576],[339,-1403],[109,-273],[321,-795],[332,-522],[327,-420],[115,-94],[557,-413],[1277,-943],[170,-109],[472,-319],[78,-55],[1144,-779],[672,-592],[0,-8],[327,-288],[230,-226],[774,-772],[273,-273],[206,-272],[42,-141],[36,-1044],[31,-265],[84,-475],[230,-561],[85,-179],[321,-476],[484,-467],[696,-546],[194,-148],[635,-296],[630,-210],[986,-218],[726,-141],[684,0],[194,16],[877,179],[515,109],[829,164],[527,31],[786,-93],[242,-86],[224,-86],[218,-148],[829,-709],[200,-195],[987,-982],[1313,-1246],[36,-133],[73,-709],[67,-709],[54,-210],[121,-491],[24,-86],[182,-499],[206,-350],[460,-8],[296,23],[188,211],[103,241],[115,265],[254,195],[290,-172],[140,-265],[0,-233],[-25,-273],[55,-382],[127,-187],[218,-140],[345,140],[260,-86],[163,-124],[164,-320],[91,-202],[205,-195],[230,-8],[170,-101],[224,-31],[175,179],[351,195],[267,-94],[127,-39],[272,86],[242,187],[127,101],[291,94],[181,-39],[218,-31],[236,-55],[254,-78],[230,101],[194,24],[242,-55],[133,-202],[55,-343],[-6,-265],[-6,-250],[-6,-257],[163,-39],[230,-31],[176,-257],[90,-319],[-97,-460],[-254,-109],[-236,148],[-212,-203],[212,-366],[43,-312],[42,-265],[182,-335],[254,-31],[199,31],[170,-343],[0,-272],[-103,-374],[-351,15],[-109,-382],[157,-226],[97,-428],[309,-148],[109,140],[321,125],[260,-117],[115,-140],[169,-258],[182,-218],[200,-15],[121,319],[-91,335],[-133,265],[-188,351],[-91,366],[133,195],[370,234],[333,148],[266,124],[200,-272],[139,-180],[139,-327],[-85,-241],[-84,-320],[-152,-351],[345,-218],[254,0],[188,172],[176,124],[242,187],[163,141],[309,85],[327,-132],[193,-234],[12,-335],[-72,-234],[96,-265],[279,-31],[248,-117],[206,-311],[24,-343],[-224,-195],[-139,-242],[-12,-327],[97,-164],[157,-218],[200,-195],[169,-124],[158,-296],[-43,-226],[6,-296],[67,-289],[97,-343],[-242,-241],[-188,47],[-254,-24],[-218,-117],[-236,55],[-267,-304],[13,-242],[96,-296],[6,-327],[-102,-249],[-249,-265],[-115,-413],[134,-444],[139,-413],[54,-164],[248,-234],[243,187],[102,156],[279,-164],[151,-171],[157,-203],[321,-54],[254,86],[109,-452],[-42,-468],[-121,-288],[-30,-366],[133,-265],[200,-94],[205,-8],[218,257],[61,211],[224,218],[212,-78],[290,39],[157,-296],[31,-257],[284,-273],[254,31],[194,47],[248,8],[224,-117],[103,-156],[30,-312],[79,-179],[224,-210],[103,-273],[18,-296],[103,-210],[248,-55],[187,-47],[297,-163],[194,-8],[224,-31],[284,-63],[212,-93],[290,0],[309,-156],[254,-86],[43,-327],[-12,-226],[-43,-312],[-66,-226],[133,-358],[121,-281],[85,-218],[133,-265],[181,-179],[267,-210],[169,-164],[254,-273],[206,-78],[260,-93],[327,179],[327,218],[242,-8],[290,-101],[467,-15],[229,0],[212,101],[406,241],[375,203],[224,117],[351,148],[248,70],[242,203],[194,-117],[-24,-343],[-242,-140],[-152,-242],[255,-366],[115,-304],[217,-358],[273,-94],[181,-234],[224,78],[321,-78],[121,-202],[272,-312],[140,-257],[12,-374],[-85,-273],[-200,-382],[-42,-350],[-18,-507],[72,-366],[73,-257],[73,-382],[48,-312],[248,-39],[200,-47],[181,-101],[170,-187],[109,-195],[72,-350],[85,-561],[97,-359],[73,-202],[24,-445],[36,-296],[139,-319],[412,-444],[260,-343],[170,-304],[109,-195],[260,-47],[230,-31],[187,-117],[158,-140],[151,-242],[-60,-436],[72,-280],[-6,-335],[30,-297],[115,-280],[103,-265],[140,-226],[351,-421],[151,-280],[91,-304],[103,-328],[230,-350],[42,-70],[472,-538],[163,-179],[370,-421],[151,-171],[187,-203],[91,-171],[61,-297],[-30,-257],[-85,-319],[-109,-288],[-188,-382],[-230,-1099],[-109,-343],[-175,-319],[-30,-335],[-37,-429],[-193,-413],[-140,-234],[-363,-156],[-321,-39],[-290,-202],[6,-288],[-278,-110],[-43,-475],[30,-257],[43,-405],[109,-296],[139,-172],[266,-319],[248,-39],[218,-86],[315,-156],[67,-366],[-134,-148],[-236,-156],[-230,-148],[-326,-195],[-261,-140],[-218,-179],[-236,-351],[25,-428],[175,-382],[188,-148],[296,-63],[200,-62],[321,-39],[194,-23],[272,-109],[157,-47],[321,-70],[230,-125],[121,-125],[309,-280],[169,-211],[67,-288],[-133,-241],[-91,-172],[-73,-335],[30,-242],[55,-335],[109,-218],[-30,-335],[18,-428],[333,-110],[175,-155],[97,-211],[230,-382],[36,-444],[79,-428],[230,-374],[309,-133],[102,-304],[37,-374],[-115,-195],[-279,-124],[6,-320],[67,-311],[-200,-421],[-36,-468],[345,-117],[127,-366],[-303,-234],[-157,-194],[-327,-187],[-163,85],[-236,-249],[169,-288],[339,-180],[182,-171],[-170,-413],[-169,125],[-254,226],[-212,7],[-176,-218],[0,-311],[212,-359],[260,-93],[279,-86],[24,-390],[-260,-195],[-115,-179],[-285,-47],[-139,117],[-175,281],[-358,-31],[-175,-141],[42,-342],[73,-172],[248,-109],[176,-397],[-255,-148],[-157,-24],[-254,0],[-279,-171],[224,-398],[140,-117],[236,-46],[139,-390],[-133,-358],[42,-242],[242,-335],[266,-179],[243,-257],[193,-187],[254,171],[297,179],[109,-257],[169,-304],[309,-241],[236,-117],[291,257],[314,171],[182,133],[236,-125],[224,-156],[218,-366],[-121,-202],[-25,-343],[321,-242],[206,-86],[254,-62],[182,-164],[302,-288],[309,203],[188,249],[242,-8],[175,78],[363,-8],[61,-366],[-97,-226],[103,-382],[-24,-304],[-79,-264],[55,-452],[211,-71],[85,-280],[97,-366],[42,-296],[-139,-242],[-24,-288],[-6,-304],[-109,-218],[-248,-374],[-206,-141],[-188,-140],[-30,-413],[242,-164],[121,-132],[139,-499],[85,-265],[224,-280],[272,-102],[176,-46],[345,0],[12,-476],[339,-179],[169,179],[279,-210],[-49,-351],[-163,-350],[36,-335],[351,-39],[200,194],[339,110],[248,-195],[285,202],[339,-23],[102,-265],[43,-280],[-18,-265],[193,-351],[170,-133],[157,-225],[24,-382],[182,-156],[157,-390],[236,-241],[339,-8],[182,-296],[-279,-203],[-54,-444],[357,55],[242,311],[260,-62],[242,-195],[243,8],[272,-94],[103,-187],[236,-85],[321,-78],[308,-141],[194,-303],[236,-273],[0,-437],[-127,-101],[12,-436],[133,-296],[133,-429],[206,-195],[248,-272],[-36,-265],[115,-219],[181,-116],[164,-320],[187,-62],[182,272],[54,484],[224,-94],[188,-390],[363,-85],[224,-265],[170,-390],[217,-47],[218,-46],[224,132],[327,-31],[327,132],[163,406],[261,117],[332,7],[212,156],[236,47],[188,93],[139,172],[279,132],[363,0],[266,-148],[12,-561],[272,-8],[364,94],[121,249],[42,328],[212,163],[308,-70],[115,-117],[285,148],[212,24],[351,62],[272,-242],[151,-358],[134,-444],[72,-327],[242,15],[79,390],[309,148],[217,109],[333,47],[164,-78],[339,-218],[54,-336],[103,-202],[-254,-577],[-218,-319],[-103,-195],[12,-351],[49,-405],[12,-296],[-242,-218],[-134,358],[-230,-23],[-199,140],[-369,-15],[-164,-156],[-163,-367],[199,-272],[315,-203],[218,-39],[176,-288],[-55,-343],[-24,-304],[-351,-62],[-236,257],[-273,39],[-236,-125],[-139,-70],[18,-421],[261,-319],[199,-312],[-181,-405],[-285,-8],[-357,0],[-139,-280],[-109,-211],[-254,-218],[206,-327],[357,109],[212,-86],[278,-257],[139,-288],[-30,-304],[-145,-343],[-261,-31],[-217,132],[-140,78],[-290,78],[-291,-156],[-369,0],[-193,164],[-109,187],[6,405],[-91,242],[-266,78],[-224,-141],[-6,-467],[223,-335],[-139,-367],[-193,-85],[-327,-164],[-291,-288],[-109,-265],[-193,-242],[-200,-366],[266,-132],[182,7],[308,55],[327,-187],[127,-366],[49,-351],[181,-210],[218,-406],[-181,-303],[-115,-125],[-182,-211],[-121,-202],[-73,-242],[19,-436],[-37,-249],[218,-374],[24,-297],[-290,-272],[-145,156],[-176,140],[-315,202],[-236,-140],[-236,-280],[-224,-172],[-115,-148],[-66,-351],[181,-194],[188,-102],[176,-342],[36,-273],[-115,-405],[-121,-242],[-266,-203],[-255,-241],[55,-390],[169,-31],[267,23],[187,141],[200,70],[266,-203],[133,-54],[182,-320],[-121,-304],[-139,-210],[-188,-265],[-145,-218],[-67,-452],[-248,-296],[-127,428],[-278,257],[-170,-303],[-12,-382],[-18,-296],[-369,-109],[-230,-258],[97,-327],[30,-241],[36,-289],[-206,-374],[-12,-421],[12,-413],[121,-218],[224,-179],[230,-226],[194,-109],[290,93],[230,195],[13,289],[-273,272],[-169,203],[169,296],[115,171],[91,265],[30,211],[206,218],[182,-39],[290,-70],[24,-405],[218,-203],[218,265],[260,-78],[103,-171],[37,-320],[-13,-319],[-54,-468],[-12,-249],[12,-359],[60,-179],[273,-218],[151,-242],[-145,-280],[-254,-55],[-164,-39],[-145,-405],[297,-234],[115,-265],[157,-451],[-91,-336],[145,-389],[182,31],[206,-62],[320,-78],[218,-226],[279,-265],[218,-117],[-49,-390],[49,-467],[308,163],[285,-109],[169,-327],[-42,-195],[30,-319],[315,-55],[260,78],[-97,382],[-145,195],[133,358],[254,-140],[140,-78],[351,86],[320,-117],[-48,-335],[-127,-133],[-242,0],[-121,-272],[272,-281],[278,179],[182,-15],[303,-31],[363,-47],[272,39],[170,-148],[115,-367],[-212,-249],[-212,31],[-248,133],[-333,15],[-194,-187],[-30,-218],[121,-389],[67,-226],[-79,-374],[-97,-234],[-236,-195],[-182,16],[-217,210],[-73,210],[-309,289],[-133,-413],[6,-421],[-109,-288],[85,-398],[194,-210],[96,-203],[-102,-343],[-188,-62],[-109,-366],[-103,-250],[-290,-93],[-321,8],[-157,-374],[60,-273],[42,-475],[-6,-320],[-84,-390],[-55,-319],[97,-273],[188,-117],[278,24],[91,-421],[284,-203],[339,-163],[-18,-273],[-266,-210],[-85,-390],[127,-187],[109,-421],[-54,-304],[-121,-280],[-61,-390],[278,-304],[146,-187],[-43,-413],[291,-148],[151,-257],[-163,-280],[72,-258],[103,-459],[236,-374],[242,-94],[315,86],[285,-164],[133,-366],[266,195],[91,218],[212,234],[205,93],[218,-101],[212,-86],[333,24],[145,257],[73,233],[66,312],[43,343],[339,195],[357,-16],[248,-101],[151,249],[-30,398],[-48,382],[163,288],[290,249],[158,195],[290,-78],[176,31],[284,47],[285,-226],[151,-179],[127,-179],[157,-242],[297,-304],[30,-288],[115,-234],[170,-382],[181,-179],[224,78],[194,-273],[36,-257],[0,-304],[73,-226],[-6,-350],[-170,-437],[43,-296],[66,-444],[12,-320],[79,-296],[85,-452],[-91,-288],[12,-351],[55,-389],[-212,-398],[-37,-288],[49,-242],[260,-225],[157,-234],[194,-187],[369,-63],[370,-54],[332,8],[303,-281],[85,-312],[284,94],[291,-8],[163,-62],[224,-117],[236,-117],[194,-304],[284,-78],[79,-397],[218,-16],[290,187],[182,390],[91,218],[254,140],[242,-335],[157,-218],[91,-218],[67,-273],[151,-171],[200,-141],[254,-132],[242,125],[182,-63],[151,-280],[145,-172],[242,16],[285,-140],[36,-421],[194,-148],[260,-31],[309,-47],[236,-156],[42,-444],[103,-312],[157,-343],[466,-514],[254,-312],[267,-140],[218,-101],[151,-117],[290,-16],[309,47],[218,78],[327,179],[302,-39],[303,-23],[236,62],[200,141],[448,397],[532,506],[285,164],[242,-39],[272,-15],[291,218],[102,319],[170,281],[206,195],[90,342],[-12,460],[357,-125],[261,-85],[236,-47],[199,0],[194,-8],[279,-8],[375,8],[200,-8],[199,-23],[194,-23],[236,-16],[230,86],[230,132],[363,117],[266,31],[285,0],[272,-23],[297,-31],[284,-39],[273,-31],[217,-16],[236,-16],[158,-7],[230,-8],[230,23],[272,86],[303,78],[157,-179],[218,-47],[230,54],[194,86],[248,78],[230,31],[236,-304],[0,-358],[218,-405],[145,-133],[321,-78],[363,78],[181,156],[140,242],[90,241],[73,242],[42,452],[31,280],[103,250],[290,428],[357,444],[266,219],[309,155],[291,32],[187,38],[327,149],[260,31],[273,-180],[920,-1106],[278,-226],[284,-195],[224,-101],[418,-109],[412,-31],[441,70],[394,179],[272,109],[678,343],[1017,600],[1089,717],[67,15],[30,8],[684,398],[490,280],[738,499],[448,179],[333,55],[950,23],[6,0],[957,156],[423,125],[1072,311],[992,172],[551,62],[956,47],[660,39],[532,-39],[460,-102],[261,-93],[230,-179],[236,-172],[224,-54],[363,-47],[236,-78],[1253,-787],[562,-429],[351,-264],[430,-328],[242,-257],[914,-1075],[1011,-1465],[345,-624],[339,-685],[339,-1115],[139,-436],[181,-865],[61,-241],[163,-616],[121,-631],[0,-966],[-60,-593],[-163,-623],[-55,-273],[-42,-304],[-18,-218],[84,-358],[176,-296],[1186,-1551],[284,-312],[1247,-1176],[1065,-873],[848,-850],[1392,-1340],[514,-623],[1174,-1473],[793,-795],[527,-514],[732,-818],[853,-990],[757,-802],[514,-585],[140,-140],[2124,-2112],[6,-8],[7087,-7044],[291,16],[345,-226],[90,-265],[115,-234],[182,-156],[290,47],[200,-132],[145,-390],[-54,-343],[18,-265],[-254,-366],[-48,-475],[181,-328],[176,-93],[248,-187],[272,0],[242,-304],[248,-335],[212,-140],[291,-133],[363,-78],[78,-351],[-6,-280],[67,-304],[163,-234],[218,-187],[170,16],[145,-413],[91,-304],[-6,-312],[260,-210],[291,-140],[236,-281],[242,-327],[187,-359],[91,-374],[115,-475],[151,-257],[563,-639],[890,-803],[1707,-1706],[1059,-881],[1119,-787],[1429,-1169],[1900,-1254],[841,-475],[1798,-507],[593,-288],[872,-624],[447,-467],[182,-195],[835,-1239],[442,-748],[599,-1122],[684,-1644],[315,-772],[151,-452],[194,-296],[538,-647],[-1010,-311],[-660,-296],[-539,-382],[-429,-359],[-188,-101],[-206,-54],[-314,-63],[-345,16],[-442,109],[-43,15],[-351,24],[-278,23],[-514,-70],[-696,-148],[-376,-86],[-327,-156],[-217,-226],[-170,-288],[-103,-366],[-66,-881],[-91,-904],[-854,-3264],[-320,-951],[-315,-600],[-194,-429],[-60,-304],[-49,-483],[43,-506],[520,-2237],[188,-514],[236,-436],[181,-351],[97,-226],[115,-467],[-84,-460],[36,-374],[115,-125],[181,-390],[249,-249],[72,-444],[-66,-429],[84,-296],[73,-233],[-85,-413],[-36,-297],[-61,-358],[-78,-343],[248,-195],[-24,-382],[30,-280],[200,-257],[278,-39],[109,-382],[85,-304],[115,-351],[48,-288],[200,-319],[73,-180],[54,-311],[175,-164],[291,-86],[67,-311],[-19,-242],[-96,-265],[42,-257],[-145,-343],[0,-265],[-133,-319],[-230,-312],[-140,-351],[85,-280],[24,-296],[176,-265],[48,-413],[91,-187],[-30,-304],[72,-265],[194,-327],[-218,-273],[170,-343],[54,-257],[-6,-452],[-169,-109],[-200,-257],[121,-273],[206,-288],[127,-265],[91,-281],[-37,-226],[-97,-280],[-163,-140],[-182,-141],[-230,-241],[-24,-359],[-91,-210],[-66,-405],[175,-374],[-24,-351],[170,-273],[260,-343],[-194,-389],[-181,-250],[84,-358],[97,-148],[-12,-366],[49,-234],[-13,-335],[-66,-281],[-43,-249],[-48,-234],[-6,-319],[-24,-250],[-109,-265],[-164,-132],[-115,-405],[-84,-437],[-212,-210],[-170,-86],[-175,-179],[-230,-148],[-67,-382],[-242,0],[-157,-93],[-6,-374],[30,-226],[-194,-265],[-199,-47],[-279,-101],[-242,-289],[-169,-249],[-145,-265],[-85,-296],[-12,-195],[66,-919],[24,-320],[37,-475],[6,-288],[24,-359],[-151,-405],[-224,-234],[-424,-592],[-103,-288],[-12,-195],[-6,-460],[109,-304],[176,-140],[308,-70],[260,47],[188,78],[484,296],[91,39],[1217,561],[6,7],[478,164],[520,171],[775,312],[1053,382],[218,55],[254,39],[333,0],[1337,-16],[703,-39],[538,-94],[218,-46],[242,-55],[242,-31],[497,-78],[90,-16],[466,-62],[67,-8],[327,-78],[1616,-483],[127,-39],[883,-265],[539,-171],[508,-164],[630,-187],[224,-70],[212,-70],[2136,-787],[1422,-514],[1277,-491],[121,-55],[1689,-771],[1011,-421],[544,-265],[1417,-686],[417,-233],[218,-125],[1350,-655],[653,-350],[303,-148],[1543,-772],[666,-241],[291,-109],[36,-273],[-55,-234],[49,-273],[-18,-381],[-91,-242],[-97,-390],[-6,-459],[0,-600],[-12,-437],[-6,-343],[115,-350],[121,-304],[242,-359],[91,-218],[272,-93],[121,-187],[103,-242],[-200,-358],[-127,-273],[-6,-288],[-36,-444],[121,-312],[109,-211],[296,-163],[109,-164],[176,-226],[260,-358],[-91,-390],[-90,-296],[-73,-203],[-115,-381],[-36,-187],[-79,-297],[-127,-288],[-109,-148],[-176,-390],[-36,-296],[-351,-529],[-230,-242],[24,-413],[61,-265],[24,-281],[145,-163],[133,-218],[79,-265],[18,-296],[37,-226],[-13,-413],[-42,-226],[-18,-343],[127,-195],[297,-156],[193,-179],[152,-148],[290,-148],[369,-125],[285,-70],[266,-23],[291,31],[1222,265],[1265,226],[1132,-55],[66,0],[1199,-47],[859,94],[1465,335],[1077,257],[551,234],[351,140],[520,296],[267,172],[1458,1745],[539,772],[66,265],[19,1667],[6,39],[24,561],[72,390],[188,491],[79,171],[563,717],[387,343],[297,226],[986,756],[6,0],[1392,763],[823,491],[188,78],[865,351],[963,273],[193,77],[478,211],[224,101],[273,125],[780,350],[303,133],[91,78],[448,366],[218,265],[381,584],[545,920],[54,140],[418,1005],[326,873],[128,335],[550,1239],[236,413],[182,320],[91,163],[327,561],[260,273],[617,655],[315,-32],[242,32],[363,-125],[321,23],[145,-31],[236,-156],[164,-117],[332,-179],[134,-39],[284,-47],[242,-187],[115,-358],[133,-405],[121,-288],[103,-133],[194,-210],[187,-250],[61,-343],[194,-179],[260,-249],[296,-265],[243,-210],[157,54],[212,-366],[-37,-507],[-30,-475],[-6,-390],[230,-155],[176,-24],[345,-39],[187,-163],[-12,-406],[-24,-514],[230,-101],[266,-257],[176,-24],[236,-148],[84,-249],[121,-234],[152,-234],[163,-327],[194,-78],[278,117],[242,148],[1259,-1738],[97,-116],[351,-421],[145,-211],[787,-1106],[309,-265],[454,-273],[968,-483],[908,-397],[85,-39],[417,-63],[678,31],[781,39],[1422,71],[956,39],[1296,62],[841,23],[151,8],[654,-31],[417,-70],[146,-63],[532,-233],[357,-133],[230,-93],[152,-39]],[[182941,680866],[-61,1309],[-24,312],[-24,203],[-6349,-2728],[-1483,-639],[-1289,-382],[-193,195],[-249,257],[-199,211],[-37,374],[-72,249],[-103,405],[48,328],[-72,280],[-85,351],[36,421],[-339,62],[-211,405],[-19,179],[182,273],[327,140],[133,219],[-91,327],[-175,257],[133,390],[0,444],[-267,8],[-320,-234],[-291,311],[-278,320],[-55,304],[37,296],[-218,288],[-345,-93],[-260,85],[-49,382],[-333,172],[-193,272],[-218,359],[-164,421],[-97,350],[-242,109],[-230,86],[-363,16],[-242,179],[-181,148],[-273,16],[-103,148],[-133,296],[-357,163],[-266,-54],[-200,101],[-127,195],[-369,54],[-279,-85],[-230,47],[-187,210],[-164,327],[19,257],[-55,320],[-218,327],[-260,265],[-224,164],[-24,327],[-18,280],[-224,297],[-188,0],[-327,171],[-212,312],[-260,132],[-278,-280],[-230,-258],[-375,0],[-303,-116],[-266,-148],[-206,-211],[-18,-452],[-103,-382],[-109,-413],[-145,-226],[-109,-327],[-18,-460],[-315,-802],[-91,-351],[-242,-234],[-254,78],[-321,-654],[-182,226],[-217,327],[-230,226],[-206,86],[-206,-39],[-303,-296],[-308,233],[-133,180],[-176,265],[-133,319],[-79,249],[-218,125],[-211,-39],[-212,156],[-103,242],[-339,218],[-121,-180],[-260,-116],[-236,7],[-273,320],[-296,163],[-242,39],[-224,8],[-261,31],[-193,289],[-273,304],[-224,7],[-169,63],[-291,93],[-242,24],[-345,93],[-211,39],[-182,62],[-272,102],[-230,70],[-230,39],[-345,70],[-261,31],[-326,-241],[-321,-289],[-297,-187],[-266,-124],[-375,109],[-811,-78],[-133,-1122],[-170,-1559],[-66,-989],[-6,-1169],[54,-881],[18,-358],[115,-1185],[139,-896],[261,-927],[375,-1083],[194,-740],[193,-538],[266,-639],[109,-374],[55,-257],[60,-289],[91,-335],[170,-459],[18,-55],[557,-1216],[121,-187],[133,-374],[1277,-4262],[309,-1029],[-146,-116],[-550,-437],[-327,-62],[-212,47],[-454,-180],[-1453,-576],[-3322,-3250],[-3002,-1207],[-2536,-1715],[-962,-662],[-67,-39],[-1695,-1153],[-260,31],[-2378,288],[-2766,748],[-12,0],[-400,47],[-817,94],[-206,-117],[-121,-156],[-345,-172],[-272,47],[-194,94],[-254,62],[-169,70],[-315,78],[-502,148],[-321,47],[-272,-24],[-255,-311],[-151,-8],[-823,23],[-194,-155],[-296,-117],[-236,-8],[-333,-187],[-315,-156],[-611,16],[-230,54],[-182,78],[-230,148],[-175,140],[-230,180],[-200,148],[-254,124],[-339,234],[-194,78],[-236,101],[-315,172],[-223,109],[-339,163],[-273,250],[-151,163],[-345,156],[-206,-156],[-266,-210],[-303,-242],[-193,-54],[-200,171],[-127,219],[-164,241],[-290,211],[-266,-47],[-206,140],[-279,86],[-211,8],[-309,272],[-369,187],[-357,-31],[-188,179],[-206,109],[-260,16],[-175,39],[-261,164],[-278,257],[-260,436],[-176,133],[-284,124],[-188,31],[-357,-140],[-230,16],[-139,-211],[-260,-54],[-908,-257],[-206,-109],[-182,-78],[-212,-63],[-199,-39],[-182,-31],[-351,-140],[-315,-148],[-199,-86],[-230,-109],[-158,94],[-242,0],[-248,15],[-381,-8],[-3341,1964],[-853,-39],[-1998,-86],[-296,-39],[-242,-109],[-835,-210],[-594,280],[-2354,624],[-2953,787],[-315,210],[-242,172],[-145,163],[-212,179],[-133,133],[-394,-164],[-260,24],[-412,296],[-635,491],[-539,421],[-66,85],[-242,312],[-67,428],[-194,297],[-175,280],[-272,-171],[-345,46],[-170,24],[-266,62],[-351,94],[-309,62],[-357,-39],[-242,-242],[-200,125],[-157,172],[-339,-8],[-248,265],[-200,327],[-188,179],[-272,289],[-103,381],[-254,273],[-291,-109],[-127,-164],[-218,-93],[-344,93],[-182,-163],[-248,163],[30,281],[-79,249],[-248,335],[-181,328],[-85,311],[-170,125],[-133,273],[-224,31],[-296,117],[-145,93],[-236,-8],[-164,-62],[-169,-202],[-291,-78],[-296,-125],[-188,-94],[-248,-31],[-206,-15],[-321,-117],[-272,-8],[-121,-218],[-266,62],[-309,-31],[-176,-164],[-248,-93],[-266,-289],[-351,-171],[-284,8],[-200,-16],[-212,-140],[-266,-117],[-164,-125],[-193,-358],[90,-195],[121,-389],[49,-476],[24,-452],[-169,-148],[-224,133],[-303,-218],[-200,-125],[-296,-172],[-79,-303],[-242,-328],[-260,94],[-206,-187],[-79,-242],[-169,-187],[-242,24],[-267,-195],[-181,-250],[-200,-335],[-103,-241],[12,-242],[-236,-358],[-260,78],[-303,-148],[-187,-148],[-158,-172],[55,-366],[175,-335],[-78,-366],[-218,23],[-109,-343],[-278,-335],[-25,-429],[67,-381],[-121,-289],[-97,-397],[-194,-101],[-169,-203],[6,-249],[-272,-195],[-176,39],[-248,0],[-272,-218],[-134,-296],[-24,-437],[-260,-171],[-79,-343],[158,-288],[133,-390],[260,-171],[-91,-421],[-260,-343],[-42,-390],[-273,-233],[-199,-195],[-224,109],[-279,-226],[-236,-203],[-72,-319],[-146,-94],[-296,-31],[-158,226],[-363,-70],[-272,-281],[-309,-124],[-205,171],[-230,62],[-164,-15],[-254,-172],[-218,-77],[-73,-281],[79,-468],[-121,-381],[85,-242],[260,-249],[236,-211],[218,-296],[30,-327],[-109,-288],[-181,-242],[-103,-304],[127,-319],[-279,-257],[-72,-398],[194,-140],[169,-187],[12,-351],[-296,-304],[-182,31],[-218,-85],[-254,-250],[-145,-405],[-182,-156],[-218,-163],[24,-405],[243,-312],[-333,-211],[-55,-397],[-85,-226],[-78,-319],[-91,-429],[-260,16],[-182,-133],[-79,-382],[-296,-62],[-309,-257],[-248,-86],[-188,94],[-236,-164],[-351,-55],[-230,-109],[-205,-156],[-321,-124],[-266,86],[-200,15],[-224,-39],[-176,-288],[-109,-250],[-357,-70],[-326,-101],[-200,-327],[-182,-94],[-218,8],[-278,23],[-266,172],[-291,-140],[-133,-195],[-260,-94],[-273,226],[-157,257],[-230,172],[-254,234],[-103,319],[115,281],[139,241],[18,257],[-90,320],[-200,54],[-230,94],[-315,234],[-284,-94],[-242,-195],[-152,172],[-236,31],[-218,-70],[-175,234],[-145,280],[-158,62],[-199,250],[-170,148],[-212,0],[-224,226],[-30,436],[-175,101],[-243,125],[-163,86],[-254,-140],[-158,-71],[-375,-23],[-351,78],[-151,273],[-139,459],[-170,258],[-163,70],[-224,101],[-188,429],[-78,288],[-43,226],[-139,343],[-127,226],[-200,304],[-230,272],[-151,172],[-309,47],[-115,7],[-260,-155],[-375,7],[-194,242],[61,421],[211,93],[49,421],[79,467],[181,343],[145,328],[115,436],[-187,335],[-321,140],[-176,211],[-266,109],[-175,-94],[-200,-132],[-139,-296],[-309,-47],[-169,31],[-224,86],[-121,163],[-333,-77],[-224,-398],[-121,-273],[-303,86],[-242,-62],[-218,-195],[-163,-23],[-236,54],[-212,-280],[-61,-359],[-224,-273],[-127,-140],[-96,-288],[-194,-55],[-212,-46],[-345,-32],[-182,24],[-229,-156],[-273,-320],[-127,-296],[-54,-288],[-267,-54],[-163,7],[-242,-31],[-194,-70],[-187,-273],[-115,-233],[-267,-265],[-169,-258],[-194,-93],[-345,31],[-290,-156],[0,-335],[36,-187],[6,-452],[-55,-257],[-48,-280],[-121,-328],[-218,-257],[-230,-101],[-308,-164],[-170,-187],[-182,-312],[-169,-38],[-236,38],[-351,164],[-266,-125],[-182,-101],[-133,-312],[-103,-296],[-73,-226],[-72,-389],[-109,-351],[-127,-156],[-61,-374],[-169,-93],[-1544,148],[-54,15],[-194,304],[-127,281],[-266,592],[-24,483],[-55,320],[-12,436],[-42,405],[-49,390],[-72,226],[-261,210],[-345,249],[-217,226],[-255,297],[-133,241],[-109,211],[-127,319],[-48,288],[-18,468],[48,389],[-91,304],[-145,234],[-163,296],[-19,304],[7,250],[-97,724],[-91,507],[-97,265],[-175,319],[-170,109],[-230,47],[-315,39],[-320,-16],[-448,-117],[-690,-428],[-944,-452],[-333,132],[-152,156],[-302,257],[-291,219],[-799,677],[-1307,1349],[-290,397],[-61,296],[-6,413],[-12,210],[-206,367],[-248,335],[-1089,1223],[-327,421],[-297,405],[-145,179],[-212,452],[-502,1037],[-151,249],[-121,109],[-261,70],[-345,-85],[-103,-32],[-278,-78],[-248,-101],[-170,-31],[-242,171],[-290,180],[-200,101],[-200,54],[-399,55],[-230,31],[-533,-31],[-278,-55],[-260,-85],[-315,-203],[-206,-265],[-206,-405],[-284,-826],[-61,-390],[6,-303],[-66,-375],[-145,-148],[-170,-155],[-206,-125],[-351,0],[-248,86],[-375,171],[-327,117],[-169,8],[-242,-47],[-460,-210],[-218,-281],[-73,-358],[-72,-351],[-122,-257],[-193,-218],[-303,-187],[-417,-16],[-333,94],[-273,226],[-351,-47],[-145,-374],[-163,-265],[-200,-164],[-248,-343],[-91,-132],[-194,-226],[-169,-195],[-291,-164],[-187,47],[-230,86],[-291,280],[-242,335],[-139,250],[-351,78],[-206,-16],[-308,-39],[-261,187],[-212,-54],[-193,-117],[-297,-47],[-544,16],[0,7],[-19,1169],[0,117],[-151,2314],[79,1052],[260,1325],[545,1862],[60,141],[841,1901],[115,390],[-42,381],[-224,398],[-242,179],[-436,226],[-1725,553],[-490,257],[-79,71],[-278,249],[-115,93],[-436,655],[-278,826],[-303,787],[-629,1699],[-206,350],[-545,639],[-339,398],[-647,818],[-454,880],[-248,639],[-79,336],[-42,444],[-37,288],[19,725],[103,436],[72,171],[230,374],[545,826],[393,873],[55,148],[218,943],[109,468],[139,1106],[18,327],[66,1060],[-12,86],[6,1714],[-48,522],[-24,242],[-109,1138],[-55,280],[-199,1083],[-43,444],[37,390],[139,1091],[375,2797],[12,203],[-333,3210],[-72,600],[-12,109],[-194,1013],[-133,702],[-866,2080],[-133,546],[-66,1496],[-339,1956],[-279,1722],[-411,1137],[-811,1598],[-206,615],[-145,2213],[42,1317],[36,1317],[-18,1902],[-72,865],[-448,2446],[-593,3257],[-824,2541],[-853,1862],[-284,982],[-164,467],[-103,624],[-12,389],[55,1029],[115,577],[157,709],[284,467],[327,444],[515,382],[351,164],[702,319],[72,55],[442,335],[24,23],[255,351],[145,218],[133,335],[115,483],[55,367],[-49,997],[-24,647],[-157,2314],[12,709],[78,538],[37,241],[103,359],[145,343],[103,421],[18,296],[24,436],[6,468],[-18,436],[18,273],[61,265],[72,272],[254,413],[424,561],[272,304],[182,203],[333,428],[97,320],[30,421],[36,265],[97,397],[42,397],[19,826],[66,203],[279,312],[641,779],[242,429],[127,280],[19,242],[-182,288],[-182,86],[-278,156],[-284,249],[-103,273],[242,335],[169,78],[115,296],[-181,709],[-127,397],[-61,437],[97,779],[-139,701],[12,234],[121,296],[847,670],[163,164],[73,366],[-79,319],[-193,421],[-55,187],[73,335],[248,164],[236,31],[357,-39],[36,-8],[1538,-241],[1380,-86],[441,-70],[134,-39],[472,-140],[296,-94],[230,-54],[327,-55],[194,-31],[296,31],[194,55],[218,210],[230,359],[254,319],[206,203],[212,155],[333,312],[230,351],[145,366],[133,748],[218,382],[248,93],[375,39],[248,102],[182,436],[-170,997],[-36,203],[-121,577],[-260,296],[-297,195],[-187,124],[-630,405],[-557,460],[-405,398],[-363,358],[-333,499],[-157,273],[-61,226],[-61,467],[31,818],[12,764],[-85,592],[-236,772]],[[14144,777787],[599,7],[569,55],[811,179],[557,257],[508,328],[363,225],[606,608],[1059,912],[877,997],[1072,803],[1023,475],[1252,312],[430,31],[218,-54],[181,-172],[333,-304],[267,-194],[302,-86],[321,47],[151,-265],[303,15],[67,-195],[157,-218],[151,-148],[158,-226],[363,-148],[103,-374],[326,-210],[255,-289],[205,78],[194,-117],[85,-241],[212,-94],[205,-350],[158,-444],[260,-172],[-30,-304],[-61,-397],[36,-289],[140,-374],[212,-264],[223,-94],[67,-319],[-12,-390],[-218,-31],[-284,-141],[-103,-374],[-254,-272],[-158,-281],[218,-397],[151,-343],[188,-171],[188,-94],[193,-281],[145,-257],[352,-70],[169,335],[254,-171],[127,-250],[273,-15],[308,-86],[182,-374],[24,-257],[188,-234],[236,78],[193,-62],[236,-16],[315,117],[194,382],[327,-218],[66,-328],[224,-62],[279,187],[284,288],[242,-23],[623,8],[255,23],[224,8],[242,117],[974,429],[1217,303],[811,312],[230,86],[345,-24],[538,-241],[260,-117],[2240,-1621],[1567,-1519],[1053,-702],[1035,-319],[836,-70],[756,62],[533,140],[575,242],[296,226],[551,436],[890,631],[1144,429],[1494,327],[2730,974],[1313,678],[1005,133],[4394,491],[2106,280],[2149,156],[1289,265],[484,93],[236,211],[18,319],[-127,974],[-272,1380],[-18,101],[-67,577],[48,833],[315,1426],[200,351],[133,179],[418,257],[690,289],[665,311],[170,156],[91,351],[108,452],[43,1628],[54,1107],[212,732],[291,468],[478,444],[454,397],[369,187],[254,-15],[847,-55],[751,-265],[448,-140],[393,70],[490,242],[539,467],[42,71],[478,748],[581,522],[1489,1246],[714,593],[25,319],[205,312],[249,54],[1876,-46],[502,-16],[151,39],[176,319],[-42,764],[-37,436],[170,390],[230,140],[442,148],[236,78],[242,257],[145,242],[145,366],[303,195],[557,234],[211,140],[291,390],[296,491],[152,436],[-49,296],[-109,179],[-1458,1076],[-593,615],[-176,304],[-48,172],[-49,342],[-127,476],[-24,163],[24,795],[-36,203],[-145,444],[-200,608],[-121,288],[-133,210],[-466,382],[-267,172],[-157,78],[-260,163],[-424,374],[-659,842],[-1386,2641],[230,258],[242,381],[151,304],[121,164],[218,234],[212,179],[308,312],[218,350],[236,102],[224,46],[242,343],[79,343],[6,507],[61,350],[60,242],[188,350],[139,219],[236,187],[424,-8],[593,109],[333,203],[54,70],[896,1239],[133,202],[169,203],[830,1325],[54,93],[684,826],[97,70],[563,398],[980,483],[981,413],[938,678],[248,288],[321,-16],[242,-132],[157,-94],[176,-187],[163,-257],[200,-265],[218,-109],[187,-86],[188,-264],[224,85],[308,242],[158,109],[139,249],[36,211],[6,280],[-66,265],[48,491],[139,327],[182,195],[230,203],[115,171],[272,101],[212,0],[309,-46],[320,15],[152,39],[242,179],[60,203],[128,281],[205,303],[230,359],[146,195],[157,226],[175,233],[357,219],[115,78],[321,85],[315,86],[133,39],[1005,125],[1458,-102],[388,31],[314,-116],[303,-211],[151,-101],[351,23],[503,226],[78,24],[442,78],[103,23],[369,-16],[279,-31],[115,-39],[429,-311],[581,-351],[412,-359],[405,-257],[309,-265],[321,-171],[551,-70],[714,-63],[423,-7],[315,117],[345,171],[303,203],[357,218],[169,101],[297,23],[206,-70],[169,-124],[242,-304],[133,-203],[79,-234],[139,-327],[79,-296],[181,-148],[224,-195],[182,-210],[230,-156],[424,-23],[248,38],[363,0],[278,-93],[261,101],[320,250],[218,288],[230,273],[194,381],[60,343],[103,639],[303,-62],[266,78],[218,31],[218,-226],[115,-413],[260,-148],[285,218],[332,156],[212,86],[170,78],[242,195],[115,202],[248,70],[212,8],[272,8],[206,-94],[315,-272],[218,-133],[205,-179],[206,-234],[127,-132],[133,-468],[309,-265],[339,-8],[224,32],[315,109],[211,-94],[357,-31],[218,117],[176,-8],[290,-117],[351,39],[218,-86],[297,71],[309,163],[169,125],[212,140],[30,351],[55,241],[127,359],[-19,436],[-6,288],[31,343],[127,390],[260,296],[303,-39],[181,218],[109,125],[230,234],[127,444],[67,390],[-12,428],[-12,312],[-55,327],[182,413],[121,382],[84,163],[115,265],[-24,406],[-175,319],[-109,273],[139,327],[248,156],[133,171],[248,-54],[212,-94],[230,187],[115,445],[218,194],[200,-7],[284,85],[182,78],[224,117],[187,156],[19,273],[-55,288],[176,195],[60,421],[218,187],[182,187],[224,54],[157,94],[230,171],[188,366],[193,70],[194,0],[260,211],[248,234],[182,-110],[345,195],[145,382],[188,242],[333,265],[145,171],[127,265],[42,319],[236,328],[152,109],[217,280],[327,258],[164,70],[248,304],[97,272],[224,234],[193,55],[273,163],[121,195],[-152,351],[-48,397],[357,133],[236,-86],[157,15],[309,211],[182,117],[254,241],[187,31],[230,-218],[152,-249],[206,-179],[211,-109],[218,-133],[236,-86],[285,109],[181,149],[224,155],[152,335],[90,219],[285,327],[175,187],[200,140],[472,288],[260,102],[176,109],[163,296],[164,164],[266,179],[194,93],[272,39],[351,102],[291,-8],[575,78],[1319,498],[3008,1598]],[[577044,795296],[49,-1816],[6,-1402],[-55,-858],[-199,-1340],[-55,-561],[-6,-218],[18,-1122],[43,-476],[42,-1067],[121,-2104],[12,-132],[43,-406],[169,-1698],[145,-1372],[49,-670],[91,-1254],[6,-47],[36,-499],[36,-351],[109,-607],[170,-733],[42,-164],[139,-412],[30,-78],[236,-507],[182,-288],[188,-211],[242,-194],[242,-172],[157,-78],[472,-117],[606,-70],[199,-78],[212,-343],[73,-249],[84,-405],[13,-226],[-134,-320],[-175,-132],[-460,-234],[-460,-195],[-309,-296],[-889,-444],[-394,-148],[-181,-148],[-521,-592],[-369,-764],[-605,-1099],[-551,-1013],[-327,-452],[-472,-475],[-720,-265],[-962,-358],[-1217,-328],[-67,-54],[-296,-366],[-248,-328],[-61,-272],[31,-304],[163,-320],[242,-132],[242,-172],[85,-226],[-43,-459],[-72,-600],[-236,-530],[-593,-811],[-1090,-903],[-1386,-951],[-1682,-1052],[-533,-398],[-242,-366],[-103,-343],[-66,-288],[6,-475],[97,-522],[133,-304],[78,-250],[-78,-397],[-533,-460],[-200,-421],[-24,-490],[73,-367],[181,-631],[382,-748],[472,-888],[526,-756],[763,-507],[702,-272],[212,-164],[133,-218],[85,-304],[181,-343],[151,-288],[122,-226],[145,-172],[181,-241],[103,-374],[224,-242],[164,-343],[-164,-311],[-151,-86],[-182,-203],[-66,-389],[6,-912],[-24,-304],[-121,-195],[-333,-249],[-73,-335],[194,-156],[42,-421],[85,-389],[-43,-234],[-102,-296],[6,-304],[-43,-226],[-109,-429],[-6,-288],[127,-390],[279,-93],[284,-288],[109,-289],[218,-233],[103,-234],[-55,-296],[-145,-219],[-36,-311],[-115,-265],[-176,-70],[-399,-133],[-170,-187],[-236,-576],[-163,-390],[0,-374],[91,-499],[187,-428],[261,-289],[544,-93],[485,70],[756,444],[357,203],[418,257],[1144,86],[623,-63],[1144,-584],[865,-351],[842,-210],[375,-218],[260,-351],[36,-413],[-24,-195],[-200,-241],[-199,-304],[-109,-203],[-121,-234],[-121,-319],[151,-429],[315,-117],[484,102],[551,46],[199,281],[91,429],[85,288],[85,343],[163,436],[242,109],[164,31],[332,187],[6,359],[333,117],[140,335],[-140,436],[67,312],[91,257],[308,132],[267,-93],[175,132],[430,102],[460,93],[1985,250],[272,23],[206,-156],[212,-15],[218,-125],[290,-265],[400,-421],[133,-125],[284,-264],[357,-336],[164,-155],[206,-164],[157,-31],[266,-70],[133,7],[285,16],[206,62],[181,109],[170,117],[290,39],[176,-15],[230,-55],[308,-93],[370,-195],[230,-179],[163,-156],[182,-203],[205,-273],[127,-187],[261,-132],[181,-101],[212,-133],[406,-265],[302,-210],[339,-218],[194,-304],[218,-382],[121,-249],[230,-406],[151,-218],[309,-156],[502,-288],[629,-319],[805,-452],[242,-117],[267,-47],[163,-70],[236,-140],[273,-148],[199,-133],[212,-218],[442,15],[224,24],[629,62],[91,-569],[12,-93],[109,-569],[18,-795],[6,-304],[-6,-405],[-36,-327],[24,-218],[115,-476],[73,-296],[66,-273],[37,-241],[66,-756],[37,-304],[127,-904],[36,-343],[48,-755],[55,-234],[121,-273],[103,-187],[151,-226],[194,-257],[581,-764],[3032,-3452],[393,-436],[485,-421],[2983,-2252],[1041,-740],[751,-429],[1041,-498],[2003,-959],[1095,-530],[6265,-2415],[2136,-756],[599,-164],[3426,-810],[992,-226],[4067,-694],[1132,-46],[1083,15],[1126,94],[309,54],[974,133],[1041,85],[1102,-15],[1386,-24],[1113,-101],[739,-31],[544,-23],[1368,-102],[3020,-382],[254,-288],[309,-257],[230,-140],[230,-109],[315,-70],[339,-32],[314,24],[908,54],[327,-15],[327,-31],[315,-86],[339,-117],[284,-140],[321,-195],[302,-281],[255,-366],[623,-912],[157,-218],[654,-810],[835,-998],[351,-420],[375,-437],[370,-389],[357,-320],[442,-335],[272,-164],[436,-241],[466,-210],[242,-78],[224,-55],[1380,-195],[1682,-171],[2209,-63],[2058,-54],[1670,-39],[975,-203]],[[666158,636061],[-279,-180],[-272,-233],[-55,-273],[-12,-398],[-145,-288],[-200,-8],[-738,390],[-200,31],[-260,-358],[42,-351],[394,-234],[36,-444],[-121,-187],[-176,-218],[-181,-281],[-212,-257],[-381,0],[-260,148],[-200,359],[-49,319],[25,366],[-170,413],[-278,-101],[-121,-132],[-297,-24],[-194,117],[-490,273],[-284,62],[-230,-109],[-121,-428],[-12,-1255],[-303,-140],[-212,62],[-1041,242],[-327,-71],[-199,-233],[-12,-405],[115,-304],[242,-258],[357,-249],[708,-249],[278,-179],[91,-445],[-127,-405],[-248,-226],[-182,-179],[-139,-218],[-30,-429],[30,-319],[48,-476],[134,-459],[284,-515],[272,-545],[109,-468],[-6,-389],[-90,-312],[-91,-148],[-230,-203],[-309,-202],[-145,-296],[-55,-281],[-12,-350],[0,-702],[-24,-304],[-79,-522],[-139,-335],[-181,-273],[-291,-288],[-490,-436],[-406,-281],[-187,-218],[-158,-413],[-96,-288],[-128,-203],[-242,-156],[-435,-148],[-424,-124],[-163,-63],[-327,-62],[-261,-94],[-326,-210],[-212,-195],[-388,-467],[-411,-507],[-224,-389],[-97,-328],[-175,-646],[133,-265],[399,-55],[212,-405],[-272,-320],[-200,-23],[-291,218],[-278,109],[-194,-187],[-133,-117],[-248,-124],[-254,-180],[0,-233],[54,-312],[103,-164],[188,-272],[85,-764],[30,-436],[-6,-343],[-170,-351],[-96,-499],[-67,-202],[-321,-133],[-272,78],[-188,-304],[97,-257],[272,-405],[97,-343],[49,-148],[260,-483],[79,-351],[-236,-350],[-230,-102],[-103,-459],[-25,-211],[-163,-662],[-115,-218],[-91,-242],[-175,-623],[-55,-195],[-218,-249],[-381,-24],[-296,133],[-236,124],[-261,-101],[-193,-171],[-121,-141],[-164,-194],[-212,-226],[-169,-148],[-182,-164],[-205,-172],[-200,-93],[-176,-55],[-230,-39],[-205,16],[-291,148],[-176,249],[55,959],[0,241],[-236,226],[-224,16],[-236,70],[-636,140],[-254,125],[-236,374],[-84,226],[-152,413],[-169,421],[-382,-70],[-60,-296],[-91,-281],[-296,-171],[-236,140],[-79,195],[-133,327],[-200,78],[-266,-78],[-357,-171],[12,-445],[218,-31],[139,-428],[-152,-141],[-217,-296],[-115,-226],[-212,-389],[-297,-468],[-121,-163],[-254,-219],[-266,-54],[-206,156],[-321,140],[-272,-249],[-176,-172],[-205,-241],[-358,-47],[-266,-70],[-212,-195],[-224,-288],[-103,-250],[-199,-311],[-248,132],[24,491],[169,397],[-175,304],[-260,-117],[-97,-405],[-291,62],[-97,297],[-12,311],[-314,0],[-158,-241],[-193,-413],[96,-218],[236,-304],[121,-70],[-66,-429],[-188,-8],[-169,-397],[133,-172],[121,-202],[36,-405],[-308,-273],[-357,93],[-49,328],[-54,249],[-242,148],[-303,-218],[18,-437],[206,-327],[284,-241],[61,-328],[-139,-444],[-230,70],[-285,148],[-206,102],[-375,78],[-218,-265],[-97,-452],[188,-281],[79,-234],[-254,-288],[-230,117],[-321,-226],[72,-358],[37,-187],[-49,-406],[-230,-23],[-254,-359],[-230,-225],[-200,-336],[-96,-405],[-339,-109],[-133,-257],[-97,-171],[-297,31],[-85,343],[-193,218],[-248,-94],[-255,312],[79,280],[176,328],[36,273],[-176,288],[-139,156],[-6,358],[-333,47],[-139,-47],[-327,320],[-121,140],[-206,234],[-163,202],[-182,140],[-254,0],[-206,-54],[-211,-55],[-236,-85],[-194,-265],[-61,-265],[-72,-304],[-375,-31],[-176,335],[-381,8],[-109,-273],[157,-452],[164,-273],[96,-234],[146,-397],[78,-296],[-72,-226],[-139,-281],[-333,-210],[-285,171],[-260,117],[-363,86],[-224,117],[-115,265],[-254,351],[-188,101],[-333,101],[-230,-54],[-145,-281],[-194,-148],[-290,-31],[-176,-16],[-212,31],[-278,172],[-194,-288],[49,-203],[42,-327],[-212,-304],[-248,-24],[-248,359],[-18,350],[-206,336],[-351,-156],[-91,-296],[-320,-94],[-249,-23],[-224,-8],[-338,-47],[-109,-343],[260,-218],[206,-132],[96,-281],[-290,-226],[-303,24],[-84,202],[-351,133],[-218,-226],[-242,-156],[-212,-63],[-158,-272],[188,-374],[321,-32],[266,-54],[200,-351],[85,-319],[-121,-203],[-176,-171],[-115,-218],[-260,-187],[-121,54],[-139,312],[66,179],[-284,257],[-333,-47],[-158,-171],[79,-327],[297,-187],[-6,-390],[-321,23],[-188,-7],[-181,-195],[-376,47],[-193,-304],[-194,-515],[12,-233],[-139,-312],[-170,-351],[-236,-249],[-236,-86],[-199,-70],[-224,78],[-333,101],[-279,-163],[25,-312],[103,-226],[169,-257],[73,-140],[-67,-382],[-242,70],[-242,62],[-206,-46],[-339,62],[-157,319],[-79,335],[-321,125],[-187,-156],[-321,-156],[-266,-7],[-158,46],[-278,172],[-176,101],[-284,8],[-145,-226],[36,-444],[36,-312],[134,-366],[260,-273],[254,-164],[169,-116],[128,-367],[-49,-288],[-79,-280],[-320,-265],[-152,116],[-199,250],[-73,148],[-139,288],[-115,195],[-248,226],[-170,132],[-206,133],[-345,-62],[-145,-273],[30,-257],[182,-273],[260,-304],[139,-273],[37,-202],[-91,-335],[-230,-102],[-345,203],[-303,132],[-284,63],[-163,8],[-321,-86],[-188,-172],[-66,-257],[127,-257],[272,-257],[151,-218],[-115,-351],[-218,-62],[-260,124],[-260,47],[-345,-47],[-169,-38],[-230,-117],[-164,-148],[-42,-343],[97,-413],[-291,-304],[-442,86],[-266,-78],[-272,-304],[-146,-320],[-96,-327],[60,-358],[212,-359],[224,0],[266,351],[206,156],[351,-125],[206,-281],[230,-194],[339,-24],[272,-132],[97,-476],[6,-241],[12,-359],[-115,-413],[-278,-218],[-364,94],[-211,124],[-345,109],[-249,-77],[-175,-304],[-12,-250],[85,-350],[211,-390],[121,-257],[91,-351],[-12,-296],[-145,-397],[-133,-156],[-224,-55],[-200,328],[-145,444],[-321,257],[-200,-234],[0,-234],[25,-366],[18,-226],[12,-327],[-79,-249],[-194,-273],[-157,-94],[-309,47],[-266,140],[-278,125],[-309,132],[-242,78],[-303,-46],[-103,-219],[-36,-335],[-60,-233],[-357,-117],[-279,156],[-339,202],[-248,8],[-188,-55],[-211,-155],[-152,-187],[-127,-211],[-115,-179],[-345,-514],[-163,-265],[-121,-273],[-36,-468],[84,-280],[109,-187],[170,-296],[84,-218],[61,-429],[-12,-288],[-109,-460],[-127,-234],[-188,-195],[-309,-116],[-411,46],[-212,-62],[-157,-273],[42,-288],[200,-390],[-115,-444],[-321,-54],[-363,249],[-266,132],[-279,164],[-308,210],[-230,102],[-170,-31],[-302,-172],[-243,-101],[-284,31],[-103,452],[115,390],[48,452],[-199,202],[-260,55],[-273,39],[-345,23],[-302,8],[-267,-8],[-302,-16],[-224,-15],[-267,-16],[-272,-62],[-351,-172],[-206,-163],[-139,-101],[-230,-39],[-157,15],[-242,-93],[-249,-382],[-30,-382],[-163,-312],[-151,-109],[-249,-124],[-308,-117],[-194,-78],[-266,-47],[-206,-8],[-224,24],[-363,23],[-218,-23],[-260,-110],[-145,-124],[-67,-335],[163,-203],[134,-140],[96,-296],[-36,-444],[-36,-437],[-158,-444],[-218,-171],[-302,-148],[-194,-78],[-212,-156],[-103,-374],[134,-265],[127,-156],[327,-70],[199,-47],[212,-327],[127,-398],[188,-335],[181,-202],[134,-102],[248,-54],[357,23],[321,-93],[127,-140],[151,-289],[103,-249],[109,-226],[242,-257],[175,-211],[12,-296],[-127,-327],[-115,-218],[-90,-312],[60,-257],[236,-288],[145,-102],[212,-381],[-60,-359],[-200,-148],[-248,39],[-218,47],[-188,-39],[-175,-172],[-121,-272],[-37,-203],[-42,-312],[-24,-491],[36,-381],[164,-413],[278,15],[230,86],[242,125],[272,311],[182,281],[127,148],[248,15],[212,-171],[285,-327],[169,-148],[145,-172],[152,-226],[163,-265],[115,-257],[-85,-460],[-163,-46],[-260,23],[-273,-47],[-242,-350],[91,-367],[109,-280],[79,-234],[66,-389],[-6,-258],[-18,-280],[-42,-320],[-79,-436],[-79,-452],[-72,-382],[-61,-218],[-85,-288],[-84,-335],[-43,-250],[-12,-358],[30,-437],[19,-202],[42,-288],[54,-312],[67,-257],[97,-476],[60,-350],[73,-546],[12,-85],[54,-437],[7,-296],[-212,-327],[-218,-140],[-273,15],[-181,55],[-291,117],[-187,420],[260,359],[182,218],[121,218],[30,421],[-230,179],[-218,-179],[-97,-366],[-139,-328],[-127,-218],[-188,-280],[-218,-234],[-248,-203],[-284,-101],[-218,156],[133,351],[260,303],[121,429],[-296,273],[-236,-117],[-345,-47],[-297,148],[-175,109],[-170,148],[-193,320],[-79,241],[0,281],[115,273],[103,187],[91,265],[60,452],[24,288],[-145,296],[-381,-16],[-224,-218],[-212,-304],[-91,-218],[-97,-358],[-36,-117],[-121,-382],[-145,-374],[-109,-179],[-236,-242],[-176,-265],[-48,-405],[0,-288],[103,-390],[290,-241],[279,-94],[296,-62],[254,-39],[327,-78],[321,-109],[284,-148],[351,-211],[267,-234],[60,-358],[43,-538],[24,-459],[-12,-460],[-30,-405],[-31,-226],[-163,-405],[-158,-203],[-302,-70],[-188,15],[-399,39],[-587,70],[-357,0],[-242,-31],[-243,-62],[-278,-47],[-133,0],[-272,31],[-206,78],[-170,47],[-302,0],[-291,-117],[-242,-140],[-321,-156],[-333,-156],[-435,-187],[-230,-78],[-382,-78],[-278,16],[-321,-171],[-224,-359],[-133,-296],[-36,-351],[36,-265],[182,-381],[218,-71],[363,-70],[169,-202],[43,-234],[-73,-327],[-48,-180],[-19,-319],[43,-210],[72,-343],[152,-102],[236,-101],[151,-62],[248,-55],[206,86],[248,8],[206,-211],[-6,-366],[-85,-514],[-73,-460],[-30,-335],[-12,-234],[-6,-265],[-12,-467],[12,-328],[24,-374],[31,-280],[54,-335],[36,-195],[79,-288],[278,-312],[285,-203],[309,-163],[193,-203],[73,-218],[60,-257],[67,-304],[85,-468],[-19,-296],[-30,-389],[-36,-289],[-55,-459],[-115,-296],[-205,-187],[-236,-133],[-249,-86],[-217,-54],[-321,-16],[-279,31],[-357,133],[-314,163],[-182,117],[-254,211],[-103,101],[-375,320],[-303,210],[-302,31],[-267,-78],[-200,-93],[-181,-109],[-291,-195],[-78,-63],[-309,-226],[-278,-202],[-297,-125],[-260,47],[-151,93],[-267,164],[-302,281],[-285,-109],[-169,-281],[-218,-405],[-188,-405],[-157,-304],[-121,-234],[-188,-343],[0,-343],[115,-202],[188,-351],[48,-195],[-6,-382],[-12,-366],[6,-265],[18,-413],[85,-273],[127,-233],[230,-141],[218,-257],[-6,-241],[-55,-335],[19,-289],[24,-350],[-103,-296],[-297,-63],[-151,140],[-206,219],[-151,140],[-206,171],[-260,187],[-230,187],[-151,141],[-255,265],[-211,194],[-176,156],[-345,289],[-284,194],[-242,94],[-364,78],[-236,-39],[-151,-63],[-218,-132],[-175,-164],[-291,-319],[-145,-195],[-139,-156],[-145,-202],[-55,-367],[200,-366],[193,-54],[358,-39],[260,-63],[200,-296],[-55,-273],[-103,-358],[-103,-312],[-54,-194],[-43,-359],[25,-249],[72,-382],[79,-320],[-121,-374],[-212,78],[-284,328],[-206,319],[-200,288],[-230,351],[-212,335],[-175,234],[-164,86],[-266,78],[-163,46],[-297,-101],[-145,-187],[-206,-164],[-169,-78],[-176,-140],[-48,-421],[72,-311],[218,-289],[351,86],[267,-8],[169,-140],[206,-218],[109,-312],[-309,-226],[-230,0],[-333,-86],[-181,-101],[-261,-156],[-218,31],[-127,304],[-42,250],[-36,382],[-18,366],[-261,296],[-187,-8],[-230,-78],[-152,-124],[-181,-211],[-103,-218],[-18,-281],[66,-335],[182,-413],[139,-257],[73,-202],[48,-304],[-85,-234],[-205,-242],[-303,-109],[-254,-93],[-297,-102],[-254,-54],[-169,-47],[-224,-54],[-236,15],[-255,31],[-193,32],[-194,54],[-266,109],[-151,86],[-230,179]],[[433159,623749],[121,210],[284,179],[212,47],[242,249],[-24,320],[54,366],[315,257],[115,304],[6,382],[266,179],[255,31],[133,148],[351,507],[133,265],[-6,475],[-85,444],[-97,335],[-84,421],[36,382],[60,242],[158,202],[266,179],[272,343],[127,398],[146,366],[278,608],[91,234],[42,264],[-6,312],[-72,374],[-6,398],[96,475],[49,288],[66,359],[67,202],[224,367],[187,233],[321,211],[260,132],[237,281],[169,179],[242,109],[230,288],[-133,343],[236,304],[351,-101],[200,-273],[30,-234],[-36,-296],[54,-319],[176,-86],[284,101],[351,-31],[-42,-304],[-164,-257],[-175,-429],[109,-303],[327,-71],[266,203],[206,132],[242,-124],[78,-211],[103,-241],[291,-55],[218,125],[248,319],[290,320],[255,187],[363,93],[193,24],[164,218],[127,468],[91,303],[78,367],[357,171],[279,-171],[97,389],[-133,109],[-188,195],[-6,491],[254,70],[145,335],[-193,219],[-327,-8],[-236,140],[-91,203],[0,350],[309,109],[199,-101],[376,-78],[224,31],[151,148],[278,-78],[115,-202],[339,70],[285,156],[363,-94],[345,39],[199,109],[303,-15],[67,-452],[133,-320],[145,-140],[109,-312],[284,-288],[43,-366],[248,-312],[309,55],[260,-125],[327,55],[260,46],[363,24],[339,54],[194,-54],[248,-102],[145,-101],[248,-257],[248,47],[363,-24],[176,-93],[321,-8],[278,55],[206,77],[266,211],[273,23],[175,-148],[303,-148],[278,-171],[351,140],[260,242],[97,171],[182,210],[163,328],[164,187],[157,171],[79,312],[169,280],[61,405],[-242,203],[-164,164],[-103,366],[-157,218],[-279,242],[-296,280],[-182,218],[-96,335],[-49,328],[55,358],[60,468],[-218,311],[-315,242],[-121,164],[-115,304],[-96,155],[-12,413],[36,203],[-30,405],[84,327],[-30,429],[-151,397],[-79,406],[-151,155],[54,468],[-206,366],[249,382],[248,-70],[109,413],[-224,249],[-254,-23],[-303,210],[6,226],[0,304],[-91,250],[-121,381],[-169,289],[-164,265],[91,249],[-266,280],[-230,-171],[-170,366],[212,273],[-85,405],[-320,70],[36,359],[290,202],[249,8],[102,421],[-181,210],[-163,304],[-103,211],[-109,420],[-267,141],[-254,202],[-175,226],[84,366],[249,273],[60,312],[109,343],[127,257],[297,101],[157,-109],[315,8],[230,203],[212,163],[278,148],[121,289],[157,413],[170,85],[254,8],[284,-23],[212,7],[267,-210],[193,-203],[376,-77],[108,-195],[170,-289],[206,0],[218,8],[139,-210],[-24,-327],[387,-16],[85,436],[169,203],[-36,273],[339,202],[272,-171],[188,-164],[236,211],[-115,358],[272,171],[357,-77],[-18,428],[103,444],[236,86],[303,-47],[217,-148],[267,31],[145,234],[194,405],[30,304],[30,320],[145,327],[-121,179],[-96,312],[6,397],[-55,265],[67,398],[199,389],[73,296],[48,211],[115,382],[43,366],[206,358],[145,172],[97,343],[78,335],[91,327],[109,304],[-42,280],[-121,429],[-109,234],[-273,210],[-48,171],[-91,413],[182,382],[-248,117],[42,359],[24,303],[-212,250],[-175,304],[30,304],[212,85],[-6,421],[-103,343],[-127,234],[-303,241],[97,367],[145,62],[55,374],[30,312],[-254,288],[-242,-327],[-291,-148],[-133,358],[-103,203],[-30,265],[194,327],[187,-140],[345,54],[176,101],[212,78],[193,133],[254,15],[164,-132],[242,125],[303,140],[24,491],[-18,288],[60,242],[-121,343],[67,303],[-170,289],[-109,319],[182,172],[278,288],[200,281],[145,116],[133,242],[31,327],[54,203],[303,202],[284,-210],[260,-132],[182,23],[236,101],[212,328],[-24,350],[-339,148],[-67,343],[188,140],[290,203],[291,273],[0,436],[-85,257],[-145,226],[-170,133],[-96,265],[145,303],[351,149],[85,-203],[332,187],[19,280],[-6,445],[-67,233],[266,203],[224,-47],[266,218],[-48,258],[-157,194],[-291,141],[-115,194],[-12,468],[170,148],[357,55],[290,62],[188,203],[84,272],[-12,312],[-90,429],[42,303],[73,242],[-121,374],[157,413],[36,132],[158,710],[78,187],[230,148],[454,85],[248,24],[357,8],[255,-24],[211,-54],[182,-47],[206,-117],[333,-203],[254,-23],[248,156],[218,226],[163,234],[170,288],[369,125],[387,-78],[176,-47],[351,202],[345,663],[218,382],[345,600],[163,132],[278,8],[97,-218],[254,-195],[218,31],[370,-31],[223,-55],[291,47],[169,374],[13,288],[248,367],[193,-242],[176,-366],[224,-62],[375,54],[218,-156],[163,-179],[127,-187],[351,-70],[309,164],[157,-125],[-127,-390],[152,-343],[339,47],[205,-93],[273,-133],[321,211],[30,444],[248,218],[169,-101],[339,15],[254,63],[122,-211],[205,-132],[188,-39],[309,288],[242,296],[345,-187],[187,-78],[230,-179],[170,78],[236,241],[187,-101],[370,-93],[278,-109],[248,163],[151,359],[230,124],[140,211],[242,0],[351,-39],[133,265],[212,15],[254,-156],[157,195],[297,47],[175,195],[103,319],[321,70],[163,164],[315,86],[321,-203],[260,242],[151,195],[206,233],[291,-39],[290,-54],[61,436],[115,327],[157,148],[194,125],[163,94],[285,148],[236,-242],[248,-335],[181,62],[388,156],[151,226],[-6,242],[-248,288],[-254,-54],[6,467],[333,31],[187,-163],[309,-234],[272,-172],[121,398],[236,358],[236,-62],[236,-148],[188,93],[242,297],[309,-86],[127,241],[242,-46],[163,342],[194,226],[169,-46],[285,15],[157,226],[333,195],[279,117],[175,125],[327,78],[254,155],[285,234],[260,179],[-79,304],[-18,320],[6,265],[-115,226],[-48,296],[199,195],[182,140],[151,366],[188,405],[230,102],[321,265],[72,225],[224,242],[151,265],[-90,429],[60,366],[170,210],[211,250],[-36,257],[-181,210],[217,335],[297,39],[115,172],[127,257],[139,436],[91,296],[73,460],[-18,421],[175,233],[12,258],[-115,428],[24,288],[236,211],[-163,428],[-242,273],[-121,398],[188,296],[84,319],[91,250],[48,233],[-42,476],[-139,265],[-157,155],[-243,172],[-36,421],[188,537],[60,328],[-145,226],[-309,15],[-218,359],[176,335],[24,288],[-248,366],[-85,312],[-72,444],[90,273],[-169,327],[-248,257],[85,289],[224,70],[363,31],[351,156],[224,218],[326,78],[218,-117],[236,343],[255,156],[357,-16],[60,257],[127,203],[279,8],[211,132],[79,242],[176,366],[290,210],[133,172],[188,202],[787,530],[333,179],[290,304],[339,530],[569,1021],[121,428],[151,289],[327,615],[79,125],[187,296],[128,195],[169,312],[97,257],[72,210],[182,327],[115,258],[345,116],[230,-296],[206,-70],[187,156],[236,265],[152,242],[90,413],[285,233],[327,39],[97,452],[-61,218],[-109,468],[-187,203],[-152,78],[-230,85],[-333,24],[-133,436],[442,312],[-206,397],[-151,226],[-24,218],[72,312],[19,226],[72,452],[-24,358],[-85,211],[-181,195],[-218,187],[-248,187],[199,319],[248,-8],[291,-23],[67,-343],[351,16],[-25,553],[12,382],[-254,124],[-199,70],[-37,406],[224,62],[224,-39],[248,-31],[-12,452],[-181,156],[-236,140],[-351,47],[-164,101],[-212,288],[-97,203],[-290,249],[-539,304],[-502,382],[-170,156],[-163,234],[-73,241],[-60,327],[-18,289],[18,210],[103,288],[-12,476],[-273,-78],[-115,-203],[-181,-234],[-212,-7],[-188,-102],[-242,296],[-84,413],[-146,593],[-199,569],[96,428],[206,62],[266,-249],[206,-280],[303,288],[-24,436],[-230,242],[54,460],[242,-24],[176,-187],[339,-210],[181,257],[0,288],[43,320],[96,413],[109,241],[194,250],[260,226],[357,148],[97,319],[-30,374],[188,86],[260,-70],[296,-39],[200,117],[200,-8],[218,-195],[357,-164],[236,359],[302,280],[19,289],[24,319],[24,226],[12,405],[-85,351],[-103,429],[-42,257],[-60,319],[-345,164],[-218,163],[109,359],[42,358],[-91,281],[-127,421],[212,202],[-12,273],[-145,382],[-230,15],[-164,-85],[-314,195],[-115,296],[-182,62],[-327,218],[12,834],[176,343],[272,15],[345,16],[67,249],[-37,328],[-199,265],[-158,202],[-290,296],[-224,117],[-188,195],[-139,125],[-163,202],[-230,312],[320,522],[164,296],[187,187],[297,16],[-18,327],[248,101],[188,-148],[339,-15],[211,155],[303,94],[-115,421],[-103,257],[-18,343],[236,210],[236,-241],[127,-242],[194,-327],[260,31],[121,125],[176,226],[127,280],[133,257],[109,312],[12,187],[-55,319],[-103,187],[-30,460],[-48,351],[-97,296],[-61,195],[-284,31],[-176,-218],[-121,-296],[-84,-250],[-369,0],[-134,429],[-163,421],[-103,436],[-60,312],[139,405],[109,265],[6,288],[290,296],[170,-109],[272,-226],[157,-156],[206,-148],[170,-420],[278,-188],[266,-46],[309,-289],[242,-140],[206,312],[-6,327],[-73,281],[-72,226],[-146,374],[-54,319],[18,343],[24,327],[-18,218],[0,374],[79,265],[84,187],[91,265],[212,172],[151,132],[49,289],[-73,249],[12,366],[248,359],[79,272],[-169,367],[-230,280],[-194,62],[-218,-226],[-109,-272],[-121,-133],[-284,-140],[-236,16],[-158,39],[-248,163],[85,374],[212,413],[121,211],[-121,311],[-297,242],[-278,234],[-230,93],[-176,-93],[-248,-234],[-127,-133],[-254,-101],[-236,0],[-297,47],[-278,101],[-273,117],[-169,94],[-194,132],[-139,164],[-139,249],[-236,343],[-182,218],[-181,234],[-127,405],[-37,421],[37,311],[121,312],[18,312],[-73,288],[-157,242],[-176,280],[-260,437],[-151,265],[181,389],[297,47],[272,0],[400,-70],[333,-172],[248,-132],[199,-148],[230,-242],[230,-195],[309,-194],[254,-156],[327,-70],[170,202],[217,289],[134,155],[157,180],[200,265],[145,350],[-12,499],[-85,366],[-163,226],[-127,179],[-206,258],[-97,109],[-309,335],[-345,343],[-54,46],[-357,335],[-139,117],[-236,187],[-176,133],[-182,124],[-387,242],[-333,242],[-248,202],[-236,226],[-109,125],[-224,319],[-115,187],[-169,234],[-260,117],[-176,-78],[-266,-179],[-218,-94],[-176,-31],[-290,-8],[-188,63],[-230,195],[-42,397],[151,226],[230,70],[333,62],[321,187],[-6,281],[-230,140],[-297,101],[-369,195],[-121,70],[-291,125],[-169,0],[-291,-101],[-163,-16],[-206,140],[-78,195],[0,312],[36,312],[242,319],[157,148],[206,164],[242,15],[18,429],[-205,382],[339,218],[278,70],[188,8],[435,-8],[357,8],[31,452],[-315,15],[-218,55],[-48,382],[199,124],[182,16],[315,265],[-140,444],[-278,109],[-290,265],[102,289],[224,724],[79,343],[48,265],[61,343],[30,382],[-6,233],[-18,476],[291,319],[284,320],[-157,233],[-79,234],[-24,296],[-127,265],[-255,304],[-248,281],[-199,218],[-351,140],[-400,-93],[-309,-148],[-351,-172],[-193,-171],[-170,-141],[-206,-109],[-314,-163],[-273,-195],[-242,-164],[-175,-156],[-273,-140],[-223,-8],[-261,102],[-193,85],[-327,117],[-291,148],[-181,125],[-152,203],[-163,389],[-67,296],[-66,499],[-24,335],[-55,460],[-115,514],[-163,351],[-230,54],[-182,-23],[-224,-55],[-181,-54],[-545,-226],[-260,-125],[-345,-31],[-363,70],[-206,109],[-206,351],[-127,280],[-79,343],[-151,382],[-188,296],[-193,328],[-103,374],[-67,436],[-103,413],[152,382],[308,124],[351,78],[339,-194],[339,-468],[267,-421],[169,-210],[266,-288],[152,-117],[290,-148],[242,-39],[164,31],[351,148],[230,0],[169,-140],[188,-195],[308,-265],[152,-94],[260,47],[290,686],[19,39],[157,569],[236,459],[163,304],[267,0],[230,-226],[284,-436],[133,-242],[152,-296],[211,-421],[134,-187],[163,-179],[327,-171],[230,124],[151,133],[297,429],[199,420],[61,351],[-30,429],[-55,350],[-54,187],[-158,343],[-139,327],[-139,226],[-490,554],[-218,202],[-327,257],[-291,257],[19,374],[169,265],[188,86],[206,94],[199,124],[297,180],[315,249],[332,312],[206,148],[339,132],[121,273],[79,421],[-24,280],[-134,234],[-211,171],[-267,24],[-478,-195],[-405,-172],[-466,-241],[-327,-179],[-285,-211],[-236,-46],[-278,257],[-97,304],[-54,405],[60,436],[345,538],[387,553],[43,70],[309,390],[115,109],[587,428],[12,8],[556,296],[109,47],[418,164],[418,171],[351,140],[302,86],[400,117],[157,55],[224,93],[188,39],[205,-132],[164,-172],[206,-273],[254,-358],[218,-203],[187,-78],[230,0],[164,39],[351,187],[333,258],[314,257],[400,319],[290,164],[339,125],[351,140],[297,218],[121,335],[12,242],[-18,444],[-61,452],[-42,85],[-357,484],[-630,888],[-326,319],[-575,663],[-412,530],[-224,335],[-85,171],[-236,585],[-109,225],[-6,328],[-60,272],[-158,297],[-127,171],[-181,187],[-315,140],[-181,31],[-237,265],[79,390],[242,148],[339,172],[375,77],[370,39],[163,32],[254,93],[242,187],[194,187],[230,273],[194,125],[169,93],[230,288],[67,367],[109,257],[236,70],[290,-133],[133,-124],[152,-250],[115,-171],[224,-187],[272,-203],[115,-257],[-30,-273],[-218,-311],[-188,-289],[-24,-381],[121,-195],[242,-86],[381,47],[206,54],[260,141],[133,467],[-6,421],[61,444],[-6,359],[-36,226],[-97,381],[-55,304],[55,382],[121,101],[278,55],[309,8],[169,-234],[55,-288],[72,-390],[230,-8],[121,218],[73,335],[36,304],[109,858],[345,148],[158,-406],[6,-288],[-85,-234],[-85,-288],[291,-234],[133,187],[85,320],[36,397],[-42,312],[-103,234],[-49,584],[-30,210],[194,304],[181,-140],[164,-296],[218,-273],[357,-241],[260,-125],[218,-55],[175,78],[188,320],[163,389],[-12,297],[-97,210],[91,351],[260,-94],[224,-31],[85,397],[248,296],[224,-194],[266,-141],[370,-226],[145,460],[-73,265],[170,390],[351,0],[321,70],[157,-452],[-55,-218],[-66,-374],[333,-187],[278,85],[224,86],[127,281],[91,280],[163,312],[212,78],[236,-16],[273,117],[290,132],[12,320],[-36,226],[302,273],[170,420],[-309,55],[-290,78],[-176,101],[-266,187],[-303,226],[-151,-23],[-242,-444],[-206,-226],[-169,-24],[-194,234],[-97,265],[-109,312],[-54,210],[30,468],[91,296],[151,163],[327,141],[230,117],[248,62],[200,-156],[139,-140],[260,-39],[97,249],[-109,281],[-248,163],[-321,281],[-151,125],[-224,116],[-248,55],[-260,54],[-194,117],[-55,429],[267,249],[254,102],[236,-78],[115,-211],[188,-288],[199,16],[188,241],[36,257],[-36,265],[18,289],[-188,327],[-169,444],[12,374],[-369,55],[-55,-382],[-181,-141],[-212,359],[127,390],[-72,257],[-152,335],[6,311],[321,71],[278,163],[315,218],[266,-319],[267,-156],[199,156],[134,273],[-121,342],[-236,203],[-49,273],[321,257],[230,109],[321,8],[266,-125],[194,-257],[230,-109],[260,-101],[-30,-476],[-249,-272],[-242,-226],[-54,-242],[91,-312],[308,0],[152,164],[296,319],[133,195],[43,312],[12,195],[-24,327],[-6,234],[18,319],[115,265],[339,-132],[145,-218],[303,93],[169,-280],[333,-8],[36,272],[97,421],[-54,234],[-37,390],[-60,405],[-61,312],[-30,218],[-30,343],[-67,335],[-109,428],[-42,164],[-127,366],[-218,530],[-273,140],[-278,-156],[-290,-54],[-164,101],[-36,413],[121,296],[169,55],[212,-273],[279,-8],[296,273],[291,265],[278,164],[351,0],[127,413],[-48,202],[24,366],[-357,71],[-333,163],[24,421],[279,70],[193,-78],[315,195],[-85,257],[-139,203],[-139,179],[-242,125],[-230,-16],[-327,-47],[-36,195],[121,335],[97,288],[54,219],[97,296],[121,226],[284,179],[109,335],[-169,187],[-357,-47],[-236,-39],[-327,109],[-133,328],[224,366],[357,164],[296,-187],[218,202],[49,211],[96,280],[-12,226],[-236,171],[-363,94],[-260,-86],[-297,226],[-6,390],[-187,312],[-206,-164],[-182,249],[67,250],[-61,342],[-320,-7],[-85,-289],[-103,-163],[-266,-133],[-212,94],[-230,-102],[-176,429],[-24,382],[-115,187],[-248,101],[-145,320],[103,311],[230,335],[193,281],[176,405],[-73,452],[-224,304],[-12,351],[97,241],[97,468],[-24,452],[60,319],[67,281],[151,195],[127,163],[260,-101],[176,-273],[302,-54],[218,62],[115,390],[-78,179],[36,413],[61,444],[-212,132],[48,351],[36,265],[-78,288],[-127,203],[-140,202],[-66,297],[-6,210],[-49,397],[-18,273],[-42,249],[-194,367],[85,459],[200,-15],[242,-94],[308,24],[176,93],[230,156],[206,133],[72,311],[-308,226],[-140,312],[73,351],[339,109],[309,171],[-97,335],[66,164],[224,171],[303,179],[260,0],[266,304],[109,250],[152,226],[199,163],[164,16],[327,-187],[236,-156],[314,133],[37,319],[-194,156],[-97,296],[-84,413],[-285,296],[6,257],[164,281],[248,54],[339,24],[345,85],[224,32],[193,7],[254,-15],[158,-102],[169,-179],[164,-195],[248,0],[314,242],[358,-125],[278,-491],[206,-179],[205,78],[79,359],[85,529],[218,211],[-24,249],[-303,242],[-24,475],[248,335],[151,203],[115,194],[85,297],[248,210],[285,-31],[151,-39],[508,-320],[315,-233],[756,-561],[303,-281],[218,-164],[375,-101],[369,-47],[273,-155],[157,-141],[145,-226],[527,-670],[181,-522],[19,-826],[36,-210],[79,-281],[351,-366],[193,-62],[938,-312],[1380,-109],[1513,-102],[2324,71],[1677,0],[1713,-47],[1059,-211],[1132,-366],[496,-85],[1168,366],[290,54],[309,-70],[248,-8],[376,0],[351,39],[278,-85],[315,31],[54,288],[260,179],[206,234],[133,172],[182,218],[103,163],[169,398],[273,-31],[121,39],[205,467],[285,-226],[145,-296],[139,-249],[261,-8],[181,86],[272,54],[309,55],[206,-63],[284,-85],[370,-94],[242,16],[169,101],[303,62],[151,219],[200,54],[345,125],[260,-63],[188,-358],[66,-320],[151,-264],[152,-86],[193,-218],[140,-312],[96,-249],[164,-273],[212,-249],[538,-515],[43,-31],[357,-257],[436,-499],[199,-202],[254,-156],[218,-86],[291,0],[163,-335],[-78,-413],[6,-265],[42,-304],[91,-335],[308,-203],[327,-15],[200,117],[303,-156],[211,-405],[194,-141],[-54,-677],[-121,-881],[-19,-218],[-230,-2424],[-18,-452],[0,-210],[-36,-343],[133,-218],[333,39],[212,-234],[-6,-389],[-6,-304],[-12,-257],[-6,-374],[187,-320],[164,-210],[169,-180],[278,-31],[297,-132],[218,-250],[18,-451],[176,-195],[181,-172],[145,-156],[146,-210],[42,-312],[321,-117],[193,-77],[255,-234],[157,-156],[163,-343],[109,-335],[-42,-327],[-36,-328],[-103,-467],[-36,-242],[108,-350],[0,-491],[-36,-444],[0,-226],[139,-343],[-36,-421],[-36,-366],[60,-234],[115,-343],[18,-249],[43,-257],[-67,-335],[-206,-304],[-48,-406],[-133,-179],[30,-428],[6,-234],[-6,-265],[170,-397],[199,-250],[-72,-319],[-115,-257],[18,-265],[109,-289],[266,-350],[163,-335],[279,-226],[103,-148],[127,-312],[30,-491],[18,-390],[127,-272],[19,-265],[375,-421],[97,-226],[217,-281],[212,78],[273,-101],[157,-125],[266,-296],[206,-117],[242,-163],[194,-133],[272,-265],[206,-54],[133,-257],[230,-585],[266,-319],[242,148],[249,-172],[296,-210],[158,-273],[211,-280],[-48,-320],[24,-389],[158,-343],[187,-421],[79,-312],[109,-241],[91,-234],[72,-429],[109,-319],[115,-312],[97,-280],[115,-226],[260,-156],[218,15],[145,-366],[152,-187],[42,-257],[-30,-312],[-37,-436],[-84,-405],[-49,-437],[-60,-187],[-18,-311],[42,-390],[6,-187],[-6,-460],[48,-444],[109,-389],[255,-850],[163,-834],[133,-319],[236,-359],[139,-389],[140,-234],[151,-125],[284,-140],[224,-109],[327,-132],[272,-117],[249,-102],[217,-93],[339,-125],[261,-140],[290,-164],[218,-101],[254,-319],[-66,-242],[-91,-281],[-79,-296],[-6,-350],[-6,-312],[12,-280],[0,-328],[-6,-382],[-12,-241],[-12,-359],[-18,-568],[-12,-289],[-19,-397],[376,-226],[175,-39],[303,-8],[212,0],[381,8],[327,23],[272,94],[139,70],[291,23],[351,-140],[236,-358],[200,-32],[217,-265],[31,-296],[30,-249],[109,-351],[157,-101],[176,-210],[151,-312],[30,-234],[291,-210],[206,-133],[326,-15]],[[577044,795296],[230,0],[236,70],[315,273],[212,179],[266,265],[448,327],[218,164],[212,187],[236,210],[363,366],[248,273],[267,140],[242,125],[163,62],[212,86],[448,281],[248,210],[187,62],[206,102],[345,46],[309,133],[212,62],[193,0],[194,133],[248,327],[236,78],[333,241],[224,203],[163,140],[164,296],[127,164],[30,358],[182,195],[18,226],[-24,335],[-49,429],[-30,195],[73,452],[84,288],[31,242],[-85,288],[18,343],[6,335],[24,436],[6,343],[49,444],[175,195],[109,265],[121,405],[85,335],[218,296],[85,343],[163,172],[272,296],[97,311],[242,374],[134,258],[774,1059],[672,702],[375,280],[1193,483],[453,63],[345,109],[170,7],[248,16],[206,16],[206,0],[266,-86],[230,-101],[381,-32],[164,-39],[248,-124],[218,-101],[224,-86],[193,-63],[188,-77],[218,-94],[254,195],[321,-47],[308,-226],[321,-156],[170,-109],[266,-210],[218,-86],[236,117],[206,23],[199,-124],[321,-63],[224,-62],[218,-140],[157,15],[230,24],[158,-172],[242,39],[357,8],[78,296],[-84,265],[-73,429],[6,350],[30,764],[25,764],[6,841],[6,694],[6,444],[6,530],[0,553],[18,654],[0,585],[12,522],[6,413],[0,475],[6,725],[12,491],[12,553],[25,514],[0,507],[6,662],[12,460],[6,452],[12,732],[18,328],[0,382],[-12,467],[12,468],[163,498],[291,117],[175,24],[255,31],[199,-8],[364,-94],[266,-7],[260,-78],[151,-78],[236,-117],[176,-109],[200,-133],[314,-226],[285,-54],[224,101],[230,70],[290,63],[212,163],[170,63],[72,319],[-60,374],[18,288],[78,382],[-12,460],[19,281],[-55,303],[-67,219],[-36,272],[-72,312],[-122,296],[-229,257],[-115,187],[-103,351],[-12,374],[-37,452],[-133,171],[-67,328],[103,241],[182,335],[85,218],[260,187],[91,203],[254,242],[188,171],[187,288],[133,133],[164,280],[54,226],[-85,359],[-60,280],[-97,359],[6,475],[-60,288],[84,211],[109,280],[-205,296],[284,289],[309,-39],[187,124],[267,172],[163,-101],[260,187],[85,389],[327,0],[36,-280],[260,-312],[140,-249],[133,-109],[326,-16],[85,249],[267,-23],[133,109],[260,-55],[206,16],[242,-203],[266,110],[212,39],[248,-86],[284,296],[206,0],[261,-148],[223,78],[309,226],[242,15],[194,-23],[296,-94],[351,156],[243,-280],[42,-374],[351,140],[290,171],[243,203],[169,226],[272,39],[212,-31],[285,-133],[48,-272],[254,-148],[357,-125],[224,-312],[182,-156],[309,-233],[72,-336],[272,-7],[255,78],[218,109],[254,319],[193,101],[333,-31],[152,273],[217,70],[327,156],[297,195],[351,179],[-12,390],[187,179],[249,47],[151,218],[284,117],[242,-125],[382,-70],[169,241],[321,55],[248,195],[260,288],[55,475],[-37,180],[218,265],[140,366],[-103,327],[-55,390],[-6,226],[-18,389],[290,320],[188,195],[260,155],[255,78],[102,398],[-102,350],[127,382],[-164,413],[-296,94],[-206,218],[-279,164],[7,288],[-25,358],[-109,429],[-217,210],[-7,265],[73,242],[121,397],[133,289],[-242,249],[-200,413],[-236,171],[-320,-15],[-267,140],[-187,382],[-18,257],[169,374],[345,55],[55,389],[326,148],[170,24],[224,132],[248,62],[302,-23],[224,132],[188,219],[242,54],[218,172],[496,-86],[-42,-171],[151,-320],[254,117],[212,343],[260,-39],[37,-444],[42,-476],[188,-140],[54,-467],[121,-297],[164,-342],[-152,-250],[-302,70],[-273,109],[-338,-171],[12,-397],[42,-328],[97,-420],[127,-421],[73,-343],[90,-234],[170,-390],[121,-311],[91,-444],[193,-289],[121,-148],[194,-187],[218,-109],[254,148],[55,374],[72,328],[369,-125],[55,-273],[79,-553],[96,-662],[55,-250],[145,-413],[327,-234],[212,-116],[224,-172],[199,-109],[333,-132],[490,-554],[436,-389],[194,-141],[212,-62],[187,-8],[218,31],[339,94],[248,62],[321,-46],[176,-125],[187,-62],[206,-63],[242,-70],[1065,-249],[194,0],[290,70],[485,15],[169,102],[164,210],[236,203],[357,241],[211,31],[261,63],[308,47],[182,101],[175,125],[309,202],[333,195],[260,101],[291,102],[193,101],[527,280],[212,55],[236,-8],[272,164],[309,109],[363,23],[248,179],[188,211],[248,148],[290,78],[236,47],[345,70],[249,54],[145,24],[272,39],[79,264],[12,250],[12,257],[309,187],[224,101],[199,359],[230,124],[279,-46],[284,-47],[442,-39],[206,-8],[200,16],[278,85],[194,71],[266,7],[363,-7],[272,-71],[230,-15],[-24,-327],[30,-491],[103,-639],[67,-281],[66,-280],[109,-250],[200,-265],[151,-148],[279,-265],[629,-662],[363,-499],[267,-413],[127,-288],[48,-187],[36,-343],[-6,-218],[-24,-281],[-42,-288],[-55,-366],[-78,-296],[-139,-343],[-37,-374],[6,-397],[12,-180],[67,-413],[91,-202],[115,-226],[169,-218],[297,-234],[169,-63],[375,47],[339,242],[533,615],[224,257],[139,125],[260,133],[164,15],[218,-117],[145,-296],[73,-226],[115,-319],[145,-382],[78,-210],[128,-273],[193,-273],[139,-148],[242,-132],[218,-78],[309,-70],[339,-117],[284,-164],[218,-203],[212,-257],[321,-537],[163,-328],[164,-335],[157,-397],[127,-374],[242,-702],[188,-506],[163,-281],[176,-241],[290,-281],[267,-187],[133,-54],[302,8],[236,265],[61,413],[-12,327],[-24,187],[-67,389],[-12,406],[48,304],[206,327],[176,187],[278,288],[212,156],[212,117],[151,70],[236,101],[291,63],[205,-24],[224,-171],[152,-343],[60,-327],[18,-273],[18,-545],[25,-359],[30,-226],[54,-351],[61,-405],[163,-950],[97,-413],[103,-452],[18,-141],[36,-358],[55,-686],[12,-101],[61,-491],[24,-343],[24,-366],[-24,-475],[-91,-320],[-121,-366],[-109,-265],[-91,-195],[-163,-249],[-176,-203],[-133,-288],[-36,-203],[72,-382],[243,-436],[211,-203],[291,-7],[145,70],[230,288],[248,514],[152,281],[115,218],[345,125],[284,-16],[194,-93],[242,-242],[145,-257],[85,-335],[18,-257],[73,-374],[169,-320],[303,-296],[242,-148],[417,-249],[218,-156],[194,-179],[284,-187],[255,-24],[236,226],[96,452],[67,444],[42,335],[0,195],[-66,320],[-146,218],[-290,101],[-321,-31],[-272,86],[-139,163],[-115,382],[0,218],[12,297],[36,374],[61,405],[30,257],[-6,405],[18,327],[175,328],[188,140],[285,93],[193,-7],[412,-78],[218,-39],[272,-24],[297,8],[375,39],[375,16],[260,-8],[351,-62],[400,-94],[248,-109],[236,-312],[206,-366],[139,-405],[-18,-304],[-103,-390],[-133,-335],[-109,-171],[-61,-281],[12,-226],[73,-272],[169,-234],[170,-156],[260,-281],[139,-257],[55,-194],[6,-328],[-30,-382],[-25,-272],[0,-273],[31,-242],[42,-311],[91,-359],[85,-397],[84,-483],[85,-491],[36,-203],[121,-257],[242,-288],[194,-156],[194,-94],[623,-187],[212,-78],[151,-116],[91,-281],[-30,-304],[-85,-327],[-72,-226],[-194,-359],[-206,-335],[-169,-155],[-273,-180],[-272,-78],[-272,-54],[-224,-218],[54,-374],[170,-476],[181,-631],[151,-195],[291,-62],[345,47],[327,156],[314,218],[654,623],[272,265],[600,499],[302,93],[279,-46],[435,-148],[297,-156],[224,-133],[557,-405],[720,-530],[206,-148],[272,-203],[248,-327],[133,-249],[49,-211],[66,-366],[37,-249],[48,-359],[-48,-335],[-115,-226],[-267,-459],[-278,-390],[-48,-358],[169,-219],[212,-233],[254,-234],[248,-140],[164,-86],[230,-234],[139,-132],[-55,-359],[-181,-319],[-188,-148],[-339,163],[-181,226],[-164,39],[-193,-311],[0,-289],[-19,-358],[-66,-218],[-285,-180],[-212,24],[-272,-47],[-151,-234],[-6,-273],[163,-296],[266,-226],[164,-163],[-24,-468],[-273,31],[-260,258],[-169,93],[-224,31],[-242,-109],[-176,-179],[-169,-234],[-255,-304],[-175,-117],[-266,-241],[-97,-281],[139,-374],[194,-62],[308,31],[327,-164],[24,-319],[-236,-382],[25,-421],[290,-101],[309,179],[236,164],[321,-78],[248,-265],[211,-156],[315,-15],[224,46],[230,-171],[55,-265],[42,-226],[73,-444],[72,-460],[-18,-304],[-236,-140],[-145,39],[-230,109],[-260,39],[-134,-397],[73,-226],[218,-250]],[[419934,221254],[-84,0],[-969,-8],[-447,102],[-1078,537],[-369,187],[-333,102],[-339,7],[-339,-70],[-550,-179],[-515,-304],[-230,-101],[-363,-195],[-224,-164]],[[14144,777787],[-460,1020],[-502,1231],[-103,211],[-188,319],[-230,250],[-133,148],[-79,311],[49,437],[12,125],[157,467],[376,1114],[48,203],[109,467],[103,382],[78,180],[273,451],[48,47],[321,257],[1041,445],[157,93],[267,171],[314,226],[509,585],[133,210],[139,335],[115,406],[115,857],[127,444],[188,234],[115,109],[1349,1285],[158,211],[200,389],[60,180],[200,833],[12,78],[109,826],[18,491],[-6,195],[-6,421],[-24,413],[-12,273],[24,374],[206,763],[157,1528],[48,397],[67,234],[224,459],[97,242],[435,1075],[19,226],[-97,374],[-115,476],[66,249],[164,413],[314,670],[170,452],[-61,405],[-169,226],[-369,444],[-18,16],[-206,436],[-49,242],[-18,382],[24,374],[43,335],[266,1208],[170,569],[792,2376],[358,2377],[36,1099],[-67,779],[0,39],[-145,444],[-987,1301],[-314,592],[-61,133],[-175,436],[-212,928],[-67,467],[-18,1379],[103,826],[460,2182],[284,1730],[49,662],[12,234],[67,631],[-6,554],[-49,490],[-91,452],[-18,546],[12,327],[170,662],[242,577],[454,1130],[187,475],[327,795],[85,460],[-42,428],[-97,250],[-261,374],[-351,358],[-1222,974],[-236,195],[-1380,1372],[-139,171],[-212,405],[-291,748],[-187,452],[-158,382],[-302,826],[-430,787],[-508,468],[-382,202],[-30,16],[-635,366],[-1005,335],[-357,358],[-79,86],[-260,631],[-236,577],[-48,187],[-364,1660],[-66,982],[-55,553],[-133,1426],[-121,1878],[-12,234],[-327,2727],[1144,2517],[412,1465],[97,756],[42,350],[73,608],[0,1091],[-79,756],[-218,615],[-599,1722],[-200,468],[-478,1114],[-327,1130],[-339,2213],[-127,631],[-224,733],[-242,514],[-224,382],[-230,382],[-151,265],[-230,335],[-357,787],[-55,187],[-48,304],[48,459],[273,756],[278,787],[36,257],[19,328],[-170,911],[-696,1746],[-345,1044],[-139,678],[-188,1013],[-66,1192],[30,234],[363,2462],[-175,2977],[18,156],[-37,1761],[-66,351],[-91,288],[-121,351],[-272,506],[-370,452],[-962,1332],[-684,1465],[-472,1286],[-393,1075],[-109,297],[-279,966],[-54,530],[-42,491],[72,2836],[18,117],[-48,1340],[-284,1987],[6,164],[96,343],[339,233],[951,678],[351,585],[151,452],[24,475],[-48,577],[-146,436],[-683,974],[-85,94],[-254,358],[-134,374],[-72,538],[-18,592],[0,1044],[0,16],[-140,1005],[-84,491],[-85,280],[-169,328],[-285,335],[-157,148],[-1338,1013],[-66,39],[-678,350],[-67,39],[-1277,460],[-1059,265],[67,413],[157,125],[968,982],[1314,1464],[1089,1364],[139,273],[369,771],[454,1247],[43,109],[242,592],[369,483],[284,250],[430,249],[297,70],[423,0],[1035,-304],[478,-101],[394,-93],[768,-125],[327,-31],[926,8],[793,23],[732,-16],[521,-31],[466,-93],[103,-39],[339,-148],[369,-172],[526,-234],[969,-444],[393,63],[267,296],[-103,265],[-152,257],[-726,1122],[-121,187],[-575,849],[-290,437],[-134,420],[-12,359],[18,561],[109,1379],[13,249],[-25,328],[-823,4114],[-54,1286],[0,382],[115,966],[236,1527],[230,1161],[127,1169],[230,1122],[109,2237],[-61,1566],[-103,678],[-30,93],[-181,499],[-25,62],[-823,2026],[-66,250],[60,389],[139,242],[176,226],[284,249],[575,335],[436,203],[442,132],[375,70],[357,172],[557,491],[188,335],[417,693],[267,343],[817,592],[435,312],[279,234],[429,693],[497,1255],[339,927],[193,530],[170,359],[48,85],[339,398],[375,202],[1519,647],[267,265],[181,429],[460,2813],[6,335],[-48,413],[-176,428],[-24,31],[-611,1021],[-67,242],[-48,498],[12,109],[48,452],[85,748],[-48,795],[-79,624],[-60,296],[-43,234],[-109,514],[-48,234],[-151,865],[0,109],[6,592],[762,2338],[829,1831],[121,452],[134,880],[6,226],[133,1551],[-97,3039],[-182,3756],[-205,802],[-1465,3834],[-91,429],[12,639],[43,950],[54,857],[109,694],[79,436],[90,359],[315,1254],[345,1380],[418,1309],[169,530],[224,-32],[188,39],[224,39],[369,70],[381,55],[176,-16],[205,-132],[176,-164],[375,-444],[85,-101],[303,-398],[205,-226],[321,-77],[145,202],[230,288],[236,172],[291,23],[339,31],[430,47],[193,0],[188,-86],[200,-140],[223,-171],[309,78],[236,62],[381,16],[279,-234],[103,-218],[60,-312],[170,-390],[218,-140],[248,304],[109,226],[193,257],[164,109],[224,8],[206,23],[332,94],[267,-70],[145,-250],[224,-85],[200,195],[84,187],[158,280],[308,-164],[152,-194],[236,-94],[218,-54],[357,-39],[205,-86],[128,-187],[248,-296],[224,-148],[544,-343],[533,-257],[339,-86],[484,0],[587,0],[381,-39],[230,-101],[176,-148],[309,-460],[484,-1005],[115,-180],[175,-218],[218,-233],[272,-242],[327,-164],[242,-23],[303,47],[278,132],[339,179],[188,39],[496,-62],[503,-117],[290,-54],[303,-32],[157,16],[375,86],[218,93],[515,257],[393,195],[194,125],[314,148],[291,70],[103,16],[551,7],[502,-54],[139,-8],[260,140],[67,211],[60,1083],[55,273],[242,249],[315,140],[387,55],[115,-16],[315,-117],[732,-288],[291,-195],[223,-125],[176,-109],[200,-194],[72,-187],[12,-351],[-90,-756],[72,-460],[109,-249],[182,-171],[423,-172],[194,-397],[-79,-390],[-139,-374],[-199,-335],[-224,-257],[-164,-172],[-200,-335],[-84,-389],[-12,-304],[96,-444],[79,-273],[-30,-382],[-321,-280],[-127,-172],[48,-436],[236,-187],[1017,-826],[581,-530],[775,-546],[1077,-685],[545,-374],[97,-47],[514,-335],[260,-226],[164,-281],[54,-210],[37,-351],[-37,-405],[-205,-1005],[-97,-366],[60,-187],[218,-180],[6,-436],[-91,-218],[-127,-257],[-12,-413],[30,-242],[61,-265],[212,-584],[109,-257],[-6,-437],[-115,-288],[-158,-280],[182,-273],[266,-179],[182,-413],[78,-335],[230,-320],[303,-47],[351,70],[109,-296],[54,-265],[55,-249],[54,-358],[6,-281],[237,-203],[223,156],[243,-46],[242,-343],[72,-296],[-84,-359],[-49,-226],[-24,-343],[-18,-428],[30,-382],[36,-398],[18,-397],[-36,-312],[43,-272],[66,-421],[-230,-234],[-315,-195],[-217,-140],[-85,-319],[48,-273],[-48,-382],[72,-366],[303,-289],[248,-241],[-12,-296],[-145,-250],[-121,-342],[42,-312],[-66,-249],[-19,-273],[-121,-382],[-199,-265],[109,-475],[-31,-437],[-18,-296],[-181,-241],[-321,-94],[-79,-296],[-230,-382],[-181,-78],[-261,-148],[-96,-132],[-31,-366],[-236,-367],[-175,-194],[-254,-320],[-176,-280],[-242,-297],[-272,-420],[-491,-764],[-944,-1512],[-375,-787],[-182,-834],[-72,-794],[18,-881],[175,-693],[466,-1076],[612,-1052],[345,-335],[333,-109],[435,-8],[61,24],[775,358],[272,187],[351,211],[484,265],[248,116],[176,16],[260,164],[91,218],[212,187],[181,31],[242,125],[212,-16],[278,-8],[339,219],[176,264],[303,187],[223,102],[267,132],[212,63],[175,0],[230,23],[133,179],[224,257],[145,47],[303,31],[297,102],[326,202],[91,133],[218,265],[272,148],[230,39],[212,0],[267,171],[96,140],[230,195],[333,-55],[242,133],[55,280],[212,367],[357,109],[320,171],[194,218],[248,273],[345,-31],[182,16],[194,241],[145,211],[296,23],[73,-226],[297,-70],[242,257],[121,226],[296,241],[375,-31],[182,148],[188,55],[211,8],[273,-78],[242,-55],[315,-257],[145,-249],[369,85],[369,71],[230,-63],[273,-23],[157,-62],[182,-172],[229,-164],[194,-46],[230,101],[363,70],[363,-8],[261,125],[115,273],[66,296],[103,234],[206,140],[242,31],[248,-148],[188,-23],[302,-289],[206,-109],[297,-62],[212,78],[169,117],[212,124],[175,39],[255,-132],[78,-226],[158,-234],[90,-179],[218,-273],[206,-140],[133,-187],[188,-179],[199,-328],[-60,-218],[-24,-350],[-61,-312],[49,-211],[-67,-288],[-73,-421],[-115,-272],[-102,-172],[-249,-335],[-66,-366],[30,-195],[103,-397],[54,-328],[67,-218],[151,-272],[188,-258],[91,-257],[-49,-241],[43,-374],[-194,-335],[-103,-304],[24,-367],[-145,-459],[-272,-219],[-170,-46],[-218,-257],[-36,-203],[-24,-319],[-12,-359],[-97,-171],[-145,-219],[-182,-70],[-151,-187],[-158,-210],[-248,-226],[79,-249],[73,-413],[115,-211],[224,-101],[-73,-444],[-242,-218],[-139,-320],[-79,-249],[-24,-281],[30,-444],[-145,-210],[-139,-148],[-91,-320],[12,-413],[181,-327],[224,-31],[236,-78],[140,-156],[48,-281],[169,-428],[7,-320],[-49,-436],[109,-187],[-67,-335],[-18,-288],[-72,-398],[-182,-163],[-97,-460],[-218,-257],[-24,-219],[-18,-374],[-157,-436],[-182,-296],[-139,-257],[-200,-374],[-48,-413],[12,-335],[109,-452],[230,-195],[284,-39],[254,-117],[285,-210],[260,-109],[176,-125],[224,23],[320,-179],[31,-413],[205,-156],[188,8],[284,164],[224,-63],[212,-194],[170,-156],[-18,-437],[6,-436],[163,-304],[91,-288],[6,-491],[-176,-343],[19,-327],[-115,-468],[60,-452],[97,-179],[212,-273],[224,94],[175,-179],[49,-437],[72,-312],[37,-233],[-91,-335],[36,-219],[0,-280],[309,-210],[260,31],[206,-335],[-109,-273],[-164,-133],[-90,-413],[-91,-451],[121,-164],[48,-312],[-6,-280],[206,-335],[79,-226],[145,-242],[321,-31],[236,195],[175,78],[218,-156],[285,54],[272,281],[224,86],[181,-149],[303,-140],[121,-234],[345,-54],[182,273],[169,249],[230,-16],[170,-15],[248,-117],[296,-320],[133,-171],[230,-164],[-72,-475],[-206,-226],[-42,-280],[145,-265],[345,101],[72,132],[2258,4130],[454,834],[1931,3382],[726,927],[914,1161],[1355,1434],[745,873],[1882,1348],[2911,1956],[2887,2119],[466,0],[636,8],[587,47],[296,62],[369,117],[321,148],[636,483],[847,670],[859,756],[781,499],[1416,771],[1102,631],[1089,826],[1247,990],[412,359],[454,155],[375,-7],[629,-16],[466,-132],[315,-94],[345,-94],[242,-140],[242,-343],[18,-304],[-151,-179],[-224,-288],[-67,-312],[-224,-109],[-236,-140],[-175,62],[-242,-70],[-127,-148],[-139,-319],[-49,-234],[-18,-335],[-309,-265],[-127,-359],[-133,-288],[-224,-70],[-266,-203],[-67,-187],[-218,-202],[49,-273],[-188,-265],[-200,-343],[128,-195],[290,-233],[133,-125],[158,-288],[-37,-273],[236,-195],[206,-195],[170,-304],[115,-194],[102,-219],[-30,-311],[43,-374],[157,-499],[248,-335],[212,-374],[109,-281],[78,-272],[188,-297],[151,-70],[249,102],[314,0],[158,-351],[90,-249],[230,-203],[206,101],[303,273],[218,-86],[169,-171],[260,-296],[297,31],[242,70],[200,-234],[327,-39],[278,141],[206,-250],[181,133],[206,132],[321,-78],[91,-218],[115,-265],[115,-312],[169,-132],[218,242],[236,-148],[73,-211],[224,-241],[193,23],[297,78],[296,70],[406,156],[375,47],[212,-219],[284,47],[164,117],[127,265],[242,351],[24,288],[194,366],[206,63],[217,-304],[315,-281],[206,226],[79,390],[302,-78],[327,163],[315,-85],[-6,-437],[133,-241],[284,-55],[297,-62],[109,-140],[151,-281],[158,-93],[242,-211],[84,-210],[333,23],[357,55],[369,-55],[103,327],[255,-31],[181,-148],[321,-156],[181,343],[333,63],[127,-172],[206,-296],[188,-335],[169,-8],[248,218],[303,133],[248,156],[345,-148],[182,-211],[169,-187],[158,-249],[242,-125],[266,86],[212,8],[206,-102],[302,-77],[206,-55],[97,-249],[103,-367],[139,-265],[-24,-288],[145,-351],[-6,-358],[79,-405],[217,-390],[200,-148],[254,47],[267,312],[187,319],[242,-125],[230,203],[273,-179],[-79,-343],[254,-281],[194,24],[290,-102],[200,-85],[188,-63],[236,-132],[0,-444],[-139,-444],[54,-398],[115,-257],[297,-148],[453,-23],[684,-47],[297,-31],[303,-195],[205,-273],[85,-117],[91,-413],[-12,-374],[48,-265],[24,-436],[97,-452],[152,-218],[30,-359],[-133,-397],[-43,-429],[109,-397],[267,-109],[278,-109],[254,31],[206,-101],[272,39],[333,39],[272,-226],[206,-320],[267,47],[254,-78],[212,-234],[211,31],[261,-171],[205,-320],[273,-15],[296,101],[188,31],[242,-132],[321,-164],[254,70],[242,-171],[236,-203],[266,-343],[315,-374],[224,-210],[375,16],[139,-312],[230,-187],[103,-351],[121,-163],[351,-187],[200,-94],[260,-47],[164,-148],[97,-233],[145,-281],[194,-179],[332,-31],[243,23],[260,16],[774,85],[237,-23],[236,-86],[587,-701],[2191,-974],[1809,-810],[2512,-1278],[551,-281]],[[649230,311855],[-442,577],[-648,1114],[-1162,1854],[-1041,2572],[-526,1457],[-146,468],[-109,677],[-30,429],[42,397],[85,351],[97,242],[236,561],[115,296],[145,802],[351,1216],[236,709]]],"bbox":[102.01585,16.80307,103.66813,18.08639],"transform":{"scale":[0.0000016522816522816569,0.000001283321283321283],"translate":[102.01585,16.80307]}}