{"type":"Topology","objects":{"districts":{"type":"GeometryCollection","geometries":[{"type":"Polygon","arcs":[[0,1,2,3,4]],"properties":{"CODE":"4301","PARENT":"43","NAME_TH":"เมืองหนองคาย","NAME_EN":"Mueang Nong Khai","NAME_CN":"Mueang Nong Khai","COLOR_IDX":0}},{"type":"Polygon","arcs":[[5,-4,6,7,8,9]],"properties":{"CODE":"4302","PARENT":"43","NAME_TH":"ท่าบ่อ","NAME_EN":"Tha Bo","NAME_CN":"Tha Bo","COLOR_IDX":2}},{"type":"Polygon","arcs":[[10,11,-1,12,13]],"properties":{"CODE":"4305","PARENT":"43","NAME_TH":"โพนพิสัย","NAME_EN":"Phon Phisai","NAME_CN":"Phon Phisai","COLOR_IDX":1}},{"type":"Polygon","arcs":[[-10,14,15,16]],"properties":{"CODE":"4307","PARENT":"43","NAME_TH":"ศรีเชียงใหม่","NAME_EN":"Si Chiang Mai","NAME_CN":"Si Chiang Mai","COLOR_IDX":1}},{"type":"Polygon","arcs":[[-16,17,18]],"properties":{"CODE":"4308","PARENT":"43","NAME_TH":"สังคม","NAME_EN":"Sangkhom","NAME_CN":"Sangkhom","COLOR_IDX":3}},{"type":"Polygon","arcs":[[19,-7,-3]],"properties":{"CODE":"4314","PARENT":"43","NAME_TH":"สระใคร","NAME_EN":"Sakhrai","NAME_CN":"Sakhrai","COLOR_IDX":3}},{"type":"Polygon","arcs":[[20,-11,21]],"properties":{"CODE":"4315","PARENT":"43","NAME_TH":"เฝ้าไร่","NAME_EN":"Fao Rai","NAME_CN":"Fao Rai","COLOR_IDX":2}},{"type":"Polygon","arcs":[[-22,-14,22]],"properties":{"CODE":"4316","PARENT":"43","NAME_TH":"รัตนวาปี","NAME_EN":"Rattanawapi","NAME_CN":"Rattanawapi","COLOR_IDX":3}},{"type":"Polygon","arcs":[[-9,23,-18,-15]],"properties":{"CODE":"4317","PARENT":"43","NAME_TH":"โพธิ์ตาก","NAME_EN":"Pho Tak","NAME_CN":"Pho Tak","COLOR_IDX":0}}]}},"arcs":[[[703077,538862],[-574,-2460],[-427,-1475],[-177,-310],[-280,-182],[-199,14],[-383,112],[-331,71],[-266,154],[-257,253],[-251,394],[-147,267],[-339,801],[-317,787],[-184,506],[-132,408],[-133,407],[-118,548],[-81,380],[-206,717],[-317,379],[-456,-98],[-361,-520],[-133,-436],[-59,-450],[-14,-506],[22,-548],[59,-464],[29,-450],[-15,-590],[-14,-590],[-258,-731],[-339,-309],[-272,-57],[-207,15],[-294,112],[-288,239],[-294,295],[-280,337],[-368,563],[-140,267],[-346,674],[-332,605],[-434,323],[-310,84],[-383,42],[-368,-224],[-96,-478],[44,-717],[74,-745],[22,-422],[-59,-773],[-346,-576],[-294,-155],[-236,-126],[-258,-70],[-398,28],[-530,168],[-302,563],[-118,379],[-81,661],[15,435],[22,478],[-74,914],[-132,801],[-324,225],[-155,-70],[-597,-380],[-213,-422],[-103,-562],[-8,-379],[23,-745],[0,-1054],[29,-506],[74,-436],[302,-408],[-30,-730],[-191,-113],[-317,-126],[-331,-197],[-376,-309],[-265,-239],[-133,-85],[-331,-267],[-273,-154],[-228,-267],[-184,-802],[-59,-562],[-52,-421],[-294,-534],[-265,210],[-170,281],[-206,394],[-177,408],[-250,477],[-288,253],[-250,-98],[-302,-239],[-221,-239],[-206,-379],[-162,-436],[-30,-478],[214,-632],[169,-338],[207,-478],[140,-674],[-332,-436],[-442,225],[-272,42],[-310,-70],[-309,-183],[-324,-211],[-317,-267],[-243,-182],[-361,-43],[-228,281],[-155,394],[-132,422],[-67,506],[-110,506],[-265,407],[-391,141],[-279,42],[-383,-14],[-347,-141],[-316,-618],[-288,-309],[-235,14],[-251,267],[-162,829],[243,717],[236,197],[331,42],[273,0],[265,-56],[368,-141],[214,0],[265,225],[162,689],[15,618],[-66,773],[-288,548],[-221,338],[-235,576],[-273,675],[-250,224],[-280,99],[-413,-85],[-338,-210],[-383,-394],[-288,-309],[-257,-239],[-310,-506],[-302,-211],[-280,-42],[-235,70],[-310,99],[-132,-703],[155,-520],[176,-787],[81,-703],[111,-562],[132,-534],[45,-478],[-8,-689],[-132,-984],[-89,-562],[-191,-759],[-199,-647],[-228,-618],[-428,-885],[-618,-1153],[-295,-337],[-184,-113],[-398,-182],[-191,-141],[-361,-394],[-398,-253],[-272,-70],[-221,0],[-273,281],[-398,450],[-419,562],[-302,675],[-140,436],[-81,646],[-52,576],[-140,478],[-250,169],[-324,-225],[-273,-646],[-140,-464],[-206,-478],[-258,-422],[-199,-183],[-287,-56],[-398,113],[-360,239],[-170,112],[-582,253],[-375,113],[-258,-71],[-317,-421],[-169,-422],[-280,-295],[-346,-141],[-302,-28],[-229,98],[-272,197],[-265,197],[-302,42],[-184,-56],[-288,-155],[-279,-267],[-273,-393],[-280,-478],[-250,-323],[-229,-267],[-383,-380],[-906,-1391],[-206,-352],[-287,-520],[-206,-225],[-413,-182],[-235,42],[-796,295],[-589,281],[-236,197],[-397,421],[-266,268],[-257,112],[-295,-141],[-302,-449],[-302,-506],[-678,-745],[-338,-309],[-207,-296],[-250,-562],[-191,-253],[-361,-225],[-420,-84],[-413,-28],[-257,-14],[-280,-70],[-324,224],[-74,858],[-147,731],[-214,365],[-317,309],[-589,520],[-346,366],[-810,885],[-133,492],[52,436],[206,534],[309,562],[288,520],[250,464],[103,267],[192,576],[140,549],[125,491],[15,689],[-244,520],[-265,56],[-353,-576],[-170,-492],[-309,-520],[-265,-225],[-368,71],[-207,238],[-169,366],[-228,646],[-148,464],[-66,689],[30,408],[103,618],[0,717],[-126,548],[-257,506],[-199,745],[125,534],[184,379],[287,310],[302,632],[383,731],[67,773],[-288,492],[-302,42],[-353,-140],[-354,-225],[-309,-99],[-265,43],[-309,-408],[-8,-633],[251,-421],[110,-478],[-29,-886],[-170,-576],[-375,-1138],[-221,-717],[-74,-394],[-52,-702],[-44,-717],[-147,-380],[-339,-84],[-324,70],[-663,253],[-626,366],[-972,534],[-361,84],[-243,-14],[-287,70],[-177,295],[-140,605],[-66,239],[-413,1293],[-169,422],[-368,421],[-266,113],[-360,-211],[-509,-731],[-338,-604],[-45,-549],[162,-660],[258,-380],[346,-618],[347,-872],[169,-548],[125,-674],[221,-900],[155,-337],[265,-281],[258,-42],[397,0],[221,-268],[177,-787],[-110,-449],[-30,-745],[-29,-478],[-111,-520],[-132,-380],[-184,-492],[-243,-379],[-332,-352],[-309,-618],[-118,-506],[-81,-506],[-184,-393],[-361,-43],[-206,225],[-273,548],[-96,577],[-368,379],[-236,-56],[-581,-197],[-369,-379],[-147,-520],[59,-731],[199,-619],[243,-379],[110,-366],[81,-590],[-88,-717],[-250,-253],[-207,-70],[-471,14],[-376,84],[-331,113],[-413,295],[-176,112],[-339,169],[-339,127],[-353,154],[-199,28],[-288,-140],[-213,-591],[-8,-491],[148,-464],[169,-310],[133,-520],[37,-773],[-81,-688],[-52,-492],[66,-759],[-95,-731],[-148,-337],[-280,-324],[-302,-225],[-198,-84],[-332,-42],[-302,42],[-383,267],[-258,506],[-221,183],[-316,28],[-273,-70],[-258,-169],[-294,-394],[-229,-660],[-184,-745],[-147,-886],[-103,-520],[-118,-323],[-221,-464],[-110,-393],[-133,-506],[-272,-773],[-244,-281],[-353,379],[-103,689],[-22,534],[-140,787],[-243,450],[-361,323],[-280,225],[-442,141],[-390,-268],[-243,-576],[-162,-506],[-22,-562],[81,-408],[191,-941],[29,-281],[104,-1139],[147,-1349],[59,-506],[110,-464],[162,-295],[405,-42],[501,239],[759,323],[368,98],[383,0],[258,-112],[302,-183],[280,-239],[258,-450],[44,-463],[-125,-464],[-280,-267],[-236,-42],[-346,28],[-560,56],[-214,0],[-257,-98],[-428,-268],[-257,-238],[-229,-282],[-221,-477],[-44,-872],[59,-562],[118,-604],[110,-324],[302,-140],[369,267],[228,393],[155,478],[235,183],[317,14],[295,-56],[361,-113],[346,-182],[309,-267],[258,-394],[191,-492],[103,-450],[8,-590],[-81,-689],[-147,-618],[-170,-408],[-331,-478],[-258,-337],[-133,-239],[-169,-548],[-52,-365],[-51,-591],[-111,-632],[-169,-436],[-339,-281],[-471,28],[-383,127],[-376,182],[-324,183],[-265,239],[-280,323],[-140,253],[-346,506],[-250,211],[-302,28],[-221,-745],[51,-731],[74,-731],[-8,-463],[-29,-464],[-66,-478],[-111,-548],[-59,-338],[-29,-1321],[-66,-815],[-37,-703],[-59,-435],[-111,-506],[-125,-394],[-309,-689],[-273,-463],[-243,-675],[-309,-464],[-221,70],[-611,506],[-420,422],[-310,365],[-397,380],[-206,436],[-52,885],[191,450],[-14,590],[-155,295],[-295,267],[-58,703],[36,619],[-338,463],[-214,127],[-250,309],[-325,801],[-213,506],[-302,295],[-280,28],[-427,-154],[-354,-394],[-221,-759],[-73,-787],[-8,-1644],[-88,-759],[-155,-422],[-272,-337],[-236,-169],[-324,-140],[-449,112],[-295,127],[-309,42],[-317,-127],[-214,-239],[-250,-407],[-191,-633],[-133,-576],[-273,-633],[-346,-590],[-353,-436],[-339,-393],[-273,-211],[-471,-267],[-324,-141],[-221,-140],[-361,-408],[-309,-478],[-236,-632],[-515,-1392],[-464,-1011],[-339,-619],[-148,-197],[-338,267],[-140,324],[-361,801],[-280,365],[-125,338],[-74,730],[96,633],[302,660],[331,422],[413,267],[449,85],[354,-113],[279,70],[192,338],[169,731],[-14,576],[-74,731],[29,576],[126,703],[154,464],[170,309],[361,492],[567,927],[81,633],[-229,590],[-434,127],[-361,-113],[-258,-154],[-243,-43],[-258,-14],[-250,85],[-206,154],[-243,338],[-243,548],[-229,843],[-243,1026],[-140,450],[-287,436],[-398,168],[-346,-154],[-177,-183],[-375,-450],[-332,-183],[-854,-224],[-471,-155],[-479,-56],[-420,56],[-714,126],[-376,-295],[-111,-407],[74,-633],[125,-379],[229,-534],[221,-506],[81,-352],[44,-745],[-30,-435],[-162,-745],[-243,-619],[-147,-717],[-52,-477],[37,-591],[170,-604],[154,-323],[302,-633],[361,-590],[317,-352],[464,-295],[412,-211],[302,-84],[361,-239],[192,-436],[59,-407],[-52,-506],[-147,-548],[-111,-281],[-206,-984],[-88,-394],[-258,-1729],[-221,-1588],[-22,-267],[-81,-829],[-125,-1153],[-96,-449],[-236,-535],[-294,-379],[-325,-295],[-346,-506],[-280,-619],[-81,-267],[-493,-1658],[-52,-155],[-243,-674],[-442,-1097],[-257,-281],[-464,-309],[-479,-281],[-302,-183],[-273,-267],[-412,-281],[-324,169],[-170,463],[-154,408],[-251,183],[-353,-548],[-66,-731],[-207,-773],[-338,-309],[-185,-408],[37,-450],[-162,-534],[-412,-225],[-361,28],[-280,-379],[29,-422],[310,-829],[154,-506],[-169,-745],[-331,-28],[-221,562],[-67,520],[-81,478],[-213,436],[-405,-310],[-74,-534],[-59,-435],[-184,-478],[-442,-576],[-368,-183],[-251,562],[59,843],[-118,563],[-360,126],[-229,408],[-7,407],[132,759],[192,492],[88,661],[-265,520],[-427,267],[-295,154],[-316,15],[-339,-352],[-96,-548],[0,-380],[96,-646],[140,-394],[191,-548],[140,-632],[-191,-759],[-383,-211],[-287,28],[-361,169],[-442,-14],[-369,-141],[-338,-590],[36,-394],[229,-576],[361,-562],[169,-253],[317,-647],[213,-717],[-29,-590],[96,-365],[309,-366],[435,-84],[287,520],[235,646],[155,872],[118,506],[302,225],[214,-70],[500,-253],[361,-197],[199,-239],[177,-591],[0,-421],[-15,-675],[15,-520],[140,-464],[258,-421],[243,-197],[353,-56],[214,70],[442,253],[353,323],[450,394],[500,281],[494,169],[280,70],[361,0],[464,-14],[471,-14],[243,70],[265,225],[1149,1869],[575,815],[353,239],[265,71],[317,-43],[199,-365],[22,-506],[0,-618],[96,-1012],[96,-422],[309,-1026],[324,-689],[523,-1335],[125,-394],[280,-281],[368,42],[214,183],[368,141],[354,-464],[176,-534],[74,-366],[29,-716],[244,-506],[279,-71],[170,-182],[272,-549],[192,-1082],[73,-534],[258,-703],[177,-281],[493,-632],[479,-478],[258,-450],[125,-309],[118,-647],[52,-674],[36,-1546],[-22,-549],[-103,-463],[-169,-605],[-324,-323],[-346,0],[-214,-548],[169,-337],[251,-535],[125,-295],[118,-520],[66,-773],[-258,-731]],[[610739,427896],[-184,71],[-346,56],[-302,-380],[-103,-534],[-140,-351],[-184,-366],[-302,-604],[29,-857],[369,-436],[29,-450],[-265,-379],[-103,-956],[-96,-647],[-250,-140],[-251,323],[-339,886],[-434,225],[-383,-436],[-302,0],[-199,351],[-206,323],[-192,183],[-309,28],[-236,-14],[-272,-56],[-420,-155],[-412,-42],[-302,-98],[-199,-506],[-8,-464],[347,-534],[103,-745],[117,-534],[236,-281],[-44,-576],[-383,-239],[-287,281],[-398,337],[-199,-28],[-243,-295],[-184,-408],[-133,-450],[-324,-548],[-316,0],[-369,-323],[-272,-309],[-81,-295],[118,-605],[-376,-309],[-412,-197],[-89,-632],[170,-562],[375,-408],[-88,-562],[-251,-239],[-279,-281],[-214,-169],[-376,-42],[-294,169],[-243,28],[-103,-830],[235,-660],[52,-450],[22,-492],[59,-717],[7,-379],[81,-534],[170,-366],[154,-365],[96,-520],[-44,-478],[-59,-633],[258,-239],[-74,-801],[-44,-745],[96,-323],[-140,-703],[-265,-112],[-369,98],[-213,492],[-317,183],[-155,-295],[-184,-352],[-81,-506],[-73,-576],[29,-815],[-118,-843],[-118,-436],[15,-633],[273,-548],[88,-815],[-214,-731],[-235,-506],[-280,-604],[-125,-562],[176,-577],[302,-182],[140,-338],[30,-688],[213,-773],[280,182],[258,-168],[324,239],[125,295],[103,520],[391,14],[73,-619],[-81,-449],[221,-450],[251,295],[228,-562],[7,-703],[361,-407],[317,154],[442,-169],[287,-309],[15,-407],[-118,-506],[-59,-380],[-265,-365],[-361,337],[-434,-295],[-273,-661],[162,-590],[398,-197],[287,71],[435,84],[206,-337],[-133,-605],[-346,-323],[-147,-408],[-118,-534],[-66,-393],[-118,-520],[-148,-605],[45,-351],[397,84],[280,28],[295,-225],[169,-323],[170,-365],[103,-464],[-383,-352],[-236,141],[-339,-126],[-29,-759],[405,-296],[434,-126],[-29,-661],[59,-365],[-155,-745],[-427,0],[-339,-295],[-353,-478],[-361,-492],[-339,14],[-258,492],[-206,-98],[-147,-535],[44,-744],[199,-183],[353,98],[339,281],[332,-253],[265,-955],[154,-661],[52,-295],[132,-773],[82,-605],[36,-618],[37,-394],[74,-562],[73,-731],[45,-702],[66,-422],[-118,-759],[-44,-492],[-405,14],[-206,506],[-369,-169],[-176,394],[-413,239],[-140,-478],[-22,-576],[7,-422],[30,-590],[-15,-352],[-51,-562],[-162,-351],[-361,-576],[-184,-296],[-376,0],[-111,563],[67,435],[294,408],[302,492],[37,857],[-317,183],[-279,197],[-236,464],[-324,224],[-391,-14],[-279,-196],[-391,-464],[59,-492],[287,-366],[148,-618],[-162,-492],[-243,-281],[-324,281],[-325,576],[-383,-393],[-338,-295],[-391,-127],[-7,-562],[184,-604],[88,-464],[-154,-703],[258,-647],[221,253],[66,689],[449,-98],[-15,-675],[207,-801],[228,-590],[-22,-520],[44,-478],[-44,-464],[-229,-436],[-243,-28],[-228,520],[-140,380],[-287,140],[-309,-183],[-324,-449],[66,-773],[236,-211],[316,-99],[302,-98],[273,-211],[184,-225],[390,-506],[302,-295],[133,-506],[-118,-450],[-317,71],[-169,253],[-243,281],[-302,-113],[-280,-211],[-398,-252],[-184,-296],[-110,-534],[-37,-843],[66,-380],[133,-562],[117,-478],[236,-421],[206,42],[251,407],[294,802],[184,42],[369,-408],[324,-337],[213,-183],[354,-140],[376,-99],[-207,-759],[-368,-492],[44,-407],[-14,-577],[-354,-239],[-331,-210],[-288,28],[-257,-141],[-199,-562],[-111,-506],[-154,-506],[-273,-155],[-339,-154],[-405,337],[81,675],[66,393],[-191,816],[-390,-127],[-428,0],[-206,-703],[89,-478],[-177,-829],[-449,408],[-325,253],[-272,351],[-302,-534],[-103,-717],[-273,56],[-316,169],[-111,-632],[118,-380],[15,-534],[-199,-703],[-228,-576],[-214,-141],[-265,99],[-317,225],[-434,435],[-266,492],[-198,534],[-221,253],[-236,-548],[37,-379],[59,-1054],[125,-422],[51,-562],[-44,-717],[-103,-576],[-162,-338],[-353,422],[103,520],[103,422],[-8,520],[-191,731],[-420,-267],[-132,-1546],[-45,-549],[-88,-604],[-147,-394],[-280,15],[-89,702],[-66,520],[-206,422],[-376,-14],[-339,-98],[-147,-183],[-66,-689],[66,-548],[118,-689],[44,-407],[8,-647],[-74,-801],[7,-759],[-162,-843],[-316,-253],[-251,-99],[-464,-84],[-295,155],[-147,351],[30,689],[228,520],[265,562],[37,492],[-140,464],[-331,365],[-273,337],[-140,310],[-184,449],[-162,225],[-354,239],[-287,-126],[-132,-464],[-81,-661],[-280,-520],[-207,-168],[-235,-225],[-280,-492],[-236,-338],[-294,-337],[-310,-169],[-199,-56],[-449,-70],[-457,-141],[-412,-309],[-295,-267],[-95,-703],[287,-477],[221,-57],[383,-253],[221,-337],[154,-309],[192,-534],[74,-492],[7,-591],[133,-407],[287,-1054],[103,-310],[272,-604],[501,-956],[700,-1194],[398,-577],[766,-1602],[434,-871],[52,-155],[73,-815],[23,-801],[-15,-436],[-148,-604],[-360,-394],[-428,-253],[-412,-225],[-354,-295],[-486,-576],[-383,-464],[-405,-464],[-427,-337],[-199,-70],[-280,0],[-228,140],[-265,366],[-309,646],[-251,492],[-199,309],[-250,239],[-229,-70],[-272,-169],[-192,-98],[-486,-211],[-368,-155],[-427,-253],[-508,-309],[-508,-295],[-133,-84],[-678,-534],[-14,-14],[-715,-773],[-140,-197],[-375,-703],[-52,-126],[-471,-998],[-420,-970],[-74,-787],[67,-731],[117,-548],[339,-464],[287,84],[347,380],[397,323],[567,436],[494,309],[582,351],[324,-42],[258,-309],[162,-422],[29,-506],[-96,-759],[-147,-492],[-412,-239],[-251,-267],[-405,-562],[-383,-450],[-361,-323],[-243,-225],[-250,-168],[-229,-155],[-206,-478],[-22,-675],[354,-463],[397,-464],[265,-366],[597,-998],[169,-407],[170,-591],[191,-618],[67,-337],[66,-633],[37,-773],[-74,-632],[-243,-759],[-361,-773],[-184,-239],[-280,-225],[-398,309],[-198,323],[-162,338],[-258,759],[-184,534],[-162,435],[-347,788],[-279,407],[-325,0],[-198,-548],[-288,-829],[-191,-1026],[-22,-71],[-354,-1236],[-316,-85],[-185,169],[-375,478],[-229,351],[-206,253],[-280,0],[-427,-267],[-199,-56],[-294,70],[-354,267],[-184,211],[-324,520],[-206,380],[-324,759],[-413,843],[-412,351],[-427,-140],[-376,-225],[-184,-689],[125,-745],[81,-787],[125,-675],[236,-590],[228,-534],[184,-689],[96,-618],[155,-506],[250,-633],[251,-196],[442,-127],[419,56],[317,225],[663,408],[221,98],[272,99],[221,42],[280,-99],[199,-632],[140,-928],[66,-829],[30,-604],[81,-900],[81,-534],[199,-703],[184,-365],[221,-225],[353,-267],[398,-211],[236,-155],[316,-182],[273,14],[331,253],[214,281],[295,295],[331,351],[383,296],[250,196],[207,253],[235,310],[428,309],[375,267],[486,169],[427,-253],[244,-394],[301,-506],[310,-548],[154,-478],[30,-534],[96,-422],[191,-421],[-346,-577],[-354,-576],[23,-857],[7,-422],[-37,-689],[-74,-618],[-58,-478],[-96,-618],[-273,-1308],[-125,-520],[354,-477],[338,-197],[170,-801],[-383,-478],[-221,-28],[-243,-225],[59,-689],[265,-98],[383,-28],[-37,-816],[-434,-14],[-531,14],[-228,-14],[-339,-126],[-412,-394],[250,-688],[-22,-774],[-295,-28],[-250,-295],[-192,-267],[-294,-576],[-44,-562],[0,-563],[95,-351],[251,-253],[199,28],[353,183],[206,0],[354,-225],[147,-126],[450,-352],[360,-183],[280,-253],[8,-506],[-391,-337],[-405,-112],[-280,-127],[-184,-407],[52,-717],[280,-352],[228,-112],[354,14],[213,56],[265,169],[324,323],[214,141],[317,-211],[206,-422],[140,-337],[272,-576],[133,-225],[287,-408],[302,-365],[405,-436],[472,-436],[221,-225],[213,-238],[287,-338],[170,-211],[434,-604],[67,-84],[419,-619],[376,-604],[118,-197],[250,-464],[155,-323],[199,-408],[103,-660],[15,-900],[-177,-632],[-243,-478],[-192,-323],[-162,-281],[-265,-521],[-206,-365],[-398,127],[-309,281],[-376,351],[-280,351],[-280,436],[-243,267],[-302,239],[-405,309],[-486,127],[-331,0],[-361,-85],[-221,-702],[184,-478],[317,-787],[213,-506],[192,-436],[88,-520],[-22,-562],[-147,-562],[-44,-563],[44,-759],[155,-730],[221,-422],[220,-394],[288,-618],[169,-450],[170,-295],[235,-239],[206,-169],[332,-210],[339,-183],[361,-84],[287,0],[309,182],[155,239],[302,422],[213,168],[280,-168],[339,-422],[361,-436],[147,-562],[-147,-379],[-258,-745],[-103,-675],[302,-295],[192,-70],[287,-28],[346,253],[147,239],[133,492],[265,407],[236,-112],[280,-506],[206,-661],[-96,-492],[-302,-646],[-15,-661],[89,-450],[-59,-520],[-184,-239],[-258,-309],[-111,-478],[-103,-337],[-95,-478],[0,-675],[22,-393],[-30,-591],[-22,-618],[66,-576],[177,-675],[88,-407],[89,-506],[7,-591],[-250,-562],[-295,253],[-375,520],[-324,84],[-339,338],[-207,759],[-250,267],[-191,281],[-332,407],[-206,197],[-354,-534],[-7,-520],[-133,-478],[-169,-731],[74,-562],[125,-787],[199,-759],[162,-773],[449,0],[103,450],[147,534],[214,393],[346,-56],[74,-351],[118,-534],[59,-633],[36,-829],[126,-337],[66,-577],[-15,-337],[-132,-562],[-162,-464],[-155,-506],[-214,-408],[-147,-224],[-317,-57],[-235,591],[-155,435],[-287,436],[-287,-379],[22,-619],[125,-464],[140,-759],[-368,-168],[-258,-281],[-413,28],[-228,267],[-302,-183],[22,-590],[-361,-28],[-228,-338],[-199,-534],[-390,-941],[280,-563],[198,-365],[170,-225],[228,-351],[273,-211],[353,-534],[192,-366],[243,-478],[44,-590],[-81,-450],[-420,-28],[-331,-28],[-214,-618],[-15,-1504],[398,-394],[221,-112],[140,-534],[383,-352],[199,155],[280,-28],[176,-689],[15,-492],[-258,-365],[155,-759],[111,-506],[-52,-647],[-133,-646],[266,-296],[419,-295],[74,-576],[52,-464],[125,-773],[103,-632],[-15,-731],[-29,-408],[-30,-576],[-22,-520],[-368,-506],[-287,-647],[-435,296],[-265,351],[-243,14],[-243,-211],[-361,70],[-317,127],[-228,-155],[37,-674],[-118,-577],[-435,-267],[-316,-407],[-236,-450],[-133,-436],[-117,-745],[-52,-576],[0,-520],[-221,-464],[-412,380],[-214,337],[-295,42],[-66,-829],[280,-436],[29,-787],[-368,-520],[-250,506],[-324,450],[-251,-113],[-118,-773],[243,-1026],[177,-1068],[103,-745],[295,-534],[228,183],[258,14],[221,422],[140,365],[331,141],[15,-858],[-125,-520],[-22,-379],[22,-520],[74,-591],[88,-435],[199,-422],[206,-281],[611,-689],[656,-548],[353,-450],[118,-365],[258,-520],[199,-183],[427,-84],[287,-253],[221,-281],[15,-816],[-302,57],[-273,70],[-272,-113],[44,-730],[243,-127],[310,-225],[-15,-689],[29,-997],[-427,-29],[-81,619],[-353,42],[-302,14],[-243,-576],[301,-337],[266,-338],[221,-351],[103,-380],[29,-646],[-88,-815],[-22,-408],[-89,-562],[30,-394],[184,-407],[250,-717],[-537,-562],[162,-787],[405,-43],[280,-154],[184,-141],[228,-365],[133,-844],[73,-393],[-118,-815],[-397,-71],[-346,-421],[-111,-745],[-184,-436],[-287,-478],[-229,-281],[-250,127],[-280,534],[-420,-211],[-140,-464],[-221,-590],[-88,-380],[-118,-464],[-206,-562],[-155,-351],[-228,-534],[-96,-225],[-397,-1110],[-185,-520],[-147,-774],[-692,-1841],[-413,-956],[-353,-548],[-405,-323],[-958,-956],[-228,-365],[-162,-309],[-354,-380],[-213,-660],[-96,-436],[-258,-239],[-339,-14],[-154,-366],[-74,-463],[-434,28],[-310,-281],[-287,-619],[-265,211],[-398,-141],[-272,-393],[-428,-281],[-442,-56],[-272,-127],[-103,-520],[302,-464],[206,-590],[-110,-492],[88,-801],[103,-562],[302,-661],[-29,-520],[-214,-604],[265,-647],[376,-28],[176,-408],[-73,-590],[-228,-970],[44,-759],[294,-309],[192,-281],[169,-478],[52,-857],[-59,-422],[-111,-450],[-103,-576],[-228,-534],[147,-717],[295,-492],[199,-773],[-288,-379],[-29,-520],[140,-773],[-15,-464],[-213,-422],[22,-759],[-89,-829],[-110,-534],[-170,-787],[-154,-464],[-140,-309],[-361,-71],[-265,-604],[221,-380],[44,-463],[-258,-450],[-206,-380],[-74,-660],[111,-773],[-184,-478],[-273,-436],[-88,-407],[-391,-478],[-279,-183],[-229,-731],[-184,-660],[-221,-253],[-243,-352],[59,-534],[140,-408],[-7,-477],[22,-577],[95,-548],[-316,-323],[-346,-422],[-310,-281],[-398,-140],[-213,-225],[-339,-211],[-405,-351],[-192,-408],[-346,-28],[-206,84],[-236,-407],[-198,-619],[-295,84],[-155,-435],[-375,154],[-295,-534],[-228,-168],[-288,267],[-287,112],[-287,-646],[-147,-717],[-332,309],[-375,422],[-229,295],[-405,-56],[-7,-844],[309,99],[302,-520],[8,-436],[-185,-408],[-471,-281],[-221,-112],[-302,604],[-287,436],[-346,-267],[-199,-169],[-236,-225],[-191,-267],[-140,-590],[-74,-787],[-354,98],[-353,70],[-250,-421],[-185,-352],[-316,-435],[-391,365],[-383,-155],[-198,-295],[-391,-126],[-125,-576],[-214,-352],[-361,-84],[-191,-352],[-309,282],[-258,-29],[-162,-477],[-427,70],[-295,0],[-169,-380],[-280,-225],[-184,-646],[-302,-295],[-339,197],[-449,168],[-229,183],[-287,-436],[-206,-140],[-280,323],[-228,140],[-420,338],[-295,-534],[-376,-520],[-228,70],[-250,239],[-148,379],[-309,-112],[-412,-28],[-207,183],[-302,-394],[-36,-801],[-391,-380],[-331,239],[-251,169],[-412,-84],[-184,618],[155,703],[-192,225],[-376,-295],[-427,126],[-154,337],[-199,324],[-265,281],[-457,-99],[-273,113],[-213,660],[-236,436],[-302,-661],[-15,-520]],[[546389,129476],[-294,296],[-170,421],[45,745],[117,366],[229,449],[331,239],[228,338],[295,618],[390,295],[244,239],[103,787],[-288,253],[-353,211],[-258,281],[-7,562],[154,506],[266,408],[301,84],[251,-42],[191,605],[-44,801],[354,56],[177,197],[132,576],[-214,717],[-154,632],[-162,745],[-96,492],[317,562],[729,1223],[-7,42],[-641,2207],[-383,1138],[-162,422],[-597,928],[-390,520],[-1643,1883],[-589,605],[-169,168],[-486,394],[-781,604],[-2438,1687],[-420,295],[-854,928],[-251,168],[-279,99],[-5001,3401],[-1658,16192],[-375,3823],[-545,5453],[-339,70],[-943,323],[-22,15],[-655,210],[-295,113],[-368,112],[-310,99],[-280,70],[-353,70],[-383,0],[-486,-14],[-361,-28],[-302,-42],[-280,-56],[-346,-85],[-508,-112],[-494,-127],[-346,-84],[-2070,-562],[-302,2755],[-88,1574],[66,520],[236,1068],[140,590],[125,591],[30,534],[-133,815],[-280,534],[-184,155],[-825,365],[-81,169],[-140,1743],[-125,773],[-103,829],[-155,225],[-965,492],[-7,801],[96,295],[22,633],[-162,309],[-8,618],[74,773],[30,787],[-89,492],[52,619],[-8,351],[-36,759],[-155,520],[-258,14],[-302,366],[-22,520],[133,632],[-8,520],[30,394],[59,520],[-37,548],[-81,407],[-12418,26452],[-147,-1166],[-641,-3922],[-552,-3598],[-995,-2853],[-559,548],[-302,-520],[-1194,1251],[-36,295],[147,4891],[-170,773],[-257,155],[-2541,295],[0,1546],[-59,99],[-1046,112],[-44,731],[-177,703],[-111,351],[-758,28],[-420,0],[-346,-407],[-332,-85],[-360,281],[-339,267],[-324,352],[-192,267],[-302,506],[-523,1138],[-162,366],[-265,253],[-228,14],[-398,-127],[744,-1560],[515,-1082],[15,-183],[-898,-3921],[-310,-1602],[-140,-619],[-390,-1518],[-626,-2867],[-368,-1588],[-243,-1111],[-67,-688],[-14,-1069],[81,-1503],[-37,-788],[-133,-618],[-280,-464],[-132,-154],[-523,-577],[-74,-801],[-22,-1012],[228,-562],[273,-112],[353,-127],[104,-337],[-30,-1012],[118,-619],[66,-857],[22,-394],[184,-562],[140,-323],[251,-380],[236,-168],[198,-183],[207,-632],[-103,-647],[66,-604],[228,-1054],[228,-914],[339,-408],[192,-674],[-67,-478],[-66,-394],[-88,-703],[-67,-702],[-58,-548],[-74,-450],[-265,-1476],[-125,-281],[-258,-225],[-413,-408],[-316,-295],[-339,-225],[-280,-126],[-700,-42],[-596,-28],[-818,-43],[-913,-28],[-619,-28],[-368,-42],[-405,-169],[-693,-239],[-729,-281],[-552,-225],[-494,-84],[-265,-70],[-3056,-619],[-2063,-337],[-434,-126],[-413,-239],[-692,-450],[-412,-253],[-346,-183],[-347,-351],[52,-1012],[66,-576],[52,-324],[228,-843],[52,-183],[869,-2867],[596,-1954],[538,-1827],[155,-548],[95,-618],[59,-577],[89,-590],[51,-675],[273,-632],[302,-141],[59,-632],[36,-829],[45,-942],[59,-689],[125,-1138],[287,-2305],[339,-2769],[213,-1841],[229,-1785],[184,-1097],[302,-1546],[132,-843],[126,-1209],[95,-1138],[81,-942],[45,-871],[-8,-1265],[-7,-788],[-184,-1054],[-118,-716],[-133,-703],[-118,-605],[-58,-787],[29,-576],[96,-450],[51,-421],[45,-689],[29,-619],[-22,-688],[-30,-436],[-95,-857],[-96,-703],[-52,-337],[-1009,520],[-942,590],[-30,28],[-722,464],[-338,253],[-1230,478],[-1282,267],[-118,14],[-1443,84],[-126,0],[-434,42],[-1414,141],[-1657,295],[-612,98],[-839,268],[-1216,1040],[-235,168],[-685,281],[-509,155],[-132,14],[-972,112],[-906,-28],[-693,71],[-1023,421],[-324,127],[-310,0],[-250,-99],[-464,-351],[-295,-239],[-287,-84],[-413,267],[-243,450],[-132,632],[-37,661],[22,702],[66,577],[45,520],[-22,801],[-126,1180],[-59,436],[-434,1279],[-508,1504],[-899,2207],[-221,197],[-339,84],[-832,-127],[-81,-14],[-1171,-281],[-611,-56],[-1621,127],[-1848,323],[-2026,899],[-434,197],[-737,169],[-611,815],[-199,169],[-309,-43],[-199,-168],[-324,-183],[-243,-731],[-369,56],[-368,141],[-74,-590],[-228,-366],[-317,70],[-272,408],[-162,197],[-376,309],[-250,394],[-287,182],[-487,-154],[-309,-85],[-191,-168],[-383,-478],[-273,-506],[177,-562],[-184,-408],[-148,-843],[192,-703],[-405,-323],[-324,-141],[-287,-112],[-398,-14],[-199,-563],[-383,-520],[-103,-520],[44,-829],[-37,-618],[8,-492],[-280,-436],[-273,-155],[-272,43]],[[438850,157531],[228,1560],[589,3949],[1363,6466],[965,4778],[309,1546],[81,928],[773,6536],[545,4343],[862,4469],[155,1237],[235,1982],[118,956],[177,1265],[1053,4947],[192,984],[633,3486],[464,2600],[464,2713],[89,815],[250,2670],[471,605],[-147,534],[-59,618],[221,380],[170,478],[206,632],[169,703],[133,450],[59,744],[7,338],[7,927],[8,141],[22,1490],[110,1982],[243,2881],[8,70],[-15,998],[-66,1139],[-221,2206],[0,99],[-81,1574],[-59,3050],[-22,421],[-52,745],[-51,717],[-140,4189],[-45,1026],[-73,1686],[-435,5145],[-154,1110],[-332,3921],[-162,2390],[-1399,3289],[-1230,3289],[-1053,1813],[-1525,2164],[-302,590],[-199,731],[-59,534],[-228,745],[-258,-56],[-302,-56],[-221,-42],[-287,84],[-96,843],[295,506],[-59,478],[-265,352],[-302,435],[140,548],[-126,450],[-154,759],[-133,295],[-228,394],[-81,450],[-66,562],[-428,-253],[8,-590],[-221,-366],[-243,197],[-229,520],[-162,337],[126,605],[29,632],[-199,253],[-280,183],[-147,675],[66,379],[-88,618],[199,366],[316,197],[273,70],[199,112],[1083,-1152],[795,-239],[1252,-703],[744,-1546],[854,-14],[-250,1363],[-37,2249],[309,1307],[207,1195],[795,1349],[15,1898],[-243,365],[-1046,998],[7,1307],[30,520],[-15,422],[-59,829],[81,562],[140,689],[331,605],[273,42],[317,-380],[397,-436],[391,-196],[375,-324],[324,-126],[406,-183],[257,-98],[229,-85],[250,-84],[398,0],[353,-140],[420,-225],[339,-338],[206,-210],[-169,8419]],[[448955,299882],[773,-858],[1201,-1110],[1023,-773],[958,-661],[582,-407],[935,-366],[530,-126],[678,-183],[1149,-183],[1046,-112],[869,140],[552,113],[987,478],[1451,688],[693,296],[1171,829],[618,407],[715,619],[1097,1054],[1090,1377],[715,1237],[928,1518],[493,872],[516,1012],[493,1166],[530,1448],[435,1096],[295,1335],[338,1406],[280,1082],[148,1125],[110,1658],[74,717],[66,970],[22,1237],[15,773],[-125,1068],[-184,984],[-1311,3008],[-928,1841],[-354,731],[-2747,4750],[-582,1040],[-155,225],[-339,520],[-419,717],[-354,605],[-199,435],[-515,844],[-1797,2445],[-1289,1588],[-855,1378],[-780,1785],[-796,1560],[-434,843],[-457,2544],[-516,3219],[-14,3050],[88,4216],[147,2123],[398,3134],[759,3177],[1009,4005],[508,2109],[1068,3443],[1149,3008],[1348,2881],[817,1813],[987,2305],[1031,1996],[2048,2755],[2261,2544],[1723,1785],[3057,2024],[1716,1096],[1120,647],[1929,801],[1702,422],[523,196],[1458,520],[596,99],[3462,1138],[2129,745],[1649,633],[2497,1180],[1599,858],[530,309],[1981,1195],[1156,801],[1717,955],[1539,521],[1200,590],[936,197],[758,323],[869,548],[2004,1532],[272,548],[5664,4287],[420,380],[869,829],[935,1054],[1886,2122],[980,1336],[876,1138],[1245,1954],[766,1560],[1465,2951],[1341,2938],[162,464],[795,1939],[1164,3739],[832,2755],[788,2811],[354,2825],[560,3219],[110,562],[391,1953],[456,2474],[707,4793],[685,2572],[862,2727],[552,1869],[722,2080],[921,2081],[125,295],[420,1237],[346,576],[420,998],[2357,3036],[1738,1897],[1731,1377],[1532,1364],[685,309],[1657,689],[898,267],[1186,253],[1267,-42],[2364,-99],[1834,-211],[81,0],[678,29],[987,-15],[1591,197],[221,28],[1031,310],[95,56],[708,421],[235,169],[648,492],[737,633],[1326,1222],[1340,1392],[74,70],[795,843],[1046,1223],[825,1167],[1959,2628],[670,829],[648,1111],[1238,2150],[825,1335],[1605,2643],[1061,1672],[1760,3064],[1193,2066],[936,1785],[1856,3163],[1134,2193],[994,1686],[1002,1673],[1606,2445],[1834,2643],[456,660],[560,689],[302,379],[435,535],[1200,1433],[339,394],[1635,1743],[1274,1335],[1775,1040],[1164,478],[1281,379],[22,14],[2431,1406],[1554,759],[1193,618],[1967,309],[4912,1027],[1547,281],[1517,210],[96,29],[788,379],[810,408],[1923,941],[3616,2249],[1473,844],[1746,1110],[3203,2305],[685,576],[1967,2263],[1775,2333],[1628,1912],[250,281],[1782,1869],[1952,2010],[2357,2488],[1834,1701],[2762,2853],[2077,1785],[2747,2403],[2136,1898],[1635,871],[2166,1279],[3601,1855],[1296,478],[3602,661],[4095,351],[1886,-126],[2010,-577],[1599,-759],[2217,-1236],[3144,-2263],[1525,-1153],[2445,-1869],[1930,-1757],[1591,-1532],[1274,-1377],[1002,-942],[1112,-1012],[1510,-1434],[1414,-1644],[1164,-1307],[670,-1040],[803,-1434],[530,-787],[331,-464],[862,-1068],[494,-717],[626,-1124],[604,-1195],[331,-633],[258,-562],[375,-1124],[774,-2207],[803,-1939],[810,-1870],[479,-1040],[2010,-3556]],[[411562,459239],[-67,-5664],[-191,-3963],[-177,-5651],[-133,-2024],[-147,-2881],[-339,-3331],[-154,-1785],[-133,-1349],[-169,-1813],[-273,-1293],[-331,-1617],[-8,-42],[-184,-1096],[-626,-3317],[-537,-2460],[-435,-1602],[-611,-3626],[-1937,-9881],[-1304,-5144],[-3278,-11540],[-1716,-5003],[-324,-1434],[-1546,-6128],[-479,-2024],[-479,-2488],[-169,-843],[-457,-2896],[-383,-3780],[-88,-2952],[-22,-2179],[198,-2150],[236,-1757],[206,-1490],[177,-1110],[125,-1237],[22,-829],[-14,-1307],[-184,-1589],[-229,-1293],[-132,-506],[-37,-520],[-74,-801],[30,-632],[3027,-4751],[2018,-1279],[2961,-1209],[1701,-464],[1760,-56],[221,-14],[1127,-42],[1915,-914],[1414,-309],[332,-84],[589,-141],[943,-168],[5914,-675],[2187,506],[1437,829],[1281,197],[170,-14],[817,169],[884,98],[766,0],[935,-323],[1260,-689],[537,-408],[958,-744],[1171,-1195],[1532,-1743],[2777,-4090],[839,-1462],[626,-1251],[634,-1237],[464,-688],[574,-815],[383,-689],[567,-1279],[567,-1673],[906,-2347],[678,-1490],[913,-1954],[523,-1124],[759,-2431],[758,-1350],[862,-1447],[1996,-3683],[1083,-1897]],[[438850,157531],[-1171,-4625],[-111,-407],[-420,-1518],[-773,-2558],[-361,-1855],[-427,-2685],[-147,-829],[-221,-2783],[-184,-4189],[-266,-8559],[-162,-3683],[-346,-3528],[-155,-1166],[-684,-3345],[-472,-1799],[-648,-2024],[-368,-1195],[-567,-1462],[-1400,-2192],[-1141,-1181],[-1032,-773],[-2717,-3148],[-1407,-1603],[-228,-140],[-332,14],[-324,112],[-1554,844],[-353,281],[-545,970],[-347,773],[-51,112],[-700,1940],[-213,745],[-1061,4047],[-3057,9080],[-1127,3444],[-456,1251],[-604,1461],[-420,548],[-501,661],[-405,267],[-1348,-759]],[[410044,126075],[-655,1167],[-236,534],[-184,815],[-383,1391],[-832,2966],[-729,2024],[-538,1349],[-1017,2235],[-220,351],[-545,844],[-1061,1124],[-722,520],[-2187,914],[-1024,857],[-2313,2263],[-1738,2108],[-1363,1420],[-1288,1588],[-2077,3078],[-1083,1448],[-685,1152],[-184,464],[-140,858],[-111,674],[-228,647],[-295,590],[-287,506],[-353,253],[-317,380],[7,562],[-110,548],[-177,745],[-206,-28],[-265,337],[-199,422],[-81,548],[7,506],[-96,632],[-442,141],[-353,239],[-258,253],[-302,604],[-294,548],[-332,0],[-302,338],[-213,168],[-221,591],[59,857],[309,661],[-22,478],[66,618],[-177,703],[-243,239],[-353,-85],[-221,281],[-140,422],[-111,478],[-419,408],[-354,-28],[-8625,12705],[-7,14],[-2585,3809],[-170,253],[-626,1055],[-920,1447],[-1039,1785],[-891,1476],[-641,928],[-965,1433],[-1428,2657],[-627,1124],[-1694,2418],[-1031,1532],[-1296,1574],[-1517,2122],[-346,562],[-1444,2797],[-214,534],[-103,647],[22,394],[52,548],[66,492],[199,1124],[74,1068],[0,1743],[-147,1139],[-199,1110],[-74,436],[-221,1560],[-169,787],[-413,2010],[-412,1237],[-420,1124],[-1230,2642],[-1112,1940],[-295,464],[-523,590],[-427,478],[-685,773],[-1525,1420],[-287,140],[-442,85],[-272,98],[-287,309],[-280,323],[-317,169],[-560,183],[-648,70],[-803,-70],[-1163,-85],[-671,-112],[-1208,-309],[-1303,-562],[-516,-225],[-1163,-281],[-8,0],[-1156,-43],[-405,-98],[-545,-323],[-899,-900],[-596,-506],[-833,-717],[-37,-14],[-81,-28],[-1325,-1293],[-1238,-1082],[-825,-618],[-331,-197],[-479,-324],[-537,-126],[-501,56],[-508,197],[-273,183],[-346,351],[-339,408],[-1119,1996],[-332,323],[-317,-56],[-397,-267],[-229,-71],[-353,-56],[-376,-281],[-324,-394],[-434,-801],[-354,-773],[-125,-450],[-37,-506],[-52,-815],[-88,-435],[-110,-436],[-170,-436],[-221,-281],[-442,-141],[-390,141],[-177,239],[-265,731],[0,646],[-287,548],[-280,-56],[-302,-140],[-236,-155],[-280,-98],[-265,84],[-191,323],[-368,-140],[-332,-155],[-280,-42],[-280,14],[-191,14],[-287,28],[-266,28],[-331,57],[-346,70],[-361,56],[-331,42],[-347,0],[-324,-56],[-442,-211],[-280,-239],[-279,-154],[-288,28],[-235,42],[-243,42],[-243,14],[-457,-14],[-339,14],[-236,14],[-243,0],[-287,85],[-317,154],[-434,225],[15,-829],[-111,-619],[-250,-351],[-207,-506],[-125,-576],[-353,-394],[-332,28],[-294,71],[-346,-296],[-649,-913],[-545,-717],[-243,-253],[-287,-112],[-368,42],[-368,70],[-398,-323],[-265,-141],[-376,-84],[-353,28],[-185,211],[-265,182],[-324,253],[-309,563],[-567,927],[-192,619],[-125,562],[-52,801],[-287,281],[-375,85],[-317,56],[-236,267],[-44,759],[-346,253],[-295,-28],[-177,309],[-184,506],[-221,112],[-294,-225],[-310,239],[-243,253],[-184,310],[-81,492],[-110,393],[-192,394],[-294,604],[-310,-253],[-110,-394],[-221,-702],[-354,-338],[-265,28],[-96,717],[-346,141],[-235,548],[-288,211],[-272,211],[-199,112],[-354,14],[-346,-169],[-103,563],[-368,506],[-405,-14],[-449,98],[-450,112],[-235,338],[-192,421],[-317,408],[-59,436],[45,520],[257,717],[-66,702],[-15,633],[111,520],[-103,815],[-96,534],[-15,576],[-81,802],[-51,534],[206,787],[7,632],[-88,408],[0,548],[-44,464],[-236,492],[-272,-141],[-221,323],[-207,689],[-140,422],[-36,520],[-361,548],[-192,436],[-154,323],[-185,323],[-346,408],[-346,-84],[-214,-57],[-353,141],[-192,-352],[-353,-449],[-199,-520],[59,-689],[37,-717],[-184,-450],[-302,183],[-435,28],[-412,-351],[-52,-619],[-81,-562],[-88,-421],[-177,-464],[-405,-42],[-258,154],[-265,183],[-250,-169],[-258,-421],[-111,-394],[-324,-351],[-162,660],[-346,295],[-383,-154],[-295,168],[-287,675],[-125,829],[-88,464],[198,506],[-184,464],[-353,267],[51,745],[-176,337],[-339,548],[73,703],[148,506],[66,548],[-133,759],[-154,338],[103,702],[324,380],[22,492],[-412,295],[-347,365],[-110,759],[-339,-42],[-228,211],[-118,492],[66,576],[103,703],[8,576],[-52,858],[-73,492],[191,674],[390,-14],[354,169],[125,450],[133,660],[228,113],[125,618],[-118,366],[-235,379],[-103,717],[132,520],[-7,759],[162,745],[375,-520],[89,-380],[265,-379],[221,-28],[287,351],[118,422],[96,674],[-81,408],[-148,703],[37,393],[236,338],[405,-29],[302,-239],[258,-56],[258,450],[-140,661],[-207,267],[-331,-71],[-442,85],[-368,56],[-221,28],[-339,-323],[-331,506],[147,492],[295,0],[154,239],[59,604],[-390,211],[-427,-155],[-170,141],[-309,253],[-162,-647],[177,-351],[117,-689],[-316,-140],[-383,98],[-37,576],[51,352],[-206,590],[-346,197],[-376,-295],[-58,843],[58,703],[-265,210],[-339,478],[-265,408],[-390,141],[-250,112],[-221,-56],[-177,702],[110,605],[-191,815],[-140,478],[-361,422],[177,730],[199,71],[309,98],[177,506],[-184,436],[-332,393],[-73,324],[-15,646],[15,450],[66,843],[15,577],[-45,576],[-125,309],[-317,141],[-265,-478],[-265,365],[-29,731],[-354,126],[-221,71],[-250,-394],[-37,-379],[-111,-478],[-139,-309],[-207,-534],[207,-366],[331,-492],[-15,-520],[-280,-351],[-353,-169],[-236,197],[-280,407],[-272,324],[-148,393],[-14,745],[14,759],[251,675],[-44,520],[-37,436],[-118,590],[280,464],[449,196],[22,535],[15,688],[206,548],[339,-463],[155,-773],[302,534],[81,815],[176,393],[229,478],[169,380],[147,548],[-221,576],[-162,99],[-324,365],[-243,-126],[-228,-253],[-324,-43],[-206,57],[-67,702],[310,436],[324,366],[147,435],[140,731],[-44,492],[-214,618],[-228,183],[-221,352],[81,632],[140,267],[272,309],[288,506],[287,253],[383,-365],[214,-253],[176,-281],[354,492],[-30,534],[-265,674],[44,450],[-22,787],[89,436],[147,365],[221,380],[140,225],[221,548],[-265,731],[-221,379],[-59,633],[-155,660],[-398,338],[-375,-99],[-221,-14],[-324,239],[243,661],[236,436],[132,477],[354,520],[397,296],[236,154],[169,661],[-272,604],[7,843],[273,253],[324,-140],[110,-436],[-7,-731],[133,-337],[235,-295],[450,0],[353,281],[354,-141],[169,-140],[265,-239],[317,56],[177,619],[36,548],[-169,520],[-339,464],[-258,154],[-434,-197],[-250,591],[309,393],[132,380],[170,506],[434,0],[347,14],[220,731],[-243,562],[-316,576],[-22,759],[169,127],[287,225],[332,-71],[287,-464],[427,113],[30,548],[66,618],[-214,520],[-265,71],[-383,365],[-243,492],[199,661],[199,281],[449,28],[243,-253],[280,42],[162,-646],[295,393],[-15,534],[-59,731],[-15,633],[126,351],[265,576],[309,1040]],[[284504,317872],[147,127],[722,618],[479,408],[228,197],[273,14],[272,-647],[324,-492],[737,28],[309,211],[280,450],[155,365],[95,450],[-140,689],[-397,42],[-258,-169],[-420,-168],[-265,534],[-74,534],[-140,660],[-103,422],[-125,675],[398,351],[309,-393],[236,-211],[346,-183],[265,-28],[228,70],[266,155],[309,56],[376,197],[265,267],[346,407],[228,450],[199,478],[192,661],[147,590],[81,773],[-162,450],[-199,421],[331,464],[398,-140],[280,14],[199,351],[-30,647],[0,435],[89,549],[339,491],[272,127],[405,225],[243,154],[229,127],[221,562],[-243,394],[-339,267],[-405,197],[184,787],[250,-28],[354,42],[338,56],[420,197],[317,520],[-140,449],[-346,-14],[-192,689],[531,436],[257,253],[347,351],[257,352],[428,210],[140,-534],[-37,-506],[191,-646],[206,-42],[317,-310],[346,-337],[332,408],[464,-57],[177,-590],[412,-351],[96,-844],[-184,-84],[-324,70],[-369,-506],[22,-421],[177,-717],[52,-970],[125,-562],[272,28],[361,-365],[273,-605],[250,352],[383,1194],[170,380],[199,239],[360,450],[185,379],[191,492],[221,422],[302,379],[346,42],[199,-168],[309,-85],[67,675],[22,604],[383,239],[243,-464],[147,-182],[287,-169],[236,-112],[273,-408],[147,-843],[412,-14],[324,941],[376,956],[214,351],[235,267],[405,268],[236,295],[273,618],[-170,829],[-250,-239],[-354,-112],[-250,422],[29,688],[155,717],[309,323],[184,-140],[236,-281],[258,14],[280,548],[110,576],[30,647],[0,970],[-81,449],[-273,310],[-287,295],[-251,379],[-191,380],[-88,562],[302,661],[405,815],[280,140],[456,-140],[391,98],[-15,520],[-339,422],[-88,450],[309,421],[214,380],[-185,801],[-309,84],[-405,-28],[-309,394],[66,618],[324,1195],[390,-281],[258,-394],[405,-211],[339,-112],[427,211],[-88,632],[-420,703],[-81,295],[-118,1181],[-199,1560],[-95,421],[250,563],[250,-42],[324,238],[347,-407],[36,-872],[391,-112],[118,661],[287,295],[243,-647],[427,-126],[155,590],[361,42],[184,-506],[353,436],[8,562],[73,675],[207,548],[434,309],[442,-928],[88,-435],[15,-647],[346,-281],[295,366],[199,-267],[-22,-802],[449,-210],[118,1222],[191,759],[391,-42],[405,-1110],[147,-281],[361,548],[-66,562],[280,520],[257,267],[-147,703],[169,675],[310,14],[405,98],[-59,759],[-206,28],[-148,576],[-302,57],[-221,-183],[-648,253],[-59,520],[52,871],[-398,-211],[-235,380],[-8,787],[-729,422],[-258,379],[111,759],[235,352],[339,182],[155,-745],[309,-449],[332,576],[287,407],[199,155],[309,-70],[162,0],[295,197],[258,492],[184,281],[272,84],[611,-141],[251,563],[-280,421],[-619,815],[-29,352],[228,520],[442,-211],[361,-112],[530,1363],[118,394],[221,491],[251,225],[213,113],[280,464],[-140,477],[-766,1069],[-434,787],[-162,688],[154,520],[317,-224],[250,-197],[376,0],[906,197],[398,-352],[-170,-478],[-81,-379],[118,-590],[435,-1125],[449,113],[-52,660],[140,548],[192,225],[324,197],[191,14],[192,689],[-89,478],[-235,182],[-531,-112],[-294,70],[-258,337],[-74,689],[118,703],[177,464],[206,281],[361,-141],[324,-42],[265,239],[376,169],[184,-71],[309,-168],[302,-99],[170,352],[-287,2066],[-8,393],[140,506],[324,155],[236,-393],[199,-492],[972,-759],[287,-366],[118,-421],[-361,-506],[-324,-113],[-243,-548],[-74,-1279],[207,-703],[316,-787],[273,-408],[235,-126],[347,-14],[272,-14],[287,351],[133,450],[59,520],[132,2403],[-14,689],[-15,394],[-74,576],[-324,1391],[-81,675],[8,408],[162,674],[434,141],[361,56],[280,380],[-15,562],[-221,379],[-493,197],[-361,-14],[-273,-98],[-412,70],[-162,604],[81,408],[427,351],[670,-56],[383,-84],[317,323],[-7,773],[-15,703],[74,871],[272,436],[273,-169],[338,-773],[339,-309],[295,70],[191,338],[67,801],[-199,548],[-398,464],[-221,604],[147,619],[192,14],[471,-239],[346,28],[244,140],[22,886],[-266,140],[-368,211],[-191,225],[-126,689],[376,478]],[[328791,390538],[368,112],[280,14],[287,-126],[192,-239],[560,-759],[685,-1026],[375,-436],[442,-112],[251,238],[324,408],[213,169],[376,281],[125,98],[339,324],[405,407],[258,70],[236,-449],[-59,-394],[-494,-801],[-155,-619],[148,-787],[405,-421],[317,84],[302,590],[88,619],[287,379],[354,267],[405,338],[375,239],[457,84],[243,-380],[15,-393],[-155,-661],[-169,-239],[-162,-393],[-30,-633],[184,-351],[383,-155],[295,71],[184,28],[302,-99],[214,-140],[405,-225],[471,-183],[184,-112],[369,-408],[169,-548],[110,-871],[148,-506],[302,-99],[368,281],[574,464],[207,155],[265,225],[287,365],[177,366],[118,407],[81,562],[250,647],[206,197],[310,281],[265,225],[280,225],[228,154],[368,84],[184,43],[243,351],[-44,703],[-132,492],[-118,365],[-309,661],[-251,435],[-294,464],[-406,562],[-464,675],[-198,619],[184,548],[140,126],[375,0],[287,-197],[391,-28],[317,42],[383,113],[427,169],[390,210],[221,225],[302,548],[302,647],[280,675],[250,421],[376,71],[331,-85],[243,-140],[428,-281],[257,-99],[258,-28],[346,141],[258,239],[339,407],[250,394],[162,253],[243,576],[89,534],[-125,787],[-133,478],[-214,633],[-176,534],[-192,477],[-206,506],[-118,352],[-132,492],[-258,1082],[-111,520],[-118,604],[-81,338],[-140,506],[-125,365],[-250,506],[-170,281],[-287,478],[-258,548],[-110,450],[-88,436],[-155,843],[-133,857],[-103,605],[-169,857],[-59,394],[-74,646],[-7,661],[73,871],[37,534],[59,900],[52,534],[81,408],[118,478],[530,2473],[493,1827],[354,1448],[184,492],[427,717],[2593,3851],[2342,3373],[3226,3992],[2386,2994],[1436,1433],[2468,2643],[2585,2305],[1348,1096],[493,773],[671,1153],[508,646],[486,351],[788,521],[523,196],[641,-14],[500,99],[693,239],[633,604],[751,506],[730,267],[1281,337],[1186,563],[1392,576],[1407,717],[501,182],[508,28],[847,155],[825,295],[766,450],[626,408],[736,337],[1422,562],[3461,1968],[2438,1588],[2144,1420],[1480,1194],[781,830],[508,337],[272,183],[310,-14],[501,-380],[456,-337],[310,-141],[198,-84],[494,-211],[22,-14],[619,-225],[898,-239],[2129,-450],[1804,-702],[1849,-1111],[1237,-365],[1510,-28],[2004,182]],[[847539,726654],[221,-942],[265,-1040],[213,-787],[15,-436],[96,-815],[258,-422],[147,-140],[118,-605],[88,-323],[354,-590],[847,-1279],[383,-886],[442,-984],[110,-253],[626,-1363],[523,-1139],[133,-337],[478,-1223],[273,-492],[309,-702],[251,-563],[206,-337],[236,-323],[-45,-815],[266,-394],[184,-604],[-22,-731],[95,-661],[-44,-450],[162,-730],[206,-759],[-169,-563],[287,-435],[265,-534],[-14,-717],[324,-562],[353,-211],[89,-478],[287,-295],[295,-394],[117,-407],[148,-675],[118,-267],[147,-506],[0,-857],[191,-380],[243,-731],[-44,-773],[-339,-56],[0,-675],[-36,-478],[162,-435],[-126,-633],[-228,-323],[-221,-127],[-250,99],[-302,-408],[-251,-436],[-353,-309],[-206,-267],[-317,-576],[-354,-28],[-419,-211],[-258,-464],[-133,-674],[-287,-296],[-206,-337],[-207,-337],[-198,-380],[-162,-435],[-428,84],[-375,-408],[22,-435],[-44,-689],[118,-506],[176,-506],[-125,-815],[-243,-225],[-236,-534],[-59,-464],[-221,-267],[-272,-464],[-155,-379],[-316,-310],[-288,0],[-95,-618],[-74,-534],[-390,-352],[-155,-534],[-133,-702],[-331,-549],[-287,-267],[-111,-759],[-73,-716],[103,-731],[-118,-408],[-44,-548],[-266,-197],[74,-745],[184,-548],[-29,-506],[-133,-717],[-272,-520],[-265,-421],[-288,590],[-147,492],[-103,520],[-390,309],[-302,-450],[-302,-520],[-229,0],[-258,-281],[-265,394],[-346,576],[-375,-169],[-288,-857],[-59,-450],[-331,-211],[-405,43],[-44,-619],[412,-169],[221,-84],[96,-646],[-368,-394],[-133,-576],[-15,-295],[37,-619],[-133,-506],[-338,-393],[29,-689],[-228,-661],[-339,-56],[-272,239],[-398,253],[-221,-253],[-258,-604],[-346,-366],[-354,408],[-154,-295],[-361,196],[-236,366],[-449,-99],[-229,-477],[-272,-197],[-221,-42],[-302,-310],[-324,-224],[-398,-197],[-456,56],[-258,492],[-317,647],[-302,-71],[30,-688],[125,-352],[-265,-632],[-354,-422],[-243,169],[-213,-450],[36,-520],[22,-745],[-383,-351],[-132,-689],[206,-619],[-339,-604],[-162,-379],[-169,-324],[-368,-337],[-207,-422],[-265,-140],[-228,225],[-413,112],[-405,-28],[-302,-323],[-257,-253],[-140,-352],[-265,-435],[-155,-759],[206,-239],[74,-619],[213,-478],[133,-421],[81,-464],[-162,-576],[-111,-366],[-250,-239],[-273,14],[-213,-14],[-457,-140],[-169,-394],[-251,-464],[-257,-407],[-45,-787],[-169,-450],[-81,-633],[-103,-857],[-88,-632],[-133,-450],[-30,-422],[-331,-393],[-162,-197],[162,-815],[-103,-858],[-15,-576],[-29,-675],[-192,-463],[-110,-535],[-8,-435],[-221,-647],[-243,-703],[-132,-267],[-221,-688],[-420,-295],[81,-717],[552,-42],[244,520],[206,491],[383,-168],[73,-492],[170,-366],[191,-267],[-22,-632],[-250,-267],[-391,126],[-265,-365],[192,-801],[221,-281],[154,-605],[0,-1040],[103,-674],[163,-535],[434,-126],[324,422],[243,-141],[273,-534],[324,-689],[258,71],[309,182],[383,-365],[317,28],[140,-590],[-104,-422],[-235,-365],[-435,-197],[-103,-520],[-133,-605],[-324,-267],[-117,-393],[-37,-689],[-8,-787],[-338,-112],[-332,-253],[-177,-506],[-140,-563],[-198,-309],[-45,-520],[96,-548],[22,-394],[-316,-477],[-244,351],[-375,-548],[22,-745],[133,-829],[191,-141],[324,-225],[177,-618],[-206,-422],[-457,42],[-273,-478],[-14,-716],[-15,-549],[-287,-548],[-287,-42],[-251,0],[-81,-745],[214,-393],[-74,-788],[44,-491],[177,-296],[-184,-660],[-111,-352],[339,-506],[162,338],[310,126],[139,-829],[-176,-422],[-280,-562],[118,-618],[73,-675],[-117,-857],[228,-85],[353,-28],[391,-253],[29,-787],[-346,-604],[66,-619],[273,-168],[317,182],[353,-449],[74,-464],[-8,-633],[-338,-253],[-273,253],[-295,-98],[-44,-562],[-37,-492],[-243,-352],[-397,-126],[-332,-295],[0,-787],[74,-534],[250,-464],[229,-127],[309,-379],[66,-633],[-7,-618],[118,-604],[235,-816],[148,-435],[-59,-549],[-251,-295],[-95,-309],[-391,98],[-272,268],[-339,-239],[-332,-563],[81,-421],[170,-661],[206,-253],[-44,-590],[155,-366],[331,113],[228,-239],[148,-506],[-243,-619],[-258,-379],[-37,-745],[-287,-42],[-287,-590],[66,-380],[7,-520],[30,-815],[-52,-394],[-140,-548],[-361,253],[-427,-379],[-59,-506],[-140,-338],[-236,-337],[-176,-548],[-170,-534],[140,-647],[37,-478],[111,-548],[-155,-843],[-280,-478],[-133,-492],[-73,-548],[169,-506],[317,-98],[420,-113],[258,-28],[265,-253],[-251,-731],[-324,84],[-184,-267],[-155,-379],[-316,-113],[-140,-365],[51,-689],[-7,-534],[-118,-379],[-368,-352],[-37,-815],[133,-506],[58,-857],[199,-394],[288,-84],[265,-464],[132,-717],[-51,-660],[383,-85],[316,-632],[30,-534],[81,-478],[214,-492],[265,-239],[397,-197],[295,-295],[206,-408],[229,-674],[73,-590],[96,-661],[103,-815],[-140,-520],[-44,-380],[7,-618],[184,-591],[133,-716],[221,-661],[353,-295],[214,-183],[236,-309],[368,-422],[206,-225],[354,-379],[125,-98],[309,-282],[405,-168],[369,-14],[405,-141],[316,-154],[273,-197],[427,-338],[251,-435],[147,-253],[353,-338],[273,-210],[199,-380],[235,-534],[391,-323],[560,-352],[412,-309],[714,-534],[310,-56],[331,183],[258,-85],[530,-225],[192,-98],[280,-155],[221,-168],[316,-42],[413,154],[294,141],[229,112],[235,84],[229,-56],[309,-84],[390,-239],[207,-169],[427,-337],[317,-295],[243,-225],[368,-323],[118,-99],[957,-464],[2291,-534],[4662,-885],[1458,14],[3388,-253],[2571,-380],[2040,-463],[2674,-577],[2482,-421],[360,-57],[339,85],[531,492],[331,421],[265,464],[391,1321],[58,506],[148,745],[221,520],[390,787],[169,211],[354,309],[678,506],[1230,1195],[176,197],[825,1068],[435,1167],[346,1068],[376,1223],[390,225],[493,-155],[428,0],[302,225],[-67,-436],[-228,-1180],[-88,-408],[-126,-590],[-140,-689],[-73,-351],[-118,-577],[-103,-534],[-52,-351],[-51,-576],[-44,-816],[-15,-309],[-8,-731],[-14,-941],[-15,-450],[-37,-548],[-96,-577],[-103,-604],[-59,-337],[-147,-605],[-191,-815],[-118,-689],[103,-787],[199,-562],[169,-436],[221,-646],[140,-478],[133,-492],[132,-464],[133,-492],[118,-604],[-59,-703],[-103,-1082],[-118,-829],[-111,-619],[-154,-913],[-23,-267],[52,-844],[37,-843],[66,-1349],[-7,-478],[-89,-1068],[-36,-506],[-15,-844],[22,-548],[37,-1054],[118,-857],[272,-633],[74,-548],[29,-337],[81,-675],[44,-436],[67,-702],[59,-591],[36,-379],[104,-731],[95,-703],[89,-632],[51,-408],[81,-534],[155,-604],[250,-450],[199,-338],[206,-351],[221,-365],[192,-338],[324,-506],[258,-407],[191,-295],[236,-352],[214,-337],[198,-295],[273,-197],[250,-70],[258,-43],[221,-28],[147,-674],[-88,-928],[-111,-1138],[-88,-816],[-59,-604],[-51,-815],[7,-829],[59,-563],[81,-520],[110,-590],[59,-281],[148,-675],[162,-660],[132,-577],[133,-492],[169,-674],[155,-689],[81,-379],[118,-549],[383,-112],[420,-112],[434,-113],[376,-84],[272,-85],[133,-632],[-89,-1237],[52,-140],[648,-267],[361,-155],[280,14],[398,56],[280,-183],[324,-42],[272,-70],[317,-56],[346,-56],[493,-85],[229,492],[140,1673],[427,98],[74,337],[0,563],[243,604],[125,759],[272,309],[317,-281],[309,366],[383,267],[383,-239],[280,-183],[368,-84],[479,-267],[538,-380],[302,-239],[169,-379],[148,-605],[287,-365],[287,-141],[339,183],[420,169],[235,-534],[236,-380],[140,-562],[243,-253],[331,-647],[67,-604],[250,-183],[170,-365],[206,-478],[243,-717],[74,-407],[294,-310],[133,-309],[250,-562],[52,-408],[132,-506],[-37,-478],[-59,-548],[273,-576],[420,-84],[420,-675],[147,-731],[206,-464],[206,-14],[413,-182],[236,-43],[250,-154],[420,-56],[464,-99],[280,42],[199,-28],[272,-56],[250,141],[383,253],[243,281],[199,393],[339,-84],[206,-225],[457,0],[295,-309],[375,-127],[332,211],[331,-225],[118,-534],[236,-365],[272,0],[243,168],[273,-168],[324,70],[346,492],[427,-295],[449,-197],[170,365],[339,520],[331,57],[346,393],[155,155],[324,183],[250,-14],[280,-99],[324,-295],[243,-239],[302,-28],[391,-14],[309,169],[295,84],[405,-267],[258,98],[250,408],[74,632],[81,689],[272,141],[302,84],[265,154],[369,127],[324,253],[198,84],[361,71],[354,126],[449,-70],[339,-183],[272,-140],[450,-155],[309,-28],[221,-183],[88,-506],[199,-253],[221,-464],[148,-534],[257,-520],[243,-281],[266,-28],[390,70],[66,661],[413,365],[88,759],[-214,225],[-169,520],[111,675],[14,660],[361,197],[302,-407],[-15,-633],[280,-169],[236,717],[-258,394],[-96,351],[-235,590],[-59,731],[317,57],[353,323],[162,253],[280,422],[272,351],[170,211],[302,126],[420,183],[331,140],[420,99],[331,98],[243,-112],[332,140],[243,-14],[361,14],[265,211],[272,70],[192,183],[243,239],[265,-225],[206,71],[450,84],[294,-42],[236,407],[206,56],[295,155],[-81,647],[258,674],[110,563],[96,618],[353,253],[111,478],[177,703],[265,309],[235,-71],[221,577],[207,773],[243,506],[206,281],[162,689],[-7,351],[206,506],[-8,506],[185,393],[206,464],[110,478],[74,591],[140,309],[213,435],[243,-112],[354,-155],[619,-196],[-103,-2109],[139,-506],[383,-14],[406,127],[405,-14],[346,112],[154,380],[906,-57],[133,675],[236,1251],[103,112],[1473,352],[663,-70],[88,-43],[390,-267],[582,-449],[641,-408],[972,-647],[199,-42],[1098,183],[1126,295],[531,-98],[486,-42],[317,-155],[221,-141],[228,-492],[140,-267],[302,-182],[118,-872],[-23,-590],[67,-394],[-22,-506],[44,-843],[0,-506],[74,-464],[95,-829],[-7,-576],[88,-323],[-29,-563],[236,-253],[301,366],[413,520],[538,660],[442,591],[493,632],[206,-674],[81,-506],[192,-352],[265,-309],[199,-506],[537,-1391],[155,-408],[228,-436],[1311,-2923],[987,-2418],[398,-955],[508,-1223],[199,-478],[1009,-2165],[1709,-3710],[331,-619],[1665,-3050],[66,-267],[52,-688],[66,-830],[66,-688],[67,-577],[243,-618],[213,-1701],[192,-674],[95,-422],[-81,-731],[104,-506],[346,-604],[81,-703],[118,-394],[103,-941],[88,-422],[133,-576],[88,-380],[88,-745],[8,-590],[7,-506],[-110,-422],[-162,-506],[-155,-716],[-59,-408],[-280,-436],[-66,-464],[331,-1011],[45,-549],[176,-421],[-14,-506],[81,-675],[73,-337],[59,-633],[81,-688],[-96,-549],[-22,-463],[148,-745],[132,-703],[96,-450],[118,-843],[125,-408],[427,-337],[177,-703],[206,-492],[81,-660],[-317,-253],[-265,-436],[-176,-295],[-243,-534],[-155,-71],[-354,-70],[-427,98],[-177,29],[-316,42],[-251,42],[-361,70],[-419,183],[-1039,576],[-272,155],[-435,168],[-331,141],[-383,169],[-590,196],[-766,-42],[-478,-126],[-369,-141],[-287,-98],[-1031,-352],[-1488,-618],[-1046,-155],[-663,-98],[-360,14],[-266,-42],[-928,-183],[-537,-70],[-369,-42],[-662,-42],[-317,224],[-471,619],[-140,267],[-288,112],[-972,-337],[-1554,-590],[-464,-155],[-1097,-211],[-877,-211],[-155,85],[-964,1532],[-567,2544],[-244,112],[-1509,2066],[-302,520],[-361,57],[-575,-211],[-427,-155],[-103,-28],[-449,-169],[-486,-70],[-450,14],[-221,99],[-346,210],[-898,661],[-162,0],[-369,-1307],[-685,-2094],[-169,-689],[-44,-408],[132,-646],[89,-450],[0,-492],[-339,-1518],[22,-548],[-44,-801],[-464,112],[-693,-660],[-316,-309],[-494,-478],[-397,-324],[-229,-168],[-287,-183],[-287,-70],[-199,-155],[-413,-70],[-368,84],[-184,42],[-493,-14],[-111,28],[-442,450],[-729,576],[-420,338],[-162,126],[-339,661],[-279,562],[-185,337],[-198,267],[-295,155],[-280,-28],[-302,14],[-353,126],[-347,197],[-176,14],[-288,-801],[-88,-422],[-214,-1026],[-147,-744],[-96,-689],[-81,-689],[354,-239],[383,-267],[567,-436],[501,-365],[-140,-548],[-663,-1068],[-125,-281],[-148,-506],[-81,-788],[89,-506],[817,-716],[376,-324],[331,-295],[428,-253],[1112,-801],[125,-98],[405,-380],[125,-267],[81,-2052],[125,-506],[509,-281],[44,-14],[788,-239],[324,-56],[589,-141],[774,14],[36,14],[1127,394],[8,14],[1377,731],[228,70],[251,-112],[221,-956],[324,-1378],[258,-1082],[220,-576],[214,-70],[258,-85],[390,-126],[192,-703],[29,-548],[177,-436],[339,-112],[1377,-14],[125,-14],[972,-57],[560,-42],[332,-604],[265,-225],[169,-211],[89,-576],[-45,-731],[-59,-450],[-7,-562],[-162,-534],[-44,-422],[-103,-660],[-155,-829],[-390,14],[-229,-29],[-140,-871],[-213,-1293],[-332,-1223],[-125,42],[-699,408],[-855,675],[-302,196],[-154,43],[-391,-15],[-169,-42],[-700,-717],[-685,-927],[-368,-576],[-464,-802],[-398,-590],[-103,-56],[-435,-183],[-375,-112],[-383,-211],[-295,-253],[-235,-759],[36,-619],[383,-1517],[111,-675],[66,-619],[-37,-477],[-162,-338],[-3115,-3359],[-1510,-1644],[-162,-352],[722,-1827],[140,-70],[442,407],[832,759],[427,-295],[110,-562],[199,-534],[177,-113],[309,-168],[1046,-1209],[1481,-1321],[1038,-661],[1120,-618],[1141,-661],[531,-197],[257,-491],[22,-717],[295,14],[280,98],[420,169],[191,70],[435,253],[169,-70],[589,-886],[516,-801],[147,-225],[597,-998],[169,-224],[295,-141],[96,-408],[162,-534],[412,127],[214,-450],[213,-450],[324,-703],[258,-520],[184,-351],[317,-450],[221,-56],[339,380],[412,-731],[302,-534],[2792,-2699],[169,-211],[309,14],[369,-323],[73,-450],[229,-421],[368,-253],[221,-183],[243,-253],[383,70],[339,-337],[118,-422],[206,-618],[110,-380],[221,-548],[295,-295],[302,-633],[-15,-660],[52,-844],[235,-351],[22,-759],[-221,-604],[369,-478],[280,-56],[397,-71],[184,-323],[435,-154],[243,-296],[147,-351],[199,-520],[184,-42],[288,-225],[154,-337],[339,-422],[250,-155],[280,-182],[67,-563],[302,-449],[125,-366],[228,-492],[398,-464],[221,-267],[243,-281],[191,-197],[251,-562],[228,-267],[236,-70],[294,-141],[251,-84],[397,-365],[177,-478],[302,112],[221,85],[273,-155],[243,225],[368,126],[265,169],[310,-647],[250,-365],[59,-520],[7,-661],[273,-267],[81,-393],[272,-197],[339,-70],[250,-605],[104,-435],[213,-281],[140,-605],[44,-548],[96,-351],[133,-534],[368,-408],[162,-717],[66,-548],[52,-506],[258,-478],[110,-506],[206,-337],[361,-169],[449,-169],[339,-365]],[[960256,369750],[-88,-379],[-103,-703],[-67,-506],[-81,-647],[-228,-295],[-265,-28],[-339,-562],[-353,-548],[-266,-141],[-324,-211],[-228,0],[-236,380],[-162,745],[-368,239],[-280,-29],[-206,71],[-280,-225],[-324,140],[-449,-182],[-339,-28],[-199,-85],[-199,-421],[-177,-394],[-331,-225],[-206,-632],[-184,-338],[-413,-28],[-294,169],[-450,-169],[-132,-506],[-133,-478],[-316,-463],[-354,42],[-287,-197],[-199,183],[-339,-366],[-243,-632],[-206,-492],[-302,-42],[-273,-324],[-228,-379],[-273,-647],[-294,141],[-170,281],[-250,309],[-317,380],[-280,-42],[-390,337],[-206,576],[-273,42],[-419,267],[-273,253],[-317,-98],[-88,-801],[81,-562],[22,-422],[-29,-900],[-67,-745],[111,-463],[420,-366],[235,-267],[398,-365],[221,-239],[125,-534],[-44,-506],[-44,-436],[29,-618],[44,-464],[52,-591],[-44,-393],[-89,-576],[-132,-577],[-96,-421],[-125,-661],[-155,-717],[-147,-618],[-111,-506],[-139,-717],[-133,-576],[-162,-717],[-170,-604],[-147,-408],[-147,-295],[-206,-450],[-177,-759],[-44,-407],[-162,-535],[-155,-393],[-125,-436],[-111,-436],[-147,-590],[-118,-379],[-132,-422],[-170,-450],[-147,-506],[-89,-323],[-191,-661],[-169,-393],[-295,-633],[-133,-478],[-176,-520],[-140,-421],[-221,-759],[-111,-338],[-184,-463],[-110,-281],[-199,-464],[-280,-647],[-147,-492],[-133,-379],[-147,-576],[-184,-759],[-148,-675],[-51,-619],[7,-829],[-22,-548],[-214,-731],[-140,-407],[-132,-324],[-265,-295],[-317,-436],[-162,-421],[-184,-548],[-192,-534],[-213,-478],[-295,-633],[-235,-548],[-266,-394],[-434,155],[-177,295],[-243,394],[-118,239],[-1112,351],[-921,478],[-390,267],[-1024,815],[-1546,801],[-52,-112],[-29,-857],[-302,56],[-708,-183],[-648,-155],[-302,141],[-353,-84],[-184,-211],[-243,-225],[-405,-70],[-361,14],[-346,14],[-177,14],[-1201,-183],[-405,-436],[-272,-421],[-133,-42],[-501,-29],[-272,43],[-229,126],[-272,211],[-332,239],[-338,197],[-214,281],[-162,267],[-361,576],[-236,323],[-508,591],[-390,548],[-243,351],[-236,253],[-155,281],[-243,352],[-176,140],[-715,352],[-331,168],[-420,211],[-66,-28],[-265,-1040],[-199,-576],[-170,-394],[-147,-309],[-317,-239],[-265,169],[-309,210],[-788,-281],[-398,-126],[-243,56],[-236,506],[-206,56],[-383,281],[-398,422],[-191,211],[-280,436],[-309,351],[-332,225],[-361,42],[-405,436],[-346,379],[-265,309],[-346,464],[-450,422],[-265,225],[-434,183],[-265,28],[-251,28],[-243,14],[-751,-56],[-273,801],[-869,2811],[-361,984],[-221,337],[-1038,1560],[-1547,2319],[-1186,1799],[-1075,1617],[-663,1124],[-560,1153],[-419,702],[-207,338],[-1974,2726],[-972,1350],[-88,126],[-2217,3106],[-368,506],[-428,605],[-500,716],[-523,717],[-302,436],[-280,604],[-111,352],[-456,1743],[-214,787],[-545,2164],[-383,1490],[-147,618],[-184,956],[-251,1434],[-103,576],[-51,450],[-96,590],[-118,422],[-125,618],[-103,577],[-96,632],[-133,689],[-147,773],[-199,1040],[-154,787],[-133,871],[-88,605],[-67,337],[-95,604],[-81,520],[-89,675],[-51,422],[-74,520],[-52,492],[-81,674],[-81,549],[-95,548],[-67,351],[-125,619],[-243,759],[-287,576],[-184,351],[-280,478],[-383,647],[-405,730],[-486,914],[-472,857],[-324,619],[-317,703],[-228,773],[-140,492],[-272,1068],[-148,618],[-73,422],[-81,450],[-89,449],[-147,661],[-228,787],[-89,323],[-228,619],[-530,829],[-288,253],[-662,576],[-973,956],[-1141,1391],[-1076,1125],[-257,253],[-339,281],[-700,492],[-1090,506],[-368,436],[-287,492],[-626,1110],[-619,1040],[-206,211],[-671,534],[-574,281],[-309,253],[-361,464],[-15,815],[-169,562],[-288,197],[-206,211],[-272,-323],[-192,-296],[-236,-520],[-191,-590],[-111,-534],[15,-900],[280,-393],[103,-239],[192,-520],[-59,-366],[-243,-323],[-140,-548],[140,-604],[213,-380],[162,-674],[67,-521],[-52,-674],[-339,-506],[-280,-450],[-250,-267],[-236,-126],[-235,0],[-251,-57],[-250,-365],[-383,-394],[-265,-365],[-243,0],[-332,112],[-353,338],[-251,56],[-250,-14],[-273,-169],[-280,42],[-338,-449],[-332,112],[-353,127],[-302,42],[-435,-197],[-442,-113],[-294,-126],[-74,-618],[-155,-450],[66,-520],[-176,-562],[-427,28],[-221,-408],[-118,-351],[-265,-717],[-8,-647],[-73,-857],[-243,-576],[-332,-605],[-331,155],[-170,-127],[-346,-168],[-88,-506],[-59,-661],[-140,-295],[-354,-295],[-265,197],[-420,337],[-243,140],[-361,99],[-279,-127],[-302,-435],[-162,-703],[-273,-211],[-221,-562],[-287,169],[-184,-282],[-67,-562],[-213,-225],[-273,380],[-383,267],[-272,14],[-221,-309],[-324,-197],[-405,211],[-221,421],[-236,211],[-302,-42],[-339,28],[-339,506],[-309,-197],[-427,239],[-199,127],[-390,-70],[-236,-14],[-302,281],[-280,309],[-353,-281],[-273,84],[-184,253],[-199,295],[-309,-56],[-420,365],[-383,492],[-162,338],[-295,225],[-191,28],[-339,-366],[-265,-14],[-184,295],[-221,-112],[-206,-590],[-273,-394],[-177,-422],[214,-562],[221,-745],[-170,-787],[-287,-267],[-456,0],[-155,548],[-287,-98],[-258,-394],[-243,-618],[-251,14],[-265,-394],[-324,-140],[-147,-225],[-118,-562],[-199,-380],[-302,-98],[-51,-534],[184,-605],[-221,-449],[-383,-183],[-295,-281],[-81,-450],[-132,-689],[-369,-435],[-213,337],[-251,520],[-287,-84],[-169,-450],[7,-520],[-324,-225],[-273,169],[-169,182],[-250,267],[-339,-28],[-309,141],[-214,576],[-250,-84],[-288,-99],[-132,506],[-22,422],[176,464],[111,365],[88,450],[22,548],[-294,338],[-207,112],[-272,351],[-221,71],[-236,-281],[-81,-408],[-132,-394],[-111,-506],[-383,-421],[-169,562],[-346,267],[-376,520],[-37,534],[-390,-98],[-177,-352],[-390,57],[-52,843],[-59,689],[-14,548],[36,492],[-110,449],[-199,661],[-376,211],[-265,-534],[-663,-1996],[-184,-801],[-221,-759],[-206,-619],[-140,-477],[66,-450],[560,-689],[155,-351],[-147,-858],[-96,-379],[-287,-619],[-361,-773],[-288,-618],[-559,-1237],[-634,-1405],[-265,0],[-655,1293],[-280,-605],[14,-829],[295,-647],[-37,-632],[-346,-675],[-427,-365],[-206,239],[-74,604],[-435,56],[-117,-421],[-67,-422],[-22,-492],[243,-450],[243,-688],[-110,-436],[-74,-534],[-132,-548],[-30,-380],[-221,-674],[-390,351],[-295,534],[-316,-309],[-420,42],[-398,267],[-44,-562],[-243,-351],[-199,28],[-221,-436],[133,-773],[73,-450],[-66,-660],[-354,-225],[-243,84],[-353,84],[-376,-154],[-81,-464],[280,-506],[-243,-689],[-346,-267],[-317,-492],[-265,309],[-339,183],[-177,-70],[-316,-759],[-265,-928],[-96,-815],[22,-632],[228,-773],[899,-956],[663,-900],[88,-478],[22,-576],[-1024,-4961],[-59,-281],[-729,-3360],[-118,-576],[-780,-3809],[-155,-548],[-722,-2642],[-199,-1729],[-29,-366],[-125,-2206],[-81,-1828],[-118,-3232],[-22,-661],[-22,-520],[-177,-1096],[-66,-253],[-302,-1125],[-170,-379],[-280,-618],[-51,-113],[-1149,-3907],[-52,-169],[-390,-1321],[-59,-843],[-15,-802],[-51,-2431],[-214,-6339],[-66,-1026],[-8,-84],[-147,-928],[-155,-661],[-331,-1405],[-4264,-10064],[-207,-492],[-368,-857],[-862,-1321],[-537,-801],[-1090,-1659],[-685,-717],[-553,-267],[-434,-84],[-678,28],[-619,169],[-1362,1068],[-361,295],[-2062,2811],[-2048,3978],[-199,520],[-213,674],[-317,563],[-508,660],[-700,675],[-788,379],[-457,408],[-7,28],[-383,534],[-140,211],[-346,914],[-125,351],[-369,1406],[-802,2319],[-236,759],[-125,576],[-133,843],[-265,520],[-206,14],[-354,-126],[-257,-211],[-221,-295],[-229,-576],[-228,-872],[-228,-1349],[-74,-478],[-376,-14],[-191,351],[-354,605],[-427,365],[-199,309],[103,661],[590,1476],[383,829],[221,478],[243,323],[383,267],[154,309],[-169,633],[-170,309],[-191,745],[132,562],[-132,548],[-250,85],[-656,-57],[-221,-14],[-228,675],[14,464],[0,506],[15,717],[140,520],[376,140],[346,-112],[339,-169],[501,-379],[184,-42],[375,295],[118,534],[44,351],[37,886],[8,632],[-104,562],[-383,352],[-456,84],[-965,155],[-250,42],[-280,548],[-30,492],[-103,520],[-59,422],[15,604],[-405,84],[-236,-84],[-317,-239],[-81,-604],[-117,-816],[-383,-295],[-199,577],[-214,506],[-236,295],[-353,126],[-221,-84],[-832,-366],[-89,-28],[-265,450],[-88,408],[162,717],[316,-71],[280,-197],[177,-70],[287,253],[22,548],[-88,830],[-88,801],[-52,407],[-66,478],[-280,309],[-273,-84],[-383,28],[-257,281],[-302,478],[-391,141],[-287,-295],[-376,-324],[-353,183],[-30,759],[288,689],[-30,576],[-397,295],[-376,-56],[-236,112],[-169,675],[118,506],[324,436],[213,211],[310,548],[206,421],[213,324],[295,196],[273,-56],[206,-169],[317,-463],[331,-57],[29,844],[-198,295],[-324,408],[-199,534],[7,492],[184,421],[332,85],[257,-43],[347,324],[81,393],[22,647],[0,520],[235,562],[199,-70],[221,-408],[413,-295],[228,267],[221,576],[66,647],[-169,239],[-280,421],[-199,155],[-302,253],[-309,422],[-258,421],[-206,394],[59,646],[338,703],[325,829],[139,408],[59,604],[-59,647],[-44,450],[-81,660],[-59,380],[-162,450],[-302,590],[-331,365],[-251,267],[-876,956],[-678,731],[-272,239],[-361,281],[-530,267],[-339,84],[-368,-168],[-730,-900],[-331,-478],[-795,-1124],[-383,-394],[-398,-281],[-420,-84],[-353,112],[-185,352],[-221,1138],[-206,858],[-66,674],[272,394],[332,98],[331,141],[332,323],[206,281],[250,604],[236,647],[88,408],[104,590],[36,548],[-110,506],[-184,211],[-258,140],[-759,338],[-235,168],[-236,282],[-295,520],[-147,463],[-44,366],[-103,885],[-103,872],[-103,717],[-111,646],[-51,562],[-37,436],[0,492],[29,492],[37,689],[-7,590],[-67,351],[-169,464],[-317,506],[-206,281],[-206,422],[-89,492],[-14,407],[73,506],[133,310],[162,604],[125,703],[22,548],[-169,731],[-251,660],[-287,563],[-302,196],[-486,169],[-427,112],[-317,14],[-456,-28],[-457,-70],[-361,-14],[-331,42],[-266,70],[-500,141],[-236,14],[-346,-169],[-229,-253],[-213,-590],[-22,-590],[7,-731],[-37,-464],[-73,-731],[-45,-674],[-14,-535],[0,-393],[140,-689],[169,-295],[331,-155],[391,57],[353,-183],[177,-394],[81,-576],[0,-351],[-51,-605],[-81,-801],[-118,-815],[-288,-408],[-309,43],[-346,337],[-236,323],[-265,281],[-508,450],[-295,267],[-368,534],[-206,576],[-89,675],[-22,464],[-103,604],[-177,464],[-294,436],[-236,169],[-346,28],[-420,-225],[-140,-394],[-184,-506],[-302,-927],[-280,-520],[-176,-127],[-354,14],[-258,366],[-294,787],[-89,688],[44,366],[162,520],[214,365],[199,450],[110,351],[133,478],[147,661],[111,576],[29,857],[-29,661],[-30,618],[-73,886],[-15,183],[-66,1237],[-45,646],[-22,253],[-125,815],[-118,745],[-199,1715],[-73,731],[-67,632],[-36,408],[-30,646],[-22,984],[-22,492],[-74,591],[-184,618],[-272,309],[-251,42],[-353,-112],[-288,-183],[-184,-126],[-257,-211],[-258,-281],[-339,-520],[-214,-338],[-250,-590],[-59,-548],[15,-731],[81,-703],[29,-337],[15,-590],[-74,-745],[-287,-478],[-368,-14],[-162,98],[-324,338],[-354,505],[-213,436],[-199,506],[-229,914],[-294,1265],[-155,674],[-191,717],[-199,605],[-199,590],[-390,970],[-258,464],[-265,365],[-347,295],[-412,211],[-376,126],[-265,141],[-294,239],[-170,267],[-235,492],[-155,492],[-96,379],[-177,689],[-140,576],[-88,408],[-177,534],[-265,211],[-199,-28],[-316,-239],[-170,-225],[-272,-464],[-648,-1110],[-413,-436],[-457,-84],[-206,112],[-361,422],[-206,393],[-140,408],[-110,365],[-81,745],[-15,324],[-7,716],[44,675],[169,618],[96,535],[66,660],[52,520],[29,506],[8,394],[-45,618],[-59,337],[-154,521],[-324,744],[-442,900],[-766,1195],[-339,478],[-184,267],[-243,477],[-133,450],[-81,506],[-81,506],[-125,1153],[-37,885],[30,591],[-280,28],[-332,126],[-442,14],[-324,-14],[-235,-126],[-339,-155],[-243,-28],[-251,14],[-537,70],[-346,85],[-339,84],[-280,-225],[-243,-647],[-273,-182],[-375,-338],[-15,-463],[-15,-450],[-96,-478],[-331,-70],[-177,-42],[-302,-99],[-420,-126],[-287,-85],[-353,-140],[-302,-267],[-229,-380],[-302,-323],[-441,-42],[-376,-197],[-332,-295],[-287,14],[-258,-98],[-640,-506],[-236,-183],[-354,-183],[-316,-183],[-405,-351],[-376,-365],[-214,-225],[-221,-183],[-375,-84],[-317,-113],[-258,-56],[-434,-436],[-287,-365],[-199,-380],[-207,-182],[-589,-28],[-353,-127],[-236,0],[-1296,450],[-295,126],[-250,113],[-229,112],[-213,225],[-391,84],[-302,-112],[-412,-169],[-265,-56],[-228,14],[-258,113],[-236,253],[-530,702],[-597,998],[-405,239],[-243,197],[-272,309],[-258,211],[-398,422],[-177,745],[-66,449],[-118,1195],[-96,998],[-66,492],[-449,225],[-89,-591],[-66,-674],[-309,-267],[-265,197],[-236,337],[-147,267],[-236,520],[-110,801],[-148,562],[-206,703],[-110,422],[-89,618],[-155,759],[-117,759],[-52,590],[-15,717],[413,309],[331,-196],[368,-127],[185,450],[-199,618],[-148,534],[-66,844],[-228,253],[-52,857],[-44,801],[-317,71],[-257,-619],[-310,-211],[-184,577],[52,309],[-604,154],[-265,-309],[-295,-98],[-228,-394],[-273,-239],[-368,42],[-302,-112],[-273,-239],[-206,-42],[-398,-267],[-66,-703],[-420,-98],[-206,-675],[22,-464],[229,-688],[324,-253],[390,28],[287,-310],[243,-744],[295,-450],[-162,-520],[-147,-717],[-89,-436],[8,-478],[265,-379],[132,-773],[30,-647],[-8,-520],[339,-295],[251,-393],[360,-169],[199,-745],[-154,-689],[125,-632],[-125,-717],[-310,-141],[-316,-281],[-229,-351],[-353,-576],[22,-703],[7,-408],[66,-703],[126,-590],[-170,-660],[-265,-478],[44,-324],[-66,-857],[-317,-520],[-302,-351],[-390,-99],[-206,-435],[-464,126],[-295,225],[-346,-211],[-184,-393],[-302,-85],[-228,-323],[14,-703],[-427,-323],[-361,-351],[-397,-282],[-266,-126],[-184,-492],[-405,56],[-236,-182],[-309,-577],[-265,-197],[-309,-140],[-332,14],[-88,604],[-376,422],[-221,281],[-272,562],[-435,225],[-309,267],[-59,492],[-346,239],[-258,56],[-331,-70],[-207,-408],[-294,-365],[-354,-309],[-427,-253],[-52,674],[-294,506],[-427,-281],[-361,169],[-236,42],[-295,-28],[-375,-408],[-273,-140],[-316,267],[-251,0],[-346,-534],[-302,154],[-258,-70],[-324,-197],[-294,366],[-251,-28],[-317,98],[-162,-197],[-324,43],[-103,-450],[-397,28],[-163,197],[-169,449],[-317,563],[-44,506],[-398,0],[-103,-703],[-316,-337],[-199,182],[-324,-309],[-229,-225],[-375,70],[-346,-520],[250,-534],[-133,-506],[-103,-379],[74,-520],[-7,-858],[117,-646],[74,-506],[103,-647],[-66,-407],[-199,-506],[-162,-239],[-228,-520],[-229,-309],[-309,-436],[-110,-366],[-317,-337],[-103,-393],[-221,-605],[-125,-436],[81,-590],[162,-309],[44,-815],[15,-675],[125,-632],[140,-338],[280,-464],[147,-534],[88,-562],[44,-492],[81,-393],[67,-548],[-22,-506],[14,-830],[-95,-688],[-22,-520],[73,-675],[-88,-576],[-206,-113],[-258,-295],[-354,-112],[-280,-127],[-272,-183],[-346,99],[-383,407],[-243,239],[-214,197],[-287,211],[-184,140],[-317,141],[-324,14],[-442,169],[-243,14],[-309,-56],[-214,-43],[-353,-210],[-199,-900],[-15,-843],[15,-844],[0,-688],[-22,-591],[-15,-1321],[-8,-815],[-14,-829],[-8,-1195],[0,-914],[-29,-927],[-15,-998],[-15,-886],[-7,-1307],[0,-857],[-7,-745],[-15,-942],[0,-1054],[-22,-1181],[0,-997],[-7,-956],[-8,-801],[-7,-1251],[-8,-1518],[-29,-1378],[-37,-1377],[-7,-633],[88,-773],[103,-477],[-95,-535],[-435,-14],[-295,-70],[-191,309],[-280,-42],[-192,-28],[-265,253],[-272,113],[-391,112],[-243,225],[-250,-42],[-287,-211],[-265,154],[-324,380],[-207,197],[-390,281],[-376,407],[-390,85],[-309,-352],[-266,169],[-228,141],[-236,112],[-272,155],[-265,182],[-302,225],[-199,71],[-464,56],[-280,182],[-324,155],[-250,0],[-251,-28],[-302,-28],[-206,-14],[-420,-197],[-552,-112],[-1451,-872],[-457,-506],[-817,-1265],[-943,-1911],[-162,-464],[-295,-675],[-118,-562],[-331,-534],[-199,-309],[-103,-619],[-265,-534],[-103,-604],[-148,-731],[-132,-478],[-214,-351],[-59,-801],[-7,-619],[-29,-787],[-8,-604],[-22,-619],[103,-520],[-37,-436],[-103,-520],[-88,-815],[37,-351],[59,-773],[29,-605],[-22,-407],[-221,-352],[-37,-646],[-154,-295],[-199,-534],[-199,-253],[-273,-366],[-405,-435],[-287,-141],[-302,-590],[-236,-239],[-235,0],[-258,-113],[-376,-239],[-420,-84],[-250,-183],[-228,-112],[-302,-380],[-545,-506],[-258,-154],[-199,-113],[-295,-225],[-324,-253],[-302,-492],[-442,-660],[-287,-380],[-258,-337],[-265,-295],[-545,-590],[-324,-478],[-258,-324],[-383,-491],[-287,-127],[-280,0],[-397,28],[-251,239],[-353,380],[-37,421],[-184,562],[-214,380],[-191,183],[-133,632],[-37,450],[-37,534],[-265,478],[-243,56],[-287,647],[-427,253],[-354,-43],[-169,-126],[-332,-169],[-397,-42],[-464,-14],[-258,0],[-368,14],[-214,70],[-457,408],[22,717],[15,520],[22,1026],[15,646],[15,436],[7,689],[0,590],[-15,506],[8,562],[7,633],[96,534],[110,506],[81,436],[-309,576],[-265,183],[-354,295],[-316,253],[-413,225],[-265,168],[-302,183],[-331,211],[-398,239],[-273,197],[-346,253],[-184,224],[-169,422],[-170,703],[-287,646],[-162,577],[-199,1504],[-309,1532],[-133,702],[-59,802],[8,829],[-8,337],[-51,703],[22,562],[73,337],[59,787],[103,731],[45,787],[36,563],[-51,463],[-184,338],[-177,660],[-265,-28],[-317,281],[-140,408],[-118,506],[-140,562],[-132,576],[-88,773],[-111,422],[-133,436],[-95,562],[-229,759],[-191,618],[-30,703],[59,576],[-257,506],[-192,492],[-361,380],[-302,309],[-294,-267],[-324,576],[-280,1054],[-162,464],[-251,99],[-331,478],[-236,238],[-295,296],[-250,210],[-324,535],[-192,224],[-331,183],[-258,-140],[-265,506],[-118,407],[-456,759],[-22,478],[-155,492],[-22,703],[-37,885],[-155,562],[-125,267],[-339,408],[-199,604],[-324,633],[-132,520],[-22,478],[140,464],[88,576],[-243,450],[-206,717],[7,477],[-7,422],[-37,773],[162,323],[59,731],[250,548],[81,605],[-51,464],[-22,449],[-140,619],[-74,421],[44,661],[44,759],[-169,618],[0,408],[44,801],[0,886],[-132,632],[44,436],[125,843],[44,590],[52,591],[-133,604],[-199,619],[-191,281],[-310,421],[-235,141],[-391,211],[-51,562],[-177,379],[-177,282],[-221,309],[-213,351],[-22,815],[-265,450],[-361,239],[-339,56],[-206,324],[-199,379],[-229,576],[8,675],[15,464],[7,548],[7,703],[-257,421],[-406,-70],[-162,394],[45,618],[0,380],[22,815],[280,4371],[22,393],[147,1589],[66,1222],[-235,253],[-258,731],[-368,281],[-244,-210],[-397,28],[-376,365],[-110,605],[-52,548],[-7,478],[95,744],[-198,605],[-354,0],[-265,154],[-309,282],[-243,365],[-531,900],[-434,463],[-52,57],[-655,927],[-258,450],[-199,492],[-118,450],[-169,562],[-236,393],[-184,155],[-184,478],[-81,576],[-229,647],[-316,112],[-420,-225],[-243,-98],[-184,-394],[-369,-112],[-206,-183],[-294,-28],[-450,169],[-346,154],[-250,113],[-376,-99],[-331,-98],[-221,-155],[-317,14],[-169,450],[-177,534],[-346,408],[-251,-843],[-147,-71],[-331,57],[-207,-717],[-125,-295],[-221,-394],[-162,-309],[-250,-422],[-317,-323],[-66,-520],[-383,-56],[-339,154],[-427,-70],[-457,0],[-302,14],[-375,127],[-354,-99],[-1422,-660],[-603,154],[-1378,661],[-1289,379],[-2084,85],[-2040,0],[-2828,-127],[-1842,183],[-1679,197],[-1142,562],[-235,112],[-428,661],[-95,506],[-44,379],[-23,1490],[-220,942],[-641,1209],[-177,407],[-192,253],[-331,281],[-449,85],[-457,182],[-265,295],[-368,506],[-921,1012],[-383,422],[-619,576]],[[703077,538862],[1024,-1195],[921,-1152],[1001,-1125],[1525,-1307],[869,-407],[869,-295],[567,-267],[626,-197],[383,-239],[545,-155],[369,85],[552,140],[508,113],[913,674],[789,605],[1200,1068],[714,871],[280,534],[347,295],[456,253],[405,197],[398,352],[324,449],[714,703],[641,619],[567,196],[1039,759],[589,534],[980,1167],[1355,1687],[810,1054],[479,674],[523,872],[1001,1827],[2681,5186],[1437,2994],[773,1321],[390,563],[339,604],[390,843],[560,1321],[884,2024],[1201,2811],[677,1490],[177,380],[309,731],[1068,2881],[494,1434],[316,801],[1039,2881],[1060,2614],[1113,3163],[1126,3106],[1532,4301],[641,1939],[199,675],[729,2094],[1753,4526],[427,1096],[958,2376],[243,716],[294,900],[597,1954],[685,2080],[15,56],[486,2389],[530,2235],[427,2108],[906,4006],[678,4273],[228,2656],[221,3050],[236,2755],[162,2347],[177,2277],[81,3781],[-192,2530],[-508,3233],[-442,2811],[-545,2825],[-383,1743],[-442,2488],[-552,2628],[-597,2221],[-736,2628],[-906,3303],[-420,2024],[-339,1940],[-508,2473],[-59,3584],[44,703],[81,5032],[457,6451],[560,2881],[1016,3992],[832,3261],[626,3289],[516,4582],[309,6198],[229,5046],[154,4427],[-287,2249],[-317,1518],[-154,1125],[-140,2656],[22,1195],[162,2291],[302,2839],[582,2586],[7,112],[346,2165],[162,1363],[427,3177],[346,1883],[406,1743],[478,1673],[619,1574],[501,871],[456,900],[464,815],[943,1377],[707,1055],[162,407],[1164,1420],[265,239],[442,590],[390,492],[708,689],[883,716],[788,591],[560,478],[619,534],[2025,1574],[1724,1560],[839,1012],[523,675],[707,927],[906,1307],[1731,2376],[950,1208],[1098,1462],[1082,1532],[1046,1181],[1134,1138],[1068,1012],[1238,1139],[1620,1715],[2018,2080],[1414,1363],[1444,1476],[1701,1616],[1680,1715],[1428,1743],[494,590],[1009,1645],[1053,1714],[744,1378],[1223,2263]],[[797706,801006],[1723,-2629],[309,-745],[288,-731],[-8,-534],[-110,-421],[-96,-689],[-51,-436],[-494,-660],[-103,-745],[221,-295],[272,-169],[302,-56],[214,0],[265,-42],[368,-268],[214,-435],[15,-689],[0,-815],[154,-422],[207,-253],[243,-478],[-96,-745],[-177,-267],[-302,-14],[-294,71],[-339,-14],[-287,-605],[88,-674],[420,70],[280,-70],[221,-731],[-266,-549],[-228,-253],[-221,-238],[0,-633],[81,-281],[391,-225],[198,394],[243,463],[214,464],[199,464],[272,183],[236,-183],[192,-548],[132,-365],[192,-563],[-30,-773],[-250,-309],[-391,-253],[-243,-267],[81,-759],[258,-351],[162,-324],[258,-463],[192,-282],[-15,-660],[-251,-661],[-272,-281],[-449,28],[-369,422],[-331,225],[-339,-323],[-125,-352],[-133,-548],[-73,-548],[-126,-731],[-66,-478],[-74,-787],[-154,-576],[-229,-338],[-191,-281],[-228,-337],[-236,-183],[-280,-14],[-398,127],[-324,-183],[-302,-253],[-199,-365],[140,-830],[192,-590],[110,-450],[383,71],[354,407],[346,-183],[457,-140],[302,309],[368,337],[243,-239],[221,-407],[147,-661],[-316,-267],[-133,-562],[22,-703],[-265,-562],[-420,-98],[-302,-422],[147,-562],[-88,-520],[-287,-56],[-214,-71],[-118,-576],[266,-506],[29,-604],[-155,-520],[133,-717],[-7,-689],[-317,-239],[-52,-660],[-44,-506],[-228,-408],[-229,-464],[-95,-436],[7,-449],[133,-661],[176,-422],[221,-154],[420,42],[243,450],[413,407],[368,-421],[59,-324],[-8,-688],[-265,-366],[-176,-225],[-354,0],[-295,127],[-324,98],[-213,28],[-287,-225],[-214,-674],[309,-562],[288,42],[294,-633],[-199,-435],[-51,-464],[118,-703],[250,-323],[346,421],[30,436],[22,492],[199,436],[294,-366],[-59,-745],[-66,-674],[0,-520],[214,-689],[58,-534],[-88,-450],[-147,-646],[81,-422],[-140,-548],[-295,56],[-346,-28],[-412,-408],[-15,-787],[515,-773],[126,-197],[338,-506],[325,-548],[331,-562],[214,-295],[338,-408],[369,-506],[368,-506],[206,-253],[251,-182],[250,0],[272,477],[126,352],[243,464],[199,281],[206,168],[346,0],[317,-126],[287,-28],[236,28],[272,98],[243,113],[280,0],[376,-211],[221,-689],[257,-717],[317,-14],[339,-281],[81,661],[169,506],[383,84],[295,689],[398,0],[265,351],[125,436],[376,42],[169,-632],[-287,-450],[29,-787],[155,-408],[243,-548],[0,-576],[324,-408],[177,450],[96,520],[7,590],[177,492],[235,619],[192,365],[214,394],[250,-14],[7,787],[-294,492],[162,407],[228,366],[398,-239],[375,0],[221,717],[280,449],[236,253],[368,-281],[-96,-646],[67,-267],[162,-563],[361,-253],[272,296],[376,-211],[103,-759],[177,-42],[390,196],[-15,745],[-103,520],[-169,745],[-206,591],[-185,492],[-103,590],[111,646],[302,675],[169,464],[243,154],[221,-660],[118,-675],[449,-42],[369,28],[0,-703],[103,-393],[272,-366],[273,183],[287,169],[346,393],[280,-140],[118,-773],[-295,-295],[-22,-520],[192,-408],[235,-450],[361,-379],[302,-197],[346,520],[59,464],[346,126],[324,-42],[236,141],[346,112],[199,-478],[273,155],[331,183],[309,-211],[126,688],[-118,422],[213,506],[325,-225],[331,590],[324,253],[346,310],[376,-436],[118,-717],[206,-576],[302,604],[147,281],[302,99],[214,56],[302,-98],[405,-155],[51,801],[258,731],[280,-478],[398,267],[132,478],[118,436],[420,-169],[133,-211],[302,-168],[198,281],[273,449],[390,-210],[273,126],[235,127],[413,14],[191,281],[185,337],[191,731],[177,506],[398,351],[360,-126],[273,98],[250,225],[361,-281],[177,-464],[147,-506],[221,-365],[369,211],[265,225],[257,140],[428,267],[316,-42],[89,-492],[-155,-492],[-110,-801],[7,-520],[-44,-590],[132,-773],[251,126],[434,70],[103,-576],[-287,-562],[199,-394],[442,-267],[346,-14],[206,197],[192,436],[103,618],[346,-56],[88,-745],[457,-56],[-29,815],[110,731],[317,-197],[103,-576],[228,-127],[111,-520],[191,-182],[162,-450],[103,-675],[464,98],[376,464],[177,-731],[280,-281],[405,-210],[132,-619],[265,-253],[369,-211],[353,-267],[-7,-548],[339,-98],[324,309],[265,-225],[118,-450],[346,-14],[339,-407],[243,-113],[361,-84],[37,-815],[287,-675],[191,-56],[251,-352],[169,-351],[155,-478],[110,-660],[324,182],[354,-337],[110,-323],[162,-661],[207,-253],[14,-534],[-169,-492],[59,-450],[15,-759],[228,-590],[236,-408],[-23,-478],[-191,-759],[7,-801],[89,-393],[59,-619],[-22,-702],[66,-563],[37,-520],[-52,-716],[66,-591],[258,-281],[405,-225],[339,-253],[52,-534],[294,-660],[287,84],[163,-351],[-67,-605],[-51,-534],[51,-857],[133,-281]],[[328791,390538],[-2106,2291],[-1319,927],[-1016,900],[-1267,1532],[-1274,1574],[-1363,1391],[-582,380],[-14,14],[-1319,675],[-736,787],[-1304,1321],[-1016,885],[-464,591],[-405,941],[-523,1420],[-184,1068],[-258,1743],[-184,1392],[-339,1475],[-744,2277],[-1245,3767],[-736,2727],[-788,2024],[-928,2516],[-1054,2684],[-1274,2474],[-1038,1799],[-361,632],[-523,1434],[-633,2263],[-560,1827],[-582,1448],[-1333,3036],[-1002,2951],[-140,534],[-140,647],[-73,731],[-45,562],[-51,857],[-199,492],[-155,563],[37,337],[111,562],[73,520],[30,717],[14,703],[-36,393],[-15,787],[51,815],[-110,577],[37,604],[29,928],[-110,506],[-125,590],[-111,464],[-155,660],[-58,1097],[-266,548],[-140,393],[-221,478],[-265,310],[-191,604],[-30,337],[-110,956],[7,506],[-73,394],[-177,506],[7,1138],[44,914],[8,365],[-192,647],[-309,576],[191,801],[140,759],[-29,689],[-66,1743],[243,646],[0,380],[22,1194],[361,5046],[-236,394],[-177,393],[-707,1139],[-155,210],[-994,1153],[-140,98],[-353,113],[-1031,197],[-884,154],[-744,197],[-295,155],[-397,196],[-2608,1448],[-965,239],[-994,42],[-1289,-126],[-1407,-239],[-1642,140],[-795,-28],[-1032,-28],[-869,0],[-596,-70],[-597,-155],[-700,-295],[-766,-478],[-979,-140],[-1319,42],[-412,126],[-243,239],[-309,520],[-494,1040],[-147,295],[-280,282],[-1097,337],[-428,309],[-523,211],[-500,112],[-214,197],[-390,731],[-2630,4512],[-95,126],[-700,591],[-1481,1349],[-1237,1293],[-1090,871],[-361,310],[-361,112],[-515,169],[-317,225],[-302,449],[-133,141],[-3226,2066],[-1311,928],[-574,618],[-1812,2881],[-2033,1856],[-235,702],[-67,464],[-36,436],[-89,1138],[-368,1237],[-376,675],[-250,267],[-339,309],[-641,633],[-272,365],[-199,576],[-133,830],[-132,1265],[-148,1883],[-206,1110],[-302,970],[-582,1813],[-449,1335],[-59,324],[-15,1012],[111,1307],[88,970],[-88,1279],[-236,731],[-243,435],[-884,1350],[-1060,1391],[-1031,1462]],[[244003,534196],[1767,3331],[884,1209],[1186,2192],[1208,2109],[287,576],[891,2445],[715,2235],[464,1898],[51,224],[670,2446],[332,1420],[213,1293],[126,1138],[14,1518],[-14,1926],[81,1813],[272,1546],[236,984],[442,1953],[2121,7295]],[[255949,573747],[582,-801],[3123,-3472],[1767,-2375],[1113,-1588],[1819,-2530],[994,-1771],[1510,-1841],[1149,-1139],[1436,-1588],[1422,-1504],[1679,-1897],[1127,-1083],[1465,-1377],[1658,-1574],[1804,-1462],[1709,-1729],[2106,-1939],[2202,-1912],[1702,-1335],[1723,-1420],[1429,-1447],[1230,-1125],[1790,-1405],[1628,-1336],[1237,-1110],[1149,-1124],[1657,-1757],[2401,-1237],[1009,-506],[1009,-492],[67,-56],[1384,-998],[1274,-633],[1694,-871],[2004,-478],[2143,-478],[1355,-309],[1613,70],[1267,-126],[2188,140],[1878,309],[2577,352],[2063,1068],[3204,1560],[2813,1799],[2003,928],[1761,464],[788,-99],[1119,-421],[1201,-801],[1738,-1125],[479,-464],[1937,-1012],[1804,-1813],[2254,-3303],[494,-576],[824,-717],[700,-407],[1289,-268],[1628,-56],[2997,42],[2615,267],[604,197],[825,352],[633,239],[4957,3106],[3440,1982],[2187,3035],[670,-337],[2431,-1237],[1738,-1138],[2166,-1392],[1627,-998],[2416,-1166],[1444,-492],[1657,-604],[3425,-942],[1929,-506],[1304,-225],[1922,-337],[1842,-563],[1664,-449],[1628,-872],[1134,-1012],[1886,-2249],[1340,-2094],[1451,-2066],[1377,-1968],[15,-56],[877,-1110],[2202,-4329],[1569,-2924],[1303,-3401],[1053,-3134],[597,-2095],[272,-1391],[89,-843],[110,-2151],[74,-4048],[133,-11567],[-59,-3767],[-103,-8068]],[[244003,534196],[-575,-1335],[-74,-253],[-338,-1350],[-1193,-4807],[-2409,-6788],[-1606,-6719],[-206,-1743],[-567,-5818],[405,-8251],[-206,-3935],[-118,-422],[-1252,-5004],[-1075,-3879],[-869,-4779],[-3138,-5453],[-663,-857],[-258,-436],[-162,-141],[-552,-843],[-221,-478],[-250,-590],[-1378,-1785],[-2416,-2586],[-2437,-1996],[-229,-408],[-184,-407],[-140,-239],[-331,-520]],[[221561,462374],[7,464],[7,449],[8,478],[-66,619],[-162,365],[-295,98],[-236,-42],[-280,-182],[-309,140],[-287,99],[-265,56],[-221,70],[-354,-169],[-155,-182],[-294,-338],[-332,-154],[-154,70],[-324,169],[-427,-352],[-214,-323],[-273,56],[-206,183],[-280,14],[-250,351],[-111,366],[-198,576],[-199,225],[-317,155],[-420,-253],[-265,253],[-155,337],[-66,689],[30,492],[0,421],[-170,478],[-353,309],[-310,-351],[-140,-478],[-125,-436],[-228,-379],[-361,-42],[-560,14],[-250,632],[-221,900],[-30,154],[-147,886],[-66,379],[-81,1279],[-89,1279],[-44,239],[-1598,2249],[-1201,1771],[-243,351],[-1009,1279],[-265,268],[-272,154],[-295,155],[-958,168],[-640,-56],[-1009,-295],[-626,-197],[-1068,-323],[-236,-28],[-832,0],[-884,253],[-1201,393],[-766,380],[-773,534],[-236,267],[-847,984],[-589,843],[-390,858],[-103,323],[-280,1012],[-103,857],[-37,478],[-44,1883],[-52,253],[-250,492],[-332,492],[-943,1392],[-279,407],[-398,520],[0,14],[-818,1069],[-1392,1405],[-95,99],[-575,576],[-206,197],[-1554,1700],[-678,745],[-140,169],[-397,759],[-406,942],[-390,1433],[-133,492],[-412,2530],[-258,1040],[-294,647],[-604,1012],[-155,435],[-96,408],[-353,2403],[-229,1167],[-272,970],[-361,759],[-317,590],[-302,141],[-640,84],[-280,56],[-280,141],[-339,295],[-155,281],[-199,464],[-125,759],[-147,351],[-162,338],[-250,224],[-244,211],[-110,450],[-7,618],[-15,577],[-59,393],[74,844],[7,632],[-155,815],[273,647],[140,632],[-236,1490],[-206,1209],[-147,857],[-89,548],[-155,422],[-287,253],[-397,351],[-280,-56],[-317,-112],[-250,56],[-229,183],[-434,731],[-398,660],[-332,366],[-412,379],[-508,801],[-575,759],[-331,450],[-140,632],[-37,478],[-22,1279],[44,239],[398,506],[236,506],[36,422],[23,675],[36,1012],[74,477],[133,394],[191,422],[1355,3499],[538,1364],[435,1096],[110,632],[-66,1153],[-15,295],[-7,984],[-37,450],[-177,393],[-265,113],[-449,-56],[-420,-57],[-818,-168],[-537,-57],[-707,-56],[-406,0],[-272,56],[-221,85],[-206,450],[383,2501],[-37,57],[-1046,1307],[-442,759],[-250,660],[-103,619],[-81,927],[-162,647],[-317,632],[-170,239],[-324,436],[-3432,5046],[-353,-1954],[-67,-309],[-574,-2825],[-280,-1616],[-103,-1336],[-30,-1518],[118,-1841],[0,-1405],[0,-394],[-162,-450],[-1583,-1757],[-280,-407],[-361,-773],[-405,-1153],[-670,506],[-3057,2305],[-2202,1462],[-2666,1757],[-715,1265],[-287,154],[-287,43],[-943,-155],[-317,-28],[-294,-42],[-405,56],[-236,323],[-177,506],[-118,422],[-199,267],[-316,84],[-243,169],[-428,337],[-147,295],[-125,633],[-280,337],[-169,562],[-457,-28],[-272,380],[-383,674],[-325,619],[-287,365],[-294,310],[-310,-127],[-390,295],[-295,239],[-228,-56],[-361,-183],[-331,28],[-251,577],[-316,309],[-258,-56],[-258,421],[-309,141],[-324,-85],[-251,577],[-331,407],[-405,-70],[-332,-70],[-250,182],[-310,-56],[-338,197],[-324,197],[-133,717],[52,773],[162,716],[-37,647],[-184,394],[-118,815],[-30,787],[-59,478],[15,674],[-110,745],[-103,211],[-251,492],[-368,351],[-361,57],[-832,84],[-553,42],[-361,267],[-140,464],[-66,717],[170,801],[0,801],[-288,239],[-228,112],[-243,155],[-354,183],[-235,-42],[-310,506],[96,618],[-331,323],[-280,-365],[-295,225],[-228,-576],[-324,-563],[-310,-84],[-243,267],[-265,703],[-95,731],[7,646],[-177,633],[30,520],[-170,478],[-125,660],[-118,450],[-250,98],[-369,141],[-250,183],[-258,-14],[-324,-155],[-294,225],[-192,450],[-206,337],[-221,379],[-420,267],[-302,-281],[-368,-239],[-302,-393],[-206,14],[-229,604],[-250,534],[-155,310],[-405,-113],[-221,-618],[-390,281],[-221,267],[-309,56],[-126,-590],[-449,98],[-435,-98],[-405,-42],[-103,379],[-294,380],[-192,168],[-184,506],[-133,253],[-360,113],[-347,98],[-162,436],[8,787],[-383,155],[-398,-296],[-368,141],[-96,-703],[-250,-407],[-383,506],[-266,548],[-250,-113],[-236,-660],[-29,-520],[-295,-633],[-154,-478],[-199,-211],[-346,-84],[-258,394],[-457,-85],[-493,-281],[-361,-126],[-361,-141],[-236,-42],[-272,436],[-89,379],[-287,267],[-265,-435],[-206,238],[-140,563],[-140,478],[-111,393],[-390,141],[-250,-239],[-221,-239],[-251,450],[-339,-253],[-397,70],[-243,421],[-295,-126],[-361,-56],[-317,534],[-206,309],[-265,155],[-368,-492],[-251,-183],[-280,365],[-110,450],[-191,633],[-383,0],[-302,-183],[-185,126],[-228,535],[-96,492],[-132,505],[-258,675],[-302,605],[-191,899],[-52,675],[37,562],[-125,393],[-140,352],[-207,548],[-250,351],[-287,352],[44,492],[-192,520],[-162,225],[-353,421],[-155,352],[243,618],[229,478],[-59,492],[265,365],[81,338],[324,365],[272,127],[162,520],[155,646],[376,478],[22,604],[59,422],[169,576],[155,267],[294,127],[214,-113],[287,253],[273,197],[81,562],[272,520],[184,324],[-22,548],[-294,618],[-295,253],[-420,169],[-383,169],[-567,239],[-766,28],[-456,14],[-553,-281],[-501,-647],[-1517,-1785],[-1326,-1490],[-1340,-1138],[-1724,-1392],[-950,-899],[-1046,-1364],[-1031,-1208],[-773,-872],[-390,-267],[-450,-211],[-361,-112],[-714,-84],[-773,-14],[-567,0],[-3514,-3824],[-3542,-3527],[-2291,-2432],[-906,-1574],[-1650,-2586],[-1112,-2094],[-884,-1673],[-2349,-6100],[-553,-1504],[-2747,-7449],[-88,-239],[-420,-183],[-177,478],[52,506],[250,408],[89,857],[-280,295],[-162,309],[-361,577],[-302,210],[-206,29],[-280,28],[-206,-450],[-221,-492],[-420,98],[-148,422],[-368,253],[-221,267],[-272,-155],[-332,-505],[-346,-99],[-265,281],[-214,-140],[-287,-352],[-390,57],[-177,435],[-96,408],[-250,604],[7,506],[-59,562],[-147,296],[110,815],[111,745],[199,239],[132,492],[-250,604],[-317,-56],[-375,379],[0,506],[-45,394],[111,604],[-44,422],[-89,562],[-59,787],[-213,323],[-273,-168],[-257,492],[-118,323],[-74,815],[140,843],[-22,591],[213,618],[-7,886],[-110,520],[-199,548],[-8,787],[22,787],[-206,281],[-258,351],[-272,113],[-346,-295],[-229,-14],[-250,281],[-37,745],[-390,323],[-273,-42],[-213,225],[-317,196],[-346,380],[-309,211],[-347,70],[-279,351],[-133,816],[-15,604],[59,745],[243,675],[170,463],[221,535],[191,787],[22,674],[30,394],[265,464],[118,829],[221,295],[88,717],[22,520],[81,604],[-133,338],[59,787],[-7,576],[-206,773],[-59,506],[-170,281],[-287,141],[-272,56],[-221,590],[-15,745],[111,576],[169,267],[177,380],[-37,801],[29,506],[96,450],[169,576],[295,394],[88,801],[-272,182],[-140,380],[-88,745],[-96,450],[302,407],[191,380],[184,337],[221,127],[177,393],[118,309],[15,647],[29,576],[44,366],[266,463],[206,85],[331,393],[177,830],[-29,660],[125,548],[235,605],[-51,674],[59,436],[-111,464],[-228,464],[-184,492],[-81,393],[-66,590],[-126,717],[-36,352],[81,660],[302,605],[125,309],[140,492],[88,759],[81,520],[-59,379],[74,562],[29,633],[74,393],[-243,591],[-228,323],[-163,337],[-250,253],[-265,492],[-111,324],[-191,421],[-96,408],[-309,239],[-214,-70],[-258,-225],[-206,-211],[-258,-141],[-360,113],[-251,196],[-368,521],[-228,42],[-302,267],[-295,-57],[-250,-252],[-126,-422],[-81,-534],[-140,-492],[-316,-225],[-442,14],[-442,-127],[-280,-182],[-236,84],[-280,295],[-221,309],[-191,113],[-331,42],[-280,113],[-450,-127],[-449,-155],[-177,450],[-383,464],[-294,98],[-332,141],[-257,-14],[-229,-98],[-221,-268],[-456,57],[-361,-436],[-148,-408],[-294,-463],[-361,126],[-88,408],[-361,-43],[-177,-379],[-236,-436],[-221,-28],[-420,56],[-302,-492],[-235,-393],[-391,-309],[-434,-197],[-258,-661],[-66,-506],[-295,-239],[-405,99],[-280,-352],[-118,-253],[-324,-309],[-258,0],[-279,-70],[-332,-267],[-265,-478],[-110,-239],[-398,-365],[-361,-183],[-368,-56],[-177,-85],[-273,-463],[-162,-324],[-280,-42],[-213,0],[-258,-112],[-324,-239],[-272,-183],[-369,-337],[-213,-478],[-413,-394],[-339,14],[-257,28],[-295,-224],[-221,-57],[-258,-337],[-110,-394],[-317,-295],[-214,-28],[-301,-211],[-590,-478],[-427,-379],[-331,-337],[-943,-647],[-74,-42],[-530,14],[-405,197],[-420,604],[-744,1898],[-567,1939],[-214,1251],[-22,1588],[89,1434],[221,1504],[456,1419],[1149,2727],[597,1378],[331,759],[295,534],[214,506],[309,576],[213,351],[288,661],[37,661],[117,238],[317,267],[221,141],[280,689],[96,534],[390,169],[221,435],[22,534],[37,787],[-133,858],[243,478],[148,688],[22,492],[81,450],[-52,562],[148,619],[176,449],[15,535],[-302,435],[-368,520],[-89,661],[59,689],[-59,492],[104,576],[265,253],[383,351],[280,422],[-81,759],[-52,492],[44,562],[-22,717],[-44,717],[-37,688],[22,773],[30,619],[59,407],[103,647],[-89,534],[-294,618],[-295,85],[-272,-281],[-288,365],[-7,506],[-66,647],[-67,449],[-66,478],[-132,534],[-428,-126],[-368,84],[-280,576],[-96,605],[-221,745],[-324,323],[-221,492],[192,506],[140,520],[7,787],[-132,464],[-258,1054],[-74,478],[-37,436],[15,745],[155,463],[110,394],[-7,787],[-265,323],[-74,338],[118,660],[250,1813],[45,731],[-45,633],[-66,379],[-199,506],[-316,408],[-626,604],[-118,84],[-663,675],[-1311,1237],[-943,984],[-707,956],[-1237,1489],[-288,338],[-59,787],[155,309],[390,506],[37,689],[-95,492],[-118,801],[14,548],[104,703],[243,604],[198,309],[273,464],[243,605],[169,674],[96,703],[-236,717],[-515,309],[-221,309],[-133,450],[-88,829],[110,1364],[-14,632],[-89,337],[-243,352],[-213,196],[-273,225],[-353,352],[-891,520],[-383,211],[-140,28],[-472,-99],[-383,-253],[-294,-449],[-67,-492],[-73,-1954],[-81,-380],[-317,-252],[-169,14],[-612,98],[-670,-14],[-125,-28],[-354,-127],[-383,-267],[-235,-225],[-479,-351],[-626,-464],[-265,-169],[-457,-154],[-192,-28],[-368,56],[-353,98],[-612,211],[-604,113],[-228,-71],[-412,-323],[-339,-239],[-368,-84],[-295,42],[-398,295],[-331,436],[-265,422],[-214,393],[-140,323],[-589,1813],[-376,830],[-213,267],[-280,182],[-464,71],[-715,0],[-589,0],[-412,154],[-648,464],[-663,619],[-273,267],[-302,534],[-154,337],[-251,155],[-434,70],[-266,98],[-287,169],[-184,351],[-376,296],[-191,-506],[-103,-338],[-243,-351],[-273,154],[-176,450],[-325,127],[-405,-169],[-250,-42],[-273,-14],[-198,-197],[-236,-464],[-133,-407],[-302,-548],[-265,252],[-206,703],[-74,562],[-125,394],[-339,422],[-464,-28],[-287,-113],[-376,-140],[-272,309],[-243,253],[-228,154],[-236,0],[-523,-84],[-413,-56],[-353,-42],[-287,-310],[-280,-520],[-177,-365],[-390,141],[-251,407],[-368,717],[-103,183],[-457,801],[-213,295],[-251,239],[-213,28],[-464,-98],[-450,-127],[-272,-70],[-228,-70],[-273,56],[88,12565],[177,3064],[103,534],[118,394],[751,1363],[140,267],[1503,1884],[280,323],[471,787],[162,365],[317,956],[147,717],[111,506],[51,436],[155,1461],[132,2067],[266,2094],[346,2136],[471,2488],[744,3598],[243,1883],[15,183],[243,3078],[-8,211],[-36,1251],[59,2713],[36,660],[531,3641],[169,1180],[383,3556],[442,4076],[766,4962],[501,3078],[420,2712],[36,267],[118,900],[37,885],[-37,1040],[-125,661],[-162,773],[-29,99],[-332,815],[-339,562],[-250,436],[-66,463],[44,436],[243,1364],[88,337],[229,815],[1244,2235],[184,309],[1547,2572],[449,562],[840,844],[641,941],[699,1026],[383,759],[199,549],[265,716],[479,1575],[44,140],[251,829],[37,57],[368,618],[1171,1560],[611,886],[634,941],[14,14],[899,1799],[899,1799],[950,1012],[618,844],[332,323],[906,590],[51,28],[877,408],[1554,323],[1024,127],[1428,168],[4744,1322],[140,618],[162,197],[198,632],[-51,422],[-169,534],[7,492],[51,422],[-132,801],[-199,576],[-15,422],[89,604],[117,548],[-14,801],[-89,464],[214,534],[383,43],[302,238],[51,745],[-110,464],[-66,661],[51,576],[-14,450],[66,885],[169,577],[22,491],[-7,450],[-37,562],[-140,802],[-140,449],[-37,802],[-243,632],[-66,478],[-44,562],[110,590],[-59,478],[-110,675],[37,520],[228,520],[59,436],[-199,646],[-221,352],[-353,393],[-199,436],[-125,393],[-266,310],[-73,407],[66,605],[81,702],[206,352],[266,506],[338,351],[420,239],[140,337],[236,478],[7,577],[15,449],[-59,591],[-30,449],[81,591],[-7,449],[15,591],[-199,674],[-250,169],[-288,351],[-176,605],[88,689],[-30,477],[-235,436],[-74,703],[206,618],[-140,548],[332,521],[346,351],[287,534],[184,604],[52,689],[-309,604],[-295,71],[-147,323],[-103,562],[103,787],[51,577],[-132,407],[-126,745],[-176,450],[-317,351],[-243,211],[-228,366],[88,702],[169,605],[214,478],[383,393],[184,211],[258,436],[-103,548],[-162,534],[-133,843],[81,590],[-162,310],[-213,688],[51,703],[15,647],[-81,407],[-192,366],[103,857],[45,576],[59,661],[434,155],[221,196],[221,1279],[331,183],[236,675],[155,660],[96,492],[-37,619],[-125,534],[-118,576],[-103,520],[-111,562],[-29,450],[29,506],[273,520],[140,281],[191,534],[214,1434],[37,183],[139,759],[170,871],[486,2516],[427,2221],[1414,-1378],[1805,-1799],[1171,-717],[1082,-42],[1319,1026],[582,422],[140,42],[574,576],[589,366],[1017,450],[3469,379],[1009,309],[302,70],[1929,774],[1356,1180],[574,731],[427,337],[501,211],[405,85],[383,42],[229,-57],[987,282],[1532,-1476],[905,-1406],[1127,-464],[1252,-1152],[892,-1799],[611,-2165],[-155,-2206],[44,-2404],[840,-182],[803,-324],[876,-225],[1466,-562],[1120,-717],[1288,-801],[1429,-393],[715,-155],[906,98],[1016,267],[788,155],[516,0],[501,-28],[456,-211],[125,28],[1510,0],[1120,-1251],[479,-2586],[567,-2741],[383,-3162],[486,-2980],[405,-2572],[420,-2727],[427,-2094],[1119,-3275],[678,-2881],[597,-3317],[375,-3458],[302,-2600],[339,-2755],[405,-2066],[714,-1827],[1253,-2431],[847,-2657],[434,-1982],[486,-3303],[560,-3288],[678,-3936],[493,-3570],[376,-2291],[405,-2108],[405,-2727],[346,-2642],[987,-2952],[766,-2937],[1267,-1884],[1318,-1110],[1480,-1602],[1636,-1814],[1252,-2277],[1149,-2558],[920,-2319],[74,-2389],[162,-1630],[221,-703],[574,-900],[1216,-1307],[2430,-1925],[1827,-1055],[294,-168],[1849,-1420],[1849,-1813],[1952,-2685],[1833,-2586],[1002,-1588],[994,-1982],[833,-1377],[1134,-2122],[626,-1434],[1665,-2671],[1590,-2586],[1893,-3246],[1193,-1842],[884,-1082],[1370,-2010],[1370,-1841],[1503,-2333],[1097,-1841],[1370,-2488],[832,-1504],[972,-1335],[1105,-1364],[442,-674],[2445,-4892],[2888,-5439],[1303,-2909],[1746,-3177],[1561,-3542],[1083,-2136],[1215,-2249],[1805,-3570],[1605,-2825],[936,-1392],[2276,-3823],[861,-1602],[626,-1040],[4280,-7281],[648,-1124],[751,-1195],[1119,-2066],[479,-773],[199,-450],[140,-393],[155,-436],[110,-464],[147,-618],[140,-478],[214,-478],[987,-1813],[1002,-1588],[2290,-2699],[2210,-1841],[1237,-1223],[523,-351],[759,-576],[515,-239],[619,-169],[471,-98],[1517,-155],[1238,-141],[1488,-730],[1370,-886],[1038,-801],[714,-337],[1186,-478],[1392,-394],[1378,-646],[581,-197],[560,-99],[950,-295],[37,0],[553,42],[1664,-168],[1797,-436],[413,-253],[736,-197],[891,-309],[840,-422],[847,-238],[516,28],[736,112],[906,42],[2092,-407],[2033,-591],[972,-478],[1944,-716],[2733,-1350],[1259,-674],[597,-380],[427,-492],[1407,-2277],[162,-267],[1009,-1447],[1016,-1532],[1400,-2221],[279,-337],[1127,-1294],[273,-281],[331,-492],[1370,-1771],[3359,-4329],[7682,-11202],[4478,-5875],[5192,-6859],[1252,-1630],[2681,-4835],[3661,-7295],[906,-2839],[847,-1729],[1664,-2333],[37,-56]],[[546389,129476],[-206,-674],[-353,-85],[-273,99],[-449,56],[-265,-56],[-310,351],[-117,394],[-339,-14],[-199,-239],[-420,-1082],[-265,-689],[-420,-1195],[-427,-365],[-214,84],[-471,141],[-449,-225],[-207,-520],[-198,-422],[-266,-408],[-302,-281],[-309,42],[-405,366],[-250,211],[-221,84],[-258,98],[-310,43],[-434,-14],[-302,-43],[-552,-154],[-280,-267],[-96,-338],[-192,-1279],[-44,-239],[-191,-744],[147,-675],[-88,-436],[-52,-548],[111,-773],[14,-562],[-103,-492],[-228,-366],[-354,-112],[-434,-98],[-206,-267],[14,-844],[140,-351],[354,-253],[191,-352],[59,-463],[-324,-394],[-272,84],[-324,-365],[81,-422],[7,-801],[-22,-506],[-405,-337],[-103,365],[-428,-267],[-176,-548],[118,-478],[206,-239],[177,-407],[103,-464],[0,-787],[-354,-492],[-353,-366],[-229,-253],[81,-618],[413,-267],[29,-633],[-258,-590],[-287,-183],[-221,-42],[-316,239],[-347,380],[-368,-366],[-66,-365],[-37,-590],[-162,-436],[-177,-211],[-243,-506],[-339,-520],[-221,-309],[133,-577],[206,-520],[-81,-548],[147,-618],[-73,-436],[22,-520],[-30,-885],[-368,-253],[-294,-225],[-199,239],[-310,-28],[-235,-239],[-258,-141],[-214,-183],[-420,-98],[-228,253],[-236,-590],[37,-478],[126,-366],[162,-646],[353,267],[295,590],[309,-520],[-37,-562],[-66,-675],[-177,-112],[-118,-661],[369,-435],[154,-422],[125,-619],[8,-759],[-258,-154],[-37,-548],[214,-548],[258,-450],[-30,-548],[-51,-647],[302,-211],[-221,-688],[110,-745],[59,-310],[331,-379],[133,-422],[147,-773],[52,-506],[-133,-548],[-110,-590],[-96,-605],[-118,-618],[-177,-309],[-250,-647],[-52,-660],[-139,-689],[-59,-380],[-89,-534],[-243,-702],[-81,-717],[66,-478],[-7,-717],[118,-562],[147,-323],[-177,-591],[-36,-576],[-37,-548],[-236,-731],[-177,-422],[-324,-56],[-265,267],[-368,84],[-287,-154],[-126,-801],[23,-773],[-435,140],[-331,-309],[139,-647],[-287,-379],[-228,295],[-332,309],[-412,-365],[44,-492],[-206,-365],[-103,-788],[-472,29],[30,590],[-169,379],[-266,-14],[-250,0],[-206,520],[-133,352],[-456,140],[-236,366],[-324,379],[-258,-14],[-346,42],[-310,-14],[-206,-154],[-191,-745],[-148,-520],[-338,-267],[-258,-295],[-280,-366],[-383,-14],[-191,197],[-361,-183],[-155,-464],[-133,-618],[-73,-562],[-302,-492],[-103,-661],[213,-408],[310,-365],[324,-253],[132,-759],[125,-379],[199,-549],[221,-379],[-125,-759],[-302,-14],[-353,-366],[-45,-646],[391,-127],[103,-730],[-258,-492],[206,-661],[280,309],[324,-506],[-110,-449],[199,-478],[206,-520],[147,-689],[111,-450],[0,-548],[-8,-408],[368,-379],[310,42],[272,-450],[-132,-745],[-302,127],[-302,-689],[250,-660],[-66,-844],[184,-281],[96,-731],[184,-717],[37,-773],[-103,-590],[36,-731],[-44,-365],[15,-745],[118,-281],[140,-548],[147,-296],[383,-435],[265,-562],[-73,-844],[-67,-646],[59,-591],[118,-604],[221,-394],[361,-506],[339,-435],[191,-394],[125,-660],[199,-296],[295,-365],[-74,-731],[-206,-506],[-96,-562],[-191,-309],[-199,-338],[-199,-590],[-221,-379],[-118,-310],[-316,-435],[-428,-253],[-338,309],[-369,267],[-213,267],[-332,-42],[-324,-380],[-250,-140],[-339,-99],[-390,14],[-214,169],[-442,42],[-302,-84],[-302,464],[-177,182],[-302,183],[-235,99],[-413,-99],[-442,-42],[-316,-84],[-398,-99],[-317,225],[-375,-98],[-302,562],[-52,661],[-346,520],[-133,562],[-176,253],[-162,576],[-81,815],[-369,28],[-243,-196],[-420,-71],[-441,169],[-347,-281],[-412,-127],[-140,366],[-339,140],[-184,-267],[-272,-56],[-457,141],[-243,182],[-376,-196],[0,-633],[111,-365],[287,-253],[398,14],[235,-394],[-176,-604],[-310,-127],[8,-885],[228,-351],[162,-197],[-118,-703],[-339,309],[-434,-309],[-96,-661],[-110,-548],[-155,-843],[-199,-394],[-236,-42],[-442,-168],[-309,-338],[-353,-576],[-302,-576],[-266,-225],[-353,98],[-125,436],[-96,379],[-295,225],[-250,-239],[-324,-365],[-398,126],[-132,549],[213,773],[199,463],[52,549],[-428,56],[-346,-183],[-213,155],[-67,576],[44,534],[-36,422],[-243,492],[-428,182],[-287,-548],[162,-618],[-280,-520],[-294,-197],[-207,-323],[-287,-506],[-316,-239],[-391,-380],[-228,-421],[-273,-661],[-81,-365],[-81,-647],[-59,-520],[-117,-857],[7,-717],[88,-675],[8,-562],[-52,-478],[-110,-422],[-339,-1096],[-177,-660],[-155,-717],[-331,-619],[-324,-323],[-192,-365],[-73,-436],[-44,-689],[103,-759],[118,-604],[103,-801],[7,-858],[-162,-478],[-427,-913],[-162,-267],[-310,-56],[-324,-324],[-7,-688],[-140,-549],[-383,-463],[-66,-661],[29,-576],[-294,-450],[-258,-84],[-346,-324],[-148,-379],[-184,70],[-280,169],[-434,239],[-648,421],[-177,113],[-508,126],[-796,57],[-184,-14],[-1024,-43],[-1576,-112],[-1164,-70],[-1730,-127],[-950,-70],[-825,-56],[-509,112],[-103,70],[-1104,717],[-1179,872],[-552,492],[-376,477],[-957,1996],[-177,380],[-427,759],[-118,211],[-1532,3134],[-295,-267],[-339,-211],[-235,141],[-199,590],[-184,422],[-148,421],[-103,450],[-287,267],[-214,42],[-324,464],[-279,183],[29,927],[15,731],[-229,295],[-419,71],[-214,42],[-280,281],[7,703],[37,857],[44,914],[-257,660],[-192,-98],[-294,379],[-361,478],[-317,450],[-236,323],[-73,619],[-229,449],[-235,380],[-126,239],[-147,520],[-162,731],[-140,646],[-294,338],[-347,84],[-162,70],[-405,324],[-199,210],[-287,281],[-177,57],[-390,-42],[-442,224],[-294,-56],[-383,56],[-752,-1180],[-316,-492],[-398,-1012],[-111,-295],[-221,-577],[-287,-744],[-670,-2235],[-155,-605],[-397,-1574],[-509,-1813],[-66,-253],[-663,-1658],[-464,-1055],[-265,-477],[-545,-661],[-110,-141],[-369,-239],[-950,-632],[-331,-225],[-273,-183],[-582,-379],[-235,-141],[-1171,-492],[-1054,-632],[-228,-141],[-1002,-885],[-1694,-1378],[-7,0],[-1201,-1363],[-360,-407],[-472,-619],[-685,-1293],[-96,-309],[-228,-886],[-88,-702],[-30,-1012],[-7,-71],[-22,-3007],[-81,-478],[-656,-1392],[-1775,-3148],[-324,-309],[-633,-535],[-427,-253],[-671,-421],[-1311,-464],[-1782,-604],[-1046,-169],[-1458,84],[-81,0],[-1377,99],[-1540,-408],[-1488,-478],[-353,-56],[-324,42],[-346,127],[-450,225],[-353,267],[-184,267],[-236,323],[-361,281],[-155,351],[23,619],[51,407],[15,745],[-44,408],[-22,534],[-96,478],[-162,393],[-177,296],[-29,506],[-74,477],[-30,745],[280,436],[427,956],[45,534],[213,703],[133,267],[155,520],[95,534],[44,337],[140,689],[89,365],[110,534],[111,703],[-317,647],[-214,407],[-132,296],[-361,295],[-133,379],[-147,562],[44,802],[8,520],[154,492],[243,646],[-125,436],[-147,337],[-332,169],[-110,393],[-295,647],[-147,548],[-140,632],[7,619],[15,787],[0,1082],[8,830],[117,702],[111,436],[22,689],[-59,492],[66,421],[-44,492],[-353,197],[-811,436],[-1878,1391],[-368,267],[-795,633],[-1643,1180],[-265,225],[-508,422],[-1724,1237],[-663,478],[-1230,759],[-2054,1391],[-148,98],[-1554,886],[-1731,928],[-2600,1419],[-257,127],[-273,126],[-766,337],[-618,296],[-656,309],[-1075,478],[-155,70],[-1967,871],[-397,141],[-81,14],[-567,112],[-111,29],[-604,140],[-294,56],[-295,99],[-265,84],[-656,169],[-854,70],[-1628,28],[-405,0],[-309,-70],[-265,-99],[-1282,-688],[-943,-562],[-633,-310],[-582,-295],[-7,-14],[-1481,-1012],[-110,-70],[-589,-534],[-229,-141],[-316,-84],[-376,126],[-214,253],[-132,548],[7,830],[15,351],[125,520],[516,1068],[272,422],[184,731],[-29,646],[-7,520],[-45,858],[-29,576],[-81,1659],[15,351],[103,534],[176,478],[207,450],[294,520],[339,182],[243,85],[236,478],[-37,407],[7,675],[192,169],[294,0],[81,688],[280,267],[214,324],[206,154],[258,380],[103,787],[140,731],[199,239],[132,478],[30,449],[7,577],[59,421],[52,450],[81,506],[15,604],[-59,422],[14,661],[-118,267],[-103,646],[221,450],[236,703],[-317,618],[-206,492],[30,633],[-214,674],[81,731],[110,380],[30,646],[280,436],[221,253],[199,253],[117,506],[45,407],[-111,506],[-155,478],[-250,520],[-147,492],[243,464],[206,197],[7,815],[-66,464],[-206,618],[265,492],[-236,591],[-88,477],[37,549],[-111,337],[-59,745],[-213,478],[-30,534],[-103,506],[170,632],[280,562],[162,577],[0,478],[176,618],[-51,464],[118,478],[22,435],[-81,563],[-354,154],[-213,295],[-67,563],[-88,323],[-243,576],[-59,520],[-140,633],[-103,548],[-133,689],[-339,70],[-243,464],[-36,506],[29,688],[-302,352],[96,618],[73,647],[45,534],[103,745],[-89,421],[-103,534],[81,773],[-88,802],[-302,449],[-221,703],[-140,225],[-44,675],[103,829],[-140,843],[-118,408],[-221,632],[-287,787],[-228,928],[-634,4034],[-51,913],[59,872],[73,548],[236,773],[383,1082],[390,1715],[1039,5889],[110,1631],[81,1588],[126,660],[206,520],[265,408],[398,281],[456,155],[847,267],[626,126],[339,-42],[427,-42],[52,-28],[538,-197],[419,-28],[383,112],[251,99],[228,183],[523,646],[655,689],[803,534],[1230,562]],[[913899,740161],[-125,-816],[-184,-98],[-368,70],[-243,-211],[-265,-1194],[-103,-773],[-52,-675],[7,-506],[8,-787],[-133,-436],[118,-843],[-169,-576],[-118,-633],[-214,-323],[-258,-633],[89,-604],[88,-660],[89,-1027],[58,-688],[-147,-492],[-368,-169],[-199,-703],[44,-309],[133,-787],[199,-913],[-37,-717],[-243,-42],[-361,154],[-118,-590],[7,-408],[59,-506],[398,0],[147,169],[361,112],[162,-478],[214,-323],[66,-421],[15,-520],[118,-352],[213,-632],[74,-731],[287,-506],[184,-14],[103,-731],[-162,-506],[74,-478],[125,-478],[354,-112],[324,731],[339,-253],[280,-338],[294,239],[192,492],[51,366],[199,646],[96,239],[434,731],[332,112],[287,-154],[214,-703],[-45,-689],[111,-674],[37,-450],[-265,-605],[-81,-773],[221,-323],[375,28],[103,436],[199,506],[413,267],[221,520],[95,295],[457,85],[324,-113],[206,534],[-73,506],[103,647],[324,56],[213,-127],[258,633],[-235,464],[-251,168],[-427,183],[44,703],[0,618],[125,534],[420,-42],[155,-421],[-22,-844],[456,113],[324,-338],[295,-449],[184,-57],[346,113],[457,70],[272,-98],[170,-239],[191,-380],[266,-42],[235,-281],[140,-393],[206,-338],[258,-548],[147,-253],[361,-112],[273,-633],[221,-731],[309,-492],[37,-463],[-37,-816],[309,-112],[244,-127],[265,-154],[339,351],[-59,605],[103,787],[316,323],[162,-239],[258,-408],[184,-534],[-7,-801],[-192,-913],[-44,-436],[74,-548],[221,-281],[-52,-605],[-132,-464],[-287,-393],[-413,-267],[-258,-28],[-250,-605],[-125,-492],[-89,-407],[-375,-281],[-265,-464],[-339,168],[-214,15],[-280,-239],[-353,-520],[-184,-141],[-332,-267],[-294,-422],[-295,0],[-361,-351],[-243,-604],[-265,-71],[0,-787],[-133,-450],[-280,-365],[-228,-478],[-346,-492],[-236,-14],[-280,-422],[-132,-407],[-265,-394],[-199,-351],[-133,-309],[-221,-492],[-147,-464],[-221,-689],[-169,-435],[-317,-225],[-265,-366],[-221,-197],[-236,-126],[-125,-590],[-111,-422],[22,-773],[-29,-365],[-103,-774],[-214,-463],[-88,-338],[81,-562],[177,-295],[-15,-1012],[-15,-703],[-125,-379],[-221,-619],[22,-464],[-199,-562],[133,-618],[199,-914],[14,-351],[-44,-534],[-44,-422],[-29,-534],[-37,-450],[-103,-646],[7,-815],[81,-745],[111,-534],[103,-282],[500,-1995],[1039,-2530],[619,-1828],[405,-1026],[96,-182],[795,-1350],[655,-927],[361,-408],[516,-436],[383,-491],[213,-422],[148,-394],[545,-1813],[479,-2221],[191,-1461],[125,-773],[405,-1181],[464,-1673],[229,-576],[250,-703],[37,-491],[-59,-717],[-66,-506],[29,-872],[44,-1475],[15,-2783],[59,-745],[177,-816],[59,-126],[714,-1223],[309,-436],[288,-281],[309,-196],[818,-141],[500,-112],[376,-366],[192,-281],[272,-126],[346,-267],[391,70],[442,126],[346,-140],[405,-253],[316,-14],[236,42],[243,-127],[214,-351],[272,-450],[229,85],[265,-225],[331,-169],[420,98],[354,28],[213,-309],[287,-182],[185,-211],[419,-56],[236,154],[368,-169],[420,183],[214,-464],[169,-435],[354,-296],[191,-112],[265,-253],[354,-450],[162,-492],[361,-281],[258,-478],[265,-239],[206,-267],[317,-365],[235,-183],[420,-309],[251,211],[58,562],[207,295],[338,113],[413,182],[228,14],[354,71],[265,-422],[317,-309],[375,253],[162,-197],[302,-450],[339,-84],[258,-127],[361,-337],[339,-112],[228,-57],[272,-295],[361,-14],[369,-688],[154,-296],[-7,-730],[169,-535],[302,127],[192,112],[434,57],[302,421],[140,408],[346,56],[405,28],[406,-379],[-30,-563],[177,-688],[228,-85],[251,0],[346,99],[397,154],[361,-168],[192,-338],[118,-407],[199,-759],[427,-14],[228,-478],[383,-28],[265,168],[310,-477],[331,42],[280,154],[199,113],[316,-506],[162,-422],[15,-787],[-250,-408],[-155,-154],[-184,-619],[287,-337],[435,-140],[235,-549],[-338,-393],[280,-548],[331,168],[427,-84],[162,-562],[177,-745],[177,-436],[29,-618],[-73,-422],[-163,-576],[30,-520],[74,-436],[324,-56],[176,-548],[258,-506],[302,-520],[-110,-422],[-258,-478],[44,-885],[170,-647],[51,-492],[44,-435],[265,-422],[391,-408],[51,-674],[199,-310],[251,-365],[154,-337],[155,-352],[346,0],[66,-674],[-95,-661],[-177,-183],[-317,-196],[-265,-113],[-81,-604],[331,-422],[111,-337],[169,-689],[118,-520],[-110,-380],[-332,-210],[-228,-14],[-236,98],[-353,-14],[-118,-380],[-30,-815],[-272,-295],[-368,-155],[-288,-604],[-228,-745],[-37,-913],[-81,-703],[125,-619],[317,-548],[170,-829],[139,787],[148,773],[228,478],[206,183],[369,-183],[596,815],[398,450],[324,169],[847,309],[1068,407],[994,689],[472,380],[442,351],[353,379],[398,506],[213,-112],[288,-126],[279,337],[155,492],[295,56],[287,267],[449,197],[324,-42],[214,-380],[538,99],[780,365],[413,239],[287,84],[236,-14],[339,28],[265,57],[449,14],[530,84],[413,281],[272,281],[295,309],[169,127],[317,183],[633,42],[214,-28],[295,-99],[383,-295],[228,-211],[758,-815],[847,-1279],[501,-857],[96,-127],[508,-337],[52,-28],[493,-408],[310,-379],[257,-549],[118,-534],[30,-576],[-44,-801],[220,-464],[295,-590],[228,-267],[310,-591],[154,-435],[339,-324],[729,-773],[273,-281],[309,85],[206,56],[288,-84],[596,351],[332,379],[346,127],[346,408],[258,70],[206,-520],[96,-338],[346,-98],[295,-112],[169,-169],[302,-478],[250,-84],[229,-619],[442,-98],[36,-253],[30,-689],[272,-393],[23,-380],[184,-506],[162,-112],[287,-267],[51,-605],[37,-421],[-73,-506],[-126,-717],[0,-661],[-88,-478],[-206,-267],[-287,-182],[-133,-633],[-287,-590],[103,-478],[-44,-576],[221,-591],[213,197],[332,-407],[-37,-478],[213,-464],[295,-562],[7,-689],[229,-183],[199,-323],[162,-436],[44,-632],[0,-745],[125,-562],[184,-619],[15,-520],[66,-632],[111,-1068],[294,-549],[184,-702],[15,-366],[22,-562],[265,-450],[89,-576],[125,-253],[29,-703],[236,-365],[383,-211],[287,-70],[332,-71],[368,-14],[427,-365],[398,-295],[287,-113],[147,-253],[266,-449],[353,-296],[317,-337],[258,-408],[405,-674],[383,-324],[397,29],[251,70],[324,-253],[427,-113],[1112,-98],[288,-295],[88,-562],[-125,-816],[-162,-534],[154,-435],[148,-324],[191,-604],[52,-408],[-89,-534],[-287,-407],[-265,-436],[-184,-506],[-346,-506],[-288,-155],[-294,-140],[-280,-520],[-273,-394],[133,-674],[-162,-703],[-449,-211],[-391,-281],[-29,-689],[-206,-688],[265,-324],[37,-731],[-162,-239],[-133,-646],[7,-773],[-199,-366],[-397,-84],[-177,-407],[15,-464],[37,-534],[-23,-577],[-36,-576],[-317,-618],[-309,-352],[-295,-196],[-236,-549],[52,-478],[-125,-674],[-96,-394],[155,-843],[243,169],[265,393],[66,591],[140,309],[228,407],[427,-211],[148,-688],[258,-422],[405,337],[375,99],[236,-70],[280,0],[390,281],[302,42],[280,-352],[-817,-1546],[-951,-1658],[-1134,-1940],[-177,-393],[-184,-562],[-81,-464],[-44,-731],[15,-1406],[73,-1672],[74,-731],[44,-689],[-110,-604],[-206,-520],[-155,-422],[-302,-1040],[-258,-661],[-206,-253],[-339,-70],[-309,169],[-162,436],[-103,562],[-229,674],[-235,267],[-214,99],[-368,-56],[-369,-99],[-272,-14],[-405,239],[-199,351],[-265,563],[-243,534],[-162,351],[-457,998],[-405,1068],[-147,380],[-199,492],[-280,449],[-420,366],[-420,-267],[-176,-576],[-45,-296],[-140,-969],[-191,-605],[-331,-674],[-243,-506],[-199,-619],[-184,-604],[-155,-408],[-265,-520],[-516,-984],[-199,-449],[-176,-492],[-148,-675],[-29,-647],[14,-435],[81,-464],[170,-450],[383,-408],[280,29],[235,196],[376,450],[221,267],[398,366],[810,421],[449,-70],[162,-281],[162,-478],[103,-478],[-14,-745],[-192,-534],[-243,-478],[-221,-435],[-206,-394],[-214,-717],[-140,-717],[-213,-1293],[-501,-2403],[-243,-1504],[-147,-1701],[-81,-1841],[-52,-745],[-22,-464],[-44,-1012],[-74,-885],[-15,-506],[-36,-773],[22,-1139],[66,-1138],[22,-534],[155,-3612],[0,-717],[-15,-773],[-30,-562],[-22,-1842],[37,-1124],[22,-436],[45,-464],[125,-604],[154,-548],[280,-689],[229,-281],[309,-98],[162,-28],[354,14],[125,0],[861,28],[494,-42],[317,-15],[235,15],[229,84],[309,183],[177,154],[353,394],[567,590],[170,183],[287,239],[250,196],[369,211],[434,-253],[1201,-1841],[346,-548],[236,-295],[368,-352],[700,-660],[338,-281],[273,-310],[228,-267],[273,-365],[213,-281],[619,-1153],[74,-140],[869,-1659],[486,-829],[250,-436],[781,-1377],[744,-1420],[177,-492],[235,-745],[133,-435],[302,-970],[103,-394],[44,-674],[-213,-548],[-302,-211],[-184,-99],[-398,-140],[-140,-56],[-560,-324],[-324,-267],[-302,-239],[-567,-590],[-265,-323],[-317,-436],[-243,-436],[-250,-590],[-185,-520],[37,-703],[258,-520],[258,-56],[346,70],[530,253],[317,99],[250,56],[266,-28],[287,-85],[545,-281],[324,-140],[457,-14],[265,-127],[228,-295],[265,-646],[273,-942],[81,-534],[7,-492],[-44,-562],[-111,-872],[-73,-646],[-52,-998],[-15,-464],[23,-492],[117,-1054],[133,-914],[125,-506],[162,-379],[486,-815],[324,-464],[148,-464],[29,-422],[37,-970],[-7,-351],[-52,-618],[-15,-563],[-14,-477],[-148,-464],[-375,-197],[-398,-14],[-597,-28],[-397,-99],[-354,-112],[-199,-28],[-272,70],[-442,253],[-435,323],[-250,71],[-368,-506],[-486,-1237],[-280,-534],[-280,-338],[-206,-225],[-369,-365],[-272,-379],[-310,-253],[-390,365],[-140,309],[-125,436],[-103,351],[-177,478],[-346,99],[-170,-324],[-58,-464],[-74,-590],[-280,-632],[-287,-183],[-361,-14],[-236,28],[-265,70],[-354,-28],[-287,-140],[-280,-253],[-243,-43],[-294,324],[-133,421],[-15,717],[155,492],[169,633],[104,731],[-15,449],[-295,548],[-353,338],[-265,225],[-288,379],[-353,590],[-155,296],[-191,393],[-428,28],[-95,-632],[-44,-928],[-133,-731],[-258,-787],[-250,-759],[-89,-393],[-22,-478],[206,-464],[435,-211],[442,-169],[346,-506],[74,-506],[-59,-491],[-177,-535],[-324,-632],[-118,-309],[-258,-872],[-213,-871],[-170,-787],[22,-506],[89,-506],[74,-394],[162,-562],[125,-351],[243,-591],[272,-379],[413,56],[383,337],[154,183],[472,576],[265,338],[317,393],[390,155],[214,-422],[95,-365],[280,-1040],[243,-1068],[170,-731],[88,-731],[-287,-338],[-427,-182],[-229,-492],[8,-436],[154,-520],[302,-675],[214,-492],[199,-758],[162,-647],[66,-506],[-7,-436],[-52,-2487],[-88,-605],[-332,-1490],[-272,-1265],[-376,-1504],[-132,-407],[-229,-506],[-191,-436],[-486,-1096],[-472,-1560],[-73,-366],[-103,-590],[-8,-408],[67,-646],[110,-506],[162,-619],[641,-1461],[331,-703],[391,-605],[559,-758],[-280,-239],[-147,-745],[-309,-450],[-199,239],[-302,450],[-228,281],[-317,253],[-236,253],[-280,309],[-279,225],[-251,-155],[-147,-407],[-133,-380],[-169,-604],[177,-591],[368,113],[221,56],[302,-183],[184,-225],[81,-576],[103,-478],[-7,-604],[-376,-155],[-236,-28],[-316,-28],[-229,-155],[-250,-337],[-199,-253],[-295,0],[-243,-84],[-147,-562],[295,-450],[199,-309],[162,-492],[250,-141],[228,-183],[295,-463],[295,-408],[176,-632],[15,-422],[-59,-675],[376,-492],[213,-28],[383,-450],[-7,-618],[0,-618],[-7,-675],[-15,-1068],[7,-787],[-14,-675],[-15,-675],[-15,-716],[-7,-577],[-8,-421],[96,-647],[7,-618],[-44,-1279],[-37,-802],[-44,-548],[-103,-1124],[44,-619],[302,-435],[15,-605],[7,-688],[0,-380],[-22,-534],[-44,-562],[-29,-647],[-52,-969],[-177,-1842],[-95,-702],[-104,-802],[-169,-998],[-184,-885],[-258,-1040],[-74,-436],[-279,-1209],[-111,-421],[-125,-506],[-354,-1125],[-176,-407],[-214,-436],[-353,-1434],[-170,-590],[-243,-534],[-302,-464],[-773,-688],[-626,-759],[-766,-788],[-155,-801],[-44,-562],[-125,-590],[-126,-394],[-117,-393],[-30,-647],[125,-857],[-176,-886],[-347,267],[-331,352],[-184,478],[-214,548],[-191,281],[-324,253],[-192,112],[-243,267],[-206,380],[-670,450],[-472,253],[-118,182],[-434,984],[-295,506],[-280,183],[-412,281],[-346,28],[-206,0],[-420,-140],[-339,-141],[-324,-112],[-457,-71],[-361,-182],[-228,-99],[-302,-267],[-287,-281],[-368,-295],[-369,253],[-44,436],[-88,899],[-354,323],[-324,43],[-169,70],[-1157,407],[-338,450],[-332,-590],[30,-675],[0,-421],[44,-759],[-22,-577],[-15,-716],[-7,-774],[140,-843],[139,-660],[133,-520],[162,-577],[133,-379],[243,-703],[118,-365],[338,-984],[184,-647],[104,-660],[66,-408],[37,-618],[-332,-422],[-302,-408],[-228,-295],[-287,-351],[-302,-295],[-317,-253],[-287,-267],[-214,-211],[-405,-422],[-243,-281],[-228,-253],[-295,-337],[-147,-211],[-427,-717],[-398,-675],[-427,-688],[-295,-506],[-236,-450],[-279,-619],[-243,-913],[-221,-1012],[-273,-1630],[-169,-521],[-236,-407],[-346,-295],[-177,-155],[-324,113],[-258,-43],[-258,0],[-169,450],[-88,787],[-361,197],[-192,253],[-412,-394],[-199,-491],[-221,-197],[-287,-85],[-339,225],[-265,239],[-464,-70],[-37,-408],[-192,-688],[-257,-380],[-332,-281],[-235,-281],[-450,14]],[[847539,726654],[390,-14],[184,-563],[207,-618],[301,-127],[177,155],[332,183],[309,-113],[258,42],[427,-126],[309,225],[280,140],[177,605],[88,450],[391,154],[316,506],[383,-98],[251,-239],[272,-127],[413,267],[206,57],[295,-239],[257,-57],[347,-56],[243,464],[390,197],[376,-197],[397,323],[899,1068],[155,127],[360,70],[325,155],[257,183],[310,140],[346,-42],[213,-84],[376,-169],[280,70],[214,309],[346,169],[316,28],[243,28],[339,-154],[332,126],[442,661],[184,436],[353,140],[287,28],[479,127],[361,126],[354,-56],[316,-28],[177,225],[251,168],[302,197],[316,0],[1076,-140],[2916,-225],[361,28],[250,-28],[273,-42],[398,154],[339,28],[279,-28],[243,-28],[302,-323],[442,-183],[258,-155],[273,-84],[280,0],[272,28],[280,28],[317,57],[464,295],[780,267],[324,126],[295,56],[265,-112],[280,-98],[331,-197],[406,-56],[346,126],[302,-464],[420,225],[353,-281],[265,492],[346,506],[405,-141],[288,127],[235,-14],[229,211],[88,604],[155,675],[339,646],[51,85],[494,365],[250,436],[427,309],[405,-197],[332,-309],[213,394],[324,154],[383,352],[273,435],[-22,577],[29,688],[214,281],[309,661],[-206,492],[243,632],[339,127],[147,225],[199,702],[-214,535],[-198,463],[-163,605],[-125,492],[59,407],[74,591],[191,365],[89,633],[-133,618],[199,394],[162,590],[-228,590],[-140,675],[213,646],[170,647],[221,478],[383,42],[213,56],[405,141],[8,449],[-170,408],[103,745],[266,127],[368,14],[272,-211],[376,98],[368,-183],[435,-224],[368,-113],[251,492],[-15,632],[-52,394],[162,576],[251,478],[331,211],[324,197],[332,98],[235,56],[369,408],[-104,759],[-22,534],[-361,197],[-265,436],[8,618],[162,787],[397,155],[273,-281],[309,548],[-59,590],[-169,365],[-354,352],[23,857],[265,731],[59,745],[22,703],[-8,492],[236,534],[383,168],[287,99],[354,-197],[302,0],[199,14],[390,-197],[206,-112],[376,84],[162,380],[162,407],[265,563],[206,337],[383,-155],[207,-787],[360,-84],[302,534],[45,520],[250,731],[258,42],[316,-169],[347,-435],[235,140],[273,-604],[213,-478],[199,-127],[265,-253],[199,-70],[273,-281],[375,267],[280,661],[192,618],[66,858],[368,112],[266,-84],[162,-324],[368,71],[508,407],[184,85],[280,-492],[273,-310],[346,324],[331,140],[280,506],[309,183],[354,42],[353,-28],[170,155],[383,506],[177,492],[110,267],[147,506],[118,393],[111,604],[331,563],[177,-14],[375,56],[266,140],[132,394],[280,112],[214,338],[110,407],[346,394],[442,140],[265,-28],[450,-14],[272,85],[361,520],[199,267],[280,548],[96,773],[368,281],[368,112],[251,-562],[154,-815],[177,-506],[88,-534],[37,-366],[287,-295],[310,-84],[412,-253],[310,14],[434,-239],[199,-337],[214,-506],[213,-731],[184,-281],[310,-309],[29,-464],[-236,-731],[-117,-548],[36,-717],[81,-759],[59,-745],[265,-239],[229,197],[228,197],[236,56],[316,-183],[221,-309],[199,-604],[207,-197],[-8,-801],[-302,-225],[-206,-338],[-111,-759],[-103,-1124],[-198,-745],[-96,-1082],[59,-450],[0,-759],[-214,-787],[184,-1588],[-15,-661],[-250,-309],[-199,-562],[89,-872],[22,-632],[-22,-506],[66,-829],[-44,-352],[-133,-590],[-7,-886],[-214,-449],[-191,-197],[-170,-422],[332,-660],[-15,-591],[-302,-843],[-221,-478],[-147,-689],[206,-688],[-22,-661],[243,-759],[96,-646],[287,-492],[213,-787]],[[797706,801006],[648,1068],[1289,2192],[1458,2601],[847,1911],[1156,2572],[818,2108],[663,1659],[920,2221],[538,1475],[243,717],[221,956],[413,1968],[500,2741],[310,1855],[582,3036],[729,3724],[294,1828],[155,1236],[412,2910],[96,927],[30,422],[95,872],[74,618],[177,3429],[66,3317],[-74,4344],[-125,2403],[-375,3134],[-251,2376],[-515,4048],[-354,2276],[-375,2502],[-634,2755],[-383,3247],[-442,2502],[-250,1757],[-89,3724],[30,2361],[169,3093],[310,2600],[368,2094],[825,3753],[641,1869],[206,576],[479,1448],[854,2558],[906,3050],[2379,7646],[1001,2924],[1039,2698],[530,1673],[1856,5144],[192,689],[876,2923],[324,1251],[192,464],[390,548],[692,970],[1304,1757],[1967,2220],[1443,1575],[1333,1433],[1658,1631],[670,604],[1871,1518],[839,534],[810,295],[1216,492],[1370,366],[1355,407],[1863,394],[1193,197],[1238,576],[346,140],[1583,802],[1164,520],[928,520],[1274,506],[1945,688],[2231,1195],[1009,1040],[1540,1139],[1944,1377],[1687,1167],[1296,913],[1672,647],[1753,1391],[1164,773],[338,309],[1024,914],[1186,914],[2732,2558],[1149,1124],[1194,787],[2268,1392],[1871,688],[140,71],[3020,1391],[1318,534],[869,253],[523,14],[965,183],[950,154],[339,29],[847,224],[1046,183],[824,267],[781,394],[877,407],[950,549],[1090,590],[2261,1223],[795,478],[2534,1616],[3970,2670],[2754,1715],[2556,1771],[2210,1799],[2718,2221],[1613,1265],[1480,1321],[1672,1968],[854,1166],[751,1842],[634,2066],[37,154],[191,1209],[965,-1785],[214,-351],[279,-647],[-66,-632],[-118,-380],[-353,-281],[-221,-394],[-52,-393],[37,-647],[206,-590],[81,-815],[-110,-436],[-258,-422],[-280,-351],[-154,-281],[-207,-661],[-191,-562],[44,-745],[214,-168],[272,-520],[-206,-436],[-398,-141],[-302,0],[-324,-140],[-199,-548],[-66,-492],[-44,-422],[-177,-422],[-457,-140],[-250,-113],[-516,-646],[-228,-633],[354,-576],[383,225],[191,562],[273,14],[132,-660],[96,-464],[110,-380],[104,-604],[14,-562],[8,-830],[140,-773],[66,-520],[7,-562],[155,-520],[191,-211],[258,-435],[214,-534],[96,-591],[44,-660],[-133,-506],[-272,-352],[-339,-590],[-258,-127],[-390,-42],[-450,113],[-51,548],[309,379],[199,253],[169,563],[-51,646],[-295,98],[-420,-295],[-154,-267],[-199,-604],[-162,-267],[-420,168],[-147,380],[-280,239],[-295,-675],[52,-857],[236,-731],[279,-239],[148,-379],[280,-464],[375,-42],[273,168],[184,57],[294,-113],[170,-632],[-96,-689],[-250,-309],[-207,-99],[-301,-42],[-236,-562],[29,-590],[-51,-689],[-184,-689],[-170,-506],[-243,-562],[273,-703],[361,295],[235,310],[324,28],[207,-661],[-37,-646],[44,-506],[118,-394],[162,-478],[-8,-759],[-154,-393],[-508,-577],[-251,-337],[-265,-450],[-383,-1630],[-228,-337],[-243,210],[-89,436],[155,633],[-251,646],[-243,141],[-412,98],[-214,-28],[-346,-56],[-493,-155],[-324,-309],[-273,-351],[-250,-141],[-236,-211],[-177,-520],[67,-520],[309,-253],[361,211],[479,590],[368,-14],[118,-492],[-30,-576],[-169,-562],[-221,-731],[-89,-323],[236,-703],[339,98],[353,352],[236,196],[413,239],[309,324],[493,674],[354,352],[272,-577],[-169,-478],[-22,-421],[110,-942],[192,-759],[-81,-773],[-280,-857],[-118,-591],[-37,-492],[15,-646],[7,-478],[-220,-450],[-221,155],[-266,548],[-272,366],[-516,393],[-199,351],[-206,394],[-191,534],[-206,309],[-317,-112],[-44,-675],[95,-478],[81,-688],[-66,-675],[-74,-787],[0,-801],[-235,-366],[-427,-182],[29,-745],[-22,-830],[-442,113],[-317,28],[-199,267],[-139,450],[-111,759],[-22,590],[-88,829],[-133,731],[-169,478],[-185,380],[-257,477],[-405,267],[-354,0],[-243,-210],[-206,-366],[-295,-674],[-147,-464],[-96,-548],[-169,-1139],[59,-675],[184,-351],[353,-422],[162,-506],[-14,-477],[-148,-1083],[30,-716],[235,-1125],[133,-239],[265,-365],[199,-408],[125,-731],[-287,-773],[-236,-379],[-154,-183],[-332,-84],[-235,211],[-244,365],[-257,548],[-148,309],[-162,436],[-73,337],[-133,1153],[-147,871],[-37,464],[-15,1110],[-176,731],[-170,183],[-258,225],[-456,140],[-324,-14],[-280,0],[-354,-70],[-191,-84],[-258,-239],[-118,-647],[66,-1068],[140,-843],[155,-787],[-250,-745],[-435,-492],[-228,-253],[-192,-633],[-73,-520],[-37,-674],[-67,-619],[-176,-562],[-398,-197],[-250,99],[-354,379],[-250,591],[-45,477],[45,830],[81,1995],[-22,774],[-74,716],[-81,577],[-251,730],[-257,253],[-177,99],[-295,-28],[-169,-127],[-221,-632],[-81,-689],[-111,-618],[-257,-745],[-221,-436],[-332,-576],[-471,-717],[-206,-731],[162,-520],[265,-323],[449,-183],[383,-337],[199,-464],[199,-745],[-74,-871],[-1038,-1350],[-347,85],[-169,2108],[-96,548],[-390,225],[-2003,-801],[-280,-591],[0,-548],[177,-1743],[14,-590],[-199,-422],[-309,-140],[-1547,-745],[-309,42],[-214,309],[-346,703],[-294,422],[-450,140],[-331,-14],[-361,-168],[-376,-71],[-235,352],[-89,309],[45,590],[169,211],[1068,309],[317,113],[176,618],[-154,534],[-148,366],[-117,393],[-111,394],[-236,421],[-338,338],[-671,562],[-648,618],[-177,127],[-294,-56],[-118,-647],[221,-562],[221,-295],[243,-394],[96,-351],[81,-717],[-22,-464],[-185,-632],[-316,225],[-133,435],[-169,352],[-206,225],[-229,182],[-412,85],[-229,-43],[-279,-154],[-155,-281],[-133,-436],[-368,-1644],[-147,-478],[-37,-394],[66,-548],[206,-534],[251,-239],[479,-155],[1016,-309],[265,-225],[155,-337],[44,-590],[-228,-1518],[-155,-830],[-191,-632],[-501,-1293],[-442,-1125],[-361,-927],[-81,-394],[81,-632],[118,-366],[280,-717],[221,-660],[117,-787],[-294,-2980],[-37,-956],[96,-534],[420,-885],[221,-183],[302,155],[1237,2530],[155,492],[95,576],[295,421],[353,-435],[413,-858],[265,-421],[501,-577],[15,-590],[-295,-351],[-457,-675],[-213,-407],[-140,-352],[-125,-731],[-162,-604],[-155,-281],[-295,-309],[-464,-647],[-265,-365],[-184,-366],[-110,-421],[-59,-450],[44,-520],[294,-169],[487,42],[272,-112],[287,-309],[450,-802],[353,-983],[192,-605],[162,-815],[14,-1054],[523,-506],[420,-295],[184,-717],[302,-197],[229,28],[338,56],[214,-84],[155,-506],[368,-70],[250,-408],[162,-660],[8,-506],[-96,-520],[177,-647],[287,-590],[51,-675],[288,-14],[257,-379],[52,-675],[52,-464],[449,-84],[265,660],[346,352],[582,196],[508,253],[295,71],[228,-28],[508,-141],[103,-56],[435,-323],[773,-506],[214,-141],[258,478],[162,323],[353,183],[251,-28],[228,-141],[250,-168],[251,-282],[331,-196],[126,-352],[221,-337],[294,-126],[302,379],[184,-155],[133,-520],[177,-379],[316,-225],[280,-239],[287,-309],[81,-759],[-228,-619],[147,-843],[634,155],[154,-633],[288,-168],[14,-647],[67,-717],[184,-323],[2651,-1588],[1827,-1167],[2578,-1532],[1200,-1096],[3108,-2994],[6600,-5833],[1178,-815],[1819,-787],[288,-183],[1730,-1560],[2917,-3191],[1731,-1517],[213,-239],[1982,-2643],[883,-1012],[678,-773],[1267,-1321],[147,-211],[273,-618],[537,-1434],[612,-1630],[1848,-5566],[486,-1279],[582,-1335],[170,-478],[147,-352],[1834,-4385],[1333,-3598],[641,-2094],[272,-1504],[-95,-2558],[7,-773],[118,-1546],[132,-3823],[89,-2376],[81,-3092],[-22,-2965],[-8,-155],[126,-4174],[103,-1040],[184,-1111],[169,-1026],[221,-548],[825,-857],[670,-886],[950,-1251],[1348,-815],[1304,-253],[74,-14],[1082,-211],[1967,0],[316,-323],[369,-42],[324,-548],[405,-57],[236,127],[272,379],[169,183],[288,239],[250,28],[332,84],[360,29],[229,84],[294,-225],[369,169],[243,-28],[258,-282],[213,141],[258,-703],[1186,-1869],[280,-703],[309,-309],[250,-619],[221,-759],[-176,-351],[36,-562],[-14,-1026],[0,-267],[59,-1125],[14,-365],[170,-801],[44,-548],[147,-563],[155,-407],[280,-99],[339,563],[331,0],[287,-239],[287,-647],[104,-450],[58,-435],[52,-450],[-169,-633],[-177,-154],[-265,-295],[-89,-380],[-125,-478],[-361,43],[-110,-394],[-140,-576],[-383,211],[-391,-15],[-346,183],[-213,-42],[-332,-520],[-272,-478],[-346,28],[-192,-28],[-427,70],[-376,-56],[-243,-126],[-294,-563],[-214,-224],[-287,-14],[-287,-352],[-288,-28],[-199,127],[-272,-127],[-368,-141],[-251,-253],[-309,-379],[-273,-197],[-221,183],[-324,98],[-316,-168],[-273,56],[-324,-183],[-280,14],[-464,-42],[-199,42],[-420,-98],[-375,0],[-435,42],[-294,-70],[-243,14],[-280,-211],[-280,-155],[-140,-281],[-177,-506],[-81,-407],[-177,-366],[-147,-562],[-147,-309],[-280,-141],[-309,-197],[-472,-253],[-339,-210],[-51,-549],[-74,-491],[-88,-464],[-147,-380],[-185,-421],[-169,-478],[-287,-886],[-361,-1110],[-324,-309],[-553,-338],[-685,-351],[-928,-534],[-478,-267],[-317,-70],[-412,28],[-295,56],[-479,112],[-412,141],[-472,225],[-397,197],[-280,-113],[-369,-267],[-44,-576],[30,-464],[-22,-661],[184,-393],[147,-281],[44,-745],[-44,-492],[44,-731],[96,-759],[133,-450],[44,-660],[-67,-408],[89,-562],[-133,-366],[-169,-351],[37,-745],[95,-590],[185,-773],[14,-689],[8,-604],[-148,-506],[-66,-830],[-7,-449],[162,-633],[-15,-436],[7,-548],[133,-646],[-155,-731],[-66,-506],[-44,-619],[-111,-604],[30,-422],[-192,-407],[-73,-731],[-96,-464],[125,-464],[103,-801],[-51,-717],[-273,-407],[-258,-309],[-302,-85],[-287,0],[-280,-154],[-324,-338],[-294,-225],[-295,-632],[-280,-155],[-213,-126],[-464,-85],[-192,-618],[-258,-267],[-272,-576],[-354,154],[-280,43],[-250,-57],[-96,-562],[-140,-717],[-368,-239],[-258,-309],[-294,-197],[-280,394],[-258,-127],[-368,-365],[-347,-42],[-279,154],[-251,0],[-353,408],[-221,675],[-435,56],[-236,365],[-257,-421],[-89,-745],[-221,-450],[-294,-42],[-295,-309],[66,-745],[104,-422],[-221,-534],[-406,-422],[-44,-604],[-339,-323],[-132,-450],[-22,-394],[191,-660],[74,-886],[-339,-520],[-103,-843],[-250,-661],[-170,-576],[-199,-394],[-243,-196],[-199,-548],[104,-563],[-185,-590],[-250,-309],[-177,-225],[-302,-366],[-228,57],[-236,295],[-228,-14],[228,-900],[-66,-492],[-140,-407],[-353,-127],[-317,183],[-376,141],[-331,576],[-265,253],[-428,154],[8,759],[-89,506],[-29,886],[-376,-56],[-184,-689],[-169,-464],[-236,-28],[-427,-309],[-317,-619],[-309,141],[-170,140],[-324,239],[-198,310],[-244,576],[-309,351],[-184,253],[-317,155],[-442,70],[-316,253],[-184,98],[-332,211],[-243,-731],[-88,-576],[-30,-492],[-339,-168],[-198,126],[-280,239],[-177,-661],[147,-351],[-346,-478],[-133,534],[-331,-337],[-7,-731],[-243,-450],[-251,-28],[-339,-267],[-250,-42],[-250,-520],[-332,-281],[-353,-295],[-221,-506],[-258,-267],[-228,337],[-369,-56],[-221,-380],[-206,-478],[-309,-492],[-494,-140],[-51,-534],[-265,-478],[-391,-42],[-331,-99],[-258,0],[-295,169],[-191,253],[-251,408]],[[284504,317872],[-125,366],[-66,604],[-413,394],[-199,140],[-405,-84],[-265,-197],[-376,-267],[-95,-703],[-295,-28],[-88,590],[-162,802],[-185,646],[-331,436],[-427,-113],[-258,-42],[-346,-267],[-140,211],[-376,127],[-257,-296],[-52,-590],[-147,-450],[-442,-168],[-332,14],[-14,1012],[-325,267],[-441,0],[-339,-239],[-170,-309],[-228,-169],[-287,-84],[-258,-282],[-405,-14],[-317,-210],[-199,-731],[-397,-239],[-398,56],[-273,-239],[-265,84],[-265,85],[-206,702],[-273,478],[-442,155],[-228,703],[-272,168],[-67,-871],[-221,-492],[-228,112],[-199,577],[-221,211],[-140,393],[45,478],[-302,492],[-251,351],[-162,773],[-162,534],[-15,788],[155,182],[0,787],[-287,492],[-236,548],[-376,253],[-390,141],[-287,155],[-125,337],[-332,169],[-294,-14],[-295,351],[-317,112],[-294,-562],[-435,-98],[66,801],[339,365],[-221,534],[-412,14],[-287,436],[-192,703],[-221,281],[-29,689],[-192,407],[-206,239],[-236,633],[22,478],[-51,506],[-125,478],[-413,42],[-346,-366],[-302,352],[-413,-197],[-243,-352],[-427,71],[-44,604],[199,633],[59,632],[-339,380],[-206,-324],[-413,324],[-14,857],[-420,0],[-214,84],[-331,183],[-273,506],[-103,478],[-169,899],[-148,239],[-294,295],[37,745],[228,253],[250,253],[302,675],[133,394],[7,548],[30,520],[169,435],[-51,535],[-118,660],[-103,506],[-258,127],[-66,815],[95,478],[30,548],[-125,689],[117,407],[-73,661],[-442,14],[-214,-141],[-294,14],[-229,-449],[-375,-366],[-369,520],[-220,295],[-310,113],[-250,154],[-391,436],[30,619],[147,365],[-265,661],[-272,281],[-288,225],[-221,-239],[-383,-310],[-353,-463],[-287,210],[-376,436],[-206,548],[-133,464],[-361,-323],[-309,-309],[-236,337],[-294,464],[-324,323],[-295,604],[-52,436],[162,647],[-169,702],[-287,85],[-170,211],[-272,716],[339,310],[309,0],[191,42],[310,267],[-214,717],[-302,196],[-88,310],[-52,618],[214,253],[434,56],[214,-506],[169,-211],[347,85],[140,323],[316,351],[-29,703],[-339,155],[-317,168],[-258,647],[0,562],[214,394],[258,-14],[309,-408],[206,-225],[207,745],[-221,309],[-413,324],[-206,520],[287,449],[199,-154],[398,337],[191,352],[369,421],[-155,661],[-420,211],[44,843],[243,759],[-81,562],[-7,576],[339,225],[140,352],[-44,674],[-126,548],[-375,239],[-280,675],[-96,773],[-44,801],[-280,689],[-118,379],[-213,282],[-406,196],[-22,773],[37,605],[-132,393],[-67,605],[-36,435],[88,605],[110,309],[162,436],[-81,520],[-206,379],[-375,506],[-148,225],[-280,225],[-390,126],[-191,85],[-332,197],[-236,42],[-390,70],[-243,112],[-361,113],[-228,267],[-214,689],[-29,773],[287,632],[265,323],[317,253],[398,352],[279,267],[288,281],[162,267],[-81,661],[-383,281],[-265,154],[-302,71],[-325,576],[-169,309],[-132,534],[-52,731],[-37,464],[52,857],[338,197],[-7,520],[354,365],[390,71],[442,281],[169,421],[236,745],[44,773],[37,605],[214,576],[132,618],[280,1982],[228,689],[133,520],[103,576],[37,464],[-74,534],[-110,309],[-229,366],[-184,309],[-449,759],[-199,323],[-574,970],[-52,127],[-280,632],[-125,590],[-110,549],[-185,506],[-427,759],[-169,407],[-125,478],[-140,506],[-37,534],[7,604],[-88,506],[74,788],[-185,435],[-191,253],[-228,211],[-280,56],[-317,85],[-133,351],[-206,548],[-317,619],[-500,801],[-170,576],[-44,534],[-29,801],[-89,366],[-118,646],[-103,1012],[-88,633],[-133,351],[-206,337],[-221,183],[-243,84],[-302,71],[-59,562],[-88,689],[-89,463],[-88,661],[22,914],[52,632],[243,689],[103,492],[-15,674],[-169,464],[-332,562],[-147,366],[-390,140],[-273,-140],[-221,421],[-331,169],[-265,647],[-140,548],[-310,660],[184,436],[295,253],[29,619],[-235,210],[-295,-365],[-302,-127],[-427,-267],[-273,-210],[-456,-366],[-494,-436],[-257,-182],[-280,0],[-567,28],[-354,183],[-295,14],[-397,-394],[-398,-323],[-317,168],[-250,141],[-309,492],[-207,295],[-324,380],[-221,323],[-162,478],[-103,393],[-147,506],[-162,647],[81,407],[51,563],[15,407],[-51,591],[-310,154],[-375,281],[-354,0],[-258,169],[-346,112],[-272,57],[-236,14],[-361,295],[-228,84],[-302,99],[-125,379],[-23,534],[-125,492],[-272,380],[-96,323],[-37,562],[-125,281],[-273,211],[-302,-14],[-235,-84],[-310,-57],[-346,492],[-37,464],[-191,534],[-354,-70],[-257,140],[-273,-393],[-74,-380],[-265,-463],[-250,14],[-243,168],[-162,478],[37,661],[147,520],[51,843],[-132,815],[-309,-154],[-391,98],[-191,366],[-184,309],[-339,295],[-125,-281],[-295,-338],[-302,422],[-66,295],[-170,745],[-162,801],[140,745],[302,478],[125,450],[-7,590],[-118,534],[-15,436],[325,548],[287,-98],[265,211],[309,42],[229,-84],[294,435],[-118,619],[-81,520],[-7,534],[51,407],[-191,534],[-206,225],[-243,352],[-192,393],[-118,295],[15,591],[170,435],[272,352],[-29,618],[-251,562],[-302,211],[-339,57],[-117,477],[88,422],[-15,604],[-236,422],[-397,239],[-376,-155],[-199,-253],[-294,-337],[-214,-225],[-228,-309],[-310,0],[-419,394],[184,632],[103,576],[103,436],[-169,590],[-170,324],[-243,492],[-324,-225],[-405,-267],[-449,-422],[-162,-351],[110,-661],[228,-633],[162,-477],[111,-605],[-147,-576],[-243,28],[-221,394],[-207,463],[-140,253],[-316,211],[-391,-225],[-132,-253],[-376,267],[-118,773],[-191,408],[132,689],[428,-28],[125,674],[0,492],[-206,619],[-243,-57],[-310,57],[-221,604],[-51,478],[-52,562],[-258,661],[258,365],[287,-267],[310,197],[118,829],[-111,576],[-213,464],[-280,56],[-199,71]]],"bbox":[102.05514,17.59377,103.41287,18.30525],"transform":{"scale":[0.0000013577313577313614,7.114807114807131e-7],"translate":[102.05514,17.59377]}}