{"type":"Topology","objects":{"districts":{"type":"GeometryCollection","geometries":[{"type":"Polygon","arcs":[[0,1,2,3,4,5]],"properties":{"CODE":"4401","PARENT":"44","NAME_TH":"เมืองมหาสารคาม","NAME_EN":"Mueang Maha Sarakham","NAME_CN":"Mueang Maha Sarakham","COLOR_IDX":0}},{"type":"Polygon","arcs":[[6,7,-2]],"properties":{"CODE":"4402","PARENT":"44","NAME_TH":"แกดำ","NAME_EN":"Kae Dam","NAME_CN":"Kae Dam","COLOR_IDX":3}},{"type":"Polygon","arcs":[[8,-5,9,10,11,12]],"properties":{"CODE":"4403","PARENT":"44","NAME_TH":"โกสุมพิสัย","NAME_EN":"Kosum Phisai","NAME_CN":"Kosum Phisai","COLOR_IDX":1}},{"type":"Polygon","arcs":[[-6,-9,13,14]],"properties":{"CODE":"4404","PARENT":"44","NAME_TH":"กันทรวิชัย","NAME_EN":"Kantharawichai","NAME_CN":"Kantharawichai","COLOR_IDX":3}},{"type":"Polygon","arcs":[[15,-14,-13,16,17]],"properties":{"CODE":"4405","PARENT":"44","NAME_TH":"เชียงยืน","NAME_EN":"Chiang Yuen","NAME_CN":"Chiang Yuen","COLOR_IDX":2}},{"type":"Polygon","arcs":[[18,19,20,-10,-4]],"properties":{"CODE":"4406","PARENT":"44","NAME_TH":"บรบือ","NAME_EN":"Borabue","NAME_CN":"Borabue","COLOR_IDX":2}},{"type":"Polygon","arcs":[[21,22,23,24,25,-20]],"properties":{"CODE":"4407","PARENT":"44","NAME_TH":"นาเชือก","NAME_EN":"Na Chueak","NAME_CN":"Na Chueak","COLOR_IDX":0}},{"type":"Polygon","arcs":[[26,27,28]],"properties":{"CODE":"4408","PARENT":"44","NAME_TH":"พยัคฆภูมิพิสัย","NAME_EN":"Phayakkhaphum Phisai","NAME_CN":"Phayakkhaphum Phisai","COLOR_IDX":3}},{"type":"Polygon","arcs":[[29,30,-22,-19,-3,-8]],"properties":{"CODE":"4409","PARENT":"44","NAME_TH":"วาปีปทุม","NAME_EN":"Wapi Pathum","NAME_CN":"Wapi Pathum","COLOR_IDX":1}},{"type":"Polygon","arcs":[[31,-29,32,-23,-31]],"properties":{"CODE":"4410","PARENT":"44","NAME_TH":"นาดูน","NAME_EN":"Na Dun","NAME_CN":"Na Dun","COLOR_IDX":2}},{"type":"Polygon","arcs":[[-33,-28,33,-24]],"properties":{"CODE":"4411","PARENT":"44","NAME_TH":"ยางสีสุราช","NAME_EN":"Yang Sisurat","NAME_CN":"Yang Sisurat","COLOR_IDX":1}},{"type":"Polygon","arcs":[[-21,-26,34,-11]],"properties":{"CODE":"4412","PARENT":"44","NAME_TH":"กุดรัง","NAME_EN":"Kut Rang","NAME_CN":"Kut Rang","COLOR_IDX":3}},{"type":"Polygon","arcs":[[-18,35]],"properties":{"CODE":"4413","PARENT":"44","NAME_TH":"ชื่นชม","NAME_EN":"Chuen Chom","NAME_CN":"Chuen Chom","COLOR_IDX":3}}]}},"arcs":[[[865131,673055],[470,283],[862,32],[711,-56],[1105,-97],[1543,-146],[1362,-121],[1090,-57],[1301,-56],[2360,-81],[848,-89],[1392,-250],[1044,-243],[1604,-323],[499,-81],[711,-89],[1438,-210],[590,-129],[817,-251],[575,-210],[999,-412],[802,-355],[560,-243],[333,-153],[907,-380],[712,-283],[408,-153],[439,-162],[802,-315],[333,-162],[348,-210],[1210,-1277],[318,-299],[1438,-1228],[3934,-2763],[983,-752],[303,-226],[424,-364],[257,-323],[61,-242],[15,-590],[0,-8],[-152,-962],[-45,-452],[91,-404],[136,-235],[530,-234],[817,-16],[393,89],[620,186],[454,185],[696,251],[621,194],[514,194],[560,186],[288,137],[317,267],[16,371],[-76,1083],[0,162],[76,1018],[45,105],[242,646],[318,671],[484,711],[409,412],[469,340],[650,347],[711,113],[681,-137],[560,-259],[439,-218],[454,-194],[590,-267],[590,-234],[439,-331],[242,-299],[227,-477],[-15,-234],[-136,-348],[-409,-606],[-378,-412],[-348,-444],[-348,-437],[-318,-492],[-60,-308],[15,-266],[121,-364],[257,-339],[333,-348],[439,-363],[711,-534],[938,-695],[242,-242],[76,-404],[-106,-299],[-257,-226],[-696,-251],[-560,-64],[-787,32],[-681,105],[-393,81],[-560,121],[-742,121],[-877,130],[-636,64],[-832,-24],[-469,-210],[-242,-299],[-76,-218],[30,-364],[379,-436],[348,-323],[423,-324],[560,-274],[711,-243],[636,-137],[741,-89],[560,-49],[1105,-56],[953,-41],[848,-88],[575,-162],[469,-315],[15,-267],[-182,-307],[-499,-250],[-772,-251],[-560,-121],[-635,-97],[-560,-49],[-863,-72],[-575,-57],[-726,-105],[-696,-89],[-530,-97],[-696,-153],[-696,-170],[-696,-226],[-635,-259],[-409,-169],[-378,-211],[-348,-299],[-303,-315],[-408,-420],[-500,-509],[-378,-355],[-333,-372],[-121,-186],[-106,-388],[182,-428],[272,-194],[696,-234],[590,-49],[636,0],[666,32],[1074,-16],[666,-32],[1377,-137],[787,-73],[635,-24],[802,-8],[772,0],[923,16],[635,40],[651,65],[1105,169],[257,49],[741,113],[636,65],[484,16],[560,-97],[348,-154],[272,-331],[-30,-444],[-197,-210],[-317,-308],[-318,-266],[-303,-194],[-408,-267],[-530,-275],[-711,-298],[-515,-211],[-605,-185],[-772,-211],[-847,-226],[-1377,-412],[-878,-250],[-544,-194],[-575,-243],[-515,-363],[-242,-291],[-60,-235],[121,-347],[227,-267],[635,-371],[757,-299],[620,-138],[545,-64],[953,-57],[696,-8],[1029,57],[605,32],[712,8],[529,-16],[893,-49],[756,-56],[560,-89],[379,-73],[620,-129],[469,-129],[711,-211],[379,-161],[484,-323],[393,-275],[273,-299],[242,-291],[348,-283],[348,-186],[877,-339],[727,-218],[499,-146],[620,-210],[515,-242],[333,-275],[91,-267],[-31,-355],[-272,-380],[-394,-267],[-514,-193],[-757,-138],[-514,-16],[-515,16],[-559,65],[-500,89],[-650,129],[-575,154],[-712,258],[-635,243],[-348,129],[-1150,428],[-1029,404],[-424,121],[-877,130],[-712,-8],[-453,-170],[-273,-202],[-136,-291],[30,-243],[121,-266],[258,-226],[469,-299],[650,-388],[530,-283],[545,-339],[484,-291],[408,-267],[348,-242],[469,-413],[243,-299],[151,-290],[106,-243],[106,-404],[106,-646],[75,-323],[91,-461],[30,-348],[152,-460],[181,-315],[409,-348],[726,-283],[893,-161],[681,16],[666,73],[711,153],[454,146],[408,137],[424,178],[318,161],[469,259],[423,283],[273,186],[408,299],[379,363],[302,429],[348,476],[273,315],[287,243],[424,250],[454,227],[590,242],[802,275],[802,194],[1120,250],[1755,340],[1059,194],[832,113],[742,97],[877,194],[409,161],[681,299],[408,243],[364,234],[332,380],[212,388],[137,290],[423,841],[363,477],[364,274],[499,170],[529,89],[515,-8],[666,-65],[756,-210],[485,-291],[771,-347],[757,-275],[635,-186],[530,-97],[545,-65],[817,-8],[756,162],[318,186],[288,299],[166,283],[121,460],[-76,630],[-196,469],[-303,437],[-303,452],[-121,453],[121,347],[197,267],[3723,2286],[1785,1245],[318,266],[605,526],[91,72],[1331,833],[197,121],[711,420],[424,380],[303,388],[272,371],[318,461],[393,493],[409,347],[378,219],[545,218],[726,72],[560,-40],[862,-202],[470,-283],[181,-218],[469,-469],[212,-258],[454,-388],[560,-339],[772,-178],[847,-16],[499,48],[560,81],[424,97],[832,315],[968,364],[636,242],[590,178],[454,113],[847,40],[923,-80],[470,-122],[590,-210],[423,-242],[227,-178],[258,-307],[317,-436],[212,-291],[303,-372],[348,-388],[212,-218],[423,-299],[515,-291],[514,-129],[863,-97],[560,-32],[620,0],[620,32],[560,24],[923,81],[515,65],[408,80],[500,154],[560,347],[227,210],[242,445],[15,283],[-30,283],[-106,339],[-137,355],[-151,340],[-45,258],[-46,299],[61,243],[454,436],[499,170],[605,81],[772,16],[923,-129],[484,-146],[696,-218],[318,-97],[666,-121],[938,-105],[847,32],[621,81],[439,81],[862,218],[666,178],[696,202],[711,210],[469,113],[772,-8],[454,-243],[121,-234],[-45,-331],[-167,-324],[-181,-250],[-379,-469],[-227,-218],[-544,-420],[-515,-364],[-393,-258],[-500,-259],[-211,-113],[-606,-315],[-484,-307],[-469,-372],[-242,-218],[-227,-331],[-46,-243],[16,-307],[166,-372],[257,-290],[318,-243],[318,-258],[560,-283],[439,-113],[514,-130],[-166,-250],[-273,-275],[-227,-218],[-333,-210],[-227,-283],[-242,-178],[-75,-388],[227,-234],[-46,-364],[303,-234],[575,-275],[136,-355],[318,-356],[-651,-153],[-696,-154],[-363,-129],[-121,-331],[-469,-307],[-545,32],[-878,48],[-620,178],[-469,-16],[-636,-24],[-696,-113],[31,-291],[287,-291],[45,-251],[273,-307],[-893,-113],[-408,202],[-288,218],[-454,130],[-635,-348],[151,-452],[-151,-445],[696,-202],[363,-169],[-31,-445],[-650,-202],[-394,-291],[-741,-153],[-651,-340],[-423,-323],[-606,-105],[-817,-48],[-560,404],[-272,299],[-787,250],[-423,234],[-318,364],[-394,347],[-908,130],[-665,-24],[-485,-49],[-605,-129],[-454,-138],[-514,-145],[-288,-388],[76,-250],[-45,-356],[-364,-364],[-393,-153],[-636,-16],[-741,-186],[-393,-178],[-439,-194],[-333,-145],[-288,-299],[-212,-412],[-166,-186],[545,-323],[423,-396],[-332,-404],[-470,-251],[-332,-89],[-575,-121],[-939,-89],[-711,49],[-893,89],[-196,-299],[529,-291],[242,-194],[-60,-501],[30,-340],[439,-371],[469,-178],[621,323],[348,299],[802,202],[605,-32],[635,-194],[394,-162],[317,-194],[303,-436],[46,-283],[-91,-291],[-152,-218],[-302,-259],[-318,-347],[469,-412],[560,-202],[469,-210],[439,-202],[181,-202],[-90,-332],[-258,-210],[-741,-379],[-666,-291],[-817,-332],[-757,-266],[-378,-275],[-106,-412],[61,-259],[318,-412],[469,-202],[514,-64],[681,-8],[545,-65],[363,-121],[439,-356],[181,-210],[439,-428],[182,-307],[136,-324],[91,-315],[0,-250],[-121,-437],[-137,-218],[-272,-315],[-227,-202],[-529,-331],[-712,-323],[-635,-267],[-590,-275],[-681,-299],[-802,-274],[-500,-162],[-620,-113],[-635,-170],[-712,-323],[-378,-267],[-318,-339],[-227,-396],[-60,-323],[75,-235],[333,-274],[-75,-299],[-424,-275],[-424,-113],[-756,-8],[-500,-138],[-590,-121],[-15,-16],[121,-356],[-15,-282],[-91,-316],[454,-395],[212,-316],[-469,-258],[-409,-113],[-75,-356],[423,-355],[560,-138],[136,-501],[-136,-347],[-196,-202],[-742,-170],[-287,-291],[181,-468],[-514,-146],[-696,-89],[-273,-315],[-181,-412],[15,-291],[-15,-404],[-454,-267],[212,-355],[469,-113],[454,-251],[257,-388],[620,-202],[-181,-404],[-530,-129],[-242,-234],[-711,-194],[-439,371],[-575,154],[-635,-307],[166,-469],[76,-404],[75,-331],[454,-396],[-560,-170],[-242,-485],[394,-331],[90,-315],[-105,-210],[-137,-404],[31,-331],[-16,-219],[-136,-371],[-242,-259],[-363,-396],[-363,-420],[-545,-250],[-499,0],[-757,-259],[288,-291],[-727,-291],[-363,-258],[-45,-421],[-863,162],[-560,170],[-408,16],[-605,0],[-863,24],[-650,97],[-470,-24],[-847,-41],[-635,57],[-939,8],[-257,-347],[151,-178],[-302,-340],[-424,-96],[-877,-178],[-106,-380],[30,-186],[-318,-396],[-333,-226],[-302,-283],[-258,-420],[61,-469],[-30,-291],[30,-307],[181,-396],[-393,-420],[-469,-242],[-15,-275],[-46,-259],[-302,-323],[60,-493],[-60,-363],[-242,-227],[-485,-339],[-484,-89],[-575,-64],[-590,355],[-15,291],[-681,170],[-575,169],[-651,97],[-499,57],[-772,-121],[-454,-356],[-605,-161],[-378,-130],[-424,-323],[136,-493],[-45,-323],[-121,-251],[287,-323],[31,-460],[-242,-307],[-182,-178],[-303,-348],[-333,-250],[-302,-194],[-530,-234],[-620,-308],[-560,-282],[-802,-259],[-726,-121],[-817,-105],[-469,-97],[-167,-340],[318,-169],[272,-412],[-136,-461],[-590,-202],[-590,-48],[-545,-8],[-666,-65],[-696,-89],[-923,-129],[-454,-81],[-499,-331],[-106,-283],[-106,-412],[-318,-275],[-181,-162],[-348,-460],[-348,-235],[-575,-363],[-364,-315],[-151,-275],[-424,-267],[-226,-363],[-122,-251],[-151,-307],[348,-323],[288,-234],[227,-445],[60,-372],[-15,-210],[151,-476],[121,-324],[-136,-444],[0,-283],[182,-258],[91,-348],[-182,-533],[-393,-1794],[196,-2141]],[[930560,569795],[-348,8],[-3223,97],[-3208,89],[-1422,40],[-3102,89],[-166,0],[-4767,105],[-151,8],[-3238,48],[-3783,-32],[-1831,-113],[-1317,-137],[-847,-122],[-620,-105],[-1029,-145],[-1226,-65],[-1150,-81],[-1377,-113],[-560,-48],[-953,-81],[-636,-48],[-575,-122],[-438,-80],[-591,-97],[-544,-162],[-636,-210],[-620,-186],[-1196,-162],[-786,-97],[-1241,0],[-1044,162],[-757,170],[-802,161],[-681,348],[-575,339],[-696,275],[-741,315],[-515,388],[-484,372],[-666,379],[-953,25],[-620,-49],[-802,-16],[-591,-97],[-832,-65],[-620,-48],[-817,-16],[-1075,24],[-665,73],[-591,97],[-771,177],[-439,130],[-590,380],[-757,-25],[-938,-64],[-666,-57],[-877,202],[-621,65],[-499,218],[-363,97],[-636,267],[-469,185],[-469,243],[-741,266],[-636,162],[-635,129],[-666,178],[-424,121],[-439,130],[-499,218],[-741,137],[-454,8],[-591,-32],[-711,-81],[-605,-8],[-590,-24],[-681,-24],[-847,137],[-485,121],[-681,283],[-514,202],[-545,121],[-771,-121],[-560,-170],[-757,-105],[-878,-178],[-559,-80],[-666,-97],[-515,16],[-575,56],[-469,65],[-590,73],[-772,89],[-529,-25],[-636,138],[212,477],[257,299],[-15,460],[-30,331],[393,429],[409,371],[363,332],[-968,97],[-167,460],[-75,218],[90,380],[167,218],[212,324],[-46,412],[31,476],[105,388],[91,259],[-787,242],[-423,-48],[-651,-41],[-393,316],[-227,347],[-242,218],[75,453],[-2285,177],[-544,-56],[-681,-49],[-394,0],[-711,122],[-741,194],[-848,105],[-469,137],[-756,-97],[-2028,-49],[121,-921],[-439,57],[-771,202],[-923,-16],[-530,-33],[-620,-379],[-787,-33],[-575,0],[-848,33],[-681,-97],[-211,-291],[-318,-364],[-848,-113],[-605,57],[-529,56],[-575,-307],[-545,-121],[-802,-8],[-197,226],[-560,388],[-196,493],[-91,969],[-15,106],[-212,573],[-666,598],[-1407,-8],[-30,-8],[-31,-566],[-151,-371],[-167,-679],[-60,-380],[-984,-331],[-393,40],[-711,16],[-787,25],[-923,0],[-1317,-17],[-1361,-177],[-227,-348],[-318,-258],[-136,-218],[-273,-356],[-151,-315],[-802,-49],[-545,49],[-635,24],[-863,-8],[-423,-154],[-757,-169],[-953,-16],[-1710,-17],[-469,-24],[-530,-8],[-666,-202],[409,-347],[45,-259],[-227,-258],[-90,-235],[-530,-161],[-878,129],[-1119,-816],[45,-420],[-166,-235],[-1256,-48],[-1831,-57],[-817,-32],[-9881,-340],[-651,41],[-802,65],[-529,72],[-681,89],[-954,65],[-393,178],[-15,-227],[15,-420],[-6855,-2812],[-166,-97],[-1150,-654],[-5523,-3208],[-711,0],[-712,8],[-665,-275],[287,-420],[-91,-291],[-696,-57],[-847,0],[-878,-113],[-560,-40],[-680,-162],[-802,8],[-560,-72],[454,-970],[211,-606],[167,-509],[469,-517],[999,-1043],[877,-695],[848,-549],[302,-210],[61,-356],[-46,-274],[-378,-380],[-393,-461],[-91,-363],[-227,-574],[-348,-453],[-378,-436],[-938,-1422],[-787,-453],[-1665,-945],[-1392,-404],[-2451,-396],[-4282,-420],[-2966,24],[-1892,129],[-1377,-8],[-862,-73],[-1816,-193],[-2603,-211],[-1180,-686],[-968,-526],[-1105,-638],[-1513,-735],[-1165,-728],[-1226,-468],[-832,24],[-257,-469],[-348,-468],[-212,-485],[91,-267],[257,-323],[454,-453],[484,-331],[605,-363],[409,-316],[348,-363],[197,-251],[151,-299],[121,-388],[106,-218],[197,-460],[196,-461],[469,-299],[757,-194],[575,-258],[1301,-615],[485,-258],[484,-178],[136,-283],[242,-331],[530,-493],[438,-428],[999,-679],[-681,57],[-575,-8],[-635,-89],[-424,-89],[-711,-57],[-651,57],[515,-639],[287,-420],[257,-380],[227,-290],[590,-130],[681,8],[121,-315],[182,-517],[106,-380],[91,-428],[1074,32],[348,-307],[469,-444],[742,-16],[529,72],[802,138],[575,-251],[-60,-323],[45,-258],[197,-380],[212,-323],[45,-421],[-106,-1163],[666,-113],[666,-154],[786,-121],[666,-24],[409,-291],[242,-251],[454,-404],[303,-210],[-212,-388],[-137,-266],[-196,-421],[-46,-266],[-166,-259],[-439,-347],[-651,-332],[-393,-258],[-560,-291],[-408,-105],[-606,-105],[-696,-186],[-681,-145],[-1558,-380],[-1180,-243],[-908,-16],[-1377,-81],[-1634,-525],[-1695,-767],[-197,-356],[-1286,259],[-182,-348],[-181,-493],[-61,-291],[-91,-476],[-45,-720],[0,-452],[-832,-113],[-711,-24],[-696,48],[-727,40],[-60,-420],[60,-315],[15,-258],[61,-275],[-76,-388],[-227,-364],[-75,-363],[0,-388],[106,-542],[-122,-266],[-348,-679],[-211,-655],[-106,-597],[-197,-501],[-726,-243],[-696,-218],[-303,-315],[-106,-283],[-60,-436],[15,-251],[151,-363],[15,-477],[182,-323],[529,-380],[424,-251],[318,-161],[227,-267],[181,-420],[31,-291],[30,-259],[60,-258],[167,-372],[136,-291],[76,-266],[0,-324],[-31,-202],[-90,-315],[-137,-234],[-181,-291],[-136,-291],[0,-226],[60,-445],[-45,-242],[0,-283],[-91,-250],[-76,-380],[606,-412],[544,-323],[666,-235],[696,-32],[121,-356],[152,-379],[121,-243],[90,-404],[0,-469],[15,-662],[4404,-89],[1104,170],[1181,137],[196,-32],[333,-404],[817,-81],[621,48],[590,-299],[91,-291],[227,-404],[317,-371],[197,-348],[318,-444],[393,-323],[530,-421],[620,-460],[484,-606],[560,-744],[394,-670],[378,-897],[3117,-5479],[273,-258],[121,-364],[136,-347],[75,-259],[31,-469],[-31,-420],[-30,-428],[-91,-339],[-454,-421],[-105,-250],[-31,-792],[106,-525],[106,-380],[0,-380],[30,-776],[-4539,-2925],[-696,-436],[-1165,-1374],[378,-315],[363,-170],[227,-258],[-45,-501],[-121,-372],[-91,-275],[-409,-444],[-30,-428],[61,-332],[242,-379],[363,-412],[181,-243],[288,-452],[-318,-178],[-212,-436],[182,-469],[-878,-291],[-1437,-671],[-1180,-412],[-833,-477],[-544,-404],[-348,-541],[-106,-695],[45,-654],[-45,-437],[-258,-565],[-211,-526],[-303,-525],[-787,-565],[-1029,-429],[-1528,-339],[-1998,-477],[-575,-291],[-30,-234],[-91,-291],[227,-323],[212,-323],[439,-396],[121,-412],[106,-194],[151,-340]],[[737557,465128],[-923,-226],[-756,-145],[-606,-122],[-832,-105],[-529,-64],[-757,-89],[-999,-73],[-847,-48],[-560,-33],[-923,-105],[2119,-2270],[-258,-33],[-968,-97],[-590,-56],[-938,0],[-439,24],[-787,32],[-424,33],[-635,56],[-1604,162],[-1317,48],[-862,33],[-121,0],[-1423,40],[-771,40],[-651,49],[-348,48],[-620,-105],[-984,-121],[-1180,-186],[-817,0],[-1090,146],[-938,161],[-772,65],[-1377,105],[-726,89],[-484,48],[-651,8],[-575,-24],[-847,-81],[-666,-16],[106,-460],[-30,-259],[-15,-412],[-121,-275],[-137,-331],[-75,-388],[-152,-275],[-151,-291],[-499,-363],[-258,-251],[-801,-266],[-409,-105],[-424,-283],[-439,-235],[-423,-56],[-605,24],[-878,73],[-575,32],[-711,-16],[-530,-16],[-847,-129],[-606,-138],[-665,-137],[-636,-81],[-484,-57],[-651,-32],[-817,49],[-681,-291],[-333,-267],[-454,-218],[-393,-291],[-318,-162],[-771,-282],[-530,-146],[-742,-178],[-620,-299],[-408,-282],[-273,-186],[-424,-315],[-272,-202],[-272,-356],[-227,-250],[-333,-348],[-651,170],[-756,145],[-545,73],[-863,56],[-363,89],[-635,65],[-590,-170],[-106,-210],[-1423,24],[-136,97],[-1362,57],[-741,8],[-1876,0],[-1831,0],[-1408,32],[-1271,65],[-741,24],[-560,81],[-1786,57],[-1180,-33],[-15,0],[-1967,-16],[-45,0],[151,-776],[15,-202],[-91,-363],[-242,-307],[-302,-622],[-258,-469],[-711,16],[-847,73],[-394,16],[-529,153],[-469,81],[-469,170],[-802,283],[-591,16],[-665,57],[-409,40],[-756,81],[-697,-57],[-423,-56],[-651,-57],[-545,-73],[-605,-89],[-590,-97],[-545,-88],[-529,-57],[-1165,113],[-1604,162],[-1150,412],[-999,501],[-1301,396],[-1559,573],[-1695,493],[-1710,542],[-1195,654],[-1740,1099],[-2058,930],[-984,347],[-1286,380],[-953,452],[-847,744],[-908,662],[-742,437],[-1104,315],[-863,202],[-1074,40],[-1044,-299],[-1226,-695],[-1301,-606],[-1150,-388],[-1513,-169],[-1362,-41],[-2860,235],[-2436,129],[-1786,73],[-1271,40],[-1044,73],[-393,161],[-288,760]],[[613781,460579],[-393,170],[-681,258],[-333,170],[-832,404],[-787,412],[-636,242],[-559,130],[-908,177],[-469,49],[-500,259],[-348,234],[-726,250],[-515,194],[-484,275],[-348,202],[-469,299],[-439,299],[-499,436],[-530,445],[-560,347],[-423,210],[-787,412],[-681,348],[-832,428],[-545,323],[-424,275],[-136,170],[-257,347],[-333,437],[-348,347],[-363,299],[-212,162],[-499,266],[-636,340],[-620,339],[-333,129],[-91,8],[-938,-194],[-1014,-218],[-545,-137],[-408,-162],[-454,-186],[-409,-56],[-681,8],[-696,-24],[-514,24],[-636,218],[-499,154],[-575,89],[-620,16],[-530,24],[-303,347],[-317,211],[-1907,404],[-106,258],[-30,372],[-1528,380],[-1468,371],[-651,170],[76,307],[-2557,469],[-939,250],[-272,73],[-1347,380],[-575,250],[-4327,1051],[-1619,266],[1074,913],[272,291],[303,445],[182,371],[348,703],[348,744],[892,1866],[-5084,881],[-4025,1713],[-2497,550],[-2375,727],[-4207,1899],[-711,315],[-999,2255],[-1467,1163],[-893,711],[-923,849],[-167,250],[-408,356],[212,315],[363,291],[424,218],[514,210],[454,380],[303,468],[-16,299],[-317,388],[-31,307],[76,445],[-151,274],[318,291],[226,412],[-90,405],[-91,412],[-106,307],[-76,396],[273,169],[272,259],[212,364],[393,363],[303,226],[15,332],[-91,428],[136,250],[122,299],[151,413],[-681,274],[-666,113],[-45,501],[318,227],[257,274],[166,340],[136,283],[712,32],[696,-41],[302,-16],[394,1519],[287,308],[273,492],[136,396],[91,332],[45,412],[393,412],[379,404],[90,331],[46,226],[121,299],[136,202],[15,437],[-272,444],[45,283],[242,291],[-45,517],[76,315],[181,348],[288,218],[181,242],[439,307],[393,130],[439,331],[-91,364],[-257,185],[-272,299],[76,477],[45,194],[136,356],[61,484],[-394,324],[-620,48],[-802,186],[-257,469],[-137,493],[2664,921],[1240,549],[7037,2384],[11681,3959],[394,122],[6567,2488],[4131,1625],[11832,4638],[1014,396],[666,-81],[681,-113],[484,-16],[711,105],[590,153],[651,178],[197,226],[287,323],[424,210],[348,138],[484,170],[273,347],[136,267],[136,387],[182,308],[257,387],[318,211],[408,129],[121,363],[318,243],[575,105],[454,73],[469,72],[651,105],[317,469],[121,299],[787,65],[530,-113],[454,-97],[575,-178],[454,-138],[544,-8],[878,-56],[590,-97],[500,-89],[650,-65],[787,-32],[726,-16],[469,-24],[787,97],[439,226],[-499,218],[-318,428],[-121,315],[-303,816],[-60,227],[-348,679],[-46,56],[-1679,727],[-787,493],[106,485],[136,485],[61,363],[-1302,1649],[-635,501],[-696,331],[-606,194],[-348,138],[-620,282],[-802,356],[-620,380],[-46,242],[242,493],[121,283],[106,371],[15,356],[-559,331],[-485,41],[-484,-65],[-529,-73],[-606,81],[-393,340],[-590,517],[-484,40],[-651,16],[-757,65],[-348,129],[-877,251],[-515,169],[-802,275],[-499,210],[-605,154],[-1271,266],[-4585,1495],[-3511,1229],[-575,105],[-4509,-534],[-1422,-452],[-4101,-1317],[-545,-41],[-847,-105],[-726,-89],[-727,-89],[-666,-40],[-756,-73],[-560,202],[-484,259],[-515,428],[-393,162],[-651,64],[-454,-40],[-726,-194],[-288,-291],[-711,-145],[-590,-178],[-666,-299],[-242,-113],[-650,-267],[-500,-234],[-635,-364],[-121,-355],[-318,-421],[-575,-719],[-303,-452],[-514,-121],[-1059,-170],[-1332,-242],[-514,-73],[-1150,-121],[-1181,-65],[-1225,0],[-727,-32],[-1210,-81],[-1771,32],[-30,477],[-30,428],[-15,307],[-318,445],[-741,177],[-757,202],[-1059,283],[-575,162],[-500,121],[-786,97],[-591,65],[-847,89],[-560,40],[-287,347],[-61,291],[-60,420],[60,518],[61,242],[181,348],[454,395],[394,445],[302,242],[333,267],[273,275],[227,307],[635,266],[590,-64],[1014,-113],[741,-73],[530,-32],[651,234],[348,250],[348,227],[272,186],[1105,832],[-61,331],[46,477],[136,275],[318,274],[302,259],[409,307],[499,339],[530,421],[348,40],[529,404],[-45,436],[-212,170],[-393,428],[15,291],[181,356],[121,355],[106,372],[167,307],[151,250],[182,332],[-1317,1495],[-15,501],[61,517],[15,210],[75,477],[273,880],[1316,-24],[893,41],[484,48],[560,186],[1332,1067],[650,484],[515,388],[529,428],[469,356],[3163,1576],[60,56],[333,558],[152,323],[333,477],[317,460],[46,73],[257,436],[242,477],[212,566],[76,234],[151,267],[197,380],[665,1341],[454,622],[-75,1236],[-394,1415],[-363,1171],[-227,226],[-378,275],[-333,235],[-651,452],[-635,436],[-757,534],[-1937,1341],[-499,372],[-45,258],[-46,332],[-1422,-146],[-923,-8],[454,1382],[620,1462],[-938,81],[-575,49],[-2648,226],[-288,194],[-121,323],[-227,638],[-575,41],[-499,-41],[-802,-48],[-590,0],[-499,32],[-575,81],[-394,89],[-529,186],[-333,121],[-621,234],[-408,122],[-772,274],[-590,283],[-1543,299],[-515,57],[-514,113],[-651,218],[-242,121],[-1680,170],[-817,178],[-1286,315],[-469,137],[-272,146],[-333,282],[-273,186],[-287,396],[-439,162],[-499,404],[-515,105],[-348,218],[-530,307],[-272,170],[-393,291],[-908,178],[-484,145],[-545,291],[106,444],[-30,356],[-515,129],[-651,178],[-575,145],[-499,33],[-711,-33],[-560,-56],[-424,0],[-650,81],[-424,169],[-424,404],[-363,364],[-847,-202],[-439,-251],[-741,-16],[-560,105],[-137,364],[-363,170],[-620,-130],[-545,-129],[-908,-57],[-575,65],[-393,41],[-681,-17],[-620,25],[-666,307],[-394,64],[-635,259],[-742,234],[-771,299],[-288,129],[-575,130],[-439,105],[-756,113],[-1271,218],[-923,226],[-1302,372],[-635,154],[-605,185],[-727,340],[-711,509],[-726,242],[-242,49],[-757,24],[-772,-57],[-514,-105],[-378,-97],[-984,-290],[-318,-122],[-1059,-581],[-166,-89],[-817,-469],[-1332,-760],[-545,-387],[-2875,-1560],[-544,-687],[-152,-113],[-1468,-1091],[-711,-186],[-877,-234],[-939,105],[-575,-32],[-423,-24],[-590,-25],[-545,0],[-605,-72],[-742,-57],[-423,-57],[-530,-80],[-726,-49],[-621,-48],[-847,-33],[-802,33],[-605,48],[-515,73],[-408,129],[-666,-242],[-182,-323],[-257,-493],[-272,-356],[-409,-428],[-3283,-2473],[-2346,-1769],[-529,-404],[-2709,-194],[-4237,-33],[-4812,-1171],[-2935,-720],[-8958,-2238],[-2663,-662],[-273,-202],[-862,-89],[-605,-17],[-651,-8],[-636,-8],[-454,16],[-665,57],[-893,73],[-666,56],[-832,138],[-484,72],[-878,41],[-590,105],[-590,121],[-817,202],[-772,121],[-893,146],[-378,32],[-651,121],[-635,202],[-454,202],[-757,396],[-499,235],[-757,307],[-514,145],[-666,162],[-575,97],[-469,48],[-575,32],[-575,17],[-530,32],[-454,218],[-892,-16],[-469,-8],[-651,40],[-802,49],[-560,24],[-938,73],[-787,48],[-560,57],[-847,64],[-575,17],[-953,40],[-727,65],[-408,40],[423,259],[273,145],[544,259],[288,169],[348,299],[151,251],[363,622],[137,412],[227,857],[15,161],[121,1115],[-46,623],[-45,501],[-45,686],[-197,970],[45,719],[-30,647],[1211,315],[1286,468],[817,332],[499,420],[-181,283],[-424,307],[-681,299],[-530,258],[-454,33],[-529,40],[-484,-32],[-833,121],[-559,89],[-591,137],[-575,178],[-559,267],[-485,194],[-665,218],[-545,226],[-787,202],[-847,226],[-1014,259],[-500,170],[-181,202],[-197,290],[-318,421],[-287,363],[-45,243],[181,363],[30,210],[-151,315],[-91,251],[182,339],[45,307],[-227,421],[-151,291],[-288,331],[-272,226],[-333,275],[-393,275],[-333,282],[-378,324],[-409,371],[-530,429],[-363,169],[-439,307],[-302,251],[-273,388],[-227,428],[-181,202],[-484,388],[-409,291],[-197,444],[696,428],[697,259],[90,436],[-30,259],[-182,388],[-75,234],[-621,291],[-423,210],[-621,259],[-393,153],[-651,-40],[-333,299],[-136,234],[288,299],[469,259],[393,210],[469,234],[363,170],[394,186],[393,250],[91,445],[-227,250],[-121,339],[76,348],[196,234]],[[418266,618051],[469,202],[621,275],[620,283],[333,178],[469,412],[197,363],[-242,388],[-515,186],[-529,186],[-363,242],[-696,299],[-16,323],[-15,251],[0,291],[-60,242],[-227,307],[-30,469],[453,250],[651,235],[469,194],[348,97],[394,404],[0,234],[0,307],[166,469],[257,412],[515,234],[333,356],[106,493],[786,242],[621,-121],[348,-65],[756,-8],[349,154],[620,202],[605,-8],[363,-57],[666,-48],[484,97],[394,242],[877,145],[530,-24],[530,16],[862,105],[620,8],[530,73],[363,251],[288,355],[-46,453],[152,331],[181,315],[46,202],[454,388],[544,291],[121,283],[15,412],[288,145],[530,186],[211,251],[333,452],[500,162],[635,169],[439,-97],[636,324],[60,428],[-287,299],[-167,267],[-514,274],[-621,73],[-650,-113],[-500,-57],[-575,154],[-620,153],[-832,227],[-152,476],[242,332],[258,283],[802,129],[333,436],[-349,194],[-711,129],[-832,65],[-635,170],[-16,283],[394,266],[212,259],[-227,363],[-152,461],[106,347],[-121,396],[500,122],[363,129],[166,307],[0,291],[333,-49],[847,0],[1589,-64],[742,-73],[1014,-113],[1286,-154],[1604,-218],[1755,-323],[136,-16],[1468,-251],[1604,-266],[575,-81],[2164,-259],[892,-113],[606,-65],[2012,-169],[1135,-73],[1180,-57],[757,-48],[1226,-57],[423,-24],[1135,24],[1044,65],[1544,170],[726,89],[832,137],[469,89],[1559,242],[666,89],[1150,129]],[[465553,638163],[786,81],[954,16],[1150,-8],[968,-24],[1150,-32],[742,-24],[938,-33],[1225,41],[1044,48],[908,49],[938,56],[787,-24],[575,-49],[469,-64],[515,-97],[1392,-348],[575,-161],[605,-162],[454,-105],[651,-89],[908,-16],[544,40],[1468,178],[575,57],[863,56],[166,17],[908,40],[711,-24],[621,-154],[590,-388],[212,-396],[-46,-339],[-136,-242],[-257,-227],[-454,-355],[-182,-251],[-196,-396],[-76,-274],[45,-485],[333,-412],[333,-186],[469,-162],[1271,-355],[545,-154],[575,-89],[802,-113],[1377,-161],[953,-57],[106,-8],[1105,-65],[726,-32],[363,-41],[772,-145],[424,-97],[484,-89],[953,-170],[227,-40],[726,-113],[363,-40],[848,-17],[817,-56],[1468,-129],[892,-81],[591,-24],[620,-17],[984,-16],[529,16],[908,41],[847,72],[681,57],[1060,81],[1013,105],[712,89],[1437,186],[802,137],[908,202],[530,121],[499,154],[408,137],[636,218],[363,146],[620,315],[515,372],[530,396],[363,339],[212,258],[348,380],[317,356],[364,460],[272,316],[378,307],[197,169],[318,275],[378,259],[530,404],[544,493],[545,581],[605,614],[348,372],[303,275],[242,202],[454,258],[757,267],[575,186],[317,81],[590,89],[500,64],[469,41],[696,-33],[787,-80],[514,-73],[605,-81],[878,-105],[787,40],[424,154],[635,283],[318,202],[378,234],[560,388],[923,711],[605,404],[666,178],[439,8],[605,-32],[878,-146],[620,-145],[575,-154],[757,-283],[529,-258],[1090,-655],[726,-501],[227,-169],[863,-623],[892,-517],[878,-460],[545,-259],[560,-275],[469,-282],[560,-380],[211,-130],[606,-258],[408,-162],[757,-234],[651,-154],[559,-40],[833,16],[499,65],[802,113],[681,170],[454,161],[469,162],[575,202],[484,161],[969,340],[559,178],[712,258],[620,178],[681,178],[756,137],[923,65],[939,16],[786,40],[772,49],[832,97],[288,89],[726,218],[288,89],[1089,436],[727,234],[408,122],[938,88],[742,-40],[726,-194],[318,-258],[302,-429],[212,-428],[167,-372],[136,-274],[227,-332],[378,-315],[726,-307],[742,-129],[711,-49],[348,8],[696,57],[575,81],[711,121],[757,48],[514,0],[1014,0],[469,0],[802,-113],[666,-145],[393,-121],[470,-162],[423,-137],[817,-227],[833,-226],[802,-170],[348,-56],[620,-113],[711,-33],[696,57],[530,81],[681,121],[908,218],[650,170],[1059,267],[606,193],[287,89],[969,307],[590,194],[726,291],[394,162],[832,331],[635,307],[530,235],[605,266],[681,364],[681,485],[348,315],[257,291],[152,323],[-46,452],[-302,307],[-212,146],[-515,315],[-484,364],[-318,291],[-318,290],[-287,316],[61,501],[363,315],[741,242],[651,89],[696,32],[424,8],[786,-64],[424,-49],[1105,-186],[575,-88],[635,-130],[742,-153],[590,-105],[605,-81],[454,-32],[590,8],[484,64],[545,122],[424,137],[484,178],[348,266],[121,251],[121,396],[106,477],[197,347],[196,226],[454,186],[878,129],[484,33],[1211,32],[393,-8],[590,-57],[832,-80],[712,-25],[741,0],[651,-8],[741,24],[863,89],[847,146],[696,161],[984,283],[378,130],[923,315],[499,194],[500,202],[438,226],[333,202],[394,380],[121,452],[-121,323],[-303,429],[-272,194],[-636,331],[-272,145],[-560,275],[-923,404],[-696,283],[-787,242],[-1226,332],[-665,242],[-394,202],[-423,339],[-137,429],[167,266],[197,235],[408,218],[817,170],[711,40],[560,0],[515,-81],[514,-145],[515,-186],[908,-485],[605,-404],[590,-372],[1074,-606],[696,-355],[439,-202],[726,-186],[924,-170],[741,-97],[847,49],[621,161],[363,194],[303,202],[363,356],[257,315],[166,299],[61,380],[91,460],[181,469],[273,646],[242,485],[196,340],[470,331],[635,202],[530,105],[756,32],[590,-24],[848,-48],[1513,-89],[877,-17],[651,25],[560,64],[696,259],[227,372],[-45,444],[-242,348],[-288,250],[-272,178],[-515,307],[-408,436],[-152,412],[15,299],[152,307],[166,259],[348,315],[318,242],[378,243],[379,242],[378,202],[529,299],[349,461],[-16,347],[-378,396],[-454,218],[-666,146],[-590,97],[-983,137],[-666,154],[-363,129],[-711,291],[-500,242],[-393,251],[-439,355],[-257,404],[60,388],[363,227],[727,210],[590,121],[696,226],[620,202],[727,210],[711,162],[560,81],[560,48],[620,16],[484,-16],[908,-16],[499,-24],[833,-41],[1134,0],[1574,33],[1211,56],[711,16],[877,-16],[227,-16],[742,-57],[726,-56],[1014,-113],[772,-81],[620,-81],[651,-129],[635,-234],[439,-178],[484,-291],[182,-356],[15,-331],[-121,-444],[-91,-186],[-121,-340],[-91,-420],[-75,-452],[15,-267],[60,-356],[76,-177],[288,-299],[227,-227],[317,-258],[333,-477],[61,-291],[-31,-371],[-121,-348],[-559,-291],[-485,-105],[-726,-97],[-1089,-137],[-560,-97],[-787,-234],[-454,-259],[-363,-444],[-76,-251],[45,-444],[152,-340],[166,-323],[303,-372],[302,-388],[636,-468],[575,-291],[802,-348],[560,-169],[484,-130],[984,-161],[1044,-105],[257,-24],[878,-49],[1119,-8],[817,24],[1650,73],[469,40],[469,65],[847,105],[1665,259],[908,153],[1649,275],[772,137],[771,138],[757,145],[1210,267],[666,169],[560,194],[696,283],[454,243],[499,355],[394,388],[197,178],[393,493],[227,250],[303,388],[196,218],[485,348],[423,210],[454,177],[560,106],[984,185],[378,49],[605,48],[439,8],[681,-24],[877,-56],[893,-81],[681,-8],[863,113],[590,145],[741,283],[575,453],[333,379],[378,703],[212,380],[242,323],[303,251],[272,162],[606,185],[378,81],[772,49],[847,-194],[303,-194],[257,-437],[0,-282],[-76,-356],[-151,-218],[-288,-283],[-454,-404],[-559,-436],[-197,-210],[-151,-372],[15,-436],[121,-396],[166,-259],[409,-436],[711,-792],[893,-768],[787,-493],[650,-339],[1226,-671],[802,-363],[741,-291],[651,-202],[635,-130],[485,-16],[665,49],[833,113],[1104,170],[802,88],[530,65],[1059,137],[999,81],[1059,-8],[953,-48],[742,-105],[484,-138],[1468,-557],[756,-315],[1392,-647],[1362,-824],[1317,-743],[242,-162],[423,-307],[636,-364],[469,-178],[696,-145],[620,-16],[575,73],[394,113],[424,307],[317,404],[242,396],[212,242],[545,348],[984,630],[438,283],[621,460],[242,235],[242,266],[197,364],[-46,509],[-166,210],[-409,234],[-741,170],[-515,57],[-862,56],[-590,8],[-575,-24],[-439,-32],[-545,-113],[-711,-210],[-560,-130],[-605,-121],[-484,-57],[-696,-56],[-969,8],[-923,97],[-681,121],[-650,210],[-515,202],[-514,283],[-636,574],[-439,444],[-302,307],[-288,267],[-635,477],[-1150,743],[-258,170],[-438,307],[-500,372],[-817,622],[-272,323],[-121,364],[-31,282],[167,388],[333,186],[499,218],[530,186],[590,137],[1014,227],[756,234],[923,428],[1302,671],[665,388],[621,218],[333,97],[635,65],[545,-16],[499,-81],[1135,-194],[938,-186],[1014,-218],[1725,-542],[1211,-258],[1029,-202],[454,-89],[968,-186],[817,-137],[560,-57],[772,-97],[605,-89],[499,-81],[500,-121],[620,-194],[409,-161],[317,-146],[681,-169],[772,-89],[651,-25],[635,33],[908,48],[757,49],[696,56],[786,-40],[303,-32],[681,-138],[787,-234],[590,-243],[514,-226],[500,-226],[499,-170],[424,-121],[726,-153],[726,-154],[560,-137],[712,-186],[711,-259],[363,-194],[545,-420],[106,-364],[-16,-436],[-45,-420],[-136,-412],[-106,-485],[-15,-218],[0,-348],[106,-493],[121,-266],[287,-315],[666,-332],[378,-129],[560,-113],[726,-65],[394,0],[620,33],[1060,40],[998,57],[711,48],[727,-8],[605,-40],[575,-81],[469,-138],[620,-185],[863,-283],[696,-218],[787,-138],[696,-97],[908,-32],[575,8],[484,8],[696,40],[711,49],[363,32],[727,65],[923,32],[681,-8],[408,-24],[545,-89],[756,-32],[651,8],[621,56],[484,89],[666,283],[257,210],[257,348],[227,355],[272,331],[485,259],[756,154],[651,0],[423,-33],[742,-234],[499,-291],[333,-226],[575,-396],[333,-178],[545,-170],[590,-64],[545,0],[635,72],[363,41],[560,64],[394,33],[711,0],[499,-16],[515,-41],[590,-97],[469,-81],[681,-161],[605,-121],[711,-170],[727,-121],[514,-49],[741,8],[545,8],[802,162],[409,154],[620,323],[288,226],[257,307],[318,420],[151,299],[136,307],[333,719],[182,380],[151,332],[60,250],[46,428],[-61,380],[-151,259],[-378,420],[-454,428],[-379,372],[-257,444],[-91,307],[16,477],[105,315],[197,283],[394,251],[363,129],[529,161],[500,138],[787,129],[711,49],[681,16],[575,-33],[560,-48],[665,-105],[772,-138],[696,-161],[636,-218],[408,-202],[424,-210],[423,-324],[500,-428],[529,-469],[348,-242],[545,-162],[484,-48],[545,24],[515,251],[227,468],[121,445],[45,275],[30,274],[31,380],[75,453],[46,258],[136,445],[227,331],[287,323],[333,307],[242,194],[363,226],[651,364],[439,178],[590,177],[923,57],[575,-16],[908,-65],[832,-32],[500,0],[650,0],[696,-24],[454,-49],[621,-105],[454,-89],[802,-218],[968,-339],[1271,-453],[847,-226],[575,-57],[938,73],[515,121],[862,275],[379,162],[605,404],[757,517],[499,372],[408,258],[318,178],[409,178],[726,282],[484,211],[651,266],[363,420],[-76,388],[-226,210],[-379,251],[-333,137],[-575,146],[-741,218],[-621,226],[-438,234],[-303,267],[-227,461],[-45,274],[0,307],[-31,348],[91,283],[273,307],[438,218],[636,81],[499,0],[908,-154],[560,-202],[439,-178],[741,-331],[636,-226],[681,-202],[862,-162],[560,16],[454,9],[651,105],[423,137],[424,170],[409,218],[363,291],[393,436],[136,154],[318,533],[303,501],[272,412],[257,364],[394,371],[681,186],[605,-8],[651,-145],[438,-194],[470,-315],[242,-275],[166,-485],[0,-210],[-45,-372],[-137,-380],[-257,-493],[-136,-331],[-136,-468],[-15,-396],[91,-267],[363,-453],[544,-347],[651,-186],[469,-56],[832,40],[530,65],[409,72],[605,227],[333,185],[333,211],[438,468],[485,606],[423,558],[772,800],[590,501],[605,468],[515,421],[499,355],[469,323],[485,404],[711,598],[635,542],[711,565],[515,380],[484,202],[817,97],[666,-145],[560,-315],[787,-566],[620,-501],[333,-299],[242,-210],[726,-703],[364,-307],[211,-202],[212,-267],[106,-258],[136,-283],[46,-340],[106,-420],[45,-129],[333,-574],[257,-436],[197,-275],[272,-396],[212,-388],[15,-242],[15,-291],[-60,-388],[-15,-162],[-152,-371],[-90,-396],[-46,-315],[288,-477],[363,-226],[393,-122],[651,-40],[651,8],[665,41],[500,56],[756,73],[1438,81],[802,0],[560,0],[650,-33],[711,-89],[681,-121],[424,-129],[711,-267],[424,-250],[378,-275],[424,-275],[363,-412],[136,-404],[136,-428],[122,-420],[121,-275],[423,-396],[348,-218],[394,-251],[333,-145],[469,-145],[469,-122],[575,-105],[741,-113],[454,-73],[560,-64],[393,-33],[636,57],[590,178],[333,218],[151,364],[15,315],[-121,323],[-242,420],[-272,356],[-333,323],[-197,186],[-499,226],[-393,105],[-621,162],[-953,291],[-1090,404],[-726,299],[-635,323],[-288,250],[-318,372],[-378,566],[-166,436],[-61,533],[0,267],[15,299],[106,404],[182,525],[151,493],[212,541],[197,372],[393,582],[60,105]],[[930560,569795],[136,-1980],[61,-857],[106,-1365],[-711,-2279],[-923,-2133],[-1861,-2594],[-515,-889],[-333,-582],[-681,-1357],[-121,-251],[-893,-2828],[-317,-743],[-833,-1931],[-257,-1237],[15,-89],[227,-1236],[439,-921],[666,-897],[151,-137],[1362,-1301],[121,-122],[1014,-1147],[227,-251],[832,-945],[893,-986],[484,-541],[484,-364],[137,-105],[756,-582],[424,-371],[605,-534],[439,-331],[545,-501],[363,-275],[469,-339],[424,-210],[756,-251],[167,-48],[696,-210],[726,-251],[272,-137],[515,-259],[635,-274],[363,-332],[227,-283],[727,-193],[333,-41],[590,-331],[151,-315],[45,-202],[-60,-445],[-136,-161],[-560,-267],[-409,-170],[-560,-242],[-393,-105],[-484,-194],[-91,-469],[393,-315],[288,-388],[-378,-250],[-227,-437],[590,-379],[560,-154],[45,-275],[61,-412],[30,-266],[681,-227],[378,-8],[590,-169],[454,-243],[257,-380],[-454,-250],[167,-501],[333,-170],[560,-161],[454,-17],[620,-32],[106,-493],[-288,-291],[16,-218],[287,-283],[-76,-468],[651,-299],[257,-340],[-60,-210],[-152,-307],[-181,-388],[-409,-177],[-423,-332],[317,-339],[182,-234],[514,-235],[454,-210],[575,-65],[333,-315],[424,-371],[454,-170],[0,-315],[-272,-218],[302,-332],[560,-226],[454,-291],[197,-275],[90,-234],[-211,-291],[242,-412],[196,-186],[833,-129],[529,-251],[31,-436],[-288,-250],[-424,-202],[-30,-332],[61,-363],[-273,-469],[-484,-404],[-590,-194],[197,-283],[45,-226],[530,-210],[151,-380],[-166,-291],[-91,-493],[60,-307],[-212,-396],[-771,-202],[-363,-339],[-182,-275],[-106,-323],[-303,-396],[-605,-113],[-378,-380],[257,-307],[45,-275],[-226,-291],[-91,-428],[-227,-347],[151,-324],[151,-509],[-499,-226],[-318,-194],[-166,-380],[-197,-420],[-590,-161],[-348,-162],[-378,-291],[-333,-178],[-545,-307],[-363,-323],[-575,-355],[-378,-211],[-288,-274],[151,-485],[-166,-477],[-182,-307],[-227,-347],[-575,-114],[-514,0],[-787,-121],[-181,-331],[-197,-501],[-106,-331],[76,-315],[15,-340],[-727,-331],[-544,-24],[-939,80],[-590,-185],[-348,-275],[-333,-388],[137,-388],[121,-258],[30,-388],[-91,-259],[-121,-291],[15,-460],[379,-396],[136,-372],[-227,-210],[75,-453],[182,-339],[227,-267],[303,-202],[393,-242],[545,-348],[348,-339],[181,-315],[242,-388],[258,-372],[166,-250],[212,-299],[227,-186],[333,-331],[0,-267],[-15,-347],[15,-202],[0,-356],[30,-275],[30,-428],[46,-234],[181,-412],[273,-340],[-106,-460],[-121,-299],[-46,-453],[76,-315],[45,-250],[-90,-388]],[[938414,487067],[-4494,-631],[-1741,235],[-802,16],[-938,32],[-227,-32],[-817,-186],[-212,-97],[-998,-743],[-91,-89],[-469,-752],[-61,-64],[-635,-429],[-197,-64],[-938,-89],[-1135,-105],[-1967,202],[-106,16],[-1059,275],[-878,64],[-620,-48],[-984,-323],[-181,-49],[-787,-218],[-908,-40],[-9684,153],[-954,218],[-363,81],[-3889,889],[-9880,2246],[-16,0],[-6552,1495],[-4932,1431],[-3935,1147],[-4902,1422],[-227,65],[-802,-647],[-318,49],[-1044,105],[-136,-485],[-409,-372],[-363,-274],[-303,-227],[-257,-266],[-363,-324],[-227,-347],[-2300,356],[-802,-364],[-454,-234],[-333,-186],[-605,-202],[-787,-210],[-651,-146],[-287,-283],[-182,-234],[-166,-250],[-151,-235],[-91,-396],[-348,-266],[-590,0],[-575,24],[-893,24],[-817,-638],[-621,-8],[-832,129],[-696,-73],[-560,-81],[-787,-56],[-771,194],[-742,121],[-1180,-339],[-605,-81],[-439,-24],[-530,-57],[-438,-24],[-621,-154],[-499,8],[-515,41],[-575,48],[-862,113],[-651,121],[-424,9],[-771,48],[-469,-8],[-621,-65],[-741,-16],[-696,8],[-439,-16],[-590,-24],[-651,81],[-423,56],[-591,130],[-832,153],[-469,339],[-635,73],[-1332,113],[-772,-178],[-469,-331],[-424,-250],[-3495,-420],[-2618,-324],[76,-468],[-288,-437],[46,-315],[-409,-396],[-45,-331],[91,-339],[196,-485],[-45,-267],[-242,-428],[-61,-388],[560,-404],[590,56],[560,-274],[197,-469],[454,-267],[469,-387],[590,-332],[273,-380],[30,-347],[91,-299],[741,-40],[-2890,-2546],[-15,-24],[-8005,-7054],[-2739,-388],[-7747,-1099],[-1755,-251],[-7006,-1002],[-46,-48],[91,-703],[-45,-57],[-969,-56],[-635,-299],[-1074,40],[-31,744],[-4660,-73],[-2981,-57],[-1998,-97],[-1725,33],[-4327,178],[-30,-291],[0,-453],[15,-234],[0,-315],[-575,-146],[-484,-121],[-500,-129],[-363,-146],[-514,-186],[-818,-226],[-499,-129],[-847,-251],[-817,235],[-575,0],[-772,-105],[-499,-57],[-712,-56],[-696,-33],[-665,-40],[-878,-65],[-590,0],[-863,121],[-423,97],[-575,162],[-923,129],[-515,8],[-1059,-105],[-696,-32],[-651,-8],[-560,-8],[-590,40],[-787,8],[-998,25],[-515,56],[-832,16],[-469,-105],[-787,-89],[-968,0],[-454,0],[-636,105],[-560,267],[-317,291],[-303,323],[-151,178],[-364,258],[-332,421],[-379,468],[-650,154],[-394,65],[-772,48],[-665,-40],[-590,-17],[-923,-80],[-591,16],[-832,-16],[-424,-49],[-575,8],[-726,130],[-787,72],[-620,202],[-560,16],[-590,-32],[-696,-48],[-726,-97],[-696,-316],[-939,-72],[-696,-65],[-499,-48],[-741,-227],[-606,-185],[-893,-178],[-559,-24],[-545,-57],[-772,-137],[-711,-194],[-651,-146]],[[499417,736398],[-30,-291],[-76,-275],[-303,-452],[500,-283],[302,-210],[666,-283],[-106,-436],[288,-364],[408,-129],[621,-113],[257,-396],[-212,-364],[-408,-145],[-666,8],[-696,-299],[151,-210],[-288,-348],[-348,-186],[-166,-339],[212,-380],[333,-404],[-273,-412],[-484,-291],[-363,-452],[-76,-340],[-287,-226],[-817,89],[-621,178],[-408,-291],[242,-267],[439,-170],[-258,-363],[-363,-73],[-514,-194],[-182,-396],[0,-210],[106,-307],[-832,-194],[-409,40],[-559,73],[-802,162],[-621,129],[-333,-250],[-257,-235],[-454,-186],[-30,-436],[227,-396],[318,-250],[0,-243],[-137,-339],[288,-323],[272,-364],[-257,-194],[-484,-145],[-802,-138],[-621,-121],[-348,-97],[-393,-428],[106,-429],[333,-202],[-469,-444],[-530,-218],[-287,-146],[-893,-40],[-636,-65],[-227,-250],[-151,-234],[15,-356],[-151,-412],[-515,-291],[-741,-315],[-303,-299],[0,-493],[348,-283],[273,-291],[-303,-371],[-348,-186],[-393,-445],[423,-307],[197,-291],[-348,-291],[-454,-169],[-454,-16],[-484,145],[-469,307],[-424,323],[-151,243],[-409,339],[-802,210],[-817,65],[-378,-8],[-636,-146],[-227,-291],[-136,-444],[106,-444],[394,-227],[438,-89],[712,-145],[-76,-291],[-227,-202],[-409,-250],[-469,-211],[-620,-266],[-469,-186],[-545,-137],[151,-421],[485,-145],[665,-162],[243,-444],[-91,-275],[181,-299],[-151,-363],[-30,-307],[242,-421],[666,-371],[559,-202],[515,-243],[938,-614],[303,-315],[91,-380],[-122,-509],[-363,-355],[-212,-194],[-620,-412],[-878,-510],[-408,-315],[-394,-315],[-711,-776],[-287,-323],[-318,-347],[-1362,-1285],[-590,-388],[-772,-646],[-272,-299],[-303,-299],[-665,-251],[-606,-8],[-862,-48],[-636,-186],[-681,81],[-454,-49],[-136,-372],[515,-331],[333,-194],[862,33],[515,-9],[650,-226],[197,-258],[45,-332],[61,-226],[136,-315],[318,-145],[106,-332],[151,-460],[454,-65],[741,-32],[46,-485],[590,-170],[530,-420],[-591,-105],[-499,-8],[-620,40],[-696,-97],[469,-404],[908,49],[908,56],[620,-56],[287,-210],[-60,-316],[-121,-282],[-500,-307],[-559,210],[-242,210],[-742,-81],[106,-453],[363,-395],[439,-251],[378,-194],[666,-161],[-378,-396],[-787,-89],[-515,64],[-544,-89],[-182,-395],[288,-364],[287,-307],[484,-226],[-90,-469],[-621,8],[-424,0],[-817,-186],[182,-355],[499,-356],[742,-137],[393,250],[863,16],[257,-307],[-61,-307],[-257,-307],[-257,-436],[-545,-210],[-529,-202],[-16,-251],[-136,-283],[-635,-339],[-76,-436],[61,-380],[-515,-137],[-348,-162],[394,-380],[363,-218],[181,-420],[636,97],[787,283],[438,145],[409,-452],[-409,-380],[-332,-275],[-454,-299],[-121,-250],[438,-348],[15,-283],[-302,-242],[-424,-105],[-287,-348],[-636,-339],[-666,-89],[-892,24],[-575,8],[-409,-282],[-30,-251],[181,-307],[333,-186],[893,-97],[696,-56],[288,-429],[121,-379],[75,-477],[-166,-291],[-560,-331],[-711,-194],[-666,-25],[-424,-56],[-665,-194],[-485,-267],[182,-258],[-469,-372],[-666,-218],[-121,-251],[212,-444],[-227,-396],[-590,-178],[-454,-89],[-681,-121],[-545,-210],[-121,-347],[333,-372],[197,-243],[-167,-307],[-439,-153],[-90,-372],[257,-242],[136,-445],[-318,-161],[-378,-348],[76,-291],[181,-226],[-75,-412],[-106,-194],[-61,-372],[-30,-460],[-439,-404],[-469,-210],[-272,-259],[30,-283],[560,-307],[575,-226],[317,-154],[243,-274],[166,-243],[197,-428],[-61,-275],[-333,-371],[-45,-259],[151,-267],[666,-282],[393,-114],[394,-331],[348,-315],[303,-210],[242,-307],[605,-154],[484,-194],[197,-177],[348,-429],[30,-355],[-60,-404],[-273,-332],[409,-266],[484,8],[590,-32],[348,-154],[348,-307],[363,-436],[-363,-332],[-227,-299],[-454,-420],[-484,-178],[-242,-218],[287,-339],[591,-170],[484,-194],[333,-202],[544,-226],[636,-186],[393,-339],[-423,-227],[-545,106],[-757,210],[-529,-130],[-15,-452],[393,-121],[348,-324],[91,-323],[-848,-210],[-529,97],[-499,-355],[499,-219],[-484,-299],[-560,122],[-802,-138],[363,-355],[681,-186],[-621,-380],[-877,-162],[-515,267],[-756,218],[-439,-347],[-348,-202],[-711,8],[-242,-461],[438,-202],[318,-283],[318,-347],[257,-453],[-514,-137],[-711,315],[-787,-137],[-288,-259],[-756,-242],[-742,170],[-908,-146],[288,-444],[-469,-267],[-424,32],[-681,146],[-197,153],[-847,-226],[-847,-137],[-545,81],[-878,40],[-802,65],[-484,-130],[-787,16],[-802,-105],[91,-428],[515,-363],[-379,-251],[91,-259],[515,-412],[-348,-121],[15,-460],[90,-364],[-650,-307],[-273,-315],[152,-445],[-394,-161],[-469,-283],[-242,-356],[-469,-274],[-454,-421],[-318,-169],[-575,-146],[-181,-468],[620,-97],[212,-267],[303,-347],[181,-380],[167,-364],[454,-40],[771,-81],[318,-202],[621,-348],[1210,-961],[393,-323],[3314,-1956],[303,-170],[772,-3579],[2406,-1342]],[[418266,618051],[-1634,-307],[-1468,-250],[106,-1067],[-802,-57],[-786,-202],[-379,-113],[-514,-89],[-439,-80],[-636,-170],[-75,-396],[-121,-396],[-227,-291],[-454,-323],[-378,-242],[-802,-461],[-696,-364],[-878,-202],[-681,-81],[-605,-64],[-817,-202],[-878,-16],[-499,-97],[-727,-138],[-862,-161],[-696,-202],[-409,-113],[-923,-81],[-620,-57],[-409,-32],[-741,-146],[-348,-315],[-197,-234],[-182,-315],[-741,-283],[-484,-154],[-454,-121],[-575,-81],[-666,-105],[-620,-169],[-817,-162],[-530,-81],[-651,-137],[-892,-65],[-606,-8],[-620,-129],[-666,-170],[-378,-89],[-530,-105],[-469,-137],[-877,-89],[-591,-65],[-832,-121],[-847,-202],[-167,-582],[-650,-129],[-515,41],[-620,-146],[-439,-97],[-590,-170],[-802,-88],[-499,-73],[-454,-113],[-712,-243],[-1074,-242],[-454,-138],[-1029,-226],[-953,-202],[-1059,-258],[-802,-267],[-394,-170],[-484,-258],[-272,-210],[-333,-235],[-76,-40],[-12589,-6489],[-1786,-921],[-620,-355],[-363,-259],[-318,-218],[-424,-307],[-454,-348],[-3435,784],[-711,162],[-953,210],[-772,178],[-605,137],[-1090,250],[-862,202],[-938,202],[-742,170],[-590,146],[-741,161],[-2557,598],[-16,0]],[[342699,598771],[-2632,598],[-787,178],[-772,170],[-1105,250],[-1044,234],[-847,194],[-3511,800],[-3480,719],[-2239,485],[-1211,283],[-1044,243],[-1468,347],[-15,0],[-3435,832],[46,243],[-46,283],[-121,298],[-60,316],[-182,210],[-197,283],[-227,185],[-272,283],[-348,420],[-348,275],[-303,315],[-15,267],[121,444],[76,477],[-30,453],[-76,476],[-242,307],[-242,324],[106,315],[136,266],[-817,388],[136,485],[-181,315],[-530,170],[-938,40],[-409,283],[-348,275],[-499,404],[-575,-121],[-651,40],[-408,388],[-545,420],[-409,299],[-575,412],[-151,348],[-227,379],[-257,356],[-273,299],[-469,356],[-393,193],[-469,235],[-484,275],[136,331],[378,105],[409,396],[-515,210],[-681,-113],[-514,161],[-257,372],[-364,218],[-832,113],[-862,65],[-712,154],[-469,88],[-544,138],[-681,-186],[-227,-404],[-106,-226],[-121,-420],[-121,-275],[-273,-380],[-181,-170],[-424,-242],[-499,-57],[-469,-32],[-469,-194],[-590,-331],[-349,-315],[-90,-275],[-76,-331],[-257,-340],[-318,-145],[-620,-226],[-91,-299],[-15,-259],[-439,-234],[-560,-291],[-242,-267],[-666,-250],[-408,-332],[30,-299],[-46,-485],[-272,-210],[-106,-331],[-136,-267],[-76,-290],[182,-251],[-167,-420],[-453,-105],[-560,-243],[-606,-339],[-348,-210],[-136,-364],[-45,-226],[-288,-291],[-333,-178],[-408,-250],[-257,-283],[0,-493],[348,-234],[454,-202],[348,-307],[332,-469],[91,-218],[-75,-323],[-91,-469],[227,-388],[181,-380],[-45,-177],[-182,-404],[-408,-146],[-560,-267],[-439,-193],[-424,-105],[-620,-106],[-484,97],[-636,-315],[91,-218],[-711,-299],[-560,113],[-635,-129],[-364,-121],[-605,153],[-802,-242],[-378,-162],[-151,-452],[-303,-388],[-424,-16],[-439,-210],[-408,-453],[-409,-218],[-711,-234],[-333,-299],[-91,-267],[-544,-194],[-848,24],[-15,-347],[61,-307],[-167,-477],[258,-307],[348,-137],[363,-267],[-61,-501],[439,-404],[696,-218],[363,-267],[-302,-299],[-409,-129],[-590,-299],[-530,-202],[-106,-234],[-423,-324],[91,-315],[-152,-444],[-60,-291],[-469,-396],[-787,89],[-500,89],[-590,-130],[-666,-315],[-665,-210],[-318,-210],[-424,-307],[-257,-234],[-348,-412],[272,-404],[-151,-485],[-272,-315],[-303,-493],[-287,-138],[-348,-274],[-318,-146],[-227,-331],[121,-348],[30,-218],[-151,-347],[-91,-299],[-45,-380],[-621,-251],[-756,-210],[-227,-250],[-273,-226],[-408,-307],[-666,-154],[-575,-178],[-303,-266],[-378,-202],[-106,-332],[-529,-404],[-515,-105],[-499,-169],[-621,-275],[-499,-121],[-863,-8],[-817,8],[-590,-105],[-287,-130],[-787,-145],[-454,-129],[30,-510],[394,-193],[-121,-380],[-454,-364],[30,-242],[212,-380],[227,-453],[-288,-371],[76,-356],[469,-388],[242,-388],[-136,-242],[-303,-364],[-560,-363],[-378,-331],[-182,-340],[106,-267],[-650,-234],[-666,-24],[-484,-226],[0,-299],[212,-218],[378,-348],[287,-210],[394,-218],[393,-170],[681,-153],[-287,-421],[-454,-436],[-515,-339],[-575,-49],[-756,8],[-500,-129],[31,-444],[196,-235],[636,-226],[91,-283],[-348,-460],[-227,-251],[-348,-444],[-152,-332],[-136,-186],[-257,-355],[-46,-251],[106,-307],[-196,-460],[-137,-218],[-302,-348],[-454,-242],[-666,-105],[-696,-275],[-681,-347],[-484,-211],[-454,-161],[-620,-138],[-636,-64],[-560,-170],[-242,-218],[-272,-234],[-469,-332],[-772,-129],[-499,-194],[-318,-121],[-545,-121],[-212,-235],[136,-404],[137,-355],[-651,-372],[-530,57],[-484,80],[-454,105],[-726,243],[-378,178],[-500,153],[-439,33],[-680,8],[-1166,16],[-393,8],[-636,89],[-605,339],[-696,186],[-454,24],[-620,-105],[-439,-105],[-469,-113],[-590,-49],[-545,0],[-560,203],[-590,355],[-393,251],[-424,153],[-757,162],[-514,169],[-348,146],[-605,113],[-893,-32],[-530,-49],[-439,65],[-454,153],[-423,154],[-590,299],[-575,258],[-424,105],[-711,130],[-409,202],[-817,266],[-484,0],[-742,-8],[-529,0],[-515,-8],[-741,-210],[-333,-121],[-560,-170],[-756,-153],[-621,-25],[-575,-32],[-756,-40],[-394,-16],[-953,0],[-847,48],[-545,89],[-454,97],[-454,129],[-545,202],[-469,251],[-696,-41],[-333,-145],[-545,-275],[-423,-89],[-696,-32],[-787,48],[-923,138],[-500,-332],[-211,-266],[-485,-162],[-544,218],[-318,178],[-711,89],[-288,113],[-756,170],[-590,121],[-666,162],[-409,40],[-666,97],[-484,-48],[-529,-186],[-288,-154],[-605,-226],[-424,-146],[-575,-266],[-302,-146],[-787,-16],[-500,57],[-544,315],[-394,323],[-348,226],[-817,-56],[-469,8],[-575,-16],[-772,-218],[-166,-307],[-848,-81],[-529,113],[-832,145],[-16,356],[-211,436],[-439,275],[-197,210],[-106,275],[-590,299],[-484,113],[-817,32],[-363,-48],[-621,-65],[-756,162],[-515,153],[-772,89],[-332,-186],[-333,-226],[-379,-331],[-363,-372],[-575,-113],[-514,-65],[-696,-161],[-454,-146],[-560,-323],[-590,-105],[-681,-154],[-590,-299],[-590,97],[-424,380],[-197,226],[0,380],[-121,404],[-802,-89],[-560,-363],[-529,-194],[-409,-170],[-424,-210],[-469,-65],[-590,-323],[-454,-218],[-423,-162],[-636,-177],[-711,-73],[-636,-16],[-438,-33],[-666,-105],[-651,-202],[-635,-266],[-772,-299],[-499,-291],[105,-453],[-559,-363],[-681,-130],[-439,-16],[-893,-16],[-938,-8],[-787,-49],[-923,-88],[-741,-41],[-802,-40],[-848,97],[-393,323],[-257,153],[-485,194],[-469,89],[-832,73],[-605,65],[-651,-25],[-499,-72],[-515,-122],[-696,-56],[-242,-307],[-106,-380],[-484,-178],[-454,-161],[-499,-291],[-333,-267],[-212,-186],[-227,-412],[-378,-234],[-651,-105],[-333,-267],[-423,-323],[-560,113],[-409,-210],[-545,-291],[-469,-48],[-711,24],[-893,81],[-726,-122],[-726,243],[-242,291],[-424,379],[-878,170],[-696,178],[-650,129],[-591,-8],[-741,-24],[-817,178],[-681,-57],[-590,-186],[-696,105],[-575,138],[-605,56],[-606,-40],[-726,-24],[-893,40],[-514,137],[-318,299],[-469,154],[-757,186],[-423,194],[-500,250],[-423,65],[-606,-65],[-544,-97],[-500,-105],[-877,162],[-696,226],[-863,210],[-529,-65],[-772,170],[-636,267],[-590,89],[-681,177],[-787,138],[-408,145],[-182,429],[0,509],[-212,436],[-181,250],[-197,340],[-227,477],[-560,169],[-121,259],[-378,339],[-257,162],[-424,331],[-348,186],[-514,347],[-424,324],[-182,371],[-121,316],[-242,250],[-212,307],[-590,194],[-741,48],[-439,25],[-303,339],[-590,210],[-272,146],[-106,363],[136,267],[61,355],[-575,130],[-606,283],[46,290],[-182,413],[-424,177],[-363,138],[-575,226],[-302,218],[-152,243],[-106,347],[46,202],[91,388],[90,275],[-2633,234],[-590,89],[-529,48],[-590,41],[-439,8],[-923,64],[-696,81],[-545,16],[-908,-8],[-1210,-40],[-727,-57],[-393,-8],[-1226,-8],[-545,-258],[-454,-41],[-847,-24],[76,-598],[60,-267],[-514,-363],[-530,24],[-666,24],[-802,33],[-605,32],[-605,129],[-212,388],[-408,137],[-802,154],[-863,162],[-832,8],[-651,266],[-393,65],[-832,48],[-606,73],[-771,113],[-409,57],[-832,202],[-545,226],[-726,259],[-484,339],[-651,372],[-499,291],[15,444],[151,267],[136,299],[-666,250],[-802,41],[-802,40],[-953,48],[76,-428],[60,-315],[61,-485],[91,-501],[136,-428],[136,-299],[166,-242],[-272,-469],[-1498,210],[-1528,210],[-439,57],[-938,113],[-772,153],[-651,16],[-635,17],[-847,24],[-606,16],[-847,8],[-605,0],[-515,16],[-893,16],[-605,81],[-620,25],[-409,-114],[-575,-161],[-560,-194],[-529,-186],[-636,-242],[-711,-267],[-711,-299],[-484,-275],[-575,-331],[-530,-331],[-636,194],[-741,290],[-363,211],[-288,210],[-378,282],[-424,332],[-378,331],[-333,323],[-318,315],[-393,461],[-333,388],[-560,315],[-454,234],[-454,218],[-529,235],[-469,266],[-863,211],[-575,105],[-545,355],[-45,396],[-303,323],[-590,81],[-892,129],[-727,138],[-908,178],[-544,113],[-591,121],[-832,218],[-938,218],[-408,81],[-863,218],[-514,-339],[-318,-194],[-802,-8],[-651,81],[-908,-17],[-212,-299],[-272,-290],[30,-566],[-166,-323],[-197,-412],[-197,-429],[-181,-307],[-878,-8],[-726,97],[-454,210],[-514,243],[-227,169],[-409,324],[-227,274],[-30,324],[-4540,428],[-544,8],[-1801,-1317],[0,-8]],[[37027,581253],[-711,-16],[-772,8],[-545,-41],[-817,0],[-499,0],[-832,-8],[-1044,0],[-666,24],[-863,130],[-711,97],[-757,89],[-1210,129],[-741,161],[-500,138],[-635,218],[-636,194],[-605,186],[-621,186],[-257,80],[-711,25],[-514,-113],[-379,-81],[-544,-138],[-530,-129],[-742,-170],[-847,-210],[-741,-89],[-606,-40],[-771,170],[302,347],[273,380],[-394,444],[-272,267],[-76,259],[-242,460],[-136,283],[-212,404],[-545,1050],[-227,445],[-181,323],[-197,267],[-469,250],[-439,162],[-514,388],[-303,331],[-197,210],[-272,259],[-439,371],[-590,-218],[-348,-97],[-681,-121],[-620,299],[121,436],[227,299],[-212,485],[-348,283],[-167,210],[-75,315],[-469,267],[-515,380],[-529,371],[-515,243],[-272,121],[-1453,412],[61,267],[-242,299],[-833,258],[-938,275],[-635,275],[-288,266],[-212,307],[-423,534],[-288,371],[-302,364],[-621,614],[-499,348],[-424,153],[-408,356],[-137,315],[-45,275],[30,452],[76,323],[106,259],[75,339],[0,218],[-30,396],[-15,251],[121,436],[273,469],[90,210],[333,590],[1861,-243],[515,138],[635,388],[3753,1179],[4978,1011],[424,72],[2209,356],[605,16],[409,113],[545,186],[590,186],[378,105],[469,170],[742,242],[90,420],[273,307],[953,873],[424,396],[333,299],[60,3329],[-333,250],[-529,364],[-273,186],[-408,307],[-590,291],[196,412],[-287,420],[-499,234],[-500,332],[-272,234],[-575,162],[-590,129],[-469,97],[-454,81],[-802,363],[-817,170],[-696,137],[-636,130],[-1513,274],[-394,138],[-1377,420],[-136,49],[-1104,16],[-908,339],[-727,267],[-862,476],[-545,291],[-787,631],[-741,420],[-636,178],[-257,226],[-197,727],[106,776],[227,549],[575,930],[394,678],[166,517],[-121,946],[-136,808],[30,323],[0,921],[61,235],[60,452],[167,808],[91,348],[60,493],[30,307],[288,355],[-136,291],[-152,242],[-348,687],[-317,663],[-121,428],[30,428],[106,615],[-106,363],[-182,259],[-136,477],[-15,387],[151,404],[121,210],[197,275],[272,388],[333,445],[303,581],[439,873],[272,436],[106,186],[212,356],[257,460],[227,340],[182,218],[287,283],[409,347],[438,396],[-15,251],[-378,250],[-409,323],[-575,404],[-650,267],[-378,234],[227,687],[242,445],[620,355],[741,428],[-90,219],[-258,331],[-605,323],[-1241,913],[-1498,1123],[-1150,962],[-15,8],[-75,65],[-1166,994],[-227,492],[-136,501],[-166,404],[227,299],[212,437],[0,331],[423,428],[575,348],[848,525],[408,372],[91,412],[166,242],[454,356],[409,420],[439,1010],[60,251],[197,492],[272,429],[727,614],[121,81],[1468,258],[1513,65],[1800,275],[999,299],[757,695],[181,517],[-91,315],[-877,3014],[-439,444],[-227,218],[-257,283],[-469,396],[-379,307],[-620,517],[-605,485],[-348,291],[-348,283],[-651,331],[-575,202],[-575,178],[-499,129],[-787,235],[-515,153],[-635,154],[-560,121],[-439,73],[-484,266],[-91,493],[91,331],[136,364],[151,380],[137,372],[196,412],[91,242],[242,525],[106,227],[61,371],[106,461],[-61,291],[-166,307],[-152,283],[-75,234],[-61,404],[-15,113],[-76,792],[-90,590],[-46,412],[-181,380],[-61,468],[45,235],[-60,339],[-15,275],[60,267],[61,266],[197,372],[575,493],[257,202],[620,485],[409,250],[469,194],[787,348],[287,185],[151,364],[76,267],[91,420],[151,428],[76,210],[106,340],[91,323],[121,574],[136,460],[75,299],[106,396],[76,331],[61,227],[90,339],[46,242],[136,582],[60,138],[1181,436],[454,170],[439,137],[635,48],[-182,493],[-590,526],[-423,347],[-621,541],[-484,324],[-560,355],[-484,291],[-560,275],[-575,250],[-711,307],[-590,307],[-363,316],[-227,250],[-348,420],[-424,404],[-454,380],[-272,436],[121,316],[75,266],[197,493],[242,380],[242,372],[545,404],[166,371],[0,429],[0,420],[-30,396],[-121,299],[-45,299],[-273,388],[-211,315],[-122,226],[-151,267],[0,444],[136,420],[212,299],[257,218],[409,243],[499,129],[772,178],[651,153],[363,73],[635,121],[303,332],[-30,331],[0,493],[60,428],[379,453],[499,589],[272,316],[424,395],[318,219],[378,234],[454,275],[393,299],[439,291],[469,444],[787,655],[197,88],[1679,784],[696,437],[802,476],[1362,606],[1302,582],[2890,913],[1982,420],[772,211],[771,210],[848,210],[575,129],[454,145],[484,219],[1135,703],[1195,735],[696,525],[1105,259],[408,145],[500,267],[242,323],[151,315],[242,396],[167,299],[302,364],[469,388],[485,355],[196,186],[303,283],[197,258],[121,372],[302,315],[106,243],[-30,355],[-76,420],[-75,413],[121,250],[393,275],[242,202],[711,598],[848,242],[726,210],[409,162],[514,210],[621,170],[817,32],[590,56],[877,170],[802,186],[636,81],[862,48],[651,65],[575,129],[681,89],[514,57],[651,202],[515,202],[90,412],[242,363],[530,97],[651,235],[378,161],[560,33],[378,97],[318,266],[60,227],[16,315],[302,347],[772,202],[499,89],[696,73],[515,178],[756,299],[787,121],[560,8],[620,-41],[878,17],[560,169],[287,291],[333,453],[394,404],[287,242],[606,243],[786,137],[893,16],[484,-73],[712,81],[378,259],[302,283],[454,193],[893,25],[560,145],[847,210],[303,121],[499,219],[621,226],[439,275],[136,452],[196,339],[394,267],[529,137],[621,122],[545,89],[499,80],[832,114],[318,161],[530,243],[136,307],[196,177],[439,210],[197,251],[575,299],[605,-24],[727,-186],[575,64],[514,0],[575,299],[272,170],[197,396],[61,251],[45,266],[45,299],[-15,259],[61,258],[106,251],[287,283],[227,218],[257,404],[-45,339],[-182,420],[-196,259],[60,347],[-151,485],[-393,711],[559,154],[212,347],[863,930],[-651,315],[-60,501],[-76,323],[60,267],[227,460],[303,380],[272,331],[137,227],[45,315],[-121,379],[-197,332],[-242,452],[76,396],[106,243],[317,792],[182,436],[363,848],[197,493],[106,251],[136,266],[333,283],[635,550],[666,549],[288,210],[393,291],[1014,744],[1498,1098],[257,130],[-1120,323],[-1059,299],[-45,48],[-999,2578],[242,2287],[817,2505],[1105,-97],[847,-8],[1498,81],[1559,113],[1271,113],[575,40],[726,16],[590,-8],[818,-24],[1225,-81],[1044,-81],[772,-64],[454,-16],[545,8],[544,32],[424,57],[530,121],[408,121],[394,170],[469,299],[242,476],[76,356],[-31,315],[-166,323],[-257,210],[-454,267],[-454,186],[-363,234],[-152,227],[-393,460],[-318,307],[-257,194],[-1029,752],[-151,105],[-893,598],[-288,177],[-454,283],[-408,299],[-242,299],[75,388],[273,267],[650,598],[61,80],[348,413],[272,476],[303,364],[287,210],[469,234],[636,202],[711,162],[500,48],[680,17],[1196,-65],[1679,-154],[1029,-8],[1196,65],[469,8],[1422,-40],[1090,-33],[877,105],[273,243],[-15,347],[-243,275],[-363,453],[46,339],[227,283],[302,323],[288,275],[893,961],[332,348],[409,436],[575,727],[484,509],[439,356],[590,283],[621,202],[544,72],[575,-16],[530,-153],[181,-259],[-181,-323],[-484,-234],[-530,-356],[-30,-364],[121,-832],[0,-89],[0,-436],[76,-218],[499,-291],[938,-97],[681,48],[439,57],[1362,186],[983,145],[757,315],[287,340],[273,194],[605,137],[575,-40],[469,-138],[424,-169],[348,-162],[484,-137],[560,-81],[802,8],[469,56],[862,81],[318,65],[1438,355],[438,211],[197,226],[76,372],[212,242],[151,461],[-257,266],[-787,251],[-560,24],[-696,-299],[-454,-162],[-439,-40],[-575,16],[-484,73],[-757,234],[-575,380],[-302,436],[-273,501],[-196,340],[-379,266],[-665,291],[-439,121],[-1241,251],[-1165,129],[-923,65],[-545,40],[-620,65],[-666,153],[-151,332],[90,274],[348,-88],[515,-138],[666,-32],[529,105],[545,275],[197,468],[-91,307],[-318,534],[-15,40],[-499,776],[-121,388],[0,210],[227,323],[332,234],[560,218],[409,122],[1150,194],[1150,202],[666,218],[408,250],[273,210],[575,356],[620,194],[862,81],[681,-33],[530,-72],[530,-89],[514,-121],[1665,-493],[1725,-598],[1361,-380],[1438,-396],[1574,-170],[1604,-113],[1936,-65],[1029,-8],[908,-8],[1892,-16],[1498,49],[363,0],[-500,323],[-348,258],[-227,267],[-226,243],[-303,420],[-318,355],[-303,348],[-257,250],[-439,372],[-393,307],[-439,347],[-590,364],[-484,315],[-242,170],[-379,315],[-136,218],[-91,428],[61,404],[227,356],[197,267],[408,339],[545,364],[454,266],[212,178],[196,348],[16,395],[-61,283],[-121,251],[-76,291],[288,428],[439,234],[469,130],[711,-73],[560,-331],[75,-291],[-90,-307],[0,-267],[75,-291],[242,-307],[500,-331],[408,-227],[575,-258],[500,-259],[741,-153],[424,56],[620,291],[227,283],[273,396],[332,614],[61,436],[-45,445],[-182,339],[-257,259],[-394,299],[-272,299],[-61,371],[16,275],[136,534],[151,606],[227,492],[726,316],[939,56],[696,-32],[1059,-226],[575,-178],[408,-453],[-90,-355],[-243,-356],[-105,-250],[-76,-291],[166,-428],[469,-299],[636,-146],[726,8],[605,170],[560,307],[545,291],[394,153],[484,73],[711,57],[651,-33],[454,-64],[484,-105],[514,-202],[530,-259],[741,-460],[696,-202],[484,-25],[666,113],[469,235],[379,307],[181,234],[288,679],[257,768],[257,436],[167,315],[90,275],[-15,331],[-302,323],[-394,340],[-106,484],[242,275],[591,340],[514,218],[681,250],[484,210],[560,356],[197,275],[121,484],[212,332],[484,218],[393,65],[666,-17],[424,-97],[605,-266],[409,-259],[529,-299],[802,-16],[605,218],[424,243],[484,331],[197,194],[378,452],[152,324],[75,396],[-91,282],[-242,332],[-302,218],[-439,258],[-333,154],[-469,162],[-515,153],[-544,113],[-636,105],[-605,105],[-530,49],[-802,8],[-544,-32],[-969,-73],[-696,-24],[-726,88],[-348,81],[-545,162],[-499,145],[-484,122],[-818,97],[-605,-25],[-711,-121],[-393,-145],[-409,-154],[-575,-218],[-741,-251],[-485,-113],[-711,-72],[-605,72],[-499,243],[-167,371],[30,202],[333,364],[500,137],[378,81],[530,178],[544,210],[424,331],[30,291],[-287,445],[-439,323],[-620,598],[-152,226],[-151,428],[-61,477],[15,388],[76,283],[182,363],[575,275],[771,-16],[742,-194],[454,-153],[529,-170],[863,-218],[741,-113],[500,-41],[650,0],[560,65],[560,73],[620,145],[515,162],[454,194],[726,307],[1407,589],[878,429],[439,186],[772,299],[681,226],[514,161],[651,283],[333,202],[227,291],[-560,396],[-742,-16],[-1014,-16],[-953,40],[-666,113],[-605,186],[-378,226],[-91,477],[424,226],[423,138],[621,194],[802,315],[1119,501],[46,24],[1014,525],[756,420],[333,243],[469,452],[500,606],[363,695],[166,243],[91,460],[-197,307],[-544,413],[-379,355],[-136,339],[45,291],[318,445],[469,412],[500,307],[620,388],[424,283],[333,355],[257,436]],[[175617,824628],[1362,-32],[1059,-161],[726,-170],[878,-41],[1377,-40],[1241,-194],[726,-194],[756,-388],[742,-436],[1074,-331],[1120,-73],[2406,48],[2542,154],[1543,186],[802,73],[1166,0],[696,16],[786,81],[818,-138],[1255,-113],[1438,-154],[-197,-202],[-378,-226],[-681,-186],[-575,-121],[-424,-81],[-423,-185],[-424,-316],[-197,-177],[-348,-324],[-196,-250],[-243,-283],[-121,-226],[-106,-331],[-75,-194],[-61,-380],[15,-283],[16,-307],[60,-275],[45,-250],[-121,-364],[-106,-339],[-30,-291],[-106,-331],[-60,-186],[-91,-356],[-15,-364],[30,-290],[61,-291],[30,-340],[45,-331],[121,-404],[348,-347],[469,-81],[515,129],[620,315],[242,194],[348,267],[424,476],[121,138],[242,404],[167,396],[45,202],[106,420],[484,380],[681,81],[953,-65],[1150,-81],[530,-56],[575,-105],[620,-243],[258,-267],[90,-371],[31,-218],[136,-324],[393,-371],[379,-210],[393,-178],[378,-129],[545,-114],[651,-129],[726,-194],[424,-145],[454,-210],[575,-324],[454,-258],[408,-170],[1665,-598],[287,-97],[590,-210],[454,-170],[394,-153],[378,-186],[484,-331],[378,-388],[212,-307],[273,-461],[151,-315],[91,-250],[75,-348],[61,-380],[45,-493],[137,-500],[211,-194],[167,-437],[0,-347],[-61,-437],[-196,-436],[-182,-291],[-166,-331],[-122,-275],[-151,-460],[-363,-461],[-499,-210],[-454,-105],[-590,-162],[-288,-250],[-76,-461],[-15,-404],[-136,-267],[-212,-404],[-106,-266],[-211,-226],[-560,-162],[-696,-40],[-394,24],[-650,-16],[-409,-122],[-242,-387],[106,-324],[91,-202],[90,-331],[-242,-420],[-408,-259],[-469,-396],[106,-299],[242,-315],[15,-299],[-348,-339],[-288,-162],[-378,-226],[-454,-380],[-666,-363],[-923,32],[-575,16],[-650,-356],[-137,-290],[-121,-477],[-60,-259],[-182,-371],[-650,-283],[-470,-138],[-529,-323],[-394,-444],[-469,-210],[-348,-105],[-529,-275],[-152,-299],[76,-226],[409,-332],[287,-266],[212,-235],[166,-242],[303,-388],[167,-275],[121,-404],[121,-331],[408,-218],[757,32],[454,97],[605,49],[469,-8],[696,-17],[711,210],[923,33],[833,145],[559,380],[424,251],[393,161],[621,194],[590,113],[802,-137],[242,-348],[151,-452],[530,-251],[393,-186],[409,-379],[166,-324],[16,-250],[-137,-339],[-166,-316],[-151,-218],[-530,-371],[-318,-210],[-454,-283],[-287,-186],[-590,-396],[-273,-291],[-212,-259],[-196,-234],[-303,-452],[-212,-291],[-166,-235],[-257,-339],[-212,-291],[-212,-299],[-182,-250],[-227,-396],[-348,-679],[-151,-275],[-257,-372],[-227,-274],[-348,-429],[-288,-339],[-212,-226],[-257,-299],[-287,-356],[-61,-420],[-30,-267],[-15,-282],[-30,-324],[-31,-315],[-45,-646],[0,-461],[106,-331],[227,-331],[363,-501],[181,-235],[394,-363],[499,-218],[954,-291],[1331,-3435],[2119,-5494],[181,-202],[1695,-590],[76,0],[635,469],[802,-178],[651,169],[529,-113],[742,-145],[575,-97],[590,-105],[3828,-727],[3874,-736],[439,-40],[681,-65],[665,-72],[817,-89],[606,-73],[650,-81],[923,-121],[666,-89],[848,-105],[696,-89],[408,-65],[923,-121],[363,-64],[606,-105],[938,-65],[423,-41],[621,-24],[772,-16],[423,-8],[757,-16],[499,-16],[621,-8],[575,-17],[575,-8],[529,-16],[515,-129],[317,-283],[0,-275],[-106,-420],[-75,-291],[-91,-323],[-136,-606],[1906,-81],[696,24],[621,89],[302,97],[560,356],[348,307],[348,347],[742,65],[10970,954],[-106,242],[-136,364],[923,177],[757,146],[771,291],[545,315],[348,258],[590,332],[469,307],[802,250],[817,162],[651,97],[560,73],[862,32],[712,16],[484,-16],[711,-178],[454,-210],[4025,-1099],[424,-113],[908,-259],[529,-234],[1876,-638],[1105,816],[878,-534],[787,-307],[847,-299],[439,243],[75,258],[515,905],[545,800],[499,655],[257,186],[515,226],[272,81],[4282,969],[333,138],[2270,-2335],[8701,2004],[771,185],[8217,1891],[8625,1988],[4342,1196],[409,105],[1074,299],[4615,1277],[3027,832],[4872,1228],[832,210],[1710,1140],[2315,1373],[863,-315],[696,364],[1664,638],[318,170],[802,-146],[378,-194],[515,-210],[620,-379],[303,-372],[181,-186],[439,-275],[575,-105],[530,-8],[499,-48],[984,-81],[681,-8],[363,32],[923,0],[620,-89],[802,-121],[772,-81],[514,-16],[1105,0],[1135,32],[741,-32],[772,-89],[1105,-73],[1135,-121],[1225,-129],[1180,-81],[787,-48],[893,-57],[1120,-65],[408,-40],[1317,-153],[817,-122],[424,-145],[635,-364],[499,-339],[409,-251],[363,-177],[666,-210],[424,-65],[75,-396],[-529,-162],[-530,-56],[-454,-243],[-121,-282],[-30,-299],[469,-558],[3223,-73],[136,-339],[197,-493],[45,-420],[-151,-485],[-76,-388],[76,-307],[197,-234],[454,-412],[211,-332],[348,-145],[757,-234],[666,-122],[802,-194],[635,-56],[424,-65],[862,-202],[500,-258],[348,-404],[318,-243],[302,-170],[454,-258],[469,-234],[-1165,-1043],[742,-242],[650,-210],[757,-283],[484,-299],[424,-356],[423,-355],[273,-226],[408,-340],[469,-396],[424,-363],[318,-267],[287,-242],[711,-598],[409,-332],[499,-291],[772,-194],[666,-48],[439,-16],[953,-89],[514,-24],[818,-49],[469,-549],[2511,-2982],[16,0],[2451,-2917],[1831,-2157],[1331,-1576],[167,-202],[16372,-4792],[5326,-1559],[863,-186],[847,-41],[606,-8],[786,-32],[439,-49],[621,-64],[847,-89],[817,-81],[802,97],[272,315],[197,146],[515,226],[469,81],[514,89],[666,-9],[530,81],[907,-169],[530,-227],[394,-169],[590,-275],[665,-299],[712,-299],[514,-162],[439,-97],[817,-88],[24422,-2182],[106,-16],[20700,-1851],[11303,-1018],[3178,-283],[15,0],[1559,-145],[15,0]],[[499417,736398],[0,291],[-272,412],[529,186],[182,299],[136,339],[303,267],[802,-97],[802,186],[257,290],[393,162],[136,372],[530,283],[545,-138],[408,-89],[590,16],[-136,453],[-121,331],[363,275],[227,436],[136,299],[91,324],[91,492],[15,332],[-121,202],[-923,8],[-514,-105],[-636,113],[-560,226],[-196,340],[136,460],[-46,307],[-423,299],[-439,396],[-227,404],[-469,129],[0,364],[-242,404],[-696,162],[-243,396],[122,484],[15,372],[-242,404],[-333,275],[544,404],[500,202],[454,170],[423,113],[515,137],[681,202],[363,235],[-15,500],[-333,364],[-121,339],[272,469],[848,24],[544,138],[651,-73],[439,-339],[30,-251],[363,-226],[590,-73],[454,-404],[379,-299],[317,-153],[712,-178],[877,170],[636,24],[393,-138],[620,-250],[636,-105],[484,145],[560,210],[394,-72],[801,266],[-90,316],[-76,266],[288,364],[605,372],[454,266],[469,113],[666,291],[-61,186],[-257,307],[-121,251],[-273,290],[-544,122],[-666,-146],[-545,186],[-620,202],[-197,307],[106,404],[-288,307],[-348,146],[-393,444],[-227,364],[-287,412],[-318,267],[-394,282],[-786,25],[-591,129],[-469,412],[-469,234],[-469,170],[-560,48],[-454,81],[-559,235],[-212,210],[-500,412],[-438,194],[-697,226],[-423,259],[-76,226],[-439,234],[-272,234],[-76,267],[-212,469],[-75,275],[-257,299],[-182,395],[30,316],[106,202],[-212,331],[76,194],[136,315],[136,267],[-136,282],[-181,364],[166,404],[0,283],[227,323],[348,226],[303,372],[75,356],[121,355],[76,243],[121,468],[76,259],[106,315],[30,291],[-61,339],[-136,259],[-30,323],[-45,259],[-212,331],[-61,315],[303,259],[75,444],[303,226],[499,89],[348,283],[76,372],[182,283],[-333,468],[-303,267],[-136,485],[121,444],[-15,299],[-303,283],[-333,186],[-423,226],[-424,339]],[[502761,773608],[30,0],[10396,938],[2058,186],[15192,1373],[4312,388],[13452,1212],[35499,3200],[151,16],[30,8],[6794,2626],[908,0],[787,-97],[348,922],[1195,-105],[742,-81],[787,-129],[393,-41],[621,-97],[559,-56],[1029,-25],[742,-8],[469,57],[741,137],[575,113],[727,113],[544,73],[409,65],[711,153],[545,25],[847,202],[530,80],[681,73],[590,323],[666,57],[469,40],[862,-8],[606,16],[484,97],[620,81],[651,41],[802,56],[877,32],[61,461],[30,226],[757,315],[408,-48],[1165,-186],[651,-105],[515,-89],[877,-16],[515,-40],[665,-33],[697,-89],[499,-8],[439,-266],[2269,-105],[454,-146],[424,-355],[333,-243],[605,-347],[394,-178],[559,-186],[591,-56],[665,-73],[515,-57],[1089,-24],[984,-16],[1513,-32],[832,-25],[76,186],[575,348],[15,412],[0,339],[469,121],[726,105],[651,57],[742,65],[665,622],[606,89],[1513,72],[923,65],[908,105],[665,105],[1256,234],[727,162],[-76,695],[651,323],[605,218],[545,227],[560,363],[529,412],[333,372],[363,444],[379,437],[756,105],[2905,460],[303,170],[318,299],[166,218],[545,356],[560,16],[938,-40],[666,137],[499,65],[651,-89],[469,194],[666,169],[287,170],[681,267],[499,186],[515,387],[151,219],[409,234],[408,170],[469,258],[530,243],[469,202],[772,250],[393,388],[469,186],[318,420],[212,210],[333,259],[741,48],[605,315],[318,275],[212,259],[484,218],[318,468],[530,154],[242,186],[439,186],[393,258],[212,348],[590,161],[862,-72],[818,-219],[575,8],[575,-48],[620,16],[681,-48],[590,-97],[499,-97],[787,-210],[530,-17],[666,-80],[892,-97],[969,460],[499,283],[560,121],[348,-404],[575,-388],[409,-299],[211,-185],[394,-259],[257,-178],[197,-145],[408,-299],[424,-412],[-121,-380],[-91,-226],[61,-315],[423,-307],[454,24],[636,16],[484,16],[817,73],[515,16],[544,-170],[182,-412],[136,-323],[439,-444],[393,-421],[137,-307],[-182,-404],[-45,-371],[332,-283],[197,-218],[-227,-396],[-121,-259],[-197,-436],[227,-324],[61,-226],[60,-444],[515,-129],[197,-372],[-91,-509],[257,-299],[151,-348],[-393,-177],[-378,-421],[-137,-396],[0,-347],[122,-210],[393,-477],[136,-210],[363,-234],[-60,-477],[-30,-307],[-122,-396],[76,-477],[515,-347],[1876,-1180],[227,-259],[1407,-1955],[136,-267],[242,-501],[152,-226],[242,-420],[212,-372],[378,-299],[605,-202],[424,41],[635,24],[530,-146],[605,-137],[46,-380],[454,-250],[756,-162],[439,8],[590,-73],[817,-145],[848,-48],[393,-65],[545,-129],[635,-41],[833,-234],[302,-275],[303,-194],[348,-323],[181,-234],[439,-453],[469,-226],[757,0],[484,56],[681,162],[318,194],[408,412],[288,259],[620,153],[560,49],[560,258],[469,178],[620,137],[878,186],[802,8],[303,-371],[544,-235],[712,8],[590,17],[590,32],[529,32],[636,24],[802,49],[605,65],[666,40],[560,48],[590,73],[832,154],[636,113],[408,178],[636,250],[408,-234],[394,-81],[772,105],[696,57],[711,-178],[711,-8],[817,-65],[575,-16],[530,-16],[499,-33],[590,-48],[575,-49],[590,-56],[348,-210],[727,-33],[272,105],[681,57],[802,-186],[620,-137],[530,-65],[877,-40],[742,-251],[363,-210],[530,-218],[529,-145],[333,-235],[409,-105],[408,-250],[545,-259],[469,-113],[469,-250],[636,-227],[469,-121],[635,-81],[454,-48],[500,-41],[559,-48],[863,-113],[514,113],[893,89],[772,-8],[499,-49],[469,-250],[273,-122],[605,-96],[484,-106],[772,-72],[666,-16],[711,105],[469,89],[726,-17],[590,-16],[379,-315],[106,-283],[166,-226],[424,-202],[847,-226],[832,-57],[651,-170],[439,-218],[923,0],[756,-129],[545,-8],[424,121],[-197,-258],[545,-235],[529,-113],[46,-380],[318,-420],[363,-194],[499,-242],[424,-412],[91,-210],[45,-307],[2663,-6037],[-227,-250],[-30,-275],[15,-388],[91,-331],[75,-485],[61,-380],[106,-218],[106,-299],[75,-234],[91,-525],[-151,-364],[-45,-170],[0,-557],[90,-299],[31,-267],[30,-654],[2860,-3936],[1316,-1826],[-575,-97],[-469,-371],[-303,-235],[-166,-274],[-45,-372],[-46,-162],[-227,-412],[-106,-307],[-60,-234],[-61,-631],[-45,-250],[136,-461],[-136,-484],[-167,-388],[-75,-259],[-15,-291],[196,-355],[91,-340],[61,-929],[75,-1794],[15,-64],[1998,-5431],[60,-145],[197,-533],[363,-323],[197,-178],[575,-525],[1165,-1043],[15,-16],[1423,-1277],[2632,-2375],[-196,-299],[-91,-396],[-136,-235],[-288,-315],[454,-250],[212,-194],[1362,-582],[575,-251],[4978,-961],[19550,-3782],[3828,-743],[6825,-1325],[4796,-922],[7899,-1519],[13482,-2610],[152,235],[908,24],[1255,81],[333,-235],[560,-234],[636,-250],[726,258],[333,388],[212,436],[0,453],[817,32],[333,-218],[1104,-170],[1635,-234],[2330,525],[1422,267],[863,0],[2224,145],[1165,-24],[1332,170],[75,-429],[-45,-129],[-348,-565],[45,-251],[591,-129],[726,-194],[272,-234],[242,-308],[379,-355],[151,-218],[318,-315],[423,-17],[545,-153],[106,-307],[212,-307],[272,-396],[-514,-340],[-379,-331],[-226,-234],[-712,-146],[-408,-363],[106,-364],[242,-452],[348,-194],[484,-170],[590,-24],[454,-16],[530,-33],[499,-105],[348,-339],[91,-477],[212,-396],[45,-283],[-45,-339],[272,-226],[439,-267],[590,-372],[484,-412],[394,-388],[212,-355],[0,-461],[-106,-339],[-303,-719],[-151,-348],[-923,-816],[-1196,-557],[-15,-8],[-1967,-994],[-1135,-574],[-454,-259],[-560,-339],[-590,-372],[-439,-339],[-196,-162],[-545,-670],[0,-8],[-61,-202],[-484,-1649],[15,-485],[379,-679],[15,-48],[620,-824],[348,-428],[197,-235],[635,-493],[227,-169],[651,-518],[212,-161],[151,-364],[106,-590],[151,-977],[-136,-437],[-983,-622],[-787,-299],[-938,-606],[-681,-428],[-878,-542],[-635,-412],[-76,-48],[-878,-550],[-121,-72],[-923,-566],[-514,-299],[45,-372],[469,-428],[212,-347],[802,-267],[878,137],[499,33],[439,-348],[-227,-323],[151,-485],[394,-339],[378,-283],[303,-186],[363,-331],[862,-218],[318,-364],[424,-210],[438,-388],[-121,-396],[-106,-226],[485,-267],[953,0],[772,-113],[242,-331],[106,-218],[-182,-299],[-91,-259],[545,-275],[227,-396],[136,-396],[91,-315],[605,-234],[273,-485],[166,-420],[257,-348],[91,-323],[303,-266],[45,-348],[273,-170],[242,-290],[227,-170],[423,-323],[242,-299],[91,-210],[182,-324],[75,-412],[91,-258],[394,-291],[454,-227],[60,-274],[726,-307],[696,-275]],[[501233,850623],[635,-145],[832,-259],[182,-242],[318,-404],[832,-129],[696,-49],[499,-56],[666,-211],[106,-379],[469,-41],[696,-56],[318,-186],[-30,-404],[60,-275],[303,-315],[30,-307],[772,-186],[605,-202],[378,-242],[288,-162],[318,-275],[862,-194],[227,-299],[424,-194],[469,-331],[620,-339],[348,-210],[227,-251],[394,-436],[817,250],[529,0],[470,-355],[136,-259],[75,-323],[348,-218],[227,-388],[31,-186],[302,-363],[-242,-324],[-75,-202],[-182,-412],[-530,-412],[333,-267],[484,-299],[-317,-282],[-212,-251],[212,-355],[333,-348],[-106,-501],[560,-161],[-61,-493],[-499,-65],[-606,-259],[-227,-169],[-771,-89],[-318,-170],[76,-339],[166,-275],[348,-275],[742,-202],[726,-299],[-167,-363],[61,-421],[439,-242],[-46,-485],[137,-250],[-76,-461],[-454,-234],[620,-251],[273,-282],[484,-291],[166,-291],[15,-461],[-408,-202],[-666,-226],[-908,-113],[-620,-259],[-197,-428],[-227,-291],[-650,-194],[287,-444],[30,-348],[-181,-396],[-545,-331],[-288,-251],[-242,-193],[-211,-316],[-61,-242],[45,-364],[258,-452],[-439,-331],[-288,-162],[-348,-251],[-378,-290],[61,-267],[166,-348],[45,-476],[-756,-259],[-954,49],[-590,-89],[-560,-49],[-635,81],[-454,-299],[151,-404],[31,-444],[-16,-275],[16,-485],[-364,-469],[-499,-129],[-635,-380],[-333,-218],[-379,-202],[-726,-275],[-878,105],[-575,-202],[-484,-185],[-529,-219],[-61,-493],[-575,-282],[-212,-461],[-75,-299],[-137,-412],[182,-251],[545,-185],[242,-469],[-454,-380],[45,-477],[-45,-307],[-167,-387],[-60,-485],[-303,-372],[136,-493],[152,-291],[-152,-226],[-211,-251],[484,-404],[121,-258],[-409,-267],[-227,-202],[242,-307],[167,-501],[212,-226],[0,-493],[60,-461],[76,-501],[-530,-291],[-514,81],[-787,291],[-832,210],[-802,-16],[-651,137],[-469,33],[-605,-8],[-424,97],[-772,-49],[-408,-194],[333,-323],[-242,-388],[30,-331],[-136,-372],[-787,-291],[-863,-97],[-575,-169],[-877,-33],[-394,-274],[-60,-275],[0,-243],[60,-1074],[-121,-364],[-317,-477],[-61,-105],[-878,-1422],[-136,-218],[-242,-315],[-197,-251],[-181,-282],[-409,-348],[-787,-194],[-302,-323],[-106,-267],[-106,-291],[-151,-210],[-515,-194],[-696,-331],[136,-388],[303,-412],[121,-307],[-121,-250],[-363,-227],[-515,-242],[-287,-234],[-318,-461],[-212,-339],[182,-429],[363,-379],[197,-453],[-348,-404],[-348,-339],[-121,-275],[45,-372],[-136,-242],[-409,-372],[-514,-202],[272,-178],[696,-32],[787,-259],[-151,-331],[-182,-315],[-136,-242],[-167,-283],[636,-267],[378,137],[772,-48],[514,-275],[46,-299],[-61,-283],[182,-291],[257,-420],[590,105],[878,-121],[454,-218],[302,-218],[-302,-323],[181,-235],[485,-202],[-91,-420],[499,-339],[817,-275],[-317,-477],[-364,-266],[-121,-413],[-45,-379],[-303,-348],[-181,-323],[-106,-299],[-152,-242],[61,-396],[-45,-453],[90,-339],[-30,-251],[-60,-323],[45,-202],[499,-436],[500,-227],[317,-444],[-181,-307],[499,-283],[394,-161],[438,-380],[333,-121],[681,-162],[394,-412],[378,-307],[560,-65],[454,-56],[318,-388],[665,-267],[590,-57],[394,-64],[575,-81],[772,-113],[650,-202],[621,-24],[363,-291],[-106,-323],[-272,-186],[499,-372],[772,-8],[151,-331],[-257,-404],[-197,-332],[-424,-460],[-212,-348],[0,-283],[560,-218],[772,-137],[287,-243],[-60,-290],[197,-291],[302,-146],[439,-202],[-136,-347],[-393,-396],[-288,-243]],[[175617,824628],[-61,291],[-257,340],[-272,283],[-651,299],[-514,88],[-727,-40],[-408,-73],[-636,-194],[-620,-242],[-515,-202],[-681,-137],[-786,-170],[-1468,-388],[-1059,-323],[-318,-121],[-651,-291],[-333,-186],[-318,-283],[-257,-323],[-75,-186],[-76,-380],[45,-436],[-60,-477],[-257,-412],[-636,-339],[-741,-299],[-878,-243],[-953,-97],[-666,81],[-711,226],[-666,348],[-378,396],[-152,291],[-106,234],[-272,873],[-91,291],[-60,484],[-31,251],[31,315],[30,218],[91,372],[75,242],[0,396],[-45,283],[-182,372],[-227,404],[-196,347],[-76,202],[30,356],[182,493],[272,549],[409,679],[333,509],[620,356],[711,202],[348,315],[-45,250],[-333,331],[-590,518],[-151,266],[211,332],[621,517],[469,428],[272,275],[167,444],[30,275],[-121,436],[-212,340],[-212,210],[-529,283],[-621,105],[-529,0],[-1029,-33],[-46,332],[61,347],[-61,275],[-317,380],[-61,169],[348,332],[303,234],[136,396],[333,258],[560,412],[181,372],[288,477],[408,452],[802,49],[863,-57],[741,-32],[394,-170],[166,-476],[666,-251],[681,-40],[-273,-453],[454,-428],[303,-170],[318,-291],[181,-291],[893,-129],[620,-48],[893,72],[424,89],[635,251],[182,477],[106,250],[151,259],[-91,282],[-257,267],[-136,259],[-227,266],[-514,210],[-258,348],[348,291],[318,226],[500,202],[317,275],[-106,331],[-514,396],[-363,73],[-606,40],[-620,202],[-590,259],[-696,0],[-605,-138],[-727,-121],[-272,299],[272,364],[409,323],[393,170],[288,436],[363,275],[393,331],[46,331],[802,275],[378,137],[560,211],[651,-33],[136,-266],[590,-146],[575,89],[439,24],[650,-105],[394,-210],[484,-323],[378,-340],[484,-428],[636,-291],[620,-210],[727,-169],[681,-81],[923,0],[484,32],[787,89],[696,97],[696,218],[257,97],[772,339],[1195,703],[439,299],[182,219],[75,307],[-106,468],[-136,614],[61,445],[196,331],[333,291],[197,145],[832,493],[1180,615],[1377,589],[1120,388],[76,16],[1059,219],[318,40],[1937,89],[1437,-8],[1074,-89],[1211,-154],[1014,-129],[393,-56],[2058,-372],[303,-32],[1225,-138],[833,-16],[469,32],[756,113],[484,122],[530,218],[1135,670],[953,566],[696,348],[954,347],[544,234],[515,154],[560,137],[650,227],[742,339],[529,380],[273,169],[272,291],[76,315],[151,348],[76,347],[423,283],[712,-56],[575,-41],[862,-121],[590,-40],[469,0],[878,88],[484,154],[711,154],[606,-57],[605,-73],[408,-89],[591,-32],[529,0],[847,0],[742,-145],[439,-122],[756,-16],[500,210],[560,348],[348,226],[-212,436],[333,453],[348,145],[605,259],[378,194],[515,242],[817,41],[499,-8],[666,8],[817,56],[575,73],[802,-16],[575,-267],[469,-137],[893,40],[499,-24],[893,-97],[363,-129],[847,202],[364,282],[650,-88],[651,-170],[363,-234],[378,-114],[606,170],[635,137],[742,122],[151,218],[121,299],[136,234],[91,323],[242,316],[741,193],[273,332],[832,32],[711,89],[530,234],[333,186],[862,16],[969,-153],[469,-73],[499,-194],[151,-218],[591,-226],[136,-307],[317,-186],[681,-129],[469,169],[31,291],[0,404],[514,234],[454,0],[515,-193],[469,137],[181,331],[136,493],[651,323],[742,33],[438,16],[606,97],[348,97],[333,380],[60,274],[363,299],[878,146],[938,-113],[726,64],[560,49],[590,-73],[590,-218],[515,210],[136,275],[197,291],[439,298],[802,227],[454,161],[681,-32],[514,380],[439,339],[726,-8],[636,-8],[696,-121],[620,-267],[499,65],[757,129],[530,291],[333,347],[514,291],[484,138],[439,89],[197,428],[-348,283],[333,436],[454,210],[317,170],[500,186],[469,145],[408,339],[379,308],[166,460],[-212,259],[-605,371],[-303,194],[-741,493],[-469,364],[-515,355],[-181,461],[136,267],[76,339],[317,218],[590,138],[787,56],[590,299],[908,113],[258,380],[-258,323],[-499,105],[348,469],[378,323],[500,121],[559,97],[515,178],[182,307],[302,210],[318,251],[-167,501],[394,323],[378,65],[757,97],[771,177],[31,469],[348,315],[60,372],[-181,331],[-424,348],[-378,161],[-484,356],[-530,323],[439,242],[666,-161],[469,-33],[499,178],[726,259],[575,275],[394,153],[257,315],[408,356],[545,218],[424,153],[590,-48],[741,113],[530,372],[560,-24],[726,-17],[136,251],[364,218],[590,291],[544,210],[409,170],[15,396],[-439,186],[-499,177],[-257,315],[-333,243],[333,428],[91,380],[257,493],[302,460],[379,235],[484,291],[363,161],[424,227],[106,218],[438,283],[606,-186],[-46,-267],[636,-291],[272,-234],[545,-267],[469,-145],[772,89],[590,153],[393,-113],[500,-242],[106,-235],[105,-444],[364,-243],[-91,-509],[212,-210],[544,-250],[167,-235],[514,-242],[606,-105],[650,-218],[454,-243],[288,-291],[-303,-226],[-257,-210],[-227,-323],[-46,-331],[-226,-437],[-16,-371],[-242,-493],[-529,-324],[408,-194],[439,-72],[469,-315],[-166,-283],[317,-340],[893,57],[651,-145],[590,137],[363,404],[666,0],[393,-178],[802,-250],[590,16],[651,-33],[711,-48],[606,307],[-197,218],[439,307],[560,259],[-31,347],[439,243],[257,420],[-227,323],[333,234],[681,227],[817,-146],[424,8],[726,130],[500,169],[741,243],[212,371],[-257,340],[423,420],[394,259],[923,121],[605,-170],[666,-16],[469,-73],[787,65],[272,460],[484,291],[651,8],[666,-32],[514,-73],[681,-185],[363,-227],[424,-186],[802,114],[636,161],[923,-56],[317,-251],[666,129],[333,194],[590,388],[651,-16],[514,145],[-181,364],[196,469],[560,32],[575,121],[273,283],[332,210],[787,-266],[742,-170],[363,283],[832,250],[515,178],[454,16],[635,-137],[424,-235],[711,33],[681,315],[651,56],[529,-8],[651,73],[650,-113],[757,-40],[272,113],[439,258],[212,202],[182,291],[136,388],[302,275],[167,371],[-30,291],[242,332],[529,315],[817,186],[485,-162],[529,-57],[606,-307],[680,-347],[409,32],[514,194],[46,291],[91,226],[696,105],[832,-161],[681,40],[363,235],[545,282],[590,65],[469,-57],[726,65],[227,444],[242,130],[681,72],[681,275],[303,307],[212,299],[560,202],[499,194],[393,218],[152,364],[529,178],[893,97],[393,169],[530,396],[560,299],[-46,348],[-650,331],[-182,315],[-242,275],[394,347],[605,-97],[529,-129],[848,33],[197,234],[121,485],[363,371],[847,-80],[742,16],[771,137],[439,-97],[757,-299],[287,-258],[590,-105],[711,258],[333,113],[348,275],[621,-57],[363,-315],[605,243],[182,202],[348,299],[393,323],[636,275],[333,210],[60,371],[454,332],[711,218],[363,307],[424,364],[832,56],[606,121],[333,243],[590,323]],[[366305,896674],[438,-170],[787,-283],[1302,-347],[499,-154],[696,-266],[-30,-235],[-530,-274],[-212,-477],[560,-154],[636,-72],[544,-97],[651,-97],[394,-57],[1089,-161],[-182,-445],[-106,-315],[0,-323],[197,-873],[121,-355],[31,-154],[90,-501],[1165,97],[591,65],[605,64],[923,138],[454,-340],[136,-339],[605,-339],[742,-89],[650,-57],[469,-48],[560,-364],[394,-598],[242,-347],[333,-396],[212,-307],[257,-235],[60,-331],[-75,-380],[272,-266],[333,-243],[469,-412],[318,-226],[212,-218],[408,-340],[499,-355],[394,-235],[1044,-509],[-136,-428],[-152,-356],[-211,-412],[-1650,-2505],[-1346,-2060],[-1922,-2901],[-15,-40],[11318,-6263],[5296,-2917],[1892,-1050],[4781,-1705],[5826,-2077],[303,-162],[11454,-5898],[711,-364],[11636,-5955],[3920,-2004],[650,-323],[409,-259],[499,-299],[863,-97],[575,-89],[317,-145],[863,8],[681,0],[847,-8],[575,-65],[530,-73],[756,-105],[14829,6578],[8171,3628],[333,-420],[30,-275],[303,-307],[227,-267],[560,-388],[181,-339],[61,-452],[530,-267],[786,-73],[530,130],[454,0],[605,-33],[348,-194],[409,-178],[666,-121],[514,-266],[394,-275],[438,-121],[288,-251],[408,-137],[454,-259],[424,-145],[726,-105],[848,81],[560,-57],[696,-81],[529,24],[696,57],[681,-89],[681,-161],[-76,-340],[243,-444],[529,-122],[469,17],[545,24],[666,-146],[650,-97],[591,-32],[529,-89],[409,218],[227,259],[635,89],[545,-202],[620,242],[409,122],[756,-154],[727,-291],[590,113],[878,-89],[575,33],[817,-17],[923,-32],[454,154],[635,-57],[817,81],[363,-89],[606,162],[938,89],[696,40],[439,-105],[847,153],[575,41],[424,153]],[[613781,460579],[-318,-137],[-469,-283],[-333,-429],[-121,-266],[-196,-453],[-197,-379],[-76,-267],[-15,-323],[197,-1495],[30,-267],[-60,-250],[4706,-2675],[2057,-1172],[-968,-1608],[-121,-363],[-30,-235],[-136,-743],[529,-137],[-1104,-1625],[-106,-250],[-121,-420],[-76,-372],[76,-267],[166,-379],[76,-372],[45,-275],[-106,-436],[-499,-396],[-318,-291],[-832,-566],[-167,-194],[-227,-484],[-106,-259],[-45,-356],[272,-436],[227,-218],[-45,-784],[-121,-646],[91,-404],[166,-623],[121,-573],[363,-509],[364,-412],[665,-316],[303,-299],[61,-274],[196,-348],[500,-412],[635,-307],[711,-105],[772,-210],[847,-364],[742,-428],[439,-299],[257,-493],[-106,-299],[-303,-283],[-106,-250],[-106,-388],[182,-307],[757,8],[681,-234],[272,-332],[287,-315],[424,-315],[318,-250],[681,-356],[575,-186],[439,-121],[681,-162],[680,-307],[-211,-323],[-167,-267],[-106,-290],[348,-348],[439,-89],[757,-178],[1346,-234],[1302,-242],[620,-146],[2648,-703],[-212,-371],[-378,-97],[-772,-170],[-454,48],[-484,-355],[-545,-388],[-393,-242],[-530,-299],[-514,-243],[-333,-323],[166,-202],[273,-339],[-106,-485],[-242,-437],[-242,-161],[-212,-469],[-394,-315],[258,-250],[363,-364],[499,-396],[-76,-469],[-332,-169],[-394,-332],[590,-388],[424,-331],[439,-380],[514,-80],[454,-114],[500,-185],[877,-178],[742,-170],[317,-178],[303,-331],[182,-210],[590,-267],[681,-72],[363,-332],[318,-460],[408,-243],[378,-145],[500,-420],[-106,-340],[-772,-274],[-212,-299],[-242,-235],[-408,-218],[-500,-250],[-514,-81],[-878,48],[-575,-186],[-484,-291],[15,-395],[-348,-283],[-106,-469],[-439,-404],[-136,-372],[242,-274],[152,-461],[-258,-259],[-136,-307],[-484,-404],[-333,-242],[-620,-129],[-409,-404],[-333,-340],[-469,-412],[-393,-210],[-182,-234],[-287,-469],[-636,-57],[-318,-153],[-317,-485],[-636,-145],[-378,-89],[-515,-138],[-484,17],[-741,16],[-802,-49],[-424,81],[-2678,-800],[-288,-194],[-756,-574],[-409,0],[-847,-105],[-2603,-153],[-3162,153],[-16,-994],[348,-880],[833,-396],[393,-453],[878,-283],[-500,-1454],[0,-24],[651,-3006],[1029,-1843],[-938,25],[-726,0],[-681,40],[-530,57],[-726,24],[-636,8],[-817,-49],[-590,-145],[-696,-283],[-560,-169],[-696,-324],[-711,-703],[-1165,-1099],[-500,-436],[-590,-452],[-348,-178],[-424,-202],[-408,-372],[-167,-234],[-166,-251],[-272,-218],[-530,-226],[-499,-210],[-666,-194],[-742,-81],[-590,-57],[-484,-88],[-772,-73],[-514,-113],[-802,16],[-817,73],[-651,64],[-363,291],[-590,105],[-938,0],[-817,105],[-636,-97],[-363,16],[-711,105],[-530,97],[-650,259],[-364,347],[-605,-64],[-772,24],[-408,170],[-333,210],[-288,258],[-484,324],[-499,80],[-726,283],[-787,226],[-742,49],[-30,-283],[-469,-267],[-303,-234],[-484,-323],[-772,-81],[-635,-283],[-409,-388],[-438,-484],[-76,-130],[-333,-889],[-409,-1050],[-635,129],[-923,-3127],[-91,-638],[-91,-380],[-771,-275],[-409,-1745],[-1634,-849],[-257,-137],[393,-525],[-469,24],[-575,-73],[-742,97],[-817,-153],[-151,-396],[-136,-267],[-2406,-1252],[-1604,48],[-4010,138],[-817,24],[-514,-138],[-2891,97],[-2965,105],[-4086,138],[-6234,97],[-7914,129],[-45,0],[-2679,49],[-3707,56],[-711,-170],[-1574,-533],[-393,-48],[-1165,-89],[-1120,-113],[-1074,-57],[-545,-105],[-651,65],[-892,32],[-1075,-8],[-681,-97],[-408,-137],[-742,-170],[-711,-121],[-545,-243],[-938,57],[-802,81],[-1634,137],[-787,0],[-242,-24],[-983,-445],[-742,-339],[-227,-65],[-847,-121],[-91,-8],[-1453,-32],[-938,-65],[-1059,-153],[-30,-9],[-1634,-371],[-152,-24],[-1301,-154],[-1967,-137],[-787,113],[-530,0],[-635,-25],[-817,-129],[-651,412],[-166,154],[-742,194],[-454,-307],[-227,-146],[-408,-250],[-469,-299],[-258,-186],[-15,-428],[515,-315],[378,-421],[-333,-396],[-302,-97],[-2195,-727],[-1694,-291],[-1907,291],[-106,33],[-1785,484],[-1423,388],[-1543,170],[-1029,8],[-1362,-194],[-1044,-145],[-1271,-8],[-1120,-41],[-590,-24],[-1543,-49],[-1332,-121],[-983,-64],[-1377,-283],[-984,-404],[-575,-138],[-696,-137],[-1604,-275],[-30,-8],[-3405,-590],[-4464,-404],[-529,-8],[-1090,-105],[-151,-654],[-590,-202],[-242,-89]],[[463510,369787],[-954,-332],[-196,-72],[-1725,-687],[-772,-614],[-76,-412],[-363,-275],[-393,-121],[-636,-210],[-620,-202],[-651,-211],[-635,-210],[-545,-185],[-424,-146],[-499,-170],[-136,-290],[-152,-275],[-181,-315],[-212,-372],[-514,-129],[-636,105],[-590,-8],[-681,-25],[-953,8],[-545,-307],[-454,-113],[-484,-89],[-742,-48],[-393,-218],[-651,-647],[-333,-323],[-227,-210],[-302,-420],[-515,-251],[-711,89],[-439,33],[-771,-49],[-651,-32],[-817,0],[-1180,16],[-243,16],[-726,81],[-741,129],[-1165,267],[-923,-485],[-560,-218],[-621,-380],[-393,-315],[-409,-113],[-560,-162],[-802,-73],[-1467,0],[-878,-16],[-393,-541],[-61,-97],[-318,-1091],[-151,-1139],[-3541,-41],[-121,-476],[-30,-235],[-272,-299],[-76,-509],[-61,-339],[-181,-194],[-484,-202],[-1816,8],[-696,0],[-590,-16],[-409,-25],[-393,-355],[-2088,-1358],[-348,-185],[-424,-162],[-500,-242],[-469,-9],[-635,-56],[-590,-291],[-711,-137],[-575,-146],[-742,-210],[-484,-323],[-288,-178],[-559,-129],[-969,24],[-318,32],[-1013,219],[-818,202],[-2557,598],[-787,56],[-1694,461],[-152,242],[182,622],[348,606],[15,210],[-3132,-323],[-1075,138],[-423,121],[-1014,323],[-348,8],[-2088,-493],[-46,1140],[-1013,202],[-833,121],[-665,0],[-681,226],[-227,267],[-303,194],[-620,64],[-666,49],[-242,808],[-212,331],[-136,202],[-500,711],[-2118,323],[-1377,534],[-757,202],[318,864],[-1498,671],[-756,372],[-1226,832],[-999,614],[-348,121],[-696,243],[-318,24],[-696,170],[-1271,387],[-560,178],[-786,170],[-742,-8],[-877,-16],[-530,266],[-151,324],[-91,282],[-76,340],[-30,436],[-424,243],[-741,96],[-757,81],[-650,25],[-666,16],[-1029,72],[-30,9],[-2391,307],[151,428],[303,420],[393,364],[318,299],[197,282],[211,202],[-438,404],[-772,-185],[-651,-8],[-635,32],[-908,16],[-681,186],[-787,97],[-772,56],[-469,41],[-983,97],[-31,283],[-30,307],[-15,792],[0,606],[-272,40],[-863,48],[-666,17],[-544,-138],[-379,-436],[-272,-243],[-348,-290],[-469,-291],[-257,-162],[-197,-331],[-91,-259],[-197,-299],[-242,-202],[-499,-363],[-30,16],[-1574,654],[-1906,962],[-1256,525],[-364,226],[-1422,873],[-1543,477],[-1483,347],[-1135,437],[-2119,1026],[-453,299],[-454,299],[-439,202],[-333,137],[-545,234],[-287,97],[-303,324],[-287,460],[-288,218],[-499,162],[-409,186],[-121,363],[-318,405],[-242,331],[-393,275],[-30,290],[-227,275],[-651,162],[-802,-8],[-847,-243],[-666,-89],[-938,-16],[-666,113],[-817,259],[-1831,590],[-938,210],[-1060,234],[-1392,647],[-635,242],[-1634,962],[-833,719],[-121,1010],[0,436],[-1074,146],[787,678],[-15,477],[-681,493],[-333,178],[-953,493],[-1438,759],[-1619,930],[-999,937],[-1014,1252],[-605,849],[-106,493],[-650,565],[-394,340],[-787,0],[-348,-57],[-741,-153],[-530,-146],[-665,-145],[-818,-267],[-726,-32],[76,444],[408,453],[409,493],[166,194],[106,339],[-242,339],[-439,291],[-1180,275],[76,396],[45,178],[-1044,565],[-409,8],[-877,25],[-621,32],[-529,24],[-742,73],[227,558],[-242,387],[-726,122],[-348,24],[151,582],[-817,387],[-454,106],[-650,80],[-651,130],[-499,56],[-878,-56],[-1029,64],[-560,-97],[-424,-371],[-1982,177],[-272,49],[-1120,428],[-787,105],[-726,41],[-530,129],[-696,48],[-726,-169],[-8156,2739],[-908,307],[-1120,259],[-5023,1179],[318,218],[438,380],[-665,16],[-923,25],[-863,24],[-514,8],[-833,24],[-575,16],[-877,178],[-727,0],[-590,129],[-771,138],[-712,48],[-348,8],[-302,-396],[212,-274],[166,-283],[-30,-485],[-152,-776],[61,-258],[45,-437],[-75,-371],[-318,-283],[-499,-275],[-575,24],[-696,146],[-757,121],[-802,186],[-530,24],[-560,32],[-423,-8],[-530,8],[-590,291],[-454,348],[-393,153],[-424,130],[-439,258],[-711,-56],[-847,0],[-727,-8],[-454,0],[-923,0],[-983,-9],[-439,251],[-620,105],[-560,-202],[-530,32],[-620,186],[-817,73],[-606,-24],[-378,-275],[-30,-339],[-15,-396],[90,-316],[-484,-153],[-938,48],[-635,81],[-545,130],[-863,129],[-484,89],[-681,-138],[-121,-194],[-91,-379],[-136,-299],[-378,-154],[-620,121],[-364,49],[-605,258],[-287,227],[-606,177],[-665,138],[-485,56],[-756,73],[-545,0],[-817,-105],[-394,307],[-30,315],[-60,364],[-46,444],[-544,291],[-348,32],[-666,9],[-666,88],[-333,461],[-197,315],[-711,275],[-363,315],[-61,186],[-15,372],[-196,412],[-303,291],[-257,234],[-348,372],[-227,194],[-333,258],[408,412],[424,146],[454,89],[242,331],[0,436],[151,388],[364,364],[242,234],[544,145],[606,41],[666,89],[408,274],[-1952,1075],[-529,267],[-303,501],[-817,291],[-1725,40],[-5115,1245],[-2587,-671],[-3238,-857],[-106,-16],[-1090,-194],[-2950,57],[-76,8],[-2013,250],[-741,97],[-605,33],[-560,-17],[-499,-40],[-485,-145],[-514,-194],[-863,-243],[-499,-56],[-4025,-16],[-681,105],[-4191,347],[-91,-727],[-30,-154],[-893,-840],[-1407,0],[-1695,16],[-2315,299],[-288,24],[-1210,57],[-530,48],[-1029,154],[-484,65],[-863,218],[-378,89],[-1377,210],[-771,113],[-908,105],[-651,56],[-938,25],[-651,24],[-650,8],[-924,-105],[-665,-24],[-500,-16],[-1982,-41],[-181,0],[-3118,162],[-4660,-808],[-61,-8],[-10925,-1883],[-15736,-2901]],[[149712,406464],[151,202],[60,331],[91,251],[318,533],[15,356],[212,396],[15,234],[61,372],[-121,315],[-91,299],[0,266],[121,251],[197,307],[302,469],[151,444],[243,267],[802,218],[741,73],[545,121],[333,89],[892,-25],[636,-210],[2103,364],[590,81],[394,169],[227,259],[469,412],[363,380],[333,412],[136,420],[30,162],[1332,1576],[318,363],[227,267],[559,630],[333,323],[318,429],[167,266],[181,315],[333,542],[136,404],[31,234],[181,331],[242,372],[318,453],[197,315],[333,420],[529,452],[318,194],[-106,380],[-303,194],[-166,307],[30,420],[469,202],[1362,324],[2255,460],[393,-24],[1680,347],[2179,477],[196,331],[258,881],[-137,784],[-696,873],[-1044,654],[-2269,380],[-1680,461],[-1029,703],[-514,1640],[211,1479],[757,387],[1014,776],[817,356],[1422,331],[2073,339],[273,9],[1361,16],[530,-49],[742,-194],[529,-161],[742,0],[726,145],[530,-40],[438,-412],[106,-307],[394,-316],[681,-291],[-167,-355],[636,-210],[590,40],[787,-16],[620,65],[923,-16],[469,-211],[454,-218],[575,-210],[666,-226],[756,-226],[712,-113],[696,129],[711,170],[590,331],[514,404],[651,339],[439,178],[1150,873],[1316,-372],[1544,1406],[1937,1463],[302,234],[394,485],[196,412],[-15,234],[454,437],[303,218],[651,202],[1785,670],[1392,429],[1937,24],[2315,194],[2119,372],[1316,387],[1120,647],[1422,743],[787,574],[499,703],[-121,808],[-91,873],[61,792],[333,1915],[272,662],[0,671],[15,16],[2452,3014],[529,-186],[454,-218],[832,-412],[818,-412],[348,8],[726,-49],[454,-48],[726,-32],[454,-81],[772,-16],[666,72],[1694,380],[1029,566],[500,153],[242,364],[60,477],[-166,719],[-91,614],[-136,598],[-61,48],[-151,461],[-333,865],[-76,226],[-317,1075],[0,185],[90,720],[137,315],[741,1099],[575,598],[182,121],[1059,557],[1271,889],[1195,816],[61,65],[302,436],[212,275],[727,703],[575,436],[166,291],[136,558],[318,557],[333,582],[151,534],[182,161],[802,727],[1286,679],[1559,412],[423,33],[167,493],[-106,339],[-742,234],[-393,121],[-515,162],[212,388],[605,267],[500,185],[378,154],[1226,396],[1119,396],[1166,267],[-227,185],[-560,162],[-954,170],[742,1535],[-91,40],[-893,421],[-408,226],[-545,291],[-530,250],[-317,146],[-590,299],[-424,242],[-499,259],[-243,153],[-423,251],[-1196,775],[-287,219],[-1574,905],[-75,193],[-106,404],[0,510],[90,266],[167,315],[227,453],[121,339],[60,202],[91,380],[197,372],[227,250],[257,299],[288,267],[317,339],[318,323],[227,364],[318,202],[318,194],[665,404],[545,315],[454,323],[-726,316],[-621,169],[152,1026],[121,461],[15,469],[136,436],[167,267],[227,315],[378,347],[212,259],[90,234],[409,428],[348,316],[393,363],[-211,323],[-379,138],[-741,234],[-681,121],[-878,57],[-650,24],[-590,24],[-439,17],[-954,97],[-393,105],[620,2189],[379,663],[90,954],[-242,1591],[31,1406],[756,1132],[424,-81],[2255,1212],[1331,1471],[257,517],[-106,1236],[515,1568],[484,751],[1695,4307],[605,40],[1710,170],[1241,154],[544,80],[848,105],[938,81],[575,235],[-30,355],[60,170],[318,363],[227,243],[424,452],[454,372],[847,234],[333,299],[484,437],[303,331],[196,226],[197,291],[409,186],[302,162],[439,226],[590,250],[1922,-501],[575,-88],[787,-41],[620,234],[575,235],[832,-146],[439,-186],[333,-363],[1740,380],[76,-41],[12105,1107],[6628,2093],[408,129],[1332,1374],[620,-129],[636,-57],[862,24],[590,291],[591,275],[529,113],[409,113],[439,130],[499,145],[681,146],[439,96],[287,429],[15,670],[182,962],[257,331],[726,566],[1937,1503],[1271,953],[742,542],[45,24],[560,444],[136,114],[500,581],[332,421],[197,234],[363,420],[303,315],[227,202],[772,606],[15,16],[998,841],[333,266],[394,413],[408,557],[121,162],[242,331],[197,275],[46,380],[-61,169],[-151,380],[-167,396],[-227,606],[-181,501],[-212,525],[-227,509],[-61,170],[-257,574],[-15,48],[-257,639],[-167,412],[-30,412],[45,242],[243,420],[332,461],[348,380],[318,315],[424,396],[318,242],[302,194],[394,202],[439,226],[378,194],[605,307],[288,146],[423,210],[666,347],[696,356],[681,331],[590,299],[363,194],[712,364],[544,275],[681,355],[545,283],[711,420],[167,105],[423,307],[30,0],[2452,-339],[1029,-81],[635,-129],[2996,792],[3193,266],[5614,469],[3874,1543],[847,0],[605,16],[363,17],[666,32],[893,-24],[635,89],[409,242],[363,218],[272,162],[485,339],[499,340],[530,80],[817,16],[590,25],[832,32],[787,-81],[318,-105],[560,-170],[786,-218],[485,-137],[605,-162],[393,-105],[772,33],[484,161],[439,33],[-30,573],[-91,509],[30,437],[273,274],[681,194],[1619,299],[560,65],[0,913],[-409,162],[-469,606],[878,371],[-91,501],[378,227],[-242,484],[121,429],[-272,274],[-76,283],[242,687],[1150,178],[1090,32],[711,41],[1059,-122],[363,81],[575,202],[696,186],[1301,356],[2240,654],[378,121],[378,283],[243,226],[105,291],[-30,332],[-91,347],[-75,428],[-15,267],[45,307],[106,436],[91,316],[-91,371],[-696,3022],[-620,2723],[-1362,1778],[30,372],[60,315],[0,283],[-75,315],[-121,469],[-15,234],[136,760],[-46,977],[-45,865],[106,525],[121,218],[484,679],[257,444],[227,461],[757,711],[514,469],[364,363],[181,340],[46,258],[211,598],[409,1075],[166,453],[212,444],[76,291],[-1604,2545],[-968,1560],[-742,598],[-3949,3216],[-2860,2327],[-5463,4444]],[[463510,369787],[333,-453],[211,-299],[651,-485],[348,-266],[2073,-437],[1211,-436],[121,-40],[953,-437],[76,-48],[666,-533],[862,-712],[76,-339],[166,-792],[197,-460],[1089,-493],[923,-291],[1044,-154],[1559,-121],[1241,57],[1119,-89],[1075,-315],[136,-33],[2830,-1373],[938,-211],[484,-226],[378,-113],[621,-186],[529,-137],[333,-105],[499,-210],[712,-113],[166,-332],[288,-404],[166,-315],[681,-48],[847,-25],[545,-72],[772,-218],[439,-41],[938,-65],[499,-307],[545,-323],[590,-81],[802,8],[514,-48],[469,113],[288,315],[333,162],[454,186],[635,363],[500,170],[469,-16],[393,275],[605,169],[394,73],[590,-32],[666,161],[227,154],[726,258],[545,81],[711,218],[802,8],[212,-331],[-46,-194],[-136,-323],[-60,-307],[-394,-404],[-90,-323],[-409,-340],[-726,-242],[-485,-251],[-696,-266],[-408,-251],[-560,-218],[136,-452],[-151,-316],[726,-331],[182,-323],[-61,-226],[-499,-307],[-469,-146],[-681,-315],[-394,-234],[-317,-307],[-394,-89],[-741,-162],[-530,-56],[-802,145],[-771,-283],[-500,-339],[-257,-194],[-484,-307],[15,-372],[-182,-307],[-877,-48],[-666,-202],[-515,48],[-514,-234],[-424,-146],[-605,-48],[-757,-89],[-60,-283],[-227,-404],[-454,-162],[-272,-274],[-182,-315],[-832,72],[-681,-137],[-303,-154],[-741,-40],[-424,307],[-454,16],[-545,-250],[-469,8],[-681,8],[-681,-137],[-3450,-1148],[-8791,-2917],[-348,-186],[-605,-468],[-152,-259],[-15,-1156],[-15,-1818],[2648,-4218],[863,-1406],[166,-266],[273,-429],[635,-153],[469,-129],[711,-316],[-151,-331],[-61,-218],[-75,-299],[-76,-315],[-121,-299],[-136,-331],[-106,-275],[-30,-428],[30,-275],[91,-331],[106,-469],[0,-267],[75,-323],[242,-388],[273,-226],[756,-40],[772,8],[121,-647],[30,-331],[-60,-420],[726,-291],[893,169],[651,130],[166,355],[515,259],[907,-170],[500,-169],[560,-203],[650,-40],[454,121],[530,307],[545,138],[423,64],[560,17],[787,-73],[832,24],[424,162],[893,145],[711,73],[878,186],[817,355],[363,178],[454,242],[348,227],[287,177],[-91,437],[379,258],[560,49],[590,388],[650,-194],[-90,-307],[438,-291],[243,-218],[181,-259],[106,-364],[-136,-242],[272,-323],[742,-291],[590,-428],[-61,-388],[273,-283],[227,-226],[-394,-283],[424,-428],[-15,-421],[454,-290],[620,-186],[378,-162],[772,-242],[499,-33],[591,-32],[348,-404],[302,-234],[61,-340],[-136,-226],[75,-331],[575,-130],[742,-80],[348,-146],[499,-347],[499,-299],[454,-65],[348,-283],[621,-48],[423,16],[606,-89],[560,-170],[287,-282],[15,-469],[288,-380],[454,-355],[257,-291],[197,-461],[75,-267],[333,-436],[484,-186],[258,-323],[559,-153]],[[508904,319260],[273,-364],[423,-800],[697,-566],[363,-89],[1029,-727],[378,-469],[408,-307],[515,-145],[878,-226],[408,-259],[621,-525],[635,-945],[681,-1245],[1165,-1842],[272,-170],[1498,-1988],[893,-880],[863,-849],[847,-848],[3117,-3257],[727,-832],[-606,-113],[-635,-24],[-621,-25],[-499,-32],[-696,-73],[-378,-32],[-575,-81],[-666,-56],[-863,-49],[-499,-8],[-605,-40],[-832,-89],[-848,-16],[-908,40],[-529,16],[-742,57],[-454,40],[-802,32],[-560,-40],[-802,-16],[-559,32],[-696,32],[-606,17],[-711,24],[-499,16],[-787,24],[-30,-557],[136,-833],[91,-428],[-348,-864],[-908,-413],[-2315,0],[-3269,9],[-1331,56],[-560,-549],[-31,-501],[31,-202],[348,-614],[287,-582],[61,-97],[212,-558],[363,-921],[166,-808],[-136,-307],[-696,-73],[-212,-315],[-45,-477],[-424,-186],[-802,-266],[318,-323],[484,-105],[-287,-316],[-273,-145],[-514,-323],[-484,-315],[-243,-275],[515,-331],[212,-267],[348,-299],[15,-307],[91,-453],[-46,-484],[-363,-243],[-363,-380],[-227,-412],[-76,-428],[152,-234],[-167,-291],[-272,-267],[-303,-396],[-75,-355],[151,-356],[30,-283],[227,-339],[-151,-380],[45,-299],[197,-323],[-303,-412],[-514,56],[-863,89],[-544,24],[-439,9],[-621,-17],[-3661,-533],[-2058,-372],[166,-444],[348,-921],[-45,-41],[-2088,-1761],[-712,-57],[-544,-283],[-772,-290],[-560,-308],[-378,-226],[-394,-105],[-1543,-331],[-711,-194],[-545,-388],[166,-275],[152,-460],[181,-356],[106,-178],[-514,-452],[-273,-525],[-408,-752],[-227,-283],[-439,-476],[-439,-477],[-620,-711],[-348,-348],[-1332,307],[-469,65],[-756,73],[-1166,-178],[-423,-816],[75,-372],[288,-202],[772,-468],[121,-299],[-121,-380],[-394,-1196],[-4887,8],[-530,16],[-651,57],[-786,56],[-530,24],[-802,170],[-197,32],[-1165,146],[-1044,81],[-575,48],[-454,41],[-1104,24],[-969,24],[-999,24],[-998,57],[-923,24],[-651,73],[-469,0],[-757,24],[-938,-81],[-423,-436],[-364,-283],[-469,-436],[-211,-210],[-303,-283],[-212,-194],[-272,-259],[-454,-379],[-469,-509],[-424,-396],[-409,-388],[-438,-412],[-303,-259],[-303,-331],[-272,-307],[-333,-380],[-303,-299],[-287,-331],[-257,-324],[-197,-242],[-287,-307],[-1226,-1414],[-469,-509],[-288,-307],[-242,-340],[-439,-468],[-317,-332],[-409,-428],[-408,-412],[-485,-485],[-499,-549],[-651,-719],[-151,-194],[-106,-219],[-15,-355],[182,-849],[453,-1551],[152,-566],[-46,-541],[16,-533],[-288,-1204],[-212,-1035],[-30,-1050],[-15,-170],[-46,-388],[-257,-1091],[-1135,-40],[-363,32],[-968,-97],[-182,211],[-923,113],[-1362,24],[-3949,-905],[-3359,-1099],[-606,-154],[-3344,-711],[-181,-48],[-1771,-776],[-605,-267],[106,-501],[-166,-985]],[[424274,240855],[-1529,137],[-832,-24],[-348,-33],[-635,-72],[-545,-105],[-772,-113],[-756,-57],[-454,-234],[-530,-194],[-469,64],[-711,33],[-651,8],[-620,-16],[-575,-41],[-227,-129],[-772,-40],[-484,-25],[-469,-64],[-802,137],[-288,194],[-12771,574],[-772,0],[-2360,-81],[-2103,-65],[-2346,-56],[-726,-25],[-1226,138],[-3677,687],[-1967,468],[-2723,808],[-515,146],[-651,137],[-438,32],[-636,97],[-787,41],[-877,-16],[-590,24],[-939,65],[-1755,703],[-1407,565],[-2376,1261],[-998,347],[-1272,315],[-1225,210],[-394,65],[-1573,469],[-1014,210],[-1544,242],[-756,16],[-1392,-40],[-227,-32],[-1619,-194],[-848,-146],[-1180,-1163],[-30,-340],[60,-371],[-30,-186],[-378,-849],[-333,-412],[-726,49],[-817,48],[-999,73],[-333,24],[-1589,81],[-711,-655],[-726,122],[-288,48],[-2027,372],[-530,-41],[-560,-1527],[-136,-218],[-1120,-1220],[-2890,259],[-3813,339],[-5009,-267],[-2406,-331],[-45,-8],[-3677,-566],[-3329,-517],[-14935,-186],[-1059,-89],[-1513,-121],[-1892,-24],[-786,-113],[-379,-162],[-484,-428],[-696,-808],[-1876,331],[-4177,727],[-2557,105],[-5024,2214],[-438,-395],[90,-308],[-726,-242],[-711,65],[-666,-8],[-545,40],[-771,-8],[-621,32],[-529,89],[-651,0],[-514,121],[-863,-105],[-666,-40],[-393,-178],[-787,-8],[-953,-40],[-711,137],[-500,137],[-741,291],[-515,97],[-514,-258],[-1710,145],[-787,16],[-953,25],[-681,-154],[-515,-356],[-348,-242],[-332,-307],[-227,-493],[-31,-283],[-75,-274],[-121,-501],[0,-316],[-121,-258],[60,-315],[61,-324],[-91,-234],[-605,-129],[-893,16],[-742,-48],[-877,-25],[-454,-8],[-696,8],[-394,-153],[-817,-130],[-181,-315],[-727,-194],[-378,259],[-878,57],[-544,56],[-500,146],[-454,24],[-771,145],[-469,8],[-394,227],[-439,234],[-484,24],[-620,-178],[-500,-161],[-45,-275],[-787,-129],[-605,178],[-893,88],[-711,146],[-378,315],[-197,291],[-227,347],[-182,170],[-136,331],[-802,-121],[-893,170],[-423,161],[-696,33],[-484,-81]],[[249429,238471],[-167,428],[515,412],[862,-161],[530,-243],[560,113],[408,413],[-348,153],[-348,251],[636,299],[559,218],[500,-16],[529,387],[0,340],[-211,331],[-500,162],[-408,32],[-606,-194],[-817,-65],[-272,251],[802,275],[651,48],[227,323],[136,291],[-167,380],[-575,380],[-318,307],[-348,202],[-499,242],[-45,299],[-258,356],[-226,250],[-545,154],[-681,-283],[-348,-315],[-605,-113],[-137,-226],[-908,-73],[-136,428],[106,218],[-166,299],[-212,275],[-197,404],[545,259],[696,234],[-212,267],[-272,379],[-378,105],[-409,259],[-182,315],[-211,315],[-16,445],[878,121],[439,24],[545,-226],[-61,-340],[772,-105],[181,259],[288,259],[-212,307],[-469,226],[-439,307],[-469,137],[-757,-177],[-575,0],[-438,404],[151,444],[772,-40],[272,290],[91,235],[318,266],[-575,324],[-409,226],[-514,234],[-470,-72],[-469,-122],[-665,-105],[-394,81],[-711,65],[-817,8],[-696,161],[-197,299],[-121,283],[257,275],[485,331],[242,267],[408,428],[363,323],[439,202],[908,138],[620,129],[152,234],[181,372],[-560,323],[-30,315],[-45,316],[212,412],[620,129],[484,250],[167,429],[151,363],[212,421],[-136,428],[-439,275],[-136,226],[-273,331],[-181,445],[196,339],[-60,226],[106,356],[-242,493],[-363,194],[-560,177],[-469,105],[-454,65],[-772,-24],[-424,-113],[-635,-186],[-590,-89],[-712,194],[-272,291],[-30,355],[151,202],[151,477],[-121,259],[-514,315],[-605,137],[-878,137],[-484,267],[-333,356],[-424,137],[-529,97],[-802,226],[-363,364],[-409,161],[-545,-105],[-378,-396],[-136,-355],[-938,65],[-288,258],[15,283],[-30,452],[-605,65],[-575,57],[-424,32],[-575,73],[-424,40],[-741,-8],[-651,-48],[-423,315],[-878,16],[-182,-461],[-227,-363],[-287,-162],[-348,-372],[-76,-274],[-121,-332],[-590,-48],[-409,242],[-105,235],[30,404],[-424,274],[-454,49],[-575,-73],[-378,-65],[-560,-80],[-953,8],[-666,-259],[-348,-242],[-863,-65],[-635,24],[-454,186],[-711,332],[-560,307],[-318,105],[-696,153],[-272,210],[30,340],[76,234],[317,315],[485,251],[454,242],[408,113],[378,299],[-106,218],[-469,251],[-393,121],[-424,202],[-832,-40],[-681,88],[-651,154],[-575,372],[106,347],[227,267],[273,347],[-515,210],[-242,146],[-439,307],[-302,218],[-394,259],[-514,396],[-288,274],[-469,146],[-666,-218],[-242,-202],[-211,-404],[-424,-122],[-969,49],[-499,372],[-681,161],[-454,113],[-166,372],[242,477],[60,283],[-378,307],[-605,56],[-318,307],[182,477],[-258,436],[-242,324],[-438,218],[-833,210],[-454,-24],[-560,387],[-75,340],[-61,396],[152,186],[393,250],[303,331],[-212,412],[-46,340],[515,307],[333,170],[650,194],[560,363],[-454,251],[-923,-8],[-438,-114],[-621,170],[-166,340],[-621,48],[-499,32],[-545,307],[46,501],[393,340],[212,242],[-273,348],[-680,16],[-560,0],[-348,-186],[-212,-323],[-348,-146],[-560,-210],[-545,105],[-575,178],[-560,-145],[-635,-324],[-363,315],[151,267],[560,251],[-318,331],[-378,137],[-560,364],[-303,258],[-423,154],[-712,24],[-423,210],[-348,372],[302,444],[-317,453],[-394,347],[-862,-48],[-212,-364],[-363,-56],[-757,186],[-651,242],[-862,-16],[-484,-57],[-454,-315],[242,-250],[-439,-324],[-212,-420],[-696,-226],[-363,121],[-454,202],[-408,412],[-591,57],[-650,105],[-333,218],[-182,315],[-30,251],[30,388],[-227,412],[-272,202],[-590,161],[-621,243],[-121,291],[-787,145],[-408,-73],[-560,-161],[-757,202],[-196,493],[-802,242],[-848,0],[-665,-8],[-878,-40],[-893,-33],[-544,33],[-651,169],[-530,-226],[-393,-275],[-621,-331],[-453,-162],[-742,-48],[-802,-8],[-363,202],[-212,250],[-696,105],[-439,210],[-196,219],[-485,299],[-681,-202],[-484,-267],[-60,-275],[-787,-137],[-772,210],[-620,291],[-303,202],[-303,202],[-423,250],[-409,202],[273,380],[-106,501],[-727,226],[-953,49],[-666,32],[-681,81],[-499,0],[-636,-105],[-877,162],[-121,282],[-727,219],[-408,307],[-605,266],[-394,-323],[-681,113],[-166,235],[-61,444],[-665,315],[-681,-347],[-712,-17],[-484,97],[-408,202],[-333,291],[-424,138],[-529,226],[-409,105],[-605,105],[-394,121],[-817,121],[-696,-121],[-696,73],[-60,283],[0,331],[136,259],[-121,452],[-469,251],[15,436],[-394,461],[-771,-105],[-530,72],[-439,178],[-424,162],[288,468],[257,380],[-212,307],[31,235],[408,282],[46,485],[-727,243],[-333,226],[-559,153],[-560,315],[575,259],[484,283],[-303,267],[-635,210],[-560,242],[-333,380],[-15,509],[363,210],[212,469],[-288,323],[31,323],[817,162],[741,186],[454,185],[318,178],[318,218],[423,340],[484,307],[197,501],[-378,323],[-257,323],[-288,380],[-514,315],[151,331],[197,267],[60,251],[31,379],[-106,291],[-666,267],[-394,250],[-529,364],[-333,145],[-303,316],[-620,234],[-726,24],[-500,8],[-560,259],[-333,339],[-121,420],[-348,211],[-575,137],[-620,121],[-409,113],[-590,226],[-650,178],[-454,16],[-545,73],[-469,8],[-560,202],[-272,243],[-288,234],[-242,356],[-212,202],[15,452],[-75,307],[-106,348],[91,210],[90,307],[167,299],[545,218],[317,226],[182,396],[166,396],[76,339],[-409,267],[-726,57],[-469,-364],[-590,-348],[-923,-72],[-590,-138],[-545,-185],[-681,-122],[-726,-97],[-106,-299],[-318,-323],[-757,105],[-15,380],[152,242],[423,235],[651,129],[696,242],[348,461],[182,444],[90,324],[-151,476],[-333,186],[-363,283],[-408,348],[-560,404],[-439,266],[-121,461],[-61,380],[-317,218],[-273,315],[469,331],[515,259],[212,210],[393,242],[711,-105],[605,-81],[258,-177],[741,-138],[303,178],[787,8],[892,41],[182,396],[-91,234],[-590,275],[30,460],[-106,331],[-227,178],[0,372],[-408,234],[-696,81],[-227,348],[287,242],[273,339],[272,219],[136,428],[-257,266],[-136,291],[333,267],[196,452],[-438,324],[-439,72],[-227,421],[272,258],[424,372],[-136,355],[-137,324],[-332,177],[-515,89],[-454,194],[-151,210],[-106,291],[121,259],[136,299],[106,226],[76,485],[317,283],[712,-8],[348,379],[-500,404],[46,348],[30,242],[30,388],[-514,194],[-802,154],[-484,16],[-727,-162],[-469,-153],[-802,-8],[-529,24],[-636,258],[-560,130],[-711,194],[-197,492],[-756,57],[-560,57],[-30,379],[787,17],[605,48],[348,420],[-409,210],[182,404],[-394,243],[-257,210],[-439,283],[-696,282],[-711,162],[-393,170],[-696,161],[-545,-145],[-469,444],[-348,259],[-772,210],[-893,24],[-696,332],[-227,355],[-544,113],[-666,33],[-560,-33],[-484,65],[-469,178],[-727,121],[-590,388],[530,323],[484,259],[-393,460],[181,331],[-197,461],[-181,461],[484,347],[424,170],[893,129],[484,242],[454,429],[529,283],[258,339],[257,210],[544,234],[167,219],[0,363],[-30,445],[75,274],[318,315],[333,219],[-76,347],[-272,218],[-651,226],[-923,-8],[-575,-24],[-635,-73],[-439,275],[-76,509],[454,243],[469,0],[606,-210],[726,88],[212,493],[-348,348],[363,452],[529,65],[470,428],[-167,267],[-560,291],[-393,299],[121,331],[454,146],[575,218],[136,315],[-484,242],[-863,33],[-590,-33],[-439,-105],[-711,121],[-590,275],[-620,323],[-318,243],[0,355],[227,283],[-182,251],[-439,307],[651,347],[484,259],[106,291],[-257,299],[-469,339],[-242,242],[-348,404],[-152,364],[-287,331],[-30,461],[257,420],[121,339],[212,267],[212,226],[741,178],[545,178],[242,372],[409,161],[741,307],[666,178],[529,49],[742,218],[-152,476],[-302,259],[-167,259],[106,323],[454,137],[439,420],[-560,235],[-257,258],[-514,291],[-258,202],[-302,420],[-485,259],[0,299],[273,420],[45,243],[61,282],[45,429],[91,274],[469,138],[681,299],[378,404],[711,266],[681,-266],[515,81],[454,64],[393,275],[-136,452],[151,461],[-15,396],[-60,347],[620,324],[30,363],[182,267],[408,380],[-30,291],[-439,290],[-575,283],[-257,235],[-303,250],[-317,226],[-711,186],[-349,178],[-151,372],[439,331],[30,493],[-408,436],[-76,307],[-151,227],[-61,323],[318,436],[-76,251],[-378,291],[-136,218],[-484,355],[-227,445],[-61,363],[-136,235],[30,363],[0,323],[-45,259],[484,307],[726,251],[273,404],[181,242],[242,428],[212,283],[515,186],[605,145],[227,307],[60,299],[258,227],[30,509],[-454,380],[-227,404],[-303,404],[-227,258],[-257,315],[-333,315],[-106,267],[16,299],[-46,412],[-15,186],[242,420],[575,113],[923,65],[151,420],[-802,121],[-408,-56],[-651,-105],[-847,137],[-91,307],[-605,178],[-394,32],[-696,8],[-529,-80],[-863,56],[-666,57],[-802,-73],[-756,-40],[-847,97],[-439,169],[-666,57],[-424,0],[-893,-49],[-665,-40],[-545,56],[-636,-48],[-559,8],[-621,259],[-91,307],[167,315],[121,242],[408,340],[197,282],[-499,340],[-469,113],[212,388],[363,299],[-46,242],[-348,323],[-408,105],[-363,291],[-167,445],[-439,178],[-438,347],[-379,380],[-575,129],[-257,493],[197,275],[257,468],[-590,291],[-227,307],[-348,348],[-560,291],[-605,250],[-469,178],[-681,178],[-621,40],[-696,105],[-378,97],[-469,210],[151,299],[-318,461],[-575,250],[-454,170],[-590,251],[-438,161],[-394,186],[-197,234],[0,420],[-378,227],[-575,396],[-363,234],[-651,-40],[-741,169],[-757,210],[-348,324],[197,234],[378,194],[575,218],[257,251],[-544,347],[-257,259],[-46,250],[484,259],[-166,291],[-620,161],[-152,388],[182,226],[-605,348],[-621,-49],[-469,259],[-681,266],[-560,122],[-756,145],[-394,146],[-484,266],[-182,364],[530,412],[363,347],[-30,259],[-393,299],[-591,32],[-620,380],[-636,-48],[-287,371],[15,445],[-76,299],[106,234],[137,339],[-31,437],[-60,202],[454,412],[181,436],[-136,235],[0,282],[-106,251],[-545,250],[-726,138]],[[87778,407846],[-302,89],[1134,113],[8883,1026],[5568,8],[3465,-339],[999,-49],[3299,598],[590,41],[499,32],[923,73],[636,64],[696,113],[1301,-169],[318,-33],[923,-202],[590,65],[560,-121],[2950,218],[152,-65],[2330,429],[424,258],[257,234],[348,267],[378,226],[545,316],[1150,-154],[651,-154],[1225,-808],[953,-420],[651,-274],[560,-73],[1543,89],[530,32],[424,-218],[514,-550],[439,-428],[439,-412],[75,-81],[1287,-1075],[423,-476],[333,-501],[106,-437],[-30,-307],[424,-339],[650,-267],[439,-113],[741,-129],[530,32],[454,0],[605,-24],[575,-32],[878,145],[484,307],[681,340],[469,137],[863,32],[741,-258],[560,-25],[635,-88],[984,-89],[288,484],[348,881],[211,873],[1635,-194]],[[641517,196816],[666,-89],[636,-32],[771,-8],[984,0],[2996,16],[10774,8],[3102,0],[4055,8],[2829,0],[818,0],[454,-16],[1528,-89],[1347,-81],[2012,-113],[953,-56],[3965,-227],[560,-16],[438,-8],[787,8],[1105,8],[7399,65],[-1740,-2650],[-106,-162],[-1725,-2634],[-893,-1366],[-1573,-2408],[-3284,-5018],[-711,-1075],[-4812,-7345],[-2905,-2594],[-605,-242],[-681,-16],[-590,40],[-485,-32],[-908,121],[-514,105],[-757,202],[-862,0],[-605,-153],[-515,-146],[-272,-388],[45,-291],[91,-404],[15,-355],[61,-299],[242,-396],[227,-299],[272,-412],[-4403,-1875],[-91,-16],[-1029,-65],[-1044,-129],[-635,-73],[-697,-258],[-756,-81],[-590,-24],[-742,-33],[-575,25],[-544,202],[-696,89],[287,-469],[45,-428],[-438,-259],[-167,-283],[-60,-428],[-258,-347],[348,-469],[560,-259],[227,-226],[-151,-388],[-182,-258],[-363,-437],[-212,-218],[-151,-258],[-60,-251],[-318,-469],[-424,-347],[-348,-267],[-393,-331],[-258,-291],[-272,-396],[-166,-299],[45,-372],[514,-282],[137,-291],[559,-299],[424,-453],[636,-258],[166,-356],[409,-105],[378,-299],[454,-380],[151,-307],[757,-242],[560,-121],[423,-178],[288,-356],[635,-40],[530,-121],[378,-275],[560,-242],[378,-194],[-257,-348],[197,-226],[514,-65],[545,-24],[772,-129],[484,16],[742,-170],[393,-226],[545,-113],[317,-437],[439,-355],[711,-49],[666,-315],[636,57],[408,129],[454,226],[711,73],[863,186],[499,259],[560,371],[-136,210],[45,396],[363,429],[606,202],[741,72],[409,57],[650,121],[454,170],[379,186],[529,185],[666,-218],[-76,-315],[121,-250],[591,-291],[817,-194],[514,-162],[76,-250],[893,72],[665,-169],[137,-275],[211,-259],[575,-202],[469,-32],[651,-226],[30,-348],[878,146],[651,-251],[136,-226],[545,-186],[680,-202],[137,-234],[60,-388],[-227,-380],[-212,-145],[152,-437],[665,0],[530,-371],[197,-283],[454,-323],[333,-243],[166,-379],[227,-219],[484,-145],[575,-291],[-302,-323],[-515,-105],[-560,-24],[-620,-114],[-318,-444],[318,-388],[514,-113],[182,-315],[-424,-396],[-439,-218],[-514,-194],[-333,-453],[-181,-468],[-939,-33],[-15,-379],[-348,-421],[-121,-476],[15,-299],[363,-372],[152,-259],[166,-355],[-121,-218],[-197,-461],[197,-299],[-76,-291],[-90,-242],[514,-372],[515,-162],[393,-113],[620,-234],[273,-388],[-242,-218],[484,-356],[862,105],[454,0],[575,-299],[182,-282],[530,-275],[741,-186],[454,291],[666,89],[544,-49],[757,-8],[878,81],[802,-32],[817,-138],[529,-299],[364,-266],[726,-170],[938,73],[257,-396],[-91,-283],[-227,-315],[-317,-226],[-590,-291],[-303,-227],[-227,-395],[303,-227],[257,-363],[45,-283],[-257,-283],[-666,32],[-469,-89],[-302,-420],[408,-137],[-45,-493],[-560,-89],[-439,8],[-484,-323],[423,-380],[227,-218],[258,-234],[363,-364],[272,-250],[-166,-493],[-303,-364],[454,-267],[348,-282],[348,-267],[288,-445],[-227,-371],[560,-340],[378,-347],[423,-145],[712,56],[529,8],[696,-129],[696,-259],[727,-242],[711,-57],[439,154],[423,170],[454,121],[711,-41],[545,-161],[863,113],[212,299],[454,226],[923,-81],[30,-355],[-76,-275],[257,-388],[636,-258],[106,-510],[-106,-298],[151,-421],[636,-80],[726,-211],[484,-24],[893,-137],[348,-202],[242,-259],[121,-299],[152,-380],[242,-218],[393,-339],[288,-339],[242,-267],[317,-218],[424,-227],[908,-113],[227,243],[590,97],[923,-8],[484,0],[712,8],[348,-33],[665,-194],[560,-24],[424,33],[681,185],[545,210],[665,186],[394,73],[560,81],[469,-275],[15,-234],[545,-251],[786,57],[772,40],[30,-436],[379,-242],[711,-267],[484,-194],[424,-105],[620,137],[454,-72],[272,-332],[-151,-323],[-242,-453],[272,-355],[485,-65],[575,170],[45,242],[378,307],[469,-40],[364,-364],[45,-299],[590,-299],[908,-88],[514,-154],[243,-364],[196,-347],[696,-234],[439,-210],[272,-364],[893,-170],[303,364],[651,-218],[-122,-275],[802,-178],[757,-32],[575,40],[545,-274],[166,-388],[439,-267],[575,-202],[575,121],[378,-64],[454,363],[545,259],[560,-89],[424,-121],[590,-178],[771,-8],[666,-57],[318,-153],[651,-138],[393,186],[378,178],[848,24],[544,-97],[908,-56],[742,-283],[726,-137],[393,88],[681,8],[893,-153],[484,-428],[863,-154],[499,-266],[817,145],[409,339],[227,251],[408,339],[621,-153],[393,-259],[666,-81],[484,122],[666,80],[409,-24],[756,-89],[817,-145],[484,-275],[121,-356],[61,-299],[182,-395],[302,-130],[605,-97],[848,-194],[802,-80],[121,290],[302,396],[530,97],[696,-89],[802,-218],[621,-169],[484,-210],[317,-178],[530,-267],[424,-250],[272,-364],[106,-210],[409,-251],[741,-242],[575,-137],[923,-122],[863,65],[423,-121],[227,-380],[727,-250],[575,218],[423,97],[575,-49],[454,-355],[167,-315],[30,-510],[-182,-339],[31,-323],[121,-267],[151,-396],[106,-339],[363,-445],[378,-202],[651,-72],[545,-113],[363,-146],[469,-250],[484,-170],[136,-485],[-136,-396],[76,-283],[469,-412],[439,-178],[196,-298],[76,-477],[499,-226],[515,-275],[242,-138],[469,-258],[-197,-461],[-302,-210],[75,-347],[318,-445],[-408,-323],[-273,-291],[-166,-363],[605,-211],[530,-40],[438,-331],[227,-332],[46,-323],[257,-404],[91,-355],[348,-162],[696,-16],[499,0],[787,0],[908,-16],[545,105],[287,339],[121,412],[152,299],[257,267],[439,137],[923,-89],[469,-185],[681,-114],[711,227],[181,452],[106,348],[242,371],[545,81],[424,-113],[454,-234],[469,-138],[681,25],[378,105],[484,153],[863,-113],[227,-315],[363,-307],[454,-97],[605,121],[167,501],[151,420],[378,275],[848,218],[726,283],[15,355],[166,275],[802,24],[560,-193],[379,-130],[681,-186],[680,-80],[818,202],[317,315],[-151,299],[-45,266],[45,437],[-318,283],[273,371],[423,105],[560,113],[636,154],[378,267],[-182,492],[-136,308],[-106,290],[-30,445],[45,283],[121,258],[787,283],[545,16],[666,-89],[605,-242],[409,-146],[575,-72],[665,81],[470,-162],[287,-356],[696,-307],[636,41],[605,-121],[605,-243],[757,243],[439,452],[242,299],[302,234],[530,251],[424,339],[544,396],[454,170],[500,89],[559,-16],[742,202],[529,266],[454,0],[409,-266],[61,-267],[211,-291],[681,-73],[500,41],[665,-49],[863,25],[560,234],[681,161],[590,73],[650,-121],[485,-234],[560,-8],[680,137],[787,105],[727,307],[348,234],[469,421],[666,-41],[363,-202],[393,-250],[288,-178],[408,-267],[378,-137],[818,-138],[620,-96],[651,-146],[363,-89],[560,-161],[650,-283],[500,178],[-152,412],[167,274],[726,-89],[575,-121],[908,-32],[635,57],[681,226],[364,380],[438,299],[621,-235],[75,-299],[-105,-275],[-167,-404],[-151,-347],[408,-388],[515,8],[590,129],[408,114],[772,161],[605,113],[923,146],[651,0],[424,-89],[560,-202],[408,-129],[454,-162],[545,-210],[484,-97],[575,0],[530,105],[605,234],[711,340],[333,194],[515,315],[469,283],[726,371],[424,154],[408,121],[908,154],[696,48],[666,-73],[439,-113],[529,-275],[711,-315],[621,0],[363,227],[242,299],[76,266],[15,332],[60,290],[439,421],[742,56],[544,-73],[424,-97],[484,-105],[590,-145],[485,-137],[438,-146],[409,-226],[182,-420],[-212,-291],[-515,-428],[-196,-453],[196,-250],[500,-413],[408,-234],[484,-178],[742,-177],[545,-65],[590,-57],[711,-56],[514,-8],[515,64],[378,122],[499,242],[258,275],[91,210],[211,291],[696,121],[409,113],[757,-121],[408,-138],[454,-290],[424,-316],[560,-339],[438,-331],[409,-323],[333,-259],[393,-210],[666,-194],[832,-218],[757,-138],[393,-40],[666,-57],[303,-32],[756,-48],[530,-97],[318,-170],[181,-453],[-75,-299],[-772,-290],[-575,-194],[-484,-210],[-121,-421],[287,-299],[212,-210],[484,-339],[348,-226],[575,-348],[363,-226],[606,-234],[681,-299],[302,-291],[439,-420],[257,-243],[227,-250],[288,-340],[181,-460],[106,-315],[-348,-194],[-832,-154],[-757,-178],[-650,-121],[-394,-73],[-560,-80],[-711,0],[-560,24],[-620,48],[-590,33],[-409,16],[-756,0],[-485,-16],[-726,-227],[106,-379],[121,-615],[121,-1527],[106,-1204],[76,-606],[151,-1301],[151,-1155],[16,-1002],[0,-267],[-106,-380],[-848,-4072],[-45,-340],[-91,-1026],[-60,-687],[-364,-735],[-514,-962],[-151,-226],[-212,-331],[-469,-671],[-31,-40],[-1498,-1762],[-15,-24],[-756,-1236],[-1271,-2069],[-258,-420],[-1074,-1616],[-363,-566],[-787,-1180],[-1044,-1737],[-76,-73],[-1044,-1268],[-1664,-1560],[-318,-452],[-787,-1269],[-1029,-1535],[-469,-711],[-1513,-4420],[-106,-348],[-151,-517],[-409,-1462],[-711,-2546],[-1543,-3749],[-243,-558],[-196,-509],[-30,-72],[-1029,-2748],[-227,-355],[-545,-792],[-878,-1293],[-3646,-5301],[-1665,-2295],[-242,-202],[-953,-436],[-1831,-824],[-318,-307],[1059,-1309],[2119,-2586],[136,-162],[45,-363],[378,-2497],[0,-8],[-484,-299],[-575,-162],[-620,-32],[-696,-170],[-787,-170],[-151,-40],[-878,-315],[-605,-218],[-303,-113],[-635,-186],[-636,250],[-893,97],[-514,-388],[-560,-315],[-409,-137],[-363,-469],[288,-679],[121,-258],[-378,-469],[-606,-32],[-862,-49],[-984,-137],[-166,-16],[-1559,-178],[-681,-307],[-832,-97],[-787,170],[-499,-97],[-893,-65],[-666,-32],[-529,-130],[-454,-234],[-469,-307],[-590,-339],[-500,0],[-590,48],[-605,73],[-605,186],[-818,169],[-529,-64],[-348,-356],[-318,-121],[-651,-16],[-786,81],[-530,64],[-499,41],[-606,-49],[-484,-161],[-862,-178],[-696,-146],[-712,41],[-529,161],[-696,-347],[-636,-65],[-469,162],[-545,-40],[-469,-372],[-484,-49],[-545,235],[-575,177],[-454,-169],[-529,-307],[-590,-122],[-454,-274],[-727,-49],[-907,41],[-530,-332],[-45,-250],[-454,-275],[-379,-48],[-665,-65],[-243,-259],[-786,-153],[-454,145],[-545,-89],[-257,-266],[-61,-420],[-590,24],[-439,40],[-529,-105],[-545,-307],[-288,-210],[-15,-412],[-196,-267],[-636,-283],[-499,-96],[-227,-316],[-288,-412],[-620,-202],[-378,-153],[-409,-445],[-424,-274],[-650,-356],[-666,-331],[-696,-186],[-530,-243],[-302,-202],[-939,-533],[-514,-283],[-333,-121],[-575,-161],[-424,-275],[-499,-291],[-575,-202],[-545,-202],[-666,-323],[-317,-219],[-394,-404],[-196,-339],[-182,-372],[-499,-363],[-757,-243],[-469,-113],[-772,-226],[-1074,-380],[-878,-129],[-726,8],[-787,40],[-560,0],[-560,-40],[-454,-65],[-771,-97],[-469,-72],[-1181,-291],[-559,-73],[-636,24],[-545,-48],[-802,-186],[-802,-73],[-454,-32],[-817,-57],[-514,-64],[-802,-130],[-590,57],[-590,121],[-757,81],[-393,-40],[-772,-146],[-515,-113],[-454,-121],[-469,-194],[-590,-243],[-711,122],[-393,226],[-469,113],[-439,-315],[-273,-469],[-786,-210],[-848,-242],[-287,-364],[-817,-48],[-76,315],[-15,266],[-333,299],[-499,25],[-530,-170],[-439,-420],[-393,-348],[-515,0],[-666,121],[-650,170],[-681,-89],[-530,-89],[-544,0],[-454,-16],[-696,-145],[-364,-243],[-242,-177],[-393,-340],[-363,-388],[-242,-404],[-121,-460],[-258,-275],[-923,97],[242,372],[0,307],[-454,307],[-332,137],[-515,210],[-408,235],[-258,161],[182,437],[469,145],[-333,420],[-726,105],[-454,33],[-515,16],[-953,121],[-363,65],[-651,137],[-529,89],[-575,89],[-1014,161],[-681,81],[-1090,170],[-711,73],[-590,72],[-424,49],[-892,72],[-712,65],[-438,89],[-575,178],[-409,81],[-575,80],[-545,17],[-711,-17],[-560,-32],[-650,307],[136,170],[408,266],[424,291],[-530,235],[-544,-33],[-560,-64],[-938,40],[-878,186],[-666,-97],[-620,121],[-167,194],[-272,307],[-802,-24],[-499,-210],[-212,-453],[-409,-468],[-605,64],[-469,154],[-530,-57],[-741,-89],[-787,97],[-529,81],[-454,24],[-515,122],[-590,32],[-847,-40],[-833,40],[-559,8],[-757,-40],[-908,153],[-560,-24],[-484,48],[-560,73],[-696,-56],[-757,210],[-817,72],[-499,-64],[-545,81],[-484,-81],[-197,-291],[-756,-291],[-560,8],[-439,8],[-560,0],[-514,8],[-590,41],[-787,80],[-182,437],[-423,307],[-545,-33],[-515,49],[-560,105],[-711,145],[-696,154],[-620,121],[-908,178],[-530,105],[-529,81],[-711,81],[-712,105],[-620,129],[-424,121],[-726,146],[-545,97],[-378,161],[-741,202],[-863,-105],[-787,65],[-469,145],[-787,218],[-529,-258],[-454,64],[-727,251],[-529,-129],[-575,-219],[-651,-40],[-469,32],[-560,-105],[-302,-137],[-606,396],[-272,275],[-681,16],[-681,97],[-439,420],[-635,210],[-484,113],[-606,105],[-484,49],[-772,81],[-605,137],[-303,162],[-469,210],[-771,145],[-893,-56],[-499,185],[-515,97],[-696,33],[-590,113],[-681,137],[-741,283],[-560,259],[-439,-41],[-651,-32],[-802,137],[-272,170],[-363,315],[-833,8],[-559,-73],[-575,97],[-409,65],[-530,32],[-423,73],[-621,121],[-514,105],[-893,-89],[-787,-97],[-892,41],[-515,32],[-605,97],[-500,154],[-620,226],[-530,16],[-590,-259],[-756,291],[-666,162],[-575,-57],[-590,130],[-832,145],[-621,-89],[-802,-32],[-423,113],[-651,81],[-424,-8],[-832,16],[-575,40],[-757,73],[-771,178],[-439,153],[-726,41],[-258,-210],[-650,-130],[-727,138],[-575,113],[-575,32],[-847,-105],[-605,-186],[-696,340],[-681,0],[-605,-138],[-530,41],[-484,113],[-893,-57],[-636,-16],[-711,178],[-923,-81],[-605,-81],[-802,170],[-136,202],[-167,323],[-454,315],[-484,-48],[-514,16],[-575,267],[-333,250],[-348,210],[-651,97],[-529,291],[-560,-129],[-666,121],[-651,275],[-620,89],[-711,218],[30,242],[151,501],[0,315],[-620,243],[-742,283],[-681,89],[-438,-194],[-424,412],[-454,404],[-439,210],[-378,396],[45,218],[152,307],[529,307],[666,65],[333,339],[-121,331],[106,356],[635,194],[167,315],[30,250],[136,316],[-333,371],[-45,404],[-46,461],[-60,517],[-45,331],[-91,267],[121,331],[45,485],[-393,348],[-257,153],[-409,234],[-651,259],[-514,113],[-847,129],[-727,122],[-862,194],[-379,161],[-302,218],[-500,219],[-438,56],[-606,-16],[-544,32],[-787,146],[-454,89],[-499,88],[-878,154],[-545,170],[-378,234],[-318,218],[-469,210],[-847,89],[-712,24],[-423,97],[-469,194],[-424,154],[-681,161],[-469,146],[-272,444],[181,348],[-212,493],[-181,258],[-182,315],[-75,307],[-212,421],[-212,323],[-817,258],[-666,106],[-212,258],[-45,243],[-500,282],[-877,-153],[-908,145],[-439,226],[-287,146],[-727,-194],[-272,-396],[-394,-24],[-620,137],[-303,307],[-393,299],[-802,81],[-484,-57],[-666,-16],[-424,81],[-741,89],[-726,-89],[-636,-73],[-545,57],[-378,105],[-635,194],[-575,16],[-818,49],[-499,137],[-529,105],[-515,8],[-862,-24],[-923,-65],[-621,0],[-878,0],[-635,-48],[-863,-178],[-771,56],[-469,-56],[-590,-178],[-470,-40],[-635,32],[-424,8],[-938,16],[-711,-48],[-560,-121],[-817,-186],[-847,-186],[-454,-178],[-364,-121],[-741,-137],[-499,-81],[-606,-146],[-408,-113],[-711,-202],[-590,-56],[-848,80],[-575,65],[-650,137],[-470,73],[-696,24],[-529,49],[-515,89],[-363,178],[-408,137],[-575,40],[-878,41],[-620,8],[-364,97],[-484,194],[-469,-138],[-802,8],[-106,275],[-106,323],[-45,461],[45,275],[106,315],[152,444],[90,461],[31,299],[378,396],[212,258],[91,291],[-303,323],[-484,65],[-666,89],[-696,186],[-560,234],[-832,315],[-606,194],[-408,267],[-151,275],[-152,266],[-514,194],[-1150,178],[-681,97],[-772,105],[-545,347],[-499,122],[-696,105],[-938,89],[-530,48],[-514,40],[-863,65],[-560,65],[-438,48],[-893,65],[-620,-41],[-454,-16],[-167,437],[499,299],[197,396],[-439,218],[-15,380],[560,274],[545,251],[-575,355],[-424,-40],[-772,-73],[-423,-40],[-575,-24],[-681,-17],[-575,0],[-848,-32],[-605,8],[-454,-16],[-938,-16],[-530,-8],[-620,-16],[-681,-25],[-817,-24],[-469,-32],[-726,-49],[-1029,-72],[-500,-33],[-544,-40],[-454,-24],[-500,-33],[-469,-32],[-1044,-73],[-681,-40],[-665,-41],[-878,0],[-545,65],[-620,89],[-575,65],[-500,64],[-635,89],[-742,113],[-650,105],[-727,113],[-484,73],[-575,89],[-499,81],[-484,81],[-621,97],[-438,64],[-697,121],[-408,65],[-757,121],[-877,130],[-394,48],[-590,81],[-651,89],[-393,48],[-560,73],[-560,81],[-650,81],[-379,56],[-650,89],[-711,89],[-666,97],[-590,81],[-712,89],[-938,129],[-756,97],[-515,73],[-711,80],[-514,65],[-545,81],[-802,113],[-560,73],[-454,64],[-1150,154],[-287,32],[-802,105],[-606,73],[-832,113],[-938,121],[-666,89],[-696,89],[-1150,145],[-1195,162],[-1075,146],[-1104,145],[-954,129],[-514,65],[-923,121],[-651,97],[-1437,178],[-908,129],[-999,138],[-166,16],[-938,121],[-923,129],[-394,57],[-560,72],[-696,97],[-741,97],[-726,97],[-1483,194],[-379,57],[-1543,202],[-167,24],[-287,41],[-847,113],[-833,105],[-590,89],[-696,97],[-363,48],[-1347,178],[-650,89],[-984,129],[-756,105],[-878,121],[-1044,138],[-787,105],[-726,97],[-878,121],[-696,97],[-1135,153],[-560,73],[-953,137],[-651,97],[-1074,146],[-847,121],[-1135,154],[-1014,145],[-923,129],[-969,138],[-907,121],[-757,113],[-620,89],[-500,65],[-666,96],[-907,122],[-530,72],[-439,57],[-620,89],[-605,81],[-409,64],[-923,122],[-545,88],[-908,122],[-575,80],[-802,122],[-1074,145],[-863,121],[-529,73],[-666,89],[-469,65],[-469,72],[-484,65],[-817,113],[-802,113],[-681,97],[-500,73],[-711,97],[-514,73],[-575,80],[-711,97],[-545,89],[-545,73],[-484,65],[-530,72],[-681,97],[-575,81],[-892,129],[-500,65],[-544,81],[-439,56],[-1286,186],[-470,65],[-756,105],[-560,81],[-530,72],[-696,97],[-786,97],[-802,113],[-954,130],[-756,113],[-1090,162],[-696,105],[-651,88],[-559,73],[-712,105],[-1104,154],[-772,113],[-953,137],[-848,105],[-302,41],[-848,129],[-1225,178],[-817,105],[-424,48],[-575,73],[-757,89],[-756,89],[-923,105],[-802,97],[-1074,129],[-1877,226],[-1921,235],[-349,40],[-1316,162],[-938,113],[-621,73],[-1059,137],[-1180,137],[-378,41],[-878,105],[-862,105],[-681,81],[-348,48],[-606,73],[-514,64],[-726,65],[-651,-121],[-651,-186],[-605,-186],[-545,-153],[-302,-89],[-560,-178],[-424,-162],[-726,-194],[-515,421],[227,331],[212,444],[-772,283],[-408,-355],[-953,-49],[-106,501],[529,81],[469,145],[394,202],[-227,453],[-394,24],[-590,-56],[-575,-65],[-423,81],[-394,250],[-741,16],[-500,-48],[-726,16],[-635,-145],[-954,32],[-181,428],[-394,396],[-741,202],[-696,-32],[-394,-41],[-560,-56],[-529,-49],[-666,-32],[-666,291],[-696,137],[-560,-32],[-575,-40],[-741,137],[-272,364],[-424,210],[-787,-162],[-772,-97],[-499,97],[-575,210],[-424,89],[-832,57],[-530,88],[-756,154],[-938,81],[-802,81],[-817,185],[-666,33],[-938,-41],[-515,122],[-590,387],[-408,235],[-651,137],[-409,-32],[-529,-113],[-484,-113],[-454,-65],[-621,-81],[-575,-40],[-711,129],[-378,170],[-545,307],[-726,291],[-863,210],[-893,153],[-832,33],[-666,121],[-242,194],[-257,363],[182,283],[45,235],[-272,331],[-379,137],[-514,89],[-787,-97],[-484,-218],[-303,-97],[-726,-16],[-303,210],[-30,469],[-439,266],[-575,364],[-454,242],[-817,170],[-923,-81],[-787,32],[-590,138],[-514,202],[45,250],[212,348],[-742,242],[-559,89],[-893,-121],[-590,8],[-787,-145],[-106,-510],[303,-185],[-333,-437],[-893,-186],[-605,33],[-575,283],[-439,266],[-500,372],[-302,307],[-242,347],[-15,235],[454,412],[408,210],[409,283],[438,226],[137,436],[-273,429],[-181,387],[-212,437],[-636,161],[-620,-56],[-711,-315],[-379,-283],[-196,-259],[181,-355],[-121,-404],[-439,-178],[-363,-129],[-590,178],[-424,250],[-453,105],[-742,-40],[-499,-170],[-681,105],[-726,154],[-591,8],[-181,363],[-136,283],[-242,242],[-212,291],[439,227],[756,-65],[742,-129],[438,177],[46,348],[-212,331],[-469,315],[-227,154],[-515,420],[-469,412],[-348,315],[-363,299],[-287,396],[75,315],[212,275],[545,404],[439,283],[196,323],[31,380],[-31,469],[46,493],[45,468],[-121,736],[15,298],[121,356],[121,178],[469,283],[636,307],[651,218],[317,145],[394,243],[60,299],[-15,476],[-91,356],[-60,299],[181,404],[560,299],[500,16],[741,-89],[590,8],[696,267],[303,210],[424,404],[302,412],[167,396],[575,267],[423,-49],[606,-210],[302,-485],[31,-250],[105,-267],[591,-283],[696,291],[196,299],[61,396],[30,146],[-60,379],[-61,534],[30,105],[76,436],[257,275],[484,250],[712,275],[317,121],[606,194],[438,65],[591,-24],[514,-154],[167,-218],[166,-372],[484,-169],[515,24],[696,137],[423,445],[91,347],[76,210],[166,340],[106,266],[-257,307],[-620,186],[-893,57],[-711,-81],[-696,-16],[-560,404],[30,274],[530,291],[499,122],[862,88],[575,49],[757,178],[439,234],[363,251],[212,250],[-91,331],[-378,194],[-515,218],[-499,186],[-348,210],[-288,324],[-75,404],[-46,323],[-136,234],[-348,533],[-91,372],[-15,251],[46,299],[287,420],[590,40],[590,-105],[969,-186],[696,-113],[938,-178],[605,-153],[333,-137],[545,-283],[378,-243],[363,-202],[424,-210],[636,-121],[469,8],[907,105],[454,356],[-196,307],[-621,274],[-454,130],[-620,113],[-605,323],[45,420],[106,243],[121,339],[590,372],[530,153],[529,113],[651,114],[409,56],[590,146],[287,129],[439,258],[257,170],[258,372],[0,363],[-76,332],[0,307],[76,266],[-76,501],[-257,251],[-606,299],[-348,226],[-469,291],[-817,24],[-741,41],[-636,339],[-363,364],[-60,226],[-16,331],[-15,356],[15,275],[-136,484],[-166,267],[-333,396],[-424,307],[-847,380],[-969,323],[-756,259],[-923,363],[-469,235],[-409,266],[-439,259],[-348,250],[-438,380],[-621,622],[-514,606],[-303,348],[-212,250],[-348,429],[-287,412],[-152,299],[-181,315],[-182,250],[-333,186],[-681,186],[-590,16],[-454,-73],[-393,-226],[-333,-444],[76,-291],[438,-275],[712,-323],[393,-340],[272,-226],[394,-452],[242,-251],[-76,-331],[-454,-283],[-438,-145],[-485,-97],[-817,-113],[-469,-17],[-696,-8],[-711,16],[-469,65],[-469,65],[-651,97],[-666,274],[-212,299],[46,275],[121,315],[45,437],[-181,476],[-484,186],[-984,299],[-711,202],[-500,130],[-423,113],[-621,121],[-665,170],[-394,153],[-545,243],[-469,250],[-771,428],[-636,364],[-1241,654],[-696,380],[-544,299],[-727,340],[-741,282],[-605,219],[-636,218],[-545,218],[-378,161],[-787,316],[-424,185],[-378,283],[-620,380],[-817,234],[-469,138],[-651,178],[-484,113],[-727,97],[-514,16],[-560,-41],[-878,-129],[-408,-105],[-590,-186],[-454,-121],[-742,-97],[-771,146],[-379,282],[-196,186],[-364,315],[-348,453],[273,388],[408,282],[61,259],[-106,315],[-197,291],[61,372],[-242,436],[-711,146],[-575,113],[-802,145],[-757,57],[-726,-8],[-575,137],[-712,16],[-499,-56],[-772,-81],[-832,-105],[-575,-65],[-862,-170],[-863,-218],[-696,-226],[-605,-210],[-802,-194],[-515,81],[-711,331],[-15,396],[545,315],[772,283],[408,234],[212,202],[333,259],[439,186],[393,186],[530,234],[-424,331],[-378,202],[-636,275],[-424,137],[-680,130],[-485,8],[-590,-170],[-378,-291],[-151,-194],[-106,-315],[-878,-16],[-469,105],[-393,404],[0,323],[-61,404],[-197,283],[-196,218],[-409,315],[-681,162],[-560,65],[-817,105],[-575,80],[-681,106],[-454,8],[-681,-25],[-469,-16],[-575,0],[-635,235],[-288,105],[-257,404],[666,266],[560,8],[469,299],[423,380],[364,331],[348,299],[393,356],[499,210],[333,89],[303,372],[-409,250],[-696,194],[-605,57],[-514,16],[-591,169],[-242,477],[454,121],[560,162],[439,307],[-212,259],[-212,258],[-726,146],[-333,169],[-227,485],[-272,453],[-318,218],[-363,178],[-469,210],[-394,121],[-348,226],[182,348],[741,266],[772,235],[469,218],[257,145],[485,194],[454,121],[756,146],[605,137],[424,73],[590,73],[817,8],[545,-138],[560,202],[106,194],[181,396],[-90,420],[-364,138],[-544,145],[-681,0],[-545,-48],[-862,-178],[-515,-218],[45,-380],[-680,-210],[-485,186],[-423,145],[-636,235],[-257,226],[242,339],[393,332],[303,476],[61,323],[332,348],[575,323],[333,218],[364,429],[-303,258],[-212,202],[106,477],[45,323],[545,226],[394,194],[665,332],[485,89],[786,-154],[591,65],[393,194],[242,379],[121,307],[121,227],[439,282],[318,178],[484,388],[257,299],[197,323],[-30,267],[-182,307],[-363,436],[-136,348],[-61,242],[30,356],[424,266],[409,81],[771,-64],[469,88],[666,178],[621,49],[802,258],[166,396],[-227,275],[-378,145],[-636,235],[-741,186],[-409,258],[121,412],[242,251],[-45,266]],[[317233,150862],[908,57],[666,105],[393,73],[575,48],[409,566],[227,267],[408,250],[515,89],[877,40],[666,97],[969,113],[8428,5018],[-5175,7782],[-1559,5381],[-242,202],[-257,364],[-409,655],[-1498,2375],[-90,138],[-727,1163],[-605,921],[1271,-80],[409,-33],[575,162],[711,48],[469,-97],[787,-137],[650,-97],[424,-65],[681,-56],[651,226],[151,331],[-45,800],[544,186],[590,404],[333,251],[469,331],[303,315],[484,170],[742,186],[590,169],[287,138],[545,323],[303,267],[151,202],[666,218],[802,-113],[681,-57],[544,-64],[833,-73],[484,-24],[877,-73],[681,-113],[757,-154],[711,-113],[484,-89],[681,-81],[711,65],[439,40],[681,9],[545,16],[666,0],[696,137],[106,331],[-15,315],[378,356],[832,-40],[484,-41],[560,-40],[575,-49],[878,-64],[681,-73],[257,194],[60,347],[46,178],[121,372],[166,380],[137,493],[90,331],[590,258],[878,-169],[590,-81],[590,-113],[893,-186],[575,-121],[439,97],[181,-8],[908,-73],[333,-16],[833,-97],[680,-291],[-272,-299],[167,-436],[469,-324],[575,81],[590,81],[469,32],[484,33],[560,40],[575,32],[469,138],[560,250],[272,121],[590,243],[681,-154],[500,-153],[665,-162],[-1649,-961],[-590,-332],[620,-291],[893,-299],[666,-234],[1377,-356],[923,-210],[817,41],[1785,-291],[2467,-24],[30,-8],[409,-800],[-2149,-202],[-287,-307],[-212,-275],[-136,-202],[-197,-275],[1876,-364],[-60,-436],[711,-129],[514,-105],[469,-130],[560,-177],[167,-412],[-242,-615],[-16,-32],[-348,-792],[-151,-396],[-514,-274],[15,-251],[333,-452],[227,-299],[121,-235],[560,-250],[892,169],[833,105],[348,-105],[423,-226],[757,-299],[635,-129],[424,-57],[484,-185],[742,-283],[544,-202],[469,-138],[424,-80],[696,-81],[666,-73],[348,-40],[681,-65],[424,-57],[681,-72],[544,-81],[484,-73],[575,-81],[802,-153],[591,-162],[544,-64],[757,-73],[408,-97],[651,-162],[590,-396],[152,-242],[393,-372],[393,-275],[530,-428],[393,-266],[712,-154],[620,32],[832,73],[379,-16],[348,-348],[15,-420],[15,-404],[439,-161],[484,-299],[302,-243],[197,-339],[-181,-243],[-303,-202],[-378,-250],[-242,-331],[181,-356],[863,-218],[590,0],[545,-89],[726,-299],[484,-162],[484,-210],[439,-48],[484,-243],[394,-363],[136,-226],[620,-283],[1438,-146],[302,-274],[227,-267],[318,-348],[197,-307],[938,-137],[817,-412],[621,-121],[423,-81],[757,-162],[499,-64],[515,-65],[499,-81],[605,-105],[242,-307],[-151,-307],[560,-291],[983,-8],[439,-16],[182,-501],[-273,-372],[545,-371],[802,-25],[621,25],[423,-534],[303,-420],[15,-501],[-515,-315],[-484,-259],[-106,-412],[-181,-727],[1241,323],[892,178],[1090,331],[741,210],[363,89],[1635,202],[1619,105],[665,113],[-1558,1576],[605,234],[545,170],[318,113],[1195,420],[590,235],[878,-606],[2527,687],[8307,-1649],[363,-73],[6007,-1139],[2210,-420],[136,-8],[3147,-16],[106,8],[863,137],[983,146],[969,105],[650,72],[303,122],[-273,387],[4827,817],[3541,606],[8534,1438],[13498,2295],[696,250],[999,453],[8640,3983],[1104,518],[15374,4727],[1120,347],[363,113],[2421,8],[136,0],[999,0],[1710,8],[378,8],[2602,-404],[14300,-2206],[439,33],[938,-8],[45,8],[409,178],[3646,1624],[7944,3507],[560,234],[1044,517],[394,178],[545,275],[257,242],[-787,590],[-15,16],[-1513,1156],[-333,250],[-242,315],[-121,291],[-258,275],[-181,315],[-167,307],[91,348],[197,266],[1089,364],[152,40],[908,194],[242,49],[1256,113],[151,412],[-348,428],[197,315],[227,719],[181,291],[378,324],[121,315],[454,363],[394,453],[30,170],[-76,420],[0,145],[3995,4525],[1407,2247],[106,274],[469,598],[454,437],[469,436],[621,226],[590,437],[378,509],[212,347],[136,323],[61,526],[-605,1292],[136,889],[196,582],[0,420],[-30,194],[197,315],[333,291],[302,226],[454,437],[500,218],[529,162],[424,242],[636,428],[393,210],[-1165,671]],[[561744,201430],[0,364],[-76,266],[469,307],[575,33],[802,40],[500,-210],[408,-444],[757,-251],[484,0],[711,97],[636,40],[559,-299],[348,-460],[243,-412],[408,-243],[802,-282],[666,-114],[590,-258],[409,-154],[680,-145],[591,-89],[317,-105],[530,-170],[499,89],[409,81],[590,105],[454,-105],[545,-162],[877,-64],[575,97],[681,129],[394,-331],[544,16],[409,105],[878,113],[620,-49],[817,-210],[605,146],[787,-178],[348,-347],[711,-210],[818,-9],[635,-24],[469,-121],[923,8],[666,323],[-106,364],[439,8],[650,-145],[379,88],[242,380],[439,89],[741,-40],[303,177],[635,154],[515,-145],[439,-122],[484,-121],[469,-73],[696,-105],[424,-56],[514,-129],[439,218],[635,234],[787,-8],[560,24],[772,-48],[666,-41],[469,57],[590,65],[726,88],[348,73],[711,251],[560,-202],[182,-243],[393,-242],[772,0],[514,-170],[227,-226],[379,-372],[544,-226],[333,-81],[590,-210],[560,-323],[681,64],[666,-299],[197,-169],[423,-275],[696,178],[666,-154],[30,-412],[515,-56],[772,40],[90,-323],[-227,-348],[454,-339],[197,-315],[590,-356],[621,267],[635,-16],[863,-25],[711,-218],[514,-48],[424,170],[530,-65],[575,-16],[544,-8],[651,72],[378,-202],[182,-323],[575,-258],[469,-267],[666,65],[378,-154],[393,-299],[258,-396],[817,65],[817,129],[696,-178],[635,-355],[-30,-501],[-454,-218],[-363,-186],[-303,-194],[-272,-267],[363,-291],[424,-145],[212,-332],[-30,-250],[-318,-251],[-439,-121],[-545,-113],[500,-404],[529,113],[621,307],[726,-32],[197,-356],[151,-379],[-182,-315],[242,-299],[303,-186],[409,-348],[45,-299],[636,-307],[499,-113],[590,105],[454,162],[620,-138],[167,-299],[227,-379],[-197,-316],[-741,-32],[-167,-242],[-166,-259],[-242,-372],[257,-387],[877,-25],[712,0],[317,291],[818,113],[423,-64],[515,-429],[-530,-121],[-242,-234],[-378,-380],[-227,-363],[333,-259],[499,-178],[469,-299],[242,-323],[121,-210],[91,-380],[-272,-372],[302,-299],[666,-16],[772,291],[529,291],[469,146],[666,-65],[515,-49],[862,-48],[454,-81],[772,-145],[393,177],[500,251],[-91,267],[408,282],[121,219],[121,395],[-166,348],[-76,501],[364,226],[862,33],[514,315],[-30,299],[-484,291],[257,315],[197,388],[242,379],[30,485],[-363,331],[61,510],[378,282],[182,267],[-46,259],[-333,363],[-287,283],[-757,202],[-439,-32],[-544,129],[-651,202],[-605,121],[-394,331],[409,372],[484,113],[757,73],[544,16],[787,251],[-242,339],[-227,299],[121,444],[621,-24],[544,16],[46,396],[75,477],[364,275],[-91,258],[-469,299],[-530,146],[-605,218],[-106,275],[378,291],[454,48],[-227,477],[-181,404],[635,73],[469,97],[257,396],[-75,299],[-46,460]],[[938414,487067],[-212,-429],[-273,-371],[-378,-283],[-408,-186],[-485,-153],[-499,-186],[-469,-356],[-575,-218],[-499,-226],[-409,-194],[-76,-380],[409,-154],[348,-315],[393,-177],[227,-211],[15,-299],[-90,-250],[-424,-234],[-817,-259],[-288,-323],[-363,-348],[136,-250],[16,-356],[0,-185],[211,-364],[-75,-307],[-136,-380],[-197,-372],[-273,-218],[61,-323],[348,-428],[-227,-348],[-257,-250],[560,-323],[560,-380],[90,-307],[469,-412],[258,-283],[272,-461],[757,-283],[181,-428],[30,-436],[-45,-388],[197,-307],[0,-372],[-288,-275],[303,-315],[454,-258],[-227,-340],[-197,-347],[-227,-315],[530,-251],[136,-315],[-303,-291],[-121,-323],[318,-242],[-182,-453],[106,-250],[288,-445],[-257,-267],[-258,-185],[-514,-235],[-30,-258],[90,-267],[46,-267],[-197,-420],[651,-347],[272,-251],[757,130],[620,-340],[-60,-493],[-424,-396],[-151,-388],[90,-258],[-106,-372],[-499,-428],[-106,-461],[257,-250],[-60,-364],[666,-226],[75,-339],[-166,-275],[-227,-210],[333,-315],[514,-332],[-272,-476],[-76,-267],[15,-348],[424,-290],[363,-267],[76,-299],[136,-226],[-91,-429],[-378,-242],[-318,-364],[-151,-291],[-136,-371],[60,-259],[273,-323],[348,-145],[560,-81],[499,-33],[741,-145],[303,-226],[15,-364],[-15,-299],[469,-299],[454,-283],[45,-468],[606,-332],[257,-485],[-227,-307],[-61,-218],[-181,-404],[-61,-428],[-60,-339],[-46,-227],[152,-307],[151,-283],[590,-290],[-15,-404],[530,-283],[242,-275],[196,-436],[560,-227],[469,65],[500,24],[756,-8],[363,-137],[333,-323],[348,-445],[500,-242],[756,-259],[288,-307],[151,-275],[91,-290],[-333,-356],[-333,-162],[-272,-242],[-182,-380],[76,-266],[242,-235],[272,-355],[136,-275],[424,-388],[378,-170],[545,-274],[394,-445],[-137,-355],[-15,-186],[197,-348],[212,-282],[151,-243],[757,-299],[378,-250],[439,-251],[257,-153],[651,-316],[560,-234],[544,-315],[379,-299],[121,-259],[121,-323],[60,-420],[30,-275],[61,-258],[15,-332],[-181,-460],[2784,178],[1861,121],[454,-154],[756,-258],[61,-388],[182,-404],[45,-323],[-76,-243],[-90,-509],[-16,-291],[91,-250],[-197,-388],[-121,-323],[485,-437],[620,-541],[1483,-1293],[408,-420],[258,-243],[439,-355],[393,-315],[378,-340],[-60,-436],[75,-452],[273,-227],[378,-371],[424,-372],[832,-420],[620,-275],[621,-323],[272,-105],[696,-251],[726,-242],[530,-162],[636,-89],[393,-137],[605,-267],[469,-186],[379,-202],[635,-137],[621,-154],[181,-307],[575,-387],[711,-138],[379,-202],[-152,-64],[-4252,-1625],[-469,-177],[-2164,-800],[-2436,-655],[-1316,-89],[-273,-380],[-30,-234],[136,-493],[-484,-525],[-484,-218],[-923,-243],[-953,-80],[-606,-49],[-756,121],[-817,0],[-469,-420],[-545,-1252],[-212,-138],[-1105,-40],[-802,-41],[-5250,-2496],[-4237,-1948],[-1876,-864],[-363,-146],[-651,-73],[-499,-8],[-848,-56],[-560,-89],[-317,-170],[-651,-97],[-530,-218],[-605,-323],[-378,-129],[-500,-162],[-529,-194],[-636,-194],[-439,-113],[-257,-323],[197,-291],[-272,-372],[-364,-428],[-393,-234],[-530,-308],[-908,0],[-650,9],[-530,-122],[-560,-80],[-484,8],[-635,48],[-500,-137],[31,-356],[-182,-226],[-515,-178],[-559,-258],[-379,-170],[-696,-194],[-378,-210],[-363,-396],[106,-218],[-61,-501],[46,-364],[438,-283],[106,-347],[0,-275],[91,-396],[-106,-477],[106,-298],[318,-211],[272,-331],[-45,-275],[-15,-436],[181,-388],[31,-299],[-121,-388],[90,-282],[182,-283],[257,-227],[106,-428],[76,-275],[-212,-290],[-15,-340],[-212,-258],[-515,-324],[-590,-177],[-75,-267],[-16,-348],[-529,-315],[136,-339],[242,-194],[333,-347],[91,-364],[76,-364],[-273,-242],[-726,-178],[-530,-16],[-771,-251],[-288,-177],[-484,-202],[-515,-113],[-499,-57],[-560,-315],[-242,-630],[-45,-356],[90,-267],[-90,-323],[-76,-226],[-288,-251],[-453,-161],[-106,-380],[272,-259],[514,-379],[439,-162],[-166,-396],[-727,-242],[-363,-291],[46,-243],[212,-331],[-333,-372],[-439,-323],[-121,-339],[-515,-428],[-484,-324],[-529,-72],[-500,-17],[-333,-436],[-45,-347],[-409,-348],[-363,-178],[-363,-315],[363,-299],[46,-266],[-273,-356],[-333,-194],[-196,-388],[257,-307],[-242,-444],[-136,-235],[741,-298],[61,-413],[-137,-501],[-75,-274],[-31,-275],[-317,-323],[-91,-340],[-378,-347],[-575,65],[-802,-202],[-318,-396],[-530,-146],[-333,-145],[-272,-307],[-575,-202],[-711,-275],[-454,-348],[-590,-226],[-288,-218],[-666,-97],[-832,65],[-469,-219],[-76,-226],[16,-485],[0,-347],[-31,-226],[-60,-404],[-409,-437],[-787,-186],[-378,-266],[-393,-194],[-152,-251],[31,-363],[-15,-315],[-212,-485],[-46,-243],[31,-460],[-712,-307],[-60,-412],[-30,-267],[-121,-453],[-76,-266],[-227,-501],[-499,-202],[-16,-380],[31,-356],[-31,-234],[-90,-388],[-31,-307],[-30,-331],[106,-356],[106,-291],[-45,-290],[75,-332],[-75,-485],[151,-299],[242,-242],[333,-331],[15,-404],[106,-429],[106,-347],[-212,-299],[-151,-461],[-152,-226],[-60,-291],[-167,-242],[-211,-259],[-137,-274],[46,-372],[-61,-412],[-30,-251],[-197,-371],[-151,-227],[-91,-331],[-212,-501],[-60,-259],[166,-436],[273,-250],[211,-210],[-90,-308],[30,-444],[-106,-307],[-439,-291],[-408,-186],[-833,-24],[-302,-275],[-288,-210],[-544,-323],[-91,-202],[-152,-299],[-121,-420],[454,-194],[137,-243],[-288,-460],[-378,-323],[0,-340],[-31,-420],[0,-315],[333,-372],[-605,-315],[-212,-283],[-408,-226],[-485,-388],[-665,-8],[-530,40],[-378,-274],[-439,-154],[-681,-307],[-151,-266],[-333,-235],[242,-404],[121,-380],[136,-250],[-287,-291],[-545,-339],[-272,-283],[121,-396],[302,-283],[-136,-364],[-227,-202],[61,-444],[514,-412],[333,-259],[469,-388],[651,-48],[817,-129],[0,-364],[499,-210],[817,-154],[485,-64],[635,64],[454,-113],[212,-274],[136,-348],[0,-428],[-30,-323],[-197,-493],[166,-404],[288,-186],[-166,-412],[-182,-218],[-484,-299],[-454,-421],[-409,-242],[-318,-113],[-786,-81],[-469,-73],[-137,-452],[16,-356],[-91,-331],[-46,-283],[-212,-428],[-484,-243],[-590,-218],[-378,-452],[439,-275],[771,-226],[182,-267],[666,-97],[666,-81],[726,33],[287,-162],[-136,-347],[-136,-316],[-166,-258],[-288,-356],[-60,-210],[-106,-460],[-152,-283],[-91,-251],[106,-355],[439,-420],[530,-122],[212,-307],[15,-250],[-30,-412],[-61,-307],[-212,-218],[-408,-372],[15,-323],[-136,-404],[-106,-291],[-333,-380],[-530,-412],[-378,-340],[-273,-339],[-272,-380],[-287,-396],[-152,-258],[-136,-283],[-136,-420],[-136,-251],[-621,-218],[-786,210],[-500,162],[-499,226],[-605,-105],[-802,-8],[-636,-315],[-666,-178],[-378,-170],[-378,-210],[-46,-380],[167,-420],[590,-380],[272,-387],[-106,-202],[636,-283],[408,-259],[696,-275],[137,-428],[-273,-444],[651,-146],[-197,-452],[-469,-428],[454,-235],[378,-145],[545,-97],[378,-113],[439,-243],[817,-161],[454,80],[636,106],[333,-178],[-61,-388],[-197,-202],[-287,-331],[272,-235],[742,-8],[681,32],[499,-137],[-60,-355],[-273,-469],[-242,-234],[-2648,-2594],[-1816,-1293],[-439,-323],[-1210,-857],[-1498,-1115],[-1165,-1503],[-61,-57],[-15,-8],[-2073,-2020],[-212,-153],[-5387,-3483],[-1044,-1260],[-1483,-2158],[-1195,-2012],[-696,-2157],[-651,-138],[-3707,-792],[-3359,-719],[-2164,-469],[-2224,-476],[-1150,-235],[-1181,-234],[-1770,-372],[-1770,-379],[-2073,-445],[-2679,-574],[-3102,-630],[-242,-24],[-363,-679],[-363,-638],[-197,-429],[-166,-242],[-318,-315],[-242,-242],[-424,-510],[-605,-735],[-787,-218],[-666,81],[-817,-24],[-439,-178],[-650,-73],[-545,-24],[-862,0],[-878,-41],[-878,-113],[-741,-64],[-530,8],[-544,-146],[-485,-331],[-287,-202],[166,-445],[182,-355],[197,-283],[-61,-291],[560,-178],[333,-363],[363,-146],[666,-347],[696,-105],[408,-146],[651,41],[772,-41],[544,-105],[818,-40],[938,24],[575,-64],[802,40],[514,-129],[817,-1479],[666,-1244],[1347,-2570],[544,-1511],[106,-299],[243,-614],[181,-243],[802,-961],[545,-598],[1059,-202],[3995,-744],[4237,-791],[105,-655],[606,-89],[1089,-307],[5024,-1180],[-530,-2157],[515,-154],[454,-97],[575,-404],[106,-509],[469,-299],[877,-16],[681,-226],[288,-453],[635,-72],[545,-307],[-212,-574],[212,-404],[-212,-493],[136,-275],[-544,-2796],[-1650,-2076],[-1392,-1091],[-560,-453],[-196,-145],[-333,-428],[-1392,-1730],[-16,-16],[-590,-703],[-514,-606],[-212,-371],[-121,-170],[-272,-517],[-258,-275],[-514,-105],[-454,-40],[-288,-501],[-998,96],[-802,-88],[-575,16],[-832,-768],[-182,-234],[0,-437],[-197,-436],[-348,-186],[-2814,-1527],[-727,267],[-605,-97],[-711,-130],[-272,-185],[-182,-404],[-620,-114],[-742,138],[-499,73],[-802,56],[-787,16],[-756,89],[-333,65],[-560,129],[-439,105],[-681,-40],[-303,-210],[-438,-283],[-560,-396],[-439,-420],[-363,-202],[-621,-332],[-363,-185],[-620,-65],[-560,275],[-409,307],[-423,282],[-318,413],[60,396],[-529,16],[-651,-41],[-696,57],[-666,-57],[-862,186],[-621,-242],[-544,-332],[-560,-274],[-212,-259],[-242,-226],[-439,-364],[-303,-331],[-544,-170],[-469,-218],[-833,57],[-665,194],[-787,-33],[-484,-97],[-621,-161],[-696,113],[-802,161],[-620,356],[-711,89],[-636,8],[-499,-178],[-727,146],[-575,185],[-620,-64],[-726,-49],[-545,-323],[-666,-40],[-560,-122],[-756,-161],[-379,275],[-832,129],[-741,40],[-363,218],[-666,-137],[-772,-81],[-802,243],[-393,234],[-333,154],[-575,121],[-454,129],[-711,275],[-333,121],[-802,218],[-363,340],[-303,387],[-227,275],[-530,226],[-923,138],[-544,161],[-802,49],[-817,145],[-757,-89],[-575,259],[-772,-8],[-802,-65],[-635,235],[-802,56],[-772,24],[-726,-56],[-560,-162],[-424,16],[-681,122],[-378,113],[-454,266],[-575,219],[-242,218],[-514,145],[-273,170],[-469,194],[-408,194],[30,307],[-439,307],[-530,105],[-559,-8],[-818,64],[-393,114],[-469,185],[-394,130],[-544,113],[-575,113],[-817,16],[-575,49],[-515,169],[-726,275],[-409,65],[-544,121],[-500,145],[-635,210],[-1029,194],[-363,73],[-757,97],[-333,57],[-756,153],[-409,105],[-469,243],[-378,202],[-666,64],[-484,49],[-621,105],[-575,64],[-726,122],[-469,121],[-484,137],[-666,146],[-742,129],[-696,81],[-560,40],[-544,170],[-394,113],[-665,32],[-379,81],[-560,226],[-454,154],[-817,65],[-469,113],[-832,24],[-651,0],[-438,153],[-394,227],[-439,218],[-650,32],[-454,33],[-484,72],[-515,81],[-590,202],[-681,259],[-514,153],[-591,49],[-817,97],[-529,72],[-833,146],[-363,169],[-514,170],[-560,-97],[-454,-242],[-182,-194],[-287,-275],[-439,-283],[-499,-347],[-257,-251],[-364,-315],[-181,-242],[-348,-348],[-469,-436],[-787,-121],[-711,-73],[-439,-32],[-636,-97],[-484,-49],[-666,-48],[-438,-307],[-333,-210],[-364,-267],[-423,-339],[-288,-243],[-212,-291],[-166,-226],[-303,-291],[-257,-283],[-181,-339],[-91,-226],[-242,-429]],[[758757,251375],[-15,17],[-5645,3991],[-2663,1875],[-908,646],[-635,445],[-106,73],[-1710,1171],[-363,307],[-378,315],[-288,243],[-2527,2440],[-772,800],[-2935,2861],[-560,3224],[-197,452],[-90,259],[-46,250],[-91,429],[212,1010],[893,436],[545,48],[363,364],[-61,436],[-15,275],[-227,453],[-529,137],[-439,0],[-605,154],[-863,129],[-560,89],[-408,194],[-439,371],[-303,372],[-166,186],[-303,259],[-318,234],[-590,2044],[-227,372],[-439,444],[-575,461],[-242,32],[-711,259],[-499,186],[-273,420],[-45,307],[-45,234],[-76,356],[-166,315],[-106,339],[-1680,1511],[-832,768],[-4298,3911],[-287,267],[-454,404],[-802,735],[-1589,1446],[-1816,889],[-11136,5471],[-8852,4347],[-1120,622],[-923,267],[-3359,1802],[-7627,4056],[-6067,1576],[-5811,1511],[318,242],[408,437],[318,291],[363,355],[242,210],[258,332],[75,258],[61,380],[106,291],[257,485],[-257,468],[-575,372],[-802,250],[-500,49],[-605,145],[-666,97],[-514,49],[-847,24],[-954,0],[-650,-24],[-515,-49],[-681,41],[-575,-41],[-832,0],[-802,89],[-681,178],[-212,226],[-741,275],[-772,-24],[-378,-170],[-651,-218],[-711,-154],[-560,-105],[-378,315],[-560,89],[-575,33],[-666,32],[-908,-65],[-544,-56],[-818,-129],[-892,161],[-666,97],[-878,81],[-560,-137],[-529,-49],[-681,65],[-908,24],[-636,-24],[-348,8],[-696,72],[-423,130],[-696,331],[-666,-113],[-288,-444],[-242,-308],[-756,-145],[-530,-48],[-530,-308],[-121,-476],[-166,-291],[-197,-210],[-484,-218],[-439,-49],[-666,-89],[-484,-121],[-817,24],[-620,24],[-651,41],[-363,267],[-575,258],[-303,485],[-151,259],[-605,363],[-288,283],[-620,364],[-893,32],[-620,-49],[-545,-8],[-636,-48],[-923,0],[-681,-32],[-272,-162],[-847,-8],[-848,-8],[-514,-154],[-530,-72],[-620,169],[-318,251],[-499,388],[-832,218],[-697,129],[-590,81],[-454,-65],[-559,-105],[-833,-16],[-847,-154],[-575,-129],[-484,-178],[-681,-210],[-530,-169],[-363,-219],[-772,-242],[-544,-40],[-908,-97],[-530,-324],[-726,-161],[-621,-121],[-60,-445],[-46,-388],[-302,-145],[-363,-267],[-681,-194],[-394,-129],[-302,-356],[-91,-339],[-484,-234],[-121,-218],[-258,-259],[-590,-339],[-257,-235],[-605,-48],[-454,-41],[-666,-105],[-469,65],[-605,57],[-606,-17],[485,-606],[151,-210],[0,-371],[-288,-178],[-529,-356],[-696,-194],[-484,-56],[-500,-81],[-817,-105],[-832,-234],[-469,-41],[-545,-170],[-30,-250],[-454,-347],[-636,-89],[-408,-17],[-560,-193],[-318,-251],[-136,-323],[-61,-323],[-453,-453],[-424,-267],[-726,-202],[-575,-88],[-409,-170],[-651,145],[-302,348],[-515,113],[-787,-73],[-484,89],[-772,-65],[-559,97],[-500,105],[-529,-64],[-636,-202],[-560,-146],[-514,-105],[-908,33],[-636,129],[-983,113],[-575,48],[-742,-64],[-756,170],[-257,258],[-333,243],[-303,266],[-439,202],[-787,138],[-257,290],[-408,316],[-772,72],[-469,33],[-560,80],[-863,97],[-575,17],[-499,-17],[-741,227],[-137,355],[-635,97],[-757,-32],[-363,469],[0,363],[91,364],[45,291],[-60,274],[-197,461],[212,436],[454,259],[166,234],[348,251],[394,274],[-212,388],[212,372],[393,73],[621,452],[75,453],[46,468],[-152,219],[-529,234],[-15,267],[106,387],[378,429],[91,145],[393,719],[1271,162],[61,194],[75,388],[394,452],[151,307],[696,1253],[91,428],[0,89],[45,751],[46,865],[30,315],[-106,445],[-5009,226],[-877,56],[-7203,978],[-378,-1212],[-1513,-3240],[-1498,-2400],[-681,-2004],[-2330,-2513],[-364,81],[-696,186],[-847,242],[-1014,323],[-560,154],[-544,145],[-999,283],[-515,170],[-650,234],[-636,194],[-726,210],[-590,186],[-590,202],[-651,129],[-530,138],[-332,121],[-787,153],[-757,89],[-651,57],[-862,40],[-696,16],[-953,65],[-1135,0],[-575,-8],[-1453,16],[-681,-8],[-1664,-24],[-878,-8],[-620,339],[-515,186],[-893,170],[-575,-130],[-771,-250],[-878,64],[-741,65],[-893,-56],[-681,-122],[-832,97],[-605,73],[-802,73],[-1166,186],[-923,137],[-862,145],[-605,73],[-1090,218],[-651,-186],[-529,-226],[-530,-412],[-802,-412],[-1135,-307],[-151,-40],[-802,-162],[-1029,-129],[-620,-202],[-772,-356],[-817,-267],[-575,-129],[-1165,-234],[-1332,-57],[-1150,194],[-348,65],[-1679,396],[-530,234],[-424,291],[-635,347],[-742,130],[-1013,153],[-863,429],[45,315],[-166,266],[-711,170],[-651,210],[-756,89],[-469,137],[-560,49],[-651,0],[-454,73],[-287,379],[-137,283],[-363,202],[-605,-56],[-409,-8]],[[758757,251375],[-258,-476],[-151,-404],[-60,-372],[-167,-283],[0,-396],[-45,-412],[-424,-186],[-257,-258],[-106,-380],[-288,-445],[-166,-242],[-378,-646],[-772,-81],[-363,-202],[15,-388],[-272,-477],[-333,33],[-908,80],[-727,25],[-575,24],[-484,0],[-620,24],[-515,-32],[-998,-695],[-363,-275],[-288,-226],[-8504,-5018],[-741,-428],[-3783,-2174],[-3647,-849],[-4948,-589],[-2497,832],[-1452,477],[-469,226],[-454,250],[-76,235],[106,283],[91,218],[181,468],[-363,316],[-242,169],[-620,396],[-409,210],[-257,227],[-439,371],[-303,420],[-287,316],[-318,307],[-257,177],[-303,324],[-439,177],[-544,219],[-303,234],[-333,210],[-257,412],[-288,323],[-317,477],[-348,453],[-712,16],[-423,-8],[-742,-17],[-590,-16],[-711,-32],[-499,-40],[-666,-114],[-545,-64],[-575,-97],[-877,-65],[-409,0],[-681,0],[-439,0],[-771,0],[-636,-24],[-1528,0],[-424,-8],[-711,-57],[-545,-64],[-832,-33],[-696,-16],[-590,-32],[-560,-24],[-878,-97],[-741,-97],[-772,-162],[-590,-97],[-802,-81],[-409,-40],[-559,-41],[-651,0],[-726,-56],[-833,-97],[-620,-81],[-863,-121],[333,-372],[273,-412],[544,-202],[500,-73],[741,-72],[908,0],[590,40],[696,-16],[712,-259],[378,-307],[802,-218],[711,-89],[560,-81],[726,-48],[621,-89],[544,-267],[379,-153],[438,-146],[288,-420],[-46,-347],[-121,-251],[-45,-266],[-151,-542],[-76,-291],[-166,-452],[514,-3442],[242,-388],[136,-356],[46,-436],[-394,-364],[-469,57],[-711,56],[-681,25],[-726,-49],[-363,-73],[-666,-129],[-847,-194],[-530,-81],[-651,8],[-923,-40],[-484,-32],[-620,-8],[-742,-105],[-499,-89],[-515,-25],[-802,25],[-559,-17],[-575,-266],[30,-404],[-91,-380],[-923,0],[-545,162],[-590,153],[-575,121],[-605,146],[-484,113],[-606,137],[-590,122],[-423,80],[-621,113],[-862,130],[-545,234],[-499,0],[-454,-81],[-575,-169],[-485,-89],[-559,-65],[-409,-40],[-802,0],[-620,-33],[-833,-97],[-332,-242],[15,-275],[-106,-1406],[-15,-355],[348,-315],[348,-146],[454,-178],[378,-177],[439,-316],[257,-266],[227,-218],[318,-243],[454,-299],[333,-299],[317,-307],[212,-202],[499,-275],[409,-129],[832,-186],[575,-72],[621,-89],[560,-89],[529,-81],[817,-226],[711,-130],[364,-56],[-11485,-4784],[-1937,-816],[-2179,-905],[-4222,-1753],[-1816,-8655],[-15,-48],[-4690,-3838],[-4706,-2554],[-1801,-1171],[-5220,-1237],[-833,-64],[-499,-16],[-499,0],[-848,40],[-832,65],[-711,64],[-484,8],[-621,-40],[-575,-105],[-590,-178],[-575,-40],[-408,-49],[-681,-129],[-288,16],[-560,-469],[-90,-24],[-651,-687],[-61,-202],[182,-323],[166,-299]],[[561744,201430],[-454,32],[-757,97],[-938,33],[-635,282],[-273,202],[-408,186],[-727,146],[-771,-16],[-545,-170],[-832,-81],[-560,41],[-560,-49],[-454,259],[-15,299],[-409,250],[-741,194],[-469,154],[-696,258],[-742,-56],[-590,16],[-454,105],[-696,-49],[-424,-89],[-332,-274],[-727,-16],[-348,-73],[-711,-113],[-363,266],[-424,340],[-893,56],[-832,-145],[-499,97],[-484,56],[-621,49],[-711,-138],[-530,-97],[-438,-72],[-681,-33],[-484,25],[-470,137],[-529,291],[-363,202],[-681,339],[-681,154],[-651,48],[-121,283],[-91,445],[16,266],[-16,453],[-287,194],[-242,242],[-424,412],[167,291],[-106,364],[-560,40],[-500,0],[-635,226],[-227,267],[-545,307],[-499,372],[-212,291],[-106,355],[-514,138],[-757,-25],[-393,113],[-591,146],[-590,283],[-121,299],[76,371],[-832,105],[-469,122],[-696,202],[-696,64],[-530,299],[-454,194],[-288,259],[-302,331],[-136,404],[-46,331],[-393,469],[-530,364],[46,388],[-742,210],[-696,-16],[-363,250],[-363,461],[-439,-8],[-953,40],[-711,-24],[-560,48],[-727,259],[-317,266],[-802,170],[-500,81],[-590,81],[-756,299],[-167,299],[-197,468],[121,275],[-514,283],[-348,267],[-136,290],[-348,283],[-303,146],[-575,379],[30,340],[-121,428],[-681,-8],[-756,-97],[-333,251],[-30,428],[-742,137],[-923,113],[227,372],[333,307],[91,323],[302,412],[-75,291],[91,251],[-469,331],[-470,202],[-166,461],[-575,186],[-696,137],[-545,153],[-741,211],[-318,242],[-151,347],[-318,227],[-393,412],[-1029,137],[-545,-202],[-651,8],[-348,81],[-590,178],[-242,145],[-484,218],[-817,251],[-621,56],[-666,-88],[-1044,412],[-242,97],[-11394,2545],[-9608,2036],[-4842,1083],[4115,7248],[137,251],[-3133,5680],[-1785,-226],[-3859,-461],[-3193,-339],[-4342,-469],[-1226,-145],[-999,-154],[-605,-105],[-605,-169],[-575,-154],[-1317,-396],[-575,-169],[-2935,-841],[-1619,-485],[-1165,-282],[-2542,-720],[-3723,-1050],[-2633,-727],[-3419,-954],[-1983,-557],[-2194,-623],[-4464,1608],[-3086,2635]],[[317233,150862],[-757,0],[-408,-185],[-772,-105],[-302,80],[-545,283],[-363,283],[-152,283],[-121,428],[-348,202],[-333,210],[-317,396],[15,291],[-938,-16],[-197,-331],[-91,-413],[257,-452],[-317,-275],[257,-404],[-318,-355],[-923,-8],[-772,56],[-514,65],[-742,129],[-514,97],[-757,32],[-696,41],[-711,242],[-393,428],[-227,380],[-167,299],[-106,259],[-75,258],[106,372],[817,202],[696,40],[-15,372],[-31,259],[-45,347],[-151,210],[-666,227],[-545,24],[-469,0],[-545,-24],[-635,-33],[-545,-137],[-741,-234],[-636,129],[-787,-41],[-893,41],[-242,242],[-635,-48],[-303,476],[61,243],[-575,258],[-848,73],[-454,-396],[-832,-137],[-514,153],[-439,97],[-560,25],[-409,-17],[-680,-113],[-121,-234],[-439,-299],[-590,89],[-787,202],[-757,-65],[-499,-169],[-484,-57],[-833,154],[-257,234],[-378,258],[257,429],[605,97],[212,226],[-227,364],[-302,274],[-575,57],[-666,-81],[-742,-170],[-620,-129],[-741,-194],[-379,-121],[-378,-242],[-560,-202],[-605,-41],[-439,16],[-575,-81],[-272,-177],[-621,-16],[-620,210],[-726,210],[-651,153],[-590,97],[-409,33],[-862,105],[-424,169],[-530,227],[-317,210],[166,363],[318,340],[121,274],[151,437],[257,234],[424,242],[666,283],[378,275],[-227,275],[-726,194],[-590,-8],[-666,-340],[-227,-242],[-227,-291],[-757,-49],[-832,-8],[-393,154],[-257,267],[-16,250],[-15,436],[-499,421],[-681,40],[-862,-210],[-681,105],[-348,81],[-681,16],[-469,-16],[-485,258],[-106,380],[167,307],[530,170],[348,97],[514,153],[-61,501],[-75,315],[151,477],[-560,372],[-423,250],[-469,235],[-303,169],[-620,-8],[-833,-137],[-741,259],[-378,169],[-318,259],[-363,283],[-394,226],[-666,250],[-484,65],[-454,364],[61,185],[-318,356],[-439,32],[-711,138],[-514,210],[-575,323],[-212,323],[60,501],[0,299],[-45,420],[136,340],[106,436],[-424,291],[-196,267],[-727,24],[-242,-146],[-333,-412],[46,-331],[-424,-323],[-787,-243],[-681,-32],[-787,218],[242,437],[606,323],[-15,404],[-379,202],[-393,258],[272,356],[605,226],[46,210],[-303,299],[-393,218],[-742,243],[-423,153],[-318,380],[-91,332],[106,250],[272,250],[273,267],[318,307],[393,445],[121,299],[121,460],[-136,291],[-288,380],[-106,258],[-726,130],[-424,-162],[-711,-32],[-333,56],[-696,170],[-136,283],[15,380],[-333,169],[-287,315],[-61,501],[394,243],[454,16],[650,-178],[712,-113],[469,0],[423,372],[76,291],[45,323],[61,226],[-45,372],[-348,97],[-636,97],[-530,105],[-514,129],[-938,105],[-636,89],[-711,162],[-575,-65],[-393,-145],[-379,-202],[-408,-122],[-575,-80],[-484,16],[-500,307],[-151,501],[-409,355],[-499,235],[-530,202],[-726,-25],[-318,-218],[-696,-16],[-439,251],[288,468],[393,307],[227,429],[46,347],[45,291],[136,356],[137,258],[-409,299],[-651,49],[-862,24],[-590,89],[-379,396],[-30,347],[-136,218],[-787,113],[-545,-89],[-696,-105],[-438,146],[-303,258],[-288,251],[-469,436],[439,372],[61,356],[-454,234],[-409,89],[-560,32],[-681,8],[-726,81],[-726,202],[-454,121],[-530,178],[-348,250],[-287,243],[-379,250],[-378,154],[-590,162],[-711,274],[-424,283],[-530,65],[-469,-81],[-378,-307],[30,-234],[106,-332],[-317,-315],[-848,8],[-287,477],[-454,436],[-530,105],[-651,-105],[-302,-194],[-515,-323],[-514,0],[-545,307],[-121,218],[272,356],[439,307],[379,267],[378,210],[560,194],[242,234],[30,436],[711,170],[802,57],[832,210],[409,355],[0,307],[-545,388],[-454,275],[-166,404],[257,380],[-212,226],[-544,250],[-333,340],[287,234],[378,380],[-363,404],[-348,113],[-514,113],[-666,73],[-424,16],[-711,-40],[-439,-81],[-438,-243],[-16,-307],[91,-315],[-333,-186],[-741,25],[-590,32],[-742,24],[-666,65],[-620,0],[-575,0],[-802,-121],[-514,89],[-182,323],[-106,194],[-257,428],[-454,339],[-348,243],[121,509],[545,258],[499,356],[167,436],[-772,8],[-318,-64],[-711,8],[-757,-146],[-650,-129],[-742,210],[-393,226],[-394,267],[-302,388],[-545,307],[-439,267],[-408,250],[-258,226],[-484,421],[-499,347],[-575,137],[-167,404],[-454,332],[-544,-8],[-333,274],[60,469],[-227,331],[-151,299],[-726,41],[-273,-267],[-499,-420],[106,-275],[-484,-307],[-651,24],[-862,-105],[-515,259],[45,275],[-60,444],[530,121],[423,323],[-60,348],[-182,485],[-469,24],[-469,89],[-620,24],[-424,-24],[-620,-41],[-470,-145],[-408,-436],[-212,-267],[-424,-283],[-786,121],[-152,219],[-257,371],[-182,226],[-363,348],[711,323],[833,218],[635,25],[-166,492],[-136,251],[-666,121],[-454,-105],[-530,-178],[-575,33],[-741,97],[-727,218],[-469,363],[288,235],[-257,436],[60,348],[681,218],[197,460],[-379,267],[409,396],[-272,267],[-727,72],[-741,186],[-242,420],[529,170],[31,323],[-197,251],[-318,363],[-439,-8],[-544,170],[-530,307],[-318,436],[-106,267],[439,234],[787,-194],[424,-274],[378,-162],[575,73],[272,258],[-60,388],[499,154],[636,56],[741,-8],[409,33],[590,404],[-273,258],[-438,291],[-409,251],[-393,404],[438,258],[727,146],[756,299],[439,323],[621,-202],[499,-307],[651,-194],[620,65],[545,96],[862,25],[621,-33],[211,493],[-211,315],[-515,421],[484,210],[424,347],[681,105],[757,8],[363,315],[408,89],[242,404],[-363,194],[30,445],[757,250],[469,186],[439,170],[560,0],[393,-283],[197,-445],[408,-282],[530,-16],[318,363],[605,356],[303,444],[499,178],[726,40],[666,-169],[409,-267],[91,-299],[121,-267],[469,-420],[938,-8],[121,267],[862,-16],[197,-372],[439,-16],[620,72],[848,105],[317,251],[197,242],[-227,324],[-136,266],[-15,469],[-318,420],[515,372],[590,-372],[45,-501],[91,-267],[772,-153],[423,145],[530,275],[-257,251],[-243,452],[515,315],[635,162],[424,97],[666,105],[787,105],[877,113],[999,170],[636,153],[151,235],[-333,315],[242,339],[530,154],[545,194],[408,137],[499,194],[591,178],[726,323],[318,363],[590,138],[877,-65],[878,73],[575,170],[651,347],[257,307],[393,356],[530,145],[408,32],[697,0],[423,-80],[696,-307],[469,-219],[363,-88],[606,32],[787,275],[348,185],[423,243],[318,178],[454,169],[696,218],[424,194],[454,299],[136,259],[91,339],[30,372],[91,428],[75,364],[227,331],[515,340],[302,274],[-272,421],[484,395],[666,-234],[590,-137],[424,299],[136,412],[-106,291],[-318,194],[-151,339],[545,420],[-318,380],[-15,412],[-151,226],[-242,364],[-76,283],[-439,307],[197,347],[711,89],[530,267],[196,210],[484,234],[106,259],[-272,323],[-272,493],[-651,347],[-469,-97],[-590,114],[-439,113],[-515,266],[439,267],[212,356],[-287,379],[60,259],[61,404],[439,315],[680,-40],[500,161],[287,146],[197,307],[409,412]],[[87778,407846],[-741,194],[-636,266],[-590,162],[-45,461],[-137,299],[-348,420],[-30,266],[-151,388],[-106,299],[333,275],[439,162],[514,412],[-91,258],[-242,259],[-711,218],[-151,218],[-515,340],[-469,56],[-560,194],[-317,178],[-575,169],[-787,178],[-560,170],[75,469],[-620,331],[-363,129],[-257,331],[196,251],[379,275],[257,258],[0,291],[-136,315],[151,235],[-363,331],[-121,420],[-394,356],[167,460],[-15,323],[-15,308],[620,307],[620,234],[394,105],[121,347],[-318,202],[-272,299],[-152,404],[-696,259],[-469,-16],[-499,-146],[-605,-88],[-545,16],[-802,24],[-439,97],[-393,210],[-348,299],[-363,170],[-227,258],[-606,275],[-348,267],[61,234],[91,412],[-651,339],[-545,332],[-393,460],[-333,235],[-726,105],[60,323],[454,283],[333,460],[-757,291],[-514,-194],[-545,-8],[-711,146],[212,347],[726,291],[-75,388],[348,283],[348,226],[257,186],[0,485],[-61,363],[-75,356],[-560,275],[-530,56],[-197,299],[-166,251],[212,428],[15,501],[242,266],[76,477],[-212,396],[-424,461],[651,242],[333,129],[423,194],[923,17],[681,40],[666,291],[182,291],[423,194],[273,274],[484,388],[303,323],[166,340],[197,275],[696,218],[877,0],[470,194],[696,258],[469,138],[408,105],[303,258],[212,437],[242,355],[227,251],[-288,299],[242,388],[258,282],[211,315],[197,348],[197,412],[60,323],[106,291],[621,275],[-212,267],[-469,96],[-515,251],[-90,202],[-394,420],[-348,267],[-303,469],[-484,169],[-212,194],[-166,380],[76,372],[-394,258],[-287,315],[-91,348],[-45,266],[-348,356],[-152,283],[-227,444],[106,291],[288,436],[544,81],[802,89],[621,210],[408,154],[530,299],[272,323],[91,267],[151,396],[106,307],[515,291],[544,242],[727,-97],[696,234],[408,178],[772,49],[454,97],[636,161],[90,251],[0,493],[364,299],[211,161],[348,267],[515,210],[529,113],[439,428],[333,469],[76,347],[30,324],[-45,291],[257,436],[287,412],[-151,444],[-514,65],[-424,170],[-711,347],[-333,178],[-61,469],[560,56],[182,412],[181,218],[121,413],[106,347],[-45,234],[-106,283],[-242,404],[272,251],[545,218],[772,8],[454,372],[393,468],[318,453],[-15,331],[-363,396],[242,283],[60,218],[182,307],[-30,372],[-591,242],[-60,340],[378,291],[136,193],[-196,396],[242,380],[620,218],[227,445],[545,-24],[575,72],[363,243],[227,250],[348,194],[847,226],[651,364],[515,186],[317,436],[121,307],[318,396],[681,65],[651,-33],[408,114],[727,16],[287,258],[242,396],[-136,307],[-197,227],[-378,428],[-76,24],[-923,218],[-2088,380],[-76,40],[-635,316],[-681,331],[-651,388],[-635,412],[-1649,929],[-182,105],[-878,493],[-30,24],[-514,2449],[-530,16],[-560,97],[-938,242],[-1286,534],[-742,791],[-560,825],[-726,905],[-318,598],[-560,727],[-1104,808],[-469,372],[-136,460],[-545,493],[-394,41],[-575,72],[-938,130],[-923,96],[-711,122],[-514,549],[-530,291],[-318,170],[-423,226],[-439,97],[-636,81],[-877,48],[-923,89],[-923,-24],[-454,24],[-575,251],[-454,-65],[-1044,-242],[-333,234],[-318,250],[-212,202],[-30,752],[-136,275],[-273,291],[-393,315],[-212,258],[-560,323],[-227,162],[-227,428],[-257,356],[-242,234],[-318,404],[-560,259],[-560,32],[-423,97],[-590,186],[-333,113],[0,453],[302,363],[424,404],[-469,412],[-394,105],[-786,235],[-530,194],[-287,460],[15,105],[0,412],[15,380],[-15,259],[-121,371],[-16,550],[878,194],[560,81],[560,113],[318,161],[272,267],[318,259],[484,420],[257,258],[938,-129],[3692,-436],[651,-41],[363,-8],[711,-8],[712,226],[90,227],[288,323],[408,170],[591,266],[514,251],[333,169],[469,227],[530,169],[1044,219],[560,97],[469,161],[121,243],[60,347],[31,396],[-106,210],[-91,331],[-106,227],[-394,371],[-211,227],[-606,614],[-181,242],[-469,210],[-606,65],[-514,24],[-817,40],[-439,25],[-802,218],[61,452],[-651,348],[-151,299],[166,517],[333,1139],[-651,-56],[-832,56],[-605,41],[-1226,89],[-847,72],[-1377,89],[-817,170],[-454,129],[-606,178],[-938,234],[-408,210],[-484,453],[-424,404],[-333,307],[-530,347],[-211,227],[-696,8],[-470,0],[-802,40],[-544,32],[-923,-56],[-606,16],[-544,24],[-757,33],[-923,24],[-2330,56],[-666,0],[-227,340],[-287,380],[-273,630],[-15,40],[-182,542],[-121,331],[-817,218],[-529,41],[-666,169],[76,372],[60,331],[-303,437],[-968,48],[-106,0],[-2542,218],[-983,57],[-712,48],[-620,65],[-681,-73],[-787,-72],[-635,-57],[-394,-388],[-45,-396],[-61,-452],[-60,-162],[-1846,881],[-1120,614],[-499,307],[-333,218],[-651,178],[-424,-97],[-711,-105],[-30,-299],[-227,-226],[-439,-202],[-575,-307],[-333,-235],[-923,16],[-650,17],[-681,-81],[-454,0],[-742,24],[-771,49],[-469,32],[-787,89],[-848,525],[-1407,218],[-530,73],[-1558,242],[908,1325],[106,170],[544,929],[-3041,534],[-1392,234],[15,129],[76,437],[15,242],[15,428],[514,25],[212,315],[76,315],[60,226],[152,436],[711,316],[726,88],[908,97],[454,41],[1332,113],[756,186],[152,291],[454,226],[635,178],[484,137],[212,348],[-60,436],[-91,267],[-136,452],[-46,307],[-45,210],[-106,299],[393,372],[394,283],[514,347],[394,162],[0,355],[-348,283],[-485,372],[-378,218],[-484,267],[-605,396],[-379,291],[-227,193],[-287,380],[0,299],[45,323],[76,348],[76,339],[30,251],[106,371],[121,372],[-257,445],[-424,242],[-499,307],[-530,315],[-605,340],[-575,307],[-454,169],[-636,251],[-756,347],[-606,283],[-378,186],[-454,267],[-635,363],[-409,259],[-408,210],[-485,299],[-529,178],[-878,186],[-923,210],[-817,-114],[-454,41],[-1074,89],[-167,16],[-1165,137],[-787,65],[-378,202],[-318,291],[-333,380],[-348,323],[-348,339],[-302,315],[-16,340],[-15,210],[-45,363],[-91,510],[-181,468],[-212,299],[-242,243],[-590,581],[-364,299],[-363,396],[-711,105],[-393,-64],[-61,509],[-45,307],[-46,420],[-60,509],[-15,485],[-91,210],[1120,145],[892,106],[273,48],[1210,186],[333,275],[424,662],[197,186],[453,347],[454,364],[364,234],[257,170],[560,146],[590,56],[998,81],[439,24],[696,41],[1256,606],[379,242],[332,339],[485,437],[454,428],[181,226],[-45,332],[-121,266],[-106,235],[-227,347],[-182,259],[-151,242],[-106,339],[-136,356],[-106,275],[-76,274],[-363,1010],[-121,356],[30,388],[258,840],[257,865],[75,339],[121,477],[227,590],[500,485],[333,-16],[2421,-97],[1498,-89],[650,-41],[439,210],[333,332],[469,379],[379,316],[332,307],[696,686],[-181,267],[-424,226],[-287,162],[-485,323],[-90,437],[-15,315],[136,331],[378,493],[182,162],[423,783],[621,356],[-91,493],[-409,283],[-136,501],[136,218],[288,339],[363,453],[787,759],[862,849],[182,186],[287,404],[318,468],[257,428],[227,380],[212,453],[-227,258],[530,808],[439,364],[499,388],[182,153],[287,332],[363,476],[424,606],[-30,324],[-91,210],[-136,355],[-333,259],[-484,153],[-227,340],[302,533],[61,105],[318,404],[105,162],[303,315],[257,275],[258,307],[544,339],[908,65],[560,81],[908,80],[635,49],[575,226],[349,283],[484,404],[817,671],[0,8],[-469,719],[-152,242],[-1029,1899],[-196,485],[0,315],[45,356],[76,412],[-61,493],[-45,501]],[[366305,896674],[665,275],[485,89],[499,88],[348,356],[-636,323],[-332,477],[802,-16],[544,-41],[651,73],[76,299],[-802,251],[-621,89],[-302,210],[30,323],[106,275],[-167,404],[-90,492],[-167,283],[621,251],[423,113],[545,355],[590,81],[318,477],[-61,485],[152,509],[378,218],[393,461],[46,388],[-606,363],[-302,307],[30,340],[-197,476],[-30,299],[-106,307],[-287,324],[106,250],[681,89],[802,259],[272,315],[787,194],[908,121],[454,194],[348,388],[408,129],[348,234],[151,348],[227,525],[-45,331],[288,412],[317,8],[651,25],[484,234],[333,121],[560,186],[424,291],[408,129],[802,227],[318,371],[-303,445],[348,250],[742,-32],[711,-49],[484,81],[636,129],[484,146],[726,339],[333,469],[121,170],[91,387],[-76,251],[-121,283],[-166,347],[106,340],[287,153],[212,331],[378,178],[636,57],[378,121],[303,250],[136,493],[393,437],[303,250],[741,251],[560,202],[772,137],[499,-194],[666,-291],[288,-186],[635,-97],[-106,243],[-514,283],[-197,379],[242,211],[500,299],[575,371],[514,437],[-182,420],[893,129],[757,97],[696,420],[287,372],[167,404],[-106,477],[212,396],[408,226],[303,153],[242,324],[-272,323],[-530,363],[303,413],[817,153],[151,307],[-45,243],[257,299],[408,379],[-105,388],[75,404],[-272,437],[-575,-73],[-439,258],[-15,227],[756,291],[424,-114],[666,89],[121,267],[-303,323],[469,331],[833,138],[544,-16],[848,153],[544,73],[712,283],[15,371],[696,114],[575,177],[651,219],[453,185],[424,404],[515,421],[620,234],[696,299],[666,-178],[529,323],[258,380],[529,210],[651,194],[182,275],[575,267],[499,-162],[545,170],[575,347],[802,89],[454,-24],[332,476],[-454,235],[-378,428],[106,339],[454,154],[545,154],[0,323],[635,307],[500,113],[484,-49],[560,138],[348,275],[348,387],[-91,283],[348,445],[757,-41],[332,138],[606,97],[-288,396],[-650,-89],[-439,64],[-560,178],[-454,388],[454,355],[0,340],[257,388],[636,145],[469,178],[726,113],[393,259],[-211,355],[-545,202],[-409,420],[167,453],[227,493],[196,210],[500,234],[257,243],[242,476],[-30,291],[-681,194],[-454,97],[-439,113],[-166,315],[75,235],[258,258],[-15,404],[-31,372],[590,396],[-196,315],[302,348],[469,-57],[560,275],[182,477],[-257,412],[181,323],[575,145],[424,348],[212,363],[317,267],[-348,307],[-605,372],[424,388],[499,388],[-121,266],[182,356],[-530,291],[-817,72],[-166,283],[-61,323],[45,429],[212,266],[696,259],[530,129],[802,146],[-257,452],[-197,428],[-45,316],[-772,210],[-182,218],[-212,388],[-817,48],[61,493],[76,331],[-61,235],[-61,363],[46,372],[726,178],[409,339],[-303,356],[787,40],[741,129],[182,291],[363,445],[530,121],[605,258],[560,-210],[408,-8],[379,719],[-742,97],[106,421],[787,-33],[439,-40],[590,307],[514,299],[606,113],[499,137],[515,49],[847,145],[469,-48],[726,-49],[575,162],[651,267],[530,145],[484,24],[711,81],[469,113],[741,-8],[560,-16],[923,105],[802,105],[485,-40],[514,129],[363,210],[545,226],[530,65],[620,113],[575,24],[197,429],[166,250],[711,129],[515,194],[605,380],[514,-97],[575,57],[908,-49],[227,-274],[363,-275],[560,97],[636,72],[635,340],[530,226],[711,-65],[923,-72],[848,-146],[605,-48],[741,97],[15,493],[-45,291],[106,484],[560,219],[575,16],[529,0],[742,-97],[469,258],[318,421],[227,250],[650,154],[197,258],[893,121],[484,-186],[605,41],[515,24],[439,275],[393,267],[696,266],[530,210],[726,49],[272,355],[409,356],[257,186],[167,404],[590,169],[469,194],[771,267],[212,210],[379,356],[317,210],[121,420],[348,355],[848,89],[650,-169],[515,210],[514,412],[469,105],[318,323],[439,113],[605,194],[167,234],[-394,405],[-227,404],[-30,210],[136,363],[288,186],[469,194],[-15,356],[771,210],[530,266],[76,396],[257,372],[-151,347],[-409,162],[-76,477],[243,161],[514,340],[-30,477],[-257,274],[-167,227],[45,363],[-363,323],[-605,89],[-545,-8],[-454,-170],[-650,162],[-152,331],[-696,130],[-257,218],[45,428],[-75,275],[-30,355],[-167,477],[303,251],[605,153],[-348,445],[-696,331],[408,161],[560,316],[91,242],[212,299],[30,436],[-318,186],[-348,332],[-529,323],[-499,169],[-515,299],[91,356],[151,250],[197,307],[197,291],[257,170],[151,315],[-45,340],[-288,299],[-151,363],[0,315],[257,324],[-272,428],[60,404],[454,412],[-272,436],[-817,243],[378,501],[0,371],[0,396],[-45,485],[-227,210],[136,372],[0,331],[-61,429],[61,339],[318,469],[287,218],[-545,363],[-590,194],[-166,243],[91,339],[287,412],[394,218],[-16,493],[-469,227],[-227,185],[-60,340],[-303,347],[802,267],[878,97],[560,137],[650,-89],[545,130],[121,331],[121,210],[515,-218],[741,-97],[984,-113],[923,-25],[681,-96],[363,-65],[635,-113],[848,-162],[771,-113],[333,-218],[2875,-234],[938,-122],[1998,-266],[877,-113],[4056,-106],[30,-8],[1589,-40],[2966,-48],[1876,-17],[4812,-64],[1104,-8],[3995,-25],[4343,-32],[3419,-24],[4010,-24],[3299,-57],[4524,-73],[424,0],[1997,-32],[182,-8],[1165,-121],[696,-113],[1014,-251],[287,-170],[2739,-3676],[46,-105],[771,-1237],[379,-549],[620,-881],[393,-477],[122,-137],[1755,-32],[-46,-566],[-45,-428],[-30,-356],[-31,-226],[-75,-356],[-227,-492],[-469,-170],[-711,32],[-818,33],[-711,8],[-560,-679],[-559,-218],[-15314,-5899],[-4448,-1705],[-31,-275],[-30,-266],[-45,-259],[-136,-663],[-61,-242],[-2406,-1196],[-318,-679],[-953,49],[-499,16],[-469,32],[-560,105],[-726,122],[-727,113],[-499,64],[-620,-283],[-666,-775],[-348,-315],[-878,-913],[-378,-243],[-152,-275],[1075,-371],[-1619,-776],[393,-210],[-1392,-283],[61,-202],[196,-727],[-3510,-420],[-742,-299],[-2103,-905],[-333,-154],[-741,-1398],[30,-1430],[76,-73],[711,-557],[1014,-800],[2648,-1471],[1967,-1382],[711,-905],[545,-396],[711,-517],[1301,-1470],[2573,-2990],[665,-631],[3859,-3797],[2285,-2610],[953,-1083],[666,-760],[6400,-11765],[137,-420],[106,-348],[499,-1559],[45,-146],[666,-2084],[757,-2303],[166,-1164],[45,-226],[76,-533],[-893,-1689],[-1225,-1535],[-439,-558],[-227,-299],[-167,-509],[-226,-776],[0,-315],[15,-687],[0,-8],[-712,-1010],[-968,-1026],[-7006,-4945],[-3556,-2352],[-529,-258],[-409,-477],[-121,-146],[-378,-646],[-121,-178],[-303,-363],[-514,-429],[-1317,-1212],[-287,-404],[0,-371],[90,-388],[-635,-388],[-182,-283],[-363,-186],[-242,-242],[-212,-364],[-408,-250],[30,-469],[-242,-307],[-152,-194],[-151,-331],[-45,-404],[91,-275],[-303,-323],[-167,-138],[-332,-363],[-394,-461],[-302,-372],[-288,-266],[-575,-364],[-106,-250],[-711,-202],[-515,-186],[0,-445],[-90,-371],[-167,-388],[-166,-509],[-182,-558],[-121,-363],[-197,-558],[-378,-970],[-257,-630],[-136,-226],[-303,-364],[-696,-856],[-1014,-922],[-560,-468],[-302,-243],[-303,-258],[-242,-340],[-272,-444],[-394,-339],[-348,-251],[-318,-226],[-423,-234],[-651,-308],[-348,-210],[-408,-282],[-288,-372],[-363,-218],[-333,-324],[-61,-444],[61,-218],[-15,-315],[-106,-291],[-227,-356],[-257,-250],[-167,-251],[-469,-339],[-363,-348],[-197,-452],[61,-315],[-46,-307],[-90,-226],[-46,-421],[31,-266],[45,-380],[-15,-315],[-30,-517],[45,-235],[60,-388],[31,-250],[106,-307],[151,-420],[257,-299],[227,-437],[182,-266],[106,-372],[90,-275],[106,-476],[76,-316],[121,-363],[212,-332],[151,-234],[106,-315],[-15,-331],[-61,-243],[-75,-307],[-61,-234],[-196,-396],[-197,-380],[-121,-331],[348,-372],[227,-299],[121,-283],[151,-339],[545,-339],[363,-259],[182,-291],[181,-202],[303,-307],[121,-267],[151,-331],[212,-250],[167,-267],[211,-380],[212,-275],[152,-452],[166,-315],[666,-162],[363,-299],[0,-444],[-91,-251],[182,-339],[212,-259],[181,-388],[15,-226],[61,-307],[408,-307],[76,-307],[318,-461],[-152,-355],[-45,-226],[348,-364],[15,-315],[-151,-267],[-30,-517],[45,-347],[-393,-340],[90,-299],[-211,-315],[15,-258],[-76,-429],[-257,-339],[-227,-226],[257,-437],[409,-307],[-636,-274],[-257,-308],[333,-363],[544,-210],[-226,-332],[30,-476],[423,-243],[772,-32],[636,-315],[287,-364],[530,49],[832,-49],[378,-226],[666,-299],[76,-307],[-636,-202],[61,-275],[348,-194],[439,-291],[423,-339],[61,-259],[650,-234],[787,-202],[560,-65],[182,-428],[75,-275],[454,-307],[666,-339],[348,-234],[424,-186],[529,-291],[394,-267],[212,-186]]],"bbox":[102.84316,15.40605,103.50403,16.6436],"transform":{"scale":[6.608706608706636e-7,0.0000012375512375512364],"translate":[102.84316,15.40605]}}