{"type":"Topology","objects":{"districts":{"type":"GeometryCollection","geometries":[{"type":"Polygon","arcs":[[0,1,2,3,4,5,6,7]],"properties":{"CODE":"4601","PARENT":"46","NAME_TH":"เมืองกาฬสินธุ์","NAME_EN":"Mueang Kalasin","NAME_CN":"Mueang Kalasin","COLOR_IDX":3}},{"type":"Polygon","arcs":[[8,9,10,-2,11]],"properties":{"CODE":"4602","PARENT":"46","NAME_TH":"นามน","NAME_EN":"Na Mon","NAME_CN":"Na Mon","COLOR_IDX":1}},{"type":"Polygon","arcs":[[12,13,14,15,16,-4]],"properties":{"CODE":"4603","PARENT":"46","NAME_TH":"กมลาไสย","NAME_EN":"Kamalasai","NAME_CN":"Kamalasai","COLOR_IDX":2}},{"type":"Polygon","arcs":[[-15,17]],"properties":{"CODE":"4604","PARENT":"46","NAME_TH":"ร่องคำ","NAME_EN":"Rong Kham","NAME_CN":"Rong Kham","COLOR_IDX":0}},{"type":"Polygon","arcs":[[18,19,20,-10,21,22]],"properties":{"CODE":"4605","PARENT":"46","NAME_TH":"กุฉินารายณ์","NAME_EN":"Kuchinarai","NAME_CN":"Kuchinarai","COLOR_IDX":3}},{"type":"Polygon","arcs":[[-19,23,24]],"properties":{"CODE":"4606","PARENT":"46","NAME_TH":"เขาวง","NAME_EN":"Khao Wong","NAME_CN":"Khao Wong","COLOR_IDX":1}},{"type":"Polygon","arcs":[[25,26,27,28,-6]],"properties":{"CODE":"4607","PARENT":"46","NAME_TH":"ยางตลาด","NAME_EN":"Yang Talat","NAME_CN":"Yang Talat","COLOR_IDX":0}},{"type":"Polygon","arcs":[[-28,29,30]],"properties":{"CODE":"4608","PARENT":"46","NAME_TH":"ห้วยเม็ก","NAME_EN":"Huai Mek","NAME_CN":"Huai Mek","COLOR_IDX":2}},{"type":"Polygon","arcs":[[31,-8,32,33,34]],"properties":{"CODE":"4609","PARENT":"46","NAME_TH":"สหัสขันธ์","NAME_EN":"Sahatsakhan","NAME_CN":"Sahatsakhan","COLOR_IDX":0}},{"type":"Polygon","arcs":[[35,-35,36,37]],"properties":{"CODE":"4610","PARENT":"46","NAME_TH":"คำม่วง","NAME_EN":"Kham Muang","NAME_CN":"Kham Muang","COLOR_IDX":3}},{"type":"Polygon","arcs":[[38,39]],"properties":{"CODE":"4611","PARENT":"46","NAME_TH":"ท่าคันโท","NAME_EN":"Tha Khantho","NAME_CN":"Tha Khantho","COLOR_IDX":3}},{"type":"Polygon","arcs":[[40,-33,-7,-29,-31,41,-39,42]],"properties":{"CODE":"4612","PARENT":"46","NAME_TH":"หนองกุงศรี","NAME_EN":"Nong Kung Si","NAME_CN":"Nong Kung Si","COLOR_IDX":1}},{"type":"Polygon","arcs":[[43,-12,-1,-32,-36,44]],"properties":{"CODE":"4613","PARENT":"46","NAME_TH":"สมเด็จ","NAME_EN":"Somdet","NAME_CN":"Somdet","COLOR_IDX":2}},{"type":"Polygon","arcs":[[45,-22,-9,-44,46]],"properties":{"CODE":"4614","PARENT":"46","NAME_TH":"ห้วยผึ้ง","NAME_EN":"Huai Phueng","NAME_CN":"Huai Phueng","COLOR_IDX":0}},{"type":"Polygon","arcs":[[-37,-34,-41,47]],"properties":{"CODE":"4615","PARENT":"46","NAME_TH":"สามชัย","NAME_EN":"Sam Chai","NAME_CN":"Sam Chai","COLOR_IDX":2}},{"type":"Polygon","arcs":[[-24,-23,-46,48]],"properties":{"CODE":"4616","PARENT":"46","NAME_TH":"นาคู","NAME_EN":"Na Khu","NAME_CN":"Na Khu","COLOR_IDX":2}},{"type":"Polygon","arcs":[[-21,49,-13,-3,-11]],"properties":{"CODE":"4617","PARENT":"46","NAME_TH":"ดอนจาน","NAME_EN":"Don Chan","NAME_CN":"Don Chan","COLOR_IDX":0}},{"type":"Polygon","arcs":[[-17,50,-26,-5]],"properties":{"CODE":"4618","PARENT":"46","NAME_TH":"ฆ้องชัย","NAME_EN":"Khong Chai","NAME_CN":"Khong Chai","COLOR_IDX":1}}]}},"arcs":[[[493670,486949],[664,-1272],[481,-738],[778,-1337],[437,-848],[271,-728],[219,-597],[131,-913],[131,-1282],[-70,-935],[-96,-511],[-44,-271],[-175,-391],[-507,-891],[-725,-805],[-27,-43],[-795,-869],[-350,-359],[-297,-293],[-219,-272],[-192,-261],[-122,-315],[-18,-576],[61,-456],[140,-348],[359,-913],[341,-760],[402,-1402],[743,-1522],[629,-1304],[507,-1434],[665,-1304],[664,-945],[1023,-1033],[1644,-1260],[3620,-2249],[2238,-1446],[1827,-945],[1635,-304],[944,-489],[1250,-142],[1006,-271],[2972,-1532]],[[515815,452383],[1050,-728],[227,-120],[393,-120],[1460,-282],[333,-22],[638,-32],[288,-76],[481,-457],[472,-391],[359,-250],[245,-174],[559,-619],[315,-381],[804,-804],[175,-141],[367,-272],[236,-130],[411,-174],[385,-76],[647,-43],[420,217],[140,196],[332,184],[367,-76],[341,-108],[271,-66],[629,-87],[2169,-456],[926,-359],[263,-130],[349,-228],[333,-381],[35,-499],[-88,-641],[149,-489],[393,-326],[9,-479],[-446,-217],[-306,-348],[-227,-174],[-420,-21],[-253,-22],[-306,-65],[-359,-185],[-26,-456],[175,-239],[192,-620],[-253,-326],[-193,-163],[105,-663],[254,-369],[61,-598],[-289,-576],[-201,-108],[-166,-424],[26,-630],[-43,-728],[-61,-316],[-9,-467],[183,-434],[140,-403],[184,-619],[367,-98],[210,-271],[96,-402],[332,-381],[271,-228],[665,-934],[953,-1424],[297,-565],[140,-413],[227,-685],[114,-423],[87,-511],[9,-522],[53,-282],[69,-576],[167,-1619],[26,-402],[594,-1283],[131,-565],[18,-608],[-227,-804],[-236,-163],[-403,-413],[-253,-283],[-542,-11],[-411,413],[-140,489],[-140,446],[-149,293],[-585,935],[-306,402],[-140,272],[-271,695],[-280,-163],[-358,-120],[-438,294],[-139,261],[-481,43],[-420,-109],[-428,272],[-245,-11],[-332,283],[-429,-413],[262,-359],[333,-141],[428,-326],[166,-337],[324,-511],[463,-21],[201,-196],[114,-380],[271,-239],[306,-511],[122,-511],[254,-282]],[[531177,420794],[96,-587],[-114,-380],[44,-359],[149,-413],[43,-652],[158,-511],[236,-293],[280,-456],[166,-631],[61,-619],[-88,-402],[9,-478],[-105,-576],[-245,-609],[-236,-608],[263,-250],[376,-326],[0,-380],[-88,-392],[-341,-217],[-358,413],[-280,206],[-262,76],[-175,413],[-463,185],[-376,130],[-455,229],[-192,141],[-481,250],[-367,163],[-228,119],[-210,370],[-122,272],[-542,0],[-306,-185],[79,-446],[437,-152],[358,-521],[341,-272],[105,-315],[184,-326],[341,-326],[244,-413],[149,-283],[122,-478],[0,-358],[-87,-457],[-166,-239],[-359,-348],[-244,-184],[-298,-207],[-367,-87],[-384,-65],[-193,-608],[131,-381],[236,-673],[53,-392],[-35,-369],[-96,-533],[-219,-695],[-192,-337],[-245,-261],[-402,-282],[-464,-250],[-472,-196],[-577,-163],[-384,-21],[-376,32],[-464,141],[-341,316],[-218,478],[-472,347],[-306,-239],[-271,-315],[-490,-728],[-358,-435],[-245,-260],[-464,-283],[-446,-43],[-332,-196],[-70,-652],[437,33],[263,21],[297,-206],[507,-54],[402,-76],[271,-185],[228,-326],[122,-326],[105,-522],[35,-337],[-18,-554],[-26,-358],[-70,-326],[-192,-348],[-158,-207],[-323,-206],[-385,-152],[-367,-326],[26,-261],[35,-815],[53,-435],[-26,-576],[-97,-402],[-131,-391],[-192,-543],[-236,-446],[-341,-293],[-385,-239],[-857,-207],[-314,66],[-271,174],[-368,282],[-227,217],[-420,435],[-236,304],[-437,294],[-166,228],[-367,304],[-332,-22],[-376,207],[-245,272],[-455,-77],[-218,-65],[-411,-65],[-332,120],[-333,54],[-419,250],[-289,-511],[341,-174],[192,-206],[149,-348],[-35,-424],[26,-391],[-690,-272],[-1504,-141],[-883,174],[-560,54],[-874,33],[-411,22],[-288,695],[-1277,-913],[-70,-184],[0,-1239],[-44,-348],[-87,-391],[-219,-359],[-699,-174],[-1784,-423],[-1084,-261],[-1696,-413],[-218,-98],[-289,-206],[-201,-391],[-1827,-4412],[-1425,-3478],[-359,-2803],[-288,-4586],[358,-4770],[88,-3760],[0,-239],[297,-750],[-70,-500],[-105,-250],[26,-478],[-175,-250],[-78,-543],[-62,-598],[-166,-304],[-105,-358],[18,-587],[-35,-435],[-53,-467],[-104,-304],[-114,-620],[87,-978],[35,-728],[-96,-478],[-131,-598],[-236,-380],[-332,-489],[-455,-54],[-323,-196],[-70,-445],[-446,10],[-525,22],[-1635,-2619],[-472,-1032],[-507,-1174],[-280,-662],[-166,-576],[-402,-1402],[-157,-620],[-403,-1619],[-253,-815],[-1076,-1260],[-104,-22],[-1574,391],[-193,-597],[-612,217],[-375,109],[-429,65],[-568,43],[-79,-119],[-131,-728],[-140,-815],[-96,-55],[-804,77],[-612,43],[-446,-380],[-263,-131],[-1433,-76],[-359,-11],[-323,-76],[-1015,-282],[-2762,-1076],[-1058,-609],[-1434,-1108],[-726,-565],[-1993,-1652],[-560,-750],[-865,-1162],[-271,-304],[-341,-261],[-420,-446],[-52,-206],[-280,-631],[-376,-445],[-131,-337],[-665,228],[-297,-510],[-201,-435],[-402,76],[-166,261],[-105,445],[-306,283],[-228,130],[-498,261],[-245,413],[-236,293],[53,511],[-53,315],[-96,424],[88,674],[192,489],[-105,282],[-210,315],[-44,305],[-78,608],[-350,250],[-525,-130],[-411,-11],[-437,271],[-244,316],[-429,260],[131,587],[44,446],[-411,184],[-516,-10],[-245,521],[-52,554],[-254,261],[-314,554],[-437,-337],[-306,-412],[-237,-77],[-445,-152],[-228,152],[-341,131],[-297,32],[-271,337],[-385,152],[-131,348],[-280,152],[-139,326],[-403,142],[-306,-87],[-288,-98],[-262,-44],[-376,-184],[-464,380],[-446,-54],[-446,-33],[-498,-87],[-341,-43],[-253,391],[-289,282],[-507,22],[-630,-456],[-157,-109],[-358,-228],[-263,-65],[-367,0],[-524,130],[-1015,239],[-542,120],[-1066,206],[-245,0],[-332,-54],[-507,-174],[-726,-391],[-463,-250],[-1487,-859],[-1163,-673],[-244,-142],[-717,-586],[-271,-294],[-2335,-3205],[315,-446],[341,-467],[254,-239],[-726,-576],[-262,-218],[-411,-804],[-315,-630],[-87,-413],[26,-739],[0,-478],[9,-467],[17,-565],[26,-587],[0,-337],[691,-185],[280,-195],[218,-424],[105,-837],[79,-532],[201,-1217],[184,-1163],[122,-598],[44,-130],[-1801,-163],[752,-3336],[-272,-1728],[621,-315],[1591,-521],[-1608,-2532],[-79,-305],[-385,-1391],[0,-206],[647,-2108],[280,-837],[1294,-2684],[3742,-1738],[2614,-1087],[1976,-598],[1329,-195],[1408,-196],[1678,33],[822,21],[1058,174],[332,98],[219,130],[210,326],[306,533],[192,43],[944,-619],[367,0],[333,1108],[550,-11],[446,-206],[306,-283],[254,-282],[297,-337],[306,-348],[464,-65],[533,-87],[271,-195],[245,-348],[183,-304],[376,-359],[394,-54],[349,-55],[210,-163],[507,-1336],[516,-1065],[839,-2065],[2632,-3662],[2614,174],[577,-11],[472,-43],[516,-228],[1862,-1391],[883,-544],[630,-380],[1285,-532],[1644,-783],[1565,-858],[4363,-1206],[4161,-1131],[-210,-391],[-227,-434],[-184,-337],[-183,-348],[-315,-587],[-227,-424],[-166,-315],[-140,-271],[-175,-315],[-210,-403],[-52,-662],[61,-500],[-35,-413],[-158,-435],[-183,-511],[-114,-315],[-122,-391],[17,-456],[140,-261],[228,-315],[201,-283],[218,-315],[394,-424],[332,-239],[183,-108],[429,141],[288,228],[254,228],[323,272],[385,326],[289,196],[402,152],[341,87],[472,-87],[236,-489],[262,-283],[394,-293],[323,-218],[315,-413],[192,-619],[306,-1217],[315,-359],[682,-445],[44,-120],[-236,-902],[17,-97],[700,-815],[17,-446],[-140,-576],[-927,-3053],[-341,-1206],[-140,-1022],[18,-413],[79,-282],[419,-1152],[289,-1293],[26,-696],[-44,-445],[-70,-424],[245,-511],[70,-511],[-17,-402],[-44,-336],[-219,-489],[-288,-163],[-184,-424],[-70,-348],[-8,-641],[236,-380],[288,-870],[166,-282],[1076,-1880],[988,-2217],[0,-435],[139,-499],[149,-174],[184,-522],[192,-630],[385,141],[393,65],[429,22],[297,11],[376,119],[358,55],[595,141],[376,141],[472,22],[385,22],[419,304],[420,130],[446,-141],[437,-174],[253,-152],[333,-185],[297,-163],[201,-184],[262,-348],[263,-54],[393,-174],[184,-65],[367,-142],[44,-467],[-97,-391],[-140,-609],[-454,-1217],[-245,-663],[-79,-412],[-131,-685],[-131,-522],[-61,-662],[52,-685],[62,-750],[34,-511],[53,-858],[-18,-913],[27,-554],[26,-435],[26,-652],[-61,-521],[-140,-402],[-288,-1044],[174,-260],[962,-826],[883,-826],[1259,-1228],[1740,-1315],[2658,-1760],[2675,-2010],[761,-544],[1093,-1076],[638,-652],[2177,-2195],[1862,-2466]],[[519601,220253],[-1504,-620],[-1355,-250],[-2911,-369],[-805,0],[-1818,174],[-1609,380],[-1827,728],[-4712,2402],[-3900,1575],[-2072,609],[-638,-65],[-533,-185],[-2973,-2369],[-1609,-1565],[-1949,-1890],[-3375,-3239],[-131,-119],[-1618,-2206],[-717,98],[-804,-435],[-2807,-1141],[-4240,-1152],[-1644,-489],[-2500,-674],[-953,-293],[-804,-315],[-709,-217],[-848,-392],[-1390,-489],[-524,-282],[-962,-663],[-1058,-554],[-935,-370],[-744,-239],[-795,-271],[-1530,-489],[-1006,-261],[-411,-131],[-935,-32],[-3340,109],[-2798,76],[-1398,43],[-3043,44],[-4048,86],[-2089,33],[-2466,87],[-2168,98],[-2247,130],[-1268,-54],[-1128,-131],[-830,-249],[-1994,-881],[-1967,-988],[-1215,-598],[-3034,-1511],[-2518,-1412],[-726,-457],[-6443,-4368],[-254,-185],[-699,-456],[-1915,-1250],[-1722,-1315],[-918,-771],[-4450,-3227],[-376,-305],[-166,-532],[323,-1684],[-9,-337],[-96,-435],[-122,-413],[-306,-652],[-385,-619],[-385,-685],[-148,-228],[-193,-337],[-183,-228],[-761,0],[-437,-87],[-210,-391],[26,-272],[175,-587],[201,-456],[88,-304],[192,-457],[499,-141],[358,-109],[122,-586],[-105,-468],[272,-424],[1381,-336],[-420,-381],[-236,-141],[-96,-532],[-122,-392],[-70,-597],[-114,-554],[306,-272],[254,119],[332,-163],[419,-445],[446,272],[420,-77],[227,-510],[105,-413],[-113,-500],[314,-272],[254,326],[367,44],[227,-120],[333,-250],[166,-250],[-35,-565],[-201,-380],[0,-315],[70,-478],[-35,-402],[-140,-457],[-376,-293],[-271,-141],[-306,-413],[-289,-142],[-166,-293],[-61,-391],[-376,-283],[-280,-32],[-323,-109],[-228,-522],[219,-456],[52,-587],[-131,-293],[-96,-435],[-79,-326],[-419,-184],[-263,402],[-34,619],[-193,391],[-323,76],[-184,-489],[184,-576],[-210,-337],[-341,-43],[-525,163],[-402,-11],[-524,65],[-446,22],[-490,-119],[-507,271],[-481,196],[-306,87],[-332,11],[-280,-120],[-420,-359],[-174,-380],[-167,-304],[-437,-152],[-384,195],[-472,-76],[-272,-326],[-323,-347],[-420,119],[-140,283],[-52,532],[114,587],[70,489],[-341,337],[-385,-359],[-359,-185],[-262,-119],[-341,-261],[-192,-174],[-140,-511],[-87,-489],[-298,-239],[-507,0],[70,663],[-420,435],[-489,-65],[-219,-98],[-323,-185],[-455,-163],[-402,-108],[-175,543],[402,413],[-183,641],[-420,-272],[-490,174],[-445,250],[-315,-43],[-464,43],[-288,272],[-44,489],[228,510],[271,218],[454,54],[289,511],[8,489],[97,326],[-210,532],[-402,-76],[-324,-87],[-367,467],[-122,620],[-534,54],[-323,391],[26,500],[367,272],[236,261],[297,413],[175,337],[35,423],[-140,446],[-376,500],[-358,347],[-446,98],[-166,-554],[271,-250],[210,-109],[288,-239],[27,-358],[-271,-381],[-315,-141],[-402,-130],[-271,-109],[-333,-11],[-70,620],[-113,380],[-245,532],[-227,316],[-385,163],[-350,-22],[-218,-533],[140,-380],[-236,-424],[-289,-65],[-315,380],[-314,326],[-368,87],[-288,-32],[-297,-283],[-210,-304],[-315,-293],[-315,-120],[-262,-98],[-297,-108],[-324,271],[-52,315],[70,402],[349,511],[-166,663],[-341,-109],[-376,11],[-227,120],[-254,380],[53,391],[271,533],[-96,402],[-446,98],[-227,-77],[-350,-184],[-289,-142],[-288,-76],[-420,-130],[-350,-98],[-288,-119],[-525,-239],[-262,-98],[-306,-98],[-385,-174],[-131,-369],[-43,-402],[-105,-316],[-542,-21],[-254,402],[-149,500],[-201,293],[-446,130],[-236,337],[79,533],[490,130],[341,-261],[454,22],[-17,402],[-140,283],[-192,326],[-193,391],[-44,293],[123,446],[271,413],[96,369],[-323,304],[-263,-130],[-384,-87],[-315,304],[-44,359],[0,587],[-192,282],[-219,315],[-113,620],[-245,445],[-228,-228],[-148,-337],[-341,-347],[-245,-196],[-201,-402],[-166,-500],[-324,-98],[-332,109],[-367,239],[-315,283],[-306,-381],[175,-413],[122,-261],[35,-423],[-358,-446],[-341,-32],[-437,239],[-262,-457],[122,-337],[219,-304],[332,-521],[-26,-479]],[[367632,175113],[-341,-293],[-324,-22],[-463,196],[-271,315],[-507,272],[-114,-468],[-70,-543],[-533,-43],[-376,380],[-472,-65],[-79,-305],[-210,-478],[-192,-250],[-201,-293],[-166,-435],[-202,-304],[-244,-206],[-306,-218],[-403,-76],[-209,98],[-289,369]],[[361660,172744],[157,326],[376,305],[114,554],[-245,402],[-201,272],[-253,532],[-105,652],[-114,413],[-236,478],[-210,326],[-253,489],[-280,446],[-297,423],[-140,500],[-105,392],[-35,326],[-18,412],[-26,283],[-105,391],[-227,402],[-236,250],[-385,185],[-315,130],[-218,413],[140,370],[271,293],[210,293],[201,620],[-62,380],[-192,304],[-446,131],[-542,65],[-297,109],[-262,97],[-446,218],[-333,282],[-340,261],[-333,44],[-481,10],[-393,0],[-446,305],[-114,369],[-314,511],[-402,-76],[-193,-196],[-358,-250],[-507,-87],[-315,55],[-394,43],[-410,294],[-306,304],[-350,456],[-289,305],[-279,260],[-499,87],[-411,-206],[-227,-207],[-289,-206],[-437,217],[-26,315],[219,511],[201,630],[-298,348],[-341,250],[-209,630],[105,500],[253,391],[306,446],[105,391],[44,467],[78,402],[228,359],[297,293],[245,370],[140,510],[43,435],[9,337],[9,565],[210,446],[516,-11],[209,-174],[219,-304],[131,-261],[236,-337],[376,87],[219,467],[96,337],[385,206],[419,-402],[175,-402],[385,-467],[280,-98],[384,44],[228,347],[-97,522],[-236,196],[-376,43],[-446,217],[44,446],[350,456],[280,294],[43,663],[-192,173],[-315,196],[-218,109],[-271,326],[-96,282],[104,511],[359,522],[559,575],[114,446],[-192,511],[-193,195],[-445,413],[-385,294],[-411,380],[-201,565],[288,467],[114,337],[44,489],[-70,620],[-96,467],[-193,587],[-349,478],[-394,217],[-253,-11],[-324,-130],[-367,-315],[-192,-250],[-280,-218],[-271,11],[-376,228],[-280,370],[-219,478],[-271,250],[-279,141],[-359,33],[-218,-22],[-376,0],[-429,109],[-227,152],[-271,228],[-236,163],[-359,120],[-376,32],[-445,348],[-62,424],[27,413],[26,478],[-96,608],[-333,359],[-472,239],[-341,98],[-288,32],[-359,-87],[-481,-163],[-384,-173],[-315,-174],[-271,-120],[-455,-32],[-411,32],[-472,141],[-367,174],[-175,98],[-314,315],[-210,391],[-123,316],[-148,391],[-280,467],[-341,532],[-79,424],[-52,772],[-44,434],[-70,392],[-114,467],[-323,521],[-315,207],[-463,33],[-359,217],[-166,261],[-166,576],[-44,521],[158,533],[148,347],[70,337],[-43,413],[-219,554],[-262,435],[-297,489],[-263,446],[-236,358],[-227,370],[-254,489],[-166,402],[35,532],[88,272],[157,347],[52,468],[-70,771],[210,511],[280,76],[324,-76],[271,-163],[376,-315],[419,-337],[437,0],[201,217],[79,576],[-166,554],[-26,316],[148,662],[9,511],[-385,120],[-472,-22],[-673,-272],[-376,207],[-157,206],[-61,500],[148,837],[70,337],[114,565],[131,543],[87,283],[158,369],[297,489],[122,315],[0,435],[-323,261],[-367,282],[-490,348],[-17,22],[-997,749],[-26,22],[-595,467],[-157,120],[-297,348],[-271,369],[-385,619],[-262,337],[-166,413],[-123,663],[-9,620],[-70,565],[-96,619],[-87,337],[-158,521],[-61,674],[-113,424],[-324,348],[-262,217],[-341,185],[-236,65],[-367,-11],[-280,-54],[-420,-11],[-315,76],[-568,282],[-542,283],[-420,109],[-393,65],[-315,108],[-411,413],[-131,316],[-105,456],[-17,413],[-96,532],[-175,544],[-175,337],[-306,412],[-332,381],[-254,304],[-306,348],[-219,261],[-174,326],[-175,489],[-166,467],[-123,228],[-210,391],[9,620],[262,597],[123,576],[44,533],[-53,423],[-96,305],[-149,391],[-288,858],[-26,272],[61,424],[210,608],[367,424],[210,359],[-35,369],[-175,511],[-114,261],[-140,434],[-96,283],[-96,521],[-18,337],[-35,370],[-78,489],[-53,456],[-148,630],[-350,109],[-420,-65],[-253,-11],[-324,109],[-384,217],[-236,109],[-298,108],[-454,120],[-368,141],[-227,87],[-350,98],[-358,22],[-210,0],[-594,-66],[-394,-10],[-323,141],[-341,456],[-149,250],[-184,348],[-131,239],[-367,445],[-420,316],[-323,206],[-341,228],[-385,337],[-262,435],[-114,282],[-148,391],[-254,479],[-288,391],[-245,304],[-359,359],[-262,282],[-157,174],[-315,272],[-297,217],[-376,380],[-236,315],[-27,337],[114,478],[140,381],[254,380],[201,348],[210,500],[148,641],[114,434],[122,609],[96,369],[175,587],[61,348],[27,467],[0,446],[-18,293],[-17,402],[35,337],[113,641],[114,435],[114,413],[113,478],[70,304],[-105,554],[-70,370],[-122,348],[-236,456],[-227,261],[-411,369],[-394,239],[-446,87],[-358,-65],[-219,-206],[-166,-359],[-131,-250],[-219,-337],[-271,-65],[-358,119],[-192,163],[-271,381],[-123,369],[-70,457],[-17,315],[-44,380],[-17,337],[-79,652],[-44,467],[-9,315],[27,446],[105,587],[148,315],[306,358],[367,348],[350,304],[184,131],[332,217],[446,337],[262,380],[79,533],[-219,413],[-166,217],[-323,315],[-245,196],[-306,239],[-359,326],[-262,261],[-262,499],[-166,446],[-88,282],[-131,468],[-140,587],[114,641],[271,456],[210,370],[332,695],[262,522],[140,315],[236,554],[193,358],[227,609],[175,478],[78,370],[97,619],[113,456],[201,533],[289,511],[306,521],[253,370],[394,445],[227,304],[359,555],[157,249],[210,337],[87,392],[9,315],[9,576],[0,684],[-35,576],[-88,598],[-96,489],[-113,413],[-184,521],[-184,402],[-402,478],[-402,207],[-1093,402],[-341,130],[-315,120],[-314,163],[-420,293],[-315,272],[-245,228],[-306,359],[-174,445],[-18,402],[88,555],[61,271],[148,511],[44,206],[53,555],[-62,456],[-253,489],[-193,250],[-218,261],[-306,434],[-184,305],[-87,336],[-9,663],[122,533],[140,434],[193,381],[419,239],[271,-22],[507,-163],[438,-185],[332,-119],[472,-76],[201,119],[341,565],[219,392],[96,467],[52,750],[9,358],[9,413],[8,359],[62,587],[87,325],[262,555],[263,521],[306,717],[367,1185],[297,1336],[79,413],[148,1326],[105,1141],[62,543],[52,576],[-87,381],[-298,347],[-209,131],[-350,185],[-350,336],[-437,316],[-280,217],[-297,445],[-175,392],[-79,260],[-17,435],[17,554],[62,457],[192,336],[236,261],[350,391],[262,413],[140,381],[114,478],[148,380],[227,304],[350,283],[236,206],[263,261],[463,467],[315,316],[209,358],[114,218],[280,510],[341,522],[332,489],[446,543],[289,239],[332,272],[481,326],[472,152],[262,196],[699,434],[368,207],[411,250],[419,239],[324,261],[253,554],[166,510],[62,381],[61,521],[70,489],[61,272],[157,728],[184,478],[192,239],[350,196],[551,315],[9,0],[533,293],[498,196],[411,206],[385,142],[629,239],[534,195],[236,120],[411,315],[384,413],[184,261],[253,565],[228,532],[201,413],[122,185],[359,435],[437,554],[218,337],[254,380],[288,391],[306,446],[193,413],[157,630],[61,489],[0,565],[-78,380],[-158,565],[-192,478],[-157,305],[-175,250],[-184,282],[-376,380],[-568,587],[-166,261],[-210,522],[-201,499],[-105,468],[-70,673],[-271,2022],[-26,184],[-228,1424],[-52,326],[-227,1825],[-359,1815],[-35,196],[-166,945],[-52,402],[-35,446],[-44,554],[-70,815],[-122,576],[-27,108],[-157,707],[9,630],[43,370],[149,575],[140,424],[157,326],[166,391],[272,663],[375,935],[9,22],[210,728],[157,619],[88,348],[87,358],[114,337],[184,533],[480,1380],[18,54],[271,924],[96,445],[61,261],[18,424],[26,478],[35,413],[26,337],[18,467],[-44,315],[-184,348],[-192,184],[-306,218],[-944,500],[-1591,945],[-481,272],[-446,228],[-595,337],[-437,250],[-183,76],[-385,163],[-367,141],[-770,239],[-402,131],[-271,21],[-341,-141],[-341,-304],[-236,-359],[-201,-424],[-490,-1206],[-288,-717],[-271,-685],[-568,-1162],[-237,-500],[-279,-696],[-236,-673],[-175,-457],[-228,-576],[-87,-380],[-201,-456],[-219,-337],[-279,-468],[-254,-412],[-253,-250],[-394,-120],[-280,-43],[-341,10],[-218,98],[-472,239],[-516,305],[-184,163],[-262,293],[-122,315],[-35,424],[35,445],[166,902],[122,761],[26,413],[-140,619],[-96,229],[-218,402],[-245,391],[-402,402],[-394,272],[-148,86],[-770,533],[-594,565],[-289,293],[-218,326],[-193,522],[-35,369],[140,457],[201,402],[542,511],[813,760],[184,272],[210,272],[306,489],[183,412],[560,968],[166,250],[332,326],[184,86],[892,218],[516,217],[279,283],[228,499],[61,305],[0,576],[-79,423],[-253,500],[-883,1217],[-883,1217],[-175,381],[-114,326],[-52,554],[113,511],[280,532],[909,1043],[367,413],[140,565],[-183,631],[-175,293],[-289,424],[-297,445],[-271,598],[-175,989],[-253,1097],[-158,522],[-376,1119],[-262,348],[-184,206],[-533,424],[-769,500],[-228,109],[-647,184],[-944,152],[-332,22],[-306,-65],[-428,-174],[-350,-250],[-184,-152],[-1346,-1054],[-315,-239],[-411,-304],[-262,-174],[-367,-141],[-271,-55],[-472,0],[-280,98],[-359,315],[-201,402],[-105,326],[-96,381],[-218,1151],[-79,533],[-70,1141],[-9,739],[-9,358],[-8,381],[17,1325],[61,522],[-26,315],[-157,391],[-210,500],[-166,391],[-262,696],[-132,511],[-122,434],[-105,272],[-236,511],[-253,521],[-202,315],[-306,478],[-402,837],[-78,174],[-315,695],[-236,576],[-158,402],[-236,598],[-227,609],[-157,499],[-184,631],[-184,630],[-157,619],[-61,370],[-123,467],[-183,935],[-184,880],[-52,489],[113,891],[35,1130],[27,630],[61,304],[271,1022],[-350,413],[-402,54],[-393,707],[-219,-457],[-254,-435],[-297,229],[-376,184],[-384,11],[-411,-413],[-446,-163],[-376,185],[-193,-109],[-393,-130],[-463,-348],[-193,-521],[-542,-76],[-393,32],[-376,11],[-236,130],[-656,718],[-280,315],[-166,521],[262,424],[70,609],[44,260],[306,359],[-175,446],[-245,434],[27,381],[8,413],[-26,652],[-87,445],[-131,326],[-140,456],[-315,348],[-463,-272],[-429,-206],[-280,-43],[-384,130],[-219,163],[-367,359],[-131,532],[157,337],[166,435],[-481,228],[-139,-489],[-289,-131],[-306,87],[-358,261],[-324,-119],[-218,478],[-350,228],[-140,337],[-9,576],[-166,228],[-367,304],[-297,-174],[-341,-108],[-306,10],[-315,-391],[-280,174],[-192,467],[-18,685],[280,261],[-262,489],[-254,-11],[-35,608],[411,174],[411,348],[262,196],[359,315],[-271,554],[-324,500],[210,326],[-157,532],[175,326],[35,587],[174,315],[272,261],[-18,554],[-149,413],[-227,489],[-332,315],[-359,294],[-253,173],[-376,294],[-236,195],[-402,305],[-219,402],[-253,521],[-420,109],[-341,-43],[-324,-163],[-524,-218],[-472,174],[-149,641],[-218,402],[-280,228],[-376,218],[-2641,1293]],[[275568,461717],[3498,9671],[314,859],[193,434],[218,402],[324,391],[586,435],[655,359],[778,445],[840,348],[760,424],[464,326],[306,402],[367,663],[848,1423],[376,598],[402,358],[271,109],[446,65],[1250,65],[656,22],[498,0],[507,-65],[263,-76],[271,-163],[1591,-1228],[2885,-1684],[4153,-1652],[2798,-1250],[3750,-1282],[2055,3553],[3008,6336],[1294,3455],[1101,3912],[682,2891],[61,423],[175,1717],[166,1239],[27,370],[43,891],[-17,1782],[-9,228],[-358,3531],[-385,2174],[-481,1858],[-61,152],[-219,619],[-52,142],[-271,695],[-245,478],[-385,620],[-349,576],[-315,445],[-630,739],[-306,326],[-1486,1402],[-376,315],[-1303,1119],[-183,152],[-402,381],[-385,478],[-210,402],[-341,793],[-166,652],[-70,283],[-149,934],[-61,380],[-52,642],[-35,402],[-9,978],[70,869],[9,413],[166,1173],[306,1239],[586,1456],[70,152],[568,1196],[524,956],[438,630],[437,620],[1565,1760],[891,858],[210,174],[560,587],[2937,2358],[3200,2945]],[[317674,537967],[5334,-2988],[3471,-1761],[778,-434],[559,-326],[131,-98],[612,-652],[499,-619],[1302,-2119],[560,-815],[2081,-3054],[813,-1195],[577,-783],[455,-456],[428,-359],[402,-250],[455,-173],[664,-120],[2947,87],[760,11],[665,-11],[603,-76],[594,-109],[508,-108],[542,-153],[463,-195],[341,-174],[437,-369],[324,-403],[1145,-1934],[350,-532],[306,-348],[446,-348],[515,-152],[280,-43],[297,0],[1102,195],[507,109],[385,76],[446,-11],[192,-65],[437,-163],[367,22],[245,-65],[271,-272],[315,-250],[376,-109],[516,44],[210,184],[437,77],[70,-642],[157,-467],[254,-108],[306,0],[445,-120],[359,-65],[245,-44],[306,33],[498,185],[315,54],[350,-120],[437,-402],[446,-195],[288,76],[376,87],[227,130],[324,-22],[253,-76],[298,-173],[515,86],[368,218],[244,-294],[193,-173],[393,-77],[271,-184],[367,141],[237,109],[314,21],[394,-119],[288,-380],[306,-250],[367,-131],[481,326],[376,-76],[411,-228],[499,-380],[393,-87],[446,65],[253,76],[298,228],[480,-152],[411,-11],[438,87],[437,-76],[297,109],[236,250],[516,10],[280,-228],[96,-304],[332,-217],[315,-152],[376,163],[393,108],[429,141],[262,468],[288,402],[394,-98],[498,196],[394,163],[306,293],[192,337],[131,282],[114,359],[87,467],[53,337],[376,207],[271,141],[192,434],[245,272],[280,359],[-123,456],[324,446],[419,-76],[236,510],[420,196],[227,-478],[359,-120],[271,-32],[376,141],[332,-54],[306,-76],[516,-66],[402,-130],[184,-261],[227,-424],[498,98],[219,54],[367,-152],[988,239],[184,294],[0,369],[288,283],[332,521],[280,392],[385,206],[542,11],[306,-294],[114,-293],[288,-380],[481,-109],[323,391],[350,326],[227,98],[333,239],[341,0],[271,87],[288,250],[201,424],[280,65],[472,-22],[262,283],[429,228],[210,-206],[236,-283],[306,-283],[306,-76],[288,120],[429,174],[314,369],[455,131],[507,217],[70,391],[315,413],[297,-11],[271,-11],[411,-141],[516,-98],[411,44],[253,163],[236,195],[376,-65],[341,-130],[490,-207],[271,-217],[673,-511],[577,-445],[472,-370],[385,0],[463,65],[324,185],[-201,544],[131,489],[385,0],[297,-229],[341,-250],[315,-217],[454,76],[289,304],[0,424],[341,228],[358,-54],[402,-11],[254,218],[350,-44],[402,-282],[384,-229],[167,-304],[288,-413],[525,87],[157,174],[481,22],[288,-163],[411,108],[289,120],[411,119],[262,174],[70,391],[446,44],[271,109],[350,304],[472,228],[201,141],[428,-380],[158,-348],[367,-174],[227,-21],[297,-555],[245,-315],[315,33],[297,119],[411,-347],[280,-228],[236,-77],[332,163],[350,131],[253,-98],[350,-217],[131,-326],[27,-478],[183,-250],[542,-76],[525,43],[297,-98],[490,-76],[61,-271],[411,-316],[481,-271],[271,-294],[323,-54],[446,217],[341,55],[201,-228],[227,-326],[167,-196],[279,-261],[175,-152],[332,-326],[350,-522],[254,-315],[183,-239],[297,-543],[105,-576],[516,-239],[-87,-228],[-70,-435],[35,-826],[79,-1043],[78,-543],[88,-435],[131,-554],[489,-1424],[132,-326],[174,-315],[429,-739],[245,-445],[323,-435],[227,-261],[455,-456],[481,-522],[166,-174],[979,-945],[1146,-967],[201,-250],[113,-511],[53,-250],[96,-532],[184,-489],[104,-250],[193,-446],[227,-467],[175,-326],[341,-641],[210,-369],[210,-370],[166,-358],[131,-500],[87,-609],[-52,-478],[0,-608],[52,-261],[114,-489],[-9,-511],[-131,-652],[26,-522],[429,-999],[411,-880],[725,-1044],[647,-641],[236,-195],[534,-370],[769,-456],[1399,-554],[446,-120],[2185,-272],[2326,-467],[551,-87],[3462,-250],[1574,-250],[2063,-467],[962,-217],[1311,-402],[2335,-848],[411,-228],[874,-478],[306,-76],[420,-120],[1127,-337],[403,-119],[323,-109],[280,-119],[288,-131],[341,-163],[341,-174],[254,-152],[411,-250],[725,-413],[481,-271],[997,-500],[944,-457],[245,-97],[324,-87],[279,-55],[437,-21],[735,-44],[507,11],[682,11],[385,76],[480,283],[62,32],[2212,1304],[979,609],[1652,1162],[1172,1022],[996,945],[1557,1239],[332,261],[507,467],[324,554],[332,837],[192,359],[219,239],[507,565],[297,228],[254,109],[367,-11],[236,-152],[419,-348],[508,-457],[183,-97],[481,-174],[446,-283],[682,-478],[446,-348],[769,-391],[350,-163],[778,-434],[236,-196],[271,-337],[105,-359],[149,-271],[402,-131],[288,76],[324,120],[1259,446],[953,358],[402,152],[551,0],[341,-108],[1119,-511],[1495,-826],[358,-76],[350,87],[1137,228],[1136,402],[88,22]],[[615301,503585],[437,-369],[236,-130],[228,-305],[183,-239],[368,-108],[157,-250],[114,-489],[78,-424],[236,-174],[315,-87],[341,11],[367,-478],[263,-337],[367,-76],[350,-44],[297,-86],[428,-196],[96,-272],[324,-369],[516,-11],[533,65],[105,457],[166,467],[306,119],[306,-141],[420,-391],[323,-44],[332,-260],[455,97],[306,229],[472,-316],[-157,-391],[-210,-152],[149,-619],[376,-272],[218,337],[507,76],[88,-250],[157,-435],[420,-108],[428,-305],[-114,-402],[27,-304],[-88,-630],[88,-489],[140,-174],[174,-467],[149,-283],[341,-130],[498,-207],[385,-108],[358,-196],[219,-304],[105,-533],[26,-271],[-26,-468],[-61,-554],[166,-337],[236,-326],[420,-21],[332,424],[341,-185],[148,-359],[280,-239],[306,-435],[341,468],[394,-131],[218,-586],[175,-500],[297,-359],[411,196],[402,217],[175,-598],[53,-347],[-254,-348],[-218,-65],[-385,-283],[218,-424],[53,-597],[647,43],[157,424],[394,326],[341,130],[341,-402],[-44,-402],[-289,-271],[-17,-435],[9,-315],[26,-511],[446,-413],[148,-185],[35,-510],[-26,-326],[297,-359],[289,261],[446,-152],[-9,-337],[-201,-456],[26,-316],[-157,-532],[245,-511],[349,-250],[324,-478],[-175,-467],[-350,-272],[79,-402],[245,-282],[140,-565],[-114,-261],[44,-533],[17,-391],[44,-619],[-192,-196],[-245,-304],[-88,-413],[-61,-380],[18,-620],[253,-304],[332,-511],[280,-478],[114,-358],[218,-218],[132,-445],[43,-500],[166,-294],[53,-478],[-26,-282],[-35,-467],[26,-609],[26,-522],[18,-499],[-97,-305],[140,-445],[114,-326],[219,-489],[288,-402],[306,-109],[122,-380],[376,-196],[18,-445],[306,-413],[367,-381],[53,-554],[183,-315],[123,-576],[349,-206],[472,-152],[376,-11],[-87,-435],[236,-283],[446,-249],[-53,-424],[70,-326],[-61,-446],[-350,-217],[-52,-446],[297,-228],[289,-511],[218,-195],[359,-44],[280,11],[306,-184],[480,-163],[298,-131],[463,-250],[236,-478],[332,-304],[228,358],[279,-87],[333,-467],[271,-282],[323,108],[297,-65],[359,-337],[323,-293],[271,-11],[210,500],[411,-22],[228,-358],[-27,-424],[114,-337],[428,152],[341,-217],[140,-587],[551,-11],[323,-109],[-52,-641],[254,-358],[183,-468],[35,-565],[429,-108],[507,-163],[332,-207],[280,-11],[262,-445],[315,-98],[306,206],[507,66],[96,-685],[-26,-598],[96,-412],[-227,-555],[-175,-565],[-359,-282],[-105,-413],[53,-315],[122,-435],[-288,-250],[-193,-630],[-52,-457],[140,-434],[245,-315],[384,260],[9,413],[411,250],[271,-510],[332,-283],[306,-293],[-44,-533],[140,-478],[306,-359],[254,-195],[332,-174],[490,65],[166,-500],[17,-619],[403,-228],[244,-185],[341,-130],[385,21],[367,-467],[429,33],[297,-163],[-44,-478],[254,-305],[-149,-456],[-192,-163],[175,-652],[393,22],[105,-511],[-201,-185],[105,-521],[297,-163],[201,-348],[359,22],[17,-609],[-184,-478],[-271,-543],[-480,-87],[-79,-663],[-236,-370],[-44,-489],[289,-152],[253,-260],[-9,-598],[184,-337],[17,-348],[-8,-532],[35,-457],[-27,-347],[140,-533],[27,-489],[279,-239],[114,-282],[245,-565],[227,-250],[262,-392],[228,-195],[52,-543],[-183,-185],[148,-533],[289,66],[411,32],[402,-261],[140,-380],[-254,-402],[376,-478],[350,-22],[288,-337],[158,-402],[358,-304],[499,-22],[367,424],[183,-522],[411,-65],[105,391],[367,207],[201,-185],[368,337],[323,326],[245,-98],[61,-674],[455,-369],[350,-54],[384,-435],[-131,-272],[289,-467],[384,-315],[245,-130],[367,184],[27,478],[410,207],[228,-413],[-114,-619],[341,-500],[437,217],[359,-163],[96,-304],[-35,-522],[428,-206],[542,87],[184,-620],[166,-565],[245,-467],[0,-565],[-297,-348],[52,-500],[306,-141],[157,-467],[-139,-370],[-298,-195],[245,-565],[315,-11],[280,358],[384,-347],[446,-370],[254,-228],[306,76],[288,304],[88,565],[-201,305],[26,380],[332,228],[289,-326],[96,-271],[61,-435],[79,-587],[358,-65],[201,304],[-79,478],[-78,435],[-44,380],[-149,359],[-393,456],[105,522],[297,391],[324,-109],[498,-87],[210,500],[280,-65],[201,598],[-166,630],[445,-22],[341,-337],[62,-271],[70,-435],[454,207],[472,184],[236,-282],[438,-22],[166,163],[419,-272],[437,-293],[464,54],[-9,424],[-306,435],[-288,11],[-88,630],[376,65],[472,-141],[446,-44],[254,-315],[244,-521],[446,0],[298,-576],[122,-402],[262,-229],[464,-21],[332,-87],[315,-174],[209,-283],[-96,-489],[-271,-97],[18,-522],[393,-185],[507,11],[368,-109],[428,-86],[201,565],[9,662],[367,-54],[122,-402],[-131,-587],[-105,-380],[-35,-446],[385,-217],[271,-152],[306,-250],[262,413],[44,402],[122,456],[376,337],[298,283],[175,380],[419,359],[280,315],[297,0],[411,-11],[157,424],[105,511],[394,412],[253,-315],[254,-174],[297,-173],[53,-479],[323,-260],[411,239],[359,130],[262,65],[323,109],[455,87]],[[693979,420207],[-18,-22],[-1468,-1749],[-534,-750],[18,-304],[350,-446],[367,-674],[524,-836],[228,-489],[166,-381],[306,-423],[253,-207],[298,-11],[375,-32],[551,-153],[105,-597],[-183,-576],[-27,-435],[-8,-608],[-62,-457],[-43,-608],[183,-522],[149,-402],[17,-413],[105,-1488],[53,-642],[96,-391],[87,-348],[236,-956],[44,-282],[-17,-489],[-35,-402],[-44,-478],[-87,-337],[-97,-381],[-139,-315],[-158,-380],[-70,-261],[-656,-2695],[-218,-402],[-481,-87],[-516,-261],[-1608,-1271],[-88,-206],[-87,-1685],[-350,-1749],[-166,-989],[-402,-2206],[-62,-587],[-26,-391],[26,-576],[9,-250],[-148,-608],[-202,-772],[-131,-576],[-78,-456],[-44,-326],[-26,-706],[-123,-1196],[-297,-3097],[-122,-510],[-315,-1348],[-429,-1217],[-507,-1478],[-122,-326],[-105,-358],[-52,-359],[-62,-609],[-201,-1293],[-96,-391],[-166,-489],[-245,-695],[-533,-1837],[-18,-402],[9,-521],[35,-392],[-26,-510],[-26,-359],[-131,-630],[-158,-380],[-148,-316],[-149,-391],[-324,-847],[-61,-305],[-87,-489],[-236,-1858],[-1688,131],[-332,32],[-341,-32],[-306,-22],[-288,-44],[-429,-87],[-463,-184],[-455,-294],[-288,-293],[-569,-576],[-1669,-1532],[-752,-783],[-455,-391],[-874,-565],[-333,-130],[-244,87],[-376,65],[-298,-65],[-376,-131],[-979,-358],[-227,-55],[-2186,-141],[-393,0],[-831,163],[-358,76],[-402,185],[-682,337],[-289,250],[-446,54],[-874,22],[-1714,-65],[-288,-76],[-341,-98],[-420,-218],[-341,-260],[-1058,-837],[-157,-272],[-87,-369],[-79,-620],[-210,-608],[-131,-380],[-123,-576],[-78,-511],[-79,-815],[-17,-228],[-97,-1087],[-78,-391],[-44,-348],[-140,-565],[61,-326],[-43,-435],[35,-380],[-201,-532],[-280,-229],[-254,-391],[-131,-402],[-254,-315],[-2299,-1586],[-297,-239],[-1093,-652],[-341,-218],[-455,-98],[-1180,109],[-367,33],[-533,163],[-630,239],[-253,-44],[-306,-239],[-394,-217],[-490,-22],[-655,-217],[-455,-196],[-1355,-728],[-463,-326],[-350,-272],[-306,-369],[-236,-359],[-245,-402],[-262,-391],[-263,-456],[-227,-402],[-245,-337],[-271,-467],[-245,-370],[-192,-337],[-227,-347],[-210,-240],[-227,-239],[-263,-271],[-271,-250],[-183,-185],[-332,-424],[-481,-521],[-446,-565],[-1014,-1511]],[[642737,333992],[-394,141],[-787,261],[-306,142],[-411,293],[-148,304],[-245,859],[-359,804],[-139,271],[-1137,1565],[-341,207],[-245,43],[-315,0],[-524,-109],[-944,-380],[-298,-109],[-821,-260],[-411,-33],[-324,11],[-743,130],[-463,131],[-394,-109],[-996,-902],[-324,-206],[-411,130],[-253,131],[-341,228],[-219,195],[-192,391],[-140,337],[-166,392],[-184,304],[-367,402],[-227,467],[-79,304],[-254,392],[-253,141],[-289,152],[-1329,511],[-341,87],[-480,97],[-350,-10],[-324,-66],[-297,-108],[-761,-305],[-524,-152],[-236,-21],[-394,21],[-323,33],[-306,76],[-332,141],[-333,239],[-288,261],[-341,435],[-210,369],[-227,587],[-105,402],[-88,326],[-183,565],[-184,283],[-315,282],[-769,696],[-184,304],[-244,337],[-341,141],[-813,293],[-263,142],[-760,836],[-289,218],[-350,76],[-498,-65],[-245,-163],[-489,-685],[-368,-174],[-375,33],[-193,54],[-621,326],[-367,239],[-472,131],[-516,-33],[-271,-98],[-454,-195],[-438,-153],[-340,-97],[-272,54],[-306,293],[-183,305],[-149,380],[-157,402],[-166,348],[-350,489],[-227,239],[-3008,2640],[-717,685],[-2841,2521],[-201,152],[-333,228],[-183,131],[-157,467],[-202,456],[-52,468],[-612,195],[-542,174],[-1041,304],[-96,33],[-655,304],[-193,163],[-507,793],[-253,207],[-1933,1108],[-2159,1500],[-2221,1728],[-2151,3314],[-139,424],[-228,2727],[-70,1608],[96,1380],[88,2282],[-210,435],[-1364,869],[-122,316],[96,456],[-18,435],[9,271],[149,467],[148,598],[-78,685],[-175,587],[-157,108],[-1767,-348],[-174,-54],[-691,-1456],[-306,-337],[-315,-76],[-691,217],[-340,185],[-796,717],[-227,218],[-455,391],[-376,293],[-271,174],[-297,141],[-770,294],[-402,261],[-638,565],[-254,228],[-446,337],[-253,315],[-245,293],[-288,533],[-333,532],[-314,424],[-280,435],[-350,499],[-271,326],[-253,305],[-289,282],[-708,598],[-402,391],[-394,283],[-673,326],[114,369],[-271,326],[-665,33],[-367,21],[-253,457],[-254,380],[-44,478],[-1233,2000],[-209,239],[-805,565],[-332,217],[-420,533],[-1110,1564],[-1189,1533],[-656,869],[-1897,2097],[-1539,1402],[-1530,1130],[-1591,1195],[-1241,1185],[-822,2390],[-123,348],[-349,446],[-359,304],[-489,1293],[402,141],[192,0],[394,250],[-35,652],[-70,1358],[-70,240],[-1889,510],[-367,239],[-210,250],[-96,402],[-192,337],[-306,478],[-271,457],[-507,423],[-9,489],[17,457],[-52,435],[-35,456],[-53,304],[-568,630],[-1705,-163],[-1364,-130],[-988,-206],[-463,-196],[-2247,-1228],[-306,-98],[-525,109],[-1870,1087],[-298,65],[-367,11],[-1547,-272],[-717,-54],[-875,21],[-550,109],[-1067,424],[-420,54],[-437,54],[-149,22],[-681,109],[-464,152],[-271,163],[-420,467],[-209,554],[-263,718],[-210,206],[-349,163],[-437,185],[-516,337]],[[515815,452383],[88,108],[2081,4466],[2011,4347],[2045,4401],[2457,5292],[2029,4357],[1687,3619],[1941,4194],[2291,4912],[1801,3836],[2421,5237],[1845,3956],[2439,5248],[2833,6020],[-105,1065],[-533,2728],[-140,1391],[-52,2260],[139,1630],[35,1728],[-61,1586],[-166,2250],[-437,2651],[-568,1967],[-446,1912],[-210,1261],[-70,728],[52,565],[315,522],[656,706],[1093,956],[988,663],[769,337],[979,380],[1347,446],[1145,260],[1644,163],[1442,-467],[1565,-500],[1233,-369],[866,-293],[463,-131],[288,-261],[1076,-1684],[857,-891],[629,-435],[1845,-695],[1740,-370],[2867,-434],[1207,-98],[2090,-141],[1652,54],[1652,206],[376,55],[402,76],[271,282],[70,479],[420,282],[210,326],[367,33],[490,-315],[280,-218],[498,-119],[402,-22],[551,-22],[612,76],[419,65],[306,218],[359,250],[516,-11],[384,-131],[376,-282],[280,-109],[429,33],[288,-120],[437,152],[332,66],[341,141],[333,196],[481,119],[472,109],[481,260],[367,0],[253,153],[236,326],[464,282],[524,185],[420,-87],[525,98],[393,87],[297,21],[324,163],[323,337],[297,533],[394,0],[306,-185],[253,-98],[376,-185],[376,-130],[333,-163],[253,-109],[306,-282],[324,-163],[262,-522],[-149,-445],[-306,-87],[-192,-261],[-9,-445],[-35,-348],[210,-326],[210,-370],[105,-304],[201,-532],[87,-435],[79,-511],[184,-348],[209,-347],[-157,-381],[70,-347],[350,-261],[140,-587],[-62,-619],[-17,-435],[26,-608],[-79,-316],[88,-456],[114,-348],[201,-565],[480,-141],[429,-217],[288,-250],[263,-305],[314,-206],[429,-196],[262,-97],[551,0],[280,184],[472,-250],[280,-239],[472,33],[210,-402],[218,-326],[53,-326],[-35,-489],[227,-196],[402,-250],[9,-347],[79,-337],[393,-44],[420,-239],[271,-76],[306,-271],[131,-348],[358,-304],[254,-87],[245,-229],[411,-336],[227,-620],[332,-43],[341,-250],[210,-554],[149,-413],[104,-511],[-183,-293],[-201,-489],[-26,-272],[244,-402],[245,-294],[201,-532],[123,-402],[271,-565],[122,-489],[149,-337],[175,-456],[271,-326],[314,-489],[70,-305],[297,-282],[193,-152],[323,-152],[1015,-609],[1897,-1152],[3383,-1858],[1994,-1184],[1145,-946],[1049,-1249],[507,-685],[201,-283]],[[519601,220253],[3602,1228],[3812,1401],[595,120],[341,11],[4598,-652]],[[532549,222361],[-2561,-7270],[-2527,-6052],[324,-370],[515,-782],[595,-880],[979,-1185],[385,-337],[262,-130],[402,-228],[411,-348],[533,-511],[202,-185],[489,-586],[560,-696],[367,-511],[393,-565],[219,-326],[297,-467],[534,-956],[638,-1141]],[[535566,198835],[-376,-565],[-210,-446],[-219,-282],[-411,-294],[-201,-391],[-157,-380],[-131,-522],[-157,-315],[-202,-478],[-35,-619],[-157,-620],[-122,-402],[-201,-608],[-236,-587],[-167,-337],[-253,-565],[-332,-815],[-166,-478],[-193,-728],[-96,-402],[-61,-391],[-96,-446],[-184,-456],[-166,-457],[-219,-717],[-201,-565],[-105,-380],[114,-544],[44,-402],[61,-500],[-44,-369],[-17,-522],[-88,-1347],[-271,-272],[-323,-76],[-647,-293],[-254,-65],[-280,-294],[-113,-348],[-105,-532],[-201,-435],[-61,-228],[-62,-837],[-105,-478],[-139,-282],[-254,-391],[-79,-435],[35,-337],[-78,-500],[-271,-510],[-350,-348],[-219,-218],[-192,-521],[-289,-239],[-367,-141],[-297,-218],[-437,-271],[-429,-348],[-244,-370],[-551,44],[-280,-304],[-122,-718],[-123,-619],[-96,-598],[-157,-510],[-149,-424],[-201,-630],[-122,-522],[-149,-543],[-18,-620],[-52,-445],[-96,-326],[-236,-305],[-315,-195],[-271,-239],[-201,-413],[-44,-294],[44,-434],[105,-652],[-44,-554],[-210,-381],[-358,-467],[-227,-261],[-376,-206],[-245,-98],[-446,-337],[-988,-956],[-166,-228],[-359,-598],[-113,-359],[-44,-369],[-35,-348],[-61,-337],[-61,-402],[-105,-337],[-158,-391],[-175,-347],[-139,-240],[-464,-575],[-218,-261],[-263,-304],[-105,-370],[9,-380],[44,-500],[157,-641],[193,-544],[61,-456],[26,-359],[-9,-456],[-166,-435],[-105,-293],[-140,-435],[-236,-402],[-122,-619],[114,-587],[17,-359],[9,-380],[-53,-358],[0,-337],[53,-533],[-79,-543],[-183,-304],[-490,-772],[-271,-489],[-227,-261],[-446,-271],[-368,-413],[-297,-522],[-175,-424],[-227,-315],[-525,-945],[-218,-424],[17,-456],[280,-848],[79,-543],[35,-435],[9,-1195],[0,-478],[43,-359],[88,-337],[78,-608],[53,-250],[87,-478],[-1145,119],[-1110,152],[-149,22],[297,-1206],[245,-674],[26,-65],[402,-956],[202,-337],[306,-283],[358,-152],[673,-130],[1364,-261],[271,-87],[289,-141],[262,-185],[332,-369],[280,-424],[201,-424],[166,-413],[105,-391],[35,-315],[0,-381],[-105,-586],[-245,-587],[-166,-294],[-1643,-2455],[-140,-468],[8,-565],[700,-2401],[498,-1304],[533,-1858],[464,-1815],[157,-739],[44,-445],[0,-424],[-26,-413],[-123,-576],[-507,-1326],[-105,-326],[-96,-348],[-70,-532],[18,-413],[70,-424],[244,-913],[-70,-608],[-428,-217],[-1084,-66],[-114,-358],[341,-478],[420,-218],[428,-163],[1023,-347],[271,-272],[53,-554],[-158,-348],[-279,-282],[-612,-207],[-97,-54],[-428,-218],[-332,-271],[-280,-424],[-131,-532],[-26,-261],[-18,-500],[0,-1478],[0,-43],[35,-1011],[35,-609],[122,-423],[254,-185],[367,-54],[359,119],[481,294],[419,282],[708,348],[403,261],[297,228],[218,174],[394,260],[516,87],[236,-445],[35,-522],[0,-1391],[35,-500],[-27,-358],[-104,-467],[-167,-468],[-271,-456],[-166,-261],[-192,-315],[-157,-478],[-62,-674],[-52,-402],[-210,-587],[-227,-423],[-254,-576],[-175,-772],[-140,-652],[-227,-576],[-245,-500],[-148,-260],[-639,-1109],[-87,-380],[122,-446],[350,-358],[306,-196],[499,-185],[314,0],[298,87],[375,218],[271,337],[140,271],[306,348],[490,-174],[79,-456],[-27,-315],[-61,-479],[-78,-467],[-53,-282],[-70,-794],[-26,-663],[-88,-478],[-104,-282],[-167,-402],[-218,-381],[-673,-1151],[-114,-218],[-280,-445],[-489,-652],[-97,-109],[-1084,-1130],[-376,-391],[-891,-924],[-420,-456],[-428,-478],[-280,-402],[-289,-555],[-148,-543],[-70,-500],[-35,-348],[52,-543],[175,-402],[210,-304],[271,-315],[262,-196],[446,-337],[192,-206],[140,-348],[27,-641],[-44,-1098],[-9,-445],[-17,-500],[-9,-478],[-18,-402],[-52,-522],[-341,-1260],[-114,-587],[9,-424],[87,-598],[123,-825],[-35,-457],[-254,-684],[-157,-413],[-79,-413],[236,-478],[403,-229],[297,11],[384,239],[350,479],[761,1184],[201,206],[341,207],[446,239],[446,174],[341,65],[411,-65],[253,-109],[262,-293],[114,-424],[-87,-511],[-350,-706],[-88,-272],[-96,-402],[-105,-576],[-35,-282],[-26,-467],[9,-413],[114,-587],[104,-424],[167,-489],[166,-348],[175,-391],[288,-478],[157,-250],[263,-435],[131,-206],[262,-435],[245,-391],[157,-228],[298,-294],[244,-163],[315,-163],[262,-108],[403,-141],[498,-250],[271,-598],[-122,-261],[-656,-532],[-35,-576],[218,-283],[779,-413],[402,-293],[446,-359],[437,-217],[411,-65],[393,-11],[289,0],[498,-76],[376,-98],[402,-98],[586,-163],[1792,-641],[332,-228],[376,-467],[201,-457],[97,-282],[297,-1413],[61,-315],[175,-717],[131,-446],[280,-1043],[0,-22],[236,-836],[192,-685]],[[531465,43292],[-472,239],[-804,348],[-630,272],[-690,228],[-560,195],[-192,44],[-1076,282],[-1285,294],[-760,141],[-464,54],[-489,66],[-586,-11],[-1224,108],[-411,185],[-271,196],[-560,532],[-61,54],[-358,500],[-245,391],[-210,153],[-481,119],[-341,-130],[-245,-294],[-209,-423],[-158,-403],[-87,-489],[0,-488],[43,-305],[132,-391],[332,-522],[280,-239],[367,-206],[472,-207],[682,-141],[726,-65],[358,-98],[358,-130],[403,-196],[411,-337],[332,-304],[393,-435],[289,-336],[183,-207],[280,-435],[245,-434],[140,-402],[61,-631],[-114,-793],[-201,-934],[-157,-413],[-201,-359],[-131,-217],[-403,-598],[-262,-261],[-271,-152],[-411,-108],[-236,-11],[-341,43],[-446,152],[-402,283],[-323,348],[-945,1249],[-183,196],[-341,369],[-289,250],[-236,163],[-323,98],[-437,-54],[-228,-120],[-262,-261],[-184,-337],[-87,-380],[-87,-858],[-149,-1326],[-166,-1228],[-166,-695],[-228,-511],[-271,-424],[-183,-206],[-333,-294],[-463,-271],[-245,-87],[-332,-76],[-594,43],[-298,120],[-376,260],[-306,370],[-201,641],[-17,478],[96,478],[96,261],[219,489],[542,1130],[551,1304],[244,750],[27,587],[-341,521],[-263,109],[-411,11],[-402,-109],[-332,-206],[-1049,-848],[-656,-478],[-393,-228],[-455,-131],[-236,-10],[-350,32],[-481,131],[-297,76],[-813,206],[-420,33],[-384,-22],[-201,-54],[-376,-207],[-315,-304],[-245,-402],[-122,-337],[-70,-446],[-35,-402],[-9,-1358],[-44,-478],[-113,-326],[-219,-304],[-288,-207],[-324,-87],[-428,76],[-796,337],[-1233,576],[-533,304],[-1075,794],[-507,532],[-289,380],[-175,413],[-52,305],[17,467],[53,326],[262,597],[726,1033],[297,445],[253,359],[202,598],[26,467],[-79,456],[-184,424],[-262,337],[-157,141],[-1250,533],[-534,228],[-1031,445],[-455,174],[-385,65],[-367,11],[-472,-108],[-350,-153],[-323,-217],[-280,-282],[-166,-207],[-219,-369],[-166,-348],[-236,-467],[-402,-826],[-595,-1011],[-734,-1282],[-122,-228],[-184,-370],[-157,-532],[-53,-315],[-17,-630],[26,-316],[96,-445],[131,-315],[350,-804],[192,-348],[245,-424],[525,-1010],[148,-337],[79,-381],[192,-1347],[105,-543],[175,-261],[446,-218],[280,55],[384,380],[254,533],[428,1217],[158,369],[376,435],[280,65],[463,-174],[166,-185],[149,-413],[35,-467],[-79,-1184],[-88,-1130],[-26,-674],[18,-435],[122,-478],[219,-424],[393,-434],[673,-522],[446,-337],[61,-32],[490,-185],[385,-152],[813,-261],[419,-87],[315,-65],[621,0],[376,32],[533,98],[35,0],[560,55],[524,-55],[420,-174],[219,-141],[367,-511],[157,-434],[44,-555],[-79,-575],[-70,-272],[-157,-370],[-201,-326],[-499,-554],[-323,-293],[-350,-304],[-603,-468],[-734,-576],[-490,-489],[-831,-771],[-8,0],[-1373,-956],[-192,-109],[-411,-120],[-324,55],[-288,174],[-324,423],[-533,1087],[-236,543],[-271,370],[-324,174],[-341,43],[-271,-98],[-349,-510],[-140,-587],[-79,-576],[-70,-717],[-166,-1380],[-105,-783],[-210,-749],[-245,-500],[-358,-522],[-184,-282],[-612,-718],[-244,-206],[-481,-272],[-236,-21],[-394,-22],[-463,98],[-542,130],[-481,98],[-437,43],[-490,55],[-621,32],[-472,131],[-306,87],[-332,141],[-236,174],[-236,260],[-201,500],[-61,283],[-44,532],[26,663],[61,728],[62,1065],[8,609],[-26,912],[0,44],[-35,782],[-70,533],[-271,1358],[18,44],[-62,1064],[-43,642],[-96,336],[-280,413],[-245,261],[-262,217],[-324,131],[-419,54],[-376,-54],[-385,-294],[-149,-239],[-201,-358],[-140,-500],[-43,-391],[43,-359],[166,-858],[123,-554],[70,-489],[52,-479],[35,-391],[35,-467],[18,-685],[-35,-673],[-27,-641],[-35,-359],[-52,-402],[-61,-326],[-70,-370],[-114,-369],[-157,-543],[-193,-631],[-201,-739],[-78,-347],[-96,-457],[-18,-684],[35,-1065],[9,-620],[-18,-1847],[-78,-554],[-429,-380],[-419,-11],[-324,108],[-411,294],[-341,391],[-192,283],[-166,271],[-193,304],[-157,316],[-289,554],[-332,673],[-61,131],[-542,1010],[-402,533],[-367,413],[-446,250],[-324,108],[-323,33],[-324,0],[-419,-33],[-473,-130],[-253,-109],[-455,-326],[-271,-217],[-446,-413],[-297,-511],[-358,-934],[-306,-1185],[-149,-673],[-201,-544],[-280,-597],[-323,-413],[-219,-218],[-385,-369],[-445,-293],[-403,-163],[-288,-76],[-350,-22],[-472,-11],[-280,22],[-358,43],[-298,65],[-480,163],[-420,174],[-402,163],[-263,131],[-393,271],[-682,620],[-175,174],[-507,673],[-253,446],[-228,521],[-87,479],[-18,412],[-26,2119],[-17,413],[-53,1380],[-105,587],[-288,1793],[-140,1076],[0,11],[-131,1032],[-324,1880],[0,11],[-358,1521],[-464,1500],[-524,1293],[-367,750],[-263,456],[-1372,1967],[-647,826],[-743,1065],[-1119,1858],[-2239,3434],[-1355,2238],[-629,967],[-472,620],[-333,228],[-489,185],[-464,76],[-2011,347],[-1713,315],[-892,229],[-603,54],[-455,-65],[-524,-250],[-796,-500],[-2667,-1217],[-1731,-315],[-1346,-294],[-516,-304],[-306,-271],[-411,-479],[-192,-499],[-96,-544],[-9,-532],[122,-511],[210,-391],[219,-272],[349,-206],[473,-196],[638,0],[533,131],[630,282],[778,228],[568,98],[1075,120],[945,358],[664,261],[411,152],[446,196],[385,163],[1521,880],[507,195],[350,22],[384,-108],[298,-250],[131,-326],[43,-446],[-8,-359],[-79,-358],[-621,-1760],[-306,-978],[-26,-989],[26,-522],[149,-413],[271,-565],[437,-532],[376,-359],[245,-152],[419,-207],[910,-43],[883,-130],[507,-196],[778,-402],[560,-359],[341,-293],[288,-370],[157,-467],[62,-500],[-18,-543],[-105,-565],[-944,-2086],[-393,-435],[-1181,-652],[-428,-250],[-455,-391],[-1285,-1217],[-542,-304],[-490,-218],[-367,0],[-533,196],[-324,304],[-830,1174],[-324,271],[-384,174],[-569,98],[-848,-87],[-690,-261],[-420,-413],[-280,-608],[-96,-544],[-18,-282],[-26,-543],[-9,-478],[35,-924],[70,-685],[166,-750],[140,-521],[-26,-435],[-376,-489],[-288,-152],[-2177,-478],[-455,-152],[-752,-380],[-1801,-859],[-367,-109],[-490,33],[-384,87],[-324,228],[-367,337],[-192,304],[-140,554],[-79,479],[-35,1434],[105,1087],[131,641],[201,717],[175,435],[516,1097],[140,402],[61,402],[-9,565],[-78,391],[-132,370],[-253,272],[-560,391],[-778,261],[-481,163],[-314,97],[-534,-108],[-288,-218],[-228,-402],[-105,-358],[53,-598],[70,-456],[166,-1304],[17,-609],[-17,-543],[-114,-511],[-209,-695],[-140,-402],[-228,-424],[-349,-337],[-682,-467],[-1854,-957],[-568,-228],[-726,-98],[-568,55],[-498,130],[-709,250],[-472,196],[-3296,1575],[-1031,435],[-2046,880],[-674,348],[-61,33],[-1145,728],[-988,456],[-831,326],[-1031,304],[-691,163],[-533,196],[-2090,1347],[-1049,446],[-822,304],[-944,239],[-2037,511],[-437,76],[-980,76],[-681,54],[-350,44],[-1041,130],[-384,54],[-1076,163],[-1171,77],[-603,-33],[-1172,-87],[-192,-22],[-1084,-54],[-988,0],[-612,33],[-473,97],[-410,185],[-464,283],[-183,163],[-315,304],[-385,598],[-236,575],[-201,718],[0,10],[-315,1837],[18,500],[210,521],[314,218],[359,54],[384,-54],[726,-294],[787,-152],[323,0],[403,33],[411,185],[314,239],[525,456],[481,565],[279,511],[193,521],[647,2076],[350,771],[43,98],[385,837],[551,837],[463,543],[96,98],[507,510],[140,109],[472,294],[79,43],[393,337],[289,565],[-17,500],[-149,478],[-245,413],[-253,271],[-254,207],[-289,152],[-507,217],[-306,87],[-445,131],[-525,43],[-315,-32],[-297,-66],[-411,-282],[-254,-304],[-148,-294],[-105,-521],[-26,-978],[-27,-620],[-69,-739],[-167,-608],[-244,-489],[-175,-261],[-350,-380],[-219,-163],[-271,-196],[-323,-174],[-507,-163],[-385,-54],[-402,0],[-726,32],[-472,55],[-402,54],[-542,22],[-227,11],[-988,76]],[[394324,34849],[0,11],[35,1760],[-228,2467],[-52,456],[-184,913],[-236,706],[-61,326],[166,1315],[315,1869],[70,543],[70,392],[210,380],[314,152],[700,-65],[384,87],[245,174],[219,391],[26,402],[-61,1402],[-26,326],[-254,1912],[-140,304],[-315,587],[62,554],[35,457],[-166,250],[-446,315],[-210,141],[-210,326],[-140,489],[-26,207],[166,510],[-463,218],[-499,-131],[-411,163],[-175,478],[-480,685],[-210,76],[-516,-174],[-245,120],[-420,445],[-542,402],[-673,435],[-96,217],[-323,1619],[-97,1131],[201,3466],[-96,1923],[18,1065],[-18,750],[-559,33],[-376,32],[-420,98],[-131,674],[-87,413],[-88,326],[-218,684],[-411,1402],[-70,337],[43,500],[123,956],[70,532],[-35,707],[0,510],[-105,446],[114,565],[8,565],[-96,283],[-183,684],[-27,87],[18,663],[-472,239],[-254,489],[-9,402],[53,641],[-350,261],[88,652],[113,619],[0,305],[-52,619],[148,1043],[53,381],[-114,652],[-612,260],[-717,283],[-271,109],[-183,326],[78,369],[158,587],[96,348],[70,423],[26,348],[0,424],[-70,272],[-262,282],[-394,239],[-349,217],[-1994,1228],[-2273,1424],[-1547,967],[-9,54],[376,804],[70,381],[-9,500],[-52,445],[-272,924],[-1224,717],[-375,43],[-237,55],[-349,32],[-429,-10],[-358,-66],[-341,-87],[-516,-76],[-402,76],[-332,109],[-280,130],[-262,33],[-324,11],[-420,-370],[-26,-358],[-78,-489],[-543,32],[-454,98],[-394,33],[-271,0],[-437,-87],[-323,-130],[-534,-207],[27,-445],[78,-294],[35,-424],[-1302,-912],[-472,-261],[-525,-218],[-428,-293],[-1181,-598],[-577,-304],[-682,-435],[-349,-163],[-1076,1076],[-1792,815],[17,402],[-17,598],[-831,1054],[-201,261],[-848,1086],[-1617,2087],[-2562,3521],[-1338,1771],[-1232,1543],[-385,511],[-472,575],[-367,468],[-551,739],[-263,130],[-5368,-2880],[-367,-478],[-332,-228],[-542,-337],[-245,-152],[-297,-206],[-228,-424],[-507,-239],[-314,22],[-350,-163],[-341,-392],[-359,-347],[-402,-348],[-446,-348],[-411,-293],[-262,-207],[-577,-337],[-253,-152],[-446,-228],[-306,-206],[-263,-152],[-638,-326],[-341,-185],[-778,-391],[-297,-131],[-315,-130],[-769,-294],[-857,-315],[-254,-87],[-594,-174],[-332,-86],[-394,-109],[-175,-54],[-568,-163],[-288,10],[-280,33],[-429,43],[-192,33],[603,13301],[9,239],[-393,1456],[-306,-185],[-2518,-1326],[-7554,-3988],[-4127,-2075],[-149,-65],[-821,-413],[-158,-109],[-690,-380],[-2466,-1185],[-428,-54],[-280,500],[26,348],[1233,4357],[122,413],[1320,5281],[2842,9976],[3471,13767],[656,2467],[349,1293],[4354,-1630],[236,-87],[455,-174],[3794,-1412],[7379,-2749],[4748,-1783],[4371,-1619],[2702,-999],[1678,-555],[9,11],[1137,1065],[629,544],[1067,923],[2124,1847],[1023,913],[796,685],[2264,1901],[1251,1044],[1591,1347],[210,185],[856,739],[2711,2358],[1722,1456],[752,565],[359,217],[708,413],[979,544],[1154,641],[1294,500],[9,641],[17,510],[-70,609],[0,630],[-280,109],[-183,282],[-420,2847],[-105,1130],[-157,272],[-1819,1597],[-813,609],[-341,250],[-568,261],[-9,358],[-175,544],[-236,467],[-131,261],[-227,847],[-158,641],[-69,576],[-35,1261],[43,1206],[158,652],[192,619],[79,250],[148,685],[53,391],[-18,815],[-70,3314],[201,1467],[44,804],[-79,435],[-681,2097]],[[535566,198835],[367,-641],[61,-109],[656,-1141],[507,-880],[254,-283],[384,-195],[149,-87],[245,-467],[306,-468],[271,-304],[209,-261],[35,-554],[62,-391],[131,-587],[280,-576],[271,-424],[209,-402],[263,-662],[227,-435],[472,-326],[262,-283],[403,-315],[393,-369],[280,-315],[454,-316],[228,-293],[113,-608],[298,-250],[437,-413],[245,-228],[349,-326],[350,-185],[289,-131],[323,-282],[210,-424],[271,-413],[428,-511],[79,-87],[551,-597],[297,-315],[131,-228],[166,-489],[201,-533],[105,-348],[263,-500],[253,-369],[175,-217],[271,-283],[367,-282],[472,-446],[577,-706],[53,-65],[446,-609],[271,-206],[612,499],[236,-43],[1032,-3227],[43,-326],[-201,-1793],[-140,-239],[-708,-174],[-262,-457],[218,-271],[0,-500],[-166,-272],[-271,-369],[-725,-902],[183,-359],[201,-282],[-341,-489],[-288,-272],[-297,-261],[-167,-163],[-533,-597],[-306,-413],[-350,-663],[-78,-218],[-271,-825],[-341,-392],[-149,-271],[-280,-902],[-70,-424],[-52,-435],[-70,-880],[-9,-261],[4319,-4564],[2772,-2955],[358,-370],[3628,-3716],[237,-239],[498,-533],[909,-988],[1338,-1456],[2177,-2424],[1574,-1706],[1774,-1749],[1277,-1163],[944,-858],[201,-250],[1137,-1652],[655,-935],[1172,-1434],[1058,-934],[761,-642],[463,-478],[953,-1412],[376,-870],[271,-967],[70,-315],[-53,-445],[-8,-511],[-184,-587],[87,-435],[79,-499],[192,-359],[-104,-619],[-254,-240],[-96,-543],[-262,-402],[332,-293],[35,-359],[-166,-478],[-245,-380],[-61,-294],[-166,-402],[17,-467],[105,-391],[-105,-522],[-166,-152],[-289,-315],[-288,-359],[-158,-380],[-323,-109],[-166,-239],[-429,-152],[-314,65],[-263,-337],[-43,-347],[-166,-489],[-350,-446],[-271,-282],[-18,-609],[-96,-413],[-210,-565],[-166,-413],[-218,-369],[-9,-685],[192,-424],[236,-260],[79,-424],[0,-272],[-9,-500],[-35,-445],[-78,-500],[26,-489],[350,-489],[341,-239],[253,-87],[236,-261],[236,-511],[44,-673],[-35,-500],[96,-272],[-61,-554],[192,-369],[175,-326],[149,-250],[236,-544],[166,-434],[323,-413],[175,-652],[-201,-305],[-236,-510],[-87,-370],[-306,-445],[-420,-424],[-35,-511],[-271,-228],[-254,-554],[-192,-522],[332,-380],[123,-587],[218,-391],[271,-576],[333,-109],[262,-304],[166,-196],[376,-130],[245,-261],[367,-369],[-61,-424],[-61,-348],[-79,-532],[0,-370],[-254,-434],[-209,-413],[-411,-131],[-201,-326],[209,-608],[-157,-391],[-192,-239],[-53,-413],[61,-348],[-17,-337],[-262,-424],[-114,-510],[-18,-446],[-131,-500],[-384,-304],[-446,0],[-184,-565],[0,-391],[446,-65],[105,-620],[-376,-261],[-393,98],[-280,-576],[78,-445],[44,-326],[18,-576],[-394,-370],[-218,207],[-376,65],[-140,-348],[-297,-413],[-175,-239],[-219,-456],[-288,-522],[-219,-445],[-184,-315],[-253,-261],[-472,-55],[-429,-358],[-244,-261],[-438,-228],[-428,-294],[-157,-336],[-79,-424],[-79,-283],[-376,-130],[-524,-120],[-376,229],[-315,-22],[-385,-294],[-367,-239],[-192,-358],[35,-435],[-158,-250],[-209,-348],[-158,-217],[-140,-413],[-341,-521],[-271,-76],[-306,-185],[-306,-44],[-411,0],[-218,-206],[-324,-130],[-262,-33],[-341,-120],[-236,-195],[-376,-196],[-253,-261],[-175,-250],[-420,-336],[-131,-316],[-394,-478],[-262,-228],[-288,-348],[-298,-467],[-244,-337],[-184,-315],[-192,-261],[-315,-358],[-201,-326],[-236,-533],[8,-467],[88,-304],[271,-294],[166,-217],[96,-478],[280,-500],[-79,-358],[-122,-359],[-105,-315],[-87,-424],[271,-304],[-35,-652],[8,-674],[97,-435],[87,-304],[-280,-445],[-35,-392],[-87,-315],[148,-489],[44,-402],[-236,-608],[-140,-468],[-376,87],[-315,-304],[-104,-359],[-53,-467],[-218,-467],[-114,-369],[-324,-533],[-253,-217],[140,-359],[-131,-543],[-245,-348],[-420,-130],[-148,-315],[-62,-359],[289,-456],[218,-261],[306,-522],[210,-271],[26,-424],[-218,-381],[-201,-282],[-437,-163],[-27,-435],[97,-369],[271,-533],[26,-271],[280,-468],[690,-489],[9,-402],[-9,-608],[53,-402],[201,-2608],[61,-239],[691,-2098],[-18,-369],[-201,-511],[-446,-304],[-472,-33],[-507,163],[-446,-32],[-306,-54],[-262,97],[-446,-163],[0,-532],[-472,-76],[-350,0],[-376,98],[-367,-348],[-254,304],[-227,44],[-376,21],[-315,11],[-340,196],[-420,174],[-280,-381],[-463,337],[-280,294],[-437,-76],[-315,-229],[-586,98],[-358,-304],[-166,-337],[-166,-261],[-88,-500],[9,-565],[-857,-76],[-245,-32],[-384,-66],[-473,-97],[-279,-66],[-263,-119],[-515,-304],[-901,-576],[-1189,-794],[-420,-152],[-507,-152],[-533,-98],[-874,-87],[-1015,33],[-1022,163],[-1015,337],[-1495,641],[-201,98],[-463,217],[-1259,576],[-673,402],[-761,467],[-393,272],[-263,163]],[[782160,541238],[673,-902],[455,-424],[332,-261],[289,-119],[262,-55],[376,-10],[638,119],[1102,348],[752,293],[323,65],[245,-32],[358,-98],[656,-283],[350,22],[271,467],[332,66],[490,-11],[1031,402],[411,109],[385,10],[315,-76],[498,-195],[385,-272],[411,-250],[428,-217],[1163,-359],[402,-76],[341,-32],[533,-359],[210,-130],[359,0],[664,173],[429,-402],[367,-445],[516,-98],[507,-87],[533,-152],[332,-185],[210,-152],[359,-315],[402,-467],[218,-359],[236,-500],[324,-423],[393,-446],[228,-272],[410,-423],[849,-674],[69,-55],[411,-304],[97,-54],[472,-207],[629,-293],[262,-174],[726,-608],[341,-185],[271,-87],[306,-109],[813,-456],[420,-283],[1128,-988],[638,-511],[507,-391],[455,-163],[332,-163],[350,-261],[279,-218],[193,-206],[210,-337],[437,-413],[306,-21],[367,-261],[280,-554],[70,-587],[0,-544],[175,-565],[279,-282],[324,-294],[306,-315],[183,-184],[910,-989],[550,-489],[306,-228],[341,-185],[595,-196],[315,-174],[516,-402],[778,-717],[769,-652],[245,-239],[428,-402],[315,-413],[332,-282],[464,-392],[393,-391],[542,-663],[647,-619],[306,-174],[341,-196],[455,-336],[105,-87],[349,-381],[376,-369],[1233,-913],[612,-369],[577,-522],[664,-609],[315,-249],[612,-435],[577,-413],[796,-435],[621,-315],[752,-282],[542,-218],[428,-271],[472,-446],[525,-511],[594,-565],[761,-641],[734,-597],[507,-337],[980,-631],[533,-304],[489,-206],[700,-315],[411,-218],[446,-195],[551,-359],[209,-206],[324,-153],[586,-141],[472,-206],[472,-250],[787,-522],[393,-391],[595,-435],[454,-217],[464,-76],[446,-98],[323,-87],[324,-206],[183,-294],[315,-445],[245,-304],[271,-315],[245,-196],[480,-152],[350,-33],[516,-163],[315,-261],[262,-271],[332,-413],[315,-467],[297,-609],[367,-695],[376,-707],[210,-510],[254,-544],[210,-304],[279,-337],[315,-456],[428,-468],[1006,-869],[280,-402],[236,-359],[253,-326],[341,-347],[219,-228],[638,-413],[603,-413],[586,-348],[324,-217],[411,-294],[410,-163],[394,-11],[428,22],[359,-11],[393,-43],[402,-120],[472,-250],[306,-195],[481,-391],[490,-403],[367,-380],[350,-337],[376,-489],[315,-424],[323,-391],[262,-337],[254,-271],[315,-337],[489,-576],[245,-337],[201,-380],[289,-489],[244,-207],[341,-271],[201,-218],[394,-413],[192,-326],[158,-391],[140,-326],[157,-315],[105,-304],[210,-446],[358,-489],[289,-369],[384,-533],[289,-380],[341,-326],[332,-359],[463,-412],[333,-250],[367,-250],[236,-185],[376,-348],[577,-663],[288,-141],[394,-185],[253,-119],[411,-185],[490,-380],[262,-196],[236,-174],[332,-239],[184,-228],[271,-250],[341,-272],[376,-293],[184,-185],[244,-293],[228,-543],[262,-511],[227,-533],[140,-336],[140,-381],[140,-347],[201,-576],[166,-316],[254,-391],[201,-250],[367,-467],[210,-239],[454,-315],[385,-228],[332,-174],[455,-283],[297,-239],[210,-184],[280,-250],[350,-326],[253,-305],[219,-250],[349,-380],[184,-239],[394,-478],[262,-261],[367,-337],[306,-250],[306,-184],[280,-87],[524,0],[429,130],[288,120],[481,141],[315,98],[358,130],[472,109],[376,-163],[420,-402],[262,-250],[359,-348],[376,-293],[332,-305],[1303,-1228],[210,-380],[340,-358],[376,-435],[271,-315],[473,0],[349,250],[542,43],[280,543],[481,403],[507,304],[350,174],[472,119],[236,44],[332,21],[516,-10],[1032,-174],[428,-131],[533,0],[280,337],[481,576],[385,446],[411,456],[166,185],[306,239],[489,130],[219,0],[1390,-174],[490,-87],[201,-65],[358,-195],[700,-392],[349,-97],[429,21],[673,272],[350,-54],[481,-283],[411,-369],[332,-348],[-166,-489],[-97,-326],[79,-478],[201,-370],[-131,-423],[61,-424],[236,-315],[289,-544],[280,-456],[358,-109],[254,-174],[61,-532],[96,-500],[114,-337],[288,-174],[376,-358],[227,-239],[184,-533],[-52,-619],[-245,-370],[-193,-206],[-166,-370],[62,-597],[445,-239],[324,76],[411,-76],[385,65],[428,87],[463,-109],[420,326],[184,391],[96,239],[35,489],[-79,479],[481,195],[393,391],[9,555],[26,380],[315,369],[516,196],[402,11],[525,11],[323,152],[341,43],[393,-250],[123,-315],[490,22],[174,185],[254,326],[507,174],[437,43],[394,-120],[227,-184],[393,-65],[306,130],[175,359],[-52,597],[-61,402],[323,370],[227,337],[315,260],[245,294],[218,98],[394,-261],[306,43],[437,239],[385,55],[454,173],[236,-21],[333,-22],[279,0],[403,120],[349,282],[236,239],[245,326],[350,413],[210,391],[516,120],[498,261],[402,217],[385,-54],[253,-33],[481,-44],[280,-32],[306,76],[358,-33],[438,-119],[393,-131],[201,-97],[437,-185],[332,-109],[254,-141],[61,-435],[-17,-652],[201,-195],[227,-261],[332,-500],[271,-11],[324,-282],[236,-392],[323,-163],[411,-260],[341,-305],[149,-412],[175,-381],[367,-250],[306,-76],[490,-87],[332,-98],[271,-108],[367,-65],[297,-33],[437,-109],[455,-163],[490,-206],[454,-33],[394,-87],[481,-206],[463,-196],[324,-130],[253,-98],[280,-130],[446,-229],[227,-97],[393,-229],[341,-249],[464,-326],[516,-326],[271,-153]],[[944438,452230],[148,-543],[306,-402],[271,-152],[271,-120],[595,-108],[175,-22],[428,-65],[306,43],[1382,435],[935,402],[1128,283],[524,43],[420,-22],[131,-32],[542,-174],[481,-326],[149,-152],[489,-728],[490,-1152],[542,-1141],[778,-1456],[228,-435],[332,-337],[577,-500],[769,-576],[997,-597],[1005,-652],[831,-500],[769,-402],[875,-337],[681,-174],[779,-130],[655,-207],[368,-174],[559,-532],[533,-500],[1294,-717],[1154,-717],[542,-413],[744,-1109],[341,-510],[43,-153],[105,-804],[105,-304],[280,-282],[262,-392],[-87,-271],[87,-620],[254,-391],[-35,-456],[-210,-207],[26,-489],[-183,-315],[-70,-391],[-175,-543],[-280,-478],[-210,-305],[-271,-304],[123,-489],[183,-272],[140,-456],[385,-293],[122,-609],[-61,-337],[-70,-445],[-376,-218],[-87,-391],[201,-532],[-114,-337],[-358,-478],[-254,-533],[-227,-510],[332,-229],[323,-434],[455,-196],[227,-359],[132,-271],[8,-467],[79,-413],[210,-457],[-35,-261],[105,-499],[-35,-511],[-35,-402],[262,-294],[-26,-336],[-236,-435],[-140,-641],[-157,-337],[-158,-489],[-157,-261],[0,-456],[245,-609],[507,-228],[787,-185],[813,-54],[795,87],[1259,-22],[490,-141],[341,-207],[367,-282],[411,-359],[402,-315],[306,-163],[332,-217],[464,-250],[393,-109],[236,-11],[446,-32],[481,-120],[288,-130],[280,-207],[394,-391],[17,-445],[-52,-435],[-105,-576],[-123,-641],[-78,-511],[-62,-380],[-43,-402],[17,-587],[210,-424],[210,-174],[306,-119],[315,-131],[332,-184],[953,-533],[489,-271],[376,-163],[455,-250],[306,-163],[393,-239],[411,-239],[298,-196],[358,-250],[245,-206],[323,-370],[184,-272],[245,-402],[341,-478],[280,-478],[332,-511],[384,-532],[210,-272],[201,-250],[114,-445],[0,-359],[-35,-521],[-52,-370],[-79,-369],[-192,-402],[-219,-468],[-140,-271],[-236,-402],[-236,-381],[-288,-402],[-394,-500],[-507,-728],[-192,-336],[-166,-261],[-237,-522],[-209,-445],[-88,-207],[-367,-1054],[-708,-1760],[-9,-435],[9,-478],[35,-435],[78,-500],[53,-478],[87,-510],[62,-631],[78,-510],[35,-489],[26,-533],[-8,-989],[8,-521],[35,-728],[79,-913],[70,-804],[87,-696],[88,-510],[122,-718],[114,-652],[0,-597],[-9,-511],[0,-391],[35,-500],[88,-598],[279,-597],[193,-261],[262,-239],[324,-239],[393,-283],[315,-228],[314,-206],[298,-196],[279,-130],[254,-87],[428,-66],[473,-65],[463,-22],[428,-43],[411,-65],[341,-76],[437,-33],[403,-11],[437,-11],[446,-87],[358,-119],[297,-98],[437,-174],[446,-402],[875,-2075],[533,-1511],[332,-510],[193,-174],[367,-87],[620,163],[857,217],[228,54],[332,120],[524,119],[403,-10],[341,-424],[-62,-587],[9,-359],[254,-554],[358,-608],[874,-1858],[149,-642],[26,-282],[9,-446],[-96,-282],[-227,-326],[-359,-315],[-122,-348],[-27,-565],[-8,-478],[52,-402],[-17,-413],[-324,-489],[-262,-207],[-280,-293],[-44,-587],[-8,-500],[-35,-532],[0,-663],[-9,-598],[35,-413],[9,-315],[52,-543],[18,-554],[-35,-326],[-88,-478],[-140,-500],[-122,-598],[-53,-304],[-17,-402],[35,-402],[140,-620],[44,-521],[-35,-446],[-9,-456],[52,-391],[131,-631],[44,-239],[315,-1575],[-61,-587],[-376,-565],[-105,-141],[-262,-587],[-132,-533],[18,-434],[79,-326],[157,-305],[192,-260],[105,-370],[359,-684],[-263,-489],[-113,-500],[-140,-978],[-96,-370],[-62,-445],[-17,-261],[44,-532],[183,-576],[254,-402],[113,-250],[62,-500],[-123,-565],[-245,-457],[-279,-206],[-263,-272],[-139,-228],[-254,-391],[-236,-348],[-166,-152],[-350,-315],[-481,-424],[-516,-402],[-218,-228],[-166,-337],[-210,-304],[-568,-544],[-271,-337],[-184,-489],[17,-695],[-52,-1130],[-140,-446],[-323,-489],[-219,-141],[-542,-380],[-210,-467],[-122,-446],[-193,-261],[-358,-174],[-595,-217],[-437,-98],[-376,-445],[-218,-576],[-70,-152],[-516,-533],[-367,-326],[-1417,-1032],[-209,-261],[-132,-478],[-148,-750],[-123,-945],[-166,-1130],[-297,-1315],[-70,-294],[-9,-402],[27,-304],[192,-1152],[61,-913],[-52,-2140],[-53,-239],[-218,-402],[-201,-272],[-210,-272],[-114,-467],[9,-663],[183,-424],[219,-184],[254,-196],[1145,-706],[533,-370],[350,-391],[122,-130],[350,-402],[254,-348],[166,-239],[629,-750],[367,-500],[455,-510],[437,-359],[385,-370],[358,-423],[385,-446],[516,-467],[621,-478],[367,-326],[297,-326],[481,-696],[507,-923],[315,-500],[481,-565],[568,-609],[175,-185],[306,-499],[52,-98],[324,-685],[183,-576],[350,-1054],[87,-608],[53,-489],[9,-381],[0,-673],[-35,-815],[-35,-674],[-53,-1456],[-35,-1641],[-9,-565],[-34,-1337],[52,-1390],[44,-1707],[-62,-1141],[-139,-804],[-97,-499],[-122,-587],[-79,-413],[-131,-1000],[-61,-489],[-122,-750],[-175,-826],[-228,-1108],[-183,-1130],[-70,-533],[-131,-1010],[0,-65],[78,-739],[219,-1369],[61,-555],[612,-3444],[-2037,21],[-463,0],[-639,-228],[-271,337],[-87,554],[-306,218],[-446,97],[-157,500],[-123,609],[-271,272],[-262,108],[-411,-11],[-280,174],[-341,489],[-262,-32],[-481,163],[-183,239],[-201,326],[-97,315],[-515,261],[-219,-457],[-472,424],[-726,782],[-236,402],[-9,305],[44,1021],[-166,511],[-332,119],[-341,163],[-464,326],[-507,-152],[-253,-271],[-306,-22],[-446,261],[-297,260],[-376,44],[-411,-141],[-298,489],[70,293],[-52,424],[-254,369],[-262,109],[-315,43],[-480,-141],[-289,-141],[-393,-196],[-350,-65],[-481,11],[-306,152],[-376,500],[-332,163],[-464,-65],[-314,-228],[-437,-316],[-359,-336],[-131,-381],[-18,-337],[-122,-413],[-428,-347],[-306,-185],[-525,-467],[-726,-609],[-568,-521],[-542,-22],[-437,65],[-533,22],[-586,-87],[-306,-98],[-429,-206],[-192,-196],[-122,-522],[-315,-130],[-428,315],[-376,-228],[-140,-272],[-245,-543],[-341,-348],[-691,11],[-210,-174],[-201,-706],[-201,-54],[-428,195],[-219,109],[-402,-65],[26,-728],[-489,195],[-306,76],[-350,-239],[114,-391],[-438,-391],[-358,-11],[-358,43],[-368,207],[-218,119],[-306,185],[-280,174],[-315,304],[-166,304],[-393,174],[-175,-304],[-385,196],[-288,54],[-359,22],[-481,152],[-288,11],[-306,-185],[-254,-424],[-393,-369],[-437,228],[-420,43],[-245,-423],[-454,-66],[-341,-76],[-534,153],[-314,521],[-289,446],[-402,97],[-236,131],[-455,217],[-288,109],[-376,-337],[-96,-652],[-175,-467],[-324,-152],[-489,-131],[-175,391],[0,576],[-455,261],[-183,-304],[-385,-446],[-306,120],[-166,293],[-455,956],[-271,-10],[-446,141],[-166,413],[-332,521],[-437,229],[-438,293],[-96,369],[-288,522],[-175,489],[-149,337],[-585,43],[157,663],[-26,576],[-201,261],[-341,250],[-341,-44],[-499,120],[-8,456],[96,783],[113,586],[44,544],[-227,239],[-455,-87],[-315,-239],[-297,141],[-367,565],[149,630],[393,392],[-262,532],[-350,-32],[-245,108],[-393,467],[-193,435],[-61,446],[-262,315],[-446,-305],[-472,196],[-227,326],[-236,391],[-158,294],[-481,108],[-297,-380],[-411,-109],[-288,44],[-359,-174],[-201,-185],[-297,-358],[-402,456],[-97,456],[-244,131],[210,641],[192,456],[-638,272],[-298,174],[-87,424],[-26,369],[-79,391],[-297,326],[-280,11],[-358,131],[-280,32],[-402,-22],[-341,-358],[-167,-435],[-253,-293],[-376,76],[-481,-304],[-332,32],[-429,-380],[-498,-185],[-411,-174],[-428,-304],[-315,-33],[-253,-391],[-516,-619],[-315,-391],[-428,173],[-464,-369],[-498,65],[-455,-239],[-157,-326],[-411,-195],[-507,97],[-324,239],[-393,261],[-201,-195],[-499,-261],[-585,-44],[-184,-11],[-385,381],[-306,326],[-279,-163],[-306,-98],[-184,-478],[157,-554],[-157,-609],[-332,-54],[-586,109],[-323,-120],[-62,-598],[-376,-380],[-367,261],[-865,597],[-341,22],[-376,-282],[-175,-555],[227,-141],[201,-630],[-262,-326],[-140,-304],[-376,-272],[-472,-141],[-315,-98],[-236,413],[-157,109],[-350,239],[-323,-348],[131,-511],[-96,-315],[-359,-87],[-262,22],[-341,250],[-210,326],[-367,-272],[105,-554],[-411,-152],[-297,228],[-202,565],[-227,359],[-472,260],[-516,-217],[-857,-858],[-26,-392],[-218,-445],[-341,65],[-236,-358],[-62,-337],[123,-468],[175,-206],[262,-239],[218,-576],[-577,-467],[-279,-468],[393,-326],[306,-315],[-79,-326],[254,-456],[114,-348],[-140,-434],[-271,-55],[-437,-65],[-175,-446],[148,-282],[158,-359],[236,-586],[419,-55],[105,-521],[-87,-261],[-114,-424],[-157,-337],[-394,-108],[-288,-11],[-385,65],[-542,-65],[-201,-392],[-323,-195],[-385,174],[-210,358],[-524,-11],[-315,-336],[-228,-185],[-393,-109],[-306,65],[-385,11],[-306,-293],[-244,-446],[-149,-532],[-184,-413],[-454,206],[-368,229],[-244,-381],[8,-293],[27,-446],[-236,-228],[-376,272],[-289,-522],[175,-293],[315,-228],[-96,-652],[-254,-402],[-420,76],[-314,478],[-245,261],[-446,108],[-297,0],[-271,-54],[-88,641],[-140,424],[-332,141],[-315,-22],[-297,370],[-323,163],[-473,130],[-297,-271],[-481,-76],[-472,315],[-192,271],[-236,229],[-245,173],[-306,305],[-210,543],[-192,500],[-516,-87],[-332,-348],[-158,-576],[-437,-228],[-297,-22],[-341,-65],[-210,-109],[-306,-326],[-402,-358],[-420,-250],[-515,22],[-280,-250],[-193,-163],[-419,-44],[-332,-76],[-280,326],[-298,-217],[-375,195],[-368,272],[-463,-174],[-131,-326],[-332,-217],[-516,-130],[-551,-44],[-394,-348],[-419,-195],[-385,-22],[-481,130],[-175,283],[-515,-207],[-97,-499],[-524,43],[-350,141],[-201,-217],[-306,-76],[-446,-54],[-140,-283],[-437,-109],[-341,-228],[-297,-467],[-446,-11],[-402,-391],[-341,-76],[-385,-370],[-428,-358],[-228,402],[-183,304],[-376,65],[-411,207],[-525,-65],[-157,-316],[-437,-54],[-271,-326],[-245,44],[-498,76],[-263,-239],[-183,-435],[-472,-207],[-210,-195],[-114,-457],[-341,-86],[-288,217],[-402,-87],[-237,-196],[-489,98],[-149,359],[-323,239],[-289,163],[-262,228],[-542,-141],[-455,-142],[-323,-76],[-297,163],[-289,-87],[-332,-228],[-61,-369],[-438,-228],[-463,-55],[-315,-54],[-454,-98],[-350,-358],[26,-370],[9,-326],[-455,-348],[-402,-65],[-201,-434],[-17,-620],[-184,-445],[-385,-109],[-70,-761],[-8,-304],[-9,-413],[-306,-239],[-123,-467],[-297,-424],[-350,76],[-279,11],[-289,-217],[-166,-511],[-332,-489],[-437,-196],[-245,-21],[-359,315],[-507,-44],[-332,-228],[-323,-217],[-254,-152],[-323,206],[-385,228],[-297,207],[-385,358],[-306,-108],[-359,32],[-524,-130],[35,-435],[-53,-282],[-183,-479],[-175,-336],[-88,-555],[53,-326],[358,-206],[245,-293],[-17,-598],[-385,-185],[-323,131],[-324,-55],[-306,-304],[-280,-576],[-148,-402],[-184,-576],[-367,-293],[0,-402],[-472,-76],[-175,315],[-175,304],[-542,0],[-332,-11],[-254,0],[-297,-217],[-411,98],[-385,173],[-122,587],[61,337],[-306,293],[-717,-10],[-332,87],[-472,-272],[-420,-163],[-306,-304],[-454,-326],[-350,282],[-411,152],[-201,-424],[-228,-543],[-332,-261],[-437,-402],[-183,-347],[-202,-261],[-376,119],[-314,239],[-420,-97],[-490,-163],[-148,260],[-289,229],[-341,43],[-131,348],[-78,478],[-333,163],[-428,174],[-350,-109],[-183,-413],[-228,-304],[-245,-424],[-78,-652],[-175,-195],[-428,260],[-481,-250],[-201,-250],[-490,-76],[-402,-293],[-105,-272],[-123,-423],[-8,-446],[218,-554],[88,-587],[-280,-315],[210,-467],[419,-337],[-288,-489],[-315,-348],[-87,-337],[-26,-358],[157,-359],[122,-467],[27,-489],[-9,-587],[297,-206],[96,-555],[-262,-347],[-262,-229],[-306,-152],[-446,11],[-193,-565],[97,-543],[-280,-207],[-350,-108],[-262,43],[-289,-435],[-341,-347],[-323,-185],[-123,-272],[-393,-152],[-332,-348],[-254,-228],[-411,-108],[-402,-76],[-157,369],[-472,-98],[-341,-76],[-245,-348],[-324,-315],[-498,196],[-376,185],[-341,141],[-490,239],[-332,-65],[-218,-120],[-437,-22],[-175,163],[-350,174],[-428,-119],[-481,-131],[-464,-380],[-332,11],[-402,-424],[-114,-358],[-323,-479],[-481,-97],[-420,413],[-463,315],[-297,65],[-315,-207],[-271,-239],[-193,-326],[-524,98],[-289,-587],[-8,-326],[-201,-358],[201,-522],[-752,-880],[-184,-228],[-358,-261],[-402,-152],[-306,11],[-324,-76],[-306,-283],[-166,-152],[-175,-489],[-245,-239],[-472,-163],[-402,-163],[-96,228],[-376,380],[-909,381],[-271,174],[-298,304],[-183,315],[-114,815],[-52,413],[-210,413],[-271,304],[-254,174],[-664,272],[-298,152],[-699,500],[-96,65],[-472,413],[-193,413],[-43,304],[52,532],[752,1815],[166,391],[463,1250],[272,728],[113,326],[-44,576],[-227,293],[-612,587],[-367,380],[-254,424],[-262,587],[-96,446],[9,347],[70,631],[236,423],[437,196],[358,282],[-8,381],[-149,543],[-105,326],[-227,446],[-210,282],[-236,489],[-96,337],[-105,456],[26,576],[210,435],[201,348],[288,217],[464,261],[218,565],[27,435],[-79,565],[-114,413],[-157,532],[-44,609],[53,402],[-44,456],[-70,239],[-236,641],[-367,76],[-193,-228],[-288,-293],[-245,-174],[-437,-141],[-315,21],[-236,76],[-393,152],[-403,207],[-358,348],[-481,347],[-183,511],[-35,424],[-62,674],[236,565],[446,11],[499,141],[201,326],[17,369],[-122,391],[-201,305],[-324,282],[-140,294],[123,630],[839,826],[245,597],[87,359],[245,761],[236,489],[350,673],[79,631],[-271,510],[-158,402],[-96,772],[-44,467],[289,544],[419,195],[280,163],[201,207],[236,326],[88,412],[-44,446],[-105,576],[-175,435],[-253,358],[-245,402],[-262,511],[-62,467],[114,283],[411,521],[131,565],[-122,631],[-280,358],[-236,261],[-262,511],[-123,380],[-96,598],[26,913],[27,1227],[-27,294],[-131,413],[-192,391],[-341,587],[-254,402],[-384,54],[-201,-532],[8,-685],[9,-358],[-61,-489],[-166,-272],[-394,-22],[-306,326],[-78,533],[-70,510],[-70,468],[-140,293],[-306,293],[-262,544],[61,391],[96,511],[-9,434],[-35,305],[-166,402],[-184,163],[-577,250],[-384,195],[-429,239],[-437,380],[-218,250],[-621,674],[-61,98],[-516,771],[-35,33],[-184,54],[-376,131],[-244,-163],[-324,-348],[-254,0],[-332,33],[-393,293],[-446,370],[-227,-283],[61,-598],[-123,-586],[-349,-240],[-507,120],[-306,-22],[-280,-380],[-315,-391],[-516,54],[-332,522],[-288,-315],[-167,-294],[-314,-369],[-289,-228],[-385,97],[-306,76],[-271,-10],[-341,97],[-306,261],[-463,217],[-350,87],[-262,33],[-490,-120],[-262,-206],[-227,-304],[-236,-305],[-332,11],[-359,315],[-507,0],[-446,294],[-367,369],[-289,185],[-262,109],[-367,54],[-350,-348],[-280,163],[-306,11],[-376,54],[-279,-412],[-394,65],[-367,54],[-227,-33],[-341,-21],[-394,163],[-323,76],[-394,119],[-480,44],[-359,250],[-323,141],[-306,120],[-201,195],[-79,413],[52,598],[-262,565],[-481,119],[-358,33],[-333,-44],[-323,-304],[-533,-22],[-542,131],[-376,54],[-254,152],[-253,142],[-516,-131],[-411,250],[-254,207],[-533,141],[-367,43],[-315,315],[-446,283],[-323,-163],[-70,-424],[-350,-511],[-201,-163],[-394,-195],[-367,22],[-218,-435],[-315,-185],[-245,141],[-350,207],[-472,-272],[-865,98],[-1014,109],[-508,0],[-341,21],[-489,-195],[-332,-239],[-219,-218],[-227,-347],[-228,-685],[-148,-424],[-228,-586],[-227,-370],[-315,-445],[-244,-337],[-280,-478],[-193,-392],[-349,-652],[-682,-1238],[-499,-913],[-804,-1293],[-341,-511],[-385,-532],[-306,-316],[-498,-521],[-411,-413],[-900,-663],[-717,-489],[-551,-337],[-542,-217],[-621,-250],[-1171,-467],[-945,-305],[-585,-119],[-420,-87],[-385,-44],[-542,-10],[-830,-11],[-971,43],[-472,-22],[-402,22],[-306,44],[-324,43],[-384,98],[-324,87],[-288,65],[-368,98],[-463,119],[-245,55],[-428,239],[-245,315],[-323,217],[-403,142],[-314,499],[-62,446],[-148,348],[-228,282],[-375,359],[-446,250],[-324,239],[-376,141],[-183,206],[-263,381],[-341,-76],[-428,11],[-332,-98],[-402,261],[-202,510],[-227,446],[105,674],[-306,358],[-306,-43],[-297,98],[-341,434],[-420,-130],[-341,-185],[201,-598],[-78,-402],[-481,-250],[-315,283],[-411,402],[-376,196],[-489,336],[-202,229],[-227,195],[-245,381],[-507,271],[-341,-76],[-428,33],[-429,-424],[-489,-33],[-236,381],[113,456],[-358,522],[-192,304],[-228,337],[62,337],[-70,380],[-446,272],[-341,-152],[-315,119],[-455,315],[-148,348],[-429,152],[-542,-65],[-463,65],[-359,0],[-244,54],[-385,76],[-289,109],[-384,435],[52,391],[26,304],[-183,576],[-245,283],[-236,184],[-385,11],[-288,196],[-429,65],[-157,-337],[-149,-315],[-253,-402],[-289,-33],[-419,66],[-298,-250],[-367,-33],[-306,54],[-262,-32],[-455,87],[-227,163],[-341,-185],[-245,196],[-332,184],[-420,-152],[-341,-456],[-227,-348],[-245,-76],[-306,-163],[-210,-326],[-236,-119],[-271,-185],[-297,-185],[-227,-413],[-324,-185],[9,-510],[-140,-272],[-297,-206],[-315,119],[-490,-54],[-288,-326],[-446,-131],[-140,-315],[-236,-348],[-245,-391],[-122,-456],[-210,-228],[-402,0],[-402,11],[-333,-239],[-218,-261],[-481,54],[-341,-119],[-70,-381],[-315,-424],[-279,22],[-403,-152],[-271,-532],[-481,-261],[-306,-283],[-480,-304],[-236,-76],[-446,-152],[-254,-87],[-420,108],[-201,-304],[-367,-282],[-253,228],[-324,380],[-192,315],[-297,424],[-306,348],[-245,304],[-236,109],[-403,-207],[-288,207],[-341,163],[-289,87],[-183,576],[-306,337],[-210,260],[-297,207],[-262,22],[-341,293],[-245,272],[-271,336],[-333,55],[-192,369],[-245,326],[-166,228],[-428,218],[-306,-65],[-516,-44],[-219,-43],[-297,-392],[-323,-532],[-472,-141],[-394,195],[-385,55],[-279,32],[-385,55],[-236,10],[-507,22],[-245,-293],[-463,152],[-315,206],[-227,402],[-210,413],[43,631],[44,456],[61,369],[-244,511],[-132,630],[-78,402],[70,392],[43,304],[201,348],[149,402],[79,413],[157,597],[-245,468],[44,521],[-253,402],[-88,294],[-114,369],[-157,663],[-175,413],[-192,543],[44,359],[-245,521],[-350,435],[-184,283],[-166,369],[-131,326],[-87,554],[-315,413],[-192,435],[-175,282],[-315,272],[-35,304],[-26,391],[-306,261],[-175,250],[-341,283],[-437,-174],[-297,-370],[-254,-260],[-262,-142],[-280,-260],[-350,-174],[-87,-272],[-271,-391],[-227,-435],[-324,-402],[-271,-174],[-254,-174],[-52,-521],[-79,-381],[-297,-152],[-157,-271],[-201,-326],[-298,-370],[-70,-358],[-253,-609],[-464,-11],[-201,120],[-411,-87],[-498,-11],[-402,76],[-490,43],[-472,196],[-393,76],[-210,109],[-385,-44],[-306,66],[-384,260],[-140,348],[96,543],[-219,413],[-148,228],[-359,403],[-498,282],[-140,598],[-210,347],[-210,240],[-297,65],[-428,195],[-306,-152],[-403,-119],[-507,0],[-236,380],[-516,185],[-445,119],[-333,11],[-227,217],[-428,22],[-306,65],[-245,142],[-306,282],[-271,65],[-376,22],[-402,-435],[-560,-10],[-297,260],[-306,163],[-367,261],[-289,272],[-271,22],[-280,163],[-314,32],[-481,185],[-324,-33],[-236,65],[-384,0],[-341,0],[-167,403],[53,467],[-149,587],[-70,413],[-227,217],[-306,65],[-210,315],[-61,598],[-9,543],[-166,565],[-245,598],[27,456],[8,663],[-262,391],[-463,359],[-298,228],[-349,261],[-315,250],[-341,380],[-149,163],[-349,283],[-306,97],[-481,185],[-228,359],[-201,119],[-358,44],[-289,217],[-341,522],[-236,445],[-332,370],[-262,174],[-341,-77],[-254,33],[-288,152],[-324,218],[-218,108],[-394,402],[-306,131],[-253,402],[-219,413],[-280,43],[-358,54],[-236,22],[-472,44],[-437,413],[-79,499],[-507,783],[-53,380],[-306,543],[-140,250],[-96,381],[-105,369],[-279,326],[-368,261],[-717,543],[-367,239],[-472,120],[-437,359],[-289,119],[-349,54],[-280,381],[-376,-239],[-332,-196],[-507,-54],[-420,65],[-358,-109],[-551,-358],[-289,-66],[-437,250],[-192,142],[-315,152],[-245,-98],[-472,-65],[-498,-239],[-402,-261],[-236,-163],[-420,-283],[-341,-315],[-2553,-2412],[-2483,-2000],[-1250,-1010],[-2868,-1163],[-2090,-1010],[-463,-131],[-1014,-108],[-394,-44],[-533,33],[-656,141],[-236,54],[-647,163],[-1836,446],[-2771,815],[-2509,1065],[-1941,1043],[-394,348],[-341,499],[-166,294],[-402,869],[-455,1500],[-262,521],[-306,457],[-813,706],[-437,272],[-367,130],[-420,65],[-3165,-728]],[[634728,313400],[-114,228],[-279,566],[-359,880],[-358,826],[-271,521],[-376,663],[-402,630],[-359,467],[-568,642],[-420,434],[-2527,2000],[-1180,1065],[-481,434],[-183,239],[-525,728],[-455,870],[-148,815],[-70,347],[26,565],[79,489],[201,468],[393,706],[420,663],[664,608],[499,479],[454,326],[324,228],[1058,510],[997,533],[1582,739],[892,282],[524,76],[368,33],[2115,152],[2029,174],[2658,522],[1801,684]],[[693979,420207],[131,-326],[385,-163],[288,0],[315,206],[219,-608],[507,-152],[367,11],[297,-55],[297,-21],[481,-163],[376,304],[114,337],[122,304],[324,456],[218,163],[735,533],[314,347],[411,33],[175,-543],[-8,-554],[271,-500],[314,315],[420,130],[271,44],[376,-33],[288,0],[280,217],[193,240],[271,402],[472,141],[279,-152],[341,-98],[359,-65],[218,32],[411,239],[228,207],[43,467],[-279,239],[-210,489],[26,359],[-385,337],[-244,347],[-9,489],[-140,315],[87,555],[193,250],[454,152],[193,-55],[341,-130],[175,-293],[445,-337],[324,-196],[157,-282],[263,-316],[437,-380],[402,207],[489,119],[219,163],[227,391],[368,-304],[8,-543],[-113,-544],[17,-619],[332,-250],[298,217],[253,239],[271,44],[341,402],[-17,348],[-429,347],[-454,163],[262,609],[446,-185],[297,-11],[595,207],[472,174],[210,293],[323,348],[245,11],[446,11],[157,-370],[18,-565],[297,-196],[280,-43],[297,76],[358,-76],[455,315],[166,283],[245,369],[140,315],[253,489],[376,120],[123,-609],[-140,-348],[-18,-336],[-26,-609],[411,-130],[332,-98],[455,-391],[358,-33],[175,-293],[-131,-424],[-149,-272],[-17,-402],[227,-293],[402,-22],[236,435],[298,402],[428,-207],[315,-54],[402,-109],[79,-315],[341,-456],[367,217],[271,402],[376,-337],[-245,-413],[-114,-206],[105,-500],[123,-326],[131,-478],[262,-152],[324,206],[157,402],[26,642],[359,-22],[419,-33],[446,196],[193,-413],[78,-326],[27,-489],[367,-98],[454,-337],[403,44],[533,-174],[367,-326],[402,-239],[280,-163],[385,-348],[393,-456],[341,-218],[219,-565],[218,-347],[420,391],[114,597],[376,196],[288,22],[280,21],[332,-76],[394,33],[358,-130],[79,-576],[288,-468],[271,153],[402,-261],[306,-359],[-166,-315],[114,-467],[-9,-359],[44,-511],[463,109],[332,-217],[280,152],[-8,489],[227,206],[367,-21],[254,-207],[411,391],[148,305],[105,358],[175,326],[9,467],[-306,337],[533,707],[280,21],[297,-228],[446,-119],[297,597],[105,218],[131,510],[481,109],[516,130],[-157,446],[-27,380],[-279,576],[-385,207],[17,402],[193,532],[341,87],[498,-282],[393,293],[-61,391],[385,391],[288,44],[289,0],[446,206],[481,228],[279,22],[394,-54],[166,272],[131,445],[175,359],[341,65],[201,-239],[254,-587],[227,-446],[385,424],[43,565],[105,435],[-105,522],[-244,141],[-140,652],[201,337],[166,282],[-18,391],[-17,392],[-306,217],[-262,-87],[-394,-76],[-192,445],[-341,446],[-262,-391],[-411,98],[-18,358],[-350,522],[-236,521],[-43,435],[87,337],[201,358],[70,468],[-114,271],[-69,479],[201,347],[306,185],[201,413],[166,608],[271,381],[472,21],[411,370],[367,511],[236,260],[297,98],[376,-141],[368,-76],[262,76],[323,141],[18,413],[-324,163],[-376,152],[-498,239],[-210,207],[175,543],[227,109],[429,163],[463,206],[53,261],[-123,489],[105,315],[158,467],[166,294],[262,315],[297,369],[280,-184],[192,-370],[140,-413],[271,-489],[420,392],[26,347],[271,326],[472,-163],[158,-315],[507,-141],[210,641],[-324,380],[-236,185],[-262,337],[-123,185],[-262,347],[-306,55],[-175,347],[-253,587],[-315,261],[201,446],[323,86],[420,207],[429,-65],[349,-315],[210,413],[-157,478],[-96,337],[367,445],[297,196],[254,489],[-79,358],[-96,478],[166,272],[419,152],[219,-195],[402,-22],[464,98],[253,65],[236,250],[114,576],[-79,358],[44,359],[61,337],[289,467],[157,174],[44,489],[0,521],[70,326],[96,533],[26,424],[-17,554],[314,141],[193,174],[419,152],[123,424],[419,174],[446,-33],[-52,630],[-298,163],[-43,674],[437,272],[341,163],[385,174],[209,119],[298,261],[446,196],[358,-142],[376,-130],[472,-33],[26,663],[-140,598],[263,543],[358,489],[315,348],[131,272],[219,597],[244,326],[228,304],[183,229],[158,326],[105,467],[35,511],[-201,326],[-306,-33],[-516,87],[-105,489],[-245,196],[-446,97],[-490,305],[-209,619],[17,304],[114,446],[61,326],[166,478],[542,109],[227,-185],[438,358],[-219,500],[-184,598],[-201,391],[-8,598],[402,22],[297,54],[306,228],[-236,565],[-245,-141],[-358,22],[-236,141],[-201,413],[17,663],[367,206],[245,402],[-253,478],[-53,326],[53,435],[341,511],[349,184],[245,-108],[332,-131],[315,207],[96,467],[-166,261],[-149,532],[237,370],[332,-44],[280,-478],[480,141],[123,413],[-44,370],[-175,467],[-105,489],[-148,228],[-368,283],[-349,-163],[-411,98],[-70,652],[358,402],[376,217],[219,130],[393,272],[271,174],[210,272],[131,467],[158,391],[411,380],[297,283],[175,195],[349,196],[219,185],[385,-120],[472,-195],[210,206],[122,522],[262,358],[368,-21],[157,391],[-166,554],[-420,120],[-271,32],[-280,76],[-306,218],[-358,402],[-271,271],[-367,207],[-245,97],[-262,305],[-193,271],[-323,402],[-62,381],[-61,565],[140,445],[-157,500],[-88,620],[175,239],[429,141],[306,-207],[349,-293],[201,-152],[341,-228],[254,-131],[428,305],[-183,369],[-263,315],[-262,196],[-358,195],[-26,413],[410,174],[-52,685],[-385,358],[-349,163],[-516,185],[-306,185],[183,641],[228,228],[306,467],[96,370],[-227,391],[-481,207],[-140,532],[280,380],[227,272],[-44,641],[-227,239],[-394,163]],[[758650,492132],[236,391],[289,98],[288,217],[306,283],[429,196],[332,54],[262,-163],[236,-348],[158,-380],[26,-576],[-52,-478],[-35,-424],[192,-250],[393,131],[446,391],[254,250],[385,347],[35,359],[-210,532],[-228,272],[-262,348],[-210,348],[-148,608],[70,413],[-123,598],[-192,260],[-385,370],[-149,424],[-96,586],[-8,283],[8,576],[114,630],[-18,489],[-166,630],[-209,370],[-88,293],[-70,370],[-70,467],[359,456],[271,66],[533,130],[332,43],[420,66],[358,108],[280,163],[158,315],[174,489],[228,457],[113,424],[-8,554],[-245,261],[-324,195],[-253,152],[-201,272],[0,424],[52,489],[-105,543],[359,152],[175,-434],[437,65],[201,293],[210,533],[244,445],[306,163],[289,511],[-140,391],[-420,424],[-183,250],[-210,282],[-184,315],[-157,348],[149,435],[358,358],[-157,566],[-306,97],[-525,-43],[-245,456],[88,609],[140,478],[157,272],[87,489],[298,369],[341,-185],[314,261],[123,283],[-367,336],[-271,109],[-245,402],[131,424],[490,-33],[306,-108],[472,-250],[218,-185],[289,-130],[419,-87],[394,347],[-88,500],[27,315],[70,555],[-53,347],[9,402],[446,261],[271,-54],[332,-87],[324,359],[96,260],[-368,413],[-375,-108],[-508,-185],[-323,-11],[-350,-54],[-262,-22],[-367,130],[-324,250],[-210,544],[88,315],[376,282],[113,489],[-87,457],[52,347],[193,511],[358,109],[306,11],[368,-120],[201,-174],[306,-271],[489,-174],[359,489],[227,260],[245,229],[280,337],[157,478],[-96,489],[507,65],[341,87],[140,261],[140,532],[26,369],[44,587],[-202,620],[175,500],[263,347],[201,207],[271,445],[175,457],[166,543],[105,478],[52,348],[87,565],[62,337],[140,532],[166,250],[367,217],[498,33],[315,141],[306,196],[219,228],[35,391],[-158,337],[-9,511],[403,76],[454,-380],[350,-250],[428,-76],[306,-22],[472,0],[394,11],[271,-11],[507,-76],[262,-152],[271,500],[472,32],[298,-435],[306,-271],[218,-185],[437,33],[114,369],[201,446],[210,576],[-219,326],[27,445],[341,500],[349,-109],[245,0],[516,218],[437,152],[262,163],[385,326],[359,239],[-79,532],[-429,-87],[-236,-184],[-376,108],[-209,424],[-35,402],[428,152],[385,0],[157,370],[158,489],[61,402],[43,521],[-279,576],[-228,294],[-279,413],[-403,423],[-113,294],[454,358],[411,-54],[289,76],[533,109]],[[782160,541238],[437,174],[420,-22],[428,-152],[315,22],[332,206],[219,315],[96,304],[350,196],[52,511],[35,445],[341,326],[88,304],[227,370],[524,-196],[-61,-510],[193,-435],[384,196],[271,76],[341,97],[228,446],[-158,337],[-384,-98],[-438,98],[-17,348],[-9,402],[446,173],[394,337],[-44,294],[157,500],[437,65],[298,-76],[262,0],[297,98],[271,184],[429,-369],[507,-207],[306,392],[446,152],[26,608],[78,380],[455,196],[455,44],[314,-131],[263,402],[-123,533],[184,652],[184,369],[201,294],[367,43],[192,-293],[455,-261],[358,22],[446,-218],[184,-424],[0,-347],[192,-468],[385,-32],[297,-33],[428,-65],[245,-130],[315,-359],[376,369],[44,240],[148,434],[420,22],[114,-424],[-27,-369],[-131,-315],[-236,-446],[350,-402],[323,250],[228,163],[384,228],[219,131],[289,239],[288,326],[210,282],[236,500],[26,435],[297,271],[490,33],[192,500],[-454,326],[-131,424],[35,423],[-79,685],[280,532],[367,-391],[516,-119],[332,478],[210,304],[122,511],[-17,467],[227,630],[358,55],[385,-370],[254,380],[0,294],[-18,717],[44,402],[105,337],[446,337],[341,87],[262,76],[297,130],[254,141],[411,-76],[244,-32],[359,152],[271,543],[131,239],[262,305],[534,54],[402,-87],[245,326],[35,489],[70,543],[157,576],[245,554],[105,598],[0,467],[-35,500],[-9,315],[26,402],[53,326],[113,402],[175,533],[123,358],[0,533],[-140,424],[-228,271],[-341,381],[-288,293],[-96,326],[78,413],[481,250],[507,22],[254,32],[533,185],[542,152],[350,-11],[385,-76],[262,-43],[411,-11],[516,0],[323,54],[420,44],[192,21],[437,22],[245,98],[367,304],[228,326],[384,370],[499,239],[148,424],[158,423],[-315,272],[-332,65],[0,511],[236,435],[-35,326],[157,597],[70,435],[70,652],[61,511],[280,195],[324,413],[367,250],[411,337],[140,445],[253,-97],[280,315],[253,261],[158,271],[87,402],[0,544],[-78,369],[157,587],[201,402],[-166,576],[-289,272],[-341,369],[-87,348],[87,478],[114,565],[35,326],[-70,478],[-35,424],[210,348],[236,619],[201,445],[70,555],[324,184],[227,359],[253,304],[175,218],[376,271],[254,65],[481,-65],[332,304],[96,326],[332,457],[324,206],[384,392],[280,391],[-210,413],[-96,391],[35,391],[-9,304],[-96,424],[-70,424],[-262,380],[-122,370],[-79,576],[-131,478],[-96,326],[-105,532],[-44,435],[44,608],[70,446],[35,326],[253,337],[131,445],[88,272],[78,456],[219,478],[385,413],[393,261],[437,337],[175,380],[53,359],[419,11],[394,-294],[349,185],[333,185],[209,250],[368,326],[253,130],[324,174],[244,185],[341,54],[368,174],[201,174],[358,326],[306,250],[289,174],[314,260],[368,283],[218,185],[298,130],[227,174],[419,130],[455,22],[350,44],[315,54],[166,358],[-79,631],[210,380],[288,380],[438,218],[314,76],[455,174],[332,304],[324,554],[358,348],[271,185],[166,347],[193,207],[349,130],[254,44],[341,32],[245,315],[332,544],[253,260],[201,316],[341,467],[228,348],[105,249],[323,489],[402,-152],[289,-21],[437,-109],[393,-65],[193,250],[192,282],[245,304],[358,283],[359,-33],[210,-228],[489,55],[254,195],[210,359],[393,347],[341,-54],[341,-467],[306,-391],[157,-272],[210,-391],[481,-315],[192,-392],[289,-391],[245,22],[419,-22],[298,33],[472,87],[306,76],[280,-207],[489,-87],[297,196],[263,511],[227,348],[245,347],[44,446],[87,337],[306,369],[201,326],[-201,489],[9,370],[43,565],[-113,662],[105,370],[183,326],[35,369],[114,544],[61,358],[219,424],[52,435],[-140,380],[-323,435],[-184,304],[219,467],[201,413],[323,141],[350,-315],[455,-174],[437,142],[393,-11],[507,32],[306,305],[228,206],[271,163],[271,500],[166,391],[175,250],[-35,565],[-131,359],[-97,521],[-70,555],[-61,499],[-140,663],[-43,305],[96,641],[271,391],[183,250],[228,250],[122,489],[61,456],[79,598],[227,815],[324,858],[306,804],[350,609],[323,467],[280,261],[446,369],[192,294],[184,315],[297,467],[288,609],[237,358],[279,348],[455,522],[516,619],[568,782],[551,891],[245,435],[830,1880],[420,869],[472,761],[254,369],[1267,2163],[665,1032],[1206,2206],[1434,2467],[839,1271],[612,880],[1539,1978],[1539,1119],[2221,1109],[3855,1325]],[[875919,654727],[263,-402],[131,-174],[1967,-2531],[35,-44],[437,-532],[192,-239],[228,-272],[909,-837],[411,-369],[1355,-1500],[481,-652],[559,-771],[140,-131],[936,-891],[236,-293],[420,-587],[61,-87],[393,-771],[26,-44],[464,-913],[280,-543],[157,-228],[533,-783],[289,-413],[621,-804],[113,-380],[123,-685],[35,-423],[87,-337],[393,-641],[341,-468],[280,-260],[201,-283],[131,-282],[97,-381],[577,-467],[1162,-348],[1364,-195],[1198,-44],[1591,424],[1705,848],[866,499],[2876,2326],[551,424],[3742,1586],[2168,587],[280,-76],[332,-163],[455,-565],[192,-544],[140,-869],[0,-1152],[35,-684],[149,-533],[227,-282],[743,-337],[1102,-435],[411,-195],[1101,-1902],[1049,-1804],[1137,-1586],[393,-728],[44,-555],[-61,-619],[-280,-772],[-795,-619],[-4669,-2575],[-254,-218],[-192,-260],[-227,-370],[-621,-1565],[-131,-195],[-778,-1228],[-464,-728],[-551,-870],[-612,-956],[-874,-1760],[-157,-315],[-411,-2467],[-18,-239],[-87,-945],[227,-2587],[96,-858],[9,-489],[0,-413],[35,-359],[35,-423],[26,-468],[44,-434],[44,-359],[78,-369],[97,-435],[157,-641],[131,-489],[140,-467],[192,-598],[140,-348],[297,-782],[123,-315],[568,-1206],[560,-1207],[629,-1228],[245,-489],[1032,-1956],[87,-141],[883,-999],[245,-218],[2072,-1684],[962,-641],[559,-511],[166,-152],[814,-761],[61,-54],[883,-1206],[140,-196],[620,-587],[385,-380],[236,-228],[341,-370],[350,-499],[183,-316],[132,-271],[174,-391],[219,-620],[166,-413],[149,-456],[183,-359],[140,-250],[324,-391],[245,-282],[271,-294],[393,-337],[463,-369],[280,-315],[350,-500],[297,-446],[227,-500],[132,-423],[61,-337],[43,-391],[35,-402],[27,-696],[8,-456],[0,-402],[-35,-489],[-104,-696],[-114,-739],[-53,-576],[-104,-706],[-44,-282],[-70,-457],[-105,-706],[-70,-598],[-96,-445],[-158,-707],[-227,-912],[-61,-544],[-26,-674],[43,-445],[114,-435],[175,-543],[175,-489],[341,-772],[236,-456],[227,-478],[455,-782],[166,-218],[455,-576],[279,-358],[289,-402],[376,-522],[297,-456],[297,-196],[385,-22],[446,305],[288,217],[289,228],[367,185],[516,-109],[297,-174],[210,-141],[341,-185],[245,-108],[315,-109],[323,-98],[350,-108],[341,-120],[349,-109],[473,-184],[279,-98],[359,-141],[376,-120],[498,-152],[481,-141],[455,-87],[367,-55],[664,-76],[481,0],[420,33],[288,43],[437,98],[464,152],[638,218],[428,173],[263,153],[489,97],[271,-76],[271,-119],[236,-174],[298,-500],[87,-315],[70,-554],[-105,-663],[-131,-413],[-149,-456],[-166,-359],[-148,-413],[-263,-576],[-271,-598],[-244,-586],[-167,-348],[-236,-402],[-419,-511],[-1425,-1956],[-228,-304],[-1311,-1793],[-1041,-1076],[-848,-923],[-341,-392],[-201,-402],[-105,-391],[-78,-587],[-70,-902],[-44,-934],[18,-109],[-62,-750],[27,-293],[61,-728],[140,-630],[8,-55],[341,-1010],[481,-837],[848,-1260],[857,-1348],[1364,-1684],[568,-446],[1014,-532],[1111,-565],[1268,-587],[43,-11],[3034,-869],[1163,-337],[1985,-391],[1678,-337],[962,-217],[393,-87],[1906,-576],[394,-152],[376,-283],[454,-391],[507,-457],[752,-1217],[280,-391],[411,-587],[1049,-1510],[577,-609],[848,-619],[367,-337],[866,-641],[2194,-1630],[534,-391],[323,-152],[612,-109],[2134,-119],[323,-163],[262,-131],[333,-391],[192,-609],[-962,-162],[-315,-142],[-367,-217],[-341,-239],[-349,-315],[-324,-315],[-350,-424],[-236,-359],[-227,-478],[-210,-511],[-140,-478],[-175,-641],[-140,-815],[-113,-663],[-88,-521],[-26,-544],[70,-358],[219,-478],[314,-967],[210,-978],[53,-261],[-27,-511],[-131,-369],[-402,-424],[-297,-131],[-402,-43],[-761,65],[-61,0],[-1145,-65],[-953,22],[-962,-153],[-262,-152],[-228,-195],[-332,-402],[-79,-120],[-568,-826],[-988,-1434],[-647,-913],[-498,-956],[-35,-120],[-359,-1119],[-402,-891],[-245,-750],[-201,-804],[-105,-717],[-140,-815],[-332,-1032],[-253,-663],[-263,-543],[-218,-337],[-297,-315],[-324,-316],[-332,-228],[-367,-174],[-324,-87],[-481,66],[-507,217],[-358,250],[-402,272],[-341,130],[-481,163],[-315,33],[-280,10],[-306,-87],[-323,-173],[-298,-261],[-148,-228],[-262,-392],[-149,-304],[-122,-641],[61,-576],[332,-826],[481,-1032],[1337,-2478],[796,-1325],[665,-1728],[760,-2043],[131,-532],[149,-1272],[9,-369],[-27,-544],[-61,-673],[-131,-881],[-140,-684],[-96,-522],[-201,-739],[-131,-565],[-158,-663],[-192,-619],[-192,-630],[-184,-533],[-140,-597],[-96,-359],[-149,-391],[-148,-446],[-254,-467],[-271,-532],[-253,-457],[-376,-608],[-219,-435],[-323,-532],[-193,-402],[-209,-370],[-167,-293],[-262,-500],[-192,-337],[-219,-283],[-245,-271],[-157,-250],[-201,-315],[-184,-424],[-236,-522],[-157,-445],[-53,-304],[35,-402],[79,-305],[227,-500],[298,-282],[358,-239],[306,-239],[201,-250],[201,-370],[770,-1771],[411,-1173],[192,-848],[87,-337],[123,-380],[87,-294],[70,-521],[44,-511],[192,-391],[193,-250],[113,-533],[-35,-652],[-140,-554],[-201,-456],[-87,-370],[-53,-380],[-8,-435]],[[361660,172744],[-323,55],[-245,217],[-402,141],[-368,22],[-533,120],[-288,141],[-271,152],[-577,217],[-787,153],[-735,65],[-839,65],[-175,43],[-376,109],[-489,293],[-1058,805],[-516,369],[-367,196],[-630,293],[-804,228],[-979,87],[-709,-87],[-446,-141],[-306,-196],[-218,-174],[-306,-391],[-647,-1358],[-717,-1489],[-560,-771],[-253,-239],[-367,-359],[-936,-663],[-419,-250],[-761,-260],[-883,-272],[-35,-11],[-927,-76],[-909,87],[-210,54],[-892,272],[-35,11],[-533,271],[-306,153],[-1731,1271],[-262,141],[-315,44],[-359,-33],[-358,-282],[-1530,-1707],[-140,-141],[-507,-391],[-507,-250],[-778,-282],[-429,-66],[-279,-141],[-674,-445],[-227,-272],[-35,-402],[332,-1413],[9,-337],[-122,-597],[-394,-348],[-306,-141],[-332,-66],[-446,77],[-437,206],[-542,554],[-647,663],[-1058,-348],[-970,-380],[-9,0],[-638,-369],[-586,-446],[-367,-348],[-875,-1065],[-568,-902],[-376,-760],[-953,-1913],[-210,-358],[-376,-478],[-2273,-2369],[-4161,-3554],[-3192,-2227],[-105,-65],[-1600,-913],[-463,-185],[-2675,-163],[-4608,120],[-2011,-11],[-1381,-76],[-87,0],[-481,-120],[-499,-119],[-3366,-978],[-3270,-1054],[-3226,-1478],[-2579,-1261],[-472,-348],[-367,-347],[-402,-446],[-271,-424],[-298,-456],[-1005,-2076],[-1513,-3412],[-673,-1467],[-61,-195],[-455,-1380],[-883,-2847],[-874,-2673],[-87,-294],[-612,-1760],[-525,-1934],[-122,-565],[-429,-1989],[-725,-3282],[-499,-2662],[-44,-598],[-26,-739],[-26,-108],[-315,-609],[-140,-489]],[[274720,113348],[-288,142],[-306,43],[-262,22],[-341,32],[-280,229],[-201,260],[-140,609],[-61,489],[236,489],[411,195],[131,316],[218,445],[298,456],[-158,533],[-122,413],[-61,413],[-315,206],[-245,22],[-184,424],[-87,293],[-219,478],[-139,413],[-158,315],[-419,261],[-341,174],[-27,337],[201,761],[27,173],[-44,576],[-769,-228],[-674,33],[-1285,-196],[-498,0],[-822,-358],[-1346,-707],[-945,315],[-638,229],[-192,293],[-472,-44],[0,-608],[-123,-587],[-192,-521],[-420,-348],[-367,337],[-323,315],[-193,315],[-725,-109],[-525,-32],[-87,-315],[-7790,3509],[-4564,2043],[-2772,1239],[-3943,1782],[-2212,1000],[-11296,5085],[-2876,1294],[-332,336],[-787,783],[-123,261],[-262,336],[166,424],[79,315],[52,533],[114,402],[-1521,3195],[-822,1717],[-9,21],[-673,1402],[-332,706],[-114,239],[-210,435],[-113,717],[-35,196],[-1154,7302],[-9,87],[-44,2412],[-35,1250],[-52,456],[-114,479],[9,391],[44,348],[96,521],[78,652],[-78,620],[26,336],[35,848],[35,315],[61,413],[131,554],[26,218],[27,499],[96,370],[175,315],[271,500],[332,130],[-761,2456],[-1652,5292],[-18,880],[-17,359],[-53,402],[0,750],[27,228],[87,489],[-52,706],[-44,315],[-61,402],[-61,294],[-35,510],[-44,652],[-53,446],[-8,522],[17,369],[131,337],[-1538,8117],[-27,413],[-52,283],[-245,554],[-288,326],[-210,261],[-184,565],[-26,510],[-306,153],[-315,315],[114,347],[-245,-163],[-315,11],[-437,174],[-533,0],[-254,294],[-376,228],[-481,76],[-489,304],[-245,272],[-96,304],[-61,380],[-219,424],[-341,22],[-420,22],[-271,-120],[-411,-141],[-384,21],[-446,98],[-280,142],[-350,130],[-157,163],[-271,337],[-288,65],[-446,11],[-516,-120],[-297,-152],[-499,152],[-323,66],[-289,54],[-262,65],[-367,109],[-271,163],[-368,304],[-271,337],[-271,152],[-314,348],[-236,337],[-236,141],[-193,315],[-306,196],[-306,293],[-210,282],[-428,337],[-507,55],[-306,87],[-359,184],[-463,250],[-393,-76],[-158,-141],[-419,43],[-202,283],[-341,76],[-332,65],[-341,65],[-288,44],[-306,22],[-332,21],[-473,87],[-411,11],[-410,239],[-403,-76],[-445,-141],[-228,109],[-236,315],[-367,-337],[-236,-239],[-367,-152],[-481,-207],[-341,-98],[-324,-65],[-384,-54],[-350,-87],[-463,-65],[-368,-33],[-306,-43],[-341,-44],[-341,-22],[-411,-10],[-314,315],[-175,500],[-463,-11],[-508,-250],[-358,-185],[-271,-239],[-324,-348],[-323,-65],[-359,-206],[-166,-348],[-236,-554],[-183,-261],[-394,-217],[-279,-77],[-438,0],[-271,305],[-253,608],[-105,315],[-201,435],[-175,261],[-175,369],[-481,315],[-367,55],[-315,174],[-227,87],[-490,65],[-472,195],[-341,98],[-253,-11],[-437,218],[-263,336],[-26,511],[-350,185],[-306,195],[-367,-32],[-245,-54],[-349,271],[-219,402],[-122,500],[-140,565],[-88,304],[-140,674],[-78,359],[-813,2629],[-132,348],[-1084,1587],[-297,467],[-44,641],[70,533],[18,412],[35,642],[-210,315],[-79,282],[-227,641],[-70,283],[0,467],[79,533],[218,565],[228,239],[-88,467],[-148,402],[52,685],[-114,499],[-297,174],[-35,598],[-35,304],[-131,435],[114,587],[70,347],[131,533],[-114,293],[-192,381],[26,499],[105,544],[-79,413],[-227,565],[-254,597],[-78,435],[-105,554],[-315,229],[-297,-22],[-472,-98],[-280,-22],[-367,-21],[-263,-33],[-244,413],[-35,424],[52,304],[70,511],[-245,554],[-236,402],[-114,195],[-148,240],[-227,347],[-123,250],[-236,402],[-332,522],[-201,543],[-324,-163],[-288,-380],[-560,-620],[-516,131],[-384,108],[-306,22],[-455,283],[-289,130],[-340,131],[-394,65],[-358,-22],[-333,65],[-332,-11],[-472,294],[-498,98],[-341,-218],[-123,-467],[-227,-348],[-254,-250],[-139,-250],[-306,-206],[-184,-630],[-280,-294],[-122,-347],[-184,-370],[-350,-424],[-428,-65],[-192,-348],[-123,-282],[-183,-565],[-271,-250],[-228,-522],[-446,-337],[-271,-271],[-306,-326],[-271,-348],[-236,-228],[-236,-315],[-87,-294],[-297,-521],[-289,-250],[-393,-359],[-166,-228],[-385,-228],[-271,-261],[-376,120],[-289,-87],[-384,-185],[-542,54],[-324,-22],[-315,-478],[-96,-293],[-183,-402],[-175,-228],[-1679,-620],[-437,-141],[-219,-587],[-209,-597],[-193,-500],[-306,-554],[-323,-489],[-315,-305],[-350,-293],[-376,-435],[44,-934],[-420,-218],[-725,-315],[-385,-141],[-525,-141],[-533,-87],[-874,-98],[-350,-120],[-385,-836],[-428,-87],[-376,-76],[-420,-142],[-271,-163],[0,-456],[-8,-554],[-333,-467],[-43,-250],[-481,32],[-874,44],[-569,21],[-629,33],[-297,76],[-385,98],[-341,76],[-324,250],[-227,239],[-350,467],[-192,326],[-245,478],[-262,196],[-1312,141],[-253,359],[-289,11],[-402,119],[-384,44],[-298,54],[-507,22],[-297,119],[-376,142],[-673,250],[-236,65],[-437,-424],[-18,-304],[-35,-620],[-507,-43],[-463,-76],[-376,-55],[-359,-108],[-280,-131],[-349,-21],[-499,10],[-271,-54],[-384,-76],[-341,-435],[-394,-97],[-306,-109],[-489,-272],[-315,-32],[-411,-207],[-236,-87],[-315,-98],[-419,-152],[-333,-152],[-428,-184],[-271,-77],[-429,11],[-594,33],[-324,76],[-358,130],[-227,55],[-455,174],[-428,108],[-691,141],[-201,-1238],[-455,130],[-524,0],[-3926,-3531],[-17,-11],[-88,-22],[-20511,-4303],[-7772,-1630],[-2492,-522],[-8778,-1847],[-1189,-250],[-6006,-1261],[-18,0],[166,326],[228,533],[78,467],[-253,272],[-175,195],[-114,392],[35,391],[-166,326],[-446,185],[-323,293],[0,380],[122,468],[245,619],[114,445],[148,544],[-87,445],[-446,11],[-289,500],[158,250],[61,435],[-210,391],[-358,32],[-376,272],[-446,152],[-332,109],[-228,87],[-341,76],[-384,358],[-184,522],[-262,76],[-324,87],[-218,413],[-228,554],[-393,217],[-192,163],[-254,511],[-227,218],[-289,380],[105,413],[-183,597],[-289,305],[-289,586],[-26,272],[35,435],[18,337],[-53,456],[26,609],[-34,532],[87,326],[61,402],[105,435],[175,467],[26,511],[70,554],[210,359],[184,641],[-473,369],[-288,457],[52,565],[-279,271],[-105,315],[175,435],[-175,293],[-263,294],[-507,163],[-341,-141],[-148,565],[-105,391],[35,380],[-26,402],[-298,370],[-446,65],[-218,-185],[-367,359],[96,380],[78,326],[105,424],[88,445],[-455,348],[-402,44],[-157,239],[297,271],[236,500],[79,326],[-27,500],[70,369],[201,457],[202,543],[-114,609],[-210,510],[-105,576],[123,457],[183,619],[166,315],[297,326],[210,304],[70,337],[-70,413],[-175,554],[-78,522],[402,446],[297,260],[88,283],[61,391],[61,359],[175,434],[455,261],[236,467],[104,381],[114,337],[140,423],[79,294],[507,1912],[35,142],[183,641],[70,489],[-35,1445],[0,326],[35,369],[228,370],[507,43],[332,228],[498,131],[455,391],[79,500],[-18,445],[140,522],[-192,435],[236,261],[446,65],[244,-131],[350,11],[271,-43],[376,-185],[464,22],[480,-283],[455,-391],[297,-109],[306,392],[-43,673],[-35,620],[0,662],[-123,305],[-96,673],[-140,413],[131,272],[236,359],[-70,347],[-279,544],[122,337],[87,304],[-87,391],[-79,663],[175,500],[35,652],[96,521],[27,413],[-27,641],[263,511],[-140,630],[-315,250],[-105,337],[79,554],[43,402],[123,620],[332,380],[35,663],[306,293],[280,250],[332,272],[507,-141],[420,369],[218,272],[193,293],[367,511],[288,174],[210,630],[-8,652],[8,369],[-17,598],[-88,543],[263,403],[367,-109],[323,65],[341,120],[551,-66],[437,348],[-26,641],[-96,467],[-35,359],[218,391],[202,337],[166,217],[253,446],[-148,609],[-27,489],[35,326],[123,423],[140,261],[166,337],[314,445],[105,533],[-17,467],[-166,598],[376,261],[131,391],[114,576],[358,348],[525,152],[384,304],[236,272],[-8,619],[-97,391],[-279,391],[-158,381],[-358,337],[262,315],[44,619],[-79,337],[26,652],[-253,326],[-35,565],[96,489],[-420,402],[-428,272],[-201,369],[-96,370],[-44,456],[184,228],[445,120],[132,228],[349,348],[289,87],[35,662],[-324,218],[62,673],[-193,468],[-122,478],[122,337],[184,380],[-280,402],[-192,359],[306,554],[105,554],[43,272],[140,434],[-175,489],[-17,250],[-131,522],[-201,293],[-44,435],[-79,348],[-271,478],[-306,0],[-472,-337],[-227,587],[-131,337],[-201,282],[-359,457],[-271,445],[-245,261],[-131,402],[-498,261],[-184,369],[-166,217],[-219,326],[-349,272],[-446,250],[-18,413],[-175,424],[-34,369],[17,544],[-184,250],[-402,76],[-271,54],[-61,511],[-385,282],[-288,76],[-402,65],[-481,174],[-184,544],[-105,326],[-481,347],[-367,196],[-122,250],[-228,358],[-306,392],[-244,250],[-201,315],[-385,456],[-262,413],[-44,369],[-105,576],[-324,87],[-454,272],[-376,315],[-35,348],[-245,456],[-253,391],[-202,261],[-34,370],[367,271],[-44,413],[-385,402],[-218,305],[-481,65],[-306,-65],[-166,489],[-367,423],[-446,44],[-245,326],[-18,641],[132,445],[-315,283],[-193,489],[149,413],[367,369],[-236,413],[-148,587],[131,304],[148,457],[44,576],[-9,347],[123,424],[-53,402],[228,457],[-27,467],[18,695],[87,359],[-8,424],[-202,489],[27,304],[87,478],[-184,620],[-43,412],[-236,413],[-35,413],[-9,305],[-105,521],[-122,348],[-105,456],[52,337],[0,598],[-210,402],[-384,217],[-96,424],[-88,609],[-122,369],[-123,511],[-96,358],[-122,337],[-88,446],[-70,358],[-174,413],[-105,272],[-105,391],[-210,348],[-315,456],[-87,457],[-70,380],[-131,402],[-202,500],[70,445],[114,511]],[[58630,332460],[13184,6716],[2090,836],[13779,1206],[12301,891],[394,294],[865,2521],[1076,2260],[1538,1413],[1347,434],[1731,-152],[297,-76],[6610,-2945],[15894,4869],[1906,945],[3952,1445],[3331,891],[4013,772],[5840,576],[5141,261],[15248,0],[7257,119],[507,-76],[2456,-554],[1530,-620],[2046,-880],[1915,-1456],[988,-1282],[114,-120],[3191,-3379],[52,65],[5998,-5650],[6041,-5705],[3768,-3554],[4424,42466],[-183,1109],[-682,717],[-1959,1760],[-2701,2619],[-883,804],[-140,174],[-271,424],[-367,739],[-280,565],[-131,348],[-297,923],[-167,761],[-70,858],[9,511],[53,381],[175,847],[279,826],[245,565],[149,293],[192,294],[638,793],[166,250],[1968,2836],[367,446],[568,489],[2361,1923],[2273,2119],[726,804],[271,478],[96,554],[393,2358],[79,674],[52,1043],[158,3065],[-437,380],[-341,315],[-202,283],[-201,402],[-70,521],[18,2282],[52,381],[298,586],[550,718],[114,326],[122,684],[35,272],[79,739],[175,3303],[201,261],[271,554],[402,815],[1216,1934],[288,359],[463,500],[639,532],[218,207],[446,424],[376,369],[88,98],[1232,1402],[735,847],[349,446],[385,586],[376,718],[1093,2412],[253,500],[1391,2456],[542,945],[157,359],[61,413],[-61,565],[-70,478],[96,597],[114,609],[166,380],[271,500],[157,598],[105,456],[254,250],[586,435],[341,185],[358,141],[376,87],[402,54],[481,54],[306,11],[472,-108],[289,-250],[1425,-1304],[437,-413],[455,206],[620,-108],[429,-98],[271,-55],[10185,2293],[201,522],[271,554],[-87,228],[-813,1130],[-752,1022],[-350,478],[158,750],[122,261],[149,358],[175,543],[61,218],[210,663],[209,576],[18,239],[-341,662],[-9,142],[193,1662],[122,837],[140,1043],[61,467],[44,479],[26,608],[9,533],[113,3249],[0,543],[0,1391],[9,435],[61,575],[70,381],[-157,1977],[-123,10193]],[[242170,474952],[11812,-4216],[6181,-2456],[11821,-5227],[3584,-1336]],[[58630,332460],[114,533],[35,315],[43,413],[35,326],[9,445],[-61,424],[-87,315],[-123,446],[-70,489],[-44,423],[-61,641],[-52,370],[-61,500],[-105,358],[-131,587],[-149,402],[-88,565],[-61,413],[-17,337],[-35,522],[-26,315],[17,695],[9,424],[-26,511],[-18,358],[26,565],[53,305],[26,413],[-35,423],[114,609],[210,467],[271,457],[96,336],[148,337],[132,478],[61,392],[8,423],[-35,294],[35,597],[193,435],[210,293],[166,500],[236,381],[201,282],[376,413],[245,315],[183,305],[201,336],[228,457],[157,597],[140,457],[175,348],[175,326],[323,630],[586,1239],[402,1151],[175,489],[79,305],[148,847],[219,1304],[113,750],[70,489],[105,750],[97,684],[96,522],[52,500],[0,598],[297,249],[411,272],[62,337],[332,489],[166,359],[175,499],[227,620],[192,489],[97,185],[174,434],[-52,370],[26,543],[88,445],[87,261],[140,413],[-18,630],[237,337],[122,489],[140,326],[210,250],[105,381],[367,521],[-53,522],[0,500],[166,543],[761,1630],[297,576],[175,489],[70,239],[219,869],[70,196],[236,641],[306,348],[2054,3162],[4048,6650],[560,1380],[411,1358],[0,11],[-9,924],[0,424],[131,1043],[96,685],[131,402],[254,749],[708,2065],[516,2271],[-44,717],[-26,305],[-96,1564],[-437,3097],[-385,2804],[-26,195],[-289,2098],[-61,467],[-79,565],[-3698,15822],[-385,1021],[-550,1456],[-1321,3510],[-2229,5107],[-385,848],[-1486,4020],[-752,1978],[-411,696],[-315,532],[-410,1217],[-1137,1858],[-1530,1978],[-586,1076],[-411,750],[-43,97],[-18,1924],[428,1880],[193,206],[1215,1217],[428,402],[2029,565],[-114,978],[-35,272],[805,380],[-228,283],[936,1043],[-621,500],[87,369],[219,326],[507,1228],[201,424],[385,1043],[358,380],[289,-87],[420,-152],[419,-163],[324,-141],[271,-43],[288,-22],[551,-65],[184,912],[1390,1609],[35,326],[78,891],[27,347],[17,359],[18,370],[2570,2292],[8848,7933],[323,293],[324,913],[411,-11],[472,-43],[411,-44],[271,228],[131,663],[44,478],[17,305],[18,478],[26,576],[26,760],[-1014,44],[-70,185],[-227,641],[-359,1184],[-218,739],[-446,1663],[-26,141],[-1583,4944],[-166,228],[-586,337],[-402,152],[-673,163],[-105,11],[-1154,44],[-245,0],[-2614,98],[-1906,76],[-2317,32],[-1976,33],[-2509,43],[-2308,33],[-638,11],[-2781,87],[-1084,21],[-1713,66],[-918,54],[-18,11],[-2343,141],[-507,152],[-1154,359],[-542,163],[-1661,315],[-193,293],[-446,152],[-489,218],[-367,152],[-210,87],[-394,130],[-533,33],[-568,152],[-429,130],[-297,294],[166,347],[324,663],[157,457],[17,380],[88,619],[114,620],[-35,641],[-140,315],[-123,500],[-218,272],[-96,478],[-263,554],[-131,369],[-149,283],[-157,380],[35,435],[201,326],[-79,554],[-131,413],[-210,424],[18,674],[201,315],[280,543],[323,522],[254,445],[-88,641],[-218,294],[-166,250],[-219,478],[-350,467],[-297,206],[-201,261],[-280,402],[-175,337],[53,533],[96,423],[-114,598],[79,565],[158,565],[139,370],[175,412],[96,522],[44,348],[-79,511],[271,271],[184,283],[227,206],[254,283],[140,217],[218,359],[132,217],[104,456],[9,565],[131,326],[219,272],[323,478],[158,250],[210,533],[218,434],[114,544],[-35,489],[192,239],[263,206],[253,413],[498,141],[324,185],[175,185],[481,21],[288,174],[289,522],[244,478],[394,446],[35,608],[-192,293],[43,446],[53,478],[140,315],[349,402],[193,457],[131,402],[96,511],[70,326],[-105,662],[-271,402],[52,381],[-52,489],[9,663],[-289,358],[-463,55],[-105,347],[-376,76],[-271,-54],[-376,98],[-341,326],[-262,348],[-201,380],[26,326],[-96,511],[8,358],[-96,391],[149,457],[-158,489],[27,641],[43,619],[-183,500],[-193,380],[-157,359],[-122,500],[-184,315],[-131,206],[-262,479],[-88,423],[-8,326],[8,468],[-393,358],[-297,152],[-271,163],[-464,250],[-227,76],[-324,66],[-446,369],[-393,196],[-245,32],[-297,131],[-289,293],[-183,587],[-123,445],[-445,359],[-394,348],[-157,413],[-114,652],[-96,315],[-105,532],[-44,598],[0,402],[35,554],[-17,456],[201,218],[175,521],[-166,381],[-79,500],[-157,412],[-289,489],[-79,392],[-122,467],[-114,413],[-201,434],[-245,229],[-236,326],[-131,271],[-271,229],[-358,271],[0,381],[-263,510],[-201,565],[184,326],[79,305],[-105,543],[-184,456],[-87,413],[-263,598],[-174,326],[166,391],[113,446],[140,282],[297,141],[376,196],[315,359],[123,380],[113,608],[0,489],[210,468],[44,586],[314,522],[123,293],[245,305],[175,250],[209,293],[114,272],[236,532],[96,326],[201,533],[-122,576],[-26,510],[26,554],[-35,403],[-70,499],[87,522],[44,532],[-122,468],[-18,467],[-70,598],[35,467],[-236,402],[-166,261],[18,413],[-62,586],[315,283],[262,511],[70,271],[271,392],[123,336],[411,250],[393,142],[394,-142],[262,120],[332,174],[289,174],[515,130],[307,-293],[367,195],[279,109],[350,369],[96,413],[210,207],[262,239],[237,315],[104,293],[70,370],[88,347],[70,337],[210,533],[332,228],[419,283],[280,597],[70,565],[-43,424],[0,391],[-62,630],[-35,511],[-26,359],[140,663],[35,489],[166,619],[140,598],[122,434],[44,631],[88,239],[314,260],[219,98],[245,554],[-132,533],[-166,326],[-87,511],[140,510],[-26,294],[-53,554],[289,185],[131,543],[280,239],[236,435],[-62,358],[-52,370],[-79,369],[-140,348],[-236,369],[-148,250],[-280,261],[-262,576],[-35,609],[17,434],[-157,446],[-236,206],[-411,65],[-236,153],[-245,521],[-245,391],[-533,131],[-402,184],[-298,261],[-148,348],[-184,261],[-201,521],[-385,359],[-306,250],[-620,554],[-298,109],[-253,206],[-429,120],[-139,391],[-167,206],[-139,435],[-193,424],[-52,456],[17,272],[-411,304],[-341,-119],[-297,467],[-157,337],[-245,293],[-324,283],[-454,-44],[-254,370],[-148,391],[-289,565],[35,315],[219,435],[227,456],[166,424],[184,456],[17,381],[-61,402],[61,326],[79,489],[-175,402],[-175,261],[-306,347],[-227,348],[-140,359],[-131,369],[-18,489],[-175,511],[-253,358],[70,370],[192,478],[-113,337],[-376,152],[-18,424],[166,293],[18,391],[236,337],[507,120],[428,152],[271,271],[44,555],[219,391],[297,163],[332,87],[219,98],[349,173],[324,240],[236,521],[149,380],[-18,359],[175,630],[-44,685],[-26,456],[96,652],[79,457],[210,478],[148,511],[70,662],[236,381],[158,130],[244,-130],[202,-326],[69,-326],[53,-381],[184,-315],[113,-413],[280,-478],[358,337],[-35,370],[271,380],[490,0],[385,163],[271,141],[175,272],[367,65],[341,293],[236,-119],[472,152],[324,11],[428,-228],[245,271],[507,98],[358,217],[271,0],[507,11],[420,228],[498,-163],[473,22],[367,283],[262,76],[192,413],[158,326],[279,304],[219,206],[341,250],[271,370],[18,565],[306,261],[244,11],[376,249],[271,98],[385,348],[149,369],[358,359],[271,283],[175,521],[350,304],[489,-173],[368,-109],[507,11],[26,445],[236,207],[175,521],[253,500],[280,87],[332,261],[376,119],[114,435],[262,109],[315,424],[157,608]],[[65152,640503],[53,-98],[1967,-2325],[752,-511],[2710,-3249],[1801,-1891],[2807,-3651],[454,-587],[2544,-4020],[717,-1598],[306,-695],[761,-1413],[35,-65],[341,-619],[306,-305],[455,-423],[332,-337],[358,-326],[341,-359],[306,-337],[289,-315],[236,-271],[297,-392],[192,-239],[202,-315],[183,-348],[140,-282],[157,-380],[132,-663],[113,-381],[271,-489],[385,-108],[411,-413],[9,-511],[-27,-424],[-43,-326],[-27,-391],[0,-337],[88,-456],[-79,-609],[-105,-326],[158,-641],[2045,-858],[630,-370],[717,-554],[201,-163],[1285,-1032],[166,-207],[472,-804],[411,-1293],[376,-1173],[123,-446],[70,-837],[-27,-663],[-157,-695],[-149,-348],[-883,-1977],[-480,-1196],[-228,-1108],[-17,-359],[-866,-130],[-603,76],[-735,109],[167,-489],[-105,-239],[-350,-316],[-1539,-1510],[-743,174],[297,-533],[385,-413],[210,-369],[367,-304],[481,-109],[358,-130],[219,-98],[332,-185],[175,-228],[297,-250],[341,-293],[306,-142],[394,-184],[323,-392],[228,-239],[454,-141],[289,65],[314,-119],[201,-467],[70,-348],[202,-413],[227,-163],[367,-131],[350,-315],[210,-195],[367,-228],[481,-33],[515,-33],[341,-445],[202,-467],[87,-283],[166,-630],[18,-522],[26,-348],[61,-445],[114,-587],[96,-630],[-35,-446],[0,-532],[9,-402],[-27,-576],[149,-489],[140,-359],[122,-358],[158,-522],[61,-304],[96,-446],[96,-413],[140,-586],[175,-641],[44,-413],[131,-522],[26,-326],[-35,-402],[44,-619],[17,-468],[88,-391],[-18,-467],[-43,-380],[-9,-392],[9,-499],[-18,-685],[9,-554],[-123,-424],[-201,-598],[-105,-337],[-166,-565],[-78,-347],[-123,-555],[-35,-575],[26,-392],[105,-304],[123,-445],[70,-674],[-114,-402],[-140,-554],[-70,-587],[9,-370],[184,-445],[297,-489],[227,-141],[297,-229],[193,-141],[341,-141],[332,-76],[262,87],[402,119],[298,76],[314,87],[306,55],[298,43],[262,43],[385,207],[271,163],[314,206],[429,196],[393,250],[446,119],[280,174],[245,174],[105,-1271],[-44,-783],[-586,-1912],[-420,-1500],[-104,-663],[-62,-1760],[158,-2977],[157,-1902],[44,-272],[245,-923],[244,-826],[97,-272],[1224,-3086],[201,-576],[157,-434],[490,-1935],[96,-619],[44,-511],[-105,-652],[-166,-391],[-289,-391],[-892,-728],[-1101,-630],[-446,-131],[-1434,-239],[-289,-87],[-446,-228],[-612,-315],[-332,-489],[-140,-989],[-209,-1510],[-315,-1565],[-420,-2184],[-44,-565],[53,-1902],[629,-217],[35,-22],[1460,-696],[411,-195],[201,-120],[639,-380],[271,-163],[507,-359],[1565,-1467],[175,-141],[1635,-1641],[655,-684],[193,-392],[17,-478],[-184,-1162],[-148,-544],[-306,-565],[-700,-913],[-297,-402],[-61,-326],[-131,-717],[-88,-739],[-35,-315],[-113,-554],[8,-380],[-358,-207],[-271,-511],[-175,-358],[-341,-1304],[-227,-359],[-289,76],[-411,33],[-253,-304],[-18,-631],[-52,-336],[-192,-359],[-385,-391],[-297,-218],[-429,-380],[166,-424],[263,-195],[192,-218],[350,-358],[192,-348],[184,-369],[306,-55],[332,-141],[210,-130],[629,-348],[385,-250],[201,-261],[149,-532],[96,-413],[367,-152],[306,0],[271,141],[437,-120],[289,-76],[341,-228],[341,-521],[227,-337],[131,-305],[245,-260],[350,-185],[244,-185],[289,-282],[323,-152],[324,-163],[236,-218],[411,-152],[280,11],[454,43],[490,-130],[402,-283],[420,294],[227,-174],[411,-22],[323,-65],[446,239],[315,-174],[481,0],[297,218],[385,0],[332,-500],[184,-272],[419,11],[210,-326],[490,-293],[411,-283],[262,-315],[367,-22],[219,272],[87,326],[245,532],[498,87],[403,-434],[244,-294],[149,-217],[184,-370],[122,-489],[184,-260],[87,-511],[105,-663],[61,-435],[306,-434],[192,-468],[245,-532],[254,-228],[367,-294],[105,-217],[114,-489],[17,-511],[-61,-347],[-105,-489],[254,-446],[472,22],[358,-185],[236,-33],[341,-217],[26,-380],[228,-380],[218,-359],[254,-65],[411,-98],[288,-76],[289,-196],[210,-228],[297,-76],[323,-120],[210,-195],[324,-163],[419,43],[499,-184],[524,-196],[385,-54],[350,-392],[52,-347],[350,-196],[315,0],[454,-130],[411,119],[44,348],[367,228],[332,-108],[166,-294],[394,-315],[271,-239],[393,-391],[315,-44],[201,-500],[289,-206],[279,-22],[219,-510],[-26,-424],[96,-391],[227,-511],[455,-239],[183,-315],[193,-359],[131,-511],[26,-358],[88,-511],[96,-369],[262,-500],[367,-131],[236,-76],[394,-239],[341,-130],[533,-87],[358,-359],[105,-239],[254,-315],[271,22],[402,-142],[464,131],[271,11],[393,76],[192,228],[341,337],[341,-33],[367,-152],[202,109],[306,206],[148,218],[324,173],[437,218],[323,-141],[306,-479],[289,22],[332,-87],[359,-11],[262,-32],[315,-163],[323,163],[245,76],[306,152],[376,109],[166,456],[271,217],[254,163],[332,22],[262,261],[481,-185],[376,-76],[472,-54],[315,87],[341,206],[550,-76],[114,-489],[254,-478],[279,-217],[149,-305],[289,-347],[507,0],[105,-337],[341,-250],[367,-109],[437,-108],[367,-207],[332,-141],[193,-163],[498,-141],[315,163],[402,-207],[184,-217],[253,-272],[210,-250],[236,-282],[184,-272],[271,-380],[393,-370],[367,-326],[245,-141],[297,-22],[350,-163],[385,-217],[245,-228],[201,-468],[507,-184],[384,-22],[420,-446],[219,-554],[271,-217],[489,-54],[359,-174],[280,-142],[367,-130],[236,-120],[437,109],[227,228],[499,305],[227,260],[420,-336],[244,-316],[315,-141],[341,-293],[271,-44],[350,65],[420,-260],[367,-185],[411,130],[297,207],[472,-22],[306,87],[289,-369],[271,-305],[384,-217],[131,-522],[9,-347],[0,-392],[367,-293],[219,-87],[350,44],[524,0],[228,32],[306,-206],[437,98],[402,-109],[472,-54],[192,271],[376,272],[367,217],[385,185],[429,11],[419,261],[184,260],[227,370],[140,250],[254,413],[306,97],[367,131],[297,-152],[525,-207],[279,76],[280,-358],[472,-98],[402,-315],[368,32],[498,-130],[17,-413],[9,-424],[210,-586],[428,-250],[315,-544],[289,-282],[210,-294],[498,-43],[358,-109],[193,-532],[227,-435],[122,-174],[385,-152],[498,-65],[341,-44],[245,22],[542,-65],[271,-391],[376,-65],[271,293],[263,-43],[306,173],[384,163],[516,-260],[385,-76],[315,-55],[463,-185],[245,-152],[349,-65],[254,217],[323,207],[333,-207],[253,-597],[245,-359],[455,44],[472,0],[472,-185],[393,-65],[254,-22],[393,109],[315,54],[1215,-1760],[604,-609],[445,-348],[1120,-478],[533,-141],[734,-109],[1268,-97],[166,-11],[560,-11],[559,65],[437,120],[1163,499],[3218,2152],[349,152],[2772,1217],[2544,1119],[4022,1196],[857,228],[1154,109],[1433,-33],[1478,-130],[1128,-142],[1355,-32],[988,206],[96,22],[3655,967],[122,22],[7694,836],[691,109],[1250,489],[1652,815],[1609,837],[1600,739],[1032,261],[2281,347]],[[472337,635852],[-385,-21],[-402,-294],[-455,-337],[-367,-271],[-218,-76],[-184,-403],[35,-554],[122,-358],[166,-391],[167,-305],[227,-445],[245,-272],[262,-315],[219,-239],[279,-359],[359,-445],[157,-381],[88,-412],[96,-587],[70,-826],[35,-728],[43,-304],[350,-1239],[341,-956],[297,-620],[315,-587],[114,-293],[35,-565],[-35,-609],[-26,-695],[148,-619],[131,-511],[9,-359],[-236,-674],[-271,-1032],[-61,-304],[655,-413],[674,-109],[594,-108],[367,-120],[368,-141],[655,-294],[2448,-1119],[1076,-456],[1705,-707],[2273,-977],[3016,-1359],[1810,-782],[1311,-598],[1766,-771],[1417,-609],[1084,-467],[489,-217],[446,-229],[289,-195],[192,-152],[630,-565],[1163,-1109],[612,-565],[244,-250],[1224,-1163],[1224,-1151],[945,-881],[603,-575],[227,-326],[1111,-1065],[1171,-1120],[743,-684],[455,-424],[306,-304],[594,-565],[472,-435],[586,-576],[437,-413],[315,-304],[324,-304],[358,-337],[367,-359],[691,-641],[603,-576],[577,-565],[228,-206],[498,-479],[472,-445],[472,-446],[280,-282],[970,-924],[665,-641],[1198,-1032],[891,-772],[1373,-1184],[927,-804],[638,-544],[647,-586],[665,-576],[664,-576],[901,-772],[87,-98],[-376,-467],[-324,-369],[-332,-402],[-262,-348],[-157,-217],[-263,-446],[-271,-369],[-411,-229],[-428,-97],[-463,-98],[-350,-76],[-481,-142],[-332,-86],[-446,-109],[-411,-33],[-315,-21],[-454,-87],[-901,-142],[44,-521],[96,-870],[96,-869],[9,-782],[26,-533],[0,-858],[-9,-543],[-865,-185],[-1102,-370],[-166,-108],[-638,-478],[-656,-479],[-385,-173],[-472,-163],[-288,-87],[-315,-87],[-804,-283],[-359,-141],[-498,-294],[-979,-793],[-1084,-999],[-306,-283],[-315,-554],[-271,-554],[-262,-794],[-289,-1358],[-210,-1119],[-157,-489],[-289,-598],[-271,-402],[-236,-369],[-516,-435],[-297,-196],[-288,-76],[-560,11],[-1032,55],[-1075,206],[-507,65],[-490,-22],[-175,-32],[-603,-239],[-35,-11],[-699,-337],[-437,-369],[-674,-859],[-577,-880],[-332,-750],[-358,-913],[-787,-2227],[-437,-989],[-97,-207],[-349,-978],[-569,-1934],[-314,-1043],[-175,-1032],[-463,-2565],[-175,-1336],[-306,-3499],[-394,-2815],[-52,-445],[-201,-370],[-271,-65],[-271,-141],[-9,-489],[-18,-598],[-35,-619],[-26,-522],[-17,-391],[-263,-565],[-297,-348],[-52,-413],[-175,-554],[-123,-369],[-139,-446],[-210,-532],[-280,-479],[-350,-521],[-166,-250],[-323,-424],[-280,-293],[-193,-196],[-218,-445],[-96,-326],[-219,-511],[-201,-293],[-262,-479],[-228,-423],[-262,-468],[-350,-499],[-157,-207],[-253,-380],[-149,-261],[-201,-435],[-297,-999],[-1015,-2815],[-70,-304],[-271,-1239],[-174,-978],[-27,-380],[-35,-880],[-131,-3271],[53,-598],[35,-326],[183,-913],[175,-836],[219,-804],[227,-772],[236,-772],[979,-2912],[499,-1315],[891,-2108],[403,-1021],[515,-1543],[875,-2836],[752,-2652],[568,-2608],[594,-2206],[1207,-3683],[79,-261]],[[317674,537967],[-2308,2358],[-236,261],[-673,891],[-385,728],[-393,989],[-350,1086],[-253,1141],[-280,2000],[-79,1467],[35,2217],[236,2705],[114,804],[367,1652],[332,1619],[997,4847],[1731,12290],[586,3162],[900,2890],[105,294],[245,500],[175,282],[376,554],[2291,3173],[2212,5564],[4922,12323],[760,2216],[945,4336],[2544,13301],[236,2673],[-18,510],[-113,1294]],[[332695,628094],[3173,717],[2352,804],[953,424],[534,261],[585,325],[778,555],[4398,3683],[105,87],[743,500],[1460,793],[682,316],[848,250],[1425,239],[420,43],[778,-54],[4363,-696],[8752,-1532],[3226,-532],[2483,-294],[2107,-228],[1643,-43],[1836,-55],[5133,65],[3121,142],[2518,271],[-9,555],[61,597],[166,446],[333,587],[402,499],[1023,978],[8026,8215],[1967,2022],[586,554],[2177,1945],[1696,1434],[2544,1837],[411,358],[332,370],[656,880],[332,489],[184,380],[157,544],[166,1217],[35,293],[44,609],[-9,510],[-52,424],[-79,576],[-35,196],[-201,815],[-175,489],[-184,369],[-314,598],[-612,1152],[-429,945],[-166,511],[-35,467],[96,554],[298,456],[262,261],[428,283],[367,54],[1950,-391],[210,-630],[245,-576],[297,-87],[262,141],[464,239],[87,435],[-376,456],[166,446],[481,217],[210,359],[122,347],[97,359],[70,543],[52,392],[-402,315],[-516,195],[-219,337],[-131,456],[-402,381],[-463,358],[-263,250],[-690,631],[131,662],[297,-10],[297,456],[-218,456],[-123,652],[-279,544],[-280,174],[-280,293],[-227,282],[148,587],[289,-43],[402,-185],[560,0],[446,22],[323,-207],[122,-293],[132,-522],[227,-391],[-9,-630],[-52,-609],[332,-239],[420,87],[253,609],[79,402],[61,391],[52,413],[62,359],[87,336],[201,326],[228,402],[-53,598],[-70,652],[61,413],[62,337],[174,489],[-61,641],[-236,43],[-367,250],[-149,163],[-105,457],[-17,576],[183,239],[341,271],[333,511],[35,478],[-245,739],[-9,348],[123,456],[393,163],[306,305],[-297,402],[-315,152],[-446,391],[-87,478],[131,239],[349,304],[508,66],[262,-489],[262,-229],[315,229],[472,228],[306,98],[393,-33],[280,-109],[411,87],[-9,609],[-52,391],[367,293],[402,-369],[385,391],[-192,424],[-88,293],[-105,468],[-70,358],[-253,359],[-341,250],[-236,337],[-140,369],[-105,424],[-52,445],[218,239],[306,402],[44,566],[175,467],[306,130],[175,489],[-280,294],[-350,304],[-393,326],[-79,402],[114,598],[262,315],[157,293],[315,413],[175,369],[-9,305],[-280,315],[-209,217],[-158,380],[53,522],[209,250],[429,348],[323,250],[201,152],[245,304],[490,565],[157,261],[420,337],[411,108],[201,435],[227,207],[455,0],[227,-435],[61,-380],[18,-316],[-61,-380],[192,-435],[385,-412],[157,-185],[463,217],[-87,402],[52,337],[446,304],[359,98],[245,87],[358,-185],[490,-250],[271,413],[-385,391],[-280,294],[280,445],[490,218],[-35,478],[-341,358],[140,566],[61,684],[17,413],[26,587],[-139,674],[-114,543],[35,380],[-53,500],[271,522],[411,-142],[376,109],[131,424],[-52,402],[-35,587],[-114,434],[114,587],[411,380],[253,337],[263,565],[157,370],[402,-250],[280,-424],[350,-228],[551,0],[279,130],[254,174],[280,239],[332,272],[149,261],[244,554],[201,521],[219,457],[446,402],[420,22],[402,326]],[[429829,715091],[612,-446],[419,-304],[359,-337],[463,-435],[542,-445],[1696,-1206],[1356,-1022],[1538,-1010],[420,-337],[280,-359],[594,-1130],[271,-489],[569,-978],[629,-956],[429,-424],[227,-141],[393,-250],[394,-370],[900,-1141],[691,-749],[253,-381],[184,-326],[192,-358],[254,-565],[498,-1250],[254,-674],[192,-402],[367,-434],[464,-446],[253,-185],[770,-402],[376,-65],[717,141],[507,152],[218,-130],[262,-315],[376,-11],[385,120],[533,-33],[245,152],[271,141],[315,142],[332,152],[446,-141],[429,-11],[480,206],[315,370],[114,260],[140,446],[279,587],[123,369],[166,511],[271,282],[-9,511],[-8,630],[174,370],[219,478],[149,293],[358,272],[297,206],[368,218],[209,108],[289,316],[201,315],[332,304],[245,65],[332,109],[324,239],[245,467],[314,326],[350,-43],[472,21],[324,-32],[454,-272],[341,174],[254,-130],[428,-22],[227,282],[280,66],[315,-66],[385,-260],[227,-22],[341,43],[402,218],[26,315],[420,261],[717,-1000],[393,-250],[376,76],[752,141],[490,142],[306,87],[297,21],[411,22],[446,-54],[306,-87],[428,-370],[630,-1010],[463,-902],[166,-402],[140,-620],[18,-445],[-18,-804],[-9,-381],[-43,-945],[-271,-272],[-298,-489],[18,-424],[323,-402],[0,-184],[-480,-587],[-219,-511],[-53,-413],[-8,-652],[-228,-554],[-428,-500],[-236,-228],[-446,-196],[9,-543],[35,-424],[35,-630],[-228,-413],[-17,-1076],[-79,-532],[-376,-413],[-70,-685],[9,-456],[175,-272],[26,-521],[79,-533],[0,-652],[52,-391],[341,-369],[359,-142],[341,-32],[288,-587],[210,-337],[-87,-652],[-350,-326],[-227,-315],[-123,-652],[88,-467],[-254,-468],[96,-423],[-201,-554],[-26,-326],[61,-468],[18,-478],[-184,-358],[-402,-250],[-149,-294],[-288,-391],[-158,-446],[0,-347],[158,-326],[210,-207],[297,-184],[385,-153],[498,-43],[288,22],[464,43],[664,163],[481,87],[525,22],[1119,22],[778,-44],[524,-65],[752,-130],[499,-153],[1748,-880],[2352,-1565],[262,-250],[464,-662],[297,-489],[87,-196],[438,-2065],[157,-945],[105,-1119],[-26,-261],[-420,-1489],[-149,-217],[-1285,-1663],[-201,-228],[-962,-1847],[-743,-1978],[-1066,-2314],[-1530,-2326],[-1399,-1152],[-1688,-1380],[-2369,-1945],[-4660,-3814],[61,-641],[673,-6976],[368,-174],[498,-87],[411,-22],[542,-54],[498,22],[420,119],[201,543],[428,33],[193,-435],[157,-532],[446,-326],[219,-239],[131,-326],[175,-554],[17,-337],[306,-250],[306,11],[385,-218],[315,-260],[367,-163],[481,32],[332,-369],[271,-250],[315,-283],[227,-152],[411,-217],[306,-120]],[[582550,850433],[-131,-848],[-183,-1586],[-988,-4423],[-158,-522],[-122,-326],[-429,-902],[-734,-1423],[-184,-272],[-236,-347],[-271,-359],[-1101,-1174],[-1749,-1912],[-997,-1130],[-1084,-1391],[-218,-424],[-114,-500],[-105,-913],[-210,-956],[-52,-402],[-18,-598],[44,-532],[87,-435],[805,-1651],[87,-348],[18,-478],[-44,-315],[-114,-359],[-244,-424],[-341,-380],[-132,-424],[0,-1043],[9,-1902],[-140,-391],[-262,-272],[-140,-510],[219,-924],[70,-684],[-53,-620],[-463,-1869],[-184,-880],[-35,-424],[0,-326],[79,-1434],[-70,-620],[-778,-3075],[-839,-2380],[-674,-1325],[-349,-489],[-656,-804],[-411,-294],[-280,-43],[-349,32],[-971,174],[-560,174],[-454,65],[-385,44],[-280,108],[-279,152],[-385,240],[-402,282],[-306,304],[-263,305],[-271,326],[-367,260],[-262,0],[-481,-43],[-376,-109],[-472,-195],[-262,-163],[-394,-294],[-498,-424],[-341,-391],[-157,-239],[-219,-348],[-210,-445],[-218,-413],[-263,-587],[-140,-489],[-332,-956],[-1941,-3597],[-795,-1804],[-306,-782],[-219,-1108],[-44,-772],[-8,-2988],[-62,-3010],[-104,-2771],[-114,-869],[-341,-1793],[-201,-718],[-184,-565],[-1337,-3347],[-306,-1032],[-237,-1445],[-201,-1815],[-96,-456],[-157,-413],[-516,-783],[-227,-586],[-131,-522],[-35,-717],[-35,-837],[52,-1445],[105,-1402],[-17,-717],[-79,-1391],[-184,-1673],[-192,-1294],[-306,-2390],[-498,-1380],[-263,-522],[-113,-391],[-271,-445],[-464,-359],[-306,11],[-262,-44],[-411,-369],[-324,76],[-393,22],[-262,-511],[-420,380],[-463,65],[-385,-119],[-288,-54],[-359,369],[-175,652],[-175,261],[-428,130],[-175,-521],[26,-511],[-262,-543],[-236,-381],[26,-369],[-105,-348],[-341,-326],[-105,-413],[-201,-228],[-314,-196],[-411,-347],[-420,-315],[-324,-131],[-332,-369],[-122,-348],[-376,-293],[-44,-620],[-446,-304],[-419,217],[-245,-152],[-394,-217],[-61,-685],[-192,-608],[-201,-402],[61,-348],[254,-261],[-9,-478],[-105,-348],[-201,-619],[-236,-326],[-289,-370],[-26,-326],[-219,-510],[140,-392],[175,-575],[359,-163],[-140,-587],[-123,-468],[-306,-543],[219,-467],[262,-207],[332,-510],[193,-283],[349,-195],[237,-109],[279,-337],[149,-250],[140,-348],[87,-445],[-131,-435],[-297,-174],[-420,-423],[-44,-283],[-297,-402],[-367,-250],[-219,-478],[-96,-587],[-446,-358],[-201,184],[-262,305],[-428,119],[-289,174],[-323,500],[-88,358],[-297,272],[-411,-337],[-96,-380],[-184,-315],[-437,-11],[-306,185],[-490,-229],[-209,-467],[236,-380],[-166,-337],[-298,-554],[-210,-315],[-218,-500],[-192,-218],[26,-608],[-70,-348],[-280,-348],[-166,-412],[-219,-196],[-288,-337],[-341,-109],[-219,-282],[27,-511],[-341,-478],[-516,-196],[-280,11],[-332,-21],[-455,-153],[-315,239],[-314,500],[-411,152],[-324,185],[-428,370],[-367,250],[-44,467],[-201,261],[-35,380],[-175,369],[-437,-249],[-350,-522],[-524,-152],[-237,304],[-410,-130],[-298,119],[-306,207],[-192,271],[-332,207],[-525,-87],[-201,261],[-446,380],[-227,-359],[-140,-271],[-402,11],[-315,239],[-280,-33],[-419,-54],[-210,-359],[96,-358],[-236,-522],[-455,-87],[-262,-326],[-455,-250],[-70,-522],[-437,87],[-323,153],[-481,86],[-306,-65],[-446,76],[-184,283],[-306,239],[-271,109],[-411,119],[-507,-76],[-35,-500],[-402,-163],[-481,-293],[53,-467],[-166,-392],[43,-336],[44,-468],[61,-478],[368,-478],[-88,-402],[79,-598],[148,-195],[341,-250],[123,-631],[122,-325],[-113,-381],[-490,87],[-192,-435],[17,-673],[140,-511],[157,-369],[-166,-381],[-52,-413],[0,-510],[-26,-348],[131,-446],[-254,-500],[-358,-478],[-394,-152],[-175,-434],[219,-566],[-114,-597],[-201,-185],[-262,-196],[-367,261],[-324,-11],[-140,-467],[-236,-543],[-262,-261],[-70,-293],[-122,-435],[17,-272],[-114,-434],[-271,-478],[-445,-337],[43,-598],[114,-359],[288,-260],[236,-22],[167,-489],[113,-456],[-175,-403],[-279,-499],[-298,-283],[-349,-76],[-245,-554],[175,-544],[-114,-347],[-192,-565],[-88,-478],[149,-642],[131,-456],[315,-304],[288,-185],[184,-391],[9,-533],[52,-369],[-227,-413],[-332,-326],[-263,0],[-297,-282],[-35,-403],[-166,-282],[-280,-250],[-288,-522],[-245,-326],[-289,-152],[-262,-554],[-245,-315],[-218,-391],[-158,-381],[-393,-108],[-192,-304],[-18,-424],[-201,-533],[-201,-184],[-332,-272],[122,-380],[-140,-392],[-271,-141],[35,-576],[201,-141],[70,-511],[-358,-76],[-201,-337],[-237,-228],[-253,-174],[-201,-261],[-53,-510],[245,-207],[315,-228],[446,-283],[-18,-575],[-262,-468],[149,-510],[-140,-435],[-26,-348],[227,-304],[323,-293],[9,-598],[140,-663],[411,-402],[149,-272],[122,-500],[26,-336],[88,-359],[122,-511],[52,-391],[-157,-304],[254,-554],[297,-261],[288,-239],[411,-185],[-43,-359],[-175,-510],[-149,-261],[-79,-685],[271,-445],[228,-478],[-262,-565],[349,-413],[26,-468],[0,-662],[62,-359],[271,-359],[367,-402],[253,-478],[18,-358],[52,-381],[263,-315],[78,-358],[44,-424],[-87,-457],[393,-380],[219,-152],[262,-250],[315,-500],[-27,-402],[-236,-369],[-201,-207],[-140,-402],[-279,-304],[-18,-435],[-148,-282],[-184,-457],[157,-413],[-262,-554],[-122,-369],[35,-576],[-35,-305],[-236,-326],[-193,-119],[-419,-348],[-175,-315],[-402,-304],[-315,65],[-394,-272],[-271,294],[-358,-250],[-219,-109],[-463,-304],[-289,-272],[53,-445],[35,-457],[-79,-456],[-245,-163],[-201,-250],[44,-413],[323,-239],[263,-391],[26,-402],[-26,-402],[-271,-478],[-79,-555],[-70,-489],[0,-347],[-219,-424],[35,-315],[-104,-370],[-271,-228],[-254,-489],[-35,-543],[9,-304],[411,-207],[314,-272],[289,22],[411,-163],[201,-261],[201,-423],[122,-631],[9,-467],[-236,-522],[-218,-391],[-228,-282],[-140,-544],[-183,-445],[-289,-272],[-315,-424],[-375,-184],[-289,-218],[-96,-304],[-123,-359],[-131,-391],[-288,-152],[-158,-358],[-236,-370],[-402,-424],[-166,-478],[254,-293],[419,-228],[315,-87],[437,-337],[280,-370],[280,-54],[175,-337],[183,-489],[9,-619],[-105,-337],[-201,-467],[-280,-359],[-26,-304],[-96,-489],[-350,-304],[-254,-305],[-174,-271],[-105,-631],[-263,-597],[-402,-131],[-210,-315],[-192,-282],[-210,-370],[-350,-217],[-428,-304],[-367,-261],[-350,-185],[-9,0],[-559,-152],[-376,-261],[-227,-326],[-263,-489],[-437,-1195],[-323,-641],[-324,-631],[-463,-239],[-289,76],[-376,-152],[-236,11],[-341,-358],[-376,-218],[-297,-76],[-489,0],[-210,-250],[-350,-43],[-280,-554],[-113,-446],[-411,-272],[43,-326],[-218,-358],[-341,-141],[-123,-402],[-489,-77],[-306,109],[-280,543],[-297,-391],[-149,-576],[-131,-445],[-332,-11],[-219,141],[-437,44],[-105,-348],[-236,-261],[-288,-119],[-516,-207],[-516,65],[-1268,-999],[-183,445],[-298,152],[-253,-250],[-411,0],[-315,-21],[-253,380],[-219,174],[-306,195],[-254,392],[-323,-11],[-324,0],[-253,-87],[-490,87],[-489,11],[-306,-196],[-298,304],[-174,326],[-481,294],[-149,456],[-96,456],[-271,381],[-376,250],[-428,32],[-341,-119],[-140,-478],[-254,-305],[-280,-250],[-166,-326],[-192,-217],[-376,33],[-367,0],[-193,98],[-341,206],[-402,-22],[-166,-337],[-332,-510],[-385,-11],[-341,130],[-437,402],[-271,196],[-341,65],[-323,-11],[-420,98],[-463,185],[-490,-239],[-315,-185],[-428,54],[-236,-217],[-402,98],[-298,108],[-463,316],[-542,21]],[[429829,715091],[-210,445],[44,674],[314,532],[158,402],[411,-336],[-9,-413],[114,-576],[201,-228],[376,-87],[271,271],[393,446],[324,-11],[480,-152],[324,261],[70,413],[-44,380],[-183,369],[-184,250],[9,565],[192,272],[140,456],[-306,392],[-245,163],[-175,423],[-210,468],[-376,326],[0,282],[-87,402],[341,402],[105,402],[-18,413],[9,424],[9,380],[-9,641],[88,403],[-481,326],[-332,32],[-132,456],[-35,229],[-384,347],[-184,337],[-35,348],[35,456],[437,370],[367,-44],[280,-54],[341,-435],[53,-456],[349,-141],[254,206],[192,207],[254,402],[-123,391],[-262,500],[96,489],[289,108],[454,326],[-183,533],[-61,521],[70,457],[17,282],[-70,413],[35,641],[227,196],[429,120],[87,423],[-411,348],[-236,228],[-148,305],[131,391],[210,239],[183,358],[-481,239],[-253,435],[-79,359],[-87,543],[166,283],[288,282],[403,261],[279,130],[525,228],[288,142],[455,358],[70,565],[-61,435],[43,554],[193,402],[-149,631],[-245,358],[-480,250],[-385,-250],[-446,283],[-332,217],[-289,141],[-17,468],[78,554],[-70,608],[-87,500],[-52,326],[-158,457],[0,434],[332,228],[184,326],[105,468],[271,358],[122,446],[35,673],[-341,185],[-376,109],[-515,32],[-376,-391],[-18,-380],[70,-424],[-210,-543],[-402,32],[-358,446],[-53,674],[-113,206],[-289,380],[-271,-228],[-166,-337],[87,-499],[-78,-381],[-411,-206],[-429,304],[-262,413],[-192,337],[-35,391],[-315,424],[-428,271],[-263,566],[70,521],[88,304],[61,392],[148,478],[158,337],[262,228],[254,271],[183,250],[-306,522],[-236,-228],[-218,-337],[-429,11],[-183,565],[236,391],[218,228],[35,435],[-306,413],[0,467],[437,141],[368,-206],[498,-185],[288,-33],[403,250],[70,413],[227,500],[-149,381],[184,391],[323,-11],[306,348],[158,271],[376,402],[87,392],[-297,271],[-464,98],[-314,-33],[-376,-315],[-228,-315],[-148,-206],[-437,119],[-131,283],[-88,445],[114,544],[87,293],[359,272],[463,-316],[437,109],[88,413],[-140,370],[-263,586],[-105,250],[-113,468],[-88,445],[-166,489],[184,369],[428,55],[385,65],[184,565],[-140,348],[-324,391],[-358,109],[-411,97],[-359,261],[254,609],[-79,511],[-428,65],[-219,576],[-87,380],[-44,348],[79,456],[323,54],[516,-65],[332,152],[306,239],[140,522],[-96,337],[-131,380],[-70,359],[79,445],[175,283],[419,87],[280,-196],[210,-358],[218,-283],[315,-511],[280,-65],[306,65],[437,109],[114,413],[-9,456],[-18,348],[35,369],[175,489],[228,316],[279,336],[245,479],[35,391],[-192,369],[-280,381],[-560,619],[-157,119],[-385,272],[-244,228],[-271,294],[-368,119],[-201,305],[44,652],[44,467],[-9,326],[131,434],[227,348],[324,402],[376,413],[236,315],[350,696],[-9,402],[-157,326],[-140,543],[-271,924],[-44,587],[236,217],[437,119],[394,44],[323,326],[-210,380],[-236,152],[-586,348],[-341,261],[-367,130],[-218,511],[78,391],[184,554],[192,555],[175,358],[192,380],[114,511],[79,391],[96,381],[-114,630],[-306,-11],[-349,-326],[-350,-130],[-402,478],[-9,358],[-184,479],[-437,228],[-323,-11],[-472,-65],[-394,217],[-297,250],[-157,282],[-27,446],[18,293],[245,500],[113,239],[228,424],[279,413],[359,207],[918,173],[288,153],[175,369],[35,391],[-26,587],[-44,413],[9,565],[149,424],[-97,510],[-428,294],[-332,228],[-289,196],[-341,521],[306,402],[376,283],[367,304],[-122,402],[-463,380],[-341,381],[-429,271],[-358,316],[-420,271],[-367,-11],[-245,153],[-35,575],[385,620],[262,434],[44,381],[201,576],[131,467],[61,630],[0,522],[-105,652],[-139,369],[-263,511],[-175,293],[-201,522],[53,413],[175,424],[209,239],[350,391],[210,326],[87,413],[201,326],[97,663],[183,413],[219,184],[367,305],[393,260],[175,381],[-96,500],[-9,630],[79,391],[88,533],[26,315],[-114,402],[-306,261],[-385,456],[-166,402],[18,554],[201,294],[175,217],[271,369],[131,272],[35,489],[-105,489],[-44,304],[-17,468],[17,412],[-96,642],[-52,358],[8,576],[359,402],[253,207],[158,315],[-70,424],[17,434],[236,446],[525,43],[306,-195],[253,-424],[219,-304],[236,-207],[385,0],[227,587],[140,619],[114,446],[17,315],[-35,500],[0,315],[18,608],[17,348],[-70,565],[-87,326],[-35,413],[17,315],[96,402],[-17,402],[-79,348],[-52,522],[210,489],[297,434],[227,250],[254,272],[157,217],[280,228],[428,272],[324,467],[87,348],[184,565],[201,522],[-18,445],[193,641],[280,294],[-88,543],[-131,620],[-271,423],[-289,511],[-87,446],[-297,358],[-280,435],[-428,282],[-184,326],[-498,250],[-411,468],[-324,347],[-253,-130],[-315,87],[-367,174],[-271,391],[-131,391],[-193,500],[-437,141],[-61,500],[9,326],[96,478],[113,239],[298,294],[227,130],[201,402],[227,456],[97,348],[-289,424],[-140,554],[96,380],[123,348],[96,391],[61,609],[-218,456],[-770,359],[-568,293],[-752,565],[-411,131],[-271,261],[-638,358],[-306,315],[-332,533],[113,510],[-175,587],[-52,544],[-516,250],[-236,380],[-306,-33],[-612,141],[-227,544],[131,565],[-184,489],[-192,217],[-254,218],[-926,782],[-271,185],[-1172,652],[-149,54],[-507,54],[-175,98],[-410,337],[-647,369],[-1522,794],[-402,163],[-647,228],[-3480,945],[-410,131],[-324,174],[-560,456],[-428,489],[-297,358],[-1041,1467],[-751,1196],[-805,1358],[-1259,2695],[-804,1912],[-332,739],[-438,1489],[193,478],[201,381],[367,434],[289,326],[192,250],[166,413],[53,304],[-35,489],[-140,500],[17,630],[429,153],[288,249],[350,500],[332,370],[-26,597],[-219,305],[123,565],[271,108],[489,240],[411,10],[464,-32],[262,43],[341,33],[280,0],[445,109],[403,336],[253,229],[464,239],[1049,32],[271,0],[297,76],[271,142],[236,195],[332,326],[324,44],[227,-239],[201,-620],[306,-380],[1889,-946],[262,-130],[288,33],[280,402],[271,804],[228,543],[297,413],[656,348],[236,304],[87,272],[114,663],[105,597],[323,728],[149,424],[245,859],[122,673],[96,674],[44,326],[17,717],[-8,55],[-429,3314],[-113,467],[-149,511],[-262,576],[-604,869],[-498,641],[-586,533],[-1320,967],[-1224,1130],[-682,478],[-393,228],[-577,283],[-394,152],[-428,119],[-595,66],[-341,206],[-183,413],[-254,206],[-568,-10],[-1285,467],[-385,11],[-393,-142],[-210,207],[-114,521],[-17,555],[8,336],[44,370],[-192,467],[-481,272],[-630,228],[-314,348],[-123,467],[315,478],[140,250],[-105,761],[-306,-55],[-332,153],[-166,369],[-341,348],[-210,337],[-18,543],[105,261],[-350,402],[219,521],[-393,457],[-245,369],[-350,283],[-105,380],[-253,435],[8,369],[-472,304],[-481,283],[-507,120],[-314,467],[69,532],[-236,478],[-148,424],[-228,576],[-43,380],[-394,239],[-8,392],[26,413],[-149,445],[-280,250],[-367,304],[-175,478],[114,413],[166,218],[88,608],[-254,228],[-254,229],[-306,173],[-262,555],[-140,304],[-166,402],[-192,446],[-359,619],[-96,478],[-201,217],[-481,-141],[-463,380],[-262,261],[-403,207],[-279,97],[-359,87],[-454,163],[-237,261],[-131,467],[-288,739],[-70,131],[-297,445],[0,348],[-245,380],[-44,478],[-288,457],[-236,315],[-175,413],[-411,413],[-464,326],[-78,478],[-289,543],[-157,250],[-149,337],[-201,446],[-210,304],[-306,424],[-358,54],[-332,-22],[-411,435],[-341,293],[-481,185],[-350,-33],[-271,66],[-262,337],[-44,369],[-52,424],[-97,337],[-148,434],[-219,424],[-253,489],[-263,250],[-201,163],[-349,98],[-263,-55],[-332,294],[-114,500],[-148,315],[-263,282],[184,468],[-367,358],[-245,261],[-288,652],[-1041,2141],[-1984,4064],[-114,489],[17,543],[-35,228],[-288,880],[-18,446],[79,587],[79,543],[-123,467],[-87,652],[-88,652],[-306,576],[-393,478],[-350,370],[-166,358],[-315,489],[-419,403],[-367,369],[-306,282],[-446,142],[-280,326],[-516,695],[-236,381],[-245,434],[-384,196],[-210,261],[-79,456],[-26,380],[-289,587],[-245,619],[-166,283],[-314,304],[-219,152],[-682,718],[-210,173],[-498,66]],[[378875,957381],[350,456],[306,239],[472,228],[437,120],[507,65],[577,152],[227,76],[586,261],[507,261],[367,239],[464,272],[516,391],[341,250],[271,217],[227,413],[17,424],[-87,424],[-184,304],[-279,315],[-280,413],[-131,206],[-184,489],[-140,620],[-183,489],[-280,521],[-123,305],[-96,423],[53,402],[481,250],[279,44],[411,32],[446,76],[280,87],[332,326],[140,576],[53,402],[17,283],[245,467],[253,196],[333,206],[411,315],[489,131],[297,130],[289,196],[245,576],[-175,423],[-490,153],[-358,108],[-315,76],[-315,22],[-323,185],[-158,337],[-87,391],[-17,630],[157,478],[315,446],[183,239],[219,261],[262,260],[420,370],[227,130],[455,185],[358,98],[341,-87],[498,-98],[438,-33],[323,33],[429,87],[244,109],[394,347],[332,218],[297,54],[507,-98],[254,-130],[271,-207],[227,-184],[385,-207],[253,0],[289,163],[227,304],[88,424],[-27,446],[-43,532],[-44,609],[70,369],[236,457],[271,391],[201,250],[210,380],[262,522],[9,413],[-17,293],[-70,391],[-245,576],[-149,337],[-157,380],[-210,522],[-96,456],[-140,500],[-140,348],[-166,521],[236,598],[332,380],[394,174],[332,-32],[376,-98],[306,-87],[419,-163],[289,-163],[411,-185],[393,-163],[359,-163],[297,-108],[306,-109],[359,76],[297,141],[437,152],[481,-76],[332,-119],[289,-98],[262,-87],[481,-163],[533,-163],[446,-152],[341,-554],[157,-500],[254,-174],[437,196],[358,315],[271,304],[184,163],[428,250],[341,424],[79,413],[-26,478],[9,250],[0,467],[78,641],[44,293],[114,479],[148,575],[280,22],[332,141],[105,500],[-26,337],[35,500],[114,315],[96,446],[437,304],[542,-120],[358,11],[420,228],[420,44],[262,-348],[201,-206],[227,-228],[237,-218],[314,-326],[402,-293],[254,174],[280,326],[192,108],[367,76],[455,163],[350,76],[516,185],[227,370],[446,76],[314,-196],[35,-554],[-218,-337],[-219,-467],[158,-576],[402,-44],[271,-10],[446,21],[428,-32],[289,21],[349,-130],[350,-402],[385,391],[9,402],[262,315],[280,250],[201,218],[419,141],[298,-261],[35,-489],[26,-358],[26,-392],[420,-293],[227,500],[35,576],[17,500],[35,673],[70,489],[-244,370],[-298,456],[280,370],[70,228],[131,456],[254,272],[507,-239],[367,250],[105,467],[79,663],[61,445],[26,315],[-122,522],[-298,380],[-332,500],[-35,478],[123,544],[218,293],[289,33],[428,-33],[236,337],[-26,326],[-140,445],[-61,359],[9,359],[279,326],[280,65],[341,98],[402,32],[332,11],[324,11],[236,-87],[350,-272],[463,-478],[289,-261],[358,-217],[411,-185],[341,-152],[280,-163],[463,-380],[350,-130],[420,-87],[332,-44],[411,-152],[183,-141],[341,-294],[289,153],[157,315],[367,413],[306,239],[490,-326],[-53,-555],[18,-434],[140,-359],[87,-282],[219,-489],[61,-370],[-87,-369],[-70,-533],[-70,-380],[-149,-554],[-166,-294],[44,-499],[245,-207],[358,250],[289,98],[297,-33],[323,-98],[385,-97],[367,-109],[219,-109],[306,-271],[306,-565],[183,-283],[333,-65],[402,315],[245,315],[174,348],[175,293],[341,554],[315,316],[420,97],[411,-21],[323,-120],[289,-163],[472,-65],[384,76],[542,141],[411,55],[201,217],[280,358],[219,272],[306,304],[437,-54],[332,-87],[332,337],[53,674],[105,891],[78,467],[97,402],[140,370],[253,326],[289,173],[454,-326],[114,-282],[122,-391],[140,-500],[61,-348],[149,-587],[35,-673],[-393,-44],[-158,-511],[-17,-478],[-18,-456],[149,-630],[350,-174],[297,-22],[358,11],[332,43],[411,142],[228,326],[419,141],[132,641],[-97,391],[-244,261],[201,522],[402,97],[481,174],[209,304],[149,413],[210,533],[87,217],[271,424],[473,348],[349,-294],[245,-565],[140,-532],[96,-533],[446,-315],[385,-391],[105,-674],[157,-500],[542,-86],[332,10],[385,-21],[341,-44],[358,-195],[-218,-533],[-166,-239],[-88,-598],[271,-141],[481,0],[359,65],[262,0],[350,-87],[332,11],[481,-54],[332,-185],[411,-163],[262,185],[289,413],[157,315],[455,87],[218,-348],[114,-304],[253,-446],[359,-391],[262,-217],[149,-304],[35,-424],[288,-457],[437,0],[341,55],[499,141],[350,130],[297,174],[341,-402],[-26,-391],[-114,-402],[183,-565],[298,-272],[122,-467],[280,-250],[-297,-565],[-201,-283],[52,-673],[175,-294],[201,-543],[9,-445],[244,-218],[324,-554],[184,-261],[323,-141],[428,-207],[306,-260],[394,-76],[420,108],[279,-293],[88,-239],[-219,-587],[-271,-445],[166,-392],[464,-347],[314,-337],[271,-294],[499,-282],[376,-283],[192,-380],[79,-359],[-44,-489],[-210,-586],[-210,-435],[210,-500],[131,-315],[394,-207],[428,-217],[350,-261],[271,-184],[227,-326],[-297,-576],[-393,-163],[-280,-196],[-131,-467],[-18,-326],[53,-554],[244,-511],[245,-315],[263,-152],[725,-22],[752,-22],[498,44],[289,43],[402,22],[498,-272],[359,-902],[184,-391],[174,-261],[333,-239],[953,-141],[402,-217],[253,-261],[158,-283],[323,-760],[158,-337],[279,-391],[402,-305],[280,-163],[1504,-695],[166,-130],[227,-489],[-87,-3825],[262,-609],[-26,-435],[-323,-663],[-53,-336],[105,-587],[612,-1576],[53,-271],[35,-424],[-210,-1206],[8,-511],[263,-2097],[70,-489],[183,-272],[420,-261],[393,-402],[166,-282],[621,-1152],[385,-707],[734,-1347],[411,-217],[315,32],[254,196],[131,500],[332,163],[262,-11],[271,-424],[0,-456],[455,-294],[332,-54],[254,43],[297,250],[376,-282],[-140,-880],[490,-261],[410,337],[446,-185],[333,-380],[157,-468],[-61,-413],[140,-489],[271,-206],[271,-326],[393,-1239],[114,-304],[280,-446],[437,-326],[271,-206],[393,-380],[507,-468],[131,-565],[-253,-500],[-35,-521],[96,-859],[-87,-565],[-105,-532],[-88,-543],[-26,-587],[-17,-305],[-53,-565],[88,-793],[-18,-467],[-149,-543],[18,-555],[288,-108],[35,-478],[-87,-685],[-306,-359],[-280,-239],[35,-543],[79,-380],[-192,-435],[-114,-250],[-61,-500],[8,-630],[-480,-250],[-167,-608],[79,-392],[-44,-565],[-113,-250],[-236,-521],[-429,-620],[-183,-271],[-140,-402],[-61,-413],[-27,-565],[-131,-402],[-227,-294],[-44,-402],[131,-500],[105,-391],[-376,-435],[-192,-239],[-44,-478],[-280,-271],[-69,-446],[-210,-163],[-306,-206],[-263,-283],[149,-543],[52,-348],[-17,-391],[105,-370],[149,-369],[-438,-283],[-445,-336],[201,-511],[43,-370],[0,-337],[158,-456],[454,-293],[184,-359],[166,-239],[192,-337],[403,-228],[148,-228],[525,-478],[253,-174],[455,-218],[350,-108],[1809,-533],[1120,-337],[3243,-956],[1067,-326],[411,-65],[489,33],[577,87],[376,97],[770,337],[1949,-304],[1347,-109],[140,-11],[419,44],[1014,43],[962,163],[1478,250],[1128,185],[533,141],[446,163],[699,381],[464,391],[297,391],[1145,2043],[193,391],[157,565],[96,587],[26,445],[-78,663],[-210,815],[-499,1261],[-244,641],[-27,65],[-201,576],[-131,478],[-26,478],[175,598],[218,369],[1032,859],[769,641],[656,293],[839,55],[543,-55],[437,-184],[481,-261],[253,-239],[1661,-1511],[472,-293],[245,-120],[490,11],[253,109],[254,283],[970,2053],[193,272],[454,315],[2239,522],[52,11],[1836,836],[682,294],[498,130],[708,44],[630,-109],[350,-163],[288,-217],[385,-479],[883,-1097],[3025,-3760],[1014,-1260],[936,-1163],[1783,-2217],[245,-380],[201,-467],[245,-674],[79,-294],[192,-706],[105,-598],[44,-336],[52,-718],[1652,-1260],[1076,500],[201,43],[927,55],[262,-22],[463,-185],[516,-435],[682,-923],[892,-739],[778,-478],[778,-489],[455,-120],[314,-119],[219,-76],[1722,-631],[726,-337],[734,-380],[341,-250],[621,-456],[1137,-1098],[1880,-1858],[1477,-1630],[1137,-1597],[883,-1239],[638,-1358],[1005,-2891],[105,-597],[-26,-413],[-105,-533],[-236,-445],[-1582,-1750],[-709,-1217],[-1635,-3390],[-1818,-2402],[-1880,-3151],[-367,-728],[-140,-315],[-201,-533],[-70,-228],[-122,-554],[-341,-1956],[-96,-250],[-263,-424],[-183,-467],[-79,-456],[-61,-424],[-297,-728],[-9,-381],[245,-565],[515,-1151],[542,-1250],[245,-380],[499,-544],[244,-152],[438,-250],[472,-76],[446,65],[699,196],[2798,1565],[498,304],[542,467],[1294,1511],[979,945],[341,348],[280,413],[1425,2618],[184,272],[358,294],[2142,1477],[647,250],[289,87],[489,44],[525,-65],[393,-109],[210,-109],[1032,-750],[245,-250],[192,-304],[131,-413],[26,-391],[-17,-478],[-123,-598],[-218,-510],[-157,-272],[-333,-380],[-271,-261],[-253,-196],[-263,-130],[-1346,-576],[-376,-294],[-175,-239],[-166,-380],[-114,-435],[-131,-804],[-17,-271],[9,-457],[61,-402],[87,-315],[306,-445],[2142,-902],[429,-261],[288,-294],[665,-1021],[751,-1043],[202,-446],[70,-543],[-44,-685],[17,-347],[62,-359],[148,-1108],[0,-315],[-175,-468],[-192,-250],[-673,-510],[-219,-305],[-122,-293],[-123,-413],[-175,-511],[-174,-934],[856,-131],[971,-195],[367,76],[944,239],[1006,467],[1154,544],[1032,489],[1390,651],[542,109],[472,-32],[454,-185],[5736,-4629],[1836,-1706],[3278,-3076],[210,-184]],[[265706,731445],[-3234,-3010],[-744,-957],[-708,-1173],[-3838,-6987],[-2194,-5727],[-1154,-1847],[-202,-315],[-376,-381],[-367,-250],[-314,-141],[-114,-598],[-131,-565],[-193,-304],[114,-391],[-149,-326],[105,-630],[-157,-478],[-411,-33],[-280,-217],[-428,163],[-402,-142],[-333,-65],[-244,-119],[-140,-392],[-184,-217],[-280,-424],[-78,-358],[-263,-326],[-262,-120],[-122,-445],[-158,-370],[-26,-293],[79,-609],[-254,-282],[-253,-196],[-324,-87],[-236,218],[-358,43],[-333,54],[-550,76],[-324,229],[-297,467],[-350,119],[-489,55],[-254,358],[-393,-54],[-263,435],[-288,271],[-394,131],[-122,369],[-472,-22],[-385,22],[-218,109],[-333,239],[-271,-98],[-306,141],[-323,283],[-306,22],[-507,-152],[-472,-11],[-525,43],[-490,152],[-166,587],[-314,565],[-263,250],[-166,446],[-9,608],[-358,261],[-542,87],[-507,32],[-507,66],[-306,-424],[-359,369],[-157,381],[-393,0],[-167,-185],[-236,-315],[-314,489],[-210,369],[-341,131],[-341,510],[-219,587],[-253,250],[-376,261],[-254,478],[-78,348],[-105,402],[-341,391],[-507,-76],[-481,250],[-228,271],[-323,381],[-254,206],[-472,185],[-245,554],[-87,674],[-236,391],[-236,326],[-271,326],[-158,380],[79,555],[-166,630],[-288,-54],[-333,-55],[-332,533],[184,543],[-175,413],[-490,152],[-446,-43],[-297,-250],[-96,-424],[-70,-359],[-385,-152],[-262,185],[-114,369],[-35,315],[-183,479],[-228,260],[-419,109],[-490,-206],[-472,-66],[-79,-380],[-113,-598],[-350,-445],[0,-391],[-175,-457],[-262,-206],[-376,-141],[-227,239],[-359,510],[-446,-152],[-271,174],[-323,174],[-341,-196],[-472,-293],[-411,-76],[-499,-217],[-419,-218],[-306,141],[-315,348],[-254,218],[-306,-98],[-157,-489],[-9,-315],[-78,-381],[78,-521],[-105,-337],[-297,-261],[-323,0],[-385,11],[-341,-87],[-332,98],[-359,-239],[-446,43],[-201,185],[-384,163],[-193,196],[-472,184],[-253,-369],[-455,-109],[-262,-304],[-114,-348],[-358,-435],[-516,22],[-263,76],[114,-347],[157,-500],[44,-457],[-96,-478],[52,-500],[-139,-391],[-132,-239],[-78,-489],[-263,-119],[-96,-598],[306,-402],[271,-283],[-148,-445],[-411,-239],[-271,-294],[-236,-445],[122,-500],[18,-663],[-105,-217],[-315,-250],[-245,-185],[-96,-489],[-236,-467],[-193,-370],[-148,-260],[-219,-305],[-279,-141],[-376,239],[-254,0],[-341,-250],[-367,-228],[-262,-206],[-289,-326],[-437,-261],[-227,467],[-236,261],[-359,217],[-288,239],[157,435],[0,380],[-140,424],[-227,185],[-420,-66],[-376,-184],[-192,-174],[-446,-228],[-350,-381],[-210,-163],[-2448,-1401],[-288,-87],[-402,-22],[-219,119],[-341,-97],[-210,-435],[-218,-206],[-254,-240],[-411,77],[-280,-207],[-445,87],[-298,-109],[-419,-43],[-201,-250],[-350,109],[-402,358],[-315,0],[-297,-282],[-210,-435],[61,-652],[175,-304],[332,-98],[105,-337],[175,-532],[227,-598],[-411,-467],[-349,-98],[-237,-413],[-69,-402],[-149,-293],[-324,-294],[-323,-108],[-219,-120],[-209,-315],[-175,-467],[-289,-163],[-315,260],[-393,-391],[-315,457],[-332,-153],[-271,-575],[-376,-489],[-481,315],[-79,337],[-131,445],[-175,478],[-454,-217],[-166,-391],[-411,32],[-289,87],[-384,196],[-455,-163],[-201,-272],[-227,-456],[-499,-207],[-315,250],[-384,-228],[-26,-446],[-411,-217],[-394,-293],[-183,-337],[-193,-489],[201,-782],[158,-479],[-140,-489],[-254,-250],[-419,-43],[-193,-163],[-384,-22],[-114,-413],[17,-456],[-612,-87],[-314,-283],[52,-478],[-402,-141],[-87,-456],[-175,-424],[-201,-554],[-236,-457],[-149,-326],[-551,-54],[-245,261],[-183,293],[-201,250],[-446,-261],[-210,-174],[-289,-358],[-437,239],[-419,369],[-210,457],[-105,445],[-114,392],[9,315],[-262,391],[17,521],[210,402],[-88,272],[-454,76],[-219,-369],[-419,11],[-271,-131],[-280,-152],[-367,-109],[-263,142],[-367,-272],[-428,-174],[-324,250],[-306,-11],[-376,44],[-297,-435],[-245,-250],[-315,391],[-253,391],[-149,642],[-551,-87],[-314,-174],[-516,-65],[-350,54],[-376,98],[-393,228],[-350,-22],[-463,55],[-341,206],[-289,141],[-315,109],[-437,293],[-411,207],[-402,54],[-271,-43],[-376,-33],[-245,-206],[-174,-468],[-70,-423],[-228,-446],[-183,-283],[-298,-152],[-314,-65],[-245,-76],[-219,-359],[-43,-412],[271,-294],[279,-315],[175,-413],[-61,-641],[-262,-54],[-210,-457],[9,-304],[113,-424],[-376,-500],[-428,-195],[-323,-44],[-359,55],[-271,-11],[-358,-44],[-280,-206],[-297,261],[-350,10],[-446,-152],[-297,359],[-481,163],[-289,-109],[-192,-261],[-280,-293],[-262,-304],[-210,-185],[-192,-445],[70,-381],[-236,-326],[-105,-358],[52,-522],[-437,65],[-437,65],[-324,0],[-262,-10],[-367,-153],[-350,-239],[-524,11],[-446,196],[-306,98],[-359,-44],[-419,-141],[-464,22],[-323,260],[-420,142],[-219,-98],[-507,-228],[-262,239],[-367,206],[-280,261],[-280,239],[-262,294],[-192,315],[-446,76],[-280,-228],[-236,-294],[-367,-304],[-464,-207],[-376,-54],[-428,-109],[-227,-163],[-350,-228],[-253,228],[-464,294],[-288,478],[-368,315],[-279,141],[-289,-250],[-210,-87],[-358,109],[-236,0],[-315,65],[-288,174],[-324,-228],[-385,-174],[-428,-413],[-367,109],[-446,-196],[-341,-141],[-254,-109],[-402,-152],[-140,-326],[-804,-576],[-944,-445],[-236,-98],[-341,261],[-184,532],[-498,1500],[-88,315],[-43,565],[166,424],[568,815],[149,315],[70,478],[-324,511],[-507,184],[-717,261],[-1897,1250],[-315,445],[-35,489],[105,3010],[-17,576],[-35,457],[-27,358],[-201,555],[-253,304],[-1347,1130],[-489,424],[-429,467],[-280,511],[-104,271],[-254,1076],[-79,402],[44,511],[402,1336],[297,1011],[551,2065],[96,630],[-52,369],[-997,1131],[-1582,2162],[-2002,2152],[-9,10],[-1233,1489],[-148,163],[-534,543],[-1136,750],[-665,250],[-463,174],[-131,33],[-621,152],[-1591,184],[-892,120],[-402,109],[-481,228],[-822,521],[-1521,1022],[-376,185],[-219,97],[-349,87],[-490,33],[-691,-11],[-620,-43],[-289,-44],[-393,-87],[-822,-347],[-131,-66],[-490,-239],[-525,-445],[-542,-794],[-236,-402],[-1128,-2749],[1321,-2847],[166,-315],[105,-348],[26,-326],[0,-521],[9,-1109],[52,-576],[157,-402],[953,-2064],[88,-598],[-96,-478],[-341,-728],[-499,-1130],[-157,-446],[-114,-402],[-131,-597],[-70,-500],[-35,-631],[-8,-380],[35,-511],[104,-749],[158,-1044],[105,-836],[52,-913],[88,-1271],[78,-2109],[-8,-847],[-27,-2793],[-26,-826],[-52,-293],[-236,-945],[-53,-609],[26,-478],[123,-489],[446,-1815],[78,-511],[70,-554],[-8,-532],[-53,-620],[-87,-1173],[-586,-3760],[-656,-3119],[-183,-2640],[-368,-663],[-515,-1532],[-612,-2912],[-97,-587],[-192,-261],[-997,-793],[-743,-576],[-909,-11],[-4424,-609],[-6452,-1249],[-490,87],[-481,174],[-428,-142],[-2107,-695],[-2177,-859],[-621,-304],[-2815,-956],[-1364,-261],[-691,-65],[-3261,-54],[-114,0],[-5411,-11],[-2623,-33],[-315,250],[-752,739],[0,11]],[[72269,656890],[18,500],[113,467],[315,337],[210,521],[17,413],[245,337],[53,565],[183,554],[61,446],[-148,598],[-114,478],[-367,391],[201,641],[52,456],[0,370],[35,326],[-122,380],[-219,359],[-262,424],[61,489],[158,195],[306,304],[166,239],[288,381],[271,43],[254,370],[218,489],[271,315],[79,630],[131,380],[-192,522],[-184,337],[-358,293],[-271,131],[-341,282],[-219,250],[-262,239],[-122,283],[26,500],[-367,336],[-324,207],[0,641],[-131,511],[61,587],[420,369],[-166,391],[210,609],[358,369],[315,163],[192,348],[464,359],[236,271],[52,424],[490,120],[384,54],[298,543],[70,500],[96,293],[-35,555],[-280,195],[-315,294],[219,434],[253,457],[70,391],[131,565],[27,326],[-228,435],[0,684],[-306,337],[-131,598],[-61,380],[-166,424],[17,630],[105,369],[210,457],[289,217],[209,98],[175,478],[53,326],[-184,511],[-227,554],[262,500],[131,619],[-8,413],[-254,250],[-70,565],[393,370],[210,434],[114,305],[-52,673],[8,500],[298,304],[122,642],[-18,489],[-209,347],[-254,489],[-297,391],[-166,403],[-131,630],[-315,76],[-105,424],[-53,315],[-306,293],[-122,370],[-96,293],[-70,413],[-88,348],[-332,521],[-376,174],[-244,54],[-368,11],[-323,-32],[-341,98],[-324,141],[-236,434],[61,576],[-122,392],[53,391],[-53,500],[61,510],[-157,478],[-236,609],[44,250],[-254,500],[-149,565],[35,445],[70,402],[-201,555],[53,413],[148,575],[228,403],[253,445],[262,532],[79,642],[53,565],[122,315],[201,500],[44,402],[271,369],[70,348],[44,424],[-70,434],[-210,424],[-210,609],[-236,141],[-184,359],[-236,271],[-323,554],[87,555],[-26,543],[-157,435],[-272,195],[-236,87],[-323,120],[-542,-33],[-359,250],[-314,391],[-175,359],[-149,434],[-157,544],[-341,402],[-271,337],[-219,76],[-341,65],[-253,185],[-411,184],[-394,98],[-262,-43],[-533,195],[-175,370],[-315,402],[-148,500],[-184,500],[-157,467],[-18,402],[-157,348],[-53,489],[96,412],[-148,500],[-289,457],[-17,630],[-18,532],[9,413],[-61,500],[-114,511],[105,608],[446,848],[533,1032],[79,196],[629,1630],[193,478],[105,207],[559,1032],[201,380],[333,620],[393,978],[612,1488],[184,685],[306,1141],[-88,608],[-673,511],[-953,250],[-245,-11],[-830,-32],[-980,-283],[-926,-11],[-499,98],[-1416,663],[-1180,619],[-752,326],[-735,11],[-550,44],[-210,54],[-332,217],[-1329,1293],[-612,218],[-446,-44],[-446,-141],[-665,-326],[-830,-196],[-1609,-174],[-831,44],[-1687,76],[-804,33],[-2046,152],[-2247,315],[-4293,1282],[-323,152],[-1224,826],[-1355,663],[-980,326],[-314,109],[-324,260],[-1687,1391],[-796,728],[-262,196],[-472,-98],[-228,-369],[-35,-707],[132,-1151],[341,-1424],[638,-2043],[533,-2532],[988,-2619],[411,-1358],[192,-619],[490,-848],[9,-22],[411,-565],[201,-271],[236,-326],[192,-239],[595,-989],[437,-609],[446,-619],[183,-413],[96,-522],[-78,-510],[113,-902],[-8,-772],[52,-489],[105,-478],[70,-489],[52,-413],[18,-684],[17,-120],[79,-761],[0,-804],[87,-500],[9,-597],[-78,-728],[-35,-750],[0,-11],[-123,-674],[-122,-652],[-158,-782],[-43,-630],[-149,-620],[-70,-576],[-175,-423],[-166,-468],[-61,-467],[-105,-315],[-323,-304],[-114,-641],[87,-413],[105,-696],[61,-630],[44,-500],[-9,-359],[-26,-630],[-96,-445],[-516,-11],[-227,-609],[-79,-500],[26,-499],[0,-337],[18,-402],[-131,-489],[-263,-239],[-376,-500],[-8,-370],[-228,-510],[-262,-294],[-201,-435],[149,-641],[-53,-456],[-105,-674],[-87,-402],[-18,-380],[-131,-576],[-236,-587],[-183,-185],[-429,163],[-332,435],[-280,163],[-498,-98],[-306,-500],[-210,-467],[-79,-326],[-70,-478],[9,-652],[-122,-326],[-228,-445],[-437,184],[-402,-54],[-446,-98],[-323,-195],[-394,-424],[-113,-478],[8,-316],[-209,-347],[-394,-294],[-350,-347],[-271,-250],[-262,-109],[-341,-174],[-490,-282],[210,-457],[-210,-467],[-131,-283],[123,-619],[-333,-250],[-332,-43],[-288,-98],[-263,-500],[-43,-315],[35,-380],[-228,-413],[-306,163],[-341,315],[-332,-283],[-210,-239],[-26,-521],[-385,10],[-131,446],[-297,0],[-306,-348],[44,-641],[35,-565],[-166,-239],[-219,-456],[-227,-239],[-376,-163],[-341,10],[-271,76],[-376,185],[-175,239],[-463,272],[-324,11],[-481,0],[-96,511],[-498,130],[-201,-380],[-411,-337],[-245,434],[280,479],[-446,391],[-262,-315],[-9,-446],[-332,-337],[-341,402],[-464,-54],[-315,-293],[-332,-163],[-472,86],[-455,-119],[-437,-207],[-472,174],[-17,446],[-368,152],[-367,-87],[-297,98],[-323,456],[-385,652],[-568,978],[-368,652],[-201,359],[-140,304],[88,511],[0,348],[-271,336],[-472,66],[-166,423],[0,402],[-184,261],[-350,44],[-454,-185],[-350,98],[-376,478],[-236,326],[-201,369],[-18,392],[-8,456],[-333,141],[-524,-130],[-289,0],[-70,641],[-78,445],[-105,359],[-131,283],[-210,489],[-114,336],[-472,207],[-428,337],[323,554],[498,152],[324,120],[306,260],[122,446],[70,413],[341,119],[228,587],[-263,522],[26,358],[385,370],[367,315],[-61,337],[-157,315],[-175,272],[-341,10],[-428,-32],[-263,0],[-183,652],[122,315],[-114,445],[-507,33],[-341,-33],[-376,109],[-157,217],[-393,348],[-263,250],[-87,294],[52,467],[44,413],[245,413],[245,543],[183,337],[-437,358],[-455,-76],[-262,76],[-315,185],[-279,359],[-123,358],[79,457],[218,478],[114,445],[227,565],[499,-54],[61,457],[52,315],[272,282],[271,576],[253,174],[411,11],[262,304],[-131,652],[-61,402],[210,457],[419,-272],[333,-185],[96,-565],[271,-380],[280,174],[244,250],[-43,641],[78,315],[0,402],[-96,543],[-271,446],[96,391],[359,174],[-96,641],[-315,76],[-289,185],[-297,-11],[-280,413],[-70,434],[167,283],[288,369],[18,370],[35,424],[375,467],[411,87],[551,65],[411,65],[280,76],[350,142],[428,336],[184,326],[26,457],[-88,304],[228,630],[341,196],[297,-98],[219,-576],[148,-326],[210,-261],[463,229],[201,282],[481,109],[289,-22],[402,337],[-149,348],[-148,369],[507,228],[210,-163],[367,120],[227,152],[61,532],[-131,642],[140,445],[158,326],[26,587],[131,391],[149,293],[-27,533],[-472,43],[-323,131],[-131,434],[-114,348],[-227,359],[-79,228],[-332,445],[-306,87],[-324,142],[-122,586],[17,381],[-78,587],[-35,673],[-289,511],[201,413],[324,174],[446,293],[113,544],[-140,249],[-61,555],[105,369],[-52,543],[-123,348],[-26,587],[210,293],[105,468],[8,467],[254,413],[332,0],[245,174],[105,434],[332,457],[367,32],[429,-206],[341,250],[227,402],[96,304],[26,511],[464,195],[472,-228],[533,131],[315,76],[184,369],[-149,348],[149,576],[236,250],[358,326],[490,282],[253,261],[96,304],[53,435],[210,217],[70,413],[-280,554],[17,413],[9,424],[-87,446],[17,260],[53,500],[-62,435],[-341,217],[-472,-21],[-105,282],[-17,576],[393,217],[166,620],[123,358],[210,446],[-140,445],[-105,261],[-192,337],[-280,359],[-35,434],[113,544],[202,413],[209,239],[385,108],[192,-424],[70,-630],[158,-250],[446,44],[192,206],[367,141],[402,457],[79,489],[-350,348],[-61,369],[-166,293],[-245,261],[44,435],[-88,380],[359,261],[245,43],[367,131],[0,445],[-306,283],[-192,522],[-236,206],[-368,456],[-419,87],[-324,185],[-44,587],[-131,282],[-78,381],[-9,684],[-105,533],[-9,347],[61,598],[62,380],[8,522],[167,500],[157,293],[280,348],[183,98],[105,565],[-192,185],[-280,413],[26,326],[324,206],[253,239],[385,239],[210,163],[315,76],[472,-119],[376,119],[393,-174],[306,152],[149,370],[-123,391],[-43,391],[-184,554],[79,250],[78,522],[-297,120],[-323,412],[-166,370],[-18,532],[-131,533],[-210,391],[53,283],[96,521],[78,717],[62,381],[236,500],[96,336],[-175,413],[-455,131],[-210,174],[-227,326],[-87,380],[-96,576],[-245,174],[-280,174],[-219,423],[-279,478],[-490,-130],[-385,261],[-183,185],[-280,271],[-149,457],[-253,576],[-341,21],[-193,620],[-192,358],[-393,11],[-306,87],[-245,33],[-271,271],[9,435],[-263,293],[-481,98],[-209,11],[-306,435],[-35,673],[-403,229],[-244,-142],[-394,-195],[-297,11],[-463,184],[-350,44],[-245,-33],[-315,-184],[-332,0],[-367,-229],[-210,-195],[-402,261],[-359,-98],[-358,271],[-341,348],[-376,-130],[-306,489],[70,293],[35,522],[-254,337],[-454,152],[-324,413],[-43,402],[-403,423],[-507,-141],[-463,-65],[-114,380],[-157,555],[262,336],[-70,381],[-262,413],[-245,152],[-437,21],[-332,-65],[-324,87],[-376,163],[-341,196],[-122,250],[-315,347],[-253,-239],[-490,-239],[-236,131],[-236,391],[-131,445],[-324,316],[-262,-120],[-350,109],[-481,239],[-227,-272],[-280,-304],[-279,-33],[-298,196],[-201,152],[-78,467],[157,522],[26,641],[-428,0],[-332,43],[-210,424],[87,413],[175,424],[271,587],[-157,424],[-245,510],[-175,424],[17,587],[245,163],[-17,576],[367,380],[140,283],[149,543],[8,608],[-43,305],[183,402],[402,250],[280,315],[35,282],[-79,435],[-297,109],[-341,260],[-323,489],[-158,413],[-218,413],[43,348],[-8,424],[-79,304],[-114,359],[333,489],[61,565],[-35,434],[210,413],[244,555],[158,391],[341,-33],[271,0],[288,304],[245,185],[350,152],[-88,500],[-271,98],[-393,174],[-420,293],[53,435],[-245,478],[17,543],[446,196],[341,315],[254,598],[227,380],[341,185],[411,32],[96,652],[-227,22],[-315,185],[-411,-65],[-157,347],[70,674],[218,250],[306,326],[333,543],[297,11],[332,261],[332,-293],[455,304],[-70,293],[-184,424],[70,424],[44,293],[-17,620],[26,684],[332,196],[-131,500],[-297,543],[227,369],[446,-108],[385,-326],[201,413],[253,586],[341,326],[542,-65],[367,-217],[263,-152],[358,-207],[385,-467],[420,-369],[253,478],[18,347],[507,283],[358,315],[123,565],[-237,457],[-131,662],[219,272],[463,272],[193,424],[428,108],[236,-402],[297,-11],[254,-304],[262,-54],[420,195],[-88,522],[-209,380],[-228,467],[-402,218],[-323,0],[-271,413],[-114,347],[183,435],[140,630],[376,261],[105,478],[-210,315],[-113,609],[166,391],[105,478],[52,315],[-52,381],[26,500],[157,326],[306,467],[333,282],[262,44],[507,54],[262,337],[123,565],[8,630],[-244,326],[-132,391],[228,326],[253,446],[289,413],[26,326],[-140,359],[158,391],[183,543],[-122,598],[-53,478],[254,217],[122,380],[402,294],[254,-65],[358,130],[210,-239],[437,-217],[62,565],[61,467],[0,522],[-166,228],[-385,76],[-52,348],[-438,391],[-139,576],[244,402],[359,456],[201,511],[463,87],[332,-391],[298,413],[-123,543],[499,261],[402,76],[192,271],[201,413],[114,402],[-26,446],[-9,315],[358,359],[403,-76],[314,-250],[70,-381],[140,-597],[166,-207],[341,-163],[306,76],[367,315],[350,283],[149,163],[253,467],[394,76],[210,-185],[262,-467],[61,-391],[35,-782],[18,-392],[131,-315],[393,-510],[44,-55],[288,-184],[385,-174],[262,-142],[464,-336],[306,-294],[996,-565],[429,-217],[420,-163],[253,-65],[297,-87],[271,-478],[158,-370],[78,-250],[79,-435],[-157,-467],[105,-434],[498,-120],[254,250],[209,250],[140,337],[236,424],[464,304],[411,195],[271,55],[288,228],[236,196],[341,141],[350,0],[271,-174],[297,-283],[306,-467],[210,-261],[743,-576],[289,-304],[192,-391],[9,-565],[253,-250],[446,65],[297,326],[280,478],[516,261],[402,-11],[228,-98],[297,-228],[454,-239],[516,-250],[717,-347],[315,-87],[253,-76],[280,-207],[289,-217],[551,-565],[227,-555],[385,-347],[341,11],[367,-196],[376,-228],[183,-55],[560,33],[463,-54],[201,-152],[455,-642],[245,-217],[367,-163],[385,65],[175,163],[375,413],[324,-119],[297,-402],[114,-348],[17,-402],[53,-370],[210,-423],[813,-468],[323,44],[289,-54],[341,-261],[323,-413],[332,-163],[508,54],[603,315],[341,98],[323,-11],[437,-141],[350,-141],[542,-44],[306,511],[53,467],[87,446],[481,250],[175,-239],[218,-381],[193,-239],[279,-239],[228,-152],[647,-250],[402,-206],[175,-153],[332,-304],[219,-239],[131,-337],[218,-586],[499,86],[183,294],[245,413],[157,261],[306,358],[368,239],[428,163],[490,55],[358,-44],[324,-98],[419,218],[9,413],[-254,489],[-131,402],[-113,521],[-53,381],[44,347],[227,337],[429,22],[393,-141],[437,-11],[472,54],[245,76],[359,239],[297,239],[201,65],[428,-130],[350,-272],[184,-152],[454,-347],[166,-174],[333,-555],[454,0],[184,250],[210,272],[218,261],[350,261],[157,108],[324,305],[516,706],[411,337],[376,-65],[271,-218],[463,-206],[358,174],[420,271],[175,76],[455,87],[507,131],[236,206],[183,424],[9,554],[-140,261],[-332,163],[-420,348],[-113,304],[-228,608],[-78,468],[105,293],[384,163],[446,-326],[175,-163],[315,-402],[227,-630],[0,-457],[114,-271],[349,-283],[236,-87],[359,22],[463,152],[499,0],[201,-152],[131,-576],[44,-467],[122,-283],[315,-152],[402,-65],[227,11],[350,0],[490,-65],[332,-120],[245,-272],[113,-673],[-26,-837],[-26,-435],[-61,-445],[-79,-359],[-88,-413],[-209,-652],[-70,-271],[-18,-576],[324,-500],[341,-11],[358,413],[271,217],[507,-22],[385,-434],[358,-380],[202,-66],[349,152],[761,1131],[218,184],[298,174],[463,207],[236,130],[367,283],[315,445],[280,315],[245,163],[384,44],[333,-22],[288,0],[359,54],[279,55],[289,10],[323,-380],[114,-608],[428,-250],[691,43],[114,11],[559,33],[402,97],[237,153],[227,478],[79,391],[253,250],[498,54],[271,44],[315,97],[236,153],[306,249],[507,-206],[114,-424],[-17,-511],[-289,-575],[-289,-392],[53,-489],[437,-304],[385,-22],[393,359],[350,326],[559,641],[333,272],[245,119],[314,120],[149,511],[-88,260],[35,500],[429,402],[437,141],[280,153],[122,456],[0,652],[-245,446],[-297,445],[-87,391],[148,587],[140,326],[201,348],[193,217],[314,304],[271,261],[70,424],[-113,652],[-79,337],[44,369],[279,511],[298,359],[245,195],[297,207],[297,217],[341,348],[192,391],[184,185],[306,250],[306,380],[516,11],[306,-65],[411,-22],[218,-76],[490,65],[350,-174],[87,-326],[227,-587],[350,-282],[472,-294],[359,-228],[428,-141],[289,228],[78,413],[324,478],[428,76],[367,174],[341,22],[315,141],[61,522],[-218,217],[-271,587],[-35,684],[61,598],[17,402],[79,380],[61,468],[-8,369],[192,370],[341,260],[463,337],[350,-87],[376,207],[114,391],[428,130],[376,392],[175,510],[516,-163],[376,-11],[393,479],[542,10],[306,446],[376,445],[350,120],[463,380],[402,283],[376,206],[306,-228],[79,-543],[-131,-283],[-175,-347],[-88,-413],[298,-544],[297,-152],[411,-174],[420,-11],[122,457],[44,391],[314,304],[403,-217],[297,-207],[446,-369],[428,-359],[306,-478],[289,-174],[279,-423],[-8,-283],[-105,-424],[201,-260],[262,-261],[420,-326],[306,-315],[271,-283],[9,-684],[61,-424],[367,-163],[201,-272],[-26,-543],[175,-305],[376,-489],[26,-467],[262,-565],[297,152],[368,-478],[61,-489],[393,-304],[245,261],[157,467],[403,141],[279,-119],[324,119],[218,98],[70,532],[-271,413],[-105,316],[228,402],[507,108],[288,76],[438,-108],[306,-370],[271,-337],[-245,-467],[105,-652],[201,-141],[131,87],[638,315],[245,54],[411,-163],[79,-358],[349,-207],[332,283],[306,315],[132,326],[70,554],[419,-22],[306,-239],[350,-32],[254,-22],[463,293],[-96,446],[349,337],[-26,489],[-70,358],[70,370],[481,-413],[11165,-9541],[3488,-3162],[429,-348],[1801,-1141],[996,-576],[630,-293],[1303,-478],[445,-152],[376,-142],[5089,-1858],[1845,-674],[1932,-706],[935,-489],[499,-250],[1189,-913],[61,-43],[725,-761],[446,-608],[280,-489],[236,-620],[166,-445],[149,-641],[61,-685],[0,-880],[9,-2901],[122,-511],[236,-370],[429,-380],[2150,-1326],[1321,-815],[516,-434],[174,-228],[140,-337],[61,-326],[27,-424],[-70,-543],[-18,-153],[-113,-912],[26,-761],[87,-424],[193,-391],[279,-413],[368,-402],[760,-761],[682,-499],[1137,-576],[979,-348],[1276,-239],[1784,-326],[743,-131],[7493,-1325],[970,-98],[96,-11],[1592,0],[1626,272],[734,119],[2046,348],[3620,489],[2080,522],[586,86],[27,11],[1661,174],[1197,76],[1015,0],[2159,11],[673,0],[822,0],[2247,11],[297,0],[1303,-728],[612,-337],[376,-141],[376,-109],[315,-32],[428,-33],[656,22],[1626,65],[629,22],[971,43],[323,-22],[569,-32],[245,-76],[3409,-957],[1828,-293],[2413,-239],[988,-98],[332,-108],[210,-66],[480,-315],[525,-717],[192,-261],[473,-717],[1547,-2358],[560,-674],[1049,-913],[708,-510],[1014,-554],[428,-229],[691,-380],[420,-217],[787,-565],[551,-544],[131,-152],[1556,-1869],[271,-304],[271,-315],[402,-359],[402,-337],[1950,-1423],[507,-478],[393,-489],[333,-468],[271,-565],[1084,-2901],[288,-500],[385,-358],[437,-283],[306,-152],[315,-98],[428,-76],[752,11],[805,174],[708,358],[376,272],[393,283],[752,565],[376,260],[2859,1956],[3086,-2727],[280,-250],[385,-359],[489,-445],[481,-554],[437,-739],[376,-663],[429,-859],[376,-760],[778,-1576],[122,-239],[376,-739],[324,-565],[253,-304],[446,-359],[428,-217],[132,-33],[2666,-695],[359,-239],[253,-207],[359,-347],[297,-337],[253,-402],[210,-337],[131,-533],[394,-3129],[122,-533],[228,-532],[236,-446],[341,-413],[1425,-1217],[2998,-2564],[630,-609],[621,-825],[472,-761],[332,-685],[1259,-4270],[507,-1413],[481,-1065],[140,-206],[2028,-3097],[367,-696],[350,-869],[516,-2130],[1285,-5368],[79,-837],[17,-847],[-131,-859],[-78,-282],[-595,-1119],[-1285,-1109],[-5202,-3412],[-3288,-2162]],[[283953,675222],[2203,-3912],[1749,-3097],[1040,-1011],[1539,-989],[2684,-1380],[1434,-760],[1643,-957],[918,-684],[1023,-848],[1015,-1326],[953,-1401],[2911,-5401],[2649,-4901],[315,-434],[944,-1000],[726,-685],[411,-261],[620,-217],[577,-119],[62,-11],[3759,271],[5062,370],[1793,-33],[1206,-206],[175,-44],[1049,-282],[927,-326],[804,-370],[673,-445],[464,-391],[944,-1326],[4065,-7954],[1592,-3934],[489,-1358],[184,-652],[140,-1054]],[[65152,640503],[35,272],[-201,413],[44,684],[184,522],[43,652],[-26,467],[315,511],[227,65],[254,326],[35,446],[-88,423],[236,326],[140,587],[123,587],[244,402],[158,424],[17,282],[-148,457],[-70,326],[148,478],[201,456],[-87,315],[-123,348],[228,576],[245,326],[183,228],[184,457],[113,652],[237,358],[183,489],[140,587],[367,109],[114,358],[-35,500],[271,424],[367,282],[219,250],[463,22],[297,141],[429,-11],[314,-86],[403,43],[175,315],[340,315],[219,283]],[[265706,731445],[1216,-837],[35,-22],[4843,-3281],[402,-272],[508,-446],[244,-336],[254,-457],[271,-804],[35,-152],[140,-641],[43,-1130],[123,-3195],[157,-1206],[123,-478],[227,-652],[1137,-2782],[2439,-6020],[411,-1033],[682,-2260],[323,-1728],[88,-478],[411,-2434],[139,-1152],[805,-6596],[-70,-1706],[-53,-456],[-96,-782],[-341,-1044],[-516,-978],[-3051,-4281],[-376,-1000],[-96,-858],[17,-956],[341,-913],[464,-587],[2430,-1489],[4538,-2781]],[[708361,675048],[-1084,-2750],[-997,-2401],[-1171,-2901],[-1006,-1663],[-1652,-2282],[-446,-619],[-700,-826],[-751,-924],[-656,-728],[-341,-413],[-367,-380],[-455,-402],[-411,-446],[-411,-391],[-507,-228],[-446,-207],[-472,-217],[-385,-239],[-306,-261],[-375,-326],[-228,-282],[-507,-315],[-927,-239],[-1049,-272],[-892,-304],[-550,-457],[-298,-337],[-122,-347],[-105,-609],[-114,-500],[-140,-380],[-218,-380],[-210,-413],[-271,-392],[-428,-391],[-359,-282],[-122,-294],[-35,-380],[-26,-500],[-9,-434],[-210,-631],[-236,-380],[-271,-315],[-192,-239],[-411,-326],[-245,-174],[-280,-120],[-280,-152],[-358,-239],[-289,-76],[-358,-119],[-446,-283],[-192,-163],[-420,-272],[-324,-65],[-253,0],[-359,-43],[-227,-65],[-323,-98],[-280,-120],[-280,-119],[-428,-272],[-507,-76],[-472,163],[-385,98],[-219,0],[-341,-120],[-463,-239],[-525,-163],[-314,98],[-490,0],[-166,-435],[-79,-315],[-402,-141],[-332,282],[-516,11],[-271,-467],[-9,-380],[210,-392],[-17,-619],[-464,-282],[-385,-239],[-201,-261],[-323,-413],[-245,-457],[-253,-358],[-123,-500],[350,-163],[358,-228],[-43,-609],[-298,55],[-393,-33],[-306,-424],[-79,-358],[-437,-250],[-149,-435],[-139,-543],[-210,-544],[-175,-597],[-262,-337],[-53,-283],[-192,-391],[-490,-163],[-262,217],[-350,-336],[-105,-652],[53,-413],[-341,-478],[-350,-120],[-323,-478],[-88,-533],[-52,-554],[-254,-108],[-253,-294],[-105,-576],[-140,-358],[-158,-250],[-201,-370],[27,-587],[-53,-412],[-332,-413],[-376,-500],[-254,-598],[-306,-554],[-367,-217],[-420,-87],[-244,-218],[-315,-391],[-332,-326],[-324,65],[-376,315],[-384,-10],[-473,-87],[-279,-305],[0,-380],[-201,-380],[-481,141],[-236,-326],[-368,-337],[-463,22],[-393,217],[-525,98],[-350,-326],[-157,-446],[-297,-10],[-359,-66],[-516,250],[-437,-195],[-297,0],[-385,98],[-384,195],[-271,11],[-306,-54],[-534,-66],[-306,-347],[-472,-196],[-297,174],[-359,33],[-341,-326],[-393,163],[-463,-55],[-254,-358],[-253,-239],[-254,-229],[-446,-336],[44,-402],[44,-555],[78,-467],[149,-424],[-149,-521],[-454,54],[-359,522],[-245,-66],[-419,-206],[-254,272],[-376,-131],[-87,-467],[-376,-315],[-227,-326],[384,-446],[429,-130],[43,-315],[219,-587],[-157,-478],[-193,-435],[0,-532],[-201,-326],[-236,-391],[35,-370],[35,-402],[341,-119],[393,-479],[385,-402],[-192,-478],[-123,-304],[-183,-304],[-367,-11],[-376,239],[-438,-283],[-288,-141],[-254,-33],[-384,-195],[-245,-315],[-280,-174],[-149,-272],[-87,-402],[-175,-532],[-52,-359],[70,-358],[-385,-435],[-297,-65],[-385,-33],[-166,283],[-446,195],[-437,228],[-394,326],[-358,-32],[-411,282],[-315,76],[-515,-108],[-280,489],[-210,391],[-324,0],[-306,22],[-411,-98],[-192,-467],[-105,-642],[-26,-478],[-385,-260],[-201,249],[-227,218],[-420,-87],[-96,-326],[-175,-435],[-288,-565],[-516,-217],[-280,-457],[-44,-391],[105,-337],[-131,-391],[-122,-402],[288,-489],[315,-185],[254,-271],[-271,-511],[-508,-130],[158,-576],[-105,-663],[385,-413],[-79,-565],[-297,-33],[-368,-271],[35,-381],[27,-315],[-184,-413],[-315,-434],[-201,-403],[-201,-271],[-253,-174],[-350,152],[-446,-152],[-245,-413],[-288,-163],[-403,87],[-174,-489],[-289,-250],[-533,141],[-271,370],[-254,206],[-297,-87],[-262,-337],[70,-391],[17,-467],[-70,-315],[-17,-457],[122,-260],[96,-500],[0,-337],[-17,-391],[-18,-446],[-131,-652],[332,-424],[-105,-489],[-262,-76],[-96,-467],[-219,-206],[-393,-185],[-61,-413],[183,-565],[-454,-239],[-411,-22],[-193,-174],[-384,-358],[-289,-65],[-192,-294],[-376,-304],[-393,-370],[-289,33],[-350,-293],[-533,-44],[-350,22],[-201,-152],[-323,-261],[-44,-391],[-428,-228],[-315,108],[-437,163],[-341,-22],[-306,-10],[-236,-348],[-280,-109],[-516,-228],[-358,-435],[-306,-315],[-245,-315],[-402,-239],[-201,-228],[-280,-391],[-236,-33],[-402,0],[-245,22],[-350,-44],[-18,-608],[-253,-457],[-280,-380],[-26,-391],[236,-424],[9,-424],[-140,-641],[-210,-445],[-411,-326],[-236,-511],[-253,-456],[-272,-240],[-437,-152],[-367,55],[-385,-446],[-384,-369],[-376,326],[-394,467],[-288,-239],[-44,-315],[-297,-326],[-315,-478],[-114,-402],[-445,-402],[-193,-381],[-253,-521],[-62,-402],[-314,-305],[-420,-424],[-288,-467],[8,-576],[9,-337],[-525,11],[-498,-21],[-341,-98],[-332,87],[-376,-120],[-210,-380],[-350,-337],[-349,-98],[-44,-565],[219,-608],[-306,-261],[-202,-630],[-393,-196],[-420,-359],[-201,-336],[9,-370],[-157,-500],[-131,-304],[-53,-489],[-87,-326],[349,-446],[420,-347],[79,-522],[349,-87],[167,-250],[-35,-587],[-53,-391],[-227,-424],[-271,-217],[113,-576],[481,109],[254,-533],[227,-347],[245,-98],[297,-424],[184,-391],[315,-348],[349,-108],[315,-207],[455,217],[472,-65],[87,-380],[-175,-402],[228,-522],[314,-424],[-70,-347],[-131,-424],[-175,-565],[-183,-391],[105,-392],[0,-652],[341,-467],[271,-282],[0,-478],[-175,-511],[-157,-533],[-132,-434],[97,-424],[96,-348],[227,-380],[385,-457],[-184,-467],[-9,-445],[105,-500],[-201,-348],[-227,-521],[-88,-337],[-314,-348],[-245,-380],[26,-511],[236,-283],[26,-380],[175,-402],[79,-641],[-140,-272],[-79,-511],[-43,-532],[-140,-489],[-184,-500],[140,-456],[26,-576],[35,-381],[53,-347],[70,-478],[-96,-337],[-245,-544],[-263,-412],[-174,-500],[-79,-435],[-70,-272],[-184,-576],[-148,-293],[-332,-261],[-516,-228],[-403,402],[-87,359],[-455,54],[-279,33],[-306,-142],[-228,-380],[140,-337],[394,-369],[288,-413],[297,-228],[236,-153],[202,-521],[-411,-337],[-306,-304],[-123,-565],[35,-457],[-43,-500],[-324,-521],[-341,-174],[-551,65],[-253,-369],[-271,-576],[-359,-348],[-148,-380],[-376,-381],[-411,-336],[-184,-337],[-131,-424],[-18,-565],[228,-587],[35,-445],[9,-544],[-35,-434],[-88,-457],[0,-674],[-149,-358],[-218,-228],[-332,-283],[-368,-348],[-192,-543],[-131,-228],[35,-467],[166,-489],[394,-294],[34,-402],[62,-478],[43,-228],[62,-478],[35,-305],[131,-391],[105,-467],[218,-304],[79,-381],[201,-413],[254,-228],[288,-532],[0,-337],[271,-348],[385,-293],[297,87],[306,-185],[-79,-511],[-262,-260],[35,-392],[385,-282],[376,-218],[349,163],[385,-217],[227,-293],[193,-413],[288,-250],[297,43],[473,-206],[122,-641],[-297,-424],[-271,-130],[-105,-424],[-88,-326],[-140,-402],[202,-413],[419,-261],[315,-22],[245,-195],[402,-370],[140,-348],[420,-173],[262,-185],[166,-500],[367,-228],[262,-33],[289,-445],[26,-457],[262,-293],[403,76],[411,-54],[148,-283],[-61,-641],[-201,-402],[-271,-533],[-341,-336],[-306,-153],[-420,-206],[-17,-467],[35,-391],[-35,-370],[-219,-598],[-183,-391],[-411,22],[-420,315],[-149,-489],[158,-413],[314,-293],[193,-348],[-79,-435],[-253,-391],[-429,87],[-446,-22]],[[582550,850433],[105,87],[805,641],[1241,847],[420,261],[411,261],[507,337],[402,293],[341,218],[385,130],[375,-120],[420,-326],[603,-478],[700,-478],[647,-467],[664,-380],[813,-555],[778,-586],[411,-370],[315,-272],[665,-499],[498,-381],[769,-489],[840,-608],[638,-435],[1442,-1010],[674,-468],[778,-521],[201,-142],[332,-228],[297,-239],[333,-500],[-70,-532],[-280,-587],[-35,-65],[-394,-913],[-419,-771],[-61,-98],[-621,-1087],[-437,-837],[-394,-728],[-175,-478],[-209,-543],[-158,-446],[-148,-576],[-123,-662],[-140,-587],[-113,-620],[-114,-728],[-79,-543],[-148,-609],[-149,-489],[-210,-499],[-166,-326],[-236,-489],[-288,-446],[-359,-402],[-446,-652],[-411,-652],[-148,-315],[-140,-630],[26,-489],[26,-511],[96,-576],[97,-272],[201,-543],[218,-619],[516,-1554],[236,-815],[166,-696],[228,-847],[113,-522],[35,-152],[236,-804],[149,-641],[148,-652],[114,-598],[70,-532],[35,-457],[61,-663],[26,-1097],[9,-674],[-17,-880],[-26,-837],[-27,-141],[-87,-619],[-114,-772],[-52,-435],[-9,-467],[-61,-532],[-9,-424],[44,-370],[122,-369],[175,-391],[227,-446],[236,-500],[167,-402],[227,-608],[175,-630],[175,-642],[122,-467],[96,-576],[53,-326],[-9,-413],[-9,-369],[-52,-413],[-70,-478],[-96,-609],[-62,-478],[-26,-695],[-9,-533],[0,-217],[-8,-761],[35,-1075],[26,-544],[44,-587],[78,-565],[88,-576],[61,-434],[26,-717],[79,-794],[96,-684],[70,-609],[122,-619],[131,-543],[193,-511],[323,-565],[263,-305],[288,-358],[280,-315],[315,-304],[297,-272],[385,-196],[262,-163],[402,-239],[289,-228],[349,-206],[499,-359],[393,-261],[367,-174],[568,-315],[403,-250],[384,-282],[551,-489],[525,-1391],[148,-381],[166,-391],[569,-1706],[183,-543],[175,-500],[123,-456],[140,-413],[113,-478],[79,-424],[87,-424],[254,-848],[114,-467],[139,-663],[53,-413],[26,-380],[-105,-663],[-192,-424],[-166,-423],[-166,-402],[-88,-229],[-192,-445],[-228,-457],[-201,-369],[-279,-391],[-324,-544],[-262,-358],[-411,-869],[-280,-489],[-157,-587],[306,-489],[306,-272],[280,-206],[419,-261],[499,-315],[524,-305],[26,-10],[525,-185],[367,-131],[455,-141],[559,-76],[586,-98],[542,-87],[525,-87],[332,-65],[332,-119],[306,-196],[394,-337],[559,-521],[350,-381],[437,-315],[393,-195],[359,-120],[323,-76],[814,-141],[393,-22],[533,98],[647,250],[630,261],[516,250],[367,97],[419,55],[376,0],[306,-22],[438,-239],[131,-391],[43,-446],[53,-695],[61,-609],[-17,-445],[-62,-424],[-78,-413],[-114,-402],[-131,-424],[-88,-424],[-43,-467],[8,-456],[35,-326],[210,-500],[184,-239],[358,-370],[254,-206],[393,-315],[403,-283],[410,-261],[341,-174],[446,-206],[376,-196],[429,-152],[795,-228],[420,-76],[236,-54],[726,-163],[620,-55],[1487,-195],[1267,-142],[236,-32],[1076,-152],[1206,-163],[438,-44],[367,-43],[288,-87],[464,-326],[218,-261],[280,-467],[271,-500],[350,-532],[314,-576],[464,-902],[315,-783],[174,-358],[62,-424],[-9,-641],[-35,-565],[-53,-794],[9,-206],[-78,-1402],[8,-532],[88,-315],[175,-370],[358,-217],[542,-152],[577,-33],[175,-11],[892,-21],[1434,249],[1005,153],[874,152],[980,-11],[1014,0],[699,-65],[586,-218],[481,-337],[332,-347],[271,-576],[262,-1087],[175,-1434],[175,-3380],[-254,-1814],[-131,-696],[-341,-978],[-489,-1097],[-114,-631],[88,-402],[174,-358],[569,-848],[157,-250],[192,-424],[44,-391],[-175,-402],[-472,-445],[-201,-261],[-166,-500],[0,-369],[-18,-435],[62,-413],[105,-261],[367,-630],[551,-543],[349,-294],[481,-239],[516,-174],[131,-76],[621,-434],[726,-761],[603,-1228],[918,-3108],[656,-1499],[271,-609],[279,-402],[630,-663],[857,-641],[717,-348],[865,-108],[735,-22],[1346,174],[1206,174],[945,-87],[900,-218],[787,-315],[612,-293],[656,-348],[682,-250],[822,-445],[1259,-957],[1049,-988],[760,-815],[219,-218],[743,-500],[490,-260],[935,-283],[1434,33],[1950,239],[306,11],[446,-87],[568,-142],[1259,-662],[822,-761],[1049,-859],[280,-228],[778,-532],[481,-467],[279,-566],[193,-1434],[306,-1054],[105,-1673],[-271,-3891],[-53,-2097],[18,-467],[140,-380],[349,-457],[315,-282],[350,-131],[402,-43],[489,108],[1487,642],[586,271],[349,22],[516,-120],[289,-260],[1154,-1967],[603,-663],[437,-348],[455,-293],[402,-207],[358,-32],[630,250],[760,391],[438,195],[507,77],[489,0],[394,-44],[314,-65],[307,-326],[271,-533],[786,-1543],[866,-1260],[402,-598],[271,-445],[149,-250],[463,-522],[140,-130],[393,-131],[1268,-87],[1032,-65],[577,-141],[446,-272],[787,-728],[1652,-2456],[595,-923],[568,-620],[900,-923],[263,-196],[690,-434],[2212,-1141],[1609,-989]],[[746165,645882],[630,-1000],[262,-565],[175,-445],[79,-652],[-79,-381],[-122,-358],[-280,-489],[-271,-554],[-420,-826],[-349,-913],[-27,-65],[-201,-663],[-122,-598],[-114,-706],[-122,-804],[-70,-609],[-44,-565],[35,-565],[184,-1054],[87,-674],[201,-1021],[158,-1250],[-27,-1238],[-122,-1630],[-332,-1598],[568,-1575],[463,-1739],[-35,-1956],[0,-511],[-43,-706],[-88,-663],[-148,-674],[-132,-1043],[-157,-782],[-227,-956],[-228,-794],[-375,-1369],[-376,-1326],[-193,-912],[-192,-870],[-149,-489],[-280,-391],[-306,-391],[-437,-435],[-384,-282],[-446,-424],[-245,-250],[-210,-206],[-367,-631],[-315,-597],[-210,-555],[-131,-575],[-87,-696],[9,-641],[122,-804],[236,-859],[245,-706],[376,-587],[446,-565],[463,-500],[568,-423],[464,-218],[603,-239],[594,-174],[840,44],[586,152],[821,174],[796,76],[1023,65],[682,-11],[795,-65],[586,-174],[569,-217],[410,-326],[341,-424],[385,-543],[359,-598],[279,-717],[62,-337],[61,-380],[87,-848],[26,-663],[-70,-565],[-78,-402],[-158,-369],[-227,-392],[-253,-358],[-263,-304],[-446,-316],[-524,-326],[-778,-423],[-621,-381],[-647,-423],[-568,-348],[-551,-326],[-420,-239],[-411,-305],[-612,-434],[-446,-294],[-559,-293],[-490,-304],[-498,-337],[-446,-402],[-437,-543],[-490,-348],[-262,-294],[-236,-326],[-332,-652],[-411,-956],[-298,-445],[-437,-587],[-481,-598],[-297,-424],[-61,-184],[-184,-522],[-157,-674],[-87,-576],[87,-662],[44,-555],[8,-467],[-17,-652],[-105,-619],[9,-305],[17,-543],[53,-293],[148,-511],[27,-445],[-27,-272],[-61,-543],[-61,-642],[-44,-478],[53,-554],[218,-522],[175,-445],[79,-293],[52,-674],[-26,-837],[9,-1054],[96,-576],[201,-337],[289,-337],[166,-249],[332,-392],[227,-260],[298,-511],[218,-294],[175,-239],[341,-380],[192,-250],[271,-380],[201,-283],[298,-478],[227,-445],[140,-326],[227,-468],[219,-391],[227,-326],[184,-250],[201,-282],[210,-413],[113,-218],[88,-554],[-9,-434],[-44,-674],[0,-424],[-78,-1717],[-193,-750],[-280,-1206],[-271,-1054],[-332,-1315],[-682,-2249],[-437,-1597],[-306,-1630],[-315,-1565],[-166,-870],[-105,-760],[-52,-2358],[0,-33],[35,-2151],[-26,-2793],[87,-1597],[44,-1674],[70,-2151],[87,-1489],[79,-1739],[288,-4075],[534,-1945],[402,-1347],[603,-1413],[289,-847],[104,-946],[53,-1032],[70,-1641],[44,-2249],[96,-2445],[8,-718],[18,-804],[61,-782],[79,-554],[70,-272],[192,-402],[193,-206],[279,-229],[158,-597],[140,-337],[122,-522],[-70,-358],[79,-402],[78,-652],[97,-446],[332,-467],[52,-533],[140,-532],[184,-272],[262,-413],[315,-434],[253,-218],[350,-336],[219,-413],[419,-359],[394,-446],[271,-412],[210,-435],[139,-359],[140,-424],[131,-402],[237,-782],[201,-1011],[96,-358],[131,-294],[341,-152],[350,-76],[297,337],[157,261],[140,424],[280,32],[437,315],[227,250],[385,337],[184,359],[113,663],[315,-44],[367,11],[254,-358],[148,-229],[333,-108],[393,-283],[201,-239],[201,-380],[35,-272],[44,-424],[87,-304],[271,-239],[132,-435],[271,-108],[376,-196],[472,-228],[349,-109]],[[708361,675048],[1652,-1000],[1836,-1250],[2282,-1662],[726,-826],[61,-76],[1076,-1228],[1495,-1521],[612,-631],[629,-500],[708,-326],[324,-152],[210,-152],[323,-369],[245,-326],[122,-228],[201,-500],[123,-685],[35,-608],[70,-1120],[175,-532],[157,-337],[490,-489],[323,-326],[280,-196],[227,-108],[726,-98],[3104,-152],[568,22],[393,130],[743,326],[988,130],[499,0],[551,-108],[1958,-978],[629,-413],[289,-294],[297,-423],[228,-500],[183,-576],[149,-978],[26,-761],[-227,-2499],[-27,-435],[-367,-5085],[149,-2304],[114,-674],[244,-586],[210,-435],[533,-685],[411,-315],[945,-141],[970,-120],[586,-76],[524,-65],[595,-65],[437,76],[367,130],[333,174],[1014,902],[1276,1185],[1084,489],[2177,793],[743,391]],[[283953,675222],[7598,8660],[1975,2239],[1976,2532],[1618,2162],[874,1369],[883,1641],[2352,5553],[350,619],[585,772],[2090,1956],[376,445],[280,587],[472,1250],[280,554],[297,478],[1958,2282],[324,478],[280,554],[148,641],[35,837],[-35,489],[-78,478],[-132,511],[-148,413],[-280,434],[-245,250],[-376,250],[-1058,587],[-341,326],[-542,2108],[-166,359],[-271,358],[-420,424],[-953,739],[-244,293],[-210,337],[-254,500],[-87,348],[-61,359],[-53,619],[-9,456],[88,1869],[184,533],[340,478],[394,272],[367,119],[848,283],[332,130],[359,522],[743,1597],[332,402],[376,185],[673,108],[612,142],[473,228],[306,369],[113,294],[700,2293],[612,2021],[603,2010],[472,1543],[630,4042],[148,783],[210,663],[341,760],[236,413],[385,500],[620,641],[298,218],[349,173],[1574,479],[376,152],[332,293],[193,424],[306,1499],[175,848],[253,511],[210,217],[245,196],[1241,999],[367,294],[271,271],[140,240],[385,717],[236,402],[481,337],[376,0],[1696,-555],[411,-97],[376,0],[245,54],[402,163],[568,391],[254,239],[367,500],[175,456],[17,642],[-201,1065],[-70,608],[0,359],[44,391],[70,304],[481,1326],[87,239],[149,489],[105,511],[17,619],[-61,858],[-201,1706],[-18,326],[27,555],[78,619],[79,337],[157,402],[368,500],[428,87],[332,-359],[297,-706],[175,-424],[368,-869],[113,-337],[306,-424],[289,-65],[419,87],[271,185],[341,402],[210,532],[61,587],[193,500],[175,163],[306,184],[262,98],[288,65],[1050,185],[419,141],[175,109],[306,304],[227,261],[158,261],[113,478],[0,293],[-87,403],[-280,510],[-402,359],[-437,413],[-315,391],[-122,435],[-9,391],[70,543],[79,348],[201,543],[192,402],[201,381],[944,1760],[210,369],[245,402],[332,489],[298,392],[157,174],[664,738],[149,185],[236,413],[140,478],[122,565],[114,554],[70,457],[70,641],[9,771],[8,587],[35,457],[44,315],[140,717],[149,522],[262,532],[245,337],[297,261],[516,206],[533,-174],[446,-293],[385,-304],[1241,-1098],[437,-358],[201,-142],[333,-87],[454,11],[315,55],[385,239],[244,315],[184,489],[105,641],[35,467],[70,978],[44,456],[52,305],[219,1065],[0,500],[-166,586],[-158,359],[-140,272],[-349,336],[-376,174],[-464,294],[-349,304],[-114,130],[-394,576],[-288,533],[-280,543],[79,674],[236,304],[262,206],[1128,739],[315,316],[175,565],[43,891],[9,608],[-87,1815],[-18,750],[-17,217],[-79,478],[-184,1054],[-26,380],[-9,707],[53,543],[140,793],[341,511],[384,294],[805,575],[192,131],[271,326],[105,369],[157,1315],[44,391],[210,1011],[131,608],[79,685],[175,554],[0,413],[-280,522],[-210,391],[-280,402],[-463,369],[-402,446],[-437,119],[-219,11],[-918,-32],[-603,-22],[-376,196],[-210,413],[-140,554],[-44,500],[-139,304],[-280,250],[-289,174],[-341,500],[-78,315],[-44,391],[-53,674],[-26,619],[-17,435],[87,1412],[26,891],[9,239],[0,674],[-9,413],[-26,446],[-79,543],[-96,511],[-166,619],[-26,456],[44,294],[139,902],[97,456],[227,565],[227,609],[210,337],[192,184],[359,283],[909,652],[367,293],[132,141],[279,435],[228,565],[192,348],[271,402],[323,391],[350,348],[289,272],[236,575],[166,1152],[87,413],[333,1098],[629,2162],[79,294],[35,434],[-105,609],[-88,597],[-183,587],[-507,359],[-385,304],[-254,228],[-323,315],[-245,272],[-218,478],[43,576],[96,446],[105,336],[228,522],[481,967],[279,478],[175,533],[9,489],[35,293],[149,565],[288,870],[122,315],[263,554],[262,489],[114,282],[323,283],[236,109],[324,76],[306,32],[323,-11],[481,33],[245,315],[-96,413],[-289,402],[-376,315],[-253,174],[-306,261],[-394,369],[-210,315],[158,544],[201,206],[253,239],[202,218],[183,380],[-26,315],[-306,456],[-271,240],[-192,163],[-341,478],[-167,326],[-87,489],[254,554],[279,261],[429,76],[332,-55],[254,-65],[288,-98],[385,-130],[297,-120],[411,-130],[411,-196],[218,-173],[193,-555],[35,-434],[70,-359],[218,-315],[219,-109],[367,-54],[437,54],[324,511],[52,370],[-96,597],[-96,283],[-210,304],[-219,250],[-402,391],[-297,283],[-184,195],[-306,207],[-297,358],[-17,228],[69,533],[525,119],[446,-43],[140,-22],[970,-119],[402,0],[438,108],[244,544],[9,402],[26,358],[132,500],[209,207],[359,500],[140,445],[-79,304],[-140,598],[-70,402],[-87,630],[-79,522],[26,369],[62,413],[61,544],[96,336],[323,218],[167,348],[69,499],[35,402],[-26,587],[-218,348],[-254,217],[-323,305],[-149,217],[-175,424],[-35,532],[324,174],[507,120],[341,65],[463,43],[533,22],[438,54],[340,-21],[315,271],[96,283],[97,413],[52,630],[26,358],[53,555],[218,554],[175,337],[149,413],[402,293],[315,76],[472,87],[341,87],[437,54],[376,152],[420,370],[419,228],[525,207],[542,249],[376,261],[656,489],[472,294],[262,163],[140,434],[-149,587],[-79,522],[0,423],[132,283],[253,326],[490,-130],[411,206],[166,380],[79,424],[-9,630],[-26,424],[-140,631],[-70,478],[-18,434],[140,468],[131,412],[123,240],[218,391],[140,217],[411,402],[324,131],[323,32],[481,174],[350,141],[297,163],[210,152],[218,316],[175,249],[446,-76],[402,381],[79,456],[-18,348],[44,369],[-96,522],[-245,445],[-166,272],[-332,478],[-193,283],[-262,445],[-227,587],[-184,446],[-87,347],[-26,609],[61,315],[131,424],[253,565],[289,532],[157,359],[228,565],[192,478],[44,359],[-228,858],[-139,489],[-140,446],[-105,336],[-166,533],[-114,348],[-201,912],[-44,370],[-61,511],[17,423],[27,522],[-9,348],[-53,554],[-70,391],[-157,554],[-105,315],[-157,435],[-123,380],[-244,837],[-97,380],[-35,370],[44,380],[-61,348],[-157,815],[-53,456],[-140,641],[-105,413],[-131,576],[-26,326],[52,446],[18,261],[44,641],[78,391],[27,500],[-53,565],[-9,348],[70,576],[88,412],[35,294],[43,478],[105,619],[-227,348],[-446,87],[-315,185],[-201,304],[-140,456],[-43,305],[-53,532],[44,424],[87,391],[123,446],[131,282],[472,967],[297,511],[350,304],[219,185],[271,380],[148,381],[193,521],[209,478],[202,489],[78,500],[44,381],[131,499],[9,392],[-289,521],[-384,272],[-333,261],[-393,163],[-367,130],[-306,98],[-402,152],[-403,109],[-349,54],[-455,43],[-533,33],[-429,11],[-271,-33],[-384,-32],[-551,119],[-280,120],[-358,358],[-44,533],[79,271],[262,305],[489,184],[280,272],[193,228],[192,337],[280,533],[236,358],[210,370],[332,532],[227,391],[192,359],[228,348],[175,217],[262,293],[122,337],[-87,554],[-271,446],[-184,250],[-280,413],[-367,467],[-253,239],[-429,54],[-253,-21],[-359,-55],[-489,-87],[-324,-130],[-472,-119],[-306,-66],[-358,-152],[-376,-43],[-254,32],[-489,87],[-315,33],[-350,32],[-218,0],[-403,163],[-253,555],[236,391],[140,174],[323,326],[455,402],[271,271],[288,294],[263,261],[367,391],[297,358],[140,250],[245,392],[271,423],[114,544],[69,532],[79,533],[70,423],[192,239],[298,185],[262,120],[367,206],[280,141],[245,120],[315,98],[349,-22],[228,-239],[183,-261],[324,-467],[227,-315],[157,-185],[289,-272],[367,-282],[289,-131],[472,-228],[358,163],[236,196],[376,358],[236,261],[210,294],[166,239],[193,434],[166,533],[218,489],[26,413],[-271,424],[-209,163],[-333,86],[-367,77],[-428,108],[-245,65],[-332,98],[-429,381],[114,532],[227,467],[280,554],[210,337],[227,305],[210,260],[201,239],[394,381],[236,304],[376,456],[244,272],[123,337],[0,511],[-79,369],[-17,511],[-27,380],[-61,554],[324,359],[402,11],[507,-65],[367,-109],[254,-130],[349,-348],[315,-489],[210,-196],[393,-195],[315,65],[219,108],[463,207],[498,185],[376,130],[210,522],[140,663],[79,304],[131,500],[149,478],[157,456],[157,652],[131,533],[79,326],[149,532],[349,207],[298,-87],[376,-163],[437,-283],[271,-163],[323,-217],[472,-44],[324,294]],[[746165,645882],[237,152],[367,380],[647,1065],[227,392],[612,1325],[52,478],[-34,555],[-167,565],[-262,565],[-542,978],[-848,1934],[-131,304],[-595,1348],[-498,1304],[-96,597],[-53,305],[-17,1336],[166,1304],[752,2141],[874,2325],[831,1478],[1259,2271],[1154,2206],[122,380],[114,522],[-79,956],[-218,1217],[-770,2619],[-96,739],[35,989],[297,2445],[831,3173],[245,1141],[8,326],[18,902],[-18,456],[-78,2891],[26,347],[114,761],[113,511],[131,304],[184,348],[236,326],[341,380],[306,272],[428,282],[429,174],[402,98],[341,0],[385,-65],[516,-87],[646,-152],[306,-131],[254,-130],[315,-283],[323,-500],[131,-423],[149,-511],[175,-467],[175,-402],[201,-294],[341,-369],[385,-457],[349,-402],[289,-315],[306,-261],[393,-391],[429,-315],[323,-228],[254,-228],[183,-229],[184,-336],[113,-305],[132,-413],[140,-630],[262,-608],[218,-305],[236,-217],[324,-109],[446,22],[498,261],[813,598],[1023,880],[306,261],[1513,1488],[752,880],[891,1304],[271,555],[1032,2021],[332,565],[236,532],[149,511],[629,2380],[744,2640],[891,3456],[656,5487],[166,1576],[306,413],[245,196],[437,97],[394,-43],[174,-54],[1740,-783],[2011,-1076],[805,-206],[813,-65],[218,11],[472,130],[875,500],[961,739],[236,119],[1338,294],[1644,434],[2011,881],[1757,945],[2124,2369],[1443,2043],[603,565],[822,521],[822,424],[831,326],[839,218],[796,206],[489,87],[367,174],[385,228],[254,228],[314,435],[333,435],[271,402],[463,793],[332,478],[166,500],[193,815],[96,293],[140,924],[87,500],[157,434],[455,489],[612,587],[621,511],[551,565],[384,435],[420,489],[595,565],[524,576],[1084,934],[962,1022],[577,456],[664,511],[3821,-2597],[1277,-718],[1092,-902],[691,-738],[1189,-1413],[123,-196],[262,-347],[428,-565],[2413,-3206],[394,-185],[3208,-1076],[394,-206],[1810,-924],[8,0],[953,-608],[210,-185],[411,-402],[297,-185],[411,-185],[140,-43],[796,-206],[315,21],[839,11],[997,11],[1792,217],[437,33],[350,-22],[498,-98],[2055,-717],[1390,-521],[2098,-500],[88,0],[1224,11],[306,-98],[367,-315],[332,-44],[262,-11],[708,22],[499,-174],[218,-163],[446,-424],[411,-249],[498,-185],[647,-218],[543,-86],[638,-98],[306,-98],[262,-196],[437,-369],[254,-120],[411,-65],[367,-315],[157,-261],[158,-337],[157,-728],[9,-912],[-18,-750],[-70,-500],[-166,-728],[-201,-685],[-192,-413],[-332,-434],[-263,-261],[-175,-435],[-131,-445],[-87,-522],[-35,-195],[-79,-794],[-9,-739],[-26,-1184],[123,-739],[306,-2217],[830,-2358],[472,-1173],[9,-22],[463,-902],[132,-261],[201,-511],[262,-565],[341,-749],[726,-1413],[507,-1065],[970,-1836],[647,-772],[1233,-1054],[1268,-1380],[690,-989],[385,-728],[271,-272],[341,-141],[568,-130],[2807,-1239],[376,-152],[297,-98],[498,11],[350,65],[874,261],[359,109],[419,217],[647,326],[709,293],[918,337],[96,44],[970,130],[149,22],[367,21],[490,-141],[271,-282],[78,-522],[0,-380],[-26,-565],[-44,-587],[-17,-598],[-88,-608],[-96,-794],[-61,-836],[-35,-468],[-70,-1727],[-26,-500],[-70,-1793],[-9,-141],[-26,-2032],[-26,-1141],[0,-402],[70,-685],[26,-272],[306,-1336],[551,-1837],[865,-2293],[158,-532],[175,-587],[105,-369],[384,-967],[350,-718],[358,-499],[333,-457],[236,-402],[752,-1239],[716,-1445],[280,-554],[848,-1337]],[[634728,313400],[-1119,-195],[-1530,-544],[-1145,-217],[-1705,-337],[-350,-326],[-288,-467],[-79,-87],[-874,-402],[-315,-359],[-262,-304],[-534,-608],[-516,-566],[-61,-304],[-288,-304],[-184,-109],[-306,-217],[-201,-304],[-140,-631],[-297,-304],[-280,-141],[-428,-207],[-420,-1010],[26,-587],[271,-359],[-402,-532],[315,-413],[218,-619],[-227,-468],[-376,-489],[-79,-510],[-201,-174],[-411,-250],[-236,-359],[-78,-510],[-175,-533],[-158,-348],[-131,-532],[-411,-424],[-376,-369],[-166,-218],[-201,-434],[-35,-663],[-148,-326],[-245,-272],[-280,-228],[-1338,-1000],[-244,-65],[-455,109],[-306,-142],[-376,-249],[-79,-511],[-244,-337],[-464,-261],[-402,-141],[-315,-109],[-192,-641],[-726,-65],[-140,-272],[0,-597],[-210,-468],[-262,-206],[-367,-370],[-358,-32],[-333,-250],[-463,217],[-359,-369],[-340,163],[-368,-391],[-253,-413],[-298,-229],[-375,-130],[-193,239],[-393,315],[-385,-174],[-122,-521],[-175,-315],[0,-631],[-568,-250],[-158,-336],[-183,-522],[-455,-337],[-446,-163],[-358,-65],[-333,-435],[62,-423],[-237,-261],[-297,-207],[-402,109],[-227,402],[-437,-152],[-420,-174],[-359,-65],[-288,-55],[-341,-304],[-324,-206],[-480,76],[-385,87],[-210,-391],[-236,-413],[-61,-185],[-140,-554],[-201,-446],[-53,-445],[-183,-250],[-61,-468],[-228,-260],[-481,-207],[-253,-163],[-271,-217],[-245,-261],[-262,-272],[-131,-543],[-18,-369],[70,-337],[122,-576],[-61,-315],[-166,-359],[-306,-304],[-489,76],[-341,239],[-245,206],[-271,55],[-263,-359],[-515,-956],[-394,-163],[-323,65],[-534,152],[-323,-282],[-411,-131],[-376,239],[-463,-130],[-359,-130],[-262,97],[-394,76],[-314,-141],[-210,-228],[-332,-22],[-376,-130],[-263,-380],[-122,-424],[-9,-554],[-43,-250],[-280,-478],[-341,-392],[-359,-337],[-227,-228],[-297,-239],[-245,-185],[-201,-228],[-315,-271],[-463,97],[-525,-152],[-26,-402],[140,-337],[-70,-347],[-271,-261],[-114,-533],[0,-445],[18,-457],[-394,-336],[-218,-555],[-140,-391],[227,-337],[-131,-608],[26,-467],[0,-402],[123,-424],[-228,-489],[-175,-326],[-236,-435],[-480,-22],[-298,-174],[-192,-163],[-227,-315],[-298,-11],[-297,77],[-175,-500],[-245,-326],[-375,-22],[-245,-33],[-394,-76],[-463,-358],[-219,-370],[-279,-315],[-237,-141],[-437,-33],[-411,109],[-454,11],[-394,-44],[-332,-32],[-341,-109],[-332,-206],[-210,-229],[-323,-271],[-464,-272],[-105,-652],[-183,-261],[-193,-282],[-87,-478],[-359,-218],[-297,-163],[-253,-43],[-324,-152],[-201,-142],[-2098,-1423],[-3943,-2467],[-499,-261],[-2133,-1108],[-752,-739],[-656,-576],[-384,-337],[-341,-304],[-927,-945],[-350,-337],[-577,-435],[-559,-369],[-1023,-511],[-770,-261],[-297,-76],[-2631,-630],[-2370,-511],[-1075,-315],[-1294,-391],[-568,-348],[-429,-272],[-935,-608],[-359,-272],[-498,-424],[-516,-456],[-1320,-1413],[-979,-1488],[-787,-1728],[-1006,-2717],[-1119,-2325],[-4738,-9454],[-752,-1510],[-193,-305],[-349,-304],[-499,-206],[-1049,-131],[-682,22],[-2841,76],[-2029,98]],[[394324,34849],[-210,22],[-350,10],[-1425,44],[-1338,-131],[-830,-163],[-612,-163],[-490,-239],[-70,-32],[-1329,-728],[-664,-413],[-577,-424],[-402,-239],[-446,-130],[-219,-22],[-385,76],[-192,119],[-446,305],[-489,424],[-429,478],[-236,576],[-44,412],[44,522],[79,283],[140,380],[210,424],[279,467],[193,261],[227,282],[787,946],[979,760],[708,489],[271,142],[429,76],[419,32],[324,87],[201,174],[253,533],[44,586],[-9,576],[-349,1728],[-175,467],[-367,402],[-472,55],[-306,-163],[-639,-620],[-1136,-1097],[-665,-370],[-524,-130],[-158,-11],[-1014,-54],[-708,-66],[-533,-152],[-534,-402],[-419,-478],[-525,-967],[-52,-98],[-691,-1760],[-192,-793],[-79,-587],[44,-1228],[-53,-1032],[-35,-620],[-245,-1043],[-603,-1880],[-227,-489],[-79,-163],[-315,-424],[-393,-358],[-324,-185],[-1232,-652],[-149,-98],[-594,-391],[-333,-359],[-140,-597],[0,-294],[53,-1108],[140,-880],[140,-565],[227,-522],[122,-391],[9,-543],[-35,-381],[-192,-456],[-201,-283],[-385,-184],[-245,-55],[-489,66],[-1119,445],[-394,120],[-341,10],[-358,-239],[-210,-326],[-105,-543],[9,-543],[35,-391],[550,-2315],[44,-478],[0,-478],[-17,-272],[-219,-554],[-341,-435],[-420,-326],[-568,-271],[-44,-22],[-795,-196],[-463,-108],[-875,-109],[-411,33],[-314,76],[-298,173],[-297,283],[-271,348],[-245,500],[-131,532],[-192,1282],[-175,696],[-245,554],[-315,598],[-201,315],[-236,217],[-306,174],[-498,76],[-367,-130],[-201,-185],[-237,-283],[-253,-413],[-96,-152],[-717,-967],[-332,-315],[-280,-196],[-297,-152],[-306,-76],[-368,-32],[-402,21],[-454,153],[-569,239],[-1189,760],[-664,381],[-367,173],[-665,174],[-752,142],[-682,54],[-218,54],[-298,174],[-253,152],[-324,381],[-183,347],[-184,326],[-148,391],[-97,500],[-8,413],[26,326],[131,446],[140,293],[271,500],[280,413],[349,424],[123,152],[288,348],[228,347],[297,489],[315,565],[131,294],[218,630],[105,337],[96,435],[27,445],[-70,315],[-263,326],[-445,11],[-271,-152],[-411,-283],[-403,-271],[-384,-239],[-499,-294],[-253,-108],[-359,-109],[-489,-44],[-542,142],[-385,163],[-184,130],[-402,294],[-280,195],[-533,174],[-446,-22],[-349,-108],[-289,-229],[-262,-586],[-35,-326],[26,-402],[26,-348],[88,-457],[78,-478],[62,-456],[17,-380],[-9,-381],[-140,-597],[-131,-283],[-323,-467],[-289,-207],[-236,-108],[-297,-87],[-533,-109],[-324,-33],[-358,-43],[-359,0],[-323,43],[-499,131],[-297,174],[-297,391],[-245,402],[-122,293],[-201,522],[-175,500],[-123,391],[-183,587],[-149,413],[-131,239],[-245,326],[-341,282],[-271,163],[-533,109],[-490,-54],[-262,-152],[-341,-240],[-367,-326],[-560,-489],[-481,-423],[-244,-131],[-324,-108],[-288,-66],[-490,22],[-446,239],[-323,457],[-263,521],[-122,348],[-271,630],[-105,294],[-271,380],[-498,272],[-324,54],[-420,-98],[-314,-293],[-219,-294],[-236,-467],[-227,-663],[-184,-619],[-157,-500],[-175,-522],[-245,-510],[-411,-565],[-114,-163],[-769,-1120],[-52,-97],[-350,-707],[-184,-358],[-1031,-1674],[-2151,-3075],[-114,-359],[-70,-467],[70,-608],[175,-609],[175,-587],[114,-630],[43,-848],[-70,-619],[-96,-380],[-166,-402],[-184,-250],[-437,-218],[-472,11],[-315,87],[-306,131],[-367,250],[-437,369],[-446,467],[-280,391],[-437,283],[-384,87],[-298,11],[-306,-120],[-288,-228],[-210,-369],[-210,-642],[-245,-1130],[-78,-391],[-123,-521],[-192,-511],[-210,-315],[-236,-326],[-393,-402],[-236,-218],[-508,-260],[-428,-131],[-481,-152],[-612,-261],[-1014,-456],[-647,-337],[-463,-261],[-464,-369],[-341,-326],[-262,-305],[-245,-336],[-166,-326],[-157,-424],[-201,-641],[-175,-576],[-219,-489],[-236,-402],[-157,-250],[-245,-381],[-271,-347],[-184,-218],[-244,-239],[-236,-184],[-263,-196],[-411,-206],[-384,-98],[-394,-22],[-516,217],[-419,381],[-236,467],[-105,424],[-88,619],[-17,467],[-53,620],[-43,434],[-62,870],[-61,543],[-61,326],[-87,391],[-140,402],[-271,554],[-201,326],[-236,359],[-280,391],[-315,457],[-306,380],[-376,522],[-271,402],[-149,304],[-70,358],[-17,326],[79,392],[157,271],[262,229],[411,10],[507,-173],[245,-163],[595,-544],[664,-576],[201,-174],[367,-326],[411,-347],[333,-207],[376,-174],[288,-119],[324,-87],[297,-22],[297,22],[437,185],[297,260],[228,359],[157,511],[18,478],[-53,358],[-192,370],[-297,326],[-359,282],[-288,196],[-420,293],[-507,457],[-201,250],[-201,380],[-140,391],[-158,402],[-227,370],[-280,434],[-218,218],[-411,282],[-271,174],[-359,174],[-218,98],[-324,119],[-437,76],[-516,66],[-306,21],[-411,-10],[-349,-44],[-595,-76],[-402,11],[-551,76],[-315,87],[-358,185],[-437,402],[-367,500],[-132,358],[-70,467],[35,315],[140,392],[298,489],[332,326],[315,260],[507,337],[795,555],[490,304],[446,282],[349,250],[298,283],[411,402],[306,369],[236,359],[175,261],[183,358],[184,413],[113,283],[18,597],[-157,446],[-202,206],[-323,131],[-280,-22],[-367,-87],[-428,-152],[-149,-65],[-638,-228],[-376,-87],[-367,-55],[-534,-21],[-446,0],[-463,10],[-367,33],[-455,98],[-795,185],[-385,43],[-621,22],[-385,-44],[-367,0],[-341,66],[-402,315],[-157,260],[-105,576],[61,522],[70,250],[192,500],[219,478],[288,684],[236,566],[175,423],[201,402],[219,283],[236,228],[367,348],[402,304],[403,228],[402,207],[306,130],[402,120],[420,141],[332,76],[498,98],[324,65],[367,130],[323,163],[446,337],[289,337],[105,413],[-9,359],[-271,423],[-332,218],[-490,119],[-551,55],[-638,76],[-323,65],[-429,119],[-367,185],[-411,326],[-323,370],[-245,434],[-201,435],[-219,587],[-17,489],[43,293],[140,402],[271,283],[481,32],[367,-87],[507,-174],[429,-163],[323,-163],[228,-108],[393,-141],[455,-44],[323,87],[402,337],[149,304],[61,402],[-44,544],[-139,326],[-543,934],[-410,717],[-254,489],[-192,467],[-149,457],[-70,489],[-9,358],[35,413],[184,663],[201,587],[201,598],[219,554],[236,815],[78,467],[9,315],[-131,641],[-140,402],[-253,446],[-341,315],[-341,359],[-263,260],[-253,294],[-324,348],[-393,184],[-411,-152],[-376,-467],[-271,-456],[-236,-555],[-280,-956],[-183,-902],[-140,-869],[-27,-141],[-43,-1370],[0,-217],[43,-1456],[-8,-500],[-184,-358],[-166,-185],[-324,-250],[-297,-261],[-358,-261],[-402,-337],[-263,-250],[-358,-249],[-227,-120],[-473,22],[-306,315],[-78,315],[-53,543],[26,609],[88,1293],[0,11],[-9,793],[-35,326],[-148,435],[-245,489],[-175,304],[-568,1011],[-2274,3716],[-830,1652],[-184,402],[-699,1717],[-201,282],[-193,217],[-463,424],[-254,218],[-236,206],[-410,380],[-525,511],[-192,207],[-324,326],[-463,478],[-577,554],[-333,282],[-472,337],[-341,174],[-830,283],[-411,119],[-289,109],[-926,435],[-604,325],[-804,337],[-490,120],[-1364,109],[-751,76],[-630,76],[-787,163],[-892,195],[-638,131],[-411,76],[-498,-44],[-271,-380],[-402,369],[-420,413],[-35,370],[-262,304],[-227,391],[-53,348],[-44,554],[-105,435],[-52,282],[-140,402],[-245,435],[-131,228],[-140,391],[-157,229],[-26,467],[-175,359],[-53,434],[-148,467],[-96,565],[-158,652],[-350,316],[-52,423],[-79,533],[-131,532],[-315,370],[53,348],[105,402],[-61,293],[-140,445],[-446,153],[-551,0],[-280,358],[61,304],[70,533],[-253,522],[-245,282],[-184,489],[-498,293],[-210,446],[-175,250],[-218,380],[-228,457],[-87,652],[131,434],[-253,468],[-289,-44],[-507,-185],[-463,359],[-123,467],[-271,576],[-26,500],[297,402],[534,761],[70,97],[507,739],[43,66],[368,554],[507,728],[393,576],[542,815],[455,402],[568,837],[79,586],[-88,1315],[-61,793],[-87,489],[-123,218],[-376,695],[-131,228],[-367,663],[-114,315],[-201,576],[-358,1109],[-9,65],[-219,913],[-8,652],[280,2216],[34,272],[0,11],[315,902],[114,217],[253,457],[341,499],[324,457],[262,348],[656,771],[1136,1337],[9,11],[691,749],[533,1098],[88,467],[175,967],[61,457],[0,619],[-123,478],[-227,522],[-280,554],[-341,500],[-253,358],[-158,305],[27,456],[-27,380],[-122,533],[-53,641],[-201,456]]],"bbox":[103.09685,16.18169,104.24063,17.10195],"transform":{"scale":[0.0000011437811437811362,9.202609202609192e-7],"translate":[103.09685,16.18169]}}