{"type":"Topology","objects":{"districts":{"type":"GeometryCollection","geometries":[{"type":"Polygon","arcs":[[0,1,2,3,4,5,6]],"properties":{"CODE":"6001","PARENT":"60","NAME_TH":"เมืองนครสวรรค์","NAME_EN":"Mueang Nakhon Sawan","NAME_CN":"Mueang Nakhon Sawan","COLOR_IDX":0}},{"type":"Polygon","arcs":[[7,8,-5]],"properties":{"CODE":"6002","PARENT":"60","NAME_TH":"โกรกพระ","NAME_EN":"Krok Phra","NAME_CN":"Krok Phra","COLOR_IDX":3}},{"type":"Polygon","arcs":[[9,10,-2,11,12]],"properties":{"CODE":"6003","PARENT":"60","NAME_TH":"ชุมแสง","NAME_EN":"Chum Saeng","NAME_CN":"Chum Saeng","COLOR_IDX":3}},{"type":"Polygon","arcs":[[13,14,-10,15]],"properties":{"CODE":"6004","PARENT":"60","NAME_TH":"หนองบัว","NAME_EN":"Nong Bua","NAME_CN":"Nong Bua","COLOR_IDX":1}},{"type":"Polygon","arcs":[[16,-7,17,18]],"properties":{"CODE":"6005","PARENT":"60","NAME_TH":"บรรพตพิสัย","NAME_EN":"Banphot Phisai","NAME_CN":"Banphot Phisai","COLOR_IDX":3}},{"type":"Polygon","arcs":[[-12,-1,-17,19]],"properties":{"CODE":"6006","PARENT":"60","NAME_TH":"เก้าเลี้ยว","NAME_EN":"Kao Liao","NAME_CN":"Kao Liao","COLOR_IDX":2}},{"type":"Polygon","arcs":[[20,21,22]],"properties":{"CODE":"6007","PARENT":"60","NAME_TH":"ตาคลี","NAME_EN":"Takhli","NAME_CN":"Takhli","COLOR_IDX":0}},{"type":"Polygon","arcs":[[23,24,25,-3,-11,-15]],"properties":{"CODE":"6008","PARENT":"60","NAME_TH":"ท่าตะโก","NAME_EN":"Tha Tako","NAME_CN":"Tha Tako","COLOR_IDX":2}},{"type":"Polygon","arcs":[[26,27,-24,-14]],"properties":{"CODE":"6009","PARENT":"60","NAME_TH":"ไพศาลี","NAME_EN":"Phaisali","NAME_CN":"Phaisali","COLOR_IDX":0}},{"type":"Polygon","arcs":[[-26,28,-23,29,-8,-4]],"properties":{"CODE":"6010","PARENT":"60","NAME_TH":"พยุหะคีรี","NAME_EN":"Phayuha Khiri","NAME_CN":"Phayuha Khiri","COLOR_IDX":1}},{"type":"Polygon","arcs":[[-18,-6,30,31,32,33]],"properties":{"CODE":"6011","PARENT":"60","NAME_TH":"ลาดยาว","NAME_EN":"Lat Yao","NAME_CN":"Lat Yao","COLOR_IDX":2}},{"type":"Polygon","arcs":[[-25,-28,34,-21,-29]],"properties":{"CODE":"6012","PARENT":"60","NAME_TH":"ตากฟ้า","NAME_EN":"Tak Fa","NAME_CN":"Tak Fa","COLOR_IDX":3}},{"type":"Polygon","arcs":[[-33,35,36,37]],"properties":{"CODE":"6013","PARENT":"60","NAME_TH":"แม่วงก์","NAME_EN":"Mae Wong","NAME_CN":"Mae Wong","COLOR_IDX":0}},{"type":"Polygon","arcs":[[38,39,-37]],"properties":{"CODE":"6014","PARENT":"60","NAME_TH":"แม่เปิน","NAME_EN":"Mae Poen","NAME_CN":"Mae Poen","COLOR_IDX":2}},{"type":"Polygon","arcs":[[-32,40,-39,-36]],"properties":{"CODE":"6015","PARENT":"60","NAME_TH":"ชุมตาบง","NAME_EN":"Chum Ta Bong","NAME_CN":"Chum Ta Bong","COLOR_IDX":1}}]}},"arcs":[[[519132,697384],[263,-272],[200,-351],[120,-237],[103,-263],[132,-439],[137,-561],[252,-895],[138,-360],[223,-298],[183,-264],[137,-131],[264,26],[148,-483],[52,-386],[143,-421],[103,-298],[126,-220],[303,-254],[183,-70],[269,-44],[246,-62],[527,-158],[166,-70],[263,-254],[246,-334],[212,-351],[212,-403],[40,-158],[108,-772],[63,-395],[-74,-404],[-195,-149],[-171,-377],[126,-430],[549,-1211],[109,-211],[200,-228],[338,-70],[223,-150],[63,-236],[97,-553],[69,-264],[212,-254],[257,26],[189,132],[160,158],[155,298],[69,211],[188,281],[349,87],[252,-70],[201,-193],[497,-588],[166,-158],[178,-149],[217,-123],[212,-202],[115,-228],[583,-1140],[744,-1396],[847,-1623],[1420,-2755],[772,-1361],[1322,-2114],[321,272],[217,342],[246,184],[172,193],[206,158],[206,220],[281,219],[211,193],[235,97],[292,43],[206,-79],[217,-70],[183,-254],[206,-202],[195,-316],[149,-228],[143,-176],[280,-403],[178,-237],[108,-456],[52,-518],[40,-448],[52,-991],[166,-123],[314,131],[189,167],[326,158],[287,70],[228,62],[355,105],[183,53],[601,52],[1282,27],[802,35],[618,26],[452,9],[423,26],[315,9],[618,-360],[23,-9],[429,123],[206,62],[286,61],[435,105],[269,53],[206,44],[252,53],[286,79],[309,96],[264,97],[206,26],[211,9],[298,-176],[252,-96],[154,-70],[298,35],[235,17],[641,-149],[383,-140],[424,-62],[131,-509],[-11,-254],[80,-307],[172,-132],[280,-105],[206,-158],[320,-351],[161,-255],[154,-465],[12,-403],[103,-457],[171,-421],[269,-114],[6164,1246],[1265,632],[1625,518],[2135,561],[652,35],[510,27],[194,175],[281,97],[549,87],[1168,-6730],[1511,851],[263,123],[303,105],[384,114],[68,44],[407,342],[103,71],[629,-53],[115,342],[143,158],[234,44],[361,-53],[303,-193],[235,0],[280,220],[361,44],[212,52],[291,70],[155,-17],[257,-70],[281,-132],[269,-70],[1133,219],[1580,299],[457,158],[493,193],[503,324],[143,474],[361,1027],[183,-44],[366,-176],[716,71],[732,52],[263,27],[973,579],[2313,1316],[171,53],[1093,-9],[161,0],[1585,561],[406,255],[281,167],[2111,44],[1271,184],[86,-1545],[858,-122],[29,-378],[257,-140],[355,-167],[46,88],[-155,1009],[-51,807],[-11,553],[5,342],[0,395],[12,606],[0,307],[-92,474],[240,131],[207,-158],[171,-17],[1992,-106],[1007,88],[412,-79],[326,-123],[487,-447],[286,-632],[240,-342],[212,-114],[275,-70],[383,8],[309,0],[361,-26],[378,-114],[904,-316],[343,-228],[670,-290],[429,-35],[521,18],[606,44],[195,-18],[263,-149],[241,-149],[326,-114],[509,-220],[223,-52],[195,-9],[298,263],[286,-105],[223,26],[252,202],[274,132],[138,-404],[189,17],[194,-210],[143,-167],[178,-272],[149,-333],[63,-316],[-41,-272],[126,-290],[218,-158],[257,-61],[138,-9],[240,-35],[172,-316],[183,-167],[298,185],[137,114],[240,0],[195,123],[320,-36],[315,-245],[183,-35],[281,26],[160,-219],[229,-264],[183,-35],[189,-254],[234,0],[189,210],[92,220],[189,377],[108,307],[86,211],[321,61],[263,-149],[200,149],[235,-219],[258,-70],[211,-62],[286,158],[201,-298],[200,245],[177,211],[241,-342],[51,-421],[332,-150],[224,273],[228,26],[247,-263],[223,-123],[297,193],[178,-281],[34,-377],[177,-360],[327,-606],[131,-272]],[[620206,665636],[-80,-412],[-51,-456],[0,-536],[45,-465],[115,-640],[343,-1194],[69,-412],[0,-228],[-103,-404],[-97,-210],[-241,-229],[-183,-17],[-1408,228],[-206,-9],[-269,-184],[-148,-272],[-132,-386],[-80,-378],[-35,-587],[-11,-474],[-6,-220],[-103,-3668],[6,-386],[51,-386],[121,-403],[126,-246],[131,-176],[412,-456],[212,-307],[57,-316],[-40,-395],[-74,-272],[-166,-298],[-155,-202],[-297,-176],[-344,44],[-189,62],[-263,158],[-801,596],[-418,290],[-229,88],[-206,-27],[-269,-210],[-183,-457],[-51,-456],[-321,-5958],[-6,-1000],[18,-457],[183,-368],[280,-307],[315,-79],[223,-18],[206,-17],[178,-97],[177,-132],[212,-70],[297,62],[149,184],[86,254],[132,413],[223,272],[189,0],[246,-132],[246,-245],[126,-115],[240,-35],[807,272],[1202,316],[229,0],[194,-35],[166,-61],[189,-79],[201,-97],[314,-272],[418,-570],[235,-299],[286,-201],[223,122],[97,211],[29,377],[-40,869],[-6,263],[23,378],[160,360],[286,447],[144,395],[91,316],[80,368],[218,413],[749,623],[132,131],[979,1097],[154,132],[241,149],[417,228],[676,255],[452,123],[275,26],[188,9],[212,-53],[166,-70],[172,-167],[194,-272],[63,-544],[-28,-325],[-17,-359],[85,-474],[149,-141],[269,-87],[258,-27],[200,35],[195,88],[223,158],[772,895],[201,202],[143,132],[206,131],[246,70],[275,62],[332,17],[263,-8],[263,-18],[298,-53],[566,-210],[1093,-430],[533,-246],[309,-114],[326,-96],[378,-53],[137,44],[761,193],[2438,596],[2038,457],[2003,430],[778,281],[1620,754],[-35,-254],[-57,-711],[-6,-290],[17,-403],[46,-316],[57,-342],[121,-553],[91,-351],[115,-342],[103,-343],[137,-412],[137,-307],[321,-720],[-1500,-4194],[-612,-1141],[-3027,-7687],[-350,-781],[69,-412],[40,-465],[6,-501],[23,-1246],[-12,-324],[-34,-360],[-51,-448],[-41,-236],[-85,-457],[-92,-342],[-132,-395],[-137,-316],[-458,-798],[-166,-343],[-131,-403],[-298,-1545],[-332,-1272],[-143,-439],[-172,-553],[-57,-280],[-23,-307],[6,-395],[23,-211],[51,-412],[52,-255],[86,-307],[143,-395],[389,-807],[492,-1132],[263,-360],[246,-237],[447,-386],[252,-140],[223,-88],[280,-97],[246,-87],[235,-79],[177,-27],[556,-44],[486,9],[326,-9],[229,-1149],[1545,-3378],[790,-3300],[864,-3124],[1008,-3966],[709,-2404],[304,-992],[354,-807],[1088,-2133],[1093,-2334],[1099,-2404],[211,-281],[1134,-1018],[1316,-1176],[1230,-1000],[344,-333],[383,-615],[469,-895],[1403,-2702],[950,-2063],[698,-1825],[498,-1439],[2203,-6993],[13226,-1045],[2329,-359],[1654,-352],[1603,-219],[2043,-526],[1242,-395],[1677,-562]],[[688391,563934],[286,-6256],[-6,-641],[23,-1141],[6,-895],[0,-1035],[-109,-448],[-80,-307],[-132,-948],[-137,-974],[-149,-833],[-80,-483],[-46,-404],[0,-833],[6,-53],[401,-88],[45,-70],[109,-1132],[338,-2808],[5,-228],[-143,-3124],[-34,-623],[-23,-561],[17,-790],[6,-588],[0,-413],[-40,-456],[-109,-456],[-486,-1896],[-229,-1149],[-550,-2457],[-68,-474],[-75,-991],[63,-150],[2101,-228],[2586,-245],[155,-246],[-29,-342],[-17,-281],[-28,-281],[-69,-439],[-74,-281],[28,-552],[-6,-395],[-11,-211],[-34,-474],[-63,-517],[-46,-553],[-17,-264],[0,-298],[-17,-570],[-6,-316],[0,-369],[-6,-254],[-17,-492],[-23,-263],[-23,-333],[-17,-518],[40,-553],[229,-360],[229,-61],[200,-9],[235,53],[252,70],[80,-518],[-63,-438],[-23,-150],[-52,-473],[235,-351],[223,-62],[69,-395],[-69,-746],[-40,-526],[-28,-281],[-35,-316],[-46,-316],[-97,-570],[-109,-702],[-97,-781],[-34,-237],[-35,-325],[-11,-272],[-6,-825],[6,-517],[6,-395],[-6,-263],[933,-79],[807,-71],[1408,-122],[326,-27],[1860,-158],[412,-44],[360,-17],[252,-35],[132,-35],[229,-97],[315,-281],[120,-158],[212,-324],[228,-351],[161,-255],[166,-281],[137,-228],[355,-640],[297,-544],[235,-430],[166,-290],[298,-535],[509,-913],[246,-465],[389,-719],[487,-878],[480,-860],[767,-1395],[315,-579],[281,-509],[2489,-4528],[2696,-4809],[1419,-2518],[624,-1115],[326,-570],[92,-175],[766,-1334],[309,-579],[424,-755],[378,-667],[1711,-3036]],[[716737,479782],[-223,-290],[-321,-333],[-755,-825],[-1093,-1158],[-126,-264],[-103,-394],[-578,-2177],[-109,-210],[-1282,-2440],[-154,-491],[-132,-316],[-286,88],[-103,-746],[-63,-500],[-92,-211],[-177,-368],[-573,-904],[-320,-483],[-509,-807],[-544,-860],[-590,-790],[-125,-44],[-252,-61],[-693,-456],[-223,-123],[-217,-114],[-292,-97],[-281,-70],[-303,-44],[-778,-1808],[-189,-412],[-544,-825],[-320,-526],[-264,-536],[17,-245],[-280,-825],[-217,-211],[-315,-88],[-344,-175],[-91,-535],[-189,-211],[-280,-44],[-143,-79],[-344,-219],[-154,-88],[-304,-61],[-675,298],[-527,228],[-223,9],[-160,-1325],[11,-1027],[41,-588],[62,-544],[41,-114],[200,-325],[97,-236],[86,-430],[240,-167],[143,-53],[0,-465],[-91,-202],[-298,-324],[-292,-62],[-257,-105],[-183,9],[-224,70],[-143,-62],[-269,-236],[-240,-158],[-229,-53],[-292,-333],[-252,-150],[-137,-316],[-246,-342],[-361,9],[-263,53],[-326,-123],[-258,-53],[-166,-228],[-932,-904],[-779,-807],[-915,-1237],[-155,-167],[-303,-255],[-332,-201],[-229,0],[-355,105],[-275,184],[-389,386],[-194,237],[-1357,1790],[-223,369],[-435,1035],[-149,632],[-86,763],[-34,1141],[-57,825],[-235,1193],[-68,799],[74,772],[349,1588],[40,448],[-57,535],[-103,343],[-206,-18],[-6130,-772],[-1711,-149],[-343,26],[-229,272],[-57,254],[-75,3142],[-108,2211],[-98,456],[-681,1791],[-463,1544],[-212,816],[-252,1211],[-6,61],[-223,1694],[-120,1501],[-6,2053],[143,1930],[269,3449],[35,158],[360,-18],[155,114],[-206,948],[-29,202],[6,798],[23,2984],[11,1325],[-114,1887],[-63,1105],[-52,1703],[0,702],[-28,193],[-115,359],[-40,211],[-57,377],[-80,220],[-475,702],[-29,61],[-189,421],[-114,386],[-46,378],[-29,544],[0,974],[-17,772],[-63,579],[-137,904],[-670,4352],[-200,457],[-217,105],[-1471,474],[-2238,658],[-2129,509],[-217,114],[-246,237],[-458,526],[-784,904],[-2324,1957],[143,255],[143,324],[223,369],[252,289],[138,281],[154,474],[-103,351],[-824,44],[-366,-44],[-321,-53],[-114,0],[-481,-8],[-286,26],[-263,35],[-201,-53],[-458,-307],[-97,-52],[-309,-106],[-383,-35],[-395,70],[-178,62],[-383,175],[-321,193],[-972,694],[-247,193],[-229,184],[-148,0],[-218,-53],[-320,-166],[-212,-185],[-315,-35],[-280,70],[-246,-105],[-332,-219],[-309,-237],[-189,-79],[-183,-193],[-327,-149],[-240,149],[-366,219],[-229,-219],[63,-342],[103,-369],[-80,-307],[-212,-237],[-206,-360],[-200,-316],[-149,-184],[-240,-53],[-195,106],[-212,44],[-263,-106],[-166,-79],[-206,18],[-155,96],[-217,-44],[-223,-210],[-298,52],[-206,-236],[-97,-343],[-212,-149],[-315,9],[-189,158],[-188,-325],[-149,-377],[-115,-26],[-257,-272],[-103,-18],[-470,281],[-337,149],[-246,-53],[-235,88],[-343,53],[-212,-53],[-246,-44],[-183,0],[-252,-210],[-183,-18],[-344,167],[-234,105],[-161,-377],[-246,-228],[-160,-36],[-200,-193],[-172,-456],[-172,-263],[-154,-44],[-200,-149],[-166,-228],[-258,-220],[-166,-263],[-86,-228],[0,-430],[-148,-246],[-155,-237],[-183,-386],[-92,-307],[120,-386],[-165,-412],[-75,-237],[-57,-465],[-183,-167],[-229,-351],[-166,-263],[-212,35],[-235,-106],[-125,-289],[-235,-378],[-240,88],[-687,-482],[-155,-114],[-86,-448],[-114,-641],[-92,-359],[6,-220],[-91,-517],[-115,-457],[-280,44],[-149,-123],[-172,-184],[-200,-193],[-155,-176],[-309,202],[-229,18],[-234,202],[-229,210],[-206,53],[-195,-132],[-257,123],[-321,-88],[-246,-193],[-154,-263],[-172,-316],[-326,114],[-206,-395],[-35,-333],[-229,-228],[-80,-290],[269,-535],[12,-167],[-292,-342],[-132,-369],[-57,-324],[-137,-448],[-212,-79],[-263,-289],[-155,-193],[-149,-193],[-68,-422],[-126,-552],[-246,-167],[-126,-141],[-92,-351],[-275,-114],[-137,-175],[-252,-70],[-126,-299],[143,-280],[-360,-237],[-212,-150],[-189,-201],[-120,-158],[-206,-150],[-223,-263],[-149,-272],[-263,-333],[-132,-97],[-177,-526],[-12,-536],[29,-359],[17,-351],[-69,-483],[86,-281],[-120,-491],[-6,-299],[75,-386],[103,-140],[137,-430],[6,-325],[114,-377],[160,-377],[-85,-448],[85,-351],[12,-246],[-6,-324],[-74,-430],[-6,-228],[57,-404],[149,-158],[235,-9],[91,-342],[-34,-509],[-57,-325],[-92,-289],[-217,-290],[131,-509],[-57,-333],[-126,-281],[-91,-342],[34,-518],[-149,-333],[-200,-316],[-126,-255],[-172,-131],[-286,114],[-177,-299],[-138,-877],[-143,-79],[-292,44],[-154,158],[-246,-272],[-40,-500],[-161,-229],[-331,-87],[-109,-334],[-309,-684],[-275,-255],[-195,167],[69,369],[-286,254],[-183,79],[-258,202],[-240,263],[-166,202],[-183,140],[-195,149],[-189,18],[-177,202],[-132,210],[-251,-184],[-338,184],[-286,395],[-161,176],[-171,79],[-252,-53],[-195,-263],[-188,44],[-281,-255],[-206,27],[-298,-114],[-246,105],[-194,26],[-189,-70],[-177,167],[-229,430],[-275,166],[-195,53],[-343,158],[-343,351],[-424,456],[-235,193],[-120,158],[-189,395],[-274,220],[-292,-211],[-286,-395],[-63,-70],[-235,-360],[-189,-167],[-320,9],[-292,-149],[-235,-35],[-229,140],[-257,246],[-361,35],[-303,-96],[-321,-71],[-326,167],[-28,18],[-527,324],[-189,88],[-584,246],[-332,87],[-423,44],[-132,53],[-532,544],[-647,685],[-509,429],[-137,53],[-292,-9],[-201,-105],[-297,-237],[-229,-70],[-332,9],[-435,254],[-269,184],[-956,896],[-509,561],[-103,114],[-229,255],[-315,272],[-177,210],[-6,272],[97,281],[52,404],[-229,333],[-223,149],[-200,272],[-86,79],[-321,229],[-549,359],[-510,193],[-246,27],[-286,8],[-595,-96],[-561,-158],[-996,-553],[-463,-158],[-298,9],[-372,158],[-383,316],[-492,658],[-218,369],[-172,351],[-80,429],[-63,369],[-17,290],[12,693],[22,447],[18,150],[114,640],[177,667]],[[603878,489566],[-17,1939],[-57,483],[-229,895],[-355,1386],[-63,202],[-148,606],[-92,474],[-74,824],[-115,430],[-149,246],[-143,176],[-194,158],[-241,157],[-360,308],[-349,430],[-149,70],[-212,-167],[-177,-140],[-201,-53],[-234,0],[-264,-61],[-188,-9],[-287,61],[-137,-52],[-235,-18],[-131,53],[-235,131],[-223,158],[-263,141],[-258,17],[-131,27],[-435,61],[-281,61],[-286,-17],[-212,-26],[-143,-325],[23,-281],[63,-333],[29,-264],[-35,-324],[241,-307],[68,-518],[-251,-246],[-138,-17],[-229,-97],[-200,-96],[-240,-53],[-332,-70],[-121,-27],[-251,-8],[-281,-71],[-143,-184],[-200,-263],[-716,-79],[-211,-18],[-292,-52],[-183,-44],[-206,-35],[-161,17],[-291,27],[-338,0],[-401,-9],[-189,-53],[-206,-53],[-343,167],[-195,114],[-143,106],[-206,105],[-280,88],[-160,61],[-309,132],[-206,52],[-212,71],[-366,87],[-327,114],[-503,150],[-229,61],[-258,53],[-360,96],[-321,105],[-189,53],[-194,53],[-269,70],[-206,44],[-160,307],[-189,53],[-304,79],[-440,105],[-132,53],[-189,263],[-246,281],[-338,201],[-257,71],[-178,26],[-280,17],[-275,36],[-286,-27],[-154,-70],[-315,-263],[-183,-158],[-223,-237],[-218,-184],[-212,-114],[-280,-141],[-401,-114],[-320,-79],[-304,-61],[-165,-62],[-304,-517],[-257,-220],[-344,-623],[-435,-754],[-103,-290],[-320,-246],[-418,0],[-195,-79],[-343,-614],[-137,-97],[-1935,-491],[149,-518],[69,-377],[206,-1413],[126,-1632],[-1494,1255],[-206,140],[-492,167],[-269,18],[-189,-44],[-435,-18],[-326,-202],[-315,-570],[-246,-228],[-321,-246],[-291,35],[-378,413],[-160,193],[-149,123],[-733,552],[-154,220],[-155,605],[-34,299],[-17,1149],[-29,342],[-34,369],[-29,237],[-63,333],[-23,272],[-126,518],[-45,272],[-29,298],[-40,360],[-57,316],[-269,1079],[-533,1896],[-246,640],[-280,685],[-252,518],[-206,333],[-149,132],[-612,544],[-527,324],[-755,518],[-229,211],[-355,-27],[-223,9],[-429,44],[-201,-53],[-291,-175],[-143,-35],[-464,-18],[-160,-17],[-275,-97],[-154,-123],[-201,-158],[-996,-561],[-246,-158],[-149,-465],[86,-290],[-63,-333],[-818,-966],[-252,-158],[-286,-87],[-200,-167],[-292,-360],[-155,-167],[-251,-184],[-968,-588],[-1270,-1044],[-183,-114],[-1500,-632],[-372,-105],[-606,-132],[-361,-52],[-361,-53],[-360,-35],[-286,-44],[-813,-18],[-870,-8],[-532,35],[-160,17],[-206,53],[-401,140],[-1488,720],[-1173,702],[-447,298],[-211,202],[-246,263],[-184,211],[-228,325],[-470,842],[-1602,3528],[-653,1684],[-412,1422],[-274,1448],[-103,640],[-63,685],[-195,3492],[-23,2010],[75,798],[85,404],[143,395],[510,1079],[898,2194],[779,2115],[303,903],[109,466],[68,447],[52,377],[23,501],[23,921],[211,1483],[653,2720],[401,1255],[251,465],[235,202],[206,70],[172,-9],[223,-79],[235,-158],[280,-289],[246,-465],[223,-448],[223,-623],[92,-500],[97,-1053],[69,-1544],[40,-588],[115,-676],[372,-2009],[429,-3432],[274,-1386],[275,-1044],[510,-1580],[434,-1149],[458,-886],[653,-878],[858,-921],[595,-430],[670,-281],[567,-114],[772,-18],[807,123],[504,149],[566,351],[744,869],[561,720],[166,359],[109,448],[51,526],[-28,799],[-69,763],[-120,509],[-149,421],[-149,395],[-137,623],[-441,2993],[-183,1070],[-126,579],[46,343],[223,166],[103,228],[6,1176],[-29,316],[-234,334],[-172,210],[-80,211],[-389,2825],[-138,1150],[-257,2106],[-80,1035],[-52,1036],[6,667],[69,1158],[137,1167],[120,781],[63,439],[29,316],[46,333],[45,272],[109,246],[544,632],[149,386],[-155,430],[-114,123],[-201,166],[-149,334],[-91,640],[-109,307],[-183,229],[-343,87],[-229,-70],[-212,141],[-326,52],[-676,-983],[-160,-149],[-217,-79],[-264,44],[-194,158],[-103,176],[-395,851],[-86,228],[-74,430],[-17,272],[-6,439],[-115,333],[-211,246],[-304,246],[-177,315],[-269,773],[-120,228],[-166,210],[-298,264],[-275,272],[-188,280],[-132,351],[-172,501],[-143,377],[-235,158],[-148,-123],[-195,-316],[-120,-333],[-23,-404],[-109,-325],[-120,-122],[-309,-185],[-137,-70],[-235,0],[-269,255],[-126,394],[-217,176],[-149,237],[-6,430],[166,439],[241,895],[97,228],[154,219],[161,176],[160,237],[-126,430],[-115,377],[-137,149],[-223,61],[-263,88],[-275,141],[-446,456],[-132,254],[-601,272],[29,544],[-143,97],[-744,-281],[-155,-456],[-63,-1132],[-217,-88],[-109,-930],[-103,-9],[-653,404],[-297,-53],[-515,-123],[-206,-70],[-332,-26],[-286,-44],[-269,-35],[-195,44],[-349,-35],[-269,-193],[-235,-88],[-383,-167],[-178,-70],[-257,17],[-178,194],[-280,-290],[-143,-456],[-6,-360],[0,-386],[-423,-316],[-149,-62],[-246,0],[-475,106],[-733,333],[-103,18],[-257,-878],[-189,-219],[-229,70],[-269,158],[-246,193],[-252,105],[-458,97],[-366,44],[-160,-158],[11,-843],[0,-368],[-17,-290],[-263,-123],[-252,97],[-212,53],[-469,219],[-395,167],[-223,105],[-326,114],[-178,53],[-252,123],[-389,201],[-830,474],[-309,193],[-314,264],[-247,201],[-160,202],[-275,360],[-572,281],[-297,219],[-321,193],[-280,176],[-435,228],[-590,272],[-400,175],[-275,97],[-321,140],[-309,202],[-217,132],[-212,123],[-309,201],[-120,79],[-240,106],[-247,70],[-246,35],[-343,-18],[-383,0],[-338,-35],[-292,-149],[-206,-149],[-189,-175],[-143,-115],[-326,-149],[-223,-17],[-327,44],[-188,17],[-252,-9],[-155,-8],[-269,-62],[-343,-96],[-372,-106],[-286,-166],[-1128,-404],[-303,-88],[-424,-202],[-446,-289],[-458,-299],[-406,-210],[-498,-255],[-263,-149],[-218,-105],[-246,-132],[-166,-44],[-275,-122],[-274,-167],[-275,-202],[-246,-193],[-326,-132],[-275,44],[-177,114],[-189,88],[-212,88],[-160,61],[-229,62],[-246,342],[-195,184],[-463,351],[-201,220],[-143,272],[-223,342],[-195,439],[-469,429],[-252,-52],[-320,-114],[-200,579],[-35,307],[-40,298],[-172,334],[-194,-62],[-155,-280],[-257,105],[-155,158],[-280,53],[-178,17],[-148,272],[-75,298],[-212,290],[-246,114],[-154,18],[-235,-132],[-194,149],[-241,237],[-166,167],[-177,193],[-315,35],[-69,-18],[-263,-938],[-46,-281],[-206,-1123],[-85,-299],[-126,-360],[-212,-307],[-166,-158],[-137,-307],[-470,-1184],[-11,-88],[-52,-965],[-194,-36],[-910,71],[-212,26],[-223,9],[-349,17],[-235,0],[-412,18],[-847,35],[-1643,149],[-463,18],[-109,-27],[-509,-289],[-710,-535],[-292,-18],[-126,61],[-406,264],[-338,87],[-229,-43],[-303,-167],[-206,-360],[-235,-228],[-566,-316],[-103,-9],[-1002,-167],[-246,9],[-252,167],[-503,1062],[-200,272],[-201,210],[-223,106],[-412,17],[-590,0],[-755,-158],[-538,53],[-921,342],[-544,184],[-790,185],[-824,35],[-601,-79],[-423,-193],[-573,-869],[-1150,-1992],[-549,-404]],[[484376,544655],[-184,1598],[-108,2544],[-46,1299],[-86,1220],[-177,921],[-92,246],[-183,500],[-1768,2431],[-332,570],[-52,518],[178,579],[28,79],[172,614],[160,1115],[52,377],[45,325],[218,640],[349,676],[280,474],[1139,1904],[86,316],[63,324],[34,369],[12,395],[-35,324],[-103,448],[-103,254],[-154,387],[-120,482],[-52,474],[-23,456],[-57,422],[-120,552],[-109,474],[-183,597],[-91,237],[-81,298],[-5,492],[34,605],[57,483],[29,324],[34,360],[6,386],[-17,360],[-63,439],[-109,412],[-132,518],[-11,368],[40,299],[86,298],[80,281],[97,298],[63,228],[69,404],[57,342],[69,255],[126,246],[206,377],[126,456],[51,298],[40,308],[40,289],[40,360],[0,246],[0,368],[115,413],[223,149],[298,96],[320,193],[263,272],[269,369],[161,246],[194,280],[195,220],[229,228],[223,193],[275,219],[223,132],[240,123],[303,105],[241,53],[223,26],[195,35],[263,35],[194,71],[241,201],[154,114],[327,123],[326,-8],[252,-53],[303,0],[504,167],[251,184],[184,167],[154,254],[200,413],[126,359],[132,421],[40,132],[206,878],[29,544],[-18,386],[-91,412],[-155,439],[-154,641],[-63,438],[-57,334],[-86,263],[-149,281],[-132,193],[-143,412],[-57,395],[-280,1211],[-86,456],[0,299],[-132,465],[-149,202],[-74,473],[40,378],[-57,246],[-52,342],[-11,324],[-17,474],[-80,413],[-35,342],[-11,254],[-40,501],[-75,324],[-63,263],[-74,316],[-97,343],[-161,491],[-183,526],[-149,369],[-257,369],[-263,201],[-252,290],[-155,219],[-143,229],[-154,236],[-195,387],[-172,368],[-97,360],[-131,254],[-247,334],[-223,746],[-149,500],[-45,386],[-69,500],[-103,290],[-69,202],[-68,333],[-29,386],[17,246],[115,500],[-161,500],[-211,105],[-235,9],[-315,97],[-137,96],[-206,185],[-183,465],[-172,1281],[11,342],[23,526],[35,308],[57,342],[206,1184],[0,18],[206,1027],[40,298],[338,3220],[86,351],[34,1220],[86,632],[86,246],[125,219],[206,290],[252,324],[338,492],[137,237],[206,386],[126,342],[92,509],[6,368],[-12,755],[-51,483],[-29,333],[-6,386],[12,685],[-52,517],[69,623],[-92,343],[-86,307],[-143,711],[-297,166],[-395,9],[-303,184],[-206,281],[-252,123],[-218,-53],[-269,-254],[-108,-105],[-155,693],[-11,535],[-23,413],[-12,307],[12,544],[17,412],[28,492],[46,702],[23,473],[17,316],[17,307],[23,492],[52,439],[46,298],[63,377],[51,316],[-29,439],[-394,123],[-155,52],[-498,150],[-292,96],[-383,123],[-263,79],[-201,88],[-200,87],[-252,167],[-309,263],[-418,422],[-480,482],[-447,448],[-51,52],[-595,606],[-367,377],[-589,588],[-223,219],[-126,132],[-195,149],[-240,123],[-241,53],[-160,-9],[-252,-53],[-286,-123],[-91,-35],[-601,-272],[-716,-324],[-326,-167],[-275,-123],[-126,-53],[-332,-157],[-961,-439],[-847,-395],[-446,-219],[-355,-158],[-1145,-536],[-3296,-1527],[-23,220],[-12,386],[-11,307],[-17,281],[-6,307],[0,579],[23,307],[86,237],[74,290],[40,324],[57,255],[69,456],[23,272],[63,483],[143,465],[149,333],[137,422],[-17,359],[-23,334],[-34,289],[-12,457],[0,228],[-11,342],[-63,404],[-52,272],[-51,386],[-52,465],[6,386],[-6,430],[6,474],[-11,281],[-23,368],[-195,386],[-246,-9],[-160,387],[23,482],[120,430],[-114,299],[57,500],[120,316],[40,342],[69,737],[51,430],[52,535],[57,193],[1030,1273],[206,237],[160,386],[-269,351],[-332,0],[-309,35],[-263,44],[-217,87],[-172,71],[-206,26],[-160,35],[-229,-26],[-258,-141],[-326,-140],[-240,-149],[-246,-9],[-178,-35],[-263,-70],[-229,-79],[-137,289],[11,299],[40,324],[63,579],[11,229],[-11,351],[-23,272],[-57,1061],[160,343],[120,421],[0,509],[-34,447],[29,299],[74,377],[63,386],[-155,500],[-131,395],[-6,377],[34,255],[12,333],[6,220],[-12,412],[-160,465],[-195,351],[-137,518],[-126,439],[-189,631],[-183,439],[-286,141],[-223,114],[-275,158],[-423,228],[-372,210],[-321,158],[-177,79],[-195,71],[-235,35],[-274,43],[-269,71],[-338,44],[-286,-53],[-429,-70],[183,430],[34,395],[103,386],[86,210],[212,272],[698,676],[189,333],[166,509],[63,255],[57,377],[40,518],[-46,456],[63,395],[447,1623],[85,211],[241,386],[601,851],[120,141],[257,202],[98,87],[309,413],[131,359],[40,676],[23,263],[184,290],[131,61],[990,220],[275,219],[97,263],[69,316],[103,290],[235,368],[246,299],[200,158],[212,158],[160,140],[143,325],[137,456],[149,307],[172,316],[177,316],[183,290],[218,298],[97,132],[229,184],[212,61],[418,44],[303,97],[292,298],[355,360],[251,158],[247,79],[154,35],[235,158],[154,202],[201,131],[188,53],[172,61],[258,176],[303,289],[166,167],[246,193],[143,44],[229,70],[195,176],[171,254],[149,228],[298,-8],[274,-44],[172,123],[412,377],[172,149],[194,202],[149,140],[281,141],[154,166],[178,176],[280,9],[355,-106],[257,-79],[321,-52],[194,105],[441,448],[246,201],[155,79],[223,53],[361,-9],[394,-52],[224,-36],[280,-8],[321,35],[120,-18],[286,-105],[229,-79],[171,18],[247,210],[154,149],[172,167],[257,167],[172,123],[160,131],[246,220]],[[483099,690277],[212,175],[92,176],[114,324],[75,290],[74,333],[183,413],[223,70],[189,132],[160,140],[304,228],[234,158],[166,202],[126,325],[69,263],[132,395],[200,579],[246,175],[458,141],[189,87],[171,115],[458,421],[206,79],[321,87],[589,132],[218,53],[292,114],[291,114],[184,53],[429,351],[223,201],[212,185],[143,193],[234,-97],[201,26],[223,229],[572,140],[195,18],[223,8],[326,9],[212,44],[292,88],[240,79],[160,44],[241,-53],[229,-114],[349,-158],[143,-53],[275,-131],[280,-167],[212,-35],[166,193],[200,219],[172,-35],[166,-184],[252,-35],[337,-62],[223,-26],[264,-35],[217,184],[57,220],[46,333],[46,272],[195,246],[131,0],[303,96],[218,18],[252,52],[194,-438],[-17,-264],[-6,-351],[-5,-377],[0,-281],[40,-456],[28,-412],[252,-386],[206,-439],[155,-290],[389,27],[326,35],[155,17],[320,114],[326,53],[149,-26],[223,-44],[46,-386],[149,-150],[235,-149],[343,-228],[223,-61],[178,52],[211,114],[178,114],[263,264],[189,166],[320,202],[201,-210],[480,-553],[132,-132],[235,-140],[274,114],[229,-219],[201,52],[120,325],[120,289],[149,272],[137,229],[172,368],[91,246],[149,184],[292,351],[120,158],[252,228],[218,299],[166,237],[166,228],[274,412],[338,149],[149,141],[177,140],[229,246],[143,228],[126,237],[166,316],[143,219],[189,149],[275,211],[246,17],[160,53],[338,-202],[154,-9],[281,-149],[280,-280],[338,-369],[120,-123],[240,-175],[155,-79],[229,-53],[217,211],[46,473],[298,176],[194,-79],[235,-307],[143,-220],[103,-201],[103,-264],[131,-228],[327,-245],[246,0],[171,35],[212,26],[195,-263],[86,-228],[68,-290],[126,-518],[309,-219],[252,132],[132,254],[97,641],[52,201],[286,246],[194,-175],[143,-193],[246,-185],[264,35],[51,264],[-131,324],[51,439],[343,290],[121,96],[332,-202],[114,-456],[195,26],[171,167],[269,53],[315,-176],[212,-123],[297,-228],[58,-44]],[[603878,489566],[-543,-395],[-286,-254],[-355,-334],[-487,-693],[-332,-632],[-469,-728],[-206,-351],[-366,-957],[-384,-1035],[-131,-562],[-115,-877],[-17,-413],[69,-377],[97,-351],[120,-421],[75,-228],[486,-1474],[29,-71],[492,-1070],[97,-255],[258,-737],[57,-175],[172,-588],[126,-544],[80,-386],[355,-1439],[34,-132],[109,-491],[131,-808],[40,-439],[-74,-377],[-80,-246],[-115,-368],[-108,-527],[-46,-289],[-57,-606],[-46,-474],[-12,-386],[46,-368],[52,-237],[143,-307],[183,-184],[280,-211],[292,-272],[189,-351],[17,-334],[-131,-359],[-201,-255],[-503,-482],[-86,-141],[-103,-360],[-98,-1351],[109,-1702],[149,-1457],[137,-1062],[138,-1483],[17,-737],[-115,-895],[-63,-676],[-154,-412],[-115,-158],[-177,-219],[-189,-149],[-269,-71],[-234,27],[-235,-62],[-40,35],[-5592,-9749],[-835,-140],[-738,114],[-807,351],[-1351,509],[-1534,-79],[-915,-465],[-247,-878],[-1648,-2386],[-1322,-1273],[-1757,-2150],[-1053,-947],[-452,-1124],[-670,-1509],[-2186,-2246],[-2283,-2563],[-899,-1061],[-818,-948],[-1219,-983],[-315,79],[-177,158],[-264,167],[-440,-132],[-258,360],[-143,96],[-303,115],[-241,237],[-171,236],[-252,220],[-263,324],[-86,237],[-292,308],[-275,-264],[-309,-96],[-315,-53],[-177,26],[-298,27],[-314,149],[-132,61],[-217,114],[-361,0],[-200,-8],[-315,-27],[-235,-316],[-91,-272],[-149,-307],[-281,-158],[-206,-8],[-475,-44],[-635,-44],[-360,-53],[-349,-88],[-321,-26],[-578,44],[-206,-9],[-223,-79],[-206,-272],[-86,-342],[-97,-193],[-264,-272],[-126,-105],[-280,-132],[-166,-53],[-217,-166],[-475,-702],[-309,-193],[-189,-9],[-224,-79],[-440,-184],[-470,0],[-560,-71],[-355,-87],[-246,-106],[-218,-298],[-194,-114],[-327,-105],[-669,-623],[-332,-316],[-361,-246],[-303,-132],[-332,-79],[-423,-202],[-315,-219],[-429,-333],[-453,-228],[-160,122],[-68,439],[-161,193],[-292,62],[-171,-44],[-338,-114],[-481,-132],[-223,-79],[-200,-97],[-292,-105],[-418,-167],[-229,-78],[-189,-132],[-251,-342],[5,-439],[-45,-307],[-86,-272],[-115,-307],[-126,-185],[-183,-298],[-315,-404],[-234,-280],[-510,-632],[-578,-711],[-291,-386],[-281,-184],[-160,-132],[-218,-290],[-131,-403],[-172,-141],[206,-280],[195,-185],[177,-193],[172,-386],[28,-272],[241,-210],[91,-237],[-34,-378],[-17,-210],[-46,-343],[-103,-307],[-97,-175],[-12,-378],[-480,-166],[-710,-290],[-292,-202],[-137,-149],[-258,-1755],[-160,-658],[-1294,-3694],[-183,-263],[-280,-132],[-281,-290],[-177,-263],[-389,-711],[-212,-377],[-297,-430],[-447,-123],[-355,-149],[-549,-456],[-475,-351]],[[542808,402571],[-155,-97],[-532,-202],[-658,-412],[-612,-255],[-744,-482],[-847,-658],[-126,-53],[-538,-193],[-624,-369],[-1465,-1167],[-641,-35],[-761,-263],[-813,-386],[-721,-386],[-481,-430],[-137,-114],[-412,-360],[-424,-202],[-377,-61],[-372,-44],[-321,-123],[-343,-158],[-573,-298],[-538,-106],[-257,-61],[-298,-158],[-1007,-395],[-612,-210],[-275,-141],[-172,-439],[0,-316],[103,-307],[281,-245],[332,-290],[183,-184],[189,-272],[188,-413],[63,-447],[58,-500],[45,-448],[63,-447],[92,-922],[74,-1325],[23,-763],[0,-448],[-17,-298],[-40,-307],[-86,-272],[-149,-421],[-354,-966],[-172,-456],[-155,-351],[-189,-465],[-11,-255],[-34,-473],[-75,-290],[-97,-237],[-120,-272],[-160,-307],[-212,-290],[-263,-307],[-344,-316],[-532,-500],[-40,-35],[-979,-553],[-853,-316],[-503,-131],[-52,491],[-74,237],[-137,263],[-172,211],[-269,184],[-269,97],[-189,35],[-223,52],[-229,71],[-326,70],[-269,17],[-281,44],[-251,343],[-149,403],[-126,351],[-160,421],[-115,308],[-74,535],[51,474],[97,324],[23,413],[-57,289],[-97,325],[-200,448],[-189,263],[-275,342],[-195,158],[-291,123],[-212,0],[-304,-220],[-263,-465],[-229,-333],[-274,-255],[-189,-122],[-292,-185],[-355,-96],[-263,131],[-166,378],[-92,245],[-131,343],[-126,280],[-149,229],[-178,175],[-240,18],[-183,-35],[-338,-106],[-240,-79],[-309,-105],[-166,-35],[-246,9],[-212,377],[-6,228],[46,421],[92,351],[114,281],[166,255],[195,298],[206,263],[211,246],[144,298],[-40,263],[-149,299],[-218,351],[-223,123],[-154,44],[-218,52],[-183,53],[-303,70],[-292,53],[-258,17],[-160,-17],[-218,-18],[-309,-61],[-246,-106],[-211,-201],[-321,-88],[-212,263],[-137,246],[-109,386],[-51,333],[-75,536],[-189,412],[-217,272],[-252,325],[-297,114],[-166,-79],[-264,-132],[-240,-114],[-252,-96],[-355,-132],[-200,-61],[-206,8],[-200,141],[-120,158],[-184,254],[-194,413],[-183,465],[-161,298],[-274,369],[-206,149],[-195,52],[-229,-114],[-120,-105],[-235,-333],[-126,-229],[-160,-368],[-114,-228],[-269,-299],[-246,-122],[-246,26],[-189,307],[0,290],[-17,824],[-18,316],[-45,369],[-86,509],[-75,368],[-171,369],[-201,202],[-286,123],[-200,8],[-281,-26],[-251,-18],[-241,-43],[-223,-36],[-275,9],[-211,53],[-212,70],[-241,97],[-297,272],[-126,166],[-189,457],[-80,280],[-109,325],[-137,369],[-143,395],[-138,280],[-183,264],[-171,96],[-309,18],[-149,-132],[-275,-333],[-177,-202],[-195,-281],[-86,-132],[-303,-526],[-137,-219],[-287,-308],[-704,-702],[-177,-149],[-366,-254],[-69,-44],[-687,-342],[-767,-272],[-166,-62],[-360,-123],[-195,-52],[-211,-70],[-264,-167],[-160,-158],[-223,-290],[-183,-360],[-189,-228],[-263,9],[-178,132],[-206,438],[-154,422],[-75,210],[-137,386],[-155,474],[-206,693],[-74,474],[-29,615],[35,517],[103,632],[57,298],[114,492],[252,1000],[109,492],[86,526],[177,1176],[46,500],[57,1115],[-5,201],[-29,527],[-69,535],[-63,404],[-68,289],[-75,290],[-80,263],[-109,325],[-160,430],[-126,289],[-389,808],[-452,1035],[-6,18],[-137,491],[-52,255],[-57,377],[-69,535],[-68,518],[17,676],[11,158],[115,1017],[137,834],[29,158],[28,553],[0,131],[-68,623],[-86,518],[-97,421],[-126,430],[-241,553],[-349,737],[-286,518],[-206,333],[-92,176],[-314,702],[-80,254],[-63,264],[-92,368],[-103,816],[17,351],[109,1843],[91,2878],[-5,650],[-29,842],[-189,1483],[-217,1676],[-75,1816],[155,2905],[63,2940],[166,2211],[-34,1228],[-6,430],[-35,834],[0,483],[23,307],[58,368],[45,369],[63,474],[52,438],[46,299],[85,526],[75,290],[131,518],[109,438],[57,343],[52,333],[40,386],[52,342],[34,307],[28,246],[46,474],[29,369],[28,324],[-5,395],[-17,369],[-23,438],[-40,457],[-46,403],[-12,527],[35,509],[23,333],[114,509],[63,334],[86,316],[-29,184],[-63,649],[-57,772],[-17,114],[-137,553],[-235,781],[-103,483],[-74,368],[-86,501],[-29,316],[23,640],[6,851],[-75,1211],[-23,158],[-148,658],[-52,158],[-177,439],[-115,202],[-166,298],[-263,395],[-126,237],[-154,298],[-201,474],[-131,413],[-35,316],[6,570],[34,404],[46,394],[46,992],[0,579],[-23,1746],[0,544],[-11,773],[-35,438],[-23,158],[-131,571],[-229,1755],[-109,877],[-46,878],[-23,403],[23,518],[29,509],[11,325],[58,465],[45,289],[132,413],[132,377],[126,360],[331,886],[138,307],[297,492],[367,386],[206,158],[120,175],[-218,886],[-45,202],[-166,1273],[-69,956],[0,571],[17,280],[132,1843],[149,878],[309,1272],[406,2843],[154,1071],[18,254],[11,369],[-40,824],[-40,290],[-63,500],[-40,579],[-17,193],[-17,430],[-40,281],[17,413],[0,245],[-92,1501],[-46,307],[-206,1650],[-326,1807],[-429,1589],[-229,710],[-52,229],[-211,640],[-338,1474],[-46,334],[-137,535],[-412,1737],[-166,711],[-149,729],[-40,719],[-80,1316],[-189,755],[-257,1035],[-86,746],[-6,351],[-23,571],[-6,175],[-45,439],[-58,395],[-97,360],[-97,245],[-189,316],[-69,272],[-154,2343],[0,53],[-12,1149],[40,492],[0,754],[12,422],[5,315],[-28,474],[-69,632],[-103,720],[-137,798],[-80,457],[-75,465],[-57,482],[0,132],[0,790],[11,210],[144,1246],[17,158],[40,421],[103,764],[86,658],[34,360],[23,316],[0,798],[-12,641],[-17,359],[-23,255],[-51,377],[-166,1027],[-69,325],[-114,438],[-275,974],[-103,413],[-46,412],[-46,483],[-22,289]],[[786701,778132],[6,-272],[-12,-325],[-40,-430],[-45,-395],[-69,-605],[-29,-228],[-46,-395],[-22,-237],[-18,-439],[-28,-482],[-29,-518],[-23,-325],[-5,-254],[-29,-685],[0,-245],[74,-387],[143,-324],[178,-132],[275,-123],[0,-1334],[0,-359],[-63,-483],[-224,-88],[40,-658],[12,-263],[-3966,-2229],[-1253,-702],[-470,-500],[-372,-386],[-200,-325],[-223,-404],[-212,-544],[-183,-412],[-281,-518],[-383,-754],[-383,-623],[-264,-562],[-400,-693],[-590,-1009],[-412,-887],[-200,-465],[-172,-605],[-189,-386],[-555,-825],[-469,-430],[-361,-439],[-286,-465],[-217,-579],[-212,-544],[-103,-588],[-218,-1492],[-108,-1035],[-212,-2817],[-149,-1316],[-189,-1088],[-280,-1203],[-366,-1632],[-504,-2000],[-57,-185],[-344,-1018],[-1064,-3185],[-996,-2378],[-773,-939],[-1619,-1667],[-3783,-3738],[-876,-904],[-446,-1281],[-607,-448],[-126,-403],[-229,61],[-103,-412],[-166,-255],[-246,-210],[-234,-88],[-115,-114],[-257,-500],[-109,-308],[-115,-158],[-223,-272],[-154,-236],[-75,-387],[23,-465],[97,-289],[58,-404],[46,-307],[17,-351],[-46,-439],[-538,-123],[-435,-61],[-435,-202],[-92,-246],[-5,-377],[171,-1088],[-206,-211],[-206,-245],[-126,-132],[-251,62],[-275,79],[-298,52],[-86,-263],[-234,-26],[-57,-632],[-81,-1202],[-34,-580],[-126,-745],[-40,-509],[-23,-606],[23,-640],[86,-1352],[40,-1158],[0,-2027],[34,-1413],[12,-1044],[-137,-1027],[51,-1070],[29,-790],[-12,-456],[-80,-351],[-166,-571],[-183,-623],[-269,-412],[-263,-360],[-498,-518],[-429,-351],[-327,-386],[-549,-430],[-149,-482],[-28,-360],[63,-290],[-41,-333],[-5,-413],[11,-403],[-17,-404],[-74,-439],[-6,-298],[46,-623],[80,-377],[183,-483],[40,-535],[0,-360],[6,-395],[-35,-465],[-40,-316],[613,-3457],[446,-3405],[321,-2773],[263,-1746],[91,-386],[115,-290],[269,-395]],[[755980,676947],[-132,-421],[-200,0],[-166,-88],[-177,-315],[-269,-308],[-218,-166],[-149,-193],[-223,-114],[-235,-88],[-200,-18],[-240,-158],[-143,-149],[-298,-272],[-160,-175],[-223,-474],[-115,-281],[-172,-448],[-228,-640],[-281,-360],[-338,-96],[-835,-115],[-303,-52],[-218,-167],[-589,-728],[-349,-342],[-390,-316],[-755,-615],[-321,-324],[-412,-430],[-45,-53],[-905,-974],[-910,-1141],[-440,-500],[-653,-737],[-767,-913],[-927,-1158],[-584,-711],[-766,-886],[-584,-974],[-1162,-1571],[-755,-912],[-292,-369],[-241,-535],[-28,-61],[-304,-430],[-274,-483],[-120,-281],[-172,-246],[-235,-166],[-212,-35],[-269,35],[-423,175],[-458,193],[-807,18],[-904,0],[-349,-79],[-1259,-228],[-956,-430],[-1064,-571],[-676,-377],[-91,-70],[-2238,-3194],[-824,-1290],[-487,-764],[-297,-474],[-166,-254],[-607,-649],[-446,-518],[-527,-544],[-606,-720],[-498,-684],[-487,-456],[-412,-518],[-429,-737],[-652,-913],[-641,-1009],[-601,-816],[-853,-1308],[-389,-500],[-681,-991],[-733,-1097],[-177,-211],[-647,-649],[-1116,-869],[-1522,-921],[-1065,-658],[-727,-281],[-864,-220],[-589,-122],[-338,-71],[-46,-8],[-681,-114],[-1156,-211],[-1219,-211],[-990,-122],[-773,-97],[-515,-96],[-383,-123],[-710,-237],[-446,-185],[-246,-157],[-138,-115],[-417,-465],[-212,-403],[-155,-500],[-63,-518],[41,-772],[120,-1712],[229,-1202],[280,-1088],[132,-395],[395,-1097],[457,-974],[418,-605],[532,-869],[172,-272],[532,-632],[641,-842],[246,-228],[596,-553],[761,-737],[589,-693],[321,-474],[349,-535],[544,-1071],[423,-956],[395,-755],[86,-176],[103,-421],[23,-202],[177,-1263],[80,-1580],[29,-588],[109,-2255],[-63,-798],[-143,-641],[-390,-1158],[-663,-1746],[-630,-2001],[-395,-1325],[-486,-1650],[-470,-1395],[-423,-1404],[-469,-1360],[-704,-1904],[-390,-922],[-372,-605],[-732,-843],[-550,-614],[-429,-430],[-28,-289],[-143,-773],[-264,-1386],[-326,-1553],[-309,-1281],[-315,-1115],[-326,-1176],[-418,-1562],[-372,-1290],[-280,-1079],[-75,-439],[115,-544],[-80,-193],[-733,-500],[-938,-684],[-1174,-746],[-915,-544],[-899,-562],[-149,-149],[-114,-430],[-252,-667],[-297,-886],[-252,-913],[-155,-360],[-160,-394],[-389,-580],[572,-4510],[-1356,-483],[-1088,-79],[-875,150],[-1374,465],[-1184,324],[-767,281]],[[620206,665636],[510,1378],[355,1018],[131,535],[172,825],[103,439],[200,456],[160,272],[98,299],[-29,377],[-29,816],[-5,667],[137,386],[40,430],[498,614],[149,167],[280,105],[212,-88],[212,-245],[229,-167],[240,-211],[177,150],[104,289],[108,395],[-17,474],[-103,210],[-17,325],[-155,184],[-240,-149],[-338,-9],[-206,308],[52,544],[34,307],[23,570],[206,290],[160,228],[286,281],[109,166],[63,413],[63,325],[80,368],[-68,369],[-6,430],[23,219],[257,500],[98,220],[114,289],[6,509],[-17,456],[51,658],[23,185],[137,351],[138,175],[229,184],[206,18],[652,-61],[160,52],[510,246],[251,70],[241,9],[166,9],[275,202],[74,307],[-143,377],[-555,263],[-241,211],[-229,289],[-143,439],[29,281],[195,369],[309,52],[223,316],[-46,491],[-309,123],[-555,-219],[-223,26],[-155,132],[-149,263],[-51,492],[68,333],[195,246],[647,359],[-35,351],[18,290],[120,307],[97,193],[149,228],[194,185],[287,122],[343,0],[223,-184],[97,-237],[12,-351],[-86,-237],[-172,-272],[-57,-219],[69,-377],[97,-211],[263,-228],[189,44],[218,193],[131,307],[52,263],[34,369],[-6,500],[-125,851],[-321,2185],[0,448],[46,631],[51,325],[132,334],[378,614],[166,368],[435,465],[188,343],[52,289],[-52,413],[-234,219],[-298,44],[-177,149],[-269,360],[-97,210],[-92,343],[-74,509],[0,544],[68,254],[149,211],[160,123],[315,184],[223,289],[115,255],[120,298],[212,413],[297,377],[258,272],[97,167],[103,491],[-114,272],[-183,413],[-1288,210],[-1437,9],[-1585,44],[-1345,184],[40,290],[-6,544],[-28,746],[-29,789],[-23,694],[-23,579],[-108,184],[-321,-9],[-715,-26],[-241,-9],[-234,-9],[-252,220],[-40,623],[-40,588],[-12,140],[-45,939],[-17,746],[-35,605],[52,229],[498,210],[1001,439],[252,-237],[177,-211],[264,-79],[383,-140],[515,-176],[355,-131],[263,70],[321,702],[1236,2729],[229,474],[0,105],[-979,1667],[-343,62],[-235,-246],[-206,-131],[-149,-53],[-246,70],[-280,167],[-315,123],[-166,26],[-727,53],[-303,193],[-155,359],[-5,299],[86,307],[251,105],[246,79],[143,70],[189,167],[75,483],[-223,377],[-292,79],[-189,-132],[-223,-114],[-201,-87],[-263,-88],[-338,-26],[-166,158],[-80,272],[-34,412],[-6,325],[17,614],[35,342],[28,263],[92,343],[74,377],[-120,553],[-154,272],[-292,166],[-269,0],[-218,-96],[-332,35],[-171,88],[-166,351],[-161,851],[-217,421],[-326,307],[-138,123],[-251,263],[-132,246],[-69,228],[0,360],[52,465],[149,246],[269,44],[137,-79],[292,-290],[275,-377],[240,-105],[486,228],[172,386],[17,754],[-63,509],[-206,316],[-217,106],[-195,342],[-51,254],[-206,351],[246,264],[297,351],[819,1009],[-17,552],[-138,430],[-69,325],[-68,351],[-57,377],[-35,501],[-114,500],[-92,500],[-137,395],[-183,456],[-40,220],[-75,552],[-97,492],[-97,360],[-126,403],[-69,518],[-80,605],[-166,492],[-103,351],[-57,474],[-23,737],[-52,430],[-17,553],[69,403],[109,342],[57,255],[109,965],[57,369],[80,298],[97,369],[-80,403],[-74,500],[-92,281],[-40,307],[0,378],[-57,368],[-103,237],[-189,263],[-160,158],[-46,474],[46,395],[120,342],[172,465],[-58,369],[-269,1123],[-114,509],[-29,439],[86,395],[6,386],[-12,333],[-17,299],[23,315],[0,281],[-80,457],[-97,579],[-52,465],[-17,447],[-80,351],[29,544],[-12,325],[-97,465],[-138,386],[-286,895],[-34,299],[-23,368],[120,1062],[492,254],[138,316],[-57,615],[120,386],[68,412],[-5,272],[-166,263],[51,422],[229,26],[235,219],[34,404],[103,263],[315,281],[92,228],[148,237],[212,123],[115,263],[5,430],[-131,500],[-275,176],[-178,88],[58,430],[-35,298],[-200,263],[-212,219],[-143,395],[-120,229],[-195,131],[-331,97],[-41,500],[-137,404],[-212,675],[-80,255],[-143,403],[126,220],[263,0],[235,52],[143,360],[212,193],[189,-61],[292,-264],[303,0],[309,88],[212,141],[86,245],[154,290],[240,-97],[327,-61],[194,88],[206,403],[201,132]],[[623240,773683],[286,9],[240,-185],[109,-166],[131,-246],[98,-351],[57,-430],[275,-342],[183,-158],[389,-342],[172,-167],[206,-246],[223,-307],[269,-360],[149,-175],[274,-132],[258,-88],[240,-87],[264,-44],[160,35],[315,79],[120,483],[97,394],[92,351],[108,457],[80,333],[121,518],[68,289],[69,255],[97,386],[86,369],[109,272],[286,8],[355,-8],[246,26],[303,26],[201,27],[211,43],[178,44],[257,71],[304,-44],[240,-114],[412,87],[1545,71],[218,-255],[309,246],[446,-193],[258,-123],[206,-149],[183,-149],[149,-132],[189,-255],[171,-87],[252,114],[275,184],[229,-26],[177,35],[235,61],[217,-281],[212,-175],[143,368],[-46,351],[138,509],[223,-17],[183,-18],[189,246],[103,421],[240,79],[206,-430],[195,-263],[200,70],[172,228],[217,167],[246,-307],[6,-211],[212,-412],[154,-404],[58,-377],[0,-342],[5,-500],[269,-272],[166,0],[235,78],[223,27],[206,-27],[189,-70],[195,-87],[217,-141],[321,-210],[274,-202],[206,52],[326,-8],[979,-88],[275,-70],[280,-167],[206,-149],[235,-211],[280,-237],[252,-131],[298,-158],[297,-132],[201,-237],[343,-605],[160,-114],[223,105],[172,105],[338,-175],[-17,-237],[343,-71],[458,-78],[572,52],[252,26],[704,237],[733,176],[898,-9],[1723,-579],[395,-237],[475,-281],[372,-79],[91,35],[241,351],[160,325],[206,527],[154,324],[115,141],[217,105],[555,184],[321,263],[177,360],[264,79],[211,114],[155,167],[252,360],[28,412],[52,237],[177,272],[269,272],[69,202],[80,412],[97,290],[138,219],[234,246],[258,105],[400,53],[493,-35],[417,-44],[584,149],[126,27],[515,131],[1053,553],[715,579],[676,667],[469,667],[338,746],[137,202],[229,333],[-57,88],[-429,719],[-235,483],[-149,290],[-137,272],[-670,1483],[-933,1676],[-217,316],[-126,210],[-509,878],[45,903],[143,536],[704,1588],[1071,1895],[526,1141],[86,413],[40,333],[0,562],[34,544],[201,991],[63,316],[200,614],[132,272],[217,439],[80,290],[166,351],[366,526],[613,553],[761,562],[355,245],[269,114],[315,141],[515,184],[68,26],[447,123],[263,35],[292,-26],[561,-26],[440,-88],[281,-61],[212,-97],[251,-175],[361,-255],[212,-184],[263,-255],[160,-193],[269,-342],[166,-193],[303,-465],[63,-123],[184,-377],[223,-492],[309,-939],[114,-403],[389,-1474],[332,-2080],[286,-1150],[-217,-210],[-240,-176],[-206,-421],[-18,-412],[69,-527],[-23,-342],[6,-527],[-29,-324],[-68,-307],[-166,-1001],[-206,-860],[-58,-316],[-22,-473],[-58,-483],[-57,-614],[-6,-220],[183,-456],[304,-88],[177,-79],[206,-96],[212,-132],[269,-246],[217,-289],[269,-351],[247,-167],[429,-175],[206,-79],[286,-158],[183,-44],[235,-53],[200,167],[80,368],[40,334],[17,298],[126,290],[475,202],[332,202],[281,324],[86,386],[68,316],[189,325],[218,88],[171,-27],[349,-123],[246,-17],[161,-97],[251,79],[269,150],[184,78],[171,79],[275,44],[155,-105],[217,360],[143,158],[240,166],[252,237],[160,150],[739,509],[200,166],[303,290],[172,114],[303,79],[241,175],[206,369],[109,360],[62,219],[241,781],[6,26],[166,518],[148,351],[115,193],[217,325],[246,325],[132,131],[206,167],[275,167],[406,201],[206,114],[258,150],[263,166],[217,88],[155,0],[578,-88],[229,-17],[217,-18],[218,18],[189,35],[189,53],[223,114],[269,210],[189,272],[131,369],[29,421],[11,298],[160,343],[184,149],[183,105],[252,114],[188,70],[321,62],[160,17],[281,167],[80,290],[80,816],[46,465],[154,272],[195,-35],[246,-325],[160,-158],[149,-184],[240,-9],[149,167],[103,254],[229,325],[143,158],[189,96],[235,106],[-58,438],[103,325],[212,26],[355,97],[257,-9],[218,-9],[263,9],[326,-26],[315,-35],[269,210],[212,-96],[257,-44],[321,175],[172,185],[251,360],[195,52],[292,18],[235,184],[228,307],[218,667],[92,228],[194,132],[315,35],[280,-9],[332,123],[178,88],[166,184],[63,465],[103,325],[194,333],[-109,369],[-34,535],[-17,369],[172,289],[57,298],[126,378],[11,465],[-126,518],[-86,473],[-68,378],[-286,52],[-172,132],[-269,61],[-92,237],[-28,360],[-75,299],[-177,333],[-160,70],[-286,105],[-144,141],[-394,605],[-109,202],[-97,378],[5,421],[132,298],[132,272],[34,342],[-40,448],[-103,482],[-126,299],[269,175],[177,-52],[246,-114],[166,-18],[258,9],[286,44],[229,44],[286,596],[252,615],[17,26],[269,632],[103,175],[183,281],[132,254],[303,290],[315,263],[252,-79],[297,-149],[802,-386],[440,-219],[12,-369],[795,-404],[63,-35],[756,-386],[377,-202],[178,-61],[200,-44],[441,-88],[120,27],[486,96],[367,-35],[561,-61],[91,61],[-97,1817],[-17,324],[-6,316],[46,448],[131,500],[189,719],[23,106],[115,421],[85,368],[98,571],[23,526],[-29,342],[-103,404],[-120,307],[-355,641],[-1002,1641],[-120,202],[-131,280],[-86,220],[-86,412],[-6,281],[69,360],[91,193],[184,219],[137,79],[263,44],[223,-61],[218,-185],[206,-316],[584,-895],[22,-43],[470,-553],[595,-413],[183,0],[704,167],[258,-9],[389,-17],[709,-176],[441,-316],[160,-254],[853,-1299],[412,-430],[143,-149],[206,-149],[733,-658],[280,-395],[447,-693],[646,-817],[710,-640],[824,-614],[338,-202],[1236,-702],[120,-88],[424,-526],[721,-887],[429,-517],[109,-509],[-2404,-8012],[-2507,-8380],[-778,-2650],[-1356,-4546],[-1500,-5001],[-143,-483],[1139,-728],[887,-571],[1414,-903],[555,-299],[1104,-342],[1008,-272],[984,-281],[773,-377],[772,-465],[212,-185],[360,-298],[647,-193],[658,-158],[550,26],[17,9],[715,272],[1122,764],[635,719],[304,413],[692,1290],[389,587],[544,360],[509,307],[407,0],[412,62],[1247,202],[1454,8],[486,27],[2187,-70],[715,-36],[601,-26],[1396,105],[618,132],[338,44],[555,70],[624,35],[744,-263],[807,-202],[389,-17],[212,-150],[309,-359],[229,-290],[418,-254],[251,-106],[865,-131],[160,-27],[732,-61],[189,-53],[183,-175],[332,-720],[384,-649],[515,-632],[446,-834],[229,-421],[115,-105],[2449,-921],[1013,-387],[263,-114],[1551,-482],[807,-255],[2650,-1272],[561,-263],[315,-88],[1058,-272],[676,-176],[91,0],[670,27],[1883,456],[2358,956],[578,237],[223,141],[1579,1307],[1122,860],[138,70],[234,132],[63,781],[6,237],[-189,2396],[1923,-843],[4069,-579],[97,-35],[384,-465],[355,-325],[1104,-676],[2461,-1395],[-149,-412],[-355,-1316],[-320,-869],[195,-193],[154,-53],[601,-149],[217,-26],[172,79],[412,166],[1379,378],[-11,526],[6,246],[17,491],[17,562],[6,614],[-17,491],[-58,457],[-68,526],[-40,290],[-40,289],[463,308],[693,658],[183,87],[303,88],[515,18],[1311,0],[1242,26],[148,35],[710,351],[309,114],[1116,404]],[[988084,639996],[-1088,-184],[-2157,-360],[-3549,-106],[-372,176],[-995,404],[-298,149],[-149,140],[-172,228],[-143,141],[-1058,421],[-533,211],[-211,158],[-201,105],[-229,44],[-211,-9],[-201,-202],[-177,-491],[-326,105],[-292,298],[-292,62],[-263,-53],[-223,-219],[-310,-70],[-383,0],[-126,87],[-172,255],[-320,26],[-212,-184],[-297,228],[-241,79],[-229,-202],[-246,-123],[-212,-52],[-137,-141],[-212,-70],[-143,-228],[-166,-404],[-108,-167],[-144,-324],[-183,-123],[-309,0],[-229,219],[-188,-79],[-172,-17],[-258,-70],[-194,79],[-201,-114],[-274,-158],[-132,-299],[12,-412],[-292,-307],[-218,-141],[-206,-351],[-275,-17],[-80,-272],[-223,-220],[-137,-237],[-166,-245],[-166,-141],[-212,-368],[-229,-44],[-109,-255],[-45,-307],[-149,-202],[11,-386],[-57,-377],[-109,-132],[-240,-193],[-143,-158],[-200,-210],[-287,-141],[-85,-298],[-264,-342],[-200,0],[-206,-421],[-23,-316],[-143,-290],[-212,-105],[-223,0],[-172,-167],[-194,-219],[-92,-228],[-234,-378],[-206,-193],[-144,-254],[-91,-228],[-29,-483],[-74,-386],[-126,-325],[-29,-403],[-11,-483],[-240,-70],[-304,8],[-177,-105],[-321,-131],[-280,184],[-195,17],[-229,-61],[-189,35],[-171,-219],[-315,-281],[-80,-404],[-57,-526],[-115,-386],[-57,-465],[-212,-158],[-183,237],[-132,280],[-194,132],[-183,105],[-252,62],[-195,-44],[-229,-79],[-217,149],[-223,-132],[-178,123],[-269,211],[-177,193],[-166,44],[-275,61],[-160,-237],[-143,-184],[-269,-140],[-246,-44],[-326,105],[-246,-70],[-126,0],[-241,263],[-194,246],[-212,-106],[-275,202],[-189,-166],[-206,122],[-148,158],[-229,193],[-189,413],[-281,-79],[-223,-88],[-229,-167],[-51,-316],[-109,-193],[-183,141],[-303,149],[-252,-44],[-201,141],[-188,-71],[-98,-465],[-97,-289],[-143,-158],[-240,-62],[-189,-202],[-258,53],[-223,342],[-263,-228],[-286,-210],[-166,245],[-264,220],[-234,-44],[-143,-88],[-229,-114],[-275,132],[-229,342],[-235,228],[-188,61],[-275,18],[-138,-167],[-246,-202],[-154,-43],[-258,-27],[-286,158],[-120,255],[-366,-9],[-292,-281],[-212,-17],[-212,-62],[-120,-254],[-223,8],[-166,123],[-97,378],[-121,254],[-280,342],[17,281],[-149,298],[-194,132],[-183,-140],[-183,245],[-235,158],[-166,228],[-258,308],[-160,-132],[-200,-246],[-218,-149],[-309,0],[-114,-325],[-143,-79],[-252,-342],[-137,-342],[-166,-132],[-246,202],[-184,35],[-303,0],[-91,-263],[-264,-18],[-200,220],[-309,88],[17,368],[-275,184],[-246,114],[-223,281],[-360,35],[-338,-61],[-183,88],[-292,-88],[-343,-97],[-264,53],[-103,228],[-280,35],[-298,-17],[-269,-158],[-280,-351],[-218,105],[-229,97],[-291,17],[-195,132],[-69,377],[-34,220],[-292,149],[-275,96],[-246,272],[-286,123],[-326,9],[-109,430],[-343,9],[-195,149],[-320,184],[-264,-211],[-217,-70],[-172,369],[-217,79],[-206,9],[-155,-299],[-46,-403],[-331,219],[-269,53],[-109,-211],[-132,-219],[-263,-88],[-286,193],[-75,-360],[-189,-149],[-280,-175],[-160,-220],[-275,307],[-349,18],[-69,-421],[-309,-79],[-309,-71],[-200,-61],[-286,-342],[-263,-334],[-344,53],[-240,9],[-115,351],[-263,-255],[-286,-307],[-246,263],[-189,141],[-189,-220],[-223,114],[-92,290],[-309,184],[-297,264],[34,359],[40,290],[-183,316],[-298,-228],[-160,-255],[-229,132],[-206,175],[-338,-96],[-274,167],[-218,70],[-320,9],[-246,-194],[-166,237],[-338,-131],[-240,-378],[-149,334],[-315,219],[-177,413],[-183,210],[-298,-8],[-223,-53],[-189,-53],[-212,-96],[-131,-149],[-69,-325],[-292,-193],[-177,131],[-275,0],[-178,-193],[-165,-201],[-75,-466],[-217,-342],[-121,-175],[-200,-255],[-212,-35],[-223,-333],[-206,-53],[-355,-44],[-337,158],[-298,-35],[-263,-175],[-326,184],[-321,-211],[-200,149],[-292,53],[-200,-53],[-252,-61],[-246,105],[-149,-175],[-240,158],[-281,-44],[-154,228],[-229,-219],[-218,52],[-166,106],[-217,184],[-223,-272],[-332,-184],[-287,52],[-228,123],[-184,123],[-286,-193],[-166,-141],[-189,-43],[-291,43],[-361,62],[-206,-176],[-46,-324],[-177,-255],[-160,-228],[-109,-228],[-246,17],[-206,18],[-275,-61],[-137,-299],[-224,149],[-206,97],[-343,-18],[-269,150],[-263,-255],[-149,-184],[-326,35],[-75,272],[-223,175],[-131,150],[-247,219],[-251,-26],[-224,0],[-354,8],[-338,44],[-143,-254],[-178,-193],[-194,184],[-286,88],[-292,246],[-223,78],[-281,36],[-149,87],[-211,211],[-178,9],[-269,70],[-246,149],[-240,-149],[-155,132],[-149,377],[-194,237],[-252,131],[-200,-79],[-178,158],[-337,27],[-201,228],[-291,26],[-104,228],[-263,202],[-194,114],[-309,220],[-206,131],[-98,246],[-17,395],[-154,289],[-52,378],[-154,263],[-144,53],[-211,131],[-292,-79],[-372,-386],[-143,-52],[-389,105],[-218,-395],[-280,-193],[-298,114],[-177,53],[-269,184],[-195,70],[-257,18],[-309,-27],[-224,79],[-177,185],[-92,219],[0,395],[-372,246],[-183,-404],[-177,-184],[-361,131],[-303,220],[-206,122],[-315,141],[-309,131],[-160,36],[-321,0],[-51,-439],[-52,-342],[-74,-448],[-69,-465],[-68,-544],[-29,-290],[-23,-500],[-17,-324],[-92,-518],[-332,-378],[-297,-315],[-155,-211],[-183,-255],[-149,-149],[-263,-237],[-114,-158],[-424,-605],[-166,-377],[-183,-351],[-137,-211],[-109,-316],[46,-237],[108,-579],[132,-439],[-63,-272],[-172,-359],[-171,-290],[-418,-535],[-584,-825],[-509,-816],[-590,-816],[-749,-1062],[-779,-1036],[-332,-500],[-263,-307],[-498,-930],[-360,-439],[-286,-184],[-1162,-728],[-401,-193],[-137,-272],[86,-632],[40,-606],[-103,-96],[-327,-500],[-120,-220],[-446,-675],[-349,-562],[-178,-465],[-126,-535],[-51,-544],[57,-395],[-11,-316],[-23,-334],[-172,-342],[-355,184],[-206,106],[-372,140],[-120,-202],[-183,-561],[-126,-580],[-126,-605],[-160,-456],[-46,-149],[-395,-667],[-572,-606]],[[876656,604571],[-383,88],[-195,44],[-286,35],[-189,-35],[-303,-97],[-166,430],[-767,772],[-338,255],[-143,-246],[-275,0],[-229,-219],[-234,-413],[-149,-394],[-229,-237],[-155,-88],[-223,-290],[-114,-438],[-75,-290],[-297,-176],[-212,88],[-160,158],[-286,105],[-315,0],[-178,-78],[-223,-97],[-240,-246],[-321,-52],[-91,184],[-263,-53],[-246,-44],[-138,71],[-234,70],[-332,88],[-155,52],[-212,562],[-332,228],[-303,44],[-206,26],[-223,-114],[-223,263],[-246,18],[-184,105],[-183,307],[23,307],[-240,316],[-275,123],[-206,-131],[-263,315],[-132,237],[-137,413],[-344,88],[-183,149],[-234,210],[-46,246],[-52,351],[-171,237],[-166,132],[-286,298],[-109,228],[-286,316],[-63,421],[-69,351],[-69,307],[-143,220],[-234,-18],[-184,88],[-228,368],[-144,176],[-223,412],[46,307],[-137,466],[91,482],[-114,141],[-206,210],[-178,141],[-108,254],[-287,-70],[-246,-255],[-309,-52],[-303,70],[-34,272],[131,386],[161,377],[177,202],[206,35],[-69,816],[-23,246],[-148,290],[103,517],[114,623],[97,246],[224,263],[257,264],[-11,394],[5,220],[-314,307],[206,228],[234,-70],[241,53],[229,-71],[194,9],[229,272],[80,299],[35,342],[91,403],[57,211],[58,369],[-178,263],[-320,395],[-309,245],[-372,150],[-933,315],[-635,220],[-309,114],[-195,-123],[-166,-53],[-263,-35],[-178,-491],[-97,-334],[-11,-430],[-46,-315],[-189,-378],[-687,-412],[-601,-378],[-177,-78],[-195,-36],[-246,-175],[-343,-97],[-241,-79],[-269,-158],[-131,-52],[-298,88],[-183,228],[-532,-123],[-132,9],[-629,377],[-115,307],[-338,9],[-165,-158],[-264,114],[-160,237],[-343,193],[-292,9],[-275,-97],[-429,35],[-178,-17],[-229,9],[-165,8],[-224,-202],[-744,-517],[-251,-351],[-218,123],[-212,87],[-114,-465],[137,-412],[-6,-211],[-251,-377],[-349,53],[-241,-79],[-234,-27],[-86,-456],[86,-412],[-218,-246],[-252,-44],[-171,-132],[-287,-166],[-51,-483],[-17,-290],[-98,-394],[-131,-255],[-178,-281],[-217,-254],[-160,-360],[-235,-105],[-97,-334],[-223,-281],[-189,79],[-286,246],[-298,9],[-218,-9],[-131,290],[-189,237],[-115,79],[-223,316],[-309,184],[-480,114],[-166,-70],[-184,-132],[-183,-96],[-303,201],[-223,185],[-178,-220],[-137,-254],[-280,237],[-241,-123],[-200,123],[-229,-141],[-252,-359],[-200,272],[-292,298],[-11,325],[-109,228],[-252,-79],[-172,-132],[-166,-307],[-280,97],[-309,43],[-143,-131],[-201,-176],[-251,114],[-275,-210],[-46,-228],[80,-387],[-246,-351],[-309,-140],[-217,79],[-246,-149],[-321,-176],[-343,-43],[-206,-167],[-304,-263],[-171,-202],[-166,-158],[-195,61],[-223,-114],[-166,325],[-298,-97],[-217,185],[-172,351],[-189,-123],[-154,-369],[-183,-333],[-195,26],[-223,-211],[-63,-298],[-218,-70],[-177,9],[-155,-290],[-103,-377],[-326,-18],[-160,-245],[-200,149],[-195,123],[-189,78],[-171,53],[-670,325],[-446,184],[-23,9],[-647,105],[-761,114],[-630,211],[-841,395],[-286,202],[-458,447],[-269,342],[-332,851],[-309,922],[-286,719],[-57,106],[-321,333],[-1110,649],[-458,316],[-761,966],[-246,456],[-412,1202],[-275,1229],[-464,991],[-429,641],[-498,842],[-652,1106],[-263,535],[-98,290],[-292,1711],[-223,1413],[-211,763],[-41,53],[-217,588],[-435,1465],[-492,1913],[-97,237],[-115,561],[-303,966],[-57,114],[-1797,2764],[-1551,2983],[-1065,2414],[-847,1377],[-263,246],[-321,158],[-263,53],[-492,52],[-1059,141],[-383,8],[-430,-114],[-125,-44],[-739,-140],[-480,61],[-659,536],[-389,553],[-17,8],[-761,1027],[-607,825],[-315,421],[-480,676],[-69,96],[-355,378],[-543,465],[-384,421],[-343,605],[-510,1360],[-120,351],[-51,220],[-98,4194],[0,2133],[-114,2500],[-12,272],[-148,1325],[-161,1440],[-120,1044],[-217,1614],[-172,1045],[-212,842],[-143,105],[-3199,1115],[-69,52],[-515,325],[-337,0],[-372,-9],[-309,-52],[-287,-150],[-211,18],[-143,132],[-178,359],[-223,176],[-441,202],[-412,193],[-360,175],[-201,88],[-223,79],[-360,105],[-538,114],[-521,115],[-441,70],[-274,35],[-132,500],[69,369],[63,438],[200,966],[223,1026],[80,430],[57,492],[46,605],[35,474],[40,351],[91,377],[109,255],[86,377],[206,1308],[-739,236],[-789,220],[-2043,289],[-5586,922],[-2261,781],[-1837,1061],[-1562,430],[-315,27],[-361,70],[-480,44],[-241,35],[-286,-228],[-217,-123],[-246,-114],[-309,-228],[-275,-202],[-258,-281],[-126,-158],[-131,-263],[-160,-360],[-206,-386],[-81,-123],[-240,-158],[-298,-175],[-137,-237],[-194,-193],[-201,-88],[-166,-114],[-246,-132],[-240,-35],[-195,35],[-309,97],[-166,-158],[-206,-272],[-166,-176],[-280,-263],[-201,123],[-188,219],[-281,202],[-355,105],[-246,-17],[-189,-132],[-211,-228],[-149,-88],[-235,-114],[-183,-96],[-320,-132],[-624,-1650],[-321,-324],[-126,-70],[-457,-123],[-201,-18],[-801,132],[-349,114],[-601,316],[-195,79],[-269,114],[-160,52],[-194,185],[-184,272],[-166,35],[-211,-272],[-212,-132],[-166,-17],[-258,-149],[-194,-413],[-160,-211],[-281,-166],[-217,-62],[-183,-61],[-235,-184],[-137,-150],[-206,-245],[-281,-53],[-315,-88],[-417,-438],[-218,52],[-229,220],[-355,52],[-389,79],[-280,106],[-189,52],[-240,-9],[-207,-79],[-291,53],[-138,9],[-252,-70],[-217,-9],[-555,-18]],[[786701,778132],[984,123],[933,-342],[882,-334],[1688,-798],[1122,-580],[1007,-500],[389,-123],[1082,-289],[292,-70],[177,-36],[275,0],[326,-61],[315,-167],[269,-166],[269,-62],[366,9],[698,114],[1133,140],[1380,492],[234,-18],[1700,-272],[269,106],[424,254],[537,97],[441,131],[538,290],[258,360],[400,649],[538,430],[475,131],[395,9],[401,-35],[337,-35],[556,-26],[1819,17],[1660,70],[2833,97],[1877,18],[1379,-150],[407,27],[252,175],[171,123],[269,272],[344,369],[337,307],[264,202],[389,298],[383,342],[6,0],[406,465],[40,-17],[332,-220],[103,-52],[338,-150],[246,-245],[115,-474],[85,-351],[287,-44],[515,-53],[120,27],[246,26],[366,-61],[349,-167],[367,-184],[280,-264],[143,-87],[217,-132],[229,-97],[344,132],[212,35],[549,-131],[286,-325],[0,-342],[-69,-307],[-108,-597],[-178,-149],[-57,-544],[23,-211],[17,-544],[-34,-369],[584,-421],[423,-368],[280,-228],[453,-676],[166,-597],[309,-816],[360,-1079],[252,-711],[235,-869],[114,-517],[40,-316],[80,-281],[-46,-474],[-45,-342],[131,-228],[235,-264],[103,-412],[200,-202],[206,9],[292,105],[92,404],[315,-53],[177,351],[-6,255],[-103,359],[-11,193],[74,369],[137,184],[573,-70],[114,465],[75,184],[292,0],[74,123],[240,255],[332,-141],[252,-149],[155,97],[309,0],[251,-158],[247,149],[148,-491],[-194,-360],[211,-351],[310,-132],[200,-17],[223,105],[309,-228],[281,175],[131,316],[160,413],[350,-36],[228,185],[12,553],[154,166],[132,228],[29,334],[188,465],[241,-61],[137,-62],[183,377],[132,246],[372,290],[-86,281],[-154,342],[-81,456],[46,430],[46,491],[-17,343],[97,403],[75,255],[200,158],[200,368],[258,-289],[257,-97],[309,-70],[275,-281],[235,62],[108,-281],[235,-132],[212,-61],[160,-18],[109,-386],[234,-96],[138,105],[46,518],[286,263],[114,202],[292,87],[126,299],[235,254],[34,500],[23,474],[212,264],[257,210],[109,325],[154,377],[92,360],[-11,360],[45,430],[161,184],[154,123],[200,219],[332,167],[143,439],[-85,447],[-29,395],[183,184],[298,88],[17,316],[120,483],[17,526],[286,176],[63,377],[326,114],[132,395],[-34,316],[46,403],[223,430],[269,-79],[166,-166],[269,-88],[223,61],[240,158],[246,-149],[103,-228],[212,-219],[240,105],[149,228],[281,184],[63,360],[280,176],[183,-255],[132,-316],[200,-482],[241,-18],[263,88],[286,289],[126,325],[120,474],[166,351],[114,219],[149,237],[166,167],[269,18],[361,-62],[246,-132],[149,-482],[257,-123],[304,-97],[326,-184],[229,149],[189,-61],[251,44],[286,175],[269,-114],[75,290],[280,167],[235,-44],[269,-167],[149,307],[11,211],[229,254],[155,-491],[171,-27],[189,-228],[189,369],[-143,421],[-29,333],[-68,351],[166,448],[166,386],[34,421],[-34,413],[-189,219],[17,518],[212,-62],[206,-149],[194,342],[40,316],[138,228],[91,272],[143,422],[178,-71],[166,351],[171,211],[195,325],[200,158],[-120,447],[-137,290],[240,298],[286,-210],[206,149],[126,281],[315,254],[-80,430],[-23,412],[-109,492],[75,439],[188,149],[184,307],[148,237],[-97,430],[92,526],[5,299],[109,307],[-86,368],[-63,465],[126,185],[126,272],[326,140],[212,-53],[252,220],[315,245],[-12,509],[235,325],[177,351],[-28,298],[-17,466],[154,473],[258,-105],[183,228],[51,351],[132,246],[206,447],[206,272],[246,360],[229,97],[206,96],[183,149],[-137,483],[200,456],[298,106],[80,359],[234,167],[247,70],[326,106],[234,131],[298,237],[332,-123],[206,-79],[166,343],[40,552],[229,62],[86,439],[234,377],[212,0],[200,9],[269,-18],[195,-52],[126,-378],[286,62],[258,123],[45,473],[372,-219],[86,9],[298,474],[0,219],[160,342],[80,281],[103,272],[-46,649],[224,316],[314,149],[235,62],[160,254],[138,325],[137,325],[132,368],[143,360],[206,-149],[274,-114],[172,210],[52,404],[274,0],[149,412],[189,185],[137,245],[12,264],[143,254],[132,220],[-63,394],[154,211],[183,272],[109,474],[286,325],[258,131],[154,176],[309,-220],[286,-131],[224,316],[63,219],[-92,491],[-126,246],[69,342],[-29,325],[52,228],[-40,386],[286,193],[194,70],[275,185],[332,140],[206,176],[229,96],[252,-307],[200,132],[166,140],[172,290],[194,114],[338,8],[183,158],[155,413],[125,131],[75,430],[235,97],[228,0],[161,132],[120,254],[63,255],[57,447],[-46,228],[58,378],[160,175],[5,369],[81,377],[45,491],[189,334],[-5,535],[97,272],[166,114],[103,369],[246,403],[286,176],[126,219],[137,334],[35,280],[40,351],[171,290],[23,316],[109,254],[338,132],[286,140],[17,387],[315,114],[246,219],[137,61],[160,369],[75,281],[86,482],[160,211],[109,272],[-63,290],[-218,166],[-189,246],[29,325],[-183,342],[-189,202],[109,377],[274,351],[144,176],[17,324],[-17,500],[40,422],[-126,438],[269,114],[-115,466],[0,272],[149,237],[11,272],[1603,1579],[2564,1088],[1482,228],[1105,123],[28,290],[52,719],[57,483],[114,202],[41,377],[-103,290],[11,280],[-206,281],[-132,492],[6,263],[217,263],[92,439],[132,289],[160,492],[183,237],[63,377],[57,334],[269,579],[63,184],[206,219],[189,-17],[172,105],[315,483],[97,219],[109,290],[160,131],[275,88],[120,342],[-92,272],[29,334],[498,974],[1350,1202],[973,877],[1700,2054],[1774,2185],[653,1711],[2586,-6678],[2919,-5502],[10759,-11548],[206,-351],[355,-500],[533,-562],[555,-614],[1001,-1158],[103,-184],[309,-834],[80,-167],[161,-316],[395,-447],[234,-211],[338,-272],[727,-360],[3605,-1649],[687,-316],[498,-237],[372,-219],[263,-150],[355,-158],[320,-70],[212,0],[218,-70],[944,-26],[183,17],[343,-17],[321,-44],[464,-79],[343,-18],[280,88],[195,158],[240,132],[189,52],[349,53],[229,-9],[252,-52],[836,-220],[452,-123],[515,-158],[171,-26],[355,-61],[492,-106],[206,-52],[287,-35],[166,-62],[223,-105],[217,-88],[183,-35],[281,61],[172,0],[309,-52],[566,202],[246,79],[206,61],[481,114],[796,193],[864,228],[732,202],[744,193],[744,202],[847,237],[269,88],[304,17],[240,-61],[286,-149],[177,-114],[310,-220],[183,-96],[246,-79],[240,-18],[281,9],[515,96],[337,27],[304,-18],[160,-9],[234,-131],[304,-185],[212,-26],[183,18],[91,-667],[46,-342],[143,-193],[155,-1150],[97,-684],[200,-79],[264,0],[251,26],[166,-18],[229,-131],[378,-149],[286,43],[263,-184],[63,-377],[0,-193],[155,-386],[126,-325],[217,-351],[149,-237],[120,-167],[35,-438],[0,-536],[22,-517],[-246,-246],[58,-237],[269,-219],[194,-176],[246,-237],[349,27],[161,-343],[200,-210],[-115,-606],[-177,-1088],[-240,-1167],[-75,-369],[46,-342],[149,-158],[86,-474],[5,-263],[-63,-456],[126,-325],[275,-158],[166,-228],[189,-272],[166,-333],[916,-1518],[446,-737],[435,-755],[63,-202],[143,-693],[80,-1255],[46,-992],[-109,-807],[-309,-1667],[-252,-1378],[-40,-728],[12,-886],[234,-2405],[132,-833],[194,-527],[1340,-1948],[520,-1439],[126,-474],[161,-1509],[57,-2896],[97,-1457],[166,-974],[561,-1044],[589,-658],[493,-404],[789,-447],[882,-746],[824,-1079],[160,-272],[246,-369],[138,-105],[320,-9],[921,526],[292,-149],[246,-491],[81,-176],[331,-640],[321,-658],[166,-404],[40,-307],[0,-404],[-40,-500],[-109,-588],[-80,-403],[-166,-325],[-200,-193],[-281,-237],[-154,-404],[-206,-333],[-183,-386],[-58,-149],[-154,-527],[-74,-439],[-41,-202],[-68,-394],[-120,-1185],[-23,-237],[-92,-386],[-57,-246],[-183,-702],[-109,-254],[-280,-658],[-86,-211],[-160,-404],[-109,-368],[-52,-342],[23,-536],[212,-825],[29,-105],[114,-535],[-23,-606],[-51,-833],[-12,-263],[-6,-325],[40,-351],[81,-456],[148,-492],[69,-360],[12,-219],[-12,-483],[-34,-605],[46,-342],[154,-395],[200,-535],[6,-457],[-109,-623],[-28,-535],[74,-465],[69,-176],[189,-473],[217,-404],[887,-974],[223,-456],[75,-351],[51,-448],[138,-333],[143,-246],[589,-816],[46,-79],[126,-764],[275,-1491],[131,-404],[189,-360],[378,-386],[166,-246],[458,-702],[738,-1167],[315,-324],[297,-246],[636,-465],[623,-395],[206,-123],[664,-184],[109,-35],[475,-9],[481,114],[778,255],[103,8],[366,27],[143,-62],[241,-368],[109,-334],[148,-421],[149,-447],[126,-211],[212,-176],[2747,-1123],[1454,-491],[1493,-228],[773,-211],[572,-228],[435,-474],[527,-570],[1282,-1747],[1820,-1193],[2077,-641],[1122,-693],[572,-1123],[34,-921],[-1533,-6345],[-888,-3194],[-635,-4387],[378,-360],[200,-219],[132,-167],[137,-325],[321,-9],[234,-87],[132,-255],[212,-202],[217,-298],[80,-228],[138,-237],[-12,-412],[149,-422],[160,-184],[115,-281],[57,-316],[155,-359],[160,-185],[91,-368],[40,-378],[-137,-307],[-257,-289],[62,-378],[184,-403],[-18,-360],[69,-369],[75,-193],[246,-245],[22,-553],[636,-500],[40,-299],[-92,-368],[35,-378],[-58,-210],[-34,-369],[-57,-491],[-132,-430],[-160,70],[-212,-61],[-212,17],[-291,-140],[-41,-334],[12,-526],[-86,-325],[-298,-272],[-17,-482],[206,-71],[29,-412],[-177,-351],[-12,-325],[74,-342],[258,-377],[-343,-386],[23,-562],[-126,-307],[-52,-448],[223,-412],[98,-333],[22,-474],[-120,-501],[35,-412],[17,-342],[-57,-465],[-287,-325],[-114,-465],[-63,-395],[-309,-96],[-46,-307],[-97,-378],[-298,-298],[58,-316],[-41,-316],[92,-307],[86,-483],[-126,-298],[51,-456],[287,-193],[188,-202],[121,-325],[206,-211],[217,-403],[23,-290],[-63,-316],[-132,-316],[-194,-166],[-143,-457],[-35,-324],[-131,-413],[17,-395],[-63,-377],[80,-325],[235,-184],[137,53],[-206,-316],[-189,-105],[-355,-9],[-171,158],[-326,96],[-327,62],[-80,324],[-658,-140],[-332,-202],[-109,-465],[172,-360],[34,-351],[-40,-289],[-91,-483],[40,-263],[132,-649],[-58,-334],[-452,-421],[-80,-53],[-275,-140],[-320,-97],[-132,-184],[-154,-272],[-246,176],[40,359],[-292,211],[-246,-114],[-23,-395],[-166,-263],[-206,298],[-155,35],[-189,-254],[149,-395],[-23,-518],[0,-140],[-45,-483],[-132,-720],[-57,-587],[-52,-720],[12,-175],[200,-1071],[132,-711],[349,-1869],[51,-263],[504,-2712],[469,-3843],[212,-614],[1408,-4791],[149,-878],[1384,-7906],[836,-5134],[1322,-5370],[1105,-4124]],[[614970,796384],[0,-18],[-670,-623],[-360,-333],[-1099,-1115],[-767,-912],[-881,-843],[-367,-263],[-1121,-825],[-178,-105],[-309,-140],[-200,-71],[-178,202],[-189,307],[-91,387],[-23,350],[-92,387],[-120,351],[-160,289],[-172,263],[-246,264],[-332,342],[-194,228],[-212,298],[-343,325],[-269,193],[-224,149],[-337,255],[-435,360],[-269,140],[-223,-202],[-298,-132],[-315,-122],[-326,-176],[-240,-140],[-195,-141],[-177,-272],[-321,79],[-292,141],[-314,149],[-212,-88],[-309,-105],[-195,123],[-275,52],[-228,44],[-126,211],[-298,158],[-172,-246],[-274,-360],[-161,-245],[-160,-246],[-217,-325],[-229,-298],[-160,-202],[-58,-404],[-171,-201],[11,-501],[17,-438],[-206,-202],[-337,131],[-247,-79],[-280,-149],[-217,-131],[-207,-132],[-11,-351],[155,-351],[114,-219],[155,-255],[143,-228],[291,-439],[413,-632],[337,-482],[252,-369],[200,-289],[178,-264],[-475,-2307],[-138,-1159],[-23,-289],[-34,-342],[-40,-1018],[69,-623],[458,-1448],[314,-781],[75,-527],[17,-482],[-34,-501],[-18,-403],[-108,-413],[-252,-342],[-767,-816],[-137,-123],[-613,-491],[-629,-325],[-332,-175],[-721,-307],[-802,-430],[-824,-702],[-1081,-852],[-1488,-798],[-292,-246],[-332,167],[-263,140],[-338,62],[-269,-79],[-280,-132],[-92,351],[-92,228],[-125,264],[-235,447],[-109,184],[-252,395],[-137,386],[-69,360],[-68,325],[-109,272],[-155,377],[-211,720],[-109,289],[-132,220],[-91,272],[-86,368],[-12,255],[52,342],[97,237],[166,324],[0,308],[-69,298],[-217,597],[-120,351],[-160,289],[-201,220],[-97,114],[-172,289],[-63,553],[-5,491],[40,632],[-92,360],[-189,351],[-223,351],[-109,255],[-211,263],[-298,245],[-223,255],[-264,123],[-280,-114],[-252,-316],[-274,-316],[-241,-123],[-360,-26],[-315,61],[-326,149],[-258,158],[-246,202],[-263,193],[-155,167],[-229,272],[-309,202],[-217,61],[-241,79],[-120,70],[-206,211],[-217,412],[-252,360],[-246,141],[-361,-62],[-246,193],[-246,228],[-257,167],[-172,44],[-292,-26],[-217,-123],[-298,-44],[-263,0],[-304,88],[-274,473],[-184,-26],[-268,316],[-52,386],[114,272],[149,351],[132,413],[183,438],[74,404],[-120,412],[-212,325],[-251,62],[-292,-18],[-189,88],[-321,263],[-206,193],[-246,219],[-206,141],[-194,175],[-218,264],[-337,-141],[-321,44],[-149,351],[-126,404],[-85,386],[-86,728],[-143,799],[-121,631],[-74,465],[-332,158],[-177,-105],[-218,-105],[-149,-149],[-188,-167],[-235,-281],[34,-316],[109,-421],[69,-281],[-86,-447],[-52,-448],[52,-298],[74,-299],[109,-324],[-97,-316],[-269,-272],[-183,-193],[-144,-202],[-200,-325],[-131,-184],[-201,-307],[-171,-290],[-149,-210],[-161,-246],[-137,-290],[-69,-201],[-68,-351],[-46,-246],[-63,-369],[-57,-377],[-63,-412],[-57,-369],[-195,-447],[143,-369],[69,-263],[63,-342],[194,-316],[201,-193],[131,-132],[298,-325],[292,-342],[-12,-237],[63,-386],[126,-325],[-194,-342],[-269,-219],[-247,-62],[-223,-377],[-217,-404],[-206,-421],[-86,-202],[-412,-886],[-126,-237],[-143,-184],[-218,-141],[-274,-105],[-115,-131],[-217,-264],[-235,-79],[-315,0],[-206,-131],[-223,-369],[-160,-114],[-229,-123],[-155,-105],[-223,-158],[-303,-254],[-166,-457],[0,-360],[-52,-482],[-269,-272],[-206,17],[-263,0],[-149,-140],[-80,-430],[-68,-412],[-98,-299],[-45,-254],[62,-553],[201,-298],[80,-255],[69,-281],[91,-289],[92,-255],[194,-184],[-34,-535],[-195,-316],[-211,-448],[-75,-351],[0,-289],[-68,-422],[-81,-236],[-166,-255],[-246,-325],[-217,-184],[-149,-61],[-235,-123],[-286,-237],[-223,-114],[-149,-44],[-246,-123],[-171,-158],[-218,-237],[-120,-131],[-235,-158],[-280,-325],[-178,-333],[-103,-158],[-200,-308],[-303,-70],[-235,-245],[-160,-158],[-183,-132],[-166,-70],[-275,-123],[-229,-114],[-143,-167],[-303,-228],[-252,-53],[-206,-26],[-160,-70],[-218,-97],[-154,0],[-281,-17],[-337,35],[-161,114],[-183,307],[-114,281],[-92,421],[-200,228],[-298,299],[-252,175],[-200,105],[-235,228],[-194,334],[-97,412],[-172,316],[-29,316],[-86,307],[-234,386],[-80,290],[-298,202],[-235,-202],[-297,-228],[-166,-193],[-178,-185],[-120,-149],[-143,-272],[-74,-596],[-109,-492],[-51,-298],[0,-342],[-12,-281],[-17,-421],[-126,-764],[-40,-140],[-143,-395],[-149,-316],[-177,-254],[-189,-378],[-235,-535],[-103,-465],[17,-448],[-372,-307],[-337,-184],[-309,-184],[-206,-132],[-229,-114],[-172,-44],[-177,-263],[-126,-184],[-235,-132],[-177,-53],[-224,-131],[-292,-255],[-177,-184],[-109,-448],[-28,-263],[0,-465],[5,-430],[103,-368],[235,-395],[120,-369],[63,-684],[-309,-158],[-240,-62],[-166,-35],[-223,27],[-183,-71],[-201,-44],[-160,-52],[-246,-149],[-235,-193],[-246,-272],[-177,-264],[-223,-281],[-298,-307],[-40,-333],[-46,-281],[-114,-711],[-29,-175],[-63,-421],[-189,-1229],[-200,-1220],[-212,-1290],[-257,-1623],[-269,-1579],[-132,-650],[-80,-395],[-103,-316],[-303,-921],[-121,-386],[-171,-509],[-304,-1035],[-166,-518],[-200,-693],[-435,87],[-732,158],[-521,141],[-138,-193],[-154,-430],[-120,-351],[-218,-553],[-143,-97],[-481,-324],[3818,-2343],[841,-597],[189,-193],[337,-500],[264,-553],[108,-175],[207,-325],[1865,-2545],[166,-281],[344,-588],[1425,-2904],[177,-448],[549,-1395],[584,-1167],[-320,-149],[-355,-220],[-281,-263],[-280,-368],[-298,-176],[-618,-114],[-309,-193],[-423,-728],[-195,-281],[-263,-272],[-183,-246],[-229,-509],[-321,-675],[-343,-632],[-292,-492],[-280,-438],[-258,-386],[-69,-115],[161,-552],[80,-264],[-166,-1553],[-218,-44],[-394,44],[-441,-9],[-246,-61],[-344,-114],[-211,211],[-155,272],[-143,228],[-240,298],[-286,-202],[-413,-351],[-360,-316],[-515,-465],[-338,-307],[-137,53],[-195,245],[-80,150],[-360,-9],[-189,-483],[-115,-219],[-458,-711],[-475,-658],[-280,-272],[-429,-369],[-201,-228],[-171,-61],[-241,26],[-337,62],[-464,26],[-189,-18],[-286,-105],[-91,-368],[-103,-299],[-287,-35],[-280,-35],[-326,-26],[-69,17],[-97,492],[-143,70],[-836,-404],[-143,711],[-120,395],[-1105,-263],[-749,-158],[-361,-88],[-114,-53],[-258,-228],[-973,-948],[-629,-579],[-172,-228],[-120,-149],[-195,-141],[-160,-87],[-246,-9],[-378,-307],[-933,-421],[29,-264],[149,-377],[154,-158],[269,-254],[218,-211],[143,-193],[103,-316],[63,-439],[5,-263],[-11,-351],[-40,-281],[-200,-184],[-350,35],[-457,-105],[-327,-114],[-240,-27],[-229,-149],[-252,-245],[-171,-167],[-229,-132],[-241,-123],[-309,-61],[-211,-88],[-384,-131],[-269,-97],[-223,-61],[-572,-185],[-224,-307],[-51,-491],[-166,-167],[-252,-18],[-166,44],[-286,71],[-223,-351],[-12,-316],[52,-343],[131,-526],[103,-553],[29,-298],[12,-255],[-12,-395],[63,-342],[-69,-456],[-154,-193],[-218,-342],[-177,-316],[-200,-334],[-183,-228],[-264,-219],[-206,-220],[-246,-237],[-160,-158],[-143,-201],[-407,-562],[-223,-193],[-309,-114],[-177,-44],[-263,-26],[-206,-18],[-418,0],[-304,-17],[-200,0],[-303,26],[-269,-18],[-321,-35],[-223,0],[-223,-96],[-258,-123],[-314,-211]],[[483099,690277],[-1425,3825],[-538,1448],[-601,1597],[-812,2177],[-739,1974],[-755,2027],[-692,1852],[-601,1605],[-744,1984],[-647,1728],[-652,1773],[-676,1790],[-732,1957],[-796,2114],[-813,2168],[-566,1509],[-435,1158],[-177,474],[-218,579],[-269,702],[-257,632],[-172,483],[-1151,3062],[-1127,3001],[-950,2598],[-446,1211],[-922,2466],[-389,1035],[-412,1088],[-223,588],[-298,790],[-412,1149],[-853,2255],[-1104,2747],[-1047,2325],[-1340,2668],[-177,-939],[-120,377],[-126,316],[-160,211],[-166,237],[-161,219],[-211,167],[-195,132],[-280,70],[-143,-158],[-63,-360],[-115,-246],[-355,35],[-240,281],[-126,106],[-235,87],[-326,18],[-131,175],[-86,325],[-40,333],[28,430],[29,237],[28,378],[-171,438],[-281,36],[-200,236],[-183,413],[-212,158],[-154,-105],[-172,-246],[-200,-70],[-281,158],[-154,79],[-224,-9],[-137,-342],[-40,-255],[-40,-368],[-23,-422],[-183,-474],[-240,-87],[-475,52],[-201,-17],[-166,-9],[-217,-88],[-200,-307],[11,-430],[-40,-386],[-258,-105],[-217,184],[-115,351],[-154,430],[-155,228],[-263,141],[-206,17],[-172,-105],[-40,-474],[-5,-351],[-126,-237],[-126,-184],[-281,-141],[-297,18],[-189,175],[-275,308],[-229,-193],[-34,-281],[-155,-202],[-320,114],[-212,263],[-189,44],[-246,-289],[-286,-185],[-355,79],[-160,18],[-235,228],[-137,175],[-229,53],[-681,-404],[-97,-517],[217,-913],[258,-167],[223,395],[280,79],[184,-228],[-41,-395],[-5,-395],[137,-175],[92,-307],[-86,-360],[34,-307],[206,-667],[69,-413],[-132,-324],[-297,-114],[-189,263],[-57,325],[-269,228],[-264,-114],[-91,-500],[-120,-351],[-132,-466],[-200,-236],[-201,52],[-354,27],[-126,-378],[-103,-500],[-81,-228],[-154,-219],[-303,131],[-229,-53],[-149,-105],[-303,105],[-81,255],[-297,290],[-332,201],[-166,62],[-177,237],[-6,289],[-23,316],[-120,263],[-172,88],[-114,307],[-52,272],[-40,325],[52,333],[80,492],[-264,105],[-177,9],[-252,351],[-275,298],[-131,228],[-212,246],[-149,158],[-103,325],[-34,210],[-103,413],[-143,324],[-241,97],[-263,9],[-171,281],[-189,210],[-155,-17],[-160,-272],[-178,-395],[-97,-290],[-189,-246],[-86,-122],[-297,-141],[-178,149],[-125,193],[-218,351],[-200,62],[-223,149],[-327,-18],[-120,-263],[-120,-307],[-189,-79],[-275,18],[-269,0],[-114,324],[80,369],[200,447],[132,369],[80,491],[-80,264],[-132,351],[-223,43],[-160,-131],[-263,-26],[-229,26],[-252,-26],[-206,210],[-137,211],[-92,412],[-240,158],[-252,-149],[-178,-70],[-320,87],[-275,255],[-269,377],[-257,97],[-344,114],[-148,149],[-241,140],[-194,299],[-195,465],[-280,535],[-218,176],[-727,-228],[-274,-343],[-46,-359],[103,-264],[280,-491],[149,-456],[-46,-299],[-154,-193],[-275,-210],[-269,-211],[-223,-255],[-344,-175],[-154,44],[-269,237],[-240,421],[-332,228],[-224,9],[-160,35],[-257,132],[-224,52],[-217,97],[-166,403],[-120,360],[-189,228],[-177,-289],[-86,-202],[-218,-342],[-177,-158],[-344,-193],[-251,-158],[-350,-79],[-326,-53],[-269,-88],[-166,-43],[-217,52],[-143,88],[-201,290],[-257,1202],[-52,272],[-177,210],[-217,176],[-86,219],[-149,237],[-240,299],[-304,166],[-234,-140],[-195,-70],[-177,-9],[-218,96],[-149,53],[-263,79],[-349,140],[-240,-70],[-298,105],[-275,167],[-46,185],[-297,122],[-241,-8],[-160,43],[-292,9],[-303,255],[-166,359],[-154,501],[-212,272],[-149,52],[-332,44],[-618,158],[-332,105],[-315,176],[-223,-9],[-360,-219],[-498,324],[-235,97],[-412,-35],[-218,132],[-108,131],[-286,386],[-264,141],[-372,17],[-320,9],[-269,123],[-298,263],[-486,386]],[[411407,762521],[51,299],[52,491],[68,412],[92,307],[177,351],[178,273],[378,508],[51,509],[-177,667],[-75,474],[-17,202],[-51,369],[-149,386],[-57,421],[-69,430],[-80,403],[-69,351],[-11,387],[-103,280],[-258,422],[-91,403],[68,509],[109,386],[97,483],[75,351],[143,509],[103,403],[68,281],[75,474],[0,369],[0,526],[23,650],[34,412],[63,447],[11,220],[-17,561],[40,457],[17,605],[23,351],[75,895],[57,623],[80,544],[57,474],[149,1036],[80,710],[218,71],[440,52],[361,27],[361,43],[297,36],[212,52],[263,123],[447,246],[503,245],[349,185],[258,131],[1471,764],[1430,728],[767,439],[452,289],[218,176],[292,272],[217,158],[309,193],[304,281],[938,956],[189,193],[137,360],[246,1018],[81,316],[131,544],[40,351],[58,544],[51,377],[40,193],[189,448],[137,333],[138,351],[45,299],[23,438],[63,448],[149,351],[126,158],[74,430],[18,281],[22,289],[41,413],[-18,263],[-63,439],[-91,465],[-57,351],[-23,526],[108,457],[92,368],[149,158],[481,272],[600,509],[1946,992],[1465,2790],[1174,2404],[675,1159],[486,877],[756,1387],[1637,3062],[114,220],[1500,2807],[11,79],[23,580],[-6,1877],[0,71],[12,860],[0,61],[-12,518],[-17,316],[-11,280],[-6,474],[-80,1826],[-80,1930],[-6,360],[-12,640],[6,527],[6,456],[6,255],[-69,430],[-80,324],[-183,711],[-75,255],[-80,386],[-34,535],[86,316],[148,263],[155,272],[189,377],[-138,299],[-143,298],[-91,290],[-23,509],[-40,412],[-86,237],[-217,465],[-178,491],[-126,272],[-109,351],[23,273],[80,403],[0,386],[-114,395],[-46,395],[-34,500],[-12,430],[-22,1316],[-6,308],[-6,1079],[143,140],[246,299],[-17,430],[-103,254],[-269,70],[-11,746],[5,843],[6,1684],[17,1983],[17,650],[6,526],[6,413],[0,1588],[-12,377],[-57,448],[-63,667],[6,289],[57,553],[29,237],[120,316],[143,176],[200,210],[727,711],[241,175],[200,132],[441,272],[240,140],[275,123],[320,158],[246,132],[201,132],[206,122],[789,422],[327,175],[280,140],[223,229],[263,307],[229,149],[206,167],[155,272],[-166,491],[223,325],[624,166],[298,62],[263,44],[126,175],[80,307],[418,176],[417,123],[103,35],[504,114],[263,105],[779,114],[498,123],[589,184],[326,62],[223,123],[355,184],[332,-18],[155,-272],[664,536],[126,17],[228,-324],[69,-27],[801,-26],[138,9],[938,491],[155,123],[177,316],[166,167],[389,219],[281,140],[315,220],[578,474],[-1071,2457],[103,43],[1042,413],[864,403],[178,176],[3679,1334],[86,-351],[166,-237],[292,-141],[378,-236],[51,43],[527,439],[286,202],[177,-18],[258,185],[481,-1211],[406,105],[1190,281],[46,939],[498,-27],[195,18],[400,-61],[928,-97],[257,1035],[-57,553],[-155,1597],[321,27],[423,35],[367,44],[-69,956],[515,211],[412,184],[212,0],[309,132],[435,-9],[864,-9],[383,-17],[807,70],[183,228],[178,360],[23,570],[-75,290],[-217,272],[-298,219],[-292,281],[-177,289],[796,606],[1287,1062],[286,254],[252,219],[572,430],[899,667],[303,-35],[183,-307],[149,-228],[183,-1562],[29,-35],[790,272],[40,211],[772,52],[355,18],[86,-307],[384,193],[269,131],[80,-465],[51,-298],[641,246],[286,122],[189,106],[126,324],[252,97],[303,132],[235,61],[269,114],[28,255],[470,789],[349,667],[172,62],[269,324],[331,123],[212,-88],[149,62],[258,184],[337,-96],[441,-264],[194,-123],[287,-289],[206,-298],[154,-106],[218,149],[137,202],[160,237],[149,193],[218,176],[291,219],[161,88],[200,70],[280,-44],[224,-61],[269,-18],[125,983],[-28,307],[160,342],[126,141],[223,105],[229,88],[401,158],[337,131],[201,97],[194,140],[275,193],[17,378],[-172,781],[-658,2650],[69,149],[395,386],[263,211],[189,96],[177,176],[144,359],[97,316],[223,439],[80,263],[92,325],[229,807],[154,413],[195,430],[171,316],[481,851],[361,649],[475,641],[297,342],[458,483],[-143,333],[-74,474],[-35,535],[-5,342],[-18,439],[29,456],[189,106],[469,184],[263,105],[241,132],[114,61],[229,202],[160,167],[161,167],[143,149],[200,202],[252,245],[212,220],[274,263],[201,237],[229,237],[177,193],[258,298],[274,290],[281,377],[246,325],[234,359],[201,360],[80,149],[160,325],[206,369],[166,237],[315,386],[223,333],[252,377],[183,290],[166,272],[143,228],[200,325],[321,482],[137,211],[212,360],[252,404],[257,465],[584,1070],[132,255],[286,465],[624,719],[-80,448],[-35,254],[-6,457],[-5,508],[5,518],[0,483],[29,570],[166,237],[372,518],[275,395],[212,421],[234,570],[275,606],[34,79],[355,702],[693,1298],[188,272],[218,273],[498,535],[80,105],[-521,1141],[-114,342],[555,755],[183,87],[332,27],[46,500],[-12,228],[-46,772],[161,211],[721,333],[635,290],[109,193],[274,553],[613,1281],[246,570],[177,492],[636,1614],[63,123],[1047,843],[11,52],[-303,1308],[11,52],[613,492],[223,175],[1105,307],[280,150],[790,895],[-6,552],[-86,518],[944,1141],[-177,439],[750,596],[183,106],[172,79],[211,254],[229,404],[458,202],[498,263],[355,316],[143,-255],[286,-316],[155,-184],[291,-167],[378,141],[401,44],[423,0],[-74,272],[-132,658],[-68,632],[0,245],[-12,571],[-6,474],[870,-220],[212,1360],[309,272],[178,-52],[326,-88],[458,-53],[171,-26],[252,-35],[395,9],[858,-9],[103,1492],[224,17],[280,-114],[263,-158],[269,-228],[721,4107],[-200,96],[-246,9],[-17,439],[-57,4352],[326,62],[183,17],[1053,1457],[280,289],[596,746],[286,474],[74,123],[155,333],[80,228],[137,395],[223,492],[126,298],[161,430],[303,193],[504,-325],[62,27],[544,1992],[69,245],[212,869],[40,18],[377,-106],[235,123],[120,176],[201,342],[257,61],[303,9],[229,97],[178,35],[194,316],[183,763],[132,193],[132,360],[51,281],[126,254],[240,281],[201,175],[337,255],[630,325],[280,245],[161,202],[206,193],[68,825],[246,184],[418,-140],[504,246],[0,359],[-23,571],[-46,1123],[0,535],[-429,518],[-6,-9],[75,474],[85,693],[52,334],[229,377],[475,351],[280,202],[189,465],[52,421],[97,439],[57,237],[132,623],[212,447],[137,378],[195,395],[74,175],[149,369],[103,272],[103,447],[120,360],[126,272],[103,246],[103,254],[126,237],[86,421],[91,966],[86,728],[69,553],[177,1535],[86,685],[320,2509],[46,360],[109,834],[46,307],[80,570],[34,255],[235,1641],[29,781],[28,710],[-137,1422],[-75,404],[-68,386],[-120,649],[-269,1325],[-195,1492],[-132,1027],[-23,254],[-40,412],[-28,281],[-12,369],[-103,491],[6,395],[-29,316],[-108,263],[34,430],[46,246],[154,307],[292,-44],[160,-44],[201,149],[103,246],[114,421],[246,307],[155,439],[154,395],[355,44],[235,-97],[143,-228],[0,-517],[34,-395],[80,-264],[98,-263],[154,-351],[143,-140],[241,-220],[154,-149],[183,-263],[120,-211],[201,-166],[217,17],[195,0],[252,-202],[28,-280],[-108,-404],[-23,-430],[63,-544],[188,-307],[172,-35],[303,131],[241,-140],[229,-176],[211,-263],[104,-237],[188,-307],[241,-105],[292,210],[291,264],[264,140],[234,-193],[98,-219],[194,-167],[258,-114],[120,-141],[137,-263],[121,-167],[223,-157],[131,-18],[264,-263],[120,-316],[57,-193],[-92,-386],[-97,-211],[-114,-421],[-17,-325],[160,-386],[40,-272],[-40,-474],[-120,-254],[-23,-404],[74,-412],[92,-325],[131,-158],[252,9],[298,-158],[57,-272],[46,-290],[-52,-281],[-177,-377],[-23,-509],[-6,-307],[63,-491],[-74,-500],[-223,-351],[74,-404],[195,-272],[337,-220],[332,-17],[229,0],[280,17],[292,-149],[143,-324],[46,-316],[149,-290],[114,-131],[172,-246],[52,-483],[206,-342],[257,-105],[223,-343],[6,-394],[160,-325],[218,-211],[160,-87],[258,-97],[171,-18],[212,106],[166,202],[183,43],[366,27],[229,52],[321,-96],[11,-316],[161,-290],[143,-149],[160,-228],[166,-53],[235,202],[263,167],[206,123],[229,-202],[263,-88],[280,202],[350,-88],[246,0],[223,88],[166,-35],[315,-202],[280,-202],[195,-166],[206,-9],[251,281],[149,-325],[0,-246],[138,-281],[257,79],[235,106],[183,-316],[143,-413],[160,-280],[258,-106],[263,-87],[143,-272],[269,-115],[315,-272],[349,62],[200,184],[201,-386],[194,-263],[92,-220],[-103,-447],[-75,-369],[161,-289],[34,-395],[23,-298],[257,-141],[103,-526],[218,-193],[137,-325],[-109,-491],[126,-272],[309,166],[178,290],[343,421],[172,263],[189,378],[263,79],[183,-290],[132,-140],[229,-97],[309,18],[755,412],[344,184],[223,79],[286,-8],[183,-9],[298,0],[154,17],[206,62],[212,158],[298,166],[183,-122],[194,-176],[178,-9],[229,53],[183,96],[160,255],[172,342],[246,263],[360,71],[178,-325],[189,-307],[160,-255],[137,-430],[57,-280],[81,-378],[120,-509],[57,-474],[29,-412],[51,-290],[69,-315],[34,-334],[-80,-483],[-275,-201],[-252,87],[-137,-149],[-143,-421],[-46,-281],[57,-535],[-28,-439],[-166,-403],[-69,-299],[-149,-482],[-143,-395],[-74,-378],[200,-377],[212,-167],[132,-210],[274,-290],[183,-307],[229,-228],[98,-281],[80,-246],[-92,-377],[23,-316],[-51,-281],[-161,-430],[-103,-386],[-68,-447],[28,-272],[92,-299],[229,-272],[217,9],[172,-53],[80,-386],[34,-474],[161,-114],[211,150],[161,140],[234,-70],[338,-106],[257,-70],[184,-8],[269,114],[349,17],[143,-114],[246,35],[235,88],[251,79],[344,-97],[194,-272],[201,220],[166,175],[223,27],[120,-316],[-92,-448],[-148,-307],[234,-404],[17,-307],[-200,-360],[-40,-324],[-29,-544],[143,-360],[184,-149],[206,-220],[131,-394],[-177,-273],[-189,-87],[6,-395],[183,-132],[-6,-500],[-172,-316],[-188,158],[-292,-175],[-58,-281],[-57,-263],[-91,-351],[-201,-325],[-206,-97],[-229,-237],[40,-526],[-5,-351],[-235,-97],[-166,27],[-212,-149],[121,-457],[171,-298],[-68,-413],[-161,-193],[-103,-298],[-194,-430],[-201,-254],[-188,-316],[-327,-202],[-120,-255],[75,-403],[120,-351],[-235,-404],[-154,-184],[91,-500],[92,-360],[-69,-290],[-17,-517],[11,-229],[-194,-438],[-241,-307],[-263,-378],[-154,-245],[-149,-308],[-292,-193],[-303,-210],[-315,-88],[-183,-219],[57,-351],[263,-343],[46,-394],[-217,-360],[137,-369],[223,-184],[206,-421],[120,-211],[132,-210],[132,-255],[80,-202],[114,-281],[183,-236],[206,-167],[178,-184],[194,-387],[52,-280],[86,-395],[91,-228],[0,-448],[63,-228],[126,-307],[189,-123],[257,-149],[189,-281],[143,-167],[201,-324],[234,-246],[178,-263],[40,-281],[109,-316],[217,-369],[218,18],[257,-369],[97,-377],[258,-368],[126,-202],[200,-132],[240,-96],[189,-211],[281,-97],[206,158],[315,220],[166,-106],[240,-105],[200,62],[275,-132],[172,0],[229,44],[160,-228],[80,-518],[103,-377],[154,-18],[224,-26],[211,-413],[81,-158],[234,-158],[212,-456],[132,-175],[223,-150],[269,-149],[211,-114],[149,-386],[80,-368],[23,-466],[-160,-421],[-126,-403],[-189,-509],[57,-439],[161,-404],[80,-166],[160,-290],[155,-465],[-161,-281],[-183,-263],[-51,-439],[-149,-360],[-97,-421],[-98,-298],[-91,-272],[-178,-360],[-166,-237],[-51,-211],[-132,-386],[80,-263],[143,-404],[52,-210],[57,-386],[29,-378],[46,-465],[91,-438],[200,-641],[144,-360],[234,-395],[178,-166],[200,-141],[114,-166],[109,-413],[17,-298],[46,-816],[46,-422],[34,-201],[206,-255],[355,62],[286,201],[275,255],[217,70],[281,-17],[337,-106],[252,-281],[92,-149],[160,-298],[115,-351],[40,-474],[11,-535],[17,-965],[6,-474],[11,-597],[52,-342],[172,-404],[223,-228],[349,-412],[463,-580],[332,-430],[58,-79],[543,-737],[332,-403],[264,-334],[234,-342],[138,-272],[177,-290],[303,-263],[304,-114],[269,-123],[291,-202],[166,-166],[247,-378],[148,-237],[166,-280],[155,-272],[166,-237],[177,-185],[281,-175],[251,-88],[264,-105],[189,-79],[286,-255],[126,-210],[126,-281],[85,-316],[18,-377],[-344,-62],[-240,-8],[-252,-9],[-321,-123],[-240,-263],[-86,-246],[-57,-369],[-154,-482],[-161,-158],[-326,-132],[-206,-202],[-172,-228],[-131,-280],[-98,-483],[52,-395],[74,-298],[132,-272],[114,-299],[138,-316],[143,-175],[240,-62],[172,-17],[463,-70],[304,-53],[229,-167],[177,-421],[-69,-342],[-80,-228],[-5,-378],[80,-272],[126,-219],[126,-290],[5,-412],[-114,-246],[-235,-237],[-166,-140],[-149,-430],[109,-219],[143,-360],[189,-421],[63,-430],[11,-343],[6,-333],[40,-351],[126,-290],[229,-254],[149,-140],[252,-246],[63,-342],[-161,-413],[-17,-474],[120,-456],[143,-254],[298,-229],[183,53],[201,202],[211,70],[292,-272],[189,-439],[103,-342],[69,-544],[5,-404],[-137,-166],[-206,-457],[229,-228],[177,-114],[258,-351],[149,-289],[257,-334],[-17,-421],[-74,-395],[-69,-351],[-97,-351],[11,-263],[155,-711],[108,-474],[81,-526],[137,-360],[103,-228],[6,-360],[-178,-439],[-149,-395],[-160,-201],[-212,-167],[-51,-483],[46,-333],[108,-430],[-34,-483],[-120,-237],[-149,-193],[-120,-307],[-57,-368],[-63,-237],[-103,-272],[-63,-334],[-40,-325],[-92,-403],[-206,-167],[-246,-114],[-103,-430],[258,-316],[223,-96],[143,-36],[223,-122],[149,-193],[177,-325],[241,-369],[177,-298],[223,-500],[143,-316],[92,-483],[206,-359],[240,-44],[161,-79],[114,-307],[51,-264],[132,-430],[189,-395],[223,-491],[75,-360],[22,-360],[23,-324],[121,-342],[228,-229],[287,-157],[234,-79],[470,-141],[423,-167],[309,-122],[212,17],[154,105],[218,395],[286,176],[177,-149],[309,-439],[235,-421],[52,-465],[-75,-255],[-86,-272],[-34,-395],[103,-386],[280,-123],[252,62],[281,87],[234,18],[332,-61],[178,-316],[68,-255],[75,-395],[109,-623],[108,-403],[86,-395],[29,-220],[57,-368],[29,-465],[-6,-264],[-86,-412],[-114,-184],[-195,-202],[-166,-132],[-149,-158],[-109,-307],[-40,-263],[-74,-351],[-120,-167],[-258,-70],[-229,44],[-246,70],[-149,44],[-274,35],[-161,-430],[52,-351],[189,-324],[172,-483],[40,-413],[-6,-535],[57,-395],[115,-368],[131,-413],[29,-298],[114,-404],[132,-202],[223,-201],[166,-141],[143,-324],[-28,-483],[-18,-246],[-63,-412],[35,-316],[91,-307],[264,-281],[206,-430],[57,-465],[6,-342],[-12,-413],[46,-500],[51,-193],[218,-351],[172,-184],[280,-176],[160,-44],[201,-114],[171,-219],[149,-298],[172,-422],[206,-114],[171,-149],[46,-386],[57,-333],[241,-378],[28,-377],[-108,-448],[63,-359],[166,-88],[303,-9],[183,-184],[229,-369],[246,-158],[235,-70],[189,-193],[74,-246],[57,-351],[17,-280],[23,-404],[-57,-404],[-154,-140],[-201,-430],[17,-395],[63,-289],[161,-299],[229,-281],[188,-184],[115,-184],[63,-316],[17,-307],[57,-325],[92,-246],[131,-228],[206,-289],[206,-369],[178,-351],[-57,-254],[0,-360],[74,-413],[40,-272],[120,-324],[75,-544],[-29,-421],[0,-527],[166,-307],[126,-351],[120,-219],[195,-273],[57,-491],[57,-447],[143,-387],[149,-280],[103,-343],[200,-245],[241,-325],[212,-474],[194,-439],[57,-131],[292,-623],[201,-448],[131,-289],[132,-439],[17,-325],[23,-254],[80,-395],[86,-369],[91,-482],[132,-465],[103,-255],[172,-439],[194,-447],[98,-193],[137,-255],[212,-114],[280,-61],[34,-290],[144,-430],[137,-184],[286,-70],[235,158],[229,149],[188,-35],[172,-272],[69,-255],[46,-403],[91,-325],[109,-202],[246,-202],[280,-307],[149,-228],[160,-333],[86,-167],[126,-377],[138,-439],[91,-246],[155,-316],[154,-131],[235,-220],[212,-316],[131,-289],[132,-325],[263,-342],[206,-140],[269,-71],[258,97],[234,254],[304,-26],[189,-211],[137,-280],[131,-246],[178,-237],[275,-149],[257,-79],[252,-202],[120,-491],[17,-255],[75,-351],[97,-193],[149,-254],[149,-185],[177,-342],[-74,-693],[-52,-500],[-74,-421],[-69,-343],[63,-368],[223,-544],[115,-290],[183,-325],[183,-236],[206,-281],[74,-386],[40,-369],[-28,-281],[-138,-342],[-57,-246],[-57,-298],[-235,-211],[-526,27],[-275,-272],[-132,-430],[18,-334],[-258,-316],[-177,-368],[-149,-202],[-149,-333],[40,-509],[12,-27],[126,-623],[97,-351],[183,-500],[114,-447],[46,-325],[-183,-369],[0,-333],[86,-492],[-6,-386],[-91,-342],[-35,-386],[6,-272],[-74,-342],[-18,-255],[-5,-316],[11,-517],[40,-465],[63,-395],[195,-474]],[[614970,796384],[234,-132],[138,-105],[309,211],[217,254],[189,246],[281,324],[206,-245],[206,-228],[74,-220],[212,-193],[223,-123],[177,-166],[235,-343],[212,-114],[744,-403],[320,-88],[212,-79],[120,-509],[103,-386],[69,-430],[-92,-465],[80,-527],[63,-324],[0,-404],[-23,-255],[-34,-570],[183,-298],[269,-307],[218,-439],[217,-298],[166,-132],[166,-114],[17,-456],[-74,-387],[-57,-210],[57,-386],[114,-158],[109,-439],[-63,-351],[23,-290],[120,-430],[75,-535],[86,-298],[62,-211],[86,-456],[161,-219],[80,-220],[120,-430],[74,-245],[75,-316],[11,-237],[80,-316],[160,-255],[172,-166],[298,-290],[183,-377],[97,-325],[63,-237],[86,-377],[-86,-228],[-229,-123],[-120,-474],[-63,-439],[-29,-456],[-11,-290],[-114,-333],[-229,-149],[68,-641],[12,-439],[-12,-280],[138,-404],[177,-386],[143,-290],[172,-193],[212,-61],[171,-176],[80,-421],[35,-474],[23,-456],[23,-509]],[[710396,353255],[200,-307],[103,-193],[166,-219],[143,-158],[189,-307],[160,-387],[212,-368],[143,-237],[177,-430],[149,-184],[252,-149],[281,-176],[183,-149],[189,-184],[125,-150],[372,-517],[241,-325],[172,-263],[183,-299],[234,-351],[326,18],[281,421],[280,421],[241,237],[263,-359],[120,-474],[86,-369],[92,-395],[91,-386],[189,-202],[630,-52],[618,-71],[446,-87],[252,166],[240,193],[864,-508],[229,-123],[212,-35],[441,-35],[343,-44],[326,-53],[172,-35],[229,-97],[206,-122],[269,-185],[229,-193],[326,-272],[166,-70],[235,-26],[395,-62],[154,-474],[120,-517],[52,-360],[11,-430],[-114,-492],[0,-105],[131,-737],[321,-1667],[137,-158],[183,-123],[218,-298],[11,-343],[-91,-359],[-138,-492],[-114,-421],[-235,-377],[-51,-430],[-206,-518],[17,-465],[-17,-272],[-86,-360],[-258,-333],[464,79],[361,17],[223,-35],[171,-26],[212,-9],[303,193],[201,132],[177,0],[189,-27],[578,-219],[824,-412],[132,61],[189,570],[858,-605],[1019,-693],[509,-378],[178,0],[257,220],[183,26],[1288,-842],[177,-97],[258,176],[343,26],[218,-342],[446,-781],[138,-299],[240,-412],[149,-360],[601,-263],[274,-114],[315,-140],[263,-264],[367,-535],[297,-35],[109,-79],[172,-369],[223,-210],[143,-88],[217,-35],[338,88],[309,-53],[189,-202],[521,-597],[481,-702],[211,-342],[819,-965],[377,-298],[218,-132],[200,-53],[246,18],[332,61],[321,97],[286,26],[200,-210],[149,-404],[275,-184],[314,140],[378,44],[292,35],[229,307],[69,263],[223,264],[332,8],[274,18],[155,-53],[212,-158],[458,18],[234,-18],[441,-87],[309,8],[212,44],[229,351],[5,281],[235,219],[532,-184],[1420,-1070],[108,-27],[372,-26],[561,9],[664,96],[967,264],[904,324],[195,114],[275,35],[297,-122],[510,-167],[400,-114],[326,-158],[447,-316],[1150,-728],[366,-220],[350,-167],[435,-140],[177,-26],[956,-114],[86,-9],[835,-44],[172,-18],[343,44],[241,123],[274,325],[223,26],[212,-140],[178,61],[360,-70],[143,-307],[0,-448],[-23,-307],[80,-526],[-131,-281],[-97,-360],[-81,-553],[-17,-307],[-11,-535],[51,-290],[132,-289],[303,-299],[155,-298],[149,-167],[211,0],[138,-465],[-35,-368],[-74,-492],[114,-526],[0,-290],[-74,-412],[-11,-255],[194,-237],[63,-193],[0,-359],[29,-465],[-132,-220],[80,-351],[178,-316],[23,-307],[-109,-430],[6,-272],[-132,-421],[46,-360],[23,-368],[120,-229],[23,-368],[63,-307],[17,-492],[28,-491],[23,-298],[-17,-386],[-103,-536],[223,-526],[92,-474],[-40,-307],[46,-641],[17,-70],[97,-632],[40,-395],[-11,-939],[120,-175],[149,-219],[0,-369],[-40,-211],[40,-491],[200,-342],[154,-114],[46,-509],[172,-106],[298,-272],[74,-263],[57,-298],[126,-255],[240,-254],[161,-123],[189,-474],[-69,-772],[6,-219],[309,-1273],[97,-526],[40,-264],[-23,-456],[-618,-3027],[-86,-1018],[-68,-904],[-63,-290],[-69,-421],[-218,-1246],[-509,-114],[-532,-96],[-286,-88],[-401,-105],[-412,-167],[-292,-237],[-538,-474],[-1259,-1536],[0,-684],[0,-553],[17,-728],[6,-641],[17,-640],[-246,-246],[-355,-421],[-252,-377],[-114,-308],[-52,-500],[46,-281],[52,-368],[-389,-1106],[-252,-395],[-223,9],[-155,-53],[-395,-710],[-137,-325],[-212,-1211],[-320,-1825],[-149,-922],[-126,-737],[-23,-316],[-34,-289],[108,-430],[0,-360],[-5,-412],[51,-386],[-6,-325],[-131,-246],[-120,-289],[-63,-439],[0,-281],[-40,-307],[-235,-211],[195,-5019],[22,-3536],[0,-1545],[-74,-1430],[-132,-1334],[-177,-254],[-280,-720],[-63,-342],[148,-474],[52,-237],[223,27],[223,105],[252,0],[218,-404],[28,-500],[40,-439],[86,-456],[172,-386],[143,-316],[452,-123],[217,-175],[69,-351],[218,-264],[274,-316],[63,-351],[69,-219],[154,-412],[224,-132],[137,-184],[263,-255],[132,-491],[114,-263],[166,-307],[172,-246],[298,-246],[188,-96],[212,-413],[46,-324],[34,-632],[80,-421],[-11,-273],[-177,-315],[-98,-255],[-74,-316],[-63,-658],[-189,-404],[-114,-324],[-195,-88],[-200,105],[-275,176],[-303,96],[-218,-228],[-189,-237],[-91,-210],[-80,-422],[-161,-289],[-240,-360],[-246,-368],[-435,-650],[-69,-254],[-63,-351],[-1076,-878],[-2380,-2281],[-229,-53],[-344,202],[-280,-44],[-246,-254],[-63,-351],[109,-343],[320,-237],[160,-280],[121,-413],[45,-360],[18,-351],[-98,-324],[-120,-123],[-372,-193],[-326,-70],[-269,-35],[-246,-36],[-263,-175],[-693,-1211],[-475,-913],[-132,-289],[-51,-334],[74,-447],[69,-193],[189,-211],[309,-17],[160,-9],[321,-70],[618,-272],[864,-307],[938,-413],[510,-360],[383,-245],[178,-193],[251,-474],[338,-711],[561,-1114],[389,-808],[401,-1070],[584,-1027],[108,-97],[218,-157],[257,-36],[378,62],[177,158],[178,237],[189,114],[269,79],[601,17],[332,97],[526,281],[372,263],[172,79],[326,79],[160,-70],[241,-167],[223,-211],[200,-70],[183,18],[298,-88],[183,-184],[235,-360],[469,-667],[343,-579],[235,-430],[114,-176],[229,-149],[498,-149],[149,-123],[103,-316],[97,-439],[178,-368],[257,-272],[292,-395],[160,-263],[178,-316],[280,-334],[17,-26],[161,-553],[263,-1834],[160,-1228],[23,-342],[132,-931],[606,-1465],[-143,-97],[-223,53],[-240,53],[-172,-132],[-492,-1018],[-252,-412],[-189,-220],[-841,-991],[-223,-307],[-407,-562],[-68,-404],[-109,-587],[-212,-1176],[-80,-509],[-34,-316],[-29,-298],[-74,-1027],[-58,-816],[-28,-439],[-40,-649],[-29,-711],[-11,-570],[-23,-553],[-17,-272],[-35,-430],[-57,-685],[-51,-632],[-41,-456],[-62,-790],[-58,-631],[-28,-343],[-46,-465],[-23,-254],[11,-404],[29,-351],[34,-403],[35,-474],[28,-316],[18,-290],[5,-535],[0,-351],[-11,-430],[-17,-1079],[-12,-755],[-6,-588],[-5,-404],[-6,-737],[46,-105],[-143,-1343],[-132,-1070],[-200,-228],[240,-895],[0,-149],[-675,-1326],[-349,-710],[-252,-369],[-183,-263],[-183,-325],[-132,-368],[-57,-185],[-201,-316],[-286,-333],[-120,-167],[-149,-237],[418,-921],[126,-281],[132,-263],[154,-176],[258,-245],[74,-62],[338,-263],[223,-158],[195,-210],[80,-167],[835,-1659],[166,-307],[63,-1930],[63,-2668],[-29,-272],[195,-307],[332,-421],[166,-184],[275,-316],[126,-246],[80,-334],[11,-298],[-103,-518],[-109,-237],[-206,-254],[-80,-395],[103,-368],[178,-281],[148,-255],[98,-368],[-6,-404],[109,-412],[46,-325],[-92,-377],[-63,-325],[46,-272],[544,-149],[515,-263],[246,-53],[440,-35],[304,105],[246,79],[349,114],[383,70],[286,176],[46,895],[286,140],[287,27],[314,-9],[750,-228],[521,35],[538,131],[807,369],[515,237],[315,114],[543,26],[344,-9],[417,-149],[264,264],[194,122],[286,27],[367,-167],[480,-202],[516,-210],[429,-193],[149,-36],[200,246],[727,-605],[950,-781],[108,-114],[92,105],[229,175],[-17,439],[137,316],[241,158],[206,316],[-35,439],[109,395],[160,219],[86,290],[-11,508],[-6,588],[57,246],[109,395],[91,728],[-11,492],[-103,640],[63,334],[269,166],[269,158],[303,97],[200,17],[355,-96],[143,-35],[258,44],[240,140],[332,-9],[263,53],[229,404],[29,201],[86,580],[74,324],[183,299],[149,289],[138,228],[154,386],[258,360],[23,448],[-6,263],[6,316],[-332,246],[143,430],[34,342],[52,333],[-258,307],[132,501],[85,289],[155,342],[103,290],[240,88],[298,35],[172,9],[274,35],[201,44],[274,166],[138,123],[183,219],[297,158],[264,88],[166,-9],[320,-17],[183,17],[218,36],[326,52],[292,88],[131,193],[161,167],[194,289],[212,351],[120,299],[109,351],[206,324],[69,141],[206,245],[154,150],[229,307],[92,210],[114,281],[132,360],[80,219],[280,-88],[126,-368],[98,-316],[108,-298],[132,-386],[120,-457],[80,-395],[218,-833],[561,123],[646,175],[172,62],[189,96],[234,88],[441,-53],[1002,439],[1316,386],[1408,395],[246,254],[235,-87],[160,-88],[360,-255],[355,-201],[349,-202],[309,-70],[201,0],[297,96],[435,140],[321,36],[303,17],[252,167],[727,395],[269,17],[240,-298],[149,-35],[309,-53],[292,9],[423,88],[241,17],[251,132],[144,325],[463,1307],[521,1465],[715,2027],[235,641],[91,35],[567,-105],[939,0],[709,-35],[670,-132],[1230,-70],[550,88],[194,35],[670,166],[383,27],[206,-27],[853,27],[235,-27],[652,158],[447,97],[578,298],[875,579],[973,1273],[532,509],[321,175],[406,0],[367,-158],[217,-324],[155,-167],[223,-18],[149,132],[125,290],[92,324],[23,272],[183,255],[212,403],[183,290],[343,123],[258,140],[320,-131],[132,-439],[-69,-325],[241,-281],[280,71],[235,26],[194,-281],[115,-149],[200,-439],[218,-324],[257,70],[86,316],[17,421],[34,298],[-148,246],[40,491],[149,211],[108,395],[98,272],[-172,412],[-97,378],[114,430],[212,166],[46,369],[286,298],[286,298],[120,325],[309,281],[92,281],[68,237],[92,368],[57,334],[155,280],[332,71],[171,228],[138,88],[343,-150],[172,422],[80,377],[-17,465],[11,404],[103,184],[137,412],[252,123],[80,334],[58,263],[160,272],[1133,588],[2312,1167],[418,211],[721,412],[487,281],[761,421],[189,61],[280,-79],[538,-394],[280,-264],[258,-202],[355,-359],[103,-132],[360,-228],[349,-132],[521,-35],[584,-70],[2072,-255],[1127,-61],[424,-132],[589,-219],[464,-246],[223,-210],[246,-18],[572,281],[372,105],[246,53],[882,79],[1528,114],[1471,176],[538,122],[337,106],[567,482],[418,-895],[217,-289],[658,-887],[0,-1211],[189,-236],[2215,-676],[1099,-176],[337,-122],[1420,-764],[143,-272],[46,-211],[68,-500],[-80,-298],[-355,-676],[-206,-368],[-80,-193],[166,-395],[183,-114],[69,-343],[-200,-456],[-103,-377],[91,-553],[-74,-518],[-92,-263],[-183,-184],[-166,-167],[-92,-228],[-125,-474],[0,-351],[-29,-307],[-303,-228],[-80,-483],[97,-325],[-29,-500],[-463,-1176],[-23,-421],[429,-465],[-11,-403],[-212,-299],[-98,-333],[264,-228],[126,280],[206,229],[343,307],[235,386],[-69,351],[103,324],[223,79],[-177,755],[57,211],[435,482],[263,149],[120,-272],[206,-430],[115,-359],[292,-141],[212,35],[240,299],[-29,886],[166,395],[161,96],[234,18],[269,298],[206,404],[206,465],[86,167],[418,509],[320,184],[161,-263],[45,-246],[52,-491],[172,-229],[234,88],[298,202],[160,237],[172,123],[383,123],[235,-9],[303,-290]],[[860740,190619],[-46,-491],[275,-491],[109,-36],[269,62],[343,96],[321,150],[292,-334],[194,-96],[235,-36],[440,-43],[315,-264],[286,-61],[218,-377],[11,-395],[161,-465],[228,-483],[201,-333],[149,-351],[120,-211],[114,-237],[160,-132],[247,-201],[68,-106],[223,-412],[241,-219],[200,-79],[178,-255],[349,-105],[280,-263],[195,-255],[68,-263],[75,-413],[45,-298],[-11,-298],[-46,-299],[63,-456],[103,-219],[52,-457],[137,-272],[-11,-579],[45,-500],[224,-202],[343,70],[235,44],[206,-167],[194,-412],[286,-763],[315,-544],[17,-27],[229,-403],[69,-123],[961,-1545],[847,-1061],[1048,-843],[1276,-798],[1700,-1448],[887,-930],[647,-1080],[852,-2237],[-2919,-1229],[-154,220],[-177,526],[-493,869],[-503,526],[-601,465],[-407,264],[-183,87],[-429,-17],[-801,-26],[-424,35],[-171,0],[-241,-9],[-234,-132],[-298,-123],[-223,-210],[-309,114],[-212,202],[-177,114],[-286,9],[-144,-44],[-246,-53],[-263,-70],[-349,149],[-5597,2299],[-275,-167],[-172,158],[-309,176],[-229,-70],[-246,-53],[-200,-167],[-137,-403],[-212,-439],[-206,-281],[-326,96],[-304,-149],[-91,-272],[-332,-228],[-172,-333],[-177,-88],[-178,-272],[-166,-439],[-177,-237],[29,-430],[-132,-263],[-280,-202],[-327,114],[-229,-17],[-5,-544],[-12,-360],[-91,-246],[-120,-324],[-52,-518],[-57,-228],[-195,-386],[-337,-115],[-144,-236],[-17,-457],[161,-403],[217,-255],[538,-500],[561,-597],[887,-1053],[807,-1123],[17,-18],[361,-465],[583,-544],[309,-403],[275,-386],[92,-308],[45,-386],[6,-394],[-86,-553],[-223,-658],[-235,-123],[-148,-123],[-229,-246],[-201,-403],[-131,-202],[-298,-316],[-160,-272],[-52,-263],[-211,-176],[-206,228],[-286,-44],[-144,-70],[-194,-254],[-292,-158],[-57,-27],[-618,-298],[-161,-158],[-120,-263],[-189,-281],[-126,-219],[-85,-308],[-481,-851],[-504,-1211],[-480,-1149],[-155,-413],[-97,-359],[-58,-395],[-125,-457],[-607,-1412],[-498,-1150],[-315,-632],[-286,-561],[-17,-44],[-1814,-2966],[-166,-272],[-979,-1544],[-366,-580],[-2879,-4019],[-120,-219],[-1385,-1948],[-4928,-7231],[-17,-26],[-1287,-1667],[-224,-316],[-1522,-2001],[-114,-149],[-613,-632],[-1453,-772],[-2564,-1711],[-533,-386],[-532,-114],[-275,0],[-114,44],[-286,96],[-321,70],[-240,-17],[-183,-53],[-252,-70],[-303,-149],[-275,-158],[-984,-667],[-286,-114],[-63,-281],[-619,-623],[-22,-202],[-332,-1299],[-166,-631],[-613,-2036],[-480,-1194],[-275,-570],[-412,-798],[-555,-904],[-258,-421],[-400,-536],[-344,-667],[-103,-579],[-252,-1255],[-97,-456],[-217,-755],[-18,-184],[-80,-675],[-68,-360],[-149,-360],[-52,-202],[-91,-518],[-58,-377],[-51,-386],[-34,-281],[-86,-447],[-75,-395],[-34,-255],[-63,-307],[-86,-403],[-97,-509],[-52,-246],[-85,-483],[-109,-351],[-109,-351],[-120,-140],[-303,-105],[-75,-360],[-137,-571],[-103,-430],[-80,-307],[-109,-395],[-52,-535],[-22,-614],[-18,-298],[-171,-474],[-183,-413],[-172,-228],[-326,-219],[0,-509],[-17,-500],[-12,-413],[-29,-491],[-131,-509],[-263,9],[-189,-167],[-212,-184],[-246,-123],[-195,79],[-234,61],[-533,158],[-211,62],[-212,-44],[-143,-106],[-132,-377],[-23,-404],[-23,-517],[-126,-237],[-681,88],[-618,122],[-354,71],[51,-2870],[0,-9],[23,-1465],[418,-1158],[2129,-2405],[-349,-579],[-361,-588],[-343,-754],[-493,-843],[-131,-263],[-269,-711],[-246,-790],[-75,-272],[-126,-263],[-188,-421],[-298,-491],[-63,-308],[-149,-333],[-400,-632],[17,-377],[-361,-474],[-97,-237],[-446,-1264],[-52,-96],[-429,-255],[-1162,-552],[52,-237],[-81,-386],[-784,-158],[-1036,-211],[-812,-149],[-258,-167],[-189,-193],[-206,-228],[-131,-158],[-401,-456],[-246,-264],[-166,-412],[74,-386],[-412,-465],[-234,-272],[-223,-202],[-206,-193],[-327,-290],[-120,-105],[-91,-447],[-161,-439],[-45,-369],[22,-298],[-80,-421],[-68,-351],[-80,-413],[-327,0],[-486,202],[-212,79],[-423,-290],[-246,-166],[-510,-351],[-292,-299],[-269,-184],[-349,-307],[-315,-254],[-606,-474],[-561,-343],[-841,-561],[-103,-70],[-229,-764],[-990,-3387],[-3697,-5019],[-52,-70],[-4367,6862],[-377,596],[-281,62],[-1247,298],[-35,9],[-652,158],[-870,202],[-864,201],[-292,44],[-34,-307],[-12,-263],[-40,-298],[-57,-325],[-86,-263],[-109,-439],[23,-448],[63,-377],[-6,-325],[-34,-272],[-189,-1456],[-29,-351],[-34,-272],[-40,-299],[-34,-263],[-17,-351],[-18,-342],[-28,-263],[-29,-325],[23,-395],[0,-254],[-34,-422],[-23,-289],[-12,-281],[-28,-913],[-12,-447],[-17,-351],[-406,-132],[-29,9],[-1465,-140],[-853,-79],[-166,-202],[-40,-439],[-2369,-5274],[-1230,-2667],[-510,-1290],[-91,-228],[-338,-729],[-252,-789],[-286,-939],[-132,-439],[18,-474],[57,-1351],[0,-527],[-75,-1948],[-97,-368],[-504,-1088],[-1081,-2001],[-601,-1062],[-206,-404],[-361,-789],[-200,-553],[-229,-211],[-538,-1351],[-469,-1308],[-939,-509],[-183,-105],[-315,-316],[-383,-491],[-355,-492],[-74,-105],[-121,-395],[-921,-3001],[-538,-1904],[-229,-798],[-864,-3028],[-990,-7187],[-177,-254],[-155,-219],[-166,-255],[-263,-386],[-739,772],[-5551,5757],[-1660,1825],[-646,711],[-2347,2579],[-492,544],[-97,106],[-6925,7616],[-40,36],[-481,535],[-3073,3378],[-1047,1062],[-378,404],[-1208,1272],[-1528,1711],[-1568,1843],[-561,588],[-612,465],[-973,746],[-778,526],[-596,404],[-383,263],[-607,369],[-612,377],[-830,614],[-400,378],[-1191,1281],[-2077,1571],[-2541,1833],[-458,1738],[-166,641],[-200,947],[-35,342],[-11,369],[17,263],[74,720],[120,1062],[355,2992],[189,1553],[344,3177],[406,3413],[23,202],[91,772],[-91,500],[-218,729],[-337,1114],[-338,167],[-452,-492],[-183,-193],[-223,-237],[-418,-456],[-275,-290],[-17,509],[-23,702],[-17,448],[-46,597],[-51,430],[-58,403],[-114,579],[-92,430],[-252,308],[-389,-141],[-240,149],[-366,711],[-630,1106],[-143,254],[-235,500],[-103,246],[-143,360],[-177,518],[-63,193],[-155,535],[-131,509],[-120,588],[-86,491],[-75,579],[-97,1027],[-103,1158],[-269,2036],[-120,1360],[-63,658],[-57,544],[-86,729],[-57,482],[-86,544],[-172,843],[-166,737],[-538,2352],[-400,1746],[-344,1535],[-252,922],[-45,175],[-109,413],[-1952,947],[-2930,1413],[-2255,1431],[-343,210],[-1585,1009],[-859,544],[-664,422],[-269,184],[-154,105],[-533,369],[-3193,5554],[-1442,3449],[-1042,1158],[-34,35],[-784,790],[-2719,1536],[-635,728],[-34,88],[-275,667],[-595,1447],[-424,1062],[-171,395],[-344,842],[-274,676],[-298,737],[-189,606],[-263,1404],[-2009,9705],[-137,790],[984,184],[-618,6976],[-406,4616],[-126,1526],[-475,5950],[-183,1764],[-1071,-123],[-74,693],[80,184],[-1042,281],[-97,44],[-446,132],[-5683,3071],[-229,149],[-1700,913],[0,570],[12,1229],[-6,430],[6,517],[0,413],[0,570],[0,720],[0,719],[0,413],[5,509],[6,447],[6,448],[0,526],[0,307],[5,535],[6,474],[0,369],[0,483],[0,473],[-6,492],[-5,351],[11,596],[-6,378],[12,395],[0,359],[29,545],[57,473],[109,448],[131,377],[137,237],[275,351],[166,290],[-46,272],[18,316],[45,289],[52,378],[40,394],[154,1132],[46,264],[57,377],[115,237],[303,-53],[269,-26],[206,167],[23,552],[34,843],[35,553],[46,438],[22,193],[52,439],[-57,255],[-5523,3387],[-46,1764],[-17,2544],[23,1501],[11,825],[-11,3106],[92,1009],[17,430],[-29,720],[-34,333],[-447,299],[-200,105],[-263,44],[-401,61],[-400,0],[-453,105],[0,351],[-68,492],[28,342],[69,263],[74,325],[172,193],[298,-44],[166,342],[5,439],[6,421],[0,755],[-17,781],[29,509],[51,342],[160,465],[149,509],[17,334],[-131,254],[-29,377],[17,448],[-51,325],[-172,342],[-86,333],[-131,211],[-229,140],[-143,79],[-252,114],[-286,114],[-229,71],[-246,35],[-178,8],[-366,-26],[-189,211],[57,421],[155,325],[28,342],[52,263],[91,395],[-28,360],[-75,386],[98,483],[-17,421],[-275,316],[-52,394],[52,746],[74,492],[103,368],[120,246],[46,456],[-40,290],[-177,351],[-258,289],[-469,404],[-172,140],[-423,334],[-246,228],[-241,272],[-252,307],[-240,307],[-309,351],[-97,193],[-183,308],[-143,26],[-292,88],[-286,61],[-206,-70],[-321,-88],[-206,-53],[-189,-43],[-486,-97],[17,509],[34,228],[195,220],[80,456],[103,254],[-126,658],[92,457],[148,307],[143,351],[-51,360],[-80,421],[80,482],[11,544],[52,273],[-92,289],[-240,404],[-97,447],[-218,334],[-137,228],[-321,149],[-211,61],[-161,273],[69,438],[-212,185],[-68,394],[-315,79],[-223,343],[-6,473],[-80,290],[-172,307],[109,255],[-12,500],[155,263],[-57,342],[45,457],[155,438],[143,509],[218,-44],[188,246],[86,211],[35,368],[229,281],[280,158],[298,290],[206,394],[223,246],[-75,492],[246,307],[161,114],[234,184],[103,316],[86,184],[510,307],[228,-61],[98,-219],[320,184],[40,272],[212,158],[46,526],[120,185],[240,280],[189,176],[344,70],[229,395],[326,105],[274,342],[292,150],[184,-167],[246,219],[177,606],[69,307],[28,272],[-17,447],[34,290],[-137,377],[-63,378],[126,237],[229,61],[189,272],[109,342],[263,264],[-23,315],[177,351],[-57,386],[-17,457],[-114,447],[-23,966],[11,105],[155,421],[68,474],[57,298],[-17,404],[-74,368],[-160,202],[-195,228],[-91,834],[-41,579],[-28,588],[-189,342],[-240,378],[-103,438],[-75,413],[-166,131],[-86,457],[-17,412],[-68,228],[-126,465],[-229,-35],[-298,246],[29,474],[-80,386],[-121,395],[-17,289],[103,404],[138,298],[166,334],[63,325],[108,403],[23,544],[-91,193],[-143,316],[-103,255],[-155,386],[-132,158],[-183,149],[-166,167],[-154,351],[63,403],[131,483],[75,237],[74,360],[57,386],[29,447],[17,263],[-126,281],[-114,360],[-143,290],[-275,175],[-223,-105],[-183,114],[-109,351],[-120,211],[-201,386],[-475,1009],[-85,193],[-166,246],[-155,219],[-166,202],[-103,184],[-263,369],[-246,298],[-155,184],[-177,377],[-183,378],[-166,149],[-258,281],[-189,158],[-166,298],[-183,360],[23,403],[-97,518],[-275,106],[-263,61],[-229,105],[-275,53],[-252,869],[-68,667],[-58,605],[-11,369],[29,508],[74,790],[34,334],[35,377],[-92,658],[-137,88],[-195,158],[-149,131],[-177,123],[-166,141],[-154,184],[-218,237],[-361,298],[-372,299],[-171,131],[-183,123],[-161,105],[-297,202],[-384,299],[-251,166],[-292,193],[-321,193],[-217,106],[-229,123],[-189,96],[-269,132],[-149,70],[-303,149],[-601,281],[-246,123],[-166,79],[-298,26],[-234,-79],[-533,-184],[-309,-114],[-200,17],[-349,106],[-298,96],[-234,70],[-275,255],[-177,263],[-138,158],[-229,114],[-543,219],[-155,53],[-458,176],[-624,254],[-274,105],[-206,176],[-309,395],[-521,640],[-361,430],[-343,386],[-412,439],[-407,465],[-211,237],[-349,-395],[-115,-324],[-114,-492],[-52,-298],[-17,-430],[-86,-535],[-114,-176],[-326,-1106],[-75,-280],[-57,-299],[-23,-333],[-57,-781],[-258,-176],[-137,79],[-223,79],[-252,18],[-223,9],[-338,17],[-303,26],[-327,18],[-171,-44],[-218,-35],[-349,-61],[-309,149],[-315,140],[-269,-158],[-349,-79],[-171,246],[5,246],[286,623],[144,316],[143,307],[280,588],[160,368],[521,1115]],[[647694,273561],[269,596],[252,536],[200,386],[138,228],[326,482],[206,290],[429,597],[361,526],[188,255],[-40,421],[-160,132],[-223,184],[-166,158],[-881,1114],[-1397,1650],[-498,772],[-292,553],[-183,386],[-406,939],[-120,456],[-6,325],[-63,404],[40,377],[6,263],[-86,834],[17,386],[69,544],[200,1272],[109,465],[647,1431],[68,210],[52,799],[40,518],[-212,307],[86,333],[-40,456],[-258,141],[23,421],[155,728],[63,307],[263,948],[240,851],[309,1115],[103,403],[103,501],[138,702],[200,201],[338,-131],[177,114],[52,430],[28,193],[206,1860],[63,369],[23,228],[412,1544],[178,-96],[870,-378],[40,-17],[795,-325],[206,-70],[435,-123],[189,-44],[257,290],[802,1009],[189,158],[297,96],[727,185],[1064,965],[1242,1694],[332,596],[487,869],[103,149],[257,307],[286,132],[212,70],[344,404],[194,245],[469,773],[636,1009],[1076,1579],[251,395],[298,299],[441,307],[269,184],[475,281],[34,237],[-154,368],[-412,448],[-149,289],[721,439],[715,518],[29,219],[-281,930],[-34,158],[-177,1352],[28,201],[401,-17],[103,88],[23,579],[-63,754],[-52,1878],[12,544],[-17,1159],[85,1386],[58,1264],[108,2009],[92,1983],[6,79],[269,281],[1322,939],[870,623],[1556,1079],[1265,948],[2055,1676],[503,404],[1013,825],[1105,754],[2518,1948],[2644,2036],[1688,1316],[229,176],[201,149],[343,333],[200,299],[172,430],[183,711],[57,307],[23,298],[120,649],[178,378],[206,175],[269,176],[377,131],[413,79],[257,18],[309,0],[218,-79],[234,-105],[206,-44],[172,-27],[195,0],[921,264],[1202,333],[835,509],[784,711],[229,377],[18,439],[97,342],[131,202],[241,184],[183,430],[195,211],[125,430],[1139,254],[2146,70],[3291,-342],[4258,-746],[1637,-324],[2610,-246],[2924,834],[1711,359],[138,27],[269,123],[183,52]],[[876656,604571],[-1379,-2185],[-206,-333],[-80,-97],[-1998,-2071],[-1116,-2413],[-824,-1553],[-206,-386],[-355,-676],[-1265,-2272],[-807,-1282],[-686,-1105],[-773,-1229],[-1093,-2272],[-1860,-3511],[-2009,-4747],[-1001,-2053],[-842,-1711],[-772,-1966],[-1603,-4168],[-721,-1825],[-509,-1281],[-412,-1045],[-246,-745],[-653,-1440],[-950,-2062],[-606,-1237],[-510,-1246],[-572,-1474],[-847,-2071],[-1511,-3607],[-1196,-2974],[-876,-2150],[-194,-772],[-578,-1694],[-962,-2457],[-389,-1149],[-383,-1352],[-1088,-3668],[-343,-983],[-544,-1913],[-481,-1342],[-1768,-7257],[-2415,-14505],[-744,-3668],[-206,-1755],[-17,-2808],[-69,-1615],[-11,-289],[-235,-2369],[-240,-1404],[-252,-1475],[234,-149],[12,-412],[172,-413],[188,-403],[149,-290],[235,-167],[183,-26],[252,44],[177,-395],[75,-465],[292,35],[85,-491],[224,-378],[148,-254],[143,-211],[189,-131],[195,-386],[275,35],[246,79],[171,-36],[206,-157],[172,-457],[-17,-421],[212,-412],[269,-44],[303,-18],[349,26],[275,0],[189,-149],[349,-131],[183,70],[246,202],[309,-35],[183,-334],[189,-289],[92,-281],[280,-246],[309,307],[126,106],[195,377],[194,167],[172,35],[332,131],[74,18],[841,254],[258,9],[189,-53],[309,-43],[286,-220],[315,-114],[315,-70],[206,-35],[229,-18],[234,-17],[200,35],[172,9],[218,-53],[274,-26],[235,61],[217,53],[350,105],[217,61],[315,97],[309,88],[166,26],[240,61],[332,36],[246,26],[344,70],[126,-597],[34,-465],[28,-605],[161,-4274],[194,-2237],[126,-1264],[349,-2264],[40,-553],[63,-1439],[-40,-1149],[103,-4976],[-17,-1202],[46,-3773],[-17,-3036],[34,-5555],[-29,-807],[-11,-3668],[-246,-4001],[-132,-2624],[-143,-3677],[-297,-5019],[-132,-2089],[-469,-1781],[-967,-4142],[-870,-2694],[-1391,-3492],[-160,-342],[-1030,-2712],[-533,-1220],[-658,-824],[-406,-369],[-487,-79],[-858,35],[-778,-17],[-842,-369],[-761,-474],[-864,-790],[-538,-587],[-492,-887],[-292,-237],[-1231,-737],[-446,-175],[-910,0],[-1654,-79],[-1185,-167],[-206,-1000],[-211,-1159],[-607,-3334],[-1230,-6678],[-327,-1825],[-601,-3273],[309,-18],[292,35],[344,62],[280,96],[229,79],[252,79],[166,53],[240,105],[258,97],[269,87],[263,9],[143,-26],[361,-70],[337,-62],[326,-123],[269,-105],[269,-114],[184,-79],[251,-281],[-22,-816],[171,-298],[366,-79],[647,-105],[595,-71],[596,-114],[183,-44],[234,-78],[178,-88],[229,-132],[252,-149],[171,-97],[269,-149],[384,-219],[240,-167],[149,-351],[-138,-307],[-188,-184],[-315,-88],[-120,-728],[-86,-272],[-97,-448],[-58,-237],[-91,-324],[-178,-404],[-17,-334],[6,-412],[-132,-465],[-57,-369],[-92,-298],[35,-351],[-69,-298],[-69,-334],[29,-342],[-11,-412],[34,-351],[-29,-264],[-86,-289],[-63,-334],[-40,-438],[-57,-343],[0,-280],[-6,-395],[-40,-325],[-63,-228],[-171,-562],[-138,-465],[-51,-219],[-40,-334],[-86,-333],[-292,-921],[-91,-316],[-126,-193],[-23,-360],[17,-378],[-115,-368],[-28,-491],[-195,-194],[-183,-96],[-57,-360],[86,-430],[-12,-377],[172,-193],[200,-53],[46,-377],[-74,-334],[-86,-377],[172,-184],[154,-79],[166,-211],[212,-79],[263,70],[286,-201],[-114,-465],[-46,-369],[-46,-254],[-103,-448],[40,-290],[-154,-368],[-17,-281],[-69,-421],[114,-211],[258,-281],[160,-386],[189,-412],[-137,-228],[-40,-351],[22,-685],[143,-245],[212,-167],[75,-255],[211,-298],[338,-70],[126,-386],[-69,-483],[115,-368],[137,-167],[17,-483],[-194,-342],[-46,-412],[114,-202],[155,-369],[-6536,-2281],[-1007,87],[-921,-122],[-1128,-325],[-1253,-272],[-538,-219],[-1391,-790],[-1362,-886],[-1219,-1045],[-538,-517],[-280,-378],[-332,-500],[-149,-746],[-183,-895],[-212,-1009],[-235,-1132],[-320,-1597],[-452,-2211],[-218,-1123],[-458,-2159],[-286,-1378],[-423,-2150],[-327,-1544],[-377,-1860],[-326,-1571],[-338,-1650],[418,-281],[131,-105],[241,-79],[148,-44],[207,-158],[280,-316],[195,-158],[183,-166],[274,-237],[195,-167],[114,-202],[81,-333],[62,-307],[23,-325],[58,-369],[91,-280],[252,-299],[160,-202],[109,-219],[212,-246],[280,-237],[292,-298],[195,-219],[143,-246],[23,-483],[-58,-289],[69,-535],[-40,-430],[-69,-264],[-91,-474],[-23,-280],[-166,-430],[-143,-202],[-155,-219],[-114,-281],[-166,-430],[-75,-448],[132,-342],[46,-316],[74,-272],[52,-298],[-75,-492],[-40,-351],[-51,-289],[-218,-290],[-217,-281],[-115,-263],[-97,-228],[-40,-298],[-29,-580],[-51,-456],[-321,-1272],[-51,-193],[-143,-386],[-200,-422],[-504,-728],[-910,-1009],[-1517,-1193],[-1367,-808],[-1689,-667]],[[816621,311556],[-458,18],[-240,26],[-675,44],[-189,158],[-200,123],[-567,123],[-292,35],[-86,79],[-297,482],[-63,290],[-58,641],[-125,465],[-132,175],[-240,316],[-189,246],[-218,219],[-252,141],[-263,298],[-40,412],[-92,404],[-194,404],[-189,158],[-172,368],[-63,430],[126,290],[143,298],[-23,465],[-165,421],[-161,299],[-97,210],[143,413],[149,491],[-29,263],[-91,492],[-17,395],[114,342],[149,298],[149,299],[114,377],[-29,298],[132,342],[6,553],[-92,386],[-143,457],[-406,798],[-206,281],[-326,105],[-212,211],[-86,377],[40,316],[-23,386],[103,237],[0,342],[-91,501],[34,412],[57,263],[109,237],[114,281],[-86,509],[-343,79],[-263,342],[-35,325],[-62,500],[22,369],[-28,500],[6,289],[-58,448],[138,254],[-6,448],[-132,245],[-74,536],[-92,368],[-40,290],[109,412],[17,343],[-68,298],[-172,228],[-115,439],[149,289],[166,483],[-34,325],[11,403],[-166,299],[63,342],[126,316],[80,500],[6,246],[23,316],[-69,377],[-229,316],[-68,237],[-126,421],[-92,237],[-143,237],[-246,403],[-258,-149],[-303,-105],[-263,211],[-303,-53],[-241,9],[-235,193],[-257,289],[-155,185],[-188,166],[-149,167],[-212,35],[-315,0],[-292,-53],[-131,141],[-109,307],[-109,386],[-183,70],[-240,264],[5,315],[98,527],[-57,377],[45,404],[-91,237],[0,403],[-206,395],[-40,316],[-252,114],[-309,79],[-349,79],[-172,-166],[-183,61],[-326,140],[-80,430],[108,413],[80,439],[-234,368],[-115,377],[-154,176],[-160,316],[-218,228],[-286,-9],[-246,132],[-120,228],[-121,518],[35,351],[-35,526],[81,316],[68,316],[29,369],[-6,342],[172,465],[11,351],[-97,210],[-132,264],[241,342],[166,158],[297,140],[40,404],[-80,237],[-189,263],[-5,527],[-46,307],[-195,316],[-263,-62],[-200,123],[-309,193],[-286,35],[-235,114],[-80,211],[-160,272],[-201,175],[-309,-17],[-206,88],[-132,201],[-257,150],[-97,272],[34,342],[-63,403],[-166,211],[-40,281],[195,465],[234,70],[149,167],[189,360],[-149,465],[-286,175],[-195,465],[-45,307],[45,422],[-143,307],[-57,184],[-217,263],[34,264],[120,359],[200,290],[23,439],[-154,324],[74,299],[-137,447],[-143,228],[-149,264],[-195,333],[12,430],[257,377],[6,378],[6,658],[0,245],[-12,430],[-17,351],[63,281],[-17,404],[-23,368],[-40,466],[-172,87],[-114,342],[-52,352],[-45,184],[34,447],[97,281],[52,404],[-149,333],[-252,369],[52,324],[97,316],[206,299],[338,430],[240,316],[292,482],[200,448],[-154,430],[-229,228],[23,430],[51,298],[126,377],[114,351],[126,185],[178,166],[252,299],[137,307],[-57,333],[40,316],[171,386],[212,264],[132,79],[229,289],[126,176],[189,219],[320,35],[235,-202],[217,-123],[160,-26],[218,141],[120,114],[115,403],[-58,500],[69,325],[132,193],[206,202],[309,-9],[229,106],[194,351],[-194,394],[-109,264],[17,500],[177,395],[235,-9],[332,-176],[229,-184],[326,-79],[498,62],[189,79],[160,140],[452,544],[298,404],[114,509],[178,351],[171,272],[132,166],[206,316],[63,264],[200,403],[149,228],[63,395],[-6,272],[-57,386],[-80,237],[-17,360],[189,149],[160,474],[-46,465],[-131,377],[-58,413],[80,342],[-200,228],[-103,132],[-91,377],[-18,316],[-28,544],[-52,746],[-40,834],[-103,912],[-143,869],[-183,430],[-355,720],[-521,710],[-715,773],[-996,982],[-950,939],[-601,693],[-744,860],[-252,237],[-1047,316],[-1316,702],[-836,430],[-51,35],[-773,553],[-1024,895],[-847,930],[-521,790],[-315,597],[-143,658],[-17,1246],[-29,1439],[69,4010],[-74,658],[-166,799],[-573,2290],[-263,948],[-195,693],[-303,579],[-263,711],[-143,237],[-355,114],[-710,61],[-790,-280],[-1957,-764],[-938,-439],[-2141,-1360],[-1110,-693],[-549,-158],[-1448,-702],[-973,-26],[-269,-44],[-172,-35],[-269,-79],[-183,9],[-269,26],[-212,61],[-240,-8],[-201,-176],[-217,-175],[-343,26],[-355,18],[-115,-9],[-297,-9],[-349,-79],[-264,18],[-303,26],[-120,17],[-269,-17],[-269,-53],[-269,-26],[-258,-26],[-309,-18],[-360,61],[-693,-35],[-458,35],[-372,36],[-269,-211],[-137,-509],[-154,-500],[-195,-378],[-326,-219],[-263,334],[-201,245],[-326,193],[-258,-70],[-223,-44],[-149,-35],[-223,-88],[-194,9],[-412,35],[-201,35],[-309,35],[-137,9],[-280,-44],[-149,-70],[-241,-158],[-200,-35],[-183,167],[-355,412],[-92,97],[-286,316],[-360,386],[-206,-44],[-218,-62],[-274,-193],[-350,-79],[-240,343],[-246,298],[-252,237],[-206,167],[-143,342],[-97,289],[28,509],[-51,351],[-23,237],[-23,334],[-86,193],[-194,272],[-58,254],[-114,281],[-280,97],[-172,-106],[-269,220],[-109,184],[-57,369],[-57,351],[-149,763],[-80,272],[-206,97],[-309,-79],[-344,87],[-166,290],[-166,342],[-200,114],[-349,27],[-321,-44],[-274,-150],[-275,-70],[-240,360],[-281,158],[-830,219],[-475,-79],[-406,167],[-429,237],[-97,0],[-395,-9],[-733,53]],[[757668,427053],[-172,298],[-223,448],[-749,1123],[-584,921],[-1631,3607],[-573,1053],[-234,474],[-286,386],[-309,254],[-229,290],[-269,579],[-309,667],[-1368,2834],[-1917,4072],[-2272,5116],[-2061,5212],[-887,2045],[-589,1026],[-161,746],[-40,693],[-5,676],[-40,483],[-155,412],[-257,430],[-195,404],[-29,342],[201,860],[143,658],[17,491],[-23,334],[-103,368],[-120,413],[-172,500],[-303,702],[-98,237],[-160,430],[-17,79],[-91,605],[-46,255],[-6,500],[69,807],[68,957],[178,324],[80,334],[6,386],[137,588],[97,395],[35,509],[0,289],[-29,272],[-155,413],[-22,377],[5,220],[92,386],[681,1439],[-1894,-553],[-1156,-334],[-126,-35],[-4836,-1412],[-3257,-974],[-3027,-887],[-1248,-368],[-727,-211],[-1322,-395],[-1642,-482],[-555,8],[-481,211],[-372,333],[-258,351],[-480,852],[-1563,2781],[-297,527],[-1712,3001],[-898,1597]],[[988084,639996],[389,-1448],[624,-2246],[343,-1255],[2026,-8117],[1694,-6406],[114,-439],[1803,-7107],[-2386,-9907],[-464,-1624],[-97,-333],[-286,-1027],[108,-7143],[81,-1377],[45,-150],[338,-842],[217,-474],[126,-281],[46,-377],[0,-491],[-28,-606],[-92,-298],[-492,-2054],[-235,-1360],[-126,-1298],[-200,-1685],[-172,-1290],[-189,-1483],[-429,-3335],[1196,-2922],[796,-1930],[601,-1457],[658,-1448],[315,-3308],[63,-649],[28,-299],[229,-2272],[12,-123],[389,-3080],[229,-1852],[120,-588],[595,-570],[1723,-1650],[1201,-351],[481,-114],[206,-131],[229,-255],[86,-272],[-6,-500],[-34,-316],[-97,-474],[-98,-351],[-143,-412],[-229,-571],[-131,-201],[-344,-351],[-229,-141],[-314,-88],[-470,-8],[-234,-44],[-252,-70],[-229,-123],[-383,-290],[-149,-61],[-498,-9],[-298,-272],[-131,-167],[-161,-386],[-51,-351],[63,-500],[566,-1913],[453,-1878],[274,-1149],[80,-781],[23,-501],[0,-122],[-5,-606],[-58,-412],[-446,-1834],[-893,-123],[-309,-61],[-309,-150],[-195,-149],[-274,-342],[-229,-351],[-132,-325],[-46,-307],[46,-491],[521,-2922],[555,-2317],[366,-1676],[126,-790],[155,-991],[160,-1001],[343,-3053],[195,-1790],[0,-167],[-830,-2633],[-526,-1658],[-756,-2010],[-326,-886],[-406,-1211],[-115,-325],[-532,-1333],[-704,-1896],[-263,-1035],[-80,-676],[-29,-579],[17,-728],[40,-378],[75,-403],[463,-1378],[744,-1729],[29,-70],[526,-1018],[75,-333],[51,-474],[57,-799],[-17,-517],[0,-378],[-40,-421],[-46,-614],[6,-219],[40,-395],[143,-413],[155,-351],[154,-228],[212,-202],[366,-131],[161,-53],[183,-158],[149,-342],[-298,-1115],[-63,-368],[-29,-527],[-114,-263],[-235,-272],[-206,-237],[-97,-167],[-120,-315],[-143,-413],[-315,-886],[-183,-404],[-206,-228],[-1133,-877],[-212,-255],[-166,-368],[-92,-325],[-137,-562],[-137,-360],[-521,-974],[-269,-561],[-132,-404],[-51,-474],[-6,-175],[-6,-544],[0,-141],[0,-421],[-200,-377],[-252,17],[-200,114],[-406,246],[-378,158],[-578,246],[-252,35],[-269,-9],[-155,-17],[-354,-27],[-212,-123],[-229,-386],[-86,-228],[-143,-465],[-498,-2299],[-938,-3589],[-121,-509],[-34,-404],[-6,-280],[58,-290],[206,-404],[469,-587],[475,-448],[606,-456],[1683,-1053],[200,-123],[281,-211],[200,-193],[492,-614],[750,-930],[492,-614],[97,-211],[52,-430],[-11,-237],[-92,-474],[-218,-316],[-366,-333],[-212,-193],[-131,-281],[-97,-360],[-126,-509],[-126,-491],[-109,-430],[-80,-281],[-178,-360],[-389,-596],[-377,-597],[-138,-272],[-114,-272],[-63,-448],[343,-219],[1013,-535],[315,8],[212,-149],[194,-368],[172,-141],[263,-149],[309,0],[321,-158],[171,-131],[189,-141],[149,-114],[275,-193],[172,-105],[211,-149],[183,-308],[58,-289],[40,-404],[34,-272],[195,-289],[143,-79],[257,-167],[206,-158],[115,-518],[200,-193],[97,-518],[235,-114],[292,114],[160,-272],[52,-526],[188,-333],[172,-273],[97,-403],[63,-483],[-131,-333],[74,-272],[-177,-272],[91,-413],[212,-263],[166,105],[206,-70],[258,-246],[320,-140],[235,-9],[103,-237],[74,-377],[229,-430],[23,-254],[177,-281],[224,-342],[171,-176],[195,-272],[86,-219],[148,-281],[86,-439],[143,-210],[-480,-711],[-418,-421],[-761,-781],[-1557,-1264],[-544,-465],[-297,-255],[-361,-368],[-1946,-2001],[-2552,-2527],[-86,-79],[-944,-667],[-2078,-1088],[-154,-88],[-1505,-1018],[-435,-395],[-2307,-2404],[-961,-930],[-57,-61],[-1099,-1282],[-1231,-1228],[-978,-1062],[-464,-605],[-252,-334],[-211,-263],[-882,-1062],[-521,-500],[-560,-342],[-69,-35],[-658,-307],[-630,-62],[-257,-26],[-721,44],[-315,70],[-727,404],[-189,105],[-257,88],[-149,43],[-246,18],[-458,-79],[-206,-149],[-275,-299],[-40,-70],[-280,-482],[-487,-1062],[-246,-255],[-126,-87],[-458,-202],[-601,-360],[-383,-219],[-315,-88],[-315,-18],[-526,79],[-824,299],[-487,123],[-366,0],[-258,-53],[-303,-62],[-217,-140],[-189,-123],[-269,-272],[-532,-948],[-910,-2106],[-218,-508],[-212,-369],[-143,-193],[-1001,-781],[-263,-228],[-235,-246],[-92,-175],[-177,-351],[-200,-378],[-195,-245],[-212,-167],[-309,-79],[-86,9],[-360,26],[-80,0],[-349,26],[-269,-79],[-149,-140],[-178,-404],[18,-421],[74,-237],[189,-333],[166,-264],[395,-614],[97,-263],[6,-351],[-115,-202],[-263,-316],[-155,-456],[69,-281],[315,-869],[6,-394],[-103,-395],[-126,-237],[-424,-474],[-1070,-1422],[-349,-386],[-332,-368],[-939,-571],[-1116,-482],[-1625,-404],[-1042,-509],[-240,-123],[-412,-210],[143,-606],[195,-737],[97,-281],[114,-219],[401,-588],[280,-369],[372,-473],[636,-860],[160,-229],[698,-886],[75,-228],[-58,-377],[-314,-781],[-58,-439],[6,-316],[57,-298],[138,-299],[206,-298],[120,-246],[160,-438],[281,-922],[257,-386],[321,-158],[314,-123],[1689,-333],[291,-62],[1219,-351],[973,-254],[1288,-298],[893,-229],[149,-52],[360,-167],[309,-184],[155,-141],[212,-298],[125,-298],[103,-228],[138,-290],[103,-439],[137,-158],[189,-237],[115,-245],[28,-360],[-46,-255],[132,-315],[143,-387],[149,-280],[-63,-299],[-86,-237],[143,-377],[103,-430],[86,-298],[86,-448],[200,-395],[120,-272],[-5,-465],[-510,-772],[-17,-18],[-389,-482],[-132,-167],[-189,-289],[-131,-439],[-92,-685],[-74,-351],[-235,-667],[-395,-921],[-211,-368],[-98,-448],[69,-316],[303,-1088],[241,-693],[45,-457],[18,-307],[34,-377],[206,-930],[74,-316],[86,-562],[23,-166],[109,-737],[91,-1027],[241,-1430],[80,-518],[-29,-246],[-40,-316],[-51,-430],[-149,-1000],[29,-448],[80,-245],[206,-641],[206,-579],[423,-1150],[189,-201],[166,-483],[109,-369],[74,-342],[86,-403],[206,-290],[-46,-316],[46,-535],[-109,-421],[-263,-211],[-120,-219],[-189,-246],[-292,-141],[-194,-228],[-98,-500],[-189,-35],[-314,-158],[-143,-175],[-241,-44],[-160,-9],[-235,-176],[-280,-149],[-303,-307],[-184,-114],[-269,193],[-183,26],[-332,106],[-217,-62],[-195,-114],[-229,-272],[-160,-298],[-235,-26],[-188,-290],[-281,211],[-320,-220],[-264,-158],[-234,158],[-229,123],[-200,-219],[-138,-343],[-120,-210],[-223,-123],[-200,-430],[-29,-307],[-109,-307],[-194,-106],[-81,-263],[-194,-456],[-263,-35],[-269,-18],[-224,18],[-349,88],[-229,-18],[-11,456],[-46,351],[-303,132],[-332,-123],[-246,-237],[-138,-447],[-160,-220],[-257,141],[23,324],[-281,193],[-240,-377],[-344,167],[-143,79],[-223,184],[-269,26],[-515,9],[-160,-114],[-149,-263],[-155,-176],[-194,-61],[-86,-430],[-23,-518],[-114,-237],[-292,-17],[-126,-202],[-86,-483],[-23,-368],[-320,-263],[-40,-474],[-183,-325],[-344,184],[-223,-26],[-115,-219],[6,-395],[-172,-290],[-148,-35],[-229,88],[-201,-351],[-103,-465],[-97,-430],[-194,-176],[-229,-175],[-298,272],[-195,17],[-331,-61],[-86,-193],[-46,-457],[-137,-245],[-269,210],[-269,-368],[-29,-360],[-321,-158],[-246,141],[-229,280],[-217,-105],[-235,-105],[-292,-185],[-234,-157],[-166,-9],[-258,175],[-171,-123],[-138,-237],[-229,-280],[-211,-430],[51,-351],[178,-422],[-166,-386],[-103,-149],[-229,-167],[-138,115],[-200,210],[-155,184],[-206,-289],[-343,-9],[-252,-140],[-286,96],[-46,184],[-229,290],[-229,70],[-223,44],[-177,-325],[-309,-245],[-160,298],[-63,430],[-75,167],[-172,403],[-206,-70],[-228,228],[-315,202],[-229,211],[-120,193],[-229,149],[-246,-254],[-172,-141],[-292,123],[-183,-246],[-97,-368],[-40,-465],[-18,-527],[275,-70],[-46,-544],[-5,-369],[-184,-201],[-188,158],[-309,79],[-172,-185],[-303,62],[-332,184],[34,491],[92,281],[22,342],[-234,246],[-223,-246],[-264,-96],[-274,-158],[-241,-228],[-343,-158],[-321,-35],[-143,298],[-177,167],[-189,-88],[-114,-298],[-35,-290],[-234,-289],[-138,-457],[-263,-131],[-120,315],[-326,-52],[-309,-456],[80,-299],[160,-360],[-137,-254],[-52,-298],[-195,-457],[-91,-377],[-281,-333],[-337,17],[-143,79],[-212,-281],[-23,-360],[-109,-386],[-91,-289],[-183,-246],[-161,-96],[-188,-62],[-298,105],[-292,-193],[-172,-254],[-57,-395],[-154,-228],[-304,123],[-80,281],[-292,43],[-160,299],[-166,202],[-257,-132],[-258,17],[-166,-394],[-195,-220],[-280,44],[-120,-105],[-143,-369],[-241,-175],[-223,386],[-223,-272],[-280,149],[-235,281],[-240,-211],[-184,-79],[-183,158],[-234,-17],[-269,228],[-183,298],[-121,377],[-74,308],[-17,403],[-252,106],[-223,122],[-235,62],[-280,140],[-355,106],[-155,394],[-68,264],[-75,298],[-74,377],[-229,79],[-252,325],[-137,184],[-166,141],[-206,44],[-206,175],[-275,-290],[-155,-324],[-131,-220],[-223,44],[-241,-79],[-286,149],[-109,255],[-137,228],[-160,334],[-86,465],[-218,52],[-343,149],[-200,220],[-212,35],[-172,35],[-217,193],[-126,158],[-252,184],[-131,114],[-287,-122],[-309,-167],[-194,193],[-201,377],[-74,220],[103,333],[-63,342],[-74,307],[28,272],[-120,325],[-91,412],[154,176],[-601,474],[-1757,991],[-1156,413],[-813,263],[-257,53],[-206,-53],[-1534,-1000],[-132,-158],[-1236,-2966],[-143,-492],[-343,-1518],[-172,-649],[-17,-44],[-217,-1009],[-224,-430],[-229,-430],[-154,-377],[-200,-465],[-166,-457],[-166,-421],[-172,-482],[-200,-597],[-287,-746],[-372,-992],[-143,-394],[-286,-720],[-166,-456],[-108,-378],[-149,-526],[-80,-334],[-35,-289],[29,-421],[-46,-351],[-904,473],[-378,141],[-223,-193],[-132,-325],[-435,377],[-229,220],[-183,175],[-211,123],[-315,228],[-201,167],[-326,114],[-286,79],[-212,114],[-183,132],[-269,202],[-160,-334],[-109,-175],[23,-386],[103,-413],[103,-474],[0,-316],[-114,-263],[-23,-447],[166,-158],[223,-246],[63,-193],[143,-325],[177,-474],[-114,-254],[34,-518],[-51,-395],[-223,-166],[-195,-229],[-126,-342],[-80,-333],[-17,-378],[-172,-254],[-166,-140],[-246,0],[-200,-395],[-75,-299],[-5,-307],[-143,-298],[-143,-149],[-350,26],[-103,237],[-251,-9],[-166,-17],[-246,175],[-178,-175],[-189,-360],[-280,-202],[-286,-88],[-195,-342],[-97,-325],[-103,-394],[-115,-334],[-120,-193],[-286,-316],[-114,-263],[-155,-307],[-155,-79],[-269,70],[-274,-202],[-189,-298],[6,-369],[34,-526],[-298,-272],[35,-483],[-138,-333],[-360,-62],[-212,-88],[-120,-166],[-263,-299],[-224,-70],[-51,-316],[-155,-184],[-206,-70],[-274,-62],[-269,9],[-218,44],[-154,-123],[-172,-149],[-149,-228],[-177,-456],[-12,-430],[132,-474],[252,52],[0,-552],[-69,-439],[-29,-246],[29,-500],[109,-316],[212,-351],[160,-79],[200,-219],[115,-211],[217,-211],[86,-280],[-137,-360],[-52,-369],[-46,-421],[-120,-351],[-137,-447],[-126,-343],[-212,-140],[-280,-298],[-86,-334],[-120,-526],[91,-465],[178,-360],[143,-272],[51,-325],[29,-377],[131,-316],[149,-79],[201,-105],[143,-334],[-46,-324],[80,-387],[126,-254],[120,-219],[46,-290],[-138,-456],[-154,-220],[-69,-517],[212,-167],[23,-342],[-69,-448],[-189,-421],[-171,-237],[-183,-369],[-201,-342],[-292,-202],[-188,-351],[11,-359],[46,-264],[126,-377],[34,-307],[114,-290],[-91,-412],[-321,-9],[-326,9],[-40,-527],[29,-280],[74,-299],[149,-491],[97,-272],[98,-325],[-23,-360],[91,-254],[120,-298],[63,-229],[40,-535],[18,-333],[45,-316],[155,-351],[257,-544],[109,-307],[40,-395],[-481,-1922],[-497,-2729],[-544,-2378],[-235,-7626],[-795,176],[-767,-2922],[-120,-53],[-264,185],[-503,-817],[-304,-508],[-263,-387],[-114,-184],[-229,-439],[-321,-596],[-606,-1176],[-475,-930],[-498,-966],[-452,-824],[-80,-246],[-41,-307],[-11,-483],[29,-298],[97,-334],[143,-193],[143,-263],[80,-386],[155,-246],[252,-605],[154,-369],[235,-1088],[17,-237],[114,-1298],[63,-650],[-5,-561],[0,-562],[5,-711],[-11,-588],[-12,-421],[40,-351],[63,-456],[18,-579],[74,-360],[172,-807],[57,-676],[0,-614],[-23,-422],[-69,-272],[-131,-386],[-132,-596],[-34,-404],[-58,-491],[-114,-659],[-166,-640],[-92,-474],[-137,-448],[-74,-236],[-304,394],[-240,369],[-286,211],[-269,43],[-246,-35],[-223,-228],[-498,-886]],[[883501,253387],[-115,0],[-252,-9],[-400,-105],[-384,-53],[-400,27],[-567,78],[-1064,509],[-229,299],[-52,149],[-166,333],[-194,123],[-269,228],[-412,36],[-315,-9],[-321,-18],[-211,-70],[-161,-219],[-171,-308],[-149,-780],[-286,-808],[-292,-526],[-275,-448],[-332,-412],[-418,-342],[-909,-939],[-275,-272],[-326,-211],[-361,-272],[-355,-140],[-206,-141],[-126,-219],[-120,-272],[-309,-544],[-309,-9],[-132,35],[-269,219],[-452,193],[-400,185],[-355,96],[-487,70],[-343,176],[-366,325],[-435,368],[-246,404],[-166,403],[-155,781],[-46,474],[23,386],[52,343],[51,324],[0,316],[-34,272],[-229,369],[-303,342],[-452,298],[-264,62],[-314,17],[-327,-35],[-257,-26],[-332,70],[-269,219],[-240,299],[-121,272],[-34,386],[0,360],[212,728],[51,597],[29,456],[-97,386],[-584,1132],[-206,369],[-229,52],[-578,9],[-412,-105],[-321,61],[-280,202],[-69,290],[-74,473],[6,966],[-41,667],[6,728],[57,474],[224,544],[85,219],[201,334],[120,526],[6,360],[-12,562],[-97,509],[-80,403],[0,272],[51,325],[121,272],[257,70],[355,70],[309,-8],[132,166],[74,325],[17,377],[-154,1009],[-212,685],[-298,526],[-669,746],[-538,483],[-407,360],[-177,386],[23,342],[126,430],[108,237],[218,351],[309,597],[383,693],[464,526],[212,430],[206,579],[131,711],[138,1229],[-52,509],[-189,649],[-51,123],[-166,386],[6,377],[103,465],[154,325],[235,597],[131,342],[201,693],[143,728],[6,536],[-12,307],[-229,597],[-349,658],[-383,561],[-361,395],[-1288,685],[-452,342],[-503,377],[-435,492],[-338,465],[-172,280],[-148,237],[-109,316],[-143,421],[-206,729],[-17,474],[-138,456],[12,447],[120,229],[234,307],[63,456],[-103,781],[-183,1351],[75,272],[520,281],[544,386],[206,141],[160,140],[98,272],[-241,1150],[29,316],[183,377],[189,210],[177,132],[149,237],[86,246],[34,456],[109,263],[218,88],[154,35],[263,88],[172,96],[206,167],[160,377],[149,229],[263,-9],[321,26],[235,140],[171,53],[229,88],[366,184],[344,220],[257,298],[189,96],[298,123],[423,255],[183,140],[206,202],[109,140],[143,264],[206,351],[138,395],[34,114],[143,1026],[80,527],[143,316],[149,438],[29,501],[-115,315],[-234,27],[-298,44],[-275,-114],[-303,166],[-315,167],[-297,-237],[-155,-132],[-223,-114],[-246,-17],[-235,298],[-143,342],[-109,246],[-137,184],[-160,150],[-332,0],[-206,-79],[-201,-53],[-234,-237],[-143,-246],[-98,-289],[-68,-281],[-63,-325],[-223,-342],[-246,-114],[-275,79],[-378,132],[-160,79],[-246,105],[-401,167],[-435,465],[-606,202],[-493,35],[-349,-351],[-194,-606],[-527,-1149],[-435,-895],[-1585,-1343],[-246,-333],[-212,-308],[-229,-210],[-423,-35],[-664,228],[-979,465],[-795,693],[-481,237],[-532,263],[-424,35],[-629,-17],[-1797,0],[-1116,70],[-613,35],[-549,132],[-326,61],[-664,369],[-601,79],[-321,44],[-257,-167],[-281,-237],[-206,-219],[-183,-44],[-223,70],[-137,202],[-287,105],[-200,18],[-206,43],[-395,62],[-315,210],[-160,-17],[-189,272],[-143,105],[-320,62],[-183,175],[-172,27],[-235,61],[-143,105],[-240,211],[-120,96],[-401,237],[-137,88],[-246,158],[-292,272],[-252,298],[-115,237],[-45,439],[-264,70],[-91,-281],[-344,-184],[-303,-131],[69,-360],[257,-176],[92,-166],[-52,-571],[-154,-439],[-109,-175],[-160,-272],[-206,-325],[-23,-316],[-57,-377],[-212,-254],[-92,-518],[-188,-421],[-155,-474],[-200,-395],[-201,-360],[-154,-289],[-229,-702],[-195,-369],[-154,-386],[-6,-360],[12,-395],[-46,-500],[-40,-333],[68,-369],[144,-456],[28,-307],[-200,-465],[-86,-536],[-51,-438],[-12,-334],[189,-272],[252,-290],[-12,-342],[-40,-281],[-143,-298],[-63,-158],[46,-482],[126,-343],[-57,-263],[-149,-632],[-292,-904],[-315,-947],[-475,-1624],[-149,18],[-503,237],[-206,-184],[-229,70],[-452,175],[-389,132],[-155,-97],[-189,-245],[-275,-53],[-131,-175],[-97,-325],[-144,-772],[-160,-518],[-257,-456],[-275,-518],[-441,500],[-28,35],[-367,360],[-847,869],[-297,342],[-761,1106],[-172,482],[-132,535],[-103,904],[-1230,1738],[-532,1614],[-521,1273],[-212,272],[-126,105],[-544,175],[-194,-26],[-332,-105],[-481,-53],[-732,79],[-378,263],[-372,299],[-326,105],[-189,-26],[-315,632],[-383,675],[-361,342],[-275,395],[-549,773],[-275,280],[-211,404],[-189,772],[-92,500],[-269,97],[-149,158],[-360,561],[-298,351],[-320,194],[-504,193],[-692,570],[-109,167],[-120,579],[-246,298],[-968,483],[-166,403],[573,3186],[257,1535]],[[757668,427053],[-200,-1097],[-590,-913],[-383,-824],[-343,-720],[-235,-360],[-160,-298],[-103,-219],[-184,-360],[-532,-1264],[-343,-1018],[-286,-1018],[-275,-860],[-441,-1614],[-171,-746],[-23,-562],[17,-307],[0,-263],[-97,-412],[-23,-229],[-183,-359],[-149,0],[-315,26],[-252,-18],[-23,-614],[-40,-1035],[-137,-474],[-361,-53],[-538,-61],[-63,-62],[12,-579],[-195,-421],[-257,-254],[-98,-115],[-1293,-1930],[-618,-623],[-446,-527],[-464,-517],[-74,-79],[-475,-448],[-315,-342],[-120,-70],[-287,-18],[-457,-61],[-659,-211],[-721,-368],[-1013,-773],[-658,-508],[-217,-211],[-366,-351],[-407,-395],[-709,-1211],[-287,-1176],[-480,-2413],[-132,-456],[-326,-483],[-252,-298],[-172,-97],[-526,-52],[-86,-176],[-292,-263],[-69,-44],[-332,0],[-166,-149],[-5,-1062],[-63,-1334],[372,-1641],[-263,-579],[-619,-351],[-389,-158],[-486,-44],[-258,35],[-120,18],[-389,0],[-338,70],[-526,141],[-161,-246],[-841,-2018],[-91,-220],[-189,-193],[-178,-272],[-160,-202],[-315,-438],[-114,-158],[-521,-755],[-332,-456],[-217,-430],[-246,-378],[-195,-412],[-92,-254],[-183,-255],[-286,-368],[-143,-132],[-200,-176],[-178,-412],[-194,-333],[-206,-150],[-464,-658],[-343,-491],[-143,-360],[-138,-290],[-211,-122],[-504,-220],[-332,-219],[-475,-816],[-870,-1685],[-1185,-2966],[-1024,-2738],[-446,-1018],[-584,-912],[-366,-614],[-332,-667],[-349,-720],[-166,-430],[-258,-860],[-46,-140],[-234,-895],[-390,342],[-669,798],[-52,-26],[-280,-1079],[-97,-211],[-161,-869],[-131,-666],[-155,-781],[-120,-457],[-303,44],[-229,105],[-263,150],[-161,-123],[-97,-439],[-189,-974],[-131,-18],[-287,71],[-652,166],[-630,185],[-183,79],[-297,131],[-441,281],[-103,-456],[-69,-957],[0,-17],[-103,-676],[-51,-61],[-332,184],[-155,-413],[-280,-737],[-315,-772],[-189,-228],[-217,61],[-235,71],[-240,122],[-149,71],[-235,-35],[-240,-27],[-229,-114],[-257,-184],[-166,-70],[-252,-325],[-538,-649],[-160,-141],[-235,-114],[-263,-70],[-178,-96],[-97,-413],[40,-272],[23,-430],[-12,-395],[-34,-474],[-109,-465],[-17,-272],[-11,-526],[40,-290]],[[647694,273561],[-2449,1026],[-905,378],[-635,324],[-200,97],[-424,184],[-658,237],[-772,176],[-647,157],[-630,290],[-34,290],[120,456],[-103,167],[-275,105],[-320,140],[-309,141],[-69,219],[223,834],[-228,245],[-435,343],[-516,456],[-383,342],[-320,325],[-224,132],[-154,35],[-441,-27],[-309,9],[-595,88],[-223,52],[-258,150],[-154,140],[-155,176],[-269,324],[-452,571],[-532,719],[-109,141],[-395,500],[-6,8],[-543,106],[-962,140],[-543,97],[-681,210],[-693,185],[-1082,307],[-480,166],[-229,71],[-670,245],[-6,202],[103,456],[126,343],[63,517],[-5,518],[28,465],[-200,404],[-366,210],[-407,281],[-549,378],[-23,-9],[-92,-1009],[-68,-27],[-584,316],[-177,88],[-212,-219],[-126,-430],[-97,-71],[-613,308],[-120,61],[-332,158],[-212,149],[-1035,342],[-710,114],[-1105,115],[-538,26],[-5,0],[-693,193],[-446,123],[-326,79],[-321,52],[-235,0],[-326,-26],[-246,-79],[-137,-237],[-195,-105],[-338,-53],[-223,18],[-292,61],[-326,70],[-252,35],[-326,202],[-86,316],[-80,360],[-263,263],[29,342],[28,246],[52,342],[-6,281],[-223,202],[-143,132],[-183,166],[-247,185],[-228,122],[-275,0],[-143,492],[-195,632],[-109,447],[-63,316],[-269,26],[-354,36],[-384,17],[-143,140],[-212,229],[-332,26],[-589,140],[-46,536],[35,377],[-166,228],[-281,26],[-355,27],[-314,35],[-235,0],[-195,0],[-206,-18],[-194,0],[-201,-9],[-211,290],[-103,298],[-63,255],[-92,386],[-149,193],[-263,-61],[-361,8],[-211,18],[-315,9],[-303,482],[-109,132],[-286,9],[-212,-18],[-320,-456],[-292,-325],[-126,114],[-241,237],[184,421],[183,395],[549,1211],[303,746],[-103,237],[-194,149],[-281,70],[-320,18],[-189,18],[-195,79],[-251,149],[-201,105],[-194,272],[17,483],[0,491],[-52,246],[-80,333],[-51,255],[-52,403],[-40,360],[-126,491],[-137,501],[-86,210],[-40,378],[52,210],[165,316],[-103,377],[-171,597],[-155,351],[-246,500],[-114,237],[-138,465],[-51,343],[-29,272],[-63,482],[-257,-26],[-223,-193],[-332,26],[-367,132],[-234,79],[-538,105],[-252,70],[-200,27],[-184,0],[-269,61],[-297,61],[-166,44],[-286,-35],[-367,70],[-274,0],[-412,-70],[-315,-96],[-263,26],[-143,-9],[-218,88],[-143,298],[-252,264],[-126,245],[-91,439],[-80,386],[-69,404],[-126,324],[-109,229],[-86,307],[-183,456],[-211,254],[-92,220],[-6,509],[-326,26],[-286,18],[-235,280],[-68,246],[-35,307],[-23,351],[-91,386],[-149,220],[-343,596],[-1031,-52],[-51,0],[-1087,-9],[-676,79],[-841,132],[-1219,324],[-1099,334],[-1082,439],[-686,272],[-967,579],[-653,386],[-269,131],[-1591,755],[-309,140],[-526,246],[-830,465],[-218,123],[-938,1272],[-538,817],[-636,745],[-1270,1448],[-1105,799],[-309,219],[-51,26],[-475,202],[-1637,518],[-1608,474],[-2020,597],[-2295,772],[-1105,518],[-715,105],[-1820,-158],[-2387,-316],[-1654,-219],[-1694,-351],[-1865,-325],[-2541,-1115],[-510,-359],[29,70],[234,667],[166,772],[172,491],[212,571],[223,675],[137,404],[355,799],[235,333],[80,325],[-200,447],[-195,343],[-17,333],[120,404],[75,149],[234,281],[166,184],[235,447],[269,334],[297,88],[418,61],[172,456],[-137,667],[-23,334],[80,280],[475,553],[349,351],[235,360],[91,228],[103,527],[109,702],[-6,281],[-504,359],[-143,141],[-211,289],[-298,386],[-469,597],[-315,202],[-412,79],[-223,53],[-241,96],[-297,211],[-366,289],[-166,176],[-264,219],[-154,35],[-532,27],[-933,70],[-344,35],[-143,26],[-669,237],[-693,263],[-223,369],[6,307],[-172,448],[-40,324],[-97,281],[-121,184],[-154,369],[-75,193],[-91,377],[-69,272],[-63,272],[-11,413],[103,210],[86,395],[17,211],[80,342],[40,456],[0,246],[0,465],[6,535],[-23,518],[-12,342],[109,465],[132,378],[-6,368],[-74,220],[-63,394],[74,281],[172,430],[-92,351],[-171,62],[-212,-44],[-275,193],[-40,210],[-63,360],[-114,474],[-86,307],[-315,132],[-252,-105],[-183,456],[-229,96],[-154,-193],[-321,185],[-80,307],[-120,263],[-92,421],[-86,316],[-257,79],[-189,360],[-97,289],[-103,229],[-275,35],[-292,26],[-149,175],[-189,193],[-108,492],[-349,158],[-218,167],[-166,87],[-154,211],[-309,88],[-241,70],[-297,-158],[-161,-61],[-257,61],[-160,0],[-224,-114],[-229,-351],[-257,-26],[-258,78],[-291,167],[-166,369],[-309,193],[-166,439],[-218,87],[-217,193],[-63,246],[-252,88],[-292,114],[-149,377],[-6,263],[-217,422],[-269,96],[-126,18],[-286,123],[-149,184],[-286,79],[-217,325],[-218,272],[-200,0],[-223,166],[-103,500],[45,360],[-206,421],[35,536],[-132,351],[-189,386],[-200,26],[-229,-140],[-155,131],[-166,369],[-183,237],[-315,-255],[-143,-289],[-22,-413],[-241,-44],[-177,-157],[-281,79],[-143,175],[-286,114],[-166,263],[57,272],[-74,325],[-69,272],[40,465],[6,377],[-320,185],[-172,-299],[-212,-175],[-269,333],[-160,202],[-263,255],[-155,17],[-235,-70],[-326,9],[-97,289],[-34,404],[-184,395],[-80,386],[-126,149],[-337,-140],[-23,-272],[-137,-395],[-155,-184],[-189,-211],[-303,44],[-172,114],[-257,35],[-287,333],[-183,194],[-171,228],[-229,272],[292,438],[57,71],[412,456],[246,228],[916,702],[870,720],[864,974],[108,140],[962,1062],[34,351],[46,509],[126,368],[97,158],[166,281],[218,316],[360,474],[344,465],[206,307],[217,2984],[126,982],[86,299],[229,421],[212,263],[309,263],[372,308],[246,289],[166,342],[137,378],[412,1202],[166,553],[57,377],[0,386],[-189,1176],[-91,877],[0,483],[6,509],[85,535],[178,483],[933,2229],[91,333],[138,465],[188,790],[58,369],[126,895],[91,789],[46,430],[57,536],[75,351],[166,675],[469,1369],[589,1334],[258,948]],[[484376,544655],[-40,0],[-1351,106],[-847,245],[-1305,650],[-240,158],[-212,79],[-166,26],[-200,-9],[-281,-79],[-332,-219],[-200,-237],[-212,-430],[-166,-368],[-171,-237],[-195,-220],[-223,-193],[-344,-228],[-429,-228],[-269,-167],[-166,-149],[-206,-193],[-217,-167],[-309,-131],[-241,-79],[-337,-53],[-321,-53],[-349,0],[-446,53],[-338,-18],[-235,-79],[-320,-61],[-229,-18],[-183,-17],[-201,9],[-349,122],[-194,79],[-212,53],[-269,-9],[-217,-26],[-247,-70],[-303,-97],[-269,-96],[-280,-149],[-389,-211],[-338,-211],[-269,-184],[-298,-210],[-314,-237],[-264,-185],[-875,-781],[-315,-175],[-206,-62],[-343,-105],[-224,-79],[-314,-167],[-155,-87],[-286,-158],[-229,-106],[-338,-114],[-509,-114],[-109,-87],[-246,-834],[-97,-290],[-46,-263],[-40,-404],[-23,-289],[-57,-263],[-155,-246],[-148,-158],[-195,-114],[-298,-132],[-812,-307],[-1299,-430],[-1162,-412],[-1557,-483],[-1465,-377],[-538,-106],[-1374,-236],[-1762,-299],[-590,-96],[-314,-106],[-1706,-675],[-1877,-930],[-1465,-948],[-292,-176],[-790,-500],[-418,-289],[-400,-290],[-183,-140],[-161,-123],[-394,-395],[28,-386],[132,-369],[143,-219],[103,-334],[86,-289],[-46,-474],[-178,-351],[-274,-26],[-12,-492],[-51,-517],[-12,-404],[189,-395],[17,-518],[0,-438],[46,-299],[97,-351],[-45,-289],[-92,-465],[52,-360],[80,-527],[-40,-281],[-241,-166],[-51,-281],[-143,-448],[-92,-359],[-275,17],[-188,114],[-172,79],[-246,-184],[-155,-325],[-120,-289],[-51,-220],[166,-412],[200,-114],[63,-448],[-97,-526],[125,-404],[338,79],[269,35],[143,-26],[269,-263],[69,-264],[63,-324],[46,-316],[-29,-413],[-6,-298],[6,-553],[-57,-272],[-212,-245],[-155,-106],[-28,-456],[97,-307],[155,-492],[189,-359],[0,-281],[-109,-404],[-218,-333],[-183,-123],[-149,-97],[-194,-263],[23,-526],[189,-378],[188,-131],[206,-9],[184,0],[11,-527],[-252,-245],[-212,-114],[-291,-211],[5,-693],[120,-518],[241,-167],[177,-61],[349,-26],[275,0],[212,-18],[189,-316],[-35,-298],[-97,-334],[-6,-421],[23,-254],[-189,-299],[-354,44],[-252,-26],[-178,-325],[12,-509],[68,-360],[109,-456],[6,-360],[11,-447],[98,-342],[166,-395],[108,-307],[98,-509],[-6,-386],[-109,-255],[-269,-79],[-194,237],[-252,-263],[0,-553],[-86,-228],[-200,-263],[-126,-185],[-103,-307],[183,-281],[240,35],[263,290],[155,246],[355,-62],[275,-342],[143,-210],[177,-308],[92,-193],[120,-333],[-17,-430],[-69,-193],[-298,-167],[-200,114],[-240,290],[-298,-88],[-114,-456],[-304,-264],[-234,-8],[-258,35],[-269,-193],[-326,-70],[-246,105],[-401,44],[-303,9],[-361,0],[-166,17],[-223,79],[-286,-26],[-206,-97],[-160,9],[-241,79],[-337,140],[-264,132],[-331,202],[-275,316],[-189,158],[-229,166],[-292,88],[-189,44],[-314,158],[-149,167],[-92,245],[-143,334],[-126,281],[-246,342],[-286,-149],[-309,-106],[-281,-114],[-234,-52],[-269,17],[-361,141],[-91,52],[-327,255],[-131,96],[-418,342],[-315,255],[-137,105],[-229,184],[-298,299],[-555,254],[-280,123],[-2673,1229],[-1305,789],[-3897,3203],[-155,123],[-1768,1009],[-372,211],[-109,53],[-543,394],[-693,536],[-469,298],[-504,386],[-412,369],[-481,377],[-469,430],[-378,316],[-503,553],[-550,588],[-583,640],[-613,535],[-406,369],[-246,193],[-384,193],[-469,237],[-584,325],[-898,430],[-738,316],[-601,254],[-487,211],[-297,158],[-252,175],[-321,263],[-315,176],[-217,123],[-292,105],[-200,105],[-241,53],[-263,44],[-212,52],[-240,62],[-160,0],[-304,9],[-194,70],[-189,105],[-223,132],[-309,149],[-189,79],[-298,219],[-217,176],[-298,167],[-194,52],[-281,53],[-171,53],[-241,96],[-206,105],[-275,237],[-154,316],[-126,228],[-177,360],[-109,404],[-178,465],[-103,272],[-177,360],[-46,298],[-57,456],[-63,369],[-46,281],[23,500],[-17,360],[-63,219],[-46,351],[-40,219],[-194,281],[-132,105],[-246,193],[-137,150],[-201,175],[-149,176],[-223,377],[-154,228],[-178,255],[-177,201],[-115,167],[-125,272],[-258,377],[-217,158],[-241,36],[-194,-27],[-287,246],[-68,281],[-29,386],[-74,500],[-103,369],[-252,105],[-212,-167],[-280,-149],[-195,105],[-275,272],[-148,228],[-155,211],[-257,97],[-298,184],[-160,377],[63,263],[63,430],[183,465],[114,518],[23,377],[46,395],[17,369],[69,298],[-172,334],[-710,17],[-492,9],[-498,9],[-68,0],[-304,0],[-360,-18],[-160,-9],[-1460,-184],[-664,-79],[-91,185],[-6,508],[-280,-70],[-338,-193],[-281,-167],[-274,141],[-69,307],[-80,421],[-269,211],[-177,-35],[-304,-70],[-120,149],[-355,87],[-234,-122],[-315,0],[-281,8],[-177,0],[-235,-96],[-314,-281],[-172,44],[-349,114],[-206,88],[-264,149],[-125,35],[-247,97],[-177,386],[-172,96],[-383,369],[86,289],[103,360],[91,290],[46,421],[-74,219],[-183,237],[-292,-26],[-241,35],[-189,96],[-251,123],[-149,18],[-120,456],[-6,360],[-252,377],[-315,141],[-246,123],[-143,272],[-131,456],[-18,421],[-57,333],[-160,308],[-258,368],[-131,386],[17,369],[-29,237],[-263,333],[-298,211],[-177,184],[-309,123],[-320,105],[-229,237],[-109,211],[-212,158],[-338,184],[-171,386],[-183,193],[-332,132],[-206,298],[-103,307],[-178,316],[-154,246],[-132,491],[155,614],[-309,88],[-195,-79],[-195,97],[-309,193],[-263,-202],[-160,-167],[-263,35],[-81,316],[-40,307],[-148,395],[-218,220],[-183,412],[-258,0],[-194,-246],[-321,44],[-234,114],[-281,290],[-51,237],[-178,439],[-217,-158],[-223,-272],[-235,-115],[-246,71],[-200,202],[-75,333],[-51,509],[-298,123],[-194,131],[-115,290],[-166,474],[-166,298],[-160,114],[-189,246],[-120,351],[-17,325],[-218,280],[-177,290],[-138,281],[-286,131],[-131,202],[-29,404],[-154,342],[-212,70],[-269,185],[-155,35],[-137,324],[-286,334],[-143,307],[23,535],[0,272],[-92,439],[-252,26],[-217,413],[-252,-193],[-298,52],[-280,307],[-258,378],[-286,61],[-252,-44],[-314,-26],[-183,439],[-126,254],[-235,9],[-206,-149],[-23,-448],[-269,-35],[-303,-263],[-115,-395],[-286,132],[-166,377],[-240,-9],[-183,35],[-235,-228],[-97,-474],[-166,-44],[-189,-272],[-240,-52],[-172,184],[-286,-316],[166,-228],[-103,-395],[-75,-377],[52,-413],[-195,-114],[-235,-70],[-360,-70],[-92,-430],[-326,-35],[-246,105],[-275,-88],[-160,123],[-257,211],[-184,-272],[41,-527],[-132,-245],[-86,-211],[-126,-395],[-143,-228],[-172,-167],[-292,-105],[-206,202],[-234,88],[-252,-123],[-166,-27],[-235,18],[-234,-18],[-143,-175],[-138,-219],[-246,157],[-223,255],[-252,-184],[-206,131],[-200,369],[-137,88],[-161,473],[-292,264],[-303,202],[-29,421],[-131,263],[-258,0],[-263,96],[-235,369],[-251,-167],[-281,-166],[-200,219],[-189,-70],[-275,0],[-166,-9],[-246,-105],[-275,-88],[-154,-176],[-258,-43],[-166,70],[-211,88],[-281,-27],[-234,272],[-75,290],[-154,289],[-58,509],[-257,193],[-177,-219],[-275,-281],[-223,-17],[-321,35],[-200,-106],[-166,-105],[-240,-17],[-132,-132],[-303,-193],[-172,-123],[-6,-430],[-137,-263],[-258,88],[-269,-62],[-166,-114],[-68,-333],[-23,-281],[-69,-281],[-246,-246],[-195,-44],[-291,-245],[-229,-263],[-247,-44],[-211,-35],[-172,8],[-195,9],[-280,35],[-298,18],[-143,35],[-223,17],[-280,44],[-332,-193],[-206,-333],[-103,-255],[-212,-87],[-195,96],[-188,-96],[-69,-404],[-212,-386],[-137,237],[-223,245],[-218,18],[29,-527],[-126,-465],[-309,-8],[-183,70],[-143,403],[-269,-8],[-149,-114],[-326,-150],[-304,-96],[-269,167],[-183,-44],[-200,-220],[-172,-263],[-177,-281],[-304,-289],[-246,70],[-246,-351],[-275,-158],[-17,-377],[58,-299],[-184,-280],[-349,-141],[-189,-193],[-125,-351],[-332,149],[-109,325],[-149,114],[-257,-395],[-81,-272],[-143,-263],[-160,-255],[-46,-237],[-206,-175],[-343,-44],[-212,-202],[-257,-44],[-63,-324],[-109,-404],[-74,-175],[-201,-229],[-275,-351],[-263,-131],[-269,-62],[-189,-149],[-171,-245],[-355,-97],[-212,333],[-223,106],[-200,-290],[-212,-96],[-263,-308],[-178,413],[-269,246],[-212,-158],[12,-474],[11,-386],[-57,-281],[-103,-439],[-172,-342],[-229,140],[-194,316],[-235,-254],[-120,-237],[109,-325],[-52,-482],[-148,-272],[-264,26],[-114,263],[6,360],[-298,272],[-200,-281],[-52,-351],[-91,-430],[-149,-79],[-229,-70],[-115,-114],[-206,-202],[-154,-132],[-149,-289]],[[332486,540663],[-258,-158],[-291,211],[-212,263],[34,289],[178,290],[137,395],[-200,421],[-155,-97],[-252,-79],[-120,308],[-51,219],[-189,333],[-258,44],[-131,-359],[-92,-202],[-298,123],[-34,368],[-86,255],[-240,333],[-183,202],[-161,430],[-223,237],[-200,237],[-183,0],[-252,-9],[-292,184],[-263,70],[-166,35],[-195,18],[-274,61],[-195,71],[-286,-123],[-298,-290],[-286,-52],[-194,-158],[-149,-97],[-223,149],[-224,44],[-160,-79],[-229,105],[-183,167],[-74,290],[57,298],[-229,211],[-229,-360],[-86,-237],[-131,-369],[-41,-289],[-206,-281],[-154,-210],[-92,-264],[-206,-386],[-229,0],[-246,35],[-223,123],[-131,237],[-258,351],[-326,-18],[-252,-149],[-315,-87],[-194,79],[-344,61],[-309,88],[-194,158],[-212,237],[-126,175],[-177,474],[-109,368],[-138,132],[-269,290],[-217,210],[-298,-114],[-206,35],[-166,53],[-223,26],[-143,114],[-114,325],[-241,263],[-234,0],[-126,-131],[-206,-167],[-275,0],[-240,-9],[-281,123],[-200,140],[-160,79],[-258,-114],[-109,-421],[-257,-368],[-235,96],[-160,53],[-206,-88],[-149,-430],[-360,-79],[-269,290],[-304,-36],[-189,-175],[-217,-439],[-17,-245],[-40,-430],[-98,-316],[-297,-149],[-195,-53],[-223,-97],[-149,-87],[-143,-299],[-23,-210],[-91,-457],[-309,-245],[-332,96],[-189,9],[-269,-184],[-189,-220],[-240,-307],[-224,-386],[-137,-298],[-137,-483],[114,-404],[143,-166],[126,-386],[-11,-237],[-115,-290],[-131,-140],[-218,-106],[-286,-193],[-103,-210],[-132,-255],[-229,-237],[-280,-96],[-177,-246],[-172,-254],[-137,-150],[-166,-175],[-252,-26],[-149,201],[-195,211],[-177,176],[-309,-27],[-183,378],[274,263],[155,123],[240,307],[269,289],[447,483],[149,193],[434,491],[235,290],[166,491],[109,483],[63,535],[46,343],[97,438],[80,483],[69,281],[171,377],[155,272],[120,474],[92,272],[137,395],[103,518],[86,377],[154,430],[126,281],[120,509],[98,482],[91,553],[103,746],[183,447],[430,904],[-241,281],[-309,263],[-137,123],[-258,246],[-251,263],[-75,79],[-389,421],[269,307],[235,115],[131,26],[281,149],[149,246],[188,316],[246,403],[132,237],[229,263],[149,299],[86,228],[251,377],[121,272],[103,255],[286,158],[240,-53],[418,-53],[275,0],[251,97],[287,-140],[251,-97],[378,53],[155,0],[217,17],[212,-79],[154,-61],[218,-27],[326,97],[338,70],[275,-26],[309,17],[223,18],[206,158],[286,430],[57,342],[40,492],[23,236],[40,378],[132,272],[114,158],[264,245],[280,220],[361,-62],[297,-52],[281,-88],[463,-176],[498,-201],[137,482],[23,553],[86,334],[97,315],[189,413],[212,368],[269,369],[206,237],[120,149],[212,395],[235,307],[394,290],[258,193],[195,158],[211,351],[143,316],[144,272],[188,359],[189,343],[229,368],[292,298],[372,299],[406,342],[344,246],[561,395],[229,219],[160,255],[86,272],[120,333],[509,1141],[143,403],[63,272],[75,422],[137,631],[-441,1167],[-681,1255],[-1539,2010],[-292,263],[-189,140],[-1459,1036],[-630,588],[-670,281],[-297,70],[-292,88],[-206,105],[-544,386],[-789,632],[-69,44],[-321,175],[-314,132],[-81,-413],[-188,-377],[-241,-228],[-206,-141],[-217,-254],[17,-500],[46,-272],[-115,-290],[-149,-298],[-286,-255],[-229,246],[-211,123],[-224,-149],[-366,-316],[-309,-26],[-252,17],[-206,9],[-200,131],[-355,-26],[-223,132],[-223,61],[-161,316],[-108,202],[-115,307],[6,518],[-69,509],[-269,79],[-154,-378],[-269,62],[-195,26],[-257,44],[-109,263],[-218,79],[-246,369],[-309,272],[-120,289],[-252,79],[-206,-26],[-309,-9],[-337,35],[-292,-131],[-172,140],[-189,439],[-343,35],[-195,237],[-343,-18],[-143,220],[-229,-211],[-120,-96],[-138,-395],[63,-264],[-212,-377],[-337,-131],[-218,0],[-211,122],[-143,246],[-298,149],[11,316],[-297,228],[-286,27],[-218,26],[-103,333],[-143,465],[29,299],[-201,246],[-349,-9],[-194,193],[-149,35],[-183,210],[-315,-8],[-52,-290],[-291,-35],[-218,421],[-109,176],[-143,360],[-51,228],[-132,280]],[[305061,582212],[160,387],[126,482],[75,316],[74,316],[57,237],[69,316],[86,351],[91,368],[58,255],[91,377],[143,562],[143,509],[121,386],[85,298],[86,255],[126,263],[178,228],[200,123],[200,167],[8390,8704],[1580,1018],[103,430],[63,307],[97,404],[126,527],[63,272],[143,465],[86,316],[46,201],[74,325],[46,316],[46,246],[68,412],[46,448],[52,456],[17,368],[0,351],[5,430],[12,343],[0,403],[-80,448],[-183,711],[-52,491],[12,369],[28,386],[12,307],[34,289],[57,430],[29,325],[5,246],[-11,526],[-34,527],[-17,202],[17,447],[11,255],[12,421],[5,263],[-126,377],[-137,150],[-315,465],[-801,1193],[-235,-26],[-326,-176],[-149,193],[-932,1273],[-241,333],[-114,123],[-183,272],[-138,140],[-171,211],[-138,132],[-200,166],[-338,255],[-51,474],[120,465],[97,324],[97,483],[46,211],[80,342],[98,412],[86,360],[97,439],[63,342],[109,430],[68,307],[52,377],[5,220],[-22,465],[-12,307],[-17,333],[-29,483],[-34,360],[-34,386],[-304,61],[-194,-123],[-161,-87],[-309,228],[-120,623],[-234,1062],[-172,693],[-126,421],[-195,562],[-274,939],[-75,201],[-154,466],[-292,1009],[-143,500],[-195,649],[-131,439],[-109,377],[217,325],[309,211],[275,184],[229,167],[149,482],[-86,404],[-63,298],[-57,290],[-80,456],[-75,360],[-74,395],[103,438],[229,255],[206,404],[86,403],[51,255],[75,430],[68,298],[46,254],[103,492],[109,526],[86,448],[103,500],[103,483],[86,412],[97,448],[57,289],[92,457],[91,368],[69,342],[120,413],[103,228],[120,272],[80,254],[103,351],[40,211],[92,526],[92,562],[80,500],[57,492],[40,342],[63,360],[109,359],[252,808],[120,412],[-12,395],[-86,184],[-28,536],[131,403],[81,281],[85,255],[201,456],[114,342],[326,1141],[235,939],[160,614],[183,649],[138,430],[63,465],[-6,202],[-29,360],[6,272],[63,298],[235,895],[86,325],[45,333],[46,404],[97,1027],[63,614],[126,1422],[57,640],[29,53],[612,167],[498,254],[464,298],[378,281],[492,535],[223,176],[200,44],[567,88],[618,0],[715,17],[1351,-9],[315,35],[143,97],[235,254],[263,308],[1024,1307],[258,298],[286,290],[647,676],[274,324],[292,465],[309,527],[166,228],[281,114],[326,114],[1270,1123],[201,220],[292,947],[120,-96],[417,-395],[275,-246],[218,-184],[314,-254],[121,333],[314,97],[527,-106],[69,-17],[320,-88],[303,-132],[332,-158],[430,-236],[881,-483],[149,-281],[269,-254],[240,61],[292,-18],[200,-184],[189,-184],[97,-263],[161,-290],[120,-395],[177,-281],[166,-368],[155,-228],[126,-220],[148,-263],[201,-360],[234,228],[218,141],[343,149],[281,79],[206,0],[166,-9],[612,97],[904,254],[447,228],[543,465],[458,509],[647,597],[801,1018],[698,983],[475,693],[515,763],[298,624],[1007,2316],[1128,1281],[234,-105],[126,-211],[275,150],[383,1237],[138,342],[131,316],[178,395],[172,307],[194,333],[155,325],[85,246],[92,351],[74,368],[58,527],[68,482],[46,466],[12,359],[0,378],[-35,333],[-57,597],[-34,640],[-52,852],[-51,535],[-69,368],[-92,299],[-108,289],[-596,1071],[-80,482],[-45,281],[-178,623],[-606,2150],[-676,2387],[-246,869],[-206,746],[-160,193],[-229,280],[-286,158],[-149,176],[-200,509],[-315,754],[-109,290],[-212,518],[-177,395],[-160,272],[-298,535],[-189,404],[-131,351],[-115,263],[-103,228],[-143,360],[-114,368],[-92,220],[-132,395],[-114,342],[-80,219],[-189,535],[-114,272],[-52,457],[86,254],[194,439],[-120,447],[-154,588],[-166,720],[-52,404],[46,245],[126,343],[143,412],[126,342],[74,211],[178,482],[-138,158],[-217,202],[-206,220],[-229,245],[-149,185],[-177,193],[-183,166],[-218,220],[-149,166],[-269,360],[-148,228]],[[341546,712126],[97,316],[103,307],[46,448],[51,360],[80,474],[115,517],[91,307],[80,378],[81,228],[154,456],[160,456],[143,334],[161,281],[154,254],[229,272],[189,237],[292,307],[194,211],[229,237],[241,316],[166,184],[292,307],[389,395],[492,483],[206,228],[177,202],[229,175],[281,228],[166,184],[292,272],[143,176],[166,237],[280,281],[847,983],[738,719],[246,237],[304,307],[229,158],[211,-61],[298,-158],[292,-185],[172,-149],[188,-140],[184,-114],[188,-255],[241,-412],[297,-263],[292,-123],[183,-44],[252,-18],[143,-26],[218,-79],[263,-9],[595,-8],[241,8],[326,35],[366,123],[469,141],[235,52],[172,-9],[343,-87],[355,-141],[412,-210],[389,-237],[303,-158],[281,-105],[200,-79],[252,-88],[223,-26],[378,0],[360,-9],[310,-70],[171,-106],[201,-79],[497,-96],[247,0],[326,26],[240,44],[332,9],[687,-70],[481,-106],[537,-70],[344,-35],[143,-26],[286,-88],[229,-114],[338,-176],[251,-219],[201,-237],[103,-114],[326,-334],[280,-272],[252,-228],[103,-114],[212,-263],[160,-246],[166,-96],[269,-27],[-11,-386],[286,-272],[212,-377],[211,-307],[264,-220],[63,-351],[143,-342],[137,-228],[223,-184],[92,-334],[229,-421],[194,158],[184,-263],[114,-369],[172,-184],[240,-281],[223,-272],[103,-368],[98,-167],[120,-325],[131,-333],[166,-404],[189,-184],[183,-290],[80,-316],[98,-280],[171,-290],[195,-61],[258,-316],[22,-386],[98,-308],[28,-219],[29,-351],[172,-474],[40,-281],[-6,-394],[246,-290],[212,-105],[229,-44],[223,-105],[240,-246],[309,-176],[264,-44],[332,-61],[143,290],[320,114],[338,114],[189,61],[343,-70],[246,105],[355,18],[160,61],[92,369],[46,281],[28,438],[-34,439],[-35,290],[-114,368],[-189,588],[17,237],[269,298],[258,281],[143,246],[109,237],[120,237],[120,202],[177,237],[184,377],[103,325],[40,254],[63,298],[143,518],[68,255],[80,333],[46,272],[52,377],[5,474],[69,395],[23,395],[0,526],[6,439],[11,483],[52,500],[28,193],[212,1220],[6,395],[-17,342],[-35,456],[-34,255],[-46,447],[35,386],[17,395],[114,413],[103,272],[189,333],[109,167],[223,289],[166,185],[229,298],[143,351],[103,456],[0,316],[80,263],[92,264],[114,386],[69,245],[97,325],[74,263],[104,272],[114,220],[160,272],[172,237],[149,202],[211,210],[178,176],[160,175],[298,149],[171,150],[172,236],[132,220],[200,386],[126,342],[177,439],[103,272],[86,237],[115,316],[229,333],[183,369],[57,333],[200,448],[161,272],[120,131],[309,211],[252,193],[171,307],[115,237],[86,281],[171,342],[132,228],[189,202],[200,255],[74,272],[98,342],[120,237],[154,333],[229,228],[161,211],[200,281],[80,263],[97,237],[115,307],[97,167],[195,263],[160,193],[114,202],[355,123],[189,228],[160,158],[235,289],[269,158],[292,53],[332,61],[292,-52],[234,-9],[281,105],[120,149],[212,150],[274,280],[264,351],[206,325],[343,614],[183,316],[349,887],[109,324],[189,562],[74,333],[80,492],[103,351],[81,219],[309,439],[91,175],[92,378],[23,272],[-29,298],[-23,395],[0,228],[-103,377],[-206,369],[-97,263],[-109,342],[-80,264],[-109,280],[-131,413],[-75,491],[-132,334],[-240,368],[-132,281],[-165,369],[-92,333],[-52,272],[-17,386],[-28,263],[-80,290],[-63,474],[-98,439],[-91,377],[-98,281],[-108,438],[-69,387],[-200,394],[-132,325],[-86,219],[-166,299],[-194,500],[28,263],[109,518],[109,439],[74,324],[63,290],[52,404],[57,412],[46,448],[11,324],[23,483],[-17,439],[-6,438],[74,299],[247,324],[269,88],[166,44],[228,79],[493,158],[469,175],[360,150],[332,158],[201,61],[217,97],[252,96],[349,132],[155,61],[166,316],[143,281],[206,9],[166,-9],[211,-18],[201,-9],[246,-26],[275,26],[234,44],[281,88],[251,220],[189,17],[183,79],[252,140],[298,237],[189,44],[332,-88],[131,-272],[235,176],[223,246],[155,228],[160,228],[154,237],[206,202],[98,333],[189,281],[188,96],[206,237],[166,9],[195,-105],[166,17],[286,-8],[252,-27],[257,-87],[138,-202],[63,-281],[183,-184],[189,-123],[160,-237],[263,-369],[223,-280],[144,-176],[91,-254],[160,-290],[121,-202],[246,-210],[63,-281],[200,-123],[149,-465],[234,-184],[149,-71],[235,-140],[194,-158],[172,-105],[275,-114],[126,-97],[229,-184],[194,-123],[206,-88],[263,-105],[218,-35],[258,70],[280,-307],[269,-193],[566,-307],[189,-62],[332,35],[292,211],[235,237],[240,351],[189,193],[321,0],[303,-61],[252,-114],[154,-220],[218,-246],[223,-122],[297,-88],[201,-53]],[[883501,253387],[303,-386],[40,-167],[52,-465],[-6,-483],[-57,-438],[-40,-650],[-69,-342],[-189,-913],[-34,-860],[40,-895],[212,-1017],[22,-79],[350,-1168],[103,-342],[291,-517],[264,-325],[778,-439],[114,-149],[269,-360],[161,-386],[23,-676],[0,-17],[-470,-3300],[-86,-342],[-143,-202],[-194,-114],[-1437,-447],[-28,-9],[-727,-132],[-223,-43],[-452,-79],[-224,-220],[-412,-386],[-274,-342],[-298,-377],[-395,-404],[-252,-263],[-206,-158],[-200,-246],[-97,-114],[-321,-158],[-257,-88],[-155,-61],[-206,-114],[-46,-421],[143,-132],[58,-351],[-6,-395],[46,-298],[45,-343],[201,-166],[-12,-465],[-51,-422],[23,-298],[126,-456],[-86,-281],[-40,-325],[137,-386],[-114,-245],[-218,-343],[-114,-272],[-98,-245],[-257,-150],[-166,-237],[-246,-157],[-229,-115],[-189,-158],[-166,-70],[-206,-421],[-109,-70],[-332,-123],[-211,-272],[-161,-254],[-171,8],[-292,-263],[-143,-307],[-161,-123],[-251,-123],[-126,-263],[-309,-211],[-224,-333],[-303,-184],[0,-299],[-103,-412],[-149,-263],[-217,-369],[246,-237],[69,-202],[-309,-254],[-126,-307],[51,-395],[-23,-307],[63,-272],[-86,-457],[-114,-254],[23,-316],[-109,-447],[-74,-316],[-126,-360],[-23,-325],[126,-430],[-75,-395],[-114,-386],[-6,-368],[0,-325],[115,-272],[120,-377],[17,-360],[-23,-404],[-86,-193],[-166,-246],[-103,-430],[58,-351],[-178,-342],[-275,106],[-211,122],[-258,-254],[155,-413],[-40,-517],[-206,-263],[-189,201],[-332,141],[-321,44],[-183,-281],[-6,-228],[-68,-325],[-86,-386],[-97,-184],[-304,-18],[-200,281],[-189,-35],[-149,-281],[-23,-412],[-280,35],[-114,237],[-361,61],[-252,-97],[-275,-193],[-5,-482],[-63,-369],[-201,-193],[-246,-61],[-269,-281],[-229,211],[-286,201],[-206,-324],[-108,-299],[22,-465],[-11,-324],[-92,-360],[-223,-220],[-154,123],[-178,-359],[-286,-308],[-217,71],[-281,158],[-280,-211],[-235,333],[-177,290],[-298,290],[-235,-281],[-246,-325],[-229,-88],[-269,-96],[-148,-316],[-138,-176],[-189,-210],[-228,-176],[-332,-149],[-327,-88],[-291,-79],[286,-1096],[589,-1624],[704,-1685],[246,-561],[195,-658],[234,-1676],[-120,-992],[-309,-719],[-572,-1071],[-92,-246],[-189,-377],[-223,-369],[-252,-307],[-120,-123],[-177,-254],[-132,-377],[-120,-308],[-126,-412],[-23,-430],[-166,-140],[-223,-378],[-252,-149],[-68,-351],[-149,-184],[-138,-307],[-108,-465],[-92,-351],[-11,-237],[-98,-421],[-131,-88],[-195,-176]],[[305061,582212],[-303,211],[-160,61],[-224,53],[-349,79],[-223,18],[-349,-79],[-206,342],[-137,500],[-178,97],[-275,52],[-206,88],[-154,79],[-218,9],[-177,219],[-132,456],[0,308],[-11,263],[-29,298],[-80,535],[52,422],[229,237],[-264,342],[-194,-70],[-269,175],[28,272],[109,255],[-137,351],[-178,228],[-217,254],[-160,-79],[-229,-44],[-315,193],[-332,-114],[-286,255],[-286,246],[-183,333],[-184,175],[-291,325],[-138,404],[-297,307],[-46,298],[-6,457],[-194,87],[-224,-79],[-200,-8],[-195,-18],[-251,176],[-275,342],[-195,316],[-343,175],[-229,53],[-126,114],[-269,96],[-206,299],[-149,254],[-171,149],[-224,351],[-80,360],[0,395],[69,237],[-34,342],[-183,246],[-126,351],[-132,132],[-263,-62],[-195,88],[-234,254],[-258,369],[-206,237],[-200,386],[-201,377],[-177,220],[-292,298],[-257,202],[-229,307],[-40,395],[-121,272],[-189,430],[-251,79],[-338,-70],[-217,-141],[-287,132],[-234,-27],[-195,-315],[-349,43],[-326,132],[-195,-79],[-200,-237],[-275,290],[-34,272],[-252,368],[-229,-17],[-332,-106],[-229,141],[-137,412],[-74,264],[-229,105],[-292,-220],[-132,-140],[-217,-79],[-258,123],[-149,-281],[-320,-70],[-252,140],[-183,-44],[-206,0],[-143,176],[-281,-35],[-160,-44],[-91,-412],[-224,-202],[-143,123],[-349,-36],[-360,44],[-149,228],[-286,79],[-155,-228],[-275,-158],[-160,-96],[-217,351],[-120,395],[-264,-70],[-97,-211],[-292,-281],[-338,88],[-229,-325],[-251,88],[-103,140],[-183,290],[-218,325],[-137,351],[-58,263],[-85,333],[-184,228],[-183,-26],[-274,-53],[-218,-96],[-177,-272],[-304,-97],[-217,-210],[-212,-70],[-206,-18],[-160,18],[-332,-141],[-195,-105],[-234,-105],[-155,8],[-217,185],[-338,-150],[-240,27],[-143,105],[-195,149],[-286,220],[-195,272],[-251,61],[-29,509],[-52,377],[-108,474],[-98,299],[-126,351],[-337,175],[-304,-61],[-154,263],[-6,325],[-74,245],[-86,360],[-177,333],[-138,413],[-212,132],[-148,-18],[-229,-70],[-143,-70],[-206,-237],[-161,-430],[-40,-272],[-45,-281],[-52,-421],[-189,-88],[-263,-18],[-343,79],[-229,-44],[-178,-8],[-240,-27],[-252,106],[-212,70],[-246,-97],[-332,44],[-280,-351],[-298,-61],[-246,-27],[-137,62],[-315,114],[-298,219],[-274,229],[-264,272],[-286,140],[-246,-316],[-212,-35],[-274,-360],[-258,-325],[-154,-201],[-327,-193],[-223,-229],[-143,-96],[-34,-430],[-218,-158],[-154,158],[-292,70],[-149,70],[-263,44],[-143,-193],[-195,-439],[-194,-158],[-309,-149],[-292,-35],[-235,70],[-177,-96],[-206,-255],[-252,18],[-355,105],[-338,-61],[-188,-79],[-178,184],[-149,105],[-194,202],[-292,-219],[-178,-369],[-148,-193],[-166,-149],[-166,-368],[-264,-246],[-269,447],[-228,360],[-321,97],[-240,8],[-315,220],[-326,-158],[-269,114],[-223,9],[-166,105],[-155,202],[-149,228],[-297,97],[-218,0],[-223,-273],[-155,-166],[-263,-44],[-257,-18],[-206,150],[-126,131],[-224,246],[-183,158],[-160,105],[-212,35],[-337,-184],[-183,-377],[-172,-88],[-269,-88],[-292,-17],[-229,-123],[-189,184],[-315,237],[-194,158],[-189,88],[-263,26],[-349,-18],[-235,351],[-63,272],[-240,229],[-172,26],[-263,-176],[-201,-166],[-194,61],[-252,35],[-183,35],[-240,141],[-224,-351],[-108,-325],[-121,-377],[-45,-439],[-92,-167],[-252,-175],[-154,-457],[-212,167],[-292,149],[-229,-79],[-263,-307],[-292,-202],[-303,-272],[-189,-342],[-229,-132],[-258,229],[-234,0],[-275,-158],[-206,96],[-155,88],[-268,26],[-69,343],[160,298],[115,395],[51,324],[40,387],[6,438],[-23,395],[-74,351],[-138,342],[-137,185],[-155,149],[-189,114],[-314,105],[-189,53],[-223,175],[-189,404],[-160,623],[-241,395],[-166,53],[-269,-44],[-166,-9],[-280,88],[-166,61],[-195,44],[-446,53],[-189,26],[-235,96],[-257,351],[-206,176],[-195,447],[-715,1685],[-178,492],[-108,456],[-52,667],[40,210],[178,378],[188,430],[132,1070],[137,1299],[-85,1720],[-98,1430],[29,702],[103,325],[149,368],[108,255],[126,316],[132,518],[11,500],[29,333],[17,316],[46,316],[63,263],[97,465],[63,290],[52,360],[114,939],[69,491],[74,649],[40,448],[35,649],[0,299],[-46,324],[-212,299],[-2157,1790],[-1328,921],[-830,219],[-1694,-105],[-1219,-561],[-687,-79],[-337,-176],[-304,-202],[-246,-26],[-652,-44],[-578,26],[-435,9],[-304,-140],[-263,-246],[-418,-298],[-337,-27],[-338,141],[-137,237],[-155,377],[-183,132],[-252,87],[-292,27],[-349,-53],[-246,-175],[-177,-334],[-355,62],[-109,289],[-303,-132],[-189,-254],[-92,-158],[-217,-263],[-252,-351],[-114,-413],[-138,-175],[-229,-272],[-349,-62],[-303,-70],[-280,272],[-224,-202],[-86,-122],[-246,-264],[-349,-8],[-211,-106],[-212,-61],[-321,-167],[-217,193],[-206,123],[-275,-290],[-126,-517],[-246,-88],[-166,88],[-343,263],[-206,175],[-286,167],[-218,-52],[-246,-115],[-160,-157],[-189,-202],[-321,-149],[-309,-237],[-234,-281],[-201,-27],[-194,53],[-407,-9],[-188,-17],[-241,-97],[-114,-184],[-241,35],[-194,0],[-275,-17],[-343,8],[-269,307],[-183,132],[-349,-149],[-201,-9],[-257,176],[-138,201],[-189,343],[-177,184],[-280,263],[-287,299],[-263,289],[-183,228],[-137,211],[-264,254],[-154,97],[-298,70],[-200,18],[-349,-141],[-172,-193],[-229,-70],[-183,167],[-131,166],[-241,-79],[-120,-79],[-286,-78],[-223,26],[-189,-18],[-235,-193],[-172,-184],[-143,-228],[-120,-237],[-212,-220],[-240,36],[-137,114],[-229,52],[-206,-52],[-698,-193],[-41,-395],[-40,-509],[-103,-500],[-154,-307],[-160,-123],[-321,-106],[-149,-377],[-154,-132],[-120,-289],[-264,-378],[-229,18],[-200,-246],[6,-465],[28,-289],[52,-474],[109,-193],[160,-255],[160,-307],[103,-245],[80,-246],[52,-334],[11,-509],[-23,-473],[-51,-694],[-34,-447],[51,-325],[126,-474],[-40,-298],[-6,-298],[0,-316],[12,-422],[-103,-412],[45,-544],[-68,-290],[-63,-430],[-120,-280],[-75,-465],[120,-404],[138,-263],[206,-211],[91,-526],[155,-185],[166,-184],[257,-342],[109,-228],[143,-307],[57,-255],[115,-272],[297,-290],[304,-298],[669,-491],[246,-149],[287,-237],[188,-220],[155,-131],[280,-237],[309,-176],[229,-210],[218,-185],[635,-430],[790,-649],[378,-298],[188,-150],[172,-157],[115,-404],[114,-351],[86,-246],[46,-298],[80,-325],[114,-351],[58,-237],[125,-351],[212,-351],[149,-202],[189,-263],[252,-395],[103,-307],[257,-26],[155,79],[229,52],[269,-298],[114,-333],[143,-176],[281,-272],[80,-307],[143,-176],[194,-333],[-137,-448],[-154,-333],[74,-483],[51,-228],[-68,-526],[-183,-237],[-121,-158]],[[216199,595963],[-183,35],[-154,333],[-46,387],[-183,228],[-315,61],[-240,-17],[-195,219],[-343,-18],[-178,167],[-114,360],[-103,210],[-218,281],[-291,176],[-327,61],[-240,0],[-149,149],[-275,167],[-200,44],[-217,70],[-327,-114],[-11,-360],[-57,-228],[-63,-324],[-92,-439],[-246,-220],[-194,193],[-275,-26],[-235,-184],[-349,88],[-263,228],[-143,9],[-241,-36],[-303,-166],[-194,202],[-172,166],[-269,0],[-355,106],[-195,421],[12,482],[-223,88],[-172,176],[-132,158],[-257,-106],[-132,-237],[-189,-289],[-297,9],[-138,96],[-200,272],[-177,35],[-206,-79],[-321,-254],[-286,-307],[-269,-123],[-92,517],[0,255],[-160,316],[-263,-246],[-240,-96],[-69,544],[6,500],[-184,237],[-131,377],[-138,430],[-165,483],[-23,359],[97,237],[-17,334],[-161,307],[-57,298],[-194,193],[-286,97],[-195,123],[-206,360],[-115,473],[-171,299],[-172,430],[-109,491],[-160,334],[-217,403],[-161,176],[-217,184],[-132,184],[-149,483],[-34,386],[57,211],[-74,359],[-46,413],[-57,298],[-172,167],[-126,509],[-189,403],[-297,9],[-212,-52],[-154,52],[-212,88],[-349,-79],[-115,395],[-126,289],[-160,255],[-63,368],[-17,439],[-86,246],[-69,360],[-223,351],[-263,158],[-172,403],[-326,228],[-275,167],[-137,202],[-189,237],[-177,386],[-149,246],[-80,342],[-206,246],[-218,105],[-171,158],[-126,465],[-183,333],[-201,71],[-211,-202],[-304,-184],[-189,-290],[-269,-342],[-68,-334],[-63,-210],[-120,-422],[143,-245],[177,-18],[34,-491],[-160,-97],[-200,-114],[-75,-342],[-154,-369],[-258,18],[-183,-18],[-355,-70],[-120,-342],[-120,-202],[-120,-316],[-40,-245],[-80,-395],[-29,-342],[-212,-369],[-211,-333],[-206,-44],[-212,-325],[-143,-281],[-166,-333],[-264,-176],[-217,97],[-143,245],[-160,106],[-304,52],[-251,62],[-172,-70],[-258,114],[-257,254],[-172,334],[-166,26],[-131,307],[-138,342],[-206,44],[-332,158],[-229,0],[-263,-167],[-177,-210],[-132,-167],[-195,-404],[12,-315],[-69,-369],[-166,-237],[-91,-404],[-184,-245],[-74,-281],[-63,-351],[-280,-342],[-218,-123],[-97,-237],[-189,-211],[-252,-333],[-217,-342],[-29,-395],[-86,-193],[-194,-439],[-138,-79],[-257,-26],[-229,-123],[-183,-53],[-344,88],[-200,114],[-257,369],[-144,324],[-154,202],[-269,228],[-280,220],[-161,157],[-148,246],[-115,237],[-137,263],[-246,88],[-189,9],[-149,-228],[-149,-202],[-177,-351],[-241,-351],[-97,-193],[-246,-158],[-155,44],[-228,0],[-327,-202],[-217,-272],[-178,-325],[-85,-526],[-6,-325],[-40,-386],[0,-281],[46,-281],[11,-280],[17,-422],[-40,-280],[-51,-369],[143,-509],[269,-149],[234,-272],[281,-202],[154,-202],[166,-140],[309,-167],[0,-483],[-120,-175],[-132,-377],[-217,-62],[-280,-61],[-224,-88],[-274,-70],[-498,-105],[-246,-71],[-206,-44],[-166,-43],[-286,-272],[-201,-176],[-217,-202],[-138,-175],[-131,-316],[5,-325],[18,-307],[-115,-456],[6,-544],[-74,-465],[-327,70],[-223,79],[-326,140],[-223,167],[-149,290],[-120,368],[-46,325],[-155,289],[-223,-184],[-332,-167],[-320,-26],[-258,18],[-429,61],[-361,26],[-131,141],[-223,44],[-166,-97],[-281,-184],[-377,35],[-166,44],[-327,131],[-297,123],[-138,70],[-211,132],[-172,167],[-206,17],[-189,27],[-166,122],[-177,97],[-229,9],[-155,17],[-303,27],[-155,-211],[-251,-123],[-184,0],[-234,202],[-75,307],[-120,290],[-275,333],[-160,-131],[-257,140],[-269,272],[-195,44],[-309,123],[-200,44],[-269,219],[-126,193],[-218,79],[-171,105],[-212,88],[-160,79],[-264,70],[-269,62],[-343,175],[-194,114],[-292,272],[-201,290],[-206,158],[-263,140],[-246,114],[-200,18],[-166,-316],[-281,-167],[-177,176],[-166,210],[-166,334],[-166,342],[-183,35],[-206,26],[-160,0],[-241,-26],[-355,88],[-240,61],[-206,9],[-246,799],[-738,2878],[-40,412],[57,623],[34,378],[97,789],[58,325],[28,272],[-40,351],[-137,272],[6,290],[-23,579],[5,474],[35,272],[137,280],[126,1150],[-23,105],[-612,184],[-264,123],[-314,141],[-315,202],[-1774,1132],[-143,193],[-115,377],[-23,219],[17,404],[138,1228],[63,588],[0,632],[-132,1194],[0,579],[52,438],[68,395],[126,474],[412,781],[92,193],[97,351],[29,553],[-46,333],[-86,299],[-292,535],[-1368,1562],[-143,123],[-200,149],[-292,193],[-2598,492],[-429,114],[-309,175],[-864,667],[-247,272],[-354,421],[-933,1334],[-195,377],[-131,413],[-92,368],[-332,1983],[-69,211],[-246,386],[-229,158],[-200,70],[-1007,-140],[-315,-70],[-235,114],[-160,465],[23,456],[-17,316],[-155,298],[-171,114],[-1929,1027],[-195,132],[-732,412],[-590,255],[-1453,474],[-1128,561],[-2506,1632],[-790,536],[-807,412],[-1013,412],[-2999,746],[-2381,869],[-2335,781],[-2152,456],[-538,18],[-377,-35],[-246,-53],[-327,-96],[-978,-615],[-681,-324],[-344,-150],[-189,-26],[-246,44],[-1533,132],[-247,-53],[-246,-105],[-280,-246],[-195,-325],[-97,-263],[-458,-1395],[-566,-2413],[-309,-1992],[-155,-1808],[-961,-7151],[-338,-3054],[-189,-922],[-212,-447],[-509,-123],[-315,228],[-143,290],[-452,1220],[-670,1342],[-280,290],[-137,79],[-218,61],[-297,26],[-338,27],[-218,61],[-240,114],[-406,518],[-412,702],[-246,562],[-75,561],[-57,369],[-143,544],[-132,351],[-217,228],[-161,140],[-280,88],[-246,79],[-549,9],[-269,17],[-264,97],[-406,202],[-298,263],[-240,246],[-847,280],[-1042,360],[-423,158],[-332,290],[-246,316],[-103,403],[-115,694],[-257,324],[-727,-35],[-361,62],[-131,219],[57,439],[235,447],[86,193],[45,395],[23,623],[-108,623],[-46,509],[-126,342],[-200,246],[-258,61],[-401,202],[-297,272],[-86,816],[-115,527],[-223,219],[-246,62],[-183,-422],[-97,-333],[-166,-184],[-189,-70],[-252,52],[-217,334],[-424,842],[-143,140],[-326,36],[-475,-316],[-378,-386],[-143,-237],[-292,79],[-240,342],[-138,281],[-74,412],[-126,869],[-137,886],[-132,412],[-137,97],[-275,202],[-263,9],[-160,-79],[-264,-272],[-166,0],[-211,26],[-275,96],[-349,62],[-241,-158],[-354,-123],[-281,158],[-509,606],[-315,596],[-418,316],[-687,281],[-1419,965],[-927,755],[-1139,816],[-835,851],[-1071,939],[-807,992],[-881,965],[-509,333],[-435,413],[-618,430],[-618,412],[-601,588],[-372,404],[-355,631],[-326,53],[-235,-114],[-200,-333],[-143,-334],[-103,-421],[-189,-702],[-223,-298],[-235,-255],[-200,-132],[-470,-140],[-252,-368],[-223,-1326],[-366,-1070],[-343,-1211],[-424,-1343],[-11,-412],[114,-623],[0,-202],[0,-456],[-91,-395],[-103,-509],[-252,-930],[-315,-1290],[-132,-755],[-120,-403],[-91,-422],[-23,-438],[-103,-185],[-201,-219],[-183,-35],[-252,-44],[-354,-17],[-264,26],[-246,61],[-418,53],[-492,9],[-349,0],[-349,-27],[-338,-96]],[[72894,638943],[-1327,26],[-796,79],[-853,184],[-595,281],[-704,325],[-881,298],[-590,141],[-543,-71],[-899,-114],[-955,-333],[-951,-325],[-612,-333],[-378,-132],[-326,-158],[-984,-149],[-407,18],[-337,8],[-859,-44],[-337,36],[-389,140],[-247,325],[-200,623],[-372,860],[-229,912],[-206,597],[-189,132],[-314,-185],[-750,-789],[-137,-97],[-327,-211],[-108,-43],[-504,-62],[-1185,527],[-131,-27],[-246,-219],[-601,-527],[-475,-307],[-258,-87],[-109,61],[-177,360],[-303,184],[-916,404],[-286,184],[-241,0],[-303,-44],[-423,-246],[-184,-272],[-698,-807],[-475,-465],[-463,-377],[-287,-281],[-246,-290],[-269,-342],[-360,-465],[-275,-263],[-303,-176],[-252,-35],[-286,35],[-309,167],[-143,123],[-212,237],[-212,289],[-252,465],[-85,272],[-63,281],[-58,342],[-45,369],[0,342],[34,544],[86,851],[103,1010],[17,166],[103,799],[63,605],[17,588],[-17,509],[-92,641],[-28,140],[-92,430],[-120,439],[-126,360],[-223,412],[-395,500],[-86,97],[-332,403],[-183,202],[-303,334],[-172,175],[-338,342],[-45,44],[-281,316],[-366,413],[-240,175],[-206,97],[-275,79],[-361,26],[-217,-44],[-321,-184],[-658,-413],[-177,-79],[-275,-61],[-389,9],[-263,26],[-338,97],[-458,131],[-595,35],[-429,35],[-246,106],[-218,237],[-80,210],[-132,483],[-200,948],[-34,157],[-218,808],[-206,421],[-229,132],[-183,-79],[-240,-185],[-115,-79],[-309,-184],[-137,-35],[-292,-18],[-235,44],[-206,62],[-543,228],[-412,167],[-332,70],[-218,-18],[-154,-35],[-286,-123],[-298,-122],[-321,-79],[-269,-18],[-280,114],[-366,298],[-429,281],[-132,97],[-240,158],[-355,193],[-504,166],[-469,123],[-304,79],[-57,18],[-28,281],[-52,482],[-34,544],[-12,518],[6,316],[6,430],[-86,491],[-143,246],[-229,369],[-97,149],[-155,281],[-183,403],[-155,421],[-154,492],[-69,263],[-108,439],[-86,377],[-40,413],[0,351],[-40,465],[-241,166],[-309,185],[-275,201],[-263,316],[-131,272],[-155,316],[-183,386],[-155,360],[-85,228],[-241,571],[-418,746],[-377,693],[-92,175],[-246,369],[-155,237],[-383,605],[-172,342],[-171,290],[-143,158],[-241,149],[-275,132],[-251,96],[-338,193],[-212,79],[-223,70],[-269,88],[-240,70],[-155,62],[-200,96],[-149,88],[-275,263],[-188,316],[-109,158],[-212,202],[-292,70],[-309,-17],[-212,-18],[-223,-26],[-172,0],[-217,0],[-223,26],[-223,44],[-229,88],[-149,245],[-46,483],[-51,544],[-166,290],[-201,70],[-234,35],[-155,9],[-240,-27],[-315,-8],[-252,8],[-234,0],[-281,9],[-269,-17],[-275,8],[-234,9],[-223,44],[-212,167],[-178,412],[-103,264],[-137,263],[-149,131],[-246,150],[-189,52],[-286,62],[-280,44],[-218,43],[-194,18],[-355,114],[-246,123],[-103,158],[-132,298],[0,290],[12,430],[108,289],[206,404],[304,649],[154,501],[29,368],[-6,412],[-34,299],[-35,246],[-80,342],[-68,263],[-115,386],[-177,377],[-178,264],[-257,219],[-172,105],[-217,53],[-189,44],[-189,79],[-218,79],[-194,70],[-298,176],[-240,201],[-218,369],[-120,351],[-143,289],[-252,369],[-234,132],[-149,96],[-223,123],[-155,140],[-212,430],[6,378],[240,1527],[58,465],[17,254],[-92,325],[-280,254],[-366,307],[-172,404],[0,527],[69,693],[68,737],[40,474],[0,368],[17,439],[52,316],[120,368],[86,290],[120,369],[92,298],[171,395],[109,360],[75,491],[22,307],[29,474],[12,228],[-69,334],[-120,307],[-178,333],[-63,246],[0,368],[-74,386],[-80,378],[-46,307],[92,421],[177,176],[166,140],[63,351],[-6,298],[0,360],[-11,325],[0,421],[5,316],[41,456],[74,307],[120,255],[195,395],[120,228],[160,237],[120,210],[103,404],[-40,386],[-200,395],[-218,325],[-240,395],[-194,245],[-229,369],[-143,210],[-149,211],[-464,746],[-120,193],[-349,597],[-155,456],[-114,447],[-115,746],[-57,334],[-34,737],[11,123],[46,675],[52,237],[131,588],[80,211],[138,395],[97,219],[132,316],[108,307],[195,421],[40,79],[149,474],[86,413],[80,947],[63,1834],[40,281],[109,412],[108,167],[235,281],[126,333],[-126,413],[-218,228],[-223,360],[-131,316],[-132,342],[-63,237],[-51,421],[-58,483],[-103,403],[-194,422],[-166,263],[-824,614],[-979,763],[-824,790],[-841,974],[-321,307],[-229,404],[-40,360],[69,1220],[-12,526],[-34,246],[-86,438],[-103,281],[-132,185],[-194,228],[-252,245],[-246,272],[114,27],[247,26],[223,97],[320,193],[241,193],[206,193],[251,202],[144,8],[251,-70],[281,-281],[996,-1641],[154,-166],[218,-185],[234,-166],[132,-88],[355,-158],[423,-105],[361,79],[211,202],[184,263],[114,430],[97,535],[75,421],[74,299],[223,307],[189,70],[235,140],[240,307],[138,334],[291,842],[184,553],[314,965],[178,299],[194,184],[269,184],[750,439],[252,140],[206,62],[235,52],[269,18],[297,88],[132,79],[234,263],[189,351],[103,237],[75,289],[23,255],[28,755],[80,430],[109,272],[229,465],[446,825],[424,552],[292,299],[526,368],[258,193],[589,465],[510,395],[1636,1431],[138,96],[240,219],[235,308],[824,1061],[1116,1536],[91,114],[756,1000],[263,413],[195,289],[171,369],[115,290],[109,254],[166,316],[223,246],[183,359],[103,167],[172,246],[503,667],[447,675],[137,290],[143,254],[143,220],[172,237],[154,87],[247,132],[297,307],[115,360],[280,298],[263,158],[143,71],[246,35],[252,-79],[298,-237],[17,-386],[-63,-343],[223,-184],[69,-430],[-166,-395],[11,-482],[132,-246],[177,-53],[287,-114],[332,-210],[228,61],[161,9],[292,-123],[143,-105],[234,-97],[304,-158],[114,-70],[212,-193],[172,-97],[223,-79],[200,-149],[120,-193],[195,-351],[229,-544],[240,-412],[269,-141],[240,0],[281,-8],[492,17],[286,141],[132,140],[137,254],[97,299],[321,395],[23,8],[1265,738],[160,96],[252,-158],[194,-219],[332,17],[183,70],[235,150],[166,166],[195,255],[103,237],[274,333],[395,307],[149,106],[315,140],[206,149],[57,421],[-17,272],[194,422],[166,237],[155,394],[63,202],[137,413],[309,228],[338,131],[235,264],[188,158],[201,131],[240,255],[155,289],[91,395],[17,351],[40,553],[40,281],[178,210],[275,211],[0,412],[-115,246],[-97,228],[-178,421],[-68,246],[-92,474],[-23,246],[-40,386],[12,395],[137,193],[326,96],[223,-44],[315,-87],[309,-123],[206,-35],[218,0],[297,228],[103,184],[103,316],[69,272],[126,281],[326,184],[195,141],[223,280],[80,237],[75,421],[137,325],[246,202],[263,88],[269,281],[160,219],[218,316],[320,246],[155,-36],[195,-166],[188,-404],[212,-202],[155,97],[240,210],[86,395],[-69,255],[-120,421],[-34,307],[171,377],[286,53],[292,-298],[252,149],[132,167],[240,122],[189,307],[280,229],[727,342],[109,44],[836,368],[486,202],[366,149],[327,97],[280,9],[189,-62],[217,-44],[321,35],[68,395],[-28,290],[-63,702],[-74,439],[-98,219],[6,544],[57,491],[23,378],[69,377],[-166,483],[-183,588],[-29,87],[-235,597],[-229,290],[-85,316],[-46,333],[-6,333],[166,755],[149,334],[275,87],[246,-70],[171,-79],[246,-158],[189,-403],[161,-308],[108,-210],[138,-325],[80,-193],[103,-290],[63,-429],[68,-387],[258,-201],[361,52],[246,-105],[337,-193],[195,-26],[212,0],[274,-9],[229,-62],[155,-114],[183,-237],[206,-403],[137,-360],[126,-281],[120,-210],[183,-413],[178,-263],[103,-105],[252,-246],[86,-79],[349,-386],[154,-132],[223,-263],[218,-237],[200,-263],[132,-185],[194,-219],[121,-79],[303,-61],[320,26],[126,316],[143,351],[224,342],[200,325],[189,210],[292,229],[74,43],[298,141],[309,210],[246,167],[131,88],[349,228],[281,246],[132,149],[171,316],[75,289],[23,369],[11,272],[34,316],[86,439],[52,473],[-17,360],[-115,588],[-23,123],[-126,641],[6,535],[103,351],[240,228],[258,53],[160,17],[229,-9],[292,-96],[195,-88],[200,211],[68,324],[52,255],[120,395],[138,263],[154,491],[29,369],[-109,474],[-143,342],[-172,448],[-91,272],[-103,219],[-178,167],[-326,17],[-235,-61],[-269,26],[-154,255],[23,430],[171,588],[98,289],[257,535],[160,255],[138,149],[269,-17],[200,-378],[229,-254],[240,-149],[178,-176],[160,-167],[246,-272],[178,-219],[217,-281],[132,-263],[143,-325],[68,-254],[166,-650],[52,-184],[137,-474],[63,-228],[120,-281],[161,-280],[200,-229],[154,-140],[292,-263],[201,-141],[286,-149],[183,-96],[332,-167],[206,-430],[91,-342],[52,-264],[51,-394],[161,-387],[211,-149],[327,-17],[200,105],[143,176],[183,263],[-6,553],[52,500],[-40,342],[-40,333],[34,246],[-11,737],[0,325],[-17,237],[-29,351],[-57,298],[-75,474],[-11,369],[11,430],[35,298],[97,281],[149,351],[126,219],[126,219],[166,334],[45,219],[80,351],[155,448],[177,421],[143,369],[92,175],[389,491],[510,694],[257,70],[343,-9],[172,0],[218,-96],[114,-334],[57,-526],[178,-448],[166,-447],[63,-264],[126,-333],[108,-351],[121,-456],[165,-299],[132,-166],[218,-44],[440,44],[281,43],[257,-96],[349,-35],[418,210],[240,88],[304,-167],[126,-149],[223,-272],[103,-421],[-12,-272],[-80,-325],[-103,-412],[-143,-369],[-274,-421],[-252,-140],[-304,-167],[-692,-377],[-206,-150],[-178,-210],[-85,-237],[-35,-333],[149,-360],[298,-97],[154,-9],[298,-79],[172,-114],[188,-122],[184,-79],[223,-88],[206,-123],[166,-114],[183,-228],[234,-281],[224,-202],[423,-316],[281,-123],[251,229],[327,412],[120,254],[-17,448],[-29,237],[46,404],[91,228],[0,403],[-57,316],[23,237],[6,334],[-46,351],[-40,438],[0,290],[-6,368],[40,825],[12,553],[-23,377],[131,509],[247,62],[246,-44],[349,-167],[292,-237],[549,-772],[74,-298],[35,-404],[143,-561],[57,-308],[69,-412],[149,-1246],[28,-237],[120,-1009],[109,-746],[63,-377],[80,-307],[252,-387],[189,-193],[292,-237],[211,-131],[224,-193],[509,-483],[109,-70],[269,-193],[463,-386],[229,-202],[172,-184],[143,-167],[240,-290],[132,-201],[132,-237],[143,-422],[23,-438],[17,-316],[86,-492],[68,-298],[149,-474],[132,-324],[149,-185],[171,-237],[172,-307],[91,-140],[201,-255],[212,-228],[246,-175],[309,-167],[320,-202],[435,-263],[126,-88],[217,-131],[247,-115],[269,-201],[200,-167],[217,-211],[126,-202],[161,-377],[80,-298],[74,-220],[195,-500],[154,-228],[252,-210],[120,-185],[315,-500],[223,-333],[195,-255],[148,-175],[378,-299],[281,-228],[108,-70],[361,-202],[223,-123],[315,-202],[217,-175],[178,-140],[429,-404],[177,-167],[241,-289],[143,-185],[189,-228],[126,-123],[217,-140],[160,-105],[201,-167],[223,-202],[177,-132],[258,-131],[212,-106],[143,-114],[183,-245],[109,-228],[154,-167],[252,-70],[338,-53],[314,-79],[246,-97],[704,-386],[309,-105],[235,-17],[286,-88],[189,-97],[166,-96],[195,-158],[148,-132],[258,-246],[292,-289],[292,-360],[177,-228],[252,-369],[86,-149],[154,-360],[86,-254],[97,-439],[138,-245],[143,-185],[252,-166],[200,-194],[298,-394],[234,-237],[200,-351],[287,-351],[269,-255],[217,-386],[109,-377],[114,-483],[109,-114],[206,-210],[223,-237],[264,-202],[200,-193],[303,-114],[252,175],[51,255],[-22,377],[-75,184],[-6,360],[0,219],[-17,369],[-11,465],[-6,184],[17,650],[29,588],[74,429],[75,202],[189,193],[309,220],[211,105],[183,9],[224,-53],[160,-70],[177,-140],[218,-202],[252,-307],[188,-308],[218,-403],[223,-562],[218,-333],[17,-299],[6,-307],[108,-272],[98,-254],[80,-299],[-6,-272],[46,-289],[57,-448],[-23,-359],[0,-334],[23,-561],[-29,-387],[-34,-342],[29,-500],[126,-395],[206,-210],[251,-36],[327,-35],[206,-17],[223,-9],[160,26],[200,106],[166,79],[281,-97],[154,-88],[229,-131],[229,-176],[235,-368],[80,-378],[63,-237],[40,-324],[63,-264],[166,-333],[137,-281],[92,-237],[131,-526],[212,-711],[166,-474],[126,-228],[235,-316],[126,-79],[251,-70],[281,-53],[246,-35],[189,-35],[240,-114],[206,-79],[263,18],[218,0],[189,26],[257,-35],[172,-193],[200,-149],[264,-325],[131,-140],[172,-325],[63,-298],[103,-369],[103,-246],[263,-386],[132,-482],[91,-369],[6,-500],[69,-456],[80,-290],[149,-325],[131,-184],[269,-9],[349,263],[321,167],[240,290],[57,88],[269,544],[92,324],[-34,386],[-18,501],[41,280],[11,536],[-132,517],[-171,255],[-29,342],[29,474],[17,131],[69,439],[74,457],[51,394],[0,527],[6,421],[-51,290],[-246,228],[-309,184],[-241,97],[-309,105],[-280,193],[-189,114],[-189,211],[-40,280],[40,545],[23,333],[46,333],[68,237],[86,272],[120,351],[98,211],[103,298],[194,281],[126,9],[275,-88],[172,-131],[194,-316],[246,-369],[183,-474],[235,-377],[166,-237],[309,-167],[195,27],[217,96],[269,272],[206,325],[143,509],[17,430],[-5,210],[-18,351],[-57,334],[-103,351],[-34,254],[-17,404],[108,491],[149,360],[120,228],[235,351],[195,228],[337,193],[189,27],[269,-53],[338,-105],[223,-79],[200,-62],[286,-122],[298,-167],[321,-62],[314,-52],[206,-106],[264,-245],[125,-228],[104,-448],[125,-316],[103,-368],[52,-246],[114,-781],[81,-369],[177,-403],[166,-185],[149,-140],[200,-123],[355,-105],[286,-44],[332,-44],[257,-17],[292,0],[264,43],[486,167],[172,53],[257,149],[143,140],[287,334],[240,333],[137,360],[40,228],[103,351],[149,246],[195,439],[137,386],[29,237],[-6,711],[-46,386],[-131,491],[-184,448],[-240,754],[-40,290],[17,395],[-17,456],[-23,298],[-80,781],[-17,307],[17,659],[0,614],[-46,518],[-46,236],[-23,536],[18,438],[45,492],[103,447],[103,334],[149,254],[275,141],[326,193],[269,79],[326,0],[229,-132],[149,-96],[275,-123],[154,-123],[206,-220],[304,-307],[355,-386],[240,-114],[212,-17],[211,-44],[304,-193],[263,-123],[172,-70],[189,-44],[188,88],[229,324],[80,123],[247,360],[97,237],[63,754],[0,553],[-29,228],[-74,439],[-155,1123],[-28,132],[-189,807],[-29,141],[-86,500],[-80,404],[-57,219],[-132,439],[-51,421],[11,316],[109,868],[92,439],[91,246],[183,219],[315,44],[212,-70],[292,-298],[183,-308],[189,-430],[91,-236],[132,-325],[143,-307],[137,-272],[115,-220],[183,-342],[166,-237],[149,-193],[263,-281],[561,-588],[498,-526],[263,-272],[132,-167],[240,-360],[126,-201],[166,-360],[103,-316],[109,-351],[-29,-307],[-155,-395],[-131,-298],[-332,-650],[-166,-351],[-178,-324],[-217,-395],[-69,-343],[40,-403],[126,-316],[223,-421],[121,-237],[137,-290],[195,-491],[211,-544],[143,-369],[166,-342],[98,-158],[223,-316],[172,-184],[332,-193],[274,-53],[567,-35],[664,-18],[406,-8],[326,61],[241,105],[200,123],[200,264],[155,280],[137,369],[69,316],[57,281],[46,254],[149,342],[263,334],[131,123],[235,228],[166,184],[218,123],[160,123],[206,166],[154,167],[275,386],[309,290],[435,430],[200,202],[132,184],[395,500],[223,334],[464,614],[229,324],[85,220],[224,281],[217,122],[229,202],[172,132],[486,342],[412,281],[263,202],[235,140],[298,272],[108,97],[206,210],[149,114],[235,229],[309,140],[240,105],[143,132],[161,237],[97,228],[166,272],[195,193],[234,219],[332,176],[223,53],[212,61],[149,44],[240,70],[338,44],[160,44],[200,96],[184,114],[217,176],[229,167],[320,140],[189,18],[281,0],[343,79],[206,0],[252,-123],[235,-202],[206,-334],[126,-482],[85,-255],[109,-254],[172,-351],[257,-255],[155,-61],[366,-132],[286,-193],[281,-333],[257,-272],[138,-228],[131,-237],[178,-413],[177,-237],[155,-114],[360,-219],[281,-193],[286,-158],[234,-114],[298,-176],[275,-210],[412,-342],[280,-325],[138,-255],[114,-333],[240,-342],[149,-132],[206,-175],[149,-123],[452,-439],[132,-97],[229,-140],[160,-158],[269,-316],[143,-149],[166,-167],[257,-210],[218,-79],[303,-62],[601,-114],[349,-52],[178,0],[229,26],[246,149],[211,316],[144,307],[91,211],[172,219],[332,202],[154,0],[223,-26],[315,-97],[183,18],[332,201],[332,150],[235,52],[166,18],[246,26],[423,9],[315,-18],[252,-61],[332,-114],[166,-62],[338,-158],[211,-114],[206,-131],[349,-88],[229,0],[287,9],[269,17],[200,9],[206,0],[280,0],[189,-9],[235,185],[91,316],[287,166],[177,132],[280,-307],[52,-246],[406,-351],[103,-140],[63,-395],[189,-237],[206,-281],[137,-114],[304,-193],[217,-70],[361,17],[355,-114],[269,-44],[291,114],[241,-122],[223,-106],[172,-105],[160,-140],[258,-62],[165,35],[189,97],[269,149],[229,70],[344,-70],[200,-114],[137,-105],[206,-185],[264,-368],[74,-378],[120,-377],[166,-307],[109,-474],[166,-447],[143,-237],[172,-167],[246,-44],[131,193],[92,351],[297,62],[258,-158],[120,-185],[189,-202],[280,-96],[264,26],[223,193],[74,211],[246,202],[166,-35],[264,-193],[189,-378],[125,-158],[298,-114],[349,-79],[298,167],[211,44],[224,105],[286,290],[326,-27],[452,-149],[338,-114],[349,44],[149,193],[183,413],[80,368],[23,228],[91,369],[252,316],[183,193],[172,438],[120,395],[35,229],[28,403],[212,421],[240,167],[292,-26],[246,-342],[115,-211],[326,-184],[320,237],[126,315],[69,360],[52,299],[91,368],[46,211],[46,333],[154,474],[143,228],[252,79],[355,-131],[172,-36],[200,194],[63,245],[51,421],[69,237],[137,228],[206,404],[23,316],[98,237],[229,114],[309,61],[194,-79],[321,-210],[183,-184],[114,-360],[23,-316],[40,-544],[-34,-430],[-40,-255],[-12,-307],[184,-351],[194,-237],[115,-254],[103,-193],[160,-228],[120,-237],[109,-281],[309,-193],[234,35],[166,-421],[-103,-202],[-51,-421],[57,-246],[69,-386],[40,-456],[40,-299],[29,-254],[17,-702],[57,-211],[223,-430],[92,-482],[154,-378],[355,0],[309,-280],[286,-97],[115,246],[63,403],[194,290],[223,70],[350,44],[440,202],[235,333],[120,149],[315,88],[252,-228],[200,-491],[114,-378],[109,-403],[132,-220],[189,-201],[292,-624],[103,-245],[125,-553],[58,-272],[148,-369],[275,-324],[252,-141],[269,-61],[298,-237],[234,-246],[252,-281],[218,-201],[360,-360],[258,-255],[234,-280],[195,-255],[183,-175],[235,-193],[166,-53],[309,-70],[246,-106],[274,-184],[201,-175],[257,-71],[195,150],[126,342],[23,430],[91,324],[120,378],[155,465],[206,237],[349,88],[326,-36],[229,-61],[132,-44],[206,-140],[343,-123],[304,9],[291,-27],[287,-44],[246,-35],[263,-70],[206,-88],[332,-166],[280,-35],[275,175],[183,413],[109,166],[223,70],[344,62],[108,35],[263,140],[321,193],[212,-105],[263,-105],[246,35],[269,-61],[195,-141],[520,-676],[224,-324],[486,-922],[126,-158],[258,-96],[291,-114],[132,-237],[103,-360],[229,-325],[137,-201],[161,-229],[143,-201],[211,-106],[315,158],[269,264],[292,219],[195,123],[280,140],[280,105],[144,53],[263,70],[360,44],[287,-35],[331,114],[166,62],[344,52],[326,106],[303,79],[201,-71],[211,-105],[218,-70],[338,-9],[246,-35],[332,9],[166,35],[200,140],[11,509],[12,263],[-40,466],[-92,236],[-40,413],[-11,228],[-103,342],[-172,114],[-137,272],[-103,527],[131,289],[195,211],[131,140],[287,176],[211,35],[264,70],[320,176],[298,228],[246,246],[257,245],[201,290],[194,553],[115,272],[131,158],[189,254],[92,272],[74,544],[-11,465],[-58,334],[-108,368],[-143,421],[-138,316],[-91,369],[-63,219],[-149,334],[-160,430],[-69,438],[-23,255],[-126,325],[-103,263],[-172,368],[-91,202],[-160,281],[-143,316],[-52,404],[-17,315],[-46,413],[-57,412],[-97,281],[-121,492],[-11,517],[92,439],[154,246],[109,263],[166,246],[126,105],[269,158],[217,35],[258,-9],[337,-26],[224,26],[297,0],[309,-9],[206,36],[263,-9],[275,-53],[189,-70],[275,-18],[263,132],[155,53],[246,44],[257,87],[721,264],[246,87],[132,88],[269,184],[189,62],[303,26],[344,123],[234,202],[120,158],[246,131],[470,158],[211,62],[275,0],[315,-44],[195,96],[320,229],[206,219],[160,184],[195,141],[269,122],[349,35],[223,132],[166,105],[258,360],[171,237],[184,132],[211,87],[212,97],[212,167],[326,324],[258,378],[251,193],[349,52],[275,115],[252,149],[303,26],[223,-61],[269,-193],[229,-132],[161,-167],[234,-281],[286,-193],[264,-52],[229,-53],[188,-61],[241,-220],[349,-44],[235,0],[200,-61],[177,-97],[218,-175],[229,-158],[171,-167],[189,-237],[189,-386],[52,-316],[74,-359],[97,-281],[229,-351],[223,-79],[344,-44],[297,-35],[241,-106],[332,-52],[200,44],[286,61],[235,62],[320,43],[275,18],[252,70],[160,97],[212,202],[160,114],[281,105],[217,17],[212,-8],[234,-79],[155,-141],[252,-184],[343,79],[240,149],[132,263],[281,351],[211,123],[201,35],[269,-79],[171,97],[206,211],[149,157],[275,132],[160,-35],[166,-325],[34,-307],[-57,-500],[23,-386],[120,-404],[143,-149],[235,-61],[252,-281],[120,-176],[132,-272],[177,-307],[172,-184],[332,-184],[206,-97],[303,-114],[229,-96],[240,-53],[372,-35],[241,-44],[246,-237],[183,-132],[234,-149],[338,18],[143,342],[-46,386],[-51,483],[29,263],[103,518],[34,237],[172,623],[40,272],[131,395],[206,184],[195,114],[200,53],[424,43],[303,44],[240,18],[201,0],[320,-44],[286,0],[309,35],[189,-9],[355,-87],[286,-62],[183,-210],[115,-290],[171,-386],[241,-167],[200,-53],[218,79],[349,-96],[166,-448],[17,-421],[320,-245],[355,-18],[218,0],[194,-18],[241,-219],[80,-281],[57,-307],[166,-316],[240,-228],[218,44],[286,193],[257,79],[184,-360],[91,-439],[46,-368],[-57,-263],[86,-378],[291,141],[212,-27],[241,-193],[188,-158],[350,0],[200,158],[217,-35],[132,-193],[0,-395],[-132,-456],[-246,-386],[-189,-281],[149,-360],[326,-158],[258,44],[177,27],[252,-106],[303,0],[207,70],[480,-52],[298,-149],[275,-71],[234,-149],[86,-228],[-120,-368],[-195,-97],[-177,-254],[0,-264],[11,-386],[63,-430],[92,-351],[-69,-439],[-91,-508],[57,-387],[303,-298],[269,62],[298,-255],[74,-290],[-46,-412],[0,-325],[103,-377],[292,-333],[80,-290],[29,-439],[-57,-263],[-235,-175],[-172,-299],[224,-324],[229,140],[297,-211],[269,-210],[189,-202],[212,-237],[160,-35],[263,-18],[321,-17],[200,26],[246,202],[235,272],[154,114],[315,88],[189,70],[235,105],[234,27],[235,-97],[189,-149],[280,-211],[258,-9],[194,27],[178,-299],[40,-307],[206,-430],[229,220],[234,-44],[264,-176],[309,27],[234,351],[223,96],[109,-333],[183,-79],[218,-27],[320,229],[298,-202],[160,-281],[143,-114],[178,-342],[303,61],[97,369],[229,61],[149,-96],[212,79],[154,-448],[143,-386],[195,44],[80,324],[-103,237],[-11,325],[263,228],[269,211],[257,44],[172,-141],[166,-202],[229,106],[246,-9],[321,-123],[0,-597],[143,-210],[291,-79],[161,272],[11,430],[143,298],[201,-61],[228,-184],[-40,-343],[63,-289],[121,-228],[211,-193],[298,43],[217,-8],[275,-220],[172,-140],[200,-184],[177,-202],[1248,1685],[641,684],[229,263],[155,220],[274,158],[235,-36],[315,-96],[171,-70],[275,-97],[280,-254],[235,-237],[246,-44],[246,202],[235,123],[189,-27],[177,79],[252,-96],[166,9],[212,193],[274,-167],[327,131],[326,-114],[154,-193],[172,-149],[275,-149],[217,-123],[172,-219],[172,-88],[234,-281],[292,-281],[189,-105],[252,-263],[114,-228],[149,-158],[263,-281],[103,-290],[-143,-324],[-68,-518],[194,-351],[86,-254],[17,-360],[75,-509],[51,-334],[46,-351],[74,-421],[35,-281],[68,-377],[155,-456],[240,-264],[183,88],[155,158],[257,325],[327,158],[292,-44],[217,96],[303,158],[298,-237],[246,-79],[269,-17],[223,158],[223,246],[235,26],[200,-123],[338,-140],[332,87],[137,-245],[275,-141],[223,-87],[109,-255],[149,-281],[177,-70],[338,-202],[234,-96],[103,-220],[132,-210],[189,-360],[-97,-483],[-138,-316],[235,-333],[217,-202],[-40,-298],[121,-255],[251,44],[281,-219],[137,-193],[189,-404],[338,-184],[34,298],[269,220],[195,-255],[286,-140],[114,-281],[263,61],[189,18],[138,-263],[292,-167],[206,263],[177,-640],[34,-334],[258,-158],[303,27],[275,-158],[132,-316],[269,-299],[91,-412],[240,-219],[201,-378],[-178,-377],[281,-228],[274,-299],[229,-316],[287,-61],[166,-114],[257,-369],[292,-447],[275,211],[188,245],[149,202],[292,-114],[97,-421],[52,-448],[183,-474],[103,-158],[52,-351],[-18,-342],[-11,-316],[63,-438],[206,-413],[-34,-430],[5,-324],[40,-352],[29,-315],[229,-369],[286,-140],[303,-299],[-85,-298],[-46,-281],[57,-474],[23,-237],[280,-465],[327,-105],[97,-272],[154,-325],[35,-342],[149,-386],[85,-298],[86,-299],[212,-175],[86,500],[149,834],[40,272],[86,561],[80,448],[177,798],[57,263],[92,387],[51,122],[212,387],[281,508],[234,413],[155,289],[263,211],[252,-17],[246,228],[126,280],[189,369],[80,667],[280,114],[338,132],[343,131],[212,-175],[389,-641],[155,-228],[189,-421],[188,-316],[235,96],[183,115],[275,175],[286,167],[189,44],[309,44],[229,17],[212,26],[229,36],[257,0],[275,140],[315,263],[17,18],[583,500],[493,526],[326,351],[183,-149],[292,-228],[166,-342],[103,-158],[172,-263],[148,-378],[172,-140],[212,-44],[257,-132],[292,-175],[292,-149],[372,-518],[218,-325],[188,-263],[412,-360],[424,-289],[326,-246],[195,-70],[332,17],[171,-105],[206,-167],[413,-386],[263,-219],[252,-193],[320,-614],[298,-544],[332,-185],[286,176],[429,-737],[160,-150],[149,-201],[160,-334],[178,-351],[274,-570],[224,-386],[240,-307],[217,-281],[92,-483],[23,-79],[177,-588],[103,-456],[-63,-448],[-97,-447],[-103,-421],[-74,-492],[-12,-272],[-11,-412],[-115,-509],[-91,-325],[-109,-482],[-74,-334],[-86,-430],[-69,-307],[-177,-500],[-195,-395],[-160,-272],[-172,-246],[-149,-175],[-194,-386],[-166,-492],[-143,-491],[-12,-334],[-108,-438],[-115,-351],[-51,-413],[114,-438],[572,26],[-68,-544],[137,-483],[527,-298],[578,-342],[297,-193],[298,-150],[-12,-552],[6,-457],[114,-500],[104,-439],[137,-640],[86,-342],[97,-290],[189,-579],[338,-70],[309,193],[223,105],[234,105],[275,316],[137,202],[281,316],[257,237],[847,754],[224,141],[257,131],[338,185],[263,193],[269,184],[281,184],[263,158],[377,264],[115,52],[320,193],[321,325],[383,439],[298,377],[206,167],[303,175],[264,149],[263,123],[389,141],[286,114],[355,175],[63,27],[418,17],[223,26],[160,53],[218,53],[314,44],[361,79],[240,96],[166,88],[264,175]],[[216199,595963],[-17,-544],[-154,-351],[126,-465],[194,-79],[178,-123],[80,-377],[-183,-386],[-98,-343],[-57,-245],[86,-387],[292,-333],[217,-140],[206,-299],[103,-667],[103,-465],[201,-342],[189,-237],[80,-254],[229,-351],[143,-202],[28,-316],[52,-465],[23,-298],[148,-334],[161,-123],[217,27],[172,-88],[172,-158],[200,-70],[246,-79],[23,-386],[-75,-237],[0,-369],[121,-298],[103,-334],[91,-526],[-57,-334],[326,-175],[155,-255],[34,-421],[52,-360],[-206,-421],[97,-342],[126,-448],[-35,-403],[109,-430],[63,-272],[-183,-316],[109,-421],[177,-228],[189,-439],[229,-272],[132,-272],[114,-325],[114,-368],[-22,-325],[211,-228],[86,-492],[-97,-316],[6,-482],[63,-465],[171,-325],[132,-246],[-92,-324],[-309,-35],[-131,-509],[154,-62],[212,-149],[252,-167],[154,-263],[246,-254],[189,8],[178,-158],[160,-105],[229,-167],[143,-219],[263,-35],[252,-211],[-63,-377],[-343,-105],[-121,-483],[52,-412],[160,-176],[275,-272],[240,-114],[252,290],[189,0],[120,-395],[166,-246],[166,-404],[235,-140],[314,88],[81,342],[291,96],[126,-298],[132,-509],[252,114],[309,-210],[131,-360],[-114,-237],[-235,-97],[-229,-140],[138,-430],[194,79],[281,26],[223,-122],[292,122],[149,211],[343,79],[183,-184],[206,-264],[-51,-359],[286,-272],[126,298],[131,360],[264,-149],[246,-185],[114,-316],[57,-473],[69,-299],[57,-307],[-11,-263],[69,-316],[131,-149],[258,-35],[171,-123],[138,-386],[86,-422],[74,-482],[-252,-263],[-166,-141],[-120,-316],[258,-307],[309,-202],[154,-298],[-17,-395],[-286,-123],[-178,-184],[-211,-88],[-138,-412],[115,-395],[103,-307],[120,-176],[217,-140],[298,316],[97,175],[264,-52],[108,-255],[35,-272],[5,-377],[92,-448],[46,-438],[-52,-316],[-51,-343],[-98,-324],[-148,-272],[-149,-176],[46,-544],[23,-421],[-166,-369],[-189,-184],[-212,-351],[-86,-342],[63,-509],[206,-79],[218,-272],[-29,-491],[-109,-281],[-154,-228],[-132,-430],[126,-474],[-212,-307],[12,-343],[40,-508],[252,-255],[166,-123],[223,-202],[292,-210],[166,-325],[148,-228],[258,-202],[166,-158],[189,-298],[23,-360],[-12,-281],[-34,-281],[-132,-886],[-109,-579],[-114,-605],[29,-413],[45,-351],[-45,-412],[-109,-448],[-86,-272],[-132,-333],[-234,-369],[-178,-325],[58,-236],[17,-316],[-46,-281],[-132,-360],[-234,-246],[-155,-237],[-46,-552],[81,-316],[188,-211],[264,-272],[120,-96],[234,-176],[98,-289],[292,26],[309,131],[137,-289],[11,-281],[18,-316],[-58,-421],[-166,-254],[-280,-299],[11,-237],[-51,-342],[97,-439],[126,-254],[137,-202],[132,-333],[46,-281],[132,-509],[217,-202],[246,-334],[160,-298],[75,-246],[11,-298],[46,-263],[23,-378],[-69,-315],[-246,-308],[-206,-324],[-246,-167],[-240,-167],[-149,-140],[-241,-44],[-194,-184],[11,-316],[12,-369],[34,-193],[143,-430],[97,-465],[126,-684],[75,-299],[68,-456],[109,-368],[12,-272],[-12,-369],[-17,-360],[23,-263],[34,-342],[120,-290],[144,-368],[331,-167],[195,-202],[166,-79],[286,-53],[292,-254],[315,-61],[240,35],[258,-158],[217,-316],[344,96],[177,-333],[-52,-316],[12,-254],[40,-316],[29,-457],[85,-175],[103,-334],[247,-149],[211,-9],[178,-158],[189,-219],[143,-140],[217,-44],[298,149],[257,-246],[6,-254],[6,-369],[45,-281],[195,-166],[246,44],[229,43],[258,18],[246,-35],[160,26],[263,-79],[275,-149],[137,-140],[235,-141],[303,9],[298,-132],[154,-438],[155,-158],[132,-220],[80,-342],[57,-193],[103,-333],[86,-299],[217,-368],[126,-272],[23,-255],[137,-377],[258,-140],[246,-220],[263,-246],[149,-430],[-80,-298],[11,-368],[-5,-334],[-92,-842],[-51,-965],[80,-545],[131,-324],[92,-992],[40,-412],[-97,-772],[11,-88],[229,-1509],[143,-1062],[132,-755],[97,-570],[74,-413],[98,-482],[34,-343],[-132,-280],[-177,-430],[-269,-553],[6,-211],[246,-430],[412,-702],[57,-474],[212,-491],[206,-430],[189,-351],[149,-263],[-103,-299],[-224,-359],[-389,-448],[-217,-263],[-115,-141],[-194,-201],[-218,-237],[-286,-264],[-223,-157],[-223,-71],[-332,-184],[-183,-114],[-298,-211],[-206,-140],[-200,-167],[-258,-289],[-372,-483],[-240,-316],[-155,-237],[-74,-360],[0,-737],[-6,-298],[12,-570],[-6,-694],[-6,-447],[0,-342],[-17,-343],[-23,-491],[-97,-921],[-63,-588],[-63,-606],[-35,-237],[-45,-430],[-212,-193],[-218,-201],[-40,-352],[98,-272],[-35,-298],[-97,-351],[6,-351],[-12,-272],[75,-702],[28,-298],[35,-316],[45,-465],[41,-316],[63,-483],[40,-421],[22,-316],[81,-439],[-18,-254],[-211,-237],[-166,-667],[-241,-930],[-229,-1974],[-349,-3405],[-177,-1509],[-86,-413],[-401,-614],[-400,-904],[-246,-684],[-6,-18],[-401,-2843],[-520,-4905],[-590,-9855]],[[235114,454255],[-206,246],[-332,-140],[-234,114],[-138,482],[-309,62],[-212,-307],[-251,-27],[-241,167],[-183,-237],[-132,-386],[-217,114],[-92,263],[-194,369],[-218,9],[-292,35],[-223,167],[-194,-193],[-161,-88],[-309,-106],[-160,-324],[-166,-290],[183,-324],[-166,-351],[-314,-79],[-155,175],[-286,246],[-344,17],[-188,-158],[-143,-175],[-155,-413],[-166,-289],[-57,-255],[-223,-219],[-178,35],[-177,-210],[11,-413],[-91,-289],[-264,-185],[-206,-316],[-206,-105],[-297,114],[-355,88],[-195,-184],[-200,-36],[-172,-342],[0,-517],[-240,-325],[-229,53],[-263,-71],[-321,-79],[-189,18],[-160,158],[-183,254],[-240,202],[-143,167],[-264,-114],[-194,-53],[-304,-298],[-280,-149],[-137,465],[-292,35],[-201,-141],[-286,325],[-120,307],[-275,-219],[-166,-272],[-223,-167],[-171,-114],[-224,-97],[-229,-157],[-165,26],[-281,-184],[-217,114],[-201,175],[-177,44],[-223,88],[23,500],[51,202],[-269,263],[-349,-149],[-246,79],[-97,210],[80,422],[91,526],[-137,334],[-189,149],[12,526],[165,421],[23,316],[-200,439],[-103,281],[-143,263],[-195,325],[-45,377],[-35,492],[-183,315],[-103,316],[29,299],[-155,237],[-131,473],[126,413],[-18,526],[-108,360],[-189,360],[-143,219],[-103,360],[-166,237],[-155,176],[63,412],[-91,272],[-201,386],[-292,281],[-74,377],[-155,334],[-303,289],[-303,246],[-195,219],[-17,474],[86,281],[57,465],[-263,149],[-189,0],[-92,439],[98,360],[-12,281],[-206,236],[-274,53],[-304,140],[-126,-394],[-223,8],[-257,167],[-264,114],[-309,220],[-263,-9],[-143,26],[-240,167],[-195,-132],[-11,-351],[-201,-114],[-137,-96],[-240,-220],[-327,-175],[-274,79],[-201,289],[-177,185],[-109,219],[-137,228],[-263,228],[5,369],[17,553],[-28,245],[-29,439],[-160,404],[-177,228],[131,333],[-109,334],[-97,193],[-143,246],[63,456],[166,360],[-155,500],[-108,307],[-258,342],[-234,421],[-315,106],[-183,307],[-52,465],[-29,316],[-211,289],[-183,-96],[-155,-202],[-229,-9],[-309,211],[-275,272],[-274,123],[-161,263],[-303,254],[-257,-245],[-195,-79],[-177,175],[-189,-281],[-229,35],[-166,132],[-183,404],[-115,360],[-177,26],[-246,88],[-120,228],[-149,386],[-189,184],[-252,114],[-149,246],[-149,325],[-40,342],[18,430],[-58,342],[-68,395],[137,386],[-143,430],[-189,149],[-91,395],[-264,246],[-217,114],[-160,368],[-287,202],[-206,-88],[-177,-70],[-332,-9],[-332,0],[-172,290],[-286,61],[-206,-70],[-171,-123],[-252,114],[-35,413],[-114,167],[-218,70],[-171,79],[-155,202],[132,430],[69,535],[-178,149],[-97,228],[-183,281],[-286,263],[-75,386],[-91,229],[-218,377],[-183,281],[-189,140],[-269,61],[-154,-17],[-275,140],[-160,193],[-126,422],[-120,289],[-115,184],[-280,-184],[-132,-360],[-195,-210],[-280,-123],[-229,114],[-103,167],[-269,307],[-252,-35],[-269,123],[-103,526],[178,377],[252,18],[320,-26],[229,-114],[263,-88],[200,17],[207,255],[-81,272],[-131,377],[-29,456],[80,299],[115,456],[-103,334],[-126,158],[-241,0],[-263,70],[-172,219],[-68,298],[-12,430],[-166,413],[-217,-114],[-137,-158],[-252,325],[-46,377],[-143,219],[-303,228],[-161,158],[-171,237],[-115,263],[-120,281],[-172,685],[-97,245],[-149,281],[-206,228],[-212,114],[-183,44],[-286,-44],[-658,-456],[-166,-79],[-235,-44],[-412,9],[-412,70],[-343,141],[-143,114],[-189,219],[-401,1115],[-292,342],[-28,17],[-361,202],[-1007,316],[-6,0],[-996,439],[-583,237],[-1013,667],[-784,614],[-1036,693],[-967,790],[-647,518],[-738,351],[-550,96],[-1224,176],[-504,52],[-464,158],[-526,184],[-601,466],[-824,947],[-561,430],[-406,149],[-968,0],[-1837,35],[-1619,88],[-1769,272],[-189,27],[-749,377],[-332,439],[-430,807],[-183,439],[-108,254],[-235,764],[-80,544],[-126,421],[-177,421],[-109,114],[-487,535],[-269,659],[-251,719],[-161,351],[-23,307],[206,421],[155,114],[298,115],[440,482],[178,404],[51,360],[0,210],[-120,509],[-343,676],[-172,333],[-401,1211],[-240,711],[-527,1167],[-486,834],[-280,544],[-172,439],[-321,1061],[-423,1711],[-389,983],[-618,1194],[-138,456],[-206,693],[-17,255],[-63,1123],[-143,1141],[-57,491],[-183,1000],[28,422],[52,210],[229,220],[274,122],[544,465],[63,132],[361,421],[74,518],[-69,553],[-68,588],[-75,684],[0,281],[218,316],[337,53],[298,-36],[246,-43],[269,307],[17,307],[-80,1026],[40,1448],[-229,114],[-549,-114],[-595,-123],[-304,185],[-309,272],[-412,614],[-463,763],[-630,1150],[0,9],[-252,509],[-217,263],[-201,237],[-406,711],[-103,245],[-664,1641],[-46,167],[-366,1430],[-658,2659],[-240,579],[-206,404],[-161,263],[-229,220],[-171,105],[-1219,483],[-172,149],[-120,219],[-149,518],[-572,1904],[-57,184],[-212,430],[-212,141],[-389,35],[-178,-9],[-1860,-97],[-165,44],[-218,106],[-132,158],[-211,307],[-979,1483],[-624,956],[-200,158],[-412,176],[-309,35],[-223,0],[-224,-62],[-314,-254],[-607,-597],[-160,-114],[-189,-61],[-275,-36],[-332,97],[-240,123],[-435,386],[-195,246],[-114,149],[-229,386],[-1374,2861],[-549,903],[-624,597],[-389,219],[-149,27],[-326,61],[-939,-70],[-772,-61],[-687,-123],[-172,-35],[-475,-106],[-463,-210],[-1906,-1474],[-355,-211],[-309,-88],[-320,9],[-349,61],[-189,114],[-229,194],[-2129,2474],[-149,140],[-830,939],[-17,18],[-538,456],[-57,9],[-321,44],[-332,0],[-309,-167],[-154,-88],[-544,-324],[-349,-211],[-555,-228],[-721,26],[-481,228],[-429,641],[-298,228],[-275,0],[-206,-96],[-343,-281],[-183,-105],[-229,-36],[-172,9],[-349,97],[-206,61],[-669,-26],[-601,-70],[-470,-202],[-618,-386],[-257,-27],[-326,0],[-704,588],[-458,702],[-1826,2036],[-177,220],[-269,324],[-275,465],[-40,123],[-321,895],[-246,781],[-108,667],[-224,2387],[-85,377],[-86,184],[-189,395],[-246,448],[-183,237],[-149,131],[-1110,720],[-435,272],[-218,175],[-160,220],[-195,298],[-120,255],[-143,342],[-120,412],[-258,1308],[-171,526],[-235,509],[-132,272],[-183,378],[-206,254],[-1104,1036],[-138,210],[-126,246],[-440,1579],[-189,439],[-172,334],[-252,210],[-377,97],[-1878,-176],[-663,-9],[-424,97],[-263,132],[-223,157],[-143,150],[-338,456],[-521,939],[-172,298],[-280,167],[-223,17],[-172,-52],[-607,-360],[-1333,-790],[-292,-52],[-172,-9],[-286,9],[-1007,324],[-1791,588],[-2427,808],[-807,324],[-801,351],[-584,316],[-1619,851],[-258,228],[-217,246],[-161,325],[-143,368],[-149,544],[-85,527],[-252,2115],[-97,482],[-178,457],[-481,728],[-881,1237],[-286,404],[-97,132],[-258,377],[-137,272],[-103,228],[-75,404],[0,254],[607,3756],[6,395],[-115,947],[-114,623],[-275,1378],[-475,1290],[-137,307],[-1477,3352],[-263,614],[-166,325],[-263,237],[-344,0],[-292,-53],[-297,-254],[-275,-333],[-326,-123],[-584,123],[-1139,315],[-446,378],[-292,333],[-258,518],[-85,430],[17,746],[86,430],[103,281],[291,359],[86,536],[17,465],[-51,386],[-321,833],[-990,2703],[-217,298],[-395,281],[-429,509],[-309,544],[-103,737],[-12,272],[-23,571],[-57,386],[-177,570],[-92,149],[-332,483],[-412,869],[-446,1228],[-206,281],[-464,360],[-721,158],[-469,281],[-132,114],[-166,289],[-109,316],[-337,1097],[-389,1281],[-201,869],[-383,2562],[-384,5511]],[[332486,540663],[-34,-351],[-155,-360],[206,-263],[34,-509],[212,-167],[195,-61],[246,-386],[212,-378],[34,-228],[0,-500],[189,-158],[114,-412],[58,-264],[-29,-430],[-46,-561],[-69,-290],[-125,-333],[-195,-404],[-240,26],[-143,-158],[-201,-236],[-160,-229],[-343,-131],[-275,105],[-218,62],[-200,-185],[-17,-307],[-6,-430],[-63,-377],[-200,-404],[-69,-368],[-177,-430],[-309,-150],[69,-324],[11,-220],[-23,-351],[-166,-245],[-177,-378],[-258,-307],[57,-395],[103,-280],[-171,-299],[-218,-158],[-86,-386],[81,-465],[-149,-307],[-126,-237],[-149,-290],[-160,-394],[-103,-264],[-126,-377],[-269,-167],[-109,-263],[-57,-272],[-120,-421],[-75,-421],[-257,-123],[-246,79],[-315,79],[-155,-18],[-206,53],[-171,-105],[-252,-53],[-200,-70],[-292,-334],[-224,-149],[-303,-158],[-246,-17],[-126,-141],[-172,-228],[-211,-272],[-206,228],[-178,62],[-274,-79],[-224,-150],[-85,-184],[-201,-175],[-223,-229],[-229,167],[-217,9],[-184,-61],[-314,61],[-321,-105],[-68,-343],[-115,-236],[-183,-395],[-206,201],[-355,79],[-240,-17],[-126,-281],[-120,-412],[-275,-158],[-269,-202],[-303,-158],[-195,-35],[-258,-167],[-228,-298],[-247,-79],[-349,-27],[-229,-140],[-114,-307],[-126,-184],[-326,-114],[-200,-395],[-121,-325],[-177,-26],[-206,-106],[-172,0],[-217,53],[-235,290],[-183,254],[-321,184],[-257,-210],[-235,-18],[-217,79],[-355,53],[-320,105],[-287,149],[-286,35],[-194,-61],[-298,70],[-258,-35],[-337,53],[-223,70],[-229,-70],[-149,149],[-326,-167],[-120,-281],[-189,-96],[-115,-500],[-131,-360],[-338,-149],[-155,272],[-143,158],[-97,307],[-246,254],[-252,-245],[-149,-290],[-114,-158],[-355,-35],[-200,132],[-172,131],[-223,132],[-149,-263],[-172,-79],[-309,-220],[-200,-175],[-160,-149],[-86,-386],[40,-316],[-258,-158],[-51,-386],[-292,-290],[-69,-298],[-160,-307],[-143,-246],[-280,-79],[-166,35],[-201,-255],[-183,-17],[-257,0],[-258,-149],[-206,-334],[-229,-193],[-246,70],[-217,62],[-149,-44],[-218,-158],[-194,-17],[-286,149],[-206,-132],[-206,-298],[-35,-316],[-23,-404],[-40,-175],[166,-386],[201,-308],[183,-544],[-183,-368],[-109,-176],[-189,-193],[-292,-193],[-292,-114],[-280,-105],[-212,-26],[-280,122],[-166,351],[-298,-17],[-252,-88],[-200,-333],[-172,-290],[-166,-105],[-246,-9],[-212,219],[-240,185],[-258,-141],[-343,97],[-280,140],[-189,-96],[-246,254],[-258,-44],[-275,-228],[58,-368],[-86,-211],[-281,-158],[-177,-9],[-223,-210],[-120,-430],[-184,-193],[-228,-123],[-344,-158],[-257,96],[-189,-79],[-212,-280],[-166,-237],[-303,-27],[-143,44],[-258,-123],[-74,-289],[-172,-307],[-338,-132],[-217,-158],[-103,-246],[-252,-26],[-263,0],[-200,-18],[-269,-96],[-292,-114],[-246,-26],[-212,-27],[-246,-114],[-143,-96],[-229,-88],[-166,-44],[-206,-246],[-161,-166],[-166,-404],[-188,-237],[-161,-202],[-131,-263],[-52,-237],[-137,-246],[-229,-210],[-275,-202],[-103,-430],[-137,-255],[-34,-500],[-46,-351],[-75,-307],[121,-386],[-264,-351],[-154,-114],[-195,-132],[-286,-79],[-275,-307],[-171,-79],[-281,-324],[-137,-369],[-86,-298],[-126,-448],[-80,-368],[-252,-308],[-149,132],[-211,158],[-195,-149],[-320,35],[-258,-149],[-166,-176],[-343,-96],[-332,-176],[-52,-245],[-171,-272],[-23,-325],[103,-299],[-52,-491],[-51,-377],[-40,-299],[-86,-272],[-223,-315],[-63,-202],[-166,-255],[-115,-140],[-229,-255],[-206,-166],[-149,-71],[-171,-316],[-109,-272],[-132,-351],[-131,-333],[-115,-518],[0,-517],[-80,-308],[-86,-272],[-126,-482],[-206,-281],[-217,-97],[-92,-280],[-257,-79],[-178,87],[-223,-210],[-200,-377],[-235,-194],[-143,-254],[-252,-193],[-194,-290],[-98,-333],[-34,-518],[-80,-237],[-166,-245],[-280,-123],[-281,-264],[-206,-149],[-126,-96],[-234,-18],[-206,-79],[-298,-70],[-189,-70],[-172,-342],[-97,-158],[-126,-500],[-263,-36],[-240,36],[-212,-316],[-103,-404],[-263,-360],[-29,-526],[-97,-360],[-52,-342],[-46,-404],[-206,-202],[-86,-324],[-166,-229],[-171,-307],[63,-465],[46,-254],[22,-343],[-85,-315],[-98,-483],[-194,-263],[-258,-88],[-154,-509],[85,-333],[-91,-299],[-103,-228],[-212,-211],[-63,-298],[-229,-412],[-114,-307],[-321,-9],[-143,-27],[-292,-298],[-23,-447],[-97,-466],[-80,-368],[-183,-272],[-149,-193],[-131,-334],[-69,-456],[-195,-219],[-217,-70],[-189,-229],[-132,-386],[-286,-131],[-114,-220],[-218,-272],[-166,-140],[-103,-316],[-309,-158],[-234,-377],[57,-369],[91,-518],[-137,-386],[-109,-298],[-97,-211],[-120,-324],[-172,-211],[-154,-491],[-103,-316],[-275,-228],[-103,-272],[-235,-255],[-143,-298],[-183,-255],[-115,-333],[-108,-149],[-143,-430],[-103,-316],[-332,-193],[-120,-351],[-63,-263],[-40,-448],[-235,-412],[-172,-430],[-160,-176],[-298,-61],[-251,-79],[-138,-123],[-200,-255],[-149,-175],[-217,88],[-195,-229],[-246,-245],[-349,-79],[-206,17],[-338,-87],[-194,-141],[-132,-167],[-155,-245],[-143,-114],[-194,-465],[91,-536],[-91,-395],[-292,-228],[-235,-87],[-171,-158],[-212,149],[-206,281],[-218,61],[-183,-167],[-149,-140],[-223,-70],[-257,35],[-258,-334],[-160,-210],[-132,-220],[-275,-17],[-251,-44],[-338,-140],[-160,-36],[-218,-43],[-286,-44],[-229,-35],[-297,-27],[-212,53],[-269,88],[-223,114],[-264,184],[-166,97],[-291,-27],[-258,-219],[-143,-149],[-172,-272],[-246,-351],[-337,-97],[-241,-70],[-189,-44],[-200,-17],[-252,70],[-297,61],[-195,18],[-309,8],[-223,-61],[-292,-149],[-160,-97],[-189,-140],[-321,-237],[-292,-193],[-291,-193],[-269,-114],[-155,-53],[-372,-202],[-292,-140],[-143,-18],[-275,-79],[-177,-52],[-280,9],[-172,61],[-189,-202],[-160,-184],[-223,70],[-207,-272],[-217,-395],[-57,-351],[137,-210],[52,-430],[-161,-299],[-17,-351],[46,-342],[-166,-219],[-298,-150],[-200,-149],[-332,-70],[-280,0],[-206,-289],[-178,-413],[-148,-105],[-332,-62],[-264,-263],[-114,-404],[-126,-157],[-69,-334],[-143,-316],[-303,-202],[-115,-403],[-51,-167],[-149,-307],[-114,-325],[-269,-175],[-246,-123],[-304,-220],[-206,115],[-171,26],[-241,-26],[-172,-9],[-183,123],[-183,-62],[-166,-175],[-269,-158],[-223,0],[-263,149],[-355,-70],[-280,-70],[-241,17],[-194,-263],[-178,-123],[-257,-149],[-201,61],[-183,9],[-275,0],[-217,123],[-149,52],[-240,44],[-189,88],[-338,35],[-234,-26],[-338,-79],[-309,-176],[-212,-149],[-332,0],[-234,-61],[-298,-79],[-183,184],[-69,404],[40,289],[-68,334],[-98,439],[-131,280],[-315,71],[-263,236],[-201,325],[-166,290],[-103,184],[-206,193],[-309,140],[-154,290],[-120,228],[-332,149],[-235,237],[-212,246],[-126,237],[-166,342],[-5,413],[-269,298],[-206,123],[-201,149],[-57,447]]],"bbox":[99.08612,15.05163,100.83344,16.19123],"transform":{"scale":[0.0000017473217473217493,0.000001139601139601141],"translate":[99.08612,15.05163]}}