{"type":"Topology","objects":{"districts":{"type":"GeometryCollection","geometries":[{"type":"Polygon","arcs":[[0,1,2]],"properties":{"CODE":"6101","PARENT":"61","NAME_TH":"เมืองอุทัยธานี","NAME_EN":"Mueang Uthai Thani","NAME_CN":"Mueang Uthai Thani","COLOR_IDX":2}},{"type":"Polygon","arcs":[[-2,3,4,5,6,7]],"properties":{"CODE":"6102","PARENT":"61","NAME_TH":"ทัพทัน","NAME_EN":"Thap Than","NAME_CN":"Thap Than","COLOR_IDX":1}},{"type":"Polygon","arcs":[[-7,8,9]],"properties":{"CODE":"6103","PARENT":"61","NAME_TH":"สว่างอารมณ์","NAME_EN":"Sawang Arom","NAME_CN":"Sawang Arom","COLOR_IDX":0}},{"type":"Polygon","arcs":[[10,11,12,13,14,-5]],"properties":{"CODE":"6104","PARENT":"61","NAME_TH":"หนองฉาง","NAME_EN":"Nong Chang","NAME_CN":"Nong Chang","COLOR_IDX":0}},{"type":"Polygon","arcs":[[-1,15,-11,-4]],"properties":{"CODE":"6105","PARENT":"61","NAME_TH":"หนองขาหย่าง","NAME_EN":"Nong Khayang","NAME_CN":"Nong Khayang","COLOR_IDX":3}},{"type":"Polygon","arcs":[[16,17,-13,18]],"properties":{"CODE":"6106","PARENT":"61","NAME_TH":"บ้านไร่","NAME_EN":"Ban Rai","NAME_CN":"Ban Rai","COLOR_IDX":2}},{"type":"Polygon","arcs":[[-9,-6,-15,19,-17,20]],"properties":{"CODE":"6107","PARENT":"61","NAME_TH":"ลานสัก","NAME_EN":"Lan Sak","NAME_CN":"Lan Sak","COLOR_IDX":3}},{"type":"Polygon","arcs":[[-14,-18,-20]],"properties":{"CODE":"6108","PARENT":"61","NAME_TH":"ห้วยคต","NAME_EN":"Huai Khot","NAME_CN":"Huai Khot","COLOR_IDX":1}}]}},"arcs":[[[938130,408984],[196,631],[409,187],[321,234],[169,432],[36,666],[267,338],[232,117],[249,502],[250,456],[481,140],[151,350],[454,398],[294,-59],[481,246],[80,560],[45,409],[71,514],[18,619],[-89,456],[-125,712],[-71,479],[-143,315],[-151,327],[-249,444],[-214,234],[-267,269],[-223,221],[-303,304],[-294,327],[-187,199],[-285,233],[-267,211],[-321,257],[-454,303],[-303,-116],[-454,-187],[-437,-187],[-516,-70],[-223,70],[-383,11],[-508,187],[-356,176],[-294,11],[-356,-163],[-454,-444],[-401,409],[-143,572],[-35,420],[-125,339],[-249,397],[-294,246],[-303,408],[-214,620],[196,478],[410,199],[115,631],[98,712],[294,281],[170,560],[133,397],[125,269],[196,374],[107,596],[107,338],[400,292],[134,246],[-62,537],[98,701],[-80,455],[-188,689],[-53,503],[-27,432],[464,327],[383,339],[80,373],[258,2710],[285,3878],[321,3481],[205,2383],[133,1051],[160,993],[214,899],[294,1274],[134,677],[124,829],[188,1157],[222,1156],[187,888],[294,1121],[383,1332],[250,829],[-268,105],[-285,129],[-418,-175],[-455,222],[-391,268],[-232,281],[-187,373],[-490,-93],[-107,-386],[-294,-560],[45,-421],[-36,-385],[-71,-351],[-374,-490],[-526,-152],[-196,-467],[-267,-164],[-267,-198],[-303,-187],[-249,-82],[-472,-304],[-348,105],[-392,339],[-89,339],[-436,58],[-214,-58],[-383,187],[-241,397],[-276,187],[-231,374],[-223,105],[-428,-82],[-204,-432],[-294,-35],[-134,-468],[-347,-245],[-446,-35],[-89,-304],[-445,-198],[-232,-386],[-151,-654],[-71,-350],[-268,-502],[-302,-94],[-312,-502],[-330,140],[-499,105],[-320,-339],[-410,-315],[-347,12],[-481,117],[-143,350],[-392,187],[-392,-362],[-516,-70],[-276,327],[-250,82],[-338,116],[-374,47],[-455,35],[-124,631],[276,642],[-63,444],[-151,561],[-187,666],[-107,385],[-196,619],[-294,327],[-205,257],[-311,245],[-250,129],[-454,420],[-347,327],[-250,234],[-187,269],[-329,338],[-205,246],[-205,420],[-89,631],[-125,491],[-196,397],[-36,385],[27,526],[-35,736],[-90,595],[-106,456],[-81,327],[-115,701],[-45,584],[-44,689],[-9,607],[9,456],[-54,456],[62,642],[-347,292],[-294,35],[-294,12],[-365,81],[-223,-11],[-356,-35],[-285,11],[-454,246],[0,666],[9,490],[9,409],[-27,537],[-98,432],[-143,655],[-231,502],[-178,374],[-161,350],[-169,409],[-294,362],[-276,292],[-205,187],[-401,374],[-249,257],[-303,560],[-223,538],[-169,327],[-231,443],[-170,304],[-267,351],[-321,420],[-53,292],[-436,164],[-375,-164],[-347,-315],[-294,-526],[-312,-82],[-276,-116],[-320,-36],[-223,304],[-241,573],[-169,397],[-89,338],[-223,514],[-44,444],[-178,526],[-161,339],[-8,408],[-45,398],[-89,432],[-71,736],[107,478],[8,351],[27,736],[312,595],[436,141],[321,105],[232,128],[365,386],[178,467],[249,596],[134,338],[276,327],[508,292],[285,304],[365,491],[-62,374],[-116,537],[-80,397],[-178,526],[-472,385],[-384,397],[-222,222],[-383,152],[-348,514],[-196,327],[-178,292],[-231,315],[-187,304],[-134,409],[-419,128],[-115,316],[-170,560],[-222,351],[-214,163],[-267,479],[-125,362],[-151,362],[-357,234],[-133,339],[-45,432],[-9,385],[116,596],[89,339],[-151,549],[-294,315],[-107,281],[-45,443],[36,386],[-18,537],[36,432],[89,433],[107,630],[44,304],[45,479],[35,701],[-26,409],[-89,327],[213,420],[-106,362],[-223,456],[-125,362],[-169,304],[-392,245],[-285,222],[-517,35],[-320,607],[-98,654],[-303,491],[-526,-175],[-356,-175],[-312,128],[-187,245],[-258,468],[-445,373],[-276,374],[-473,339],[-525,-164],[-392,24],[-356,-70],[-232,58],[-374,-47],[-312,129],[-490,-246],[-160,-221],[-240,-468],[-81,-397],[-481,35],[-320,-187],[-267,82],[-321,351],[-241,-643],[-454,-327],[-151,479],[-152,374],[-490,-47],[-222,432],[-232,573],[-89,490],[-436,-82],[-508,24],[-143,630],[-383,363],[-258,58],[-419,-117],[-276,-12],[-249,304],[-152,292],[-374,222],[-276,23],[-312,351],[-142,444],[-214,619],[116,280],[-276,596],[-267,117],[-366,327],[-507,128],[-365,-537],[-375,12],[-267,292],[-356,-246],[-401,-280],[-419,385],[-436,187],[-196,59],[-374,-94],[-445,-11],[-294,537],[-428,-257],[-116,-421],[-71,-607],[-534,-70],[-553,-35],[-115,-526],[-339,-105],[-285,222],[-365,561],[-134,514],[-427,-269],[18,-654],[-357,-537],[-294,-176],[-258,-175],[-392,35],[-223,164],[-151,444],[-499,-199],[-240,-198],[-169,-561],[-401,374],[-508,280],[-392,-35],[-151,-549],[-54,-678],[18,-584],[-463,-198],[-356,23],[-223,-315],[-445,128],[-312,246],[-401,-94],[-383,105],[-392,35],[-89,-514],[-9,-338],[-116,-584],[-374,-187],[-312,-129],[-454,-117],[-445,-81],[-392,525],[-143,538],[-490,-281],[-374,47],[-463,-117],[89,-525],[-258,-573],[-454,-280],[-196,245],[-107,491],[-54,362],[-507,187],[-401,198],[-196,397],[-276,152],[-401,70],[-508,222],[-258,105],[-534,71],[-357,-59],[-329,-35],[-205,-269],[53,-443],[-303,-363],[-418,106],[-259,268],[-249,257],[-347,-560],[-490,-328],[-303,-81],[-454,-222],[-276,-175],[-321,268],[-312,327],[-490,0],[-365,-397],[-303,-304],[-508,-198],[-213,526],[-312,-12],[-214,374],[-481,140],[-214,444],[-356,-176],[-454,106],[-383,151],[-312,106],[71,595],[72,281],[71,455],[-143,678],[-418,46],[-107,503],[-374,280],[-321,257],[-285,292],[-27,339],[214,362],[312,479],[-374,292],[-259,-257],[-195,-397],[-170,-386],[-401,164],[-142,537],[-107,374],[-410,152],[-267,-187],[-116,-386],[-418,-467],[-464,164],[-383,175],[-516,257],[-267,140],[-321,128],[-62,433],[-81,373],[-498,47],[-490,-362],[-312,-82],[-330,175],[161,701],[-356,479],[-303,-233],[-98,-514],[-303,-281],[-481,-117],[-348,374],[-133,432],[-374,561],[-419,12],[-347,-234],[-472,-82],[-232,386],[-338,-24],[-268,-35],[-365,444],[-249,818],[-169,526],[-134,443],[-160,514],[-134,421],[-151,514],[-107,339],[-143,443],[-124,421],[409,432],[285,292],[45,456],[-152,373],[-26,643],[329,304],[837,373],[348,-11],[686,257],[472,-106],[285,36],[276,151],[330,561],[133,409],[312,374],[223,420],[507,117],[267,140],[446,-23],[454,35],[347,117],[446,-117],[285,-12],[392,175],[0,374],[35,386],[152,1296],[44,643],[-62,502],[-98,677],[18,701],[231,537],[143,363],[80,537],[0,385],[196,514],[383,549],[258,432],[152,292],[276,608],[837,1717],[303,596],[62,397],[-8,806],[124,560],[214,491],[303,584],[249,607],[116,982],[71,619],[80,806],[36,490],[98,526],[205,607],[134,362],[187,362],[222,444],[196,397],[134,362],[125,538],[-45,432],[-107,549],[116,374],[338,327],[312,187],[365,81],[490,-198],[339,128],[374,117],[222,35],[-17,596],[17,397],[9,362],[134,467],[240,643],[161,572],[142,374],[232,736],[240,654],[116,397],[125,397],[53,467],[-62,479],[-89,374],[-312,514],[-80,292],[-36,654],[18,421],[232,560],[98,468],[-80,420],[-81,596],[-26,397],[62,409],[71,595],[107,316],[232,444],[80,350],[169,362],[169,292],[116,467],[116,584],[18,760],[-18,806],[0,712],[9,456],[18,1191],[44,432],[214,444],[258,222],[366,351],[302,268],[330,514],[-89,689],[-143,491],[-249,596],[-178,478],[-63,257],[-106,701]],[[861297,576437],[35,2477],[-35,911],[44,607],[294,678],[116,584],[214,642],[605,1869],[535,2184],[-178,3785],[0,1378],[35,1367],[169,1086],[143,689],[-347,1986],[89,397],[115,526],[107,373],[107,397],[98,351],[223,432],[89,350],[71,503],[152,350],[187,619],[98,374],[89,432],[89,432],[98,444],[133,573],[357,233],[285,210],[240,129],[330,117],[303,210],[356,350],[267,211],[303,222],[267,233],[232,199],[463,233],[249,152],[250,479],[-134,596],[-231,607],[-98,269],[-179,467],[-151,421],[-445,-12],[-419,0],[-713,0],[-587,35],[-446,23],[-320,561],[89,339],[-152,455],[-427,70],[-268,409],[-445,374],[-240,339],[293,642],[259,304],[142,455],[170,561],[-98,526],[-89,712],[-45,421],[-80,315],[-223,759],[-9,596],[267,327],[553,-70],[-196,619],[-357,350],[-320,211],[-454,245],[-348,82],[-445,23],[-544,94],[-436,-94],[-508,35],[-294,105],[-267,47],[-285,164],[-98,432],[285,537],[80,386],[45,478],[80,631],[-249,619],[-330,-70],[-240,12],[-348,339],[71,432],[134,502],[143,607],[115,433],[178,689],[125,560],[80,479],[45,549],[125,713],[151,432],[347,269],[312,245],[152,280],[213,432],[98,713],[45,514],[44,304],[63,537],[89,455],[133,585],[205,654],[54,443],[26,549],[0,701],[54,795],[-9,630],[0,386],[-18,689],[-98,561],[-151,677],[-71,421],[-125,525],[-36,724],[54,538],[44,724],[18,420],[116,631],[89,678],[125,514],[115,350],[134,444],[98,280],[142,538],[116,595],[98,432],[178,666],[152,456],[160,689],[-71,479],[-152,339],[-285,373],[-204,211],[-214,514],[-45,443],[-44,409],[-107,374],[-454,362],[-357,140],[-231,59],[-392,70],[-232,46],[-347,152],[-428,444],[-1078,1110]],[[858811,652922],[285,479],[348,385],[249,210],[410,222],[330,94],[302,70],[562,163],[258,82],[1193,362],[1069,456],[107,58],[570,339],[276,199],[1096,934],[445,409],[214,292],[472,701],[134,175],[303,374],[276,268],[427,444],[232,175],[481,-23],[267,-128],[285,-351],[214,-374],[223,-525],[213,-491],[170,-432],[124,-374],[294,-607],[196,-222],[463,-362],[374,-129],[330,-93],[330,-70],[427,-12],[347,47],[375,58],[391,24],[437,35],[312,-12],[445,-164],[312,-268],[267,-491],[116,-490],[133,-678],[72,-491],[26,-420],[27,-1098],[0,-385],[294,-409],[383,-35],[383,163],[419,397],[178,304],[249,491],[196,303],[365,444],[187,140],[357,152],[303,-70],[320,-198],[428,-491],[249,-397],[285,-619],[303,-549],[285,-339],[187,-210],[312,-187],[321,-12],[311,82],[553,175],[391,129],[375,152],[409,175],[259,105],[463,-152],[392,-432],[338,-362],[294,-549],[116,-713],[80,-444],[169,-514],[214,-327],[330,-350],[498,117],[330,268],[383,141],[481,81],[338,24],[250,23],[401,-23],[454,-70],[472,-94],[285,-70],[339,-70],[240,-58],[347,-164],[339,-467],[231,-397],[63,-351],[-223,-397],[-329,-327],[-321,-350],[-303,-397],[-258,-339],[-178,-374],[-143,-467],[-71,-561],[9,-304],[329,-502],[383,-12],[259,47],[481,140],[374,105],[525,141],[285,46],[374,-23],[276,-234],[232,-303],[196,-374],[205,-456],[142,-327],[259,-502],[409,-175],[553,128],[454,246],[294,163],[427,339],[357,444],[409,619],[473,292],[329,0],[454,-164],[303,-210],[428,-455],[294,-351],[311,-596],[152,-432],[89,-385],[-36,-549],[-151,-432],[-80,-631],[116,-713],[178,-408],[249,-561],[196,-467],[232,-538],[392,-455],[436,-59],[419,-23],[507,-93],[357,-94],[347,-70],[294,-47],[419,-128],[418,-245],[267,-281],[214,-350],[116,-316],[80,-654],[784,175],[1327,421],[1523,736],[63,47],[828,665],[534,421],[410,409],[330,385],[249,409],[187,362],[152,315],[115,386],[54,631],[18,338],[294,619],[240,468],[267,607],[553,1285],[231,561],[134,362],[62,409],[27,397],[0,595],[-36,1017],[-116,1763],[-142,1227],[-98,596],[-71,595],[-89,666],[-98,596],[-294,549],[-294,362],[-285,245],[-517,386],[-436,327],[-161,408],[0,421],[267,584],[428,187],[953,280],[1568,526],[463,210],[401,82],[837,140],[891,397],[534,210],[499,164],[579,58],[588,82],[659,269],[641,479],[214,152],[748,572],[1123,514],[1264,514],[1185,350],[998,47],[2280,1553],[971,491],[837,257],[196,70],[1318,876],[1158,643],[953,338],[1025,549],[828,269],[240,128],[-400,-1261],[-918,-1776],[-730,-1822],[-259,-899],[-115,-467],[-89,-713],[-72,-572],[-142,-1051],[-196,-1192],[-89,-490],[-294,-1052],[-214,-619],[-142,-444],[-1452,-2967],[-276,-642],[-134,-712],[-9,-678],[0,-642],[143,-1168],[294,-1566],[0,-514],[-90,-502],[-258,-736],[-641,-1600],[-214,-502],[-258,-456],[-383,-385],[-579,-409],[-481,-350],[-330,-351],[-356,-561],[-134,-397],[-196,-1308],[-338,-3971],[-321,-409],[-534,-619],[-561,-631],[-339,-420],[-258,-374],[-152,-210],[-196,-491],[-71,-678],[-53,-467],[-1497,-1413],[-169,-187],[-1345,-1297],[-1354,-957],[-1425,-935],[-383,-304],[-641,-607],[-89,-93],[-455,-584],[357,-362],[267,-304],[285,-257],[445,-444],[401,-47],[267,-152],[472,-58],[294,280],[241,246],[214,525],[35,362],[526,187],[196,-198],[124,-514],[286,-526],[53,-537],[151,-386],[508,-11],[365,93],[241,-23],[409,-339],[250,-269],[419,-444],[329,234],[267,397],[499,-245],[-9,-502],[-62,-619],[107,-362],[116,-433],[-90,-362],[259,-350],[445,-152],[223,-234],[436,-105],[276,210],[374,59],[36,549],[223,385],[490,339],[285,-315],[258,-491],[241,-175],[356,187],[312,-35],[293,-514],[205,-467],[-53,-713],[321,-561],[-72,-479],[161,-665],[347,-222],[312,0],[338,-362],[339,-433],[445,-105],[232,-245],[445,-163],[196,-24],[419,-128],[338,-561],[9,-350],[232,-503],[454,-152],[392,-116],[98,-327],[338,-257],[339,-117],[258,-584],[481,-257],[258,-491],[455,-222],[400,-105],[401,35],[356,467],[348,152],[249,0],[401,-81],[249,81],[464,211],[374,-94],[481,-117],[240,-280],[259,-117],[338,-222],[543,-210],[170,-654],[294,-257],[231,-234],[454,-35],[428,-46],[160,-304],[152,-386],[294,-479],[400,-105],[134,-420],[143,-561],[187,-350],[124,-409],[499,-245],[241,257],[356,-129],[285,-607],[392,140],[490,-175],[133,-409],[178,-631],[98,-479],[63,-280],[427,-257],[330,58],[267,-81],[143,-468],[-268,-572],[-115,-374],[98,-525],[115,-292],[9,-491],[-205,-502],[-169,-619],[18,-456],[36,-689],[-9,-713],[0,-619],[0,-327],[-63,-607],[-124,-456],[-27,-280],[-134,-526],[-160,-280],[18,-549],[98,-362],[107,-362],[142,-502],[116,-257],[241,-491],[187,-245],[151,-374],[62,-432],[268,-596],[-9,-409],[347,-490],[1078,-351],[1042,-315],[223,-35],[534,-47],[1452,-93],[828,-35],[241,-47],[410,-292],[258,-234],[570,-385],[463,-280],[374,-129],[348,-70],[641,-105],[490,-269],[730,-794],[463,-514],[330,-386],[223,-186],[783,-479],[9,-374],[-169,-935],[-160,-700],[-143,-304],[-365,-479],[-543,-467],[-740,-736],[-124,-374],[35,-444],[214,-887],[-267,-608],[-650,-82],[-464,-116],[-418,-444],[-365,-596],[-259,-245],[-365,-374],[-116,-199],[-187,-537],[27,-444],[303,-455],[312,-596],[-125,-432],[-365,-444],[-553,-1063],[-213,-537],[-348,-900],[-329,-759],[-267,-654],[-259,-1028],[-365,-888],[-44,-93],[792,479],[3955,1483],[2904,432],[2636,468],[2574,292],[3715,420],[2832,210],[1114,-140],[1719,-689],[3571,-1028],[3145,-794],[2503,-631],[2547,-689],[739,-269],[81,-35],[481,-292],[1719,-1063],[1977,-1927],[989,-993],[837,-1086],[1461,-1694],[-650,210],[-766,246],[-571,105],[-721,-12],[-722,-105],[-748,-222],[-810,-304],[-900,-397],[-659,-409],[-490,-443],[-534,-503],[-588,-584],[-846,-852],[-864,-888],[-962,-1192],[-686,-1062],[-490,-923],[-419,-1051],[-222,-900],[-170,-1086],[-107,-1005],[-35,-1156],[18,-269],[89,-1834],[160,-2674],[98,-1180],[27,-210],[98,-783],[205,-1121],[302,-1250],[410,-1484],[437,-1285],[427,-1027],[437,-911],[561,-958],[757,-1087],[757,-1016],[1220,-1437],[757,-841],[437,-490],[80,-94],[873,-852],[739,-678],[1114,-876],[1238,-993],[703,-572],[1906,-1647],[1096,-1121],[552,-713],[392,-572],[321,-631],[321,-712],[374,-1133],[142,-549],[89,-491],[80,-561],[36,-829],[-36,-724],[-98,-888],[-160,-876],[-142,-631],[-259,-747],[-294,-654],[-347,-561],[-383,-491],[-365,-338],[-428,-269],[-588,-210],[-507,-82],[-437,0],[-436,70],[-802,234],[-891,303],[-1915,666],[-819,292],[-775,339],[-971,444],[-855,374],[-1060,630],[-1452,876],[-1995,1332],[-2245,1285],[-205,105],[-98,47],[-1852,782],[-1318,351],[-1461,245],[-775,47],[-116,0],[-784,-59],[-703,-245],[-642,-374],[-597,-572],[-721,-818],[-143,-163],[-614,-911],[-401,-830],[-338,-946],[-205,-946],[-134,-1261],[0,-36],[-80,-2090],[9,-1133],[80,-946],[62,-363],[80,-467],[223,-759],[276,-771],[339,-748],[436,-747],[633,-794],[1389,-1484],[160,-175],[1230,-1297],[249,-257],[1541,-1495],[1229,-1028],[1897,-1553],[1328,-970],[1656,-1203],[1844,-1355],[1470,-1109],[1024,-865],[873,-876],[1505,-1717],[1203,-1577],[899,-1249],[606,-993],[864,-1530],[900,-1928],[89,-175],[196,-561],[124,-467],[81,-479],[80,-736],[62,-1027],[54,-1215],[53,-1495],[9,-70],[9,-725],[-18,-1144],[-53,-876],[-134,-1052],[-267,-1460],[-704,-2815],[-650,-2301],[-392,-1180],[-428,-992],[-668,-1285],[-677,-1052],[-748,-1004],[-597,-701],[-890,-829],[-1274,-970],[-2147,-1390],[-2030,-1250],[-2049,-1214],[-2156,-1309],[-1496,-934],[-686,-409],[-383,-280],[-383,-280],[-641,-538],[-481,-537],[-321,-456],[-321,-560],[-249,-701],[-169,-806],[-89,-829],[18,-643],[89,-677],[231,-935],[348,-1028],[124,-327],[419,-1109],[517,-1192],[463,-1133],[311,-899],[401,-1332],[107,-444],[294,-1191],[187,-1121],[98,-1087],[9,-1133],[-116,-1308],[-222,-1378],[-259,-1168],[-320,-1157],[-241,-666],[-365,-899],[-169,-327],[-303,-619],[-437,-864],[-605,-1110],[-170,-315],[-979,-1577],[-713,-970],[-534,-724],[-9,-12],[-1416,-1845],[-18,-24],[-1390,-1927],[-454,-584],[-401,-420],[-258,-164],[-392,-163],[-561,-152],[-811,-152],[-1024,-140],[-873,-141],[-276,-46],[-659,-222],[-624,-304],[-543,-374],[-134,-81],[-588,-514],[-703,-748],[-740,-1039],[-391,-631],[-277,-467],[-320,-620],[-455,-911],[-792,-1775],[-374,-935],[-357,-899],[-498,-1226],[-499,-1542],[-178,-643],[-508,-1787],[-312,-1144],[-142,-491],[-179,-666],[-240,-969],[-187,-1087],[-71,-630],[-18,-713],[9,-105],[53,-654],[125,-888],[178,-1028],[196,-969],[383,-1495],[534,-1449],[571,-1203],[-392,-327],[-437,-198],[-463,35],[-249,163],[-383,362],[-401,117],[-428,12],[-383,-47],[-418,-152],[-312,-198],[-232,-71],[-320,-58],[-481,-58],[-366,-222],[-525,58],[-490,280],[-445,281],[-285,257],[-401,327],[-481,233],[-321,82],[-338,82],[-472,210],[-330,257],[45,619],[-27,409],[-54,479],[-285,584],[-160,280],[-178,327],[-160,281],[-170,362],[-169,397],[-196,549],[-134,432],[27,432],[27,409],[27,351],[-36,443],[-151,363],[-161,712],[18,409],[-285,304],[-436,46],[-259,234],[-196,304],[-258,420],[-134,280],[-151,491],[-143,666],[-71,549],[-80,339],[-142,420],[-107,280],[-214,584],[-89,433],[-214,443],[-187,444],[-18,316],[-214,502],[-481,292],[-409,420],[-205,444],[-143,538],[-53,537],[-134,409],[9,338],[258,526],[134,701],[-365,93],[-285,362],[-187,269],[-223,292],[-169,432],[-54,538],[-213,572],[35,432],[-62,456],[-249,432],[89,315],[-54,491],[-18,549],[116,350],[45,549],[-63,292],[116,456],[18,724],[-45,304],[-169,444],[-436,221],[-54,386],[-53,526],[-9,677],[169,666],[-98,502],[-267,292],[-187,584],[-428,444],[-231,245]],[[861297,576437],[-419,70],[-437,82],[-516,-12],[-348,117],[-454,94],[-561,-82],[-427,-397],[-321,-47],[-250,-12],[-293,-257],[-116,-268],[-339,-234],[-490,-280],[-187,-327],[-329,-596],[-232,-315],[-169,-304],[-365,0],[-330,82],[-356,152],[-241,128],[-311,105],[-410,-257],[-303,-23],[-240,-257],[-161,-339],[-258,-642],[-205,-479],[-436,-316],[-241,-327],[-196,-467],[-160,-350],[-285,-526],[-134,-339],[-133,-385],[-134,-269],[-508,-210],[-401,280],[-231,269],[-348,397],[-258,129],[-481,105],[-490,0],[-338,-140],[-232,-164],[-303,-198],[-231,-164],[-339,-210],[-258,-47],[-383,82],[-187,677],[-116,339],[-338,397],[-294,222],[-410,257],[-561,-12],[-552,94],[-312,128],[-267,117],[-357,58],[-490,82],[-258,70],[-374,105],[-561,94],[-356,70],[-366,199],[-240,198],[-365,280],[-455,363],[-472,245],[-329,47],[-437,-24],[-222,82],[-553,0],[-391,23],[-196,-140],[-375,-140],[-302,0],[-312,35],[-365,23],[-455,164],[-293,584],[-116,327],[-223,642],[-169,433],[-143,432],[-107,292],[-142,397],[-71,537],[-116,339],[-258,327],[-196,315],[-232,456],[-392,537],[-303,304],[-365,327],[-169,269],[-348,467],[-231,269],[-196,350],[-143,292],[-329,491],[-223,268],[-285,351],[-151,257],[-250,338],[-383,152],[-561,24],[-258,-129],[-339,-280],[-80,-654],[-267,-619],[-365,-456],[-107,-584],[44,-444],[45,-385],[89,-538],[71,-467],[107,-666],[62,-479],[36,-432],[27,-432],[89,-549],[18,-584],[107,-701],[80,-584],[18,-397],[-81,-596],[-106,-712],[-116,-432],[-143,-397],[-9,-468],[-53,-409],[-134,-373],[-205,-456],[-213,-397],[-223,-245],[-241,-281],[-320,-257],[-392,-350],[-472,-385],[-526,-433],[-392,-245],[-899,-479],[-962,-514],[-615,-444],[-570,-373],[-454,-316],[-401,-222],[-677,-385],[-534,-222],[-677,-199],[-1069,-455],[-570,-210],[-463,-199],[-508,-199],[-437,164],[-187,339],[-294,338],[-409,106],[-339,105],[-383,93],[-472,-23],[-240,0],[-366,-24],[-222,-93],[-312,-175],[-303,-12]],[[811434,563904],[-356,82],[-276,35],[-526,257],[-231,339],[-187,490],[-214,351],[-285,385],[-241,350],[-365,479],[-303,397],[-196,328],[-311,467],[-143,467],[-125,269],[-213,619],[17,490],[0,514],[-267,210],[-338,164],[-223,117],[-338,222],[-223,479],[-71,338],[-107,468],[267,630],[240,409],[81,549],[-9,316],[71,478],[80,398],[152,514],[213,1051],[116,864],[125,1811],[133,1425],[232,1366],[62,468],[-543,2336],[-205,829],[-712,1285],[-481,876],[-1479,1694],[-1042,1016],[-1265,736],[-944,140],[-1773,-316],[-1238,-560],[-1621,-841],[-1861,-1133],[-802,-444],[-53,-12],[-544,-444],[-962,-700],[-249,-141],[-294,-151],[-276,-117],[-374,-129],[-419,-257],[-428,-11],[-498,-47],[-855,-12],[-196,105],[-472,82],[-401,245],[-535,176],[-499,-164],[-489,-315],[-553,-269],[-62,-654],[-383,-164],[-365,82],[-294,222],[-356,140],[-517,59],[-410,-117],[-392,222],[-490,-59],[-267,-175],[-222,-280],[-481,-281],[-464,24],[-534,257],[-223,70],[-481,-105],[-463,-281],[-481,374],[-445,47],[-713,-117],[-392,-105],[-187,245],[-410,199],[-561,47],[-445,35],[-730,93],[-704,-12],[-454,-128],[-562,-23],[-258,432],[-249,327],[-463,257],[-348,280],[-481,561],[-124,93],[-473,222],[-445,12],[-472,409],[-125,35],[-516,0],[-517,23],[-419,-257],[-142,-432],[-178,-339],[-356,-339],[-250,-105],[-383,-210],[-214,-128],[-365,-117],[-258,-117],[-339,-199],[-222,-175],[-330,-304],[-338,-210],[-276,-58],[-286,-210],[-160,-538],[-178,-222],[-276,-315],[-62,-514],[-45,-315],[-98,-584],[-62,-421],[-63,-654],[27,-689],[-27,-666],[-365,-140],[-258,-24],[-374,-58],[-178,-409],[-205,-163],[-392,-140],[-214,-106],[-338,-186],[-517,-269],[-241,-94],[-338,-11],[-241,0],[-329,11],[-410,12],[-320,-35],[-392,35],[-437,257],[-383,327],[-329,292],[-285,269],[-205,210],[-321,210],[-410,199],[-249,93],[-356,269],[-241,0],[-383,70],[-187,47],[-249,-584],[-232,-701],[-27,-292],[-26,-736],[-116,-1156],[-160,-1367],[-81,-526],[-124,-373],[-187,-503],[-410,-922],[-178,-491],[-276,-292],[-401,-199],[-552,-198],[-526,-234],[-365,-140],[-374,-93],[-597,-187],[-1630,-561],[-1113,-257],[-535,140],[-312,82],[-285,35],[-552,140],[-338,129],[-490,58],[-642,117],[-775,35],[-498,23],[-499,-46],[-454,-152],[-401,-117],[-552,-210],[-669,-386],[-436,-198],[-312,-316],[-383,-490],[-178,-257],[-347,-164],[-552,152],[-767,35],[-1220,0],[-1202,-93],[-677,-24],[-508,-70],[-383,-140],[-383,-152],[-436,-409],[-392,-350],[-455,-12],[-445,362],[-329,59],[-330,-175],[-472,-339],[-481,-234],[-214,-117],[-303,-467],[-231,-444],[-463,-152],[-392,-81],[-259,70],[-294,257],[-374,198],[-401,-11],[-267,-222],[-249,-187],[-356,-199],[-196,-152],[-259,-408],[-196,-316],[-427,-327],[-401,-128],[-534,-105],[-330,58],[-401,70],[-285,12],[-338,0],[-250,0],[-507,-24],[-410,-23],[-374,-432],[-116,-467],[-116,-631],[-160,-537],[-152,-292],[-133,-503],[-205,-689],[-615,-163],[-418,-129],[-464,-117],[-409,-105],[-365,-105],[-330,-93],[-303,-70],[-338,-94],[-544,-140],[-418,-117],[-499,-128],[-330,-94],[-507,-128],[-321,-94],[-374,-82],[-285,-81],[-401,-105],[-267,-70],[-365,-82],[-294,-59],[-330,-46],[-472,-35],[-330,-24],[-356,-11],[-490,-24],[-142,0],[-508,-23],[-525,-24],[-464,-23],[-374,-23],[-418,-12],[-464,-23],[-347,-12],[-561,-35],[-508,-23],[-552,-24],[-374,0],[-490,-23],[-419,-23],[-383,-12],[-427,-12],[-463,-23],[-294,-24],[-312,-23],[-285,-82],[-303,-175],[-294,-315],[-223,-362],[-142,-304],[-160,-327],[-446,-222],[-267,-164],[-267,-222],[-205,-198],[-401,-164],[-258,-46],[-428,-35],[-312,-176],[-400,246],[-357,338],[-356,106],[-329,128],[-526,93],[-428,117],[-481,-117],[-374,-23],[-463,-187],[-249,-338],[-321,-187],[-427,257],[-116,362],[-454,-94],[-446,-315],[-427,350],[-535,-93],[-356,-327],[-339,-59],[-356,549],[-267,292],[-294,106],[-285,46],[-374,12],[-178,-269],[-250,-397],[-187,-198],[-107,-468],[116,-514],[-116,-397],[-356,-420],[-276,-199],[-392,-128],[-552,-164],[-392,257],[-205,-432],[-89,-619],[-365,-362],[-428,455],[-178,397],[-329,222],[-410,59],[-294,11],[-392,-116],[-437,-234],[-427,-105],[-223,58],[-383,0],[-276,-140],[-392,35],[-89,-689],[18,-432],[-187,-537],[-134,-292],[-89,-491],[-133,-304],[-366,-350],[-213,-152],[-357,-245],[-329,-281],[-472,187],[-365,246],[-410,-421],[-321,-222],[-401,-222],[-374,-187],[0,2044],[232,6460],[249,4146],[27,2582],[0,82],[18,899],[133,3843],[54,1588],[-27,783],[-276,1156],[-989,304],[-499,140],[-872,281],[-1016,-853],[-917,-771],[-1016,-853],[-1042,-911],[-374,-315],[-606,-491],[-721,-642],[-383,-327],[-668,-584],[-561,-491],[-606,-537],[-704,-643],[-596,-560],[-303,-234],[-348,-175],[-472,93],[-365,-35],[-543,-187],[-285,-151],[-392,-222],[-437,-234],[-596,-257],[-321,-93],[-410,81],[-205,141],[-392,514],[-258,432],[-160,315],[-241,491],[-285,490],[-312,304],[-240,152],[-276,175],[-437,257],[-525,327],[-258,175],[-294,187],[-651,409],[-596,397],[-535,351],[-401,268],[-400,269],[-446,292],[-445,280],[-294,164],[-472,222],[-348,140],[-623,245],[-722,269],[-596,245],[-659,257],[-579,222],[-544,210],[-240,82],[-553,128],[-632,152],[-615,140],[-605,152],[-739,187],[-437,105],[-481,140],[-543,176],[-526,175],[-418,128],[-321,117],[-392,199],[-347,233],[-481,386],[-348,268],[-347,234],[-178,94]],[[640978,575807],[-152,537],[-205,677],[-106,386],[-98,350],[-170,526],[-133,420],[-143,491],[-124,409],[-107,362],[-81,350],[-106,421],[-63,315],[-98,456],[-98,479],[-98,502],[-71,362],[-125,689],[-71,374],[-89,455],[-125,503],[-62,257],[-71,467],[44,561],[152,560],[222,970],[107,724],[-329,420],[-419,503],[-419,514],[-320,373],[-365,433],[-286,338],[-195,234],[-277,304],[-302,479],[240,630],[125,538],[169,373],[134,479],[80,514],[62,444],[45,584],[53,479],[71,444],[-142,549],[-205,304],[-214,502],[-187,432],[-142,315],[-134,468],[-71,350],[-80,607],[-81,503],[-196,257],[-409,444],[-330,327],[-160,607],[-116,456],[-89,397],[-196,595],[-160,701],[-116,421],[9,584],[-125,350],[-258,444],[-169,444],[-481,292],[-179,374],[-320,467],[222,420],[9,561],[-142,292],[-383,292],[-187,467],[-27,654],[-160,503],[-428,-24],[-312,503],[-222,315],[-517,128],[-427,409],[-401,222],[-356,175],[-250,164],[-312,315],[-249,316],[-241,420],[-338,327],[-312,-46],[-409,198],[-375,315],[-365,351],[-303,315],[-249,269],[-196,210],[-365,245],[-312,141],[-499,257],[-481,373],[-285,222],[-294,199],[-338,292],[-348,292],[-240,175],[-125,502],[-329,503],[-374,-24],[-508,-268],[-276,46],[-508,106],[-321,46],[-472,234],[-552,140],[-401,105],[-499,117],[-650,82],[-276,-468],[-463,970],[-445,981],[-259,584],[-294,689],[-258,678],[-347,946],[-214,584],[-152,385],[-142,339],[-223,432],[-267,526],[-232,327],[-302,467],[-366,549],[-240,421],[-125,303],[-107,386],[-196,794],[-213,970],[-232,1004],[-151,794],[-116,561],[-152,608],[-80,432],[-89,514],[-107,584],[-80,444],[-89,735],[-9,433],[27,432],[18,385],[-54,584],[-347,386],[-490,385],[-294,269],[-285,490],[-472,1496],[-347,1179],[-766,1799],[2315,5899],[401,339],[232,245],[222,327],[410,432],[250,140],[311,444],[187,514],[143,619],[27,561],[0,362],[-63,385],[-213,538],[-152,362],[-321,420],[-481,70],[-525,105],[-276,176],[-223,257],[-356,408],[-232,351],[-294,397],[-249,339],[-152,338],[-178,514],[-44,444],[-63,654],[-115,596],[-9,491],[-178,409],[-419,443],[-187,234],[-249,327],[-303,386],[-214,303],[-143,596],[72,654],[107,421],[195,408],[98,526],[-26,292],[-18,549],[-27,514],[-18,572],[-17,386],[26,560],[54,736],[71,421],[107,432],[98,339],[205,549],[116,432],[106,444],[250,432],[383,467],[214,339],[178,385],[151,339],[160,596],[-44,374],[214,525],[285,538],[365,338],[232,304],[71,479],[222,490],[-26,386],[9,642],[258,281],[-160,560],[-54,409],[-240,374],[-9,385],[-152,444],[-98,421],[36,327],[-27,560],[9,398],[116,584],[27,502],[276,292],[436,397],[321,175],[365,503],[196,233],[258,362],[223,222],[303,210],[196,152],[231,409],[98,362],[143,467],[98,643],[98,782],[151,876]],[[614051,689540],[366,-105],[516,281],[722,549],[1131,619],[1363,374],[1069,513],[908,71],[713,11],[668,-35],[801,-152],[651,0],[516,-151],[597,-269],[579,-94],[374,-11],[481,46],[668,187],[811,339],[1558,619],[526,187],[499,0],[302,-47],[553,-163],[320,0],[401,233],[437,491],[267,245],[365,47],[481,350],[3224,444],[2494,421],[1435,315],[650,257],[855,117],[739,70],[1211,409],[428,70],[223,-58],[668,-339],[205,-24],[1558,386],[2530,818],[223,128],[311,129],[455,105],[311,58],[321,58],[410,94],[276,23],[472,-117],[321,-105],[499,47],[231,140],[401,105],[365,47],[312,70],[356,374],[276,537],[232,35],[499,-338],[454,-328],[383,-245],[606,-572],[294,-105],[320,432],[472,280],[553,-47],[356,59],[276,23],[454,129],[196,-292],[356,-479],[410,23],[285,82],[401,128],[232,-58],[356,350],[258,199],[428,-105],[356,-94],[285,-432],[62,-374],[18,-513],[-205,-620],[-62,-432],[116,-327],[374,-70],[525,-82],[285,-385],[401,-514],[330,-234],[356,59],[330,339],[401,-141],[276,-105],[294,210],[294,398],[463,70],[418,-82],[348,-304],[178,-268],[419,-176],[338,105],[526,-128],[160,-350],[196,-386],[116,-689],[-170,-596],[339,-444],[312,-23],[383,-12],[294,47],[329,-23],[543,-35],[348,58],[329,292],[303,-245],[276,-374],[410,-164],[383,129],[321,58],[409,35],[223,117],[365,187],[312,-23],[392,-94],[267,-163],[241,-397],[98,-362],[427,-94],[312,-175],[365,-187],[152,-385],[294,-491],[338,-47],[410,246],[365,116],[374,386],[321,0],[374,58],[481,129],[347,70],[392,502],[294,584],[151,444],[107,315],[250,281],[320,444],[285,338],[410,327],[312,164],[454,245],[294,94],[347,-12],[294,93],[499,234],[410,222],[276,269],[249,11],[348,-140],[276,-58],[436,-47],[446,-245],[133,-304],[134,-409],[196,-631],[258,-245],[365,-105],[535,-199],[258,-116],[267,-257],[232,-164],[276,-269],[205,-163],[347,-269],[366,-245],[543,82],[454,-47],[348,-93],[374,-246],[320,-93],[312,117],[267,93],[321,70],[463,70],[330,-47],[374,-116],[739,-222],[552,-140],[508,-129],[356,-82],[410,-23],[303,35],[276,58],[428,-11],[561,0],[890,0],[383,444],[161,23],[525,0],[686,117],[196,-24],[561,-222],[1069,-420],[971,-374],[784,-280],[552,-245],[303,23],[588,35],[374,-35],[810,-129],[268,-619],[-72,-350],[170,-491],[472,234],[356,23],[267,-11],[526,140],[365,117],[249,58],[321,82],[472,140],[472,222],[383,82],[419,116],[231,82],[419,164],[330,82],[383,175],[240,93],[356,117],[232,105],[338,94],[455,-71],[454,-11],[303,47],[463,70],[365,58],[223,280],[338,327],[294,70],[285,-11],[552,-94],[544,-70],[338,-35],[481,94],[401,128],[347,105],[437,82],[374,152],[258,222],[276,374],[81,257],[267,362],[267,140],[392,198],[517,59],[445,-105],[303,-176],[205,-186],[249,-316],[312,-467],[222,-222],[348,-70],[427,-210],[339,-175],[436,-152],[330,-70],[472,-35],[223,-12],[498,-129],[294,-128],[446,-199],[365,176],[392,210],[356,-47],[196,-257],[330,-257],[240,-198],[437,-36],[213,141],[419,175],[267,105],[401,-93],[383,-246],[330,-105],[294,-82],[338,-140],[214,-187],[312,-280],[481,-315],[285,-59],[294,-105],[463,-152],[401,-58],[489,-47],[428,12],[445,210],[437,-23],[214,-187],[231,-456],[419,-338],[392,268],[267,199],[463,327],[526,-24],[347,-245],[240,-257],[250,-339],[160,-350],[383,-339],[357,-280],[258,-269],[258,-233],[339,-269],[302,-245],[330,-281],[294,-280],[232,-222],[445,-432],[329,-257],[383,-129],[366,-58],[356,-163],[347,-339],[187,-199],[312,-315],[374,-409],[410,-420],[187,-374],[134,-374],[142,-502],[285,-292],[401,-432],[223,-363],[294,-338],[160,-246],[258,-350],[410,-456],[285,-222],[249,-105],[446,-151],[329,-304],[410,-444],[339,-152],[142,-374],[347,-163],[223,163],[187,468],[303,595],[543,47],[348,-385],[338,-526],[374,-140],[241,-59],[418,-70],[232,152],[347,210],[428,70],[240,94],[303,292],[232,385],[223,199],[338,82],[196,630],[98,596],[365,234],[223,654],[-71,701],[195,572],[348,-117],[365,-23],[481,128],[517,269],[356,350],[214,176],[347,128],[508,-47],[543,117],[401,432],[160,327],[268,398],[302,502],[0,455],[63,690],[151,338],[419,281],[196,502],[231,222],[463,152],[490,128],[508,-105],[490,-23],[445,198],[18,514],[71,397],[152,631],[285,572],[303,187],[320,538],[241,315],[410,-327],[320,0],[312,128],[338,-245],[419,-163],[178,373],[446,24],[445,245],[392,292],[249,421],[455,420],[338,-105],[241,-47],[454,-198],[410,-176],[534,-210],[321,-35],[356,537],[329,257],[437,82],[383,59],[401,-106],[409,0],[410,281],[-18,350],[-80,421],[0,666],[18,315],[36,642],[17,725],[18,490],[72,397],[383,327],[240,631],[80,572],[45,386],[116,327],[204,327],[517,210],[383,175],[356,292],[178,339],[285,491],[98,619],[-17,315],[-27,631],[36,713],[329,408],[276,176],[312,350],[89,596],[-347,268],[-196,281],[-89,700],[187,468],[329,490],[294,339],[125,280],[125,491],[133,572],[161,491],[26,432],[-18,607],[-17,818],[-36,491],[89,560],[116,444],[18,362],[-54,432],[-62,374],[-80,596],[-45,1156],[125,701],[0,491],[-54,315],[-302,514],[-268,432],[-320,654],[-9,631],[62,362],[178,374],[330,467],[53,316],[72,514],[302,455],[348,117],[338,1028],[232,-164],[285,-385],[223,-140],[338,-24],[312,246],[427,186],[348,-175],[205,-560],[-143,-503],[383,-549],[339,-151],[498,-246],[357,-210],[347,70],[365,70],[374,-315],[339,-269],[561,59],[267,-304],[116,-654],[-18,-444],[-62,-573],[303,-327],[258,-502],[89,-514],[356,-128],[357,338],[204,281],[161,432],[89,327],[169,444],[552,140],[276,-304],[526,-233],[312,-281],[454,409],[356,257],[517,12],[427,12],[-8,-398],[160,-514],[392,-268],[347,82],[223,175],[338,385],[268,456],[231,479],[116,268],[490,199],[187,-339],[116,-560],[62,-386],[98,-642],[62,-444],[-89,-701],[-178,-549],[-71,-642],[214,-374],[204,-117],[410,-280],[116,-409],[-187,-456],[-481,-362],[-338,-198],[-98,-456],[329,-280],[837,-526],[392,-269],[321,-151],[427,-141],[294,-81],[277,-503],[-161,-747],[-151,-584],[-143,-561],[-35,-654],[44,-549],[54,-432],[338,-537],[526,-12],[427,210],[258,210],[375,234],[383,-304],[187,-502],[294,-187],[365,47],[178,420],[107,351],[463,187],[330,-199],[427,-350],[285,-257],[356,-211],[241,-81],[481,-199],[151,654],[152,643],[35,525],[63,573],[-223,292],[-232,350],[-213,549],[-205,397],[-267,327],[53,444],[27,584],[-196,362],[9,479],[-36,724],[-178,316],[-62,373],[71,514],[-187,281],[-339,537],[-124,444],[-72,584],[-276,514],[-374,514],[-365,490],[-89,479],[249,269],[303,350],[232,257],[-89,503],[-232,385],[-232,339],[-151,269],[-187,455],[-258,572],[-116,398],[-134,630],[-133,538],[53,362],[125,409],[-45,443],[-196,795],[152,420],[196,608],[169,502],[196,420],[383,526],[508,911],[659,1086],[890,1530],[624,1344],[757,1460],[980,1834],[1006,1810],[1042,2173],[784,1472],[802,1495],[793,1086],[953,1156],[1024,1180],[1229,1308],[1372,1484],[846,712],[1817,1682],[1185,1145],[1505,1238],[1853,1343],[1701,993],[2663,1519],[1648,841],[927,549],[1309,1004],[1354,970],[570,479],[178,397],[249,444],[410,455],[356,199],[1123,549],[1158,736],[819,619],[499,257],[258,58],[1265,280],[2939,1063],[455,199],[374,198],[231,246],[339,444],[196,268],[454,409],[392,187],[534,199],[526,128],[1033,175]],[[849147,765616],[71,-1168],[170,-1168],[356,-2336],[205,-759],[35,-211],[54,-584],[18,-1027],[0,-725],[35,-2324],[0,-771],[-71,-1320],[-71,-526],[-54,-537],[-9,-759],[54,-421],[205,-549],[312,-630],[240,-397],[196,-316],[410,-525],[258,-398],[178,-268],[276,-584],[80,-211],[232,-876],[36,-210],[115,-1612],[-8,-1133],[-36,-852],[44,-421],[134,-666],[116,-490],[160,-643],[365,-1039],[214,-736],[27,-152],[89,-1028],[98,-864],[44,-246],[-133,-420],[-98,-444],[-178,-677],[-36,-444],[-53,-678],[17,-701],[72,-537],[62,-607],[36,-584],[26,-491],[9,-526],[-44,-432],[-45,-490],[-71,-631],[-45,-327],[-53,-409],[-80,-456],[-62,-513],[-81,-444],[-89,-456],[-169,-584],[-205,-689],[-116,-386],[-133,-700],[-71,-397],[-81,-585],[-98,-630],[-71,-491],[-89,-490],[-36,-409],[0,-643],[54,-1109],[9,-573],[53,-1635],[-258,-2943],[-98,-3913],[-241,-3867],[116,-2418],[339,-2231],[294,-1974],[44,-1121],[9,-864],[-142,-3832],[-170,-2453],[-26,-467],[160,-1086],[142,-491],[98,-350],[125,-339],[490,-934],[143,-234],[320,-444],[446,-689],[543,-981],[374,-736],[196,-572],[151,-561],[134,-689],[107,-829],[0,-176],[-45,-735],[-44,-211],[-214,-1109],[-178,-1355],[-18,-211],[-27,-899],[107,-689],[107,-713],[89,-502],[80,-339],[214,-654],[9,-23],[704,-1378],[605,-1075],[196,-386],[250,-572],[169,-432],[125,-350],[115,-386],[107,-385],[98,-538],[107,-712],[45,-701],[9,-269],[-89,-1483],[-72,-666],[-276,-1565],[-133,-701],[-170,-654],[-392,-1332],[-178,-654],[-89,-397],[-160,-841],[-54,-689],[45,-818],[116,-630],[320,-923],[241,-631],[214,-514],[116,-280],[240,-561],[321,-584],[276,-175],[410,-12],[293,304]],[[614051,689540],[36,678],[-267,596],[-472,397],[-285,222],[-312,245],[-232,327],[0,678],[1523,1168],[125,93],[401,257],[196,374],[107,549],[116,514],[142,771],[-383,490],[-142,292],[-9,432],[178,538],[-125,210],[-205,432],[-178,549],[-116,538],[72,548],[178,456],[0,456],[-161,584],[107,502],[-142,292],[35,502],[-240,397],[9,643],[-232,420],[-80,467],[-178,526],[267,444],[116,526],[-125,257],[71,502],[321,82],[143,478],[0,409],[-294,409],[-339,514],[-62,350],[-365,257],[-152,339],[-80,643],[152,572],[338,362],[53,713],[383,280],[98,362],[81,432],[0,467],[62,433],[169,654],[152,689],[-143,607],[62,386],[161,385],[-18,643],[45,712],[26,432],[-71,596],[-36,374],[72,490],[-134,573],[-143,210],[-62,479],[-107,234],[-231,548],[-54,351],[-44,432],[-1773,-829],[-116,-47],[-650,-596],[-392,-584],[-686,-1063],[-766,-654],[-783,-701],[-758,-911],[-579,-607],[-436,-350],[-739,-398],[-873,-338],[-348,-94],[-828,-11],[-917,163],[-749,257],[-1256,269],[-899,81],[-419,-35],[-472,-105],[-427,-152],[-321,-221],[-294,-141],[-383,0],[-1015,199],[-419,-35],[-321,210],[-472,222],[-267,315],[-205,234],[-499,82],[-374,128],[-338,234],[-152,304],[-142,420],[-196,234],[-214,397],[-258,584],[-392,432],[-258,549],[-357,350],[-294,176],[-151,665],[-45,421],[-204,315],[-294,514],[-259,526],[-303,58],[-285,304],[-347,561],[-258,362],[-268,163],[-151,456],[-125,327],[-427,409],[-365,58],[-250,105],[-347,105],[-365,234],[-285,164],[-348,186],[-463,339],[-365,269],[-401,-12],[-267,35],[-303,12],[-285,-35],[-356,233],[-45,351],[-276,327],[-401,444],[-410,303],[-543,117],[-329,117],[-285,269],[-303,140],[-374,163],[-419,199],[-748,-222],[-8756,4941],[-2734,8036],[-642,164],[-899,233],[-464,129],[-516,163],[-259,117],[-311,210],[-365,292],[-473,409],[-712,631],[-686,584],[-623,514],[-464,350],[-614,409],[-829,538],[-668,420],[-748,537],[-534,386],[-446,315],[-205,117],[-525,257],[-570,257],[-445,222],[-660,315],[-498,199],[-588,233],[-722,304],[-775,304],[-329,117],[-357,70],[-391,35],[-383,23],[-615,58],[-347,12],[-508,82],[-339,82],[-641,116],[-436,94],[-766,140],[-588,82],[-535,58],[-552,24],[-240,-12],[-392,-35],[-232,-35],[-365,-59],[-561,-11],[-508,47],[-365,70],[-722,81],[-730,82],[-534,94],[-348,58],[-721,128],[-419,94],[-463,128],[-454,106],[-464,116],[-543,129],[-517,93],[-427,12],[-196,0],[-401,23],[-686,70],[-329,70],[-846,374],[-107,105],[-392,491],[-276,315],[-214,421],[-160,467],[-98,724],[-188,432],[-133,269],[-303,456],[-98,151],[-392,643],[-347,584],[-882,1051],[-490,689],[-463,362],[-650,655],[-1443,1238],[-1274,922],[-917,958],[-553,573],[-908,1214],[-918,1250],[-151,199],[-1185,1355],[-133,233]],[[522486,770218],[71,538],[80,455],[151,479],[45,701],[410,479],[160,537],[330,421],[374,-47],[409,47],[196,665],[152,211],[267,455],[294,94],[463,93],[321,105],[365,24],[196,128],[321,199],[436,350],[437,164],[258,327],[125,315],[53,689],[151,444],[303,386],[392,257],[223,338],[365,257],[312,502],[347,281],[276,-117],[401,105],[143,374],[338,128],[321,374],[196,643],[133,362],[125,409],[0,689],[178,689],[205,444],[205,467],[169,362],[267,421],[232,93],[321,222],[356,339],[178,187],[258,338],[98,269],[348,420],[133,363],[63,397],[80,502],[80,654],[-160,397],[35,432],[268,362],[80,328],[516,233],[535,129],[258,233],[401,199],[499,-47],[303,199],[329,-211],[232,-175],[392,409],[124,491],[196,595],[134,397],[214,491],[436,432],[267,105],[428,409],[445,105],[303,175],[241,152],[409,468],[-187,514],[116,408],[71,468],[54,665],[213,339],[161,572],[427,269],[357,280],[213,327],[81,316],[204,350],[250,269],[294,315],[258,538],[249,222],[321,327],[258,58],[357,117],[222,128],[383,152],[330,35],[383,35],[454,152],[419,129],[312,23],[409,0],[392,35],[161,327],[338,210],[526,175],[267,409],[116,386],[400,163],[223,-58],[472,35],[259,315],[329,374],[294,105],[401,-128],[534,210],[357,164],[285,256],[187,573],[347,280],[276,12],[437,210],[133,280],[-89,491],[428,304],[400,58],[383,-339],[294,129],[437,-187],[534,-129],[401,187],[374,-245],[330,-292],[383,12],[258,140],[267,385],[312,444],[392,117],[463,23],[258,-467],[437,-163],[329,35],[437,140],[454,152],[454,257],[294,257],[170,233],[285,491],[-285,724],[-312,409],[-258,514],[62,233],[36,538],[53,420],[321,397],[320,176],[446,-199],[303,23],[338,211],[232,58],[338,-82],[383,-93],[356,257],[321,444],[401,198],[401,0],[285,24],[311,338],[259,-46],[436,105],[223,327],[249,409],[107,397],[454,385],[81,514],[400,210],[-62,421],[134,514],[249,198],[312,234],[481,292],[267,105],[232,351],[347,-176],[267,-175],[312,-175],[552,47],[178,210],[232,385],[392,327],[383,-338],[151,-409],[223,-210],[240,-362],[526,198],[205,479],[178,666],[294,128],[187,374],[508,222],[231,-199],[357,94],[347,-94],[525,-70],[401,47],[463,-93],[303,81],[446,-46],[445,-199],[499,-140],[552,-70],[339,-105],[365,23],[401,280],[498,-245],[285,-339],[366,-385],[338,-70],[267,0],[321,140],[276,35],[187,432],[312,526],[508,152],[196,245],[178,409],[356,187],[543,35],[383,105],[357,397],[400,222],[303,47],[472,210],[419,269],[427,210],[188,549],[196,374],[374,23],[552,-105],[321,-269],[285,526],[178,315],[107,456],[498,140],[490,-82],[285,82],[339,-12],[356,-222],[347,304],[312,234],[134,245],[347,198],[428,106],[276,-82],[320,-304],[330,362],[267,304],[196,187],[383,23],[472,210],[348,199],[454,444],[312,93],[392,70],[267,141],[321,-71],[240,24],[490,-105],[383,-105],[401,163],[116,561],[187,560],[89,363],[169,350],[419,222],[195,502],[161,351],[249,525],[232,386],[196,315],[231,409],[-124,619],[133,514],[339,210],[267,397],[-160,374],[-89,526],[400,408],[276,503],[259,327],[35,467],[-17,292],[-107,432],[481,199],[276,572],[107,491],[311,537],[98,502],[9,573],[27,408],[312,246],[338,-82],[428,-140],[534,175],[250,304],[311,315],[223,210],[374,-35],[303,538],[196,443],[107,386],[71,748],[45,572],[-89,350],[-179,549],[-293,211],[0,665],[-54,304],[-329,502],[-383,514],[-303,82],[-330,222],[-53,677],[-321,351],[240,479],[54,467],[232,385],[240,176],[321,268],[178,152],[356,94],[232,105],[142,572],[80,467],[312,374],[463,-362],[-9,-479],[179,-350],[409,-35],[232,362],[80,642],[-169,432],[187,316],[365,338],[303,-420],[356,-187],[267,456],[161,584],[89,373],[-18,514],[-18,631],[330,210],[418,-327],[276,-549],[410,409],[330,129],[311,385],[348,-140],[329,-444],[553,128],[267,328],[294,198],[418,82],[410,175],[428,467],[312,304],[115,234],[170,537],[98,432],[400,58],[330,269],[534,59],[321,233],[71,316],[250,338],[222,351],[125,362],[401,525],[231,-151],[170,-433],[516,-198],[196,467],[294,257],[544,187],[285,374],[-90,397],[27,502],[428,210],[383,468],[383,-94],[472,386],[276,373],[267,351],[312,292],[285,58],[419,-222],[472,129],[507,198],[232,152],[419,12],[222,-537],[285,-94],[481,12],[196,619],[-44,701],[338,-24],[348,-327],[213,-315],[330,514],[107,537],[294,129],[303,-129],[329,117],[160,339],[321,444],[517,257],[436,-59],[348,-23],[222,-47],[463,-23],[437,-47],[303,-12],[267,-11],[330,46],[383,59],[356,350],[454,327],[303,59],[383,327],[107,373],[35,374],[107,444],[259,152],[418,82],[401,-117],[214,350],[9,573],[267,163],[472,257],[205,175],[374,24],[258,140],[312,140],[499,-47],[347,24],[428,373],[276,292],[401,-256],[89,-678],[240,-385],[116,-386],[365,-362],[437,35],[329,-117],[259,-93],[400,58],[241,234],[427,117],[383,140],[259,11],[427,0],[294,94],[312,-292],[436,222],[392,222],[366,-491],[409,-128],[401,0],[205,-351],[45,-560],[472,-269],[454,-350],[249,-631],[214,-117],[312,-491],[320,-175],[392,245],[348,-338],[383,-211],[214,293],[222,233],[365,23],[366,-23],[258,35],[392,164],[365,-117],[321,-269],[454,140],[267,222],[223,304],[196,526],[133,280],[205,327],[-62,701],[285,362],[401,-280],[249,-164],[428,117],[383,-140],[507,46],[143,573],[561,93],[365,94],[303,152],[-80,549],[116,502],[160,525],[-258,304],[445,421],[267,-246],[374,70],[294,363],[259,58],[151,631],[365,303],[285,-46],[374,11],[259,-502],[445,-175],[178,525],[472,351],[419,47],[36,595],[320,199],[365,-12],[196,-339],[285,-584],[490,36],[392,58],[446,-82],[400,-502],[437,-409],[463,-70],[392,257],[338,-549],[392,-35],[143,-584],[0,-362],[-36,-713],[223,-409],[445,-443],[214,-433],[241,-46],[418,-246],[330,-93],[240,-456],[45,-537],[205,-269],[445,-175],[214,-374],[276,-385],[338,-374],[27,-432],[187,-467],[294,-327],[250,-152],[258,-397],[258,-631],[178,-385],[303,-176],[463,-163],[80,-678],[116,-444],[312,-268],[383,-94],[365,152],[348,362],[338,211],[276,-584],[80,-316],[437,-385],[365,-152],[499,-59],[303,328],[400,0],[285,-549],[339,-292],[232,-526],[62,-409],[125,-420],[409,-47],[250,222],[409,268],[481,-257],[303,-128],[303,105],[481,-117],[-240,-817],[204,-654],[241,-328],[276,-420],[160,-409],[321,-397],[517,-175],[285,-257],[267,-514],[525,-245],[330,-211],[169,-280],[357,-315],[498,-141],[481,-163],[276,-245],[464,-281],[409,-444],[45,-315],[-27,-491],[205,-513],[401,-491],[249,-409],[89,-444],[27,-560],[205,-608],[223,-362],[383,-163],[490,-187],[391,-503],[9,-478],[187,-608],[232,-23],[392,-164],[294,-128],[374,-47],[454,35],[285,-315],[116,-292],[-71,-561],[-143,-385],[-160,-479],[-134,-386],[597,-490],[267,-129],[276,-514],[383,-128],[196,-47],[410,-199],[321,-116],[543,-152],[267,-59],[490,374],[365,129],[277,0],[436,-12],[490,0],[365,163],[552,-116],[187,-199],[472,94],[277,46],[418,-280],[125,-561],[107,-409],[427,-186],[437,221],[525,257],[437,94],[9,-678],[142,-245],[1033,105],[2272,246],[249,11],[561,24],[472,0],[107,0],[775,-12],[766,-12],[1105,-23],[267,-444],[-107,-397],[-27,-491],[-71,-525],[-36,-503],[-178,-689],[-285,-619],[-98,-572],[-98,-351],[250,-502],[463,-245],[401,-129],[240,-280],[232,-304],[427,-362],[303,-140],[437,199],[329,222],[392,-141],[160,-490],[116,-666],[45,-514],[107,-374],[445,-327],[303,35],[374,-46],[338,-211],[401,-502],[196,-362],[178,-222],[276,-269],[277,-338],[240,-304],[347,-502],[232,-234],[312,-234],[214,-198],[383,-257],[204,-140],[303,-374],[63,-292],[71,-467],[98,-292],[27,-479],[-36,-666],[71,-374],[98,-490],[89,-608],[72,-397],[276,-479],[160,-362],[276,-619],[169,-537],[276,-479],[196,-304],[241,-420],[427,-316],[321,-140],[374,-128],[267,-71],[437,-70],[303,-70],[463,-222],[338,-233],[464,-292],[293,-105],[481,-199],[348,-175],[294,-140],[303,-94],[472,-11],[249,0],[374,-82],[330,-70],[409,-59],[375,-70],[311,-140],[455,-140],[338,-164],[490,-233],[499,-351],[392,-233],[463,-211],[757,-280],[935,-339],[1149,-420],[1399,-572],[908,-433],[731,-315],[596,-257],[383,-257],[633,-491],[953,-712],[908,-853],[855,-782],[784,-736],[588,-421],[731,-572],[748,-502],[641,-491],[784,-514],[730,-397],[1078,-713],[846,-525],[169,-70],[579,-281],[2753,-1343],[240,-163],[6066,-4264],[2031,-1051],[4160,-1635],[436,-164],[864,-339],[463,-397],[356,-245],[214,-140],[490,-339],[650,-455],[205,-129],[508,-339],[142,-70],[562,-187],[418,-23],[365,70],[437,152],[481,140],[445,199],[383,-456],[196,-374],[223,-444],[142,-327],[232,-222],[490,-210],[294,-58],[454,-117],[356,-222],[294,-210],[428,-421],[516,-268],[410,-176],[526,-186],[374,-106],[249,-11],[321,128],[445,35],[348,-105],[258,-23],[561,0],[472,-12],[624,-58],[383,-140],[507,93],[419,257],[401,-47],[365,12],[472,350],[178,608],[463,117],[374,-386],[312,-152],[463,222],[107,257],[27,573],[-187,443],[-143,257],[-276,409],[-222,280],[-428,456],[-552,82],[-241,-327],[-409,-386],[-374,-46],[-285,373],[160,409],[196,245],[312,351],[133,304],[0,735],[392,351],[303,-316],[419,106],[169,338],[9,514],[-152,678],[-169,409],[-258,525],[-152,456],[-18,595],[-8,479],[-170,608],[-107,479],[-17,677],[276,432],[392,35],[552,-58],[294,397],[-36,339],[9,561],[152,443],[53,398],[-294,420],[-329,23],[-428,0],[-543,35],[-277,82],[-374,222],[-187,689],[-9,923],[455,280],[329,152],[392,327],[-18,701],[-285,0],[-320,12],[-294,175],[-294,502],[-36,701],[303,351],[232,128],[285,164],[338,443],[169,538],[0,373],[-294,479],[-240,655],[-152,408],[45,608],[241,140],[329,327],[89,362],[-9,736],[9,397],[45,549],[-72,421],[-98,432],[-106,350],[-419,351],[-223,35],[-418,-47],[-526,-105],[-196,537],[152,701],[-98,596],[-312,151],[-258,549],[80,292],[187,386],[240,432],[383,245],[267,-105],[294,-152],[428,-23],[142,479],[223,596],[80,373],[374,222],[63,374],[-125,701],[-80,479],[142,619],[72,385],[-152,468],[-71,397],[0,584],[-27,689],[-294,526],[18,537],[80,689],[18,654],[428,35],[276,467],[71,631],[-134,386],[-160,444],[-223,292],[-204,490],[-45,514],[615,526],[249,163],[285,187],[624,386],[650,385],[1229,666],[454,233],[2280,1262],[2922,1238],[2654,899],[490,141],[918,128],[2743,397],[2138,316],[837,140],[2280,502],[2423,643],[1808,549],[2022,572],[1265,409],[463,175],[303,152],[232,210],[240,327],[89,350],[36,386],[62,537],[71,351],[152,385],[383,1110],[169,117],[793,151],[525,152],[357,140],[445,211],[240,116],[490,222],[348,106],[534,140],[321,81],[490,234],[1362,1040],[410,245],[490,315],[463,281],[419,245],[525,280],[606,281],[437,198],[418,129],[472,128],[383,94],[339,35],[418,11],[330,-70],[303,-105],[543,-163],[312,-12],[285,23],[356,24],[499,81],[365,106],[526,23],[695,-70],[543,0],[499,70],[525,70],[374,105],[481,175],[339,222],[320,257],[259,199],[418,222],[668,303],[535,304],[347,257],[303,292],[267,315],[259,491],[329,572],[312,316],[516,292],[437,105],[312,12],[258,-35],[330,-106],[374,-210],[2030,-864],[1319,-327],[2102,-140],[62,0],[36,-386],[71,-642],[71,-549],[161,-549],[427,-1297],[178,-584],[107,-432],[259,-1367],[80,-502],[35,-339],[27,-479],[18,-852],[0,-1063],[-36,-421],[-53,-479],[-134,-876],[-160,-1016],[-62,-561],[-27,-210],[-223,-1658],[-18,-281],[0,-1051],[0,-175],[89,-643],[116,-619],[125,-607],[214,-1063],[160,-958],[107,-841],[44,-631],[-9,-420],[-17,-561],[0,-1004],[-63,-654],[18,-1531],[0,-70],[241,-3118],[107,-362],[293,-421],[152,-327],[151,-479],[89,-526],[72,-584],[9,-233],[35,-759],[9,-468],[134,-993],[401,-1378],[293,-1004],[125,-1752],[62,-958],[232,-970],[258,-946],[642,-2313],[213,-712],[72,-444],[525,-1962],[330,-853],[80,-304],[356,-946],[668,-2114],[508,-2406],[321,-2196],[71,-409],[142,-1997],[0,-327],[-26,-549],[62,-374],[27,-573],[27,-257],[62,-770],[98,-666],[62,-386],[63,-1098],[-18,-490],[-27,-339],[-240,-1425],[-633,-3785],[-481,-1693],[-231,-1168],[-205,-2453],[-27,-374],[0,-759],[107,-1273],[258,-1694],[71,-269],[339,-1180],[-187,-233],[-321,-210],[-570,-514],[-463,-654],[-214,-409],[-516,-1180],[-196,-479],[-205,-502],[-205,-549],[-71,-386],[-89,-619],[-18,-432],[-45,-677],[-35,-689],[35,-538]],[[811434,563904],[-303,-350],[-409,-444],[-366,-444],[-329,-351],[-802,-817],[-454,-456],[-374,-303],[-356,-269],[-544,-584],[-481,-549],[-418,-444],[-268,-385],[-249,-363],[-285,-397],[-330,-362],[-329,-327],[-294,-350],[-276,-351],[-428,-549],[-133,-385],[-107,-502],[-517,-1904],[-231,-1063],[-116,-678],[-107,-677],[-27,-456],[0,-409],[125,-619],[151,-303],[321,-432],[543,-830],[597,-888],[490,-689],[356,-677],[401,-619],[410,-689],[249,-327],[241,-257],[222,-211],[374,-408],[268,-386],[231,-409],[143,-315],[240,-491],[330,-490],[107,-584],[35,-841],[-169,-503],[-196,-560],[-240,-561],[-170,-444],[-142,-362],[-241,-654],[-151,-432],[-330,-514],[-302,-304],[-196,-198],[-312,-281],[-285,-315],[-169,-199],[-214,-222],[-223,-257],[-258,-338],[-143,-246],[-151,-443],[-45,-328],[-17,-607],[0,-514],[-36,-771],[-18,-876],[-18,-911],[-9,-981],[-17,-783],[8,-911],[9,-876],[54,-1180],[53,-1144],[63,-1344],[80,-1658],[71,-1168],[18,-830],[133,-560],[214,-327],[250,-432],[294,-514],[151,-304],[169,-467],[161,-958],[160,-701],[44,-397],[18,-362],[27,-584],[18,-596],[80,-432],[142,-654],[188,-631],[329,-362],[205,-269],[365,-210],[535,-199],[178,-245],[98,-467],[-45,-327],[187,-444],[410,-397],[276,-549],[125,-549],[124,-456],[27,-327],[276,-584],[268,-525],[267,-398],[365,-478],[481,-327],[321,-257],[267,-47],[490,-70],[347,-59],[472,-11],[383,-35],[285,-526],[-18,-748],[-329,-362],[-463,-502],[71,-467],[62,-526],[-80,-292],[-668,-969],[-62,-444],[-196,-748],[258,-315],[214,-502],[-36,-444],[143,-631],[124,-502],[-124,-678],[-143,-373],[-187,-421],[-223,-619],[-151,-794],[-89,-830],[-116,-595],[-338,-1017],[-285,-712],[-125,-479],[-419,-432],[-222,47],[-544,233],[-463,70],[-490,-350],[-276,-374],[-543,-502],[-276,-269],[-668,-712],[-179,-409],[45,-713],[27,-654],[80,-677],[-18,-958],[18,-526],[9,-701],[-116,-1471],[-9,-246],[-27,-619],[-151,-233],[-517,-304],[-356,-502],[-499,-281],[-347,-210],[-294,-152],[-419,-303],[-205,-444],[-169,-736],[-53,-421],[-63,-455],[-98,-549],[161,-678],[62,-257],[71,-479],[-44,-700],[-116,-398],[-89,-408],[-18,-526],[9,-374],[36,-560],[-9,-514],[-36,-409],[-116,-514],[-115,-467],[-214,-830],[-80,-444],[-134,-806],[-151,-654],[-89,-549],[-107,-595],[-125,-631],[-374,-537],[-454,-409],[-553,-374],[-338,-304],[-392,-420],[-321,-421],[-258,-490],[-303,-491],[-249,-257],[-365,-374],[-277,-642],[214,-385],[241,-141],[712,-362],[481,-163],[642,-281],[391,-198],[473,-234],[739,-455],[436,-327],[294,-234],[330,-292],[169,-234],[454,-689],[294,-455],[107,-176],[356,-595],[205,-316],[294,-385],[214,-292],[472,-643],[303,-292],[374,-350],[552,-385],[321,-257],[321,-199],[276,-163],[650,-526],[427,-280],[241,-269],[258,-269],[526,-549],[303,-245],[-455,-374],[-418,-362],[-214,-198],[-303,-199],[-231,-164],[-348,-245],[-383,-455],[-285,-468],[-321,-537],[-187,-350],[-178,-339],[-196,-397],[-222,-432],[-321,-433],[-214,-280],[-214,-327],[-258,-654],[-374,-280],[-445,-421],[-259,-210],[-374,-351],[0,-479],[-62,-677],[-80,-526],[-152,-595],[-107,-351],[-276,-397],[-338,-467],[-241,-327],[-276,-386],[-160,-385],[-276,-432],[-223,-152],[-285,-234],[-232,-222],[-338,-140],[-428,59],[-409,128],[-232,-58],[-347,-70],[-232,-106],[-445,-315],[-294,-315],[-303,-549],[18,-503],[80,-630],[-71,-619],[-27,-327],[-356,-363],[-365,-11],[-312,-47],[-481,-12],[-276,-58],[-517,-23],[-392,-82],[-445,-292],[-267,-257],[-357,-47],[-249,82],[-321,35],[-365,-12],[-214,-128],[-481,-222],[-383,187],[-187,257],[-222,467],[-277,175],[-516,105],[-348,-117],[-436,-2172],[-294,-1180],[-36,-619],[-89,-829],[-62,-573],[-98,-572],[-134,-911]],[[790787,423772],[-169,47],[-463,11],[-419,12],[-507,0],[-642,-23],[-436,-24],[-445,-58],[-321,-70],[-321,-70],[-534,-175],[-472,-316],[-232,-222],[-419,-198],[-311,23],[-463,409],[-232,549],[-178,339],[-356,221],[-214,94],[-410,222],[-223,140],[-383,-23],[-320,-199],[-419,-339],[-338,-362],[-223,-268],[-392,175],[-125,525],[-196,292],[-356,234],[-294,-47],[-365,-257],[-374,-315],[-241,-117],[-374,152],[-320,397],[-152,316],[-258,502],[-134,327],[-116,490],[-187,491],[-427,642],[-419,304],[-392,-58],[-374,-152],[-320,-140],[-401,-35],[-357,455],[-169,432],[-133,351],[-205,362],[-392,467],[-214,351],[-214,595],[-276,327],[-303,304],[-356,129],[-249,-82],[-348,-140],[-249,-24],[-561,47],[-392,-35],[-499,35],[-437,-199],[-160,-257],[-294,-525],[-285,-327],[-445,-140],[-276,-70],[-312,-82],[-303,-117],[-294,-129],[-641,-432],[-526,-93],[-249,70],[-392,70],[-285,-12],[-392,117],[-267,292],[-214,245],[-285,152],[-321,59],[-489,-82],[-286,-82],[-436,-140],[-321,23],[-409,94],[-321,-140],[-356,-234],[-348,-234],[-240,-163],[-330,-140],[-267,-24],[-383,47],[-267,129],[-312,280],[-347,327],[-472,444],[-285,245],[-526,-12],[-534,-163],[-472,-117],[-473,-82],[-445,-58],[-410,23],[-490,374],[-320,362],[-294,245],[-187,164],[-294,280],[-428,409],[-490,362],[-445,152],[-329,117],[-357,210],[-276,234],[-410,420],[-311,316],[-499,315],[-285,-12],[-321,-105],[-338,-128],[-357,-176],[-320,-81],[-339,163],[-329,222],[-312,199],[-365,105],[-552,12],[-375,-24],[-374,70],[-196,561],[-80,304],[-160,595],[-258,526],[-366,292],[-249,23],[-472,-280],[-250,-350],[-178,-339],[-160,-362],[-223,-281],[-427,129],[-223,269],[-249,303],[-401,479],[-499,596],[-410,339],[-392,116],[-507,-81],[-276,-35],[-455,35],[-374,175],[-401,339],[-285,257],[-311,175],[-330,58],[-365,94],[-330,116],[-383,222],[-240,199],[-419,304],[-383,222],[-312,163],[-525,140],[-481,-187],[-339,-245],[-374,-257],[-472,47],[-383,409],[-347,222],[-312,-47],[-490,-292],[-303,-152],[-454,-82],[-231,-35],[-428,-70],[-526,23],[-391,82],[-268,129],[-294,187],[-507,233],[-294,70],[-455,-222],[-231,-257],[-294,-362],[-356,82],[-419,234],[-223,210],[-311,385],[-401,82],[-294,-70],[-410,70],[-321,175],[-365,129],[-436,35],[-312,-59],[-62,-654],[-98,-455],[-276,-386],[-134,-280],[-392,-222],[-329,35],[-375,59],[-374,163],[-276,304],[-62,549],[-98,385],[-312,234],[-365,-187],[-374,-117],[-561,12],[-374,152],[-490,233],[-374,187],[-383,304],[-330,280],[-214,129],[-410,23],[-276,-70],[-445,82],[-294,385],[-534,59],[-72,-351],[-71,-502],[-98,-327],[-303,-351],[-516,-11],[-437,-59],[-463,-233]],[[712716,438700],[-534,140],[-464,0],[-320,105],[-544,23],[-427,-315],[-445,47],[-401,23],[-267,35],[-419,105],[-428,-117],[-374,-338],[-285,385],[-80,456],[-427,420],[-392,-35],[-375,0],[-525,24],[-543,-35],[-321,46],[-410,269],[-383,315],[-338,327],[-232,281],[-392,502],[-365,93],[-365,-93],[-508,58],[-231,70],[-241,479],[-160,432],[-143,269],[-222,316],[-446,-36],[-374,-105],[-392,327],[-285,526],[-312,199],[-231,-421],[-152,-327],[-329,-257],[-276,82],[-401,-70],[-232,-140],[-311,-444],[-107,-514],[-366,-269],[-472,12],[-294,47],[-293,-12],[-321,47],[-365,467],[-116,362],[-348,444],[-293,-94],[-366,70],[-490,257],[-418,94],[-303,140],[-285,-304],[-249,-490],[-250,58],[-401,-163],[-258,-444],[-258,-246],[-143,-292],[-267,-420],[-436,-292],[62,-456],[-223,-373],[-258,-106],[-187,-385],[-9,-409],[-169,-596],[-80,-467],[-18,-595],[-330,-176],[-463,-35],[-347,12],[-312,-187],[-374,280],[-312,164],[-463,152],[-365,175],[-357,269],[-490,210],[-543,117],[-294,198],[-427,0],[-428,-362],[-552,24],[-36,619],[-356,58],[-534,-164],[-330,-151],[-401,11],[-436,35],[-330,-549],[80,-467],[-267,-350],[53,-701],[116,-619],[-570,-117],[-285,-23],[-356,0],[-463,105],[-241,-503],[-249,-303],[-356,-164],[-410,269],[-410,47],[-169,-619],[-348,-211],[-374,-163],[-133,-689],[-348,-374],[-133,-327],[27,-526],[187,-198],[463,-503],[80,-514],[18,-829],[-98,-222],[-357,-502],[-53,-526],[98,-374],[196,-747],[-330,-47],[-338,-128],[-517,-292],[-338,-339],[-134,-537],[-231,-362],[-312,11],[-454,-245],[-223,-432],[-116,-339],[-18,-561],[-285,-630],[-169,-456],[-338,-175],[-508,-222],[-428,-187],[-44,-397],[-321,-292],[-214,-339],[-142,-537],[-250,-316],[-427,-315],[-312,-163],[-321,-596],[-187,-619],[-124,-444],[-241,-397],[-267,-374],[-205,-199],[-365,-478],[-169,-444],[-419,-409],[-223,-152],[-294,-292],[-302,82],[-374,-105],[-348,-327],[-27,-433],[-267,-455],[-187,-222],[-285,-467],[-18,-409],[-294,-619],[-329,-94],[-321,-175],[-258,-152],[-356,-35],[-410,59],[-285,-12],[-508,47],[-231,292],[-490,362],[-339,-164],[-445,-409],[-267,-245],[-250,-210],[-303,561],[-205,490],[-427,-82],[-223,-163],[-338,-117],[-294,0],[-294,12],[-303,-35],[-436,-47],[-232,327],[-419,-70],[-178,-479],[-178,-199],[-347,-175],[-508,-70],[-312,-82],[-365,-93],[-223,-175],[-347,-234],[-294,82],[-410,-292],[-418,-432],[-526,-12],[-285,-514],[54,-502],[267,-164],[89,-525],[-27,-362],[-169,-444],[-116,-269],[-18,-491],[-53,-537],[-339,-117],[-240,-58],[-410,152],[-392,140],[-285,-82],[-267,-117],[-285,-443],[-436,-59],[-526,35],[-330,-502],[-391,-187],[-241,-187],[-383,-257],[-312,94],[-303,-141],[-507,-116],[-374,338],[-268,-619],[-356,-490],[-383,-316],[-365,-467],[-214,-234],[-312,-233],[-392,-94],[-320,-268],[-526,-117],[-552,35],[-392,-82],[-445,211],[-454,70],[-330,-129],[-321,-257],[-427,117],[-276,-257],[-321,-175],[-463,58],[-401,187],[-383,210],[-445,234],[-232,175],[-374,94],[-437,186],[-338,164],[-454,210],[-223,257],[-303,257],[-240,234],[-196,268],[-321,526],[-27,386],[-222,420],[-294,140],[-463,210],[-366,164],[-445,210],[-428,432],[143,573],[374,303],[-249,643],[-232,397],[-517,93],[-249,-70],[-365,246],[-160,607],[-535,12],[-401,105],[-561,47],[-525,11],[-303,468],[-312,105],[-419,151],[-240,234],[-267,432],[-259,631]],[[628151,412652],[428,304],[214,397],[53,619],[-427,350],[-125,456],[-134,467],[-205,187],[-169,526],[-133,338],[-357,304],[-89,479],[-285,397],[-436,257],[-80,315],[-187,398],[-437,280],[-543,198],[-294,129],[-454,269],[-339,268],[-249,257],[-187,222],[-268,374],[-169,199],[-329,268],[-392,140],[-410,-385],[-232,-362],[-302,-129],[-303,12],[-285,222],[-214,315],[-267,503],[-223,397],[-223,595],[-62,549],[-53,725],[-188,443],[-115,222],[-303,608],[-214,432],[-249,456],[-205,373],[-259,561],[-160,444],[-169,572],[-214,339],[-231,210],[-294,386],[-81,338],[-53,491],[-89,350],[-80,584],[-36,409],[-258,631],[-36,479],[80,444],[98,327],[116,362],[223,794],[116,537],[53,363],[36,514],[-63,362],[-338,222],[-437,443],[-463,47],[-409,292],[8,467],[-204,549],[-339,292],[-142,246],[-401,362],[-472,-351],[-366,-93],[-356,117],[-365,350],[-312,-128],[-276,-105],[-383,163],[-383,386],[-383,116],[-508,234],[-311,198],[-303,-467],[-232,-420],[-18,-374],[125,-642],[-240,-327],[-374,198],[-428,-315],[-490,187],[-552,23],[-276,-292],[-321,315],[-419,432],[-543,12],[-285,-175],[-303,-280],[-356,-82],[-258,-12],[-312,-187],[-267,-268],[-179,-246],[-160,-373],[-71,-561],[-205,-315],[-321,-199],[-213,-93],[-428,-117],[-312,46],[-338,129],[-303,58],[-499,-198],[-499,-362],[-267,-257],[-160,-397],[-54,-538],[-302,-397],[-214,-163],[-330,-246],[-258,246],[-45,560],[-285,222],[-392,-58],[-249,-269],[-205,-280],[-338,11],[-419,129],[-445,-94],[-374,246],[-250,-94],[-214,-327],[-436,-46],[-392,221],[-347,71],[-214,443],[125,327],[-446,398],[-240,245],[-71,397],[-152,456],[-232,373],[-151,246],[-232,408],[-151,316],[-294,479],[-436,350],[-499,339],[-410,-23],[-249,-82],[-321,0],[-463,-59],[-365,-467],[-285,-163],[-455,-35],[-436,198],[-472,351],[-276,222],[-365,268],[-526,327],[-579,386],[-454,-117],[-303,-304],[-481,-11],[-312,46],[-445,210],[-392,117],[-410,140],[-490,164],[-454,222],[-365,245],[-419,59],[-214,-117],[-481,-164],[-347,211],[-321,292],[-400,338],[-259,140],[-294,117],[-400,175],[-508,94],[-339,47],[-222,81],[-223,421],[-98,514],[-178,339],[-339,315],[-276,420],[-374,549],[-258,222],[-223,187],[-178,362],[-142,549],[-250,911],[-89,257],[-329,351],[-259,0],[-463,-82],[-454,140],[-303,82],[-463,-12],[-508,-105],[-312,316],[-409,455],[-348,187],[-187,280],[-312,281],[-392,35],[-516,-24],[-526,0],[-365,12],[-374,152],[-356,444],[-285,420],[-428,444],[-347,222],[-285,129],[-259,105],[-481,81],[-400,-11],[-276,-24],[-312,-46],[-410,-12],[-356,35],[-446,105],[-320,117],[-357,152],[-418,175],[-437,222],[-374,23],[-392,246],[-534,198],[-339,105],[-293,47],[-259,257],[-107,362],[-53,444],[-107,280],[-258,386],[-410,385],[-347,140],[-517,129],[-312,187],[-178,549],[223,584],[107,397],[-27,362],[-143,526],[-106,350],[-45,479],[80,350]],[[558996,457108],[526,-70],[276,-11],[499,-59],[383,-23],[579,-12],[427,47],[116,584],[-9,502],[205,467],[116,655],[17,397],[-17,350],[-54,526],[-98,619],[-53,666],[214,514],[374,-24],[276,-82],[303,141],[516,292],[410,502],[312,140],[392,-140],[552,-129],[419,-175],[249,-163],[312,-304],[196,-82],[445,-198],[454,-106],[267,59],[517,47],[312,-141],[365,12],[401,94],[267,198],[294,537],[178,222],[294,397],[143,374],[196,386],[436,268],[294,164],[383,432],[419,82],[552,-82],[214,339],[142,385],[232,281],[285,163],[311,129],[401,198],[544,94],[712,-12],[944,105],[357,12],[258,23],[436,47],[312,12],[258,23],[490,-35],[366,-24],[454,12],[258,24],[401,46],[294,0],[561,12],[365,152],[552,-82],[597,-58],[410,35],[472,280],[339,-140],[293,-24],[321,-151],[383,210],[196,561],[641,1903],[196,-198],[624,-502],[80,-59],[552,-420],[374,-211],[366,-256],[596,-456],[668,-327],[562,-94],[454,-58],[-9,456],[36,724],[8,1133],[-8,1168],[26,561],[45,350],[80,701],[107,666],[44,268],[179,946],[62,736],[-205,491],[-374,701],[-98,479],[53,280],[499,1845],[-27,596],[-258,362],[-454,257],[-757,456],[-686,455],[-597,444],[-490,409],[-187,432],[27,397],[160,619],[152,701],[44,409],[9,549],[18,409],[151,654],[250,269],[383,163],[347,210],[339,316],[276,303],[240,386],[205,537],[134,573],[62,607],[0,491],[-36,514],[-71,467],[-133,420],[-196,362],[-294,351],[-330,292],[-490,327],[-570,327],[-356,269],[-339,490],[-133,444],[-27,304],[-36,607],[-71,561],[45,432],[196,315],[409,608],[330,409],[383,478],[303,503],[80,432],[-9,362],[-89,619],[-196,794],[-18,713],[178,350],[187,351],[54,338],[-125,468],[-196,455],[-80,245],[-71,526],[18,444],[9,339],[-125,584],[-134,409],[9,572],[178,584],[125,420],[107,363],[107,560],[107,689],[71,689],[-36,760],[18,432],[71,409],[196,654],[214,409],[499,257],[418,151],[179,573],[-9,444],[-18,724],[187,642],[258,374],[259,362],[267,316],[276,198],[499,269],[258,327],[107,654],[44,841],[72,619],[160,350],[241,222],[222,234],[116,421],[-27,385],[107,420],[490,374],[811,608],[641,537],[588,584],[142,187],[89,689],[-89,456],[-178,665],[-62,643],[240,374],[232,233],[223,362],[53,292],[62,701],[-9,537],[-124,479],[-178,222],[-410,339],[-543,269],[-339,175],[-338,245],[-161,327],[0,444],[72,327],[89,456],[-36,736],[-98,490],[-169,643],[-178,502],[-89,280],[-72,526],[63,502],[311,572],[303,304],[561,421],[303,210],[348,514],[17,455],[-62,584],[-71,725],[-45,665],[-44,643],[240,374],[259,292],[169,338],[62,584],[410,386],[35,350],[232,573],[-27,467],[-151,245],[-205,362],[-232,467],[-213,468],[-285,572],[-223,374],[-276,479],[-80,619],[107,362],[160,666],[490,373],[133,584],[366,1577],[62,526],[0,304],[-18,490],[54,503],[53,397],[71,444],[72,490],[89,619],[44,339],[80,502],[54,409],[80,549],[80,526],[89,584],[107,712],[62,432],[72,479],[53,386],[98,514],[98,455],[89,374],[143,596],[107,455],[98,444],[142,607],[116,503],[142,514],[205,303],[214,257],[249,281],[268,350],[392,514],[436,-210],[240,-281],[250,-619],[187,-502],[187,-292],[392,-526],[329,-105],[517,24],[330,350],[383,70],[276,-128],[-143,-596],[-258,-199],[18,-630],[178,-339],[53,-397],[-89,-502],[-196,-608],[36,-409],[267,-444],[223,-175],[329,-175],[374,-140],[294,-234],[339,-455],[312,-117],[445,-350],[71,-316],[98,-420],[187,-351],[463,-117],[375,47],[311,12],[366,35],[302,35],[276,70],[339,152],[249,140],[276,164],[286,233],[391,397],[401,35],[169,374],[-365,491],[-427,198],[-116,596],[-410,82],[-481,338],[0,631],[401,292],[187,374],[-44,561],[151,338],[436,164],[428,-105],[303,374],[178,280],[383,-35],[276,-561],[383,-70],[232,-187],[427,-58],[267,409],[294,409],[223,292],[276,537],[152,397],[320,280],[223,-23],[356,-35],[446,222],[329,140],[223,47],[410,105],[276,-12],[276,-315],[410,-257],[267,-222],[303,-467],[98,-409],[26,-339],[401,-420],[348,-35],[365,23],[240,152],[356,58],[312,152],[437,152],[472,-82],[347,-35],[339,315],[258,-11],[419,58],[400,269],[285,163],[205,199],[312,222],[365,105],[348,117],[498,210],[285,82],[312,-129],[223,-233],[329,-246],[268,-23],[427,-12],[241,0],[365,-11],[392,-12],[329,0],[303,0],[499,23],[258,0],[312,-11],[321,11],[445,24],[294,23],[303,12],[285,-12],[525,-47],[134,316],[-45,455],[54,631],[846,467],[499,292],[712,234],[615,222],[561,163],[259,82],[338,-58],[258,-47],[330,128],[721,339],[366,175],[329,24],[178,420],[-80,549],[-62,327],[-80,444],[-98,561],[-152,607],[-89,456],[62,701],[90,455],[124,444],[250,432],[668,246],[294,93],[329,35],[267,-12],[490,-70],[535,152],[160,549],[151,549],[125,444],[107,385],[232,503],[169,327],[196,362],[490,82]],[[938130,408984],[-294,234],[-169,245],[-321,269],[-330,-362],[-222,-339],[-481,-234],[-223,-292],[-499,12],[-62,292],[-365,210],[-312,-46],[-392,-281],[-258,-210],[-499,23],[-401,70],[-383,-198],[-472,198],[-125,409],[-472,164],[-294,245],[-142,245],[-232,363],[-463,128],[-205,-374],[0,-584],[-231,-432],[-303,35],[-526,70],[-525,35],[-321,0],[-258,-631],[71,-385],[80,-421],[-35,-408],[-303,-433],[-285,281],[-250,397],[-507,339],[-285,-117],[-383,-140],[-294,187],[-179,549],[-302,46],[-277,35],[-320,12],[-446,-257],[-338,140],[-347,164],[-259,11],[-365,-327],[-445,35],[-143,351],[-133,350],[-161,362],[-374,316],[-294,128],[-249,70],[-392,292],[-249,140],[-508,257],[-383,199],[-374,444],[-196,689],[276,374],[62,350],[-89,503],[18,338],[142,421],[-98,327],[-267,514],[-329,409],[-348,11],[-347,0],[-490,24],[-303,233],[-240,502],[-330,187],[-392,-362],[-312,70],[-418,479],[-312,573],[-240,642],[-72,444],[143,362],[-276,385],[-303,-81],[-365,-105],[-259,46],[-356,82],[-463,-385],[-410,-141],[-490,82],[-338,-47],[-517,-303],[-383,-12],[-338,187],[-214,444],[-107,327],[-160,455],[-134,409],[-107,374],[-98,327],[-329,327],[-472,-397],[-98,-642],[-134,-549],[-240,-304],[-285,-117],[-490,304],[-63,467],[-18,654],[-89,421],[-392,303],[-347,-70],[-347,-175],[-250,-47],[-320,105],[-455,-23],[-329,-269],[-303,-128],[-526,128],[-454,316],[-543,-12],[-285,-385],[-232,-397],[-267,-292],[-481,-386],[-232,-502],[-418,-316],[-383,35],[-152,363],[-115,630],[-553,59],[-534,-82],[-472,175],[-463,35],[-223,-245],[-347,-280],[-321,233],[-98,386],[-80,595],[-27,362],[-436,339],[-205,-233],[-374,70],[-419,444],[-330,11],[-285,-175],[-436,-210],[-267,-129],[-321,-175],[-410,0],[-204,82],[-410,210],[-401,152],[-321,93],[-409,-268],[-170,-362],[-187,-234],[-472,0],[-401,164],[-267,93],[-472,47],[-294,-105],[-365,-351],[-285,-304],[-178,-163],[-330,-327],[-392,-245],[-338,-152],[-365,128],[-294,316],[-437,292],[-276,-222],[-258,-257],[-472,-82],[-392,70],[-321,0],[-347,12],[-303,-47],[-134,-607],[-115,-456],[-205,-187],[-446,-93],[-294,-70],[-525,-187],[-312,-222],[-401,-269],[-445,269],[-80,444],[9,467],[-437,292],[-347,-187],[-303,-152],[-454,-35],[-401,59],[-249,-351],[-392,-490],[-428,-351],[-187,129],[-53,549],[-36,385],[-392,140],[-205,-303],[-249,-316],[-419,-23],[-419,82],[-302,70],[-446,-246],[-347,-654],[-419,-47],[-249,585],[-348,163],[-338,93],[-499,152],[-231,386],[-170,596],[-258,46],[-499,-257],[-267,-233],[-410,432],[-329,444],[-526,-222],[-472,70],[-303,222],[-222,514],[-250,292],[-320,46],[-410,82],[71,549],[134,502],[-27,433],[-383,397],[-454,327],[-232,432],[-249,432],[-232,526],[-80,525],[-36,701],[-35,479],[-455,-11],[-374,-47],[-409,-187],[-259,-561],[-276,-420],[-329,-70],[-330,-117],[-463,187],[-285,187],[-454,58],[-428,-420],[18,-538],[98,-362],[-339,-339],[-481,-292],[-383,-11],[-498,81],[-357,-105],[-418,234],[-437,-140],[27,-374],[-508,-175],[-463,374],[-178,-409],[-383,-175],[-241,116],[-240,316],[-356,409],[-437,-456],[-338,-210],[-241,175],[-249,292],[-205,374],[-187,187],[-401,-479],[-392,-397],[-240,-292],[-410,-187],[-294,70],[-499,-281],[-445,-210],[-552,175],[-259,-93],[-205,-432],[-222,-549],[-383,-304],[-348,-163],[-285,-59],[-374,187],[-436,479],[-428,245],[-347,211],[-428,408],[-311,129],[-410,-82],[-348,-222],[-133,-304],[-178,-455],[-232,-199],[45,-630],[347,-456],[160,-292],[-17,-689],[-205,-386],[-383,0],[-196,176],[-348,514],[-169,525],[-142,292],[-330,245],[-561,-35],[-392,468],[-258,198],[-241,152],[-427,-58],[-410,-479],[-18,-538],[232,-397],[169,-315],[-205,-432],[-151,-316],[-143,-408],[134,-503],[205,-525],[-27,-374],[-205,-374],[-419,94],[-231,198],[-339,397],[-187,269],[-258,432],[-347,210],[-205,-490],[-54,-374],[-142,-713],[-330,-233],[-267,23],[-339,140],[-187,222],[-26,526],[329,269],[205,175],[-223,631],[-311,257],[-285,186],[-464,-93],[-365,-280],[-392,-269],[-490,-12],[-204,304],[-366,561],[-436,-152],[-214,-222],[-240,-245],[-259,-117],[-356,-59],[-365,-70],[-428,-152],[-302,-362],[-357,-467],[-365,-35],[-267,59],[-428,140],[-249,93],[-445,35],[-303,12],[-419,210],[-570,-12],[-285,12],[-285,117],[-285,257],[-232,327],[-356,222],[-401,-245],[-187,-374],[-294,-444],[-276,-94],[-445,-23],[-392,-327],[-339,-526],[-276,-327],[-365,-175],[-365,35],[-267,70],[-374,117],[-428,12],[-196,-82],[-187,-561],[-36,-595],[-17,-339],[-98,-654],[-205,-491],[-312,82],[-169,467],[-98,374],[-259,491],[-400,46],[-383,-327],[-259,-409],[-338,-327],[-214,-70],[-454,-82],[-517,-198],[-303,-245],[-338,-316],[-410,-479],[-347,-175],[-268,-23],[-632,0],[-267,-47],[-339,-140],[-213,-129],[-455,-70],[-561,0],[-534,-93],[-428,-12],[-445,0],[-463,59],[-312,35],[-312,46],[-285,0],[-383,-151],[-276,-316],[-436,-152],[-455,-175],[-115,-432],[-188,-678],[-302,-362],[-490,-152],[-348,94],[-481,210],[-490,-350],[-178,-584],[-258,-561],[-436,-117],[-285,59],[-294,116],[-383,187],[-383,105],[-312,-105],[-330,-140],[-276,-128],[-490,-94],[-303,199],[-356,315],[-249,164],[-463,198],[-330,0],[-249,35],[-348,82],[-267,-479],[-71,-420],[-54,-304],[-427,-397],[-348,23],[-347,-117],[-276,-537],[-178,-654],[-259,-327],[-320,-222],[-348,-362],[-231,-643],[-169,-362],[-473,-151],[-320,-36],[-410,-35],[-392,-23],[-383,-35],[-223,35],[-383,152],[-338,163],[-463,257],[-419,363],[-276,245],[-383,362],[-436,339],[-606,385],[-356,234],[-330,467],[-18,409],[-80,549],[-410,362],[-276,619],[116,455],[107,398],[53,408],[-89,608],[-151,315],[133,526],[330,128],[321,24],[561,58],[27,619],[-241,199],[-347,385],[-170,281],[-98,385],[81,479],[231,677],[-80,561],[-445,467],[-187,234],[-45,525],[454,257],[303,152],[348,432],[-285,620],[-437,58],[-329,128],[-98,596],[-27,748],[-125,525],[-267,479],[-463,701],[-312,257],[-214,94],[-534,221],[-374,187],[-267,211],[-410,432],[-285,210],[-374,140],[-392,281],[-276,256],[-223,211],[-232,268],[-249,316],[-428,432]],[[184182,978004],[-44,-607],[-54,-280],[-178,-596],[-151,-327],[-241,-386],[-632,-782],[-196,-269],[-18,-666],[276,-549],[170,-654],[-232,-537],[-303,-199],[-775,-513],[-231,-222],[-294,-526],[-187,-467],[-196,-643],[-321,-899],[-232,-666],[-240,-829],[-178,-865],[-18,-408],[53,-351],[116,-362],[178,-397],[214,-467],[160,-444],[81,-374],[44,-455],[27,-736],[-36,-1285],[-80,-993],[-53,-561],[-9,-444],[71,-478],[98,-293],[214,-443],[490,-725],[267,-560],[89,-456],[62,-525],[54,-444],[18,-316],[26,-572],[-53,-981],[-54,-631],[-80,-374],[-258,-630],[-196,-409],[-107,-666],[89,-257],[321,-432],[240,-129],[312,-93],[374,-175],[258,-187],[241,-257],[347,-538],[196,-455],[401,-759],[160,-362],[143,-433],[107,-560],[62,-491],[36,-432],[9,-899],[-27,-363],[-151,-478],[-223,-339],[-454,-537],[-464,-596],[-391,-631],[-196,-397],[-170,-444],[-374,-1191],[-160,-631],[-258,-876],[-107,-444],[-36,-292],[71,-502],[232,-549],[89,-374],[45,-631],[71,-876],[53,-339],[187,-502],[152,-257],[374,-455],[418,-444],[134,-175],[116,-538],[-116,-420],[-329,-491],[-277,-315],[-427,-339],[-294,-315],[-187,-281],[-241,-467],[-383,-537],[-205,-210],[-302,-199],[-633,-292],[-570,-199],[-410,-58],[-427,-58],[-535,-24],[-276,0],[-498,-198],[-321,-257],[-463,-479],[-410,-502],[-330,-479],[-160,-339],[-169,-584],[-223,-444],[-107,-374],[-18,-560],[-222,-526],[-276,-339],[-205,-455],[-71,-479],[-98,-281],[-268,-595],[-107,-608],[9,-409],[9,-408],[-62,-327],[-205,-444],[-223,-257],[-285,-234],[-329,-210],[-250,-292],[-142,-386],[-169,-525],[-81,-678],[45,-397],[107,-455],[134,-479],[178,-456],[276,-724],[231,-526],[36,-362],[-240,-409],[-473,-397],[-267,-257],[27,-584],[285,-338],[481,-211],[303,12],[472,35],[436,-12],[446,-222],[196,-210],[258,-455],[98,-409],[98,-397],[134,-526],[374,-315],[374,105],[347,187],[258,46],[472,-58],[277,-152],[267,-198],[472,-327],[347,-351],[321,-234],[490,-210],[347,-268],[-62,-690],[-472,-210],[-579,-163],[-285,-327],[196,-421],[427,-82],[365,-58],[277,-164],[187,-350],[17,-444],[-169,-280],[-276,-175],[-463,-257],[-276,-164],[-348,-350],[-160,-199],[-374,-304],[-330,-222],[-338,-198],[-303,-129],[-258,-163],[-276,-245],[-472,-479],[-544,-538],[-329,-292],[-570,-467],[-250,-269],[-499,-607],[-249,-397],[-116,-280],[-116,-526],[-17,-315],[9,-503],[26,-654],[36,-339],[151,-443],[152,-234],[499,-362],[187,-140],[285,-339],[222,-642],[72,-690],[-18,-478],[-143,-690],[-124,-315],[-72,-596],[-18,-327],[143,-502],[374,-397],[276,-140],[321,-257],[196,-327],[231,-561],[18,-444],[-116,-432],[-383,-456],[-365,-362],[-160,-455],[62,-362],[214,-316],[410,-233],[409,-141],[330,-186],[249,-222],[294,-351],[250,-584],[44,-560],[-53,-281],[-223,-409],[-347,-257],[-535,-70],[-276,0],[-311,-23],[-303,-117],[-330,-374],[-223,-432],[-53,-444],[160,-654],[-151,-432],[-428,129],[-392,198],[-481,70],[-267,-58],[-490,-175],[-730,-444],[-428,-304],[-231,-245],[-285,-491],[-152,-677],[-17,-503],[169,-385],[320,-234],[437,-93],[205,-47],[525,-385],[196,-281],[125,-455],[-27,-689],[-98,-549],[-151,-608],[142,-479],[276,-245],[348,-257],[338,-327],[170,-234],[258,-420],[321,-432],[374,-386],[294,-280],[240,-421],[285,-584],[196,-280],[249,-280],[321,-304],[365,-537],[107,-456],[9,-479],[-9,-303],[499,-141],[428,596],[463,316],[356,-164],[258,-444],[-18,-385],[-80,-409],[-62,-386],[27,-397],[98,-374],[374,-408],[231,303],[455,433],[294,-292],[409,-479],[36,-561],[-249,-222],[-508,-245],[-267,-573],[187,-362],[383,-409],[338,-362],[258,-280],[303,-374],[196,-420],[-80,-479],[-232,-210],[-427,-316],[-241,-210],[-124,-467],[0,-386],[0,-747],[9,-456],[115,-479],[125,-233],[321,-549],[320,-456],[268,-432],[222,-210],[410,-176],[-71,-677],[-419,-117],[-472,-105],[-472,-175],[-356,-175],[-392,-187],[-294,-187],[-267,-339],[-134,-666],[71,-397],[330,-502],[303,-374],[303,-397],[445,-561],[160,-222],[285,-373],[250,-304],[258,-315],[294,-327],[196,-222],[196,-386],[-196,-537],[-196,-222],[-241,-444],[-44,-397],[27,-584],[44,-841],[27,-386],[151,-572],[232,-245],[267,-187],[472,-362],[152,-316],[106,-595],[-8,-479],[-27,-421],[-89,-525],[-169,-397],[-161,-374],[-169,-713],[365,-409],[258,12],[383,35],[232,-549],[-249,-233],[-446,-421],[-303,-292],[-222,-245],[-285,-421],[-178,-327],[-268,-514],[-160,-362],[-169,-339],[-205,-420],[-178,-386],[116,-560],[311,-175],[339,-129],[374,-128],[276,-141],[285,-268],[160,-304],[45,-642],[-18,-561],[-35,-631],[8,-420],[36,-339],[71,-456],[107,-373],[339,-468],[516,211],[294,315],[169,210],[464,538],[338,397],[374,303],[544,71],[258,-363],[107,-397],[89,-327],[89,-502],[107,-689],[-250,-432],[-427,-211],[-490,-233],[-160,-561],[320,-397],[312,-82],[356,140],[419,94],[436,93],[490,70],[348,0],[490,-93],[213,-631],[-409,-339],[-339,-315],[-303,-619],[-205,-561],[-8,-455],[115,-596],[241,-619],[249,-339],[348,-210],[534,58],[267,351],[89,315],[-18,573],[-187,432],[-151,210],[-240,374],[-143,409],[169,689],[330,444],[347,116],[437,-128],[427,-421],[232,-584],[116,-525],[53,-666],[107,-362],[294,-234],[320,-128],[321,-129],[267,-140],[303,-257],[125,-479],[-143,-420],[-507,-47],[-161,199],[-285,385],[-392,222],[-231,-269],[89,-572],[53,-432],[80,-491],[63,-304],[89,-525],[53,-409],[-142,-479],[-428,-163],[-311,-12],[-259,-572],[276,-281],[187,-210],[294,-350],[125,-479],[-116,-269],[-276,-362],[-205,-245],[-258,-433],[62,-338],[178,-526],[161,-619],[98,-561],[9,-373],[-72,-421],[-71,-654],[-27,-386],[27,-572],[285,-596],[134,-490],[-89,-397],[-152,-409],[-44,-339],[151,-654],[232,-304],[392,-490],[258,-467],[214,-538],[116,-327],[-143,-596],[-517,-175],[-338,-128],[-312,-140],[-534,-257],[-348,-199],[-249,-164],[-285,-198],[-419,-362],[-231,-292],[-205,-514],[-125,-456],[-89,-292],[-71,-479],[89,-338],[205,-503],[436,-175],[490,-362],[445,-163],[286,-129],[436,-444],[285,-268],[240,-176],[277,-327],[258,-303],[-45,-655],[-222,-198],[-463,-292],[-294,-315],[-134,-222],[18,-538],[142,-292],[107,-409],[187,-549],[36,-350],[-178,-479],[-178,-280],[-134,-701],[-134,-526],[-178,-642],[-124,-386],[-241,-350],[-338,0],[-339,199],[-223,186],[-534,456],[-374,280],[-374,281],[-348,210],[-400,350],[-277,304],[-409,444],[-223,175],[-294,280],[-205,269],[-249,386],[-196,327],[-169,315],[-294,397],[-285,292],[-472,409],[-437,210],[-365,-175],[-241,-222],[-347,-257],[-356,-269],[-223,-151],[-303,-281],[-80,-560],[36,-619],[-80,-503],[-98,-315],[-268,-409],[-311,-385],[-294,-374],[-205,-327],[-223,-526],[-62,-584],[454,-339],[392,164],[312,23],[454,-140],[347,-222],[294,-245],[374,-351],[321,-280],[258,-198],[357,-514],[71,-631],[18,-386],[18,-385],[-18,-561],[-36,-514],[-36,-572],[36,-491],[134,-362],[142,-595],[116,-538],[-71,-338],[0,-666],[-36,-584],[107,-374],[-53,-631],[222,-631],[134,-689],[89,-502],[-89,-689],[178,-514],[356,-292],[410,-164],[285,-11],[445,-164],[339,35],[365,187],[472,47],[321,-292],[142,-724],[134,-468],[-89,-303],[-312,-281],[-419,-479],[-258,-397],[-160,-338],[-178,-444],[-214,-514],[-45,-479],[45,-689],[294,-374],[196,-210],[303,-292],[303,-339],[231,-280],[241,-409],[142,-584],[62,-397],[-17,-362],[-143,-538],[-125,-385],[-151,-316],[-214,-362],[-196,-607],[-258,-608],[-303,-315],[-401,-140],[-552,-23],[-454,-35],[-374,-59],[-410,-128],[-552,-246],[-383,-210],[-205,-105],[-579,-327],[-1024,-619],[-695,-421],[-348,-268],[-436,-421],[-802,-911],[-222,-315],[-223,-514],[-36,-374],[178,-397],[214,-152],[517,-269],[436,-187],[998,-292],[534,-140],[374,-140],[294,-163],[285,-211],[321,-362],[339,-374],[632,-735],[472,-584],[241,-409],[169,-421],[35,-525],[-26,-362],[-170,-888],[-231,-970],[-80,-303],[-63,-468],[-9,-315],[312,-537],[365,-24],[312,59],[330,128],[347,117],[365,70],[294,23],[339,-46],[240,-105],[312,-304],[134,-257],[124,-537],[18,-561],[9,-502],[44,-514],[294,-374],[196,-362],[357,-514],[347,-175],[249,-140],[410,-269],[285,-199],[365,-397],[321,-479],[437,-712],[311,-619],[259,-596],[142,-327],[107,-642],[-196,-444],[-294,-140],[-383,11],[-240,70],[-330,164],[-641,374],[-499,222],[-383,23],[-454,-152],[-312,-199],[-392,-327],[-330,-338],[-267,-292],[-133,-246],[-161,-514],[-26,-677],[35,-526],[18,-397],[-36,-666],[-62,-514],[-107,-584],[-107,-350],[-222,-549],[-188,-421],[-329,-537],[-214,-233],[-704,-666],[-561,-514],[-222,-152],[-455,-140],[-347,-129],[-392,-362],[-249,-268],[-339,-456],[-133,-397],[-18,-502],[240,-608],[259,-339],[650,-665],[552,-584],[285,-561],[36,-666],[-45,-525],[-53,-433],[-72,-292],[-222,-455],[-143,-257],[-231,-432],[-161,-222],[-276,-292],[-374,-362],[-214,-257],[-302,-608],[-188,-619],[-71,-444],[-44,-549],[-45,-490],[-125,-1063],[-80,-923],[-80,-853],[-89,-654],[-240,-502],[-428,128],[-187,339],[-214,409],[-329,619],[-179,292],[-249,234],[-427,46],[-392,-221],[-357,-292],[-409,-421],[-481,-584],[-446,-467],[-436,-397],[-837,-690],[-321,-280],[-250,-245],[-293,-351],[-383,-478],[-268,-351],[-418,-374],[-285,-198],[-241,-210],[-276,-234],[-481,-292],[-543,-129],[-312,0],[-312,24],[-285,35],[-356,82],[-437,105],[-454,23],[-374,-93],[-392,-362],[-71,-514],[338,-514],[312,-362],[205,-246],[285,-409],[330,-502],[294,-490],[213,-351],[196,-304],[232,-292],[267,-303],[374,-503],[214,-478],[142,-584],[63,-444],[44,-304],[27,-514],[-36,-432],[-124,-421],[-143,-338],[-178,-362],[-205,-596],[-71,-421],[44,-654],[107,-490],[98,-351],[223,-490],[392,-514],[223,-257],[240,-362],[160,-316],[223,-467],[365,-409],[232,292],[258,327],[187,187],[285,234],[490,362],[517,-94],[303,-315],[258,-140],[454,35],[267,35],[357,35],[303,0],[409,-58],[321,93],[303,199],[214,140],[400,292],[232,82],[347,23],[143,677],[-18,316],[312,397],[240,-222],[178,-362],[116,-573],[-196,-584],[357,-537],[561,-93],[516,0],[276,210],[250,222],[303,269],[427,140],[223,35],[347,0],[250,35],[409,140],[392,152],[499,93],[294,-35],[223,-339],[383,-385],[214,-245],[195,-573],[-35,-385],[-116,-537],[-107,-398],[-18,-362],[27,-432],[89,-619],[-18,-607],[-26,-503],[507,-303],[437,198],[329,573],[187,350],[152,245],[258,421],[267,374],[285,338],[339,351],[418,257],[384,-117],[258,-70],[267,362],[151,502],[107,351],[143,397],[178,233],[526,82],[391,-222],[214,-245],[196,-292],[214,-362],[187,-280],[258,-246],[499,187],[152,421],[80,514],[115,327],[170,490],[392,152],[151,-701],[-178,-631],[125,-595],[320,-327],[232,-152],[356,-175],[365,-117],[232,-140],[276,-386],[143,-525],[-9,-374],[-18,-432],[267,-608],[347,-525],[170,-339],[276,-467],[214,-281],[142,-420],[27,-724],[320,-514],[152,-713],[-36,-467],[-53,-526],[-36,-408],[18,-409],[151,-374],[241,-339],[347,-420],[178,-281],[205,-572],[134,-479],[107,-502],[27,-502],[-63,-444],[-125,-468],[-44,-432],[62,-560],[125,-468],[169,-292],[392,-233],[303,-59],[374,-93],[249,-164],[321,-373],[143,-421],[44,-549],[-9,-479],[-35,-432],[-27,-549],[196,-537],[463,-701],[570,-794],[303,-538],[169,-362],[152,-362],[169,-385],[231,-479],[89,-374],[27,-444],[-18,-315],[-62,-573],[-9,-479],[321,-560],[205,-175],[400,-176],[277,-58],[356,-58],[419,-94],[222,-70],[348,-245],[276,-479],[169,-654],[18,-689],[-27,-409],[-18,-456],[36,-455],[133,-257],[392,-479],[205,-175],[392,-176],[348,-105],[347,-233],[169,-362],[45,-339],[53,-619],[62,-584],[45,-573],[62,-350],[89,-386],[161,-420],[285,-642],[214,-386],[240,-397],[205,-537],[18,-304],[-18,-829],[-9,-760],[-18,-490],[0,-281],[18,-537],[160,-350],[339,-82],[312,23],[392,0],[276,-338],[427,-199],[339,-23],[463,81],[401,106],[374,-141],[80,-315],[-54,-491],[170,-572],[240,-292],[161,-537],[-45,-316],[-89,-584],[27,-607],[276,-432],[107,-631],[347,-561],[347,-105],[241,12],[445,82],[267,-292],[-17,-479],[17,-397],[241,-596],[294,-467],[347,-573],[-276,-479],[18,-432],[472,-327],[285,-198],[187,-374],[258,-444],[179,-140],[311,-467],[-9,-503],[63,-525],[142,-246],[285,-327],[401,-292],[241,-350],[107,-292],[142,-467],[169,-584],[276,-468],[553,-81],[294,-362],[98,-386],[89,-526],[133,-630],[232,-456],[-80,-397],[-312,-222],[-116,-514],[232,-280],[26,-491],[-133,-631],[116,-490],[249,-783],[80,-350],[54,-421],[44,-490],[71,-421],[89,-338],[268,-900],[98,-455],[26,-538],[36,-689],[80,-350],[-89,-549],[-116,-432],[125,-351],[232,-280],[249,-327],[223,-246],[231,-315],[178,-549],[143,-362],[169,-339],[241,-315],[400,-479],[214,-339],[508,-817],[267,-491],[134,-339],[116,-514],[26,-292],[-71,-514],[-62,-373],[18,-526],[80,-315],[347,-795],[312,-771],[125,-268],[178,-397],[-187,-491],[-250,-350],[18,-736],[-125,-631],[-267,-514],[-276,-444],[-330,-479],[-596,-817],[-303,-362],[-152,-176],[-276,-338],[-18,-736],[339,-152],[472,-245],[223,-187],[178,-362],[124,-316],[161,-677],[151,-666],[161,-561],[240,-572],[187,-526],[205,-549],[294,-724],[463,-958],[285,-537],[463,-771],[383,-596],[143,-327],[169,-514],[160,-514],[107,-443],[89,-292],[276,-363],[437,-140],[321,-268],[249,-374],[223,-491],[196,-502],[285,-444],[213,-257],[223,-233],[374,-106],[463,35],[170,-128],[409,-339],[464,-397],[605,-526],[419,-198],[490,12],[320,58],[285,82],[312,315],[187,245],[348,246],[418,222],[321,116],[508,-70],[507,-46],[383,105],[437,-199],[205,-654],[133,-561],[152,-443],[258,-398],[223,-362],[115,-303],[63,-491],[9,-385],[-98,-444],[-116,-444],[-36,-549],[36,-386],[98,-502],[89,-374],[116,-479],[71,-385],[9,-689],[-36,-502],[-115,-549],[-161,-433],[-205,-595],[-53,-584],[27,-421],[17,-444],[81,-362],[169,-315],[276,-269],[436,-280],[321,-82],[401,70],[543,94],[339,-24],[311,-502],[-17,-292],[-125,-467],[-125,-339],[-178,-362],[-134,-269],[-267,-642],[-240,-538],[-169,-373],[-170,-456],[-89,-701],[80,-712],[54,-479],[-116,-631],[-27,-280],[89,-514],[303,-257],[472,58],[481,129],[472,-175],[107,-327],[-9,-444],[-160,-666],[-178,-479],[-285,-269],[-196,-128],[-374,-152],[-499,-105],[-428,-70],[-383,-152],[-106,-421],[62,-665],[160,-526],[196,-467],[89,-362],[54,-514],[-27,-444],[-116,-561],[-187,-479],[-80,-701],[9,-525],[-27,-526],[-53,-572],[-45,-374],[-62,-642],[-54,-573],[-187,-338],[-329,-211],[-526,-198],[-320,11],[-428,94],[-232,-23],[-338,-199],[-276,-292],[-321,-421],[-187,-245],[-98,-712],[196,-386],[276,-479],[259,-537],[35,-514],[-53,-350],[-80,-444],[-134,-456],[-125,-339],[-214,-443],[-267,-456],[-222,-280],[-312,-596],[27,-467],[169,-549],[53,-526],[-80,-701],[-107,-420],[-133,-386],[-187,-595],[-312,-619],[-267,-363],[-259,-595],[-98,-327],[-365,-327],[-312,-47],[-276,-12],[-374,351],[-98,338],[-267,596],[-294,374],[-419,117],[-222,-292],[-232,-351],[-365,-315],[-535,-35],[-507,58],[-659,24],[-570,11],[-366,0],[-498,-105],[-89,-467],[151,-350],[267,-421],[258,-572],[-44,-468],[-178,-478],[-187,-328],[-330,-525],[-276,-549],[-160,-339],[-321,-409],[-232,-257],[-204,-315],[-107,-479],[-54,-607],[0,-538],[27,-420],[45,-421],[8,-490],[-26,-631],[-45,-689],[-62,-374],[-63,-362],[-106,-444],[-134,-444],[-294,-864],[-276,-689],[-214,-503],[-267,-432],[178,-385],[1096,315],[1095,304],[1265,362],[1007,339],[899,327],[650,222],[588,140],[383,47],[472,-35],[410,-71],[517,-23],[507,117],[464,117],[516,152],[357,186],[231,164],[454,-117],[170,-455],[0,-339],[-81,-479],[-71,-245],[-196,-503],[-222,-549],[-214,-595],[107,-456],[222,-187],[312,-152],[276,-256],[187,-620],[-107,-595],[-320,-853],[-259,-666],[-124,-374],[-36,-455],[258,-514],[259,-105],[392,-12],[534,117],[695,199],[410,70],[534,35],[454,11],[820,12],[329,-23],[339,-47],[543,-105],[802,-222],[703,-222],[570,-234],[348,-187],[392,-362],[205,-385],[151,-678],[169,-420],[383,-491],[321,-233],[445,-152],[374,-59],[526,36],[214,256],[187,386],[142,385],[143,690],[-54,373],[80,690],[125,443],[499,246],[249,-94],[464,-175],[374,-199],[383,-245],[400,-257],[455,-245],[570,-292],[338,-175],[330,-187],[329,-187],[241,-117],[365,-128],[437,-129],[525,-93],[365,23],[339,315],[142,327],[196,549],[169,363],[241,513],[214,655],[80,455],[18,386],[-72,514],[401,268],[472,-280],[276,-129],[348,-140],[534,199],[303,467],[410,35],[329,-105],[250,-561],[62,-724],[54,-292],[213,-420],[472,-222],[383,-129],[277,-70],[472,0],[285,199],[374,502],[240,222],[365,0],[259,-117],[294,-152],[249,-233],[134,-503],[151,-619],[446,-350],[231,-210],[169,-398],[54,-700],[-89,-608],[-72,-362],[-106,-549],[-98,-642],[0,-339],[258,-584],[258,-374],[463,-642],[366,-433],[356,-35],[240,-35],[392,-105],[499,-280],[339,-199],[231,-163],[187,-351],[143,-537],[205,-350],[276,-140],[400,-106],[419,-140],[392,-187],[347,-198],[321,-187],[383,-292],[437,-397],[427,-409],[232,-327],[98,-467],[0,-362],[-9,-433],[499,-140],[320,164],[472,-24],[214,-163],[169,-467],[98,-538],[-249,-642],[-187,-351],[-285,-619],[-9,-525],[107,-397],[89,-362],[98,-433],[347,-572],[303,-245],[374,-292],[463,-292],[232,-129],[329,-128],[321,-339],[241,-327],[294,-351],[302,-350],[170,-152],[347,-303],[321,-257],[338,-152],[276,-199],[241,-467],[178,-362],[365,-538],[374,-128],[303,-12],[312,0],[276,-163],[365,-269],[410,-128],[454,210],[285,117],[356,-47],[366,47],[258,-187],[436,-234],[285,0],[285,-128],[277,-432],[427,-141],[321,59],[401,-187],[338,-105],[267,58],[472,47],[268,-82],[285,-187],[231,-128],[223,-421],[223,-245],[507,-210],[455,-70],[329,-117],[454,-59],[276,117],[437,362],[410,12],[285,70],[365,339],[321,502],[391,70],[294,-70],[446,-47],[276,-70],[427,-303],[9,-643],[27,-596],[98,-443],[365,-222],[365,-47],[428,-23],[481,-141],[481,-338],[445,11],[392,164],[374,175],[268,82],[436,-304],[214,-525],[383,-234],[311,82],[677,187],[357,81],[276,24],[427,-105],[446,-269],[276,-222],[410,199],[222,151],[330,106],[267,-94],[463,-163],[339,-47],[481,23],[249,47],[383,93],[321,47],[338,-12],[499,-175],[472,-374],[356,-93],[214,-58],[419,-222],[249,-269],[205,-199],[392,-210],[356,-47],[455,0],[391,24],[294,-35],[392,-117],[276,-12],[303,35],[579,152],[294,35],[276,-23],[455,-175],[498,-316],[677,-502],[962,-783],[463,-70],[223,-163],[303,-362],[178,-304],[356,-35],[375,82],[320,-304],[125,-304],[249,-549],[152,-268],[115,-573],[18,-572],[241,-421],[410,-186],[347,-176],[410,-327],[383,-432],[240,-479],[71,-362],[63,-467],[107,-467],[231,-292],[392,-351],[401,-187],[517,-58],[338,-199],[71,-350],[205,-514],[339,-117],[365,-93],[436,-129],[481,-128],[339,-117],[401,-327],[311,-596],[312,-339],[490,-210],[428,-93],[213,-59]],[[324479,494591],[348,-490],[169,-304],[329,-315],[268,-164],[436,-374],[-18,-584],[-98,-572],[-231,-1273],[-152,-958],[-44,-467],[9,-467],[71,-456],[98,-537],[98,-573],[53,-560],[-9,-631],[-44,-631],[-62,-444],[-72,-385],[-169,-456],[-232,-479],[-133,-268],[-80,-491],[35,-280],[134,-619],[214,-1157],[169,-806],[142,-478],[214,-549],[348,-666],[481,-888],[356,-537],[365,-479],[339,-292],[320,-175],[561,-211],[855,-292],[1648,-537],[1443,-432],[704,-316],[543,-303],[570,-432],[383,-444],[294,-514],[223,-526],[347,-1121],[143,-444],[151,-339],[321,-490],[285,-269],[276,-304],[249,-350],[277,-432],[204,-327],[196,-257],[499,-257],[276,0],[428,93],[766,222],[454,140],[285,12],[517,-175],[231,-175],[490,-573],[766,-993],[187,-373],[134,-538],[71,-339],[71,-513],[54,-386],[205,-490],[187,-176],[410,-280],[267,-152],[383,-292],[178,-269],[178,-478],[160,-584],[89,-503],[9,-689],[-62,-432],[-116,-491],[-133,-397],[-241,-444],[-267,-362],[-383,-455],[-508,-654],[-142,-327],[-27,-491],[80,-467],[143,-783],[89,-677],[-9,-398],[-63,-373],[-151,-584],[-45,-701],[107,-596],[179,-514],[44,-444],[80,-373],[294,-456],[419,-561],[133,-280],[125,-467],[-18,-643],[-71,-455],[-18,-456],[0,-362],[-9,-584],[-18,-339],[-195,-572],[-303,-666],[-116,-490],[36,-292],[106,-654],[81,-409],[35,-689],[-71,-573],[-169,-701],[-196,-689],[-285,-993],[-241,-1144],[-160,-783],[-241,-1203],[-124,-888],[-152,-1144],[-62,-701],[44,-526],[125,-607],[508,-1566],[276,-1027],[330,-1204],[151,-654],[89,-607],[27,-514],[-27,-584],[-125,-666],[-231,-747],[-481,-1098],[-642,-1110],[-1371,-2056],[-463,-747],[-392,-619],[-1221,-2348],[-409,-900],[-241,-712],[-276,-923],[-151,-864],[-54,-573],[27,-525],[107,-444],[169,-374],[294,-374],[499,-479],[410,-408],[213,-339],[214,-479],[125,-654],[53,-409],[54,-502],[35,-491],[36,-514],[18,-666],[35,-619],[27,-338],[205,-421],[178,-210],[392,-339],[321,-292],[258,-245],[240,-280],[294,-468],[383,-747],[481,-970],[410,-911],[428,-1039],[409,-1075],[241,-677],[80,-328],[71,-397],[63,-408],[53,-456],[18,-491],[-9,-665],[-9,-526],[80,-362],[276,-467],[401,-362],[276,-386],[312,-607],[241,-292],[445,-351],[490,-420],[588,-514],[632,-666],[624,-584],[846,-759],[418,-351],[437,-362],[606,-479],[579,-490],[757,-724],[543,-526],[98,-94],[517,-478],[293,-234],[277,-175],[596,-339],[517,-292],[436,-292],[526,-304],[472,-268],[445,-164],[481,-82],[481,12],[437,82],[552,163],[588,269],[428,269],[498,303],[481,222],[472,152],[446,117],[454,93],[383,94],[312,128],[240,164],[365,268],[241,117],[312,94],[285,128],[329,584],[-124,946],[-36,456],[89,467],[116,327],[107,386],[62,572],[0,362],[36,572],[26,374],[152,549],[294,538],[472,911],[321,654],[178,467],[107,362],[115,385],[134,421],[151,362],[205,327],[294,327],[392,316],[508,268],[463,210],[419,106],[400,58],[383,23],[499,-23],[544,-58],[445,0],[294,23],[410,82],[196,105],[302,269],[428,385],[347,175],[348,82],[303,0],[311,-105],[285,-210],[526,-199],[365,35],[241,280],[106,643],[36,817],[27,584],[44,479],[63,538],[89,572],[142,572],[232,771],[231,526],[223,385],[294,362],[517,620],[962,957],[472,398],[490,256],[356,-35],[356,-151],[330,-152],[507,-164],[285,35],[303,175],[187,246],[223,455],[249,596],[72,456],[-9,642],[-18,759],[0,374],[71,572],[152,549],[205,421],[320,514],[348,502],[294,491],[258,479],[125,303],[169,421],[142,409],[196,642],[169,642],[90,339],[213,362],[419,351],[223,210],[294,304],[204,280],[179,502],[151,608],[71,479],[36,303],[35,514],[36,444],[89,467],[161,351],[231,268],[258,152],[419,152],[517,222],[383,163],[472,257],[418,257],[196,409],[-98,654],[-178,736],[-133,502],[-27,514],[196,643],[249,315],[535,362],[819,549],[668,479],[499,374],[419,210],[347,12],[401,432],[-107,572],[107,514],[223,538],[320,817],[143,584],[89,409],[178,316],[374,292],[267,560],[161,678],[115,420],[303,444],[143,117],[454,257],[365,187],[374,245],[419,257],[187,117],[499,-164],[347,-514],[294,-338],[285,-222],[383,-164],[490,-82],[828,-81],[731,-47],[294,-70],[249,-129],[276,-280],[285,-514],[116,-374],[80,-385],[276,-526],[187,-117],[526,-151],[347,-117],[437,-374],[365,-607],[178,-292],[241,-269],[285,-245],[445,-316],[597,-455],[356,-339],[294,-409],[347,-596],[374,-513],[339,-351],[374,-280],[526,-269],[730,-315],[534,-246],[544,-303],[400,-351],[481,-549],[464,-630],[392,-596],[133,-210],[615,-900],[534,-642],[535,-491],[472,-315],[596,-245],[651,-141],[516,12],[686,175],[722,269],[712,198],[677,94],[811,23],[846,-11],[641,-117],[499,-245],[811,-561],[748,-689],[1060,-1192],[525,-514],[526,-409],[320,-163],[455,-152],[436,-93],[472,-35],[481,11],[392,35],[499,176],[356,116],[499,141],[258,70],[401,-234],[303,-175],[499,-35],[231,58],[428,245],[410,281],[285,140],[329,128],[428,164],[703,175],[437,47],[419,23],[383,-11],[445,-47],[294,-82],[561,-175],[401,-117],[338,-58],[659,-82],[695,-152],[410,-82],[374,-46],[205,373],[36,433],[44,350],[143,350],[178,327],[26,538],[330,549],[223,280],[392,432],[552,94],[401,-281],[267,176],[329,93],[285,-140],[303,-164],[187,-514],[259,-385],[267,-315],[249,-257],[241,-257],[258,-351],[160,-292],[179,-432],[98,-315],[222,-608],[241,-339],[107,-572],[-81,-467],[-133,-292],[-312,-386],[-258,-163],[-437,-397],[-320,-246],[-214,-677],[-62,-292],[-196,-537],[-268,-573],[-124,-467],[-36,-642],[45,-526],[0,-561],[-36,-362],[160,-689],[232,-350],[249,-631],[107,-561],[-53,-292],[-98,-420],[-63,-444],[-9,-362],[-160,-608],[-196,-303],[-401,-211],[-98,-478],[9,-631],[-107,-491],[-17,-572],[222,-502],[187,-292],[303,-503],[169,-233],[-17,-514],[-72,-538],[27,-478],[27,-363],[214,-478],[62,-713],[-294,-432],[-80,-351],[27,-525],[169,-538],[116,-408],[98,-362],[124,-444],[178,-538],[170,-502],[124,-432],[54,-561],[294,-327],[205,-420],[62,-444],[107,-514],[151,-315],[294,-433],[178,-222],[214,-350],[258,-374],[36,-607],[62,-386],[285,-432],[285,-280],[383,-351],[268,-292],[365,-537],[214,-432],[98,-327],[-116,-491],[-348,-210],[-329,-82],[-499,-105],[-472,-128],[-258,-105],[-374,-281],[-312,-420],[-125,-316],[-142,-584],[-45,-712],[36,-362],[124,-526],[268,-712],[89,-573],[-9,-689],[-45,-514],[-71,-654],[-98,-736],[-53,-561],[44,-443],[303,-363],[427,-350],[339,-467],[107,-374],[249,-467],[267,-257],[214,-643],[-62,-373],[196,-444],[303,-140],[427,-94],[250,-222],[302,-350],[232,-281],[463,-385],[303,-199],[401,-198],[499,-210],[490,-199],[489,-257],[330,-210],[258,-234],[223,-268],[223,-363],[392,-747],[365,-409],[445,-82],[383,269],[223,397],[80,269],[125,467],[267,537],[410,140],[267,-93],[570,-245],[401,-129],[481,-46],[525,210],[294,280],[178,327],[303,654],[294,596],[285,397],[374,94],[285,-164],[455,-269],[329,-245],[339,-409],[142,-315],[134,-409],[329,-537],[312,-269],[365,-280],[214,-164],[401,-303],[347,-374],[303,-479],[365,-572],[481,-713],[472,-818],[294,-572],[214,-456],[276,-560],[348,-304],[409,-117],[437,-315],[276,-234],[258,-175],[303,-409],[374,-187],[285,-233],[276,-234],[276,-47],[401,-151],[490,-105],[321,163],[427,280],[481,35],[392,70],[258,211],[464,455],[285,222],[445,210],[401,71],[481,-71],[321,-93],[454,-23],[258,303],[490,246],[276,268],[374,199],[428,280],[347,-23],[437,-432],[454,-409],[214,-199],[418,-327],[259,-128],[570,-304],[543,-292],[374,-210],[339,-187],[231,-199],[365,-222],[259,-257],[258,-303],[142,-386],[277,-479],[196,-385],[267,-537],[240,-433],[241,-619],[303,-280],[124,-339],[250,-479],[267,-303],[436,-222],[339,-70],[294,175],[409,280],[303,-187],[134,-560],[62,-491],[383,-315],[330,0],[267,93],[356,-198],[321,-246],[401,-93],[392,-47],[552,-198],[303,-351],[472,-198],[267,46],[303,-128],[240,-316],[481,-315],[383,-444],[392,-245],[276,-105],[259,409],[151,654],[143,654],[258,385],[303,82],[329,117],[508,303],[552,36],[401,-71],[330,-70],[267,-81],[374,-141],[445,-432],[188,-630],[178,-211],[481,-362],[320,-210],[250,-47],[543,47],[392,-187],[214,-607],[472,-281],[454,304],[241,327],[383,257],[294,-117],[106,-420],[250,-292],[178,-386],[-89,-654],[-250,-292],[-71,-514],[178,-490],[54,-374],[-134,-631],[-222,-444],[-223,-152],[71,-724],[258,-561],[116,-549],[365,-233],[285,362],[54,456],[267,490],[356,12],[232,-234],[240,-268],[-26,-620],[-9,-443],[196,-386],[516,210],[366,433],[285,-199],[124,-315],[36,-421],[249,-12],[392,-23],[285,-35],[365,82],[375,257],[365,-269],[231,-245],[0,-561],[268,-385],[-196,-421],[249,-479],[552,47],[303,-117],[160,-455],[268,-222],[516,-70],[437,0],[267,-59],[267,-631],[125,-455],[196,-210],[365,-269],[419,-409],[338,117],[365,280],[268,561],[80,339],[98,385],[409,199],[170,-374],[249,-607],[526,-141],[293,164],[294,-58],[383,-141],[143,-432],[445,0],[125,467],[-89,608],[543,35],[392,-397],[517,152],[214,443],[124,386],[276,514],[285,187],[473,70],[445,-140],[258,-257],[348,-456],[276,-12],[294,-490],[409,-351],[187,421],[330,140],[392,-350],[303,46],[276,106],[303,58],[445,362],[508,-199],[178,-338],[223,-222],[391,-175],[490,-292],[446,-327],[303,-187],[258,-339],[374,-479],[321,-315],[329,-176],[303,-93],[445,-35],[464,-82],[338,-198],[294,-468],[205,-584],[80,-525],[98,-351],[338,-268],[312,-47],[196,-339],[80,-420],[89,-304],[250,-479],[116,-409],[-27,-514],[-134,-292],[-151,-373],[125,-538],[258,-175],[392,-269],[-54,-490],[45,-502],[196,-328],[401,-303],[356,-152],[258,-631],[-89,-584],[-89,-479],[-36,-677],[9,-503],[125,-537],[196,-350],[267,-561],[134,-374],[53,-479],[-383,-502],[-205,-304],[-89,-420],[-356,-304],[-294,-163],[-312,-503],[107,-513],[-18,-433],[-391,-163],[-90,-421],[196,-467],[-293,-584],[-321,-245],[-356,-421],[-170,-490],[143,-503],[53,-467],[401,-409],[365,82],[472,-304],[187,-362],[303,-327],[339,-198],[142,-724],[36,-585],[178,-572],[276,-607],[187,-292],[339,-327],[124,-304],[481,-35],[553,-94],[543,-198],[232,409],[71,385],[89,561],[481,362],[89,-502],[178,-468],[45,-735],[-116,-561],[294,-362],[267,-421],[134,-327],[124,-409],[312,-385],[481,152],[249,268],[410,-256],[36,-468],[303,-444],[374,-362],[686,-771],[587,-747],[223,-269],[303,-292],[428,-210],[418,152],[321,350],[329,-93],[695,-1192],[276,-467],[241,-420],[338,-549],[294,-526],[294,-292],[321,-12],[454,59],[214,140],[338,140],[339,584],[267,409],[330,105],[418,315],[321,304],[107,339],[507,304],[526,93],[258,82],[410,222],[276,257],[428,408],[436,106],[303,-269],[436,82],[98,315],[374,175],[401,47],[285,385],[312,82],[383,-23],[241,140],[534,-58],[276,105],[330,198],[311,549],[125,304],[54,537],[391,503],[366,303],[258,199],[267,198],[454,117],[286,-82],[320,-268],[196,-362],[321,-374],[303,222],[409,23],[303,0],[321,-58],[374,502],[71,432],[-124,467],[-143,643],[321,385],[107,222],[160,456],[356,210],[339,23],[178,304],[392,-35],[303,-105],[302,596],[98,654],[285,385],[330,479],[89,386],[178,560],[54,526],[320,35],[232,327],[107,456],[-36,654],[116,444],[151,654],[241,584],[383,385],[205,456],[187,409],[285,373],[80,549],[338,292],[54,432],[445,152],[116,444],[374,456],[508,245],[294,584],[187,619],[-205,491],[9,338],[-45,538],[259,187],[347,187],[481,-129],[285,-93],[392,46],[258,187],[410,327],[401,187],[392,514],[356,23],[347,-292],[419,468],[-36,420],[303,234],[330,-339],[356,234],[151,525],[446,24],[543,35],[374,46],[285,433],[223,595],[347,339],[437,456],[294,467],[-134,339],[-356,408],[9,690],[507,315],[455,420],[258,-116],[490,-117],[214,467],[-178,362],[240,608],[499,-293],[-89,-513],[303,-421],[436,187],[454,-374],[214,-374],[276,-151],[276,-549],[339,-222],[276,140],[294,-175],[383,-351],[499,-233],[445,-316],[89,-455],[517,-35],[151,455],[339,362],[374,70],[392,339],[409,350],[383,35],[464,129],[338,70],[196,456],[151,549],[330,327],[53,712],[410,222],[267,164],[268,549],[-9,549],[303,350],[-98,596],[53,525],[321,59],[463,-316],[418,269],[27,444],[232,409],[401,338],[481,199],[365,362],[543,0],[285,-304],[356,327],[116,526],[463,0],[517,117],[321,537],[98,421],[374,81],[534,-221],[223,373],[-80,619],[347,304],[232,-187],[418,24],[-151,315],[-250,502],[-222,327],[-267,386],[-348,409],[-178,210],[-240,397],[71,467],[276,316],[178,327],[250,303],[347,246],[365,186],[285,187],[410,398],[401,478],[400,444],[259,292],[472,538],[508,607],[516,596],[392,502],[258,315],[223,362],[276,514],[232,269],[418,350],[348,281],[418,339],[375,338],[347,316],[303,280],[187,210],[231,292],[196,234],[383,339],[277,175],[480,304],[437,198],[401,164],[231,93],[392,269],[303,257],[321,303],[454,374],[365,245],[463,246],[455,257],[596,292],[455,222],[365,151],[312,117],[222,374],[-9,350],[9,631],[27,631],[36,514],[35,666],[63,654],[89,584],[35,502],[63,619],[-54,502],[-178,211],[-187,350],[-347,409],[-294,561],[-196,385],[-250,491],[-178,362],[-320,549],[-205,257],[-294,374],[-134,198],[-151,643],[-63,478],[-62,339],[-160,397],[-169,292],[-134,596],[0,315],[9,503],[27,736],[17,443],[0,351],[9,666],[0,362],[0,397],[116,385],[321,526],[222,456],[472,2464],[170,806],[160,981],[169,140],[748,304],[330,234],[45,467],[98,841],[98,642],[62,327],[285,655],[410,35],[917,116],[143,-23],[498,-164],[1381,-455],[214,-35],[579,-23],[472,-12],[1363,-175],[1140,-643],[2004,-1180],[338,-175],[259,-105],[1042,-245],[454,-105],[597,-164],[338,-93],[89,1261],[89,1706],[36,607],[53,981],[27,339],[54,911],[26,421],[125,2125],[36,596],[169,2687],[44,771],[633,455],[623,456],[615,397],[695,490],[383,281],[303,233],[472,444],[703,654],[695,584],[365,327],[232,246],[294,537],[125,642],[8,374],[-53,432],[-62,444],[80,678],[0,432],[-134,584],[161,596],[44,397],[-80,549],[-36,467],[54,444],[151,572],[-240,666],[-81,456],[18,735],[-26,608],[-116,607],[98,479],[-36,421],[-125,350],[-89,339],[134,560],[142,199],[259,327],[169,386],[62,385],[285,327]],[[712716,438700],[-134,-479],[-231,-362],[-258,-281],[-508,-257],[-294,-210],[-196,-245],[-508,-164],[-418,-46],[-410,35],[-285,-584],[-312,-292],[-525,-281],[-401,-373],[-250,-386],[-409,-58],[-499,-281],[-481,-58],[-125,292],[-543,222],[-446,233],[-445,-338],[9,-619],[62,-444],[-115,-397],[-214,-304],[-383,-93],[-223,210],[-276,245],[-428,-234],[-383,36],[-169,-503],[-320,-280],[-499,163],[-490,-338],[-116,-491],[-517,12],[-427,163],[-348,164],[-240,70],[-365,-82],[-392,-128],[-232,-94],[-356,-117],[-267,47],[-348,164],[-204,58],[-357,-175],[-267,-292],[-276,-47],[-374,12],[-454,397],[0,724],[-223,351],[-267,81],[-276,409],[-196,140],[-285,304],[-490,-93],[-348,-456],[-205,-444],[-258,-245],[-445,-164],[-196,141],[-463,-24],[-383,-128],[-392,-269],[-312,-374],[-410,187],[-329,12],[-250,-187],[-543,-12],[-356,94],[-553,-47],[-80,-491],[107,-712],[125,-409],[142,-479],[54,-374],[0,-420],[409,-397],[455,58],[-9,-514],[499,-327],[320,339],[285,70],[428,105],[410,-35],[285,-479],[285,-105],[472,-82],[525,-58],[820,-82],[276,-23],[312,-432],[0,-374],[-54,-467],[-71,-631],[-18,-701],[-71,-701],[-116,-432],[-80,-596],[-71,-596],[0,-397],[9,-665],[26,-1063],[-124,-654],[-81,-433],[-44,-338],[-27,-479],[9,-444],[80,-316],[161,-595],[-357,-514],[-249,-70],[-339,-105],[-302,-106],[-277,-116],[-463,-257],[-481,-292],[-303,-176],[-249,-175],[-249,-187],[-285,-233],[-223,-187],[-303,-257],[-294,-245],[-329,-281],[-437,-362],[-419,-350],[-391,-362],[-250,-281],[-258,-303],[-258,-292],[-499,-339],[-428,-47],[-739,0],[-731,35],[-169,-888],[-89,-338],[-151,-701],[-161,-970],[-89,-619],[-133,-1296],[-250,-1227],[-98,-373],[-71,-538],[-187,-747],[-53,-503],[-134,-525],[-80,-409],[-54,-315],[-124,-444],[-107,-269],[-214,-631],[-98,-373],[36,-585],[98,-595],[0,-327],[-187,-503],[-134,-292],[-321,-303],[-249,-514],[-178,-374],[-241,-385],[-115,-479],[-116,-725],[-98,-665],[-446,-117],[-454,152],[-267,373],[-232,234],[-481,315],[-400,246],[-437,233],[-374,59],[-98,-713],[-98,-654],[-89,-689],[-80,-689],[-63,-432],[-71,-491],[-445,-327],[-196,117],[-374,35],[-134,-631],[-98,-432],[-71,-397],[-71,-397],[-134,-491],[-107,-572],[-258,-304],[-428,339],[-454,280],[-330,175],[-329,176],[-356,-433],[-196,-455],[-196,-631],[-143,-561],[-107,-479],[-160,-654],[-134,-514],[161,-490],[-27,-631],[-107,-502],[-107,-514],[-124,-514],[-98,-374],[-134,-339],[-134,-315],[-133,-374],[-161,-631],[-71,-315],[-125,-514],[-151,-514],[-89,-339],[-116,-362],[-125,-572],[-400,-47],[-321,362],[-267,304],[-419,479],[-472,537],[-739,888],[-285,456],[-89,163],[-259,479],[-392,-175],[-311,-222],[-437,-374],[-392,-292],[-26,-409],[267,-385],[124,-269],[161,-455],[71,-257],[134,-573],[107,-455],[53,-643],[-169,-525],[-169,-514],[-321,-1215],[-169,-642],[-27,-374],[169,-631],[214,-350],[134,-386],[62,-327],[71,-455],[71,-514],[107,-620],[63,-455],[-18,-350],[-107,-655],[-178,-537],[-125,-362],[-294,-362],[-392,-140],[-347,0],[-428,-59],[-303,-23],[-311,292],[-392,-187],[-63,-374],[-106,-584],[-72,-350],[-133,-456],[-89,-373],[-45,-351],[62,-432],[54,-549],[0,-409],[-54,-525],[-80,-398],[-178,-782],[-160,-759],[-250,-1133],[-196,-970],[-196,-362],[-329,-70],[-303,-175],[-445,-351],[-428,-257],[71,-572],[107,-327],[321,-234],[249,-514],[143,-315],[187,-362],[214,-689],[169,-503],[214,-245],[481,-362],[383,-245],[267,-444],[196,-666],[231,-397],[321,-409],[285,-420],[294,-362],[374,-386],[454,-409],[241,-210],[223,-339],[133,-595],[18,-269],[9,-502],[-18,-246],[-53,-572],[-36,-432],[-98,-1005],[-62,-864],[-98,-1005],[-107,-771],[-45,-397],[-17,-432],[-9,-502],[-152,-713],[-98,-455],[45,-724],[160,-631],[-36,-467],[-160,-584],[-116,-398],[-107,-549],[-89,-455],[-160,-678],[-89,-338],[-36,-631],[-196,-444],[-196,-222],[-293,-327],[-214,-245],[-205,-327],[-125,-374],[-98,-327],[-169,-432],[-258,-421],[-259,-502],[-205,-678],[-142,-502],[-107,-479],[383,-280],[499,-175],[374,-397],[205,-327],[187,-421],[294,-420],[44,-538],[-311,-198],[-259,-59],[-303,-46],[-178,-608],[196,-525],[63,-339],[35,-561],[45,-561],[62,-712],[18,-362],[36,-374],[53,-584],[45,-479],[26,-420],[9,-421],[36,-502],[27,-386],[-268,-408],[-124,-619],[-36,-479],[-89,-538],[-98,-432],[-89,-420],[-62,-444],[8,-654],[-8,-701],[338,-514],[330,-47],[596,-105],[303,-47],[348,-292],[-36,-1705],[0,-1191],[-18,-1063],[80,-573],[170,-350],[222,-386],[588,-841],[508,-607],[222,-292],[232,-666],[89,-712],[54,-327],[142,-409],[178,-456],[116,-303],[472,-690],[365,-525],[659,-1122],[740,-1168],[917,-1565],[1203,-1962],[320,-327],[410,-222],[205,-234],[214,-619],[196,-584],[347,-818],[240,-537],[437,-759],[267,-222],[454,-140],[464,-187],[329,-315],[463,-841],[1051,-1694],[998,-2021],[686,-1483],[276,-164],[606,-385],[1354,-923],[864,-561],[463,-303],[908,-549],[259,-246],[169,-362],[62,-327],[9,-455],[36,-351],[196,-409],[285,-397],[285,-549],[107,-572],[44,-654],[-44,-374],[-98,-514],[-72,-467],[285,-409],[472,-152],[499,-198],[214,-129],[276,-257],[241,-315],[249,-362],[419,-748],[240,-432],[160,-327],[134,-316],[232,-502],[222,-362],[722,-1028],[463,-631],[303,-362],[178,-210],[312,-397],[124,-362],[72,-549],[-294,-339],[-303,-117],[-365,-105],[-401,-128],[-490,-82],[-312,-47],[-525,-35],[-570,-82],[-241,-525],[-44,-467],[-54,-584],[-62,-678],[-71,-631],[-45,-537],[-53,-502],[-89,-409],[-134,-549],[-134,-631],[-98,-490],[-160,-631],[-383,385],[-276,374],[-392,432],[-383,94],[-330,-24],[-409,-46],[-428,-12],[-392,82],[-499,210],[-347,152],[-356,210],[-294,-128],[-161,-479],[-169,-526],[-196,-455],[-285,-561],[-276,-596],[-187,-514],[-187,-432],[-223,-572],[-80,-304],[-27,-561],[161,-467],[160,-245],[276,-339],[606,-654],[303,-374],[222,-350],[214,-432],[196,-433],[463,-385],[570,-210],[339,-164],[374,-350],[196,-362],[53,-362],[36,-631],[-18,-596],[-18,-397],[18,-561],[89,-303],[268,-433],[988,-1226],[454,-561],[455,-502],[561,-607],[401,-374],[418,-467],[276,-398],[241,-514],[187,-327],[267,-303],[348,-327],[659,-444],[418,-351],[374,-420],[179,-245],[222,-327],[161,-292],[187,-433],[133,-350],[161,-537],[98,-351],[178,-385],[196,-339],[222,-374],[196,-315],[187,-351],[214,-502],[303,-782],[383,-771],[303,-538],[214,-362],[534,-747],[401,-444],[205,-245],[445,-538],[347,-479],[268,-467],[409,-654],[285,-409],[339,-385],[240,-176],[464,-268],[792,-432],[232,-152],[410,-269],[231,-163],[330,-362],[267,-374],[-463,-584],[-383,-573],[-624,-1144],[-703,-1507],[-615,-1472],[-499,-1588],[-285,-1355],[-151,-1507],[-45,-1484],[-9,-817],[98,-573],[268,-782],[498,-900],[499,-630],[757,-678],[597,-409],[303,-198],[231,-281],[277,-607],[124,-339],[134,-677],[36,-456],[142,-712],[392,-865],[347,-560],[339,-397],[347,-304],[481,-386],[356,-525],[259,-888],[632,-1951],[739,-2254],[357,-1075],[303,-946],[249,-864],[116,-561],[133,-338],[214,-327],[294,-339],[552,-479],[428,-292],[205,-222],[303,-549],[1006,-1974],[731,-1378],[757,-1460],[801,-1507],[659,-1203],[517,-1040],[490,-934],[508,-888],[356,-561],[525,-642],[366,-386],[374,-315],[659,-549],[614,-666],[277,-350],[222,-12],[383,117],[410,47],[205,-164],[71,-537],[116,-830],[116,-794],[18,-187],[26,-584],[9,-794],[18,-724],[9,-876],[0,-865],[9,-1086],[0,-677],[-9,-596],[62,-362],[276,-269],[223,-82],[410,-140],[285,-572],[-71,-958],[-54,-677],[-18,-374],[-71,-561],[-71,-654],[0,-117],[-161,-958],[-151,-560],[-187,-888],[-196,-911],[-160,-724],[-72,-713],[-35,-560],[-116,-386],[-356,-362],[-268,70],[-507,-117],[-294,-163],[-143,-503],[-196,-327],[-365,-292],[-329,-81],[-330,-327],[-365,-71],[-446,-105],[-463,35],[-258,-175],[-579,-444],[-517,-409],[-320,-560],[-9,-456],[-89,-303],[-178,-596],[-27,-432],[-9,-386],[71,-514],[-311,-607],[-375,-444],[-133,-140],[-490,-362],[-45,-584],[-44,-409],[-160,-596],[-90,-666],[-329,-455],[-125,-444],[-71,-607],[-80,-830],[-107,-1133],[-80,-876],[-72,-876],[-62,-724],[-62,-759],[-18,-246],[-45,-572],[-71,-619],[-62,-502],[-63,-351],[-196,-549],[-178,-233],[-294,-362],[-249,-316],[-214,-362],[-133,-327],[-285,-596],[-366,-502],[-409,-280],[-499,-269],[-321,-82],[-481,-58],[-418,-70],[-330,-175],[-160,-246],[-178,-373],[-116,-713],[-285,-631],[-196,-455],[-294,-351],[-214,-303],[-374,-397],[-392,-538],[9,-490],[-18,-386],[-18,-619],[-142,-525],[-437,163],[-311,0],[-232,-315],[116,-456],[-71,-455],[-98,-363],[258,-408],[-45,-409],[-160,-432],[214,-573],[436,-479],[339,-116],[374,-82],[374,-736],[-27,-526],[80,-315],[232,-315],[312,-59],[258,47],[285,362],[347,210],[526,24],[187,-549],[-80,-433],[-437,-712],[-685,-1086],[-1034,-1566],[-1167,-1833],[-668,-1414],[-329,-911],[-143,-596],[-80,-502],[-62,-654],[-45,-818],[-44,-2184],[-9,-1542],[-45,-794],[-98,-677],[-205,-398],[-204,-210],[-535,-374],[-329,-420],[-143,-514],[27,-643],[98,-408],[169,-421],[267,-537],[89,-432],[-35,-783],[-45,-1367],[-80,-1203],[-71,-1039],[-72,-1157],[-80,-1109],[-71,-981],[-71,-970],[-63,-993],[-53,-852],[-53,-783],[-54,-596],[-116,-1004],[-71,-643],[-80,-666],[-36,-303],[-133,-794],[-27,-176],[-98,-689],[-143,-187],[-498,-175],[-419,-187],[-454,-257],[-490,-268],[-339,-292],[-347,0],[-267,-82],[-428,-152],[-507,-280],[-312,-164],[-276,-163],[-472,-199],[-241,-175],[-240,-246],[-321,-58],[-419,-374],[-240,-280],[-410,-432],[-267,-234],[-410,-23],[-392,-304],[-240,-222],[-446,-420],[-285,-608],[-383,-303],[-267,-222],[-214,-199],[-454,-280],[-249,-105],[-428,-70],[-231,-257],[-312,-106],[-276,-327],[-134,-525],[-196,-526],[-53,-397],[-63,-806],[-89,-666],[-107,-420],[-142,-339],[-134,-339],[-205,-490],[-187,-386],[-115,-257],[-170,-420],[-507,-187],[-766,23],[-740,0],[-285,0],[-347,0],[-214,-128],[-463,-351],[-508,-128],[-329,23],[-312,187],[-258,-23],[-446,-257],[-276,-503],[134,-397],[98,-350],[0,-596],[-428,-385],[-525,23],[-294,-23],[-285,-59],[-437,-233],[18,-596],[18,-385],[-54,-479],[9,-409],[143,-502],[89,-374],[0,-561],[-508,-362],[-632,-374],[-606,-362],[-534,-362],[-374,-257],[-392,-315],[-428,-362],[-419,-292],[-525,-211],[-597,-81],[-374,-59],[-249,-175],[-276,-339],[-232,-339],[-1398,-1611],[-241,-292],[-151,-351],[-179,-502],[-320,-129],[-428,24],[-454,-59],[-214,-409],[-205,-654],[-347,-373],[-392,-24],[-436,-46],[-223,-468],[-223,-444],[-427,-105],[-383,-502],[-276,-409],[-544,-140],[-329,-362],[-107,-456],[-161,-338],[-445,-105],[-436,-47],[-366,-94],[-418,-443],[-356,-269],[-72,-572],[-80,-503],[-116,-736],[-71,-455],[-240,-222],[-98,-526],[35,-245],[125,-794],[125,-760],[-205,-490],[-686,-47],[-713,-35],[-347,-58],[-374,-152],[-250,-129],[-418,-350],[-214,-257],[-187,-280],[-339,-514],[-320,-479],[-312,-573],[-89,-572],[-62,-385],[-161,-421],[-80,-280],[-44,-491],[-205,-502],[-267,-327],[-268,-479],[-80,-456],[-258,-257],[-250,-502],[-26,-385],[-125,-386],[-134,-490],[-187,-234],[-276,-234],[-374,-408],[-356,-514],[-125,-584],[89,-549],[80,-421],[125,-432],[125,-526],[133,-630],[18,-386],[-80,-362],[45,-619],[-277,-374],[232,-467],[205,-210],[-9,-456],[312,-268],[383,-152],[-18,-409],[-9,-374],[241,-455],[276,-164],[454,-280],[267,-246],[267,-268],[446,-456],[-45,-631],[276,-549],[-98,-513],[-53,-503],[-27,-607],[-44,-386],[-36,-514],[-27,-397],[18,-607],[125,-374],[98,-397],[89,-327],[125,-397],[98,-631],[35,-350],[-80,-690],[-160,-362],[-481,-233],[-294,-281],[-178,-572],[-36,-712],[187,-608],[205,-385],[36,-631],[0,-374],[35,-467],[241,-385],[231,-503],[54,-455],[-383,-339],[-544,-140],[-481,-12],[-481,-315],[-329,-117],[-267,58],[-490,82],[-392,-47],[-339,-151],[-98,-526],[-62,-444],[-321,-117],[-596,222],[-90,35],[-2502,806],[-562,222],[-400,187],[-143,82],[-846,525],[-107,70],[-526,351],[-730,502],[-757,514],[-428,280],[-294,199],[-347,175],[-419,117],[-285,70],[-552,117],[-784,187],[-1184,280],[-570,140],[-526,152],[-231,105],[-553,269],[-231,93],[-1915,911],[-89,47],[-1096,526],[-641,303],[-392,187],[-642,304],[-819,397],[-739,351],[-570,280],[-357,164],[-240,128],[-294,128],[-463,281],[-276,210],[-366,292],[-409,339],[-446,385],[-160,140],[-356,491],[151,339],[169,584],[81,432],[62,677],[-134,876],[-463,351],[-1202,1215],[-187,152],[-374,233],[-214,245],[-214,468],[-339,187],[-302,210],[-232,339],[-232,140],[-320,350],[-544,47],[-409,23],[-223,-222],[-419,0],[-320,246],[-259,198],[-338,245],[-606,584],[-240,246],[-383,374],[-339,233],[-178,257],[-196,315],[-142,281],[-214,467],[-160,129],[-553,140],[-525,490],[-241,222],[-579,152],[-418,526],[-437,490],[-614,549],[0,140],[62,1250],[-276,105],[-312,129],[-294,93],[-356,152],[-205,70],[-1220,129],[231,1156],[-650,280],[-748,106],[-722,116],[-605,82],[-63,-923],[-1068,199],[-27,362],[-196,386],[-312,93],[-294,128],[-338,257],[-294,94],[-258,198],[-286,433],[-258,128],[-392,234],[-694,502],[-508,467],[-143,339],[-249,234],[-445,-82],[-428,-82],[-303,-70],[-347,257],[-232,596],[-169,350],[-339,304],[-418,175],[-508,-94],[-267,-128],[-365,-479],[-232,-455],[-223,-199],[-409,-187],[-365,105],[-223,304],[-374,409],[-303,152],[-535,11],[-338,-245],[-463,-280],[-321,-281],[-276,-105],[-356,-23],[-410,-70],[-160,-456],[-1158,339],[-472,117],[-401,70],[-276,-222],[-401,-105],[-347,117],[-401,292],[-339,327],[-436,315],[-250,245],[-240,176],[-374,525],[-410,386],[-419,245],[-427,-47],[-383,0],[-214,-152],[-356,-303],[-294,-257],[-303,-222],[-445,81],[-553,94],[-409,35],[-463,245],[-312,59],[-250,11],[-347,0],[-454,-81],[-1417,1191],[-409,385],[-544,351],[-222,163],[-348,141],[-302,0],[-312,-24],[-267,35],[-348,-58],[-285,-140],[-490,81],[-472,-1717],[-677,-11],[-454,-12],[-944,-58],[-383,-24],[-490,-35],[-1256,-58],[-454,-771],[-579,35],[-517,0],[-516,93],[-410,-198],[-463,339],[-713,93],[-285,35],[-508,12],[-374,-70],[-436,-105],[-312,-468],[-240,-607],[80,-713],[-63,-408],[-169,-596],[321,-386],[454,-222],[187,-315],[508,-280],[276,233],[249,549],[98,409],[45,584],[142,631],[312,257],[303,47],[356,-327],[187,-421],[134,-432],[35,-526],[63,-490],[116,-362],[276,-549],[214,-386],[71,-724],[-259,-432],[-195,-257],[-250,-269],[-214,-187],[-329,-257],[-348,-245],[-481,-245],[-472,280],[-507,23],[-187,-432],[-259,-490],[-267,-351],[-258,-479],[-143,-619],[-80,-677],[98,-549],[285,-257],[223,-199],[142,-502],[-169,-677],[-214,-514],[223,-655],[606,47],[115,-35],[312,-467],[-18,-327],[-98,-689],[187,-666],[170,-304],[267,-350],[365,-456],[258,-233],[321,-94],[383,-128],[18,-561],[-410,-491],[-285,-210],[-169,-327],[0,-514],[463,-303],[241,315],[534,-210],[71,-362],[-18,-620],[-400,-257],[-250,82],[-365,35],[-321,-292],[-258,-630],[-80,-573],[-89,-280],[-196,-397],[-98,-608],[35,-455],[232,-619],[232,-526],[205,-479],[142,-268],[232,-585],[-36,-432],[-312,-362],[-864,-409],[-18,-642],[499,-362],[267,-234],[392,-327],[214,-280],[98,-339],[80,-549],[27,-455],[36,-456],[196,-315],[525,-397],[312,-398],[116,-408],[62,-701],[-45,-573],[-71,-829],[143,-537],[303,-327],[178,-538],[-72,-443],[-178,-351],[-365,-327],[-80,-467],[116,-327],[240,-374],[259,-210],[409,-199],[285,-280],[214,-222],[196,-607],[-36,-386],[-196,-549],[-80,-712],[-35,-491],[-196,-759],[-89,-351],[-214,-619],[-392,-1168],[-169,-584],[-72,-374],[63,-584],[80,-560],[27,-351],[-36,-584],[-187,-315],[-365,-199],[-365,-46],[-464,-421],[-17,-455],[169,-690],[249,-525],[241,-362],[142,-608],[-124,-350],[-223,-467],[-472,-35],[-410,58],[-205,-93],[-365,-117],[-347,35],[-481,-222],[-339,-94],[-214,-187],[-356,-105],[-570,24],[-490,-82],[-320,35],[-312,210],[-312,105],[-294,-280],[-508,82],[-392,198],[-356,-222],[-214,-257],[-302,-245],[-464,187],[-400,-35],[-490,-292],[-464,12],[-347,105],[-258,187],[-392,315],[-294,-23],[-472,-187],[-535,-140],[-276,46],[-267,362],[-169,211],[-365,327],[-312,233],[-294,-46],[-445,268],[-374,117],[-330,-23],[-454,-292],[-348,11],[-445,0],[-330,-46],[-222,-211],[-223,-245],[-392,-128],[-223,257],[-115,455],[-401,444],[-419,234],[-258,338],[-241,176],[-418,-187],[-517,117],[134,549],[-481,175],[-392,-35],[-330,502],[-409,93],[-383,-163],[-437,-210],[-312,93],[-472,-47],[-116,-397],[-338,-187],[-321,-338],[-401,397],[-44,327],[-80,409],[-472,-187],[-392,-281],[-401,-128],[-472,350],[-62,479],[-196,292],[-410,222],[-187,152],[-392,47],[-472,-246],[-348,71],[-356,-549],[-329,-292],[8,-421],[-329,-187],[-410,70],[-329,-385],[-366,105],[-160,304],[-116,595],[-62,456],[-463,-82],[-535,117],[-472,222],[-89,514],[-89,677],[-329,-35],[-437,47],[-445,-152],[-437,23],[-481,24],[-231,187],[-365,444],[-758,256],[-89,-642],[-392,-245],[-213,292],[-178,374],[-312,221],[-276,-525],[-428,-549],[0,-23],[597,-444],[-169,-257],[-383,-59],[-259,-338],[-98,-549],[-151,-211],[-267,-350],[-259,23],[-409,94],[-446,420],[-276,257],[-410,456],[-329,-47],[-508,140],[-320,59],[-419,93],[-543,199],[-179,81],[-427,199],[-392,-82],[-116,432],[-240,374],[-392,94],[303,724],[-392,198],[-481,211],[9,549],[-152,584],[-249,338],[-143,526],[0,572],[-26,561],[427,-23],[-53,642],[-392,642],[-472,269],[-98,-514],[-392,-70],[-419,386],[-133,327],[-268,268],[-222,152],[-312,514],[-80,444],[-161,257],[-302,222],[-303,198],[-294,327],[-143,269],[-365,222],[-223,199],[-409,-176],[-161,-408],[-196,-386],[214,-642],[-249,-479],[-330,339],[-27,385],[-472,362],[36,607],[-294,468],[-285,-246],[-472,-222],[-347,421],[-392,35],[-374,152],[-410,280],[-258,327],[-205,549],[-276,-58],[-375,105],[-338,304],[9,408],[-303,304],[-71,537],[151,514],[-116,269],[-481,-23],[-311,-327],[-455,-24],[-445,140],[-356,257],[-187,456],[-178,479],[-223,222],[-383,117],[-152,467],[-383,175],[-383,-210],[-204,677],[-72,596],[18,491],[-71,315],[-348,222],[-169,374],[-267,-82],[-285,-315],[-321,443],[-303,176],[-213,268],[-383,-210],[-330,47],[-53,560],[-365,246],[-357,-82],[-516,117],[-553,0],[-614,-94],[-178,-58],[-401,-12],[-490,35],[-303,-128],[-392,58],[-463,245],[-508,269],[-178,491],[-321,303],[-391,24],[-294,-199],[-446,-58],[-427,-304],[-401,-315],[-508,-199],[-338,-432],[-241,-257],[-107,-491],[-498,-292],[-81,421],[-133,432],[-161,280],[-222,351],[-339,-222],[-187,-689],[-347,-175],[-303,23],[-330,152],[-427,0],[-401,-386],[-107,-455],[-294,-70],[-436,222],[-481,116],[-63,409],[-222,245],[-312,421],[-214,234],[-285,140],[-312,-82],[-534,35],[-223,502],[-115,491],[-339,315],[-338,456],[-179,292],[-436,339],[-454,0],[-526,151],[-409,129],[-223,292],[-267,257],[-348,455],[-267,246],[-410,233],[-436,-327],[-526,164],[-53,374],[-499,11],[-356,-163],[-259,117],[-249,338],[-410,281],[-302,292],[-384,-94],[-356,175],[-214,176],[-383,186],[-383,339],[-365,351],[-258,245],[-312,444],[-187,397],[-347,420],[-526,164],[-214,479],[-160,385],[-71,713],[160,432],[27,385],[-62,596],[-98,467],[-107,292],[-357,164],[-392,70],[-267,362],[72,339],[169,385],[178,211],[187,654],[36,467],[-375,432],[-151,315],[-169,433],[-232,385],[-294,304],[-329,432],[9,385],[-276,608],[-348,140],[-418,269],[-428,350],[-71,397],[-45,421],[-142,572],[-196,47],[-374,222],[-357,315],[-525,-35],[-374,-47],[-481,164],[-392,58],[-294,-350],[-276,-245],[62,-456],[-62,-304],[-508,47],[-356,105],[-267,-58],[-72,-561],[-98,-432],[-454,-175],[-178,222],[-294,245],[-463,82],[-392,-24],[-481,-187],[-365,-373],[-401,93],[-597,164],[-917,712],[-277,327],[-356,421],[-427,-59],[-321,94],[-463,-105],[-437,-12],[-365,549],[-356,23],[-392,94],[-285,-12],[-294,327],[-205,187],[-347,175],[-250,59],[-481,-82],[-418,-245],[-330,-71],[-222,491],[89,643],[-36,303],[-205,421],[-187,245],[-294,339],[-214,222],[-365,385],[-472,327],[-365,561],[-392,245],[-517,-105],[-400,-245],[-366,-59],[-338,-397],[-223,-292],[-899,70],[-464,-82],[-792,257],[-508,281],[-178,58],[-481,-315],[-784,-292],[-347,58],[-125,467],[-383,176],[-597,70],[-338,-105],[-544,-117],[-365,257],[-249,677],[-232,643],[-276,268],[-312,59],[-303,-35],[-196,-503],[-98,-443],[-445,665],[-232,35],[-480,-198],[-526,0],[-374,304],[-321,163],[-552,164],[-169,420],[-357,23],[-534,-116],[-330,35],[-534,0],[-365,-211],[-356,246],[-259,128],[-187,444],[-481,-47],[-347,117],[-160,876],[-286,479],[-329,129],[-321,175],[-231,432],[-561,23],[-464,-245],[-472,257],[-356,-152],[-276,351],[-250,362],[-632,736],[-294,350],[-445,374],[-294,140],[-374,163],[-294,281],[-365,47],[-490,245],[-517,70],[-312,0],[-490,175],[-383,280],[-338,222],[-517,-35],[-285,-23],[-294,-140],[-329,-304],[-312,-234],[-5852,-1495],[-6654,-315],[-392,-23],[-1229,-199],[-1202,-199],[-303,-46],[-2227,-362],[-508,58],[-3402,421],[-1078,128],[-312,47],[-1576,794],[-3162,1612],[-3011,4193],[-454,257],[36,421],[-339,222],[-347,712],[-3875,3937],[-80,9344],[-2378,1565],[-3447,4521],[-2646,2628],[-2164,6996],[-561,1239],[-1025,2231],[-534,2674],[-454,958],[-535,1110],[-1666,3492],[-329,1204],[-1087,4053],[-463,1063],[-142,338],[-294,678],[62,210],[151,491],[775,2499],[-26,479],[-303,6530],[-793,1542],[-7767,-1647],[-2013,-421],[-1488,-315],[-1505,4917],[-2271,2430],[-1114,1004],[-641,281],[-534,-257],[-1345,-2488],[-579,-409],[-383,-257],[-1817,-561],[-312,-93],[-437,-129],[-1549,-479],[-1577,-478],[-1683,-514],[-98,-24],[-125,140],[-1951,2220],[-1202,1378],[-98,105],[-4837,-1448],[-1478,-444],[-2993,1437],[-526,245],[-12621,11237],[-428,385],[-792,713],[-1951,3539],[-517,946],[-187,339],[-775,1401],[-427,795],[-1648,3002],[-579,1039],[-1452,1986],[-330,455],[-2226,3049],[-89,117],[-526,607],[-1478,1741],[-188,338],[-1540,2827],[-6975,199],[-9,0],[-7330,198],[-3153,94],[-161,-1893],[-258,-3165],[-5433,-5443],[-4623,-6495],[-4347,-4777],[-1977,-7990],[-98,-140],[-1523,-2418],[-1007,-1600],[-1612,-2254],[-2058,-4497],[-1193,-3376],[-1817,-3411],[-1443,-3247],[-1443,-7078],[-962,-3423],[-2298,-5443],[-1791,-6623],[-5014,-5606],[-9,-10396],[5522,-7266],[570,-747],[-2120,-2161],[-837,-1775],[-267,-643],[-499,-514],[-534,-292],[-838,-677],[-1042,-865],[-525,-560],[-392,-176],[-374,-11],[-651,0],[-436,-70],[-526,-222],[-454,-246],[-1470,-770],[-721,-234],[-606,-70],[-677,58],[-837,129],[-632,257],[-455,187],[-1238,630],[-810,456],[-383,210],[-1363,362],[-828,0],[-597,-233],[-535,-631],[-507,-1145],[-553,-1857],[-383,-596],[-35,-35],[-659,-327],[-276,-23],[-570,93],[-526,327],[-330,257],[-329,608],[-579,2336],[-294,888],[-232,385],[-445,234],[-526,186],[-347,514],[0,398],[472,1448],[169,514],[-160,642],[-427,281],[-214,35],[-659,117],[-472,432],[-312,327],[-241,537],[-142,654],[-36,654],[-80,981],[-45,620],[-151,490],[-650,888],[-846,911],[-615,561],[-811,490],[-1968,771],[-1202,911],[-1898,2173],[-463,525],[-499,491],[-605,584],[-481,537],[-731,865],[-1113,946],[-722,525],[-213,187],[-214,327],[-196,596],[-214,678],[-89,257],[-160,455],[-437,888],[-240,397],[-241,280],[-445,117],[-499,-128],[-338,-327],[-855,-760],[-945,-817],[-44,-24],[-748,-479],[-490,-222],[-330,0],[-267,71],[-374,221],[-508,363],[-436,222],[-499,151],[-722,152],[-507,105],[-704,199],[-508,35],[-481,-82],[-311,-152],[-241,-245],[-312,-409],[-490,-654],[-231,-163],[-330,-199],[-490,0],[-276,374],[-115,432],[-125,514],[-89,420],[-134,351],[-356,455],[-472,608],[-214,210],[-401,-35],[-303,0],[-534,82],[-428,280],[-516,-82],[-499,-444],[-508,-549],[-374,-81],[-240,152],[-838,770],[-2405,1390],[-668,269],[-783,257],[-508,35],[-668,-47],[-1577,-175],[-623,-58],[-357,23],[-365,129],[-267,268],[-419,888],[-267,584],[-187,409],[-410,1168],[-400,596],[-446,584],[-650,233],[-641,164],[-864,117],[-374,233],[-161,257],[-205,491],[-587,1285],[-27,70],[-383,630],[-472,643],[-9,23],[-552,269],[-383,187],[-285,397],[-90,374],[-356,537],[-365,245],[-383,117],[-428,339],[-98,444],[81,560],[178,398],[249,549],[107,397],[-232,560],[-285,222],[-454,351],[-721,444],[-27,11],[-713,269],[-570,175],[-721,59],[-1407,-71],[-847,-140],[-953,-280],[-1184,-1005],[-677,-794],[-677,-1437],[-561,-1857],[-562,-1577],[-187,-899],[-846,-2231],[-454,-724],[-793,-689],[-1015,-666],[-1479,-830],[-561,-268],[-410,35],[-1336,782],[-499,199],[-454,-175],[-338,-397],[-1425,-2079],[-588,-748],[-481,-152],[-472,0],[-793,117],[-1452,409],[-2628,642],[-1042,316],[-312,198],[-730,1075],[-606,572],[-837,339],[-27,11],[-962,316],[-311,163],[-268,362],[-195,748],[-161,1215],[18,549],[-18,1530],[-222,713],[-277,490],[-302,257],[-375,292],[-1790,841],[-18,12],[-1051,409],[-1576,619],[-455,35],[-543,-409],[-338,-374],[-544,210],[-338,573],[-71,116],[-499,374],[-811,724],[-677,841],[-356,246],[-579,736],[-330,712],[-632,4252],[-249,1028],[-606,2488],[-401,677],[-383,397],[-837,386],[-2592,969],[-160,59],[-1577,502],[-347,117],[-321,362],[-196,479],[-116,607],[0,1098],[152,841],[204,900],[499,1039],[410,771],[1113,1320],[1042,1028],[1034,642],[784,234],[98,0],[1728,152],[578,70],[455,292],[490,467],[498,491],[428,432],[53,58],[660,386],[231,385],[45,421],[-196,385],[-437,351],[-579,397],[-311,245],[-392,304],[-348,350],[-160,164],[-410,735],[-276,1426],[-214,420],[-516,129],[-455,-199],[-659,-607],[-588,-328],[-579,36],[-17,11],[-820,351],[-686,93],[-730,12],[-748,-70],[-882,-129],[-1345,-374],[-944,-467],[-1603,-1145],[-428,-221],[-445,-59],[-553,82],[-356,163],[-579,292],[-882,631],[-320,175],[-268,82],[-365,24],[-525,35],[-437,93],[-490,280],[-365,257],[-356,444],[36,491],[44,385],[-900,1437],[-338,502],[-232,175],[-338,71],[-437,-246],[-320,-257],[-250,-11],[-418,128],[-428,432],[-481,584],[-356,292],[-517,-23],[-320,-199],[-205,-280],[-223,-514],[-338,-1191],[-107,-1858],[80,-478],[-71,-304],[-259,-502],[-392,-456],[-739,-748],[-214,-420],[-151,-269],[-134,-502],[-9,-526],[9,-642],[54,-572],[44,-608],[63,-362],[-36,-385],[-276,-503],[-392,-385],[-445,-397],[-392,-199],[-463,24],[-357,210],[-543,1518],[-134,409],[-392,1098],[-445,257],[-187,-82],[-543,-759],[-357,-163],[-819,222],[-339,-24],[-596,-175],[-170,-58],[-1140,-479],[-26,-24],[-544,-432],[-516,-420],[-535,-479],[-837,-257],[-258,-117],[-953,-432],[-303,-421],[-205,-549],[-107,-771],[-303,-327],[-419,-117],[-498,234],[-775,502],[-811,222],[-730,35],[-588,-187],[-579,-525],[-410,-444],[-401,-70],[-356,163],[-606,187],[-427,140],[-312,0],[-454,0],[-677,-420],[-837,-736],[-1167,-888],[-1087,-829],[-472,-269],[-1024,-560],[-544,-117],[-365,-82],[-908,-58],[-63,11],[-926,211],[-1060,455],[-1309,479],[-268,94],[-703,-94],[-437,-315],[-374,-900],[-365,-409],[-321,-175],[-365,0],[-356,94],[-312,163],[-365,503],[-356,549],[-428,619],[-258,245],[-276,117],[-285,81],[-321,-46],[-240,-129],[-285,-350],[-392,-105],[-375,373],[-124,479],[71,853],[-142,572],[-250,234],[-552,269],[-214,93],[-730,315],[-980,631],[-437,713],[-320,747],[-196,748],[-18,561],[71,432],[268,642],[-125,432],[-410,269],[-641,315],[-606,141],[-427,93],[-766,47],[-1069,-316],[-3189,-1413],[-873,-385],[-1354,-1017],[-89,-70],[-641,-315],[-472,-152],[-651,-82],[-570,47],[-356,70],[-606,187],[-1407,444],[-730,140],[-535,0],[-908,0],[-1229,0],[-410,0],[-428,0],[-481,163],[-819,386],[-535,222],[-623,163],[-339,47],[-623,0],[-695,-140],[-543,-175],[-499,-164],[-276,502],[-267,456],[-214,269],[-339,327],[-2369,2114],[-508,385],[-294,164],[-552,128],[-374,0],[-383,-105],[-1060,-268],[-1897,-444],[-419,-24],[-427,-11],[-419,35],[-561,58],[-677,199],[-802,280],[-685,280],[-517,246],[-561,409],[-374,303],[-339,386],[-249,338],[-348,678],[-356,1273],[-321,1273],[-196,608],[-213,315],[-365,350],[-535,35],[-240,-35],[-481,-151],[-107,-35],[-650,-234],[-366,-23],[-392,-24],[-409,59],[-401,140],[-365,175],[-321,339],[-187,327],[-169,596],[-116,572],[-98,1156],[-36,409],[-187,491],[-187,303],[-258,292],[-641,596],[-829,642],[-597,503],[-828,911],[-383,490],[-374,514],[-312,456],[-597,1051],[-623,1168],[-445,1040],[-375,923],[-249,677],[-116,479],[-44,491],[-9,700],[-63,374],[-160,491],[-276,490],[-410,584],[-739,830],[-419,444],[-329,233],[-312,105],[-294,47],[-321,47],[-391,-12],[-428,-93],[-686,-70],[-873,-12],[-543,58],[-445,105],[-579,152],[-953,292],[-553,129],[-418,23],[-330,-47],[-534,-175],[249,888],[472,1086],[321,841],[285,526],[222,362],[481,701],[383,479],[419,432],[250,327],[311,152],[490,46],[276,24],[339,175],[329,257],[312,444],[241,561],[338,876],[178,210],[454,385],[-276,538],[-356,140],[-107,292],[71,525],[116,257],[419,713],[205,409],[249,280],[517,152],[303,-59],[311,292],[205,608],[9,666],[-62,549],[-27,736],[80,432],[196,455],[214,257],[267,246],[339,233],[828,467],[428,327],[285,281],[195,268],[116,631],[0,1086],[-80,970],[-53,1040],[-401,2371],[-526,1927],[-240,736],[-374,817],[-205,293],[-250,198],[-436,199],[-223,128],[-392,175],[-196,187],[-178,643],[18,432],[-44,397],[-134,491],[-267,642],[-223,420],[-552,923],[-428,514],[-409,187],[-526,339],[-178,280],[-125,573],[-133,537],[-125,304],[-303,432],[-570,747],[-276,292],[-321,152],[-418,117],[-401,35],[-383,-23],[-526,-152],[-267,-164],[-312,-46],[-338,128],[-232,187],[-499,339],[-302,350],[-214,362],[-437,386],[-285,292],[-205,514],[-44,724],[18,455],[44,631],[187,771],[374,1437],[419,1168],[606,1215],[222,478],[-8,433],[-223,408],[-169,339],[-152,701],[89,432],[250,596],[365,607],[240,351],[161,701],[115,2476],[45,934],[178,689],[205,433],[27,572],[-223,491],[134,443],[231,608],[107,467],[-80,409],[-258,572],[-98,269],[-196,549],[-285,806],[-392,876],[-134,397],[-80,339],[71,584],[250,420],[516,549],[161,351],[-98,467],[53,561],[196,525],[-71,631],[-392,537],[-54,608],[125,245],[312,479],[196,374],[44,338],[-53,433],[-196,654],[-80,257],[62,502],[374,315],[276,59],[330,116],[196,584],[160,421],[54,549],[-89,374],[-285,432],[-348,374],[-695,432],[-267,222],[-338,444],[-205,362],[-9,631],[196,443],[151,246],[143,455],[0,596],[205,607],[347,257],[294,176],[285,186],[214,269],[223,304],[365,315],[686,444],[133,210],[152,526],[142,829],[143,362],[196,397],[169,222],[276,292],[240,199],[562,385],[1015,631],[151,187],[152,456],[151,245],[472,339],[170,467],[-357,467],[-205,374],[-383,514],[-187,268],[-392,456],[-133,350],[53,444],[54,409],[-9,409],[-223,526],[-1095,759],[-544,490],[-160,141],[-232,443],[-115,409],[0,584],[151,339],[196,339],[62,560],[-463,736],[-9,479],[178,327],[-133,701],[-205,432],[-258,421],[-232,362],[-107,479],[-27,654],[-71,409],[-223,490],[-178,503],[-178,443],[-258,269],[-223,269],[-231,502],[0,736],[151,339],[205,362],[285,397],[329,514],[179,479],[0,689],[-125,596],[-187,630],[-178,327],[-900,1671],[-525,689],[-499,362],[-606,70],[-900,0],[-1434,47],[-276,58],[-686,152],[-374,245],[-374,643],[-481,1448],[-338,1741],[-89,607],[-63,432],[-89,607],[-80,526],[-134,456],[-124,455],[-169,573],[-179,292],[-285,467],[-374,712],[-169,257],[-223,549],[-71,339],[-187,479],[-303,444],[-285,198],[-231,538],[-205,852],[-196,736],[-259,444],[-356,362],[-383,47],[-267,-47],[-383,94],[-445,268],[-285,281],[-330,432],[-445,595],[-446,561],[-570,526],[-463,350],[294,257],[525,467],[348,409],[169,479],[125,572],[44,561],[63,526],[98,432],[133,385],[125,409],[142,421],[98,327],[134,385],[205,514],[178,362],[347,538],[250,315],[329,280],[392,257],[455,175],[409,71],[374,105],[472,35],[375,-24],[311,-58],[490,-210],[267,-234],[196,-245],[597,-1051],[517,-900],[347,-420],[258,-304],[286,-327],[374,-175],[516,58],[321,82],[356,163],[303,211],[312,268],[240,105],[437,129],[499,-47],[525,-105],[499,-117],[641,-210],[330,-12],[641,-46],[241,105],[418,268],[339,526],[-27,572],[-187,608],[-54,163],[-311,701],[-143,794],[18,853],[71,724],[392,3002],[9,374],[107,1203],[62,678],[125,362],[303,444],[285,280],[258,409],[365,794],[143,455],[80,374],[54,362],[53,386],[9,455],[205,526],[205,187],[276,222],[231,222],[330,338],[303,328],[240,455],[267,502],[81,713],[-27,362],[-107,397],[-125,315],[-231,304],[-268,257],[-222,280],[-250,292],[-151,316],[-169,397],[9,701],[53,397],[98,350],[285,479],[481,748],[312,514],[169,268],[223,339],[205,351],[213,455],[179,351],[151,268],[285,409],[267,292],[205,362],[151,631],[0,362],[-89,654],[-178,444],[-196,292],[-258,479],[-169,420],[-9,351],[107,444],[62,268],[36,526],[18,362],[-18,397],[-27,526],[-107,619],[-80,327],[-392,514],[-303,234],[-481,292],[-178,350],[-89,456],[0,665],[-27,736],[-151,701],[-98,374],[-116,479],[-125,420],[-133,456],[-63,467],[-26,397],[-9,479],[26,736],[72,432],[80,386],[178,502],[169,420],[241,456],[160,444],[152,455],[98,362],[35,561],[45,491],[71,467],[62,409],[-9,584],[-53,385],[-205,596],[-178,619],[18,724],[151,409],[187,689],[134,456],[285,584],[258,280],[330,327],[276,280],[294,281],[205,187],[115,560],[45,619],[-53,806],[-27,549],[-187,538],[-223,1133],[-116,969],[-26,736],[-116,537],[-223,526],[-160,327],[-383,491],[-303,385],[-169,187],[-214,385],[-62,666],[338,421],[517,408],[89,71],[748,689],[36,35],[391,479],[268,315],[285,292],[213,234],[223,257],[285,303],[472,900],[357,759],[71,152],[258,561],[312,513],[321,363],[195,140],[410,315],[267,199],[383,140],[348,140],[338,58],[285,35],[437,-23],[481,-58],[1060,11],[507,35],[437,59],[454,93],[339,152],[276,187],[285,339],[196,362],[151,619],[27,736],[0,467],[0,561],[-36,467],[-62,537],[-80,806],[89,923],[125,934],[0,900],[-18,607],[53,643],[62,490],[27,561],[54,514],[-27,315],[-143,514],[-276,362],[-285,351],[-142,327],[-241,502],[-133,677],[-27,187],[27,678],[115,420],[72,316],[222,736],[428,1203],[80,654],[-18,432],[-151,432],[-250,596],[-400,666],[-873,957],[-267,292],[-250,281],[-196,245],[-187,584],[-27,386],[54,373],[231,397],[179,316],[258,304],[1104,1541],[276,351],[285,339],[339,397],[276,303],[249,246],[829,1308],[445,1145],[196,514],[811,2382],[205,865],[71,327],[98,1997],[27,397],[124,1449],[18,93],[134,631],[187,432],[320,374],[250,198],[338,269],[365,245],[321,269],[276,292],[232,409],[552,677],[454,421],[499,432],[303,257],[232,222],[240,245],[561,654],[490,503],[1612,1284],[1506,1169],[632,490],[2191,1729],[526,257],[436,257],[454,292],[196,420],[125,573],[-71,712],[-54,199],[-178,595],[-53,444],[-45,304],[-26,759],[-27,876],[-45,736],[27,701],[0,642],[0,806],[-9,141],[-18,759],[-53,479],[-45,736],[-80,549],[-98,420],[-258,607],[-437,281],[-311,35],[-535,105],[-605,35],[-45,0],[-1176,129],[-409,23],[-303,82],[-437,444],[-258,432],[-116,432],[-142,467],[-134,351],[-143,408],[-89,339],[-124,432],[-72,362],[-89,421],[-80,374],[-89,642],[0,374],[0,420],[45,409],[53,608],[0,584],[45,525],[0,502],[0,398],[-36,724],[-62,479],[-45,397],[-116,467],[-80,444],[-80,444],[9,537],[71,526],[0,338],[9,433],[125,549],[347,572],[196,327],[107,397],[89,491],[80,537],[27,362],[-36,502],[-213,678],[-196,666],[-18,409],[89,712],[151,479],[143,362],[178,432],[142,432],[143,327],[160,503],[36,420],[-9,444],[-116,421],[-249,607],[-187,292],[-161,304],[-169,327],[-133,327],[-81,397],[-71,677],[0,444],[54,409],[80,374],[160,362],[241,456],[231,490],[161,572],[71,409],[-9,713],[-98,572],[-267,654],[-196,292],[-303,339],[-241,292],[-196,315],[-106,468],[-18,607],[18,397],[0,467],[89,409],[169,538],[151,327],[125,408],[151,421],[205,619],[125,561],[71,479],[27,385],[0,631],[-134,677],[-89,351],[-142,338],[-187,386],[-268,654],[-53,432],[0,421],[18,373],[27,655],[80,362],[62,397],[134,467],[196,362],[276,397],[205,339],[196,362],[133,315],[223,398],[347,338],[259,374],[365,456],[214,420],[347,292],[365,351],[285,280],[321,269],[303,338],[445,491],[214,269],[240,221],[383,199],[499,175],[410,140],[436,246],[250,198],[311,304],[232,292],[267,350],[250,327],[187,199],[311,245],[499,152],[339,47],[311,0],[481,152],[241,467],[89,689],[0,339],[-18,432],[0,421],[-35,420],[-18,350],[0,538],[-18,420],[0,549],[27,514],[0,444],[35,432],[89,724],[45,339],[231,479],[312,584],[125,596],[107,724],[18,444],[98,561],[62,478],[187,596],[143,351],[106,408],[63,374],[80,514],[125,386],[178,268],[258,444],[276,304],[169,257],[223,350],[134,421],[9,607],[-36,397],[-125,351],[-329,490],[-232,246],[-249,315],[-196,455],[-71,433],[26,619],[98,303],[232,304],[267,315],[232,176],[365,537],[80,374],[-36,595],[-107,398],[-293,572],[-339,561],[-312,373],[-240,351],[-205,304],[-134,327],[-98,607],[0,783],[63,595],[62,292],[151,701],[18,432],[27,468],[0,630],[0,526],[18,444],[27,455],[17,444],[0,526],[-9,385],[-26,409],[-63,386],[-142,607],[-143,280],[-302,386],[-419,374],[-250,362],[241,408],[454,-46],[535,-234],[490,35],[552,152],[267,140],[276,222],[348,374],[222,362],[267,257],[303,315],[321,374],[410,339],[436,222],[339,58],[1104,187],[1960,409],[276,210],[231,257],[276,502],[179,444],[124,246],[268,327],[204,233],[294,701],[125,526],[27,444],[9,549],[178,864],[124,584],[294,514],[277,490],[454,993],[356,876],[187,631],[-80,397],[-134,538],[-89,607],[36,701],[214,327],[338,292],[276,572],[18,269],[178,560],[668,304],[472,386],[668,1156],[107,432],[36,362],[-143,432],[18,620],[472,327],[330,-82],[436,-152],[428,-187],[490,-397],[285,-292],[490,-315],[472,-234],[436,-93],[401,-71],[428,-46],[418,46],[437,106],[543,245],[392,362],[338,432],[312,444],[356,642],[348,678],[178,631],[160,525],[125,514],[116,736],[-36,421],[-169,537],[-125,234],[-383,338],[-196,47],[-561,175],[-597,316],[-400,257],[-125,630],[80,549],[223,526],[623,1425],[285,1098],[0,1156],[-178,2360],[-107,1039],[36,1075],[53,397],[63,584],[62,701],[0,584],[-18,549],[-18,689],[-9,619],[27,631],[36,409],[98,876],[89,666],[89,712],[35,526],[0,595],[-35,795],[-89,1039],[-54,1005],[-89,1074],[-133,923],[-134,900],[-125,654],[-115,689],[-116,432],[-169,386],[-205,292],[-241,245],[-383,339],[-374,245],[-445,234],[-472,186],[-1016,386],[-356,502],[-27,456],[89,759],[410,1682],[178,993],[80,1180],[0,654],[0,280],[-641,3130],[-45,152],[-418,2044],[-303,2628],[-27,514],[-53,958],[27,526],[-45,374],[-223,420],[-365,339],[-258,117],[-535,128],[-632,70],[-846,140],[-267,94],[-161,444],[-35,584],[276,642],[401,397],[35,432],[9,514],[134,526],[151,724],[125,806],[116,1063],[151,794],[27,398],[0,490],[0,631],[0,607],[-18,596],[-53,759],[-45,643],[-18,549],[89,736],[89,549],[89,759],[152,584],[151,747],[223,771],[187,818],[240,1051],[179,736],[196,783],[26,607],[0,642],[-44,666],[-72,549],[-26,444],[-223,1086],[-134,713],[-35,759],[0,724],[62,748],[205,631],[151,373],[268,269],[285,222],[356,269],[445,187],[330,116],[329,70],[579,94],[205,514],[0,385],[36,409],[-62,386],[-107,525],[-196,619],[-223,689],[-187,678],[-267,853],[-169,549],[-116,700],[-45,491],[45,1518],[0,222],[231,1332],[214,1063],[321,853],[222,584],[490,864],[927,1624],[552,911],[739,1285],[455,806],[276,443],[507,760],[179,163],[293,269],[303,268],[455,281],[463,385],[303,573],[142,443],[205,725],[169,373],[143,304],[205,537],[579,1239],[481,841],[320,549],[27,46],[374,584],[561,982],[356,665],[357,795],[196,490],[62,397],[0,456],[27,339],[0,478],[-27,491],[-27,409],[-62,455],[-27,631],[54,432],[151,398],[178,432],[267,514],[330,700],[383,526],[178,362],[178,374],[152,631],[18,549],[62,525],[0,362],[71,491],[27,339],[62,514],[63,420],[89,467],[26,398],[27,432],[-27,397],[-26,455],[-89,573],[-134,490],[-169,725],[-267,899],[-250,969],[-196,760],[-187,736],[-258,677],[-267,643],[-268,841],[-240,654],[-187,607],[-223,607],[-240,584],[-285,725],[-312,736],[-98,233],[-241,537],[-463,1028],[-294,573],[-205,350],[-276,421],[-267,303],[-267,281],[-294,245],[-419,327],[-445,222],[-436,175],[-544,304],[-481,303],[-490,269],[-427,245],[-597,281],[-641,280],[-392,152],[-428,187],[-650,339],[-508,257],[-534,327],[-410,292],[-329,210],[-268,222],[-338,327],[-258,304],[-268,362],[-311,467],[-232,432],[-267,467],[-312,479],[-401,643],[-579,771],[-35,46],[-535,713],[-392,654],[-294,455],[-329,479],[-437,654],[-320,526],[-250,409],[-320,549],[-294,607],[-214,397],[-178,292],[-178,386],[-241,584],[-214,514],[-222,607],[-116,421],[-98,560],[-54,479],[-71,654],[-89,806],[-53,666],[-72,794],[-53,701],[-36,841],[107,2465],[9,572],[27,631],[80,3516],[27,1051],[9,514],[-9,280],[-72,1168],[-80,585],[-249,794],[-160,385],[-268,386],[-507,502],[-936,596],[-160,105],[-321,362],[-231,467],[-196,526],[-54,444],[-53,490],[-71,409],[-54,456],[-71,408],[-89,444],[-62,491],[-98,537],[-63,491],[-53,560],[-80,596],[-54,444],[-35,409],[-179,1822],[-71,304],[-267,829],[-143,315],[-178,398],[-196,490],[-124,386],[-143,572],[-53,537],[-36,386],[80,712],[205,502],[80,211],[553,911],[142,268],[445,865],[134,409],[187,759],[196,818],[89,642],[98,596],[62,397],[285,1553],[54,281],[187,665],[223,304],[347,292],[338,129],[1541,-164],[330,-47],[374,-23],[437,362],[249,502],[258,503],[232,432],[463,444],[721,420],[882,748],[54,46],[427,339],[508,432],[882,549],[1754,327],[2592,316],[544,70],[401,152],[472,233],[338,176],[258,210],[1345,1250],[455,420],[1318,1215],[392,374],[312,327],[427,455],[330,479],[53,70],[446,561],[454,397],[427,362],[446,479],[303,245],[356,351],[454,362],[472,362],[597,397],[463,316],[517,385],[490,327],[570,339],[623,350],[535,327],[392,246],[561,327],[329,210],[330,198],[401,257],[516,362],[481,339],[455,199],[489,385],[793,503],[526,350],[445,304],[463,280],[321,152],[231,163],[303,199],[268,152],[418,198],[383,199],[392,93],[419,105],[374,94],[481,23],[294,12],[588,12],[525,46],[401,35],[294,82],[178,526],[-36,525],[-187,363],[-828,1530],[-249,467],[-339,584],[-169,350],[-428,783],[-454,864],[-214,549],[-107,573],[-71,572],[0,596],[36,549],[71,420],[54,316],[356,2593],[27,198],[231,1087],[348,1284],[35,106],[428,1226],[445,596],[339,409],[374,455],[213,280],[357,491],[196,280],[249,234],[214,257],[240,280],[419,491],[178,304],[232,619],[44,467],[27,432],[0,327],[18,713],[-18,467],[-9,666],[-18,724],[-9,397],[45,724],[27,771],[44,829],[54,818],[115,1028],[63,701],[26,794],[18,677],[0,783],[45,724],[44,444],[89,386],[321,700],[321,363],[1175,829],[179,105],[1950,888],[1238,420],[472,82],[419,93],[374,82],[633,164],[285,81],[347,106],[223,151],[258,257],[196,339],[258,678],[125,537],[721,3130],[731,3154],[80,351],[249,1062],[624,1893],[294,876],[71,140],[347,631],[544,712],[552,806],[151,152],[624,1180],[312,806],[855,1425],[890,1156],[90,129],[409,549],[223,595],[98,456],[98,561],[71,513],[71,503],[0,549],[0,444],[0,443],[0,526],[0,502],[-17,608],[-54,771],[-35,876],[-18,420],[0,596],[9,514],[-9,502],[18,456],[26,572],[36,794],[71,760],[54,338],[26,526],[89,619],[27,666],[27,677],[27,701],[0,397],[-63,561],[-62,432],[-223,678],[-338,362],[-428,280],[-543,199],[-392,186],[-374,164],[-419,175],[-276,210],[-321,327],[-249,269],[-232,678],[-17,700],[89,584],[98,409],[133,339],[205,479],[187,455],[143,503],[187,432],[160,502],[125,432],[116,503],[98,549],[133,525],[205,654],[143,549],[187,619],[293,760],[286,794],[106,269],[268,911],[320,1728],[98,1928],[-44,654],[-107,339],[-160,467],[-188,350],[-169,281],[-454,478],[-196,199],[-1666,1717],[-579,841],[-347,619],[-169,514],[-107,409],[53,631],[276,327],[366,175],[917,362],[98,58],[445,421],[196,304],[134,420],[45,362],[8,561],[18,409],[-18,514],[-35,432],[-98,560],[-71,304],[-36,608],[232,397],[267,222],[356,198],[303,222],[258,175],[276,316],[357,514],[169,373],[125,421],[302,1075],[179,794],[97,701],[170,841],[98,432],[71,502],[27,736],[-36,421],[-36,665],[-35,538],[-18,514],[0,420],[0,467],[0,409],[0,479],[45,456],[124,338],[259,304],[356,292],[267,210],[2637,2091],[356,572],[107,409],[98,1764],[26,456],[18,642],[72,584],[124,642],[98,549],[36,316],[107,467],[160,502],[249,351],[508,549],[54,70],[481,385],[650,619],[597,643],[587,595],[277,561],[17,444],[-26,549],[-63,502],[-142,292],[-259,362],[-427,269],[-339,257],[-543,280],[-276,140],[-249,234],[-9,689],[133,432],[205,549],[116,327],[80,398],[80,443],[45,433],[27,420],[17,491],[-62,479],[-89,385],[-107,374],[-116,362],[-53,362],[116,526],[115,560],[72,503],[71,595],[27,444],[98,608],[71,490],[160,701],[143,537],[231,549],[214,503],[143,490],[80,654],[18,211],[44,677],[-160,841],[-544,1612],[-26,304],[-18,572],[80,572],[428,993],[285,654],[222,538],[223,2382],[143,760],[17,81],[116,666],[125,643],[71,467],[125,596],[160,724],[169,654],[134,514],[169,677],[339,771],[285,514],[294,538],[365,654],[499,630],[320,374],[508,573],[98,105],[570,584],[454,560],[321,573],[276,467],[490,409],[436,455],[410,316],[294,210],[321,245],[668,409],[641,292],[900,350],[472,199],[383,409],[133,514],[-71,374],[-276,607],[-214,491],[-62,455],[0,327],[151,631],[125,701],[-62,549],[-125,409],[-410,490],[-445,409],[-472,327],[-472,350],[-348,304],[-400,654],[-410,1145],[-143,584],[-71,280],[-169,935],[-45,619],[45,794],[0,701],[-18,1039],[18,573],[-125,677],[-134,631],[-213,783],[-232,736],[-276,432],[-472,490],[-472,561],[-321,397],[-516,467],[-383,596],[-196,514],[-152,759],[-125,818],[-26,712],[44,1087],[0,794],[72,1437],[-27,1028],[-9,292],[-18,502],[-9,584],[-53,642],[-36,584],[-44,666],[-45,596],[-53,596],[-36,665],[-71,643],[-63,654],[-71,315],[-89,421],[-98,385],[-80,467],[-80,491],[-125,549],[-151,467],[-116,292],[-134,526],[-107,397],[-115,397],[-170,479],[-151,374],[-347,946],[-63,164],[-303,1331],[-169,1075],[-27,362],[-35,514],[26,420],[36,409],[223,678],[196,362],[222,385],[196,397],[89,678],[18,630],[-44,468],[-214,1133],[-45,701],[9,490],[54,397],[89,351],[294,946],[445,1413],[152,794],[62,386],[107,689],[178,783],[178,665],[151,281],[464,549],[579,817],[142,304],[232,444],[311,654],[223,759],[80,666],[98,1040],[-18,233],[-35,830],[53,420],[285,397],[1203,1028],[401,467],[552,830],[133,222],[214,362],[152,292],[205,444],[160,549],[-54,724],[-26,432],[-72,479],[-53,420],[-71,573],[-72,572],[-62,456],[-71,373],[-80,456],[-54,374],[-80,420],[-89,327],[-151,549],[-152,561],[-62,315],[-116,397],[-107,351],[-116,420],[-151,444],[-151,409],[-250,666],[-116,654],[89,-23],[472,-105],[731,-164],[784,-222],[552,-257],[374,-210],[205,-129],[668,-373],[570,-398],[436,-151],[419,23],[499,105],[463,164],[445,163],[241,47],[338,23],[517,-93],[641,-222],[847,-304],[320,-82],[365,-58],[455,23],[213,47],[481,245],[179,105],[374,246],[285,105],[356,-175],[321,-561],[338,-1075],[54,-210],[311,-1261],[205,-643],[125,-280],[338,-316],[383,-140],[668,-46],[927,-47],[712,-175],[526,-129],[410,-35],[605,-12],[428,82],[276,105],[1024,549],[499,246],[338,58],[562,-35],[427,-105],[321,-129],[374,-233],[570,-549],[436,-421],[72,-58],[525,-456],[267,-233],[473,-444],[285,-269],[516,-537],[134,-129],[614,-665],[348,-549],[196,-479],[187,-584],[142,-573],[45,-187],[142,-852],[27,-678],[-27,-782],[-98,-806],[-160,-1063],[-27,-222],[-160,-1343],[-134,-1133],[-53,-725],[0,-455],[71,-491],[89,-455],[98,-374],[134,-362],[392,-619],[329,-386],[330,-315],[223,-164],[481,-222],[445,-46],[392,46],[472,234],[427,351],[562,619],[418,455],[383,386],[446,373],[721,503],[739,619],[1087,1074],[285,362],[659,327],[472,59],[374,0],[446,-245],[1425,-538],[472,-245],[276,-479],[169,-82],[401,117],[739,409],[936,701],[383,292],[205,35],[1843,-701],[784,82],[169,58],[508,280],[214,129],[1167,1051],[490,246],[294,-176],[320,-794],[357,-1215],[578,-1144],[312,-830],[383,-432],[606,-187],[525,-47]],[[558996,457108],[107,362],[0,444],[-125,619],[-374,491],[-365,-234],[-410,-245],[-401,82],[-276,304],[-151,257],[-258,490],[-170,351],[-249,315],[-241,222],[-302,315],[-241,444],[-276,619],[-490,257],[-303,-175],[-205,-327],[-249,-444],[-169,-175],[-348,-222],[-329,-94],[-499,35],[-383,234],[-419,210],[-231,199],[-490,-94],[-294,-58],[-338,47],[-401,93],[-410,152],[-356,129],[-535,128],[-329,128],[-285,222],[-348,538],[-240,280],[-446,315],[-329,479],[-45,444],[-53,713],[-392,187],[-419,-269],[-365,-292],[-392,-23],[-267,93],[-267,269],[-196,280],[-250,374],[-169,327],[-169,502],[-62,374],[-285,561],[-205,245],[-374,105],[-321,35],[-312,140],[-312,281],[-427,350],[-347,222],[-383,233],[-339,176],[-445,175],[-357,117],[-490,128],[-383,47],[-302,140],[-241,234],[-258,128],[-374,35],[-481,-11],[-365,-71],[-250,-151],[-285,-304],[-410,-456],[-347,-175],[-374,316],[-241,443],[-454,398],[-383,292],[-374,385],[-187,491],[-71,373],[-276,246],[-455,187],[-338,-187],[-276,35],[-303,409],[-499,210],[-303,163],[-196,351],[-98,537],[-133,350],[-80,398],[-125,432],[44,689],[-196,502],[-160,386],[-169,525],[-98,643],[-187,420],[-169,491],[-170,514],[-151,444],[-134,373],[-98,596],[-124,549],[-116,292],[-294,245],[-151,257],[-357,386],[-312,-59],[-391,-163],[-303,140],[-472,94],[-392,327],[-223,327],[-481,268],[-374,-222],[-330,70],[-490,129],[-445,-12],[-436,105],[-223,47],[-383,-23],[-543,58],[-446,59],[-303,70],[-320,128],[-321,117],[-427,234],[-268,151],[-213,526],[26,561],[-303,595],[-240,362],[-205,363],[-294,105],[-445,257],[-419,408],[-320,561],[-303,187],[-446,350],[-115,608],[-161,596],[-312,175],[-311,117],[-339,315],[-525,163],[-294,129],[-303,269],[-80,537],[-169,666],[-535,514],[-178,280],[-223,502],[-124,246],[-250,397],[-249,607],[-98,502],[18,397],[98,608],[124,1110],[107,712],[80,502],[152,830],[89,724],[71,724],[-53,642],[-268,234],[-338,105],[-80,467],[-312,409],[-214,257],[-329,292],[-321,362],[-410,468],[-383,432],[-463,397],[-445,362],[-392,409],[-348,502],[-178,374],[-427,432],[-223,105],[-410,164],[-899,338],[-463,398],[-134,478],[-445,328],[-241,420],[-18,374],[-17,479],[-196,327],[-285,210],[-446,245],[-383,117],[-401,187],[-383,128],[-320,12],[-392,-117],[-250,-245],[-294,-187],[-365,-117],[-312,141],[-383,397],[-302,222],[-446,280],[-409,222],[-401,222],[-357,187],[-285,117],[-409,93],[-321,93],[-526,199],[-400,140],[-285,129],[-330,187],[-517,116],[-347,374],[-347,222],[-330,117],[-383,187],[-267,175],[-249,-315],[-339,-433],[-365,-467],[-223,-292],[-365,-479],[-258,-327],[-232,-292],[-347,-479],[-392,-514],[-223,-292],[-463,-607],[-543,-678],[-277,-373],[-276,-362],[-196,-257],[-294,-398],[-374,-502],[-285,-374],[-418,-525],[-392,-479],[-455,-549],[-356,-456],[-303,-373],[-392,-479],[-454,-561],[-347,-467],[-267,-362],[-259,-351],[-160,-222],[107,-595],[89,-362],[-303,-433],[-401,-409],[-303,-210],[-498,-222],[-481,-116],[-268,-246],[-231,-315],[-267,-619],[-72,-526],[-62,-432],[-98,-689],[-62,-479],[-89,-584],[-98,-572],[-98,-538],[-72,-339],[-151,-642],[-71,-444],[-54,-409],[-196,-315],[-383,-23],[-481,-292],[-392,-59],[-267,35],[-338,12],[-285,35],[-472,199],[-250,128],[-418,140],[-383,94],[-339,-176],[-303,-93],[-374,-187],[-285,-140],[-534,-292],[-374,-409],[-179,-490],[-115,-514],[-294,-468],[-196,-373],[-276,-479],[-72,-362],[-26,-584],[-72,-468],[179,-409],[151,-467],[36,-315],[-81,-701],[-454,35],[-516,187],[-330,117],[-339,128],[-356,117],[-312,105],[-356,117],[-338,93],[-392,82],[-214,12],[-383,12],[-463,-47],[-356,-70],[-348,-94],[-303,-128],[-454,-257],[-472,-257],[-258,-105],[-285,-82],[-303,12],[-526,81],[-552,106],[-347,-12],[-366,-140],[-454,-222],[-294,-152],[-267,-199],[-419,-408],[-311,-409],[-196,-339],[-205,-607],[-18,-596],[80,-526],[54,-362],[53,-397],[36,-362],[0,-456],[-45,-385],[-178,-888],[-240,-1051],[-303,-1332],[-170,-806],[-231,-1051],[-499,-58],[-401,-35],[-410,-24],[-436,12],[-534,-93],[-348,-199],[-365,-292],[-365,-339],[-241,-233],[-418,-152],[-312,117],[-365,303],[-348,176],[-294,-71],[-338,-397],[-205,-362],[-214,-467],[-151,-444],[-125,-549],[-107,-549],[-89,-502],[-71,-409],[-89,-350],[-187,-316],[-472,-198],[-312,46],[-463,152],[-517,199],[-294,128],[-311,176],[-357,338],[-507,304],[-339,58],[-401,-46],[-436,-187],[-321,-211],[-356,-292],[-285,-233],[-250,-199],[-276,-140],[-392,12],[-320,245],[-143,257],[-196,689],[-187,479],[-249,502],[-169,351],[-366,794],[-258,269],[-374,0],[-534,-187],[-259,-117],[-365,-175],[-365,-210],[-481,-351],[-481,-35],[-125,713],[80,584],[54,420],[62,537],[62,328],[90,408],[53,339],[9,502],[-169,619],[-125,316],[-223,631],[-98,467],[-26,607],[0,573],[0,537],[9,689],[276,456],[196,362],[-375,373],[-525,-303],[-704,-432],[-703,-386],[-419,-374],[-267,-292],[-463,-373],[-677,-479],[-713,-421],[-338,-152],[-339,-82],[-267,24],[-294,257],[-285,315],[-267,281],[-365,303],[-339,-11],[-232,-117],[-418,-234],[-374,-105],[-472,-175],[-366,-246],[-427,-128],[-303,117],[-454,245],[-339,152],[-472,-362],[-169,-666],[-53,-374],[-187,-467],[-419,-327],[-481,93],[-214,187],[-196,362],[-214,549],[-178,573],[-133,595],[-170,503],[-106,397],[-72,420],[-53,421],[-63,502],[-62,456],[-53,338],[-214,503],[-401,175],[-365,23],[-419,140],[-267,-58],[-383,82],[-374,-70],[-330,23],[-427,199],[-250,210],[-356,210],[-365,129],[-276,35],[-463,58],[-401,58],[-401,94],[-312,82],[-311,105],[-321,152],[-401,140],[-445,-105],[-276,-152],[-544,0],[-320,257],[-187,257],[-205,315],[-223,362],[-285,514],[-267,502],[-321,514],[-383,164],[-356,-315],[-348,-433],[-320,-268],[-392,-164],[-365,187],[-205,421],[-63,315],[-98,479],[-204,292],[-419,257],[-454,93],[-481,94],[-348,140],[-249,187],[-241,257],[-196,362],[-187,654],[-124,561],[-250,280],[-383,-327],[-107,-292],[-124,-409],[-89,-479],[-36,-327],[-125,-607],[-124,-421],[-214,-595],[-152,-409],[-169,-503],[-187,-350],[-240,-514],[-366,-409],[-356,24],[-410,105],[-320,47],[-348,0],[-329,-24],[-258,-47],[-473,-105],[-534,-152],[-534,-128],[-517,-70],[-392,-23],[-552,116],[-312,176],[-294,385],[-142,397],[-27,631],[-294,339],[-561,105],[-437,23],[-516,23],[-196,12],[-615,47],[-543,35],[-428,23],[-454,117],[-356,140],[-205,117],[-419,292],[-249,140],[-446,164],[-365,70],[-374,70],[-445,163],[-276,339],[-80,491],[-232,666],[-285,373],[-454,129],[-428,-362],[-62,-608],[-18,-420],[-116,-608],[-116,-245],[-222,-362],[-410,-304],[-526,24],[-294,163],[-311,292],[-259,397],[-249,479],[-116,468],[-44,338],[-63,666],[-196,479],[-222,280],[-276,234],[-508,187],[-356,-70],[-241,-129],[-410,-152],[-374,47],[-231,222],[-259,374],[-302,292],[-490,140],[-348,47],[-436,128],[-312,246],[-276,280],[-223,117],[-374,-12],[-303,-105],[-285,-316],[-116,-315],[-178,-596],[-124,-420],[-134,-339],[-285,-525],[-338,-409],[-241,-222],[-249,-210],[-357,-339],[-392,-351],[-436,-105],[-419,234],[-445,292],[-267,175],[-481,350],[-508,269],[-534,47],[-348,-70],[-525,-47],[-357,164],[-436,116],[-347,-93],[-446,58],[-374,-105],[-445,-327],[-365,-257],[-366,-187],[-392,-128],[-383,-70],[-525,-35],[-463,58],[-490,70],[-374,-58],[-294,-140],[-339,-234],[-436,-397],[-454,-339],[-366,-257],[-418,-140],[-374,-12],[-508,199],[-285,198],[-436,94],[-366,-59],[-552,-163],[-882,-234],[-677,-128],[-347,-47],[-383,47],[-436,128],[-517,176],[-1060,432],[-365,105],[-677,198],[-882,199],[-757,140],[-864,70],[-748,12],[-811,-94],[-784,-58],[-721,0],[-686,70],[-650,129],[-161,35],[-507,117],[-775,233],[-499,234],[-312,163],[-240,211],[-285,221],[-232,199],[-294,327],[-445,386],[-392,256],[-499,339],[-338,327],[-276,374],[-330,561],[-463,981],[-552,1063],[-330,432],[-392,432],[-258,281],[-241,350],[-231,502],[-268,573],[-365,665],[-329,503],[-330,210],[-178,187],[-374,152],[-392,58],[-294,199],[-187,210],[-321,490],[-205,269],[-302,280],[-383,71],[-544,-187],[-231,-70],[-383,-71],[-366,-23],[-311,-23],[-250,-12],[-329,-70],[-410,-82],[-499,-23],[-320,47],[-294,81],[-321,152],[-428,175],[-391,94],[-348,35],[-543,-129],[-330,-280],[-6324,-1098],[-6128,-1974],[-2904,-2032],[-1247,-760]],[[184182,978004],[1337,59],[525,-12],[632,-23],[1532,198],[508,211],[588,175],[953,444],[1479,432],[1487,444],[1399,152],[846,93],[917,-187],[1372,-397],[1096,-432],[926,-374],[1327,-245],[1238,-105],[2067,-35],[596,-7336],[597,-3411],[312,-1156],[606,-1705],[525,-1460],[169,-421],[259,-385],[205,-152],[730,-374],[1122,-210],[722,-479],[320,-374],[695,-1635],[641,-1157],[517,-642],[143,-199],[276,-759],[89,-514],[35,-759],[18,-362],[161,-981],[481,-724],[668,-678],[614,-374],[339,-397],[1541,-3597],[498,-1110],[81,-514],[-27,-619],[-134,-713],[-454,-479],[-160,-373],[-134,-573],[-27,-993],[134,-572],[401,-689],[454,-444],[695,-502],[1772,-421],[909,-163],[508,163],[427,444],[463,339],[455,70],[534,0],[410,-315],[258,-433],[410,-817],[2298,-4462],[214,-409],[739,-1717],[427,-1834],[179,-829],[178,-1262],[-9,-525],[-944,-5000],[0,-338],[115,-538],[161,-303],[213,-362],[401,-503],[152,-175],[445,-537],[1372,-1647],[748,-970],[276,-607],[152,-643],[391,-2815],[134,-700],[232,-725],[222,-490],[250,-432],[338,-327],[401,-304],[2521,-1133],[908,-421],[1247,-467],[1256,-432],[3777,-1075],[2788,-782],[1567,-432],[446,-12],[267,12],[454,70],[2076,1051],[944,479],[267,70],[347,-23],[437,-222],[267,-398],[811,-1249],[525,-608],[223,-198],[347,-211],[410,-175],[659,-128],[1033,11],[2922,234],[588,-128],[392,-281],[267,-444],[294,-584],[686,-2102],[196,-327],[213,-281],[1719,-1378],[321,-339],[285,-502],[205,-362],[365,-677],[267,-701],[401,-1741],[187,-549],[223,-455],[187,-339],[303,-397],[249,-292],[339,-234],[677,-362],[1728,-958],[231,-175],[285,-315],[383,-596],[294,-526],[134,-245],[133,-502],[348,-3177],[169,-888],[383,-1040],[499,-1191],[62,-164],[428,-619],[418,-432],[277,-292],[2841,-2710],[712,-934],[1096,-783],[508,0],[401,35],[962,514],[730,269],[935,93],[1042,35],[321,-81],[543,-129],[268,-12],[356,47],[285,140],[534,374],[321,129],[428,0],[463,-304],[668,-853],[748,-303],[1122,-36],[864,304],[544,281],[846,432],[240,117],[481,221],[517,0],[499,-58],[89,-12],[837,-607],[27,-23],[1291,-1250],[232,-187],[3313,-3294],[357,-257],[294,-152],[543,-82],[499,-11],[481,117],[552,280],[2966,1962],[721,281],[740,140],[267,46],[1069,164],[1202,82],[1461,93],[508,-82],[231,-35],[606,-292],[971,-794],[855,-1203],[2138,-3808],[356,-514],[178,-198],[303,-328],[677,-513],[374,-164],[517,-128],[427,46],[294,82],[250,152],[944,794],[490,339],[347,82],[347,0],[481,-47],[642,-234],[311,-210],[971,-1273],[1523,-1974],[330,-409],[205,-210],[338,-140],[259,-59],[2894,129],[277,11],[605,-46],[330,-187],[329,-573],[89,-245],[891,-2535],[232,-689],[187,-292],[267,-198],[1897,-643],[268,-140],[356,-292],[249,-350],[321,-538],[374,-771],[1024,-3539],[570,-1904],[72,-222],[1033,-2184],[160,-327],[633,-946],[311,-315],[339,-351],[392,-677],[0,-12],[979,-1530],[722,-1016],[641,-818],[481,-362],[472,-245],[927,163],[855,152],[356,-152],[-62,-1927],[124,-1367],[-26,-409],[-419,-408],[-383,58],[-463,47],[-526,-70],[-338,-421],[0,-374],[116,-911],[107,-782],[106,-736],[-115,-689],[-561,-561],[-98,-175],[-847,-619],[-427,-164],[-356,-292],[-81,-280],[-44,-561],[285,-1332],[89,-654],[223,-1518],[98,-1495],[26,-339],[321,-923],[214,-607],[962,-1589],[605,-1308],[660,-2278],[498,-1413],[268,-584],[436,-724],[757,-1110],[820,-1553],[374,-947],[623,-1611],[267,-444],[535,-900],[187,-677],[0,-281],[-80,-478],[-276,-538],[-686,-642],[-463,-152],[-241,-152],[-321,-561],[36,-408],[249,-468],[392,-957],[419,-876],[757,-713],[169,-152],[276,-560],[196,-561],[125,-724],[365,-1017],[170,-338],[285,-584],[668,-1075],[516,-584],[1167,-502],[294,-35],[2752,-362],[2521,-117],[2859,-47],[1506,0],[632,-198],[873,-573],[1282,-1261],[936,-619],[819,-246],[722,-210],[784,-70],[1906,-234],[855,-128],[1149,-467],[1006,-689],[1506,-1052],[1612,-922],[1220,-818],[1577,-888],[908,-315],[1550,-584],[9,0],[1568,-421],[561,-268],[44,-24],[455,-455],[623,-1484],[294,-292],[223,-152],[534,-187],[641,-93],[642,-12],[365,59],[258,105],[1025,607],[445,59],[285,-59],[329,-152],[321,-303],[232,-374],[151,-327],[267,-911],[187,-374],[179,-350],[267,-316],[249,-210],[472,-304],[223,-292],[71,-502],[392,-432],[214,210],[338,152],[259,-549],[17,-572],[107,-398],[268,-292],[409,-93],[374,0],[196,-210],[161,-444],[-178,-608],[-125,-397],[44,-607],[205,-502],[125,-362],[-321,-339],[-311,-24],[-410,117],[-356,152],[-499,35],[-392,-23],[-276,-502],[160,-701],[419,-164],[392,47],[418,-409],[161,-222],[356,-152],[436,164],[303,280],[205,479],[436,245],[179,-245],[187,-385],[196,-561],[249,-257],[428,-187],[240,23],[419,-81],[294,-187],[285,-374],[338,-502],[143,-304],[115,-514],[446,-350],[285,-374],[151,-304],[276,-198],[-107,-713],[-204,-572],[240,-269],[267,-105],[339,-93],[178,-222],[53,-549],[392,-152],[267,163],[321,94],[446,-82],[267,-385],[516,0],[517,11],[276,94],[321,116],[445,-268],[250,-491],[338,-152],[410,-327],[142,-525],[294,-199],[223,-572],[-214,-514],[107,-526],[89,-455],[-27,-573],[63,-455],[231,-432],[232,-327],[392,-152],[294,-246],[231,-514],[187,-303],[383,-117],[276,-35],[179,-479],[285,-537],[258,-175],[356,-47],[294,374],[276,-234],[303,105],[401,327],[472,-339],[249,-350],[428,-164],[428,-362],[480,-280],[357,12],[240,268],[285,129],[330,-386],[44,-420],[81,-619],[285,-409],[489,-140],[366,-561],[401,-455],[169,-409],[240,-666],[-258,-479],[-98,-607],[223,-327],[151,-257],[169,-444],[-205,-444],[277,-304],[249,-537],[44,-584],[45,-327],[-27,-736],[-9,-491],[410,-303],[214,-304],[169,-292],[276,-245],[312,-386],[428,-105],[507,234],[374,292],[214,128],[312,152],[18,467],[303,175],[374,-221],[222,-35],[410,11],[481,-292],[410,-152],[401,-222],[347,-11],[196,525],[472,-187],[428,-70],[320,-315],[18,-374],[-151,-479],[142,-584],[294,0],[410,-198],[-89,-619],[-134,-374],[27,-631],[303,-292],[472,-327],[472,-385],[240,-444],[116,-503],[454,-373],[312,-514],[143,-362],[-98,-549],[240,-234],[258,-315],[161,-479],[222,-292],[294,-479],[170,-479],[26,-701],[-196,-549],[205,-631],[241,-315],[-45,-397],[161,-421],[285,-420],[53,-654],[71,-503],[303,-432],[223,-350],[160,-374],[312,-584],[-36,-420],[-258,-561],[-18,-701],[294,-199],[214,-443],[-143,-701],[-124,-561],[151,-280],[383,-105],[543,198],[419,-350],[-80,-269],[-36,-666],[348,-116],[276,-59],[311,-233],[339,-152],[436,245],[259,-35],[356,210],[347,129],[268,152],[347,221],[258,363],[428,292],[187,-409],[445,-432],[312,186],[454,-46],[214,-619],[436,198],[473,397],[302,70],[410,152],[223,-222],[374,-268],[285,-339],[249,-210],[294,-24],[499,105],[410,94],[356,-70],[374,432],[0,689],[267,456],[312,46],[303,246],[552,-117],[463,-152],[321,140],[321,421],[409,245],[143,386],[-18,549],[276,280],[276,-47],[348,292],[89,339],[258,385],[241,549],[222,234],[294,210],[535,-23],[445,-327],[241,-234],[489,105],[259,467],[-285,433],[258,385],[249,432],[481,140],[250,117],[303,257],[347,-222],[454,-46],[339,-12],[303,-491],[142,-350],[339,-152],[205,514],[285,315],[374,-222],[392,36],[329,408],[481,-81],[214,-643],[365,-152],[517,187],[320,-327],[89,-596],[312,-198],[321,-164],[418,-397],[9,-549],[259,-455],[196,-316],[329,-327],[365,-315],[517,-199],[187,-303],[241,-386],[481,-187],[320,-257],[161,-245],[258,-386],[312,-432],[409,-315],[490,-94],[205,-373],[152,-584],[106,-444],[-62,-386],[107,-537],[285,-245],[463,105],[365,82],[517,0],[329,198],[481,234],[526,105],[365,35],[526,-47],[294,-117],[374,-58],[231,-70],[339,-164],[427,0],[285,-11],[312,-82],[401,199],[276,163],[303,351],[374,-24],[436,94],[553,93],[409,-199],[348,0],[418,211],[259,233],[285,82],[285,-163],[267,11],[374,35],[267,-35],[321,-152],[472,292],[383,164],[419,234],[178,432],[231,409],[81,222],[178,537],[472,268],[223,421],[106,444],[196,210],[179,537],[409,351],[517,82],[231,140],[277,549],[320,385],[437,0],[516,94],[312,198],[463,199],[259,292],[-72,455],[27,468],[249,397],[-80,572],[-214,280],[90,468],[338,525],[321,362],[347,-93],[249,245],[294,269],[268,-82],[436,-12],[276,70],[428,106],[222,23],[455,187],[579,268],[240,71],[419,151],[454,257],[454,257],[499,316],[294,187],[249,128],[455,199],[347,81],[481,-11],[303,-24],[463,-81],[392,-94],[312,24],[294,58],[374,93],[525,129],[383,467],[268,362],[222,199],[401,292],[454,35],[259,-129],[409,-245],[348,-152],[418,-117],[330,-70],[463,35],[356,47],[446,59],[338,58],[250,47],[525,187],[392,58],[428,23],[204,292],[250,281],[401,443],[401,-46],[347,93],[231,187],[286,222],[338,-82],[321,-374],[329,-198],[267,210],[366,117],[454,304],[142,525],[-142,713],[303,619],[222,152],[241,327],[205,222],[303,187],[525,116],[321,-23],[543,105],[383,327],[303,304],[338,-117],[232,234],[312,338],[214,164],[391,105],[464,82],[249,234],[267,572],[365,549],[63,596],[98,350],[187,467],[516,257],[161,421],[222,572],[170,199],[178,443],[285,339],[223,397],[365,339],[160,362],[428,304],[160,420],[240,654],[268,281],[187,432],[151,280],[169,397],[214,514],[-142,690],[-89,490],[365,502],[481,211],[160,420],[258,187],[339,362],[178,292],[445,175],[205,514],[294,304],[339,93],[302,292],[107,608],[205,444],[232,257],[285,362],[125,490],[151,619],[36,596],[454,397],[223,35],[498,12],[178,409],[357,549],[98,397],[329,280],[161,304],[142,397],[-133,444],[240,677],[401,117],[303,351],[151,642],[134,421],[-36,455],[-71,339],[-98,619],[267,409],[258,304],[134,432],[321,268]]],"bbox":[98.984,14.94214,100.10669,15.79826],"transform":{"scale":[0.0000011226911226911285,8.561208561208569e-7],"translate":[98.984,14.94214]}}