{"type":"Topology","objects":{"districts":{"type":"GeometryCollection","geometries":[{"type":"Polygon","arcs":[[0,1,2,3,4,5]],"properties":{"CODE":"6301","PARENT":"63","NAME_TH":"เมืองตาก","NAME_EN":"Mueang Tak","NAME_CN":"Mueang Tak","COLOR_IDX":0}},{"type":"Polygon","arcs":[[-5,6,7,8]],"properties":{"CODE":"6302","PARENT":"63","NAME_TH":"บ้านตาก","NAME_EN":"Ban Tak","NAME_CN":"Ban Tak","COLOR_IDX":2}},{"type":"Polygon","arcs":[[-8,9,10]],"properties":{"CODE":"6303","PARENT":"63","NAME_TH":"สามเงา","NAME_EN":"Sam Ngao","NAME_CN":"Sam Ngao","COLOR_IDX":0}},{"type":"Polygon","arcs":[[-7,-4,11,12,13,14,-10]],"properties":{"CODE":"6304","PARENT":"63","NAME_TH":"แม่ระมาด","NAME_EN":"Mae Ramat","NAME_CN":"Mae Ramat","COLOR_IDX":1}},{"type":"Polygon","arcs":[[-14,15]],"properties":{"CODE":"6305","PARENT":"63","NAME_TH":"ท่าสองยาง","NAME_EN":"Tha Song Yang","NAME_CN":"Tha Song Yang","COLOR_IDX":2}},{"type":"Polygon","arcs":[[-3,16,17,-12]],"properties":{"CODE":"6306","PARENT":"63","NAME_TH":"แม่สอด","NAME_EN":"Mae Sot","NAME_CN":"Mae Sot","COLOR_IDX":3}},{"type":"Polygon","arcs":[[18,19,20,21,-17,-2]],"properties":{"CODE":"6307","PARENT":"63","NAME_TH":"พบพระ","NAME_EN":"Phop Phra","NAME_CN":"Phop Phra","COLOR_IDX":2}},{"type":"Polygon","arcs":[[22,-21]],"properties":{"CODE":"6308","PARENT":"63","NAME_TH":"อุ้มผาง","NAME_EN":"Umphang","NAME_CN":"Umphang","COLOR_IDX":1}},{"type":"Polygon","arcs":[[23,-19,-1]],"properties":{"CODE":"6309","PARENT":"63","NAME_TH":"วังเจ้า","NAME_EN":"Wang Chao","NAME_CN":"Wang Chao","COLOR_IDX":3}}]}},"arcs":[[[891889,559809],[-688,260],[-502,309],[-297,282],[-367,425],[-315,535],[-105,179],[-193,480],[-134,621],[-163,1711],[-222,681],[-111,235],[-443,565],[-735,759],[-1511,1053],[-2252,1276],[-6719,3969],[-933,551],[-438,205],[-1534,666],[-2800,755],[-391,108],[-927,338],[-1196,491],[-1009,436],[-840,502],[-787,614],[-671,617],[-928,1034],[-828,785],[-875,737],[-496,517],[-321,588],[-320,677],[-397,558],[-228,227],[-874,685],[-852,506],[-93,48],[-2153,1109],[-1423,710],[-2526,1325],[-5150,3597],[-3944,3214],[-2665,2627],[-963,658],[-3027,1459],[-2012,788],[-1622,640],[-5133,1957],[-1435,380],[-472,-689],[-245,-70],[-205,-49],[-291,67],[-193,-22],[-321,19],[-250,-53],[-368,-14],[-303,29],[-315,0],[-175,-59],[-257,-67],[-134,-78],[-157,-134],[-193,-97],[-111,-100],[18,-257],[-216,-123],[-280,-48],[-175,11],[-239,-71],[-12,-130],[-257,-52],[-192,-78],[-204,-138],[-251,-134],[-117,-156],[29,-100],[-122,-138],[-257,-45],[-181,-22],[-99,-138],[-239,-178],[-52,-138],[-134,-141],[17,-130],[47,-127],[134,-119],[-105,-171],[-315,-60],[-198,4],[-257,-149],[6,-193],[105,-127],[0,-137],[-286,-97],[-99,-119],[-41,-156],[198,-172],[199,30],[285,-100],[41,-112],[70,-182],[76,-108],[-64,-149],[-64,-149],[175,-141],[81,-112],[76,-152],[94,-115],[35,-116],[-41,-149],[-257,-78],[-169,-100],[-105,-253],[-152,-275],[-326,33],[-199,104],[-146,134],[-180,30],[-280,-60],[5,-171],[-169,-134],[-105,-141],[-70,-153],[88,-208],[122,-197],[-146,-115],[35,-119],[105,-134],[-81,-119],[-222,-134],[-12,-131],[111,-141],[187,-108],[-12,-216],[-134,-182],[-35,-74],[23,-168],[59,-100],[134,-160],[105,-112],[47,-216],[-88,-137],[-99,-82],[-198,-134],[-152,-37],[-210,-108],[0,-212],[227,-119],[152,-82],[123,-97],[122,-167],[35,-123],[-23,-205],[128,-93],[187,-78],[58,-145],[-64,-93],[-123,-167],[-29,-275],[-105,-105],[-198,-119],[-53,-178],[-58,-123],[-12,-212],[-122,-82],[-251,-52],[-204,-127],[-105,-215],[-175,-157],[-29,-226],[140,-160],[111,-127],[11,-141],[-105,-90],[-245,-26],[-355,-7],[-152,-134],[23,-171],[-128,-119],[-158,-41],[-227,-63],[-105,-82],[-111,-112],[-111,-82],[-262,-70],[-204,44],[-164,-149],[-35,-156],[-280,-85],[-181,-34],[-227,-149],[-140,-145],[-82,-126],[-111,-194],[-192,-439],[-58,-234],[-117,-179],[-99,-111],[-210,-164],[-228,-145],[-186,-67],[-444,-130],[-507,-134],[-140,-37],[-268,-26],[-199,-8],[-262,19],[-1534,253],[-344,48],[-216,45],[-257,115],[-58,112],[-88,152],[-303,71],[-502,138],[-29,14],[29,134],[-52,209],[-146,186],[-181,182],[-111,56],[-274,242],[-221,163],[-146,105],[-239,-8],[-158,26],[-187,78],[-163,49],[-157,104],[-193,253],[-47,201],[65,308],[-170,19],[-291,-15],[-315,-18],[-222,-8],[-257,-104],[-105,-74],[-285,104],[-111,111],[-239,78],[-199,38],[-326,89],[-234,45],[-361,-34],[-193,-93],[-216,-45],[-268,0],[-350,34],[-187,104],[-204,97],[-169,74],[-245,183],[-76,119],[-87,215],[-29,186],[-6,108],[17,164],[99,231],[30,167],[-158,71],[-210,-104],[-198,-56],[-233,-67],[-146,-30],[-257,-71],[-227,-122],[-140,-105],[-170,-55],[-186,-38],[-274,60],[-251,149],[-274,361],[-152,67],[-222,-23],[-116,-74],[-578,-540],[-297,-260],[-169,-100],[-321,-60],[-479,-41],[-863,-78],[-332,-82],[-245,-97],[-998,-535],[-356,-108],[-145,-8],[-234,0],[-251,-18],[-134,-71],[-151,-156],[-47,-197],[87,-536],[100,-249],[87,-145],[729,-562],[105,-153],[-6,-89],[-145,-138],[-175,-63],[-240,-48],[-215,-86],[-140,-115],[-345,-339],[-116,-93],[-280,-115],[-263,-60],[-431,-41],[-951,12],[-922,44],[-641,108],[-298,11],[-181,-18],[-233,33],[-163,78],[-222,52],[-146,-115],[-151,-201],[-251,8],[-432,81],[-297,49],[-846,137],[-286,90],[-181,-52],[-47,-142],[-11,-111],[-6,-157],[-12,-111],[0,-142],[-6,-104],[-75,-163],[-100,-101],[-140,-85],[-227,-108],[-327,-101],[-227,-7],[-152,-26],[-245,-34],[-146,-145],[-17,-141],[169,-186],[29,-171],[0,-119],[24,-205],[23,-156],[-210,-186],[-216,-104],[-321,-105],[-198,-37],[-268,-7],[-286,0],[-292,-11],[-356,-30],[-198,-26],[-216,-63],[-175,-71],[-227,-104],[-199,-127],[-128,-96],[-181,-134],[-128,-86],[-140,-86],[-204,-81],[-152,-34],[-297,19],[-210,-86],[-12,-193],[-47,-164],[-41,-104],[-40,-179],[-59,-156],[-87,-156],[-123,-186],[-192,-138],[-140,-193],[-94,-283],[-58,-104],[-239,-75],[-152,-175],[-5,-141],[0,-212],[-140,-149],[-152,-67],[-251,-56],[-157,-22],[-304,-52],[-309,-78],[-274,-56],[-251,-152],[18,-186],[35,-142],[-6,-100],[-88,-175],[-99,-205],[-64,-104],[-163,-104],[-251,37],[-152,41],[-502,108],[-70,15],[-379,30],[-262,7],[-432,-11],[-356,-60],[-233,-119],[-245,-70],[-268,-15],[-239,3],[-146,0],[-234,12],[-285,22],[-257,-11],[-309,-26],[-274,-41],[-234,-41],[-332,-74],[-712,-64],[-256,-7],[-601,-19],[-1033,-48],[-373,-41],[-204,-45],[-286,-115],[-338,-175],[-455,-324],[-35,-14],[-385,-183],[-309,-29],[-199,14],[-198,12],[-332,7],[-245,15],[-210,4],[-269,-64],[-140,-52],[-268,-141],[-105,-74],[-158,-146],[-122,-156],[-111,-249],[-163,-283],[76,-219],[163,-86],[175,-63],[157,-182],[18,-164],[-47,-428],[-111,-205],[-210,-167],[-40,-30],[-228,-163],[-706,-384],[-525,-212],[-606,-290],[-35,-22],[-315,-142],[-823,-386],[-291,-153],[-35,-22],[-269,-164],[-134,-167],[-99,-231],[-70,-383],[-76,-279],[-222,-186],[-414,-164],[-163,-67],[-1277,-409],[-1138,-525],[-747,-361],[-361,-238],[-187,-227],[-233,-439],[-163,-193],[-164,-119],[-146,-89],[-210,-56],[-396,-52],[-566,-49],[-426,0],[-292,30],[-734,205],[-630,145],[-560,82],[-718,67],[-455,67],[-163,52],[-904,513],[-502,182],[-367,45],[-345,-34],[-245,-89],[-215,-137],[-240,-168],[-262,-216],[-216,-74],[-303,-67],[-128,-7],[-1354,-149],[-916,-101],[-880,-82],[-479,-48],[-268,-59],[-239,-86],[-158,-119],[-233,-231],[-157,-212],[-100,-137],[-250,-205],[-222,-78],[-368,-30],[-694,-30],[-647,-59],[-321,0],[-251,0],[-396,11],[-934,59],[-816,-29],[-829,-123],[-297,-104],[-134,-45],[-274,-238],[-47,-108],[12,-242],[93,-100],[665,-487],[274,-205],[93,-130],[24,-186],[70,-123],[181,-138],[198,-108],[612,-264],[129,-100],[134,-153],[175,-279],[186,-230],[146,-134],[76,-67],[198,-123],[940,-290],[1399,-313],[829,-208],[111,-56],[198,-100],[192,-145],[152,-265],[70,-152],[-17,-223],[-41,-197],[-105,-283],[-455,-848],[-298,-473],[-116,-249],[-152,-298],[-99,-193],[-82,-272],[-58,-346],[70,-357],[70,-130],[192,-212],[257,-183],[449,-368],[974,-763],[222,-212],[694,-732],[385,-570],[216,-152],[391,-130],[834,-160],[81,-15],[432,-34],[566,34],[356,44],[274,-7],[268,-37],[152,-45],[175,-93],[344,-290],[752,-625],[193,-182],[175,-246],[111,-242],[99,-335],[0,-85],[-88,-283],[-58,-63],[-222,-112],[-344,-89],[-146,-37],[-1335,-190],[-1657,-175],[-181,-22],[-466,-45],[-275,-59],[-227,-93],[-123,-108],[-128,-171],[-64,-112],[-29,-201],[-129,-219],[-221,-134],[-333,-11],[-157,-157],[-29,-145],[-65,-126],[-104,-97],[-41,-153],[46,-212],[41,-148],[41,-116],[122,-108],[140,-89],[193,-100],[122,-127],[65,-130],[17,-123],[-35,-119],[6,-164],[-18,-148],[-105,-86],[-157,-205],[-286,-137],[-99,-142],[239,-171],[193,-137],[17,-149],[-76,-231],[-58,-163],[-12,-116],[82,-149],[0,-148],[-76,-134],[-105,-145],[175,-201],[292,29],[163,-89],[23,-167],[105,-127],[65,-134],[134,-152],[163,-86],[181,-44],[257,-86],[116,-197],[175,-138],[164,-178],[122,-190],[-12,-216],[18,-145],[-47,-167],[-23,-231],[-41,-216],[-35,-108],[-23,-130],[76,-145],[198,-130],[163,-71],[904,-368],[175,-52],[362,-82],[216,-41],[641,-82],[689,-93],[315,-74],[256,-75],[94,-26],[251,-108],[198,-96],[350,-212],[507,-361],[274,-183],[374,-323],[116,-131],[175,-252],[205,-399],[192,-546],[134,-250],[175,-204],[333,-224],[420,-230],[233,-134],[525,-220],[163,-41],[572,-145],[-811,-63],[-332,-18],[-455,22],[-374,111],[-396,183],[-339,96],[-157,-7],[-245,-104],[-251,-108],[-297,-22],[-280,33],[-193,-11],[-239,-93],[-216,-115],[-367,-320],[-152,-64],[-461,-89],[-204,-82],[-187,-152],[-250,-156],[-88,-34],[-659,-245],[-274,-75],[-105,-89],[87,-190],[88,-201],[-6,-52],[-12,-186],[-116,-171],[-199,-175],[-52,-97],[-88,-145],[-99,-156],[-210,-461],[-41,-235],[-17,-141],[-24,-164],[-227,-111],[-251,-168],[76,-137],[158,-97],[262,-149],[245,-52],[87,-160],[76,-182],[134,-75],[152,-108],[187,-141],[198,-33],[70,-183],[175,-186],[216,-167],[198,-123],[169,-115],[158,-183],[35,-119],[64,-134],[99,-104],[94,-260],[239,-127],[326,-18],[228,-153],[192,-145],[-41,-190],[70,-126],[222,-56],[420,-130],[344,-100],[199,-116],[157,-178],[210,-105],[298,-189],[198,-183],[52,-81],[175,-279],[41,-220],[-23,-353],[-23,-123],[-70,-108],[0,-193],[151,-205],[169,-164],[111,-115],[251,-89],[64,-142],[29,-197],[65,-108],[192,-74],[175,-26],[327,-26],[303,-23],[286,-52],[169,-56],[198,-70],[222,-134],[-6,-231],[41,-145],[82,-115],[11,-175],[117,-123],[134,-119],[187,-152],[64,-123],[-82,-168],[-286,-100],[-210,26],[-239,52],[-210,0],[-204,-126],[-99,-67],[-251,-34],[-198,-26],[-251,-74],[-181,-97],[-192,-123],[-309,-156],[-245,-134],[-263,-134],[-315,-108],[-204,-82],[-99,-74],[-76,-141],[-12,-142],[12,-123],[-29,-394],[-76,-138],[-239,-130],[-309,-119],[-298,-111],[-204,-108],[-158,-119],[-151,-149],[-88,-175],[-70,-246],[-76,-241],[-145,-134],[-111,-60],[-233,-52],[-170,-7],[-361,-8],[-309,-78],[-216,-86],[-304,-81],[-332,-41],[-222,18],[-741,71],[-355,-41],[-374,-104],[-256,-60],[-344,-74],[-234,4],[-233,11],[-368,33],[-326,-3],[-204,-75],[-356,15],[-554,194],[-99,33],[-345,60],[-326,22],[-269,-22],[-245,-75],[-309,-104],[-221,-45],[-234,4],[-350,0],[-227,-22],[-181,-56],[-181,-104],[-181,-205],[-344,-186],[-169,-93],[-128,-93],[-280,-41],[-292,186],[-268,145],[-193,101],[-175,67],[-157,44],[-210,49],[-292,41],[-426,-12],[-297,-81],[-99,-101],[-164,-89],[-186,-22],[-239,81],[-199,-37],[-245,93],[-111,101],[-116,126],[-117,108],[-128,101],[-146,89],[-251,111],[-187,64],[-221,48],[-251,37],[-566,26],[-222,-3],[-151,-15],[-280,-41],[-379,-71],[-496,-48],[-344,-30],[-175,-19],[-251,-119],[-123,-134],[-303,-361],[-227,-219],[-152,-201],[-117,-205],[-157,-174],[-234,-142],[-52,-74],[-12,-197],[-70,-127],[-128,-115],[-146,-112],[-291,-96],[-350,-53],[-304,-81],[-198,-134],[-134,-142],[-187,-130],[-274,-67],[-280,-74],[-181,-171],[-12,-186],[70,-250],[111,-256],[41,-227],[-29,-105],[-152,-104],[-163,-67],[-251,-145],[-181,-156],[-285,-231],[-222,-111],[-198,-67],[-251,-93],[-199,-119],[-215,-149],[-263,-246],[-327,-346],[-128,-85],[-257,15],[-180,85],[-280,157],[-170,104],[-116,82],[-210,133],[-251,97],[-286,49],[-204,14],[-222,-40],[-198,-67],[-146,-60],[-309,-74],[-315,-8],[-315,60],[-181,52],[-437,115],[-339,82],[-338,33],[-181,-14],[-233,-23],[-222,-15],[-274,-33],[-303,-26],[-210,52],[-222,164],[-315,70],[-233,0],[-239,-29]],[[715236,514403],[-210,115],[-537,11],[-268,37],[-152,101],[-111,167],[-52,127],[-158,238],[-70,96],[-29,146],[53,100],[361,245],[129,101],[145,164],[-174,201],[-327,-19],[-47,186],[164,86],[256,133],[222,15],[111,123],[0,134],[-100,193],[-163,160],[-233,123],[-228,-56],[-145,-18],[-362,74],[-303,41],[-298,104],[-29,153],[204,178],[82,175],[-24,175],[-52,93],[-263,71],[-215,33],[-216,49],[-134,52],[-228,22],[-192,-179],[-6,-122],[-187,-168],[-257,-89],[-390,-100],[-187,-23],[-210,63],[-99,116],[-204,216],[-356,-8],[-41,-186],[29,-234],[-157,-119],[-339,33],[-233,223],[-315,79],[-239,-67],[-204,96],[-12,175],[18,142],[70,167],[64,59],[175,127],[151,86],[-11,137],[-257,108],[-245,115],[-251,157],[-157,163],[-12,153],[268,134],[164,52],[70,138],[-24,111],[-99,149],[-210,175],[-134,126],[76,205],[274,253],[140,85],[274,-37],[204,19],[601,253],[-76,182],[-320,86],[-695,22],[-186,104],[-64,108],[52,175],[175,141],[53,369],[-30,107],[-437,454],[-216,0],[-140,-134],[-268,-29],[-362,85],[-64,205],[251,82],[280,74],[87,145],[-122,257],[-140,160],[-187,123],[-175,11],[-186,-142],[-135,-134],[-169,-55],[-227,182],[134,108],[128,141],[88,75],[268,89],[181,59],[152,71],[64,179],[-12,141],[-286,141],[-163,179],[99,186],[-233,71],[-216,33],[-321,-33],[-152,-64],[-116,-171],[-53,-100],[-198,-156],[-303,48],[-82,167],[-23,112],[-140,153],[-135,93],[-17,160],[-18,115],[205,126],[180,-18],[240,3],[75,231],[-64,212],[-35,108],[-140,227],[-111,156],[-99,190],[-128,257],[-18,156],[129,190],[181,137],[192,134],[-58,138],[23,178],[233,142],[164,97],[268,122],[175,86],[163,59],[251,34],[158,0],[280,-11],[256,0],[234,-23],[204,-44],[181,4],[11,215],[-181,60],[-291,134],[122,167],[187,89],[198,138],[-111,156],[-332,41],[-204,86],[-134,85],[-269,75],[-408,33],[-198,93],[-99,119],[-146,194],[-146,123],[-169,85],[-158,182],[-41,138],[-186,197],[-234,116],[-140,119],[-81,174],[-29,157],[-193,189],[-222,19],[-157,-56],[-152,-212],[-110,-130],[-304,-15],[-58,156],[29,108],[93,183],[170,93],[210,78],[268,63],[11,145],[-309,26],[-344,19],[-221,26],[-245,7],[-310,-30],[-245,-44],[-320,-63],[-275,-45],[-210,-52],[-140,-30],[-245,-19],[-262,26],[93,220],[222,89],[163,127],[99,96],[135,131],[-41,134],[-76,130],[-70,119],[-111,141],[-152,149],[-35,205],[59,126],[186,171],[70,127],[181,178],[59,201],[-47,183],[-105,171],[-18,156],[0,167],[-221,157],[6,156],[210,167],[245,97],[291,108],[269,82],[35,-235],[-18,-108],[146,-156],[134,-74],[298,-78],[215,-23],[228,15],[169,145],[18,119],[-41,134],[-29,112],[-18,126],[41,205],[76,115],[146,90],[233,63],[350,-67],[134,-134],[309,-71],[175,82],[140,201],[-17,97],[-140,163],[-135,86],[-169,145],[111,212],[181,45],[391,0],[280,41],[163,52],[-6,190],[-245,107],[-420,209],[-192,123],[-187,148],[123,212],[309,93],[169,52],[169,60],[193,97],[110,78],[420,309],[111,74],[134,145],[-145,190],[-245,30],[-315,-56],[-105,-19],[-298,-78],[-245,-67],[-309,-82],[-303,-56],[-275,-33],[-244,171],[472,48],[309,90],[210,141],[-122,212],[-228,-15],[-157,23],[-146,122],[111,119],[326,120],[344,130],[228,96],[128,198],[-262,44],[-169,-37],[-222,-30],[-187,-3],[-256,107],[-100,134],[-46,93],[-88,168],[-87,119],[-140,145],[-321,112],[-239,-30],[-175,-60],[-298,-111],[-250,-38],[-205,27],[-186,85],[-94,97],[-81,137],[-59,198],[129,189],[192,67],[193,30],[175,63],[169,101],[117,97],[23,189],[-140,71],[-274,71],[-204,41],[-432,37],[-193,0],[-315,-45],[-215,-115],[-280,-257],[-298,-283],[-286,-37],[-105,78],[-291,231],[-286,112],[-280,-38],[-146,-82],[-210,-115],[-268,-52],[-286,0],[-391,26],[-356,75],[-280,78],[76,189],[286,71],[93,201],[-169,78],[-175,63],[-221,38],[-245,-12],[-280,-70],[-210,-82],[-228,-41],[-233,130],[0,164],[58,130],[163,167],[205,45],[245,-45],[204,119],[-6,93],[-257,97],[-221,-7],[-228,104],[-227,149],[-234,141],[-134,63],[-216,30],[-268,-71],[-379,-133],[-315,-90],[-245,8]],[[694622,543488],[-303,104],[-356,41],[-169,11],[-251,156],[70,175],[128,186],[88,130],[23,123],[-105,171],[-93,130],[-146,97],[-152,63],[-227,127],[-286,123],[-175,44],[-257,134],[-99,97],[-169,89],[-315,108],[1336,212],[350,104],[355,37],[345,-44],[204,-75],[740,-215],[665,-145],[525,-12],[765,90],[431,134],[776,368],[507,324],[380,286],[583,234],[1324,343],[1301,439],[1219,684],[1452,752],[2054,1588],[2181,1243],[70,130],[-76,134],[-93,78],[-286,123],[-262,78],[-205,93],[-116,197],[41,209],[157,197],[420,223],[29,15],[1149,457],[100,38],[653,182],[968,253],[583,208],[490,212],[420,223],[158,186],[93,239],[-41,156],[-268,186],[-647,260],[-549,93],[-344,-18],[-484,-190],[-688,-376],[-158,-41],[-291,-7],[-298,111],[-222,146],[-519,312],[-834,420],[-373,183],[-543,364],[-443,331],[-268,346],[-344,439],[-158,198],[-169,141],[-274,89],[-683,149],[-449,201],[-175,219],[-356,1068],[-29,257],[105,532],[187,305],[280,476],[373,629],[449,353],[619,294],[46,22],[1021,294],[1137,305],[111,86],[59,153],[-35,230],[-339,313],[-525,238],[-1102,275],[-1581,335],[-2625,353],[-1516,324],[-665,257],[-1709,874],[-648,379],[-251,231],[-75,153],[-47,401],[187,343],[169,208],[280,268],[665,420],[1020,439],[1010,257],[1178,231],[1411,208],[1861,331],[776,260],[432,324],[478,510],[93,204],[158,488],[0,342],[-47,625],[0,4],[-216,264],[-280,164],[-437,141],[-776,212],[-753,167],[-536,131],[-368,130],[-326,130],[-228,149],[-163,156],[-158,168],[-64,52],[-233,167],[-175,130],[-280,138],[-443,100],[-770,127],[-216,48],[-216,90],[-210,186],[-87,163],[-70,209],[-269,758],[-46,138],[-502,1492],[-58,112],[-455,372],[-496,320],[-257,93],[-478,115],[-204,93],[-356,257],[-175,271],[-338,644],[-170,186],[-210,93],[-180,52],[-590,175],[-23,7],[-665,127],[-484,59],[-210,71],[-280,149],[-233,271],[-315,290],[-292,190],[-70,26],[-356,134],[-1400,432],[-799,312],[-997,454],[-1091,525],[-280,201],[-169,163],[-245,156],[-461,138],[-974,305],[-198,153],[-129,178],[-11,171],[52,119],[117,112],[239,101],[210,3],[513,-26],[712,-67],[659,19],[204,63],[233,112],[193,204],[367,555],[450,896],[23,153],[187,457],[17,235],[-58,260],[-134,264],[-210,365],[-146,260],[-99,123],[-315,246],[-117,111],[-193,190],[-151,82],[-333,145],[-344,164],[-303,141],[-350,197],[-64,67],[-146,197],[-403,543],[-268,577],[-210,688],[-111,153],[-204,223],[-76,149],[-17,160],[52,171],[187,331],[6,8],[128,420],[23,186],[-40,186],[-88,223],[-169,160],[-403,268],[-198,201],[-257,164],[-157,70],[-332,123],[-175,208],[-59,164],[-116,220],[-257,126],[-228,15],[-326,0],[-764,26],[-158,74],[-222,272],[-122,242],[-53,163],[0,160],[35,127],[18,138],[17,174],[-169,175],[-181,37],[-513,-115],[-186,-11],[-345,-26],[-204,45],[-186,122],[-374,663],[-134,119],[-140,74],[-251,45],[-198,-4],[-280,-48],[-368,-168],[-128,-74],[-461,-279],[-163,-75],[-321,-67],[-1061,-108],[-1622,-174],[-560,0],[-397,18],[-548,56],[-268,67],[-554,112],[-263,107],[-122,134],[-152,108],[-93,104],[-47,168],[-123,126],[-128,64],[-186,78],[-146,41],[-298,52],[-169,78],[-239,175],[-233,96],[-152,138],[-117,179],[-128,119],[-198,141],[-240,104],[-245,45],[-128,41],[-122,149],[-12,126],[-35,261],[175,197],[58,126],[-99,149],[-274,60],[-274,96],[-76,134],[-152,183],[-111,63],[-110,152],[-94,75],[-204,78],[-286,-11],[-233,-171],[-286,-45],[-146,-78],[-134,-119],[-140,-64],[-192,-55],[-216,-30],[-315,0],[-210,56],[-239,67],[-152,89],[-216,89],[-320,49],[-129,122],[-93,160],[35,157],[93,174],[129,257],[35,86],[52,171],[152,160],[75,123],[111,212],[24,163],[-164,142],[-303,63],[-175,59],[-198,123],[-82,171],[-47,198],[-239,37],[-297,44],[-309,45],[-228,56],[-128,190],[-239,104],[-257,22],[-163,182],[-94,168],[-350,152],[-157,86],[-665,364],[-181,142],[-245,234],[-58,60],[-134,238],[-82,193],[-53,138],[-99,205],[-140,178],[-175,145],[-706,339],[-11,3],[-309,116],[-292,93],[-105,44],[-402,172],[-304,134],[-116,197],[221,543],[175,245],[123,142],[198,156],[315,193],[181,82],[770,86],[192,63],[234,145],[175,142],[46,115],[6,223],[-47,216],[-110,305],[-53,167],[-262,157],[-228,93],[-507,134],[-269,63],[-274,119],[-222,190],[-58,156],[0,145],[35,234],[0,138],[29,160],[-23,152],[-134,201],[-443,454],[-216,246],[-269,301],[-210,153],[-221,126],[-222,93],[-262,63],[-245,56],[-193,-7],[-262,-56],[-473,-141],[-245,-71],[-157,-19],[-333,-11],[-350,48],[-455,146],[-210,74],[-186,78],[-100,119],[-11,112],[-24,160],[-186,163],[-286,138],[-29,11],[-1039,473],[-384,282],[-105,86],[-298,67],[-204,-11],[-321,-19],[-327,-56],[-420,-107],[-215,-101],[-111,-85],[-210,-82],[-251,-108],[-239,-15],[-239,26],[-228,41],[-169,45],[-292,59],[-157,74],[-53,127],[6,327],[117,506],[-23,160],[-59,138],[-140,108],[-163,59],[-257,78],[-291,30],[-245,8],[-199,-45],[-163,-56],[-286,-126],[-169,-75],[-263,-33],[-291,18],[-233,67],[-158,38],[-257,70],[-180,34],[-205,-4],[-180,-41],[-345,-33],[-105,134],[-17,163],[-134,130],[-630,186],[-146,179],[-18,372],[-128,93],[-169,89],[-233,179],[-444,588],[-239,149],[-163,59],[-169,156],[35,134],[140,209],[52,111],[-41,190],[-198,275],[-99,331],[-175,231],[-274,145],[-187,0],[-227,-11],[-193,0],[-274,89],[-181,23],[-198,-8],[-199,-30],[-425,-96],[-210,-12],[-263,64],[-151,134],[-47,100],[-41,264],[-257,160],[-186,67],[-169,138],[0,108],[93,163],[76,216],[6,119],[-135,216],[-157,171],[-303,272],[-426,327],[-117,104],[-99,145],[-70,149],[-105,97],[-706,290],[-437,138],[-140,93],[-181,141],[-158,301],[-128,384],[-41,271],[18,194],[17,234],[-23,264],[-35,168],[-204,312],[-181,290],[-123,130],[-151,112],[-123,48],[-163,149],[12,101],[35,145],[75,126],[170,93],[198,49],[268,67],[175,93],[333,201],[268,66],[426,12],[321,-23],[385,0],[396,45],[304,22],[787,4],[292,22],[251,78],[285,127],[309,316],[508,789],[332,614],[135,152],[134,97],[204,86],[373,100],[654,104],[198,34],[379,81],[187,53],[140,107],[180,194],[47,141],[35,116],[0,134],[0,137],[-111,171],[-145,97],[-234,112],[-58,70],[-12,168],[35,96],[140,179],[338,231],[333,111],[286,82],[461,67],[180,93],[59,160],[268,789],[-12,286],[-70,168],[-530,413],[-117,104],[-181,123],[-280,152],[-157,86],[-1354,517],[-40,18],[-321,175],[-269,313],[-105,160],[-93,204],[-117,138],[-215,112],[-193,41],[-175,89],[-157,327],[-35,175],[-135,294],[-128,160],[-513,361],[-187,204],[-175,372],[-157,536],[-193,997],[29,164],[88,108],[169,93],[1674,707],[251,85]],[[639243,644333],[1843,-956],[321,-85],[198,-19],[245,-19],[315,11],[239,-22],[280,-48],[817,-104],[338,-75],[228,-63],[128,-15],[257,8],[291,-53],[175,-67],[304,-152],[198,-123],[228,-156],[64,-82],[64,-160],[-12,-138],[-46,-279],[52,-130],[222,-97],[151,-11],[473,41],[402,-7],[269,71],[221,100],[94,41],[239,74],[291,52],[263,19],[192,-7],[275,-38],[280,-63],[350,4],[145,48],[170,86],[180,52],[216,-4],[263,-11],[251,11],[256,104],[321,551],[163,164],[222,96],[210,41],[321,-4],[181,-44],[507,-108],[350,-93],[228,-60],[233,175],[58,86],[152,130],[181,41],[274,7],[280,41],[163,142],[268,152],[187,11],[426,23],[344,0],[134,-8],[368,-22],[326,-4],[193,19],[1400,249],[624,130],[216,60],[256,93],[88,22],[274,37],[286,8],[297,-75],[310,-201],[186,-193],[163,-156],[210,-89],[310,-41],[338,0],[315,-4],[245,30],[344,93],[356,93],[245,44],[332,-15],[216,-26],[181,19],[198,71],[175,52],[339,3],[361,-40],[210,-15],[204,55],[164,108],[169,52],[192,23],[222,0],[368,-34],[145,-15],[327,-74],[268,-86],[484,-85],[269,4],[227,11],[239,56],[310,137],[221,45],[222,-89],[0,-279],[93,-127],[164,-56],[309,8],[122,22],[251,89],[228,97],[116,33],[321,56],[93,11],[496,64],[403,89],[828,130],[233,56],[146,67],[117,145],[-134,171],[-228,123],[-227,78],[-123,186],[-76,101],[-151,111],[-275,56],[-198,30],[-292,134],[-297,167],[-193,71],[-326,-26],[-187,74],[-29,153],[-128,130],[-152,104],[-64,97],[29,201],[41,223],[-105,123],[-187,204],[-64,156],[-52,86],[-170,115],[-274,49],[-192,26],[-228,126],[-105,220],[53,134],[105,89],[192,56],[169,74],[170,112],[105,216],[70,134],[128,204],[23,275],[18,313],[-99,119],[-292,33],[-216,-3],[-332,-15],[-263,4],[-175,14],[-187,34],[-198,19],[-210,22],[-344,41],[-134,11],[-280,33],[-414,64],[-152,15],[-367,3],[-292,0],[-309,34],[-251,26],[-298,4],[-221,22],[-368,15],[-251,0],[-221,182],[41,119],[245,149],[198,30],[169,15],[216,74],[111,93],[227,216],[-17,201],[-204,174],[-205,149],[-134,71],[-233,63],[-280,60],[-251,67],[-169,122],[88,131],[204,100],[163,63],[157,97],[65,101],[-35,152],[-216,149],[-233,156],[-76,97],[-53,472],[-134,127],[-350,7],[-169,-30],[-513,-89],[-222,-48],[-210,119],[-70,134],[-222,178],[-151,71],[-199,34],[-309,-26],[-239,-15],[-140,-64],[-204,-104],[-146,-37],[-227,134],[5,86],[59,156],[35,253],[87,149],[24,219],[64,190],[116,108],[164,134],[303,260],[362,249],[87,49],[263,100],[332,115],[1190,685],[636,365],[402,148],[403,157],[210,59],[239,37],[332,15],[455,75],[240,22],[834,164],[816,312],[292,197],[169,183],[181,338],[29,119],[140,614],[222,562],[239,353],[356,436],[204,152],[152,115],[210,105],[221,89],[572,178],[595,168],[881,283],[554,145],[676,126],[310,41],[227,-11],[356,-52],[52,-15],[374,-93],[670,-238],[286,-71],[152,-48],[268,-19],[210,26],[134,63],[111,160],[164,339],[285,521],[175,532],[554,986],[514,893],[274,226],[402,224],[263,145],[163,70],[204,127],[94,89],[11,145],[-35,119],[-40,145],[-123,216],[18,164],[250,115],[286,56],[187,60],[321,145],[122,52],[292,271],[490,499],[513,632]],[[682419,667938],[858,-193],[513,-89],[583,-82],[793,-101],[140,-11],[415,-22],[320,7],[560,41],[910,123],[304,33],[256,12],[455,-38],[164,-33],[285,-67],[304,-115],[233,-119],[152,-90],[2205,-1361],[75,-78],[100,-186],[23,-64],[87,-733],[24,-212],[-29,-134],[-129,-141],[-134,-89],[-262,-157],[-520,-223],[-151,-130],[35,-197],[122,-190],[6,-175],[-169,-260],[-122,-201],[-70,-123],[17,-119],[857,-751],[315,-212],[257,-131],[344,-81],[210,-49],[199,-89],[227,-149],[210,-286],[93,-380],[30,-379],[105,-242],[186,-264],[204,-179],[199,-223],[105,-409],[-47,-942],[64,-379],[29,-126],[76,-291],[228,-446],[163,-201],[198,-149],[286,-130],[362,-130],[688,-123],[257,-93],[81,-71],[105,-156],[269,-751],[0,-473],[-146,-231],[-292,-223],[-1143,-487],[6,-130],[245,-71],[385,-138],[64,-26],[729,-379],[613,-275],[921,-291],[443,-100],[1074,-175],[1050,-368],[338,-201],[507,-231],[473,-212],[548,-190],[677,-186],[916,-160],[332,-59],[1178,-298],[339,-70],[828,-257],[542,-264],[490,-302],[374,-320],[385,-197],[711,-253],[852,-156],[2905,-394],[420,-49],[1184,-126],[1155,-134],[490,-123],[169,-41],[758,-264],[251,-56],[373,-44],[385,-49],[345,-63],[169,-41],[163,-78],[111,-127],[82,-409],[110,-245],[193,-168],[146,-82],[449,-163],[1586,-529],[350,-7],[210,19],[280,52],[199,100],[542,313],[333,201],[99,29],[257,52],[367,19],[1382,-37],[409,323],[338,261],[274,164],[397,186],[152,41],[1166,85],[1202,238],[210,11],[274,82],[676,465],[2159,1306],[601,368],[221,160],[29,149],[105,220],[304,119],[256,104],[298,324],[216,163],[169,86],[933,335],[140,81],[187,235],[157,152],[414,320],[65,38],[338,119],[221,107],[677,384],[502,442],[303,205],[525,275],[368,127],[647,141],[665,104],[531,64],[711,126],[531,134],[362,152],[601,201],[443,90],[309,82],[368,89],[484,197],[332,179],[6,3],[788,741],[297,327],[53,138],[87,338],[-82,618],[105,353],[99,294],[70,461],[12,212],[64,175],[105,112],[199,119],[280,119],[256,71],[257,11],[251,-4],[186,11],[251,-122],[315,-27],[181,194],[117,93],[233,41],[175,-15],[228,4],[314,41],[280,52],[228,74],[216,216],[262,134],[484,100],[444,86],[221,33],[234,15],[151,-26],[286,-67],[210,-15],[292,-3],[303,134],[41,126],[-163,208],[175,149],[204,71],[192,52],[298,48],[122,19],[479,0],[163,37],[262,-41],[140,-100],[210,-104],[245,78],[164,167],[128,86],[216,89],[245,63],[210,168],[-82,167],[-274,93],[-204,71],[-99,104],[99,190],[122,174],[169,131],[170,111],[140,138],[81,112],[123,107],[309,41],[362,30],[385,275],[180,64],[531,96],[164,67],[175,108],[233,164],[134,171],[157,123],[222,100],[438,190],[303,78],[268,-45],[257,-63],[233,8],[251,108],[263,63],[180,0],[368,-63],[350,-8],[700,104],[227,38],[473,78],[350,41],[274,78],[262,152],[146,160],[269,127],[175,41],[198,33],[297,-15],[368,-15],[210,34],[478,89],[76,22],[297,97],[205,-104],[163,-26],[239,41],[560,145],[111,104],[-93,205],[420,219],[210,90],[93,174],[-41,201],[53,153],[75,97],[18,137],[-24,212],[-52,127],[134,130],[198,11],[234,-7],[256,26],[345,-78],[186,-153],[35,-123],[175,-123],[117,-104],[408,-7],[239,111],[117,64],[257,29],[146,67],[396,309],[198,156],[251,157],[94,41],[1015,364],[466,201],[239,104],[315,235],[88,63],[344,331],[146,175],[117,93],[145,112],[152,85],[157,63],[304,101],[286,56],[151,11],[309,-11],[362,26],[204,111],[169,23],[205,-105],[221,-186],[199,-52],[157,-37],[333,-26],[256,26],[251,-15],[128,-7],[327,-4],[227,-59],[280,-116],[210,97],[257,82],[309,104],[146,115],[344,-3],[222,-67],[286,-97],[128,-145],[29,-101],[158,-175],[105,-115],[58,-119],[134,-152],[105,-90],[140,-126],[134,-71],[199,-63],[175,-63],[233,-56],[216,-45],[151,4],[228,7],[216,45],[216,41],[186,30],[251,41],[344,40],[344,-14],[204,-127],[205,-67],[227,-59],[245,-60],[222,-89],[186,-171],[100,-157],[262,-163],[222,-52],[256,-97],[105,-101],[82,-219],[292,-26],[204,19],[204,52],[350,26],[210,-52],[443,-4],[263,11],[291,19],[251,48],[146,22],[327,-63],[309,-93],[327,48],[87,90],[245,70],[274,-59],[245,37],[198,-4],[210,-22],[578,41],[239,67],[449,74],[467,45],[321,-19],[274,-52],[601,-149],[571,-160],[444,-174],[420,-101],[390,-26],[969,34],[542,29],[257,64],[239,96],[362,183],[414,59],[309,93],[204,97],[158,30],[379,-4],[303,26],[222,-19],[151,-41],[269,-33],[210,-22],[303,-23],[262,-18],[228,-19],[344,-18],[1068,40],[898,-59],[1388,-86],[718,-18],[1265,26],[829,26],[711,-45],[1208,-111],[140,44],[268,-11],[204,56],[158,138],[332,85],[6,153],[274,85],[233,-37],[65,190],[326,93],[333,37],[251,63],[233,108],[0,175],[76,126],[175,127],[221,67],[35,212],[12,167],[-93,179],[93,208],[82,157],[23,111],[-29,145],[6,257],[87,190],[93,208],[88,227],[239,100],[175,23],[274,7],[234,-59],[297,-41],[198,7],[339,34],[268,93],[152,111],[233,15],[198,-4],[333,56],[181,119],[-6,97],[-18,186],[-17,153],[-263,93],[-35,133],[111,131],[99,204],[82,164],[64,134],[193,71],[75,104],[88,145],[87,171],[286,145],[228,63],[181,78],[210,131],[169,119],[198,193],[268,142],[175,63],[105,149],[181,44],[292,56],[233,37],[269,63],[122,93],[181,60],[256,-15],[251,127],[333,93],[175,-19],[262,-78],[298,-115],[52,-131],[187,-96],[251,-52],[221,22],[286,11],[146,-104],[233,-71],[344,-59],[280,-220],[170,-138],[215,-159],[111,-97],[94,-194],[46,-160],[146,-174],[251,-160],[332,-79],[123,-81],[257,-127],[180,-59],[263,-15],[262,3],[240,-122],[221,7],[169,104],[263,37],[303,79],[233,48],[345,-48],[233,44],[303,-41],[193,23],[221,33],[140,93],[175,93],[234,115],[256,142],[152,93],[70,152],[12,97],[23,164],[268,59],[123,157],[146,89],[40,182],[210,127],[298,55],[-18,145],[-122,138],[-181,156],[-175,90],[58,215],[321,116],[123,156],[210,190],[175,186],[64,152],[122,86],[-5,175],[180,141],[117,67],[233,45],[321,-11],[263,100],[297,119],[140,130],[-11,145],[110,90],[333,85],[332,75],[152,160],[105,85],[262,149],[280,112],[520,160],[204,67],[64,122],[292,37],[250,-100],[286,149],[88,108],[105,119],[5,130],[-64,112],[64,186],[70,174],[123,391],[47,138],[145,108],[450,126],[268,26],[257,0],[145,45],[193,156],[175,48],[338,-18],[187,22],[245,93],[222,89],[799,324],[309,101],[379,55],[280,60],[198,45],[251,85],[187,74],[268,82],[35,145],[23,205],[146,108],[263,149],[186,37],[245,100],[41,220],[123,138],[157,63],[158,197],[-175,89],[-82,190],[-47,149],[146,212],[146,126],[134,198],[146,119],[-93,145],[-24,141],[321,34],[228,18],[87,138],[274,44],[519,-3],[193,-23],[239,34],[99,156],[187,130],[187,86],[81,85],[187,86],[152,78],[174,145],[240,119],[285,-41],[82,90],[152,130],[321,111],[0,131],[204,119],[116,74],[228,115],[76,201],[221,49],[240,67],[227,96],[286,71],[146,63],[157,116],[35,96],[117,123],[128,186],[204,97],[239,97],[65,115],[297,-19],[298,8],[35,163],[-41,164],[-35,101],[-129,178],[-58,194],[-17,152],[215,97],[152,164],[-12,93],[-99,141],[-76,93],[-145,149],[-88,115],[47,186],[-24,145],[12,101],[286,141],[227,175],[-186,175],[216,145],[303,7],[93,183],[-116,93],[145,189],[146,116],[64,145],[105,178],[327,78],[286,64],[204,41],[263,96],[93,145],[-163,168],[233,141],[105,179],[-59,108],[-52,219],[6,123],[-6,186],[23,141],[-35,183],[-46,174],[-12,108],[6,194],[17,178],[-233,101],[-128,78],[41,223],[35,156],[-70,108],[-193,90],[-111,100],[-210,130],[18,209],[227,18],[216,8],[321,100],[239,153],[227,130],[111,119],[47,156],[23,889],[-46,153],[-170,123],[-163,59],[-216,101],[-122,96],[-41,197],[23,127],[24,190],[-117,108],[-157,78],[-88,122],[-12,183],[-233,108],[-187,7],[-239,86],[-58,137],[128,157],[286,145],[128,74],[117,112],[117,171],[46,111],[70,313],[6,178],[-81,186],[-181,120],[-59,178],[-17,108],[192,126],[327,53],[321,-8],[216,-45],[169,60],[41,156],[-117,97],[-146,141],[117,160],[175,75],[204,59],[163,75],[158,182],[23,152],[-210,75],[-82,115],[59,127],[157,89],[-122,179],[11,141],[105,100],[30,123],[17,134],[53,216],[64,160],[221,126],[333,19],[152,190],[233,171],[117,111],[52,101],[128,119],[30,134],[-245,85],[-158,60],[-163,130],[-193,127],[-175,70],[-227,75],[-344,78],[-164,52],[-134,134],[-87,297],[-146,484],[-76,182],[-99,246],[-82,89],[-146,130],[-163,123],[-233,89],[-304,90],[-280,85],[-268,26],[-280,149],[-210,104],[-239,157],[70,85],[82,186],[81,130],[-46,194],[87,182],[268,48],[70,138],[-70,119],[-151,104],[-105,71],[-129,123],[-198,149],[-192,115],[-105,130],[-35,212],[5,160],[199,130],[17,227],[-198,34],[-152,186],[-251,130],[-87,223],[-99,130],[-164,127],[-245,160],[-139,41],[-315,52],[-380,182],[-180,45],[-146,67],[17,178],[12,142],[-158,160],[-227,67],[-152,208],[-111,108],[-256,67],[-164,37],[-5,182],[-310,116],[-291,-15],[-292,-8],[-332,56],[-257,-89],[-268,7],[-105,131],[-257,37],[-216,18],[-181,60],[-163,149],[-216,70],[-169,157],[-47,141],[-145,93],[-140,86],[-76,137],[-12,123],[105,190],[-157,175],[-146,63],[-64,141],[-228,175],[-262,30],[-59,156],[-169,205],[-116,74],[-315,60],[-222,15],[-233,-27],[-187,201],[0,227],[0,86],[-134,152],[-187,52],[-350,41],[-601,93],[-449,60],[-869,67],[-373,-15],[-403,-112],[-239,-63],[-379,-74],[-163,-30],[-280,-45],[-356,-22],[-251,89],[-47,123],[6,246],[6,256],[35,123],[35,168],[-47,152],[-116,63],[-199,71],[-437,22],[-233,49],[-356,264],[-193,63],[-181,-4],[-227,149],[-23,149],[-251,130],[-222,67],[-47,101],[135,171],[-59,141],[-46,89],[-70,171],[58,637],[58,148],[111,138],[128,71],[228,82],[327,104],[239,67],[105,100],[46,168],[-46,498],[-47,491],[-64,86],[-362,208],[-81,156],[5,127],[257,134],[379,74],[607,142],[297,81],[146,82],[88,108],[151,670],[12,297],[99,172],[128,93],[216,78],[222,52],[408,67],[409,56],[280,89],[215,104],[362,260],[467,447],[180,167],[35,183],[-99,379],[-105,346],[-64,130],[-47,123],[24,149],[134,108],[157,70],[193,49],[187,22],[460,48],[438,23],[659,37],[630,-41],[572,-89],[402,18],[403,131],[180,200],[47,402],[117,488],[414,680],[29,250],[-122,245],[-111,112],[-82,175],[47,137],[140,168],[233,204],[403,484],[23,56],[140,294],[93,186],[64,178],[0,279],[-81,305],[-315,570],[-257,502],[-122,368],[-30,420],[170,287],[198,201],[245,152],[414,201],[6,0],[408,168],[181,167],[117,331],[0,235],[-59,167],[-52,272],[35,204],[105,182],[233,205],[321,164],[175,67],[286,33],[402,-33],[473,-19],[297,71],[123,93],[122,93],[280,171],[309,108],[164,37],[245,8],[157,-53],[286,-130],[595,-387],[292,-156],[332,-59],[222,37],[385,74],[659,171],[1330,380],[321,189],[128,172],[70,275],[-29,763],[-117,338],[-70,164],[-70,230],[58,186],[240,105],[396,29],[654,-7],[530,-7],[344,40],[339,49],[367,126],[403,298],[175,190],[128,186],[105,521],[204,725],[70,186],[94,104],[175,75],[239,55],[589,23],[583,-52],[152,11],[198,89],[146,108],[47,126],[17,112],[-12,216],[-64,175],[-151,115],[-117,119],[-23,156],[46,246],[94,149],[262,59],[467,-67],[548,19],[414,111],[309,153],[339,179],[1166,658],[280,223],[234,566],[105,528],[75,312],[129,283],[198,186],[216,86],[414,37],[490,-56],[601,-152],[431,-283],[210,-89],[158,-56],[222,-52],[198,-37],[262,-38],[461,-48],[263,-41],[210,-22],[163,-4],[268,-71],[82,-104],[181,-126],[315,-38],[192,-48],[169,-71],[222,-52],[216,-74],[93,-112],[82,-145],[93,-182],[88,-160],[81,-123],[228,-141],[210,-56],[297,-78],[496,-119],[187,-63],[146,-97],[116,-190],[105,-171],[29,-108],[0,-204],[18,-108],[134,-160],[-64,-145],[58,-172],[99,-48],[240,-108],[99,-119],[210,-190],[204,-85],[134,-56],[41,-212],[105,-153],[216,-67],[332,-22],[286,-108],[82,-126],[6,-138],[186,-164],[280,-70],[181,-82],[321,-82],[262,-130],[134,-97],[263,-63],[128,-56],[158,-112],[64,-130],[163,-201],[59,-89],[64,-208],[23,-138],[6,-156],[163,-164],[29,-119],[35,-130],[-35,-223],[-134,-131],[140,-204],[117,-130],[87,-93],[24,-160],[64,-93],[87,-134],[111,-116],[129,-156],[-12,-160],[-82,-100],[-227,-90],[-99,-96],[29,-145],[251,-145],[262,-168],[204,-59],[245,-12],[216,-145],[193,-85],[221,-60],[245,-7],[344,7],[99,-152],[0,-138],[65,-179],[11,-148],[251,-90],[163,4],[280,60],[65,126],[140,86],[-30,167],[-186,115],[-175,179],[-18,149],[35,216],[12,126],[-23,141],[-82,105],[-99,108],[-70,148],[81,224],[47,122],[152,183],[157,93],[152,152],[-35,272],[-82,215],[164,201],[274,105],[198,93],[134,130],[18,137],[-158,149],[-496,15],[-210,19],[-227,119],[-327,78],[-64,126],[18,198],[87,96],[163,116],[193,104],[227,130],[234,71],[221,171],[170,74],[81,160],[-76,179],[24,163],[23,138],[-47,130],[-128,82],[35,212],[193,52],[320,93],[170,60],[268,63],[64,201],[-274,119],[-239,156],[-292,130],[-163,38],[-53,189],[134,134],[158,64],[309,-8],[128,-82],[234,-48],[186,-8],[216,45],[210,97],[292,108],[233,48],[222,19],[216,18],[256,34],[239,111],[105,93],[65,164],[58,115],[297,108],[175,93],[-70,220],[-151,74],[-350,75],[-111,111],[99,197],[245,60],[128,82],[228,52],[268,149],[64,148],[286,149],[303,-29],[251,-12],[164,4],[571,30],[210,30],[88,167],[-59,97],[-23,186],[193,204],[192,112],[181,71],[327,63],[163,-4],[128,175],[-181,253],[-46,112],[0,208],[-76,149],[-76,152],[-99,112],[128,145],[292,86],[204,11],[35,186],[23,130],[216,67],[105,89],[76,183],[18,137],[-199,97],[-163,182],[-158,153],[-245,115],[-110,153],[122,119],[140,115],[169,145],[82,115],[140,302],[76,130],[23,138],[175,204],[105,216],[23,45],[94,241],[180,97],[199,-97],[76,-182],[23,-93],[152,-138],[227,-74],[181,-45],[99,-137],[257,-138],[23,-145],[251,-63],[309,15],[362,-11],[361,-30],[181,149],[146,81],[204,172],[12,160],[181,52],[303,122],[257,49],[215,33],[164,93],[41,186],[145,86],[245,123],[158,193],[146,30],[239,108],[274,104],[298,71],[23,230],[-58,164],[198,59],[350,-44],[233,-93],[257,44],[192,149],[123,86],[221,85],[275,8],[542,22],[233,22],[269,-7],[356,-37],[227,-183],[105,-223],[6,-15],[134,-204],[123,-123],[198,-56],[256,-37],[210,11],[356,26],[193,30],[163,56],[274,108],[82,18],[309,15],[64,201],[0,82],[204,138],[245,37],[310,18],[250,-37],[397,-130],[169,-48],[274,-45],[210,7],[298,41],[280,153],[157,26],[134,123],[222,145],[47,149],[251,100],[221,171],[204,190],[205,97],[35,145],[58,137],[117,175],[169,82],[46,179],[18,107],[186,138],[170,101],[157,137],[146,60],[198,70],[461,172],[134,85],[152,141],[134,142],[356,390],[519,306],[677,290],[449,156],[921,402],[385,230],[385,294],[374,450],[402,280],[24,18],[624,309],[373,175],[828,286],[1103,298]],[[919410,756708],[286,-238],[145,-231],[65,-149],[0,-245],[-117,-294],[-356,-346],[-47,-52],[-186,-253],[-152,-376],[-12,-123],[-81,-978],[-94,-309],[-81,-283],[-1033,-2425],[-414,-744],[-87,-168],[-30,-230],[35,-268],[0,-201],[-93,-149],[-245,-138],[-408,-171],[-111,-70],[-163,-175],[-70,-75],[-181,-197],[-263,-476],[-40,-156],[11,-238],[59,-160],[81,-127],[339,-234],[455,-339],[52,-48],[134,-264],[-134,-131],[-192,-3],[-205,-8],[-198,-82],[99,-189],[169,-134],[135,-101],[128,-96],[70,-134],[297,-968],[-29,-137],[-35,-153],[-601,-565],[-93,-134],[29,-186],[99,-186],[164,-171],[460,-253],[455,-246],[210,-130],[362,-275],[76,-67],[863,-700],[88,-145],[29,-227],[52,-446],[6,-89],[12,-235],[99,-275],[473,-860],[23,-104],[-35,-178],[-70,-108],[-257,-302],[-76,-167],[-5,-182],[87,-242],[198,-833],[12,-56],[117,-584],[-24,-424],[-163,-588],[-87,-209],[-53,-66],[-245,-235],[-111,-108],[-64,-104],[-64,-208],[-6,-175],[117,-380],[17,-63],[-46,-193],[-152,-145],[-321,-157],[-560,-249],[-128,-67],[-508,-446],[-175,-175],[-128,-220],[-47,-174],[29,-120],[117,-174],[461,-506],[82,-78],[157,-179],[175,-153],[263,-89],[688,-37],[157,-19],[234,-63],[204,-141],[303,-157],[257,-52],[443,-33],[2205,-208],[315,-34],[741,-82],[840,-59],[303,-19],[268,-56],[135,-63],[291,-253],[239,-205],[76,-119],[18,-171],[-35,-104],[-140,-260],[-467,-863],[-169,-283],[-158,-134],[-198,-52],[-659,-41],[-677,-41],[-612,-33],[-379,-105],[-164,-70],[-151,-138],[-88,-160],[-146,-398],[-70,-123],[-186,-212],[-257,-167],[-723,-283],[-111,-78],[-76,-220],[134,-587],[18,-60],[64,-260],[105,-410],[35,-320],[-70,-319],[-70,-261],[-210,-435],[-53,-201],[12,-149],[6,-112],[58,-223],[70,-193],[362,-614],[82,-127],[81,-115],[298,-443],[140,-148],[321,-276],[186,-119],[624,-442],[1330,-986],[1762,-1377],[117,-197],[29,-45],[175,-323],[128,-153],[152,-149],[99,-152],[29,-212],[111,-462],[52,-223],[59,-145],[233,-48],[332,56],[275,-108],[163,-145],[268,-12],[216,-133],[12,-127],[-24,-160],[158,-134],[216,-89],[227,4],[257,37],[280,30],[251,-79],[111,-145],[285,-342],[82,-93],[257,-100],[309,-38],[192,-93],[41,-111],[175,-119],[187,-145],[64,-131],[35,-193],[274,-115],[222,156],[140,149],[204,63],[181,37],[210,22],[169,30],[175,71],[134,71],[193,48],[338,-52],[245,-22],[146,-53],[332,82],[169,93],[274,23],[304,-19],[58,-130],[239,-134],[146,-60],[239,-41],[187,0],[268,27],[286,-30],[181,-49],[233,67],[128,112],[30,164],[116,74],[257,11],[163,26],[146,116],[321,29],[222,-44],[274,-145],[256,-82],[263,-56],[163,-63],[158,-78],[309,-67],[239,-8],[239,49],[117,167],[-24,123],[146,137],[286,90],[263,-164],[204,-156],[122,-145],[123,-149],[140,-212],[245,-123],[338,100],[29,8],[321,93],[198,45],[350,-53],[65,-119],[5,-148],[0,-231],[123,-134],[152,-52],[320,-52],[251,7],[257,101],[297,130],[251,19],[198,-49],[304,-30],[192,4],[286,-15],[333,11],[169,45],[169,86],[152,85],[198,97],[58,134],[-11,219],[169,112],[268,0],[210,26],[140,197],[-64,142],[-35,230],[169,104],[111,190],[157,101],[333,59],[239,108],[222,15],[315,-78],[338,22],[467,22],[110,-163],[-186,-108],[-158,-123],[-17,-186],[0,-167],[140,-145],[204,29],[204,86],[128,59],[274,30],[181,60],[257,-145],[210,-190],[222,30],[87,115],[274,30],[164,-186],[23,-168],[187,-178],[221,-93],[169,-67],[275,-64],[291,-7],[193,22],[315,52],[169,-67],[41,-178],[268,-123],[210,-71],[117,-223],[175,-160],[309,-37],[175,-112],[46,-200],[175,-49],[280,41],[339,45],[198,26],[239,-63],[-111,-198],[-134,-115],[169,-156],[164,-45],[169,-74],[187,-123],[87,-86],[-76,-193],[-146,-34],[-145,-145],[140,-126],[198,-97],[216,-111],[245,-86],[320,45],[251,-112],[-11,-164],[128,-85],[146,-90],[140,-253],[23,-107],[-64,-149],[-152,-209],[199,-107],[320,3],[228,-44],[187,-149],[233,-37],[198,7],[199,97],[145,141],[123,89],[391,179],[303,115],[397,-189],[163,33],[146,134],[192,104],[181,49],[198,29],[280,-11],[146,-82],[105,-122],[53,-149],[239,-67],[297,33],[263,-111],[-181,-183],[-76,-174],[-52,-108],[151,-131],[123,-130],[-181,-182],[-117,-101],[-128,-186],[210,-111],[47,-153],[52,-126],[-151,-209],[-158,-3],[-251,-142],[-81,-148],[-158,-82],[-175,-123],[70,-164],[-303,-67],[-339,-96],[59,-175],[93,-119],[-204,-104],[-315,14],[-263,-145],[-58,-160],[0,-156],[-309,-112],[-204,23],[-187,33],[-175,-204],[53,-175],[-94,-153],[41,-193],[-361,-123],[-216,-93],[17,-112],[53,-141],[0,-112],[116,-126],[-64,-138],[-146,-148],[47,-194],[18,-108],[-30,-167],[-11,-153],[146,-97],[29,-115],[-70,-130],[58,-123],[64,-126],[-52,-168],[-146,-163],[29,-127],[-6,-126],[6,-116],[-6,-145],[-221,-167],[52,-149],[93,-104],[82,-119],[-52,-119],[-41,-153],[111,-182],[157,-130],[298,-82],[209,-4],[181,-115],[327,-78],[-6,-168],[58,-115],[368,-145],[128,-60],[199,-96],[-53,-153],[-146,-97],[-122,-145],[-64,-175],[-129,-152],[94,-179],[70,-201],[70,-178],[-30,-220],[-99,-122],[234,-160],[344,-34],[198,-7],[111,-134],[23,-142],[76,-223],[-105,-160],[-157,-82],[-234,-41],[-169,-130],[-6,-111],[64,-142],[82,-85],[47,-164],[122,-119],[105,-93],[269,-112],[256,71],[164,-119],[250,-160],[164,-93],[146,-97],[58,-137],[-263,-123],[-215,-41],[-286,-134],[128,-145],[123,-220],[128,-122],[187,-60],[122,-205],[-87,-148],[-146,-160],[-327,22],[-204,-48],[-286,-93],[-70,-209],[23,-130],[170,-100],[210,-164],[52,-190],[70,-156],[18,-130],[-59,-108],[0,-164],[350,-67],[129,-100],[64,-142],[-88,-215],[-303,-64],[-181,-122],[-239,-134],[-35,-134],[-35,-168],[117,-111],[46,-116],[-23,-163],[-53,-145],[111,-183],[193,-74],[58,-108],[6,-171],[140,-134],[-158,-149],[82,-186],[105,-175],[35,-137],[-134,-116],[-134,-193],[163,-93],[140,-194],[123,-193],[250,-171],[228,-8],[256,8],[-29,-216],[-210,-19],[-175,-182],[117,-164],[76,-167],[157,-56],[18,-175],[-257,-100],[-17,-93],[151,-171],[274,67],[199,48],[221,-149],[-58,-149],[58,-126],[47,-175],[321,-100],[251,-134],[-280,-130],[-140,-67],[-181,-101],[-169,-152],[99,-108],[315,37],[222,63],[221,160],[199,45],[268,-26],[93,-64],[251,-40],[187,22],[186,85],[304,4],[280,-33],[198,33],[332,-37],[251,-34],[280,4],[234,67],[192,104],[327,-15],[140,-152],[175,4],[280,55],[233,-3],[198,15],[269,-75],[256,-78],[216,-4],[193,-78],[210,-22],[186,37],[199,167],[192,116],[146,-4],[274,-85],[204,67],[234,-45],[227,123],[286,-23],[327,-111],[-193,-179],[-17,-167],[-35,-130],[-82,-149],[-82,-179],[-52,-141],[181,-201],[350,-8],[186,-70],[327,0],[321,108],[227,-26],[117,-209],[151,-111],[251,41],[152,111],[198,4],[193,-130],[181,-34],[233,-26],[175,-48],[157,-63],[170,-67],[303,26],[70,96],[0,175],[257,171],[268,-3],[116,-101],[123,-156],[233,-171],[12,-127],[47,-171],[233,-78],[105,-327],[29,-45],[840,-878],[572,-632],[157,-291],[123,-349],[128,-949],[6,-722],[76,-1023],[169,-528],[52,-279],[-40,-130],[-129,-127],[-58,-111],[87,-138],[175,-78],[455,-153],[1103,-416],[52,-26],[339,-183],[186,-149],[490,-412],[700,-707],[134,-190],[146,-298],[58,-167],[6,-171],[24,-644],[5,-692],[12,-565],[245,-901],[18,-93],[110,-160],[175,-115],[543,-197],[402,-208],[94,-168],[192,-48],[204,-130],[123,-97],[169,-108],[70,-97],[198,-111],[298,-34],[251,-30],[204,-160],[122,-96],[257,-108],[140,-30],[222,-138],[5518,-7477],[-181,-56],[-309,-63],[-111,-116],[-140,-59],[-263,7],[-134,-89],[-151,-156],[-170,-90],[-297,-111],[-228,-52],[-151,-127],[-175,-115],[-274,-130],[-304,-101],[-274,-78],[-274,-26],[-327,52],[-239,67],[-204,-22],[-157,-309],[29,-160],[23,-149],[152,-517],[204,-688],[82,-216],[40,-97],[1383,-792],[151,-127],[65,-111],[163,-357],[216,-138],[461,-123],[997,-201],[169,-74],[88,-186],[6,-108],[-88,-149],[-117,-70],[-740,-320],[-82,-105],[-70,-189],[-233,-488],[-24,-26],[-402,-375],[-105,-194],[-6,-134],[58,-152],[269,-328],[29,-82],[0,-186],[-76,-279],[-99,-215],[46,-160],[205,-101],[105,-108],[204,-145],[245,-93],[210,-30],[198,-93],[210,-141],[333,-86],[169,-81],[250,-64],[140,-59],[222,-45],[239,-52],[210,-130],[199,-67],[297,-37],[298,-97],[198,-167],[222,-194],[175,-37],[140,-89],[198,-101],[257,-115],[233,-123],[216,-48],[186,-63],[187,-146],[70,-119],[216,-48],[245,33],[186,116],[315,93],[257,-153],[29,-126],[18,-168],[122,-167],[105,-130],[-46,-197],[-47,-79],[-29,-156],[-117,-171],[-134,-100],[-18,-119],[152,-220],[-41,-152],[6,-127],[35,-182],[53,-116],[233,-130],[227,-156],[187,-149],[53,-204],[134,-131],[192,-52],[210,-56],[24,-141],[46,-112],[-99,-163],[-117,-142],[117,-148],[239,-82],[76,-183],[-76,-148],[-297,-131],[-181,-89],[-204,-141],[17,-123],[-198,-197],[52,-194],[-297,-104],[-210,-111],[-169,-30],[-175,-71],[-123,-193],[-251,-86],[-198,71],[-321,-112],[-192,-149],[-228,134],[-326,86],[-158,-160],[-46,-197],[-53,-116],[-64,-174],[-175,-49],[-315,-111],[-251,-56],[-175,-45],[-210,-30],[-175,-48],[-227,-4],[-158,-126],[-233,-26],[-339,-75],[-169,-59],[-245,52],[-192,-48],[-286,-64],[-99,-227],[-233,-104],[-175,34],[-210,-104],[-117,-64],[-263,-44],[-157,-64],[-222,-33],[-286,-86],[-250,-63],[-205,-56],[-192,-104],[-193,-22],[-239,-164],[-134,-104],[-140,-100],[-23,-201],[-158,-157],[-151,-186],[-82,-152],[-280,-41],[-146,-48],[-151,-157],[-70,-126],[-70,-156],[-111,-138],[-117,-97],[123,-152],[81,-71],[-181,-223],[-46,-153],[-6,-89],[58,-339],[0,-74],[-70,-179],[-256,-134],[-269,-89],[-81,-197],[128,-134],[35,-167],[64,-131],[-198,-174],[-82,-123],[-17,-156],[-18,-138],[-140,-153],[-70,-81],[-70,-157],[-76,-182],[-128,-149],[64,-149],[-128,-115],[-152,-119],[-105,-112],[193,-245],[81,-127],[164,-145],[52,-89],[41,-193],[140,-119],[169,-116],[134,-119],[134,-156],[-52,-153],[-53,-130],[100,-160],[0,-149],[-41,-148],[-29,-172],[145,-178],[-11,-209],[0,-156],[35,-253],[6,-167],[-6,-134],[-204,-104],[-234,-67],[-227,-37],[-280,-64],[-286,12],[-228,-56],[-215,-164],[-134,-104],[-140,-115],[-175,-131],[-41,-204],[-24,-127],[-11,-152],[-47,-138],[-52,-216],[-105,-134],[-135,97],[-239,130],[-449,142],[-1021,290],[-204,89],[-939,469],[-181,63],[-268,71],[-175,52],[-187,119],[-128,182],[-152,127],[-286,126],[-233,160],[-181,190],[-204,108],[-251,104],[-344,130],[-303,-97],[-461,-148],[-379,-354],[-706,-584],[-927,-766],[-286,-201],[-368,-335],[-181,-37],[-723,-11],[-321,-101],[-186,-33],[-269,-64],[-180,-89],[-111,-123],[-158,-70],[-256,-41],[-251,-86],[-88,-137],[-134,-82],[-169,-93],[-163,-123],[-135,-186],[-175,-119],[-204,-48],[-338,22],[-309,71],[-198,52],[-257,-23],[-298,-93],[-268,19],[-152,-22],[-250,-86],[-240,11],[-175,49],[-186,63],[-280,-52],[-245,-90],[-128,-85],[-304,18],[-233,60],[-187,4],[-245,-52],[-303,-12],[-228,-63],[-151,-4],[-199,-81],[-233,3],[-239,-108],[-88,-133],[-210,-79],[-227,8],[-245,-60],[-245,78],[-128,86],[-280,134],[-222,19],[-216,-26],[-303,-19],[-210,59],[-315,-93],[-152,-89],[-280,-52],[-251,7],[-169,-55],[-239,-52],[-280,33],[-227,123],[-309,-82],[-275,-100],[-250,-30],[-170,-11],[-320,-12],[-181,-26],[-210,-74],[-321,-74],[-228,-56],[-180,-82],[-123,-164],[-198,-100],[-239,-71],[-135,-44],[-227,-53],[-227,-48],[-228,-74],[-297,-101],[-181,-26],[-187,-52],[-198,-56],[-245,-93],[-193,-37],[-268,15],[-187,0],[-227,-71],[-222,-137],[-152,-105],[-87,-85],[-105,-130],[-70,-216],[-18,-123],[0,-119],[-46,-141],[-105,-82],[-187,-115],[-233,-153],[-233,-93],[-47,-119],[76,-186],[-70,-93],[-292,-67],[-128,-138],[-35,-115],[-298,-86],[-169,-96],[-175,-205],[-216,-171],[-99,-127],[12,-133],[76,-179],[-12,-127],[233,-107],[35,-138],[-122,-141],[23,-186],[134,-60],[169,-149],[164,-67],[134,-156],[163,-212],[105,-97],[-58,-149],[-76,-141],[-146,-156],[-122,-90],[-169,-137],[-30,-112],[-140,-108],[-35,-145],[70,-137],[129,-186],[122,-123],[-81,-145],[-117,-90],[-228,-145],[-140,-67],[-227,-59],[-198,-127],[-59,-152],[-99,-123],[76,-119],[93,-223],[-64,-194],[18,-78],[373,-130],[875,-208],[286,37],[525,-216],[606,-193],[589,-131],[199,-14],[309,26],[198,29],[304,-26],[157,-104],[93,-204],[-52,-153],[-280,-688],[461,-302],[256,-238],[164,-208],[122,-205],[76,-115],[35,-123],[-35,-137],[-105,-179],[-93,-104],[-181,-112],[-152,-167],[-58,-149],[-99,-238],[-309,-112],[105,-361],[-47,-226],[-134,-190],[-210,-272],[-228,-156],[-11,-197],[29,-190],[186,-56],[76,-163],[181,-64],[93,-193],[-17,-86],[111,-193],[204,-97],[140,-182],[280,-134],[152,-86],[291,-137],[-81,-179],[-251,-56],[-234,-167],[-315,-15],[-145,-104],[-263,71],[-239,85],[-274,37],[-187,-100],[-122,-67],[-210,-123],[-170,-130],[-163,-78],[-245,-93],[-111,-149],[-221,-86],[-263,79],[-186,3],[-263,-15],[-198,4],[-228,130],[-169,8],[-233,11],[-181,11],[-228,11],[-227,15],[-251,15],[-233,7],[-158,4],[-303,4],[-239,-60],[-70,-119],[-309,-59],[-140,7],[-344,26],[-210,15],[-187,8],[-263,-34],[-99,-119],[-17,-141],[122,-112],[187,-201],[-29,-115],[192,-116],[140,-111],[-52,-164],[-70,-97],[46,-182],[47,-152],[-262,-90],[-12,-134],[128,-141],[-87,-171],[-29,-156],[105,-127],[58,-193],[-158,-205],[94,-145],[286,-15],[151,-178],[146,-112],[-99,-171],[-163,-86],[0,-130],[-135,-145],[-192,11],[-274,-30],[-111,-89],[-29,-145],[29,-153],[292,-122],[297,-67],[-12,-142],[-128,-156],[-140,-104],[-35,-223],[29,-108],[-245,-104],[-210,81],[-367,-11],[-82,-230],[35,-227],[-82,-179],[-338,-97],[-128,-167],[41,-108],[-76,-145],[11,-112],[30,-126],[-35,-179],[140,-93],[274,-3],[134,22],[332,-37],[-99,-156],[-204,-19],[-321,-60],[12,-219],[257,-37],[-6,-190],[-216,-15],[-887,-63],[-595,11],[-466,33],[-595,86],[-1027,253],[-583,145],[-1213,331],[-945,350],[-216,78],[-484,182],[-1727,737],[-1102,424],[-286,123],[-199,30],[-209,0],[-660,-34],[-612,-26],[-368,-26],[-297,15],[-204,37],[-181,60],[-175,74],[-128,86],[-146,93],[-251,122],[-233,116],[-327,104],[-554,141],[-700,112],[-823,78],[-157,15],[-607,11],[-530,7],[-595,-52],[-671,-81],[-1004,-213],[-210,-66],[-968,-317],[-437,-89],[-409,-45],[-280,-7],[-449,11],[-186,4],[-444,30],[-2636,487],[-1499,179],[-397,7],[-321,-52],[-490,-175],[-251,-164],[-204,-182],[-157,-238],[-123,-264],[-64,-253],[-93,-346],[-152,-372],[-175,-231],[-181,-238],[-87,-93],[-432,-458],[-612,-558],[-134,-160],[-152,-178],[-152,-246],[-87,-137],[-461,-1161],[-432,-1079],[-105,-130],[-571,-395],[-391,-163],[-502,-101],[-402,-44],[-257,-19],[-595,93],[-455,138],[-379,115],[-152,-164],[-227,-238],[-181,-197],[-321,-190],[-490,-148],[-560,-179],[-315,-145],[-280,-212],[-146,-127],[-140,-312],[-87,-480],[-169,-156],[-181,-71],[-245,-71],[-233,-11],[-222,56],[-2240,651],[-577,115],[-426,8],[-420,-60],[-198,-63],[-1395,-636],[-163,-67],[-262,-134],[-473,-216],[-297,-137],[-263,-168],[-122,-141],[-94,-223],[24,-190],[87,-179],[204,-242],[164,-107],[350,-227],[513,-443],[175,-234],[70,-343],[-82,-591],[-46,-302],[-18,-435],[70,-309],[70,-297],[216,-398],[233,-205],[426,-190],[379,-52],[1044,-156],[169,-26],[700,-56],[1080,-89],[1160,-112],[286,-56],[321,-111],[134,-49],[198,-137],[199,-235],[76,-267],[0,-268],[-100,-436],[-23,-654],[-257,-1053],[-151,-856],[-117,-279],[-257,-268],[-501,-442],[-204,-261],[-64,-216],[-6,-349],[180,-521],[380,-662],[64,-276],[0,-249],[-356,-424],[-449,-398],[-158,-235],[-140,-412],[-110,-592],[0,-372],[175,-357],[134,-320],[134,-424],[-23,-220],[-158,-346],[-338,-413],[-356,-234],[-764,-536],[-449,-149],[-82,-104],[-41,-435],[-12,-67],[-180,-383],[-327,-220],[-443,-134],[-519,-122],[-321,-164],[-146,-153],[76,-212],[227,-160],[304,-156],[180,-48],[321,-112],[175,-137],[41,-116],[-58,-178],[-181,-145],[-303,-64],[-251,-78],[-140,-175],[134,-208],[222,-97],[99,-145],[-204,-186],[-234,-82],[-169,-78],[-175,-108],[-105,-152],[-47,-209],[-5,-204],[58,-175],[227,-290],[30,-130],[0,-172],[-30,-115],[-128,-175],[-140,-130],[-437,-138],[-181,-197],[-146,-89],[-449,-86],[-99,-145],[-485,-152],[-1207,-387],[-338,-190],[-560,-298],[-134,-271],[-286,-264],[-344,-287],[-94,-78],[-332,-297],[-158,-146],[-250,-104],[-140,-56],[-228,-59],[-227,-60],[-263,-55],[-315,-67],[-152,-67],[-233,-220],[-262,-204],[-228,-220],[-111,-193],[-111,-93],[-239,-93],[-233,-112],[-158,-179],[-46,-141],[-175,-197],[70,-220],[186,-167],[-215,-190],[-146,-141],[-198,-75],[-286,-115],[-76,-111],[-134,-105],[-111,-104],[-123,-82],[-186,-104],[-245,-134],[-152,-93],[-122,-175],[-82,-171],[41,-119],[58,-171],[29,-100],[123,-224],[111,-171],[58,-119],[41,-156],[0,-346],[443,-104],[-23,-461],[0,-153],[303,-63],[181,-4],[262,-97],[117,-108],[76,-130],[99,-149],[146,-44],[286,108],[204,33],[175,-97],[-64,-223],[58,-152],[52,-157],[-29,-193],[41,-205],[-12,-189],[-635,-265],[-269,-111],[-495,-257],[-520,-353],[-81,-49],[-537,-253],[-280,-100],[-338,-82],[-484,-104],[-969,-164],[-1645,-70]],[[682419,667938],[-274,119],[-222,160],[-105,82],[-116,149],[-105,216],[-47,167],[-53,651],[-134,1779],[-151,610],[-210,334],[-164,183],[-355,256],[-333,183],[-531,223],[-344,190],[-274,108],[-193,134],[-93,115],[-23,208],[64,116],[198,163],[105,175],[-58,97],[-228,160],[-198,59],[-192,41],[-438,78],[-344,64],[-309,18],[-303,49],[-234,74],[-373,-11],[-210,-49],[-169,19],[-280,67],[-152,19],[-577,74],[-286,134],[-251,-7],[-216,-79],[-157,-41],[-228,-3],[-204,33],[-268,-26],[-379,-89],[-263,-37],[-181,26],[-186,70],[-257,101],[-321,93],[-321,138],[-111,107],[-40,146],[40,200],[100,183],[75,78],[135,175],[110,145],[59,130],[6,123],[0,126],[-59,227],[-111,142],[-134,104],[-186,78],[-240,82],[-431,141],[-333,138],[-245,122],[-99,97],[-29,142],[99,156],[94,197],[-53,413],[-58,134],[35,145],[-315,115],[-210,160],[-397,428],[-58,115],[-105,112],[-257,52],[-169,93],[-210,112],[-187,126],[-64,216],[-332,74],[-286,4],[-175,104],[-175,194],[12,178],[-164,127],[-321,78],[-87,123],[-82,182],[-81,138],[-105,70],[-164,142],[-216,67],[-210,59],[-186,78],[-245,49],[-187,48],[-385,212],[-210,93],[-216,71],[-239,15],[-256,44],[-292,119],[-263,34],[-332,-75],[-198,-18],[-245,63],[-362,108],[-228,63],[-75,116],[140,167],[-181,123],[-193,41],[-274,37],[-361,41],[-269,130],[-23,167],[99,212],[-280,250],[-134,96],[-193,105],[-274,141],[-52,160],[-53,216],[-52,145],[70,182],[-181,30],[-2059,56],[-665,48],[-368,52],[-285,75],[-175,78],[-205,148],[-128,172],[-134,163],[-216,164],[-846,286],[-81,38],[-251,145],[-169,130],[-111,119],[-216,339],[-76,137],[-169,168],[-169,70],[-268,104],[-123,49],[-280,130],[-239,205],[-309,111],[-350,49],[-269,67],[-116,81],[-88,179],[-29,164],[-41,134],[-81,186],[-164,208],[-58,74],[-356,302],[-256,130],[-152,93],[-105,115],[-76,130],[-122,157],[-298,279],[-262,193],[-333,186],[-315,138],[-12,4],[-350,119],[-361,122],[-140,56],[-163,149],[-88,223],[-93,220],[-274,346],[-140,126],[-170,89],[-361,112],[-549,149],[-315,67],[-455,145],[-361,141],[-199,131],[-227,290],[-192,234],[-187,223],[-187,123],[-682,376],[-858,424],[-367,171],[-158,89],[-408,183],[-472,152],[-47,15],[-327,108],[-297,86],[-374,78],[-175,44],[-163,101],[-128,160],[-70,178],[-35,175],[0,223],[0,183],[-6,82],[-88,167],[-151,167],[-187,153],[-204,167],[-105,123],[-93,164],[-123,253],[-99,249],[-76,100],[-221,175],[-566,491],[-111,134],[-88,112],[-58,156],[29,93],[41,164],[53,134],[-65,175],[-163,104],[-175,70],[-245,64],[-227,63],[-170,126],[-157,179],[-117,123],[-496,1049],[-23,71],[-227,308],[-199,168],[-175,111],[-215,79],[-747,133],[-630,108],[-1033,198],[-297,107],[-134,82],[-152,160],[-41,138],[6,182],[12,78],[-6,175],[0,86],[87,431],[216,488],[158,301],[58,145],[105,164],[88,111],[52,164],[88,220],[145,81],[70,145],[-46,138],[-47,123],[-128,178],[-204,138],[-181,75],[-263,74],[-402,97],[-187,111],[29,145],[65,138],[122,208],[204,298],[251,331],[204,194],[222,163],[105,164],[6,156],[40,164],[-5,350],[5,249],[0,137],[65,142],[81,111],[228,134],[297,93],[239,49],[385,100],[181,63],[368,291],[338,189],[391,354],[175,108],[303,115],[478,134],[560,149],[630,249],[59,30],[291,149],[228,145],[233,204],[99,108],[70,164],[82,178],[70,93],[140,116],[152,119],[583,238],[367,134],[450,141],[134,52],[186,104],[129,93],[239,201],[402,320],[175,131],[169,104],[187,111],[368,201],[210,93],[140,41],[227,26],[251,-30],[274,-85],[251,-115],[233,-116],[134,-48],[339,41],[41,152],[0,130],[-70,239],[0,223],[35,167],[52,130],[-6,138],[-128,153],[-53,89],[-35,190],[6,119],[35,245],[47,216],[0,279],[-6,15],[-64,309],[-18,312],[-5,294],[-6,78],[-64,298],[-18,171],[-23,301],[23,238],[53,246],[64,149],[58,115],[93,167],[228,131],[268,37],[163,152],[65,108],[169,138],[262,100],[216,34],[204,59],[286,101],[222,145],[87,108],[181,309],[99,126],[94,194],[-47,160],[-105,115],[-128,160],[-117,182],[-12,212],[-105,153],[-76,186],[-122,152],[-99,183],[-210,93],[-245,107],[-88,75],[-105,160],[-46,175],[128,141],[87,74],[105,149],[-87,194],[-82,137],[-17,283],[-76,327],[-146,142],[-146,212],[-64,193],[-12,71],[70,171],[105,220],[12,152],[-64,190],[-175,112],[-286,107],[-175,60],[-227,153],[-94,119],[-70,141],[-52,190],[-163,669],[-140,968],[52,379],[146,342],[251,607],[128,290],[23,331],[-29,294],[12,26],[64,208],[128,123],[158,171],[64,212],[-23,186],[-82,171],[-99,75],[-181,111],[-192,71],[-327,60],[-210,18],[-315,-11],[-373,-22]],[[642609,733222],[420,242],[204,212],[87,197],[76,643],[-12,421],[0,271],[47,171],[163,120],[560,96],[1138,216],[256,71],[94,37],[262,193],[70,60],[164,130],[274,164],[426,182],[525,197],[355,127],[292,67],[87,15],[642,59],[414,0],[572,-7],[2111,-45],[1260,-30],[945,60],[829,100],[746,153],[642,141],[700,227],[181,63],[478,212],[548,332],[379,256],[240,257],[105,205],[-24,193],[-105,219],[6,112],[222,78],[151,-18],[362,-56],[391,-37],[560,-8],[461,49],[519,89],[186,11],[280,-26],[240,-89],[110,-209],[18,-126],[35,-156],[128,-105],[298,-145],[449,-182],[2187,-711],[379,-111],[164,-75],[157,-141],[146,-219],[210,-335],[12,-37],[338,-823],[99,-152],[175,-145],[105,-64],[269,-89],[309,-30],[303,15],[338,78],[683,198],[326,93],[105,37],[543,186],[367,186],[65,52],[250,260],[257,268],[198,175],[239,101],[286,70],[356,56],[700,149],[373,152],[385,75],[479,37],[216,4],[548,15],[822,-67],[613,-41],[286,-4],[233,0],[233,0],[537,-34],[280,-44],[204,-86],[391,-212],[128,-78],[420,-123],[368,-33],[268,-26],[297,-56],[228,-82],[233,-115],[677,-536],[636,-338],[175,-86],[239,-37],[169,22],[210,130],[47,142],[-30,96],[-157,145],[-665,458],[-817,543],[-799,506],[-233,246],[-163,245],[-24,171],[76,160],[128,123],[251,127],[129,44],[379,112],[379,89],[379,15],[338,-56],[904,-160],[391,-96],[193,-79],[741,-457],[192,-101],[589,-241],[432,-190],[111,-60],[239,-160],[391,-625],[186,-163],[327,-179],[484,-216],[146,-93],[128,-134],[70,-119],[239,-357],[117,-253],[158,-472],[163,-320],[140,-190],[111,-78],[291,-194],[99,-52],[566,-234],[490,-190],[175,-74],[356,-145],[852,-354],[390,-197],[94,-44],[414,-175],[362,-101],[221,-59],[169,-45],[280,-33],[257,-8],[239,22],[222,75],[134,56],[193,126],[163,171],[192,164],[117,74],[793,439],[391,212],[723,469],[537,473],[636,684],[181,171],[122,112],[134,74],[315,108],[315,23],[770,44],[403,30],[210,37],[175,41],[606,201],[385,59],[333,53],[455,7],[420,-19],[87,-3],[309,-45],[275,-82],[175,-74],[280,-246],[157,-137],[146,-105],[152,-107],[204,-127],[251,-123],[227,-89],[472,-97],[210,-70],[234,-172],[76,-189],[-24,-261],[-251,-1570],[-5,-212],[64,-208],[122,-190],[123,-137],[186,-123],[420,-112],[934,-97],[519,205],[315,130],[577,205],[613,193],[396,82],[420,108],[461,56],[1108,41],[665,-45],[368,-30],[262,-11],[310,8],[280,7],[285,60],[321,145],[228,189],[110,168],[129,260],[128,302],[134,491],[158,662],[87,718],[53,312],[134,514],[216,625],[46,138],[397,818],[356,558],[723,-100],[659,-49],[724,30],[653,86],[257,63],[565,219],[864,287],[857,286],[286,82],[327,34],[268,-4],[157,-4],[350,-48],[158,-45],[216,-152],[-35,-186],[-59,-149],[-175,-223],[-309,-298],[-169,-182],[-23,-145],[41,-138],[163,-171],[216,-112],[216,-93],[431,-111],[146,3],[210,101],[53,167],[52,201],[82,167],[198,216],[146,93],[163,67],[274,-18],[158,-82],[216,-175],[175,-101],[198,-81],[297,-67],[181,-12],[689,-78],[373,-100],[268,-75],[309,-122],[216,-145],[216,-146],[181,-100],[204,-67],[280,-56],[222,-3],[431,48],[286,30],[286,-34],[391,-123],[443,-238],[356,-163],[321,-78],[280,-45],[536,-37],[957,55],[490,-26],[303,-37],[333,-48],[402,-56],[280,22],[193,52],[239,90],[525,290],[863,368],[368,108],[694,134],[291,34],[554,37],[835,33],[600,0],[240,-22],[338,-86],[280,-145],[1621,-818],[753,-316],[356,-15],[332,22],[280,-4],[198,-11],[333,-63],[338,-160],[257,-153],[257,-171],[239,-201],[245,-290],[192,-271],[187,-198],[152,-163],[151,-153],[76,-145],[35,-208],[23,-138],[41,-152],[70,-168],[82,-186],[99,-160],[175,-227],[105,-294],[111,-327],[70,-160],[157,-205],[158,-81],[262,-120],[164,-78],[449,-253],[256,-55],[275,18],[256,-7],[362,-37],[210,-27],[257,-63],[233,-115],[181,-141],[315,-287],[268,-279],[93,-93],[164,-126],[455,-205],[99,-37],[396,-175],[858,-309],[181,-67],[361,-115],[269,-56],[151,-19],[292,-67],[327,-78],[163,-55],[315,-67],[484,-79],[303,-33],[619,-97],[863,-197],[706,-219],[256,-138],[-70,-153],[12,-160],[327,-48],[332,11],[204,-97],[187,-89],[163,-201],[164,-85],[239,-130],[117,-127],[169,-186],[-6,-138],[76,-130],[373,-82],[274,-26],[251,0],[315,56],[210,71],[117,48],[373,212],[338,279],[461,413],[210,101],[227,63],[315,56],[152,26],[338,22],[286,15],[228,4],[332,3],[339,-15],[245,-14],[361,-15],[776,-82],[47,-11],[484,-67],[630,-38],[478,4],[228,15],[490,48],[169,15],[828,71],[286,4],[816,96],[245,30],[292,-52],[478,-227],[537,-219],[193,-67],[262,89],[198,100],[490,138],[193,-4],[221,-93],[181,-152],[175,-138],[53,-56],[111,-197],[110,-189],[152,-261],[29,-59],[269,-492],[81,-40],[759,104],[315,22],[180,4],[199,-4],[262,-15],[391,-48],[502,-82],[262,-41],[1703,-272],[514,-40],[682,0],[904,163],[1983,666],[2042,670],[1353,420],[391,142],[169,67],[204,133],[111,134],[29,183],[-29,171],[-140,249],[-449,651],[-624,1206],[-1633,2797],[-105,182],[-286,499],[-111,249],[-47,313],[111,1101],[29,175],[129,807],[29,536],[64,145],[204,123],[140,55],[309,19],[362,0],[297,-7],[199,0],[326,18],[240,97],[291,112],[473,297],[309,220],[309,122],[1283,127],[525,74],[595,127],[496,44],[566,19],[962,0],[2888,-245],[163,85],[53,168],[64,93],[163,171],[128,122],[169,157],[82,100],[152,138],[58,115],[204,67],[59,194],[-205,100],[-5,153],[233,152],[52,108],[-46,152],[151,235],[216,264],[134,100],[187,160],[216,12],[327,14],[198,216],[1756,89],[1522,38],[1937,96],[1930,-55],[595,22],[490,82],[204,67],[409,268],[665,427],[134,64],[356,134],[303,78],[321,33],[332,-7],[234,-49],[431,-182],[158,-74],[1242,-581],[274,-33],[181,22],[298,82],[1324,428],[198,22],[309,-18],[619,-220],[589,-186],[338,-67],[1196,-197],[414,-48],[443,-15],[327,11],[140,18],[262,82],[251,112],[222,123],[157,137],[368,387],[-426,1589],[0,350],[53,357],[116,163],[362,339],[601,294],[472,171],[607,104],[245,19],[175,29],[309,38],[327,37],[618,141],[326,93],[840,168],[222,70],[152,160],[169,480],[210,588],[6,26],[105,357],[151,205],[205,167],[175,56],[227,56],[175,33],[245,23],[227,22],[251,41],[152,56],[210,108],[332,405],[240,153],[268,26],[222,-56],[145,-89],[164,-134],[186,-183],[158,-156],[303,-383],[269,-220],[169,-119],[425,-308],[140,-108],[152,-112],[280,-115],[193,-49],[291,-7],[129,26],[198,115],[385,670],[64,89],[140,190],[134,320],[88,346],[0,197],[-82,238],[-140,532],[-134,402],[-58,179],[11,249],[59,100],[169,171],[256,101],[158,26],[338,22],[140,-3],[303,-34],[146,-15],[234,15],[192,48],[379,164],[321,60],[263,33],[414,-7],[256,-34],[164,-67],[169,-59],[251,-179],[151,-119],[333,-89],[396,-34],[187,-3],[257,3],[274,-26],[321,-96],[291,-56],[362,-37],[391,-15],[717,-105],[181,-33],[309,37],[263,101],[315,-60],[256,34],[76,85],[193,223],[157,157],[251,349],[321,551],[47,160],[215,919],[30,134],[116,428],[24,81],[128,209],[29,37],[496,603],[286,539],[93,447],[12,44],[52,350],[-58,431],[-41,216],[58,104],[543,343],[198,145],[140,204],[53,198],[110,171],[210,111],[228,93],[1114,179],[88,52],[128,710],[122,629],[41,216],[35,227],[140,219],[473,398],[460,227],[689,239],[577,115],[356,108],[373,186],[391,297],[222,127],[198,104],[257,71],[286,11],[828,-112],[682,-85],[753,-45],[309,34],[227,89],[199,219],[140,454],[151,480],[100,510],[116,443],[111,375],[181,235],[169,141],[251,160],[321,97],[396,15],[654,0],[816,-23],[239,23],[228,70],[729,875],[298,353],[256,275],[204,160],[286,127],[379,115],[53,11],[338,63],[624,82],[356,34],[828,37],[654,26],[647,48],[123,12],[256,29],[146,52],[123,145],[-94,209],[-186,145],[-100,253],[65,227],[250,294],[70,96],[199,261],[81,245],[-11,209],[-18,320],[-128,387],[-204,308],[-263,339],[-116,253],[0,398],[0,4],[-175,398],[-245,223],[-228,153],[-898,238],[-204,163],[-199,454],[100,1358],[128,647],[29,443],[53,688],[5,179],[65,275],[110,186],[88,145],[297,495],[59,160],[0,141],[-70,157],[-204,175],[-846,829],[-280,369],[-111,398],[-41,346],[-93,729],[87,655],[-70,264],[-192,230],[-350,283],[-304,119],[-490,190],[-530,126],[-374,78],[-221,138],[-129,145],[-93,298],[0,178],[-58,462],[-152,651],[-163,852],[-94,294],[30,375],[70,153],[134,100],[251,71],[379,89],[1061,186],[187,64],[163,115],[82,111],[64,149],[41,131],[29,171],[-12,100],[-93,220],[-391,264],[-181,297],[-174,882],[-24,179],[-35,204],[-64,242],[-192,625],[-345,785],[-962,2760],[-134,376],[-193,1146],[82,949],[17,197],[70,617],[47,373],[-35,327],[-47,234],[-163,264],[-222,354],[-320,216],[-385,241],[-129,149],[-186,253],[0,168],[110,204],[543,852],[181,528],[146,923],[11,104],[257,1057],[82,320],[70,286],[210,488],[729,863],[210,282],[70,127],[29,190],[12,219],[-12,473],[-193,963],[0,447],[12,416],[88,354],[239,509],[251,369],[140,215],[69,205],[12,357],[-111,316],[-560,748],[-99,328],[0,357],[-181,506],[-291,513],[-292,350],[-519,666],[-309,312],[-537,279],[-443,268],[-210,182],[-105,179],[-187,536],[-11,29],[-30,365]],[[856605,817192],[-548,711],[-747,822],[-425,476],[-12,335],[303,271],[3138,2482],[1797,1923],[367,294],[1879,1455],[554,383],[1406,908],[565,401],[537,205],[543,86],[420,29],[233,15],[496,-29],[93,-15],[467,-108],[320,-119],[514,-205],[216,-59],[600,-198],[228,-70],[513,-108],[1213,-123],[111,-11],[636,-37],[601,44],[636,190],[565,231],[129,70],[653,149],[636,67],[1143,-52],[420,-52],[105,7],[356,82],[373,164],[549,190],[694,297],[525,116],[1808,-376],[472,-52],[636,-67],[1756,26],[1435,59],[962,-167],[718,-182],[986,-316],[939,-395],[1802,-803],[414,-212],[350,-425],[420,-859],[321,-595],[152,-659],[-94,-468],[12,-332],[543,-1034],[630,-1138],[367,-655],[175,-383],[6,-454],[-140,-253],[-181,-164],[-222,-201],[-250,-375],[-362,-808],[-391,-1309],[0,-197],[-52,-309],[-187,-454],[-187,-484],[-52,-390],[-403,-796],[-17,-131],[-140,-744],[-164,-759],[-110,-1543],[-6,-294],[29,-198],[152,-1194],[70,-729],[70,-521],[128,-253],[76,-96],[134,-157],[332,-126],[269,-37],[1481,-34],[549,-41],[385,-30],[443,-152],[163,-205],[53,-483],[-280,-1801],[29,-123],[134,-294],[82,-294],[-6,-227],[-23,-308],[-53,-179],[-64,-97],[-193,-472],[-256,-350],[-146,-279],[-6,-294],[47,-316],[157,-138],[519,-312],[210,-298],[82,-74],[169,-156],[683,-357],[93,-209],[239,-294],[315,-309],[403,-472],[221,-257],[228,-212],[76,-70],[326,-279],[129,-64],[1079,-554],[309,-216],[245,-242],[-47,-353],[-52,-387],[87,-260],[152,-328],[46,-476],[-116,-472],[-24,-343],[105,-238],[251,-141],[234,-19],[641,-15],[799,86],[765,119],[536,45],[379,-71],[344,-141],[18,-49],[239,-692],[449,-889],[362,-409],[292,-175],[5,0],[461,-156],[409,-227],[180,-313],[-17,-822],[-76,-777],[53,-395],[204,-279],[163,-134],[642,-394],[530,-234],[245,-112],[181,-141],[47,-175],[-123,-116],[-175,-59],[-338,-41],[-653,-100],[-292,-90],[-111,-33],[-169,-179],[0,-268],[228,-565],[105,-346],[110,-406],[59,-428],[239,-398],[297,-301],[298,-417],[391,-539],[303,-432],[146,-230],[227,-279],[117,-216],[204,-331],[105,-365],[117,-409],[12,-409],[75,-261],[222,-297],[210,-190],[181,-78],[186,-78],[1068,-316],[968,-294],[776,-253],[315,-90],[362,-33],[350,-4],[385,34],[204,18],[892,127],[304,11],[210,-34],[274,-107],[303,-183],[157,-59],[216,-223],[444,-466],[385,-424],[250,-294],[123,-137],[181,-253],[140,-190],[111,-152],[35,-86],[175,-301],[105,-205],[17,-175],[-41,-320],[-35,-565],[12,-781],[6,-86],[11,-335],[65,-260],[122,-257],[257,-603],[11,-29],[549,-886],[17,-30],[455,-751],[53,-194],[-12,-293],[-327,-1202],[-23,-301],[-18,-294],[-5,-71],[-65,-484],[-64,-160],[-198,-193],[-397,-246],[-221,-182],[-169,-193],[-76,-153],[-6,-93],[47,-368],[52,-153],[76,-238],[292,-491],[35,-56],[110,-349],[35,-417],[12,-145],[-29,-547],[-53,-409],[-280,-707],[-344,-603],[-414,-826],[-105,-156],[-210,-141],[-1365,-529],[-280,-126],[-204,-156],[-169,-183],[-64,-111],[-35,-183],[35,-286],[251,-499],[151,-200],[128,-64],[216,-70],[222,-64],[1178,-178],[321,-90],[158,-167],[64,-212],[35,-197]],[[642609,733222],[-298,41],[-227,104],[-409,469],[-175,189],[-233,164],[-519,316],[-368,194],[-618,420],[-367,153],[-345,41],[-175,0],[-530,-45],[-484,-93],[-502,-71],[-513,-4],[-245,64],[-181,156],[-99,123],[-41,104],[-123,405],[-105,291],[-46,256],[-70,138],[-82,89],[-88,171],[-210,313],[-210,271],[-140,149],[-145,90],[-175,78],[-310,89],[-501,82],[-391,89],[-181,52],[-181,89],[-274,198],[-169,104],[-303,149],[-449,171],[-129,104],[-315,82],[-157,18],[-420,97],[-239,30],[-204,26],[-228,-60],[-93,-104],[-216,-78],[-280,26],[-158,89],[-75,142],[-280,323],[-210,224],[-234,148],[-309,157],[-327,149],[-29,223],[24,134],[-88,104],[-192,93],[-193,108],[-175,89],[-332,74],[-216,12],[-257,-19],[-204,15],[-152,175],[-210,193],[-250,197],[-210,220],[-280,260],[-152,190],[-82,193],[70,175],[175,160],[105,149],[12,104],[-29,171],[-35,105],[-140,238],[-123,227],[-17,81],[-24,220],[-180,160],[-140,63],[-374,101],[-775,137],[-199,97],[-105,115],[-64,127],[-111,171],[-76,126],[-175,317],[-175,327],[-64,145],[-105,134],[-157,89],[-117,220],[6,160],[-64,175],[-70,96],[-111,168],[-99,70],[-321,157],[-356,178],[-566,197],[-17,8],[-338,78],[-245,48],[-275,34],[-87,-134],[-111,-67],[-309,-108],[-274,-71],[-455,-130],[-350,-100],[-957,-168],[-99,-11],[-1610,-208],[-496,-104],[-484,-131],[-3231,-1157],[-595,-163],[-414,-45],[-555,11],[-1195,82],[-251,-11],[-618,-45],[-496,-74],[-624,-134],[-298,-112],[-163,-63],[-158,-93],[-198,-115],[-239,-145],[-181,-142],[-93,-70],[-222,-369],[-76,-312],[-204,-964],[-18,-271],[-52,-171],[-245,-287],[-87,-141],[-30,-127],[0,-122],[140,-637],[29,-249],[-209,-197],[-1045,-67],[-437,-67],[-566,-138],[-496,-167],[-309,-145],[-356,-223],[-215,-153],[-222,-175],[-169,-204],[-169,-235],[-380,-264],[-326,-205],[-368,-111],[-653,-89],[-467,-64],[-455,-63],[-501,-145],[-216,-78],[-286,-82],[-163,11],[-292,41],[-432,78],[-221,23],[-257,0],[-233,-19],[-339,-89],[-192,-86],[-163,-89],[-152,-212],[-23,-209],[-70,-692],[-41,-372],[-70,-130],[-327,-78],[-198,8],[-204,7],[-1313,104],[-192,11],[-304,-93],[59,-175],[280,-104],[910,-178],[210,-49],[175,-130],[87,-119],[53,-108],[186,-327],[660,-636],[122,-131],[41,-137],[17,-183],[-99,-223],[18,-149],[140,-200],[105,-105],[256,-193],[199,-101],[227,-119],[350,-126],[47,-15],[676,-186],[234,-82],[239,-108],[204,-145],[82,-134],[35,-108],[-146,-2116],[-158,-730],[-11,-178],[23,-134],[64,-127],[59,-107],[58,-153],[-58,-123],[-205,-82],[-204,15],[-163,82],[-490,506],[-280,56],[-315,-89],[-280,-15],[-128,22],[-274,56],[-251,-26],[-216,-116],[-204,0],[-409,60],[-163,4],[-251,15],[-274,93],[-169,100],[-134,138],[105,149],[87,70],[6,216],[-210,167],[-245,86],[-327,-7],[-525,-231],[-256,-19],[-233,116],[-117,100],[-152,115],[-76,86],[-70,141],[0,164],[88,223],[-99,190],[-199,78],[-280,60],[-163,100],[-70,167],[-64,432],[-99,171],[-245,108],[-216,41],[-257,126],[-58,123],[-117,104],[-291,101],[-601,137],[-315,56],[-204,23],[-321,-56],[-263,-41],[-256,15],[-152,137],[-35,175],[6,633],[-88,148],[-163,60],[-297,30],[-339,89],[-210,56],[-163,-149],[233,-167],[24,-171],[-193,-49],[-251,11],[-315,49],[-140,33],[-122,142],[-35,305],[-35,148],[-82,101],[-169,104],[-175,26],[-204,-11],[-887,-138],[-245,15],[-192,19],[-181,29],[-198,149],[-6,153],[268,297],[368,242],[17,223],[-292,41],[-460,-3],[-222,-86],[-64,-74],[-152,-145],[-291,-34],[-403,8],[-239,14],[-239,45],[-193,48],[-134,71],[-99,115],[-198,339],[-205,156],[-280,104],[-396,64],[-339,3],[-157,-14],[-233,-38],[-187,-48],[-210,-52],[-227,7],[-286,149],[-140,149],[-164,175],[-134,257],[-87,137],[-187,93],[-192,-37],[-310,-138],[-169,-108],[-251,-40],[-285,104],[-339,108],[-239,33],[-449,171],[-122,130],[-216,127],[-344,-30],[-210,-56],[-362,-78],[-198,-48],[-263,-8],[-192,67],[-205,175],[-256,86],[-595,171],[-274,30],[-204,-23],[-310,-89],[-297,22],[-379,90],[-479,108],[-280,100],[-268,97],[-332,56],[-292,66],[-239,71],[-257,78],[-251,157],[-204,78],[-204,15],[-239,55],[-309,108],[-210,97],[-292,197],[-379,298],[-228,22],[-175,-97],[-291,-160],[-309,-182],[-117,-82],[-262,0],[-117,86],[-152,271],[-52,298],[-239,108],[-175,4],[-240,3],[-268,45],[-222,71],[-320,15],[-100,-212],[-245,-105],[-373,-48],[-414,19],[-408,70],[-298,104],[-233,175],[-146,168],[6,145],[163,178],[181,60],[315,85],[618,183],[222,100],[-29,164],[-245,41],[-152,11],[-221,15],[-181,41],[-169,78],[-216,108],[-362,126],[-607,290],[-285,64],[-251,-11],[-193,11],[-169,56],[-152,78],[-180,122],[-105,101],[-204,231],[-216,70],[-321,0],[-292,67],[18,160],[186,194],[-215,178],[-356,63],[-274,64],[-234,74],[-111,78],[-227,313],[-82,108],[-186,74],[-245,26],[-240,0],[-583,-26],[-262,33],[-105,60],[-175,246],[-158,115],[-163,67],[-315,26],[-467,-82],[-472,-30],[-274,78],[-76,157],[-187,189],[-210,127],[-268,97],[-1219,245],[-852,208],[-426,164],[-134,89],[-128,216],[11,376],[199,543],[35,246],[-18,152],[-87,168],[-199,305],[-262,286],[-327,257],[-396,257],[-333,145],[-256,107],[-152,97],[-478,406],[-356,331],[-409,350],[-116,197],[-29,149],[23,89],[239,283],[531,744],[87,93],[251,178],[111,82],[251,208],[-467,164],[-181,30],[-280,-26],[-169,-90],[-227,-107],[-234,-30],[-688,-63],[-408,-15],[-338,33],[-286,82],[-333,160],[-76,138],[47,100],[140,156],[105,212],[-41,227],[-99,220],[-52,190],[-53,115],[-152,89],[-256,19],[-193,-56],[-134,-63],[-175,-123],[-408,-335],[-140,-67],[-309,23],[-140,100],[-88,108],[-157,290],[-175,167],[-169,26],[-642,97],[-210,138],[-23,123],[70,409],[198,182],[157,82],[140,86],[53,145],[-41,96],[-140,190],[-146,119],[-309,123],[-251,130],[-157,171],[-187,104],[-192,-29],[-263,-104],[-99,-101],[-158,-97],[-210,56],[-122,134],[-47,212],[12,275],[41,134],[23,205],[-274,112],[-297,-4],[-286,-52],[-94,-26],[-379,-60],[-204,0],[-216,86],[-560,606],[-286,339],[-215,234],[-158,246],[-128,427],[-29,105],[58,156],[128,141],[239,194],[140,208],[30,167],[116,183],[257,297],[344,395],[76,108],[76,286],[81,465],[88,536],[6,82],[-53,208],[-6,45],[-29,260],[-87,141],[-146,138],[-309,201],[-251,182],[-747,543],[-367,250],[-694,495],[-409,230],[-233,75],[-169,26],[-723,41],[-1208,7],[-496,52],[-425,115],[-164,79],[-221,182],[-35,26],[-135,223],[-5,134],[303,584],[-23,112],[-111,130],[-251,178],[-280,127],[-29,19],[-788,524],[-181,93],[-128,112],[-274,316],[-146,205],[-35,137],[-99,90],[-227,85],[-397,93],[-519,134],[-327,97],[-321,93],[-175,123],[-87,133],[-59,138],[0,104],[158,324],[-134,115],[-204,26],[-292,19],[-338,19],[-280,59],[-274,130],[-47,112],[-134,167],[-164,101],[-291,59],[-420,26],[-630,160],[-671,205],[-659,242],[-111,74],[-23,168],[29,148],[-140,153],[-280,-34],[-123,-89],[-169,-123],[-181,-163],[-99,-90],[-408,-245],[-210,-45],[-315,-18],[-245,3],[-216,37],[-169,75],[-58,234],[64,190],[227,342],[12,119],[-53,227],[-198,67],[-554,41],[-595,19],[-268,52],[-140,56],[-280,178],[-164,104],[-87,78],[-82,138],[-140,432],[-58,163],[-93,131],[-339,89],[-239,7],[-344,-29],[-385,-86],[-630,-115],[-1458,-212],[-473,-30],[-326,15],[-339,56],[-647,297],[-718,335],[-250,123],[-228,111],[-443,276],[-776,617],[-356,406],[-268,628],[-93,562],[-193,179],[-379,178],[-478,149],[-53,11],[-472,97],[-374,22],[-315,-11],[-204,0],[-210,26],[-23,157],[134,96],[-93,190],[-263,56],[-315,74],[-151,78],[-228,138],[-117,82],[-192,97],[-286,52],[-227,-15],[-263,-34],[-373,-70],[-222,59],[-297,153],[-210,163],[-175,86],[-251,22],[-187,-15],[-303,38],[-198,63],[-199,70],[-175,131],[-116,126],[-269,130],[-175,64],[-233,78],[-123,41],[-303,130],[-169,97],[-140,96],[-204,197],[-263,153],[-256,86],[-379,111],[-584,227],[-542,238],[-175,119],[-187,138],[-117,130],[-29,108],[29,182],[82,104],[362,242],[-41,175],[-158,104],[-250,116],[-245,74],[-444,112],[-490,197],[-338,219],[-152,175],[-99,127],[-41,134],[18,174],[47,231],[-24,127],[-169,182],[-152,171],[-175,305],[35,521],[-81,476],[-82,249],[-17,361],[-47,320],[-82,194],[-105,189],[-216,205],[-291,242],[-117,97],[-175,137],[-204,134],[-292,41],[-297,0],[-298,34],[-460,111],[-298,67],[-531,60],[-974,93],[-397,29],[-630,49],[-612,67]],[[487928,786634],[-303,677],[-175,286],[-88,283],[-146,231],[-29,141],[111,182],[53,168],[-286,82],[-286,-75],[-222,-7],[-192,37],[-175,41],[-210,-8],[-257,12],[-222,-15],[-233,-52],[-210,-67],[-169,-56],[-607,-208],[-1773,-960],[-1283,-514],[-881,-197],[-1015,-309],[-157,-44],[-391,-112],[-193,-59],[-239,-34],[-245,30],[-262,100],[-222,52],[-233,8],[-391,18],[-974,-18],[-642,93],[-216,85],[-81,116],[-47,353],[152,435],[169,343],[64,119],[204,357],[117,219],[-59,186],[-221,350],[-263,722],[-87,510],[46,312],[47,190],[64,104],[169,257],[222,219],[210,153],[82,108],[35,163],[0,235],[-41,148],[-152,112],[-186,34],[-549,29],[-175,34],[-198,100],[-82,119],[-17,108],[-53,324],[-58,1161],[70,171],[152,108],[251,100],[402,93],[857,130],[327,104],[99,67],[274,201],[263,264],[35,242],[-23,261],[-30,223],[30,160],[75,126],[170,157],[105,208],[46,286],[-52,224],[-76,141],[-82,74],[-239,157],[-379,208],[-204,138],[-449,308],[-70,60],[-158,301],[-105,447],[-6,431],[-169,290],[-606,789],[-286,261],[-70,96],[-47,145],[29,253],[0,123],[-70,153],[-221,204],[-76,119],[-94,179],[-40,149],[-41,305],[41,431],[52,157],[134,193],[134,59],[245,34],[333,108],[81,138],[-104,219],[-35,231],[58,152],[12,417],[5,309],[24,108],[122,275],[23,56],[140,201],[105,115],[199,197],[227,149],[251,149],[368,241],[560,265],[705,223],[298,249],[146,316],[-24,261],[-105,238],[-75,123],[-362,275],[-356,275],[-472,223],[-537,142],[-216,44],[-467,41],[-414,23],[-320,44],[-234,101],[-437,256],[-257,93],[-245,38],[-239,15],[-181,-23],[-292,-52],[-560,-182],[-787,-305],[-531,-216],[-408,-145],[-408,-34],[-275,23],[-256,93],[-251,126],[-502,268],[-391,123],[-274,41],[-385,18],[-239,38],[-566,122],[-484,164],[-816,458],[-963,747],[-455,324],[-321,227],[-285,238],[-70,127],[93,208],[262,11],[275,11],[250,131],[-5,174],[75,112],[193,126],[-18,116],[-186,93],[-169,82],[-6,145],[186,271],[94,279],[52,157],[146,137],[210,138],[140,56],[192,78],[321,130],[234,153],[280,264],[99,186],[344,658],[233,383],[140,172],[164,197],[145,160],[129,59],[245,123],[192,108],[88,123],[116,256],[59,123],[192,164],[105,178],[41,116],[35,197],[181,201],[577,710],[280,264],[251,235],[449,684],[239,462],[146,286],[199,246],[355,331],[514,446],[192,168],[490,413],[117,78],[647,428],[175,104],[123,115],[175,301],[64,108],[554,793],[216,428],[58,171],[0,204],[-111,484],[-297,644],[-327,416],[0,447],[35,360],[6,86],[0,301],[-87,302],[-257,602],[-23,146],[-53,319],[47,324],[256,629],[910,1436],[344,692],[210,528],[100,614],[-12,141],[-70,945],[146,841],[87,301],[-23,146],[-193,167],[-495,119],[-1149,231],[-514,137],[-1108,372],[-1301,436],[-461,256],[-140,82],[-548,268],[88,201],[204,71],[181,7],[478,-108],[397,-138],[116,-126],[88,-100],[181,-112],[309,-123],[239,-74],[286,-108],[233,-138],[227,-104],[409,-130],[262,-60],[344,-74],[502,11],[420,15],[490,37],[303,67],[321,78],[298,30],[385,37],[338,4],[198,0],[304,-30],[408,-182],[367,-119],[280,-93],[204,-134],[310,-253],[239,-242],[204,-186],[216,-205],[157,-100],[362,7],[239,38],[181,0],[344,-97],[134,-261],[70,-256],[158,-287],[122,-256],[99,-294],[140,-190],[123,-279],[239,-305],[192,-279],[327,-417],[134,-149],[204,-152],[175,-127],[146,-130],[99,-111],[164,-56],[303,-52],[193,82],[210,89],[280,85],[227,75],[251,74],[367,97],[228,63],[239,112],[251,163],[122,146],[187,189],[239,224],[228,130],[250,67],[339,89],[227,45],[286,22],[397,45],[251,14],[227,0],[321,-14],[420,-38],[466,-130],[362,-22],[274,7],[298,23],[385,-30],[379,67],[326,126],[228,52],[204,15],[298,-22],[250,-22],[298,-71],[268,-60],[391,-81],[327,-19],[309,7],[385,0],[251,38],[309,93],[274,141],[251,138],[227,52],[315,0],[263,-19],[227,-59],[158,-60],[181,-78],[163,-156],[99,-138],[58,-141],[100,-123],[81,-112],[169,-93],[216,-74],[216,-30],[192,19],[205,15],[198,26],[204,3],[280,-22],[286,0],[443,-67],[525,-48],[624,-97],[397,-71],[309,-104],[478,-138],[315,-66],[432,-15],[391,-34],[327,-22],[297,-37],[274,-101],[385,-104],[216,-71],[274,-82],[204,8],[263,15],[256,7],[310,0],[192,-7],[251,-19],[286,-44],[181,-23],[180,-59],[216,-49],[309,-44],[240,0],[396,0],[286,67],[169,74],[263,108],[320,37],[362,0],[263,-18],[239,-105],[262,-67],[304,-40],[274,-45],[227,-15],[420,-82],[368,-48],[408,-75],[227,-37],[251,-33],[251,152],[315,134],[321,93],[122,208],[24,198],[128,152],[193,112],[274,111],[250,79],[193,74],[117,67],[11,205],[-251,96],[-157,64],[-152,96],[-40,197],[-82,287],[0,138],[-35,189],[-99,134],[-111,130],[-128,119],[-123,131],[-105,134],[-111,145],[-93,145],[-292,134],[-181,93],[-239,178],[193,145],[227,45],[333,60],[647,-15],[251,22],[146,119],[216,234],[239,101],[297,15],[216,22],[251,127],[286,89],[251,167],[11,242],[111,331],[140,339],[140,439],[99,234],[117,182],[146,302],[35,104],[198,182],[228,182],[192,149],[146,108],[274,346],[175,287],[64,197],[175,242],[298,241],[204,127],[192,134],[158,123],[186,111],[123,86],[163,264],[228,97],[192,119],[263,130],[216,67],[314,37],[199,8],[192,0],[181,74],[169,130],[187,171],[216,168],[361,104],[368,37],[420,52],[373,52],[333,0],[315,-7],[309,-52],[239,0],[251,0],[338,29],[286,90],[321,89],[385,153],[128,78],[-23,335],[-105,264],[-29,189],[0,142],[-59,134],[-87,175],[-129,130],[-134,123],[-309,111],[-321,48],[-245,-18],[-163,-60],[-146,-70],[-152,-97],[-274,-160],[-239,-63],[-198,-15],[-298,0],[-233,0],[-297,108],[17,223],[233,86],[152,81],[163,71],[59,127],[-76,130],[-111,201],[-105,160],[-105,96],[-437,123],[-1220,354],[-332,141],[-397,186],[-338,160],[-198,93],[-251,89],[-274,82],[-344,97],[-292,104],[-70,130],[12,149],[0,156],[-6,130],[-59,134],[-163,90],[-309,96],[-245,34],[-280,48],[-268,15],[-304,41],[-291,130],[-123,156],[-111,101],[-29,138],[-175,200],[-181,90],[-140,130],[-163,141],[-47,119],[-23,384],[18,264],[-47,175],[-53,204],[-35,182],[-175,268],[-128,231],[-257,342],[-210,290],[-157,227],[-128,164],[-146,160],[-94,149],[-81,178],[-134,183],[-275,186],[-180,89],[-286,123],[-257,89],[-402,101],[-292,171],[-152,182],[-227,201],[-117,175],[-175,193],[-210,279],[-175,149],[-227,112],[-251,107],[-193,101],[-163,104],[-157,160],[-129,115],[-93,134],[-111,138],[-70,119],[-46,123],[-76,141],[-169,127],[-205,152],[-256,156],[-158,101],[-99,182],[-175,168],[-99,104],[-152,156],[-116,112],[-158,148],[-117,105],[-145,115],[-152,130],[-169,119],[-239,130],[-286,101],[-204,63],[-298,78],[-186,45],[-193,78],[-309,93],[-88,126],[-204,120],[-128,130],[-128,100],[-181,93],[-309,112],[-275,126],[-157,64],[-181,59],[-157,67],[-205,112],[-204,119],[-29,100],[2963,1042],[135,160],[262,219],[0,197],[87,201],[65,149],[40,171],[94,290],[0,209],[87,256],[-41,142],[-151,164],[-1003,643],[-228,186],[-47,112],[193,874],[0,205],[29,223],[70,231],[187,223],[0,167],[17,127],[-163,204],[-216,-11],[-204,-7],[-292,-38],[-146,53],[-262,89],[-175,89],[-175,97],[-175,134],[-187,126],[-146,104],[-192,108],[-228,-171],[-116,-160],[-146,-152],[-87,-142],[-275,-122],[-175,115],[-145,59],[-164,101],[-274,15],[-128,-78],[-175,-127],[-251,-89],[-274,-71],[-234,153],[-87,122],[-88,198],[-87,96],[-245,168],[-193,70],[-58,216],[0,134],[0,149],[-17,108],[-187,97],[-350,81],[-303,-18],[-309,-119],[-286,-45],[-280,45],[-70,115],[-164,160],[-128,134],[-233,134],[-426,97],[-420,89],[-449,59],[-292,101],[-221,175],[-12,160],[-128,275],[46,171],[140,67],[496,-30],[443,0],[572,38],[175,33],[245,89],[175,108],[128,142],[263,171],[87,63],[146,123],[228,108],[507,215],[496,179],[332,193],[292,198],[204,241],[216,372],[157,242],[234,179],[379,178],[303,160],[216,205],[216,313],[280,204],[274,123],[262,63],[234,82],[286,141],[338,160],[233,90],[315,18],[234,-18],[116,-116],[222,-41],[204,0],[420,116],[303,115],[409,141],[519,209],[904,1153],[513,952],[414,942],[275,811],[186,755],[484,926],[47,480],[0,439],[0,361],[128,424],[152,108],[0,205],[-128,204],[-234,49],[-385,0],[-256,0],[-309,107],[-228,93],[-338,15],[-461,0],[-869,30],[-234,78],[-1055,502],[-694,235],[-385,219],[-490,127],[-770,59],[-665,0],[-613,-78],[-513,-96],[-513,-127],[-310,-141],[-140,-108],[-221,-41],[-333,-30],[-227,19],[-251,89],[-233,56],[-239,30],[-345,0],[-239,-53],[-309,-67],[-268,30],[-193,123],[-216,123],[-175,82],[-215,55],[-286,8],[-187,0],[-216,0],[-198,22],[-344,86],[-298,175],[-192,130],[-251,93],[-262,85],[-415,105],[-175,78],[-157,212],[0,186],[58,227],[47,115],[12,130],[46,183],[-35,167],[-227,186],[-274,227],[-368,398],[-536,487],[-467,543],[-344,406],[-193,383],[-140,305],[-251,406],[-99,234],[-163,231],[-274,305],[-379,320],[-251,208],[-216,175],[-239,115],[-356,78],[-332,15],[-520,8],[-892,-45],[-333,22],[-460,93],[-170,71],[-250,108],[-257,89],[-408,93],[-356,0],[-12,93],[117,175],[-53,357],[-332,625],[-41,82],[-350,238],[-793,346],[-385,339],[-572,978],[-64,346],[-41,666],[-105,179],[-134,238],[-373,387],[-350,268],[-490,189],[-129,78],[-431,458],[-169,551],[-234,379],[-52,78],[-566,346],[-262,78],[-152,71],[-140,100],[-47,138],[-29,179],[-70,163],[-87,86],[-199,104],[-227,101],[-181,70],[-280,45],[-210,45],[-163,74],[-140,160],[-210,179],[-350,59],[-275,123],[-134,227],[-99,96],[-128,116],[-333,97],[-291,89],[-257,126],[-449,220],[-461,439],[-47,44],[-332,265],[-496,193],[-292,190],[-274,212],[-309,123],[-414,134],[-47,14],[-320,119],[-345,194],[-332,309],[-134,137],[-333,380],[-326,238],[-689,298],[-210,78],[-140,70],[-192,186],[-292,305],[-128,175],[-309,171],[-286,101],[-496,115],[-537,112],[-869,238],[-478,208],[-58,19],[-403,130],[-612,127],[-659,89],[-479,-11],[-41,-4],[-478,-19],[-408,-48],[-525,-11],[-309,-4],[-823,74],[-910,134],[-186,38],[-210,134],[-286,319],[-309,373],[-374,345],[164,164],[134,194],[64,148],[18,86],[-88,153],[-210,29],[-227,0],[-228,26],[-111,201],[-11,164],[-35,104],[-30,227],[-35,171],[-64,145],[-151,164],[-123,100],[-105,101],[-82,111],[-64,172],[-17,122],[122,160],[53,112],[23,149],[29,149],[53,186],[-12,156],[-134,152],[-82,123],[-70,130],[-81,123],[-210,153],[-170,108],[-99,119],[-41,208],[18,119],[41,193],[-82,127],[-146,186],[-76,186],[-23,164],[228,126],[128,145],[87,231],[251,126],[88,164],[64,93],[204,216],[128,149],[152,126],[216,119],[157,75],[146,193],[18,164],[11,149],[0,163],[-35,186],[-40,171],[-59,164],[-58,115],[-58,172],[-30,111],[-29,127],[-70,208],[-116,312],[-65,157],[-40,197],[23,115],[23,138],[29,201],[-11,201],[-12,104],[-64,134],[-105,175],[-53,167],[-93,193],[-152,168],[-145,182],[-193,194],[-93,122],[-41,116],[-47,178],[-81,197],[-18,209],[-52,178],[-129,101],[-245,111],[-134,101],[-93,178],[-29,194],[11,119],[-99,145],[-169,97],[-192,190],[-88,160],[-82,167],[-40,182],[46,112],[99,186],[181,126],[169,64],[82,200],[35,183],[-23,227],[-164,160],[-122,104],[-140,160],[-93,134],[-123,156],[-87,104],[-111,108],[-146,127],[-128,100],[-181,123],[-169,123],[-146,115],[-111,115],[-88,101],[-93,152],[-111,272],[-111,275],[-70,160],[-99,205],[-87,197],[-64,149],[-59,193],[-46,186],[-35,167],[-30,172],[-29,148],[-29,97],[-47,142],[-64,186],[-35,89],[-76,175],[-64,119],[-70,141],[-58,127],[-58,204],[-35,123],[-30,149],[-11,97],[-24,163],[-40,324],[-24,178],[-81,212],[-64,112],[-70,130],[-35,112],[-41,134],[-64,271],[-35,175],[-12,171],[-6,186],[0,172],[-6,208],[-6,242],[24,149],[52,186],[29,107],[47,146],[93,264],[105,312],[65,194],[58,186],[41,111],[99,261],[93,305],[35,119],[47,208],[17,141],[6,134],[-41,145],[-64,153],[-82,201],[-75,149],[-65,96],[-145,190],[-117,168],[-82,148],[-46,231],[6,313],[-18,111],[-64,175],[-64,167],[-29,105],[-18,134],[93,145],[105,85],[205,119],[338,190],[157,93],[169,119],[146,115],[339,294],[134,149],[52,82],[59,152],[17,82],[0,164],[-12,246],[65,226],[93,179],[152,350],[70,238],[17,134],[-23,201],[-53,171],[-128,260],[-321,681],[-82,145],[-64,108],[-111,141],[-116,119],[-175,172],[-158,167],[-134,141],[-140,145],[-82,79],[-192,107],[-134,67],[-356,164],[-192,93],[-240,149],[-169,205],[-64,115],[-70,167],[-76,157],[-70,208],[-105,324],[-122,427],[-6,67],[-23,186],[0,183],[0,96],[-18,149],[-29,168],[-29,126],[-12,231],[12,256],[6,328],[-6,119],[-41,193],[-88,357],[-70,172],[-81,126],[-181,197],[-111,123],[-192,175],[-199,123],[-175,115],[-367,309],[-408,342],[-88,156],[18,97],[40,141],[65,172],[46,119],[99,182],[187,297],[70,112],[169,253],[70,145],[12,160],[-24,108],[-29,138],[-64,201],[-105,189],[-99,127],[-117,119],[-385,327],[-414,361],[-175,138],[-227,178],[-385,354],[-199,178],[-140,160],[-75,142],[-65,111],[-128,197],[-134,190],[-140,171],[-146,123],[-146,112],[-443,335],[-192,148],[-146,119],[-134,112],[-216,186],[-164,153],[-105,111],[-157,182],[-146,142],[-99,74],[-222,127],[-146,78],[-221,145],[-175,119],[-397,268],[-222,164],[-122,122],[-88,101],[-140,163],[-140,212],[-52,227],[-29,149],[-29,93],[-99,220],[-100,182],[-46,82],[-41,182],[0,190],[-6,138],[-47,186],[-87,137],[-93,119],[-187,220],[-163,212],[-65,89],[-210,372],[-11,145],[58,253],[589,636],[432,499],[385,1265],[52,160],[263,275],[1050,614],[385,167],[99,41],[163,216],[24,219],[-76,722],[-24,1678],[-23,123],[-315,297],[-140,190],[-99,361],[12,290],[904,2069],[-53,208],[-111,138],[-402,204],[-484,142],[-543,108],[-221,93],[-152,130],[-169,160],[-216,197],[-146,167],[-239,194],[-216,123],[-1096,457],[-362,223],[-432,179],[-251,104],[-221,78],[-304,41],[-530,49],[-700,3],[-292,37],[-181,38],[-169,85],[-152,127],[-233,368],[-239,275],[-257,276],[-128,197],[-82,145],[-122,130],[-222,175],[-181,86],[-157,59],[-187,93],[-227,164],[-158,156],[-122,126],[-24,179],[59,115],[76,108],[81,160],[53,231],[-12,123],[-64,175],[-70,137],[-117,182],[-146,153],[-99,197],[6,89],[23,175],[59,175],[-59,127],[-198,134],[-222,152],[-58,156],[58,168],[70,145],[-198,111],[-122,131],[221,212],[175,30],[222,-19],[268,59],[239,97],[123,89],[64,186],[-117,116],[339,219],[140,90],[239,230],[501,242],[327,45],[198,-75],[175,-175],[181,-52],[304,0],[332,0],[274,-29],[986,-123],[449,-8],[239,34],[420,156],[327,71],[192,15],[263,-97],[175,-205],[152,-78],[157,-70],[210,-75],[233,-67],[374,-82],[548,-152],[432,-190],[507,-156],[333,22],[233,257],[233,141],[298,67],[367,22],[169,34],[239,74],[356,168],[216,52],[163,100],[170,49],[280,22],[186,78],[234,130],[816,391],[105,208],[-93,216],[-163,115],[-263,105],[-134,100],[-76,182],[-175,428],[-157,469],[11,126],[53,116],[122,111],[595,313],[554,223],[566,231],[344,52],[333,18],[426,-11],[863,-93],[478,-59],[385,-19],[251,-56],[233,-160],[99,-182],[356,-461],[321,-421],[216,-197],[332,-167],[689,-197],[496,-179],[612,-391],[181,-134],[501,-517],[455,-271],[695,-268],[991,-235],[514,-44],[303,0],[2187,186],[601,15],[251,-34],[186,-93],[199,-152],[536,-681],[228,-112],[233,-41],[858,0],[338,-41],[245,-148],[111,-138],[134,-197],[128,-238],[175,-127],[123,-52],[326,-63],[181,-171],[129,-127],[134,-223],[111,-268],[116,-130],[222,-138],[187,-55],[256,-34],[304,-108],[128,-74],[257,-186],[828,-581],[146,-104],[192,-137],[356,-30],[257,4],[274,-79],[344,-215],[741,-562],[618,-759],[245,-227],[321,-34],[216,41],[204,0],[169,-29],[251,-75],[227,-104],[146,-93],[327,-290],[186,-127],[263,-74],[303,-11],[234,0],[169,15],[221,100],[187,142],[117,70],[210,112],[192,78],[315,104],[298,186],[145,168],[263,323],[128,201],[18,141],[17,146],[59,119],[64,108],[105,145],[58,152],[111,71],[782,323],[192,134],[204,358],[123,200],[116,116],[146,78],[268,123],[385,223],[228,186],[519,777],[146,101],[268,22],[251,-26],[852,-82],[530,-115],[555,-156],[245,-75],[595,-89],[478,-93],[367,-63],[420,-75],[356,-81],[181,-71],[227,-134],[82,-112],[47,-223],[41,-156],[110,-82],[210,-119],[70,-86],[47,-193],[-134,-740],[315,-93],[210,7],[268,4],[286,-26],[379,-64],[333,19],[221,127],[158,52],[262,-19],[181,-134],[228,-156],[274,-37],[157,37],[105,138],[129,100],[192,19],[898,-8],[275,30],[233,82],[163,137],[29,108],[-23,223],[-12,235],[-64,231],[-210,323],[321,104],[624,-305],[595,-215],[315,-79],[216,-37],[222,-4],[297,-48],[274,-18],[304,26],[215,40],[210,41],[222,-3],[163,-41],[263,-86],[262,-137],[216,-186],[268,-235],[41,-33],[199,-153],[116,-82],[420,-364],[362,-216],[379,-257],[169,-137],[245,-309],[187,-231],[111,-156],[163,-261],[257,-260],[297,-179],[321,-193],[227,-89],[88,-67],[47,-190],[0,-223],[5,-153],[123,-189],[782,-462],[233,-137],[134,-164],[12,-123],[0,-164],[181,-152],[355,-320],[286,-249],[490,-253],[309,-145],[496,-209],[239,-108],[187,-107],[175,-108],[87,-86],[135,-126],[303,-406],[198,-298],[146,-241],[64,-97],[181,-160],[163,-108],[193,-119],[396,-115],[240,-30],[379,-4],[274,34],[362,18],[245,-41],[128,-63],[245,-138],[309,-74],[286,0],[309,45],[408,111],[385,119],[274,60],[199,30],[385,-19],[309,-119],[76,-97],[157,-602],[164,-194],[227,-41],[356,52],[286,123],[134,82],[245,160],[146,186],[145,93],[1301,398],[578,179],[536,104],[140,63],[228,190],[251,234],[326,264],[158,223],[262,317],[269,264],[163,197],[-18,186],[-64,201],[24,126],[105,242],[245,394],[99,265],[134,178],[251,257],[99,175],[35,130],[-111,216],[-187,145],[-280,141],[-204,82],[-128,201],[-35,138],[35,260],[-23,74],[-94,212],[-93,235],[-228,413],[-180,513],[-362,581],[-70,208],[12,175],[70,123],[163,156],[537,275],[116,104],[12,142],[175,126],[216,41],[204,45],[233,63],[298,104],[93,101],[88,193],[40,346],[76,320],[94,305],[58,108],[210,126],[344,123],[99,82],[146,246],[52,145],[175,145],[205,82],[116,100],[181,78],[163,134],[30,119],[-111,138],[-257,152],[12,179],[35,104],[227,93],[222,175],[23,264],[140,153],[286,-41],[333,-49],[221,-15],[269,23],[332,89],[286,-26],[291,41],[187,78],[257,145],[251,86],[355,15],[257,93],[146,70],[297,19],[187,-60],[298,23],[227,115],[152,78],[227,78],[105,71],[204,74],[543,197],[221,149],[53,119],[76,168],[181,74],[180,190],[82,93],[152,167],[338,8],[245,3],[-23,235],[-222,193],[146,149],[64,141],[58,205],[245,145],[41,145],[18,238],[175,138],[105,141],[81,127],[18,123],[105,156],[128,41],[245,56],[280,48],[210,45],[140,81],[198,101],[129,15],[344,37],[233,41],[245,-15],[99,-97],[175,-171],[525,-178],[339,-45],[151,22],[228,64],[245,174],[-12,369],[64,286],[99,179],[170,167],[192,101],[268,96],[345,15],[437,-63],[198,-15],[187,0],[315,56],[677,394],[810,406],[1727,878],[648,-212],[542,-264],[402,-227],[450,-447],[186,-517],[47,-692],[-152,-577],[-379,-762],[-449,-1124],[0,-275],[35,-275],[245,-272],[297,-201],[496,-145],[1394,-789],[560,-695],[158,-1139],[52,-390],[210,-451],[164,-156],[816,-1332],[648,-465],[46,-22],[584,-260],[507,-283],[887,-1019],[700,-1161],[326,-904],[140,-540],[-70,-617],[-17,0],[262,-1436],[543,-1797],[496,-953],[425,-390],[572,-302],[974,-219],[770,-242],[758,-346],[298,-279],[344,-324],[426,-606],[216,-312],[484,-711],[817,-685],[834,-539],[1050,-472],[729,-231],[723,-320],[601,-450],[408,-555],[76,-736],[-88,-800],[-676,-1745],[-408,-580],[-607,-651],[-204,-264],[-41,-186],[-12,-238],[53,-276],[181,-268],[192,-275],[187,-182],[111,-186],[507,-383],[560,-425],[537,-498],[484,-562],[116,-134],[543,-364],[799,-417],[887,-283],[1779,-487],[1586,-633],[1068,-628],[1703,-986],[1108,-659],[374,-212],[297,-167],[397,-536],[11,-837],[-315,-1112],[-29,-424],[204,-384],[438,-427],[362,-201],[355,-197],[1179,-421],[1761,-521],[2083,-666],[1592,-825],[1890,-1184],[980,-807],[875,-1015],[426,-659],[390,-1101],[94,-845],[-263,-729],[-437,-472],[-1826,-1053],[-76,-45],[-612,-428],[-724,-454],[-279,-126],[-105,-71],[-362,-204],[-414,-183],[-601,-111],[-636,-37],[-770,-4],[-799,-30],[-414,-26],[-438,-63],[-478,-93],[-315,-127],[-122,-48],[-450,-260],[-525,-276],[-466,-286],[-356,-268],[-105,-78],[-414,-395],[-233,-163],[-473,-201],[-1586,-205],[-2445,-413],[-1178,-230],[-3284,-938],[-472,-119],[-2421,-614],[-2648,-632],[-1324,-272],[-1890,-197],[-741,19],[-245,29],[-892,101],[-916,108],[-554,44],[-759,34],[-437,-82],[-58,-11],[-695,-175],[-536,-179],[-543,-446],[-41,-398],[292,-499],[484,-506],[1050,-587],[1050,-603],[53,-48],[180,-157],[88,-364],[-47,-249],[-245,-384],[-87,-96],[-234,-250],[-1668,-1283],[-519,-554],[-105,-544],[93,-729],[572,-1235],[712,-1257],[58,-105],[793,-799],[753,-577],[455,-316],[233,-164],[525,-666],[-128,-670],[-362,-569],[-379,-372],[-858,-439],[-175,-398],[-11,-249],[396,-722],[263,-1120],[152,-1648],[-129,-230],[-513,-953],[-286,-524],[-2205,-2344],[-723,-1157],[-263,-781],[-52,-711],[350,-740],[729,-666],[1003,-666],[2462,-986],[1178,-499],[152,-119],[624,-509],[321,-383],[426,-1317],[262,-1671],[123,-882],[145,-357],[123,-145],[577,-669],[601,-1009],[1663,-3422],[542,-826],[292,-871],[396,-2578],[35,-201],[210,-714],[140,-458],[117,-480],[-41,-197],[-58,-301],[-455,-770],[-53,-93],[-565,-1194],[-187,-811],[12,-112],[17,-279],[76,-249],[105,-339],[274,-904],[93,-703],[-233,-792],[-449,-733],[-840,-614],[-507,-461],[-700,-652],[-490,-669],[-129,-302],[59,-621],[396,-684],[1091,-1373],[589,-633],[158,-141],[262,-316],[432,-302],[554,-223],[939,-286],[210,-142],[134,-107],[128,-105],[117,-301],[-23,-93],[-146,-558],[-233,-647],[-222,-715],[-12,-48],[-99,-309],[-6,-85],[-46,-811],[99,-633],[443,-1068],[29,-435],[12,-256],[-123,-116],[-239,-216],[-781,-346],[-759,-349],[-256,-168],[-222,-268],[-64,-238],[-64,-223],[-216,-420],[-303,-346],[-228,-49],[-484,-96],[-1890,-198],[-1178,-107],[-957,-276],[-1207,-413],[-753,-383],[-291,-283],[-362,-468],[-799,-1035],[-333,-431],[-145,-309],[5,-498],[41,-421],[-536,-766],[-724,-808],[-262,-267],[-12,-179],[-87,-844],[46,-175],[175,-681],[88,-443],[-257,-848],[-420,-588],[-286,-372],[-75,-108],[-129,-167],[-29,-164],[-23,-138],[-35,-241],[64,-101],[268,-424],[554,-588],[1359,-539],[205,-82],[262,-108],[309,-141],[274,-130],[205,-93],[140,-93],[140,-138],[186,-201],[64,-100],[99,-149],[403,-573],[157,-253],[654,-990],[367,-491],[117,-424],[41,-149],[-18,-126],[-17,-134],[-41,-395],[-128,-368],[-135,-379],[-5,-45],[134,-513],[192,-186],[286,-71],[438,-19],[583,145],[70,93],[99,153],[111,219],[35,168],[41,164],[58,156],[64,178],[82,209],[204,197],[227,141],[205,116],[180,119],[175,137],[175,71],[368,193],[496,209],[385,223],[233,100],[193,90],[163,100],[898,2671],[461,1343],[379,413],[303,328],[1844,1067],[490,287],[933,539],[1207,700],[152,89],[408,134],[782,41],[47,4],[390,107],[467,302],[303,376],[374,710],[554,633],[233,401],[99,469],[175,491],[164,227],[52,67],[566,287],[665,96],[367,11],[566,-63],[613,-327],[29,-22],[361,-239],[508,-186],[437,-52],[741,26],[788,145],[600,64],[2870,305],[1674,312],[1768,614],[1120,279],[682,89],[700,-44],[729,-116],[788,-156],[23,-4],[799,-18],[683,63],[741,145],[653,287],[595,264],[1703,1027],[473,517],[35,33],[81,372],[29,145],[146,685],[496,666],[1114,829],[508,313],[2239,848],[2351,428],[1003,212],[1295,446],[584,242],[1015,261],[653,212],[770,260],[507,302],[537,427],[653,331],[41,19],[601,309],[857,312],[432,224],[29,18],[770,249],[572,160],[723,71],[729,82],[799,-8],[770,34],[129,15],[822,692],[1418,487],[1446,93],[1528,41],[1599,108],[1312,26],[1622,134],[1440,-156],[1727,-197],[793,-8],[134,458],[129,498],[216,558],[180,674],[65,234],[122,283],[2817,1149],[1389,454],[1720,179],[2584,718],[502,-409],[747,-585],[1149,56],[1143,398],[933,410],[1412,279],[1102,-131],[910,-409],[1243,-279],[1505,-15],[2992,49],[1196,-309],[1866,-469],[794,-539],[956,-748],[2176,-1168],[2106,-718],[671,-350],[192,-2225],[385,-498],[1103,-205],[1289,-30],[740,-160],[601,-234],[455,-205],[432,45],[0,249],[-123,235],[146,454],[210,528],[-356,584],[-145,748],[262,364],[648,543],[309,276],[0,294],[46,688],[321,725],[362,622],[256,491],[619,264],[1452,357],[1237,134],[251,290],[-216,420],[-111,536],[146,577],[904,402],[1277,290],[613,201],[548,621],[216,1023],[618,1380],[1668,670],[1564,268],[1166,621],[2649,934],[1359,1172],[956,-930],[479,-380],[443,-230],[467,-164],[571,-101],[1120,-100],[461,-45],[531,-37],[542,-97],[438,-78],[857,-327],[280,-182],[123,-82],[455,-302],[443,-431],[350,-621],[-123,-908],[-250,-1514],[-671,-934],[-479,-677],[-122,-607],[-47,-223],[76,-152],[163,-119],[572,-361],[560,-257],[204,-93],[461,-182],[671,-339],[408,-219],[461,-324],[105,-260],[-117,-246],[-805,-1179],[-116,-521],[-18,-67],[47,-253],[-18,-216],[41,-257],[216,-271],[548,-249],[560,-324],[455,-413],[193,-205],[76,-78],[-146,-182],[-140,-41],[-1313,-305],[-262,-149],[-152,-193],[-17,-160],[-6,-97],[163,-365],[169,-301],[916,-1231],[508,-655],[268,-115],[507,-86],[170,-48],[367,-67],[216,-30],[239,-138],[152,-201],[-59,-424],[-134,-1131],[-175,-256],[-385,-960],[-140,-506],[35,-182],[123,-131],[303,4],[496,149],[192,48],[572,134],[618,86],[234,-8],[332,-29],[898,-45],[199,-123],[-53,-238],[-391,-603],[-105,-282],[-5,-12],[186,-200],[1091,-261],[1575,-238],[1586,-205],[502,-11],[484,138],[169,74],[385,175],[846,261],[928,226],[180,82],[613,279],[426,350],[367,231],[432,268],[309,67],[134,0],[385,-12],[426,-193],[169,-190],[18,-123],[-210,-483],[-47,-108],[111,-216],[426,-394],[431,-625],[18,-37],[52,-227],[-81,-406],[-53,-342],[82,-309],[64,-93],[303,-305],[274,-193],[275,-23],[350,119],[460,287],[350,338],[344,372],[234,175],[128,60],[216,29],[292,0],[268,-85],[163,-67],[315,-138],[152,-67],[245,-26],[204,0],[181,4],[274,37],[251,56],[146,37],[274,-70],[181,-30],[227,-157],[53,-137],[245,-97],[326,4],[362,11],[210,-15],[169,15],[222,37],[227,60],[245,-11],[339,-82],[314,-37],[181,0],[222,7],[309,78],[228,119],[420,104],[215,34],[345,41],[239,29],[274,146],[216,93],[286,85],[285,15],[140,33],[280,82],[181,67],[198,101],[234,-90],[-12,-133],[-35,-149],[-128,-101],[41,-223],[227,-100],[251,-90],[239,-55],[175,-38],[204,-63],[321,-97],[315,-15],[99,-223],[64,-193],[140,-97],[158,-145],[41,-74],[274,-75],[280,8],[157,-101],[134,-97],[257,-111],[268,-164],[123,-219],[227,-190],[-46,-227],[-257,-7],[-152,-97],[94,-197],[93,-134],[53,-119],[99,-201],[93,-142],[187,-174],[175,-142],[221,-78],[181,-56],[140,-104],[164,-141],[198,-34],[187,-18],[291,-23],[198,78],[210,149],[193,-93],[64,-152],[99,-179],[76,-149],[233,-7],[234,-41],[151,-138],[105,-93],[117,-134],[47,-111],[46,-194],[-151,-74],[-204,-63],[-100,-119],[-5,-224],[-140,-178],[-146,-212],[11,-142],[65,-178],[140,-108],[198,-197],[216,-145],[280,-127],[186,-63],[205,-141],[99,-138],[157,-104],[210,-67],[245,-86],[199,-74],[209,-41],[263,7],[262,86],[222,11],[228,-82],[81,-193],[29,-116],[47,-137],[0,-145],[70,-101],[286,-97],[222,-55],[81,-183],[59,-111],[105,-108],[186,-123],[216,-71],[-52,-193],[-82,-153],[128,-85],[158,-141],[64,-112],[111,-104],[251,-101],[192,-82],[315,-119],[163,-63],[169,-100],[205,-164],[157,-138],[123,-115],[268,-48],[157,33],[199,37],[245,12],[157,-131],[187,-167],[-35,-108],[-6,-212],[41,-134],[64,-171],[70,-160],[134,-156],[105,-123],[94,-182],[151,-216],[88,-82],[192,-108],[146,-152],[18,-175],[-210,-119],[-158,7],[-52,-205],[46,-148],[29,-119],[216,-153],[239,-71],[146,-48],[198,-115],[269,-108],[256,30],[216,37],[164,-11],[215,-60],[82,-97],[23,-163],[0,-116],[181,-134],[88,-227],[-94,-223],[94,-137],[111,-79],[210,-52],[297,-63],[216,22],[315,-29],[52,-127],[100,-197],[209,-171],[240,-93],[163,-15],[233,-89],[-58,-153],[-35,-115],[-146,-194],[-192,-63],[-199,-78],[-99,-201],[-175,-71],[-128,-74],[-18,-164],[70,-182],[-198,-56],[-58,-223],[216,-171],[-76,-101],[-234,-171],[30,-160],[-35,-96],[-41,-134],[99,-116],[128,-227],[88,-145],[204,-104],[356,-15],[303,19],[210,19],[192,33],[175,45],[216,33],[309,22],[205,-29],[233,-75],[87,-104],[310,-82],[221,-163],[-181,-205],[-46,-145],[169,-171],[122,-45],[245,-85],[234,-23],[151,11],[280,82],[187,45],[239,-48],[198,-71],[280,-75],[257,-93],[210,-70],[344,-49],[292,15],[222,11],[408,26],[490,8],[146,-4],[303,-11],[204,0],[298,7],[385,45],[355,34],[164,-4],[227,-19],[414,-44],[350,-8],[234,-18],[338,-86],[280,4],[227,-19],[193,-15],[327,-22],[157,-22],[210,-52],[187,-101],[93,-212],[-111,-164],[-221,-78],[-88,-100],[-122,-119],[-111,-179],[105,-119],[151,-112],[193,-40],[303,-123],[187,-93],[152,-171],[204,-268],[-24,-186],[-105,-112],[41,-171],[94,-86],[58,-178],[82,-119],[81,-175],[59,-123],[110,-100],[175,-130],[129,-75],[274,-149],[175,-85],[93,-86],[216,-108],[251,0],[169,4],[268,-74],[64,-138],[-110,-134],[-210,-93],[-117,-112],[117,-197],[297,15],[163,26],[199,45],[478,93],[222,7],[239,-44],[93,-212],[-210,-190],[-128,-175],[169,-104],[321,-49],[175,-3],[221,11],[210,-11],[257,-90],[152,-133],[122,-172],[64,-100],[65,-149],[70,-204],[58,-94],[140,-137],[181,-134],[58,-123],[-82,-138],[-145,-70],[-216,-71],[-216,-56],[-158,-52],[-169,-78],[-146,-123],[-29,-204],[-81,-164],[-12,-145],[175,-153],[163,-14],[181,-79],[93,-93],[275,-137],[210,-71],[134,-97],[111,-96],[250,-38],[286,-41],[257,-14],[373,-8],[286,-33],[158,-75],[-6,-189],[-175,-112],[17,-167],[164,-108],[140,-97],[151,-130],[198,-30],[222,-26],[158,-11],[233,26],[181,67],[280,175],[192,111],[181,186],[146,209],[210,133],[268,-26],[152,-85],[204,-119],[280,-134],[338,78],[199,26],[180,0],[170,115],[-41,108],[-88,130],[29,183],[205,70],[262,-55],[175,-97],[239,-89],[263,-71],[268,-67],[181,26],[204,45],[280,22],[239,-82],[204,-74],[88,-75],[163,-122],[245,-127],[123,-82],[192,-85],[245,-138],[88,-160],[250,-138],[269,-111],[256,-45],[292,-119],[216,-126],[175,-56],[268,-30],[356,11],[303,56],[134,45],[275,-93],[145,-198],[210,-119],[257,-126],[88,-138],[58,-193],[-70,-168],[-6,-204],[-12,-194],[0,-163],[117,-164],[93,-138],[53,-227],[64,-126],[47,-108],[116,-145],[140,-82],[245,-78],[152,-26],[286,-30],[262,-33],[350,-12],[350,-74],[339,-223],[87,-63],[210,-93],[268,-82],[257,-34],[298,-26],[355,15],[280,11],[175,30],[146,93],[187,63],[303,-78],[210,-48],[280,93],[233,52],[193,-182],[105,-138],[327,48],[-41,175],[163,123],[128,100],[129,108],[297,-18],[181,-67],[82,-157],[-99,-85],[-286,-71],[-228,-156],[6,-167],[-17,-112],[40,-197],[245,-160],[187,82],[333,52],[396,59],[368,67],[309,101],[408,160],[467,249],[676,342],[461,197],[315,116],[257,74],[367,67],[269,34],[326,-19],[175,-52],[222,-86],[350,-178],[373,-224],[333,-182],[437,-178],[455,-179],[560,-257],[269,-152],[425,-164],[420,-178],[467,-157],[210,-78],[607,-141],[239,-82],[379,-164],[443,-282],[76,-38],[1202,-621],[402,-223],[152,-82],[256,-138],[450,-182],[519,-260],[233,-138],[257,-149],[939,-699],[589,-447],[525,-435],[327,-264],[484,-313],[408,-152],[309,-75],[356,8],[216,63],[157,82],[129,100],[175,172],[99,104],[146,134],[180,163],[356,-122],[362,48],[117,74],[233,45],[187,100],[81,108],[111,205],[-41,160],[-35,93],[53,178],[-6,138],[70,134],[23,97],[158,167],[145,194],[88,167],[146,86],[274,81],[163,56],[152,142],[76,81],[140,131],[356,11],[186,-48],[193,-53],[233,-26],[140,-78],[321,-108],[257,-70],[221,-49],[129,-197],[279,-78],[286,-145],[280,-101],[257,41],[204,-63],[210,93],[321,-41],[181,34],[280,111],[256,-41],[187,52],[187,34],[157,78],[350,-37],[251,-104],[163,78],[204,130],[263,-119],[99,-212],[134,-160],[333,-67],[315,-115],[350,-49],[286,-3],[180,-49],[181,-108],[234,-41],[297,-63],[105,-149],[76,-100],[245,-26],[297,4],[286,-52],[158,-12],[227,-78],[251,-152],[338,0],[222,0],[245,78],[315,97],[280,-4],[350,-86],[198,-48],[175,-123],[152,-59],[216,-164],[256,0],[263,4],[122,-78],[251,78],[286,81],[292,-40],[256,-67],[123,-186],[204,-160],[257,-142],[122,-141],[47,-97],[163,-97],[47,-134],[64,-212],[41,-81],[250,-123],[240,-30],[175,-78],[105,-149],[175,-130],[64,-108],[204,-78],[297,-104],[181,-171],[18,-142],[64,-137],[93,-97],[152,-127],[239,-167],[82,-130],[52,-130],[82,-131],[245,-122],[187,-79],[-35,-182],[186,-152],[6,-198],[-41,-107],[0,-157],[-52,-111],[-47,-168],[262,-160],[222,4],[128,-108],[280,-56],[286,-204],[257,-287],[309,-428],[152,-409],[309,-398],[362,-331],[414,-350],[595,-1060],[437,-238],[204,-156],[858,-209],[408,-141],[315,-93],[181,-175],[175,-253],[134,-301],[175,-316],[338,-146],[519,-126],[1214,-30],[647,60],[1283,212],[549,89],[1061,205],[1266,394],[840,216],[274,26],[29,197],[105,141],[164,127],[23,190],[35,197],[158,59],[239,157],[81,171],[53,108],[134,201],[70,163],[64,194],[64,186],[30,137],[169,800],[216,186],[58,112],[47,182],[-18,101],[-134,174],[0,127],[-105,193],[-93,127],[87,219],[163,168],[187,149],[146,137],[175,93],[169,52],[297,52],[1885,194],[455,44],[332,90],[216,212],[134,182],[210,48],[239,-130],[239,-44],[292,48],[152,74],[116,97],[228,141],[157,56],[420,123],[362,30],[262,7],[234,8],[175,137],[93,164],[64,119],[117,97],[198,44],[636,-11],[216,30],[251,108],[140,138],[40,219],[164,190],[519,420],[181,153],[338,193],[204,116],[216,63],[297,63],[210,34],[193,85],[187,167],[157,146],[146,130],[146,208],[-29,447],[23,93],[163,383],[169,282],[275,157],[425,115],[380,108],[1195,387],[187,134],[169,242],[23,37],[158,230],[157,138],[327,19],[350,-41],[198,-4],[228,4],[204,4],[228,11],[215,41],[298,100],[169,104],[187,231],[204,268],[175,96],[332,108],[175,105],[94,93],[256,379],[6,4],[391,416],[286,413],[676,815]],[[639243,644333],[-338,264],[-187,171],[-163,93],[-951,320],[-268,79],[-70,18],[-450,171],[-198,90],[-99,59],[-123,130],[-35,127],[-140,163],[-186,90],[-239,189],[-59,205],[47,149],[-105,167],[-152,101],[-233,126],[-175,104],[-93,220],[81,134],[455,309],[35,219],[-548,487],[-408,391],[-24,22],[-385,294],[-233,138],[-239,130],[-175,63],[-286,53],[-210,-12],[-286,-18],[-146,15],[-227,89],[-140,104],[-566,610],[-280,123],[-245,41],[-531,41],[-2310,85],[-157,-3],[-437,26],[-205,29],[-320,105],[-210,148],[-88,123],[-181,320],[-58,93],[-268,246],[-275,242],[-157,148],[-88,201],[-40,272],[-24,457],[-35,168],[-41,104],[-99,119],[-93,112],[-76,115],[-29,231],[76,119],[198,141],[158,164],[17,137],[-23,134],[-59,142],[-116,134],[-216,156],[-53,26],[-332,160],[-70,33],[-1056,518],[-175,119],[-291,227],[-245,208],[-146,126],[-245,108],[-234,67],[-1668,186],[-1026,112],[-292,56],[-484,152],[-636,290],[-338,86],[-333,-15],[-163,-37],[-455,-49],[-432,19],[-501,119],[-321,127],[-304,145],[-245,156],[-122,149],[-76,264],[23,227],[12,97],[-35,200],[-64,112],[-117,104],[-111,97],[-204,71],[-210,29],[-239,4],[-706,-33],[-355,14],[-321,82],[-269,153],[-245,193],[-250,268],[-187,127],[-105,44],[-379,108],[-204,63],[-210,142],[-12,234],[-17,223],[-210,108],[-333,-11],[-204,-26],[-333,26],[-157,86],[-123,104],[-163,130],[-338,294],[-140,93],[-286,108],[-251,18],[-437,4],[-257,37],[-262,86],[-263,108],[-117,186],[-29,126],[-99,172],[-187,174],[-1079,897],[-186,149],[-385,260],[-164,93],[-326,168],[-199,78],[-204,48],[-315,0],[-280,-41],[-478,-37],[-537,-19],[-542,41],[-403,90],[-262,122],[-175,97],[-117,89],[-46,127],[40,234],[53,264],[0,179],[-64,208],[-76,112],[-140,111],[-233,112],[-660,194],[-367,148],[-105,41],[-309,153],[-624,290],[-251,246],[-53,297],[187,480],[76,145],[35,212],[-6,261],[-134,212],[-88,-145],[-216,-86],[-210,-48],[-268,-30],[-291,-48],[-420,-79],[-245,-67],[-193,-137],[-76,-156],[-11,-164],[93,-164],[76,-93],[29,-141],[-117,-142],[-181,-29],[-186,-4],[-339,71],[-787,201],[-181,-23],[-233,-164],[-303,-394],[-199,-141],[-146,-104],[-262,-153],[-257,-167],[-128,-108],[-111,-104],[-181,-123],[-280,-119],[-256,-41],[-362,-37],[-414,-23],[-513,-44],[-175,-19],[-473,-123],[-175,-63],[-198,-48],[-175,0],[-193,-4],[-198,-41],[-309,-126],[-129,-119],[-52,-153],[-35,-346],[12,-112],[17,-197],[233,-495],[205,-334],[11,-105],[-11,-145],[-426,-435],[-239,-197],[-140,-194],[-292,-539],[-111,-145],[-198,-63],[-222,-15],[-309,93],[-111,97],[-58,156],[-58,204],[-88,183],[-192,182],[-187,112],[-776,424],[-76,44],[-233,157],[-181,119],[-280,134],[-146,134],[-216,130],[-99,163],[-175,64],[-227,29],[-309,60],[-134,-26],[-286,56],[-35,178],[-146,93],[-280,90],[-163,100],[-187,171],[-146,63],[-198,172],[-199,63],[-64,134],[-216,171],[-99,100],[-186,104],[-275,101],[-110,82],[-210,70],[-263,138],[-169,141],[-257,134],[-239,56],[-239,26],[-175,30],[-140,119],[-187,164],[-29,104],[-157,115],[-99,67],[-310,101],[-326,-4],[-263,52],[-239,22],[-239,0],[-216,26],[-157,34],[-257,30],[-134,-26],[-105,-157],[29,-96],[128,-201],[88,-164],[140,-283],[87,-152],[6,-160],[-11,-93],[110,-164],[123,-59],[280,-116],[128,-85],[88,-134],[46,-212],[-105,-183],[-344,-63],[-216,30],[-192,11],[-268,-11],[-263,-127],[-52,-182],[17,-227],[29,-89],[134,-182],[-46,-179],[-105,-141],[-204,-138],[-152,-100],[-251,-101],[-677,-141],[-274,-64],[-291,-14],[-304,-19],[-204,-4],[-326,0],[-514,23],[-181,11],[-408,56],[-344,78],[-408,126],[-310,142],[-338,115],[-233,48],[-327,52],[-274,26],[-315,-3],[-251,-49],[-210,-63],[-618,-279],[-303,-126],[-245,-49],[-275,-26],[-332,0],[-204,26],[-776,89],[-1044,216],[-1266,313],[-379,160],[-1067,457],[-485,242],[-315,205],[-204,167],[-111,119],[-35,201],[135,141],[145,90],[135,175],[-18,171],[-87,89],[-175,89],[-199,38],[-391,22],[-863,-19],[-431,49],[-187,29],[-175,75],[-589,353],[-566,298],[-467,242],[-490,197],[-326,137],[-333,45],[-315,-19],[-239,-37],[-1272,-643],[-1149,-659],[-740,-729],[-205,-167],[-239,-112],[-151,-82],[-339,-71],[-198,-26],[-245,0],[-595,75],[-682,152],[-502,116],[-181,59],[-169,67],[-263,134],[-227,123],[-233,89],[-315,123],[-1045,301],[-209,60],[-263,44],[-286,23],[-291,-8],[-490,-59],[-286,-60],[-187,-85],[-245,-149],[-152,-145],[-70,-156],[-58,-138],[-17,-197],[40,-86],[152,-130],[782,-517],[128,-209],[99,-293],[269,-518],[192,-286],[82,-86],[321,-174],[367,-127],[233,-111],[53,-146],[-111,-212],[-764,-234],[-193,-100],[-268,-153],[-111,-149],[129,-100],[239,-56],[245,11],[286,52],[344,0],[204,-15],[239,-41],[262,-48],[327,26],[193,89],[163,15],[210,-44],[572,-235],[52,-26],[403,-178],[309,-272],[939,-681],[46,-212],[-274,-428],[-157,-435],[-338,-629],[-240,-234],[-653,-435],[-700,-398],[-1377,-544],[-1318,-621],[-507,-331],[-560,-327],[-514,-365],[-320,-253],[-1278,-904],[-76,-41],[-373,-93],[-245,-15],[-332,4],[-228,33],[-507,134],[-12,8],[-811,435],[-437,275],[-1377,707],[-537,190],[-215,74],[-275,220],[-163,201],[-216,119],[-355,52],[-345,0],[-635,-127],[-881,-160],[-899,-122],[-373,-34],[-729,-15],[-863,75],[-397,115],[-525,313],[-682,293],[-677,146],[-589,33],[-712,37],[-303,4],[-128,-19],[-240,-100],[-151,-89],[-210,-190],[-181,-123],[-222,-97],[-268,-67],[-478,-3],[-1546,-11],[-385,44],[-152,56],[-233,141],[-303,186],[-397,134],[-146,30],[-286,19],[-408,52],[-262,44],[-420,138],[-712,193],[-612,160],[-397,97],[-659,130],[-426,-156],[-245,-71],[-356,-104],[-286,-18],[-256,26],[-123,33],[-222,56],[-309,-56],[-466,-63],[-309,-63],[-269,-112],[-251,41],[-239,-7],[-227,-45],[-245,-34],[-169,-55],[-275,0],[-245,-38],[-268,27],[-338,44],[-187,93],[-70,186],[-52,123],[-117,115],[-262,101],[-275,41],[-338,-56],[-6,-194],[187,-89],[47,-156],[-175,-89],[-181,-97],[-286,-130],[-175,-67],[-274,-186],[-59,-41],[-408,-253],[-105,-142],[-82,-130],[-93,-130],[-169,-112],[-82,-119],[-221,-78],[-158,-78],[-140,-93],[-268,-71],[-268,64],[-245,14],[-275,-104],[-280,26],[-262,-115],[-193,-160],[146,-115],[-64,-168],[-315,30],[-292,-19],[-58,-130],[-122,-82],[-193,-100],[-297,0],[-210,-52],[-175,-37],[-274,-8],[-269,-7],[-251,-26],[-157,-34],[-204,-44],[-274,-71],[11,-119],[-116,-186],[-47,-138],[227,-186],[123,-182],[245,-108],[-53,-227],[-110,-182],[93,-138],[128,-186],[-146,-108],[-93,-104],[-23,-149],[-187,-126],[-117,-19],[-210,-115],[-128,-86],[-12,-234],[-221,-171],[-140,-112],[-111,-230],[52,-175],[-58,-168],[239,-160],[64,-130],[100,-178],[110,-101],[76,-115],[222,-108],[-29,-119],[-158,-108],[94,-175],[-70,-212],[-199,-33],[-274,7],[-257,33],[-332,138],[-980,577],[-117,52],[-484,141],[-198,52],[-268,67],[-718,104],[-764,75],[-105,-89],[262,-175],[228,-194],[251,-171],[87,-104],[70,-145],[164,-197],[110,-101],[135,-104],[227,-126],[198,0],[275,-41],[169,-79],[122,-130],[187,-175],[64,-148],[-41,-175],[-151,-75],[-170,-134],[-11,-130],[0,-186],[-12,-428],[18,-130],[-18,-171],[-146,-342],[-116,-488],[-187,-502],[-193,-164],[-221,-152],[-531,-301],[-198,3],[-210,-33],[-304,-67],[-204,-56],[-186,-115],[64,-142],[58,-156],[23,-182],[-105,-194],[-116,-152],[-216,-190],[-158,-167],[-274,-149],[18,-149],[210,-212],[46,-89],[41,-145],[-146,-279],[-40,-75],[-205,-338],[-23,-38],[-122,-383],[-175,-599],[-129,-100],[-466,-48],[-560,-38],[-228,0],[-262,38],[-304,74],[-618,190],[-216,22],[-256,-19],[-152,-63],[-163,-141],[-216,-175],[-204,-60],[-286,-11],[-210,-63],[-216,-119],[-158,-82],[-210,-45],[-122,-70],[-105,-145],[-41,-209],[-35,-130],[-297,-89],[-333,-93],[-192,0],[-222,-49],[-309,-29],[-193,52],[-198,-8],[-367,-33],[-210,74],[-292,97],[-315,30],[-193,3],[-186,-14],[-280,-60],[-204,-86],[-350,-18],[-210,-104],[-88,-149],[-81,-93],[-251,-60],[-187,-182],[-239,-67],[-298,30],[-163,82],[-251,186],[-151,78],[-292,-8],[-286,-145],[-105,-108],[-116,-197],[-129,-96],[-181,-53],[-163,-141],[41,-104],[-105,-167],[-187,-97],[-268,-60],[-298,-67],[105,-223],[222,-89],[140,-104],[298,-56],[192,-116],[82,-174],[256,-56],[111,-123],[-29,-115],[-227,-138],[-181,-182],[-99,-127],[-251,-100],[-18,-212],[47,-223],[41,-172],[227,-89],[222,-33],[280,-93],[297,-41],[234,-78],[297,52],[175,-112],[193,34],[140,-160],[-65,-145],[-70,-190],[123,-149],[23,-145],[99,-164],[-169,-97],[-280,-3],[-239,-101],[64,-149],[105,-111],[152,-153],[-146,-119],[-222,-122],[100,-127],[204,-126],[262,-138],[140,-149],[-140,-156],[-81,-101],[-164,-163],[-245,-153],[-420,220],[-116,-131],[75,-152],[-169,-156],[-29,-153],[140,-85],[152,-134],[321,-101],[210,4],[163,30],[204,-108],[-41,-220],[-105,-137],[-134,-90],[-280,-122],[-309,-86],[-391,-41],[-198,-63],[-35,-164],[41,-115],[46,-164],[35,-100],[275,-67],[180,-37],[76,-209],[-233,-104],[111,-160],[17,-190],[-192,-41],[-216,-104],[12,-171],[-105,-100],[-263,52],[-292,-8],[-210,-175],[-151,-81],[-29,-283],[-82,-130],[47,-171],[-82,-175],[-303,-138],[-181,67],[-239,-60],[-129,-126],[6,-171],[117,-153],[151,-44],[228,-112],[251,-164],[169,-108],[-117,-178],[-93,-223],[280,-78],[175,-138],[-193,-179],[-309,64],[-134,-86],[-239,-167],[-146,33],[-233,-134],[-169,-152],[-193,-82],[-245,-8],[-175,67],[-297,-108],[23,-163],[-204,-56],[-152,-179],[88,-119],[134,-126],[-76,-209],[-47,-230],[-29,-142],[-216,-122],[-268,11],[-175,89],[-169,11],[-198,145],[-222,60],[-263,63],[-169,56],[-198,-160],[-338,-15],[-123,141],[-338,-70],[-29,-93],[-35,-171],[-263,-108],[-157,-212],[111,-97],[180,-153],[111,-141],[93,-130],[100,-127],[-82,-122],[-251,-97],[-87,-153],[-24,-126],[53,-142],[-47,-186],[-70,-208],[-332,-93],[-274,56],[-170,26],[-239,82],[-291,67],[-170,-112],[-233,-63],[-12,-179],[-204,-70],[-221,-168],[-30,-63],[164,-175],[280,-15],[245,-48],[251,-145],[-18,-194],[-82,-119],[-17,-215],[-146,-134],[-292,-41],[-157,-64],[-93,-122],[-47,-131],[140,-160],[-286,-119],[-239,116],[-263,-11],[-309,-97],[-64,-145],[23,-227],[76,-220],[123,-111],[116,-168],[-256,-167],[-152,-153],[-210,-290],[-46,-126],[-6,-142],[64,-208],[128,-179],[158,-245],[192,-134],[163,-119],[-11,-208],[-152,-75],[-233,-26],[-88,-111],[94,-131],[268,-93],[210,-44],[198,-112],[158,-126],[6,-168],[-82,-145],[35,-175],[105,-137],[-12,-138],[-87,-93],[-146,-108],[-158,-82],[-309,-18],[82,-216],[192,-26],[222,89],[263,34],[239,-164],[-59,-123],[-268,-164],[-321,60],[-233,78],[-169,37],[-245,4],[-146,52],[-181,141],[-181,38],[-361,3],[-484,-96],[-199,-179],[-41,-238],[-11,-149],[239,-123],[321,23],[52,-231],[-280,-156],[-204,-82],[-362,-45],[-250,11],[-199,-48],[-140,-63],[-361,11],[-467,-45],[-163,194],[-158,171],[-321,-67],[-163,-52],[-187,-71],[-87,-208],[117,-145],[-356,-56],[-117,100],[-76,119],[-251,172],[-87,197],[-309,-56],[-64,-149],[-105,-100],[-251,-64],[-187,56],[-181,82],[-204,108],[-210,126],[-198,49],[-280,59],[-88,127],[-46,223],[-41,160],[-105,201],[-70,89],[-193,179],[-350,245],[-151,64],[-339,89],[-180,-4],[-181,-175],[-123,-201],[-41,-122],[0,-201],[35,-153],[-5,-204],[-117,-131],[-123,-134],[-87,-182],[-29,-48],[-216,-279],[-233,-242],[-228,-52],[-321,59],[-122,134],[-93,131],[-76,115],[-292,130],[-227,22],[-245,38],[-158,-4],[-222,-52],[-338,-182],[-169,-112],[-140,-123],[-117,-119],[-291,-286],[-525,-391],[-199,-126],[-338,-41],[-163,14],[-304,38],[-215,18],[-193,0],[-175,-37],[-280,-108],[-309,-89],[-123,-149]],[[462723,613745],[-262,26],[-426,41],[-636,4],[-612,-37],[-408,-45],[-251,-63],[-496,-186],[-12,-4],[-624,-194],[-711,-267],[-572,-190],[-292,-67],[-262,0],[-210,26],[-152,86],[-76,126],[-93,238],[-47,264],[-58,175],[-70,264],[-105,145],[-175,462],[-88,167],[-192,357],[-391,395],[-257,148],[-244,112],[-216,89],[-105,37],[-694,205],[-881,201],[-35,7],[-1313,175],[-1038,153],[-478,70],[-712,30],[-997,41],[-479,0],[-460,-30],[-275,-3],[-624,-145],[-431,-194],[-181,-156],[-333,-227],[-840,-774],[-280,-234],[-122,-112],[-181,-97],[-274,-52],[-350,45],[-356,48],[-770,272],[-735,257],[-822,368],[-747,524],[-997,748],[-514,391],[-729,431],[-560,358],[-128,204],[-64,276],[-12,204],[88,272],[379,632],[268,331],[303,242],[624,636],[397,383],[117,157],[41,119],[0,245],[70,264],[23,279],[58,212],[82,265],[64,204],[53,186],[58,406],[111,435],[70,372],[6,26],[204,398],[58,190],[146,212],[280,305],[280,216],[443,264],[234,167],[1306,499],[683,268],[1254,584],[204,71],[274,29],[280,-67],[192,-59],[450,-116],[554,-238],[169,-96],[146,-134],[396,-424],[345,-640],[157,-391],[88,-673],[0,-599],[23,-261],[29,-204],[29,-134],[59,-156],[110,-97],[210,-52],[280,-15],[327,0],[484,93],[508,100],[198,64],[297,230],[129,101],[402,420],[24,420],[-257,640],[-420,703],[-403,1050],[-396,822],[-677,855],[-507,555],[-619,446],[-490,454],[-781,1023],[-292,673],[99,201],[420,168],[665,163],[963,134],[781,52],[595,-18],[455,-26],[41,-4],[560,-67],[385,-63],[560,-134],[420,-134],[577,-205],[496,-174],[420,-190],[409,-194],[315,-163],[320,-205],[193,-141],[192,-201],[257,-376],[157,-316],[135,-294],[116,-268],[146,-182],[158,-71],[239,-63],[828,-212],[624,-156],[636,-131],[163,-33],[543,-153],[1015,-394],[513,-394],[554,-614],[339,-551],[163,-372],[46,-186],[76,-286],[140,-335],[24,-19],[210,-167],[169,-60],[449,-111],[484,-90],[408,-55],[304,3],[239,64],[391,141],[274,175],[99,104],[99,112],[-29,256],[-525,462],[-887,587],[-420,358],[-495,885],[-368,707],[-362,603],[-571,751],[-624,409],[-578,320],[-711,313],[-450,308],[-350,332],[-198,189],[-163,157],[-939,1000],[-111,190],[-228,327],[-297,644],[23,216],[327,461],[87,220],[228,223],[82,115],[221,238],[88,112],[192,186],[233,253],[683,513],[379,186],[251,93],[251,56],[857,134],[1015,89],[315,38],[222,55],[286,101],[163,149],[111,193],[17,74],[64,666],[-52,224],[-76,115],[-152,186],[-373,301],[-122,67],[-374,149],[-857,260],[-245,49],[-694,63],[-64,0],[-490,-7],[-590,-30],[-390,-78],[-409,-64],[-256,-3],[-292,-34],[-257,4],[-647,37],[-362,0],[-840,11],[-554,75],[-437,89],[-70,8],[-1231,107],[-146,8],[-1143,74],[-513,11],[-776,75],[-659,37],[-263,48],[-274,116],[-193,141],[-70,149],[-17,402],[41,245],[198,149],[1120,171],[76,19],[391,108],[64,18],[420,194],[152,70],[437,179],[58,37],[245,138],[496,290],[298,182],[507,406],[513,439],[251,364],[333,566],[128,372],[29,283],[-29,368],[-262,405],[-193,131],[-111,55],[-163,64],[-379,137],[-385,23],[-461,-15],[-478,-71],[-555,-104],[-437,-156],[-717,-186],[-975,-30],[-1324,-22],[-875,26],[-542,-119],[-99,-164],[-12,-78],[-12,-201],[12,-78],[187,-436],[17,-100],[76,-391],[76,-394],[-99,-145],[-129,-182],[-338,-56],[-379,33],[-18,8],[-670,167],[-654,354],[-635,282],[-531,339],[-852,718],[-169,231],[-338,658],[-100,398],[18,63],[99,220],[23,41],[117,257],[408,394],[216,160],[519,350],[129,78],[665,294],[507,223],[169,204],[88,436],[-41,182],[-99,208],[-111,145],[-216,112],[-536,171],[-205,41],[-350,56],[-350,22],[-414,63],[-682,8],[-858,-168],[-880,-234],[-636,-320],[-566,-350],[-677,-580],[-624,-472],[-490,-212],[-490,-108],[-449,-30],[-758,242],[-309,249],[-41,216],[17,238],[403,870],[472,774],[64,194],[24,78],[58,178],[263,811],[64,209],[-175,446],[-595,301],[-1033,265],[-828,70],[-636,-89],[-589,-89],[-111,-11],[-321,-38],[-280,8],[-285,52],[-257,145],[-70,223],[-181,398],[-81,320],[0,287],[81,212],[99,96],[216,160],[350,220],[753,379],[315,116],[513,100],[432,15],[437,-4],[356,49],[700,193],[1091,454],[705,443],[193,242],[12,14],[344,425],[350,301],[379,275],[379,220],[175,67],[408,126],[479,86],[589,82],[566,-15],[256,3],[414,-85],[199,-75],[157,-55],[263,-172],[81,-89],[222,-223],[157,-205],[135,-212],[134,-175],[577,-848],[199,-197],[110,-71],[759,30],[140,4],[880,44],[111,15],[344,41],[193,157],[47,186],[11,249],[-11,238],[-30,85],[-29,291],[-227,316],[-391,245],[-123,86],[-507,246],[-333,208],[-17,7],[-321,175],[-122,82],[-280,182],[-426,290],[-636,484],[-134,82],[-1324,1023],[-280,141],[-327,49],[-601,7],[-437,23],[-817,0],[-892,-60],[-753,-67],[-1207,-71],[-677,-52],[-233,0],[-321,37],[-268,97],[-117,220],[-111,320],[-29,554],[88,428],[285,725],[88,183],[297,599],[53,152],[105,298],[146,454],[41,264],[29,201],[-105,219],[-362,205],[-449,175],[-712,271],[-571,160],[-397,4],[-519,-30],[-560,0],[-438,34],[-460,-4],[-432,-41],[-572,-89],[-600,-93],[-403,-38],[-367,-81],[-415,-134],[-361,-235],[-298,-223],[-350,-238],[-420,-179],[-303,-37],[-309,37],[-408,127],[-735,253],[-659,260],[-380,138],[-361,82],[-356,67],[-222,182],[-163,353],[-99,428],[-24,287],[193,149],[181,48],[461,22],[414,11],[548,112],[1038,164],[1365,119],[263,7],[1219,8],[268,26],[99,41],[228,119],[181,126],[402,759],[105,145],[315,394],[18,153],[-88,119],[-297,201],[-444,231],[-332,78],[-286,37],[-251,11],[-286,4],[-280,52],[-472,216],[-82,52],[-175,119],[-286,178],[-227,123],[-333,279],[-303,339],[-117,149],[-239,349],[-221,316],[-59,82],[-146,276],[-64,245],[-17,175],[52,171],[76,168],[169,253],[64,130],[76,126],[94,123],[180,212],[6,11],[70,134],[6,101],[18,160],[-76,204],[-134,130],[-485,127],[-495,152],[-484,186],[-385,79],[-345,-34],[-600,-167],[-333,-145],[-338,-246],[-356,-283],[-414,-335],[-362,-279],[-350,-126],[-566,-167],[-490,-97],[-775,-86],[-904,-59],[-794,7],[-566,63],[-338,112],[-443,234],[-339,131],[-163,100],[-117,138],[-210,219],[-244,123],[-187,37],[-263,-11],[-250,-15],[-240,4],[-332,71],[-519,200],[-484,164],[-426,45],[-473,74],[-46,15],[-391,130],[-292,97],[-64,104],[23,138],[158,204],[391,287],[256,186],[64,48],[269,201],[186,156],[59,164],[11,290],[65,246],[105,268],[227,346],[327,316],[321,268],[245,145],[595,502],[367,309],[507,483],[199,190],[350,290],[41,149],[-30,93],[-134,156],[-134,93],[-583,372],[-648,350],[-285,220],[-140,115],[-123,283],[-58,134],[-35,320],[64,245],[146,97],[204,89],[612,130],[735,179],[339,186],[239,141],[52,235],[-140,216],[-326,353],[-275,234],[-355,216],[-181,108],[-140,82],[-216,74],[-274,90],[-788,89],[-630,15],[-525,-82],[-256,-78],[-169,-49],[-543,-81],[-309,-27],[-706,-40],[-35,-4],[-437,-34],[-461,-93],[-251,-126],[-175,-108],[-484,-238],[-612,-216],[-502,-115],[-391,-37],[-239,-19],[-548,-11],[-531,0],[-519,41],[-117,11],[-414,52],[-298,119],[-355,108],[-514,74],[-338,-15],[-123,-3],[-262,-34],[-327,-33],[-361,-23],[-274,-3],[-339,15],[-245,81],[-105,86],[-46,179],[11,160],[134,145],[210,111],[251,149],[251,100],[187,49],[163,41],[192,30],[275,48],[175,30],[320,41],[391,67],[175,48],[414,156],[82,41],[268,234],[117,201],[222,324],[151,220],[239,249],[175,242],[275,480],[87,360],[41,410],[-23,487],[-129,428],[-11,37],[-158,205],[-222,126],[-349,56],[-304,0],[-408,0],[-490,85],[-414,138],[-175,89],[-379,168],[-362,149],[-519,126],[-531,82],[-414,30],[-193,-4],[-192,15],[-414,0],[-344,-48],[-117,-30],[-286,-71],[-122,-45],[-619,-219],[-431,-89],[-321,-23],[-233,15],[-275,97],[-128,115],[-99,175],[-53,309],[24,63],[93,275],[29,41],[204,283],[82,119],[210,372],[-12,138],[-134,167],[-157,127],[-257,115],[-338,127],[-426,197],[-508,152],[-285,4],[-257,-78],[-163,-123],[-350,-312],[-724,-339],[-472,-167],[-333,-4],[-268,63],[-204,82],[-315,212],[-257,242],[-466,558],[-64,82],[-718,755],[-169,294],[-99,364],[0,380],[-41,431],[-64,209],[-64,193],[-94,93],[-169,97],[-292,130],[-245,82],[-122,22],[-315,60],[-630,63],[-507,119],[-695,153],[-705,160],[-537,134],[-292,33],[-186,-22],[-327,-116],[-239,-74],[-356,-175],[-245,-134],[-251,-175],[-111,-145],[-64,-167],[-76,-353],[-17,-272],[6,-465],[35,-238],[-18,-130],[-140,-186],[-268,-320],[-181,-123],[-245,-89],[-222,-26],[-227,-23],[-548,-33],[-887,22],[-309,30],[-263,74],[-268,194],[-408,349],[-344,361],[-181,156],[-234,116],[-262,74],[-338,71],[-374,67],[-268,71],[-152,107],[-192,216],[-64,223],[11,116],[76,160],[169,96],[380,142],[186,111],[111,116],[93,134],[105,163],[59,194],[11,74],[152,197],[146,198],[52,55],[111,160],[23,157],[6,104],[-443,212],[-88,41],[-624,242],[-280,81],[-256,-11],[-181,-11],[-473,-71],[-589,-104],[-204,-29],[-647,-71],[-269,-93],[-361,-171],[-385,-272],[-368,-231],[-391,-174],[-239,-30],[-356,48],[-256,116],[-199,63],[-513,234],[-461,201],[-70,30],[-326,63],[-339,0],[-746,-179],[-280,-122],[-158,-164],[-87,-197],[-146,-298],[-198,-193],[-158,-101],[-286,-141],[-338,37],[-875,279],[-432,160],[-122,4],[-344,-22],[-204,-45],[-403,-138],[-350,-119],[-461,-190],[-390,-122],[-432,-149],[-368,-153],[-140,-89],[-245,-193],[-198,-145],[-350,-253],[-111,-86],[-157,-119],[-432,-216],[-490,-186],[-443,-145],[-618,-238],[-100,-45],[-250,-89],[-438,-190],[-367,0],[-251,60],[-199,74],[-280,86],[-315,44],[-489,38],[-403,59],[-251,8],[-233,-34],[-163,-26],[-228,-22],[-251,-15],[-227,0],[-321,67],[-490,123],[-455,-8],[-537,-93],[-297,-56],[-134,-37],[-397,-126],[-426,-93],[-396,-123],[-718,-194],[-507,-70],[-531,29],[-531,105],[-717,126],[-327,115],[-193,67],[-227,93],[-321,134],[-23,12],[-391,267],[-251,134],[-186,34],[-537,11],[-408,15],[-298,59],[-338,242],[-111,142],[-146,212],[-245,245],[-420,249],[-152,123],[-134,86],[-320,290],[-76,59],[-362,306],[-257,163],[-420,223],[-145,67],[-537,198],[-473,193],[-676,160],[-478,112],[-321,93],[-193,74],[-227,130],[-199,145],[-385,302],[-233,204],[-303,216],[-24,15],[-274,193],[-332,134],[-234,41],[-338,52],[-186,86],[-123,100],[-187,171],[-93,116],[-64,149],[6,96],[46,220],[-17,167],[-82,78]],[[338147,701945],[29,19],[689,357],[227,186],[204,97],[327,45],[367,-19],[590,-37],[320,7],[374,41],[420,74],[332,41],[169,-44],[327,-52],[268,-15],[368,-23],[204,-29],[187,-34],[332,-44],[222,126],[105,93],[361,517],[578,953],[152,189],[87,104],[140,82],[181,45],[1668,208],[1528,458],[76,30],[408,156],[1039,417],[157,26],[344,-45],[170,-100],[309,-220],[221,-260],[455,-544],[158,-152],[146,-74],[204,-64],[274,-29],[292,0],[350,37],[670,178],[805,246],[269,167],[128,168],[88,230],[40,305],[6,79],[-46,204],[-391,692],[-280,804],[-82,346],[-292,573],[-40,714],[17,312],[158,372],[390,350],[910,484],[922,491],[519,197],[543,138],[554,59],[688,75],[636,174],[531,209],[414,264],[140,138],[268,338],[111,145],[251,231],[624,297],[624,510],[449,402],[298,279],[320,238],[584,335],[531,242],[315,108],[186,33],[280,56],[490,-8],[373,-126],[560,-112],[607,-26],[385,60],[373,104],[210,82],[274,115],[1074,800],[624,450],[805,469],[694,268],[286,59],[216,-7],[245,-41],[291,7],[169,49],[275,119],[227,89],[158,45],[210,26],[210,-8],[262,-63],[204,-56],[274,-52],[240,-15],[583,-41],[361,38],[222,70],[210,45],[233,-67],[327,-231],[403,-301],[198,-134],[227,-89],[140,-56],[607,-130],[315,-15],[461,18],[122,38],[315,82],[362,159],[595,532],[910,1321],[1406,1682],[700,561],[659,428],[659,309],[898,283],[980,152],[1009,26],[1324,-55],[764,70],[753,164],[817,264],[985,506],[344,208],[152,64],[187,33],[624,37],[449,64],[648,134],[285,119],[146,78],[356,335],[257,267],[52,97],[76,283],[12,100],[-30,320],[-40,112],[-94,216],[-338,558],[-368,394],[-332,108],[-455,67],[-99,149],[47,122],[151,138],[64,149],[-35,126],[-186,276],[-18,145],[152,97],[204,33],[601,-175],[326,-59],[210,-4],[205,33],[157,56],[128,108],[152,261],[216,126],[163,0],[426,-97],[198,-18],[181,11],[344,63],[205,127],[134,163],[70,205],[81,134],[204,163],[327,149],[420,108],[811,175],[665,182],[122,149],[135,186],[180,86],[181,26],[210,7],[362,45],[262,78],[210,89],[193,149],[64,179],[-29,148],[-117,213],[-262,346],[-362,420],[-58,186],[17,156],[152,130],[128,56],[286,49],[216,-19],[379,-67],[268,-74],[234,-26],[554,-38],[280,30],[175,56],[443,294],[461,227],[601,204],[385,82],[169,89],[140,127],[116,156],[146,324],[204,279],[175,141],[304,130],[303,49],[548,44],[823,41],[455,-3],[682,-60],[385,-33],[531,-60],[793,11],[496,52],[356,67],[239,64],[333,189],[250,175],[595,566],[391,476],[111,85],[210,67],[303,30],[228,-52],[554,-190],[297,-89],[718,-156],[682,-186],[146,-63],[449,-168],[269,-126],[315,-75],[52,-15],[595,-104],[595,-67],[980,-44],[146,7],[373,63],[286,93],[216,127],[402,394],[374,621],[163,782],[87,573],[-99,636],[-116,766],[-12,335],[82,249],[110,249],[146,168],[309,205],[356,368],[280,439],[94,156],[134,223],[17,194],[-23,156],[-70,115],[-146,149],[-437,435],[-111,108],[-64,331],[35,131],[70,241],[-47,250],[-41,160],[-198,171],[-356,219],[-263,119],[-140,30],[-291,30],[-274,71],[-280,152],[-502,238],[-163,89],[-210,101],[-164,45],[-157,85],[-134,78],[-152,86],[-262,37],[-240,123],[-40,130],[-82,246],[-41,126],[-52,145],[-123,149],[-192,160],[-298,115],[-385,119],[-268,75],[-362,178],[-169,134],[-111,45],[-554,82],[-134,59],[-216,93],[-169,160],[-93,75],[-269,70],[-169,0],[-257,30],[-274,52],[-227,30],[-455,30],[-292,11],[-169,89],[-35,205],[12,394],[-18,205],[-105,137],[-186,131],[-275,89],[-297,59],[-397,52],[-443,38],[-204,11],[-333,93],[-175,74],[-251,56],[-291,33],[-350,12],[-128,-15],[-327,-30],[-356,-56],[-192,-15],[-356,23],[-286,59],[-134,63],[-169,142],[-70,70],[-105,160],[-53,146],[0,115],[41,145],[-76,182],[-157,75],[-304,115],[-146,82],[-186,145],[-140,85],[-228,34],[-145,0],[-630,-104],[-607,-56],[-601,-19],[-997,56],[-339,56],[-344,56],[-128,33],[-216,71],[-128,59],[-158,134],[-99,119],[-47,220],[-23,286],[-76,145],[-245,93],[-151,15],[-310,8],[-245,115],[-134,186],[-146,197],[-93,119],[-216,108],[-245,49],[-64,108],[-6,145],[-192,189],[-286,30],[-146,-15],[-256,-37],[-432,-33],[-99,7],[-280,60],[-315,-15],[-228,-41],[-297,0],[-129,100],[-128,153],[-128,63],[-239,52],[-117,63],[-140,112],[-88,141],[-29,116],[-75,301],[-35,178],[-228,179],[-245,11],[-338,8],[-204,63],[-187,152],[-146,90],[-297,122],[-695,265],[-548,234],[-268,37],[-263,-11],[-163,-56],[-187,-78],[-227,-63],[-169,-11],[-239,-64],[-135,-78],[-151,-74],[-204,-82],[-257,-19],[-251,131],[-35,152],[-122,145],[-158,123],[-146,71],[-52,182],[-59,127],[-99,111],[-46,115],[128,220],[122,156],[59,108],[6,372],[11,335],[-29,89],[-93,153],[-257,149],[-245,29],[-157,52],[-181,112],[-169,205],[-175,119],[-269,126],[-110,119],[-41,112],[17,156],[-41,175],[-163,41],[-262,41],[-140,44],[-210,116],[-65,156],[-128,127],[-47,160],[-35,163],[-110,86],[-263,89],[-233,41],[-321,264],[-123,115],[-105,134],[-40,116],[64,178],[105,216],[23,134],[88,197],[29,145],[-123,160],[-93,75],[-175,130],[-251,160],[-256,152],[-193,101],[-274,126],[-175,78],[-274,101],[-193,59],[-326,45],[-304,15],[-682,-26],[-438,-22],[-280,-4],[-169,22],[-221,56],[-356,138],[-239,122],[-170,145],[-5,153],[35,179],[-76,212],[-164,44],[-245,45],[-163,78],[-117,108],[-180,164],[-269,249],[-309,264],[-851,625],[-199,153],[-303,126],[-280,86],[-309,111],[-181,149],[-58,156],[-47,123],[-128,156],[-234,119],[-192,49],[-222,26],[-163,37],[-181,67],[-134,82],[-111,197],[29,93]],[[378815,767240],[158,15],[315,145],[280,97],[140,126],[390,301],[339,618],[23,264],[29,313],[99,264],[70,100],[426,227],[368,324],[385,417],[385,286],[385,179],[548,107],[513,60],[432,33],[338,8],[613,149],[606,93],[584,137],[910,279],[869,198],[764,70],[332,-108],[204,-70],[304,-90],[192,-100],[292,-22],[222,52],[192,-56],[64,-127],[70,-96],[187,-82],[169,-56],[233,-71],[164,-122],[169,-101],[280,-52],[192,4],[280,7],[269,34],[233,3],[198,86],[117,89],[227,37],[280,101],[245,11],[175,0],[199,60],[181,-8],[210,56],[198,19],[251,-41],[227,-119],[117,-79],[268,0],[53,153],[204,19],[291,126],[240,56],[81,104],[146,123],[333,56],[297,26],[193,26],[227,15],[175,-19],[315,86],[134,122],[53,183],[215,134],[240,26],[245,89],[355,-60],[240,119],[134,153],[140,164],[181,-19],[221,45],[152,-8],[175,-115],[87,-149],[345,52],[105,97],[75,126],[53,116],[105,238],[64,137],[257,49],[262,-71],[257,52],[303,104],[58,145],[100,168],[157,197],[140,112],[245,33],[175,-44],[152,-82],[221,-30],[199,93],[81,179],[-17,152],[6,104],[99,127],[122,204],[-151,157],[-222,-34],[-175,56],[-87,171],[52,145],[76,89],[134,138],[93,93],[70,119],[65,197],[64,168],[157,100],[175,97],[344,15],[181,-194],[163,-111],[158,-82],[292,-104],[204,-49],[221,49],[111,223],[59,164],[-18,160],[-12,119],[100,193],[105,74],[140,116],[145,119],[164,134],[274,115],[251,-97],[256,78],[59,105],[35,145],[0,193],[309,26],[58,-219],[-11,-119],[-6,-153],[122,-160],[140,-78],[303,-93],[339,-67],[169,-19],[222,-3],[332,7],[134,30],[158,145],[81,119],[105,164],[205,70],[437,4],[333,56],[414,134],[175,97],[87,82],[426,390],[146,101],[274,-105],[105,-204],[134,-171],[239,-142],[263,4],[181,34],[233,-67],[82,-97],[163,-149],[134,-82],[257,-89],[175,-37],[251,41],[169,178],[215,179],[234,37],[303,119],[-23,145],[-76,197],[-64,149],[17,108],[64,171],[164,190],[303,78],[198,-63],[356,-60],[251,-37],[198,-19],[310,-18],[180,4],[222,7],[-17,205],[29,145],[134,108],[198,160],[129,178],[169,197],[204,142],[303,33],[187,-82],[99,-89],[140,-130],[128,-112],[263,-108],[198,78],[228,79],[268,-12],[344,78],[41,183],[23,111],[129,127],[274,-8],[64,-119],[152,-163],[93,-112],[262,-74],[164,-8],[204,8],[286,63],[256,-11],[286,-101],[274,19],[134,134],[35,123],[193,89],[257,-22],[163,-30],[157,-93],[205,-26],[297,52],[216,74],[239,8],[338,-38],[239,-119],[181,-89],[315,-52],[239,-41],[280,63],[6,145],[-169,134],[163,186],[228,-63],[309,-41],[298,75],[163,67],[251,96],[210,71],[134,52],[169,97],[216,85],[192,30],[245,15],[152,-149],[-35,-85],[0,-164],[-82,-201],[117,-152],[140,-23],[227,-41],[205,-85],[99,-93],[111,-123],[175,-138],[274,-115],[116,-86],[251,-96],[146,-90],[169,-48],[636,-59],[163,85],[280,8],[193,-146],[140,-78],[315,108],[64,179],[146,152],[210,49],[186,-67],[100,-97],[93,-141],[29,-123],[187,-138],[326,26],[292,116],[152,178],[250,-15],[181,-96],[99,-86],[175,-212],[47,-164],[-146,-126],[-169,-160],[99,-82],[193,-74],[291,-8],[199,101],[151,107],[-5,153],[122,134],[263,4],[87,111],[70,116],[198,100],[292,119],[274,86],[362,-49],[175,-89],[134,-182],[88,-116],[285,-7],[216,160],[216,130],[198,78],[251,41],[222,56],[221,37],[251,119],[199,290],[227,309],[484,543],[251,250],[391,119],[198,104],[309,171],[321,134],[222,178],[157,231],[152,60],[262,48],[496,141],[169,0],[350,-7],[321,-82],[688,-112],[327,-41],[490,-22],[280,-15],[484,-89],[368,-89],[286,-64],[268,19],[222,101],[489,271],[269,71],[192,11],[274,-45],[368,-48],[251,-4],[303,30],[344,19],[298,33],[356,104],[256,164],[274,93],[409,52],[245,0],[204,-30],[309,-93],[712,-152],[87,-34],[473,-167],[128,-101],[624,-680],[472,-287],[216,-59],[146,-38],[782,-41],[204,-14],[239,-45],[251,-108],[140,-104],[117,-89],[175,-108],[227,-90],[268,-22],[356,-30],[274,-41],[140,-48],[222,-130],[198,-52],[245,-52],[164,-4],[245,-7],[373,18],[379,108],[309,89],[432,86],[571,104],[403,33],[362,101],[99,48],[256,190],[339,316],[280,380],[198,197],[502,216],[1155,416],[1347,581],[939,301],[793,67],[770,-141],[76,-19],[718,-193],[688,-142],[618,-182],[280,0],[426,67],[88,26],[385,130],[665,82],[52,7],[1149,175],[356,56],[817,171],[1026,212],[269,30],[326,-41],[356,-193],[280,-131],[303,-152],[251,-48],[274,40],[99,101],[140,149],[65,63],[326,339],[263,223],[111,82],[332,74],[519,45],[601,3],[408,-48],[788,-130],[233,-37],[1505,-164],[618,22],[169,8],[304,130],[274,420],[23,60],[105,320],[-128,602],[-47,328],[41,394],[93,279],[129,119],[396,220],[543,238],[99,30],[274,85],[99,104],[35,153],[205,160],[157,41]],[[338147,701945],[-262,108],[-263,101],[-396,149],[-310,63],[-215,15],[-216,29],[-146,45],[-181,115],[-414,235],[-332,253],[-613,487],[-332,309],[-350,324],[-117,271],[-12,153],[76,219],[111,238],[0,316],[-204,276],[-292,152],[-356,86],[-373,115],[-426,212],[-198,283],[-181,465],[-58,167],[-41,220],[-29,149],[-24,249],[53,234],[93,198],[105,145],[64,126],[339,473],[210,215],[192,291],[18,286],[-47,231],[-152,189],[-449,183],[-239,22],[-122,26],[-870,82],[-29,0],[-554,48],[-134,19],[-455,45],[-315,-4],[-298,-34],[-210,-82],[-210,-119],[-209,-119],[-601,-249],[-123,-45],[-315,0],[-1266,224],[-262,85],[-210,138],[-123,45],[-460,316],[-169,201],[-76,82],[-99,334],[99,131],[198,107],[193,101],[128,30],[262,63],[309,56],[135,7],[600,4],[479,-8],[443,41],[344,119],[210,201],[368,476],[250,328],[263,502],[233,633],[88,160],[251,264],[215,130],[205,74],[221,4],[304,-63],[169,-75],[332,-171],[572,-376],[41,-40],[227,-257],[134,-175],[70,-86],[64,-152],[216,-435],[129,-320],[169,-157],[268,-167],[543,-93],[425,60],[531,167],[187,149],[245,160],[93,208],[6,264],[-58,387],[-18,234],[-41,495],[-5,458],[-76,234],[-146,298],[-70,231],[17,111],[193,305],[64,52],[181,160],[122,138],[222,216],[251,163],[192,123],[584,261],[460,167],[380,156],[250,97],[350,186],[199,141],[134,116],[111,175],[29,178],[-169,186],[-525,227],[-706,138],[-420,85],[-111,11],[-362,-3],[-338,-45],[-986,-201],[-542,-89],[-321,-11],[-496,33],[-583,82],[-327,30],[-251,7],[-857,-11],[-834,-41],[-467,-41],[-338,-52],[-58,-7],[-473,-104],[-297,-116],[-368,-197],[-356,-201],[-332,-257],[-525,-360],[-356,-201],[-321,-108],[-146,-41],[-250,-15],[-292,30],[-245,59],[-268,138],[-315,249],[-199,205],[-87,171],[-111,599],[-140,1135],[-23,409],[122,350],[105,401],[94,302],[5,245],[6,168],[-64,126],[-134,149],[-41,134],[12,171],[41,231],[-6,104],[-6,141],[41,316],[41,596],[40,301],[-64,309],[-157,230],[-321,179],[-298,86],[-285,0],[-286,-75],[-70,-7],[-397,-194],[-1435,-1049],[-332,-461],[-82,-220],[0,-320],[53,-208],[29,-115],[192,-294],[18,-34],[326,-234],[210,-160],[175,-145],[158,-160],[46,-231],[-29,-167],[-111,-235],[-198,-249],[-93,-85],[-193,-138],[-303,-205],[-245,-122],[-303,-138],[-397,-100],[-455,-82],[-892,-238],[-438,-90],[-344,-48],[-525,-86],[-338,-26],[-304,-11],[-501,-4],[-385,60],[-199,67],[-355,253],[-543,346],[-513,205],[-198,104],[-263,126],[-140,60],[-315,85],[-239,82],[-263,160],[-87,167],[0,343],[58,201],[53,175],[186,580],[275,550],[1423,1756],[647,618],[239,138],[782,454],[286,334],[52,64],[140,320],[24,316],[0,119],[35,461],[-41,629],[17,755],[-81,447],[-210,357],[-222,305],[-76,204],[-93,97],[-362,294],[-239,279],[-58,171],[17,141],[146,123],[292,130],[490,168],[647,100],[327,41],[572,0],[355,-33],[461,-90],[344,-111],[88,-22],[396,-97],[490,-220],[175,-63],[788,-316],[122,-41],[385,-167],[403,-153],[280,-33],[181,22],[507,190],[257,137],[309,328],[70,368],[-134,625],[-82,569],[-239,406],[-204,163],[-193,205],[-711,487],[-275,134],[-256,82],[-432,101],[-338,81],[-268,105],[-426,297],[-257,179],[-105,56],[-432,349],[-519,316],[-472,149],[-245,56],[-636,179],[-303,41],[-222,-41],[-192,-41],[-397,-153],[-82,-33],[-210,-116],[-577,-260],[-175,-74],[-274,-168],[-193,-175],[-204,-171],[-245,-123],[-286,-44],[-1971,-227],[-368,-11],[-834,108],[-222,14],[-239,-29],[-286,-119],[-379,-145],[-367,-86],[-595,-130],[-251,11],[-163,52],[-280,201],[-368,290],[-443,521],[-233,253],[-304,353],[-653,837],[-315,309],[-233,149],[-140,208],[35,235],[52,119],[193,331],[210,290],[355,357],[280,197],[152,86],[671,227],[840,156],[1236,253],[1838,439],[1190,260],[583,257],[128,179],[0,312],[-70,488],[-116,520],[-134,306],[-205,159],[-589,250],[-635,130],[-840,115],[-368,64],[-787,37],[-205,7],[-420,45],[-682,123],[-502,96],[-116,23],[-636,104],[-770,204],[-245,123],[-554,223],[-234,71],[-239,8],[-204,-34],[-1283,-439],[-823,-331],[-723,-335],[-309,37],[-152,52],[-169,93],[-239,97],[-222,179],[-105,156],[-70,205],[35,238],[117,238],[356,368],[327,313],[105,74],[524,279],[595,298],[327,126],[788,402],[309,279],[81,216],[24,323],[-117,298],[-187,164],[-548,256],[-653,142],[-543,52],[-204,-19],[-321,-44],[-758,-153],[-356,-67],[-309,-97],[-426,-85],[-478,-182],[-298,-138],[-536,-275],[-333,-142],[-700,-275],[-927,-435],[-286,-105],[-117,-48],[-239,-45],[-268,-29],[-292,126],[-221,182],[-111,146],[-82,171],[-23,111],[6,224],[17,279],[140,260],[204,327],[216,294],[169,458],[362,610],[262,268],[123,212],[-70,242],[-29,308],[17,358],[216,818],[-47,290],[-303,209],[-478,81],[-204,-3],[-321,-34],[-758,-279],[-543,-182],[-443,-160],[-280,-112],[-327,-41],[-227,34],[-175,126],[-129,186],[-204,369],[-181,349],[-29,320],[18,391],[29,253],[99,242],[192,346],[222,413],[245,368],[123,153],[793,777],[420,543],[23,142],[-81,148],[-275,231],[-204,89],[-391,179],[-245,67],[-379,67],[-665,7],[-735,-48],[-507,-86],[-688,-160],[-846,-219],[-514,-197],[-513,-279],[-682,-361],[-782,-246],[-507,-279],[-747,-614],[-572,-461],[-361,-216],[-222,-134],[-297,-29],[-222,41],[-426,126],[-274,149],[-356,279],[-128,93],[-76,238],[-76,316],[-12,212],[-5,104],[75,425],[140,483],[35,75],[70,178],[240,328],[87,119],[204,249],[158,141],[111,97],[554,324],[886,565],[694,461],[310,309],[239,153],[408,208],[665,223],[659,149],[245,41],[385,60],[222,11],[297,18],[595,-7],[368,7],[274,64],[204,89],[181,123],[624,294],[391,249],[239,167],[274,231],[146,227],[157,346],[53,204],[-23,138],[-47,167],[-82,168],[-35,67],[-175,260],[-286,197],[-769,603],[-969,435],[-612,127],[-327,15],[-280,-67],[-111,-78],[-134,-153],[-204,-126],[-566,-231],[-577,-219],[-385,-172],[-292,-189],[-216,-105],[-525,-346],[-484,-375],[-210,-171],[-420,-317],[-1079,-591],[-245,-123],[-490,-164],[-332,-96],[-205,-34],[-204,4],[-204,52],[-455,223],[-414,227],[-828,465],[-689,473],[-571,383],[-146,89],[-251,149],[-239,141],[-303,123],[-146,60],[-618,264],[-245,70],[-671,79],[-601,29],[-729,-22],[-788,-7],[-309,7],[-192,63],[-175,104],[-146,108],[-251,220],[-23,41],[-269,294],[-256,494],[-82,127],[-210,346],[-245,320],[-367,480],[-123,141],[-64,108],[-175,238],[-140,205],[-58,230],[-47,384],[47,334],[379,1083],[-333,618],[-332,342],[-881,1038],[-1277,874],[-1447,536],[-1342,550],[-1452,596],[-2473,145],[-508,0],[-600,-4],[-222,0],[-198,0],[-368,7],[-239,23],[-298,7],[-443,41],[-239,60],[-163,67],[-140,156],[-88,160],[-169,145],[-350,145],[-140,67],[-577,119],[-537,78],[-578,45],[-624,56],[-536,48],[-613,71],[-496,22],[-600,-4],[-292,-7],[-280,-37],[-298,-41],[-355,-34],[-403,15],[-262,63],[-315,101],[-169,137],[-175,145],[-280,425],[-140,212],[-175,271],[-234,175],[-181,82],[-227,59],[-403,4],[-571,-4],[-309,-55],[-368,-82],[-186,-71],[-175,-11],[-216,33],[-193,67],[-221,112],[-170,149],[-35,67],[-600,409],[-193,190],[-128,163],[-88,142],[-29,97],[88,156],[256,63],[169,93],[543,428],[239,186],[23,104],[70,190],[391,517],[18,167],[-6,313],[-6,152],[-187,175],[-245,130],[-414,142],[-361,126],[-228,101],[-519,253],[-350,175],[-262,141],[-117,86],[-70,189],[-76,194],[-82,223],[-122,178],[-47,60],[-274,260],[-373,305],[-47,27],[-262,104],[-380,149],[-589,223],[-344,137],[-455,164],[-484,138],[-408,70],[-496,79],[-391,48],[-420,30],[-356,70],[-210,56],[-280,138],[-647,402],[-163,78],[-345,171],[-128,85],[-29,149],[52,168],[65,219],[-70,138],[-595,145],[-263,67],[-350,100],[-169,97],[-152,108],[-105,186],[-52,279],[-88,219],[-99,142],[-35,85],[-122,145],[-263,75],[-227,-4],[-508,-152],[-297,-64],[-461,-37],[-391,-7],[-332,59],[-607,123],[-402,30],[-315,-19],[-380,-48],[-414,-89],[-443,-90],[-379,-33],[-444,33],[-355,101],[-193,108],[-134,52],[-426,308],[-146,134],[65,224],[198,122],[117,41],[314,108],[321,231],[187,364],[87,175],[146,201],[228,190],[105,227],[29,160],[-29,257],[-53,241],[-169,257],[-274,313],[-216,189],[-169,242],[-134,275],[-76,242],[-64,242],[-548,551],[-286,201],[-204,52],[-420,18],[-1150,-4],[-857,19],[-338,63],[-228,104],[-146,108],[-46,198],[11,126],[164,145],[216,153],[75,223],[-29,257],[-70,625],[-11,390],[0,290],[-82,205],[-88,149],[-344,424],[-338,446],[-245,227],[-128,97],[-368,342],[-187,201],[-233,190],[-187,145],[-262,119],[-420,112],[-717,163],[-450,105],[-600,226],[-327,146],[-169,67],[-315,29],[-181,-33],[-298,-60],[-268,-134],[-227,-178],[-216,-305],[-274,-372],[-327,-220],[-350,-141],[-321,-86],[-647,-59],[-479,0],[-420,29],[-309,149],[-274,220],[-70,67],[-216,301],[-134,227],[-192,275],[-356,380],[-473,491],[-420,457],[-81,183],[-64,290],[-146,472],[-53,287],[-64,431],[-87,134],[-164,302],[-740,1082],[-555,800],[-192,331],[35,235],[93,167],[64,220],[41,145],[-23,204],[-58,216],[-129,331],[-157,268],[-88,350],[-23,145],[6,383],[41,472],[-24,242],[35,153],[99,100],[199,64],[274,70],[367,194],[444,338],[175,220],[17,178],[-146,164],[-344,197],[-356,231],[-93,67],[-350,264],[-122,108],[-35,126],[-12,108],[12,168],[46,89],[269,123],[250,96],[275,86],[437,123],[292,82],[192,59],[198,93],[140,82],[193,115],[204,268],[163,197],[140,261],[146,420],[0,22],[105,257],[123,383],[105,365],[321,457],[204,190],[268,246],[187,178],[332,250],[315,275],[292,193],[245,49],[478,22],[315,67],[263,156],[274,220],[309,256],[140,90],[332,271],[170,64],[180,48],[204,19],[298,44],[122,101],[65,148],[40,212],[-23,328],[-47,260],[-52,71],[-140,171],[-257,160],[-396,164],[-385,100],[-105,37],[-426,64],[-315,15],[-362,3],[-589,-22],[-647,-45],[-304,-78],[-192,-89],[-350,-45],[-193,71],[-525,227],[-309,119],[-373,193],[-140,75],[-163,190],[-53,215],[35,201],[76,97],[64,141],[53,190],[-65,227],[-134,167],[-204,231],[-169,275],[-18,201],[187,104],[233,45],[321,52],[304,104],[204,67],[157,194],[0,163],[-23,153],[-134,167],[-280,164],[-339,119],[-688,190],[-402,137],[-881,369],[-589,268],[-817,323],[-665,205],[-531,175],[-315,96],[-192,38],[-397,-15],[-1073,-78],[-665,-49],[-793,-18],[-502,37],[-373,74],[-234,71],[-320,67],[-450,216],[-233,204],[-455,406],[-315,290],[-52,52],[-432,387],[-251,205],[-262,100],[-263,48],[-256,-29],[-485,-227],[-834,-748],[-793,-688],[-420,-264],[-630,-320],[-589,-131],[-467,-14],[-216,48],[-140,115],[-99,82],[-81,153],[-41,174],[23,354],[-52,305],[-129,246],[-221,297],[-257,231],[-70,82],[-519,468],[-572,506],[-286,317],[-309,372],[-256,52],[-298,-4],[-257,-7],[-221,-8],[-158,45],[-192,186],[-216,335],[-192,212],[-175,387],[-117,178],[-216,238],[-146,235],[-76,312],[59,517],[-88,264],[-332,209],[-298,85],[-286,78],[-425,82],[-374,67],[-601,127],[-204,48],[-466,141],[-257,164],[-286,261],[-303,346],[-251,405],[-52,193],[-6,183],[-82,197],[-64,149],[-163,141],[-234,149],[-227,149],[-292,234],[-257,257],[-268,368],[-251,320],[-262,253],[-228,216],[-338,242],[-362,193],[-589,324],[-472,160],[-449,111],[-30,4],[-349,45],[-245,22],[-578,-4],[-262,34],[-415,70],[-280,67],[-379,160],[-431,172],[-304,160],[-146,81],[-274,131],[-385,286],[-250,175],[-432,167],[-583,212],[-304,82],[-274,134],[-227,164],[-146,171],[-82,134],[-64,275],[12,227],[29,208],[116,291],[129,160],[356,182],[210,93],[355,108],[350,67],[286,33],[263,0],[291,-56],[426,-93],[362,-74],[274,-19],[245,0],[216,12],[1668,677],[210,115],[204,138],[630,468],[181,164],[12,223],[-216,365],[-304,510],[-268,353],[-583,257],[-508,245],[-280,60],[-309,-37],[-414,-108],[-420,-90],[-321,-78],[-536,-11],[-449,75],[-391,159],[-473,224],[-472,227],[-379,260],[-240,194],[-519,375],[-35,30],[-379,216],[-11,7],[-321,242],[-146,123],[-76,111],[-82,198],[-250,267],[-269,227],[-338,86],[-280,-7],[-239,26],[-385,52],[-94,22],[-414,97],[-396,48],[-344,-26],[-280,7],[-234,71],[-326,194],[-508,446],[-327,357],[-221,253],[-152,197],[-35,60],[-157,260],[-117,223],[-111,138],[-332,231],[-362,242],[-280,167],[-315,186],[-297,175],[-350,357],[-100,175],[-52,63],[-158,190],[-285,264],[-286,234],[-432,332],[-513,312],[-64,41],[-444,275],[-420,261],[-233,241],[-134,153],[-76,63],[-472,369],[-566,435],[-881,666],[-455,379],[-507,331],[-473,402],[-169,145],[-974,889],[-945,629],[-461,290],[-198,220],[-280,454],[-379,435],[-677,558],[-263,227],[-979,681],[-403,282],[-472,328],[-263,167],[-356,235],[-309,160],[-274,115],[-467,238],[-396,238],[-170,164],[-93,130],[-146,197],[-145,223],[-222,145],[-315,101],[-193,112],[-140,182],[-175,350],[-425,483],[-385,409],[-444,413],[-443,220],[-391,197],[-280,298],[-373,498],[-268,156],[-59,64],[-210,156],[-227,126],[-146,153],[-128,179],[-94,178],[-128,186],[-239,182],[-239,168],[-438,416],[-76,64],[-361,305],[-601,509],[-618,328],[-135,100],[-577,287],[-233,82],[-269,33],[-186,-33],[-222,-60],[-158,-85],[-58,-142],[-163,-186],[-239,-74],[-362,-78],[-181,-56],[-99,-26],[-583,-63],[-315,-105],[-222,-111],[-379,-209],[-356,-78],[-274,-7],[-198,74],[-187,49],[-385,100],[-478,97],[-484,63],[-228,-30],[-426,-82],[-233,-78],[-280,-48],[-543,-15],[-472,7],[-513,-63],[-245,-93],[-286,-119],[-198,-111],[-420,-179],[-642,-60],[-286,27],[-327,122],[-268,168],[-186,249],[-65,186],[-175,193],[-116,279],[-76,194],[-29,71],[-64,174],[-187,227],[-268,246],[-362,257],[-484,312],[-269,153],[-274,137],[-151,78],[-175,183],[-65,152],[-17,175],[35,168],[70,130],[140,96],[303,-18],[134,-4],[234,41],[437,212],[105,134],[53,134],[46,182],[-23,175],[-76,101],[-297,290],[-286,175],[-379,219],[-409,179],[-151,89],[-467,227],[-105,89],[-87,138],[-41,190],[-53,156],[-180,190],[-251,163],[-333,201],[-239,101],[-93,37],[-630,145],[-624,93],[-123,22],[-525,49],[-437,59],[-304,-4],[-385,-63],[-484,-45],[-402,53],[-204,78],[-170,93],[-221,111],[-210,56],[-764,190],[-811,149],[-408,63],[-362,26],[-846,108],[-1067,167],[-648,41],[-490,0],[-146,15],[-595,15],[-437,-19],[-618,-96],[-607,-41],[-391,55],[-315,79],[-163,22],[-764,134],[-1085,331],[-222,82],[-151,97],[-135,130],[-87,178],[52,346],[6,183],[6,134],[-117,145],[-221,212],[-508,342],[-531,179],[-565,137],[-525,63],[-537,-70],[-362,-82],[-589,-175],[-466,-67],[-263,26],[-117,15],[-355,119],[-385,130],[-350,160],[-263,108],[-315,104],[-233,41],[-222,104],[-204,380],[-157,264],[-47,279],[23,234],[123,194],[111,204],[0,421],[-24,506],[-23,297],[-64,421],[-123,361],[-146,554],[-140,246],[-128,186],[-128,226],[-181,276],[-58,82],[-385,506],[-18,33],[-204,186],[-175,249],[-93,305],[-117,157],[-286,152],[-262,26],[-269,-41],[-256,-33],[-315,48],[-164,60],[-256,119],[-333,82],[-233,26],[-280,63],[-455,85],[-181,93],[-157,194],[-239,294],[-35,37],[-222,171],[-263,201],[-355,197],[-170,45],[-320,149],[-164,137],[-116,216],[-158,376],[53,152],[192,127],[303,208],[175,197],[70,212],[-35,190],[-70,186],[-58,78],[-87,201],[-280,365],[-269,260],[-361,257],[-327,264],[-187,190],[-105,108],[-146,178],[-81,209],[-64,279],[-6,379],[93,223],[146,197],[58,79],[-6,230],[-52,160],[-105,130],[-222,335],[-75,156],[-88,335],[-76,443],[-70,171],[-122,216],[-216,253],[-280,167],[-64,52],[-525,320],[-263,175],[-268,175],[-333,197],[-315,127],[-280,78],[-128,59],[-186,90],[-595,446],[-129,89],[-315,212],[-286,119],[-659,186],[-461,86],[-379,82],[-356,167],[-122,64],[-373,260],[-438,227],[-326,160],[-415,193],[-344,209],[-338,227],[-268,178],[-245,179],[-292,171],[-321,160],[-350,167],[-443,164],[-280,104],[-321,119],[-344,179],[-204,100],[-543,290],[-443,175],[-204,37],[-350,67],[-758,30],[-473,60],[-292,82],[-297,137],[-245,186],[-175,123],[-222,108],[-373,145],[-373,179],[-461,360],[-117,157],[-87,189],[-64,250],[-164,368],[-198,112],[-420,148],[-321,78],[-146,27],[-280,55],[-326,19],[-310,-60],[-297,19],[-303,134],[-368,156],[-169,156],[-99,64],[-198,108],[-350,227],[-397,159],[-292,123],[-548,209],[-76,41],[-869,520],[-507,257],[-403,171],[-17,8],[-805,353],[-660,320],[-1574,681],[-345,178],[-1003,495],[-181,130],[-46,116],[-129,119],[-286,182],[-315,145],[-449,138],[-583,212],[-338,93],[-117,45],[-315,89],[-642,204],[-373,160],[-362,164],[-355,130],[-344,160],[-409,246],[-204,134],[-315,219],[-198,156],[-339,306],[-145,137],[-59,97],[-46,138],[-35,167],[-82,219],[-76,186],[-87,90],[-234,171],[-268,112],[-222,48],[-116,85],[-298,253],[-350,324],[-175,127],[-169,67],[-175,33],[-332,22],[-210,38],[-368,215],[-175,97],[-122,153],[5,197],[59,126],[-12,153],[-41,137],[-116,105],[-193,111],[-198,71],[-321,-26],[-251,0],[-227,59],[-111,52],[-438,272],[-81,37],[-385,238],[-1692,756],[-163,70],[-1260,778],[-665,294],[-834,405],[-158,123],[-70,126],[-93,250],[-700,1395],[-198,167],[-199,82],[-338,52],[-292,15],[-344,41],[-262,30],[-228,67],[-192,26],[-193,18],[-256,0],[-175,-18],[-286,70],[-239,157],[-298,673],[-81,100],[-216,198],[-94,156],[-17,89],[87,235],[135,416],[23,156],[-41,209],[-192,208],[-146,130],[-64,78],[-292,239],[-379,197],[-444,208],[-478,234],[-198,79],[-158,63],[-513,152],[-636,209],[-472,175],[-269,141],[-256,190],[-35,26],[-333,305],[-338,279],[-484,309],[-158,89],[-402,260],[-298,142],[-221,74],[-204,34],[-193,44],[-1487,220],[-205,33],[-717,257],[-286,145],[-256,182],[-41,75],[-47,163],[0,134],[-23,536],[-64,115],[-129,142],[-227,219],[-199,89],[-245,86],[-233,74],[-1691,674],[-76,22],[-263,112],[-443,108],[-560,81],[-344,4],[-251,19],[-233,48],[-222,75],[-169,100],[-274,179],[-204,204],[-111,279],[-70,283],[-18,268],[-35,379],[47,372],[6,339],[-24,324],[-227,680],[-53,145],[-186,469],[-263,432],[-134,197],[-93,97],[-216,223],[-274,238],[-204,138],[-362,167],[-414,164],[-444,156],[-338,134],[-268,145],[-356,283],[-227,160],[-304,171],[-402,182],[-543,305],[-192,149],[-140,145],[-152,231],[-496,394],[-700,525],[-548,468],[-572,562],[-326,316],[-158,149],[-175,138],[-204,93],[-262,67],[-356,26],[-403,-30],[-233,0],[-216,11],[-256,82],[-339,179],[-426,483],[-560,733],[-647,715],[-1283,1822],[-99,131],[-339,442],[-280,279],[-23,23],[-228,163],[-233,142],[-257,108],[-396,178],[-88,34],[-320,130],[-438,219],[-146,112],[-70,119],[-35,112],[-128,145],[-146,149],[-239,435],[-47,130],[12,123],[303,219],[94,145],[128,157],[251,297],[122,220],[70,156],[35,156],[0,145],[-29,186],[-82,239],[-140,159],[-361,183],[-152,97],[-292,219],[-186,357],[-117,383],[12,343],[17,55],[105,209],[59,212],[46,201],[-29,387],[-204,249],[-82,223],[18,368],[41,711],[70,446],[11,276],[94,175],[280,107],[215,-11],[240,-52],[250,8],[385,134],[193,96],[198,97],[368,30],[740,-153],[520,-119],[280,-11],[350,11],[221,93],[292,156],[163,220],[455,283],[473,223],[828,368],[198,179],[169,305],[59,111],[64,157],[-128,208],[-205,205],[-215,141],[-444,67],[-671,22],[-653,41],[-326,145],[-82,45],[-146,201],[-192,186],[-269,238],[-251,160],[-595,387],[-332,175],[-513,346],[-374,212],[-105,89],[-495,521],[-251,312],[-123,179],[-87,97],[-111,119],[-193,130],[-676,751],[-64,138],[-940,1280],[-122,145],[-647,480],[-140,104],[-438,112],[-379,22],[-251,-41],[-507,-175],[-654,-260],[-326,-164],[-403,-85],[-536,-97],[-601,-34],[-543,8],[-396,0],[-578,0],[-665,30],[-344,66],[-490,172],[-822,561],[-333,365],[-128,331],[-64,156],[-12,324],[70,179],[321,342],[157,182],[24,182],[17,112],[-23,134],[-164,298],[-315,424],[-151,249],[-105,301],[-129,171],[-233,291],[-216,267],[-111,119],[-35,105],[-40,275],[-12,357],[12,335],[315,-8],[268,49],[210,63],[257,78],[175,134],[274,179],[321,-30],[186,-78],[123,-153],[105,-145],[-18,-137],[-87,-179],[-18,-130],[12,-190],[-222,-82],[-303,-100],[-158,-156],[76,-194],[140,-164],[146,-70],[198,-41],[234,30],[227,48],[204,41],[170,152],[145,168],[275,44],[262,-67],[146,-119],[391,-323],[245,-227],[320,-235],[455,-279],[146,-163],[6,-197],[146,-127],[356,-186],[227,-60],[385,-14],[496,0],[379,55],[187,56],[186,119],[146,123],[350,19],[315,-30],[782,-63],[239,0],[146,41],[257,-45],[460,-205],[391,-204],[793,-424],[310,-8],[198,67],[297,149],[362,234],[263,78],[256,108],[222,82],[175,48],[338,-26],[327,-70],[356,3],[612,23],[263,-8],[204,-44],[350,-34],[379,90],[431,115],[415,134],[361,82],[245,37],[164,-11],[303,-71],[181,56],[233,82],[992,305],[367,96],[286,75],[163,115],[181,168],[274,134],[391,133],[630,116],[496,111],[770,194],[548,130],[350,74],[373,168],[216,160],[199,82],[355,-41],[333,-197],[222,-105],[297,-122],[152,-127],[233,-275],[408,-208],[274,-116],[205,-11],[192,-7],[239,-41],[245,-131],[333,-178],[461,-342],[344,-238],[461,-280],[239,-89],[175,-48],[180,-119],[105,-216],[304,-100],[245,29],[379,164],[642,186],[350,138],[210,18],[361,64],[373,111],[251,104],[280,145],[414,52],[321,27],[508,7],[344,-7],[321,-27],[233,15],[263,45],[519,112],[367,115],[152,93],[379,167],[391,149],[431,164],[315,156],[140,82],[257,167],[204,86],[298,104],[705,257],[193,104],[181,100],[251,64],[262,11],[245,-26],[490,4],[426,-4],[274,115],[128,108],[35,123],[-11,171],[262,45],[222,0],[216,-19],[239,-52],[181,-78],[344,-119],[262,-160],[286,-142],[473,-145],[291,-70],[158,-153],[350,-108],[396,-15],[368,-93],[519,-156],[776,-342],[624,-212],[1382,-227],[1138,-112],[665,-85],[653,-183],[338,-29],[537,26],[770,67],[490,40],[531,30],[367,-3],[514,-56],[285,26],[257,59],[297,8],[263,-30],[292,-74],[548,-220],[496,-82],[227,-37],[228,74],[204,60],[198,22],[187,-41],[367,-108],[304,-115],[157,0],[408,97],[345,89],[338,138],[344,82],[344,-23],[333,101],[87,130],[29,171],[117,89],[233,71],[362,97],[262,93],[245,100],[205,45],[367,26],[134,41],[298,126],[636,194],[431,201],[292,189],[87,97],[134,220],[94,63],[251,37],[344,22],[239,-3],[910,-86],[379,-11],[245,71],[333,78],[116,100],[41,212],[12,231],[23,294],[76,305],[99,450],[210,175],[175,41],[251,0],[286,-41],[344,-82],[192,-82],[385,-186],[479,-123],[455,-70],[390,-15],[374,18],[105,38],[169,134],[70,145],[11,163],[-11,309],[87,283],[82,100],[47,198],[175,208],[530,361],[187,96],[286,49],[198,78],[251,141],[257,64],[472,29],[368,-3],[513,-30],[309,-11],[181,-41],[467,-149],[297,0],[222,48],[426,119],[437,276],[280,201],[367,197],[817,394],[1167,495],[291,126],[817,313],[537,223],[653,190],[828,164],[554,119],[928,152],[962,156],[1231,216],[543,208],[145,175],[53,231],[82,164],[99,93],[198,100],[198,63],[216,26],[239,12],[525,7],[269,74],[250,134],[286,171],[403,123],[402,209],[426,200],[239,153],[292,223],[431,372],[438,339],[391,428],[461,595],[75,141],[-5,171],[-30,268],[-11,253],[-59,707],[6,175],[64,197],[-116,190],[-298,279],[-81,37],[-298,175],[-280,268],[-17,30],[-234,230],[-105,108],[-338,208],[-315,97],[-210,67],[-105,112],[-52,111],[-164,145],[-245,224],[-338,301],[-117,145],[-245,179],[-163,122],[-88,145],[-151,186],[-47,101],[35,268],[-29,115],[-35,145],[76,298],[157,316],[204,190],[356,309],[134,171],[263,387],[222,208],[244,197],[391,201],[339,156],[542,268],[578,235],[338,141],[204,67],[321,33],[332,90],[175,111],[70,171],[0,198],[-87,271],[-29,264],[11,227],[70,235],[105,126],[53,115],[6,212],[192,146],[93,126],[245,335],[199,327],[151,156],[310,231],[198,130],[262,131],[152,130],[41,234],[-140,208],[-169,112],[-99,141],[0,224],[163,212],[531,454],[507,271],[169,112],[333,137],[647,209],[502,156],[327,115],[350,52],[221,90],[234,134],[87,104],[117,175],[286,134],[268,33],[227,-15],[449,-85],[397,-34],[484,-41],[391,34],[414,22],[385,-7],[333,-15],[566,-4],[460,-45],[327,4],[192,26],[222,52],[245,45],[303,7],[257,52],[222,8],[426,-52],[385,-11],[192,11],[303,48],[589,-22],[467,3],[356,8],[192,-4],[496,-70],[379,-38],[304,-22],[361,-56],[344,-37],[245,19],[222,41],[245,89],[239,93],[140,52],[298,0],[233,-26],[298,-15],[186,-7],[449,-79],[409,-14],[355,44],[362,52],[379,-18],[642,82],[414,182],[228,89],[192,48],[198,8],[263,-4],[338,0],[432,-26],[449,-11],[414,26],[368,74],[460,93],[590,97],[530,75],[304,29],[390,64],[199,186],[227,297],[193,238],[181,317],[134,156],[256,70],[438,8],[297,26],[426,59],[373,79],[350,104],[362,85],[414,75],[484,96],[199,41],[216,45],[221,93],[123,82],[227,7],[274,-122],[321,-186],[134,-201],[222,-97],[227,0],[333,100],[618,384],[438,331],[140,145],[64,126],[117,216],[280,-7],[373,-64],[157,-44],[339,-116],[676,-249],[490,-223],[193,-127],[221,-171],[111,-279],[129,-264],[58,-164],[0,-122],[-134,-179],[-397,-264],[-513,-186],[-304,-93],[-256,-104],[-146,-97],[-280,-253],[-175,-197],[-146,-130],[-216,-123],[-425,-197],[-24,-19],[-385,-171],[-321,-220],[0,-226],[496,-358],[508,-360],[210,-220],[134,-298],[93,-163],[82,-67],[303,-171],[117,-179],[6,-141],[29,-201],[-41,-86],[-105,-156],[-47,-160],[82,-223],[17,-156],[35,-201],[123,-131],[187,-122],[157,-108],[333,-93],[245,-78],[303,22],[152,97],[227,186],[210,137],[140,108],[309,23],[175,-38],[222,-148],[181,-276],[151,-208],[251,-261],[251,-271],[251,-272],[221,-215],[461,-320],[274,-127],[251,-156],[619,-302],[157,-93],[694,-372],[163,-81],[205,-198],[70,-148],[-47,-324],[-18,-212],[47,-156],[35,-138],[123,-186],[-24,-86],[-64,-223],[-99,-193],[-76,-138],[-175,-152],[-122,-116],[-24,-216],[-116,-174],[-216,-153],[-181,-100],[-257,-71],[-221,-4],[-525,75],[-304,15],[-163,-27],[-222,-115],[-128,-97],[-122,-89],[-47,-156],[-35,-272],[-58,-201],[-88,-241],[-140,-246],[-152,-190],[-198,-201],[-268,-264],[-111,-193],[-82,-242],[-110,-327],[-24,-224],[35,-249],[105,-164],[222,-115],[239,8],[192,48],[269,104],[513,197],[268,112],[263,71],[198,11],[175,-19],[187,-82],[187,-204],[175,-242],[151,-201],[94,-298],[105,-435],[58,-249],[58,-413],[-17,-130],[-222,-283],[-233,-208],[-70,-101],[-82,-197],[-52,-130],[-88,-90],[-146,-189],[59,-134],[157,-71],[204,-37],[263,-67],[630,-156],[682,-212],[309,-93],[794,-93],[705,-160],[88,-26],[286,-157],[274,-119],[309,-85],[303,-67],[175,-37],[204,-41],[269,41],[280,137],[163,60],[309,33],[228,-37],[245,-175],[105,-171],[11,-145],[-192,-130],[-175,-26],[-373,-15],[-193,-11],[-834,-45],[-694,-93],[-292,-33],[-175,-49],[-157,-63],[-164,-67],[-163,-74],[-198,-194],[-41,-152],[23,-131],[111,-148],[210,-231],[198,-179],[181,-152],[47,-97],[99,-179],[18,-130],[134,-312],[110,-164],[82,-171],[12,-175],[-35,-115],[-198,-272],[-187,-193],[-105,-116],[-53,-137],[6,-116],[41,-126],[175,-190],[169,-70],[391,-101],[12,0],[420,-22],[285,-15],[257,-34],[245,-70],[198,-82],[175,-201],[47,-208],[58,-242],[65,-156],[145,-283],[117,-231],[58,-167],[88,-134],[117,-171],[70,-127],[87,-201],[198,-197],[403,-242],[256,-145],[660,-245],[373,-101],[111,-78],[52,-134],[-76,-208],[-192,-60],[-373,-108],[-257,-67],[-198,-44],[-292,-19],[-426,-26],[-280,19],[-233,37],[-327,93],[-221,48],[-263,45],[-222,30],[-175,-52],[-140,-201],[76,-142],[164,-197],[250,-97],[146,-33],[257,-37],[169,-75],[134,-130],[35,-219],[222,-183],[332,-22],[269,45],[186,85],[204,145],[94,108],[210,201],[210,175],[181,112],[210,74],[175,26],[256,-19],[140,-55],[245,-97],[105,-134],[64,-145],[24,-160],[70,-380],[35,-141],[210,-208],[198,-179],[158,-78],[221,-59],[233,-38],[158,-48],[181,-160],[41,-182],[-41,-190],[23,-201],[-76,-145],[-274,-112],[-245,-52],[-338,-82],[-169,-29],[-245,-45],[-333,-93],[-99,-201],[93,-271],[152,-183],[169,-119],[117,-93],[192,-78],[135,-41],[233,-67],[332,-7],[309,15],[479,-12],[729,4],[542,-22],[1383,4],[64,3],[315,-7],[274,-37],[233,-26],[257,-97],[152,-287],[17,-37],[204,-349],[210,-339],[152,-197],[163,-153],[216,-122],[245,-138],[245,-142],[169,-137],[234,-197],[210,-238],[140,-153],[134,-193],[35,-127],[0,-175],[-12,-175],[-70,-134],[-134,-160],[-123,-167],[-11,-138],[-292,-96],[-221,-104],[-280,-127],[-257,30],[-152,137],[-239,-70],[-64,-97],[23,-175],[29,-197],[164,-190],[175,-204],[175,-246],[169,-260],[192,-432],[135,-201],[35,-111],[99,-205],[151,-201],[193,-197],[175,-104],[321,-142],[297,-111],[93,-19],[280,41],[426,86],[391,52],[233,-19],[205,-48],[70,-201],[-105,-115],[-245,-224],[-467,-491],[-216,-238],[-222,-253],[-105,-175],[-52,-122],[-29,-231],[41,-208],[99,-246],[105,-197],[29,-164],[163,-137],[286,-75],[362,-15],[274,67],[268,-7],[152,-15],[227,-63],[210,-71],[111,-78],[134,-108],[175,-156],[140,-116],[175,-104],[210,-104],[181,-164],[47,-115],[-76,-190],[-88,-93],[-70,-149],[41,-111],[169,-134],[199,-63],[251,-67],[210,-78],[204,-67],[146,-71],[268,-160],[163,-212],[134,-194],[210,-249],[222,-264],[175,-197],[146,-175],[29,-104],[-18,-212],[-40,-179],[-76,-123],[-105,-100],[-158,-82],[-256,-18],[-169,52],[-461,260],[-671,376],[-776,376],[-362,178],[-268,127],[-216,63],[-250,67],[-205,26],[-367,4],[-228,-60],[-140,-164],[-17,-145],[169,-282],[158,-186],[215,-257],[111,-138],[181,-346],[47,-141],[35,-153],[-29,-148],[-65,-186],[-64,-190],[-29,-153],[64,-197],[169,-119],[280,-108],[274,-45],[263,-40],[227,18],[292,41],[187,-19],[606,93],[263,34],[187,11],[175,-78],[320,-465],[12,-19],[123,-282],[110,-250],[24,-565],[-35,-186],[-12,-175],[23,-164],[59,-119],[93,-111],[140,-101],[227,-123],[333,-74],[216,-89],[204,-142],[146,-167],[227,-186],[449,-86],[578,-204],[519,-257],[123,-130],[87,-179],[198,-122],[204,-131],[59,-204],[-35,-194],[-204,-70],[-222,-15],[-198,-26],[-414,-309],[-292,-249],[-303,-205],[-170,-141],[-175,-127],[-110,-160],[-53,-327],[-82,-339],[-5,-85],[-123,-253],[-93,-205],[-117,-257],[-99,-279],[-76,-167],[0,-100],[58,-142],[111,-123],[245,-156],[181,-37],[513,-56],[321,15],[286,67],[607,175],[373,115],[292,78],[198,134],[321,86],[297,30],[280,18],[356,-56],[158,-167],[128,-231],[128,-230],[41,-212],[-64,-194],[-93,-212],[-53,-167],[-35,-190],[-23,-335],[76,-294],[0,-145],[-12,-145],[-35,-149],[-82,-160],[-134,-216],[53,-193],[198,-104],[309,-194],[263,-178],[145,-138],[257,-193],[210,-108],[315,-171],[245,-138],[187,-119],[210,-93],[361,-167],[438,-168],[326,-138],[257,-122],[274,-171],[228,-183],[192,-212],[204,-227],[181,-290],[105,-249],[58,-130],[129,-283],[146,-194],[221,-297],[193,-268],[76,-115],[70,-153],[5,-126],[-180,-138],[-146,-56],[-257,-100],[-216,-82],[-198,-63],[-128,-194],[157,-204],[210,-93],[210,-112],[263,-153],[99,-223],[64,-223],[134,-179],[175,-215],[82,-97],[204,-156],[350,-294],[280,-290],[181,-239],[111,-156],[87,-149],[6,-156],[-88,-82],[-245,-141],[-198,-93],[-187,-97],[-180,-100],[-210,-142],[-193,-160],[-157,-126],[-111,-97],[-117,-119],[-87,-156],[75,-153],[100,-126],[64,-186],[326,-67],[286,63],[321,141],[175,93],[274,45],[187,-134],[122,-219],[76,-242],[59,-186],[52,-190],[105,-204],[134,-213],[158,-171],[175,-193],[151,-179],[140,-96],[234,-34],[227,22],[239,19],[193,-4],[286,-145],[-24,-238],[0,-160],[59,-160],[122,-149],[12,-215],[-88,-153],[-76,-119],[-99,-126],[-151,-149],[-164,-131],[-128,-100],[175,-201],[472,112],[625,182],[536,201],[239,119],[554,294],[187,93],[333,45],[227,-123],[245,-90],[1178,-476],[251,-134],[572,-331],[105,-59],[636,-409],[233,-209],[163,-164],[169,-212],[100,-167],[58,-104],[122,-153],[175,-141],[47,-179],[-17,-134],[-18,-104],[-64,-156],[134,-182],[163,-56],[228,-34],[181,-29],[280,-64],[221,-55],[193,-75],[169,-100],[157,-93],[123,-197],[-18,-131],[-58,-160],[-41,-141],[-29,-164],[47,-234],[151,-205],[140,-111],[140,-101],[240,-294],[128,-241],[-117,-153],[-192,-82],[-315,-156],[-210,-112],[-315,-104],[-53,-171],[134,-182],[123,-52],[257,-82],[274,-45],[239,-30],[292,0],[256,41],[339,145],[215,123],[269,175],[181,86],[315,115],[180,45],[298,-56],[146,-67],[151,-82],[333,-182],[151,-71],[228,-63],[245,-82],[402,-101],[47,-18],[397,-93],[227,-22],[239,26],[333,67],[309,-19],[204,-45],[123,-145],[87,-82],[93,-223],[24,-175],[-24,-141],[228,-115],[146,-19],[286,-7],[297,-23],[175,-41],[309,-122],[263,-142],[315,-145],[233,-141],[286,-119],[216,-105],[105,-40],[326,-186],[298,-138],[221,-97],[479,-223],[461,-182],[46,-23],[292,-104],[373,-137],[327,-131],[175,-70],[636,-276],[309,-119],[163,-82],[146,-96],[117,-134],[227,-145],[233,-34],[240,-33],[175,-30],[332,15],[268,52],[216,22],[356,-15],[309,-93],[222,-130],[204,-175],[257,-297],[256,-227],[140,-78],[199,-19],[233,-97],[93,-82],[105,-160],[169,-89],[146,-178],[41,-142],[-93,-279],[-12,-145],[193,-171],[128,-100],[146,-131],[128,-115],[105,-89],[117,-116],[81,-93],[111,-156],[94,-149],[81,-126],[134,-242],[70,-123],[59,-152],[5,-112],[12,-130],[29,-164],[35,-175],[105,-223],[117,-111],[169,-79],[210,-145],[117,-163],[81,-138],[135,-182],[163,-168],[175,-141],[181,-60],[350,56],[186,60],[199,82],[233,141],[233,130],[129,67],[256,115],[239,-14],[117,-90],[99,-152],[99,-194],[70,-216],[0,-148],[-29,-93],[-87,-179],[-59,-93],[-93,-152],[-87,-164],[-70,-97],[-245,-138],[-187,-37],[-216,-89],[-76,-78],[-93,-134],[-70,-156],[-52,-131],[-82,-122],[-128,-157],[-18,-145],[12,-126],[64,-190],[181,-134],[151,-97],[205,-85],[361,30],[239,-60],[321,-78],[204,-37],[304,-52],[332,-56],[263,-41],[268,-45],[327,-85],[192,-63],[228,-112],[285,-130],[181,-45],[263,-45],[64,-215],[-233,-101],[-280,-130],[-245,-115],[-135,-82],[-157,-160],[-6,-212],[-105,-123],[12,-201],[181,-63],[332,-97],[233,-119],[205,-138],[169,-141],[186,-178],[88,-186],[41,-123],[-82,-194],[-251,-33],[-216,-37],[-239,-67],[-221,-45],[-187,-30],[-181,-30],[-192,-22],[-251,-74],[-152,-116],[204,-145],[239,-11],[117,-85],[-6,-190],[41,-112],[-169,-115],[-443,-26],[-280,-48],[-76,-67],[-94,-157],[-75,-119],[23,-167],[117,-104],[297,-26],[251,-86],[58,-149],[204,-193],[123,-116],[251,-63],[321,-56],[99,-126],[-105,-186],[-181,-134],[-23,-145],[46,-197],[12,-235],[140,-134],[315,-107],[187,-75],[174,-82],[315,-100],[205,-67],[256,-75],[175,8],[204,4],[315,-8],[245,-52],[187,-112],[105,-122],[-76,-205],[-105,-123],[-186,-148],[-123,-120],[-87,-85],[-100,-160],[-58,-101],[-122,-107],[-263,-127],[-134,-41],[-228,-33],[-472,-30],[-227,-30],[-257,-111],[-88,-123],[-46,-197],[35,-160],[93,-134],[152,-164],[128,-126],[99,-82],[344,-212],[269,-41],[163,-49],[99,-126],[41,-164],[-82,-115],[-52,-115],[-18,-138],[35,-145],[41,-201],[76,-153],[122,-100],[170,-82],[326,-52],[438,30],[105,7],[315,26],[338,-26],[268,-74],[222,-19],[251,0],[58,-208],[-117,-127],[-105,-96],[-145,-131],[-152,-137],[-233,-246],[-129,-149],[47,-178],[82,-93],[140,-134],[105,-86],[210,-115],[210,-89],[525,-153],[151,-30],[228,30],[192,34],[239,-41],[170,-63],[221,-105],[560,-372],[414,-208],[245,-123],[210,-193],[35,-175],[88,-134],[239,-86],[169,-22],[356,-56],[292,-78],[204,-78],[636,-301],[262,-101],[181,-74],[286,-119],[157,-75],[169,-148],[175,-186],[204,-127],[135,-119],[157,-153],[327,-85],[321,-30],[210,8],[326,33],[269,78],[297,-126],[-245,-313],[-105,-130],[-87,-115],[-76,-160],[35,-171],[-35,-127],[-64,-201],[-170,-93],[-58,-104],[117,-182],[169,-37],[58,-157],[-146,-85],[-186,-134],[64,-212],[163,-82],[374,-160],[-76,-134],[-321,33],[-123,-204],[-5,-93],[-193,-145],[-233,-82],[-216,-63],[-41,-131],[117,-107],[332,0],[245,55],[222,49],[134,-171],[-175,-105],[-70,-122],[140,-145],[233,63],[298,-138],[134,-85],[210,-75],[193,-182],[151,-71],[216,-171],[-122,-145],[145,-134],[280,-52],[94,-171],[-41,-116],[-152,-107],[-216,-86],[-186,-86],[-82,-200],[152,-168],[169,-67],[122,-130],[152,-100],[163,-108],[70,-160],[-46,-220],[285,-85],[193,141],[227,-186],[-35,-193],[94,-112],[52,-145],[-210,-86],[-280,-104],[24,-134],[23,-104],[105,-134],[105,-71],[268,-7],[222,-93],[12,-153],[134,-148],[338,-82],[228,-63],[99,-175],[146,-78],[268,-127],[181,-164],[87,-130],[222,-138],[251,-66],[140,-90],[29,-171],[105,-178],[157,-60],[204,-15],[251,-30],[368,-18],[309,7],[222,182],[134,71],[472,104],[234,45],[291,0],[309,-41],[169,-11],[222,11],[438,41],[320,-52],[193,-104],[297,-119],[385,-119],[175,-71],[216,-34],[216,45],[315,86],[222,44],[151,-15],[187,-111],[128,-56],[193,-67],[262,-7],[193,89],[181,-4],[198,-37],[198,-37],[210,18],[222,153],[257,78],[186,175],[210,167],[414,26],[187,34],[327,-8],[186,8],[251,119],[204,7],[619,-33],[373,-34],[268,8],[187,44],[198,71],[199,156],[239,75],[186,-34],[164,-82],[274,-63],[227,119],[199,123],[87,141],[35,168],[303,100],[327,-41],[350,45],[356,100],[216,75],[140,37],[443,104],[344,67],[309,0],[175,8],[420,70],[193,64],[221,174],[164,75],[612,156],[280,-56],[117,-108],[210,-134],[297,-145],[222,-44],[239,41],[292,-34],[198,-59],[193,-49],[157,-26],[263,-67],[163,-100],[105,-112],[146,-115],[216,-108],[186,-127],[292,-171],[280,-134],[204,-85],[152,-82],[175,-115],[175,-179],[93,-130],[23,-123],[111,-253],[268,-253],[380,-294],[355,-230],[327,-313],[251,-216],[181,-63],[221,4],[280,93],[426,301],[175,138],[298,78],[501,-15],[432,-74],[828,0],[654,-112],[676,-167],[315,-15],[152,7],[186,145],[228,432],[222,186],[215,130],[146,86],[304,41],[431,-38],[519,-41],[140,0],[280,34],[251,71],[280,59],[496,82],[262,104],[327,48],[175,23],[228,48],[245,82],[140,100],[198,101],[157,37],[345,-30],[186,-122],[350,-294],[181,-97],[198,-108],[129,-26],[490,-97],[1003,-152],[1260,-257],[262,-30],[274,82],[158,86],[163,59],[199,60],[169,18],[245,4],[700,-26],[536,7],[286,-3],[234,15],[1044,186],[898,238],[671,390],[706,588],[151,119],[198,153],[490,379],[595,469],[438,130],[461,-11],[618,-78],[1843,-394],[1114,-108],[858,29],[758,82],[420,60],[811,223],[426,197],[676,458],[706,547],[309,74],[239,11],[175,-18],[450,-71],[1201,-156],[6,0],[373,-15],[484,70],[245,90],[234,182],[64,287],[76,569],[122,483],[210,272],[292,201],[198,119],[169,85],[146,79],[549,178],[653,101],[239,18],[671,45],[2234,268],[245,82],[81,81],[59,168],[-59,230],[-40,79],[-117,227],[-41,249],[29,257],[129,286],[245,792],[87,358],[152,241],[198,320],[163,253],[759,718],[904,614],[507,435],[339,168],[583,219],[402,131],[65,18],[624,93],[571,11],[800,-33],[279,15],[327,37],[286,67],[344,141],[228,153],[309,256],[116,179],[30,56],[46,201],[41,297],[111,134],[111,71],[297,123],[181,56],[356,26],[659,14],[677,34],[250,59],[251,123],[473,231],[309,78],[251,-4],[566,-126],[548,-186],[612,-175],[875,-216],[414,-111],[280,-79],[432,-145],[630,-189],[373,-38],[461,-26],[210,-3],[974,-108],[566,-37],[397,-90],[274,-100],[198,-34],[210,0],[461,108],[268,60],[257,104],[239,45],[210,-19],[239,-93],[234,-156],[105,-78],[425,-49],[712,-70],[583,-123],[531,-134],[222,-26],[280,26],[210,71],[210,78],[192,130],[140,89],[210,60],[321,115],[163,119],[228,37],[309,-11],[297,-45],[333,-67],[461,-119],[216,-85],[122,-101],[70,-107],[566,-763],[443,-354],[228,-413],[93,-319],[29,-160],[128,-157],[216,-122],[525,-287],[53,-85],[58,-160],[117,-198],[-29,-308],[-59,-175],[-169,-168],[-146,-145],[-175,-405],[-105,-257],[-64,-208],[-23,-134],[-134,-179],[-205,-52],[-244,-130],[-105,-138],[-158,-372],[-192,-190],[-111,-78],[-210,-85],[-251,-93],[-134,-183],[233,-595],[53,-130],[-18,-164],[-222,-312],[0,-257],[129,-223],[186,-190],[595,-268],[30,-15],[635,-308],[12,-11],[297,-198],[409,-163],[286,-34],[250,-33],[625,26],[490,-186],[198,-131],[117,-182],[58,-85],[140,-558],[303,-503],[210,-439],[198,-256],[245,-309],[181,-208],[-11,-216],[-41,-190],[-70,-268],[64,-216],[117,-145],[262,-342],[117,-197],[105,-458],[81,-416],[70,-216],[-268,-123],[-338,-67],[-193,-41],[-286,-59],[-361,-75],[-408,-175],[-129,-145],[-11,-175],[110,-204],[654,-328],[746,-386],[111,-38],[554,-193],[257,-19],[898,-286],[898,-287],[415,-163],[180,-64],[158,-63],[134,-115],[53,-115],[35,-194],[105,-1034],[-70,-249],[-76,-279],[-134,-384],[-135,-446],[-17,-19],[-198,-197],[-339,-312],[-169,-250],[-17,-271],[-12,-153],[134,-286],[216,-316],[152,-320],[29,-127],[186,-242],[333,-201],[105,-67],[478,-338],[70,-301],[53,-227],[-12,-67],[-169,-886],[-134,-755],[35,-238],[256,-268],[275,-431],[186,-220],[374,-216],[268,-93],[566,-96],[367,-67],[408,-257],[1237,-1101],[834,-819],[968,-874],[310,-432],[612,-859],[595,-1146],[193,-848],[-47,-789],[-128,-982],[245,-1261],[565,-1116],[251,-506],[105,-837],[-41,-101],[-134,-148],[-157,-175],[-269,-168],[-52,-74],[-432,-659],[-29,-41],[-426,-665],[-455,-465],[-1073,-808],[-134,-167],[-70,-164],[46,-205],[12,-223],[53,-502],[35,-290],[-216,-930],[-263,-889],[-221,-432],[-82,-100],[-239,-432],[-152,-212],[-449,-454],[-554,-301],[-362,-231],[-87,-82],[-210,-238],[-29,-465],[0,-204],[140,-320],[221,-447],[53,-476],[-181,-536],[-146,-387],[41,-197],[70,-137],[-134,-190],[-70,-97],[64,-219],[327,-134],[904,-220],[793,-379],[239,-168],[356,-245],[677,-383],[23,-15],[426,-328],[46,-70],[164,-231],[-29,-149],[-164,-238],[-443,-517],[-251,-275],[-87,-127],[-59,-115],[-163,-212],[-198,-238],[-94,-246],[-64,-164],[-152,-416],[-139,-328],[-41,-212],[-111,-141],[-76,-186],[-52,-461],[-47,-246],[-12,-123],[-23,-122],[-140,-168],[-198,-93],[-216,-123],[-88,-33],[-443,-63],[-578,18],[-746,41],[-799,19],[-350,-23],[-554,-134],[-275,-81],[-163,-30],[-420,-108],[-338,-45],[-164,-137],[-99,-179],[-291,-115],[-257,-30],[-169,26],[-198,60],[-181,11],[-292,-63],[-268,-4],[-222,26],[-350,-52],[-251,-71],[-227,-130],[-152,-101],[-618,-353],[-123,-71],[-122,-141],[-64,-93],[-164,-112],[-227,-37],[-268,82],[-333,97],[-204,111],[17,157],[24,178],[-111,130],[-111,101],[-210,93],[-321,37],[-344,30],[-385,15],[-297,-38],[-280,-85],[-327,-71],[-93,-22],[-280,0],[-204,0],[-549,52],[-805,15],[-402,-67],[-210,-67],[-671,-354],[-927,-506],[-47,-33],[-758,-517],[-70,-141],[-76,-160],[-29,-112],[46,-130],[187,-127],[426,-245],[309,-131],[216,-133],[239,-15],[146,-134],[70,-127],[198,-160],[87,-108],[35,-163],[76,-201],[18,-138],[52,-160],[187,-78],[227,-56],[315,-15],[193,-44],[233,-171],[269,-41],[180,-119],[70,-112],[181,-149],[251,-33],[187,-82],[420,-506],[41,-101],[93,-133],[157,-146],[193,-74],[204,-119],[192,-115],[53,-78],[76,-157],[41,-115],[29,-153],[29,-171],[87,-137],[210,-331],[175,-354],[65,-182],[140,-182],[215,-60],[135,-19],[332,-74],[461,-156],[134,-63],[204,-86],[385,-223],[140,-82],[397,-194],[443,-200],[257,-157],[204,-428],[35,-189],[192,-67],[298,41],[227,-15],[140,-93],[158,-112],[175,-160],[175,-63],[187,-123],[175,-70],[221,-82],[239,-105],[111,-115],[82,-141],[274,-119],[245,-63],[192,-56],[135,-75],[87,-197],[-29,-171],[140,-123],[280,-74],[362,7],[315,-59],[262,-82],[140,-67],[175,-149],[303,-134],[292,19],[268,4],[140,-23],[251,-137],[41,-134],[52,-134],[210,-227],[41,-45],[152,-238],[41,-149],[6,-134],[93,-152],[245,-149],[17,-171],[-163,-134],[-420,-145],[-292,-112],[-163,-71],[-379,-133],[-140,-30],[-210,-90],[-169,-107],[-152,-127],[-128,-160],[-76,-141],[105,-685],[41,-216],[-70,-130],[117,-219],[75,-201],[0,-101],[-11,-186],[140,-100],[245,-19],[245,-115],[-41,-186],[111,-205],[198,-41],[222,-74],[175,-182],[0,-134],[110,-149],[275,-59],[583,-175],[251,-78],[291,-45],[280,-41],[263,-63],[181,-168],[99,-178],[-29,-153],[-152,-197],[-70,-115],[23,-171],[117,-149],[29,-119],[187,-142],[268,-18],[152,59],[297,-126],[6,-179],[82,-108],[157,-89],[181,-74],[152,-67],[210,-75],[140,-108],[216,-59],[122,-112],[64,-141],[123,-75],[192,-78],[321,-89],[193,-52],[186,-101],[76,-74],[-41,-178],[-58,-213],[181,-93],[110,-152],[70,-205],[146,-63],[414,-149],[257,-15],[257,-163],[192,-183],[327,-89],[169,-141],[117,-64],[192,-96],[94,-231],[17,-130],[29,-171],[263,-156],[163,-172],[0,-122],[-140,-160],[-163,-190],[-216,-89],[-175,-12],[-338,-67],[-286,-245],[-333,-387],[-64,-179],[29,-130],[-245,-353],[-58,-93],[-93,-145],[-76,-242],[17,-119],[24,-231],[-35,-115],[-123,-190],[-187,-104],[-169,-89],[-70,-112],[-35,-175],[269,-104],[140,-190],[116,-219],[-93,-179],[-123,-156],[-70,-104],[-128,-179],[-6,-63],[129,-182],[140,-93],[215,-175],[-46,-119],[29,-168],[17,-81],[135,-179],[198,-164],[257,-130],[210,-108],[192,-186],[47,-126],[35,-175],[-53,-164],[-116,-89],[-181,-130],[-123,-90],[-233,-111],[-344,-175],[-298,-153],[-175,-100],[-460,-238],[-100,-52],[-274,-186],[-175,-49],[-210,19],[-332,48],[-199,-67],[-291,-178],[-304,-101],[-64,-22],[-746,-97],[-1470,-193],[-1179,-272],[-863,-230],[-99,-41],[-245,-119],[-163,-179],[-70,-175],[-18,-160],[29,-137],[700,-279],[689,-235],[157,-44],[467,-131],[175,-48],[280,-130],[105,-168],[-59,-178],[-169,-529],[59,-252],[291,-346],[12,-183],[-99,-175],[-309,-375],[29,-238],[256,-462],[572,-390],[105,-41],[694,-298],[928,-286],[589,-250],[297,-208],[0,-7],[88,-283],[-41,-532],[146,-138],[286,-130],[140,-26],[443,-86],[157,-26],[467,-338],[239,-134],[263,-138],[700,-390],[589,-291],[99,-48],[373,-145],[467,-186],[770,-294],[1172,-521],[881,-312],[309,-86],[350,-15],[210,11],[263,15],[192,0],[268,-41],[140,-134],[292,-52],[303,-74],[222,-115],[140,-64],[502,-48],[332,30],[164,78],[174,45],[216,-30],[245,-75],[280,-96],[304,-112],[245,-60],[192,0],[216,45],[152,19],[233,-11],[566,-86],[210,-60],[420,-174],[180,-82],[275,-127],[140,-111],[490,-402],[542,-383],[502,-183],[251,-134],[274,-145],[350,-18],[245,37],[175,45],[210,-8],[250,-37],[175,-4],[269,15],[210,186],[233,138],[233,-108],[94,-86],[216,-104],[315,-70],[402,-56],[158,-171],[-315,-64],[-187,-63],[-204,-45],[-216,-63],[-123,-164],[-35,-178],[-81,-134],[-222,-149],[-192,-108],[-59,-70],[-134,-149],[-117,-130],[-93,-153],[-286,-123],[-186,-193],[0,-182],[215,-157],[111,-175],[-99,-189],[-117,-205],[41,-212],[169,-126],[41,-120],[24,-178],[-12,-141],[-64,-183],[-129,-123],[-58,-115],[-58,-297],[-76,-198],[-53,-115],[-5,-238],[23,-179],[-29,-67],[-129,-267],[59,-146],[233,-160],[268,-85],[403,-216],[227,-63],[234,-15],[221,0],[228,-86],[99,-89],[-12,-216],[-5,-104],[87,-182],[280,-112],[315,11],[368,19],[349,19],[450,0],[355,-4],[205,-26],[297,-48],[473,-138],[379,-115],[443,-112],[198,-63],[245,-78],[304,-149],[116,-60],[269,-156],[58,-33],[315,-194],[198,-156],[117,-182],[117,-172],[105,-78],[192,-130],[169,-149],[158,-156],[175,-190],[169,-130],[198,-108],[228,-30],[338,-59],[222,-101],[134,-182],[52,-119],[117,-361],[64,-104],[140,-115],[99,-130],[12,-101],[-70,-231],[47,-167],[99,-119],[157,-97],[169,-201],[47,-201],[82,-130],[181,-130],[157,-104],[64,-89],[164,-354],[35,-41],[239,-152],[204,-127],[274,-104],[187,-63],[128,-112],[105,-193],[158,-112],[250,-37],[251,-34],[146,-37],[216,-93],[198,-130],[187,-164],[76,-44],[332,-157],[309,-219],[169,-93],[181,-45],[490,-41],[286,0],[449,4],[315,-67],[169,-78],[140,-97],[88,-123],[17,-119],[-6,-163],[100,-101],[320,-175],[70,-37],[228,-126],[192,-90],[199,-126],[140,-134],[221,-104],[117,-52],[333,-153],[192,-74],[163,-201],[-5,-201],[23,-268],[192,-152],[146,-4]],[[694622,543488],[-239,-119],[-146,-52],[-210,-101],[-140,-175],[128,-96],[76,-157],[-432,-30],[-291,-122],[-187,-71],[-157,-30],[-216,-29],[-76,-198],[-128,-122],[-175,-67],[-135,-71],[-245,-156],[-93,-138],[-29,-149],[-111,-175],[-99,-122],[87,-146],[146,-208],[-17,-119],[-64,-123],[-105,-96],[-234,-209],[-192,-111],[-344,-160],[-6,-8],[-700,-312],[-513,-231],[-520,-290],[-215,-164],[-228,-97],[-251,-29],[-361,56],[-327,-105],[-76,-152],[-12,-208],[-70,-160],[-186,-142],[-222,-126],[-233,-78],[-181,-45],[-251,-22],[-151,14],[-240,56],[-355,4],[-251,-86],[-239,-145],[-228,-167],[-134,-67],[-222,-104],[-857,-175],[-239,-97],[-129,-93],[-70,-137],[12,-153],[6,-112],[70,-219],[29,-194],[6,-234],[-82,-182],[-41,-45],[-221,-238],[-222,-175],[-461,-190],[-426,-148],[-385,-67],[-198,-30],[-1190,30],[-1581,137],[-350,45],[-396,45],[-502,11],[-41,-4],[-554,-52],[-956,-223],[-234,-67],[-589,-89],[-385,-38],[-157,-11],[-461,-93],[-187,-63],[-157,-63],[-187,-134],[-122,-90],[-683,-494],[-350,-145],[-268,-34],[-508,-22],[-455,44],[-711,198],[-473,78],[-64,3],[-402,15],[-310,-18],[-210,-41],[-297,-93],[-257,-15],[-810,242],[-368,0],[-268,-71],[-934,-171],[-262,-26],[-105,0],[-408,63],[-508,123],[-152,26],[-233,-56],[-280,-216],[-315,75],[-221,115],[-234,7],[-356,8],[-145,138],[5,186],[82,115],[70,178],[-82,112],[-180,63],[-234,19],[-169,-11],[-292,-11],[-344,14],[-87,172],[46,130],[65,111],[-24,123],[-198,142],[-187,93],[-565,186],[-345,81],[-186,-29],[-199,-45],[-169,-71],[-210,-59],[-151,-149],[-76,-130],[-315,4],[-204,33],[-199,-100],[-221,-41],[-135,-45],[-262,-78],[-163,-15],[-240,-48],[-268,-64],[-186,-37],[-263,-164],[-29,-171],[-140,-141],[-181,-19],[-187,-78],[-93,-182],[-204,-171],[-268,-71],[-94,-134],[-128,-108],[-187,-44],[-192,-86],[-193,-82],[-198,-74],[-239,52],[-210,0],[-222,30],[-192,22],[-286,52],[-169,37],[-362,49],[-286,104],[-245,-8],[-239,30],[-181,19],[-350,-34],[-181,-93],[-204,-18],[-356,-60],[-169,-18],[-262,3],[-216,-52],[-169,-108],[-198,-37],[-94,-108],[-256,-89],[-47,-119],[-193,-156],[-163,-82],[-245,-4],[-111,-93],[-204,-123],[-367,-22],[-222,56],[-268,-4],[-181,-74],[-204,-23],[-327,-55],[-157,-23],[-222,-111],[-204,-149],[-152,11],[-216,-41],[-210,-7],[-221,111],[-140,49],[-210,96],[-193,75],[-181,141],[-309,-37],[-175,-19],[-344,0],[-268,41],[-111,101],[-251,15],[-274,122],[-251,97],[-111,100],[-227,30],[-175,34],[-304,33],[-274,26],[-338,-33],[-216,3],[-274,-18],[-187,-37],[-256,-52],[-123,-71],[-169,-101],[-204,-55],[-181,-164],[-122,-134],[-170,-56],[-169,-97],[-105,-197],[-140,-171],[-163,-67],[-286,-104],[-198,15],[-228,0],[-286,-34],[-215,-81],[-170,-8],[-221,-26],[-327,-18],[-210,-49],[-192,-44],[-193,-64],[-309,-63],[-175,4],[-245,-4],[-198,-130],[-175,-112],[-228,-115],[-175,-168],[88,-130],[0,-182],[-158,-74],[-239,-19],[-152,0],[-192,112],[0,100],[0,156],[-303,86],[-204,0],[-181,-71],[-432,-193],[-216,-56],[-326,30],[-152,119],[-41,227],[-181,472],[-251,309],[-501,376],[-362,349],[-140,157],[6,204],[41,164],[87,167],[53,134],[0,153],[-82,152],[-134,86],[-181,56],[-332,3],[-595,-163],[-391,-186],[-449,-298],[-449,-212],[-298,-97],[-677,-89],[-1761,-249],[-356,-23],[-502,-11],[-134,190],[117,257],[-6,111],[-268,104],[-298,-37],[-221,-44],[-344,-123],[-607,-238],[-391,-212],[-41,-23],[-525,-368],[-449,-123],[-852,-70],[-1154,-86],[-1237,-59],[-683,-79],[-443,-74],[-309,-93],[-181,-86],[-175,-152],[-111,-119],[-186,-134],[-199,-56],[-396,-7],[-222,22],[-140,108],[-47,186],[-122,164],[-187,29],[-186,-41],[-286,-111],[-210,-52],[-385,-56],[-263,0],[-280,41],[-373,123],[-630,279],[-758,357],[-385,238],[-88,78],[-297,268],[-636,487],[-175,142],[-362,-15],[-256,-298],[-444,-234],[-29,-19],[-315,-126],[-256,-97],[-234,15],[-396,167],[-228,78],[-239,52],[-262,34],[-362,4],[-426,-19],[-233,-37],[-356,-123],[-438,-164],[-834,-264],[-274,-85],[-245,-71],[-157,-134],[-47,-156],[-187,-134],[-186,-41],[-210,-48],[-129,-142],[-11,-93],[-18,-164],[-11,-148],[-30,-101],[-198,-167],[-268,-134],[-951,-279],[-787,-119],[-1505,-168],[-940,-108],[-886,-44],[-566,-93],[-548,-194],[-514,-186],[-1230,-494],[-298,-168],[-373,-309],[-292,-245],[-233,-242],[-193,-182],[-99,-104],[-414,-190],[-327,-112],[-297,-48],[-1126,26],[-548,-45],[-502,-123],[-274,-163],[-140,-261],[-87,-379],[-152,-238],[-274,-171],[-636,-376],[-700,-610],[-513,-778],[-292,-859],[-146,-930],[-560,-666],[-128,-514],[163,-513],[234,-290],[408,-342],[198,-335],[-35,-227],[-140,-212],[-291,-294],[-82,-141],[12,-175],[64,-212],[198,-592],[-6,-74],[-175,-290],[-186,-153],[-327,-253],[-198,-89],[-473,-123],[-968,-138],[-303,-93],[-146,-82],[-234,-148],[-355,-354],[-117,-74],[-1079,-454],[-140,-67],[-169,-74],[-216,-123],[-99,-78],[-94,-145],[-41,-86],[-40,-179],[64,-230],[-199,-149],[-52,-234],[-123,-205],[-46,-156],[-134,-130],[-76,-71],[-152,-142],[-239,-159],[-169,-45],[-193,-60],[-192,-74],[-233,-119],[-129,-216],[-245,-97],[-280,75],[-175,134],[-175,193],[-186,-78],[-240,-67],[-239,-7],[-181,-8],[-209,-7],[-181,89],[-187,89],[-233,60],[-274,115],[-35,168],[-181,48],[-140,115],[-327,-52],[-204,56],[-263,7],[-204,-67],[-151,-29],[-228,-49],[-332,-93],[-210,-85],[-280,-56],[-169,-97],[-263,-63],[-122,-93],[-275,-63],[-210,-186],[-163,-171],[-128,-119],[-274,3],[-222,30],[-292,-19],[-151,-111],[-251,-101],[-210,-148],[-228,-30],[-186,-49],[-228,-119],[-198,-148],[-193,-164],[-169,-123],[-151,-78],[-187,-71],[-222,-122],[-262,0],[-210,18],[-234,49],[-262,-131],[-158,-93],[-151,-85],[-164,-130],[-198,-146],[-140,-74],[-216,-126],[-163,-112],[-146,-26],[-210,-60],[-204,-119],[-227,-55],[-304,-4],[-198,30],[-216,7],[-169,11],[-245,63],[-99,112],[-146,156],[-187,8],[-251,33],[-175,45],[-268,15],[-198,26],[-181,0],[-222,41],[-355,-11],[-327,-60],[-216,-7],[-268,26],[-193,-41],[-338,-82],[-152,-149],[-268,-141],[-204,-71],[-111,-190],[-128,-74],[-216,-97],[-134,-138],[-18,-85],[-99,-160],[-157,-175],[-181,-190],[-210,-171],[-134,-219],[-88,-149],[-82,-115],[-75,-157],[-164,-137],[-163,-97],[-198,-145],[-228,-11],[-245,59],[-286,-7],[-163,-52],[-158,-112],[-122,-67],[-245,-85],[-303,-75],[-339,-52],[-215,-82],[-187,-30],[-123,-178],[-93,-156],[-163,-179],[-187,-45],[-198,-93],[-251,-163],[-53,-101],[-99,-119],[-169,-123],[-175,-59],[-169,-138],[-216,-30],[-169,-100],[-158,-182],[-40,-123],[-152,-205],[0,-201],[-187,-70],[-210,-156],[-169,-53],[-210,-59],[-338,19],[-286,66],[-175,12],[-274,-19],[-82,-138],[-175,-107],[-99,-227],[-111,-112],[-29,-134],[-111,-123],[-163,-160],[-146,-89],[-210,-63],[-146,-78],[-221,0],[-175,63],[-245,-119],[-274,111],[-105,168],[-228,89],[-140,149],[58,190],[135,294],[-18,163],[-268,4],[-140,89],[-234,-41],[-192,4],[-169,108],[-356,7],[-228,86],[-157,82],[-257,7],[-286,37],[-279,79],[-105,107],[-257,0],[-175,71],[-327,11],[-181,90],[-274,119],[-221,108],[-193,3],[-175,-41],[-286,-44],[-192,74],[-274,97],[-187,97],[-251,122],[-286,78],[-198,64],[-210,-86],[-140,-45],[-82,-189],[-52,-112],[-338,-59],[-245,-19],[-181,-153],[-199,-14],[-250,59],[-181,78],[-263,26],[-216,26],[-204,60],[-169,59],[-274,45],[-222,-11],[-198,-60],[-111,-67],[-204,-67],[-262,-59],[-199,18],[-315,-29],[-303,11],[-198,126],[-181,71],[-210,101],[-76,107],[-274,82],[-193,183],[82,171],[-140,89],[-286,63],[-186,116],[-234,55],[-140,12],[-163,130],[-82,93],[-245,115],[-151,-15],[-257,-59],[-198,-56],[-350,-45],[-257,-74],[-204,-63],[-175,-4],[-199,26],[-350,33],[-134,119],[-192,105],[-169,14],[-245,90],[-187,0],[-216,-78],[-134,-64],[-181,-85],[-344,-37],[-169,44],[-327,41],[-52,145],[-53,130],[-64,123],[-204,123],[35,108],[-193,175],[-274,-60],[-309,-59],[-93,-93],[-187,-108],[-151,-101],[-275,-74],[-204,-48],[-175,11],[-274,52],[-152,59],[-210,-156],[-5,-160],[0,-152],[-105,-116],[-193,-167],[-321,-93],[-239,108],[-175,-112],[-157,-104],[-170,-30],[-209,-56],[-129,-59],[-186,-134],[35,-145],[11,-201],[129,-115],[87,-153],[-87,-123],[-251,-167],[-362,-253],[-198,-74],[-298,-53],[-309,-3],[-292,-56],[-105,-119],[-157,-168],[-251,-74],[-175,-22],[-327,-37],[-280,-27],[-174,-18],[-193,-15],[-198,-112],[-169,-48],[-245,-108],[-158,-71],[-239,60],[-263,149],[-180,137],[-123,64],[-210,82],[-292,40],[-169,-22],[-332,22],[-111,123],[-88,82],[-204,123],[-99,197],[-251,89],[-145,-85],[-251,-30],[-169,30],[-240,78],[-93,212],[-169,100],[-193,-29],[-198,-112],[-175,-71],[-210,-89],[-332,-22],[-100,167],[-81,190],[122,145],[64,212],[-239,15],[-262,149],[-18,134],[-256,137],[-286,-70],[-35,-112],[-53,-220],[129,-115],[-82,-123],[-251,-18],[-361,7],[-263,0],[-262,19],[-105,137],[-240,175],[-169,97],[-29,127],[128,148],[170,52],[17,179],[-163,52],[-257,-89],[-146,-82],[-151,-130],[-251,115],[128,156],[35,164],[-262,48],[-181,-85],[52,-216],[-87,-123],[-64,-108],[-146,-104],[-251,160],[17,168],[-52,107],[-105,120],[-157,78],[-234,148],[-204,86],[-356,-11],[-210,171],[123,126],[-111,142],[-268,-30],[-210,160],[17,130],[6,112],[-321,18],[-350,-7],[-128,141],[-175,97],[-333,34],[-216,-23],[-169,-29],[-198,-41],[-222,-30],[-233,-26],[-478,-45],[-269,-78],[-192,-67],[-251,-126],[-402,-60],[-251,15],[-286,19],[-158,14],[-210,41],[-227,97],[-187,74],[-198,60],[-309,74],[-257,53],[-939,126],[-99,11],[-368,30],[-799,33],[-116,-7],[-823,-52],[-41,-4],[-530,-78],[-461,-15],[-18,0],[-472,-30],[-333,-48],[-385,-71],[-151,-22],[-309,-22],[-170,-4],[-198,-63],[-157,-220],[-146,-108],[-164,-93],[-58,-212],[-192,-108],[-269,-11],[-198,-44],[-222,-108],[-216,-179],[0,-141],[-29,-119],[-157,-149],[-298,-45],[-140,-41],[-221,-41],[-251,30]],[[498311,506188],[58,153],[47,156],[-99,246],[-59,145],[-75,186],[-59,260],[24,234],[116,224],[187,264],[23,189],[-41,224],[-180,93],[-280,29],[-339,-22],[-262,-52],[-199,-78],[-180,-71],[-251,-96],[-473,-220],[-466,-130],[-473,-97],[-303,-82],[-344,-18],[-304,29],[-618,160],[-507,112],[-444,71],[-688,156],[-461,171],[-385,175],[-408,231],[-298,260],[-35,190],[0,286],[65,257],[116,249],[41,60],[152,201],[251,189],[233,108],[455,156],[396,116],[327,74],[210,89],[140,153],[152,201],[58,216],[-23,115],[-216,160],[-356,309],[-414,342],[-321,298],[-391,137],[-239,45],[-455,30],[-396,15],[-333,-49],[-222,-82],[-350,-163],[-256,-198],[-298,-141],[-245,-82],[-291,-96],[-239,-53],[-210,12],[-345,122],[-250,56],[-391,119],[-245,112],[-164,186],[-116,201],[-70,327],[-12,220],[-6,223],[12,171],[23,141],[88,160],[221,235],[432,305],[245,67],[484,268],[-256,200],[-310,138],[-204,164],[-111,197],[-239,186],[-274,160],[-502,182],[-11,8],[-554,93],[-595,96],[-362,108],[-163,201],[-6,179],[29,234],[99,201],[187,275],[274,201],[327,238],[320,149],[409,97],[350,15],[291,-67],[240,-97],[215,-134],[298,-212],[192,-223],[129,-231],[87,-242],[53,-286],[35,-212],[-99,-327],[29,-172],[303,-104],[187,45],[186,71],[257,18],[315,-41],[187,37],[215,64],[216,-34],[234,-82],[227,-134],[233,-44],[245,-19],[333,11],[437,34],[461,44],[502,131],[99,134],[-111,141],[-216,164],[-256,122],[-239,131],[-595,282],[-566,283],[-304,156],[-665,346],[-536,320],[-175,108],[-199,130],[-169,168],[-134,212],[12,130],[70,108],[251,112],[227,18],[198,15],[298,4],[332,44],[327,53],[268,81],[251,157],[117,89],[175,193],[41,45],[233,335],[193,376],[239,692],[93,238],[76,312],[-70,127],[-163,245],[-345,320],[-315,279],[-163,149],[-152,152],[-110,216],[-35,127],[29,171],[46,93],[70,145],[216,208],[210,171],[321,153],[432,175],[291,197],[193,130],[46,179],[-87,111],[-309,172],[-321,200],[-566,298],[-519,242],[-76,52],[-256,182],[-140,175],[17,168],[93,230],[105,175],[199,305],[58,48],[210,153],[228,71],[274,63],[210,19],[204,40],[169,60],[58,175],[-58,115],[-210,175],[-222,138],[-227,108],[-233,74],[-205,26],[-169,-11],[-227,-30],[-403,-104],[-373,-101],[-403,-89],[-332,-115],[-192,-130],[-123,-119],[-227,-123],[-199,-86],[-221,-59],[-251,-34],[-339,-15],[-215,38],[-146,63],[-117,104],[-52,130],[-41,290],[-29,339],[35,335],[40,104],[105,238],[135,350],[70,275],[99,171],[17,63],[6,101],[-6,167],[-64,134],[-268,112],[-193,-4],[-268,-30],[-228,-22],[-291,-37],[-309,-67],[-344,-104],[-333,-101],[-239,-30],[-327,-3],[-326,15],[-205,59],[-221,138],[-158,156],[-35,112],[-52,189],[6,49],[75,428],[82,375],[105,372],[41,264],[-53,164],[-87,156],[-163,183],[-455,442],[-298,246],[-373,301],[-76,138],[17,145],[70,127],[175,122],[385,171],[741,309],[531,209],[508,186],[338,148],[210,119],[187,157],[23,122],[-41,131],[-82,241],[-309,402],[-291,223],[-368,224],[-292,201],[-151,267],[-158,536],[-23,130],[-18,142],[30,357],[35,253],[0,82],[29,171],[29,145],[29,231],[23,215],[-29,101],[-111,123],[-122,93],[-198,85],[-210,41],[-257,30],[-263,11],[-437,-26],[-257,-41],[-274,-74],[-350,-101],[-338,-97],[-99,-33],[-922,-394],[-251,-112],[-210,-71],[-163,-37],[-239,-37],[-216,-34],[-257,0],[-414,26],[-169,23],[-233,89],[-94,78],[-140,168],[-256,442],[-88,242],[-46,298],[-18,212],[12,182],[-47,223],[-99,134],[-315,112],[-286,18],[-414,-29],[-344,-52],[-327,-105],[-227,-81],[-210,-79],[-770,-323],[-146,-37],[-222,-82],[-268,-23],[-216,41],[-239,90],[-233,100],[-292,119],[-391,205],[-338,201],[-268,219],[-129,119],[-268,108],[-239,52],[-234,45],[-256,85],[-479,112],[-548,104],[-432,52],[-332,41],[-385,101],[-239,55],[-204,-11],[-251,-26],[-198,-85],[-304,-149],[-116,-60],[-385,-260],[-292,-261],[-233,-208],[-205,-164],[-186,-85],[-408,-171],[-391,-149],[-187,-71],[-204,-11],[-216,22],[-321,41],[-303,90],[-525,163],[-385,123],[-140,45],[-251,48],[-245,78],[-140,104],[-221,168],[-35,33],[-164,175],[-251,156],[-169,71],[-169,123],[-210,234],[-297,391],[-310,402],[-221,119],[-257,37],[-169,37],[-210,15],[-216,-22],[-519,-101],[-117,-18],[-285,-26],[-403,0],[-274,3],[-478,49],[-205,48],[-280,74],[-221,105],[-187,189],[-169,261],[-140,323],[12,108],[-6,290],[35,79],[99,189],[87,220],[76,294],[47,249],[52,324],[65,387],[-140,163],[-298,86],[-373,82],[-607,96],[-245,26],[-391,19],[-373,11],[-268,-11],[-339,-26],[-245,-63],[-175,-63],[-227,-127],[-117,-82],[-151,-111],[-129,-86],[-297,-160],[-350,-208],[-222,-134],[-647,-294],[-683,-365],[-338,-130],[-257,-59],[-210,7],[-175,30],[-122,141],[-76,164],[-64,212],[-23,89],[40,339],[117,264],[152,245],[198,283],[47,60],[116,175],[82,119],[373,491],[444,584],[75,108],[380,480],[250,491],[70,111],[164,264],[81,224],[18,331],[-18,230],[-11,34],[-70,260],[-117,566],[-12,74],[-40,313],[5,264],[35,275],[24,171],[-29,235],[-88,282],[-12,160],[76,220],[82,141],[47,235],[5,267],[0,268],[6,205],[309,439],[100,82],[670,509],[543,454],[198,290],[76,343],[-23,308],[-53,186],[-29,97],[-82,205],[-87,111],[-152,149],[-245,156],[-169,146],[-268,253],[-245,275],[-99,141],[-105,142],[-59,141],[-58,156],[-76,216],[-175,246],[-175,267],[-99,224],[-12,227],[-17,52],[41,241],[40,168],[257,372],[309,364],[169,164],[129,130],[151,216],[12,145],[23,123],[18,290],[-12,361],[-29,149],[-82,182],[-93,138],[-268,130],[-339,100],[-239,93],[-344,201],[-297,205],[-170,208],[-99,171],[-151,354],[-82,193],[-105,190],[-198,231],[-158,175],[-163,107],[-344,53],[-216,0],[-344,-53],[-269,-52],[-455,-126],[-221,-82],[-204,-71],[-333,-130],[-192,-52],[-251,-97],[-321,-145],[-204,-82],[-333,-134],[-472,-171],[-333,-126],[-233,-78],[-257,-67],[-525,-119],[-239,-75],[-186,-93],[-170,-111],[-93,-104],[-128,-146],[-152,-193],[-93,-164],[-18,-167],[18,-212],[23,-190],[29,-164],[-11,-134],[-76,-122],[-99,-112],[-280,-134],[-251,-63],[-315,-48],[-245,-45],[-303,-56],[-275,-48],[-245,11],[-274,37],[-391,86],[-268,108],[-187,186],[70,134],[105,78],[205,96],[303,175],[175,101],[227,111],[444,220],[111,67],[250,149],[205,160],[110,152],[35,194],[0,182],[-58,137],[-128,146],[-140,215],[-94,179],[-198,178],[-280,216],[-140,112],[-134,104],[-88,127],[-23,111],[6,190],[23,186],[12,190],[-12,208],[35,126],[123,209],[105,123],[116,100],[187,153],[233,159],[251,227],[251,257],[82,115],[58,123],[23,119],[41,149],[41,115],[111,149],[227,149],[321,145],[543,145],[338,149],[122,37],[280,127],[146,119],[70,115],[18,127],[-59,305],[-157,342],[-58,112],[-111,174],[-152,194],[-82,89],[-268,246],[-111,78],[-134,111],[-181,90],[-274,78],[-402,63],[-391,71],[-414,67],[-327,11],[-262,-30],[-210,-19],[-263,-33],[-233,-33],[-467,-101],[-169,-59],[-169,-93],[-164,-127],[-215,-190],[-99,-178],[-59,-153],[-87,-167],[-181,-290],[-128,-235],[-129,-216],[-64,-171],[-29,-141],[-18,-190],[-87,-190],[-99,-141],[-99,-93],[-280,-152],[-257,-15],[-303,104],[-175,111],[-152,131],[-93,152],[-18,238],[-17,179],[29,100],[41,171],[-53,164],[-99,153],[-181,156],[-356,201],[-76,30],[-338,145],[-245,104],[-210,149],[-297,197],[-309,204],[-520,194],[-256,48],[-239,37],[-164,23],[-303,-52],[-239,-108],[-169,-78],[-222,-90],[-227,-70],[-205,-75],[-233,-48],[-303,-26],[-169,-11],[-251,-37],[-350,-41],[-263,-38],[-262,-33],[-245,-48],[-309,-101],[-210,-78],[-199,-56],[-256,-26],[-321,0],[-233,49],[-228,66],[-327,105],[-169,15],[-245,-15],[-309,-52],[-198,-60],[-164,-37],[-210,-97],[-145,-100],[-158,-164],[-117,-186],[-198,-89],[-239,-23],[-356,38],[-245,78],[-111,78],[-64,182],[29,127],[82,163],[134,164],[94,175],[70,123],[-12,156],[0,119],[87,119],[187,138],[239,145],[245,100],[187,63],[309,60],[391,26],[303,4],[298,-11],[548,-45],[327,-71],[233,-48],[274,-89],[251,-71],[297,-30],[216,67],[146,205],[17,134],[-64,145],[-221,152],[-222,138],[-227,82],[-269,100],[-81,86],[-117,290],[-198,450],[-158,190],[-297,145],[-292,108],[-1056,312],[-52,15],[-869,261],[-817,293],[-228,127],[-81,223],[17,432],[-35,115],[-239,123],[-251,48],[-256,26],[-333,4],[-332,-26],[-339,-45],[-309,-26],[-239,-26],[-443,0],[-152,26],[-286,67],[-181,86],[-157,115],[-99,168],[11,104],[47,245],[53,153],[81,178],[193,361],[99,153],[204,160],[286,219],[350,201],[548,294],[968,461],[531,250],[169,215],[-29,224],[-151,267],[-228,350],[-105,101],[-251,234],[-700,614],[-338,249],[-677,510],[-204,126],[-910,566],[-52,44],[-210,183],[-59,59],[-122,205],[-88,294],[-5,26],[-6,275],[6,33],[81,283],[140,134],[169,142],[251,174],[333,186],[297,112],[309,63],[315,60],[286,37],[292,0],[326,-22],[531,-90],[642,-145],[607,-163],[682,-224],[315,-130],[367,-193],[205,-138],[81,-100],[88,-160],[105,-283],[256,-380],[210,-260],[216,-112],[257,-85],[332,-63],[356,-34],[379,-26],[455,0],[298,22],[309,131],[192,152],[222,175],[222,167],[198,205],[111,212],[-58,149],[-187,193],[-111,75],[-222,145],[-396,230],[-309,186],[-607,376],[-152,197],[-64,186],[-29,298],[-23,153],[-53,520],[88,555],[17,238],[6,104],[0,480],[-6,227],[47,417],[29,372],[29,212],[47,134],[87,167],[59,138],[128,178],[140,116],[128,52],[333,141],[181,89],[420,186],[309,112],[35,7],[297,119],[735,328],[344,175],[257,148],[484,276],[111,63],[251,164],[262,178],[724,387],[204,75],[449,122],[537,149],[367,123],[210,115],[87,112],[65,193],[-59,164],[-315,246],[-595,405],[-828,740],[-117,153],[-198,182],[-64,67],[-298,339],[-180,227],[-275,375],[-227,294],[-88,127],[-128,189],[-17,79],[11,215],[47,283],[134,421],[175,479],[193,354],[221,253],[245,264],[70,74],[193,157],[280,152],[414,209],[286,85],[315,97],[321,100],[519,97],[326,33],[263,-3],[472,-71],[12,-152],[-41,-101],[0,-138],[82,-223],[140,-260],[87,-160],[140,-197],[164,-86],[280,56],[145,85],[140,157],[123,197],[122,219],[205,361],[140,183],[157,141],[227,112],[205,-45],[116,-89],[187,-131],[146,-104],[233,-93],[257,-97],[169,-111],[175,-208],[192,-313],[216,-260],[187,-201],[251,-357],[111,-127],[128,-112],[233,-137],[88,-49],[227,-89],[239,-30],[263,8],[367,30],[333,63],[198,22],[286,45],[776,219],[863,309],[222,112],[116,59],[164,134],[75,175],[6,253],[41,446],[70,566],[-23,350],[-53,323],[-76,294],[-140,469],[-11,190],[169,115],[443,86],[286,78],[408,126],[275,97],[437,89],[426,41],[577,-33],[700,-131],[414,-167],[304,-138],[385,-320],[81,-215],[18,-209],[12,-212],[-35,-238],[-41,-201],[52,-189],[111,-395],[158,-100],[431,-101],[1237,-178],[437,-56],[234,-30],[285,-30],[333,79],[198,89],[129,56],[501,290],[449,264],[146,82],[105,96],[175,131],[467,409],[286,279],[268,301],[344,391],[58,85],[94,157],[122,230],[64,186],[6,131],[-17,137],[-53,108],[-186,153],[-245,67],[-280,-30],[-222,-34],[-245,-44],[-198,-37],[-187,-23],[-263,-59],[-373,-86],[-513,-160],[-449,-167],[-263,-93],[-338,-86],[-233,-26],[-444,-22],[-396,11],[-339,48],[-291,78],[-379,172],[-356,241],[-379,432],[-228,383],[-169,357],[-29,149],[-6,216],[17,134],[117,167],[158,145],[303,168],[303,126],[158,63],[192,71],[175,67],[298,82],[233,56],[222,44],[490,172],[303,119],[257,111],[332,134],[193,63],[145,41],[333,60],[379,63],[531,19],[356,-11],[379,-8],[665,-22],[315,15],[630,96],[2292,421],[630,108],[770,152],[665,127],[537,33],[455,8],[315,7],[904,138],[210,55],[303,112],[309,104],[251,71],[391,67],[315,15],[303,-8],[2053,-44],[274,-15],[467,71],[286,107],[251,168],[17,37],[158,379],[0,209],[6,160],[-158,398],[-187,268],[-186,141],[-292,145],[-327,97],[-495,130],[-514,86],[-402,52],[-531,85],[-280,145],[-286,287],[-52,56],[-286,498],[-82,216],[-6,37],[-105,562],[-52,279],[-58,197],[-82,365],[-198,331],[-374,335],[-280,182],[-350,190],[-390,111],[-601,171],[-374,45]],[[715236,514403],[-117,-164],[35,-123],[128,-164],[94,-174],[111,-168],[157,-134],[-29,-346],[12,-193],[35,-116],[87,-133],[123,-116],[157,-93],[233,-82],[240,-41],[210,-11],[192,-100],[41,-142],[292,-52],[379,149],[262,8],[146,-123],[12,-212],[116,-119],[222,-175],[117,-78],[245,-26],[140,44],[134,112],[198,86],[239,-23],[129,-67],[210,-149],[350,19],[23,201],[47,156],[87,201],[88,141],[128,105],[262,-19],[228,-138],[315,-119],[350,-52],[280,-48],[192,-104],[29,-104],[-70,-175],[-122,-145],[-257,-279],[47,-209],[344,8],[298,48],[297,-60],[134,-107],[117,-190],[-53,-205],[-145,-137],[-362,-231],[23,-164],[344,-33],[193,63],[157,-208],[-70,-257],[205,-86],[175,67],[210,52],[215,-11],[257,-89],[239,-97],[257,-152],[105,-93],[76,-149],[-76,-220],[-146,-174],[-41,-235],[251,-119],[245,-11],[169,52],[175,112],[356,-71],[47,-234],[110,-119],[187,-119],[111,-105],[187,-145],[192,-96],[263,-8],[268,134],[449,324],[128,41],[257,-64],[122,-156],[53,-82],[286,-149],[210,86],[251,74],[332,-11],[29,-163],[-122,-186],[-35,-183],[81,-227],[140,-119],[286,-111],[333,44],[151,11],[228,-29],[315,-171],[35,-86],[-53,-182],[-285,-119],[-210,-34],[-397,-48],[23,-123],[496,-67],[222,-171],[116,-156],[-46,-149],[-239,-41],[-222,37],[-303,-37],[-280,-190],[11,-126],[53,-112],[-35,-156],[76,-108],[192,-156],[210,-156],[210,-90],[379,-111],[269,-79],[239,0],[682,194],[53,7],[338,23],[257,-37],[221,-101],[654,-305],[17,-167],[-41,-112],[47,-171],[204,-56],[414,-100],[-23,-179],[-198,-193],[17,-112],[117,-119],[210,-56],[157,19],[222,-134],[93,-168],[146,-37],[204,-186],[-23,-201],[373,-3],[257,-64],[-35,-175],[-123,-208],[105,-126],[385,-194],[-6,-134],[-145,-126],[-59,-116],[18,-160],[17,-104],[12,-204],[41,-220],[99,-82],[192,-93],[-35,-208],[-93,-115],[35,-160],[198,-49],[164,-18],[146,-134],[58,-197],[122,-105],[123,-96],[117,-134],[-12,-160],[-158,-142],[-198,-96],[140,-142],[175,11],[286,64],[297,3],[257,-48],[93,-104],[24,-138],[145,-141],[193,-182],[0,-164],[-6,-141],[93,-164],[146,-171],[59,-75],[46,-234],[12,-93],[-88,-194],[-157,-148],[-58,-157],[151,-200],[169,-97],[899,-495],[111,-193],[-24,-134],[-11,-119],[134,-160],[163,-112],[263,-153],[186,-174],[134,-220],[117,-223],[105,-153],[140,-174],[216,-108],[163,-41],[286,-75],[181,-111],[81,-119],[94,-212],[332,-618],[158,-138],[192,-41],[269,-26],[163,-104],[23,-182],[-210,-167],[-70,-93],[0,-201],[24,-86],[58,-164],[93,-193],[146,-212],[123,-101],[233,-89],[292,-78],[297,-41],[193,0],[186,0],[239,-22],[164,-127],[64,-149],[23,-200],[76,-149],[239,-78],[105,-38],[239,-107],[105,-157],[105,-342],[94,-223],[250,-71],[216,37],[566,104],[298,19],[250,-22],[315,-26],[409,7],[70,4],[431,89],[315,101],[759,416],[425,142],[205,29],[303,-14],[198,-93],[24,-112],[70,-115],[180,-108],[239,-134],[94,-52],[262,-153],[94,-44],[268,-64],[210,26],[239,-3],[251,-34],[653,-205],[374,-182],[250,-119],[105,-93],[379,-327],[426,-436],[251,-401],[134,-343],[35,-74],[228,-398],[-12,-127],[-105,-174],[-327,-335],[-449,-424],[-105,-224],[-134,-319],[0,-239],[47,-160],[76,-297],[198,-755],[23,-86],[-17,-357],[-111,-465],[-187,-249],[-64,-56],[-466,-402],[-980,-978],[-6,-12],[-169,-245],[-251,-554],[-47,-205],[6,-223],[82,-145],[379,-235],[927,-532],[659,-357],[129,-152],[75,-116],[123,-487],[198,-402],[129,-234],[0,-108],[-263,-324],[-443,-517],[-12,-201],[123,-219],[-152,-198],[-502,-226],[-64,-190],[589,-406],[82,-78],[117,-156],[11,-130],[-17,-127],[-111,-703],[105,-469],[-47,-130],[-70,-201],[0,-130],[24,-201],[46,-190],[12,-48],[117,-264],[99,-227],[29,-119],[0,-134],[29,-398],[198,-365],[65,-119],[122,-145],[175,-182],[64,-201],[64,-219],[-52,-123],[-93,-112],[-677,-521],[-187,-145],[-116,-193],[-18,-153],[29,-108],[210,-379],[6,-227],[-47,-283],[-70,-193],[-70,-190],[-99,-149],[-326,-327],[-519,-741]],[[753326,465194],[-560,-978],[-228,-115],[-519,-201],[-245,-119],[-134,-86],[-18,-201],[64,-193],[12,-134],[-12,-175],[-175,-175],[-157,-100],[-18,-153],[193,-584],[6,-22],[-12,15],[-805,271],[-589,123],[-962,186],[-152,22],[-298,-11],[-402,-44],[-327,-19],[-210,-15],[-280,-130],[-478,-443],[-58,-216],[29,-119],[-123,-182],[-116,-63],[-181,-112],[-134,-108],[-199,-85],[-285,-104],[-315,-8],[-228,-15],[-286,-126],[24,-212],[-18,-134],[0,-123],[76,-201],[23,-186],[53,-353],[-12,-86],[-128,-178],[-292,-320],[-64,-127],[-35,-178],[-47,-369],[-6,-171],[-40,-327],[210,-796],[35,-451],[175,-580],[262,-580],[35,-190],[0,-264],[-29,-376],[-76,-807],[-82,-350],[-40,-320],[-129,-223],[-105,-175],[-233,-342],[-41,-201],[29,-134],[70,-156],[105,-231],[35,-108],[6,-286],[-17,-171],[-129,-250],[-151,-275],[-140,-164],[-129,-160],[-52,-227],[-140,-200],[-169,-97],[-222,-108],[-280,-101],[-169,-63],[-193,-182],[0,-175],[41,-138],[105,-145],[216,-253],[333,-282],[186,-93],[210,-105],[169,-44],[327,-82],[216,-30],[151,-18],[222,-41],[204,-64],[169,-189],[111,-123],[169,-89],[234,-97],[233,-37],[228,-8],[361,8],[280,-49],[222,-22],[321,82],[245,111],[274,127],[291,45],[415,7],[151,7]],[[749178,447545],[41,-141],[82,-201],[29,-108],[-93,-145],[-164,-33],[-303,-56],[-239,-78],[-222,-142],[-157,-81],[-251,-49],[-117,-3],[-338,3],[-309,49],[-397,44],[-537,19],[-233,-11],[-309,-34],[-146,-56],[-157,-234],[-327,-383],[-251,-201],[-134,-60],[-204,-44],[-735,-78],[-158,-30],[-565,-108],[-292,-78],[-385,-168],[-688,-208],[-350,-115],[-1394,-97],[-135,-11],[-1160,97],[-922,-19],[-857,-30],[-636,97],[-426,112],[-607,308],[-303,157],[-1015,282],[-472,78],[-1418,172],[-245,44],[-647,220],[-473,93],[-204,22],[-187,-11],[-344,-82],[-192,-71],[-251,-130],[-163,-93],[-170,-175],[-215,-204],[-152,-93],[-333,-101],[-169,-56],[-163,-115],[-496,-569],[-641,-580],[-298,-168],[-169,-48],[-426,-26],[-152,-8],[-326,71],[-216,45],[-298,59],[-70,22],[-507,149],[-140,41],[-1552,529],[-717,208],[-566,316],[-175,67],[-245,45],[-245,22],[-309,-33],[-595,-60],[-986,-33],[-163,37],[-268,33],[-280,97],[-555,376],[-244,160],[-187,96],[-280,45],[-245,-89],[-222,-171],[-338,-235],[-268,-74],[-292,-52],[-630,-56],[-362,30],[-221,67],[-204,134],[-187,107],[-228,82],[-215,52],[-450,56],[-466,34],[-251,48],[-198,86],[-205,148],[-834,436],[-396,242],[-204,93],[-315,107],[-181,52],[-747,153],[-443,78],[-280,41],[-1674,234],[-805,45],[-1365,22],[-840,12],[-233,22],[-257,52],[-356,86],[-356,-30],[-618,-186],[-181,-30],[-198,0],[-560,60],[-519,70],[-374,104],[-215,112],[-1465,908],[-1207,692],[-292,163],[-355,142],[-479,175],[-198,41],[-309,0],[-286,-12],[-671,-70],[-647,-45],[-479,15],[-373,33],[-519,82],[-268,45],[-210,4],[-210,-38],[-625,-141],[-816,-286],[-554,-317],[-496,-245],[-595,-227],[-146,-67],[-227,-160],[-350,-115],[-170,-78],[-198,-142],[-151,-152],[-356,-26],[-210,0],[-257,-30],[-140,-56],[-163,-82],[-204,-63],[-193,15]],[[686158,448007],[-41,134],[-134,156],[-163,123],[-175,134],[-129,189],[-145,190],[-117,197],[-117,197],[-134,231],[-117,190],[-385,286],[-250,186],[-117,90],[-618,491],[-129,89],[-495,350],[-30,18],[-385,246],[-1201,766],[-823,249],[-682,231],[-706,15],[-537,108],[-793,372],[-548,312],[-58,34],[-228,134],[-344,115],[-391,116],[-694,178],[-263,74],[-75,220],[75,208],[41,168],[-11,145],[-53,164],[-52,115],[-205,160],[-169,59],[-256,30],[-426,60],[-321,48],[-607,89],[-390,82],[-345,108],[-455,164],[-408,111],[-484,157],[-432,104],[-250,108],[-140,208],[0,149],[-53,182],[-82,104],[-192,246],[-146,216],[53,208],[93,238],[41,141],[17,164],[-41,138],[-140,215],[-402,399],[-292,301],[-116,119],[-339,205],[-367,163],[-350,93],[-373,93],[-181,60],[-152,104],[-233,219],[-315,320],[-414,361],[-199,279],[-181,346],[-227,309],[-257,182],[-192,93],[-199,67],[-443,52],[-303,38],[-204,26],[-239,44],[-578,171],[-64,38],[-362,200],[-396,190],[-222,49],[-175,-15],[-210,-149],[-140,-238],[-134,-275],[-216,-168],[-344,-115],[-263,-75],[-326,-11],[-414,11],[-304,-7],[-431,-19],[-35,0],[-508,26],[-99,15],[-822,190],[-1167,260],[-519,145],[-829,276],[-303,141],[-52,60],[-140,148],[-187,205],[-192,234],[-88,105],[-117,178],[-169,153],[-151,59],[-269,23],[-787,78],[-531,-23],[-455,-81],[-210,-82],[-303,-86],[-327,-74],[-379,-56],[-280,-11],[-222,-52],[-216,-93],[-455,-201],[-192,-86],[-344,-119],[-251,-104],[-152,-145],[-251,-164],[-215,-149],[-181,-160],[-251,-264],[-192,-100],[-181,-104],[-123,-104],[-227,-149],[-181,-134],[-729,-279],[-1091,-495],[-455,-104],[-274,-86],[-163,-30],[-315,-52],[-228,-29],[-292,-41],[-297,7],[-274,34],[-187,67],[-122,81],[-228,172],[-274,148],[-251,112],[-350,201],[-221,104],[-298,78],[-338,49],[-239,3],[-269,56],[-210,78],[-221,60],[-240,-41],[-320,85],[-304,41],[-338,-29],[-332,-27],[-292,60],[-414,0],[-257,-71],[-140,-67],[-257,-130],[-285,-52],[-298,0],[-321,45],[-221,59],[-315,63],[-642,-52],[-157,-41],[-228,-141],[-111,-175],[-52,-167],[29,-119],[52,-194],[-52,-201],[23,-156],[-58,-119],[-181,-279],[-41,-145],[-46,-167],[-35,-153],[-100,-171],[-29,-108],[-35,-212],[146,-141],[47,-209],[-251,-130],[-6,-100],[-64,-216],[-76,-164],[-117,-178],[-110,-138],[-263,-212],[-58,-123],[-140,-212],[-199,-156],[-350,-153],[-175,-78],[-175,-78],[-116,-119],[-158,-212],[-81,-212],[-70,-175],[-53,-182],[-99,-235],[-181,-93],[-256,-67],[-269,-18],[-251,-8],[-309,-67],[-122,-122],[-94,-90],[-548,-498],[-222,-145],[-186,-171],[-519,-439],[-41,-34],[-350,-402],[-158,-115],[-291,-41],[-164,-30],[-186,-134],[-76,-130],[-18,-167],[-180,-168],[-210,45],[-280,-130],[23,-205],[-93,-201],[-193,-67],[-245,-44],[-262,-52],[-187,-71],[-64,-156],[70,-160],[-129,-105],[-303,-40],[-64,-153],[6,-153],[-64,-226],[93,-116],[134,-149],[88,-89],[122,-115],[64,-93],[76,-145],[88,-153],[134,-164],[303,41],[257,0],[76,-126],[87,-216],[251,-74],[175,-4],[286,-30],[105,-193],[-6,-212],[17,-157],[6,-96],[64,-168],[-75,-193],[17,-156],[23,-190],[-52,-115],[-105,-142],[-18,-97],[-110,-163],[-280,-56],[-170,15],[-274,82],[-122,63],[-187,74],[-222,30],[-285,37],[-345,52],[-186,-119],[-53,-111],[-99,-157],[-105,-119],[-116,-104],[-310,23],[-169,111],[-227,119],[-327,-111],[35,-116],[6,-122],[-181,-142],[-12,-201],[-105,-167],[-192,-63],[-210,-34],[-327,-111],[-157,-194],[-204,-41],[-269,-22],[-151,-60],[-228,-100],[-175,-82],[-181,-164],[-93,-100],[-280,-22],[-227,48],[-240,-89],[-175,-60],[-233,-45],[-251,-104],[-204,-96],[-397,-97],[-250,-60],[-263,-67],[-326,-89],[-520,-97],[-250,-63],[-240,-156],[-151,-108],[-228,-74],[-221,-41],[-234,22],[-169,33],[-245,34],[-321,-115],[-64,-175],[-157,-421],[-222,-331],[-198,-186],[-327,-123],[-344,-48],[-152,-4],[-356,-3],[-151,-38],[-403,-111],[-140,-52],[-163,-93],[-123,-86],[-151,-160],[-146,-152],[-280,-108],[-280,-19],[-228,-15],[-209,-3],[-187,-12],[-193,-3],[-250,-26],[-187,-15],[-198,22],[-275,-7],[-309,-19],[-385,-82],[-402,-111],[-158,-60],[-157,-78],[-199,-93],[-320,-167],[-199,-112],[-134,-123],[-134,-141],[-175,-227],[-257,-197],[-262,-97],[-455,-190],[-216,-93],[-175,-208],[-122,-205],[-18,-264],[35,-346],[12,-26],[111,-249],[40,-142],[47,-145],[187,-491],[6,-15],[122,-241],[35,-216],[47,-160],[29,-149],[-12,-171],[53,-112],[111,-111],[145,-75],[175,-141],[12,-153],[-41,-111],[-221,-123],[-345,-19],[-326,-37],[-263,-85],[-286,-119],[-169,-105],[-297,-22],[-210,-85],[-117,-97],[-204,-186],[-146,-116],[-169,-122],[-105,-90],[-82,-182],[-110,-108],[-135,-100],[-221,-93],[-64,-108],[-129,-127],[-198,-89],[-128,-63],[-158,-153],[-76,-108],[-157,-89],[41,-156],[99,-223],[-286,-101],[64,-186],[175,-208],[280,48],[146,-212],[122,-134],[210,-149],[175,-63],[175,-115],[6,-97],[-204,-104],[-338,0],[-269,-4],[-210,4],[-280,97],[-163,52],[-344,7],[-274,0],[-129,52],[-303,97],[-227,171],[81,78],[105,179],[0,167],[12,179],[12,138],[-82,107],[-210,116],[-152,89],[-256,41],[-117,-130],[-268,-75],[-315,-119],[-222,30],[-257,-63],[-151,-97],[-269,-59],[-280,70],[-315,37],[-192,-115],[47,-164],[46,-189],[-6,-134],[-35,-168],[-58,-167],[-58,-115],[-134,-157],[-158,-148],[-268,-123],[-239,-108],[-152,-60],[-204,-96],[-333,-75],[-332,56],[58,205],[-169,89],[-169,15],[-228,-4],[-256,-63],[-169,44],[-152,75],[-187,104],[-87,212],[-280,-4],[-356,56],[-175,119],[-23,175],[-356,-41],[-193,-59],[-169,-149],[-99,-97],[-198,-89],[-245,-34],[-199,-44],[-221,3],[-169,138],[-111,78],[-204,86],[-292,7],[-274,0],[-193,4],[-186,-67],[-210,-119],[-140,-63],[-245,-71],[-234,-26],[-350,-15],[-274,-22],[-303,37],[-152,37],[-29,182],[-128,220],[-140,112],[-274,44],[-228,-123],[-245,-81],[-221,0],[-199,137],[-192,130],[-274,153],[-234,-15],[-332,45],[-105,115],[-70,108],[-216,82],[-140,18],[-303,0],[-292,30],[-152,82],[-128,82],[-233,-26],[-105,-205],[-152,-182],[-64,-134],[-187,-104],[-23,-227],[111,-168],[180,-130],[94,-137],[-6,-149],[-18,-231],[-93,-219],[-274,-134],[-210,-75],[-280,-104],[-292,-89],[-93,-194],[41,-160],[76,-96],[29,-142],[-58,-115],[-117,-167],[-53,-131],[-250,-119],[-245,-15],[-170,8],[-303,18],[-181,49],[-245,-19],[-239,-134],[-111,-126],[-46,-127],[-47,-189],[-198,-64],[-263,60],[-163,82],[-187,145],[-192,164],[-187,107],[-47,82],[-291,90],[-105,-172],[-251,-78],[-128,93],[-123,116],[-268,-86],[-70,-123],[-94,-119],[-134,-186],[-41,-137],[-99,-108],[-105,-190],[-87,-108],[-251,-78],[-76,-108],[-146,-93],[70,-175],[187,-85],[-35,-168],[-163,-97],[-12,-167],[-315,-108],[-146,71],[-291,-52],[-304,-101],[-280,-67],[-81,-108],[-105,-174],[-140,-90],[-345,-15],[-239,97],[-356,22],[-186,-130],[-169,-189],[29,-157],[0,-89],[-134,-134],[-210,-26],[-257,-52],[-146,-74],[-76,-142],[-192,-48],[-286,-116],[-17,-197],[40,-152],[65,-227],[-47,-149],[-210,-167],[-152,-112],[105,-141],[64,-227],[-11,-142],[-82,-189],[-286,-41],[-64,-127],[-41,-204],[-186,-183],[-129,-156],[111,-153],[280,-44],[198,0],[205,-134],[151,-45],[228,-22],[216,22],[204,-44],[262,15],[175,-201],[53,-175],[81,-119],[-192,-127],[23,-212],[193,-48],[81,-164],[-291,-141],[-257,15],[-181,-67],[0,-149],[-11,-190],[-140,-149],[-53,-186],[187,-70],[81,-97],[30,-175],[-234,-45],[-291,52],[-135,0],[-274,-18],[-256,4],[-216,85],[-257,-111],[41,-101],[128,-152],[94,-67],[151,-157],[-116,-122],[-240,-90],[-204,-15],[-256,67],[-146,71],[-152,156],[-152,171],[-215,30],[-315,-48],[-175,85],[-210,112],[-146,74],[-257,49],[-157,-26],[-298,-11],[-268,-52],[-169,-108],[-199,-56],[-215,-156],[-53,-97],[-17,-171],[40,-104],[158,-153],[105,-93],[198,-63],[-58,-223],[-198,-82],[-175,-101],[-170,-74],[-122,-108],[-70,-201],[128,-97],[228,-70],[175,-86],[76,-108],[-199,-149],[-344,67],[-175,-11],[-146,-108],[251,-167],[251,-34],[350,75],[227,108],[158,-157],[12,-163],[-234,-75],[-198,-29],[-134,-134],[-41,-97],[12,-167],[122,-97],[274,3],[99,-215],[-81,-190],[186,-108],[105,-186],[-35,-149],[12,-119],[23,-130],[70,-123],[82,-189],[58,-138],[-11,-127],[-228,-93],[-256,-89],[-140,-100],[64,-171],[-12,-127],[-157,-104],[-12,-175],[327,-82],[52,97],[321,-108],[-53,-149],[-198,-74],[-47,-119],[111,-134],[-64,-101],[-140,-130],[-111,-130],[-128,-78],[-146,-93],[-93,-220],[-193,-108],[-227,12],[-199,29],[-250,23],[-275,33],[-145,34],[-181,93],[-18,219],[-285,127],[-292,-8],[-333,-82],[-274,-134],[-227,-22],[-175,-71],[-169,-145],[-245,60],[-47,149],[-263,26],[-180,-49],[-170,-44],[-180,-142],[-257,-52],[-169,86],[-309,-71],[-59,-175],[76,-201],[-111,-156],[-186,-130],[-169,-60],[-286,15],[-29,138],[-135,82],[-239,41],[-274,7],[-163,-71],[-263,108],[-245,-119],[-6,-115],[-105,-171],[-40,-134],[64,-145],[0,-123],[-82,-231],[64,-171],[-128,-130],[12,-179],[256,-52],[169,-22],[187,-56],[123,-93],[-24,-156],[-116,-175],[-210,-160],[-240,-33],[-221,-142],[140,-137],[227,-172],[-35,-130],[-111,-104],[-140,-164],[-122,-212],[-105,-67],[-163,-134],[17,-141],[70,-130],[23,-104],[-169,-201],[-210,-11],[-99,-216],[280,-97],[233,15],[339,-37],[29,-149],[-18,-219],[-93,-153],[-128,-93],[-175,-93],[-134,-78],[-205,-115],[-250,-164],[-228,-93],[-297,-8],[-274,-48],[-12,-108],[-58,-152],[-53,-79],[-134,-174],[12,-216],[297,63],[228,-59],[163,-116],[82,-219],[-129,-212],[-64,-220],[158,-78],[40,-141],[-52,-153],[-257,-130],[-186,-4],[-24,-204],[216,-15],[117,-104],[105,-164],[-29,-141],[-269,-134],[-122,-172],[-18,-111],[-268,-75],[-181,30],[-274,119],[-233,-15],[-123,-152],[-146,-208],[-256,-71],[-123,-60],[-245,-82],[-128,-85],[-140,-149],[-216,-71],[-303,-41],[-193,60],[-169,48],[-181,112],[0,123],[-93,149],[-93,107],[-129,105],[-251,-157],[-163,-208],[-257,-7],[-215,29],[-187,134],[52,157],[-326,7],[-339,67],[-5,197],[-234,138],[-239,11],[-204,-4],[-210,19],[-227,22],[-152,41],[-152,145],[-29,119],[18,179],[215,189],[234,60],[175,30],[186,175],[6,85],[35,153],[-46,111],[-152,164],[-280,141],[-233,112],[-327,71],[-198,-41],[-228,-160],[-338,-11],[-222,67],[-292,85],[-250,134],[-269,115],[-169,79],[-286,70],[-180,-3],[-257,-12],[-181,4],[-262,104],[116,186],[164,78],[110,168],[-99,104],[-274,33],[-268,-70],[-210,7],[-222,101],[-134,55],[-222,30],[-58,-212],[-93,-137],[-339,-38],[-76,142],[41,152],[-46,223],[-304,79],[-198,7],[-204,74],[-64,134],[-53,190],[18,205],[-222,130],[-280,-60],[-257,-63],[-309,-126],[-151,-138],[-65,-127],[47,-219],[35,-208],[-122,-134],[-193,-82],[-134,-52],[-228,-60],[41,-178],[158,-112],[175,-71],[181,-70],[192,-30],[321,52],[175,26],[227,-4],[257,-89],[152,-134],[64,-141],[-76,-138],[-105,-97],[-122,-134],[-175,-171],[-105,-119],[-146,-96],[-158,-105],[-221,-100],[-105,-130],[-158,-183],[-187,15],[-186,19],[-175,52],[-292,41],[-239,-175],[6,-175],[35,-108],[105,-178],[17,-130],[-210,-116],[-291,-115],[-327,0],[-216,15],[-321,82],[-210,74],[-204,112],[-216,141],[-110,60],[-228,141],[58,223],[187,104],[286,37],[134,-93],[216,179],[-123,108],[-198,26],[-233,-30],[-222,67],[-181,49],[-326,89],[-245,89],[-18,160],[198,175],[35,156],[47,205],[152,37],[216,26],[215,78],[-58,216],[-93,119],[-41,182],[134,101],[163,48],[199,22],[303,-3],[204,134],[-11,219],[-24,164],[-29,115],[-187,115],[-210,112],[-175,67],[-239,104],[-163,175],[47,115],[93,205],[-18,138],[-23,111],[-216,67],[-268,119],[-169,127],[-164,67],[-309,56],[-280,7],[-192,-19],[-286,49],[-123,100],[-233,-18],[-81,-108],[-152,-153],[-187,-119],[-198,-93],[-263,-134],[-355,23],[-181,126],[58,149],[117,85],[134,93],[187,79],[-18,189],[-122,119],[-105,149],[140,212],[163,22],[227,105],[0,122],[-122,157],[-309,93],[-70,193],[-88,130],[-297,108],[-251,-70],[-303,48],[5,100],[187,112],[123,78],[46,171],[-81,205],[-175,100],[-158,52],[-292,0],[-256,60],[-82,104],[-6,156],[41,127],[134,97],[274,-4],[187,-34],[175,-55],[321,-120],[146,-100],[204,-78],[227,-45],[216,112],[35,126],[146,119],[64,153],[-175,205],[-58,107],[-99,209],[0,234],[140,119],[146,71],[169,74],[169,149],[23,212],[-93,138],[-187,100],[-262,157],[-29,174],[46,134],[76,153],[-47,204],[18,146],[198,141],[175,112],[-210,193],[-221,-30],[-129,205],[140,160],[193,70],[151,194],[41,175],[-11,190],[-76,193],[-321,89],[-233,97],[-310,138],[-81,96],[-6,153],[222,167],[256,11],[298,-70],[163,-130],[274,-112],[292,-26],[192,141],[-198,149],[-321,115],[-111,134],[-52,108],[-70,130],[-239,34],[-152,-52],[-292,-11],[-169,26],[-227,63],[-164,93],[-180,134],[-30,231],[59,156],[58,111],[251,75],[321,-22],[146,-149],[309,-78],[286,122],[227,116],[204,100],[-122,145],[-59,156],[65,97],[151,156],[53,209],[-24,123],[-105,193],[-309,108],[-251,-134],[-315,104],[53,108],[128,186],[216,186],[169,145],[76,78],[111,153],[181,253],[140,100],[151,75],[199,63],[250,115],[-17,201],[-210,93],[-152,93],[-163,60],[-210,-23],[-262,-78],[-345,-85],[-274,-12],[-169,15],[-292,60],[-204,-75],[-23,-119],[-88,-134],[-93,-81],[-239,-168],[-198,-74],[-286,67],[-210,33],[-228,11],[-285,19],[-123,108],[-29,190],[23,104],[-35,152],[-239,145],[-332,79],[-245,89],[-123,78],[-29,153],[169,174],[321,93],[175,30],[315,45],[146,108],[-41,175],[47,234],[186,41],[286,18],[169,-33],[239,-71],[187,-59],[297,111],[181,142],[123,108],[105,100],[64,112],[-23,141],[-105,134],[-193,71],[-332,26],[-234,-26],[-303,74],[134,138],[169,52],[216,190],[175,111],[263,108],[291,71],[204,167],[-163,168],[-169,48],[-204,74],[-140,67],[-47,216],[35,160],[18,171],[-140,235],[-82,126],[0,145],[-47,234],[-6,27],[-140,219],[-116,171],[-99,134],[-47,171],[-29,197],[46,224],[76,212],[76,204],[175,383],[140,302],[58,249],[-23,231],[-41,204],[-128,380],[-134,431],[-94,283],[-75,127],[-170,204],[-180,238],[-41,86],[-117,260],[-6,145],[64,142],[181,156],[199,89],[239,145],[99,127],[-53,178],[-110,71],[-146,112],[-228,212],[-274,234],[-210,123],[-221,104],[-205,60],[-210,22],[-274,-8],[-286,-111],[-198,-75],[-350,-81],[-245,7],[-257,37],[-221,60],[-304,163],[-87,112],[-35,160],[-18,171],[-128,153],[-227,70],[-257,30],[-222,15],[-355,4],[-245,-37],[-175,-75],[-210,-134],[-94,-104],[-332,-93],[-280,19],[-228,67],[-268,100],[-449,175],[-292,115],[-233,112],[-187,149],[-134,204],[-12,34],[-70,253],[-11,175],[11,141],[41,115],[41,123],[181,249],[134,134],[134,86],[163,67],[199,52],[245,89],[338,171],[193,112],[326,145],[403,175],[221,85],[158,97],[321,268],[216,119],[175,52],[198,56],[332,11],[292,-45],[402,-3],[315,11],[234,7],[157,56],[169,82],[129,97],[216,204],[140,149],[99,138],[6,178],[99,216],[111,101],[134,89],[181,126],[180,179],[53,119],[12,134],[-105,175],[-205,156],[-361,361],[-263,286],[-87,75],[-239,197],[-170,119],[-280,119],[-303,97],[-327,48],[-256,0],[-234,15],[-338,60],[-262,93],[-99,22],[-572,134],[-286,67],[-280,44],[-233,52],[-216,8],[-257,4],[-356,7],[-291,37],[-257,41],[-268,78],[-29,224],[41,145],[81,111],[140,153],[99,152],[82,138],[76,149],[134,93],[163,100],[187,78],[169,41],[251,45],[344,59],[280,75],[245,67],[163,82],[123,137],[82,186],[40,108],[70,201],[59,156],[-59,127],[-262,286],[-175,183],[-105,85],[-280,168],[-362,238],[-344,197],[-513,294],[-251,163],[-99,168],[-94,253],[-52,182],[-6,123],[35,164],[18,134],[-18,212],[-58,223],[-64,167],[-111,235],[-41,107],[-175,320],[-257,451],[-93,93],[-181,122],[-192,75],[-210,89],[-274,108],[-205,67],[-355,33],[-193,41],[-134,112],[-93,167],[-88,90],[-245,186],[-169,160],[-29,111],[87,171],[111,75],[216,126],[268,153],[228,119],[204,78],[251,67],[262,67],[222,67],[216,104],[245,153],[186,130],[205,126],[233,97],[187,67],[180,63],[298,71],[286,97],[221,93],[164,167],[105,201],[-100,219],[-285,67],[-164,119],[-210,127],[-169,52],[-227,56],[-309,15],[-210,-41],[-298,-97],[-233,-89],[-99,-86],[-216,-137],[-210,-49],[-245,67],[-286,127],[-368,141],[-303,93],[-262,67],[-321,130],[-473,216],[-373,186],[-268,63],[-234,60],[-250,37],[-228,11],[-338,-7],[-234,-30],[-285,97],[-420,230],[-170,104],[-134,194],[-17,126],[17,127],[30,111],[64,175],[35,145],[-82,146],[-152,171],[-81,134],[-70,241],[-88,265],[-169,204],[-204,89],[-251,82],[-280,78],[-268,71],[-321,48],[-344,60],[-327,93],[-362,138],[-116,186],[64,215],[140,56],[192,63],[251,71],[269,89],[221,93],[304,97],[58,34],[583,305],[356,204],[64,212],[-204,131],[-198,70],[-257,138],[-29,115],[-23,175],[-6,175],[-24,171],[-11,130],[-152,320],[-233,547],[-158,357],[-105,168],[-163,175],[-193,200],[-221,164],[-280,112],[-164,126],[-93,90],[-35,137],[29,115],[64,168],[117,149],[163,134],[234,63],[256,167],[35,164],[35,264],[53,182],[82,179],[64,220],[58,226],[88,116],[169,126],[251,168],[134,108],[93,100],[99,193],[169,108],[228,108],[146,71],[216,78],[140,89],[105,201],[46,123],[152,205],[105,156],[157,178],[181,175],[58,212],[41,116],[199,175],[198,174],[140,134],[93,138],[117,160],[87,89],[152,93],[181,71],[198,71],[239,74],[228,74],[227,101],[199,115],[76,75],[134,156],[46,123],[35,171],[222,178],[192,119],[164,134],[99,123],[29,179],[88,230],[70,235],[163,156],[502,268],[262,119],[134,130],[134,171],[53,134],[29,197],[88,104],[274,112],[216,45],[280,-64],[169,-74],[227,-59],[280,-30],[350,48],[245,134],[263,78],[256,63],[169,186],[199,227],[105,179],[70,305],[116,320],[199,93],[186,201],[-29,171],[-105,86],[-111,130],[-122,245],[-181,179],[-152,130],[-227,71],[-210,22],[-321,37],[-344,97],[-403,182],[-612,246],[-227,175],[-175,242],[-140,223],[-222,379],[-280,365],[-181,364],[-41,175],[35,127],[59,137],[87,82],[158,116],[175,171],[93,111],[52,127],[12,152],[-12,212],[-35,172],[-11,115],[6,178],[46,238],[76,294],[29,149],[-58,127],[-117,238],[-181,137],[-210,157],[-210,78],[-268,48],[-344,37],[-280,45],[-181,34],[-292,74],[-320,112],[-187,81],[-157,15],[-280,-44],[-310,-82],[-198,-82],[-239,-108],[-198,-74],[-467,-149],[-210,26],[-163,160],[-30,193],[30,224],[-24,193],[47,152],[0,142],[17,294],[-46,223],[-59,104],[-227,97],[-239,138],[-76,100],[-70,138],[-47,171],[-99,145],[-338,-37],[-175,-105],[-245,-107],[-169,-60],[-257,-56],[-338,-67],[-344,4],[-228,45],[-472,82],[-380,40],[-175,12],[-274,-34],[-151,-48],[-199,-56],[-414,-104],[-321,-75],[-221,-18],[-228,44],[-175,142],[-87,163],[-59,224],[47,160],[47,152],[-12,108],[-47,153],[-93,193],[-117,231],[-87,201],[-53,212],[-5,230],[-6,272],[-41,149],[-239,171],[-158,71],[-309,119],[-181,67],[-140,59],[-274,149],[-216,149],[-192,156],[-117,104],[-93,119],[-105,194],[-70,219],[6,149],[-18,93],[-6,152],[-23,105],[-70,137],[-99,149],[-105,145],[-111,138],[-152,152],[-245,127],[-93,219],[-23,160],[17,205],[6,126],[-29,134],[-82,157],[-140,145],[-268,245],[-193,153],[-151,44],[-245,-26],[-245,-48],[-356,33],[-297,108],[-129,34],[-233,48],[-309,52],[-344,90],[-514,174],[-501,227],[-374,183],[-262,137],[-175,138],[-216,149],[-192,104],[-269,115],[-128,101],[-187,193],[-204,298],[-82,123],[-262,167],[-228,74],[-256,145],[-187,168],[-152,164],[-128,141],[-216,145],[-286,246],[-262,256],[-117,201],[-128,324],[-140,249],[-175,242],[-47,97],[-122,227],[-128,282],[-30,86],[-58,257],[-175,788],[-122,157],[-269,241],[-81,60],[-467,305],[-379,312],[-269,306],[-227,316],[-76,108],[-157,357],[-41,160],[-134,387],[-158,234],[-350,480],[-175,205],[-29,44],[-292,357],[-385,324],[-367,283],[-490,320],[-525,275],[-455,197],[-414,153],[-263,70],[-525,123],[-268,130],[-367,272],[-152,97],[-473,268],[-390,290],[-251,268],[-99,260],[-65,301],[-5,186],[-6,231],[93,305],[140,290],[18,242],[-6,71],[-59,208],[-145,171],[-99,145],[-47,142],[35,126]],[[749178,447545],[228,45],[315,56],[192,37],[204,45],[170,41],[192,59],[210,75],[216,81],[192,60],[228,71],[216,67],[274,85],[210,41],[268,-4],[315,-44],[233,-71],[210,-45],[350,-3],[164,-41],[192,-56],[280,-119],[263,22],[157,-26],[204,-67],[274,-137],[164,-168],[151,-201],[105,-119],[76,-89],[88,-160],[81,-149],[59,-111],[122,-157],[146,-290],[58,-167],[111,-171],[94,-153],[163,-164],[146,-85],[315,-168],[186,-134],[222,-141],[152,-112],[221,-115],[216,-108],[128,-123],[65,-96],[5,-194],[-122,-163],[-76,-90],[-140,-160],[12,-141],[6,-167],[-35,-209],[-65,-227],[-23,-156],[-52,-186],[-105,-201],[-64,-212],[11,-149],[76,-119],[152,-190],[75,-111],[245,-171],[59,-149],[-82,-197],[-122,-123],[140,-167],[163,-34],[233,-78],[175,-71],[152,-115],[52,-104],[-93,-201],[-76,-123],[-105,-134],[-151,-219],[-88,-138],[-87,-119],[-123,-182],[-93,-175],[-53,-220],[-17,-122],[23,-157],[0,-137],[12,-171],[29,-190],[23,-142],[29,-178],[41,-201],[35,-100],[41,-142],[128,-219],[181,-142],[129,-59],[694,-205],[233,-82],[233,-93],[94,-137],[-29,-157],[-362,-465],[-554,-554],[-234,-286],[-297,-413],[-76,-108],[-70,-149],[-52,-167],[-59,-172],[-58,-223],[-35,-123],[-53,-256],[-40,-175],[-35,-134],[0,-119],[11,-123],[35,-126],[105,-157],[64,-152],[65,-190],[75,-160],[35,-167],[47,-149],[29,-93],[41,-141],[58,-175],[53,-134],[47,-205],[99,-141],[105,-101],[134,-82],[233,-26],[210,19],[286,34],[163,26],[251,29],[134,-48],[222,-67],[146,-93],[70,-134],[47,-171],[58,-93],[192,-97],[210,-78],[333,-78],[221,-26],[170,-15],[262,-60],[175,-70],[193,-101],[157,-67],[204,-33],[315,33],[181,52],[251,-70],[87,-108],[70,-130],[53,-145],[17,-112],[-11,-167],[-59,-116],[-116,-182],[-117,-216],[18,-152],[52,-201],[23,-164],[41,-197],[82,-141],[58,-127],[64,-171],[35,-86],[65,-189],[0,-134],[-18,-216],[29,-205],[35,-126],[18,-142],[6,-178],[5,-86],[0,-189],[-23,-146],[18,-223],[46,-115],[257,-78],[233,-164],[-70,-123],[-29,-130],[-210,-156],[-76,-108],[-41,-193],[24,-138],[-12,-186],[-187,-108],[-157,-93],[-70,-156],[-128,-201],[-170,-116],[-239,-96],[-134,-116],[-41,-134],[-23,-219],[0,-130],[6,-149],[35,-164],[52,-223],[47,-186],[82,-112],[140,-219],[134,-160],[111,-112],[163,-152],[140,-182],[192,-186],[181,-149],[216,-142],[146,-108],[157,-160],[70,-141],[-76,-201],[-175,-186],[-221,-156],[-158,-89],[-134,-82],[-128,-93],[-163,-160],[-70,-97],[-76,-175],[-18,-104],[-23,-205],[-41,-137],[-122,-175],[-199,-123],[-297,-74],[-210,-41],[-204,-48],[-228,-127],[-157,-171],[-65,-75],[-490,-316],[-274,-189],[-321,-120],[-256,-52],[-601,-122],[-70,-19],[-350,-119],[-181,-134],[-58,-97],[-152,-241],[-140,-294],[-64,-131],[-64,-137],[-82,-149],[-111,-153],[-99,-126],[-116,-127],[-100,-200],[-29,-220],[-64,-186],[-58,-104],[-47,-160],[-52,-197],[-30,-168],[-29,-156],[18,-141],[29,-194],[47,-182],[157,-127],[233,-145],[251,-152],[175,-123],[111,-141],[53,-227],[-12,-142],[29,-137],[175,-160],[93,-108],[70,-179],[35,-208],[47,-190],[70,-97],[426,-308],[198,-160],[362,-272],[87,-115],[59,-190],[-82,-242],[-321,-468],[-81,-116],[-100,-204],[-99,-209],[-52,-145],[-12,-175],[-6,-167],[6,-127],[-6,-122],[-6,-112],[24,-197],[29,-216],[23,-123],[70,-130],[88,-115],[163,-156],[88,-131],[105,-126],[134,-149],[116,-130],[129,-130],[81,-131],[59,-96],[81,-134],[53,-97],[64,-138],[41,-122],[52,-212],[-52,-220],[-47,-115],[-29,-142],[-23,-119],[-41,-234],[58,-160],[123,-149],[29,-141],[11,-190],[-17,-212],[-6,-205],[12,-175],[-12,-107],[18,-142],[17,-141],[18,-142],[40,-145],[53,-148],[52,-157],[76,-182],[88,-208],[58,-149],[70,-134],[111,-190],[111,-190],[87,-141],[88,-130],[198,-171],[128,-86],[181,-59],[239,-56],[251,-60],[245,-52],[315,-74],[239,-108],[117,-82],[181,-152],[93,-116],[99,-126],[88,-145],[151,-212],[88,-123],[93,-186],[64,-134],[59,-138],[35,-96],[81,-172],[70,-160],[94,-171],[111,-85],[116,-104],[134,-168],[76,-223],[-41,-227],[-75,-112],[-146,-152],[-117,-186],[105,-223],[181,-108],[286,-157],[245,-130],[268,-122],[274,-116],[379,-134],[234,-96],[215,-75],[170,-52],[250,-71],[304,-78],[192,-33],[169,-34],[187,-56],[175,-55],[181,-105],[216,-152],[204,-127],[163,-96],[175,-78],[204,-64],[228,-78],[227,-67],[228,-141],[192,-179],[53,-126],[29,-149],[-29,-190],[0,-163],[29,-238],[-12,-194],[41,-141],[82,-224],[122,-204],[123,-127],[169,-126],[216,-138],[321,-156],[379,-164],[221,-85],[304,-93],[251,-90],[204,-85],[216,-112],[157,-111],[187,-105],[175,-111],[175,-134],[192,-119],[158,-108],[175,-97],[175,-130],[105,-86],[186,-167],[140,-97],[76,-119],[64,-141],[47,-175],[82,-182],[93,-212],[41,-130],[6,-198],[-30,-137],[-40,-149],[11,-168],[99,-145],[158,-186],[134,-245],[76,-164],[93,-152],[94,-127],[140,-138],[163,-111],[181,-86],[210,-104],[110,-41],[228,-70],[280,-82],[303,-93],[280,-64],[304,-74],[239,-56],[192,-70],[123,-64],[245,-149],[163,-171],[93,-119],[82,-167],[64,-220],[29,-171],[53,-189],[29,-142],[29,-115],[70,-149],[111,-208],[12,-119],[11,-145],[12,-198],[6,-275],[70,-212],[82,-160],[46,-126],[82,-153],[93,-201],[58,-216],[76,-178],[-23,-123],[-105,-208],[-35,-160],[-29,-164],[-47,-167],[-64,-172],[-17,-85],[-12,-153],[12,-186],[35,-126],[11,-197],[-35,-179],[-29,-108],[-29,-160],[-12,-108],[-58,-197],[-41,-119],[-76,-141],[-151,-63],[-257,-49],[-292,-52],[-204,-134],[-187,-190],[-122,-126],[-93,-97],[-100,-119],[-110,-104],[-111,-108],[-111,-97],[-128,-126],[-222,-164],[-187,-111],[-239,-112],[-187,-78],[-192,-41],[-292,-30],[-145,-7],[-228,-4],[-227,-41],[-100,-74],[-46,-179],[0,-167],[0,-138],[0,-145],[0,-182],[23,-194],[0,-149],[-6,-152],[6,-130],[6,-131],[12,-212],[-6,-167],[-18,-138],[-41,-223],[0,-115],[-11,-142],[-18,-189],[-23,-201],[-18,-142],[-5,-148],[-30,-190],[-35,-104],[-40,-127],[-76,-193],[-94,-157],[-99,-111],[-146,-142],[-169,-137],[-122,-97],[-193,-145],[-146,-93],[-227,-141],[-140,-145],[-105,-153],[-187,-193],[-87,-134],[-12,-101],[6,-145],[0,-93],[6,-190],[17,-230],[35,-157],[41,-174],[12,-205],[-29,-130],[-53,-138],[-17,-149],[-24,-122],[-29,-157],[-23,-182],[-18,-138],[-11,-130],[0,-119],[-35,-219],[-41,-145],[-134,-86],[-222,-86],[-117,-29],[-262,-108],[-128,-119],[-100,-209],[-52,-145],[-35,-156],[-47,-130],[-52,-156],[-12,-201],[53,-168],[70,-167],[87,-127],[53,-130],[17,-156],[0,-145],[-17,-164],[-47,-186],[-35,-156],[-12,-108],[-29,-164],[-187,-197],[-315,-59],[-215,-8],[-286,34],[-152,44],[-227,60],[-356,48],[-269,8],[-303,-93],[-152,-60],[-239,-78],[-221,-15],[-251,-4],[-169,-3],[-286,-15],[-309,-30],[-181,-15],[-204,-30],[-222,-37],[-216,-33],[-163,-23],[-222,-52],[-198,-44],[-175,-45],[-239,-34],[-321,60],[-204,71],[-216,81],[-163,64],[-181,29],[-263,-26],[-87,-200],[-41,-153],[-82,-141],[-134,-134],[-146,-52],[-227,-64],[-181,-22],[-198,-26],[-315,-33],[-263,-12],[-146,-7],[-262,-15],[-239,-19],[-140,-26],[-292,-107],[-192,-179],[-88,-130],[-111,-201],[-70,-175],[-35,-138],[47,-160],[64,-104],[117,-134],[181,-204],[93,-138],[53,-171],[-30,-208],[-29,-112],[-76,-197],[-29,-112],[-29,-130],[-23,-104],[-70,-138],[-76,-130],[-134,-205],[-82,-111],[-105,-164],[-82,-201],[-46,-119],[-35,-112],[-41,-204],[17,-153],[94,-186],[35,-126],[-12,-123],[-35,-115],[-52,-138],[-88,-208],[-41,-104],[-58,-138],[-58,-164],[17,-130],[47,-164],[35,-111],[11,-201],[-99,-171],[-93,-123],[-53,-127],[-23,-148],[53,-112],[280,-115],[192,-64],[163,-104],[100,-152],[70,-116],[52,-145],[18,-96],[0,-179],[-35,-190],[-70,-175],[-59,-111],[-99,-182],[-111,-201],[-58,-119],[-6,-123],[41,-160],[87,-142],[117,-160],[117,-111],[391,-309],[274,-182],[46,-30],[391,-141],[414,-86],[70,-7],[385,-45],[479,-26],[542,-26],[560,-97],[280,-100],[420,-138],[76,-30],[379,-119],[146,-48],[303,-52],[198,-11],[333,0],[484,-8],[58,0],[496,-18],[543,-30],[93,-4],[776,-7],[146,0],[437,0],[548,0],[286,-26],[309,-41],[520,-78],[105,-26],[291,-138],[164,-104],[169,-130],[239,-160],[198,-131],[228,-141],[291,-138],[362,-208],[181,-97],[105,-56],[210,-126],[274,-134],[198,-100],[263,-116],[280,-115],[210,-97],[309,-119],[186,-74],[228,-93],[274,-90],[257,-44],[186,-22],[391,-27],[362,-11],[245,-11],[245,-37],[227,-78],[199,-89],[216,-93],[151,-90],[251,-152],[87,-134],[-29,-197],[-46,-93],[-94,-212],[-29,-149],[-29,-156],[-12,-116],[0,-190],[6,-89],[117,-152],[181,-30],[309,-19],[105,-160],[11,-111],[-5,-183],[23,-174],[70,-138],[29,-101],[70,-208],[35,-178],[47,-105],[35,-193],[41,-112],[64,-178],[134,-212],[292,-82],[210,30],[180,-12],[362,34],[268,-8],[228,0],[216,19],[215,63],[263,131],[152,37],[297,22],[163,7],[263,19],[233,-26],[263,-97],[169,-152],[35,-108],[12,-138],[23,-123],[41,-119],[17,-119],[24,-174],[29,-105],[70,-167],[64,-93],[122,-134],[234,-153],[186,-78],[175,-55],[222,-101],[105,-85],[76,-160],[6,-186],[0,-79],[-12,-163],[18,-220],[29,-182],[11,-123],[18,-204],[29,-172],[163,-305],[47,-78],[449,-409],[193,-186],[105,-97],[210,-111],[326,-60],[397,-18],[128,11],[397,33],[916,127],[1452,126],[344,19],[327,3],[408,0],[286,4],[222,0],[297,-4],[303,-7],[175,-11],[205,-19],[186,-37],[222,-56],[146,-52],[192,-82],[193,-108],[128,-89],[187,-108],[151,-85],[205,-179],[128,-160],[58,-156],[24,-134],[11,-104],[0,-220],[-6,-152],[-23,-212],[12,-149],[23,-112],[76,-197],[99,-219],[117,-473],[99,-394],[12,-45],[105,-405],[-18,-116],[-87,-141],[-152,-93],[-525,-182],[-12,-8],[-361,-182],[-175,-149],[-140,-242],[-47,-163],[-58,-320],[0,-175],[64,-186],[122,-197],[239,-123],[467,-168],[268,-160],[94,-93],[87,-200],[53,-149],[52,-171],[24,-101],[46,-137],[24,-105],[64,-171],[81,-149],[228,-107],[198,-53],[391,-78],[204,-48],[216,-45],[227,-29],[240,-38],[169,-22],[210,-26],[221,-34],[193,-40],[268,-82],[164,-197],[17,-116],[0,-123],[-12,-212],[12,-193],[23,-194],[47,-130],[53,-104],[128,-190],[134,-119],[105,-74],[187,-93],[309,-86],[181,-41],[163,-44],[251,-71],[192,-74],[99,-131],[12,-115],[-12,-149],[-134,-212],[-198,-197],[-163,-141],[-140,-108],[-111,-89],[-374,-406],[-105,-112],[-163,-241],[-338,-506],[-239,-540],[-164,-364],[-169,-376],[-23,-78],[-64,-179],[0,-256],[140,-280],[23,-26],[519,-520],[70,-79],[29,-159],[-70,-160],[-221,-164],[-379,-235],[-263,-182],[-117,-104],[-198,-160],[-128,-126],[-164,-131],[-163,-70],[-222,-56],[-227,-41],[-204,-34],[-444,-115],[-280,-141],[-198,-119],[-256,-179],[-94,-74],[-151,-127],[-286,-413],[-134,-256],[-146,-212],[-82,-116],[-163,-230],[-234,-291],[-105,-130],[-99,-104],[-111,-97],[-180,-156],[-205,-86],[-332,-70],[-210,-23],[-233,-7],[-286,-19],[-257,-22],[-233,-15],[-210,-7],[-175,-15],[-315,-52],[-257,-97],[-151,-126],[-222,-123],[-251,11],[-239,41],[-327,48],[-361,11],[-280,-37],[-140,-26],[-210,-67],[-146,-48],[-321,-104],[-192,-67],[-164,-64],[-379,-126],[-274,-86],[-268,-78],[-811,-223],[-41,-11],[-367,-112],[-514,-96],[-601,-120],[-215,-44],[-333,-86],[-262,-67],[-269,-115],[-431,-331],[-199,-153],[-151,-156],[-129,-134],[-116,-171],[-64,-227],[23,-149],[41,-175],[122,-513],[76,-551],[0,-639],[0,-127],[-6,-294],[-122,-510],[-65,-286],[-75,-182],[-70,-220],[-53,-156],[-76,-208],[-99,-160],[-81,-138],[-164,-182],[-116,-116],[-333,-193],[-187,-97],[-169,-119],[-52,-115],[-24,-164],[18,-115],[52,-223],[-11,-220],[-29,-231],[-70,-186],[-100,-107],[-128,-179],[-76,-108],[-81,-160],[-6,-156],[17,-168],[53,-126],[41,-134],[11,-123],[12,-175],[23,-271],[-58,-361],[-193,-714],[-134,-964],[111,-599],[-134,-829],[-327,-1046],[-70,-420],[47,-157],[134,-133],[216,-142],[192,-119],[170,-111],[134,-82],[122,-123],[29,-208],[-40,-105],[-111,-286],[-12,-171],[99,-473],[47,-126],[87,-104],[210,-134],[205,-75],[134,-44],[256,-90],[181,-78],[164,-141],[70,-216],[23,-130],[23,-171],[53,-149],[128,-179],[93,-93],[117,-145],[87,-186],[12,-141],[0,-97],[-52,-141],[-82,-156],[-58,-138],[-82,-167],[0,-224],[152,-156],[204,-104],[198,-149],[117,-175],[87,-130],[41,-138],[6,-201],[0,-122],[-23,-134],[-35,-116],[-53,-130],[-87,-160],[-88,-137],[-64,-93],[-111,-116],[-35,-137],[58,-108],[175,-138],[193,-85],[210,-101],[111,-71],[81,-160],[-58,-189],[-58,-112],[-76,-115],[-58,-112],[-117,-164],[-53,-234],[35,-190],[251,-334],[158,-198],[-88,-130],[-151,-71],[-216,-137],[-403,-331],[-116,-157],[-65,-126],[-35,-450],[-52,-588],[-23,-134],[-35,-141],[-59,-123],[-122,-171],[-105,-160],[-175,-171],[-64,-45],[-391,-186],[-82,-41],[-554,-171],[-338,-89],[-210,-26],[-350,-15],[-216,-56],[-128,-153],[-35,-148],[5,-108],[-23,-138],[-47,-152],[-64,-160],[-105,-179],[-93,-86],[-140,-148],[-87,-138],[-117,-223],[-70,-183],[-146,-115],[-222,-104],[-75,-112],[-82,-137],[-146,-123],[-169,-71],[-187,-22],[-210,-89],[-76,-108],[-198,-138],[-187,11],[-285,-67],[-286,-111],[-216,33],[-216,52],[-175,8],[-262,15],[-286,-64],[-82,-126],[-29,-123],[-64,-193],[-53,-220],[-23,-152],[-6,-105],[18,-156],[46,-126],[129,-157],[111,-100],[204,-175],[58,-108],[-23,-201],[0,-137],[-18,-123],[-11,-138],[-123,-215],[-76,-194],[-116,-208],[-6,-153],[99,-182],[76,-171],[11,-97],[6,-164],[82,-145],[87,-74],[193,-127],[151,-67],[240,-63],[315,-44],[233,-27],[227,-11],[199,-11],[361,-22],[222,-11],[327,-19],[245,-41],[233,-164],[35,-152],[88,-212],[116,-134],[158,-67],[332,-19],[233,26],[193,34],[192,37],[286,15],[251,-30],[233,-33],[327,-8],[146,-3],[321,-15],[338,-41],[193,-56],[163,-78],[111,-153],[46,-126],[41,-123],[58,-112],[59,-122],[186,-145],[321,-82],[222,-34],[181,-37],[216,-56],[116,-89],[76,-167],[29,-153],[29,-227],[47,-219],[23,-134],[70,-227],[70,-186],[100,-183],[75,-167],[18,-153],[12,-253],[-18,-197],[35,-163],[35,-116],[111,-204],[175,-194],[216,-152],[186,-97],[251,-100],[152,-49],[385,-78],[204,-45],[198,-63],[140,-45],[216,-104],[193,-126],[192,-123],[181,-134],[157,-104],[210,-182],[181,-138],[94,-89],[116,-127],[129,-134],[99,-122],[81,-90],[117,-171],[70,-175],[12,-178],[-105,-194],[-187,-219],[-99,-123],[-70,-108],[-134,-231],[-24,-219],[-11,-115],[-6,-149],[-6,-116],[-12,-145],[-23,-215],[-29,-168],[-111,-137],[-134,-41],[-268,-45],[-140,-82],[-158,-97],[-227,-96],[-164,-86],[-134,-74],[-187,-101],[-227,-134],[-228,-148],[-157,-134],[-93,-93],[-99,-160],[-70,-97],[-210,-101],[-117,-100],[-64,-167],[-47,-112],[-461,-461],[-41,-41],[-320,-316],[-531,-302],[-228,-126],[-268,-134],[-210,-67],[-239,-60],[-257,-100],[-99,-78],[-111,-194],[-210,-640],[-128,-498],[-47,-168],[-41,-160],[-35,-137],[-5,-212],[17,-160],[76,-183],[76,-156],[58,-111],[82,-108],[87,-112],[111,-123],[99,-93],[117,-156],[-58,-231],[-117,-189],[-88,-131],[-81,-145],[-47,-148],[-47,-157],[6,-219],[53,-149],[29,-86],[29,-163],[-6,-164],[-35,-138],[-70,-152],[-52,-138],[-18,-145],[53,-119],[122,-156],[234,-115],[192,-79],[233,-104],[193,-93],[216,-145],[175,-156],[105,-227],[-24,-141],[-64,-142],[-58,-171],[-53,-149],[-70,-219],[41,-145],[64,-101],[88,-190],[41,-85],[35,-171],[23,-82],[-12,-182],[-105,-127],[-216,-190],[-140,-89],[-134,-89],[-134,-86],[-117,-93],[-163,-175],[-47,-197],[12,-223],[18,-123],[23,-119],[17,-167],[12,-216],[-58,-201],[-158,-145],[-157,-123],[-163,-201],[81,-126],[123,-82],[250,-115],[257,-104],[198,-97],[135,-78],[105,-119],[87,-186],[35,-105],[12,-223],[-70,-517],[41,-152],[233,-172],[327,-130],[857,-413],[840,-335],[997,-323],[840,-261],[170,-111],[198,-179],[105,-171],[58,-205],[53,-178],[64,-101],[134,-145],[134,-134],[228,-152],[221,-97],[129,-175],[-129,-141],[-239,-119],[-111,-71],[-110,-175],[-41,-119],[-64,-777],[-82,-402],[-88,-175],[-151,-201],[-41,-33],[-198,-179],[-111,-130],[-134,-134],[-100,-93],[-140,-167],[-81,-90],[-134,-249],[-53,-100],[-47,-287],[-11,-52],[35,-312],[58,-142],[117,-316],[116,-190],[158,-193],[356,-253],[122,-82],[473,-316],[151,-90],[146,-89],[234,-156],[198,-104],[245,-168],[221,-137],[205,-168],[40,-163],[-105,-172],[-122,-89],[-163,-100],[-123,-97],[-198,-167],[-123,-108],[-75,-131],[-41,-193],[-6,-134],[0,-178],[12,-138],[0,-153],[5,-126],[-64,-149],[-169,-59],[-181,-75],[-93,-178],[47,-131],[81,-160],[76,-163],[0,-157],[64,-104],[181,-141],[123,-130],[70,-142],[-12,-96],[-29,-201],[-24,-131],[-75,-208],[-111,-152],[-175,-168],[-94,-126],[-122,-157],[-88,-122],[-122,-157],[-53,-134],[-17,-186],[0,-156],[-41,-201],[-70,-312],[-70,-294],[0,-223],[175,-171],[373,-131],[286,-108],[94,-137],[-18,-108],[-58,-197],[-245,-648],[-6,-160],[216,-182],[157,-59],[228,-52],[151,-41],[239,-56],[257,-156],[146,-123],[122,-149],[222,-156],[245,-86],[303,-74],[199,-30],[221,-33],[193,-34],[192,-19],[222,-22],[175,-45],[263,-93],[180,-111],[181,-160],[117,-164],[70,-111],[81,-145],[35,-105],[35,-126],[6,-175],[-29,-156],[-157,-212],[-309,-276],[-210,-171],[-111,-123],[-12,-182],[0,-123],[134,-126],[105,-67],[251,-52],[362,-48],[198,-8],[222,-19],[285,-18],[292,-26],[193,-22],[250,-64],[152,-56],[140,-111],[105,-112],[181,-175],[216,-70],[227,-19],[239,-4],[280,-3],[274,7],[286,-4],[239,0],[257,-3],[321,3],[245,12],[157,-4],[240,-15],[204,-30],[169,-123],[52,-230],[47,-205],[152,-104],[233,-37],[228,-19],[227,-11],[222,0],[175,0],[227,11],[216,8],[315,7],[297,-30],[216,-85],[111,-67],[193,-134],[280,-112],[151,-37],[204,-41],[158,-26],[245,-30],[274,-37],[227,-30],[216,-33],[344,-82],[257,-41],[280,-56],[245,-63],[146,-67],[175,-123],[175,-145],[391,-256],[157,-101],[251,-156],[93,-75],[385,-294],[426,-316],[245,-242],[88,-96],[157,-153],[187,-163],[157,-134],[134,-116],[269,-134],[280,-85],[315,-78],[245,-71],[41,-197],[0,-149],[40,-175],[88,-160],[111,-186],[70,-111],[157,-209],[158,-178],[186,-172],[158,-119],[99,-63],[233,-156],[146,-104],[88,-209],[-6,-182],[-6,-134],[12,-219],[35,-231],[52,-205],[29,-119],[76,-208],[163,-212],[100,-130],[99,-142],[76,-134],[70,-111],[75,-127],[41,-100],[99,-179],[100,-174],[58,-105],[52,-134],[35,-119],[53,-145],[47,-119],[40,-145],[47,-182],[47,-182],[35,-134],[46,-153],[18,-138],[35,-230],[-105,-175],[-134,-141],[-99,-93],[-140,-116],[-88,-70],[-362,-265],[-262,-148],[-788,-328],[-186,-126],[-35,-134],[23,-264],[12,-75],[-64,-331],[-53,-212],[-146,-242],[-204,-208],[-151,-141],[-94,-97],[-379,-261],[-303,-174],[-99,-90],[-117,-212],[-117,-249],[-70,-220],[-41,-122],[-99,-253],[-291,-450],[-193,-302],[-58,-111],[-35,-127],[-6,-156],[29,-223],[140,-361],[29,-149],[-11,-201],[-59,-216],[-128,-126],[-146,-123],[-128,-115],[-146,-216],[-23,-130],[-18,-134],[23,-164],[18,-115],[111,-342],[198,-425],[41,-52],[227,-301],[100,-119],[110,-153],[76,-126],[70,-127],[88,-167],[76,-93],[99,-149],[81,-175],[53,-156],[52,-149],[65,-123],[58,-133],[47,-101],[40,-208],[47,-205],[23,-212],[35,-190],[30,-189],[29,-212],[23,-186],[35,-205],[6,-186],[12,-160],[5,-93],[18,-327],[-47,-458],[0,-253],[-29,-346],[18,-227],[81,-260],[99,-242],[129,-164],[251,-190],[338,-148],[210,-127],[309,-178],[309,-157],[181,-137],[152,-235],[140,-249],[87,-201],[82,-216],[-12,-182],[12,-331],[0,-223],[-29,-253],[29,-197],[111,-298],[46,-89],[94,-186],[268,-365],[262,-208],[228,-97],[309,-112],[309,-104],[292,-130],[268,-156],[82,-130],[41,-175],[-82,-224],[-99,-200],[0,-105],[41,-145],[140,-156],[180,-193],[47,-119],[-87,-164],[-251,-130],[-309,-64],[-589,-111],[-420,-93],[-438,-130],[-210,-79],[-192,-66],[-269,-101],[-286,-145],[-320,-130],[-181,-149],[-210,-182],[-298,-179],[-373,-186],[-64,-33],[-333,-183],[-210,-119],[-326,-201],[-239,-208],[-193,-171],[-187,-164],[-221,-245],[-111,-216],[-88,-164],[-110,-208],[-105,-231],[-82,-190],[-47,-148],[-81,-205],[-76,-212],[-12,-26],[-93,-242],[-146,-759],[-146,-171],[-186,-208],[-280,-317],[-53,-182],[12,-182],[17,-97],[356,-513],[105,-268],[-29,-216],[-12,-67],[-52,-208],[-94,-156],[-140,-160],[-151,-175],[-94,-171],[-105,-224],[-46,-156],[-64,-193],[-18,-142],[-47,-189],[-46,-160],[-76,-179],[-76,-167],[35,-116],[76,-115],[70,-119],[58,-123],[41,-152],[-12,-157],[-17,-134],[-29,-137],[-53,-142],[-52,-126],[-76,-104],[-134,-175],[-88,-138],[6,-219],[163,-75],[181,-44],[356,-90],[222,-81],[280,-86],[169,-115],[93,-93],[41,-160],[17,-175],[-11,-141],[-181,-179],[-385,-190],[-391,-204],[-426,-198],[-315,-122],[-35,-23],[-332,-175],[-163,-111],[-105,-160],[-70,-149],[-24,-100],[-64,-175],[-82,-205],[-46,-186],[-12,-204],[-17,-146],[-65,-561],[-70,-131],[-233,-182],[-1726,-666],[-175,-67],[-234,-93],[-169,-96],[-82,-108],[-29,-145],[0,-153],[0,-130],[0,-149],[0,-134],[12,-164],[23,-171],[24,-212],[23,-134],[-18,-234],[-46,-160],[-64,-138],[-111,-268],[-64,-223],[-117,-253],[-198,-342],[-82,-134],[-111,-119],[-233,-164],[-181,-100],[-169,-56],[-198,-71],[-234,-63],[-175,-71],[-151,-126],[23,-194],[47,-96],[64,-179],[23,-137],[12,-164],[-12,-130],[-6,-179],[-29,-115],[-87,-134],[-129,-97],[-291,-134],[-65,-18],[-600,-116],[-240,-56],[-180,-104],[-35,-201],[70,-130],[110,-164],[228,-197],[379,-268],[1091,-546],[128,-64],[298,-152],[110,-90],[123,-111],[105,-149],[70,-108],[29,-208],[-64,-614],[-210,-551],[-175,-290],[-70,-85],[-187,-253],[-192,-242],[-123,-197],[-93,-175],[-134,-209],[-88,-167],[-64,-175],[-76,-160],[-81,-137],[-105,-160],[-123,-138],[-93,-160],[-123,-145],[-134,-153],[-87,-108],[-64,-130],[-59,-186],[12,-223],[152,-216],[163,-85],[210,-104],[181,-67],[274,-56],[245,-52],[257,-60],[355,-63],[280,-89],[222,-116],[146,-215],[41,-138],[40,-179],[0,-126],[-17,-223],[-18,-216],[-17,-212],[-58,-197],[-18,-168],[-35,-108],[-47,-242],[-23,-253],[-17,-182],[-12,-145],[6,-160],[-6,-164],[0,-189],[12,-134],[23,-279],[35,-246],[12,-193],[0,-160],[0,-168],[0,-141],[0,-141],[0,-175],[-47,-160],[-47,-164],[-64,-178],[-64,-146],[-146,-189],[-268,-175],[-58,-41],[-584,-368],[-560,-454],[-204,-257],[-408,-376],[-99,-48],[-362,-257],[-356,-227],[-227,-201],[-47,-44],[-193,-279],[-408,-603],[-163,-338],[-53,-112],[-478,-1005],[-472,-997],[-82,-171],[-169,-216],[-129,-107],[-169,-82],[-146,-49],[-227,-33],[-187,-26],[-414,-52],[-245,-26],[-274,-30],[-309,-26],[-811,-134],[-1277,-283],[-117,-33],[-770,-264],[-210,-116],[-210,-223],[-58,-123],[-29,-141],[-30,-231],[0,-249],[-11,-216],[-18,-253],[-41,-223],[-75,-327],[-35,-261],[-30,-264],[-17,-245],[-29,-231],[6,-127],[11,-230],[6,-212],[12,-149],[-12,-227],[0,-104],[-17,-138],[-30,-149],[-151,-197],[-117,-97],[-274,-156],[-158,-89],[-140,-82],[-163,-74],[-128,-90],[-234,-156],[-140,-89],[-245,-145],[-221,-130],[-292,-190],[-280,-391],[-23,-33],[-228,-410],[-151,-346],[-18,-63],[-233,-826],[-35,-100],[-47,-134],[-23,-175],[0,-190],[47,-182],[70,-182],[140,-175],[297,-275],[280,-250],[111,-111],[221,-186],[164,-149],[542,-487],[123,-116],[23,-167],[-117,-168],[-192,-26],[-263,-11],[-344,-15],[-385,-3],[-192,-4],[-315,-8],[-245,-29],[-274,-34],[-257,-30],[-251,-63],[-274,-63],[-175,-48],[-198,-64],[-152,-52],[-210,-48],[-303,-89],[-292,-97],[-344,-112],[-519,-160],[-321,-122],[-297,-64],[-315,-108],[-339,-115],[-262,-82],[-216,-63],[-216,-67],[-367,-104],[-257,-78],[-350,-104],[-408,-112],[-374,-108],[-320,-104],[-339,-123],[-303,-100],[-391,-127],[-309,-115],[-298,-115],[-233,-112],[-198,-78],[-292,-153],[-280,-115],[-297,-127],[-292,-178],[-35,-22],[-216,-153],[-280,-145],[-204,-104],[-257,-119],[-863,-387],[-297,-134],[-881,-398],[-169,-67],[-222,-56],[-309,-74],[-263,-49],[-355,-22],[-1698,-100],[-1149,-105],[-577,-175],[-333,-137],[-280,-108],[-35,-15],[-577,-238],[-473,-134],[-303,-141],[-152,-138],[-169,-160],[-163,-160],[-286,-115],[-245,7],[-216,15],[-1009,52],[-222,-41],[-227,-93],[-146,-97],[-122,-212],[-35,-89],[-187,-495],[-41,-126],[-64,-190],[-58,-204],[-129,-261],[-122,-242],[-88,-130],[-291,-275],[-94,-86],[-361,-290],[-53,-67],[-134,-160],[-53,-227],[24,-123],[35,-171],[93,-182],[82,-123],[128,-156],[117,-127],[93,-100],[175,-264],[47,-97],[116,-580],[24,-130],[35,-142],[52,-190],[35,-178],[41,-156],[64,-172],[41,-156],[58,-141],[47,-130],[35,-145],[47,-131],[35,-156],[35,-141],[128,-168],[152,-148],[210,-116],[105,-33],[612,-190],[333,-160],[175,-123],[105,-123],[163,-253],[52,-186],[47,-372],[6,-89],[-6,-164],[-17,-334],[-53,-1120],[-17,-201],[-6,-182],[-70,-785],[23,-268],[35,-223],[47,-253],[35,-212],[58,-257],[47,-208],[35,-153],[64,-179],[76,-134],[146,-193],[140,-164],[157,-186],[117,-122],[116,-93],[140,-127],[193,-193],[210,-175],[163,-130],[210,-168],[286,-208],[216,-153],[192,-145],[257,-208],[350,-227],[23,-15],[379,-246],[263,-204],[204,-153],[175,-148],[152,-138],[204,-149],[175,-115],[169,-97],[222,-104],[175,-71],[216,-67],[268,-93],[350,-104],[332,-82],[426,-108],[280,-59],[257,-49],[420,-89],[391,-89],[280,-78],[320,-86],[315,-97],[356,-96],[286,-56],[292,-71],[274,-104],[192,-78],[175,-89],[175,-97],[181,-134],[134,-112],[193,-182],[303,-327],[158,-171],[64,-75],[204,-234],[186,-231],[158,-186],[146,-193],[122,-194],[158,-208],[175,-268],[175,-205],[169,-215],[122,-235],[129,-242],[163,-308],[175,-287],[111,-231],[87,-156],[59,-182],[17,-145],[18,-127],[-18,-137],[-17,-127],[-59,-149],[-40,-134],[-41,-163],[-18,-108],[-46,-156],[0,-116],[-41,-167],[-12,-175],[-99,-201],[-117,-119],[-116,-115],[-251,-168],[-216,-223],[-175,-164],[-117,-137],[-99,-127],[-35,-137],[18,-201],[40,-145],[18,-131],[17,-156],[0,-152],[-17,-108],[0,-145],[-41,-127],[-128,-156],[-234,-253],[-233,-212],[-367,-313],[-245,-186],[-18,-14],[-210,-175],[-315,-268],[-379,-395],[-134,-171],[-93,-96],[-111,-119],[-134,-231],[-94,-141],[-198,-183],[-303,-123],[-298,-89],[-198,-85],[-193,-86],[-116,-52],[-333,-242],[-181,-141],[-297,-257],[-484,-409],[-362,-290],[-607,-517],[-320,-276],[-146,-186],[-210,-271],[-140,-339],[-152,-424],[0,-71],[-29,-483],[29,-157],[76,-223],[111,-175],[175,-271],[122,-216],[146,-219],[128,-198],[70,-167],[41,-123],[-23,-130],[0,-123],[-134,-164],[-379,-29],[-216,-23],[-216,-37],[-292,-59],[-233,-86],[-187,-71],[-175,-85],[-99,-119],[-134,-201],[-41,-238],[0,-231],[24,-242],[87,-227],[146,-346],[17,-141],[47,-175],[29,-212],[0,-204],[-17,-194],[-129,-249],[-116,-235],[-158,-334],[-122,-261],[-146,-245],[-99,-238],[-99,-186],[-59,-242],[-58,-175],[-58,-235],[11,-174],[29,-205],[35,-242],[12,-190],[0,-193],[0,-201],[0,-156],[-17,-127],[-100,-253],[-75,-338],[-82,-257],[-99,-231],[-88,-167],[-6,-164],[-23,-137],[-262,-127],[-181,-204],[23,-186],[105,-142],[175,-30],[554,-44],[414,-22],[350,-41],[170,-38],[239,-107],[146,-134],[29,-119],[-18,-168],[35,-305],[18,-164],[198,-837],[274,-651],[29,-48],[420,-997],[0,-89],[0,-209],[-52,-376],[-117,-316],[-268,-535],[-58,-242],[17,-145],[233,-160],[665,-123],[309,-60],[292,-74],[245,-78],[251,-108],[157,-78],[135,-93],[110,-123],[76,-138],[76,-219],[82,-208],[87,-287],[88,-294],[58,-342],[35,-320],[58,-331],[24,-253],[0,-190],[-24,-167],[-58,-227],[-58,-212],[-64,-279],[-24,-130],[-17,-201],[6,-198],[11,-219],[12,-175],[0,-186],[-41,-223],[-41,-186],[-35,-127],[-23,-342],[70,-331],[117,-751],[0,-369],[-187,-349],[-408,-454],[-146,-168],[-53,-175],[82,-201],[262,-81],[391,-101],[368,-56],[128,-15],[251,-107],[81,-75],[111,-171],[24,-134],[-76,-234],[-82,-164],[-105,-167],[-116,-201],[-228,-216],[-233,-205],[-204,-141],[-222,-138],[-257,-115],[-356,-78],[-285,-34],[-275,-14],[-280,14],[-262,23],[-286,29],[-309,75],[-321,100],[-186,93],[-321,127],[-280,59],[-286,49],[-216,26],[-309,-104],[-12,-198],[94,-137],[-24,-116],[-70,-137],[-437,-369],[-309,-122],[-438,-97],[-117,-179],[-11,-85],[-181,-182],[-222,-93],[-140,-105],[-23,-223],[58,-193],[88,-171],[52,-127],[-122,-201],[-233,-279],[-298,-316],[-181,-156],[-192,-164],[-82,-186],[-117,-275],[-5,-175],[-18,-142],[-82,-167],[-192,-223],[-134,-75],[-175,-104],[-82,-78],[-117,-141],[-180,-160],[-152,-82],[-181,-67],[-1283,-130],[-723,-60],[-222,-18],[-286,-71],[-268,-108],[-210,-119],[-199,-100],[-175,-82],[-145,-116],[-228,-119],[-181,-70],[-175,-45],[-361,-48],[-321,-11],[-350,74],[-298,15],[-157,-130],[163,-116],[274,-119],[199,-123],[93,-89],[93,-193],[41,-123],[18,-130],[6,-123],[0,-167],[-12,-142],[-18,-145],[-11,-141],[0,-168],[0,-201],[-18,-148],[-11,-138],[-100,-223],[-40,-93],[-41,-190],[0,-249],[64,-194],[87,-104],[135,-97],[157,-111],[204,-119],[222,-179],[192,-182],[70,-127],[24,-189],[-53,-119],[-239,-172],[-152,-55],[-175,-101],[-151,-97],[-64,-96],[-18,-197],[47,-138],[128,-145],[163,-101],[152,-78],[216,-156],[82,-112],[23,-126],[-6,-194],[-87,-133],[-146,-112],[-111,-82],[-181,-97],[-169,-141],[-117,-86],[-81,-122],[-53,-164],[-41,-119],[-70,-130],[-93,-112],[-123,-190],[-40,-152],[-65,-179],[-11,-141],[-70,-231],[-82,-190],[-204,-186],[-152,-152],[-29,-108],[-58,-231],[-24,-137],[0,-142],[-17,-163],[0,-175],[12,-134],[0,-171],[11,-112],[24,-134],[0,-134],[11,-137],[0,-108],[-58,-220],[-158,-149],[-315,-48],[-204,0],[-221,-15],[-327,-48],[-204,-78],[-123,-64],[-163,-104],[-175,-111],[-152,-93],[-204,-97],[-163,-63],[-286,-78],[-268,-45],[-327,-56],[-251,-63],[-157,-71],[-140,-85],[-292,-157],[-198,-107],[-210,-86],[-187,-89],[-239,-112],[-227,-93],[-140,-134],[-240,-145],[-169,-119],[-227,-108],[-146,-126],[-88,-101],[-128,-115],[-134,-108],[-181,-127],[-128,-115],[-88,-149],[-41,-126],[-52,-116],[-18,-208],[-11,-119],[0,-134],[35,-137],[175,-209],[122,-123],[94,-107],[58,-112],[87,-216],[0,-201],[-17,-123],[-47,-152],[-81,-179],[-135,-197],[-99,-134],[-81,-130],[-100,-104],[-110,-171],[-59,-130],[0,-149],[-11,-127],[11,-193],[70,-149],[129,-100],[157,-93],[198,-108],[129,-93],[175,-209],[64,-182],[6,-227],[-47,-130],[-105,-182],[-152,-157],[-157,-145],[-105,-115],[-53,-119],[-35,-130],[0,-142],[47,-216],[53,-126],[87,-104],[111,-104],[105,-97],[122,-93],[164,-194],[76,-133],[5,-142],[-23,-134],[-105,-160],[-93,-104],[-94,-138],[-116,-137],[-94,-116],[-99,-152],[-58,-227],[12,-130],[128,-212],[140,-216],[23,-160],[-17,-115],[-53,-171],[-58,-157],[-70,-126],[-128,-104],[-228,-183],[-82,-175],[-5,-137],[0,-108],[-47,-167],[-6,-172],[53,-141],[52,-141],[76,-149],[29,-127],[41,-152],[23,-231],[0,-126],[0,-160],[-29,-168],[0,-186],[-35,-193],[-29,-130],[0,-134],[0,-119],[58,-205],[53,-119],[58,-134],[47,-115],[81,-138],[59,-108],[93,-130],[88,-112],[93,-148],[76,-138],[169,-138],[286,-141],[198,-26],[268,-8],[770,-41],[30,0],[396,-11],[350,-33],[204,-11],[286,-90],[169,-193],[64,-134],[53,-175],[29,-234],[35,-153],[12,-242],[6,-44],[0,-257],[0,-205],[-18,-223],[29,-234],[18,-279],[17,-242],[29,-97],[35,-141],[117,-190],[35,-63],[47,-227],[-82,-182],[-128,-134],[-298,-93],[-286,-82],[-344,-82],[-1435,-551],[-414,-156],[-986,-372],[-1055,-409],[-321,-160],[-368,-208],[-157,-78],[-152,-71],[-198,-82],[-327,-138],[-297,-134],[-362,-215],[-152,-131],[-180,-93],[-210,-85],[-240,-78],[-221,-86],[-164,-63],[-209,-119],[-123,-138],[-87,-201],[-12,-29],[-82,-462],[-17,-126],[-64,-636],[-47,-105],[-134,-275],[-531,-759],[-128,-163],[-292,-365],[-543,-417],[-163,-78],[-181,-97],[-221,-126],[-187,-108],[-181,-112],[-723,-491],[-169,-96],[-117,-101],[-152,-126],[-35,-119],[18,-123],[122,-186],[129,-78],[163,-90],[175,-93],[572,-305],[262,-212],[163,-189],[100,-138],[11,-138],[-52,-208],[-280,-383],[-146,-235],[-47,-100],[-76,-134],[-17,-216],[17,-59],[88,-216],[157,-160],[94,-104],[186,-112],[181,-115],[94,-164],[17,-100],[-35,-164],[-17,-179],[-41,-156],[-35,-204],[11,-194],[0,-286],[-81,-298],[-59,-294],[53,-257],[41,-171],[23,-149],[0,-178],[0,-149],[-17,-234],[-100,-197],[-128,-116],[-187,-108],[-180,-59],[-222,-49],[-297,-29],[-286,-19],[-333,-11],[-694,-4],[-315,19],[-286,7],[-186,-11],[-222,-19],[-228,-44],[-250,-45],[-175,-63],[-269,-101],[-128,-44],[-210,-115],[-204,-164],[-169,-179],[-47,-48],[-233,-242],[-309,-286],[-187,-97],[-146,-82],[-140,-74],[-187,-93],[-175,-101],[-256,-152],[-24,-12],[-490,-219],[-58,-22],[-338,-131],[-222,-133],[41,-213],[140,-122],[111,-60],[198,-123],[251,-156],[105,-104],[146,-167],[76,-172],[17,-234],[76,-309],[146,-361],[122,-171],[18,-175],[35,-256],[-29,-197],[-76,-179],[-134,-60],[-193,-89],[-181,-89],[-216,-104],[-169,-90],[-186,-186],[-88,-145],[-122,-219],[-99,-130],[-12,-231],[117,-197],[134,-190],[35,-123],[6,-186],[-41,-130],[-47,-149],[-29,-156],[-23,-179],[-65,-115],[-99,-145],[-105,-141],[-157,-145],[-111,-134],[-117,-160],[-52,-123],[-47,-138],[-17,-234],[5,-153],[18,-126],[41,-149],[87,-145],[82,-134],[76,-153],[64,-119],[99,-223],[18,-234],[0,-212],[58,-145],[117,-112],[315,-93],[198,-74],[256,-164],[53,-104],[70,-197],[17,-168],[12,-126],[-12,-116],[-23,-167],[-41,-86],[-70,-141],[6,-112],[111,-133],[169,-153],[128,-93],[117,-141],[58,-209],[0,-115],[-99,-201],[-134,-115],[-175,-93],[-187,-130],[-99,-86],[-116,-112],[-140,-145],[-134,-111],[-146,-108],[-111,-86],[-204,-164],[-315,-238],[-187,-152],[-64,-112],[-35,-126],[-6,-223],[111,-127],[99,-100],[163,-93],[146,-90],[175,-82],[152,-96],[82,-101],[70,-126],[17,-116],[-52,-226],[-175,-160],[-158,-146],[-198,-104],[-216,-108],[-152,-70],[-181,-71],[-134,-59],[-134,-168],[-6,-145],[-35,-123],[-35,-115],[-52,-119],[-94,-145],[-239,-253],[-169,-130],[-187,-90],[-198,-141],[-82,-115],[-40,-216],[-70,-383],[-6,-119],[-257,-957],[-47,-230],[-11,-272],[93,-253],[204,-223],[35,-52],[123,-193],[17,-183],[-221,-167],[-275,-86],[-157,-33],[-420,15],[-216,3],[-420,67],[-326,38],[-345,33],[-326,15],[-286,-41],[-158,-34],[-204,-85],[-198,-67],[-233,-52],[-210,-26],[-339,-19],[-245,56],[-186,104],[-169,97],[-228,134],[-338,286],[-391,335],[-128,78],[-175,75],[-321,67],[-204,18],[-245,8],[-310,-11],[-244,-34],[-269,-22],[-297,-56],[-257,-82],[-216,-89],[-163,-101],[-228,-171],[-116,-115],[-134,-164],[-88,-123],[-64,-104],[-93,-134],[-82,-130],[-88,-123],[-64,-137],[-41,-168],[-29,-178],[-81,-183],[-111,-152],[-228,-130],[-344,-149],[-192,-82],[-245,71],[-228,63],[-321,112],[-285,119],[-152,104],[-239,175],[-204,137],[-129,93],[-181,130],[-110,71],[-205,142],[-186,137],[-228,149],[-221,138],[-205,182],[-279,223],[-210,153],[-245,171],[-304,186],[-332,201],[-129,59],[-233,116],[-181,85],[-274,127],[-344,130],[-303,119],[-811,435],[-204,112],[-333,245],[-116,145],[-24,153],[0,149],[82,394],[47,447],[11,245],[-58,316],[-169,339],[-146,201],[-53,63],[-297,294],[-268,208],[-304,231],[-356,257],[-303,171],[-64,37],[-449,245],[-432,201],[-87,49],[-292,156],[-105,63],[-706,692],[-221,275],[-41,86],[-175,365],[-193,360],[-87,172],[-29,394],[70,677],[-53,465],[-17,201],[29,372],[29,294],[52,331],[6,7],[59,439],[0,506],[-18,172],[-12,126],[-35,286],[-256,804],[-251,521],[-123,201],[-116,219],[-64,145],[-123,201],[-157,212],[-234,313],[-134,164],[-169,171],[-192,163],[-140,160],[-140,134],[-210,164],[-175,126],[-170,112],[-93,101],[-99,111],[-146,238],[-140,387],[-47,227],[-81,428],[-53,130],[-46,175],[-35,97],[-41,141],[-82,205],[-105,156],[-175,205],[-140,167],[-128,160],[-169,164],[-105,104],[-158,186],[-93,212],[-18,175],[6,134],[24,201],[198,613],[116,358],[30,70],[-30,495],[-11,238],[-88,223],[-169,246],[-204,149],[-309,167],[-18,11],[-443,145],[-140,26],[-257,30],[-355,37],[-245,26],[-269,23],[-297,37],[-239,33],[-228,30],[-315,60],[-315,119],[-251,104],[-192,74],[-193,86],[-198,85],[-157,93],[-205,82],[-175,90],[-157,67],[-210,81],[-303,134],[-228,78],[-222,79],[-215,67],[-216,48],[-315,85],[-309,64],[-216,15],[-298,-8],[-227,-41],[-327,-97],[-216,-111],[-122,-86],[-134,-96],[-175,-90],[-251,-141],[-152,-89],[-192,-123],[-152,-56],[-187,-56],[-186,-30],[-216,-7],[-332,-15],[-111,-4],[-339,0],[-350,-22],[-962,-15],[-216,-15],[-816,-93],[-1208,-201],[-12,-3],[-530,-138],[-479,-93],[-227,-45],[-683,-67],[-280,-22],[-256,-63],[-298,-138],[-332,-227],[-339,-145],[-355,-52],[-455,60],[-601,238],[-263,52],[-274,52],[-385,294],[-274,212],[-216,190],[-128,115],[-64,89],[-105,142],[-158,178],[-128,205],[-58,190],[-47,223],[-47,193],[-64,183],[-47,89],[-105,149],[-151,115],[-286,112],[-204,59],[-251,86],[-175,52],[-193,63],[-198,86],[-163,81],[-187,108],[-81,75],[-70,160],[-18,100],[12,156],[23,97],[93,149],[135,178],[93,175],[23,108],[6,190],[-6,108],[-11,164],[0,234],[0,104],[-6,134],[-6,156],[-29,171],[-6,93],[-23,164],[-30,216],[-70,152],[-75,97],[-199,171],[-175,112],[-233,85],[-286,108],[-216,67],[-181,67],[-204,82],[-216,123],[-122,85],[-391,265],[-146,81],[-426,90],[-227,18],[-682,0],[-852,-56],[-543,-33],[-904,-41],[-595,74],[-630,168],[-443,115],[-467,231],[-565,357],[-385,335],[-245,294],[-193,152],[-274,138],[-216,48],[-443,15],[-257,8],[-461,59],[-198,30],[-216,37],[-198,19],[-671,29],[-496,-7],[-624,119],[-245,63],[-233,60],[-222,71],[-198,59],[-198,60],[-263,41],[-373,22],[-181,7],[-309,11],[-286,8],[-198,0],[-327,-19],[-192,0],[-6,112],[-18,320],[64,197],[53,197],[122,197],[164,264],[233,287],[274,260],[163,186],[175,175],[146,212],[64,90],[135,204],[151,216],[298,398],[175,238],[169,246],[111,156],[99,164],[152,271],[99,142],[105,212],[41,167],[17,74],[35,320],[0,410],[-3150,3898],[-175,183],[-251,134],[-186,93],[-187,89],[-198,141],[-199,149],[-186,235],[-111,145],[-111,282],[-52,179],[-88,342],[-105,205],[-175,312],[-262,491],[-105,205],[-59,115],[-116,105],[-134,111],[-175,130],[-158,116],[-181,141],[-181,127],[-192,163],[-193,130],[-128,105],[-111,100],[-140,93],[-326,60],[-222,122],[-64,142],[-12,100],[-146,182],[-157,60],[-152,71],[-169,148],[-58,153],[-47,100],[-64,160],[-94,142],[-70,119],[-122,152],[-64,75],[-449,361],[-169,134],[-286,133],[-181,79],[-134,78],[-175,119],[-210,152],[-426,387],[-12,8],[-239,189],[-152,164],[-93,141],[-181,309],[-134,164],[-268,152],[-315,153],[-473,220],[-437,197],[-321,104],[-41,26],[-1306,506],[-82,30],[-1476,435],[-671,279],[-606,346],[-269,238],[-291,290],[-140,138],[-146,115],[-152,134],[-233,164],[-233,97],[-169,29],[-286,60],[-286,89],[-216,101],[-157,93],[-170,141],[-110,100],[-187,171],[-105,105],[-128,130],[-129,145],[-76,74],[-186,101],[-286,108],[-169,55],[-438,146],[-600,253],[-572,241],[-554,283],[-624,257],[-531,223],[-478,160],[-899,301],[-822,421],[-123,74],[-169,104],[-152,93],[-145,78],[-380,179],[-355,182],[-193,123],[-216,141],[-221,131],[-257,126],[-274,108],[-408,93],[-263,45],[-297,18],[-345,-37],[-320,-56],[-286,-104],[-152,-78],[-251,-160],[-425,-312],[-12,-4],[-443,-279],[-327,-156],[-397,-116],[-367,-18],[-181,-8],[-286,26],[-257,86],[-204,123],[-122,119],[-53,107],[-64,235],[-58,324],[11,301],[41,610],[6,543],[-12,473],[-23,74],[-169,446],[-146,213],[-163,200],[-158,149],[-122,93],[-146,101],[-157,93],[-175,104],[-181,104],[-199,104],[-233,112],[-175,85],[-344,183],[-338,174],[-216,108],[-164,82],[-175,93],[-408,205],[-274,138],[-350,171],[-175,111],[-128,112],[-129,193],[-70,168],[-64,212],[-93,316],[-152,406],[-140,156],[-286,149],[-385,160],[-326,141],[-508,376],[-70,70],[-746,730],[-543,505],[-875,901],[-513,625],[-263,323],[-145,105],[-117,74],[-210,127],[-262,111],[-251,82],[-134,37],[-234,56],[-151,26],[-222,82],[-134,85],[-158,160],[-157,198],[-134,145],[-187,193],[-181,123],[-181,78],[-221,67],[-164,30],[-291,44],[-193,26],[-274,86],[-181,100],[-146,127],[-81,93],[-94,123],[-198,126],[-157,75],[-280,111],[-187,63],[-163,64],[-292,115],[-210,108],[-163,190],[0,134],[23,163],[47,149],[40,127],[0,126],[-75,179],[-140,182],[-135,130],[-99,101],[-175,152],[-46,45],[-111,227],[-24,70],[-75,328],[-30,111],[-52,168],[-239,141],[-414,78],[-409,37],[-402,97],[-455,171],[-350,186],[-163,194],[-30,37],[-227,313],[-111,208],[-70,123],[-111,223],[-93,141],[-93,134],[-88,93],[-169,168],[-157,163],[-181,119],[-129,78],[-221,134],[-222,198],[-262,234],[-76,89],[-123,149],[-122,153],[-88,115],[-175,190],[-198,186],[-233,160],[-158,100],[-245,145],[-268,142],[-700,260],[-712,294],[-81,30],[-566,197],[-379,130],[-170,52],[-822,242],[-997,387],[-94,56],[-146,256],[-17,104],[-82,354],[-76,338],[-227,395],[-280,327],[-239,231],[-239,230],[-280,369],[-164,271],[-11,272],[23,130],[6,651],[-53,357],[-29,183],[-122,439],[-187,364],[-140,175],[-204,160],[-158,104],[-256,116],[-315,111],[-169,56],[-199,71],[-169,52],[-192,74],[-240,86],[-291,115],[-199,104],[-93,82],[-157,156],[-105,123],[-187,190],[-134,123],[-140,107],[-199,82],[-186,78],[-239,79],[-181,63],[-187,89],[-169,71],[-163,74],[-228,160],[-146,97],[-122,93],[-140,108],[-128,108],[-216,167],[-152,119],[-117,97],[-239,152],[-128,78],[-233,142],[-152,85],[-140,67],[-181,64],[-251,93],[-151,48],[-251,63],[-309,37],[-309,26],[-257,15],[-222,30],[-186,34],[-269,63],[-245,134],[-140,111],[-99,97],[-58,168],[29,111],[82,175],[-88,208],[-216,105],[-764,286],[-221,108],[-286,111],[-228,49],[-175,30],[-216,11],[-250,11],[-298,63],[-192,97],[-123,67],[-227,108],[-234,44],[-239,4],[-309,4],[-268,0],[-245,0],[-164,33],[-250,123],[-70,97],[29,171],[41,112],[157,163],[496,361],[350,428],[99,190],[163,308],[105,313],[-41,212],[-87,175],[-134,123],[-117,163],[0,145],[99,93],[222,79],[140,22],[280,52],[216,63],[204,89],[245,168],[122,123],[94,167],[76,186],[29,197],[-59,153],[-180,186],[-234,167],[-198,145],[-158,112],[-175,149],[-145,130],[-152,179],[-105,141],[-128,152],[-70,82],[-105,145],[-158,201],[-157,127],[-216,89],[-152,60],[-192,189],[64,157],[23,78],[164,338],[180,320],[164,294],[11,19],[280,431],[134,179],[129,134],[169,156],[105,123],[134,145],[140,186],[140,201],[99,223],[47,141],[64,261],[23,137],[35,157],[205,197],[233,126],[204,67],[187,41],[204,52],[227,52],[140,190],[-93,134],[-157,149],[-105,100],[-245,171],[-123,108],[-227,138],[-152,78],[-181,74],[-251,71],[-239,71],[-321,85],[-157,53],[-187,63],[-187,63],[-227,86],[-210,59],[-198,67],[-216,74],[-175,67],[-158,67],[-163,75],[-187,78],[-192,82],[-286,130],[-198,97],[-216,100],[-128,63],[-210,123],[-228,142],[-163,130],[-99,63],[-117,138],[-152,241],[-186,276],[-292,349],[-175,179],[-274,193],[-508,291],[-215,67],[-275,29],[-180,-22],[-245,-52],[-391,-141],[-356,-145],[-583,-227],[-694,-358],[-391,-215],[-251,-112],[-158,-63],[-198,-52],[-222,-30],[-338,-22],[-332,-15],[-292,18],[-379,49],[-333,59],[-291,67],[-234,93],[-221,93],[-333,134],[-17,8],[-321,137],[-257,134],[-402,205],[-420,230],[-432,175],[-245,153],[-151,93],[-164,145],[-134,123],[-140,115],[-117,153],[-134,208],[-52,138],[-53,167],[-46,175],[-65,175],[-64,182],[-140,164],[-134,119],[-157,108],[-304,104],[-315,78],[-420,93],[-320,74],[-286,64],[-199,29],[-256,56],[-245,34],[-304,55],[-519,82],[-437,67],[-204,26],[-333,15],[-303,0],[-245,4],[-222,-8],[-216,-3],[-250,22],[-222,11],[-216,34],[-187,29],[-291,97],[-146,52],[-187,93],[-192,93],[-245,123],[-152,86],[-192,78],[-234,100],[-192,71],[-274,115],[-222,86],[-198,100],[-146,67],[-233,115],[-175,105],[-286,108],[-181,44],[-204,37],[-280,45],[-321,37],[-379,52],[-350,64],[-163,70],[-146,67],[-146,93],[-140,63],[-268,82],[-263,67],[-169,37],[-198,41],[-368,45],[-210,26],[-187,22],[-256,67],[-263,101],[-146,85],[-157,82],[-134,108],[-99,101],[-117,119],[-128,96],[-129,101],[-116,82],[-257,148],[-216,138],[-216,145],[-145,123],[-129,119],[-181,190],[-169,141],[-81,93],[-228,197],[-198,168],[-88,197],[-23,216],[35,137],[47,116],[58,126],[122,115],[170,142],[204,193],[140,138],[151,212],[53,108],[82,156],[52,115],[47,116],[163,182],[233,89],[333,-3],[233,-56],[292,-130],[192,-93],[630,-276],[117,-55],[834,-406],[338,-182],[257,-127],[228,-119],[186,-63],[298,-104],[309,-104],[169,-71],[280,-75],[204,-48],[222,-45],[356,-33],[198,19],[233,55],[333,97],[175,67],[169,71],[169,74],[216,93],[181,60],[326,15],[181,0],[251,-26],[414,-15],[193,7],[350,71],[210,93],[105,82],[116,163],[70,116],[59,119],[46,115],[12,119],[12,134],[-6,127],[-6,126],[-53,149],[-145,212],[-210,178],[-199,86],[-181,78],[-239,123],[-122,130],[-24,112],[41,141],[99,141],[216,175],[134,67],[140,97],[164,71],[239,104],[210,59],[385,116],[303,78],[245,63],[204,56],[234,56],[326,96],[216,67],[187,67],[204,149],[0,101],[-58,186],[-123,156],[-122,104],[-205,197],[-140,123],[-140,126],[-145,123],[-193,153],[-157,137],[-152,108],[-152,123],[-221,164],[-327,223],[-29,22],[-280,179],[-303,130],[-286,63],[-327,4],[-280,19],[-274,89],[-140,89],[-152,82],[-215,127],[-175,89],[-140,74],[-292,67],[-263,11],[-204,52],[-151,90],[-105,108],[-76,141],[-82,182],[-76,250],[-87,208],[-59,149],[-99,126],[-221,190],[-164,97],[-175,82],[-251,78],[-116,33],[-251,75],[-245,74],[-204,74],[-169,67],[-140,86],[-222,171],[-93,130],[-88,156],[-99,160],[-111,134],[-134,145],[-111,97],[-198,171],[-175,123],[-169,119],[-210,138],[-204,123],[-135,104],[-145,141],[-187,197],[-93,138],[-111,171],[-88,171],[-64,149],[-70,201],[-82,156],[-75,160],[-129,216],[-122,212],[-105,115],[-117,112],[-140,152],[-128,153],[-105,123],[-105,119],[-111,219],[-82,164],[-116,134],[-94,104],[-227,182],[-140,101],[-123,82],[-180,111],[-187,82],[-193,93],[-157,112],[-140,82],[-105,96],[-134,127],[-146,141],[-158,186],[-70,115],[-116,194],[-82,152],[-64,190],[-35,160],[-52,201],[-59,212],[-41,97],[-134,156],[-210,138],[-146,67],[-186,59],[-181,52],[-239,71],[-187,67],[-222,89],[-175,82],[-227,160],[-111,101],[-105,137],[-64,123],[-82,179],[-35,100],[-52,141],[-76,212],[-58,108],[-88,116],[-93,115],[-193,134],[-128,85],[-128,101],[-175,104],[-169,93],[-170,93],[-198,112],[-210,111],[-175,123],[-169,104],[-175,112],[-233,152],[-199,134],[-134,93],[-169,104],[-204,142],[-210,141],[-199,153],[-180,134],[-169,111],[-158,119],[-245,194],[-187,156],[-186,145],[-134,130],[-210,209],[-240,256],[-145,194],[-152,175],[-93,122],[-146,93],[-175,90],[-140,59],[-280,97],[-298,141],[-163,105],[-216,141],[-233,152],[-140,86],[-175,108],[-175,104],[-117,67],[-175,115],[-151,179],[-100,141],[-81,153],[-111,152],[-181,186],[-146,105],[-140,100],[-134,104],[-169,119],[-198,160],[-158,89],[-140,93],[-262,134],[-175,86],[-257,145],[-233,138],[-146,70],[-257,153],[-99,93],[-128,175],[-47,104],[-93,190],[-59,145],[-40,93],[-158,134],[-262,108],[-140,74],[-135,86],[-110,115],[-164,208],[-29,164],[-23,149],[-59,115],[-151,138],[-181,122],[-158,164],[-75,134],[-53,208],[-17,116],[-41,156],[-117,175],[-128,74],[-257,149],[-175,127],[-210,122],[-303,175],[-228,168],[-151,145],[-64,134],[-94,368],[-99,595],[-152,581],[-110,119],[-88,96],[-122,112],[-205,141],[-245,149],[-303,138],[-414,119],[-735,126],[-146,30],[-822,175],[-134,30],[-391,119],[-204,126],[-158,156],[-140,198],[-76,152],[-64,112],[-64,141],[-105,268],[-35,100],[-53,157],[-46,189],[-41,138],[-82,208],[-76,134],[-180,179],[-140,112],[-146,115],[-134,115],[-111,82],[-105,119],[-134,138],[-70,193],[-18,130],[-6,142],[-11,119],[6,149],[-70,215],[-82,79],[-163,111],[-140,86],[-193,119],[-181,123],[-163,130],[-175,119],[-210,178],[-181,157],[-134,108],[-187,141],[-192,130],[-158,153],[-93,186],[52,230],[76,138],[82,115],[58,138],[35,100],[35,142],[6,156],[-6,112],[-41,223],[-11,212],[-18,275],[-6,212],[-23,156],[-12,138],[-17,141],[-64,205],[-88,227],[-52,127],[-82,171],[-122,223],[-123,260],[-111,183],[-93,167],[-187,286],[-134,175],[-128,175],[-128,160],[-164,190],[-35,48],[-157,164],[-70,82],[-129,141],[-157,194],[-198,201],[-152,167],[-187,216],[-186,230],[-111,123],[-123,123],[-181,212],[-151,167],[-82,97],[-163,119],[-140,108],[-152,112],[-175,96],[-128,78],[-175,71],[-309,123],[-251,104],[-216,89],[-268,97],[-269,89],[-145,71],[-210,101],[-152,81],[-245,172],[-280,178],[-309,186],[-158,101],[-262,100],[-303,52],[-181,8],[-216,-23],[-309,-44],[-216,-86],[-222,-160],[-93,-171],[-41,-108],[-82,-193],[-75,-186],[-111,-108],[-158,-105],[-309,-115],[-204,-93],[-146,-104],[-99,-164],[-47,-152],[-46,-160],[-117,-119],[-204,-108],[-315,-89],[-303,-86],[-234,-60],[-216,-59],[-227,-86],[-152,-55],[-186,-64],[-152,-115],[-41,-186],[-163,-97],[-245,-85],[-134,-194],[128,-134],[93,-96],[-6,-175],[-81,-108],[-228,-112],[-309,-96],[-286,-49],[-367,-22],[-187,7],[-204,8],[-175,-8],[-257,-41],[-262,-85],[-140,-67],[-210,-49],[-309,-74],[-187,0],[-204,0],[-321,30],[-187,41],[-215,56],[-327,100],[-198,67],[-140,52],[-199,71],[-204,108],[-134,78],[-152,104],[-215,160],[-123,138],[-58,104],[-88,137],[-11,197],[11,172],[59,96],[140,112],[215,145],[175,127],[111,67],[169,145],[117,148],[58,90],[35,141],[6,104],[-23,145],[-18,93],[53,157],[99,85],[204,75],[146,44],[134,112],[105,97],[105,107],[117,86],[140,108],[134,85],[187,131],[169,160],[35,156],[-47,130],[-280,67],[-198,4],[-234,22],[-332,11],[-233,8],[-222,11],[-210,26],[-187,45],[-245,67],[-204,40],[-227,60],[-309,82],[-310,59],[-239,45],[-286,63],[-233,75],[-233,78],[-350,119],[-187,67],[-175,78],[-151,45],[-187,78],[-216,82],[-175,63],[-181,78],[-192,63],[-263,108],[-291,119],[-140,86],[-280,156],[-164,93],[-163,82],[-187,104],[-239,123],[-210,59],[-332,-4],[-245,-59],[-193,-78],[-181,-112],[-186,-89],[-216,-86],[-216,-63],[-257,-126],[-151,-119],[-158,-123],[-111,-104],[-122,-116],[-204,-137],[-181,-82],[-338,-56],[-263,-26],[-367,22],[-321,64],[-327,100],[-186,63],[-187,82],[-193,104],[-215,104],[-245,105],[-228,111],[-233,108],[-199,78],[-157,78],[-227,97],[-234,100],[-175,97],[-163,56],[-193,67],[-215,48],[-181,34],[-356,30],[-268,3],[-794,-119],[-431,-89],[-1044,-223],[-910,-60],[-1068,26],[-933,145],[-391,131],[-379,256],[-298,224],[-227,323],[-88,283],[41,264],[12,97],[-29,301],[-164,376],[-128,257],[-41,100],[-251,528],[-204,361],[-181,301],[-93,131],[-111,219],[-81,194],[-111,201],[-64,115],[-82,201],[-35,123],[-29,156],[-41,126],[-52,168],[-53,134],[-157,152],[-100,67],[-215,82],[-292,56],[-228,30],[-233,26],[-286,11],[-268,3],[-198,8],[-350,15],[-210,7],[-298,19],[-274,7],[-286,11],[-245,4],[-286,-11],[-420,-15],[-116,-4],[-391,-14],[-321,-30],[-227,-41],[-310,-71],[-221,-56],[-245,-115],[-158,-104],[-116,-156],[-70,-119],[-64,-123],[-24,-142],[-11,-167],[-24,-130],[-6,-142],[-116,-227],[-164,-182],[-169,-123],[-192,-100],[-181,-115],[-280,-123],[-239,-60],[-245,-41],[-543,-52],[-933,30],[-887,67],[-198,15],[-367,11],[-199,8],[-443,-23],[-152,-15],[-338,-48],[-274,-45],[-525,-78],[-222,-44],[-233,-64],[-198,-67],[-292,-134],[-1849,-223],[-595,908],[-823,1332],[-997,1559],[-601,959],[-1067,1756],[-543,834],[-490,740],[-612,990],[-566,967],[35,186],[70,182],[47,123],[3435,9598],[2981,8375],[1476,3910],[1242,3820],[1435,4413],[216,654],[309,785],[408,1038],[333,681],[583,1168],[134,261],[129,253],[227,513],[333,651],[799,1659],[344,711],[577,1179],[817,1626],[478,967],[146,384],[-12,174],[-87,190],[64,313],[35,122],[146,198],[204,182],[210,93],[123,26],[233,52],[192,134],[129,260],[373,908],[193,365],[699,1108],[129,183],[811,1216],[904,1295],[1038,1473],[286,420],[612,904],[105,149],[642,949],[455,651],[496,692],[688,1030],[280,421],[146,216],[280,427],[986,1370],[770,1086],[834,1209],[461,655],[501,714],[782,1138],[974,1440],[881,1246],[933,1377],[397,536],[530,792],[665,949],[829,1179],[560,848],[507,622],[443,539],[-52,279],[-583,30],[-834,-30],[-770,-48],[-730,-101],[-612,-163],[-169,-53],[-321,-100],[-327,-138],[-192,-115],[-187,-193],[-163,-231],[-123,-138],[-227,-104],[-268,-63],[-280,-52],[-216,52],[-391,193],[-432,238],[-350,153],[-373,138],[-414,74],[-379,74],[-263,82],[-64,108],[41,197],[41,216],[140,588],[76,498],[122,521],[-12,71],[-46,223],[-82,335],[0,205],[175,286],[111,223],[76,171],[-245,108],[-269,0],[-507,8],[-362,67],[-186,67],[-245,141],[-152,127],[-216,174],[-82,64],[-583,431],[-233,339],[-152,189],[-163,209],[-467,331],[-490,376],[-93,212],[-181,588],[-41,364],[158,796],[58,722],[-64,807],[-64,130],[-94,194],[-145,234],[-6,357],[134,291],[309,413],[163,245],[-52,134],[-134,164],[-222,163],[-297,183],[-199,119],[-513,368],[-455,309],[-397,342],[-151,190],[-82,182],[-58,421],[-70,390],[-164,435],[-239,726],[-70,231],[70,197],[70,171],[111,134],[414,517],[333,506],[93,279],[6,71],[23,200],[12,101],[46,435],[76,253],[88,186],[111,194],[420,461],[420,320],[157,205],[64,204],[0,82],[-6,219],[-46,227],[-76,220],[-47,126],[18,224],[111,219],[163,145],[181,164],[344,167],[391,127],[239,78],[694,599],[152,171],[192,391],[82,498],[41,502],[5,38],[59,539],[0,294],[6,301],[-18,328],[-17,268],[-41,230],[-140,298],[-181,409],[-18,182],[47,324],[146,491],[140,257],[128,249],[35,67],[140,398],[239,495],[152,465],[18,71],[81,305],[12,279],[12,271],[93,238],[233,119],[216,119],[257,157],[233,145],[222,123],[116,63],[467,115],[589,104],[315,49],[257,44],[315,97],[326,134],[490,357],[263,234],[99,64],[204,108],[245,89],[169,0],[222,-37],[426,-90],[251,-37],[361,11],[385,64],[269,89],[221,97],[82,130],[93,431],[158,387],[122,190],[204,331],[47,75],[123,230],[35,67],[221,361],[123,182],[93,149],[152,257],[87,353],[-6,350],[-87,476],[-181,558],[-216,253],[-227,238],[-304,194],[-338,156],[-257,130],[-215,160],[-88,164],[23,242],[199,323],[227,357],[88,268],[11,190],[-11,182],[-76,253],[-181,339],[-169,413],[-41,89],[-105,253],[-286,487],[-169,194],[-163,160],[-286,156],[-274,108],[-350,186],[-222,127],[-461,204],[-210,119],[-303,294],[-502,718],[-367,733],[-99,324],[17,275],[35,405],[0,294],[-87,164],[-222,156],[-292,198],[-180,126],[-292,175],[-169,138],[-59,107],[-46,153],[-6,387],[0,4],[134,279],[53,238],[-117,215],[-198,116],[-490,190],[-858,282],[-6,0],[-840,406],[-472,323],[-496,384],[-274,189],[-262,97],[-280,63],[-1027,60],[-496,-30],[-315,-15],[-327,8],[-268,67],[-309,126],[-169,168],[-187,204],[-204,212],[-140,93],[-303,93],[-578,104],[-396,101],[-350,145],[-286,71],[-420,85],[-449,134],[-368,138],[-461,182],[-420,260],[-245,157],[-134,122],[111,209],[123,178],[58,127],[12,167],[-111,216],[-134,205],[-210,160],[-257,208],[-303,190],[-228,134],[-268,70],[-344,41],[-374,41],[-215,37],[-245,149],[-438,261],[-402,208],[-257,74],[-321,75],[-682,67],[-432,89],[-1178,294],[-397,63],[-280,75],[-712,286],[-618,253],[-385,219],[-280,209],[-227,201],[-99,167],[-146,242],[-64,305],[5,331],[0,45],[24,312],[11,149],[140,353],[123,205],[187,305],[285,488],[158,312],[6,30],[52,208],[0,175],[-35,253],[12,246],[58,234],[70,111],[181,283],[408,473],[82,100],[303,368],[64,93],[292,399],[414,584],[298,528],[76,182],[116,376],[70,219],[59,160],[186,410],[117,349],[152,168],[291,130],[309,74],[403,0],[729,-55],[525,-15],[467,63],[81,11],[578,190],[367,115],[303,89],[333,64],[437,41],[391,37],[123,22],[566,97],[268,100],[233,123],[216,156],[356,212],[134,116],[490,431],[70,183],[-12,226],[-93,306],[-193,569],[-40,368],[17,368],[6,82],[52,514],[111,212],[199,193],[186,112],[327,134],[344,70],[338,112],[199,93],[151,74],[327,235],[82,152],[87,305],[64,160],[187,145],[333,64],[373,52],[350,63],[746,160],[695,134],[309,-22],[997,-220],[443,-74],[1593,-257],[93,-11],[659,-52],[747,-60],[1067,-186],[327,-137],[268,-108],[234,-235],[146,-286],[180,-357],[216,-369],[327,-643],[309,-767],[6,-3],[181,-287],[122,-190],[216,-63],[204,-37],[233,-41],[502,-78],[455,-89],[99,-56],[199,-130],[204,-168],[420,-346],[251,-275],[52,-279],[-122,-201],[-310,-201],[-449,-212],[-17,-15],[-304,-242],[-35,-156],[-35,-178],[53,-186],[93,-268],[-41,-212],[-35,-179],[0,-78],[-11,-443],[163,-435],[35,-138],[70,-282],[187,-492],[344,-621],[251,-323],[-18,-190],[-140,-376],[70,-290],[129,-324],[180,-454],[274,-268],[380,-100],[262,-4],[403,-7],[740,160],[356,-11],[204,-179],[216,-346],[327,-242],[280,-48],[315,-52],[373,100],[76,23],[502,245],[542,112],[613,178],[140,116],[256,208],[362,424],[612,253],[210,56],[414,22],[485,86],[787,216],[898,226],[286,123],[251,160],[146,138],[46,145],[-5,242],[35,145],[169,190],[216,134],[268,78],[280,37],[245,-22],[484,-60],[193,-22],[250,15],[251,81],[204,97],[135,123],[52,152],[-52,127],[-175,219],[-216,346],[-164,172],[-297,331],[-274,349],[-339,387],[-198,287],[-169,216],[-309,260],[-239,335],[-94,201],[-99,227],[-111,606],[24,160],[58,100],[187,97],[268,-4],[391,-70],[297,-45],[292,-4],[344,49],[566,160],[560,137],[297,8],[269,-45],[402,-134],[368,-111],[233,-38],[350,-22],[449,26],[146,8],[233,11],[414,-49],[735,-141],[280,-37],[298,-45],[186,-4],[205,34],[268,100],[257,134],[151,134],[88,138],[6,130],[-24,141],[-70,387],[-29,298],[23,238],[53,134],[152,112],[215,63],[240,11],[239,-33],[291,-116],[234,-63],[315,82],[350,15],[560,63],[449,63],[793,108],[647,171],[718,186],[467,197],[297,179],[408,160],[251,138],[391,253],[566,212],[356,108],[344,70],[478,49],[478,14],[829,4],[542,41],[251,63],[525,264],[962,544],[438,268],[111,159],[-41,268],[-12,212],[-76,153],[-93,115],[-152,75],[-192,22],[-286,4],[-356,7],[-321,101],[-303,145],[-192,156],[-152,138],[-181,208],[-99,197],[-29,182],[17,253],[59,209],[169,223],[391,391],[320,200],[240,97],[385,156],[396,153],[304,59],[414,56],[659,34],[426,119],[484,167],[402,201],[269,171],[326,134],[490,149],[554,130],[555,160],[419,197],[426,279],[146,175],[123,238],[58,175],[6,209],[0,48],[0,208],[29,149],[122,115],[222,93],[490,220],[169,130],[70,227],[-41,201],[-58,327],[-6,328],[-46,241],[-135,183],[-163,193],[-274,249],[-840,570],[-1067,565],[-630,368],[-158,142],[-146,145],[-169,193],[-840,1224],[-146,164],[-35,127],[-23,171],[152,193],[268,71],[671,63],[1306,260],[426,90],[554,119],[327,15],[478,-60],[385,-41],[554,-89],[455,-45],[339,-29],[361,26],[169,63],[205,230],[29,30],[227,313],[257,297],[152,138],[186,156],[181,194],[134,230],[222,614],[23,205],[-52,178],[-29,123],[58,145],[181,309],[-105,197],[-280,272],[-245,219],[-309,149],[-30,223],[-227,376],[-58,361],[-175,246],[-35,145],[-18,100],[12,171],[163,175],[175,134],[228,67],[262,22],[560,-63],[607,-26],[810,7],[706,45],[356,30],[543,59],[215,38],[175,66],[228,160],[41,157],[128,286],[70,186],[193,235],[303,156],[286,78],[227,15],[309,-19],[210,-37],[193,-63],[286,-97],[449,-130],[326,-15],[403,0],[222,52],[344,93],[250,108],[525,312],[426,224],[368,204],[221,123],[321,179],[245,85],[333,63],[344,67],[723,131],[286,33],[367,41],[420,45],[216,-8],[175,-22],[228,-30],[577,-126],[105,-23],[362,-48],[169,-4],[268,-11],[624,-11],[146,4],[939,0],[304,-15],[210,-45],[385,-130],[560,-212],[145,-63],[368,-168],[251,-78],[93,-26],[303,-104],[426,-153],[216,-126],[245,-194],[333,-342],[268,-309],[192,-279],[170,-424],[35,-156],[116,-510],[163,-428],[70,-152],[140,-145],[222,-101],[373,-108],[76,-14],[560,-123],[420,-75],[479,-55],[29,-4],[431,-26],[467,22],[327,30],[402,15],[671,-15],[846,-60],[729,-55],[437,0],[1074,-45],[705,-100],[479,-19],[577,-37],[578,-93],[805,-190],[875,-112],[589,-126],[484,-101],[146,-26],[490,-107],[320,-90],[397,-167],[245,-97],[228,-56],[711,-126],[514,-63],[408,0],[490,0],[303,48],[333,141],[437,223],[6,4],[251,227],[163,97],[274,97],[397,107],[408,60],[893,48],[577,26],[128,8],[601,0],[245,-26],[123,-37],[204,-138],[216,-145],[175,-104],[186,-71],[181,-52],[199,-19],[332,11],[566,19],[513,-4],[502,23],[1085,7],[501,22],[263,45],[356,67],[93,15],[612,119],[321,108],[274,145],[234,60],[286,-86],[198,-134],[204,-112],[210,-93],[274,-59],[286,7],[321,67],[321,97],[58,22],[297,205],[537,528],[368,331],[332,272],[29,208],[64,220],[53,163],[169,64],[350,29],[455,67],[560,153],[618,212],[490,264],[572,290],[303,-44],[140,-119],[519,-480],[257,-290],[82,-149],[128,-264],[117,-105],[204,-115],[280,-115],[420,-78],[356,-79],[647,-267],[309,-201],[164,-220],[122,-357],[-35,-391],[-52,-353],[93,-279],[181,-324],[303,-558],[612,-286],[275,-235],[35,-368],[163,-465],[292,-324],[320,-234],[298,-48],[99,-15],[315,-26],[158,-19],[390,-74],[99,-26],[426,-183],[210,-78],[554,-119],[216,-48],[461,-175],[303,-149],[240,-264],[81,-271],[164,-172],[507,-305],[519,-85],[496,52],[292,18],[367,-40],[607,-64],[484,-89],[455,-86],[181,56],[326,205],[298,63],[157,-7],[222,-45],[315,-112],[362,-193],[128,-71],[187,-56],[315,82],[250,142],[193,193],[47,48],[105,213],[151,178],[461,290],[502,294],[565,246],[245,26],[304,-15],[280,-15],[210,-11],[391,-15],[245,-7],[180,22],[164,108],[268,204],[467,309],[303,223],[140,52],[245,41],[408,-3],[1301,-60],[694,-11],[152,15],[326,33],[362,49],[438,115],[350,100],[309,157],[490,234],[256,160],[175,171],[234,168],[309,52],[618,78],[758,108],[461,204],[228,309],[70,257],[46,178],[-5,105],[-24,282],[0,64],[-216,256],[-215,276],[70,186],[285,256],[105,101],[257,242],[397,1101],[449,175],[886,346],[590,63],[618,-19],[601,-78],[560,-11],[606,45],[344,55],[502,105],[718,107],[857,239],[560,126],[432,78],[221,-4],[239,-3],[473,-71],[99,-22],[449,-101],[659,-160],[432,-18],[297,115],[117,231],[-58,141],[-88,160],[-23,160],[111,283],[216,398],[145,186],[187,160],[228,301],[455,439],[215,249],[47,131],[6,156],[-41,123],[-99,134],[-105,107],[-379,212],[-169,198],[-59,126],[-105,101],[-93,163],[-12,264],[47,160],[122,142],[117,74],[158,97],[385,126],[175,86],[122,93],[76,119],[47,205],[-6,427],[35,253],[151,305],[59,168],[29,164],[-47,189],[-76,160],[-81,190],[-59,193],[0,220],[65,350],[128,405],[216,458],[274,439],[221,242],[210,301],[140,331],[70,197],[6,130],[-122,149],[-175,82],[-169,56],[-210,97],[-169,78],[-187,18],[-251,19],[-187,22],[-175,56],[-151,82],[-146,212],[-6,160],[76,156],[82,149],[175,190],[245,137],[367,179],[228,126],[215,90],[420,182],[671,238],[426,127],[449,78],[677,70],[262,56],[368,201],[23,227],[-356,257],[-402,312],[-24,82],[94,168],[221,122],[298,123],[303,52],[875,208],[321,123],[187,101],[75,230],[-29,257],[-105,272],[-87,253],[-53,208],[24,219],[46,213],[105,208],[146,204],[93,175],[-81,112],[-123,89],[-99,101],[-128,171],[-129,219],[-233,238],[-181,272],[-111,253],[-134,320],[-52,402],[-82,375],[-12,291],[47,182],[146,123],[385,249],[82,190],[40,238],[-5,33],[-47,276],[-35,78],[-134,148],[-327,186],[-35,19],[-472,253],[-420,149],[-939,424],[-525,219],[-158,134],[-280,153],[-192,115],[-135,104],[-81,149],[-18,153],[35,126],[105,160],[140,142],[216,163],[233,112],[304,104],[216,26],[297,-22],[344,-104],[473,-108],[175,-19],[449,22],[303,38],[350,74],[239,67],[99,93],[24,130],[17,183],[-17,409],[52,123],[105,178],[-122,179],[-29,37],[-70,234],[-65,145],[-122,138],[-239,153],[-146,163],[-70,71],[-105,245],[-88,335],[-75,473],[-35,312],[-105,376],[-169,379],[-140,220],[-152,264],[-181,208],[-187,138],[-262,115],[-193,71],[-239,37],[-431,64],[-269,37],[-221,93],[-222,171],[-303,294],[-228,294],[-122,160],[-152,204],[-297,402],[-164,320],[-52,294],[-24,286],[18,235],[87,160],[53,156],[-6,149],[-29,182],[-99,182],[11,209],[158,93],[373,130],[309,100],[245,134],[333,205],[175,134],[111,71],[315,78],[338,93],[216,137],[426,361],[361,491],[111,97],[432,376],[11,3],[543,294],[385,216],[443,179],[12,3],[507,265],[502,305],[531,401],[332,294],[263,198],[332,145],[368,63],[297,30],[502,55],[513,15],[292,30],[286,67],[297,78],[187,97],[145,119],[105,138],[0,119],[-93,245],[-64,294],[6,130],[87,157],[146,145],[128,130],[345,305],[151,97],[327,96],[315,-7],[128,-86],[123,-171],[146,-186],[175,-257],[58,-55],[216,-205],[128,-119],[239,-223],[29,-26],[187,-227],[105,-607],[47,-491],[210,-416],[256,-231],[321,-74],[531,3],[379,119],[245,253],[76,78],[105,384],[29,271],[128,153],[304,286],[577,279],[239,142],[99,122],[41,227],[-110,291],[-129,249],[-29,204],[58,142],[169,245],[240,179],[338,186],[117,52],[373,167],[432,153],[484,171],[1009,446],[233,108],[123,116],[87,119],[29,152],[-17,183],[-35,119],[-59,148],[-11,209],[-29,275],[-99,212],[-53,130],[227,112],[210,37],[800,30],[1178,4],[157,11],[660,41],[1219,108],[87,7],[519,112],[753,160],[566,152],[629,149],[385,179],[327,148],[373,194],[269,160],[577,342],[134,89],[240,157],[425,238],[199,134],[76,145],[-6,223],[-53,387],[-6,305],[24,219],[134,324],[210,316],[239,305],[315,424],[362,279],[688,365],[292,212],[367,350],[1272,1060],[134,197],[-18,309],[-87,331],[-187,249],[-257,93],[-69,38],[-280,115],[-555,193],[-420,190],[-291,190],[-134,152],[-94,186],[-17,179],[6,208],[87,276],[216,413],[350,375],[327,410],[145,193],[304,417],[262,372],[94,286],[151,435],[76,432],[105,454],[192,591],[164,343],[151,215],[35,157],[-40,167],[-30,227],[-5,182],[58,119],[257,309],[355,439],[47,127],[23,141],[-116,160],[-129,190],[-157,171],[-187,190],[-286,264],[-151,201],[-88,145],[29,149],[105,163],[286,357],[362,324],[257,238],[320,235],[280,167],[222,141],[146,90],[257,189],[186,194],[88,182],[93,130],[76,101],[175,186],[204,171],[268,126],[344,101],[345,70],[250,34],[368,30],[414,37],[321,-11],[507,-56],[455,-26],[549,7],[390,34],[345,52],[157,67],[146,156],[58,253],[88,417],[46,316],[12,231],[35,238],[169,178],[216,190],[117,104],[181,279],[262,454],[286,666],[76,160],[303,621],[332,845],[205,428],[23,163],[23,168],[59,82],[198,100],[332,82],[525,123],[397,286],[152,275],[-82,198],[-262,379],[-65,153],[30,152],[140,242],[163,212],[251,205],[81,219],[-250,197],[-496,186],[-280,205],[-193,350],[-233,580],[-35,164],[-12,301],[0,387],[-35,134],[-116,175],[-216,163],[-187,134],[-187,101],[-291,134],[-321,134],[-239,189],[-286,261],[-152,160],[76,707],[152,167],[262,316],[-110,175],[-374,63],[-70,12],[-1400,96],[-1627,108],[-6,0],[-531,-4],[-630,-145],[-641,-268],[-275,-63],[-303,71],[-507,59],[-432,-67],[-770,-85],[-257,-4],[-309,8],[-484,33],[-152,115],[-169,257],[-233,242],[-321,223],[-105,56],[-344,182],[-99,116],[99,156],[426,324],[291,260],[362,257],[93,178],[-70,231],[-46,167],[35,145],[140,291],[210,290],[169,160],[426,268],[140,70],[571,305],[922,491],[327,168],[64,41],[274,160],[23,89],[29,179],[35,230],[158,149],[93,82],[129,119],[75,78],[30,156],[0,220],[29,320],[76,253],[180,428],[158,505],[204,354],[268,387],[292,480],[76,123],[163,290],[18,67],[29,227],[-47,212],[-70,152],[-186,168],[-321,238],[-432,316],[-140,164],[-87,271],[-152,298],[-134,152],[-70,108],[-164,272],[-93,413],[-47,349],[53,123],[93,119],[158,116],[181,96],[58,97],[12,194],[5,70],[30,417],[29,275],[35,156],[41,127],[81,97],[251,171]],[[891889,559809],[-134,-198],[-163,-227],[29,-223],[163,-171],[222,-141],[362,-246],[210,-190],[175,-249],[87,-108],[129,-130],[857,-662],[157,-130],[18,-216],[-193,-294],[-186,-100],[-309,-86],[-304,-112],[-373,-189],[-175,-134],[-6,-116],[53,-189],[70,-194],[29,-249],[-64,-182],[-169,-194],[-105,-164],[-53,-219],[-12,-234],[41,-209],[-29,-189],[-181,-82],[-286,-30],[-198,26],[-286,145],[-146,115],[-122,64],[-245,59],[-158,45],[-344,111],[-221,86],[-502,216],[-187,78],[-350,30],[-315,-8],[-151,49],[-269,37],[-64,-175],[18,-179],[-64,-108],[-193,-96],[-332,-37],[-222,-94],[-128,-182],[-129,-89],[-245,-41],[-227,37],[-204,37],[-321,-41],[-134,-148],[64,-97],[-76,-153],[-17,-134],[-187,-78],[-309,-55],[-129,0],[-239,-30],[-367,-15],[-274,52],[-146,-52],[-76,-149],[-146,-85],[-251,-49],[-169,-152],[-280,-112],[-251,-11],[-198,74],[-187,67],[-315,26],[-361,15],[-146,-119],[-117,-82],[-344,-52],[-198,37],[-350,34],[-123,-115],[-262,-101],[-233,0],[-181,-130],[-234,-171],[-542,-90],[-315,-89],[-303,41],[-321,63],[-216,-7],[-169,-56],[-222,-119],[-198,-115],[-164,-175],[-17,-134],[152,-205],[-24,-189],[158,-183],[192,-63],[216,-175],[-17,-175],[46,-156],[129,-141],[116,-134],[47,-104],[82,-164],[-76,-97],[-222,-126],[-286,-8],[-268,-11],[-309,-119],[-169,-97],[-100,-152],[-93,-197],[-11,-127],[239,-138],[140,-219],[46,-127],[152,-282],[70,-123],[-47,-182],[12,-138],[-140,-182],[-268,-149],[-24,-208],[0,-116],[187,-119],[262,26],[304,-93],[116,-216],[82,-152],[-134,-205],[-228,-37],[-93,-152],[274,-205],[88,-130],[-129,-127],[-163,-56],[-227,12],[-315,-71],[-76,-164],[221,-111],[129,-71],[169,-93],[152,-149],[-94,-167],[-245,-71],[-41,-119],[-175,-123],[-87,-175],[6,-230],[-268,-23],[-175,15],[-350,34],[-216,97],[-333,93],[-262,-23],[-164,-89],[-151,-56],[-339,-7],[-274,-19],[-192,-97],[-199,-126],[70,-227],[-5,-186],[81,-149],[193,-145],[116,-164],[152,-141],[111,-78],[280,-123],[111,-205],[64,-197],[157,-78],[105,-152],[24,-146],[-164,-111],[-145,-179],[-53,-167],[53,-141],[70,-127],[-88,-156],[-105,-97],[-87,-108],[-76,-152],[-158,-71],[-192,-89],[-234,-149],[-40,-242],[11,-186],[304,-138],[268,-145],[82,-134],[17,-137],[18,-220],[285,-126],[94,-149],[-24,-115],[70,-153],[-87,-156],[-274,-145],[-70,-134],[-47,-183],[-245,-163],[-23,-201],[-234,-63],[-70,-112],[18,-167],[41,-119],[146,-146],[180,-44],[747,-56],[233,-123],[146,-56],[-41,-319],[-70,-127],[-23,-182],[-52,-130],[-181,-90],[-193,-123],[-99,-85],[-105,-130],[47,-145],[111,-93],[215,-75],[368,-4],[216,56],[157,45],[239,4],[310,-41],[279,-104],[-58,-146],[-12,-171],[12,-186],[-82,-115],[-99,-134],[-70,-201],[-11,-197],[23,-104],[64,-142],[181,-186],[117,-145],[-30,-186],[30,-163],[256,-157],[199,-44],[227,-30],[198,-19],[199,-96],[93,-67],[169,-108],[216,-190],[117,-119],[175,-126],[227,-142],[204,-85],[298,-90],[146,-160],[-29,-141],[-53,-220],[315,-81],[245,-26],[99,-190],[47,-160],[52,-160],[64,-97],[129,-130],[140,-145],[262,-138],[199,-89],[233,-108],[146,-108],[262,-33],[35,-179],[134,-212],[-110,-119],[-117,-97],[-228,-52],[-338,-70],[-82,-194],[-122,-141],[-99,-82],[41,-190],[-30,-126],[-233,-131],[-128,-85],[-111,-123],[-216,-104],[-175,-101],[-29,-119],[0,-145],[-93,-219],[-158,-112],[152,-171],[181,-33],[175,-112],[215,-74],[205,-93],[122,-172],[251,-26],[76,-148],[-234,-146],[-204,-26],[-262,4],[-193,-71],[-116,-74],[-234,-22],[-122,-183],[-6,-160],[-157,-89],[-123,-115],[-128,-168],[-47,-111],[-163,-153],[-70,-215],[-76,-160],[87,-131],[129,-156],[303,-123],[233,-52],[146,-63],[216,-123],[152,-78],[151,-164],[29,-133],[170,-175],[140,-101],[186,-141],[169,-130],[205,-71],[192,-156],[-29,-153],[-105,-130],[257,-171],[81,-123],[193,-86],[192,-189],[181,-119],[-12,-168],[-87,-122],[-239,-142],[-193,-45],[-128,-178],[-6,-101],[53,-159],[-30,-194],[12,-164],[193,-104],[157,0],[228,-59],[122,-60],[158,-123],[40,-148],[-75,-108],[-53,-123],[64,-160],[-175,-160],[-192,-86],[-35,-115],[23,-156],[-140,-179],[-192,-108],[-76,-137],[29,-186],[47,-142],[29,-100],[58,-138],[158,-134],[309,-171],[157,-111],[12,-116],[-58,-190],[0,-137],[221,-153],[76,-149],[76,-215],[-47,-164],[-175,-134],[-64,-112],[47,-197],[-234,-115],[-221,-130],[-18,-116],[-23,-160],[-210,-193],[-93,-74],[-88,-183],[-12,-145],[-99,-85],[-76,-190],[-140,-130],[105,-209],[76,-104],[-361,-301],[-146,-138],[-175,-130],[-123,-60],[-291,-96],[-280,-123],[-234,-15],[-250,8],[-292,-45],[-245,-41],[-309,-30],[-158,-30],[-186,-66],[-228,-101],[-198,-130],[-123,-138],[-99,-178],[-12,-105],[6,-141],[-87,-182],[-216,-75],[-198,-18],[-205,-78],[-145,-116],[-158,-152],[-198,-19],[-193,-134],[-157,-204],[-257,-309],[18,-160],[216,-164],[180,-100],[315,-52],[321,-41],[193,-86],[175,-78],[163,-71],[140,-104],[169,-178],[0,-116],[-128,-134],[-24,-134],[135,-122],[5,-131],[-250,-264],[-123,-70],[-140,-127],[-93,-71],[-204,-148],[-140,-183],[-170,-163],[-215,-168],[-321,-37],[-222,89],[-175,45],[-256,-56],[-310,-100],[-151,-171],[6,-134],[-12,-160],[-35,-104],[-82,-134],[-70,-108],[-128,-131],[-105,-130],[-99,-215],[-82,-112],[-47,-231],[76,-145],[35,-171],[0,-205],[-70,-260],[-315,-108],[-186,-30],[-280,-59],[-187,-142],[-239,-52],[-263,-11],[-320,-111],[29,-212],[99,-142],[157,-204],[135,-146],[52,-63],[175,-219],[169,-413],[-29,-160],[-76,-86],[-233,-115],[-222,-71],[-216,-44],[-256,-49],[-239,-63],[-321,-127],[-146,-55],[-216,-52],[-163,-23],[-239,-41],[-111,116],[-140,67],[-216,7],[-216,97],[-204,126],[-338,15],[-245,-18],[-175,26],[-280,33],[-169,4],[-222,48],[-158,15],[-315,-22],[-215,22],[-146,89],[-59,119],[-198,194],[-233,-138],[-350,37],[-286,-107],[-64,-149],[-163,-56],[-205,-22],[-221,-4],[-251,130],[-193,-11],[-192,-37],[-263,-49],[-157,-67],[-245,-18],[-292,0],[-426,-8],[-245,-26],[-285,-63],[-205,-52],[-344,-141],[-210,-145],[-210,-127],[-210,-126],[-134,-82],[-111,-97],[-151,-194],[-35,-234],[-210,-160],[-204,-190],[-30,-197],[-116,-163],[-315,-86],[-292,71],[-146,108],[-140,182],[-181,59],[-250,-37],[-210,-33],[-315,7],[-210,71],[-257,93],[-192,-19],[-339,67],[-192,86],[-204,-34],[-240,26],[-233,78],[-134,134],[-315,30],[-175,75],[-158,52],[-291,11],[-181,-15],[-239,59],[-263,23],[-291,26],[-187,33],[-274,86],[-257,22],[-251,-33],[-309,67],[-233,59],[-338,67],[-175,30],[-210,22],[-280,34],[-199,33],[-192,41],[-327,71],[-356,52],[-280,15],[-204,-15],[-303,-41],[-251,-78],[-373,-116],[-169,-48],[-181,-41],[-327,-48],[-216,-22],[-157,63],[-280,89],[-198,119],[-210,175],[-82,152],[-12,134],[82,172],[-53,141],[-87,93],[-163,178],[-105,134],[-76,153],[-105,182],[-82,90],[-122,107],[-263,138],[-111,130],[-146,90],[-245,-41],[-303,52],[-192,82],[-263,55],[-163,26],[-257,26],[-256,19],[-298,138],[-222,56],[-221,55],[-187,52],[-152,123],[-262,56],[-187,-78],[-128,-93],[-146,-112],[-146,-93],[-151,-115],[-105,-156],[-59,-119],[-76,-175],[-75,-108],[-99,-208],[-105,-172],[-41,-163],[-76,-220],[58,-190],[129,-119],[81,-119],[239,-137],[333,-93],[192,-56],[199,-101],[134,-89],[210,-100],[122,-138],[-64,-138],[-111,-70],[-198,-86],[-222,-30],[-175,15],[-227,38],[-169,33],[-234,56],[-303,108],[-286,63],[-198,26],[-298,15],[-192,-11],[-198,-19],[-350,11],[-438,23],[-262,11],[-321,33],[-321,19],[-245,30],[-315,55],[-607,123],[-99,26],[-309,75],[-297,3],[-111,-63],[-292,-123],[-210,-67],[-204,-108],[-204,-148],[-88,-209],[35,-111],[64,-145],[140,-153],[158,-104],[157,-71],[181,-119],[152,-126],[233,-134],[-76,-142],[-110,-96],[-129,-138],[-146,-93],[-116,-100],[-251,-164],[-210,-82],[-175,-30],[-216,11],[-303,-7],[-216,4],[-216,0],[-268,18],[-187,52],[-274,-44],[-210,-90],[-204,-145],[-216,-189],[-187,-172],[-128,-104],[-268,-108],[-228,-167],[-297,-89],[-228,-71],[-256,-93],[-280,-130],[-251,-130],[-99,-194],[-59,-115],[-186,-130],[-94,-153],[-110,-201],[-146,-171],[-59,-78],[-204,-272],[-111,-148],[-128,-179],[-52,-93],[-70,-167],[-53,-86],[-140,-249],[-17,-41],[-70,-223],[-88,-123],[-111,-175],[-99,-279],[-29,-141],[17,-164],[-70,-127],[-46,-148],[11,-235],[53,-249],[169,-108],[204,-15],[315,30],[204,115],[135,86],[140,100],[140,56],[344,130],[163,15],[233,11],[222,60],[292,33],[221,-18],[239,-23],[234,-37],[181,-7],[204,-78],[116,-145],[-40,-123],[-88,-123],[-210,-97],[-140,-48],[-210,-63],[-157,-64],[-315,-63],[-251,-119],[-140,-137],[-99,-160],[-94,-123],[-163,-220],[-99,-178],[-105,-123],[-169,-130],[-193,-82],[-186,-89],[-170,-108],[-256,-138],[-175,-115],[-175,-71],[-239,-112],[-152,-67],[-204,-93],[-187,-115],[-169,-104],[-239,-123],[-128,-59],[-275,-75],[-157,-18],[-198,-67],[-263,-134],[-332,0],[-181,119],[-117,201],[-17,178],[52,119],[128,201],[41,130],[18,123],[-64,145],[-94,130],[-163,149],[-198,82],[-245,108],[-175,4],[-280,-119],[-129,-160],[-58,-67],[-163,-153],[-140,-100],[-309,-104],[-187,-119],[-70,-116],[-88,-145],[-215,-186],[-222,-52],[-181,-4],[-257,4],[-245,67],[-145,104],[-88,116],[-58,148],[-327,97],[-233,-30],[-129,-52],[-163,-137],[-70,-134],[-52,-97],[-146,-164],[-47,-100],[-64,-168],[-47,-126],[-40,-182],[-18,-209],[-12,-182],[-40,-175],[-41,-104],[-169,-160],[-333,4],[-280,130],[-122,78],[-181,156],[-169,108],[-222,145],[-117,216],[-23,186],[-35,93],[-158,141],[-157,90],[-268,78],[-193,11],[-257,-71],[-204,-111],[-204,-131],[-128,-126],[-64,-130],[-129,-354],[-64,-126],[-204,-175],[-175,-74],[-332,-64],[-601,-55],[-18,0],[-426,-53],[-758,-119],[-332,-59],[-263,19],[-303,215],[-187,142],[-286,182],[-163,104],[-257,82],[-250,19],[-234,-4],[-280,-45],[-157,-70],[-315,-235],[-117,-100],[-134,-157],[-128,-219],[-6,-190],[17,-130],[6,-145],[70,-227],[6,-175],[-105,-391],[-76,-260],[-152,-201],[-250,-227],[-292,-56],[-181,82],[-87,112],[-134,126],[-135,60],[-227,59],[-292,15],[-321,-108],[-157,-126],[-117,-197],[-46,-216],[-18,-86],[0,-178],[41,-153],[122,-219],[-46,-160],[-12,-112],[-163,-149],[-339,-37],[-227,-56],[-169,41],[-245,56],[-251,-33],[-332,-78],[-152,-8],[-239,0],[-321,-30],[-414,-29],[-228,-41],[-151,-86],[23,-179],[233,-133],[210,-93],[333,-160],[163,-101],[-47,-178],[-204,-53],[-303,-14],[-473,-19],[-414,-30],[-291,4],[-263,-26],[-327,-52],[-279,-86],[-298,-156],[-105,-100],[53,-172],[186,-85],[222,-48],[192,-49],[339,-130],[245,-93],[192,-82],[123,-175],[-82,-145],[-128,-119],[-170,-85],[-186,-67],[-187,-82],[-262,-60],[-239,71],[-135,63],[-309,78],[-216,-74],[-35,-179],[12,-156],[82,-167],[122,-108],[164,-227],[29,-160],[-82,-164],[-152,-74],[-285,-26],[-210,63],[-135,41],[-245,59],[-175,30],[-198,-115],[-134,-279],[12,-123],[140,-149],[93,-108],[192,-193],[100,-123],[35,-156],[-53,-104],[-163,-116],[-315,-100],[-169,-75],[-205,-122],[-326,-45],[-216,45],[-222,67],[-105,78],[-140,111],[-180,134],[-140,67],[-257,93],[-222,190],[-186,205],[-53,85],[41,156],[169,60],[193,11],[221,-7],[333,-4],[245,30],[157,67],[-58,223],[-257,123],[-344,82],[-268,7],[-286,-30],[-163,-56],[-199,-111],[-245,-75],[-210,-22],[-286,0],[-192,30],[-251,4],[-122,-56],[-339,-49],[-216,79],[-186,18],[-263,89],[-180,175],[-175,86],[-76,89],[-344,15],[-257,-93],[-268,-89],[-205,-157],[-11,-230],[-59,-182],[-198,3],[-297,34],[-240,52],[-291,93],[-257,82],[-163,67],[-169,96],[-234,160],[-105,86],[-116,152],[-41,112],[-35,160],[-123,193],[-285,-7],[-193,-82],[-163,-178],[-6,-164],[-23,-231],[-41,-163],[-64,-190],[-18,-164],[-35,-227],[-52,-149],[-257,-148],[-263,29],[-204,52],[-245,52],[-309,12],[-321,78],[-180,126],[-205,78],[-239,97],[-245,75],[-175,44],[-221,26],[-280,-18],[-140,-41],[-205,-90],[-233,-145],[-146,-171],[-35,-130],[82,-216],[47,-171],[93,-197],[181,-115],[122,-101],[-105,-160],[-198,-149],[-93,-59],[-199,-104],[-251,-112],[-332,41],[-128,104],[-321,97],[-152,67],[-210,115],[-122,101],[-140,141],[-94,108],[-93,156],[-111,160],[-356,-15],[-268,-152],[-216,-123],[-315,-48],[-373,3],[-228,-3],[-140,-108],[12,-238],[0,-160],[-146,-112],[-215,-60],[-164,-14],[-274,3],[-233,15],[-199,26],[-344,15],[-216,-7],[-192,-15],[-193,-49],[-204,-26],[-221,-55],[-251,-120],[-257,-59],[-163,-89],[-146,-49],[-158,-122],[-169,-101],[-134,-67],[-186,-123],[-304,-145],[-210,-89],[-350,-197],[-315,-97],[-186,22],[-175,38],[-286,70],[-339,19],[-326,-11],[-181,-15],[-210,-89],[-47,-97],[-210,-171],[-239,-41],[-245,-119],[-221,-30],[-286,19],[-304,-23],[-198,-63],[-653,-290],[-239,-26],[-333,11],[-309,11],[-192,-7],[-245,-60],[-158,-67],[-362,-204],[-484,-317],[-309,-197],[-303,-238],[-251,-294],[-344,-413],[-164,-119],[-285,-71],[-193,-11],[-315,4],[-245,-4],[-239,-29],[-163,-64],[-228,-134],[-175,-126],[-326,-246],[-286,-156],[-374,-156],[-350,-164],[-35,-22],[-350,-175],[-75,-205],[169,-167],[76,-171],[0,-138],[-65,-164],[-204,-353],[-151,-149],[-158,-141],[-245,-156],[-245,-49],[-99,-85],[-29,-153],[-18,-119],[-70,-167],[-105,-112],[-169,-186],[-146,-100],[-145,-49],[-240,-70],[-233,-101],[-1703,-878],[-694,-271],[-391,-183],[-303,-85],[-117,-127],[6,-178],[6,-235],[-30,-137],[-116,-157],[-263,-152],[-233,-97],[-216,-93],[-222,-97],[-198,-41],[-338,-3],[-239,-8],[-286,-15],[-210,-104],[-210,-108],[-93,-108],[-111,-156],[-117,-178],[-140,-127],[-245,-89],[-268,-63],[-327,0],[-362,26],[-297,44],[-414,78],[-298,56],[-250,0],[-175,-30],[-228,-96],[-227,-171],[-345,-175],[-239,-82],[-1849,-781],[-23,-15],[-233,-168],[-193,-201],[-76,-215],[-52,-264],[-82,-138],[-128,-141],[-199,-90],[-221,-48],[-519,-153],[-181,-78],[-403,-178],[-501,-328],[-24,-15],[-455,-409],[-565,-350]]],"bbox":[97.74236,15.17995,99.45673,17.86792],"transform":{"scale":[0.0000017143717143717026,0.00000268797268797269],"translate":[97.74236,15.17995]}}