{"type":"Topology","objects":{"districts":{"type":"GeometryCollection","geometries":[{"type":"Polygon","arcs":[[0,1,2,3,4,5]],"properties":{"CODE":"6601","PARENT":"66","NAME_TH":"เมืองพิจิตร","NAME_EN":"Mueang Phichit","NAME_CN":"Mueang Phichit","COLOR_IDX":0}},{"type":"Polygon","arcs":[[6,7,8,-2,9]],"properties":{"CODE":"6602","PARENT":"66","NAME_TH":"วังทรายพูน","NAME_EN":"Wang Sai Phun","NAME_CN":"Wang Sai Phun","COLOR_IDX":2}},{"type":"Polygon","arcs":[[10,11,12,13,-4]],"properties":{"CODE":"6603","PARENT":"66","NAME_TH":"โพธิ์ประทับช้าง","NAME_EN":"Pho Prathap Chang","NAME_CN":"Pho Prathap Chang","COLOR_IDX":1}},{"type":"Polygon","arcs":[[-9,14,15,16,17,-11,-3]],"properties":{"CODE":"6604","PARENT":"66","NAME_TH":"ตะพานหิน","NAME_EN":"Taphan Hin","NAME_CN":"Taphan Hin","COLOR_IDX":3}},{"type":"Polygon","arcs":[[18,19,20,21,-16]],"properties":{"CODE":"6605","PARENT":"66","NAME_TH":"บางมูลนาก","NAME_EN":"Bang Mun Nak","NAME_CN":"Bang Mun Nak","COLOR_IDX":0}},{"type":"Polygon","arcs":[[-17,-22,22,23]],"properties":{"CODE":"6606","PARENT":"66","NAME_TH":"โพทะเล","NAME_EN":"Pho Thale","NAME_CN":"Pho Thale","COLOR_IDX":1}},{"type":"Polygon","arcs":[[-5,-14,24,25,26]],"properties":{"CODE":"6607","PARENT":"66","NAME_TH":"สามง่าม","NAME_EN":"Sam Ngam","NAME_CN":"Sam Ngam","COLOR_IDX":2}},{"type":"Polygon","arcs":[[27,-19,-15,-8,28]],"properties":{"CODE":"6608","PARENT":"66","NAME_TH":"ทับคล้อ","NAME_EN":"Tap Khlo","NAME_CN":"Tap Khlo","COLOR_IDX":1}},{"type":"Polygon","arcs":[[-10,-1,29]],"properties":{"CODE":"6609","PARENT":"66","NAME_TH":"สากเหล็ก","NAME_EN":"Sak Lek","NAME_CN":"Sak Lek","COLOR_IDX":1}},{"type":"Polygon","arcs":[[-18,-24,30,-12]],"properties":{"CODE":"6610","PARENT":"66","NAME_TH":"บึงนาราง","NAME_EN":"Bueng Na Rang","NAME_CN":"Bueng Na Rang","COLOR_IDX":2}},{"type":"Polygon","arcs":[[31,-20,-28]],"properties":{"CODE":"6611","PARENT":"66","NAME_TH":"ดงเจริญ","NAME_EN":"Dong Charoen","NAME_CN":"Dong Charoen","COLOR_IDX":2}},{"type":"Polygon","arcs":[[-26,32]],"properties":{"CODE":"6612","PARENT":"66","NAME_TH":"วชิรบารมี","NAME_EN":"Wachirabarami","NAME_CN":"Wachirabarami","COLOR_IDX":0}}]}},"arcs":[[[552686,821312],[-8779,-9483],[-258,-290],[-4046,-4362],[-515,-359],[-331,359],[-306,304],[-540,179],[-282,193],[-601,-303],[-233,-621],[-404,-691],[-160,-469],[295,-745],[380,-635],[-74,-566],[-49,-359],[-441,-635],[-454,-221],[-257,-538],[61,-442],[-319,-483],[-454,-442],[-367,-290],[-417,-165],[-368,-442],[-123,-525],[-171,-414],[-246,-538],[-343,-166],[-478,-152],[-307,-165],[-650,-290],[-416,-152],[-638,-483],[-319,-248],[-466,-635],[-318,-346],[-442,-262],[-245,-524],[-74,-497],[-159,-690],[-540,-28],[-355,-55],[-160,-677],[-404,-662],[-343,-235],[-393,-538],[-282,-249],[-466,-331],[-233,-455],[0,-470],[25,-580],[0,-828],[-221,-552],[-135,-483],[307,-387],[576,-110],[307,-663],[-86,-358],[-86,-635],[-49,-456],[-135,-552],[-380,-580],[-552,-497],[-503,-165],[-441,-539],[98,-648],[221,-456],[196,-359],[86,-635],[-25,-497],[13,-731],[-99,-483],[-245,-346],[-453,-234],[-393,-207],[-441,-194],[-307,-193],[-86,-690],[-24,-428],[98,-635],[-110,-800],[-258,-456],[-110,-801],[49,-621],[-110,-455],[85,-635],[295,-276],[331,-276],[-49,-663],[-221,-635],[-233,-566],[-282,-787],[49,-566],[208,-441],[270,-442],[307,-690],[269,-373],[344,-331],[502,-345],[-110,-594],[-343,-455],[-417,-621],[-98,-166],[-307,-621],[-294,-635],[-86,-608],[184,-635],[135,-386],[-25,-594],[-294,-303],[-417,-69],[-539,-373],[-172,-428],[86,-593],[245,-525],[49,-428],[-441,-718],[-258,-469],[-73,-663],[625,-414],[515,-96],[258,-497],[85,-414],[62,-470],[147,-552],[86,-386],[-62,-663],[98,-483],[37,-801],[135,-428],[258,-427],[282,-373],[98,-773],[-258,-690],[-159,-580],[-233,-511],[73,-400],[25,-538],[-159,-401],[-123,-566],[86,-331],[221,-594],[-172,-469],[-111,-414],[-12,-801],[184,-427],[454,-553],[380,-455],[-147,-787],[257,-483],[37,-483],[258,-621],[453,-401],[368,-455],[258,-442],[98,-497],[-148,-414],[148,-704],[453,-262],[601,-525],[491,-165],[343,124],[539,-193],[626,-69],[269,-594],[74,-732],[-405,-579],[13,-539],[441,-372],[86,-318],[-61,-745],[183,-456],[160,-414]],[[528838,730222],[-724,0],[-980,-14],[-528,0],[-588,-331],[-1141,-179],[-73,-97],[294,-2126],[61,-303],[-404,-622],[-540,-41],[-576,-221],[-355,-179],[-454,-552],[-12,-497],[-13,-787],[-135,-718],[86,-635],[270,-538],[282,-552],[356,-691],[367,-469],[417,-511],[233,-289],[405,-484],[454,-538],[331,-317],[613,-359],[490,-249],[368,-593],[86,-746],[73,-414],[172,-497],[25,-428],[12,-566],[-86,-400],[-208,-607],[-614,-497],[-367,-635],[-282,-511],[-295,-511],[-282,-345],[-208,-538],[-123,-718],[-122,-469],[-258,-580],[-147,-442],[-368,-704],[-98,-635],[74,-303],[-184,-677],[-1815,-552],[-809,-303],[-221,-111],[-1128,-718],[-674,-469],[-270,-317],[110,-1339],[-490,-622],[-368,-704],[-515,-1076],[-478,-815],[-601,-1339],[-392,-717],[-393,-566],[-416,-83],[-393,96],[-380,56],[-503,-111],[-416,-303],[-307,-525],[-441,-442],[110,-800],[490,-345],[736,110],[343,207],[368,166],[540,207],[527,-138],[834,-663],[637,-317],[147,-732],[282,-524],[540,0],[319,13],[355,-552],[49,-745],[331,-1850],[-515,-538],[810,-1022],[404,-538],[540,262],[184,194],[429,593],[699,235],[478,-331],[564,-484],[490,-331],[589,-400],[723,-442],[528,-97],[490,111],[552,-152],[380,-524],[674,-97],[760,27],[822,622],[858,579],[196,42],[1116,-55],[1055,27],[662,345],[944,1160],[331,234],[2795,1160],[4316,1767],[4598,1891],[2048,1808],[4218,3713],[159,125],[724,1532],[343,828],[466,1325],[429,83],[723,-97],[871,-69],[294,83],[957,925],[147,83],[944,345],[1275,442],[490,-276],[1018,207],[2281,469],[135,0],[895,-42],[73,0],[1839,401],[344,41],[2660,207],[883,55],[1042,42],[111,0],[723,-138],[1055,-180],[748,221],[588,28],[895,41],[111,-27],[686,-387],[98,-14],[2085,166],[515,-83],[1238,318],[2489,828],[687,152],[257,0],[1153,-180],[220,14],[1741,456],[160,-83],[319,-1118],[269,-1408],[135,-677],[160,-165],[650,110],[1655,428],[772,-14],[429,-165],[761,-180],[600,-41],[1962,-111],[86,746],[1140,13],[1288,-13],[1876,69],[392,14],[466,414],[356,41],[478,-138],[478,-525],[454,-441],[269,-345],[748,-138],[454,-56],[478,-110],[466,41],[760,56],[638,69],[441,82],[613,207],[221,-496],[86,-428],[-86,-787],[-74,-732],[-98,-773],[147,-593],[0,-263],[13,-690],[12,-510],[24,-953],[-24,-773],[110,-759],[135,-580],[-98,-511],[307,-566],[98,-552],[613,-138],[735,-303],[785,-111],[564,-483],[442,-248],[466,-346],[392,-303],[723,-124],[564,82],[307,-179],[539,152],[724,193],[233,-428],[122,-511],[540,-124],[502,-152],[614,-317],[539,221],[270,524],[147,594],[515,-124],[687,-180],[625,-124],[172,179],[895,-165],[220,-14],[638,14],[601,-56],[1005,-276],[1165,-262],[601,-110],[748,-194],[2047,-565],[4721,-2333],[4402,-2457],[1974,-1105],[882,-510],[3581,-2085],[-37,-759],[-147,-511],[-282,-1035],[-135,-1670],[355,-469],[491,0],[429,-511],[417,-732],[221,-359],[551,-220],[344,-70],[441,-41],[613,55],[442,276],[637,263],[294,-801],[491,-400],[515,-166],[564,55],[429,-179],[257,-456],[601,42],[282,400],[650,-925],[417,-842],[674,-1698],[945,-2526],[-270,-8199],[674,-414],[540,-304],[184,-386],[527,-428],[515,566],[0,579],[466,580],[478,42],[417,165],[490,635],[540,-372],[368,-359],[429,-138],[-49,-2361],[-37,-1849],[-25,-1215],[-49,-1270],[-24,-428],[-25,-814],[-12,-1091],[-25,-745],[246,-166],[2636,-359],[453,-69],[1349,-179],[515,-42],[785,-27],[1005,-221],[49,-42],[98,-1118],[135,-1463],[49,-27],[1141,220],[1079,263],[98,-194],[490,-1684],[25,-69],[1250,-4196],[-61,-97],[-1569,-345],[-1337,-414],[37,-345],[392,-1946],[319,-1601],[368,-1712],[172,-787],[-368,-662],[49,-373],[184,-1546],[86,-704],[85,-718],[-24,-649],[-675,56],[-404,-152],[-1521,-1560],[-564,-456],[-1226,-855],[-245,-387],[-233,-676],[-699,-290],[-1410,-180],[-601,-110],[-1275,110],[-1042,304],[-883,414],[-601,42],[-318,-14],[-589,-152],[-699,-262],[-883,-442],[-2317,-939],[-503,-138],[-588,-55],[-466,55],[-478,221],[-748,483],[-1619,801],[-601,179],[-956,263],[-895,179],[-993,207],[-1165,138],[-282,124],[-2489,2333],[-392,221],[-638,262],[-221,83],[-1066,359],[-393,97],[-613,83],[-601,207],[-588,220],[-515,194],[196,828],[-417,235],[-294,124],[-392,359],[-797,414],[-295,138],[-490,152],[-822,276],[-588,262],[-748,359],[-797,400],[-3556,1822],[-490,166],[-809,-152],[-430,-14],[-1483,69],[-908,69],[-196,28],[-1066,290],[-1030,221],[-1227,-414],[-3948,-1160],[-2660,-787],[-1643,-745],[-3200,-1946],[-2514,-5660],[-895,-1256],[-1680,-2347],[-172,-248],[-490,-911],[-147,-276],[-1153,-2278],[-135,-234],[-380,-1008],[-73,-552],[-111,-677],[-73,-441],[-123,-884],[-147,-814],[-110,-525],[-123,-593],[-208,-953],[-135,-524],[-135,-552],[-429,-732],[-650,97],[-564,69],[-490,27],[-368,-14],[-528,-13],[-564,-304],[-257,-331],[-552,-359],[-503,-221],[-564,-318],[-429,-289],[319,-787],[319,-773],[172,-414],[245,-622],[294,-690],[319,-704],[257,-566],[270,-648],[172,-387],[380,-635],[270,-469],[196,-414],[245,-566],[233,-525],[159,-580],[-367,-483],[-319,-441],[-417,-497],[-282,-470],[-123,-828],[245,-386],[405,-373],[-294,-745],[-368,-290],[-319,-566],[307,-718],[-319,-359],[-221,-414],[-343,-428],[-282,-138],[-515,-152],[61,-1518],[49,-663],[245,-2319],[74,-869],[-37,-580],[74,-345],[1091,-1905],[0,-124],[-270,-842],[-12,-663],[-12,-814],[12,-1132],[-12,-1312],[24,-1587],[25,-718],[122,-483],[258,-497],[196,-442],[209,-621],[748,125],[441,303],[539,276],[528,97],[429,83],[392,14],[675,-42],[564,0],[355,-290],[172,-441],[392,-635],[442,-304],[637,-290],[625,179],[430,14],[735,14],[503,41],[331,97],[834,345],[294,-14],[466,-345],[86,-1463],[61,-593],[61,-608],[37,-635],[86,-690],[74,-690],[-270,-815],[-307,-731],[-269,-663],[-638,-1532],[-258,-662],[-232,-608],[-515,-386],[-99,-1118],[25,-608],[-123,-994],[148,-524],[-282,-649],[-197,-566],[-147,-331],[-282,-621],[-441,-1105],[-527,14],[-528,-1532],[-662,-2001],[-466,-1326],[-147,-538],[-49,-524],[613,-304],[454,-207],[576,-373],[466,111],[503,-484],[331,-662],[331,27],[454,290],[625,14],[478,-511],[552,69],[270,-317],[441,-69],[527,-42],[601,-289],[405,-290],[429,-97],[453,-28],[380,42],[344,-414],[233,-387],[368,-538],[466,-2609],[134,-3575],[-24,-704],[-454,-525],[-2011,-16053],[-490,-3962],[-25,-1007],[160,-911],[233,-829],[613,-993],[1888,-2747]],[[610056,512430],[-1974,-980],[-1177,-760],[-1275,-704],[-442,-41],[-404,0],[-944,-55],[-675,-14],[-1128,-69],[-1201,-28],[-1092,-13],[-1103,-42],[-858,-110],[-994,-138],[-1667,-290],[-417,-138],[-2011,-677],[-735,-220],[-148,-111],[-1336,-166],[-3458,-345],[-1348,-13],[-859,13],[-956,-55],[-221,-14],[-1827,-303],[-2599,-594],[-699,-166],[-270,373],[-306,621],[-638,-13],[-1802,-42],[-1092,-14],[-24,1463],[-638,139],[0,717],[-24,939],[-49,41],[-1631,180],[-110,0],[-1312,110],[-2281,166],[-49,110],[12,1091],[37,828],[0,69],[61,1546],[-551,566],[-981,345],[-515,166],[-221,124],[-478,345],[-871,497],[-478,304],[-245,124],[-576,221],[-344,234],[-527,304],[-735,262],[-601,387],[-601,511],[-662,676],[-478,524],[-552,525],[-552,607],[-306,318],[-295,262],[-613,469],[-502,263],[-503,179],[-454,166],[-453,152],[-736,248],[-491,193],[-772,235],[-331,110],[-1079,456],[-466,248],[-711,345],[-748,304],[-442,207],[-429,207],[-515,332],[-515,138],[-698,262],[49,800],[61,470],[12,718],[-1226,-56],[-1815,-717],[-1275,-111],[-748,-69],[-220,124],[-111,939],[-61,870],[12,1352],[-490,-165],[-344,-55],[-1741,0],[-429,0],[-1496,-42],[-1986,-110],[-1974,-180],[-944,2043],[-2943,-897],[-1324,635],[-1030,262],[-405,55],[-453,-165],[-356,-373],[-184,-359],[-601,-1215],[-1471,-2263],[601,-2692],[196,-773],[-12,-359],[-393,-2126],[-159,-676],[-527,-483],[-1680,-2043],[-1459,-4072],[-282,-166],[-1619,-1035],[-515,-331],[-294,-194],[-478,-303],[-380,-235],[-405,-276],[-73,-676],[343,-415],[159,-345],[246,-621],[269,-441],[111,-456],[12,-594],[98,-400],[282,-455],[356,-332],[588,-248],[675,-345],[416,-318],[564,-345],[552,-469],[86,-469],[49,-484],[-12,-414],[-552,-345],[-429,55],[-613,166],[-564,111],[-392,55],[-614,-235],[-294,-276],[-453,-331],[-332,-194],[-502,-427],[-564,-787],[-405,-525],[-368,-676],[-135,-538],[-49,-428],[49,-539],[258,-331],[405,-248],[527,-208],[294,-800],[-331,-483],[-687,-332],[-392,14],[-490,180],[-491,331],[-1128,-663],[-846,-1131],[-2587,-4887],[-1373,-2209],[-920,-1753],[-539,-1325],[-270,-800],[-86,-677],[-98,-1490],[-245,-3410],[220,-828],[-17975,-1284],[-514,14],[-258,469],[-527,-27],[-564,-207],[-515,-194],[-1521,-441],[-1005,-442],[-527,-180],[-675,42],[-919,345],[-1042,276],[-712,83],[-747,-28],[-258,-14],[-552,138],[-1361,428],[-1128,373],[-956,304],[-1067,303],[-478,-1325],[61,-800],[-110,-456],[-110,-635],[-270,-1394],[-111,-1159],[-159,-1491],[-270,-2540],[-171,-373],[-528,-138],[-711,-221],[-993,-386],[-343,-152],[-687,-276],[-1116,-469],[-637,-470],[-307,42],[-551,13],[-393,-96],[-870,-677],[-626,-510],[-24,-28],[-736,-1021],[-270,-373],[-257,-718],[123,-607],[147,-663],[110,-566],[25,-428],[122,-621],[-37,-552],[307,-773],[294,-262],[147,-511],[258,-773],[0,-759],[208,-469],[196,-829],[184,-538],[-147,-442],[184,-717],[270,-221],[24,-704],[-4328,359],[-2464,234],[-37,14],[-1116,207],[-797,69],[-503,249],[-269,814],[-233,538],[-160,235],[-466,428],[-441,331],[-392,318],[-552,441],[-576,428],[-479,207],[-478,125],[-368,138],[-429,276],[-282,221],[-368,317],[-453,566],[-233,469],[-221,373],[-331,304],[-588,83],[-712,-14],[-441,-166],[-270,-207],[-1226,856],[-368,248],[-564,373],[-343,511],[-307,800],[-355,580],[-454,1339],[-270,773],[221,566],[245,455],[307,925],[12,56],[282,814],[86,483],[-37,497],[-37,607],[-12,428],[25,580],[61,690],[135,856],[-160,580],[123,731],[-12,442],[12,773],[110,676],[74,635],[270,553],[355,496],[1018,1326],[282,289],[392,152],[246,387],[220,359],[478,718],[-2415,1242],[-74,-28],[-919,-1560],[-160,-151],[-748,483],[-232,-111],[-491,-193],[-503,262],[-662,318],[-392,-787],[-662,14],[-1079,552],[-1766,870],[-723,386],[-10729,2195],[-2047,303],[-9797,2319],[-319,-27],[-699,-55],[-784,-42],[-589,-469],[-1520,-704],[-307,-138],[-490,-138],[-589,27],[-1030,14],[-233,14],[-1128,-97],[-1545,-138],[-1618,-55],[-209,483],[-49,483],[-73,691],[-270,469],[-245,248],[-368,470],[-1079,662],[-834,401]],[[400561,488467],[503,2622],[1349,3299],[-466,276],[551,2430],[479,414],[417,607],[98,677],[-62,856],[86,634],[-294,801],[-111,442],[-147,483],[-184,607],[-306,442],[-1018,1574],[650,386],[687,663],[564,828],[1434,2291],[1239,1933],[1863,2857],[1901,2926],[1508,2264],[294,539],[98,358],[74,677],[-86,566],[-233,552],[-1937,4017],[37,276],[1446,400],[8215,2250],[479,3686],[8215,5921],[367,207],[0,608],[-24,1007],[0,1146],[37,649],[-356,566],[-736,911],[-12,69],[-834,4555],[-208,3175],[25,3851],[-148,1298],[-318,2719],[-466,3644],[-1067,2609],[-1312,2291],[-490,718],[-2158,1601],[-1521,1008],[-208,193],[-527,635],[-160,1146],[-736,2498],[-122,401],[-98,497],[-135,1642],[-98,1657],[-12,1670],[-13,801],[-61,524],[-270,635],[-748,1118],[-1655,2706],[-343,566],[-258,483],[-196,510],[-257,911],[-221,1036],[-147,414],[-331,704],[-552,938],[-503,801],[-270,442],[-343,773],[-147,607],[-37,373],[37,704],[98,1353],[258,800],[196,566],[86,594],[73,828],[-147,676],[-172,414],[-686,1174],[-172,276],[-392,497],[-491,524],[-650,387],[-797,414],[-380,221],[-416,345],[-332,193],[-662,193],[-441,42],[-822,124],[-429,14],[-490,-42],[-380,-41],[-662,-83],[-650,-41],[-576,27],[-356,28],[-466,41],[-503,55],[-429,42],[-564,14],[-625,-28],[-503,0],[-772,14],[-601,14],[-1018,27],[-417,28],[-380,55],[-723,69],[-589,124],[-576,152],[-564,193],[-540,180],[-343,97],[-503,41],[-686,69],[-417,14],[-368,-42],[-748,-69],[-821,-55],[-748,-55],[-626,-14],[-1177,97],[-588,55],[-540,28],[-772,-83],[-1214,-138],[-2305,-97],[-5824,41],[-7148,249],[-74,14],[-2415,152],[-1987,276],[-147,386],[-8472,-4293],[-282,884],[-74,717],[-74,1257],[515,1628],[-49,829],[-196,441],[-478,525],[-282,165],[-1054,511],[-491,221],[-895,235],[-490,290],[-258,400],[-233,690],[-184,828],[-270,1049],[-232,815],[-111,593],[12,525],[258,538],[699,663],[220,248],[233,511],[62,400],[-25,649],[-86,414],[86,704],[331,235],[491,428],[257,303],[417,773],[282,497],[37,621],[-392,442],[-13,815],[-12,676],[12,594],[-86,386],[-465,511],[-442,676],[-221,538],[-49,470],[503,676],[319,525],[135,607],[12,538],[61,566],[147,483],[246,470],[429,511],[453,441],[638,649],[245,373],[221,455],[98,497],[12,400],[0,553],[-85,621],[-258,759],[-270,566],[-490,662],[-331,304],[-331,690],[-13,497],[184,870],[-85,455],[85,525],[135,828],[-24,442],[0,607],[12,801],[-172,773],[-490,662],[-711,925],[-478,539],[-258,455],[-221,525],[-220,510],[-626,373],[-3359,442],[-687,96],[-699,56],[-502,-69],[-761,-152],[-821,-1256],[-650,-1049],[-539,-718],[-675,-801],[-883,-952],[-1397,-1463],[-945,-994],[-2010,-497],[-969,-180],[-1533,-345],[-478,-69],[-466,28],[-392,152],[-343,331],[-221,304],[-576,938],[-969,1684],[-441,677],[-430,345],[-748,0],[-760,-263],[-466,-110],[-711,-41],[-588,55],[-540,165],[-674,318],[-393,207],[-416,304],[-221,221],[-368,427],[-405,622],[-416,773],[-381,814],[-184,442],[-171,607],[-111,428],[-49,801],[-61,469],[-208,580],[-221,345],[-638,428],[-466,-14],[-465,-304],[-1239,-1270],[-539,-428],[-405,-220],[-478,-111],[-319,83],[-355,359],[-209,787],[-12,455],[24,428],[147,718],[148,414],[-37,732],[-417,538],[-552,290],[-380,83],[-1140,110],[-307,41],[-1030,97],[-625,97],[-552,138],[-1532,566],[-2833,828],[-1655,635],[-1275,580],[-785,13],[-785,-82],[-380,13],[-613,263],[-404,690],[-49,441],[61,470],[208,676],[307,870],[73,442],[-61,552],[-135,414],[-331,414],[-392,193],[-2771,469]],[[296991,664572],[184,539],[184,428],[269,372],[1239,1091],[650,621],[1839,1767],[1692,2347],[2146,4734],[870,1726],[2011,2029],[-37,759],[-233,497],[-233,773],[-233,621],[-429,621],[-821,746],[-86,151],[-245,870],[-172,538],[-368,387],[-368,152],[-527,290],[-282,704],[12,828],[13,524],[-62,373],[-270,442],[-85,414],[-49,649],[-13,773],[111,483],[208,455],[123,649],[-540,552],[-319,304],[-294,386],[-613,332],[-613,289],[-319,166],[-417,193],[-613,166],[-478,-110],[-637,317],[-148,552],[197,690],[-380,691],[-332,248],[-331,607],[-98,428],[-73,621],[-307,663],[-110,566],[135,524],[502,373],[393,221],[282,538],[331,732],[454,497],[441,207],[380,14],[601,-207],[625,-249],[368,-124],[429,-14],[527,345],[429,580],[430,359],[699,442],[662,414],[343,248],[564,262],[552,180],[417,235],[466,248],[269,166],[1925,1311],[442,207],[1152,483],[417,-55],[466,-538],[221,-332],[441,-290],[515,-110],[380,-28],[466,277],[392,621],[295,455],[343,677],[221,497],[502,607],[405,290],[589,510],[490,484],[650,497],[306,345],[233,828],[-49,428],[-122,566],[-98,648],[-62,511],[49,400],[-49,649],[86,718],[258,414],[220,331],[344,553],[294,289],[503,-69],[245,-220],[441,-622],[246,-427],[441,-539],[245,-193],[454,-290],[441,-138],[454,55],[564,249],[306,165],[405,318],[356,290],[367,386],[479,124],[576,-165],[797,-428],[723,-111],[331,249],[344,580],[208,428],[319,469],[441,745],[270,470],[331,524],[319,566],[319,428],[245,428],[12,414],[-110,566],[-233,304],[-442,441],[-355,345],[-331,304],[-184,649],[24,345],[123,331],[356,580],[441,276],[319,359],[233,469],[306,304],[282,373],[270,579],[135,346],[135,524],[12,387],[-110,717],[-319,1574],[0,511],[159,579],[429,332],[332,96],[515,69],[465,56],[528,220],[404,318],[307,704],[-49,593],[-25,428],[0,773],[-122,456],[-282,745],[-319,635],[-294,608],[-184,303],[-380,594],[-221,317],[-356,759],[-110,663],[37,428],[24,524],[98,608],[98,511],[135,662],[13,442],[-25,455],[-25,649],[-24,359],[-147,538],[-123,387],[-159,566],[-294,718],[-233,469],[-184,386],[-417,691],[-380,331],[-442,290],[-380,290],[-331,276],[-331,207],[-576,331],[-638,428],[-417,331],[-269,263],[-405,483],[-245,400],[-221,345],[-233,373],[-270,441],[-257,290],[-540,345],[-355,290],[-294,249],[-356,290],[-417,317],[-637,469],[-454,663],[24,580],[147,441],[246,718],[135,345],[441,939],[172,373],[245,524],[270,442],[184,373],[171,593],[98,456],[135,690],[98,469],[111,539],[134,524],[197,428],[282,801],[233,635],[85,400],[13,524],[-25,829],[-37,828],[0,497],[74,538],[135,359],[208,814],[160,484],[220,634],[13,580],[147,428],[-37,815],[-159,400],[-111,552],[-37,621],[-85,663],[-233,704],[0,773],[122,1035],[74,345],[355,525],[368,220],[613,125],[442,-42],[588,-138],[748,-138],[491,0],[331,55],[429,235],[515,552],[122,594],[-220,593],[-307,773],[-147,359],[-221,470],[-294,372],[-588,401],[-515,248],[-491,442],[-319,372],[-269,249],[-356,276],[-307,262],[-220,649],[-209,400],[-196,580],[-24,469],[576,566],[527,235],[478,345],[503,469],[307,180],[269,442],[13,607],[-589,566],[-490,386],[-515,235],[-405,262],[-441,594],[-172,442],[0,607],[123,524],[12,359],[-74,580],[0,690],[49,428],[147,538],[-576,497],[-392,-234],[-626,-97],[-220,580],[-12,580],[-74,538],[-98,483],[-172,621],[-282,663],[-319,566],[-502,759],[-699,952],[-1668,2361],[-1471,2029],[-527,759],[-577,801],[-392,566],[-429,469],[-552,497],[-588,386],[-331,166],[-454,180],[-466,124],[-687,110],[-539,83],[-429,83],[-515,152],[-466,179],[-454,262],[-490,345],[-442,387],[-380,428],[-429,607],[-907,1450],[-822,1352],[-135,276],[-294,691],[-147,566],[-86,469],[-73,580],[12,676],[12,690],[209,2581],[171,2430],[294,3423],[135,1795],[25,400],[110,1435],[62,1215]],[[309277,835695],[944,-290],[748,-207],[380,-55],[637,-55],[687,-83],[736,-69],[478,-41],[551,-56],[650,-96],[687,-42],[576,14],[601,42],[490,41],[381,69],[588,124],[589,262],[294,125],[441,179],[466,97],[613,-55],[662,-69],[515,-111],[430,-83],[355,-110],[760,-55],[503,152],[319,262],[417,662],[429,111],[601,-14],[355,14],[626,110],[478,166],[318,138],[442,235],[846,441],[515,-179],[417,-249],[539,-193],[540,-124],[723,-14],[711,97],[564,138],[687,290],[576,386],[577,580],[453,607],[442,718],[147,248],[699,1588],[196,345],[306,511],[932,1366],[233,332],[503,690],[478,566],[270,248],[637,483],[589,359],[503,262],[539,263],[687,207],[453,83],[2109,-42],[638,-83],[834,-96],[4389,-1325],[1128,-553],[1153,-566],[674,-331],[650,-373],[184,-110],[1201,-773],[123,-69],[907,-538],[172,-97],[564,-345],[540,-304],[600,-262],[233,-97],[908,-276],[1250,-372],[4108,-1105],[4745,-814],[159,-28],[503,-55],[3249,-345],[442,-138],[466,-248],[257,-125],[809,-386],[454,-235],[319,-179],[453,-249],[564,-290],[417,-165],[491,-166],[380,-124],[588,-221],[834,-318],[429,401],[2808,-1022],[1606,-566],[3752,-621],[1827,-331],[3752,-690],[135,-28],[3421,-497],[2599,-800],[4243,-829],[2366,-345],[2624,-248],[1680,-497],[968,-97],[626,14],[1177,290],[588,290],[1619,1215],[466,289],[355,194],[442,165],[453,263],[356,469],[282,635],[355,41],[724,180],[478,510],[441,221],[307,83],[405,483],[416,207],[614,-27],[392,-111],[368,-207],[1422,-814],[1680,-939],[576,-483],[147,-304],[809,-635],[687,373],[172,124],[895,677],[270,248],[134,594],[172,662],[674,414],[417,111],[442,-28],[355,-27],[528,179],[404,428],[491,469],[294,276],[319,276],[625,332],[405,331],[539,373],[527,179],[589,14],[405,-97],[478,-55],[772,97],[503,124],[466,55],[735,14],[442,414],[208,718],[-159,842],[257,110],[552,125],[209,69],[735,372],[1668,842],[1299,456],[3801,221],[1729,207],[1349,441],[797,373],[527,235],[3286,1132],[4071,1145],[503,138],[355,235],[429,235],[662,345],[5493,4003],[2943,3078],[3495,2650],[134,83],[3470,1712],[3041,1215],[-588,441],[-601,249],[-258,14],[-858,-56],[-478,42],[-380,165],[-478,332],[-871,648],[-319,56],[-1103,-497],[-577,0],[-306,290],[-159,455],[-491,525],[-527,386],[-466,428],[-294,387],[-49,455],[12,497],[294,676],[294,373],[761,607],[122,83],[797,387],[527,469],[528,718],[662,386],[588,83],[626,235],[441,138],[319,96],[478,0],[674,-358],[344,-263],[466,-207],[478,-138],[1079,-248],[404,-14],[503,276],[564,442],[711,0],[711,-428],[393,-55],[466,13],[1263,290],[564,42],[453,-69],[417,41],[429,207],[895,456],[356,138],[527,165],[564,152],[540,359],[331,469],[294,290],[625,180],[577,-83],[490,14],[711,55],[527,41],[442,180],[306,400],[503,-193],[270,-331],[503,-359],[367,-470],[295,-345],[539,-510],[356,-290],[441,-304],[736,-69],[576,221],[343,-262],[-24,-580],[196,-359],[429,-538],[258,-332],[613,14],[294,-290],[258,-414],[576,-28],[380,-303],[294,-166],[147,-607],[172,-718],[638,-138],[637,-179],[454,-235],[331,-249],[576,-151],[711,-14],[601,-138],[1226,-401],[1263,-662],[1680,-870],[4475,-2167],[1006,-621],[466,-483],[282,-304],[1495,-1587],[319,-332],[0,-510],[564,-525],[454,-14],[368,-13],[613,-83],[453,-83],[295,-594],[245,-676],[478,-193],[589,-221],[588,-69],[417,-207],[1888,-925],[4194,-1091],[3175,-1090],[3225,-1242],[2685,-1850],[1447,-1560],[748,-1146],[1667,-2581],[1128,-3533],[86,-249],[282,-621],[295,-580],[85,-455],[-233,-1160],[-171,-704],[-172,-925],[-122,-593],[-135,-525],[-123,-828],[110,-676],[503,-235],[491,-262],[-736,-3851],[-135,-663],[503,-428],[5922,-2029]],[[716581,739595],[86,-539],[-368,-483],[-380,-855],[258,-470],[637,-110],[797,455],[344,-83],[380,-455],[674,-1118],[270,-249],[147,-566],[-221,-469],[184,-800],[98,-635],[-135,-815],[552,-317],[540,234],[539,42],[527,41],[86,-649],[-453,-414],[134,-745],[650,-318],[503,207],[380,-27],[441,-221],[62,-635],[-25,-359],[282,-580],[405,-428],[282,-455],[-429,-469],[-233,-483],[-111,-649],[-49,-470],[0,-690],[172,-745],[478,-580],[344,-193],[441,-28],[331,-152],[441,-676],[307,-469],[405,-497],[527,-497],[208,-262],[331,-649],[466,-428],[417,-138],[343,-83],[1214,-248],[503,-276],[294,-304],[491,-373],[392,-400],[123,-400],[49,-594],[-25,-317],[-441,-511],[-736,-815],[-527,-593],[-98,-552],[122,-621],[-36,-484],[-135,-662],[98,-470],[319,-800],[404,-373],[417,-41],[417,248],[490,-110],[442,-69],[429,-249],[380,-662],[135,-621],[49,-484],[135,-427],[110,-677],[37,-759],[184,-663],[331,-427],[331,-428],[601,-318],[503,-110],[551,-594],[380,-317],[589,-166],[172,-386],[404,-566],[331,-194],[601,-234],[270,-276],[392,-249],[442,-207],[441,-359],[172,-538],[171,-552],[270,-497],[196,-759],[920,-3741],[784,-3437],[589,-2471],[123,-497],[208,-759],[576,386],[160,594],[588,-83],[478,-331],[-355,-649],[98,-414],[454,-387],[233,-317],[723,14],[490,-622],[233,-538],[479,-124],[490,-124],[392,165],[540,-455],[-159,-690],[-319,-442],[-405,-732],[-343,-207],[-478,-621],[196,-635],[294,-731],[331,-235],[417,-428],[380,-635],[270,-718],[564,-207],[404,28],[491,-483],[552,69],[135,359],[98,524],[625,235],[306,-580],[307,-193],[307,-373],[147,-662],[208,-470],[515,-207],[307,469],[36,718],[491,442],[294,-718],[-257,-303],[502,-539],[466,359],[675,180],[343,-428],[-74,-497],[-184,-428],[454,-428],[969,635],[699,290],[220,441],[-49,635],[270,525],[613,-428],[613,235],[626,469],[478,566],[392,-83],[454,152],[343,676],[37,677],[429,248],[490,-41],[148,-621],[-209,-704],[356,-677],[196,-455],[196,-414],[294,-497],[478,-483],[-1262,-1767],[-761,-1022],[-515,-511],[1043,-966],[417,-386],[416,-318],[307,-207],[1913,-580],[1054,-234],[650,-249],[5567,-6294],[527,124],[539,-41],[356,-111],[588,-262],[638,-207],[699,-262],[515,-249],[392,-165],[466,-83],[650,14],[748,82],[625,56],[883,151],[490,83],[896,235],[380,-207],[466,-152],[367,-386],[148,-594],[171,-704],[74,-373],[49,-566],[49,-483],[233,-552],[723,-870],[1128,-1269],[1202,-1408],[171,-194],[969,-1090],[736,-276],[539,359],[638,690],[711,-1146],[699,-1007],[208,-139],[552,-193],[245,-96],[515,-359],[429,-442],[344,-456],[723,-179],[785,-483],[172,-207],[318,-759],[-12,-373],[-282,-663],[-86,-814],[74,-828],[122,-497],[197,-566],[159,-525],[172,-731],[-331,-815],[-37,-400],[98,-732],[539,-427],[613,-180],[233,-511],[-12,-345],[86,-593],[184,-442],[208,-511],[650,-1076],[-12,-470],[-491,-1491],[-576,-1490],[-196,-483],[-527,-884],[-147,-759],[-123,-580],[-37,-524],[-159,-829],[-86,-593],[-74,-428],[99,-525],[73,-372],[86,-525],[147,-800],[86,-442],[98,-649],[61,-386],[135,-649],[172,-718],[196,-538],[98,-428],[392,-387],[552,-290],[209,-552],[98,-593],[208,-663],[-331,-676],[-932,-1270],[-269,-552],[-295,-428],[-699,-897],[-282,-304],[-1839,-1988],[-331,-359],[-1876,-2181],[-331,-441],[-1716,-2609],[-736,-1118],[-343,-525],[-282,-345],[-1447,-1643],[-319,-317],[-368,-304],[-3372,-2015],[-662,-1463],[356,-221],[478,-635],[135,-525],[110,-358],[172,-511],[-245,-635],[-246,-456],[-98,-786],[-110,-484],[49,-855],[-196,-815],[37,-718],[625,-69],[429,-497],[-417,-441],[135,-773],[-270,-649],[-306,-663],[-393,-400],[-392,-428],[-797,-1159],[-441,-635],[-675,-1174],[-318,-510],[-172,-332],[-307,-1049],[13,-262],[1679,-386],[135,-649],[-257,-483],[-626,-967],[-515,-427],[-564,-235],[-380,-677],[123,-648],[233,-483],[1140,0],[711,110],[405,-787],[319,-676],[993,-2140],[392,-731],[908,-1422],[527,-828],[245,-428],[282,-511],[258,-773],[-2024,-511],[99,-290],[355,-635],[196,-814],[160,-1063],[73,-552],[98,-386],[86,-553],[111,-510],[98,-387],[147,-483],[294,-773],[343,-911],[589,-1836],[257,-580],[-171,-635],[-135,-400],[-221,-386],[-37,-580],[25,-925],[49,-966],[-12,-1173],[36,-539],[62,-566],[122,-773],[184,-1228],[184,-635],[98,-649],[160,-1270],[86,-511],[110,-566],[-184,-4582],[-74,-1988]],[[787512,545227],[-85,-677],[-123,-483],[-208,-538],[-344,-732],[-441,-124],[-454,318],[-392,524],[-368,414],[-625,180],[-564,-14],[-221,414],[12,483],[-686,-27],[-650,-42],[-736,-262],[-123,-580],[-502,-304],[-319,-179],[-368,-331],[-772,0],[-430,110],[-318,387],[-442,13],[-674,111],[-515,-138],[-368,-180],[-245,-358],[-98,-456],[-319,-635],[-466,-386],[-687,96],[-306,-290],[-589,56],[-367,289],[-540,415],[-588,220],[-466,0],[-613,-96],[-454,-263],[-392,125],[-479,69],[-490,152],[-196,-663],[-577,-511],[-478,-579],[-392,-718],[-25,-677],[-233,-276],[-110,-607],[270,-594],[220,-372],[-380,-608],[-416,0],[-442,-359],[-601,-262],[-171,-483],[-466,-317],[-577,-42],[-282,-428],[0,-469],[-233,-759],[-564,124],[-257,373],[-515,55],[-589,-331],[-196,-829],[-233,-566],[-551,-386],[-417,-152],[-368,28],[-736,290],[-674,234],[-405,97],[-478,262],[-748,42],[-785,-208],[-1716,-372],[-711,-345],[-662,138],[-638,110],[-601,345],[-355,276],[-687,138],[-711,97],[-748,41],[-736,-13],[-650,-14],[-649,-14],[-381,14],[-870,-42],[-625,-27],[-614,-442],[-993,-925],[-735,-676],[-969,-870],[-1030,-952],[-981,-911],[-993,-925],[-294,-276],[-638,2264],[-86,41],[-870,-331],[-270,524],[-748,-372],[-1018,-166],[-723,-304],[-368,-580],[-331,-455],[-122,-359],[-466,-290],[-552,-138],[-343,-290],[-307,-248],[-392,-373],[-417,-304],[-417,-179],[-515,-179],[-711,-28],[-380,-566],[-270,-621],[-331,-276],[-552,-235],[-306,-290],[-540,-345],[-650,-207],[-490,152],[-319,-359],[-638,-428],[-343,28],[-294,-594],[-49,-538],[-662,124],[-503,262],[-343,83],[-626,442],[-588,-221],[-196,442],[-344,455],[-625,-152],[-466,-289],[-368,-332],[-417,-372],[-478,-97],[-453,-497],[-417,-359],[-380,-290],[-282,-290],[-491,-524],[-539,-497],[85,-511],[-134,-428],[-184,-718],[-344,-510],[-502,-55],[-233,-249],[-712,-83],[-404,14],[-601,-469],[-294,-318],[-613,-510],[-454,-277],[-221,-414],[-98,-676],[-404,-124],[-123,-525],[-417,-359],[-294,-317],[-429,-318],[-123,-290],[-392,-386],[-319,-221],[-74,-649],[-404,-138],[-503,14],[-650,-248],[-429,207],[-552,345],[-515,262],[-723,373],[-368,179],[-355,193],[-393,387],[-625,511],[-540,124],[-220,-387],[0,-497],[-491,-262],[-319,97],[-515,55],[-1103,138],[-1275,-179],[-294,469],[-99,386],[-122,511],[-98,373],[-123,497],[-686,14],[-466,-111],[-503,-124],[-736,-179],[-637,-166],[-724,-207],[-711,-193],[-711,-194],[-491,-124],[-686,-193],[-638,-193],[-674,-194],[-724,-165],[-453,-152],[-527,-152],[-479,-124],[-392,-97],[-454,-124],[-723,-152],[-564,-110],[-380,-28],[-491,-41],[-416,-28],[-381,-28],[-637,-41],[-343,-14],[-503,-27],[-466,345],[-552,262],[-858,814],[-662,428],[-601,359],[-1251,193],[-110,28],[-2477,621],[-735,193],[0,456],[24,828],[-1202,400],[-1079,359],[-944,263],[-294,82],[-478,290],[-466,470],[-650,704],[-539,414],[-613,221],[-1791,635],[-527,179],[-686,359],[-1018,455],[-1018,484],[-24,82],[86,911],[-528,235],[-833,235],[-356,69],[-454,110],[-956,166],[-797,165],[-454,138],[-208,-731],[-478,-676],[-282,-442],[-258,-373],[-368,-552],[-797,-1698],[-171,-386]],[[658108,517979],[-540,441],[-1238,815],[-1619,938],[-760,14],[-2207,-138],[-601,-69],[-1925,-345],[-1618,-290],[-773,-110],[-919,-138],[-1091,-207],[-1202,-207],[-601,-111],[-1128,-207],[-576,-124],[-589,-138],[-760,-138],[-405,-83],[-380,-69],[-539,-138],[-883,-221],[-1116,-304],[-699,-193],[-404,-96],[-1091,-221],[-1043,-221],[-564,-28],[-404,28],[-380,14],[-454,41],[-356,14],[-551,0],[-466,14],[-724,13],[-637,0],[-711,14],[-895,28],[-1288,14],[-638,-83],[-343,-28],[-527,-69],[-258,-14],[-747,-96],[-761,-97],[-686,-55],[-331,-193],[-442,-180],[-650,-193],[-404,-110],[-429,-97],[-687,-138],[-883,-221],[-968,-235],[-638,-165],[-846,-221],[-907,-166],[-2857,-1007],[-1913,-773]],[[528838,730222],[61,-607],[61,-428],[25,-511],[-12,-635],[282,-372],[86,-801],[-135,-635],[-209,-552],[258,-511],[478,-83],[429,-414],[86,-304],[98,-634],[-12,-663],[-135,-249],[-429,-386],[-307,83],[-637,-55],[0,-553],[134,-441],[62,-497],[564,-207],[515,193],[429,-304],[895,69],[662,-207],[392,-55],[344,-400],[269,-690],[123,-704],[25,-539],[-62,-635],[-24,-690],[73,-538],[380,-677],[246,-386],[220,-525],[282,-441],[74,-401],[110,-1076],[37,-2250],[110,-1588],[37,-1449],[687,-262],[539,-28],[307,-331],[-160,-704],[-122,-497],[196,-400],[674,-497],[-159,-704],[-429,-635],[-282,-635],[355,-249],[540,111],[503,662],[515,-41],[453,635],[-98,718],[-73,455],[0,580],[282,248],[478,304],[552,138],[478,-28],[331,-510],[331,-414],[601,483],[637,303],[221,-386],[233,-511],[687,207],[502,621],[-319,622],[-24,427],[12,635],[-171,456],[24,704],[-135,759],[-159,566],[-25,538],[135,553],[429,731],[466,373],[393,179],[306,235],[478,179],[601,194],[491,151],[429,566],[282,401],[564,372],[269,539],[-61,317],[-196,594],[515,621],[490,248],[748,221],[454,-138],[564,566],[184,552],[-184,718],[-258,828],[-61,635],[344,690],[404,194],[601,483],[392,331],[319,414],[564,373],[282,317],[196,401],[-147,690],[-159,580],[86,441],[-209,622],[0,607],[-257,593],[-295,428],[-73,566],[417,249],[404,110],[442,14],[748,110],[564,0],[294,249],[-147,649],[-515,469],[110,580],[540,455],[600,414],[614,97],[331,-179],[429,-566],[417,-221],[551,69],[331,179],[589,124],[588,-579],[295,-677],[343,-331],[503,138],[429,331],[245,483],[552,-151],[441,-138],[601,358],[392,525],[270,290],[417,193],[674,166],[638,221],[429,510],[478,249],[442,83],[613,386],[490,304],[577,96],[453,-276],[344,42],[564,262],[306,456],[-245,704],[-135,400],[-74,552],[246,455],[184,415],[564,455],[502,249],[270,773],[380,372],[687,249],[-74,593],[221,483],[245,290],[576,263],[601,-42],[699,-165],[392,648],[381,318],[392,-138],[380,-276],[760,-83],[540,455],[650,-13],[269,-677],[417,-276],[601,97],[625,96],[417,276],[331,42],[417,262],[625,69],[626,-124],[441,179],[405,97],[576,-318],[392,-96],[405,-221],[466,-28],[441,-428],[417,-27],[380,483],[503,14],[221,538],[380,207],[392,-317],[613,386],[711,318],[356,317],[368,414],[233,359],[319,304],[502,359],[491,331],[294,304],[49,579],[540,221],[576,221],[613,525],[429,-83],[711,-249],[699,-276],[515,-248],[503,-345],[502,96],[430,346],[331,110],[466,14],[527,27],[306,718],[147,414],[344,442],[245,345],[319,538],[453,594],[650,359],[147,414],[197,552],[502,607],[687,125],[331,-83],[503,-221],[478,-41],[331,-83],[527,27],[417,-69],[638,125],[735,0],[540,-346],[674,-331],[638,-83],[269,-13],[528,13],[490,0],[662,-110],[380,-221],[650,97],[576,-235],[246,-538],[147,-359],[650,-97],[576,221],[356,-124],[453,193],[650,221],[368,14],[637,-14],[699,110],[503,-27],[638,-42],[367,14],[614,28],[514,-83],[381,-635],[257,-345],[601,-483],[576,-428],[429,-152],[491,-469],[269,-401],[699,263],[540,303],[503,138],[576,-566],[-25,-552],[160,-745],[184,-483],[441,-428],[319,-69],[515,55],[368,276],[355,594],[429,165],[589,69],[429,180],[454,83],[576,69],[429,-56],[380,-372],[552,-166],[552,-317],[502,-263],[246,552],[24,760],[527,-14],[405,138],[368,41],[515,-83],[417,83],[282,401],[171,593],[380,42],[748,-56],[540,-193],[0,-497],[-368,-704],[123,-580],[-74,-483],[-110,-441],[699,-290],[306,635],[123,648],[86,318],[282,939],[478,248],[453,0],[577,-28],[331,-607],[-699,-732],[-871,-1007],[197,-801],[331,-704],[294,-290],[637,207],[99,373],[98,538],[24,677],[86,428],[368,510],[331,263],[527,124],[368,-221],[699,97],[539,96],[380,-290],[491,-234],[699,290],[404,524],[589,566],[503,318],[760,165],[466,-552],[49,-552],[319,-469],[-49,-511],[465,-594],[393,-69],[797,-41],[429,566],[356,469],[331,55],[870,-13],[613,-414],[466,524],[491,249],[613,-470],[600,-483],[417,-193],[344,-83],[441,428],[356,331],[600,345],[552,-69],[343,-96],[528,-14],[466,-97],[453,-662],[49,-1077],[160,-566],[760,-69],[86,580],[233,248],[576,-234],[196,-235],[294,-663],[846,-41],[123,-566],[454,-179],[551,276],[417,-166],[344,-221],[453,-580],[552,-82],[515,96],[294,-442],[356,-372],[319,-552],[294,-249],[466,-179],[454,-28],[453,249],[111,427],[-258,815],[-429,276],[-392,248],[-381,649],[417,428],[552,0],[392,-442],[601,-124],[221,690],[-49,525],[37,621],[527,580],[441,-401],[503,-510],[441,276],[135,414],[123,718],[196,759],[380,-456],[773,-13],[49,704],[417,207],[588,-125],[368,-41],[392,-345],[331,-718],[724,42],[625,372],[736,-290],[613,-27],[380,483],[674,276],[662,345],[589,442],[515,-539],[184,-552],[601,-248],[269,-442],[-343,-497],[-466,-524],[527,-566],[442,524],[331,180],[613,248],[233,290],[135,497],[282,538],[282,276],[576,152],[527,-193],[331,-221],[-220,-759],[-344,-331],[-147,-553],[675,-165],[465,414],[233,373],[209,497],[257,400],[221,400],[564,249],[245,-345],[74,-566],[380,-622],[208,-303],[417,-345],[258,-442],[220,-718],[564,276],[37,566],[221,497],[478,483],[417,180],[356,69],[478,152],[355,179],[528,-442],[-62,-400],[-343,-483],[-110,-828],[294,-263],[343,-248],[589,-207],[601,303],[196,525],[147,649],[257,580],[233,386],[233,345],[491,276],[331,-345],[135,-676],[649,331],[160,704],[429,-97],[564,-13],[589,151],[404,249],[466,524],[380,442],[405,732],[37,538],[417,607],[318,608],[258,842],[686,55],[368,-276],[650,-69],[601,166],[527,-332],[478,-179],[393,0],[404,-55],[454,-207],[441,-566],[-196,-414],[111,-511],[625,-166],[245,-649],[-221,-483],[-294,-787],[147,-566],[724,56],[613,428],[380,386],[380,304],[392,-704],[196,-746],[368,-96],[650,-28],[601,-400],[-12,-649],[294,-359],[417,-27],[576,-207],[-196,-580],[172,-718],[282,-193],[649,-442],[37,-621],[307,-607],[404,-235],[466,-594],[429,-248],[442,524],[171,746],[197,483],[392,580],[208,207],[577,469],[269,179],[761,442],[662,124],[147,-552],[208,-317]],[[400561,488467],[-4107,2678],[-2367,2001],[-870,235],[-86,0],[-2501,-594],[-1558,-483],[-1287,-359],[-564,-152],[-282,-83],[-1238,-27],[-920,-28],[-6033,1298],[-1422,234],[-417,69],[-466,69],[-392,28],[-405,0],[-551,-41],[-564,-56],[-736,-165],[-662,-180],[-417,-41],[-638,28],[-539,289],[-221,180],[184,911],[172,814],[86,414],[220,1105],[74,372],[294,1560],[233,1146],[123,621],[122,649],[147,745],[99,470],[85,414],[270,1394],[110,552],[135,718],[147,690],[74,386],[147,856],[135,539],[135,372],[221,552],[367,691],[393,538],[355,400],[-3690,3368],[-846,-386],[-527,400],[-540,-179],[-797,-180],[-1238,-248],[-98,-152],[134,-1256],[25,-180],[172,-1049],[159,-704],[-221,-331],[-527,-442],[-466,-179],[-527,-456],[-527,83],[-564,331],[-429,263],[-430,262],[-441,304],[-319,276],[-319,317],[-429,345],[-417,-55],[-735,-28],[-491,28],[-453,14],[-748,-152],[-442,-55],[-564,-138],[-245,-42],[-515,-138],[-613,-303],[-478,-345],[-405,-401],[-404,-648],[-368,-635],[-356,-373],[-662,442],[-306,220],[-356,580],[-135,856],[-208,621],[-479,-41],[-404,-138],[-380,-221],[-405,-621],[-221,-566],[-576,-345],[-331,-373],[-147,-594],[0,-717],[74,-387],[36,-497],[0,-400],[-159,-718],[-307,-800],[-196,-387],[-417,-594],[-122,-151],[-466,-456],[-503,-469],[-601,-566],[-944,-856],[-981,-897],[-110,-97],[-834,-787],[-539,-538],[-380,-594],[36,-662],[135,-746],[-49,-786],[-515,-1243],[-135,-317],[-282,-649],[-343,-580],[-503,-566],[-257,-483],[-12,-662],[220,-787],[111,-1242],[318,-760],[123,-358],[1361,-704],[98,-456],[86,-883],[-61,-359],[-209,-580],[-319,-497],[-331,-469],[-306,-442],[-196,-635],[36,-663],[25,-414],[-61,-483],[0,-635],[61,-372],[-25,-525],[-24,-497],[196,-635],[441,-248],[307,-221],[552,-400],[392,-525],[123,-538],[392,-207],[429,-194],[1190,-593],[269,-539],[-331,-469],[-306,-138],[-662,-69],[-295,-414],[429,-1146],[614,-207],[343,-331],[294,-414],[147,-525],[-12,-745],[-123,-580],[184,-897],[209,-2043],[-74,-773],[-37,-704],[-122,-663],[-294,-759],[-626,-234],[-1324,234],[-147,-359],[-49,-662],[-98,-1118],[-380,-83],[-540,166],[-564,69],[-699,-898],[-662,-359],[-723,304],[-270,-359],[-147,-566],[-123,-510],[-282,-1160],[-159,-179],[-1484,124],[-49,-55],[-527,-1077],[-466,-897],[-282,-608],[-184,-441],[-123,-691],[-49,-303],[25,-649],[74,-511],[147,-510],[294,-787],[257,-718],[172,-511],[221,-607],[331,-649],[196,-345],[172,-580],[-49,-372],[-184,-539],[-319,-800],[-258,-718],[-110,-566],[172,-331],[355,-332],[172,-331],[159,-635],[184,-483],[233,-345],[319,-373],[135,-373],[-98,-607],[-344,-663],[-527,-773],[-343,-510]],[[339574,439409],[-650,69],[-380,-28],[-674,-124],[-479,41],[-429,-193],[-318,-566],[-62,-842],[-208,-580],[-258,-731],[258,-580],[0,-814],[159,-566],[540,-497],[159,-649],[-490,-193],[-356,27],[-429,56],[-356,0],[-625,-180],[-417,-221],[-466,-165],[-282,-249],[-122,-580],[-491,-317],[-588,-373],[-2281,-165],[-1251,55],[-809,138],[-723,331],[-834,635],[-466,373],[-1067,1187],[-1397,-690],[-356,-359],[-1018,-994],[-466,55],[-245,304],[-135,800],[-37,442],[-269,594],[-172,704],[49,455],[160,497],[-221,497],[-393,649],[-61,607],[25,483],[61,428],[74,525],[85,400],[-196,856],[-282,166],[-478,441],[-294,580],[-209,428],[-429,138],[-515,-235],[-736,-276],[-514,-55],[-638,248],[-625,470],[-417,400],[-466,580],[-564,414],[-454,0],[-625,-221],[-662,-414],[-883,97],[-6744,372],[-8239,56],[-5420,289],[-5959,42],[-2219,165],[-515,56],[-1545,-125],[-5836,166],[-3948,262],[-7516,0],[-1901,14],[-1152,180],[-822,607],[-1753,1270],[-3017,2181],[-2133,787],[-208,41],[-1312,331],[-2171,-193],[-73,-14],[-2023,-621],[-3004,-1808],[-4132,-2112],[-1521,-787],[-1238,-262],[-1349,-290],[-613,-55],[-7013,-621],[-2992,-111],[-1802,193],[-1079,111],[-3998,69],[-1716,-166],[-3813,-372],[-1128,-111],[-4929,-1270],[-2538,-110],[-1006,179],[-6363,2029],[-466,290],[-74,580],[-110,483],[-466,207],[-405,14],[-417,14],[-600,138],[-479,165],[-355,152],[-638,124],[-515,-276],[-294,-165],[-466,-221],[-356,-483],[-453,-55],[-429,82],[-319,318],[-442,580],[-355,579],[-331,332],[-491,414],[-502,428],[-295,179],[-564,-138],[-318,-497],[-319,-469],[-638,-42],[-368,14],[-686,-55],[-540,-14],[-392,-96],[-540,-14],[-392,83],[-319,662],[-110,621],[-294,691],[-503,441],[-454,-83],[-331,-428],[-564,-455],[-625,97],[-491,690],[-404,497],[-466,-194],[-123,-510],[-24,-539],[-405,-510],[-490,-428],[-344,-180],[-613,-345],[-319,-317],[-134,-608],[98,-469],[-13,-552],[-404,-304],[-601,138],[-294,387],[-184,386],[-380,456],[-429,428],[-148,469],[-306,331],[-576,401],[-491,276],[-331,69],[-748,179],[-404,304],[-319,207],[-589,207],[-380,193],[-490,400],[-258,249],[-159,787],[-37,649],[-515,510],[-405,511],[-380,28],[-306,538],[-110,511],[-393,441],[-637,470],[-368,372],[-270,359],[-270,704],[49,525],[-86,552],[-380,538],[-2292,1049],[-2919,1312],[-1017,455],[-1386,732],[-1054,276],[-932,166],[-1018,-180],[-1214,-290],[-2550,-1007],[-2097,-912],[-723,-372],[-625,-42],[-883,125],[-417,234],[-576,359],[-430,511],[-1704,2057],[-1103,1242],[-969,883],[-1116,939],[-588,345],[-1300,262],[-736,56],[-2317,-484],[-1680,-289],[-1594,27],[-1103,166],[-981,359],[-319,179],[-1140,1077],[-393,552],[-723,1173],[-662,1174],[-356,648],[-429,373],[-772,594],[-736,469],[-858,262],[-1116,152],[-1729,41],[-1545,-82],[-1569,-111],[-2673,-428],[-1006,0],[-1164,97],[-1092,290],[-1189,345],[-1189,566],[-1116,317],[-1067,111],[-932,-69],[-4352,-1339],[-1300,-511],[-1386,-524],[-1643,-635],[-2194,-884],[-577,-221],[-392,-27],[-638,138],[-515,676],[-294,442],[-184,455],[-257,663],[-319,317],[-539,207],[-270,125],[-356,469],[-282,524],[-24,622],[147,635],[-123,621],[-282,303],[-478,373],[-576,414],[-466,428],[-380,304],[-601,55],[-405,-373],[-257,-938],[-245,-911],[-430,124],[-233,883],[-331,691],[-404,262],[-711,-69],[-626,-442],[-502,-469],[-712,-566],[-245,-180],[-613,-151],[-932,496],[-245,401],[-282,1339],[-221,455],[-404,249],[-736,303],[-662,290],[-368,635],[-122,690],[159,856],[159,870],[13,469],[-172,456],[-441,593],[-417,566],[-307,262],[-919,691],[-528,358],[-453,346],[-295,179],[-698,83],[-491,124],[-331,138],[-834,428],[-601,276],[-490,166],[-674,152],[-503,165],[-699,207],[-478,-179],[-515,-414],[-343,-359],[-442,-456],[-306,-800],[-86,-497],[-62,-511],[-208,-524],[-343,-277],[-429,-372],[-417,-414],[-233,-194],[-429,-289],[-466,-235],[-515,-414],[-13,-787],[258,-359],[294,-359],[86,-497],[-343,-690],[-466,-400],[-724,-138],[-367,41],[-1030,221],[-258,69],[-503,138],[-1042,290],[-748,152],[-429,110],[-674,276],[-466,263],[-294,138],[-589,165],[-552,124],[-380,42]],[[55494,478404],[-12,538],[-172,801],[258,2415],[686,2347],[1325,2995],[625,1588],[12,1449],[-490,1850],[-969,2484],[-135,318],[-245,566],[-159,428],[-197,442],[-233,538],[-343,787],[-184,441],[-184,359],[-355,497],[-233,552],[-344,677],[-147,428],[-110,566],[-61,566],[-25,455],[-49,428],[-159,580],[-196,814],[-160,580],[-184,690],[-368,732],[-306,414],[-393,331],[-294,221],[-429,524],[-257,276],[-503,566],[-380,456],[-307,331],[-478,580],[-356,428],[-392,428],[-490,621],[-258,469],[-331,442],[-539,511],[-380,331],[-442,345],[-417,221],[-380,221],[-404,152],[-663,290],[-539,276],[-307,566],[37,814],[62,732],[85,1049],[86,911],[49,855],[-37,387],[-122,594],[-98,469],[-25,538],[25,497],[24,483],[49,663],[172,1173],[98,469],[123,442],[196,608],[196,386],[319,580],[147,317],[147,497],[221,787],[135,483],[85,580],[86,566],[49,442],[-36,496],[-49,401],[-25,566],[0,455],[37,456],[-12,704],[24,510],[319,290],[49,704],[86,1022],[159,566]],[[46102,536807],[687,152],[257,414],[491,579],[441,373],[392,-138],[626,387],[552,289],[392,14],[503,552],[331,442],[380,-69],[699,-138],[355,-97],[454,290],[343,-221],[429,-262],[993,166],[-36,842],[-172,1629],[-245,952],[-613,2222],[-25,870],[601,318],[1275,496],[307,28],[1299,55],[797,83],[564,28],[748,27],[846,42],[626,83],[392,303],[233,428],[319,207],[1581,856],[442,193],[454,125],[441,110],[821,304],[2281,842],[1447,538],[821,248],[1067,359],[613,180],[429,-511],[356,-124],[1447,-69],[1348,-83],[564,-41],[650,82],[540,166],[650,166],[502,0],[479,138],[637,179],[1312,1270],[1312,1325],[294,42],[895,138],[687,41],[503,138],[527,0],[282,-110],[319,-111],[662,-317],[564,-83],[331,-207],[392,-249],[368,-220],[380,-221],[393,-14],[269,497],[380,483],[1006,-193],[294,14],[1557,717],[576,290],[528,1022],[1128,2084],[1165,2071],[110,207],[392,855],[478,-96],[0,3147],[-73,2098],[-86,4003],[-61,2430],[-98,2898],[-62,3244],[-73,1588],[-233,1960],[-184,1518],[-307,2609],[-85,759],[-49,428],[-74,552],[392,414],[822,884],[576,579],[993,152],[1116,332],[2550,883],[135,262],[-184,1008],[-98,870],[-49,731],[429,608],[699,276],[466,276],[380,165],[527,276],[381,318],[502,317],[442,263],[674,276],[294,262],[491,55],[1348,193],[1263,207],[1214,304],[846,193],[638,42],[527,-42],[711,980],[429,539],[736,234],[540,166],[711,276],[441,318],[221,303],[-932,1988],[147,373],[184,621],[123,469],[318,304],[442,193],[453,207],[332,221],[355,331],[282,332],[356,483],[220,455],[209,663],[73,235],[270,565],[797,0],[638,42],[1532,-759],[356,-152],[515,290],[392,579],[368,760],[147,579],[25,415],[184,455],[564,428],[367,207],[626,138],[760,14],[478,-166],[675,-234],[453,-111],[1324,-455],[515,-166],[687,41],[601,207],[527,56],[540,-111],[416,-69],[699,-276],[442,-414],[527,-428],[319,-359],[257,-731],[135,-373],[221,-801],[61,-455],[-24,-635],[61,-373],[221,-607],[355,-470],[429,-165],[405,-580],[662,-317],[294,-221],[503,-276],[638,-276],[318,-56],[528,138],[490,235],[638,221],[1017,566],[307,221],[368,262],[932,497],[404,248],[429,290],[331,138],[626,180],[306,317],[25,635],[-13,442],[295,1090],[208,1036],[233,911],[49,607],[-270,538],[-294,580],[-196,525],[-270,773],[-98,303],[-257,870],[257,497],[196,524],[184,387],[466,566],[356,469],[294,442],[208,524],[172,718],[258,442],[649,980],[368,552],[111,566],[257,759],[527,263],[454,82],[454,125],[576,-28],[674,41],[920,207],[429,166],[503,249],[588,179],[1190,110],[686,56],[478,-83],[528,-69],[404,14],[540,55],[564,538],[343,249],[258,359],[331,262],[355,414],[515,455],[454,276],[576,139],[478,96],[295,69],[674,276],[294,401],[221,317],[454,469],[294,373],[429,290],[417,166],[515,220],[404,221],[332,166],[527,138],[601,317],[576,290],[417,-41],[515,-304],[466,-207],[318,-428],[479,-303],[649,-470],[430,-138],[416,-96],[515,-97],[430,-207],[539,-594],[441,-483],[258,-345],[490,-442],[295,-400],[404,-414],[393,-138],[441,-152],[331,-83],[491,-138],[723,14],[466,566],[797,2388],[1128,1891],[748,994],[147,97],[564,317],[1202,387],[2844,607],[895,179],[2600,525],[2158,497],[1998,483],[2403,221],[1778,41],[196,14],[3385,69],[1361,69],[1054,166],[539,152],[675,345],[1998,1076],[1619,249],[1189,41],[1643,-386],[1398,-456],[294,-96],[626,82],[159,83],[2048,980],[846,249],[637,-42],[809,-428],[1656,-1283],[1434,-1077],[920,-690],[1692,-1160],[772,-1090],[785,-1367],[392,-1449],[405,-2084],[123,-815],[1716,-2678],[1214,-1987],[527,-525],[748,-331],[638,55],[1300,428],[576,345],[417,345],[294,290],[772,690],[540,400],[1079,801],[172,124],[2513,2637],[466,345],[638,234],[600,139],[736,41],[1202,166],[846,400],[1091,828],[993,1215],[429,386],[1312,649],[2036,1270],[539,387],[699,924],[490,594],[405,193],[405,83],[1716,-428],[466,-110],[846,-207],[1422,13],[1410,-110],[2134,-110],[2342,-277],[1949,14],[1987,221],[2158,124],[2550,166],[2746,345],[1239,193],[1545,401],[1385,345],[932,27],[1128,-96],[1079,-14],[760,69],[503,110],[417,125],[601,455],[527,511],[429,455],[466,580],[245,414],[344,470],[502,731],[515,304],[429,221],[356,262],[441,290],[393,248],[404,401],[319,372],[245,276],[454,373],[650,442],[270,303],[-246,677],[-269,179],[-540,-138],[-686,552],[12,359],[147,608],[294,704],[221,648],[405,1436],[294,1366],[-12,470],[-62,828],[-171,1229],[-295,1642],[-380,1215],[-858,1988],[-37,648],[110,414],[233,677],[405,731],[478,235],[724,69],[527,-69],[331,55],[613,207],[331,111],[380,262],[184,745],[86,580],[-294,414],[-258,373],[-355,773],[12,663],[441,552],[564,469],[675,690],[649,414],[761,318],[24,0],[785,165],[159,42],[1349,83],[907,41],[773,41]],[[658108,517979],[-98,-207],[-466,-1063],[-270,-387],[-405,-317],[-306,-759],[-12,-566],[-344,-760],[-331,-455],[-282,-276],[-319,-456],[-662,-676],[-331,-428],[-294,-497],[-429,-621],[-380,-456],[-429,-497],[-466,-579],[-270,-470],[-540,-552],[-478,-579],[-355,-622],[-344,-386],[-355,-111],[-564,221],[-331,0],[-613,-400],[-871,-607],[-527,-318],[-515,-193],[-662,-124],[-699,-28],[-515,-110],[-6719,-7413],[-7553,-8075],[-1300,-28],[-601,0],[-515,-165],[-441,-497],[-625,-290],[-1925,-55],[-761,0],[-613,152],[-600,13],[-430,-13],[-429,-138],[-2415,-2775],[-2550,-1698],[-1251,-2015],[527,-1256],[196,-359],[270,-428],[245,-621],[1104,-4928],[417,-1587],[282,-760],[61,-676],[37,-911],[-356,-180],[74,-704],[73,-800],[-122,-621],[257,-2016],[147,-1214],[98,-2085],[37,-1711],[0,-1740],[37,-773],[368,-690],[895,69],[699,69],[86,-331],[1312,83],[711,41],[735,-69],[846,-207],[613,-428],[62,-552],[417,-373],[392,0],[429,42],[393,27],[490,-13],[319,27],[662,235],[650,152],[466,152],[380,193],[466,248],[392,42],[564,-14],[343,-14],[650,-55],[491,-42],[3420,-69],[6499,1257],[2121,386],[2035,607],[1680,553],[1570,400],[1373,-111],[1949,-138],[1778,221],[1864,-193],[760,-28],[172,-96],[405,-787],[318,-193],[2502,-332],[1508,-303],[588,14],[491,151],[1545,1008],[392,166],[454,-42],[576,-510],[907,-470],[564,-510],[282,-497],[62,-608],[36,-386],[86,-856],[356,-566],[601,14],[1618,262],[613,-69],[944,-704],[307,-166],[576,-55],[405,221],[637,607],[724,221],[735,-27],[687,41],[662,207],[405,442],[735,207],[724,221],[441,428],[564,497],[442,55],[748,124],[465,138],[246,345],[417,594],[1618,317],[736,-14],[772,0],[245,56],[540,179],[564,152],[454,97],[490,-97],[319,-180],[552,-593],[527,-83],[637,-97],[417,-165],[662,-193],[834,55],[233,-42],[405,-441],[343,-221],[589,-221],[380,-152],[564,-193],[649,400],[454,304],[331,55],[589,14],[809,-69],[159,0],[1889,-193],[61,0],[846,0],[159,0],[1055,-456],[1618,-41],[111,-1008],[3592,-1325],[-404,-1933],[576,-414],[-442,-6639],[920,-180],[687,-83],[2072,-27],[2611,55],[1104,331],[2097,732],[1459,676],[944,401],[760,234],[1569,235],[859,97],[1471,234],[380,111],[638,124],[2060,593],[564,-138],[98,-358],[110,-967],[61,-552],[86,-800],[184,-1698],[209,-1008],[858,-1712],[1152,-1960],[883,-1090],[123,-152],[1581,-1767],[307,-538],[503,83],[380,-663],[331,-580],[-380,-676],[-62,-746],[-539,-593],[-490,-373],[0,-649],[49,-690],[-258,-221],[-245,-496],[-123,-470],[-650,221],[-466,-566],[-98,-469],[-502,-111],[-282,525],[-466,331],[-638,166],[-772,14],[61,-525],[-208,-566],[-356,-331],[-110,-746],[-540,-207],[-576,-69],[-380,-41],[-601,193],[-515,0],[12,-745],[-171,-608],[-295,-469],[-85,-676],[-25,-787],[-343,-318],[-319,-303],[-319,-718],[-564,-124],[-343,317],[-221,332],[-687,-608],[-245,-221],[25,-717],[-221,-580],[-282,-207],[-307,-787],[-380,-538],[-343,-138],[-687,-69],[-564,-42],[-343,-124],[-221,-511],[-465,83],[-307,-718],[-258,-483],[-85,-414],[-49,-663],[-479,-662],[-564,-359],[-429,83],[-392,-124],[-12,-760],[257,-290],[515,42],[294,-373],[49,-676],[-12,-400],[-441,-401],[-736,-124],[-37,-663],[-453,-690],[-466,-83],[-564,359],[-356,263],[-221,524],[-294,442],[-637,-207],[-221,-304],[-319,-359],[-638,-179],[-735,-97],[-209,-414],[123,-621],[-123,-621],[-576,-525],[-539,111],[-331,745],[-638,-317],[123,-484],[-160,-566],[-110,-358],[61,-594],[258,-373],[-25,-731],[-392,-442],[-540,193],[-551,401],[-344,345],[0,855],[12,663],[-429,304],[-539,-235],[-172,-359],[-368,-345],[-343,-193],[-736,152],[-453,165],[-1055,14],[-723,42],[-613,-525],[0,-732],[-405,-207],[-846,-331],[-441,-304],[-478,-400],[-454,-304],[-822,-400],[-588,-552],[-748,-207],[-1055,-124],[-637,-166],[-343,41],[-491,-414],[61,-759],[160,-414],[368,-469],[-25,-801],[-233,-304],[-503,-207],[-490,138],[-638,42],[-49,-566],[-282,-373],[-662,-14],[-576,290],[-392,704],[-564,262],[-209,-483],[-282,-579],[-527,-359],[-491,0],[-600,-428],[-258,-539],[-184,-469],[-429,-428],[-355,649],[-184,428],[-442,511],[-503,248],[-564,193],[-649,-276],[147,-428],[466,-234],[208,-829],[-490,-427],[-589,276],[-417,345],[-564,-511],[-98,-704],[-73,-373],[-601,-221],[-429,111],[-466,-456],[-466,-400],[-25,-469],[37,-552],[196,-387],[-122,-635],[-454,-165],[-638,-428],[-331,-14],[-502,138],[-197,-635],[-355,-649],[-368,-248],[-380,-290],[-589,-483],[-502,-318],[-319,-359],[-184,-400],[-343,-525],[-344,-234],[-355,-635],[-429,-483],[-319,-207],[-61,-815],[-307,-787],[-343,-82],[-552,-180],[-625,-248],[-540,-180],[-61,-538],[-393,-566],[-674,-428],[135,-745],[589,-69],[196,-580],[-221,-690],[-49,-511],[-12,-690],[417,-138],[134,-621],[-73,-470],[-37,-593],[-98,-290],[1091,-1063],[760,14],[626,83],[1434,-42],[270,83],[1005,828],[773,677],[123,110],[465,690],[699,290],[736,138],[527,235],[650,455],[564,263],[417,-263],[37,-455],[-380,-1270],[-662,-1726],[-1361,-2954],[-748,-1449],[-822,-870],[-870,-938],[-1153,-1408],[-1692,-2347],[-723,-1546],[-197,-1242],[-73,-1822],[-147,-2637],[147,-2015],[736,-856],[1201,-1491],[1398,-2098],[135,-1352],[-86,-953],[-282,-1049],[-135,-469],[-257,-870],[-761,-1822],[-1557,-3313],[-3347,-6156],[-760,-1394],[-1312,-2761],[-1508,-3396],[-1190,-4086],[-613,-2236],[-1741,-4569],[-1496,-3506],[-723,-2236],[-564,-442],[-184,124],[-1214,1050],[-834,842],[-674,151],[-503,-27],[-355,-97],[-515,-235],[-405,-289],[-294,-263],[-552,-469],[-552,-580],[111,-428],[-25,-524],[-466,-469],[-257,-166],[-662,-442],[-148,-1077],[-98,-483],[-233,-814],[-110,-814],[-24,-401],[245,-814],[184,-580],[159,-373],[417,-538],[-356,-69],[-735,-138],[-491,-83],[-846,-55],[-392,-14],[-172,-1159],[-86,-1118],[-61,-442],[-172,-1477],[-122,-953],[-37,-345],[-37,-538],[-86,-1311],[-98,-994],[-36,-359],[-172,-1753],[-86,-1284],[-98,-1491],[-208,-5383],[0,-2388],[0,-2581],[-148,-3327],[-12,-276],[-73,-1946],[343,-3175],[245,-2581],[74,-2913],[98,-6005],[-172,-483],[-417,-248],[-1361,-428],[-502,-469],[-123,-207],[-368,-898],[-49,-690],[405,-2388],[135,-469],[196,-414],[1042,-1505],[515,-649],[306,-234],[564,-235],[246,-497],[-74,-593],[209,-553],[392,-524],[37,-483],[-380,-401],[-25,-773],[-98,-524],[-441,-621],[208,-608],[343,-386],[491,-469],[404,-580],[319,-290],[221,-690],[172,-511],[-74,-594],[368,-262],[417,345],[748,56],[318,-773],[491,-539],[637,180],[564,-345],[123,-484],[368,-538],[98,-662],[331,-304],[343,-276],[37,-552],[393,-732],[392,83],[404,262],[515,428],[773,110],[699,-207],[503,249],[294,-359],[159,-663],[-184,-400],[442,-442],[294,-607],[294,-359]],[[661136,236938],[-907,-2457],[-613,-773],[-3360,-4969],[-417,-552],[-453,-235],[-540,-166],[-748,-82],[-319,0],[-1017,69],[-908,179],[-662,290],[-797,373],[-380,110],[-711,166],[-686,55],[-2183,83],[-2550,234],[-2036,318],[-1410,276],[-883,235],[-465,82],[-1141,-41],[-466,-14],[-711,0],[-196,0],[-969,83],[-564,166],[-502,234],[-699,801],[-123,124],[-674,538],[-245,166],[-540,152],[-429,138],[-711,262],[-895,290],[-368,97],[-1312,276],[-429,83],[-368,69],[-466,165],[-368,194],[-429,220],[-343,166],[-589,290],[-527,-180],[-858,70],[-993,289],[-847,111],[-551,83],[-331,-56],[-589,-220],[-282,-69],[-907,69],[-2011,124],[-331,497],[-2624,-138],[-1251,69],[-1017,55],[-638,-97],[-2133,194],[-6879,372],[-454,608],[-134,455],[-295,552],[-171,815],[-699,2208],[-25,925],[135,1408],[-503,2333],[-1066,3299],[49,3368],[-282,1794],[-442,1795],[-858,1919],[-74,427],[37,525],[74,580],[73,455],[-61,525],[37,373],[123,565],[147,815],[73,511],[62,855],[-37,553],[-331,635],[-123,441],[-687,414],[-343,-193],[-417,-41],[-368,635],[-416,262],[-712,179],[-453,-27],[-638,69],[-699,-14],[-404,179],[-466,428],[73,525],[-245,345],[-527,-14],[-675,138],[-343,166],[-208,538],[-736,69],[-466,138],[-245,690],[-478,373],[-246,345],[-380,442],[-502,-138],[-540,-759],[-454,-497],[-416,-718],[-233,-511],[-221,-317],[-429,-235],[-552,387],[-282,234],[-478,318],[-540,386],[-551,166],[-295,-83],[-551,-41],[-405,27],[-478,138],[-380,166],[-417,317],[-160,401],[-515,566],[-748,82],[-294,83],[-429,332],[-294,234],[-491,152],[-551,-276],[-528,-69],[-355,110],[-503,194],[-552,179],[-380,-345],[-502,179],[-675,139],[-490,96],[-503,-386],[-515,-580],[-588,55],[-736,-207],[-368,-193],[-503,-401],[-551,-552],[-393,-276],[-306,-248],[-417,-442],[-638,-400],[-441,-97],[-405,-138],[-441,-304],[-601,-483],[-576,-69],[-331,-13],[-442,-139],[-343,-165],[-380,-207],[-564,-331],[-724,-484],[-318,-220],[-577,-456],[-478,-276],[-368,-97],[-515,-13],[-1373,96],[-736,221],[-343,193],[-503,180],[-367,13],[-405,83],[-515,207],[-687,249],[-515,138],[-588,138],[-724,166],[0,138],[0,731],[-98,442],[-122,731],[-98,484],[-430,220],[-490,-124],[-539,525],[-50,593],[-196,594],[111,317],[49,580],[-74,442],[123,538],[-417,649],[-172,552],[37,787],[233,538],[368,55],[417,-220],[588,124],[589,-221],[552,-221],[343,-97],[760,-96],[490,331],[724,-207],[490,-179],[540,69],[417,676],[515,69],[686,-110],[478,41],[368,83],[380,-414],[417,497],[577,82],[649,97],[356,552],[503,-317],[159,-746],[343,-359],[699,-55],[270,193],[540,442],[551,138],[466,-14],[650,-110],[441,14],[638,276],[429,138],[294,442],[356,538],[454,0],[539,345],[135,497],[0,759],[-257,635],[478,483],[404,-359],[577,-248],[269,373],[405,469],[-405,442],[-171,676],[-405,318],[-245,193],[-564,428],[-135,566],[37,745],[49,511],[-25,690],[246,538],[-307,787],[-319,138],[-147,635],[-208,538],[-282,373],[-515,359],[-429,-414],[-712,179],[-453,56],[-331,-83],[-417,359],[-270,662],[-306,539],[-74,552],[-441,386],[-405,97],[-478,400],[-233,483],[-74,497],[-184,511],[-699,0],[-527,276],[-37,676],[-85,760],[-356,634],[-527,580],[-675,249],[-490,303],[-356,-276],[-699,-248],[-588,-235],[-478,-442],[-503,346],[-37,303],[-343,456],[-282,290],[-515,635],[-86,524],[86,387],[135,635],[147,331],[74,897],[-25,580],[-123,345],[-576,345],[-380,-525],[-159,-372],[-295,-539],[-282,-372],[-466,-428],[-453,-276],[-417,27],[-429,69],[-638,345],[-650,387],[-368,400],[-539,387],[-380,207],[-380,497],[343,593],[429,760],[295,469],[343,373],[306,593],[246,538],[233,635],[98,456],[61,718],[37,331],[147,718],[61,234],[1239,2361],[404,731],[307,387],[539,580],[282,455],[319,456],[282,455],[233,497],[221,663],[110,510],[110,566],[147,580],[25,856],[-37,566],[-380,566],[-441,-55],[-613,-97],[-417,-207],[-564,-525],[-601,-179],[-687,-55],[-600,83],[-466,303],[-503,42],[-687,372],[-441,180],[-601,248],[-539,138],[-405,28],[-576,110],[-258,456],[-184,455],[-502,539],[-258,331],[-245,442],[-564,1173],[-675,1035],[-208,276],[-601,539],[-306,234],[-344,414],[-196,387],[-502,607],[-430,414],[-551,663],[-601,0],[-711,331],[-466,0],[-1423,-345],[-183,-96],[-4856,-1533],[-159,-55],[-1852,-290],[-1348,97],[-3004,400],[-2735,552],[-907,194],[-380,124],[-454,124],[-1680,-676],[-564,-235],[-343,-538],[-343,-180],[-478,69],[-454,332],[-895,-152],[-1055,-249],[-184,-1049],[-2010,55],[-503,-13],[-466,-28],[-417,69],[-760,124],[-454,-27],[-453,-69],[-417,124],[-687,290],[-588,110],[-307,42],[-490,13],[-638,-82],[-809,-152],[-503,-97],[-429,-69],[-564,-193],[-907,-773],[-540,-787],[-515,-331],[-662,-304],[-466,-97],[-478,-372],[-74,-704],[-61,-621],[-123,-787],[-674,-704],[-294,96],[-711,111],[-454,-124],[-564,-401],[-380,-234],[-319,-180],[-772,-165],[-331,-166],[-503,-359],[-258,-442],[-49,-524],[0,-539],[62,-676],[24,-221],[-282,-842],[-674,-290],[-822,-207],[-3408,-6708],[-393,-690],[-1876,-3686],[-1189,-538],[-258,-552],[-49,-290],[-711,-263],[-282,-138],[-576,-552],[-944,-869],[-1459,-1049],[-356,-290],[-61,-483],[-233,-732],[-993,-1063],[135,-483],[355,-414],[307,-635],[466,-469],[-1472,-1422],[-1128,-911],[-196,-249],[-171,-607],[-111,-373],[209,-1063],[220,-524],[454,-925],[392,-690],[-282,-456],[-368,-345],[-821,-1201],[135,-483],[49,-552],[-123,-511],[-24,-386],[98,-773],[-393,-773],[-637,-373],[-294,-635],[-2305,-1394],[-994,-621],[-748,-456],[-797,-469],[-502,-414],[-331,-414],[-344,-649],[-269,-690],[-662,-166],[-197,166],[-367,676],[-515,442],[-920,-97],[-221,483],[-159,704],[-540,580],[-527,-14],[-503,-303],[-588,-442],[-294,69],[-613,428],[-135,662],[-540,415],[-441,-56],[-736,83],[-343,83],[-442,55],[-784,138],[-393,124],[-600,-358],[-675,-290],[-368,-580],[-122,-331],[-209,-635],[-294,-732],[-319,-649],[-650,-469],[-478,-290],[-257,-745],[-454,-649],[-184,-690],[331,-787],[282,-663]],[[459145,268327],[-417,97],[-490,-179],[-564,-42],[-503,97],[-601,83],[-551,400],[-528,-83],[-527,-138],[-319,14],[-662,110],[-637,111],[-491,27],[-429,180],[-405,428],[-233,579],[25,622],[-196,579],[-307,414],[-466,594],[-453,525],[-613,483],[-209,414],[-147,455],[-221,525],[-269,414],[-246,414],[-380,400],[-257,401],[-98,717],[-233,401],[122,773],[-147,566],[-24,400],[220,676],[344,290],[466,566],[171,456],[123,497],[135,372],[331,442],[159,759],[221,511],[294,262],[442,180],[380,469],[-356,745],[-539,511],[-344,621],[-453,497],[-331,483],[-564,1602],[-233,579],[-135,497],[-147,621],[-258,1146],[-98,497],[-98,483],[-208,428],[-479,511],[-466,497],[-404,345],[-711,331],[-613,538],[-344,428],[-404,691],[-246,441],[-294,442],[-319,745],[98,622],[25,731],[-110,428],[-233,387],[-319,262],[-37,566],[159,497],[0,428],[-36,786],[171,594],[13,511],[-270,621],[-589,511],[-625,427],[-711,97],[-589,-166],[-662,0],[-453,97],[-491,97],[-601,-42],[-1508,-193],[-723,0],[-527,-41],[-675,-207],[-441,-83],[-748,-55],[-478,-166],[-356,-359],[-454,-704],[-539,-386],[-711,124],[-393,276],[-245,248],[-503,470],[-355,276],[-221,510],[-122,525],[294,566],[-37,870],[-368,690],[344,662],[637,870],[1214,1960],[331,787],[674,1422],[148,552],[61,842],[-221,1491],[-110,607],[-221,607],[-208,470],[-135,455],[-196,621],[-209,1008],[-49,497],[0,442],[-73,634],[-417,842],[-295,415],[-453,262],[-589,138],[-1116,138],[-944,110],[-735,207],[-515,318],[-393,662],[-196,718],[-24,497],[233,400],[269,346],[209,455],[110,745],[61,870],[-36,607],[-135,773],[24,649],[209,345],[319,497],[318,594],[233,649],[160,414],[61,566],[12,621],[25,566],[12,607],[-61,663],[-626,-152],[-625,-138],[-601,-83],[-650,-83],[-882,-55],[-564,-83],[-687,-83],[-1631,-345],[-564,-110],[-834,-83],[-1091,-55],[-282,359],[-503,-152],[-343,69],[-515,400],[-404,262],[-430,194],[-698,248],[-564,193],[-454,97],[-589,83],[-760,124],[-417,41],[-699,83],[-515,180],[-294,152],[-478,220],[-356,152],[-539,304],[-760,179],[-442,470],[-233,262],[-417,511],[-318,372],[-638,359],[-723,97],[-515,83],[-564,165],[-920,318],[-944,373],[-687,289],[-674,263],[-429,207],[-319,221],[-319,289],[-429,442],[-221,207],[-306,456],[-245,276],[-589,483],[-588,400],[-417,276],[-540,345],[-380,276],[-319,304],[-245,318],[-355,262],[-405,331],[-454,276],[-306,124],[-589,387],[-306,304],[-515,303],[-319,180],[-711,193],[-429,-138],[-417,-124],[-368,-42],[-417,-27],[-589,27],[-625,-276],[-355,-138],[-564,207],[-405,373],[-576,538],[-393,263],[-98,483],[196,497],[319,483],[221,345],[-147,593],[86,829],[-135,538],[-111,414],[-257,663],[49,193],[821,483],[62,276],[-650,773],[-393,331],[-588,235],[-417,180],[-748,358],[-355,138],[-564,249],[-712,331],[-600,276],[-442,152],[-552,111],[-588,27],[-576,55],[-650,14],[-503,0],[-552,97],[-404,262],[-380,456],[-344,483],[-318,207],[-405,152],[-883,372],[-564,566],[-441,207],[-577,359],[-257,166],[-417,345],[-478,497],[-491,538],[-355,525],[-356,331],[-650,166],[-416,-138],[-381,-304],[-625,-456],[-466,97],[-355,193],[-356,263],[-294,372],[-466,497],[-552,124],[-490,28],[-564,-124],[-479,-111],[-515,-124],[-1054,55],[-74,-13],[-1066,-277],[-196,-82],[-908,-373],[-1459,-828],[-552,-152],[-318,-42],[-614,-289],[-980,-511],[-1030,-635],[-626,-469],[-478,-373],[-613,-318],[-478,-303],[-638,110],[-466,138],[-331,0],[-576,55],[-490,221],[-748,69],[-613,138],[-479,249],[-318,41],[-540,55],[-441,290],[-307,359],[-343,180],[-601,262],[-355,345],[-184,801],[-552,358],[-540,-207],[-355,-483],[-356,-221],[-515,-110],[-637,-359],[-221,-290],[-699,-938],[-257,-442],[-564,221],[-381,69],[-502,27],[-662,318],[-147,469],[-368,442],[-86,538],[86,801],[-429,690],[-307,690],[-61,718],[-307,442],[-245,704],[-172,345],[-147,469],[-601,152],[-429,-235],[-601,-152],[-453,-345],[-86,-510],[-110,-608],[-393,-276],[-294,-262],[-196,-663]],[[336374,364814],[-405,635],[49,594],[-576,345],[-429,-14],[-699,-152],[-736,180],[-245,414],[-221,759],[111,690],[171,525],[184,524],[172,359],[135,469],[-62,539],[-294,497],[-539,538],[-442,166],[-650,-138],[-600,-14],[-442,124],[-306,152],[-356,552],[-12,456],[172,607],[245,787],[306,511],[307,220],[466,180],[453,110],[613,152],[663,207],[478,180],[453,345],[270,359],[98,731],[-110,414],[-454,414],[-686,401],[-380,303],[-307,401],[-147,359],[-98,579],[122,456],[344,635],[380,607],[331,511],[368,193],[478,42],[650,55],[539,248],[356,332],[441,579],[258,511],[-405,649],[196,538],[160,414],[257,759],[123,525],[122,773],[-490,317],[-123,387],[49,773],[37,704],[61,414],[111,566],[86,469],[85,387],[246,441],[208,760],[0,497],[-24,510],[-37,704],[-147,318],[-638,55],[-392,-41],[-540,55],[-282,193],[-490,290],[-613,331],[-295,387],[-343,276],[-613,138],[-331,165],[-417,373],[110,456],[233,1725],[13,359],[0,580],[-25,345],[-110,1021],[-86,787],[-110,856],[24,621],[-319,373],[-404,110],[-1104,1947],[-306,662],[-160,538],[-171,787],[-246,1657],[-159,1504],[-49,525],[-208,455],[-344,442],[454,2209],[245,1504],[294,304],[417,41],[515,42],[442,55],[981,124],[895,97],[662,165],[601,263],[367,96],[601,-69],[1116,-290],[760,-179],[196,-41],[748,-318],[552,-317],[772,-608],[344,-359],[650,304],[576,1477],[723,1643],[368,648],[110,539],[-147,676],[62,663],[171,593],[135,3907],[196,317],[368,980],[123,552],[49,898],[61,704],[-37,220],[-1410,2154],[-1324,2471],[-870,1421],[-221,939],[-49,883],[147,1381]],[[661136,236938],[699,-27],[491,179],[527,386],[441,194],[356,-28],[466,-110],[355,386],[307,345],[760,-138],[417,-441],[515,-456],[159,-594],[687,-151],[110,-553],[650,-455],[723,-193],[258,-580],[490,-166],[160,-372],[355,-359],[429,-704],[638,-497],[552,-304],[453,-290],[270,-234],[638,-415],[404,-552],[-73,-441],[147,-829],[711,-331],[319,-593],[417,-553],[527,-138],[196,-717],[25,-566],[49,-414],[441,-401],[282,-303],[270,-456],[270,-483],[453,-469],[552,151],[270,-276],[404,-303],[86,-483],[515,-290],[613,-304],[417,-359],[491,-455],[466,-235],[833,-249],[-196,-745],[160,-759],[404,-511],[540,-580],[159,-469],[184,-455],[417,-97],[208,-635],[172,-718],[380,-124],[343,-359],[221,-428]],[[685119,215432],[-49,-621],[-221,-773],[-1226,-4707],[-73,-538],[-577,-5784],[-466,-8627],[-453,-4597],[-491,-5452],[-882,-6778],[-442,-4251],[-1410,-2568],[-797,-2029],[-2599,-1339],[-1202,-621],[-1177,-538],[-625,-539],[-1177,-1836],[-589,-1366],[-1067,-4445],[-269,-1491],[-393,-1766],[-2440,-7151],[-2072,-8434],[-98,-3395],[-392,-428],[-638,-828],[-86,-442],[-208,-401],[-491,-96],[-441,-28],[-368,-276],[-282,-649],[-503,56],[-429,138],[-343,193],[-576,469],[-601,-234],[-331,-359],[-392,-525],[625,-511],[135,-69],[1079,-69],[453,-331],[246,-497],[-258,-552],[-135,-304],[-24,-607],[-650,-414],[-442,-304],[-318,-428],[208,-538],[-61,-483],[147,-511],[527,-359],[454,-262],[625,-497],[638,-69],[453,-235],[491,-276],[368,55],[466,373],[490,83],[589,28],[417,41],[355,331],[576,221],[454,138],[294,304],[638,96],[515,-165],[429,-166],[589,-455],[490,-414],[319,-401],[171,-469],[552,-55],[589,152],[429,179],[650,248],[625,442],[307,290],[404,552],[491,-234],[73,-663],[49,-428],[37,-649],[12,-1021],[0,-953],[49,-814],[86,-483],[111,-594],[183,-897],[135,-621],[-613,193],[-233,152],[-539,359],[-258,469],[-392,332],[-380,-97],[-687,-69],[-502,276],[-442,124],[-466,124],[-368,-662],[49,-718],[-318,-414],[-37,-856],[-491,-662],[-564,69],[-220,-401],[-319,-345],[-442,-345],[-662,152],[-551,-331],[208,-649],[-429,-345],[-503,262],[-515,-55],[-650,400],[-355,276],[-442,-428],[-674,-414],[98,-718],[-405,-372],[-649,-332],[-699,332],[-601,-373],[-159,-525],[-675,-165],[-527,-456],[-380,-359],[-380,-317],[-74,-621],[-122,-663],[-319,-414],[-711,14],[-454,14],[-540,-276],[-576,-539],[-527,-248],[-527,-138],[-454,359],[-454,-442],[-515,-83],[-257,-607],[-785,-28],[-588,124],[-270,-455],[123,-414],[-393,-442],[-355,83],[-601,0],[-650,-97],[-282,-773],[-356,-745],[-257,-69],[-515,0],[-405,-552],[49,-483],[-478,-263],[-576,249],[-589,-83],[-478,152],[-147,455],[-674,-193],[-417,42],[-711,303],[-417,608],[-613,27],[-405,331],[-429,387],[-674,-166],[-528,-55],[-686,28],[-233,566],[-503,372],[-625,456],[-491,331],[-392,124],[-392,553],[-675,138],[-355,-346],[-331,-151],[-454,-14],[-760,27],[-295,-41],[-502,97],[-515,-318],[-429,-455],[-491,-97],[-588,-621],[-589,-428],[-441,-41],[-564,276],[-638,-511],[-539,235],[-209,676],[-699,-469],[-637,-14],[-662,-414],[-430,-511],[-355,-400],[-392,110],[-356,-1035],[-380,-1712],[-160,-814],[-36,-194],[-49,-1062],[0,-815],[98,-124],[1177,-221],[368,-690],[24,-2485],[74,-1974],[37,-497],[73,-455],[86,-594],[172,-1131],[24,-56],[1986,-3768],[1754,-3837],[1581,-5453],[785,-2595],[258,-1090],[135,-1257],[-25,-1656],[-147,-2719],[-135,-2250],[-74,-5259],[417,-9718],[577,-5439],[2096,-4375],[6057,-8669],[2624,-3092],[576,-704],[834,-1022],[1361,-1435],[2416,-1022],[2035,-828],[907,-442],[454,-207],[772,-372],[282,-166],[466,-331],[564,-414],[663,-428],[441,-387],[441,-497]],[[656636,22389],[-821,-538],[-834,-469],[-564,-318],[-723,-483],[-736,-580],[-576,-428],[-368,-193],[-540,-276],[-870,-41],[-2955,234],[-4022,-27],[-6069,-152],[-3556,-110],[-3899,-28],[-1189,41],[-724,56],[-858,55],[-846,-14],[-1018,-207],[-1152,-676],[-858,-1022],[-552,-566],[-1153,-455],[-944,-207],[-1152,-152],[-908,-401],[-576,-165],[-3642,428],[-502,27],[-2955,-773],[-2428,-221],[-1496,-179],[-785,-14],[-576,97],[-576,262],[-675,262],[-698,97],[-589,0],[-380,55],[-625,111],[-2318,455],[-833,193],[-2158,787],[-2404,911],[-3617,1256],[-1888,525],[-1998,538],[-2109,-193],[-2391,-635],[-662,-179],[-1521,-553],[-319,-55],[-2660,-41],[-2808,0],[-1104,-28],[-649,-138],[-393,-138],[-1483,-1035],[-994,-483],[86,-456],[86,-455],[147,-829],[123,-717],[37,-773],[-13,-967],[-36,-883],[-37,-773],[-13,-387],[25,-828],[-2955,-593],[-883,-263],[-368,-124],[-466,42],[-1287,234],[-331,83],[-417,304],[687,1366],[760,2071],[319,649],[-5273,2194],[-2366,1063],[-760,511],[-822,732],[-208,55],[-8718,911],[-4120,1325],[405,-3768],[-12,-373],[-135,-1229],[-503,-207],[-294,-110],[-2403,-1353],[-3384,-2057],[-479,-220],[-1238,-373],[-5052,-1505],[-4033,-717],[-1435,-42],[-196,0],[-1447,276],[-2268,428],[-675,138],[-1201,414],[-5677,2002],[-1729,400],[-3323,759],[-564,180],[-2170,607],[-5248,1449],[-245,166],[-491,663],[-956,1311],[-1103,994],[-822,1021],[-711,1132],[-392,276],[-405,83],[-1570,97],[-343,41],[-1851,207],[-540,166],[-895,400],[-490,456],[-662,566],[-454,234],[-834,28],[-1729,317],[-1594,414],[-1336,-55],[-1189,-110],[-724,-69],[-1324,-207],[-2992,-166],[-1287,41],[-1533,56],[-4684,110],[-1042,-41],[-3114,-14],[-2673,-318],[-883,-96],[-870,0],[-1092,-483],[-1165,-566],[-833,-925],[-1484,-2029],[-650,-649],[-1361,-1132],[-2403,-1201],[-1533,-428],[-36,-14],[-1177,-41],[-1410,249],[-1386,303],[-772,470],[-454,289],[-1655,732],[-1656,594],[-2109,441],[-2158,428],[-2366,539],[-1189,469],[-3029,1422],[-1900,897],[-2440,1146],[306,759],[3213,7868],[2906,7150],[1667,4169],[5371,13182],[5149,12603],[-233,800],[-919,815],[-1545,1394],[-908,828],[-257,138],[-2648,1104],[-724,318],[-1765,966],[-1521,1008],[-1385,1284],[-957,1090],[-601,621],[-1569,1035],[-441,235],[-307,235],[-883,676],[-1827,2043],[-343,400],[-944,497],[-1520,276],[-834,28],[-552,14],[-1508,-262],[-392,0],[-1276,648],[-1005,870],[-49,69],[-1251,1408],[-441,497],[-466,290],[-478,96],[-564,-69],[-295,-124],[-392,-345],[-196,-304],[-147,-566],[12,-441],[184,-649],[184,-345],[282,-442],[257,-317],[2146,-2582],[760,-1007],[258,-483],[220,-635],[62,-539],[-49,-828],[-209,-897],[-184,-580],[-245,-663],[-49,-165],[-405,-1132],[-282,-787],[-98,-704],[13,-497],[36,-510],[209,-2858],[-196,-96],[-1202,96],[-785,55],[-1042,-151],[-257,-42],[-944,138],[-430,69],[-380,97],[-809,317],[-1618,608],[-135,55],[-1705,635],[-24,580],[-944,345],[-1717,607],[-637,235],[-540,124],[-674,-414],[-650,-456],[-282,-400],[-392,-442],[-221,-276],[-576,-994],[-37,-41],[-540,-966],[-613,-939],[-490,-69],[-613,-69],[-552,-14],[-356,28],[-527,179],[-380,83],[-576,-276]],[[395804,68300],[-307,-41],[-637,207],[-515,359],[-442,400],[-453,235],[-454,358],[-159,456],[-221,511],[-613,400],[-724,317],[-551,594],[-196,469],[-99,359],[-257,635],[-61,856],[-344,1035],[-343,801],[-159,428],[-209,649],[0,524],[-748,2940],[0,442],[344,538],[490,566],[638,594],[318,386],[270,746],[209,510],[196,635],[147,401],[98,676],[12,304],[-159,745],[5211,3838],[3016,2291],[2281,1422],[1164,786],[736,870],[1214,1463],[785,953],[760,1532],[454,911],[797,1339],[1030,1394],[1385,1532],[993,539],[331,151],[552,28],[1165,-235],[625,-510],[466,-704],[12,-649],[380,-745],[295,-97],[515,-428],[686,-304],[527,-138],[356,-69],[503,124],[466,290],[331,511],[184,663],[233,704],[-258,510],[-564,0],[-98,677],[576,221],[540,55],[221,317],[159,552],[368,773],[564,125],[490,-194],[724,166],[343,-566],[405,-442],[294,-289],[453,-166],[712,317],[-344,1643],[-478,2140],[-221,1021],[-36,138],[-368,718],[-1165,-166],[-1177,-124],[-159,166],[49,55],[674,787],[699,828],[686,773],[601,690],[736,828],[515,456],[368,759],[1618,1836],[515,607],[344,497],[245,414],[294,566],[172,359],[269,594],[160,386],[355,814],[111,304],[159,525],[110,704],[13,538],[-25,428],[-98,663],[-110,414],[-270,690],[-490,869],[-344,622],[-159,317],[-270,759],[-122,594],[-50,414],[0,538],[74,759],[123,608],[147,359],[282,676],[760,1657],[184,234],[723,221],[589,248],[490,208],[270,-56],[2109,525],[2501,621],[638,248],[-160,277],[-233,607],[-159,649],[-61,414],[-12,621],[73,732],[135,565],[294,773],[356,663],[907,1684],[699,1298],[1275,2305],[748,1353],[392,745],[344,801],[171,579],[123,801],[25,511],[-13,441],[111,760],[220,1145],[86,815],[25,593],[-98,1629],[-148,1477],[-134,1118],[-62,676],[135,1795],[-73,787],[-62,869],[-12,691],[0,276],[159,648],[-49,470],[-49,538],[-392,525],[-785,662],[-417,304],[-551,359],[-442,248],[-539,276],[-552,552],[-74,815],[25,649],[86,331],[466,828],[674,1063],[478,497],[295,483],[318,483],[209,663],[282,1063],[429,1946],[159,800],[147,691],[356,690],[478,469],[760,608],[2171,924],[3322,1767],[2281,1546],[748,732],[1655,1905],[2771,4306],[1067,1933],[1753,3906],[1594,4625],[245,1173],[25,345],[-37,1877],[331,759],[859,608],[502,414],[319,1215],[307,1256],[564,1739],[269,663],[491,1049],[294,607],[196,345],[552,607],[319,580],[24,704],[25,249],[208,593],[258,856],[380,483],[270,41],[1765,-924],[417,-83],[258,621],[-37,732],[-356,662],[-208,304],[-123,538],[258,1229],[282,1187],[-13,317],[-220,773],[-13,359],[135,552],[184,497],[319,442],[601,276],[686,14],[417,152],[123,773],[-110,483],[453,483],[589,-83],[650,-331],[576,262],[282,456],[123,676],[-172,745],[-687,980],[-196,221],[-441,304],[-626,345],[-686,221],[-478,179],[-356,566],[-37,801],[-208,676],[-184,401],[-258,496],[-208,456],[-86,621],[86,828],[98,497],[257,566],[454,414],[1263,1629],[380,318],[1349,593],[417,332],[233,621],[-209,1836],[270,593],[3029,1201],[306,718],[184,414],[760,1201],[147,469],[49,746],[0,386],[-122,552],[-233,442],[-552,400],[-589,124],[-331,14],[-649,-55],[-2980,-649],[-699,152],[-858,607],[-1999,1892],[-895,1131],[-196,304],[-49,649],[233,469],[282,193],[503,138],[343,401],[61,649],[246,662],[220,276],[246,649],[-25,663],[-172,621],[-380,386],[-637,180],[-589,220],[-576,-151],[-552,-235],[-564,359],[74,386],[-748,594],[-552,414],[-699,276],[-503,-207],[-662,41],[-196,842],[-429,622],[-576,276],[-356,138],[-699,-332],[-441,-179],[-405,193],[-86,746],[49,483],[356,538],[-37,469]],[[395804,68300],[270,-469],[220,-759],[86,-704],[-73,-539],[-282,-428],[-282,-469],[-13,-663],[209,-593],[233,-318],[846,-952],[306,-221],[613,-166],[344,-110],[380,-525],[159,-469],[61,-566],[197,-373],[576,-96],[368,-207],[613,-83],[147,-594],[184,-745],[270,-814],[-25,-732],[-270,-594],[-122,-469],[-368,-455],[37,-580],[73,-842],[233,-580],[-417,-524],[-220,-511],[-135,-732],[-356,-290],[-380,-138],[-711,-193],[-601,14],[-674,-55],[-417,-207],[-196,-359],[-466,-1049],[-491,-483],[-502,-290],[-626,-28],[-417,-83],[-539,-566],[-368,-290],[-687,-276],[-551,69],[-454,152],[-576,-331],[-675,55],[-699,42],[-564,-14],[-466,14],[-551,13],[-760,-151],[-454,-42],[-221,-511],[123,-690],[-503,-165],[-405,-152],[-306,-249],[-491,-510],[-220,-401],[-319,-262],[-515,14],[-319,290],[-343,248],[-527,511],[-417,55],[-331,-428],[-98,-731],[-172,-1284],[-172,-456],[-600,-262],[-344,-28],[-686,-96],[-405,-111],[-540,-179],[-392,-166],[-392,-234],[-344,-539],[-24,-469],[-61,-663],[-282,-579],[-405,-428],[-576,-332],[-478,-179],[-405,-83],[-405,-55],[-466,-28],[-466,28],[-490,28],[-1238,138],[-331,0],[-466,-138],[-564,-263],[-552,-234],[-442,-180],[-870,-317],[-589,-263],[-441,-262],[-282,-207],[-527,-511],[-466,-510],[-245,-304],[-319,-552],[-356,-815],[-12,-41],[-515,-1229],[-135,-345],[-233,-566],[-441,-579],[-515,-276],[-650,-125],[-368,-179],[-650,-456],[-429,-262],[-1582,-800],[-343,-235],[-539,-373],[-515,-262],[-307,-249],[-466,-565],[-331,165],[-588,-69],[-368,-124],[-393,-124],[-576,-235],[-539,-124],[-344,152],[-527,27],[-748,193],[-368,42],[-466,-138],[-404,-511],[-147,-497],[-184,-607],[-601,-511],[-711,-317],[-1018,-318],[-270,-455],[-36,-470],[-86,-524],[-172,-580],[-429,-262],[-503,83],[-392,69],[-613,248],[-442,124],[-919,276],[-527,263],[-577,552],[-466,455],[-576,387],[-454,207],[-441,152],[-380,124],[-650,138],[-392,718],[12,345],[123,966],[122,759],[49,746],[123,497],[441,1352],[356,1574],[147,483],[61,511],[-12,828],[49,538],[-147,829],[37,648],[441,663],[515,276],[466,331],[-613,1809],[-711,3271],[-834,2319],[-245,635],[-662,1477],[-478,773],[-393,593],[-135,194],[-650,731],[-355,304],[-576,538],[-344,304],[-564,400],[-453,290],[-773,400],[-539,277],[-454,151],[-601,97],[-944,138],[-1201,41],[-626,42],[-564,-55],[-956,-194],[-147,-41],[-1104,-290],[-674,-221],[-576,-179],[-761,-387],[-1630,-883],[-1312,-870],[-785,-828],[-356,-552],[-171,-456],[-466,-690],[-282,-428],[-429,-966],[-135,-497],[-429,-1560],[-74,-855],[0,-884],[-86,-524],[-184,-649],[-1128,-1795],[-2293,-2981],[-1508,-2499],[-306,-842],[-98,-1421],[1091,-1381],[270,-331],[466,-497],[1998,-2637],[1435,-2332],[294,-428],[319,-456],[502,-759],[920,-1132],[123,-138],[-491,-524],[-294,-318],[-723,-1173],[-1006,-1049],[-1447,-1049],[-1532,-911],[-2256,-870],[-1104,-207],[-270,-41],[-1250,-235],[-895,69],[-1055,55],[-858,-83],[-552,-165],[-503,-387],[-294,-345],[-208,-455],[-172,-649],[-147,-318],[-576,-428],[-380,-428],[-111,-372],[-61,-649],[-540,-566],[-331,-262],[-453,-180],[-564,-124],[-380,-566],[-687,-414],[-1189,-290],[-466,-165],[-246,-221],[-331,-511],[-441,-828],[-343,-511],[-515,-552],[-196,-55],[-797,124],[-1018,442],[-846,372],[-3691,911],[-1925,14],[-1569,-276],[-1508,-373],[-540,-41],[-1226,-83],[-981,124],[-736,111],[37,372],[-723,277],[-368,-166],[-478,-166],[-343,180],[-736,952],[-429,373],[-638,207],[-637,248],[-540,207],[-601,373],[-502,331],[-442,235],[-601,262],[-588,111],[-2097,138],[-699,14],[-441,-83],[-589,317],[-686,332],[-466,220],[-417,138],[-405,111],[-441,41],[-478,-41],[-503,-124],[-356,0],[-576,428],[-12,786],[0,539],[-123,593],[-331,635],[-453,649],[-13,331],[-527,483],[-466,-262],[-368,-359],[-429,-110],[-417,414],[-441,676],[-515,-124],[-221,-663],[-404,-386],[-393,28],[-478,27],[-294,-800],[98,-553],[-307,-579],[-453,276],[-466,441],[-503,-96],[-380,-55],[-491,41],[-588,-290],[-540,-179],[-367,138],[-405,400],[-319,207],[-392,235],[-442,234],[-551,194],[-957,303],[-662,-386],[-466,400],[-3310,-110],[-883,-138],[-515,179],[-650,69],[-552,-110],[-380,-69],[-453,-69],[-430,-42],[-649,-41],[-528,-42],[-760,14],[-613,-14],[-233,-427],[-184,-580],[-208,-608],[-147,-400],[-147,-455],[-258,-815],[-172,-524],[-233,-718],[-196,-552],[-208,-621],[-258,-760],[-674,-124],[-343,-55],[-564,69],[-515,138],[-552,138],[-589,207],[-318,276],[-577,566],[-478,483],[-441,387],[-368,262],[-834,538],[-392,249],[-589,538],[-122,677],[-209,552],[-282,386],[-233,262],[-515,290],[-613,-13],[-49,800],[-49,718],[-73,745],[-172,663],[-368,276],[-454,97],[-367,303],[-307,456],[-380,607],[-294,635],[24,442],[-24,690],[-148,1008],[491,234],[245,525],[25,455],[61,718],[135,690],[257,746],[491,193],[184,359],[-184,593],[-135,373],[-209,511],[-392,593],[-637,456],[-368,262],[-344,400],[-171,497],[-25,373],[-159,497],[-160,387],[-257,676],[-172,345],[-343,345],[-184,718],[-135,331],[-184,469],[-159,842],[-258,677],[-49,455],[135,553],[-233,690],[-245,248],[-123,608],[123,331],[159,607],[-36,718],[-356,179],[-356,207],[-465,470],[-466,690],[-577,483],[-392,469],[74,898],[49,400],[0,635],[-135,511],[-172,828],[196,731],[-147,677],[-221,607],[-257,801],[-454,124],[-686,138],[-1594,635],[-454,179],[-503,539],[-380,262],[-478,193],[-454,304],[-159,345],[-441,359],[-442,386],[-601,-510],[-404,-387],[-466,-400],[-662,-331],[-295,165],[-502,207],[-417,746],[-135,621],[-86,731],[-24,815],[12,497],[37,400],[159,538],[-12,428],[73,608],[197,538],[12,607],[-184,773],[0,525],[392,580],[-98,510],[-245,704],[-392,787],[-209,552],[-270,980],[-24,42],[-86,800],[319,525],[319,317],[380,580],[551,497],[-36,525],[282,676],[588,428],[1128,-41],[503,331],[123,469],[122,387],[294,538],[62,442],[-86,579],[-159,608],[-442,442],[-392,372],[-393,511],[-245,455],[-478,856],[-135,580],[147,538],[160,663],[110,787],[159,1090],[-380,539],[-318,289],[-319,401],[-209,303],[-159,553],[-37,400],[-257,773],[-540,317],[-552,125],[-588,234],[-380,373],[-282,386],[-295,442],[-404,331],[-650,42],[-503,-400],[-551,-152],[-577,110],[-441,221],[-564,538],[-282,511],[-282,456],[-454,497],[-503,345],[-331,207],[-331,497],[-196,386],[-294,690],[-270,594],[-184,262],[-343,525],[-319,359],[-601,483],[-527,317],[-233,318],[-196,510],[-98,635],[-147,401],[-368,428],[-405,55],[-490,-235],[-503,-248],[-613,110],[-294,290],[-307,676],[-73,456],[-601,96],[-454,180],[-294,400],[-208,304],[-417,704],[-368,690],[-221,400],[-282,732],[-196,759],[-184,580],[-172,621],[-49,400],[-36,511],[-282,690],[-282,456],[-430,704],[-625,980],[-123,207],[-416,690],[-454,745],[-515,511],[-429,387],[-221,538],[-319,442],[-306,607],[-123,704],[-122,773],[-417,428],[-258,345],[-270,552],[-355,483],[0,828],[61,663],[-159,856],[-258,511],[-86,428],[-159,648],[0,566],[123,401],[-380,552],[-442,579],[-441,456],[-282,359],[-196,386],[-123,511],[-37,483],[-135,497],[-245,290],[-405,290],[-490,442],[-343,469],[-135,455],[-37,622],[429,676],[331,221],[123,635],[-49,635],[-37,441],[-123,553],[-159,386],[-405,304],[-502,110],[-528,249],[-490,579],[-392,290],[-650,14],[-356,138],[-135,566],[233,704],[-61,594],[-515,593],[-123,525],[-98,607],[-367,235],[-442,179],[-368,663],[-319,469],[-367,345],[-430,180],[-343,69],[-601,276],[-367,290],[-466,552],[-111,303],[-98,787],[25,649],[-13,538],[-122,732],[-442,676],[-564,442],[-196,483],[-73,497],[135,649],[36,386],[62,759],[-307,511],[-355,221],[-479,318],[-282,317],[-245,635],[-61,469],[-282,649],[-245,580],[-123,621],[12,842],[-86,649],[-367,759],[-405,511],[-110,552],[343,676],[588,-55],[319,-69],[527,-110],[491,-69],[552,110],[257,262],[160,552],[85,415],[233,483],[319,248],[356,207],[417,318],[245,289],[184,649],[12,414],[-61,732],[-123,580],[-61,345],[-184,621],[-233,635],[-233,980],[-159,621],[-148,400],[-380,497],[-711,97],[-503,-28],[-600,-138],[-540,-96],[-601,193],[-220,607],[73,621],[184,428],[160,401],[-111,731],[-503,663],[-662,690],[-380,235],[-613,-276],[-466,-622],[-331,-165],[-453,-28],[-663,193],[-907,263],[-1005,221],[-503,124],[-613,248],[-491,359],[-257,539],[-49,510],[-49,566],[-159,566],[-479,773],[-404,621],[-282,677],[-111,414],[-245,483],[-343,124],[-515,69],[-442,566],[-196,759],[-306,497],[-478,787],[-381,469],[-515,580],[-380,511],[-318,304],[-479,193],[-306,55],[-478,152],[-552,497],[221,676],[527,180],[441,262],[196,635],[86,511],[135,524],[221,428],[135,373],[122,579],[258,484],[319,303],[257,373],[74,759],[-233,676],[-98,525],[110,759],[454,262],[343,318],[319,621],[380,690],[-12,566],[-221,359],[-294,566],[-172,828],[-233,746],[-331,1118],[-25,414],[209,552],[147,552],[159,621],[37,663],[-552,524],[-318,456],[-552,552],[-380,180],[-491,358],[442,718],[294,263],[-12,634],[-147,856],[-221,539],[-405,690],[-625,428],[-454,-111],[-429,-317],[-392,-83],[-638,359],[-306,400],[-258,718],[37,745],[343,649],[-135,538],[-539,387],[-319,221],[-490,400],[-270,456],[-86,552],[-12,524],[-25,539],[-135,676],[-404,663],[-307,566],[-233,345],[319,676],[356,221],[502,373],[246,386],[-13,649],[-269,455],[-270,345],[-172,428],[12,594],[172,359],[147,538],[-380,663],[-490,262],[-650,83],[-993,110],[-368,28],[-515,96],[-307,277],[-294,496],[-245,470],[-282,428],[-160,469],[-110,621],[209,759],[282,442],[367,359],[442,317],[699,208],[343,248],[331,759],[123,580],[184,386],[515,415],[686,193],[540,14],[515,13],[735,97]],[[159101,214742],[466,-690],[564,-193],[331,-56],[454,83],[503,290],[331,345],[319,414],[183,345],[601,483],[601,139],[527,-221],[356,-304],[454,-428],[404,-359],[380,-317],[478,-359],[233,-193],[381,-346],[429,-662],[110,-525],[-25,-455],[0,-428],[356,-870],[245,-248],[429,-262],[442,-580],[380,-387],[270,-290],[515,-496],[478,-539],[441,-234],[344,-194],[465,-110],[528,-28],[331,-14],[527,-207],[270,-151],[453,-359],[74,-428],[37,-732],[159,-800],[405,-442],[453,-124],[344,-42],[453,-41],[503,-111],[319,-221],[539,-372],[577,-442],[576,497],[1422,4472],[1214,11871],[1140,5867],[773,1767],[981,925],[404,289],[528,456],[478,373],[772,648],[196,152],[908,732],[601,400],[367,345],[356,387],[478,538],[343,290],[626,221],[797,262],[674,152],[515,221],[809,3810],[270,538],[564,1049],[270,607],[-147,704],[-221,594],[270,469],[404,414],[356,263],[478,345],[368,510],[503,-41],[564,-345],[429,-110],[355,41],[368,511],[380,676],[638,166],[503,-428],[269,-180],[491,-41],[453,262],[687,304],[613,345],[454,235],[294,138],[576,138],[344,138],[417,414],[490,317],[368,83],[2930,304],[1153,207],[2170,566],[1704,828],[1337,814],[404,746],[332,621],[735,1173],[442,249],[539,248],[564,262],[343,221],[368,304],[209,262],[355,387],[552,718],[441,524],[503,525],[258,276],[392,386],[527,621],[429,387],[380,317],[405,428],[282,594],[135,442],[123,427],[1900,2968],[1435,2236],[686,1491],[442,1615],[306,1643],[687,2126],[110,358],[393,1464],[147,607],[208,1698],[319,2084],[208,4417],[246,5163],[98,2388],[-25,1007],[-98,829],[-159,1007],[-13,884],[-98,1311],[-73,1118],[-135,4335],[12,3740],[25,1381],[85,635],[846,1711],[123,470],[12,469],[-306,1629],[686,262],[528,386],[576,359],[503,249],[110,607],[270,732],[73,469],[-61,566],[-74,373],[-147,566],[344,731],[453,-69],[331,-152],[454,-96],[466,-221],[233,-235],[380,-400],[294,-594],[-98,-579],[-171,-470],[-197,-704],[-257,-441],[-184,-539],[184,-441],[98,-691],[-37,-455],[135,-580],[687,-414],[588,-55],[319,276],[-37,580],[-171,524],[49,677],[-454,635],[233,579],[576,470],[442,428],[306,41],[319,718],[-196,759],[-172,428],[-368,552],[-171,276],[-197,676],[197,525],[576,414],[686,-14],[442,-110],[429,276],[123,649],[171,386],[442,331],[257,346],[111,427],[36,635],[233,801],[601,359],[552,69],[294,-14],[491,-124],[576,-400],[686,248],[258,690],[-343,773],[-393,566],[-184,552],[-380,414],[-220,484],[-37,358],[-135,539],[147,649],[245,303],[270,649],[257,304],[270,717],[196,511],[331,207],[0,221],[0,856],[0,828],[13,704],[135,552],[245,608],[135,441],[208,621],[270,787],[0,746],[-135,414],[184,1021],[135,552],[478,304],[478,97],[307,165],[466,276],[220,801],[74,607],[37,594],[-37,566],[24,745],[-12,759],[294,622],[-122,731],[-552,180],[-687,372],[-490,428],[172,663],[24,248],[-1189,870],[-61,97],[294,2788],[331,2857],[61,249],[147,621],[221,552],[515,1284],[797,1601],[1508,1684],[2808,1367],[1643,510],[1140,608],[245,124],[1631,759],[650,290],[1937,1670],[3642,5287],[956,-690],[221,-14],[4451,138],[809,28],[2048,427],[6204,953],[2427,524],[1055,318],[1226,193],[2133,69],[3924,138],[3617,746],[1741,41],[1055,166],[417,-14],[429,-124],[417,-180],[404,-442],[123,-455],[233,-1629],[147,-842],[380,-1090],[1054,-2430],[2036,-4141],[650,28],[490,-276],[-86,-1519],[13,-428],[122,-1766],[-12,-428],[-98,-594],[-221,-1118],[-147,-1063],[-37,-455],[123,-3023],[122,-2540],[-24,-1436],[122,-676],[466,-759],[135,-345],[160,-470],[-368,-552],[-307,-304],[-208,-579],[-110,-553],[24,-483],[503,-883],[441,-221],[356,318],[699,386],[1189,-290],[245,-110],[871,-483],[748,-138],[564,-221],[404,-221],[-86,-1877],[307,-1588],[172,-676],[184,-635],[306,-442],[258,-193],[1066,-345],[1312,-580],[981,-690],[883,-663],[711,-607],[172,-235],[981,-1615],[1581,-2070],[442,-511],[650,-317],[1017,-704],[1913,-815],[1851,-386],[663,-111],[527,-110],[748,-97],[588,400],[295,0],[539,-234],[674,-359],[699,-331],[380,-290],[503,-221],[589,124],[809,180],[797,193],[625,110],[515,69],[356,83],[502,110],[381,42],[429,-124],[539,41],[736,41],[576,83],[0,539],[-12,386],[-25,1919],[-453,3009],[-344,1781],[-245,1725],[-37,235],[-502,2857],[-197,2485],[-110,649],[-208,1062],[-74,553],[552,220],[613,42],[601,524],[429,414],[355,180],[405,28],[478,-83],[650,193],[258,538],[233,414],[453,125],[527,-14],[319,-28],[626,193],[-123,1546],[-110,1008],[-62,400],[-110,635],[61,594],[74,580],[0,566],[-111,1049],[-73,552],[-147,1132],[-184,1642],[-25,207],[-171,1284],[-221,1836],[-172,1408],[-98,773],[-12,138],[-12,897],[12,718],[61,1008],[147,1546],[49,690],[123,1449],[25,221],[-37,828]],[[46102,536807],[-650,248],[-380,373],[-49,704],[61,428],[-478,538],[-306,566],[86,773],[-638,304],[-184,-663],[-208,-787],[-479,-41],[-61,662],[25,346],[-393,1062],[-159,166],[-687,690],[-220,304],[-479,663],[-649,634],[-332,318],[-183,759],[257,483],[-429,373],[-736,-28],[-257,456],[-319,400],[-392,166],[-405,69],[-674,290],[-724,69],[-73,800],[122,663],[454,663],[-233,538],[159,731],[258,760],[147,773],[282,441],[123,552],[-258,428],[12,580],[49,359],[-49,580],[123,787],[539,607],[49,483],[-61,704],[-294,359],[221,524],[282,539],[-184,359],[49,621],[-626,124],[-441,138],[-37,677],[-110,510],[-380,442],[147,483],[-110,469],[-405,594],[-86,635],[-625,-262],[-319,-263],[-527,28],[-478,-387],[-675,139],[-539,565],[-564,359],[-478,111],[-957,-69],[-932,-83],[-343,-28],[-196,718],[-184,773],[-405,262],[-380,511],[-662,469],[-478,166],[-61,801],[184,469],[392,152],[-233,718],[-282,469],[-12,442],[-86,497],[147,855],[-454,304],[-257,538],[184,691],[-393,745],[-429,221],[-490,497],[-307,414],[-233,331],[-208,442],[37,607],[171,594],[-319,635],[-416,193],[-344,97],[-466,193],[-429,193],[-417,-55],[-2464,6405],[-1459,4541],[-601,2140],[-417,1794],[-355,663],[-405,359],[-822,524],[-294,262],[-478,649],[-37,42],[-564,1214],[-355,1298],[0,1394],[12,828],[37,1657],[73,2222],[25,1187],[-147,1008],[-307,704],[-576,787],[-1545,1518],[-1962,1988],[-2489,2636],[-1165,1270],[-135,180],[-1042,1325],[-1361,2084],[-1251,2443],[-1189,2609],[-24,69],[-577,1877],[-392,2457],[12,1933],[37,663],[527,2194],[307,898],[245,759],[625,2112],[859,2484],[73,166],[957,2954],[1765,3478],[49,83],[2269,3506],[1900,3506],[748,1892],[1447,3658],[895,2857],[625,3009],[172,1049],[171,1063],[99,814],[12,97],[294,2250],[61,1104],[62,1215],[-147,1767],[-172,1850],[-86,1863],[-24,428],[-99,1946],[-257,3506],[-503,3672],[-147,4928],[-37,1601],[-478,7275],[172,4582]],[[12433,705403],[515,180],[10091,3713],[944,221],[355,83],[638,0],[956,-221],[1521,-456],[392,56],[393,441],[613,-55],[380,41],[490,125],[662,0],[1030,0],[1165,110],[515,55],[1484,-69],[6142,-317],[1043,2057],[257,234],[2710,304],[1569,166],[4267,759],[5677,1007],[1729,304],[1018,179],[5137,912],[74,41],[3653,1891],[1827,732],[1950,1490],[49,69],[650,884],[245,649],[527,1007],[184,318],[1606,1587],[3630,2430],[1140,828],[196,138],[4279,1836],[344,41],[576,166],[797,248],[405,263],[416,110],[638,207],[343,28],[466,234],[344,290],[760,497],[233,193],[294,442],[441,97],[356,-42],[429,-55],[392,110],[503,-82],[356,0],[527,13],[858,-165],[859,-276],[2807,-801],[258,-345],[196,-1173],[61,-483],[147,-884],[86,-428],[62,-469],[-25,-745],[-478,-221],[-12,-1022],[0,-856],[-37,-1477],[527,-510],[368,-97],[417,-290],[650,-234],[490,96],[417,55],[539,97],[381,97],[588,96],[454,124],[674,318],[491,41],[343,-151],[466,-359],[404,-511],[209,-304],[355,-414],[442,-193],[552,317],[306,166],[638,179],[723,-82],[478,-97],[417,-166],[662,-262],[662,-317],[773,-484],[2047,-980],[7271,-3437],[6290,-1877],[2992,-414],[3078,-14],[7442,1394],[2575,621],[1300,484],[11243,4803],[6339,4666],[209,55],[5088,-718],[4341,-676],[6927,-373],[6511,470],[490,55],[5052,-28],[466,-69],[3286,-524],[3948,-760],[5640,663],[478,110],[11648,4376],[197,42],[637,110],[1251,138],[601,-248],[159,-373],[932,-2278],[123,-303],[147,-566],[318,-649],[332,-469],[539,-221],[454,151],[1851,898],[785,303],[895,290],[858,14],[601,-276],[539,-497],[896,-511],[1606,-745],[674,-138],[454,0],[343,83],[478,290],[577,552],[956,745],[760,801],[392,552],[626,1049],[110,1063],[135,497],[282,649],[172,648],[36,497],[-196,1684],[184,566],[307,704],[-86,884],[-209,469],[-380,345],[-711,221],[-539,0],[-344,124],[-625,331],[-944,497],[-772,470],[-233,151],[-601,787],[-1717,5812],[-49,869],[-98,594],[-172,483],[-331,524],[-135,332],[-171,510],[-111,332],[-183,566],[-123,745],[-135,497],[-86,456],[-24,414],[-74,648],[-196,318],[-356,345],[-367,773],[-430,345],[-649,456],[-319,524],[-405,180],[-515,13],[-417,249],[-294,193],[-515,138],[-490,97],[-552,414],[-172,331],[-159,580],[-307,497],[270,469],[392,193],[552,221],[-49,621],[-306,414],[-123,608],[-233,290],[61,635],[172,386],[356,539],[355,220],[638,345],[392,180],[478,124],[368,14],[748,138],[392,414],[-159,469],[-576,318],[-295,359],[-208,524],[-123,332],[-171,524],[-221,704],[-123,359],[-429,456],[-441,-28],[-491,-55],[-490,469],[-37,621],[209,787],[318,607],[74,414],[-123,566],[-122,290],[-196,608],[269,428],[429,538],[307,621],[294,469],[613,525],[344,331],[453,580],[405,317],[736,166],[453,331],[270,566],[123,525],[502,511],[454,179],[159,649],[-134,925],[-332,717],[86,663],[344,138],[588,290],[74,428],[98,552],[221,566],[73,580],[0,428],[25,676],[380,635],[12,400],[-159,470],[-99,496],[-12,428],[123,746],[-233,524],[-417,635],[-417,718],[-233,635],[-147,525],[159,565],[270,428],[-37,622],[-36,510],[490,483],[368,290],[86,594],[12,511],[343,524],[258,676],[-245,442],[-50,704],[-85,497],[-123,414],[613,373],[601,-152],[159,566],[589,428],[270,-221],[576,-179],[282,455],[73,469],[344,456],[-356,594],[49,621],[172,345],[8252,8240],[2893,2485],[1141,718],[282,152],[735,234],[1067,359],[380,249],[466,331],[343,166],[724,207],[515,27],[490,-124],[307,-83],[466,-138],[674,-221],[797,2375],[478,2443],[135,2001],[-37,3134],[-956,4237],[-307,1740],[-233,2194],[98,829],[25,372],[98,566],[196,2333],[331,1008],[49,718],[221,3105],[2710,2720],[171,483],[246,1684],[331,593],[306,42],[711,262],[773,4017],[539,2139],[258,1201],[122,594],[270,414],[184,607],[429,3727],[773,6723],[956,9207],[-539,1380],[-209,414],[-601,897],[-294,511],[-270,621],[-196,690],[-1496,5549],[-1508,7813],[-208,690],[-14665,5080],[-15081,11926],[-687,511],[454,663],[368,483],[355,400],[332,456],[220,372],[356,691],[564,179],[208,594],[417,1173],[221,621],[221,345],[392,677],[282,607],[184,607],[135,635],[0,580],[-86,690],[-37,552],[-123,483]],[[229051,920076],[4120,-1642],[1839,-332],[111,-13],[1447,-180],[4217,14],[2955,-28],[1692,-13],[1116,110],[503,41],[613,235],[466,538],[73,856],[-61,1049],[-110,497],[-221,552],[-172,373],[-502,1022],[-123,234],[-613,1132],[-441,580],[-601,552],[-3605,3617],[-1361,1725],[-564,966],[-405,842],[-331,787],[-196,690],[-37,635],[172,539],[491,662],[416,331],[822,525],[539,262],[454,221],[564,442],[405,690],[883,1367],[183,262],[589,773],[674,566],[503,290],[932,552],[306,193],[430,386],[318,359],[368,194],[442,96],[392,42],[674,-42],[454,-152],[245,-220],[540,-1036],[515,-455],[441,-124],[699,124],[956,428],[932,621],[589,345],[613,304],[515,124],[502,41],[503,-124],[380,-83],[528,-179],[613,-124],[282,41],[821,262],[920,262],[380,235],[294,483],[258,594],[355,593],[319,497],[24,332],[-12,552],[-110,441],[-111,594],[-208,497],[-245,359],[-429,621],[-368,373],[-491,497],[-662,552],[-208,207],[-638,718],[-355,331],[-74,800],[135,539],[307,842],[306,676],[-12,870],[-184,649],[0,414],[380,455],[380,649],[-49,580],[-123,317],[-294,580],[-159,442],[-111,566],[319,441],[699,-276],[466,-262],[809,-497],[417,-248],[699,-428],[613,-359],[478,-304],[797,-524],[638,-442],[490,-387],[356,-179],[552,179],[490,207],[-74,2775],[-196,745],[86,649],[-61,801],[257,414],[1803,2402],[-466,607],[-429,690],[-1349,-27],[-270,345],[-2354,1104],[-233,414],[-429,249],[-809,441],[-393,262],[-490,152],[-711,180],[-687,69],[-294,-28],[-540,-165],[-662,-194],[-466,-138],[-502,-96],[-430,-14],[-490,110],[-687,345],[-331,221],[-306,525],[-147,731],[196,787],[233,677],[184,773],[-74,814],[-245,373],[-270,303],[-503,428],[-441,428],[-441,635],[-233,414],[-197,552],[-12,552],[98,566],[86,415],[466,552],[515,27],[527,28],[380,27],[552,14],[442,55],[429,14],[429,-27],[846,-14],[1103,14],[74,883],[-147,1022],[-37,469],[-37,442],[-257,483],[-368,538],[-319,690],[-159,815],[-172,428],[-674,1435],[-160,690],[184,566],[258,746],[171,497],[221,579],[-123,359],[-416,428],[-282,373],[-319,455],[-613,497],[-429,359],[-282,414],[-160,414],[-184,539],[-12,331],[-98,925],[-196,718],[-13,538],[37,359],[86,593],[356,553],[343,441],[257,456],[135,400],[270,649],[589,179],[478,-82],[306,-580],[282,-442],[160,-386],[147,-649],[478,-511],[932,-911],[404,-511],[896,-1049],[600,-649],[528,-510],[907,-663],[1557,-704],[221,-41],[883,538],[539,331],[491,-41],[478,-331],[257,-401],[319,-524],[515,-304],[711,-179],[454,248],[490,318],[209,359],[441,248],[-37,676],[-257,525],[-12,787],[-37,704],[-25,428],[638,400],[686,-83],[589,-235],[356,-165],[416,-83],[663,28],[404,-42],[429,-345],[344,-221],[404,-83],[540,263],[441,-69],[662,55],[724,-193],[588,-28],[466,69],[478,152],[761,41],[514,-165],[687,179],[196,235],[540,455],[478,249],[576,428],[258,331],[282,524],[306,359],[393,332],[527,13],[417,649],[245,704],[319,456],[319,400],[85,-538],[-24,-345],[-111,-815],[-196,-842],[-122,-690],[135,-1242],[-356,-166],[-429,-179],[270,-1339],[49,-194],[466,-1891],[-344,-773],[-319,-110],[344,-3037],[-25,-138],[-784,-745],[-197,-483],[62,-484],[-74,-745],[442,-718],[269,-552],[221,-414],[638,-1077],[404,-386],[221,-663],[184,-676],[257,-525],[123,-400],[184,-911],[220,-1339],[-73,-152],[-699,-469],[-24,-525],[110,-414],[233,-1256],[184,-317],[502,-138],[871,-249],[319,-110],[625,-401],[6364,-4196],[686,-207],[503,-497],[-147,-759],[98,-594],[24,-455],[172,-1311],[61,-622],[123,-786],[258,-649],[306,-732],[172,-676],[-123,-470],[-454,-938],[-196,-400],[-294,-635],[-159,-373],[-74,-497],[184,-897],[86,-456],[147,-690],[417,-414],[429,14],[846,497],[1349,814],[441,221],[417,138],[687,124],[674,42],[441,0],[515,-428],[246,-470],[515,-938],[245,-815],[184,-759],[380,-1270],[37,-193],[306,-1132],[282,-621],[258,-525],[147,-704],[-172,-483],[0,-1560],[61,-662],[-49,-483],[-61,-787],[-61,-7716],[0,-207],[61,-1436],[61,-1449],[13,-345],[134,-1698],[111,-1560],[171,-2319],[-134,-4859],[-148,-4003],[-73,-1822],[-110,-773],[-86,-538],[-368,-2499],[-331,-2194],[-12,-83],[-871,-6695],[-307,-2167],[-159,-2816],[110,-6143],[37,-1739],[12,-649],[25,-1753],[37,-1794],[49,-470],[306,-2843],[172,-1629],[331,-3713],[61,-690],[98,-1036],[37,-303],[233,-2457],[37,-414],[723,-3161],[221,-470],[294,-262],[969,-110],[110,-373],[172,-456],[233,-524],[25,-483],[49,-759],[-74,-760],[-123,-579],[74,-801],[172,-331],[269,-525],[270,-234],[-785,-898],[-453,-152],[-368,-455],[-687,-704],[-319,-387],[-355,-621],[61,-552],[-429,-676],[-221,-511],[-122,-911],[-221,-1532],[-331,-3244],[-638,-2913],[-1532,-4665],[870,-2830],[1349,-3133],[1042,-2057],[417,-814],[1300,-1615],[1373,-967],[723,-234],[332,-111]],[[803047,183242],[-8950,4956],[-1141,83],[-380,-732],[-392,-594],[-405,-96],[-515,-483],[-184,13],[-613,125],[-441,-552],[-687,-69],[-159,510],[-135,497],[-576,332],[-638,-456],[-257,-704],[-454,-193],[-392,262],[-650,55],[-331,732],[478,400],[589,538],[-111,677],[-686,221],[-479,-14],[-355,-166],[-442,-662],[-527,-456],[-404,-55],[-442,455],[196,401],[528,1201],[-13,538],[-429,262],[-343,276],[-344,332],[-61,441],[-466,387],[-735,41],[-577,290],[-466,373],[-490,69],[-245,-428],[245,-690],[-196,-414],[-564,-401],[-491,-469],[-331,-345],[-466,-497],[-674,331],[-307,276],[-527,14],[-625,442],[-368,593],[-687,318],[-478,110],[-208,359],[-491,373],[-404,690],[233,469],[-184,801],[-650,400],[-196,677],[-331,718],[-479,593],[-306,359],[-589,-262],[-735,124],[-282,152],[-564,-249],[-552,-207],[-527,207],[-429,42],[-454,-511],[-576,-41],[-454,-180],[-490,138],[-601,-165],[-74,-428],[-368,-635],[-233,-470],[-282,-773],[-502,-193],[-650,-331],[-282,-470],[-601,-276],[-478,-27],[-650,234],[-208,152],[-552,152],[-540,249],[-417,220],[-735,194],[-577,-14],[-392,-69],[-576,97],[-307,82],[-527,180],[-515,-14],[-245,-235],[-589,-55],[-662,28],[-441,-373],[-196,-525],[-601,125],[-405,345],[-539,-331],[-429,165],[-307,456],[-588,414],[-430,-69],[-490,41],[-515,-469],[-392,41],[-405,304],[-748,83],[-282,-621],[-601,483],[-686,-83],[-601,221],[-135,676],[-429,732],[-491,497],[-404,-97],[-417,-414],[-49,-690],[-601,-290],[-331,566],[-392,-83],[-368,635],[-466,-594],[-650,14],[-356,442],[-429,28],[-404,427],[-613,194],[-405,-345],[-417,400],[209,524],[392,332],[564,552],[-110,386],[-638,-27],[-576,41],[-344,166],[-490,262],[-441,14],[-454,-166],[-442,-110],[-662,414],[-282,483],[-380,0],[-601,-97],[-294,704],[-490,56],[-613,207],[-233,704],[24,607],[135,718],[-429,124],[-429,373],[-98,400],[-307,400],[-625,-83],[-589,-234],[-380,-649],[-637,-235],[-405,111],[-576,428],[-760,0],[-577,69],[-404,152],[-429,-97],[-638,428],[-515,83],[-772,27],[-601,-372],[-331,-442],[-601,-400],[-454,69],[-404,-56],[-613,235],[-430,124],[-674,-55],[-343,262],[-295,401],[-441,96],[-343,525],[-613,-221],[-454,179],[-405,235],[-686,373],[-417,248],[-699,193],[-441,111],[-270,731],[-662,608],[-699,-42],[-405,-82],[-441,400],[-356,55],[-404,387],[-626,13],[-527,221],[-417,-83],[-466,318],[-355,455],[-331,221],[-613,552],[-479,277],[-515,220],[-429,194],[-355,745],[-282,414],[-491,331],[-343,28],[-441,124],[-589,-386],[-478,-111],[-601,442],[-552,469],[-86,553],[-208,303],[-233,428],[-576,193],[-393,207],[-478,359],[-355,56],[-613,358],[-515,111],[-564,-400],[-675,-69],[-453,-180],[-307,-400],[-564,-332],[-466,-82],[-650,-249],[-466,-165],[-674,138],[-625,-83],[-393,317],[-453,111],[-613,96],[-381,-41],[-588,124],[-49,497],[-258,497],[-429,110],[-490,-151],[-601,151],[-454,83],[-367,539],[-344,96],[-404,442],[-515,28],[-601,-566],[-515,193],[-196,718],[-454,607],[-417,55]],[[787512,545227],[393,27],[723,139],[393,510],[269,373],[25,442],[429,524],[478,-41],[307,152],[490,607],[515,221],[270,483],[257,580],[675,0],[453,538],[626,511],[380,483],[-49,662],[380,359],[380,428],[294,263],[552,248],[392,-400],[356,-263],[429,263],[589,-221],[392,276],[392,-55],[405,331],[86,483],[551,525],[405,165],[392,318],[675,207],[637,359],[650,483],[515,-290],[319,-331],[331,-566],[417,14],[503,69],[1704,-387],[454,-345],[1152,41],[552,-579],[515,-249],[1606,-193],[343,-55],[515,-428],[491,14],[294,-304],[613,207],[147,801],[-184,427],[-61,801],[258,676],[-515,166],[134,718],[712,207],[196,469],[576,138],[368,69],[490,-165],[429,221],[491,234],[601,-372],[110,-663],[270,-801],[147,-331],[74,-635],[110,-621],[147,-635],[307,-952],[208,-1022],[37,-179],[1275,-2651],[0,14],[184,-442],[441,-1546],[37,-138],[319,-1104],[122,-428],[221,-1339],[110,-1960],[-282,-1463],[-110,-538],[-392,-746],[-883,-1656],[-503,-566],[-699,-773],[-466,-552],[-343,-635],[-86,-207],[-294,-870],[-37,-732],[270,-1407],[527,-1602],[258,-787],[49,-165],[245,-1574],[-405,-5618],[-98,-3313],[344,-2843],[416,-1960],[25,-83],[932,-2871],[1005,-3134],[601,-1877],[564,-718],[883,-649],[110,-82],[638,-552],[270,-718],[527,-1491],[686,-1836],[650,-1629],[736,-1118],[1116,-980],[478,-400],[454,-262],[956,-387],[1667,-663],[1349,-427],[1459,-594],[1300,-621],[1324,-456],[1619,-331],[2268,-455],[1435,-332],[809,-248],[159,-566],[-37,-718],[319,-290],[307,-566],[318,-731],[319,-483],[160,-484],[-675,-345],[-453,-110],[61,-718],[257,-359],[148,-538],[171,-1367],[-12,-828],[-282,-511],[-552,-497],[-490,-27],[-442,-14],[-515,14],[-686,138],[-503,138],[-699,-55],[-576,-594],[355,-455],[-159,-401],[-270,-400],[-429,-14],[-466,-317],[-588,-373],[-675,-428],[-306,-442],[-454,28],[-490,-276],[-528,-580],[-564,-442],[-478,-565],[-551,-263],[8729,-18220],[-282,-484],[-61,-345],[123,-593],[24,-304],[98,-676],[270,-332],[319,-345],[257,-648],[37,-373],[-37,-621],[-392,-470],[-527,-897],[-540,-152],[-613,497],[-490,428],[-466,-96],[-270,-180],[-454,-524],[258,-1036],[12,-248],[-37,-966],[-208,-801],[650,-124],[588,-42],[356,-331],[319,-152],[515,0],[233,801],[-356,221],[-380,234],[-319,566],[282,414],[503,-441],[368,-69],[539,96],[356,166],[736,207],[478,-442],[637,-290],[871,456],[539,511],[417,124],[270,-621],[368,-773],[319,-290],[367,-428],[307,-180],[1153,-124],[282,-179],[490,-359],[601,124],[319,304],[674,718],[539,220],[172,-704],[-356,-289],[123,-746],[944,-69],[466,180],[196,428],[-36,648],[282,387],[625,-28],[466,69],[245,373],[-98,745],[417,580],[417,-262],[49,-497],[637,-124],[196,372],[381,359],[453,28],[209,-773],[735,-69],[123,566],[601,110],[355,373],[135,676],[172,552],[405,401],[527,-276],[135,-856],[233,-497],[564,-180],[306,249],[74,524],[711,318],[343,-262],[625,-442],[785,-28],[405,387],[257,193],[589,-179],[49,-456],[564,-235],[368,139],[380,289],[625,-27],[-37,-635],[540,-635],[539,-428],[-24,-469],[233,-401],[502,-69],[736,276],[454,-96],[404,-290],[699,55],[479,594],[134,745],[86,787],[650,83],[429,-345],[662,13],[147,470],[-147,690],[-650,483],[-98,525],[13,704],[355,317],[527,-359],[221,-538],[429,-304],[503,552],[282,677],[258,372],[514,-14],[282,-193],[663,-290],[490,290],[208,456],[368,580],[491,179],[306,262],[613,0],[601,-234],[540,372],[-417,594],[-393,248],[-184,539],[-514,386],[-540,180],[-454,469],[-61,442],[0,607],[319,290],[454,455],[24,566],[294,345],[429,359],[-49,787],[49,566],[356,511],[319,359],[515,414],[196,331],[331,442],[478,41],[111,580],[416,483],[209,373],[110,593],[-12,332],[441,455],[307,318],[245,648],[589,566],[355,387],[37,483],[564,235],[527,-83],[429,110],[491,525],[233,579],[625,0],[454,-151],[772,-28],[515,262],[245,304],[393,469],[1422,-1380],[1631,-980],[404,-276],[663,-470],[944,-759],[1054,-966],[822,-911],[919,-1090],[478,-884],[773,-939],[515,-745],[110,-166],[393,-524],[870,-1643],[785,-1780],[466,-801],[0,-14],[159,-911],[172,-1132],[270,-1698],[269,-1615],[-662,-55],[-552,-345],[-196,-345],[-147,-580],[-331,-414],[-257,-304],[-442,-676],[-637,290],[-626,-55],[-551,-552],[-528,-276],[-257,-387],[-356,-317],[-478,-166],[-466,-580],[-429,-469],[-687,-235],[-233,-331],[-441,-166],[-638,-41],[-306,-345],[-282,-304],[49,-649],[294,-386],[-453,-690],[-307,-622],[49,-704],[-699,194],[-404,152],[-491,262],[-208,773],[-356,635],[-208,276],[-1459,-2402],[-62,-83],[-1067,-1808],[-147,-248],[-1814,-3341],[-1104,-1712],[-4414,-8144],[-1949,-3671],[-2293,-4321],[-883,-2057],[-969,-2263],[-662,-1740],[-3114,-6253],[-2624,-4527],[-3225,-5715],[-12,0],[-1410,-2926],[-809,-1657],[-2085,-3409],[-1912,-2733],[-4402,-8269],[-7063,-12740],[-1434,-2582],[-2722,-4900],[-1852,-3340],[-4242,-7592],[-4806,-8420],[-1190,-2071],[-932,-1532],[-4696,-7716],[-2979,-5398],[-184,-303],[-2317,-3796],[-3765,-6516],[-61,-193],[-208,-704],[-319,-911],[-1202,-3492],[-1005,-2678],[-209,-414],[-232,-373],[-663,-745],[-1545,-1974],[-380,-745],[-147,-594],[-37,-511],[172,-552],[429,-455],[478,-290],[1141,-387],[1545,-511],[478,-262],[355,-386],[209,-621],[61,-484],[123,-855],[-135,-1712],[0,-69],[-86,-1035],[233,-456],[392,-552],[209,-580],[0,-428],[-135,-552],[-110,-331],[-123,-594],[123,-441],[429,-580],[429,-497],[405,-373],[735,-469],[4157,-2222],[1030,-677],[368,-317],[269,-815],[98,-552],[13,-483],[-74,-483],[-196,-801],[-282,-1159],[-417,-1739],[-172,-732],[-122,-580],[-589,-3161],[-49,-828],[196,-1408],[736,-1836],[123,-304],[613,-1449],[282,-1008],[36,-317],[-12,-704],[-417,-1670],[25,-649],[270,-966],[306,-828],[724,-1188],[282,-635],[257,-745],[-12,-621],[-111,-456],[-993,-1490],[-478,-815],[-981,-1670],[-1238,-3106],[110,-4748],[37,-1022],[-1435,-4624],[-3764,-13141],[-5959,-16247],[-1680,-5259],[-3739,-13500],[-1288,-4569]],[[552686,821312],[870,-42],[1030,-69],[515,0],[10030,-331],[6842,290],[10875,649],[8878,1477],[1054,69],[736,-28],[686,-110],[1030,-180],[368,318],[454,442],[343,220],[576,180],[1889,235],[318,345],[515,386],[515,649],[25,497],[-86,662],[221,263],[-209,635],[-98,828],[-171,731],[24,373],[307,552],[392,332],[441,0],[662,-221],[479,55],[318,96],[589,208],[172,358],[-49,677],[-62,745],[160,414],[-184,663],[-515,-42],[-111,842],[-12,815],[-122,621],[-172,387],[-503,427],[-135,842],[-355,511],[-331,-14],[-491,-55],[-453,138],[-270,677],[588,538],[184,649],[-539,179],[-123,746],[625,331],[503,207],[331,-111],[429,-262],[687,-331],[380,28],[307,524],[600,538],[430,56],[392,138],[208,538],[515,594],[295,524],[576,166],[552,-14],[392,221],[466,372],[490,235],[626,456],[466,303],[416,-82],[577,-125],[368,-41],[453,83],[380,262],[221,331],[503,856],[257,345],[135,608],[-539,358],[-356,56],[-380,566],[49,538],[123,442],[318,469],[466,359],[405,124],[466,-83],[576,428],[-184,469],[-49,622],[-86,483],[-159,593],[-307,332],[-588,96],[-417,-152],[-368,304],[233,607],[-12,387],[-294,497],[-626,41],[-625,55],[-331,194],[-380,635],[0,593],[331,428],[233,400],[331,263],[650,400],[282,594],[-98,441],[-233,497],[-209,787],[319,304],[25,524],[613,249],[515,69],[208,331],[12,566],[74,524],[294,318],[417,248],[74,732],[-393,97],[-466,-83],[-245,-262],[-539,538],[282,428],[441,276],[429,166],[380,41],[564,28],[478,496],[-98,511],[528,-69],[331,0],[588,207],[380,359],[37,635],[-319,345],[-613,-110],[-159,607],[552,207],[392,55],[380,663],[-257,400],[490,539],[356,55],[637,290],[478,-263],[380,-248],[663,-14],[367,-138],[430,235],[662,-69],[539,138],[515,248],[196,456],[503,-14],[441,-110],[564,193],[-24,773],[245,538],[-221,607],[-12,718],[687,166],[637,386],[-36,553],[649,151],[479,42],[392,-193],[147,-746],[74,-552],[417,-193],[490,552],[98,511],[-49,386],[-98,497],[257,400],[13,829],[61,869],[233,262],[245,484],[380,566],[540,842],[257,427],[209,304],[564,1160],[441,883],[135,0],[5603,-55],[3752,497],[282,41],[3090,1160],[1055,372],[1937,677],[993,359],[576,234],[564,483],[307,442],[380,525],[564,786],[1545,2099],[392,41],[724,69],[404,373],[356,552],[392,97],[478,-304],[319,-704],[552,-359],[454,-41],[159,579],[711,-152],[564,-427],[638,289],[576,56],[307,345],[588,-525],[711,-55],[380,759],[196,400],[13,470],[527,248],[356,304],[404,83],[527,-442],[13,-455],[294,-691],[380,97],[343,-718],[37,-538],[319,-704],[270,-400],[539,-511],[417,-331],[466,-511],[270,-414],[306,-746],[638,373],[527,483],[368,580],[257,248],[184,580],[711,-138],[368,-345],[675,124],[686,-359],[282,-648],[601,372],[687,-221],[613,-207],[625,235],[356,152],[429,248],[625,414],[711,318],[552,-83],[650,124],[686,42],[589,165],[674,345],[295,511],[625,511],[674,-594],[331,-179],[613,-193],[626,-111],[748,14],[392,97],[282,331],[294,373],[368,469],[552,552],[588,152],[650,-456],[540,-151],[331,165],[981,925],[343,663],[478,441],[478,-124],[344,469],[122,553],[577,82],[453,-110],[368,373],[724,262],[478,-83],[564,-221],[441,235],[454,-193],[306,-387],[319,-234],[503,234],[368,-69],[331,-580],[441,-262],[491,304],[343,-42],[637,-55],[761,69],[674,-165],[589,55],[453,96],[429,318],[233,593],[712,277],[576,179],[404,0],[577,-14],[368,-27],[429,207],[331,414],[294,414],[625,221],[589,-69],[466,27],[527,-96],[576,359],[380,524],[-110,580],[-282,386],[221,525],[355,304],[601,-42],[233,-455],[589,179],[208,635],[454,511],[404,455],[258,318],[625,317],[429,263],[552,138],[589,524],[735,138],[589,249],[196,427],[380,497],[417,497],[245,235],[405,635],[564,580],[380,303],[-49,594],[-74,400],[37,525],[429,262],[356,718],[61,745],[135,497],[343,608],[527,138],[-85,635],[404,510],[429,-69],[663,345],[613,-96],[576,386],[466,-110],[24,-939],[503,-179],[490,331],[-12,663],[25,455],[380,414],[686,69],[356,111],[490,0],[258,648],[49,414],[307,415],[220,510],[503,566],[417,111],[343,165],[3102,-3947],[1987,-1892],[797,-759],[502,-828],[123,-690],[37,-966],[-491,-1892],[-723,-2829],[-37,-718],[-49,-966],[184,-1519],[380,-1753],[61,-510],[-441,-442],[-86,-856],[-86,-732],[-282,-648],[-73,-318],[-98,-635],[110,-428],[208,-455],[-220,-525],[-258,-290],[86,-648],[-147,-691],[49,-469],[73,-580],[-98,-662],[-73,-539],[-12,-427],[171,-787],[-61,-649],[-49,-387],[-209,-538],[-208,-814],[245,-677],[319,-538],[98,-414],[258,-428],[171,-649],[111,-759],[257,-497],[221,-511],[-49,-579],[282,-401],[269,-579],[-196,-801],[-417,-152],[-171,-773],[147,-414],[184,-594],[220,-759],[209,-524],[-98,-718],[-49,-856],[-37,-386],[-270,-428],[-220,-387],[-74,-1642],[123,-1643],[-13,-745],[-147,-1684],[-37,-442],[13,-608],[184,-1628],[331,-3824],[-13,-386],[-159,-1436],[-159,-787],[-613,-2747],[-295,-2194],[-135,-1491],[-184,-3451],[-36,-442],[-86,-455],[-258,-580],[-392,-649],[-674,-897],[-221,-607],[-441,-1436],[12,-704],[417,-732],[662,-662],[-62,-207],[-527,-967],[-233,-345],[-171,-869],[-74,-359],[-24,-552],[12,-1712],[-37,-870],[-61,-579],[0,-401],[24,-497],[0,-441],[62,-773],[797,262],[1667,538],[674,207],[393,42],[515,-14],[319,-41],[576,-111],[61,-428],[61,-662],[197,-525],[515,-276],[-172,-649],[-687,-400],[-49,-663],[184,-703],[233,-497],[123,-442],[686,221],[344,345],[551,193],[160,345],[343,359],[564,414],[662,442],[552,-607],[49,-925],[209,-497],[588,124],[343,635],[380,110],[466,-69],[197,-662],[441,-207],[564,-608],[12,-579],[-539,-470],[0,-428],[306,-648],[-220,-553],[-442,-289],[-122,-373],[110,-704],[86,-469],[0,-442],[282,-525],[-356,-662],[-233,-401],[-282,-565],[319,-622],[196,-538],[0,-386],[-184,-622],[-110,-579],[110,-773],[-24,-539],[355,-552],[270,-662],[37,-470],[-245,-607],[-356,-400],[-601,-649],[-404,-373],[-221,-221],[-601,-276],[-748,-925],[-490,-759],[-282,-731],[-98,-428],[-123,-649],[-37,-690],[13,-856],[61,-594],[196,-690],[331,-676],[331,-566],[1055,-1795],[233,-648],[61,-414],[24,-884],[-61,-1891],[25,-676],[110,-939],[380,-2968],[12,-110],[405,-3810],[-12,-607],[-319,-2209],[-1091,-6515],[-430,-2250],[-797,-6778],[-183,-2222],[110,-3175],[282,-2153],[49,-456],[613,-2112],[797,-1836],[98,-207],[478,-1532],[-86,-400],[-73,-483],[-392,-525],[-123,-497],[-61,-649],[-270,-400],[-491,-276],[-257,-124],[-540,-400],[-698,-290],[-564,-249],[-332,-41],[-429,-262],[-502,-263],[-724,-138],[-404,-41],[-442,-525],[-490,-179],[-638,-387],[-441,-290],[-540,-41],[-613,-400],[-380,-511],[-736,-110],[-441,-332],[-319,-552],[49,-455],[-269,-428],[-417,-318],[-282,-414],[-454,-662],[-527,-56],[-552,-510],[-356,-138],[-306,-442],[-209,-359],[-515,-304],[-331,497],[-171,387],[-503,386],[-441,-96],[-319,-691],[-294,-621],[-380,14],[-442,-345],[-245,-607],[-392,-622],[-540,-165],[-2182,-704],[-479,-138]],[[159101,214742],[-36,594],[-184,496],[-270,442],[-270,331],[-613,401],[-405,124],[-564,166],[-539,138],[-601,276],[-380,290],[-356,372],[-331,428],[-355,442],[-319,373],[-527,593],[-356,262],[-625,318],[-576,193],[-650,180],[-650,414],[-380,455],[-294,428],[-503,539],[-564,524],[-711,635],[-1165,1160],[-123,124],[-711,676],[-993,911],[-748,649],[-478,359],[-368,635],[-110,538],[-25,939],[-12,745],[-37,1519],[-24,842],[-86,745],[-245,552],[-344,469],[-196,235],[-539,442],[-724,165],[-601,28],[-466,-110],[-588,-401],[-613,-317],[-760,-97],[-442,401],[-73,317],[-98,663],[-99,1283],[-36,470],[-233,648],[-245,263],[-430,221],[-380,262],[-502,621],[-307,566],[-429,1008],[-196,690],[-98,731],[-62,594],[-122,607],[-111,332],[-306,634],[-172,415],[282,607],[111,331],[355,373],[380,566],[196,428],[209,469],[208,663],[319,566],[110,690],[393,414],[343,442],[-331,731],[-343,456],[-172,262],[-343,635],[-123,690],[405,801],[269,635],[344,662],[-49,732],[-172,580],[-319,607],[-453,179],[-577,235],[-478,235],[-282,276],[-453,718],[-503,248],[-172,249],[-454,648],[-478,42],[-331,27],[-220,594],[-172,814],[-343,359],[-491,-69],[-368,0],[-588,207],[-429,-96],[-515,165],[-356,166],[-674,-345],[-442,-249],[-600,152],[-405,331],[-515,152],[-429,207],[-270,318],[-552,580],[-208,593],[-552,580],[-466,-28],[-466,580],[-233,497],[-86,442],[-380,414],[-502,386],[-430,511],[-306,262],[-405,442],[-551,235],[-405,193],[-270,483],[-135,359],[0,704],[-196,359],[-184,621],[-110,442],[-417,607],[-380,290],[-441,262],[-393,373],[-245,442],[-172,317],[-282,400],[-282,332],[-257,331],[-442,662],[-478,290],[-294,580],[466,566],[-98,621],[-564,539],[-123,552],[392,345],[675,138],[650,331],[625,304],[319,483],[331,386],[564,594],[515,483],[417,690],[-25,359],[37,815],[147,455],[-196,566],[-196,787],[331,290],[503,635],[-258,552],[-159,635],[257,400],[699,318],[405,496],[429,401],[417,676],[220,469],[344,304],[147,649],[-368,469],[-258,718],[454,235],[356,-42],[502,152],[13,552],[-86,828],[490,373],[442,152],[429,511],[196,552],[123,414],[122,442],[626,276],[404,-249],[368,497],[12,787],[-392,207],[-12,621],[404,138],[380,428],[-282,621],[-441,345],[-392,235],[-307,566],[61,856],[86,511],[429,566],[-36,483],[-503,635],[319,483],[196,704],[-258,497],[-478,-42],[-355,-276],[-430,-345],[-416,428],[-736,152],[-540,-124],[-502,-138],[-528,-56],[-306,180],[-748,-28],[-576,-179],[-393,14],[-551,110],[-724,166],[-502,110],[-344,-221],[-453,-234],[-344,179],[-73,745],[-172,608],[-368,83],[-466,-14],[-490,428],[-196,469],[-62,428],[147,704],[221,607],[343,677],[111,441],[-49,497],[196,594],[-172,386],[-208,442],[-491,359],[-392,483],[-589,456],[-282,331],[-453,262],[-429,594],[159,593],[307,621],[318,760],[148,469],[355,635],[61,690],[-122,842],[98,442],[306,662],[295,235],[539,-138],[589,317],[171,760],[-73,524],[-147,497],[-111,456],[-61,648],[-123,746],[-257,800],[-172,594],[-122,442],[-295,676],[-343,400],[-405,483],[-380,511],[-772,-110],[-527,-414],[-368,-539],[-343,-400],[-393,-152],[-490,-83],[-380,14],[-417,276],[-393,193],[-637,-262],[-454,-248],[-441,-97],[-331,-27],[-638,0],[-392,13],[-613,14],[-479,-124],[-735,-290],[-1619,-649],[-662,-27],[-490,151],[-282,221],[-393,456],[-564,-124],[-404,-594],[-368,-414],[-736,-663],[-380,-455],[-662,-262],[-270,428],[233,773],[-294,510],[-466,304],[-221,828],[-551,221],[-49,469],[-74,621],[-343,456],[159,580],[221,704],[-196,345],[-417,414],[-429,607],[-430,-290],[-747,-96],[-675,428],[-576,179],[-307,428],[-564,138],[-551,166],[-344,441],[-306,649],[-393,497],[-502,-165],[-552,-125],[-294,442],[0,386],[-319,511],[-540,-441],[-441,13],[-417,263],[-601,317],[-674,318],[-356,55],[-478,-138],[-527,0],[-748,138],[-601,-318],[-564,138],[-490,318],[-442,-193],[-564,-263],[-502,-317],[-356,83],[-343,359],[-307,234],[-343,456],[-25,497],[-686,151],[-491,-82],[-784,-42],[-393,-69],[-355,-317],[-454,-166],[-368,28],[-552,152],[-343,138],[-466,331],[-343,511],[-12,621],[-479,538],[-551,166],[-442,538],[-110,759],[-368,387],[-245,207],[-319,455],[-98,497],[-307,511],[-625,235],[-601,-28],[-490,0],[-711,28],[-724,345],[-417,428],[-159,635],[478,552],[160,787],[-135,773],[12,483],[49,800],[380,594],[110,442],[-98,455],[-122,428],[-638,248],[-539,-13],[-282,248],[-197,511],[-159,649],[49,635],[258,400],[85,745],[-85,428],[-344,608],[37,510],[245,663],[209,331],[196,607],[-123,304],[-257,497],[-564,414],[-282,28],[-478,248],[-258,263],[-294,414],[-258,220],[-551,180],[-417,262],[-209,345],[-502,304],[-564,-221],[-626,-414],[-625,-331],[-515,165],[-405,483],[-220,373],[-454,414],[-490,276],[-515,221],[-650,-207],[-368,55],[-405,484],[-135,855],[49,677],[233,635],[-61,441],[-539,318],[-417,0],[-466,-28],[-429,263],[-258,331],[-392,414],[-331,235],[-515,345],[-307,221],[-331,552],[-208,414],[-172,414],[-73,621],[0,814],[-307,359],[-503,152],[-760,-69],[2820,1767],[1655,1035],[650,442],[2624,1794],[552,359],[454,290],[441,332],[711,372],[466,318],[209,138],[465,317],[307,-179],[650,-304],[662,83],[797,83],[1263,96],[650,56],[625,27],[490,580],[148,1546],[61,55],[932,-83],[331,263],[784,773],[969,924],[442,442],[576,331],[61,428],[-73,456],[-282,649],[-209,566],[-135,566],[393,331],[416,262],[614,304],[723,345],[282,234],[368,304],[319,456],[686,414],[773,-97],[367,400],[-514,635],[-111,608],[49,580],[-37,731],[1128,939],[417,345],[405,69],[417,469],[110,235],[-37,649],[37,759],[-12,842],[73,511],[307,1490],[-2232,2816],[-2685,3161],[-1447,1491],[-1753,1684],[-2097,1850],[-2268,2691],[-1508,2637],[-2244,4555],[-1925,4348],[-1226,3672],[-1471,3768],[-1006,2416],[-564,1863],[-502,1629],[-160,539],[-1018,2802],[-245,745],[-441,980],[-1312,2374],[-135,235],[-1569,2333],[-1006,1767],[-368,649],[-1741,3078],[-662,1642],[-159,1036],[49,800],[37,704],[171,732],[1619,1477],[1177,814],[1005,608],[552,510],[1116,1132],[171,290],[417,732],[515,1187],[233,745],[160,538],[98,1229],[-111,2305],[13,773],[24,732],[-135,5756],[13,428],[183,1104],[540,1353],[429,662],[1226,1864]],[[803047,183242],[-2587,-9414],[111,-718],[429,-441],[355,-1105],[-294,-648],[-429,-552],[-417,441],[-723,-96],[-540,165],[-355,0],[-601,-303],[-564,-332],[-37,-400],[208,-594],[147,-538],[515,-469],[332,234],[171,-966],[-282,-759],[-736,-276],[-723,97],[-319,-456],[675,-373],[441,207],[527,-276],[221,-359],[613,-414],[503,-207],[490,-69],[503,-345],[564,28],[331,248],[466,111],[441,13],[577,42],[588,-42],[392,-607],[466,-193],[344,-235],[417,-428],[233,-331],[551,28],[503,662],[307,414],[392,580],[503,400],[282,746],[551,96],[295,-276],[502,-303],[405,-69],[613,-470],[331,704],[638,249],[539,-42],[442,497],[306,759],[-368,497],[0,414],[160,484],[-62,552],[160,745],[-111,511],[62,676],[319,663],[367,469],[393,111],[625,69],[294,207],[-24,759],[257,552],[196,828],[687,442],[576,386],[859,-497],[282,180],[306,607],[331,345],[-24,635],[343,511],[625,97],[466,455],[638,-41],[711,0],[699,-235],[147,-704],[135,-759],[-245,-538],[600,-263],[650,332],[-184,635],[331,524],[49,1104],[552,-110],[491,83],[184,-539],[515,-469],[404,-262],[527,152],[270,-649],[-61,-635],[-160,-828],[184,-3506],[37,-207],[294,-1850],[589,-110],[294,-194],[25,-1090],[49,-3755],[-160,-2236],[381,-373],[-172,-524],[331,-359],[196,-621],[540,-456],[208,-635],[1214,-83],[1079,-179],[760,-207],[797,-345],[478,-456],[245,-345],[368,-579],[221,-415],[37,-1007],[184,-539],[-13,-386],[-171,-1173],[711,-732],[711,-138],[760,-870],[-49,-731],[-441,-442],[-61,-331],[404,-746],[674,-220],[601,496],[589,111],[319,-718],[147,-676],[515,-166],[294,193],[429,552],[540,14],[282,-290],[-74,-579],[540,-373],[257,787],[221,538],[343,235],[491,248],[686,-179],[-86,-580],[515,-345],[356,-262],[208,-442],[711,97],[454,552],[491,-359],[306,-373],[331,-207],[515,-124],[601,-442],[392,483],[613,456],[454,221],[748,179],[564,83],[159,-566],[-49,-538],[246,-553],[220,-303],[282,-373],[86,-511],[478,-483],[540,318],[527,-55],[61,-732],[147,-828],[479,-359],[49,-470],[-62,-414],[380,-538],[381,262],[245,552],[846,525],[552,-373],[-111,-441],[-282,-704],[294,-387],[552,0],[356,-359],[245,-649],[25,-621],[760,-165],[527,966],[49,745],[-123,815],[98,552],[430,124],[539,-428],[147,-414],[356,-580],[380,-83],[466,373],[576,-27],[147,-332],[344,-386],[564,14],[502,110],[270,732],[-233,372],[49,580],[307,262],[466,97],[282,663],[649,-263],[381,-428],[441,-248],[637,-55],[699,-83],[675,-69],[417,55],[613,483],[600,-83],[319,-386],[135,-663],[-245,-414],[343,-787],[650,-303],[405,-911],[539,179],[98,718],[429,317],[748,125],[491,-207],[270,-277],[282,-496],[613,-290],[220,414],[515,497],[368,-166],[331,-248],[331,-511],[295,-787],[465,-1090],[454,-332],[503,263],[306,593],[0,538],[-110,428],[503,580],[368,-566],[367,-69],[442,0],[711,-842],[429,566],[-233,483],[25,608],[515,82],[306,56],[589,193],[478,-14],[613,41],[441,138],[650,-110],[356,-538],[429,-414],[686,-166],[466,-41],[319,469],[626,317],[269,69],[638,608],[184,27],[1226,-414],[699,180],[355,469],[491,566],[490,-97],[454,-842],[282,-359],[441,-234],[687,-194],[625,-138],[613,138],[331,428],[307,511],[405,594],[306,124],[503,-55],[233,-525],[-393,-607],[-110,-787],[650,-428],[294,387],[675,-290],[441,-718],[159,-649],[246,-234],[686,248],[343,704],[577,179],[552,-138],[551,-372],[270,-359],[699,-345],[429,359],[552,524],[453,318],[368,138],[564,-345],[233,-511],[528,-497],[416,55],[393,152],[417,83],[478,-28],[625,-83],[515,221],[613,180],[638,27],[564,-96],[270,345],[171,717],[699,125],[196,-525],[62,-538],[490,-124],[429,-69],[442,-28],[637,262],[160,-773],[98,-566],[613,-345],[171,-621],[-380,-469],[-368,-387],[-24,-566],[907,-469],[221,-759],[147,-580],[417,-248],[699,-83],[417,400],[282,442],[257,455],[-37,566],[-196,732],[417,442],[858,-346],[270,-552],[270,-455],[490,-704],[62,-262],[-25,-773],[724,-152],[392,538],[245,207],[527,290],[528,97],[282,-608],[-319,-441],[-319,-208],[-184,-759],[907,-69],[589,-165],[736,-152],[600,27],[503,111],[552,276],[588,400],[466,193],[417,-497],[-24,-345],[-111,-538],[270,-580],[834,345],[454,28],[711,-828],[122,-373],[319,-690],[343,-925],[380,-842],[-12,-759],[-270,-566],[-12,-856],[724,124],[355,497],[196,263],[368,372],[736,166],[392,-152],[147,-497],[-797,-345],[479,-635],[539,-97],[0,-690],[-294,-552],[429,-317],[490,41],[577,-69],[625,-345],[307,-207],[416,-359],[430,-718],[527,-359],[319,580],[-834,621],[343,497],[638,-69],[625,-235],[969,-441],[625,-456],[270,-317],[466,-166],[527,-41],[711,-42],[540,-83],[159,-496],[588,193],[368,207],[442,-55],[650,-221],[515,359],[441,621],[454,193],[686,-124],[1128,-483],[1153,-180],[576,-83],[503,-372],[417,-497],[662,-55],[441,138],[12,607],[-196,469],[405,373],[711,-41],[589,-97],[196,-387],[-270,-524],[61,-690],[417,-359],[491,55],[723,180],[-123,-856],[-355,-566],[503,-359],[515,-580],[36,-676],[528,-414],[257,-649],[552,55],[368,166],[551,-111],[282,-731],[-36,-470],[-381,-441],[160,-801],[466,-511],[429,138],[392,235],[687,-110],[306,-263],[148,-510],[416,-718],[614,-318],[490,138],[454,152],[453,-248],[479,-318],[649,-41],[221,-483],[61,-470],[-98,-427],[-269,-732],[232,-414],[99,-442],[73,-801],[147,-883],[86,-276],[258,-745],[196,-387],[245,-331],[613,-262],[932,27],[723,318],[307,428],[662,400],[429,455],[503,-524],[711,-166],[515,124],[564,-165],[331,-318],[417,-262],[564,-304],[503,-165],[698,165],[454,152],[736,-96],[306,-249],[552,-593],[221,-152],[539,-332],[503,-662],[282,-359],[417,-400],[503,-401],[122,-345],[442,-414],[429,-27],[368,0],[527,-346],[12,-455],[-49,-635],[307,-538],[539,-580],[429,152],[564,-249],[294,-372],[283,-484],[735,-41],[454,-386],[86,-387],[600,-248],[319,-304],[270,-718],[245,-566],[37,-607],[-478,-400],[-724,-208],[-318,-345],[-160,-621],[160,-745],[343,-773],[233,-511],[-294,-469],[-86,-732],[-245,-773],[61,-662],[-61,-276],[-430,-442],[282,-704],[49,-193],[99,-856],[-86,-221],[-527,-414],[-25,-870],[-270,-331],[-319,-373],[258,-662],[49,-773],[-110,-704],[502,-332],[-73,-731],[-601,-221],[-61,-690],[-540,-621],[-453,-318],[-589,-262],[-356,-262],[-257,-428],[-723,331],[-675,-69],[-306,-483],[24,-497],[-12,-469],[-294,-1050],[-380,-731],[-37,-373],[-233,-442],[-454,-82],[-723,-290],[-282,-470],[257,-579],[-49,-566],[61,-414],[-49,-829],[-453,-593],[-442,-290],[270,-621],[-74,-428],[-257,-387],[-123,-496],[-73,-484],[441,-510],[25,-456],[-221,-483],[196,-552],[295,-304],[441,-400],[625,-442],[-61,-538],[380,-387],[245,-372],[221,-566],[-135,-760],[-343,-372],[-577,-359],[-122,-538],[245,-428],[147,-497],[429,-194],[491,-165],[453,-456],[246,-828],[466,-359],[367,152],[466,373],[454,-207],[417,-608],[601,-69],[551,14],[356,-14],[491,-345],[416,-676],[393,-318],[331,-27],[625,-55],[589,-525],[245,-718],[454,-704],[392,-469],[294,-111],[331,-662],[233,-580],[368,-124],[441,-69],[442,-152],[380,28],[674,-14],[331,-304],[466,-469],[429,-649],[577,138],[453,-207],[147,-386],[466,-414],[331,-456],[-343,-525],[258,-565],[196,-387],[208,-497],[295,-469],[-74,-525],[-172,-552],[221,-511],[123,-372],[147,-773],[392,-111],[515,-552],[356,-152],[686,-221],[307,-635],[331,-483],[417,-469],[0,-511],[208,-607],[-662,-387],[-454,-648],[209,-622],[-429,-621],[-160,-566],[49,-662],[-73,-621],[208,-815],[98,-856],[37,-483],[160,-386],[49,-483],[551,-428],[662,-387],[-61,-428],[282,-428],[601,-372],[-86,-511],[25,-773],[98,-387],[392,-317],[-123,-745],[135,-649],[577,-97],[613,-303],[490,-235],[135,-663],[-331,-552],[846,-952],[245,-304],[454,-428],[135,-552],[306,-511],[356,-152],[184,-566],[294,-593],[-147,-801],[86,-428],[-307,-621],[-159,-607],[-368,-180],[-307,-690],[0,-331],[-110,-552],[-306,-594],[-111,-690],[-110,-635],[-576,0],[-381,249],[-429,-235],[-417,-676],[-392,-1312],[-245,-317],[-576,-28],[-577,-290],[-588,-152],[-344,207],[-441,290],[-1324,677],[-589,83],[-429,27],[-392,83],[-638,-83],[-637,276],[-442,138],[-637,-27],[-479,-97],[-772,-14],[-515,345],[-454,690],[-502,290],[-895,-1339],[-319,-220],[-552,-125],[-343,-69],[-797,14],[-331,414],[-160,718],[-331,759],[-417,594],[-367,386],[-332,249],[-490,221],[-711,220],[-589,28],[-515,-83],[-515,-276],[-294,-428],[-368,-1629],[-686,-124],[-417,83],[-356,97],[-674,220],[-650,235],[-282,-69],[-552,-262],[-368,-262],[-466,-42],[-539,-207],[-576,-1629],[-233,-455],[-331,-387],[-478,-331],[-565,-124],[-772,-42],[-662,-69],[-723,-290],[-847,-345],[-1544,-441],[-687,-152],[-478,124],[-393,304],[-269,331],[-307,566],[-233,235],[-478,248],[-699,-124],[-466,-180],[-368,-55],[-600,28],[-417,138],[-650,373],[331,635],[601,372],[429,304],[355,511],[172,635],[233,924],[86,787],[0,635],[-86,483],[-356,635],[-686,1036],[-711,1007],[-172,276],[-527,773],[-626,235],[-1974,-828],[-686,14],[-295,165],[-527,580],[-343,428],[-1766,1698],[-1888,1173],[-1692,704],[-1054,635],[-1263,1035],[-1202,1643],[-355,1532],[-209,2291],[-123,4556],[-343,2374],[-270,745],[-1115,2264],[-2869,3064],[-417,829],[-282,1311],[-503,3782],[-25,1394],[86,1146],[540,2167],[662,2623],[233,1270],[-98,1559],[-172,1974],[-306,1091],[-135,317],[-932,1187],[-957,1160],[-1961,2388],[-356,525],[-405,427],[-355,359],[-589,249],[-269,511],[134,717],[-12,414],[-184,746],[-319,248],[-98,539],[160,579],[515,1836],[380,1712],[245,952],[-429,332],[-343,538],[-748,-41],[-528,372],[-416,276],[-577,345],[-122,373],[527,387],[-49,814],[0,842],[-74,690],[-257,262],[-319,373],[-466,552],[-270,511],[-331,607],[0,304],[-135,594],[-564,289],[-613,-69],[-809,235],[-490,207],[-356,28],[-539,-42],[-564,0],[-430,125],[-208,1076],[-331,1809],[-307,303],[-98,539],[-196,1049],[-392,-28],[-454,41],[-650,290],[-502,207],[-344,14],[-650,28],[-723,-42],[-1104,-151],[-600,-14],[-515,27],[-528,125],[-392,151],[-662,346],[-380,179],[-613,235],[-515,96],[-650,-27],[-576,-138],[-1815,-373],[-1594,-318],[-1594,-303],[-1569,-318],[-1852,-359],[-1704,-303],[-1030,-180],[-441,-96],[-528,-125],[-1213,-317],[-663,83],[-367,0],[-601,-97],[-393,55],[-465,138],[-479,166],[-355,97],[-613,55],[-442,83],[-1054,165],[-760,97],[-368,41],[-1104,249],[-968,193],[-1790,345],[-540,83],[-490,14],[-748,-83],[-405,-83],[-515,-207],[-417,-248],[-601,-138],[-735,27],[-993,124],[-687,69],[-736,28],[-392,-28],[-2023,42],[-466,110],[-454,0],[-686,111],[-761,248],[-564,235],[-797,345],[-1066,373],[-1472,497],[-7724,2595],[-1557,566],[-724,427],[-502,332],[-846,704],[-344,497],[-171,262],[-663,1311],[-220,290],[-2146,1822],[-1189,966],[-1141,884],[-760,787],[-441,552],[-23051,18165],[-6253,8655],[-5543,10505],[-1397,-2692],[-3801,-3437],[-3642,-3230],[-2084,-1381],[-2894,-1891],[-1067,-1532],[-61,-524],[196,-428],[-257,-539],[-589,-138],[-343,-207],[-233,-455],[-209,-345],[-674,-759],[-368,-166],[-404,27],[-442,-345],[-135,-289],[-576,-912],[-122,-524],[-135,-594],[-393,-372],[-343,-773],[-282,-456],[-196,-690],[-466,-414],[-12,-414],[282,-773],[441,-442],[-25,-442],[221,-455],[-86,-594],[-245,-317],[-122,-759],[-111,-1132],[-61,-456],[-2367,-193],[-3175,-359],[-5493,-1712],[-3433,-2484],[-25,-428],[-319,-373],[0,-428],[246,-731],[-577,-180],[270,-690],[-86,-663],[37,-786],[-37,-511],[-306,-276],[-589,-552],[-233,-594],[405,-317],[392,-539],[-61,-510],[404,-387],[466,-262],[135,-456],[-233,-428],[-343,-331],[-184,-759],[-159,-442],[-344,-580],[-294,-96],[-527,-345],[-675,-180],[-36,-607],[-613,-221],[-724,-207],[-233,-400],[-49,-497],[-368,-456],[-85,-552],[-74,-442],[-294,-524],[-270,-345],[-613,-276],[-527,-635],[-221,-580],[-356,-179],[-208,-428],[12,-842],[-404,-525],[-98,-773],[-172,-593],[-12,-580],[-344,-276],[-122,-594],[98,-359],[-123,-704],[-135,-400],[-257,-400],[-344,-207],[-490,0],[-503,-152],[-159,-677],[-270,-207],[-331,-648],[-392,-249],[-724,-14],[-417,-179],[-367,-456],[-356,-220],[-429,-208],[-540,484],[-490,-152],[-441,-276],[-712,-221],[-588,-290],[-417,-110],[-613,-304],[86,-607],[-111,-359],[62,-511],[-147,-538],[269,-387],[197,-773],[-135,-345],[-479,-497],[-613,207],[-662,345],[-331,-276],[-552,-207],[-613,-511],[-233,-745],[-392,-428],[-331,-331],[135,-621],[-282,-346],[-307,-400],[-24,-414],[-294,-386],[-405,-290],[-319,-649],[-588,0],[-111,-635],[-368,-331],[-588,179],[-441,235],[-307,-566],[-282,-580],[-294,-511],[-295,-510],[-343,-401],[-503,-96],[-674,-235],[-478,-497],[98,-1021],[-221,-428],[-171,-442],[-344,-538],[0,-345],[-637,-746],[-184,-14],[-797,345],[-98,-745],[-552,-193],[-613,-97],[-270,594],[-417,83],[-576,27],[-429,-14],[-454,0],[-503,-593],[-183,-690],[-491,-97],[-86,-870],[-355,-538],[-442,124],[-711,194],[-637,-373],[-503,-207],[-699,-166],[-527,-110],[-503,-263],[-172,-565],[-637,-166],[-429,-718],[294,-759],[-392,-235],[-442,-152],[-490,-151],[-528,-566],[-441,-428],[-441,-704],[-282,-387],[-111,-552],[-392,-359],[-552,166],[-331,-746],[37,-731],[61,-469],[-380,-553],[-503,-510],[25,-801],[-674,-386],[-540,-346],[-454,83],[-698,-221],[-270,-427],[-270,-290],[135,-732],[184,-580],[-233,-483],[-12,-469],[-197,-828],[209,-677],[-319,-372],[-392,-484],[-405,-234],[-159,-690],[233,-773],[49,-649],[171,-677],[-674,-400],[-270,-442],[-441,-234],[-613,331],[-515,-469],[294,-456],[258,-704],[-430,-248],[-416,-511],[-368,-331],[-356,-552],[-380,110],[-306,-663],[-197,-427],[-294,-359],[-86,-497],[-417,-539],[-441,235],[-454,97],[-36,-815],[404,-345],[74,-649],[-74,-662],[-355,-607],[-356,-704],[147,-553],[61,-524],[307,-663],[-405,-579],[-404,358],[-368,42],[-331,773],[-491,-400],[-24,-332],[-319,-483],[-576,262],[-503,69],[-601,-262],[-159,-455],[-576,179],[-613,-276],[-540,-69],[-405,97],[-490,-235],[-699,290],[-650,152],[-551,193],[-319,759],[-527,207],[-773,97],[-576,-28],[-356,-262],[-319,-373],[-245,-345],[-355,-552],[-258,-745],[-270,-511],[-613,-456],[-564,-138],[-515,28],[-429,759],[-282,497],[-392,400],[-601,-276],[-135,-566],[-601,-290],[-318,-358],[-515,-166],[-454,345],[-221,359],[-527,235],[-515,-249],[-478,-97],[-576,138],[-356,263],[-576,124],[-478,-676],[-99,-635],[74,-497],[-282,-621],[-699,-180],[-135,-593],[-613,-277],[-37,-828],[-257,-759],[-37,-497],[-637,-138],[-393,-290],[61,-621],[184,-704],[-306,-690],[-711,-262],[-429,-345],[-331,-194],[-344,-290],[-98,-676],[25,-566],[-197,-566],[-331,-593],[-233,-511],[-551,-331],[-454,-414],[-49,-746],[-74,-787],[-502,-400],[-270,-469],[-625,-138],[-246,-318],[-613,-414],[-98,-814],[-294,-166],[-503,152],[-233,607],[-343,28],[-454,96],[-502,207],[-233,442],[-503,-96],[-589,441],[-662,111],[-551,152],[-552,455],[-429,-580],[-429,-248],[-160,-400],[-208,-635],[36,-539],[-98,-773],[-98,-676],[172,-718],[331,-538],[184,-442],[-797,-455],[-282,-387],[-392,-594],[-295,97],[-515,97],[-404,-732],[-62,-524],[-282,-359],[-331,-263],[-24,-869],[-491,-290],[-748,55],[-343,-649],[-282,-497],[-601,-276],[-662,359],[-478,-165],[-429,27],[-662,207],[-454,552],[417,566],[-319,773],[-527,-234],[-540,248],[-662,0],[-331,-152],[-539,235],[-711,221],[-515,-400],[-160,-194],[-625,0],[-159,-290],[-246,-731],[-1226,110],[-294,-290],[-159,-579],[24,-304],[221,-566],[12,-400],[-380,-552],[-674,82],[-197,-635],[-625,-165],[-441,-14],[-429,317],[-221,649],[-503,414],[-282,359],[98,539],[98,745],[-171,442],[-86,497],[-245,814],[-503,1367],[-540,1118],[-772,1698],[-662,1283],[-356,939],[-968,1063],[-601,359],[-907,579],[-1251,663],[73,580],[-36,856],[-49,331],[122,856],[380,234],[233,939],[147,483],[0,538],[-613,511],[-1177,207],[-453,-55],[-736,-207],[-490,152],[-466,207],[-307,138],[-601,414],[-784,290],[-748,262],[-785,97],[-527,-42],[-258,-41],[-1103,83],[-613,69],[-184,552],[-246,745],[-527,387],[-723,234],[-221,83],[-711,345],[-86,28],[-870,-732],[-13,0]],[[12433,705403],[135,3479],[-13,3547],[2024,5066],[1287,3258],[1815,2788],[895,1532],[24,732],[-86,1505],[0,2125],[160,2733],[24,442],[699,2789],[1766,4762],[1103,3285],[969,2291],[1042,1671],[711,869],[1938,1422],[1998,1656],[2281,2223],[1226,1146],[3286,4541],[24,41],[2207,3161],[1337,1919],[7160,8103],[859,1256],[527,1353],[1165,2125],[3887,5591],[1741,2498],[2575,3962],[2881,3989],[294,469],[503,787],[441,690],[724,801],[355,1449],[98,760],[-1778,1573],[-858,773],[-858,828],[-2894,4445],[-1974,2761],[-392,538],[-1484,1933],[-147,704],[-233,814],[-172,442],[-183,359],[-258,538],[-184,511],[-208,510],[-331,359],[-37,539],[-49,952],[-49,801],[-37,524],[0,663],[37,1035],[49,525],[86,497],[36,635],[13,676],[-37,856],[-2501,1007],[-1374,566],[-1348,249],[-981,-1077],[-809,290],[-368,-718],[-589,-372],[-748,55],[-552,27],[-318,-13],[-822,-97],[-662,-55],[-687,-56],[-1213,194],[-1288,290],[-147,289],[-356,553],[-429,110],[-539,-41],[-319,0],[-1287,138],[-172,152],[159,1532],[172,1615],[49,469],[172,953],[196,1242],[147,994],[196,1339],[86,579],[86,704],[-25,1243],[37,1546],[-196,152],[-773,41],[-318,0],[-2722,-262],[0,510],[49,760],[576,869],[760,1035],[245,539],[430,511],[355,662],[564,1049],[343,663],[123,400],[209,649],[98,455],[85,622],[62,469],[12,469],[37,594],[245,787],[172,427],[135,497],[49,428],[85,759],[0,911],[-73,1022],[-61,704],[-49,566],[-86,552],[-626,3244],[-429,2981],[-49,691],[233,593],[466,1118],[159,690],[332,1312],[98,1242],[-221,966],[-135,580],[-245,2788],[110,138],[601,442],[-37,1187],[25,704],[184,566],[380,359],[171,414],[859,1850],[417,607],[73,470],[110,455],[37,676],[-147,221],[-2182,677],[-172,248],[270,828],[-1410,884],[49,1201],[122,1739],[147,2774],[638,332],[429,414],[25,511],[86,2098],[12,1711],[0,138],[-62,2720],[-12,1311],[0,166],[-12,828],[441,290],[503,221],[760,497],[221,110],[319,152],[748,83],[956,-221],[625,-511],[368,14],[417,124],[466,111],[1091,-14],[687,-83],[466,69],[503,110],[588,497],[0,1174],[159,1007],[111,608],[404,317],[233,511],[148,524],[343,663],[343,304],[442,69],[527,55],[490,207],[356,345],[306,635],[331,662],[197,608],[122,524],[454,456],[355,-28],[515,-83],[638,-179],[490,83],[442,580],[503,400],[515,-249],[159,-248],[588,-814],[466,-97],[613,179],[564,0],[491,0],[478,-13],[466,635],[98,1062],[135,1077],[184,828],[368,497],[343,-124],[674,-179],[295,635],[24,469],[172,414],[625,110],[307,-165],[968,-635],[761,-359],[220,-111],[1876,-952],[564,-469],[344,-525],[429,-193],[233,-290],[196,-649],[49,-593],[37,-649],[147,-676],[392,-249],[662,-276],[650,-276],[491,-110],[809,-152],[404,-138],[454,-318],[233,-276],[74,-662],[-172,-346],[-245,-524],[49,-842],[159,-649],[209,-414],[233,-317],[257,-428],[392,-566],[466,-332],[552,-414],[392,-400],[148,-359],[245,-511],[502,14],[430,-193],[380,-318],[-86,-786],[-343,-387],[61,-842],[466,-221],[674,-207],[552,235],[282,331],[515,-248],[454,-69],[588,-69],[380,-373],[405,-124],[466,110],[613,442],[306,207],[429,483],[528,152],[650,-55],[465,110],[442,0],[711,166],[515,372],[515,-13],[319,-28],[686,97],[331,276],[528,-152],[515,469],[539,42],[221,538],[233,663],[515,207],[319,-387],[527,-469],[404,-263],[736,-262],[638,-110],[318,331],[577,290],[429,-41],[503,69],[698,-83],[724,345],[49,731],[-356,497],[-147,387],[111,593],[196,497],[355,152],[515,55],[601,166],[270,676],[723,111],[613,152],[491,41],[331,-97],[539,69],[675,0],[417,166],[686,249],[344,-608],[331,-483],[355,-28],[429,180],[454,-290],[674,-124],[466,-14],[405,166],[404,110],[466,14],[331,-42],[515,-82],[393,27],[355,249],[442,345],[159,234],[405,732],[159,304],[233,510],[270,594],[417,179],[417,-13],[662,-263],[220,-386],[368,-387],[319,-179],[699,-276],[441,-97],[344,-83],[478,-69],[454,-13],[404,69],[368,483],[245,524],[601,511],[540,0],[502,14],[466,96],[527,180],[626,248],[748,221],[490,152],[589,456],[220,593],[-147,732],[-37,773],[98,607],[62,456],[196,607],[208,566],[601,207],[417,0],[515,-166],[307,-441],[637,-387],[405,428],[294,428],[258,331],[478,566],[478,-41],[515,414],[319,386],[650,428],[846,428],[171,235],[160,621],[171,621],[184,469],[442,497],[416,401],[-85,414],[-246,676],[748,193],[528,-96],[490,-69],[380,96],[417,608],[343,455],[258,387],[184,428],[-1386,704],[-503,510],[-257,1243],[-307,1394],[-110,787],[37,524],[172,580],[171,428],[466,952],[74,483],[-13,691],[-134,469],[-712,1808],[-269,525],[-491,538],[196,400],[13,635],[-123,773],[1128,842],[1361,953],[1079,745],[981,180],[944,165],[625,-55],[1214,-235],[920,-193],[454,-96],[980,-194],[675,-110],[404,-42],[344,911],[613,1174],[564,1297],[625,1560],[74,607],[208,773],[196,760],[49,234],[160,1008],[441,-28],[724,-138],[306,-41],[515,55],[527,124],[528,-13],[514,248],[1374,-801],[858,-496],[981,-580],[736,-401],[649,-358],[197,731],[453,2098],[123,1201],[12,801],[0,621],[-37,842],[-110,801],[466,345],[650,455],[368,235],[1581,745],[1361,649],[1533,387],[2538,524],[3838,1035],[895,594],[1336,800],[1006,373],[1287,649],[356,-97],[1532,-662],[810,-345],[2452,-1394],[2624,-1395],[821,-372],[748,-152],[1484,-55],[1729,-83],[760,-28],[735,-165],[-159,-1215],[331,-276],[160,-497],[-62,-663],[307,-469],[588,-469],[405,-304],[576,-483],[307,-414],[453,-621],[197,-290],[282,-414],[208,-525],[147,-814],[172,-566],[24,-345],[233,-760],[515,-289],[515,-194],[736,83],[760,69],[343,-152],[381,-193],[429,-138],[637,-373],[429,-690],[123,-607],[135,-746],[24,-483],[25,-745],[-49,-759],[122,-483],[847,-373],[870,-428],[159,-69],[932,-442],[405,83],[883,345],[772,290],[944,373],[319,165],[564,221],[638,262],[699,346],[392,96],[1005,152],[74,14],[1152,124],[62,83],[-37,1063],[208,1987],[-73,967],[-135,773],[-86,717],[-37,359],[197,1560],[453,138],[1790,-290],[1827,-207],[515,-441],[356,-718],[2096,-6032],[932,-2706],[503,-1063],[650,-966],[613,-469],[1962,-884],[2342,-1007],[429,-276],[1643,-1505],[1116,-870],[2072,-1076],[36,0],[2821,-1229],[1054,-593],[1263,-484],[3200,-676],[1802,-235]]],"bbox":[99.98369,15.92398,100.79927,16.64843],"transform":{"scale":[8.155808155808268e-7,7.244507244507254e-7],"translate":[99.98369,15.92398]}}