{"type":"Topology","objects":{"districts":{"type":"GeometryCollection","geometries":[{"type":"Polygon","arcs":[[0,1,2,3,4]],"properties":{"CODE":"7601","PARENT":"76","NAME_TH":"เมืองเพชรบุรี","NAME_EN":"Mueang Phetchaburi","NAME_CN":"Mueang Phetchaburi","COLOR_IDX":0}},{"type":"Polygon","arcs":[[5,-4,6,7,8]],"properties":{"CODE":"7602","PARENT":"76","NAME_TH":"เขาย้อย","NAME_EN":"Khao Yoi","NAME_CN":"Khao Yoi","COLOR_IDX":1}},{"type":"Polygon","arcs":[[9,10,11,-8]],"properties":{"CODE":"7603","PARENT":"76","NAME_TH":"หนองหญ้าปล้อง","NAME_EN":"Nong Ya Plong","NAME_CN":"Nong Ya Plong","COLOR_IDX":0}},{"type":"Polygon","arcs":[[12,13]],"properties":{"CODE":"7604","PARENT":"76","NAME_TH":"ชะอำ","NAME_EN":"Cha-Am","NAME_CN":"Cha-Am","COLOR_IDX":2}},{"type":"Polygon","arcs":[[-2,14,-14,15,16,17]],"properties":{"CODE":"7605","PARENT":"76","NAME_TH":"ท่ายาง","NAME_EN":"Tha Yang","NAME_CN":"Tha Yang","COLOR_IDX":1}},{"type":"Polygon","arcs":[[-3,-18,18,-10,-7]],"properties":{"CODE":"7606","PARENT":"76","NAME_TH":"บ้านลาด","NAME_EN":"Ban Lat","NAME_CN":"Ban Lat","COLOR_IDX":2}},{"type":"Polygon","arcs":[[-5,-6,19]],"properties":{"CODE":"7607","PARENT":"76","NAME_TH":"บ้านแหลม","NAME_EN":"Ban Laem","NAME_CN":"Ban Laem","COLOR_IDX":3}},{"type":"Polygon","arcs":[[-19,-17,20,-11]],"properties":{"CODE":"7608","PARENT":"76","NAME_TH":"แก่งกระจาน","NAME_EN":"Kaeng Krachan","NAME_CN":"Kaeng Krachan","COLOR_IDX":3}}]}},"arcs":[[[977222,585936],[-20,-26],[-708,-910],[-1097,-1500],[-2074,-2525],[-509,-641],[-738,-961],[-1526,-2256],[-1346,-1935],[-1366,-1769],[-718,-1026],[-299,-461],[-329,-500],[-379,-474],[-240,-308],[-369,-423],[-359,-602],[-179,-577],[-190,-295],[-449,-641],[-169,-717],[-269,-487],[-210,-411],[-179,-320],[-1396,-2179],[-1167,-1897],[-798,-1577],[-828,-1551],[-448,-1166],[-808,-1666],[-359,-705],[-319,-859],[-280,-333],[-299,-513],[-189,-526],[-90,-628],[-219,-589],[-220,-257],[-389,-384],[-249,-449],[-259,-538],[-200,-462],[-139,-294],[-270,-411],[-189,-397],[-239,-513],[-210,-371],[-179,-398],[-190,-576],[-279,-359],[-359,-475],[-140,-435],[-40,-462],[-79,-410],[-329,-423],[-379,-449],[-180,-384],[-189,-385],[-429,-333],[-230,-308],[-289,-525],[-119,-397],[-509,-1039],[-269,-551],[-379,-577],[-50,-461],[-399,-795],[-768,-1589],[-169,-295],[-629,-795],[-149,-589],[-200,-513],[-239,-628],[-349,-795],[-180,-346],[-279,-436],[-339,-628],[-179,-410],[-379,-628],[-369,-167],[-329,-397],[-529,-654],[-179,-371],[-90,-526],[209,-743],[-90,-539],[-548,-320],[-389,-359],[-110,-410],[-10,-487],[-99,-385],[-150,-500],[-359,-359],[-459,-346],[-199,-897],[-70,-513],[-120,-307],[-199,-436],[-329,-1064],[-229,-679],[-180,-346],[-329,-1115],[-229,-603],[-100,-487],[-210,-564],[-269,-615],[-149,-577],[-340,-449],[-269,-230],[-209,-475],[159,-487],[30,-781],[-40,-488],[50,-423],[-50,-564],[-39,-551],[-40,-551],[-100,-795],[598,167],[539,295],[-838,-1897],[-1007,-2564],[-878,-2115],[-409,-1063],[-239,-629],[-90,-384],[-229,-667]],[[935547,501095],[-1007,872],[-429,26],[-379,179],[-30,679],[190,500],[19,372],[-129,487],[-519,859],[-319,423],[-369,141],[-339,-128],[-289,423],[-200,410],[-558,243],[-529,167],[-379,-90],[-368,-333],[-300,192],[-249,462],[-369,589],[-379,257],[-439,179],[-399,192],[-418,295],[-369,295],[-918,833],[-409,346],[-1246,1077],[-2124,1743],[-1536,1102],[-1117,923],[-678,552],[-260,166],[-448,-410],[-349,-38],[-509,410],[-479,218],[-418,307],[-10,423],[-40,449],[-250,564],[-249,372],[-160,423],[-289,602],[-309,731],[-139,384],[-140,372],[-229,384],[-469,372],[-299,218],[-639,500],[-299,243],[-907,705],[-768,603],[-499,397],[-359,256],[-528,103],[-469,-77],[-1167,-256],[-1017,-205],[-1247,-270],[-1067,-243],[-79,-13],[-868,-90],[-1476,-141],[-708,-89],[-858,-116],[-1216,-128],[-479,77],[-389,192],[-1127,641],[-578,333],[-439,488],[-149,230],[-290,500],[-229,372],[-718,1205],[-2234,1538],[-2403,1205],[-1237,423],[-1087,359],[-1426,294],[-1516,270],[-1914,269],[-1177,436],[-1626,820],[-2094,1051],[-1665,846],[-629,359],[-1366,628],[-698,320],[-1456,680],[-80,38],[-787,462],[-90,51],[-987,551],[-619,141],[-818,64],[-648,-38],[-339,410],[-558,77],[-369,-116],[-599,180],[-269,256],[-279,231],[-439,372],[-169,192],[-290,384],[-309,462],[-1017,-346],[-379,-167],[-399,-90],[-478,-77],[-549,-25]],[[862349,539036],[-239,3871],[-140,2025],[-149,2525],[-150,2294],[-140,2192],[-159,2513],[-120,1948],[-239,3884],[-110,1884],[-80,1294],[-229,77],[-608,-13],[-409,52],[-160,487],[-110,461],[-89,551],[-90,1551],[-50,577],[-219,679],[-529,936],[-429,846],[-219,513],[-90,692],[10,667],[-100,589],[-319,346],[-99,564],[-40,705],[99,1397],[110,1462],[120,179],[528,167],[140,781],[479,334],[428,38],[549,308],[369,410],[-160,2538],[-149,2551],[-160,2525],[-149,2358],[-50,936],[-110,1756],[-140,2217],[-119,2026],[-20,448],[-170,2653],[-199,3359],[-369,5921],[-279,4576],[-100,1474],[-319,5051],[-30,423],[-190,3486],[1157,3384],[1406,2794],[888,1513],[2054,2832],[918,1256],[887,2026],[559,1551],[289,2909],[20,1051],[-90,539],[-90,679],[-149,423],[-70,525],[0,321],[-20,564],[-30,64],[-309,1384],[-399,-192],[-558,26],[-290,-26],[-438,487],[-120,436],[-419,102],[-349,-64],[-389,-128],[-309,-141],[-489,-128],[-598,-103],[-429,1449],[-130,243],[-1027,141],[-1007,52],[-209,-13],[-599,-205],[-339,-116],[-458,141],[-230,231],[-439,-167],[-329,-205],[-249,-115],[-429,-51],[-479,-64],[-518,-129],[-1217,2385],[-588,-180],[-239,154],[-419,410],[-309,308],[-369,230],[-1087,423],[-419,65],[-479,-167],[-429,51],[-508,13],[-459,-77],[-559,51],[-339,180],[-518,218],[-559,230],[-468,-38],[-319,-51],[-499,-103],[130,-461],[119,-795],[0,-513],[-30,-384],[-379,115],[-349,128],[-438,103],[-260,26],[-379,25],[-299,-25],[-608,-167],[-668,-449],[-828,-525],[-459,-269],[-429,-231],[-518,-205],[-349,-103],[-459,-141],[-409,-90],[-638,-141],[-180,-551],[-209,-359],[-239,-256],[-419,-346],[-489,-397],[-289,-231],[-937,-769],[-988,-115],[-169,397],[-150,602],[-90,436],[-259,679],[-189,436],[-100,474],[-110,500],[-109,359],[-150,487],[-299,654],[-269,436],[-190,705],[-239,743],[-200,321],[-179,692],[359,410],[419,397],[139,411],[-129,576],[-100,616],[-10,448],[-40,769],[50,5871],[-1406,3089],[-2374,2858],[-1625,3141],[-1785,1358],[-20,346],[-60,782],[-90,949],[-20,282],[-99,948],[-50,333],[-280,693],[-279,448],[-169,692],[-210,744],[-119,423],[-180,653],[-189,654],[-230,308],[-449,-167],[-378,-128],[-489,-128],[-259,-77],[-389,167],[-110,987],[-499,961],[-738,-295],[-768,-295],[-598,-77],[-528,141],[-519,218],[-1446,590],[-698,307],[-588,257],[-529,205],[-558,231],[-808,333],[-658,282],[-290,77],[-408,13],[-359,-64],[-439,-77],[-1466,-1859],[90,-1692],[49,-743],[-10,-398],[80,-935],[80,-731],[70,-743],[60,-718],[40,-436],[9,-500],[-49,-692],[-60,-385],[-160,-474],[-159,-384],[-439,-795],[-399,-692],[-469,-833],[-438,-782],[-419,-692],[-409,-744],[-419,-743],[-289,-500],[-349,-628],[-260,-603],[-189,-615],[-60,-461],[0,-500],[-499,-423],[-378,-26],[-669,90],[-508,128],[-329,141],[-290,77],[-518,115],[-419,257],[-439,512],[-359,372],[-339,474],[-339,385],[-259,628],[-130,423],[-119,346],[-280,436],[-79,320],[0,526],[-260,474],[-369,-103],[-279,-64],[-538,218],[-340,372],[-369,359],[-199,474],[359,321],[479,-26],[199,513],[-100,435],[0,718],[330,141],[259,334],[-80,615],[0,474],[-588,51],[-419,103],[60,679],[339,385],[439,397],[29,564],[-159,308],[-210,461],[-219,333],[-229,398],[169,615],[329,333],[619,141],[578,-38],[459,-77],[209,-269],[150,-577],[279,-192],[359,371],[-30,346],[60,526],[60,397],[179,526],[70,372],[-10,487],[-80,410],[-40,525],[320,295],[438,282],[250,321],[219,756],[50,577],[-20,717],[30,487],[508,244],[539,115],[399,475],[90,628],[-220,474],[-199,410],[-269,628],[-10,526],[99,461],[70,346],[-30,474],[-50,526],[-10,384],[-30,552],[-129,653],[-419,552],[-319,551],[-569,359],[-418,179],[-250,179],[-289,526],[90,410],[359,321],[279,205],[289,538],[150,474],[119,475],[170,743],[160,461],[349,487],[319,103],[478,231],[180,371],[130,423],[89,436],[190,833],[119,654],[20,462],[10,435],[30,667],[200,410],[89,333],[50,513],[0,436],[-10,410],[30,731],[349,256],[399,218],[110,487],[-40,372],[-60,512],[-937,244],[-389,77],[-369,192],[-379,-90],[-259,-64],[-389,-256],[-439,-436],[-120,-731],[-498,-166],[-389,-257],[-1177,-756],[-898,-692],[-199,-179],[-459,-462],[-329,-77],[-508,193],[-330,76],[-478,116],[-479,102],[-598,141],[-1327,334],[-877,205],[-1516,564],[-1925,717],[-538,-76],[-499,-475],[-1097,-1935],[-548,-2320],[-60,-449],[10,-769],[429,-154],[319,-153],[279,-244],[439,-551],[179,-385],[-69,-641],[-90,-346],[-160,-525],[-159,-539],[-100,-423],[-319,-1076],[-100,-410],[-179,-590],[-110,-346],[-130,-449],[-99,-769],[329,-346],[279,-192],[409,-321],[439,-102],[428,13],[270,-39],[369,0],[438,-115],[439,-64],[469,-462],[80,-666],[319,-628],[-279,-795],[-260,-487],[-139,-308],[-200,-512],[-479,89],[-309,141],[-369,-333],[-249,-179],[-1047,-808],[-997,-718],[-270,-153],[-339,-129],[-498,0],[-439,-166],[-170,397],[-688,-51],[-538,307],[-569,-256],[-209,-51],[-519,13],[-817,25],[-270,-448],[-827,-1000],[-1137,-1538],[-439,-39],[-1635,90],[-340,13],[-488,90],[-299,-13],[-399,25],[-609,-38],[-498,64],[-409,77],[-459,103],[-219,89],[-479,0],[-648,13],[-379,-26],[-409,-38],[-369,-154],[-439,26],[-428,-26],[-230,-166],[-538,-39],[-409,-167],[-359,-102],[-1127,-667],[-1935,-833],[-468,-13],[-270,0],[-449,-51],[-468,-64],[-628,-13],[-280,-13],[-349,-115],[-478,-13],[-1157,64],[-369,-141],[-489,64],[-299,64],[-489,13],[-379,116],[-179,346],[-269,718],[-908,64],[-399,25],[-588,39],[-439,38],[-329,13],[-429,0],[-498,-13],[-509,-102],[-409,-77],[-758,-141],[-379,-52],[-369,-89],[-498,-77],[-569,154],[-399,0],[-399,0],[-289,25],[-508,77],[-459,13],[-509,-38],[-289,38],[-459,77],[-578,179],[-409,154],[-269,90],[-399,128],[-150,359],[-189,577],[-110,423],[-50,718],[-80,499],[-39,488],[-110,884],[-200,897],[-109,462],[-210,538],[-119,333],[-190,474],[-149,385],[-120,436],[-70,436],[-149,448],[-150,526],[-160,705],[-119,448],[-120,500],[-10,615],[-179,949],[-130,782],[-60,372],[-90,448],[-159,705],[-80,346],[-130,590],[-119,538],[-110,385],[-90,384],[-179,667],[-329,1333],[-180,1153],[-140,744],[-309,795],[-379,999],[-279,872],[-149,564],[-120,756],[-190,641],[-189,372],[-209,538],[-300,628],[-219,423],[-170,410],[-129,423],[-339,628],[-240,526],[-229,461],[-110,449],[30,449],[-70,384],[-159,590],[459,205],[289,90],[508,217],[330,103],[468,128],[539,116],[349,12],[588,-25],[469,64],[818,90],[827,153],[110,-294],[429,-231],[399,51],[798,205],[309,154],[169,910],[40,974],[-10,1564],[-149,872],[-120,717],[-60,449],[-50,1474],[-50,948],[-40,667],[-69,1154]],[[744445,726649],[-70,1551],[-130,2794],[0,1038],[0,2000],[349,2243],[50,653],[150,1641],[30,667],[109,1974],[20,333],[-80,1358],[-139,923],[-220,449],[-309,666],[-628,1193],[-249,628],[-170,576],[-309,757],[-259,576],[-230,462],[-149,205],[-329,590],[-339,435],[-958,1000],[-419,705],[-339,603],[-219,653],[269,321],[150,564],[169,346],[100,512],[-239,462],[209,141],[479,346],[598,308],[1207,679],[1067,538],[469,167],[518,77],[1795,307],[1077,206],[279,128],[1636,974],[169,513],[260,282],[1246,1461],[1107,1294],[1486,1744],[269,320],[250,-385],[139,-333],[190,-551],[139,-705],[549,-346],[469,-90],[538,-397],[309,-282],[339,-192],[369,-372],[499,179],[349,257],[359,102],[499,231],[458,38],[100,-551],[110,-359],[239,-397],[339,-384],[130,-244],[110,-590],[-180,-551],[-130,-589],[339,-205],[349,-116],[619,244],[439,-26],[438,-333],[170,-462],[249,-320],[369,13],[379,-13],[399,-256],[269,0],[469,-270],[349,13],[429,539],[110,435],[728,936],[339,538],[678,1039],[668,1089],[828,833],[448,-51],[250,436],[409,320],[219,308],[768,743],[50,26],[3061,4012],[1187,359],[1326,423],[539,333],[399,359],[189,154],[1087,859],[848,692],[728,692],[169,436],[419,359],[210,512],[299,141],[409,231],[309,218],[259,205],[170,461],[-270,705],[-179,398],[-60,602],[110,436],[-80,602],[489,398],[359,141],[349,179],[379,141],[269,64],[229,577],[399,231],[329,295],[40,692],[718,512],[1217,705],[947,577],[539,487],[1855,1013],[329,0],[638,-180],[329,-371],[249,-564],[509,77],[349,128],[389,256],[1047,346],[90,39],[1386,448],[518,308],[569,192],[977,667],[279,230],[240,526],[468,397],[2005,154],[199,692],[1556,231],[150,179],[-379,526],[-369,590],[-150,410],[210,666],[-100,628],[-539,359],[-80,513],[-199,769]],[[800779,791378],[289,218],[299,346],[758,910],[728,769],[489,628],[459,500],[568,0],[399,-179],[329,102],[519,359],[369,359],[448,295],[280,461],[369,321],[758,12],[558,270],[359,-270],[289,-38],[459,-154],[419,-679],[70,-77],[468,-359],[559,-295],[449,-192],[418,-51],[509,-269],[818,51],[1615,51],[1556,51],[1266,39],[988,-13],[369,26],[917,89],[1197,-64],[100,321],[-60,858],[90,372],[378,257],[529,410],[489,256],[588,359],[389,269],[339,192],[389,-102],[499,90],[279,89],[379,167],[558,205],[499,244],[199,128],[988,564],[359,282],[349,320],[428,436],[349,77],[589,192],[498,64],[399,26],[429,13],[499,12],[798,26],[518,13],[1356,51],[1596,51],[1336,52],[1646,25],[877,0],[908,13],[389,39],[558,12],[848,-12],[1406,-26],[648,0],[459,-26],[529,-38],[528,38],[399,-1627],[70,-603],[40,-423],[179,-538],[479,-500],[339,-256],[389,-475],[159,-384],[140,-449],[100,-397],[20,-462],[-20,-435],[-140,-936],[0,-423],[100,-513],[309,-564],[419,-320],[229,-436],[-149,-641],[-469,-923],[70,-743],[189,-346],[240,-526],[149,-346],[140,-397],[50,-564],[-10,-692],[-60,-513],[-70,-1064],[0,-308],[70,-692],[299,-359],[718,-589],[339,-539],[50,-333],[50,-1371],[40,-1051],[10,-372],[-90,-564],[-230,-679],[-49,-411],[59,-576],[130,-718],[40,-564],[-30,-756],[-70,-436],[-229,-1038],[-419,-1898],[-489,-1871],[-458,-2230],[-170,-513],[-329,-628],[-279,-551],[-160,-385],[-149,-615],[119,-1410],[-69,-372],[-330,-615],[-608,-807],[-130,-205],[-159,-552],[0,-1307],[-100,-410],[-429,-295],[-478,-333],[99,-808],[190,-961],[0,-641],[-160,-538],[-787,-1282],[-260,-577],[-40,-487],[250,-2051],[149,-1076],[140,-513],[379,-846],[139,-551],[150,-1654],[219,-628],[210,-372],[90,-346],[49,-538],[-69,-718],[10,-448],[89,-616],[130,-692],[628,-2692],[30,-320],[0,-602],[-169,-641],[-240,-449],[-149,-769],[129,-436],[549,-77],[628,244],[439,26],[259,-129],[309,-359],[170,-589],[-80,-795],[-419,-436],[-618,-89],[-499,25],[-89,-436],[578,-538],[499,-551],[159,-385],[100,-564],[120,-769],[129,-448],[230,38],[369,282],[269,308],[299,320],[359,231],[548,141],[419,231],[539,282],[498,-154],[290,384],[-60,769],[-40,808],[-10,654],[100,359],[379,487],[169,500],[-20,358],[130,564],[1266,-461],[2095,-743],[359,1474],[209,653],[209,667],[200,641],[189,615],[329,1025],[519,116],[558,-39],[379,-128],[300,64],[399,-51],[458,0],[270,-51],[448,-13],[389,13],[579,0],[379,64],[299,38],[439,0],[458,-13],[868,-12],[638,-13],[608,25],[509,334],[-10,576],[40,654],[60,410],[-20,616],[50,435],[40,411],[89,986],[120,1359],[229,462],[439,0],[429,-116],[369,-102],[548,-154],[539,-115],[289,-26],[429,0],[269,26],[359,-103],[389,-423],[339,-641],[210,-397],[189,-321],[529,52],[139,153],[499,449],[449,397],[339,385],[289,461],[459,808],[279,256],[429,-13],[269,-64],[499,-25],[458,25],[190,39],[478,102],[439,167],[449,384],[269,359],[170,385],[109,551],[160,308],[648,628],[479,410],[558,346],[878,461],[309,-384],[239,-205],[330,-269],[289,-436],[169,-269],[250,-372],[219,-218],[349,-167],[379,-102],[419,64],[289,-26],[359,-128],[588,-13],[330,-320],[269,-590],[409,0],[299,26],[498,-346],[529,-39],[229,-230],[459,-449],[389,-256],[439,0],[369,-116],[229,-538],[-30,-474],[-50,-449],[90,-679],[90,-756],[-170,-654],[-69,-436],[-20,-397],[39,-487],[20,-462],[160,-743],[140,-731],[189,-628],[180,-590],[99,-448],[100,-462],[60,-359],[100,-487],[159,-564],[100,-205],[299,-435],[269,-308],[170,-436],[199,-474],[160,-256],[259,-372],[239,-372],[210,-513],[419,-333],[548,538],[758,577],[389,231],[259,231],[319,333],[459,167],[638,128],[619,89],[359,0],[877,193],[509,179],[449,64],[678,64],[877,167],[649,205],[369,167],[359,128],[807,384],[1067,577],[928,539],[778,397],[1117,590],[1356,769],[429,217],[389,231],[608,398],[947,589],[728,436],[359,397],[469,-384],[239,-513],[140,-372],[269,-564],[309,-320],[90,-743],[-239,-526],[-30,-423],[189,-423],[200,-269],[309,-397],[449,115],[598,179],[519,193],[229,141],[379,205],[279,166],[529,385],[339,205],[269,372],[180,410],[398,410],[349,269],[529,167],[509,141],[578,230],[409,244],[209,218],[299,308],[230,333],[209,269],[289,436],[110,243],[259,628],[280,705],[279,616],[449,333],[418,64],[579,-128],[249,-141],[429,-539],[199,-487],[399,-230],[549,-13],[269,205],[489,372],[289,346],[359,294],[229,167],[429,308],[269,282],[469,89],[269,-192],[519,-384],[269,-244],[339,-295],[459,-397],[249,-128],[559,-308],[369,-269],[279,-115],[389,-141],[309,-193],[289,-230],[379,-372],[449,-551],[429,-513],[199,-282],[260,-410],[398,-603],[290,-371],[399,-410],[438,-526],[369,-577],[250,-295],[558,-602],[389,-449],[319,-384],[190,-269],[289,-398],[319,-525],[139,-487],[130,-308],[369,-410],[279,-320],[250,-321],[219,-256],[319,-244],[369,-307],[249,-334],[310,-512],[109,-449],[200,-474],[429,-526],[389,-384],[289,-410],[289,-462],[-389,-590],[-489,-794],[-678,-1167],[-608,-987],[-638,-1153],[-359,-795],[-110,-141],[-648,-769],[-968,-1025],[-847,-936],[-289,-385],[-898,-1269],[-349,-538],[-229,-743],[-310,-372],[-249,-167],[-638,-320],[-828,-308],[-917,-384],[-658,-244],[-359,-141],[-1307,-513],[-518,-166],[-459,-64],[-589,0],[-518,-128],[-509,-64],[-319,25],[-488,269],[-320,116],[-329,38],[-1156,333],[-539,295],[-309,231],[-389,384],[-289,295],[-429,167],[-319,13],[-319,-64],[-429,-154],[-329,-103],[-559,0],[-429,154],[-329,90],[-438,77],[-310,-26],[-349,-154],[-219,-371],[-120,-782],[100,-513],[70,-705],[20,-615],[120,-616],[89,-525],[40,-397],[80,-564],[90,-295],[249,-564],[60,-398],[-140,-448],[-129,-487],[-80,-680],[289,-487],[259,-269],[270,-564],[259,-666],[-200,-475],[10,-474],[429,-487],[399,-154],[608,-1422],[679,-1680],[159,-461],[359,-308],[509,-589],[20,-282],[-409,-1128],[-569,-5999],[2184,-51],[569,0],[439,13],[428,25],[569,-25],[738,-77],[-250,-6601],[1028,12],[598,-948],[199,-320],[449,-693],[429,-974],[229,-461],[240,-705],[50,-398],[49,-743],[-30,-1948],[170,-244],[2363,167],[409,25],[80,-640],[-120,-526],[-59,-397],[-100,-513],[-90,-320],[-149,-488],[-110,-397],[-140,-525],[1227,0],[1984,0],[2154,0],[878,0],[419,12],[469,-166],[379,-128],[349,-13],[478,-51],[369,12],[1317,116],[668,64],[528,64],[1187,77],[588,13],[629,-39],[897,0],[140,0],[658,26],[130,-13],[508,-38],[718,-13],[489,0],[738,-39],[-10,-295],[-70,-871],[-80,-628],[-109,-1000],[-70,-654],[-50,-551],[-110,-1205],[-149,-1448],[-140,-1384],[-130,-1269],[-379,0],[-797,51],[-499,51],[-209,-384],[89,-846],[110,-1026],[90,-718],[70,-846],[89,-922],[50,-462],[60,-615],[30,-487],[0,-13],[130,-1525],[29,-295],[70,-731],[90,-1294],[70,-718],[40,-436],[99,-1102],[20,-167],[110,-1102],[60,-808],[40,-782],[50,-717],[40,-500],[39,-423],[50,-590],[80,-1064],[50,-782],[848,-218],[608,-12],[618,0],[738,-13],[10,-462],[-10,-538],[-20,-436],[-30,-653],[-40,-1269],[-29,-834],[0,-679],[149,-564],[120,-602],[100,-628],[59,-705],[40,-244],[140,-628],[30,-167],[209,-897],[120,-513],[130,-781],[69,-475],[130,-948],[50,-308],[129,-1038],[20,-218],[50,-692],[-20,-974],[-20,-564],[-79,-1282],[-40,-807],[-50,-1026],[-60,-1384],[-40,-551],[-70,-795],[-40,-692],[-89,-782],[-60,-423],[-90,-474],[-110,-693],[-89,-448],[-110,-359],[-229,-538],[-349,-808],[-280,-628],[-159,-372],[-319,-743],[-60,-115],[-309,-616],[-250,-512],[-149,-282],[2054,-1359],[-399,-859],[-329,-692],[-838,-1846],[-259,-589],[-469,-1051],[-628,-1346],[-169,-359],[-549,-1192],[-249,-539],[-249,-576],[-270,-590],[-219,-526],[-180,-384],[-199,-551],[20,-962],[10,-333],[30,-564],[-10,-1051],[10,-551],[-60,-769],[229,-167],[339,-256],[569,-13],[478,244],[349,243],[310,116],[339,51],[538,-167],[130,-769],[-379,-154],[-259,-461],[0,-423],[59,-795],[140,-615],[140,-461],[269,-462],[140,-179],[249,-564],[120,-564],[129,-577],[100,-487],[20,-487],[-30,-436],[20,-743],[40,-462],[90,-359],[189,-628],[219,-692],[90,-423],[30,-410],[80,-474],[80,-539],[79,-436],[110,-384],[160,-551],[109,-526],[170,-987],[130,-871],[59,-449],[50,-397],[80,-526],[60,-641],[0,-487],[0,-730],[60,-500],[79,-487],[260,-705],[329,-449],[259,-167],[359,-153],[419,-321],[269,-410],[309,-487],[180,-474],[120,-744],[219,-487],[449,-577],[389,-359],[269,-384],[139,-551],[-49,-334],[59,-499],[210,-270],[568,-730],[439,-449],[269,-359],[190,-474],[289,-423],[339,-192],[399,295],[189,499],[20,616],[-259,474],[-229,244],[-90,512],[339,475],[429,64],[259,-257],[269,-410],[429,-115],[589,154],[169,615],[-159,218],[-349,346],[-70,333],[159,1013],[240,500],[438,140],[320,-397],[229,-333],[359,-77],[379,154],[858,384],[438,167],[270,500],[478,397],[409,141],[249,-179],[469,-13],[399,192],[309,308],[180,320],[30,641],[-110,590],[70,769],[169,705],[309,705],[240,397],[249,526],[190,384],[319,205],[508,26],[429,64],[549,269],[59,500],[-49,705],[-170,602],[-289,244],[-499,218],[170,718],[199,435],[389,141],[409,-76],[429,-65],[249,-217],[120,-487],[50,-359],[448,-270],[290,206],[718,743],[388,436],[270,602],[349,821],[259,346],[778,-193],[738,-807]],[[782180,875719],[-2383,-4769],[-199,-782],[-130,-615],[-549,154],[-339,0],[-319,-692],[-3400,-6435],[-160,-25],[-538,243],[-140,-38],[-509,-756],[-179,-347],[-180,-589],[-149,-1064],[-210,-948],[-30,-641],[90,-603],[120,-295],[478,-166],[539,423],[339,179],[309,103],[339,269],[379,423],[349,205],[339,-487],[-30,-641],[110,-743],[399,-808],[120,-320],[-210,-590],[-379,-90],[-339,-89],[-299,-423],[-40,-552],[20,-333],[130,-474],[259,-244],[529,0],[269,244],[548,961],[190,257],[518,89],[359,-141],[519,-192],[499,-103],[339,141],[329,577],[80,410],[139,385],[359,461],[289,154],[499,103],[389,-551],[30,-782],[119,-551],[330,487],[388,384],[539,90],[459,-282],[369,-526],[329,-1063],[139,-398],[349,-410],[519,-167],[549,64],[339,116],[329,-308],[219,-564],[160,-692],[79,-436],[100,-384],[379,-423],[519,243],[129,334],[270,589],[428,410],[379,-461],[130,-628],[-160,-744],[190,-807],[299,-474],[279,-129],[429,-346],[389,-576],[429,-26],[249,64],[539,0],[289,269],[409,-243],[-40,-1462],[0,-807],[0,-474],[-110,-949],[539,-141],[229,218],[439,218],[618,26],[339,-26],[818,-154],[548,-90],[788,-166],[-129,1192],[119,397],[1426,821],[10,474],[-109,589],[39,782],[-79,526],[419,474],[628,-692],[299,-64],[369,243],[459,-230],[329,-52],[2074,641],[1047,334],[289,-116],[180,-1371],[80,-603],[-190,-218],[-1486,0],[-1605,-13],[-220,-217],[349,-962],[170,-564],[449,-230],[289,-436],[419,192],[409,269],[478,141],[968,487],[558,0],[299,-89],[469,-52],[389,-154],[-120,-384],[-119,-538],[19,-423],[250,-705],[608,-1218],[40,-397],[-259,-475],[458,-1038],[290,-743],[179,-449],[339,-859],[259,-577],[250,-512],[-100,-282],[-558,-192],[169,-680],[449,-1974],[289,-1243],[-110,-526],[-59,-346],[-280,-525],[-349,-423],[-329,-513],[-309,-692],[-299,-820],[-50,-167],[-170,-692],[-189,-808],[-219,-589],[-250,-628],[-209,-564],[-309,-987],[-160,-577],[-129,-462],[-150,-282],[-160,-704],[-179,-526],[-160,-359],[-219,-641],[-100,-320],[-119,-449],[-90,-679],[10,-487],[-30,-513],[-80,-359],[-209,-641],[-50,-128],[-419,-1474],[-289,-602],[-788,-1667],[-120,-282],[-169,-487],[-359,-1064],[-230,-564],[-339,-218],[-269,-692],[-339,-679],[-239,-731],[-359,-538],[-80,-397],[20,-526],[-60,-692],[-140,-1051],[-139,-1051],[-60,-577],[0,-436],[-80,-500],[-60,-538],[-119,-1179],[-70,-808],[-110,-794],[-110,-372],[20,-654],[-40,-461],[-79,-885],[-70,-525],[-210,-962],[459,-717],[748,-1103],[329,-602],[968,-1602],[169,-372]],[[744445,726649],[-569,-103],[-848,13],[-598,102],[-628,39],[-1107,-141],[-549,-115],[-508,-52],[-309,-89],[-559,-116],[-159,-38],[-728,13],[-180,-13],[-887,-39],[-359,-102],[-339,-52],[-330,-76],[-368,-52],[-369,-25],[-310,12],[-518,39],[-389,-77],[-249,-26],[-399,-128],[-300,-90],[-408,-217],[-519,-65],[-519,-166],[-388,25],[-848,129],[-309,12],[-579,-51],[-179,-64],[-618,-436],[-499,-307],[-549,-269],[-618,-141],[-748,-141],[-688,-65],[-867,-102],[-90,-64],[-260,-641],[-109,-833],[-369,-77],[-499,-103],[-249,-89],[-529,-308],[-458,-154],[-589,180],[-419,333],[-538,-39],[-499,-89],[-239,-385],[-329,-90],[-499,-76],[-518,-90],[-549,-39],[-409,13],[-309,-192],[-548,-372],[-329,-179],[-399,-218],[-489,-205],[-409,-167],[-788,-269],[-498,-179],[-579,-167],[-468,-180],[-619,-205],[-329,-89],[-608,-141],[-429,12],[-588,-205],[-270,-89],[-538,-129],[-389,-51],[-399,116],[-459,-103],[-269,-192],[-429,-295],[-429,-282],[-448,-269],[-379,-257],[-389,-371],[-369,-410],[-289,-295],[-349,-372],[-379,-385],[-479,-474],[-399,-500],[-199,-205],[-479,52],[-389,-13],[-548,-52],[-439,-76],[-569,0],[-349,64],[-488,115],[-629,-26],[-389,-487],[-339,-269],[-389,-205],[-239,-602],[-159,-334],[-459,-653],[-389,-526],[-519,-218],[-688,-51],[-668,13],[-489,77]],[[694532,710614],[-767,974],[-359,769],[-679,1012],[-149,539],[-70,436],[-10,666],[40,692],[149,898],[-39,371],[-310,398],[-528,461],[-449,385],[-2662,2102],[-369,397],[-270,461],[-149,398],[-80,397],[-70,910],[-159,4012],[-160,2013],[-209,1422],[-160,757],[-160,512],[-269,551],[-110,193],[-967,1179],[-80,308],[-79,730],[10,449],[119,1282],[40,845],[-100,667],[-548,1653],[-379,1731],[-738,2858],[-269,1513],[-160,1756],[10,577],[110,743],[60,256],[279,500],[568,180],[649,115],[189,51],[379,334],[179,448],[140,603],[239,2281],[100,1628],[120,1192],[110,641],[329,859],[209,525],[140,410],[89,411],[30,615],[-359,256],[-1436,500],[-309,128],[-698,269],[-708,116],[-828,-13],[-419,-141],[-927,-833],[-429,192],[-309,2128],[130,628],[778,1166],[638,1090],[129,474],[20,3256],[100,359],[70,1166],[110,551],[379,910],[89,282],[359,1679],[120,718],[-40,718],[-80,282],[-758,2346],[-99,499],[-60,475],[-50,1538],[40,1025],[110,641],[668,1795],[279,512],[339,436],[239,244],[489,397],[1855,1090],[1715,666],[319,244],[329,371],[200,398],[159,500],[100,974],[-60,551],[-219,513],[-1157,1140],[-578,295],[-1217,936],[-698,538],[-1386,436],[-1925,743],[-1925,667],[-2144,641],[-2932,179],[-3450,808],[-2413,615],[-379,731],[-130,1128],[0,1269],[299,2691],[30,1064],[-179,1410],[-290,923],[-39,128],[-998,1525],[-2224,3666],[-199,398],[-140,692],[-59,307],[-100,629],[-160,679],[-718,2435],[-179,615],[-140,603],[-110,705],[-189,1294],[-219,667],[-529,782],[-259,359],[-359,487],[-359,448],[-369,372],[-1147,782],[-798,500],[-897,410],[-898,282],[-369,103],[-937,192],[-1965,269],[-1227,167],[-628,128],[-399,64],[-409,90],[-648,269],[-429,282],[-189,192],[-329,500],[-379,692],[-220,436],[-199,436],[-150,500],[-189,820],[-190,820],[-189,2269],[-199,1705],[-10,487],[29,449],[439,2102],[140,551],[199,551],[3870,7139],[339,539],[209,628],[50,359],[-50,653],[-159,705],[-200,513],[-1177,2141],[-219,653],[-209,641],[-589,1615],[-498,936],[-499,872],[-997,1256],[-439,461],[-1815,1449],[-738,499],[-698,654],[-319,385],[-319,512],[-200,398],[-768,2063],[-947,1231],[-1705,2384],[-449,666],[-598,693],[-539,538],[-2653,2051],[-189,256],[-150,500],[-279,2166],[-120,385],[-179,359],[-389,525],[-828,654],[-1625,1269],[-1237,1102],[-349,449],[-389,743],[-259,500],[-638,872],[-210,295],[-189,512],[-100,641],[-40,641],[-30,577],[-109,589],[-479,885],[-339,769],[-259,692],[-130,577],[30,589],[90,372],[199,410],[209,257],[1476,1115],[280,397],[129,359],[40,474],[-30,487],[-80,436],[-119,423],[-200,346],[-389,487],[-837,885],[-768,653],[-479,295],[-429,231],[-1216,461],[-359,167],[-300,205],[-698,769],[-379,180],[-339,-64],[-608,-244],[-917,-410],[-858,-436],[-279,-90],[-399,64],[-599,257],[-708,397],[-369,282],[-787,782],[-319,205],[-340,64],[-349,-38],[-468,-103],[-270,-231],[-329,-474],[-119,-282],[-50,-538],[10,-718],[219,-1500],[-60,-294],[-369,-411],[-389,-102],[-488,231],[-200,346],[-518,1064],[-439,1102],[-369,1089],[-80,423],[-149,1051],[-80,782],[30,539],[70,512],[119,628],[738,2564],[539,1423],[-409,769],[-150,269],[-309,359],[-299,308],[-399,346],[-289,179],[-1107,538],[-1007,2423],[-519,1064],[-828,859],[-548,320],[-389,641],[-30,705],[10,538],[-150,615],[-239,231],[-309,180],[-738,230],[-898,257],[-309,192],[-438,500],[-589,1179],[-239,526],[-359,1128],[-309,1461],[149,718],[70,461],[-10,461],[-120,526],[-129,308],[-329,461],[-309,256],[-359,0],[-559,167],[-309,244],[-638,730],[-569,487],[-738,321],[-369,166],[-718,77],[-448,-64],[-469,-269],[-509,-359],[-678,-564],[-538,-615],[-250,-244],[-488,-282],[-349,-77],[-310,-12],[-1136,346],[-718,346],[-459,397],[-299,269],[-778,757],[-608,666],[-738,1359],[-1008,3371],[-488,1538],[-459,1320],[-509,1436],[-189,846],[-170,1140],[0,526],[30,295],[240,436],[339,756],[369,769],[199,410],[70,679],[-140,526],[-678,795],[-129,153],[-798,680]],[[587209,944819],[239,320],[269,321],[290,307],[977,1039],[1416,1486],[568,539],[329,282],[728,807],[489,667],[738,1153],[190,423],[89,475],[150,423],[369,615],[239,384],[309,552],[250,320],[20,500],[109,359],[260,512],[19,744],[130,795],[220,371],[568,359],[110,116],[349,730],[179,333],[250,385],[139,538],[-30,410],[-409,295],[-69,539],[269,640],[309,257],[469,179],[299,423],[169,564],[-289,449],[10,384],[239,449],[100,359],[40,449],[419,371],[718,808],[459,410],[319,192],[468,-179],[320,-231],[369,-154],[438,603],[230,192],[359,179],[518,295],[399,936],[479,525],[229,667],[429,372],[150,218],[518,89],[449,-269],[349,218],[229,654],[349,410],[509,320],[947,-307],[718,-321],[120,-13],[579,64],[388,90],[1157,756],[240,77],[698,-89],[618,38],[1017,436],[299,654],[170,474],[369,282],[229,718],[499,423],[389,179],[1087,167],[99,38],[469,385],[329,-39],[419,218],[559,128],[438,90],[359,372],[359,166],[449,103],[399,500],[349,346],[509,-26],[409,-77],[488,308],[429,128],[349,128],[1695,744],[409,-334],[429,-205],[239,257],[419,256],[499,51],[429,26],[618,385],[60,717],[379,449],[309,-487],[818,308],[-379,615],[279,602],[329,500],[140,474],[-160,667],[229,538],[389,-141],[589,-179],[399,243],[518,-179],[638,-51],[419,269],[240,436],[229,551],[329,102],[588,-128],[439,26],[389,230],[459,218],[289,334],[519,77],[568,243],[20,654],[568,346],[320,102],[249,462],[209,641],[449,269],[170,448],[438,321],[589,282],[379,167],[359,-295],[299,-13],[538,295],[220,269],[478,461],[379,180],[379,333],[379,77],[519,205],[189,628],[339,397],[310,244],[309,205],[40,474],[89,410],[539,13],[289,-333],[249,-410],[549,-397],[389,-488],[389,39],[459,-192],[598,153],[449,26],[438,256],[280,295],[229,244],[309,231],[429,499],[199,-166],[509,89],[499,359],[129,539],[279,448],[70,628],[270,731],[538,-51],[399,-64],[419,-244],[598,256],[429,411],[-70,307],[150,654],[309,154],[110,589],[309,411],[109,397],[270,346],[628,-90],[110,0],[389,-166],[69,-539],[379,-410],[409,167],[329,384],[170,410],[548,-102],[250,-244],[339,-256],[458,-320],[569,-193],[130,-589],[179,-526],[-40,-513],[120,-384],[339,-269],[279,13],[489,-90],[518,307],[339,436],[489,-218],[409,-538],[379,-474],[139,-539],[230,-397],[-210,-513],[519,-333],[349,231],[259,25],[389,308],[439,308],[489,-116],[319,628],[449,193],[249,307],[349,218],[538,321],[399,51],[319,179],[509,64],[359,52],[249,-346],[300,-616],[209,-461],[249,-256],[200,-487],[40,-372],[-80,-513],[119,-333],[569,-231],[229,372],[579,-321],[409,141],[488,26],[359,-192],[439,-372],[409,-179],[159,-462],[-219,-372],[329,-512],[249,-205],[349,-154],[469,-410],[279,-257],[419,-487],[389,-295],[269,-25],[359,-218],[330,-333],[99,-487],[-129,-398],[-20,-500],[259,-705],[-70,-410],[369,-359],[259,667],[399,641],[290,-282],[329,-615],[538,-270],[249,513],[419,308],[469,320],[229,-359],[429,-205],[249,-128],[479,-449],[529,-115],[618,141],[349,-320],[319,-52],[319,-64],[359,-205],[349,-128],[409,615],[-90,436],[240,705],[508,-77],[319,-77],[439,-192],[289,-39],[389,-512],[339,-167],[449,-141],[389,-308],[359,193],[309,115],[619,-51],[289,-116],[399,129],[548,153],[429,270],[568,-193],[240,-346],[568,-166],[379,-282],[349,-385],[339,-90],[369,26],[599,-13],[558,192],[389,77],[429,-115],[399,-128],[289,-192],[259,-282],[439,-347],[479,-166],[349,-192],[688,-757],[329,-269],[1007,-730],[409,-129],[279,167],[449,308],[538,179],[330,615],[19,667],[-219,1089],[-199,808],[-50,756],[-70,1128],[-10,128],[-100,731],[-149,474],[-429,538],[-319,372],[329,654],[339,13],[2553,756],[309,128],[289,282],[299,590],[160,577],[319,1320],[80,307],[359,487],[488,308],[948,385],[419,205],[508,64],[260,-116],[369,-371],[139,-193],[319,-525],[160,-321],[130,-666],[99,-602],[459,-500],[359,-26],[548,38],[449,-230],[469,-269],[489,-26],[299,192],[319,205],[439,321],[389,282],[309,295],[229,269],[329,397],[549,269],[1286,333],[419,180],[379,38],[289,-64],[349,0],[569,13],[458,103],[519,269],[329,141],[409,141],[588,-13],[589,-244],[528,-410],[359,-205],[668,-384],[439,-180],[409,167],[678,795],[429,192],[249,38],[449,39],[289,-52],[499,-333],[668,-538],[259,-359],[180,-526],[229,-371],[459,-269],[60,-488],[429,-525],[249,-269],[359,-539],[269,-397],[499,-218],[379,26],[319,-51],[359,-372],[40,-603],[269,-282],[439,-243],[219,-218],[549,-667],[428,-371],[489,-26],[469,180],[269,51],[379,-26],[588,-218],[250,-307],[289,-270],[479,-128],[528,-410],[588,13],[439,51],[579,-307],[369,-308],[259,-115],[379,-13],[489,-90],[608,-64],[359,-26],[379,-12],[409,-167],[359,-513],[379,-166],[279,0],[369,89],[449,180],[478,-128],[589,-308],[339,-192],[279,-180],[299,-205],[249,-269],[419,-551],[210,-141],[548,-487],[299,-282],[290,-90],[458,-115],[389,423],[70,500],[80,435],[349,462],[489,102],[708,-320],[738,-333],[947,-398],[399,-218],[498,-435],[180,-564],[100,-500],[99,-769],[-30,-616],[-179,-666],[-489,-551],[-389,-449],[-249,-615],[-60,-949],[-80,-538],[-19,-295],[9,-525],[100,-808],[10,-154],[140,-1487],[70,-756],[-150,-589],[-239,-282],[-170,-590],[120,-808],[-10,-487],[-70,-461],[-199,-577],[-80,-500],[0,-653],[-60,-244],[-219,-615],[79,-462],[80,-615],[-70,-231],[-189,-910],[-190,-974],[-89,-615],[20,-487],[119,-590],[-50,-384],[-49,-654],[9,-910],[-59,-1179],[-120,-564],[-479,-705],[-159,-295],[-240,-718],[-59,-654],[20,-525],[-320,-269],[70,-692],[150,-1398],[159,-1640],[110,-1090],[120,-1179],[80,-756],[129,-1333],[80,-808],[30,-230],[100,-923],[299,-2923],[3031,-30429],[3780,-37774],[808,359],[728,192],[548,116],[399,487],[539,115],[279,231],[239,782],[220,154],[588,-26],[588,-154],[1137,-384],[-90,538],[-159,859],[-180,769],[-99,679],[-40,295],[-100,666],[289,116],[609,-116],[418,-128],[310,-77],[508,-141],[489,-282],[369,-269],[359,141],[498,436],[389,308],[369,153],[10,603],[369,436],[210,64],[458,359],[349,115],[549,77],[389,205],[339,103],[289,128],[419,-13],[279,-115],[399,-26],[449,154],[289,-359],[479,-269],[319,38],[568,180],[319,564],[529,320],[369,-179],[269,-564],[-269,-282],[209,-731],[409,90],[359,-487],[349,-398],[539,244],[319,128],[349,128],[239,-679],[50,-756],[369,-39],[319,205],[429,321],[389,-26],[179,-449],[310,-474],[159,-654],[-110,-346],[180,-551],[598,-218],[339,-294]],[[694532,710614],[-668,-2384],[-429,-2397],[-458,-1808],[-250,-858],[-139,-1603],[119,-1499],[240,-1244],[818,-3512],[239,-487],[259,-384],[449,-590],[140,-372],[-40,-500],[-150,-384],[-808,-3128],[-89,-397],[-190,-654],[-179,-423],[-300,-435],[-399,-270],[-1884,-1115],[-429,-307],[-329,-616],[-200,-1140],[-339,-2026],[-758,-1204],[-1236,-885],[-948,-602],[-847,-231],[-649,-64],[-388,-39],[-290,-25],[-528,-116],[-539,-243],[-389,-333],[-2313,-3833],[-260,-423],[-329,-231],[-289,-115],[-429,13],[-229,192],[-389,500],[-199,231],[-1217,1282],[-439,230],[-399,13],[-289,-167],[-209,-448],[-190,-987],[-269,-2153],[-1177,-4538],[-1336,-4038],[-957,-2204],[-738,-782],[-998,-628],[-1186,-526],[-1117,-807],[-280,-269],[-369,-526],[-947,-807],[-1137,-885],[-189,-179],[-429,-449],[-329,-384],[-449,-654],[-309,-269],[-319,-244],[-499,-282],[-558,-25],[-429,-218],[-738,-1333],[-1097,-1487],[-728,-987],[-309,-564],[-140,-372],[-638,-2192],[-319,-474],[-459,-167],[-339,167],[-229,820],[-419,308],[-379,115],[-309,-38],[-489,-269],[-379,-346],[-219,-270],[-978,-1384],[-438,-743],[-130,-103],[-588,-218],[-250,-564],[130,-705],[10,-294],[-40,-616],[-199,-615],[-329,-282],[-2015,-1051],[-499,-385],[-279,-423],[-409,-448],[-618,-385],[-189,-115],[-399,-320],[-180,-449],[-10,-487],[-269,-692],[-90,-500],[60,-346],[259,-628],[190,-308],[638,-1051],[798,-923],[1925,-2474],[-948,-307],[-399,-385],[-1007,-1461],[-329,-833],[-150,-795],[-40,-884],[120,-1090],[409,-1679],[529,-2064],[-30,-1448],[-310,-1474],[-368,-756],[-519,-718],[-708,-577],[-529,-282],[-548,-320],[-309,-372],[-389,-1051],[-479,-1590],[-449,-64],[-638,-12],[-469,-65],[-528,-422],[-589,-834],[-638,-730],[-877,-885],[-230,-205],[-329,-230],[-319,-129],[-628,-51],[-439,-26],[-489,52],[-299,64],[-478,-51],[-489,-193],[-309,-192],[-529,-449],[-339,-282],[-249,-77],[-509,-25],[-379,-13],[-259,-38],[-329,-436],[-10,-410],[130,-526],[149,-423],[379,-846],[70,-756],[-339,-1820],[-120,-308],[-319,-615],[80,-462],[20,-679],[-120,-577],[-169,-794],[-130,-475],[-90,-512],[-50,-487]],[[633341,597062],[-827,435],[-469,244],[-618,218],[-1167,436],[-259,64],[-399,-26],[-539,-115],[-429,102],[-339,269],[-349,347],[-508,38],[-349,51],[-439,205],[-369,398],[-319,307],[-579,-577],[-209,-76],[-479,-205],[-658,-359],[-489,-270],[-199,-205],[-439,-115],[-479,-115],[-438,-526],[-290,-256],[-428,-180],[-619,-89],[-508,-231],[-339,-244],[-499,-25],[-329,128],[-509,141],[-438,-167],[-329,0],[-778,257],[-539,166],[-518,154],[-399,141],[-299,51],[-489,-102],[-569,-334],[-339,-38],[-708,-77],[-568,0],[-429,51],[-219,26],[-429,-13],[-579,-179],[-189,-51],[-558,-167],[-350,-90],[-339,-102],[-339,-180],[-289,-243],[-259,-244],[-339,-154],[-449,-25],[-638,-26],[-1167,513],[-997,769],[-1356,1474],[-1427,461],[-1116,487],[-1407,64],[-1625,-141],[-1306,-820],[-2155,-1371],[-1017,-564],[-1296,-757],[-868,-218],[-648,167],[-648,282],[-628,641],[-260,256],[-488,513],[-958,115],[-1087,-461],[-89,-39],[-1855,398],[-1357,282],[-4068,820],[-1177,321],[-1566,794],[-907,231],[-808,-51],[-878,-39],[-359,-205],[-249,-179],[-329,-257],[-339,-102],[-419,-26],[-459,0],[-438,128],[-539,-25],[-299,-244],[-429,-423],[-299,-333],[-409,-167],[-549,-12],[-757,64],[-998,679],[-209,141],[-788,308],[-499,0],[-239,-141],[-329,-423],[-499,-398],[-628,-77],[-977,295],[-1695,564],[-359,116],[-529,25],[-947,64],[-489,-115],[-489,-51],[-538,51],[-938,308],[-578,179],[-549,26],[-428,12],[-948,-77],[-1107,-102],[-4288,1128],[-1306,243],[-1107,13],[-618,-25],[-539,-103],[-419,167],[-299,269],[-319,513],[-319,551],[-329,371],[-339,257],[-329,166],[-529,77],[-259,103],[-429,333],[-559,1243],[-339,1936],[-40,1948],[0,808],[-329,1512],[-199,436],[-229,308],[-320,435],[-418,398],[-310,205],[-548,256],[-698,-51],[-908,-64],[-1695,-692],[-239,-13],[-1745,423],[-848,513],[-678,756],[-1237,1820],[-578,833],[-369,-51],[-908,-782],[-4796,-4089],[0,795],[-50,743],[20,974],[-190,641],[-578,487],[-678,475],[-70,51],[-1317,1000],[-1256,1192],[-249,448],[-240,654],[-80,628],[0,385],[70,628],[90,641],[-30,474],[-60,397],[-269,513],[-289,269],[-369,141],[-618,77],[-569,13],[-269,64],[-379,231],[-868,756],[-359,320],[-379,436],[-249,423],[-120,731],[-20,653],[-69,475],[-250,615],[-149,295],[-150,436],[90,743],[-60,538],[-199,398],[-250,474],[-169,372],[-160,512],[-20,385],[250,718],[279,448],[209,641],[-219,500],[-319,295],[-968,769],[-339,243],[-478,385],[-579,551],[-798,513],[-239,154],[-209,653],[399,1641],[20,256],[-120,1064],[-289,1436],[-180,692],[-209,628],[-210,256],[-488,334],[-359,256],[-479,154],[-349,13],[-568,-90],[-389,115],[-409,39],[-429,-359],[-329,-487],[-130,-436],[-419,-320],[-319,-488],[-20,-371],[0,-487],[-279,-500],[-299,-385],[-200,-359],[-139,-487],[-170,-679],[-369,-359],[-239,-372],[-150,-448],[-69,-744],[-260,-448],[-279,-282],[-509,-526],[-398,-192],[-330,-103],[-398,-346],[-270,-1243],[-169,-961],[-120,-398],[-239,-359],[-250,-410],[-249,-346],[-518,-449],[-1107,-243],[-389,-90],[-359,-115],[-549,-77],[-778,-103],[-319,-102],[-119,-551],[398,-564],[728,-641],[270,-705],[0,-462],[-110,-397],[-419,-115],[-409,-141],[-259,-282],[-389,-487],[-269,-539],[-329,-320],[-379,-51],[-269,12],[-389,52],[-479,218],[-319,-39],[-369,-384],[10,-641],[10,-590],[-449,-397],[-459,-116],[-369,-51],[-488,26],[-589,25],[-409,-435],[-239,-359],[-249,-462],[-559,-794],[-249,-385],[-349,-218],[-309,-38],[-499,51],[-469,38],[-448,39],[-220,13],[-448,-346],[-559,-2167],[-130,-371],[-438,-949],[-250,-282],[-349,-90],[-329,129],[-469,12],[-319,-153],[-319,-628],[0,-603],[-40,-846],[-69,-974],[-140,-487],[-130,-308],[-239,-397],[-279,-410],[-299,-487],[-170,-257],[-359,-474],[-439,-487],[-578,-282],[-359,-141],[-439,-269],[-209,-205],[-419,-564],[-359,-590],[-289,-371],[-260,-629],[-169,-461],[70,-692],[149,-603],[229,-487],[240,-705],[70,-346],[99,-679],[-20,-795],[10,-717],[-458,-462],[-230,77],[-389,115],[-389,103],[-309,-26],[-468,-141],[-529,-218],[-359,13],[-269,-166],[-419,-334],[-239,-384],[10,-757],[169,-487],[20,-307],[-160,-603],[-259,-538],[-289,-436],[-170,-333],[-99,-474],[149,-680],[-99,-730],[-379,-539],[-230,141],[-339,231],[-558,115],[-299,257],[79,525],[140,436],[30,808],[100,576],[0,257],[-1028,2525],[-737,1487],[-519,1435],[-120,757],[-89,1281],[29,1526],[80,641],[399,1179],[409,1384],[-329,692],[-1556,103],[-299,692],[0,718],[20,551],[379,910],[159,590],[-189,576],[-339,462],[-628,461],[-290,218],[-658,641],[-369,513],[-788,910],[-847,846],[-539,307],[-2622,462],[-200,38],[-718,244],[-449,154],[-528,551],[-190,333],[250,551],[418,526],[300,397],[369,269],[179,500],[-50,641],[429,295],[359,602],[120,410],[30,616],[89,525],[130,359],[40,718],[130,474],[-70,782],[-299,385],[-389,589],[-130,577],[-269,282],[-509,346],[-119,500],[209,679],[30,487],[0,500],[279,603],[229,576],[-59,834],[-90,320],[-200,526],[-79,499],[-10,462],[99,474],[30,744],[-50,346],[-169,871],[-289,692],[-230,180],[-937,397],[-229,103],[-359,243],[-459,269],[-399,129],[-439,38],[-329,-38],[-668,-308],[-389,-90],[-1097,141],[-1017,-141],[-329,-64],[-619,-205],[-488,-231],[-399,-217],[-489,-423],[-269,-449],[-50,-808],[-329,-628],[-429,-397],[-439,-269],[-418,-257],[-379,-269],[-1466,-1038],[-160,-167],[-877,-1320],[-579,-589],[-578,-308],[-439,-385],[-289,-410],[-40,-666],[-110,-462],[-489,-333],[-139,-64],[-948,-346],[-1146,-513],[-948,-589],[-917,-462],[-419,-320],[-379,-475],[-249,-397],[-200,-602],[-99,-641],[-110,-1038],[-240,-475],[-448,-564],[-599,-679],[-528,-692],[-509,-987],[-229,-295],[-329,-320],[-758,-590],[-848,-487],[-937,-449],[-379,-141],[-938,-436],[-618,-230],[-528,-192],[-339,-90],[-330,615],[-39,436],[-210,359],[-419,51],[-329,-141],[-498,-218],[-459,154],[-210,731],[-189,487],[-200,397],[-359,513],[-418,218],[-359,51],[-1596,102],[-429,39],[-548,295],[-250,25],[-1525,-320],[-1347,-192],[-708,-103],[-478,90],[-429,89],[-609,13],[-508,103],[-439,-13],[-279,-103],[-598,-269],[-639,-371],[-648,-513],[-638,-628],[-439,-769],[-199,-410],[-270,-359],[-418,-244],[-180,-205],[-1077,-1641],[-329,-384],[-239,-218],[-349,-154],[-409,-154],[-260,-333],[-787,-2243],[-330,-808],[-219,-730],[-50,-692],[50,-539],[190,-384],[508,-295],[329,-282],[240,-679],[-70,-372],[-270,-423],[-378,-346],[-260,-180],[-568,-294],[-319,-308],[-309,-526],[-70,-474],[-250,-307],[-269,-218],[-339,-231],[-1187,-615],[-418,-218],[-389,-103],[-629,-25],[-379,-193],[-448,-320],[-439,-103],[-459,-89],[-319,-116],[-678,-359],[-918,-525],[-1057,-564],[-279,-180],[-389,-217],[-319,-346],[-199,-616],[-130,-730],[-120,-385],[-239,-410],[-269,-179],[-878,-449],[-538,-141],[-439,-13],[-349,218],[-200,244],[-538,179],[-658,205],[-509,64],[-578,128],[-499,231],[-947,513],[-469,295],[-359,525],[-80,577],[-289,692],[-509,-38],[-379,-270],[-548,167],[-269,244],[-389,256],[-559,-128],[-468,-257],[-599,-128],[-568,-179],[-479,-167],[-608,-179],[-269,-180],[-569,-89],[-489,25],[-1366,167],[-548,25],[-489,-410],[-459,-500],[-219,-179],[-369,-180],[-399,65],[-279,115],[-349,128],[-409,128],[-598,231],[-140,-602],[30,-462],[219,-513],[429,-64],[249,-218],[-39,-666],[-230,-372],[-299,-141],[-459,244],[-409,320],[-528,141],[-329,13],[-329,-628],[279,-641],[279,-372],[269,-602],[-169,-564],[-20,-282],[-80,-1295],[-149,-525],[-190,-449],[-399,-179],[-668,641],[-439,243],[-369,128],[-389,-205],[-199,-371],[-509,-821],[-309,-359],[-319,-230],[-349,-65],[-608,13],[-369,39],[-329,-180],[-429,-576],[-299,-321],[-320,-243],[-239,-244],[-489,-808],[-129,-384],[-140,-397],[-189,-487],[-359,-385],[-399,-308],[-399,-397],[-30,-679],[170,-359],[1037,-987],[20,-398],[-220,-448],[-469,-64],[-478,64],[-339,-154],[-80,-666],[-239,-372],[-439,-26],[-329,103],[-399,64],[-519,-385],[-379,-410],[-249,-256],[-359,-346],[-339,243],[20,577],[-100,538],[-309,218],[-209,308],[-449,436],[-289,307],[-240,641],[-209,372],[-489,-64],[-399,-398],[-359,-230],[-109,-756],[-130,-411],[-329,-615],[-319,-320],[-389,-205],[-409,-90],[-469,0],[-498,102],[-399,141],[-738,205],[-399,-128],[-479,-89],[-309,0],[-668,-13],[189,564],[280,602],[309,167],[419,307],[578,205],[249,449],[-179,641],[-329,436],[-339,589],[-260,577],[-119,244],[-260,474],[-289,346],[-429,295],[-438,372],[-409,461],[-240,410],[-149,346],[-110,577],[0,590],[-40,692],[-139,641],[-190,730],[-479,359],[-388,77],[-320,-51],[-438,-167],[-310,-307],[-219,-141],[-459,-39],[-369,0],[-628,-128],[-449,-449],[-269,-705],[-149,-333],[-210,-372],[-439,-448],[-289,-180],[-309,-89],[-519,-26],[-279,179],[-149,449],[-10,513],[89,794],[60,423],[60,500],[80,475],[139,692],[130,615],[40,385],[-20,461],[-30,385],[-60,461],[-90,628],[0,436],[-149,730],[-210,347],[-289,256],[-468,218],[-559,154],[-419,230],[-379,616],[-119,461],[219,602],[190,231],[408,308],[270,154],[329,307],[239,244],[578,179],[389,-25],[280,-13],[399,-77],[289,-39],[379,193],[209,679],[-279,705],[-140,525],[-89,782],[9,487],[110,411],[30,397],[-229,461],[-479,90],[-349,-64],[-309,-115],[-409,-270],[-469,-115],[-448,128],[-340,-38],[-498,-77],[-379,-154],[-579,-243],[-528,153],[-529,423],[-398,449],[-240,359],[-319,461],[-179,193],[-439,538],[-319,461],[-220,462],[-269,820],[-170,615],[-189,552],[-110,320],[-159,551],[-90,462],[10,551],[100,461],[229,603],[239,576],[50,475],[-60,512],[-99,398],[-429,51],[-220,-115],[-349,-270],[-588,-551],[-389,-359],[-568,-461],[-339,-231],[-359,-25],[-579,320],[-100,667],[100,1166],[30,718],[-30,615],[-119,474],[-320,526],[-369,90],[-398,38],[-359,77],[-320,38],[-648,-12],[-468,64],[-409,179],[-509,397],[-509,90],[-319,295],[-99,538],[189,577],[469,397],[319,141],[409,141],[588,167],[299,256],[419,500],[678,654],[499,359],[289,115],[459,116],[439,-167],[149,-282],[359,-449],[439,-358],[319,-90],[319,-51],[379,179],[140,718],[-50,577],[-60,435],[-130,654],[-69,718],[-50,500],[-30,641],[30,500],[60,666],[269,718],[399,397],[269,564],[80,321],[0,538],[-319,551],[-270,397],[-289,334],[-349,589],[-419,449],[-399,51],[-608,-64],[-429,0],[-379,487],[40,487],[170,372],[389,346],[209,461],[-50,757],[-289,89],[-489,103],[-359,51],[-438,26],[-230,115],[-409,423],[-379,628],[-329,654],[-369,910],[-89,256],[-70,564],[0,449],[249,641],[359,423],[110,256],[169,500],[290,231],[408,167],[509,307],[469,449],[-40,577],[-299,230],[-579,257],[-409,153],[-548,-25],[-309,-205],[-240,-346],[-239,-346],[-169,-731],[-459,-218],[-429,64],[-289,205],[-519,1038],[-139,270],[-230,423],[-229,320],[-389,500],[-209,295],[-619,141],[-389,-26],[-598,-154],[-419,-243],[-479,-295],[-299,-154],[-478,0],[-439,103],[-439,333],[-698,628],[-449,423],[-289,641],[-120,384],[-149,846],[-50,359],[-469,282],[-259,-307],[0,-718],[-219,-321],[-569,-217],[-449,38],[-369,449],[-269,551],[-319,910],[-150,269],[-319,320],[-558,231],[-359,-346],[-628,-884],[-280,-270],[-478,-294],[-329,0],[-419,102],[-469,77],[-349,-128],[-229,-474],[39,-487],[210,-693],[-70,-679],[-299,-282],[-299,-154],[-579,-166],[-349,153],[-289,65],[-399,-116],[-319,-269],[-359,-179],[-548,-77],[-619,12],[-269,-192],[-349,-320],[-439,-192],[-389,38],[-289,0],[-379,-115],[-499,-398],[-329,-346],[-179,-205],[-429,-179],[-399,346],[-399,679],[-129,231],[-309,589],[-300,270],[-598,-218],[-160,-282],[-159,-500],[-449,-564],[-449,-308],[-399,-179],[-458,154],[-120,705],[259,512],[210,436],[109,731],[-169,346],[-569,77],[-299,-270],[-568,-769],[-200,-294],[-389,-526],[-448,-372],[-539,-179],[-349,38],[-409,218],[-399,436],[-179,718],[-40,448],[0,577],[110,680],[169,461],[200,590],[-190,628],[-329,141],[-369,282],[-110,359],[-19,512],[-629,-89],[-299,-603],[-199,-410],[-260,-320],[-588,-26],[-190,179],[-319,500],[50,564],[110,333],[439,423],[349,359],[289,513],[189,744],[140,499],[30,769],[-120,552],[-179,602],[-70,808],[369,551],[329,154],[568,269],[280,256],[149,513],[-468,512],[-419,231],[-589,167],[-438,205],[-330,243],[-319,334],[-279,333],[-269,705],[289,436],[299,205],[429,51],[269,244],[140,525],[-100,513],[-1017,1576],[-130,270],[-219,461],[-180,602],[-129,898],[-130,884],[-119,718],[-20,500],[49,564],[110,333],[299,346],[479,372],[309,179],[259,564],[-887,1039],[-150,243],[-728,1025],[-299,629],[-169,307],[-70,462],[159,653],[90,500],[-30,346],[-129,500],[-250,462],[-179,551],[-50,436],[-70,410],[-249,564],[-399,1179],[-180,461],[-219,257],[-439,282],[-578,13],[-299,-103],[-379,-218],[-489,-205],[-459,256],[-608,141],[-359,487],[-150,936],[60,744],[249,256],[559,346],[199,436],[-89,513],[-310,640],[-418,500],[-250,257],[-269,474],[-90,308],[40,512],[90,385],[289,602],[30,423],[-269,359],[-50,654],[-299,461],[-289,321],[-599,384],[-817,398],[-549,179],[-319,-128],[-279,-564],[30,-449],[59,-500],[-79,-717],[-220,-398],[-528,-269],[-299,-103],[-479,-256],[-289,-51],[-339,-116],[-369,-51],[-310,64],[-408,103],[-339,218],[-130,512],[110,436],[568,410],[409,385],[299,372],[399,525],[169,462],[50,576],[-229,423],[-419,-38],[-818,-436],[-458,-77],[-319,590],[-20,679],[159,462],[249,410],[-129,551],[-469,-13],[-279,-77],[-459,-359],[-538,-359],[-220,-102],[-478,-77],[-409,128],[-708,346],[-329,231],[-220,282],[-299,590],[-289,358],[-50,552],[229,589],[290,372],[398,602],[230,744],[-40,577],[-140,525],[-199,269],[-329,269],[-489,39],[-548,167],[-349,243],[-320,39],[-1535,-116],[-549,39],[-329,307],[-209,423],[-140,462],[-20,461],[110,603],[239,435],[599,1410],[249,821],[-509,448],[-269,128],[-409,218],[-499,475],[-378,589],[0,500],[-320,679],[-359,295],[-797,385],[-359,141],[-270,64],[-468,282],[-90,525],[-559,39],[-438,25],[-569,270],[-558,320],[-379,180],[-210,512],[369,769],[30,769],[-259,398],[-329,333],[-918,13],[-718,13],[-448,461],[349,667],[-110,769],[-219,166],[-389,167],[-848,179],[-359,26],[-588,51],[-439,205],[-249,411],[-190,307],[-758,846],[-508,628],[-619,590],[-259,192],[-559,372],[-1007,602],[-409,282],[-289,295],[-109,654],[309,346],[448,25],[519,64],[269,321],[-369,500],[-369,90],[-289,38],[-369,218],[-80,692],[-329,436],[-498,115],[-419,423],[-170,398],[-229,602],[-299,359],[-399,474],[-289,256],[-320,462],[-448,538],[-399,-269],[-758,-1051],[-489,-26],[-199,346],[-369,129],[-419,38],[-439,308],[-169,564],[129,705],[-10,602],[-89,462],[39,525],[-59,372],[-280,564],[-99,525],[299,526],[90,410],[-30,551],[-230,359],[-538,64],[-339,-218],[-120,-730],[-459,-436],[-498,154],[-319,359],[-70,423],[-170,576],[-189,692],[-439,231],[-469,-384],[-309,-180],[-289,-166],[-259,-385],[-509,64],[-339,-282],[-160,-461],[-219,-321],[-299,-154],[-319,-102],[-409,179],[-100,564],[60,705],[-369,385],[-319,166],[-220,372],[-488,282],[-429,269],[-349,116],[-279,77],[-329,474],[-120,666],[-100,603],[-179,1077],[-20,640],[60,462],[179,448],[-129,577],[-429,436],[-429,295],[-289,243],[-140,385],[-239,397],[-479,334],[-578,115],[-399,13],[-509,269],[-429,205],[-239,231],[-369,243],[-598,0],[-389,-410],[30,-423],[-40,-628],[-299,-372],[-539,-641],[-598,-781],[-748,-911],[-299,-410],[-280,-487],[-119,-436],[-210,-589],[-169,-295],[-250,-346],[-279,-231],[-299,-410],[-289,-705],[-309,-320],[-399,-244],[-269,-282],[-439,-192],[-379,25],[-409,65],[-399,12],[-309,257],[-389,346],[-399,38],[-618,-77],[-349,-115],[-339,-179],[-429,0],[-569,115],[-458,-115],[-379,-526],[-299,-513],[-738,-846],[-359,-435],[-339,-167],[-499,-103],[-469,-192],[-289,-205],[-558,-384],[-459,-449],[-120,-410],[-369,-398],[-488,-218],[-409,-205],[-409,-423],[-289,-320],[-549,-167],[-319,-51],[-329,-13],[-618,180],[-409,166],[-489,90],[-528,-64],[-569,-103],[-439,-179],[-708,-590],[-558,-474],[-309,-179],[-429,-39],[-230,-77],[-628,-564],[-818,-602],[-289,-282],[-229,-667],[-339,-282],[-200,-205],[-817,-1628],[-379,-897],[-489,-141],[-339,-64],[-289,-102],[-489,-359],[-329,-475],[-329,-602],[-219,-244],[-389,-64],[-329,-51],[-489,-384],[20,-500],[70,-654],[-30,-602],[-20,-359],[-499,-282],[-588,64],[-409,-193],[-329,-320],[-569,-154],[-588,269],[-608,-205],[-369,-512],[-569,-270],[-558,90],[-339,-269],[-329,-590],[-339,-102],[-908,-13],[-967,-26],[-329,-51],[-379,-154],[-210,-243],[-339,-564],[-329,-821],[-339,-807],[-209,-487],[-419,-615],[-349,-398],[-299,-320],[-220,-436],[-119,-346],[-340,-269],[-378,-308],[-320,-487],[-179,-256],[-379,-641],[-299,-449],[-499,-513],[-498,-333],[-350,-371],[-378,-564],[-350,-321],[-418,-115],[-449,-26],[-349,-38],[-349,-231],[-269,-372],[-260,-307],[-359,-282],[-219,-116],[-838,-346],[-319,-205],[-339,-205],[-708,-526],[-319,-371],[-259,-474],[-230,-423],[-219,-206],[-369,-115],[-399,-128],[-409,-244],[-209,-218],[-369,-371],[-639,-564],[-1067,-1449],[-309,-384],[-498,-398],[-639,-551],[-827,-512],[-419,-295],[-738,-423],[-299,-205],[-270,-449],[30,-346],[-139,-590],[-190,-217],[-548,-231],[-319,-667],[-220,-359],[-389,-307],[-299,-192],[-359,-449],[-149,-397],[-140,-552],[-269,-256],[-250,-577],[20,-333],[70,-538],[10,-321],[-249,-461],[-529,-13],[-1196,38],[-619,-38],[-588,256],[-369,295],[-549,205],[-369,-25],[-1166,564],[-708,333],[-449,128],[-529,38],[-688,-64],[-319,-25],[-379,64],[-588,230],[-599,206],[-309,102],[-558,103],[-559,51],[-448,0],[-429,-103],[-449,-205],[-379,-295],[-269,-346],[-489,-461],[-299,-38],[-349,-295],[-319,-1308],[-409,-576],[-419,-218],[-618,-693],[-299,-384],[-230,-192],[-369,-141],[-289,-52],[-479,-179],[-229,-397],[-110,-398],[-70,-577],[70,-666],[190,-987],[10,-333],[-40,-564],[-180,-257],[-379,-141],[-468,-38],[-280,-64],[-319,-269],[-119,-487],[-10,-500],[-200,-577],[-548,-128],[-569,-231],[-518,-436],[-359,-307],[-519,-77],[-508,115],[-369,141],[-290,141],[-249,359],[-528,205],[-519,-449],[-70,-538],[70,-513],[-439,-512],[-409,-77],[-249,589],[-309,167],[-369,-179],[-509,-231],[-458,500],[-419,154],[-499,-308],[-259,-231],[-439,192],[-479,-320],[-179,-474],[-150,-321],[-389,-256],[-827,-231],[-569,-192],[-459,-244],[-259,-692],[30,-359],[-110,-705],[-99,-384],[-100,-410],[20,-603],[20,-525],[-80,-487],[60,-782],[-20,-449],[209,-628],[359,-525],[210,-270],[369,-141],[419,-25],[797,38],[569,0],[598,-256],[529,-231],[538,-410],[289,-256],[310,-411],[428,-576],[399,-513],[419,-513],[130,-154],[508,-615],[349,-448],[160,-218],[279,-398],[329,-602],[70,-474],[-100,-680],[-329,-820],[-249,-615],[-229,-500],[-170,-436],[160,-743],[259,-180],[439,-51],[1785,141],[449,64],[239,0],[459,-180],[309,-217],[359,-616],[119,-500],[0,-474],[-39,-718],[-80,-423],[-379,-551],[-269,-359],[-250,-641],[-10,-333],[339,-410],[1197,-320],[1536,-475],[548,-179],[449,-410],[90,-577],[-80,-372],[-469,-512],[-498,-39],[-569,154],[-409,115],[-349,-38],[-279,-141],[-359,-295],[-189,-449],[-100,-653],[60,-359],[289,-372],[399,-64],[508,-38],[619,-26],[399,-64],[269,-128],[289,-411],[359,-602],[339,-526],[379,-461],[239,-243],[509,-603],[279,-397],[319,-462],[170,-307],[239,-372],[409,-602],[409,-500],[349,-436],[459,-487],[259,-474],[80,-398],[-419,-461],[-519,-39],[-398,-25],[-439,-270],[-479,-435],[-409,-616],[-139,-730],[39,-577],[190,-731],[499,-153],[329,89],[458,-13],[569,-192],[419,-154],[229,-38],[469,90],[379,77],[478,89],[349,0],[349,-551],[70,-372],[120,-487],[179,-653],[100,-346],[150,-693],[80,-487],[-130,-782],[-150,-448],[-189,-321],[-509,-1166],[-109,-641],[229,-718],[329,-384],[479,-436],[488,-282],[459,-256],[259,-141],[419,-205],[289,-167],[320,-154],[498,-231],[359,-256],[319,-256],[349,-257],[379,-282],[359,-230],[250,-167],[438,-269],[369,-103],[499,13],[369,141],[519,205],[359,141],[438,128],[499,26],[369,-26],[548,-320],[-10,-449],[-229,-436],[-319,-384],[-489,-538],[-568,-590],[-349,-410],[-240,-257],[-239,-448],[-100,-333],[-149,-539],[-10,-564],[70,-500],[99,-435],[120,-334],[239,-564],[290,-410],[209,-243],[349,-270],[439,65],[189,282],[250,487],[159,576],[110,411],[419,294],[458,-435],[230,-423],[179,-539],[40,-397],[20,-538],[-10,-449],[-40,-590],[-40,-359],[-39,-576],[-60,-526],[-100,-333],[-299,-346],[-329,-269],[-240,-218],[-299,-385],[20,-436],[509,-218],[329,0],[399,39],[379,90],[369,346],[159,718],[449,-488],[-120,-538],[-69,-397],[-1965,-6025],[-928,-2537],[-737,-693],[-1446,-756],[-1177,-308],[-2134,-205],[-808,-25],[-1675,128],[-1726,590],[-1855,551],[-2373,-64],[-2104,115],[-2573,1013],[-239,-26],[-489,-13],[-279,-13],[-449,0],[-519,52],[-608,102],[-698,551],[-239,193],[-848,756],[-1606,692],[-907,551],[-419,167],[-449,179],[-718,205],[-598,449],[-678,1077],[-688,717],[-788,449],[-1207,0],[-538,-269],[-300,-462],[-89,-358],[-60,-603],[-90,-795],[60,-628],[389,-974],[100,-256],[907,-987],[1137,-1333],[1945,-3230],[508,-1667],[160,-1538],[0,-1217],[-60,-2320],[-319,-2718],[-509,-1781],[-189,-244],[-240,-384],[-239,-372],[-588,-462],[-708,-525],[-1387,-987],[-279,-513],[-60,-589],[-89,-603],[-80,-282],[-259,-436],[-329,-179],[-409,-26],[-240,-13],[-399,-64],[-448,-333],[-399,-372],[-409,-487],[-369,-615],[-479,-384],[-1446,-1077],[-2024,-1513],[-479,-410],[-708,-628],[-229,-307],[-349,-616],[-160,-256],[-80,-551],[449,-180],[279,-192],[290,-525],[0,-334],[-190,-512],[-319,-270],[-688,-384],[-648,-641],[-320,-667],[-299,-1012],[-448,-487],[-300,-526],[40,-384],[200,-641],[-20,-551],[-419,-385],[-529,-269],[-558,-103],[-519,129],[-578,397],[-688,218],[-489,-192],[-309,-398],[-239,-718],[-220,-705],[-129,-474],[-429,-269],[-210,244],[-209,679],[-409,231],[-359,38],[-469,-256],[-528,-282],[-399,-244],[-289,-205],[-200,-333],[-269,-436],[-259,-513],[-210,-743],[-179,-590],[-299,-307],[-698,-270],[-688,-487],[-200,-333],[-399,-705],[-249,-487],[-289,-282],[-419,-115],[-499,-192],[-498,-65],[-379,-51],[-379,282],[-260,385],[-339,371],[-458,116],[-489,-308],[-219,-756],[-200,-346],[-90,-731],[120,-423],[30,-833],[-279,-910],[-299,-628],[-419,-820],[-280,-462],[-299,-538],[-389,-949],[-279,-269],[-439,-115],[-538,-39],[-230,-628],[60,-436],[80,-384],[60,-500],[150,-602],[-10,-500],[-310,-475],[-767,-1909],[-210,-590],[-329,-231],[-1057,-307],[-70,-744],[90,-474],[-160,-590],[-608,-179],[-229,-308],[-399,-948],[-918,-2205],[-1585,-1858],[-389,-705],[-260,-1026],[-59,-320],[-180,-1026],[-20,-89],[-169,-795],[-549,-1038],[-858,-1218],[-608,-884],[-479,-770],[-349,-333],[-448,-115],[-978,-51],[-588,-423],[-369,-641],[-80,-180],[-389,-410],[-678,-474],[-708,-231],[-279,-26],[-2144,77],[-658,154],[-619,282],[-658,436],[-339,-51],[-508,13],[-609,-206],[-708,-371],[-70,-52]],[[87887,528512],[-189,693],[-140,512],[-20,628],[0,846],[70,834],[220,679],[269,295],[588,205],[409,77],[229,38],[459,282],[309,577],[30,359],[10,525],[0,385],[230,615],[259,295],[329,538],[70,423],[-20,462],[-150,448],[-179,500],[-40,590],[169,346],[290,461],[199,308],[439,384],[538,423],[748,488],[469,1166],[768,1948],[209,1205],[309,564],[419,590],[150,525],[-309,641],[-1227,718],[-1127,90],[-628,-154],[-1227,-1500],[-389,-282],[-498,-141],[-319,192],[-369,423],[-609,885],[-379,269],[-528,141],[-369,13],[-688,25],[-738,334],[-718,307],[-1307,129],[-1476,461],[-1057,320],[-558,500],[-190,577],[60,2230],[-329,693],[-867,794],[-340,308],[-279,589],[-798,1680],[-388,679],[-449,641],[-698,628],[-539,256],[-1127,-25],[-458,102],[-539,526],[-558,1025],[-10,500],[259,1000],[50,538],[-80,564],[-209,487],[-180,436],[-678,1602],[-110,269],[-578,1218],[-818,1487],[-1087,1359],[-429,705],[-249,576],[40,282],[259,705],[349,705],[130,641],[209,628],[110,154],[399,526],[588,525],[299,526],[110,538],[-130,769],[-259,615],[-1406,1705],[-429,295],[-419,13],[-588,12],[-529,-25],[-289,231],[-299,487],[-159,666],[-250,538],[-588,590],[-1127,526],[-748,551],[-199,141],[-868,769],[-469,77],[-379,0],[-1266,-539],[-539,-282],[-768,-89],[-678,-52],[-458,77],[-489,218],[-329,346],[-419,564],[-479,1013],[-558,1128],[-309,666],[-339,1167],[-180,884],[-50,244],[-179,833],[-90,756],[-110,782],[-139,461],[-419,347],[-349,102],[-609,26],[-1465,-13],[-1766,-103],[-648,-25],[-488,-167],[-489,-205],[-409,115],[-299,628],[-140,654],[-139,385],[-220,359],[-129,448],[-120,961],[-150,859],[-488,885],[-100,448],[0,1282],[-40,564],[-90,628],[-389,474],[-4288,2102],[-538,13],[-319,-448],[-70,-1013],[-40,-1013],[-130,-435],[-329,-372],[-498,13],[-399,218],[-459,333],[-788,590],[-469,230],[-409,90],[-698,-64],[-1017,-192],[-778,-129],[-329,77],[-279,205],[-678,641],[-768,769],[-439,321],[-568,295],[-708,230],[-489,231],[-449,474],[-219,500],[-190,513],[-219,308],[-518,294],[-1018,411],[-877,410],[-509,295],[-449,243],[-259,282],[-219,320],[-200,423],[-289,693],[-209,730],[-220,436],[-239,359],[-588,769],[-489,577],[-1037,1038],[-509,513],[-558,410],[-718,590],[-389,346],[-379,512],[-289,539],[-469,756],[-748,1743],[-369,1167],[-239,576],[-559,782],[-309,436],[-179,436],[-180,577],[-219,692],[-479,1192],[-947,1961],[-689,1666],[-49,731],[229,410],[130,385],[159,474],[60,397],[140,1884],[0,910],[-290,564],[-588,141],[-449,141],[-339,244],[-369,320],[-299,577],[-449,731],[-488,756],[-260,577],[-189,538],[-110,641],[-139,628],[-170,410],[-369,321],[-409,205],[-528,154],[-998,166],[-249,51],[-1097,-51],[-608,-154],[-509,-192],[-678,-346],[-309,-77],[-359,103],[-379,628],[-110,436],[0,705],[50,730],[-50,744],[-119,846],[-100,397],[-170,692],[80,500],[130,410],[-140,603],[-239,282],[-439,538],[-558,807],[-539,731],[-489,743],[-967,1308],[-578,1102],[-120,1179],[150,1321],[0,1358],[0,667],[0,794],[39,1231],[230,590],[219,333],[569,423],[329,295],[468,461],[230,551],[189,539],[110,525],[20,577],[-40,666],[0,680],[150,538],[199,397],[249,449],[459,449],[1406,1192],[399,154],[349,25],[279,-128],[459,-359],[309,-346],[469,-513],[499,-461],[299,-115],[488,141],[320,525],[738,1038],[309,654],[718,1461],[399,859],[339,487],[468,513],[639,718],[259,192],[369,269],[658,487],[519,397],[399,462],[279,500],[548,1230],[279,718],[270,397],[409,308],[578,526],[369,448],[209,462],[130,602],[10,1038],[80,833],[229,449],[279,167],[509,256],[1087,397],[1057,282],[588,103],[439,38],[529,0],[698,-141],[498,-115],[320,-167],[339,-346],[448,-500],[449,116],[559,269],[718,346],[498,103],[499,25],[1057,-205],[608,-115],[529,0],[449,77],[359,205],[399,333],[299,410],[259,436],[130,282],[109,731],[60,564],[-40,423],[-149,371],[-160,359],[-558,564],[-190,141],[-1266,961],[-489,616],[-379,564],[-379,1012],[-169,769],[-30,577],[119,564],[798,2538],[0,385],[0,525],[-10,628],[0,590],[80,628],[179,705],[100,602],[50,641],[-90,526],[-139,641],[-40,423],[-10,499],[20,693],[109,974],[0,512],[-69,577],[-100,462],[-160,538],[-229,551],[-160,526],[20,717],[160,705],[469,1526],[139,410],[329,923],[230,589],[359,359],[249,13],[489,-51],[219,-64],[728,-180],[449,-115],[449,-77],[977,-231],[608,77],[230,475],[89,807],[-349,1166],[-339,1128],[-249,962],[-50,628],[80,589],[30,244],[299,1282],[399,1358],[159,821],[150,730],[189,334],[579,846],[139,205],[330,474],[159,564],[20,859],[-70,1115],[-159,1141],[-40,922],[189,629],[479,384],[369,205],[429,474],[0,449],[-289,795],[-738,1615],[-399,628],[-359,384],[-429,244],[-718,320],[-1336,616],[-768,435],[-379,372],[-270,436],[-49,500],[-220,1576],[-119,705],[-280,603],[-189,910],[-100,795],[-90,781],[200,769],[319,257],[369,218],[449,256],[568,397],[389,372],[369,769],[529,1051],[89,193],[339,730],[250,628],[289,782],[259,551],[329,654],[299,525],[270,372],[438,449],[828,730],[319,321],[140,346],[90,525],[-20,449],[-639,2423],[-767,2589],[-260,935],[-99,770],[-60,1538],[50,1422],[-40,487],[-240,590],[-329,692],[-189,577],[-90,872],[-120,1551],[-20,910],[-29,641],[-170,602],[-140,410],[-199,346],[-259,282],[-310,308],[-498,333],[-698,321],[-539,307],[-448,218],[-359,77],[-689,90],[-528,448],[-220,436],[-309,564],[-139,205],[-379,577],[-549,846],[-518,692],[-409,410],[-220,193],[-369,333],[-279,154],[-339,102],[-419,26],[-608,0],[-738,-77],[-60,-13],[-798,-102],[-398,-13],[-340,38],[-379,295],[-418,551],[-419,705],[-429,846],[-369,910],[-369,731],[-658,615],[-728,218],[-618,102],[-599,193],[-239,218],[-379,358],[-90,564],[110,603],[110,731],[59,563],[10,449],[349,590],[300,320],[359,333],[329,282],[349,385],[329,449],[419,743],[319,667],[658,1166],[339,500],[259,166],[649,180],[408,77],[449,218],[319,205],[339,384],[220,346],[139,475],[70,487],[50,935],[150,1615],[159,1333],[110,398],[349,423],[479,551],[89,500],[70,551],[20,705],[-169,756],[-200,564],[-189,359],[-449,526],[-190,333],[-129,1166],[-210,1462],[-239,1192],[-130,871],[-40,628],[270,539],[438,359],[519,256],[279,243],[200,372],[199,474],[279,552],[359,640],[389,616],[459,474],[190,205],[359,320],[887,693],[419,371],[329,641],[239,590],[160,564],[70,577],[209,397],[190,282],[279,269],[469,359],[408,385],[260,307],[518,449],[419,154],[309,64],[389,89],[439,218],[668,410],[489,308],[449,205],[379,39],[688,-77],[109,-39],[579,-166],[349,-13],[339,77],[379,192],[389,436],[389,628],[339,615],[199,269],[499,154],[419,39],[768,115],[239,38],[738,180],[808,192],[618,0],[838,-102],[618,-129],[838,-256],[608,-179],[429,-116],[409,-13],[568,244],[299,359],[449,397],[259,90],[389,-13],[509,-64],[638,-26],[459,-12],[538,76],[130,13],[698,244],[130,38],[488,269],[499,385],[439,320],[538,385],[349,192],[678,333],[658,257],[748,205],[489,0],[967,-51],[748,-218],[1107,-295],[948,-90],[239,0],[898,13],[877,51],[309,13],[1037,-26],[369,-25],[449,-333],[160,-488],[159,-448],[180,-436],[239,-423],[279,-320],[309,-346],[449,-398],[499,-205],[169,-26],[509,-89],[409,-26],[449,-51],[339,-103],[269,-192],[379,-397],[289,-449],[219,-346],[379,-397],[459,-90],[858,-141],[1047,-269],[419,-128],[578,-270],[439,-192],[339,-192],[339,-308],[389,-628],[329,-589],[219,-513],[220,-397],[329,-385],[429,-564],[369,-449],[439,-602],[359,-692],[189,-385],[279,-589],[359,-987],[279,-808],[469,-538],[419,-205],[309,-282],[160,-269],[309,-859],[0,-13],[189,-808],[210,-615],[199,-423],[230,-282],[279,-269],[439,-320],[409,-141],[468,-90],[758,-13],[319,0],[429,218],[439,385],[479,551],[349,256],[349,192],[498,-102],[240,-257],[269,-307],[508,-474],[379,-180],[409,-90],[718,-38],[479,51],[409,128],[359,193],[199,307],[250,513],[508,1512],[379,1180],[359,692],[289,461],[379,321],[848,474],[588,128],[399,-38],[479,-77],[489,-282],[508,-474],[319,-462],[190,-397],[109,-500],[50,-679],[20,-795],[110,-577],[159,-449],[529,-346],[638,218],[220,90],[758,295],[438,218],[120,666],[-10,808],[100,564],[389,628],[598,641],[798,833],[159,166],[639,757],[389,628],[369,679],[89,295],[190,628],[159,795],[120,846],[70,974],[40,1064],[-60,769],[40,512],[249,616],[269,294],[280,218],[438,244],[589,102],[917,257],[389,141],[409,282],[160,423],[179,487],[239,423],[300,333],[1495,667],[718,435],[60,372],[80,-64],[828,-1013],[1206,-2038],[958,-1230],[808,-1320],[728,-1449],[269,-602],[219,-410],[289,-116],[419,116],[389,256],[638,974],[469,692],[299,654],[559,513],[339,218],[847,371],[659,321],[438,205],[579,26],[419,-154],[538,-269],[269,-193],[439,-359],[150,-64],[558,-295],[469,-166],[539,-103],[448,13],[499,-38],[439,-64],[289,-52],[499,-192],[299,-192],[319,-539],[498,-858],[270,-436],[498,-692],[668,-744],[728,-935],[409,-488],[419,-640],[269,-577],[200,-474],[219,-654],[529,-987],[110,-205],[428,-872],[300,-615],[229,-538],[189,-526],[40,-397],[20,-692],[200,-295],[877,-974],[509,-513],[209,-205],[668,-756],[619,-808],[548,-833],[1147,-2371],[299,-693],[240,-461],[339,-397],[289,-359],[219,-257],[329,-269],[270,-166],[339,-129],[369,-64],[379,26],[428,77],[1018,26],[329,25],[349,-13],[478,-89],[399,-141],[489,-205],[269,-257],[239,-410],[110,-731],[0,-423],[-40,-589],[130,-756],[30,-577],[-110,-1359],[80,-846],[239,-718],[120,-371],[598,-1231],[280,-307],[728,-795],[19,-26],[1087,-1179],[519,-385],[449,-435],[299,-436],[419,-590],[110,-397],[239,-2269],[60,-577],[129,-282],[389,-653],[329,-564],[220,-359],[319,-372],[409,-474],[369,-513],[229,-282],[359,-243],[319,-129],[339,-102],[339,-128],[419,-410],[50,-488],[-20,-371],[-30,-590],[10,-256],[190,-564],[1685,-1615],[578,-949],[649,-1307],[219,-449],[279,-525],[269,-500],[200,-385],[229,-333],[270,-500],[229,-346],[429,-410],[768,-718],[1037,-987],[259,-243],[359,-347],[180,-346],[-150,-628],[-100,-756],[230,-513],[179,-384],[190,-513],[289,-513],[209,-346],[200,-384],[249,-756],[379,-1551],[199,-577],[280,-462],[259,-448],[299,-372],[309,-269],[349,-308],[379,-359],[339,-448],[339,-603],[180,-397],[229,-372],[349,-423],[349,-436],[240,-307],[249,-308],[159,-461],[220,-1013],[139,-679],[130,-244],[559,-115],[1286,-282],[1496,474],[279,90],[808,487],[1207,718],[159,102],[1985,923],[129,64],[2124,1077],[2005,820],[120,39],[1805,1333],[3360,2704],[2075,1731],[1665,1333],[1805,1730],[40,39],[1715,1589],[1087,808],[688,307],[738,321],[798,384],[1655,782],[200,103],[1217,564],[718,474],[129,90],[638,769],[718,794],[768,731],[1167,705],[698,564],[768,602],[638,359],[509,526],[309,307],[927,910],[978,1333],[877,962],[908,807],[498,321],[1167,371],[609,206],[478,153],[240,129],[578,282],[299,205],[529,358],[548,449],[289,269],[748,1051],[60,77],[1217,1641],[608,333],[878,462],[40,12],[2483,1064],[448,500],[479,500],[768,1307],[199,590],[330,949],[0,25],[-70,897],[20,513],[109,744],[469,948],[190,526],[99,461],[-249,987],[-10,0],[-548,1397],[-160,872],[-120,653],[-119,808],[-419,577],[-828,564],[-1715,769],[-279,102],[-539,180],[-748,256],[-578,872],[-319,705],[-110,1294],[110,1333],[109,1436],[-79,1000],[-10,577],[-90,3537],[-100,1718],[-10,90],[-179,1230],[-200,551],[-299,885],[-40,1384],[-40,1320],[200,2320],[89,1141],[120,2269],[-10,525],[0,398],[110,794],[219,423],[250,295],[299,372],[907,897],[140,487],[129,1820],[80,1564],[180,513],[259,653],[519,1103],[418,500],[828,128],[688,-167],[260,-64],[398,128],[250,462],[40,346],[-359,2704],[-100,1218],[-80,679],[-209,500],[-539,487],[-289,398],[-170,294],[-119,834],[-10,294],[-20,1154],[120,564],[538,346],[608,192],[1357,-307],[1456,-270],[728,-294],[388,-167],[1117,-948],[718,-347],[549,-153],[688,-270],[987,-781],[90,-65],[708,-256],[90,-38],[1266,77],[599,564],[558,794],[289,398],[339,487],[300,679],[199,731],[20,525],[20,449],[130,820],[59,397],[120,744],[60,359],[429,961],[199,487],[469,833],[139,257],[210,628],[30,500],[30,538],[30,615],[-539,2372],[-139,1025],[49,487],[270,564],[2044,1141],[588,243],[469,205],[678,526],[339,564],[120,449],[229,1679],[90,307],[249,833],[838,1308],[908,846],[408,423],[679,679],[139,141],[2493,2743],[918,1448],[588,488],[369,102],[549,-282],[548,-859],[389,-769],[60,-320],[389,-1961],[558,-1051],[140,-257],[1536,-2179],[1236,-1922],[987,-2333],[140,-282],[569,-1103],[59,-76],[519,-449],[1037,-628],[10,-13],[1157,-26],[1476,347],[788,243],[1655,513],[2493,653],[349,39],[379,-13],[489,-449],[788,-1448],[169,-346],[170,-372],[917,-1986],[529,-1180],[359,-705],[349,-448],[169,-577],[10,-423],[10,-1166],[30,-2000],[-110,-1743],[-129,-1064],[-190,-1000],[-139,-807],[0,-308],[189,-679],[299,-398],[1087,-884],[1337,-718],[149,-64],[4647,-1756],[728,-756],[260,-269],[1206,-718],[449,-269],[519,-206],[897,-333],[489,-64],[658,-90],[249,-38],[678,-192],[1616,-462],[738,-346],[1087,-513],[479,-192],[1406,-474],[1416,-577],[907,-666],[329,-244],[509,-192],[389,231],[309,192],[608,1115],[220,397],[618,1141],[758,2089],[628,705],[389,398],[499,38],[778,-192],[608,-692],[698,-1795],[658,-1666],[220,-346],[558,-910],[878,-500],[458,-90],[459,-51],[1257,77],[329,25],[1655,180],[489,-333],[429,-1180],[438,-1217],[669,-1385],[478,-1012],[788,-1679],[50,-116],[828,-1897],[169,-653],[160,-757],[329,-1563],[568,-2192],[539,-1295],[229,-307],[459,-616],[987,-1474],[309,-461],[938,-833],[907,-539],[1805,-397],[90,-26],[1875,-256],[70,-13],[1486,218],[10,13],[1356,525],[488,129],[190,51],[439,115],[349,0],[379,0],[578,0],[678,244],[379,141],[748,64],[160,-26],[568,-128],[539,-487],[329,-282],[728,-602],[359,-257],[788,-577],[59,-64],[678,-730],[80,-77],[658,-1038],[200,-859],[100,-462],[179,-1140],[190,-808],[229,-948],[120,-500],[409,-757],[757,-756],[429,-307],[658,-347],[280,-384],[169,-436],[180,-461],[548,-1474],[150,-526],[149,-513],[978,-1333],[209,-205],[848,-833],[389,-243],[787,-513],[609,-423],[758,-513],[837,-346],[928,-25],[1007,269],[1257,858],[767,206],[1776,25],[1815,462],[69,12],[1147,449],[678,269],[808,90],[389,51],[858,257],[2154,640],[548,39],[2503,179],[1147,-38],[279,-141],[728,-372],[1247,-1128],[309,-333],[987,-1077],[319,193],[369,910],[1107,2948],[270,602],[1117,1461],[1087,1718],[388,1756],[509,1423],[279,371],[339,295],[389,449],[1606,1615],[488,487],[30,26],[1377,1602],[179,205],[1586,2025],[379,487],[438,782],[110,205],[359,615],[539,423],[339,257],[568,269],[509,51],[449,-77],[598,-166],[708,-385],[229,-308],[748,-961],[220,-654],[329,-987],[99,-282],[569,-1922],[189,-667],[708,-1230],[629,-1103],[1007,-999],[678,-1244],[439,-679],[379,-269],[488,-154],[609,141],[518,654],[938,487],[628,13],[509,-231],[1087,-1090],[119,-102],[858,-769],[738,-756],[439,-1180],[69,-371],[150,-731],[209,-679],[409,-551],[359,-141],[280,-13],[588,-26],[518,-282],[489,-269],[519,-449],[678,-615],[20,0],[1615,-205],[80,-90],[549,-602],[129,-423],[130,-449],[149,-500],[110,-2281],[20,-410],[30,-718],[140,-756],[508,-449],[70,0],[1137,-103],[249,0],[2045,-38],[209,0],[1556,269],[299,308],[548,577],[429,833],[200,410],[538,1307],[10,26],[329,1794],[220,1577],[119,820],[140,1654],[0,987],[0,692],[50,1102],[239,654],[200,577],[418,487],[738,884],[439,564],[479,590],[468,372],[489,192],[289,0],[479,51],[309,295],[509,500],[309,436],[-140,730],[-209,551],[-60,564],[30,449],[-60,423],[-30,782],[60,436],[-90,705],[-209,499],[0,411],[-249,628],[-120,320],[199,679],[210,513],[638,2243],[987,1884],[230,423],[658,975],[548,807],[240,359],[418,602],[340,629],[269,499],[309,564],[150,270],[568,846],[70,128],[518,577],[509,576],[499,475],[518,448],[369,244],[419,89],[359,0],[339,-76],[449,-449],[209,-462],[200,-346],[339,-282],[289,-115],[489,-64],[708,-77],[478,-51],[399,-103],[299,-89],[459,-218],[429,-244],[299,-192],[339,-282],[658,-654],[359,705],[319,564],[399,615],[170,269],[309,347],[239,141],[369,89],[559,-205],[309,-282],[359,-371],[439,-552],[149,-179],[409,-513],[349,-333],[240,-180],[468,-166],[280,38],[508,321],[289,256],[319,167],[359,89],[419,-25],[369,-103],[409,-179],[399,-218],[379,-577],[60,-538],[-50,-628],[40,-526],[130,-628],[9,-500],[70,-359],[359,-256],[499,-115],[219,-308],[210,-346],[199,-295],[409,-243],[289,-13],[369,-13],[349,26],[469,128],[249,128],[449,243],[359,-89],[309,-321],[369,-448],[339,-334],[289,-89],[379,-26],[290,-51],[349,-26],[508,-13],[270,77],[398,269],[190,193],[469,205],[319,282],[299,602],[100,577],[149,346],[309,372],[379,384],[250,539],[129,717],[60,641],[239,513],[509,449],[409,205],[379,179],[518,103],[569,-77],[289,-77],[459,-154],[389,-141],[399,-218],[229,-295],[229,-461],[170,-731],[30,-576],[149,-667],[150,-308],[359,-256],[618,-141],[359,-102],[329,-129],[529,-346],[439,-141],[478,13],[329,64],[330,180],[388,218],[350,307],[209,269],[289,398],[210,218],[319,294],[349,103],[419,-205],[199,-282],[329,-321],[549,-115],[329,-13],[309,0],[399,128],[399,231],[359,64],[418,-77],[340,-128],[458,-538],[270,-385],[249,-141],[359,-128],[419,-115],[598,-26],[529,-38],[269,-90],[728,-410],[1067,-705],[997,-577],[668,-500],[489,-397],[269,-231],[349,-359],[269,-628],[110,-500],[60,-384],[279,-564],[309,-334],[349,-397],[359,-500],[280,-320],[269,-154],[379,51],[349,154],[429,90],[558,-257],[379,-230],[239,-154],[499,-231],[379,-141],[588,-179],[310,-39],[448,77],[349,282],[210,372],[219,551],[240,436],[518,359],[489,-52],[339,-141],[548,-307],[369,-269],[319,-141],[459,-103],[579,308],[378,435],[100,129],[349,461],[319,410],[319,308],[419,205],[469,-13],[299,-64],[469,-320],[419,-295],[399,0],[528,397],[419,180],[349,-52],[359,-102],[339,-192],[449,-398],[658,-730],[160,-141],[498,-257],[489,-205],[419,-192],[578,-244],[569,26],[269,103],[508,217],[499,308],[419,513],[309,692],[319,513],[329,448],[339,603],[200,435],[129,603],[40,397],[70,539],[150,589],[299,526],[359,320],[359,269],[469,321],[538,333],[429,167],[289,51],[449,90],[329,230],[229,372],[429,154],[319,0],[359,128],[299,410],[359,193],[330,0],[478,25],[279,-25],[439,-26],[569,-77],[618,-115],[499,-167],[389,-192],[528,-410],[279,-308],[319,-308],[250,-192],[329,-218],[419,-269],[588,77],[309,410],[269,346],[429,346],[399,90],[529,-154],[219,-218],[259,-397],[489,-410],[469,-13],[488,-231],[489,-436],[559,359],[448,154],[449,192],[379,77],[359,-154],[429,-76],[329,51],[419,102],[449,205],[189,308],[-70,628],[130,372],[439,231],[458,-475],[439,-77],[299,39],[429,-90],[349,-333],[259,-346],[439,-205],[359,-13],[469,-51],[359,-205],[519,-154],[438,333],[339,590],[290,371],[379,231],[279,-154],[339,-282],[459,52],[279,525],[309,141],[369,-103],[429,52],[369,384],[478,218],[310,-51],[418,-333],[180,-205],[349,-359],[359,-103],[469,103],[399,141],[588,77],[409,-154],[299,-244],[379,-410],[449,-525],[269,-385],[150,-218],[368,-538],[389,-321],[419,0],[589,116],[369,-64],[458,-308],[439,-333],[299,-282],[299,-308],[290,-282],[349,-205],[588,26],[279,294],[300,718],[169,526],[-30,743],[-179,487],[-180,628],[100,705],[110,436],[169,590],[80,474],[-140,615],[-548,718],[-140,551],[150,474],[229,488],[170,371],[199,641],[170,782],[329,526],[538,320],[708,256],[968,257],[398,153],[469,398],[399,436],[439,359],[429,205],[498,179],[589,90],[498,-26],[609,-154],[478,-77],[489,-12],[379,64],[359,77],[419,192],[478,320],[349,321],[389,243],[469,180],[399,38],[598,-25],[389,141],[409,256],[319,128],[299,64],[419,64],[449,52],[738,76],[509,13],[319,13],[1157,0],[1475,-51],[1077,-77],[609,-64],[419,-51],[558,-180],[239,-513],[250,-205],[379,-410],[149,-359],[240,-397],[309,-244],[359,-320],[548,26],[459,25],[-309,590],[70,410],[279,807],[449,308],[2174,1730],[269,411],[60,371],[-160,475],[-728,1307],[-149,308],[-379,794],[-220,282],[-359,270],[-189,384],[0,1474],[239,603],[339,358],[439,475],[199,602],[0,679],[190,359],[389,141],[229,257],[289,538],[220,295],[219,513],[20,307],[-70,731],[-89,384],[-290,628],[-189,385],[-359,961],[-150,410],[-139,641],[-30,449],[10,884],[-40,577],[-200,974],[-99,462],[-20,705],[30,564],[309,576],[349,-25],[847,-77],[599,-77],[30,372],[-648,782],[-409,602],[-240,538],[30,372],[120,641],[100,372],[209,538],[180,308],[339,487],[249,230],[399,347],[1087,1204],[40,64],[359,629],[129,358],[220,757],[30,833],[-90,743],[-150,526],[-997,2551],[-120,346],[-299,666],[-638,1295],[-160,577],[-19,1063],[69,539],[300,436],[518,64],[140,640],[-270,500],[-349,693],[-239,679],[-329,308],[229,717],[110,449],[40,538],[-30,1487],[90,513],[329,500],[329,653],[20,423],[-409,577],[-419,192],[-339,488],[-279,730],[-100,564],[60,397],[-110,513],[-249,295],[160,526],[498,320],[190,320],[49,487],[379,180],[499,-295],[409,-38],[429,551],[-120,654],[219,525],[30,513],[-39,564],[219,359],[409,51],[429,-205],[269,64],[-30,756],[-239,679],[119,398],[339,295],[60,653],[-229,654],[-40,526],[-239,730],[-290,385],[-409,384],[-9,577],[289,372],[10,436],[-30,692],[10,730],[30,590],[50,423],[49,436],[70,410],[100,602],[70,577],[-30,731],[0,807],[-90,577],[160,500],[-280,359],[-119,384],[89,436],[-149,398],[-479,346],[-419,230],[-289,-179],[-409,192],[-239,218],[-309,397],[-379,129],[-289,115],[-180,474],[-129,487],[-290,167],[-359,64],[-269,141],[-529,64],[-438,128],[-280,116],[-378,-26],[-359,-256],[-320,-77],[-458,205],[-499,154],[-369,179],[-319,410],[309,692],[449,-179],[209,359],[-20,436],[280,705],[109,474],[-20,461],[-79,898],[49,769],[-219,346],[-50,782],[-60,576],[0,346],[289,500],[30,667],[379,577],[310,-321],[249,-128],[459,-51],[498,474],[80,372],[329,435],[259,-76],[619,115],[-110,436],[-190,346],[-229,397],[-120,410],[-79,680],[40,461],[319,551],[329,462],[239,628],[409,320],[-140,590],[-89,577],[209,423],[189,743],[310,590],[209,576],[329,449],[289,397],[469,436],[499,-205],[329,-179],[468,-346],[250,25],[379,513],[439,359],[578,102],[578,-230],[389,13],[279,499],[220,436],[159,295],[210,577],[309,346],[509,167],[369,102],[428,-141],[479,-141],[249,115],[379,26],[589,-128],[359,282],[439,295],[339,38],[389,-205],[568,141],[219,500],[389,167],[319,166],[339,474],[240,295],[449,475],[249,12],[419,26],[578,-192],[429,-231],[469,-26],[428,-89],[280,205],[309,295],[469,256],[289,128],[588,269],[469,167],[459,461],[319,654],[199,474],[229,744],[40,448],[-119,616],[369,666],[229,538],[-90,475],[-159,282],[-260,538],[130,782],[279,384],[220,218],[448,372],[479,346],[419,423],[179,436],[100,436],[200,717],[199,603],[120,333],[389,590]],[[924946,453452],[-50,-385],[-89,-538],[-90,-436],[0,-743],[120,-679],[59,-334],[-50,-1307],[-19,-141],[-80,-923],[-10,-38],[-130,-1897],[-129,-782],[-100,-1705],[-50,-949],[-100,-628],[-60,-307],[-69,-769],[39,-680],[10,-397],[-149,-564],[-20,-295],[20,-551],[50,-333],[229,-872],[120,-756],[30,-397],[0,-526],[-160,-705],[339,-410],[110,-615],[-239,-795],[-210,-1423],[-159,-1000],[-100,-897],[-110,-1166],[-199,-2628],[-40,-538],[-120,-718],[-209,-1320],[-180,-974],[-239,-898],[-140,-384],[-239,-641],[-229,-859],[-130,-782],[-140,-705],[-139,-538],[-120,-641],[-170,-474],[-129,-551],[-80,-680],[-199,-628],[-280,-564],[-69,-666],[-30,-487],[-210,-923],[-419,-1436],[-329,-1051],[-169,-705],[-798,-1679],[-219,-641],[-200,-436],[-399,-1012],[-668,-1346],[-329,-820],[-279,-1051],[-210,-641],[130,-346],[359,-321],[10,-769],[-419,-1102],[-309,-833],[-299,-359],[-309,-692],[-409,-936],[-339,-859],[-250,-666],[-418,-1141],[-389,-1192],[-30,-513],[-140,-525],[-169,-564],[-369,-1410],[-290,-1154],[-169,-628],[-339,-769],[-240,-679],[-49,-295],[-70,-590],[-70,-538],[-229,-513],[-170,-410],[-130,-654],[-20,-448],[-139,-654],[319,-577],[369,282],[528,346],[290,-384],[379,-564],[-858,-1051],[-529,-898],[-957,-1538],[-110,-179],[-827,-1372],[-1666,-2743],[-648,-1205],[-3879,-7306],[-2952,-6178],[-1675,-3986],[-80,-180],[-469,-1269],[-289,-692],[-269,-730],[-180,-500],[-209,-551],[-100,-372],[-349,-961],[-1346,-4487],[-878,-2422],[-120,-487],[-199,-564],[-209,-539],[-649,-2063],[-309,-962],[-40,-141],[-239,-935],[-229,-744],[-250,-794],[-269,-859],[-219,-859],[-130,-795],[-90,-705],[-60,-538],[-30,-820],[40,-885],[50,-500],[230,-1333],[109,-423],[-359,-410],[-419,218],[-498,-38],[-589,0],[-29,-757],[199,-333],[279,-551],[549,-269],[578,-244],[309,-461],[299,-180],[549,-333],[508,-243],[409,-270],[30,-320],[-857,-1025],[-439,-577],[-1087,-1167],[-269,-346],[-878,-1422],[-359,-372],[-209,-244],[-359,-230],[-220,-282],[-319,-526],[100,-500],[-130,-346],[-339,-538],[-189,-346],[-210,-385],[-229,-538],[-259,-628],[-1038,-2474],[-329,-987],[-239,-705],[-479,-1282],[-259,-730],[-249,-782],[-30,-141],[-269,-782],[-250,-782],[-189,-820],[-160,-616],[-449,-1358],[-309,-1103],[-329,-1153],[-80,-295],[-458,-1589],[-100,-462],[-110,-641],[90,-538],[-110,-385],[-269,-346],[-140,-512],[-299,-1000],[-10,-51],[-329,-987],[-279,-821],[-369,-1051],[-429,-1269],[-319,-1064],[-379,-1307],[-90,-308],[-399,-1461],[-398,-1282],[-110,-410],[-1446,-4653],[-160,-474],[-309,-1282],[-469,-1628],[-129,-525],[-579,-2089],[-349,-1436],[-329,-1307],[-209,-680],[-1117,-4101],[-210,-808],[-468,-1576],[-90,-436],[-279,-821],[-150,-781],[-189,-1000],[-30,-577],[-170,-961],[-339,-1872],[-389,-1961],[-79,-320],[-190,-757],[-169,-563],[-260,-693],[-249,-961],[-170,-525],[-189,-641],[-50,-180],[-279,-987],[-579,-2089],[-39,-180],[-320,-1422],[-518,-2730],[-678,-3743],[-649,-2730],[-538,-2410],[-90,-423],[-628,-3371],[-190,-756],[-428,-2231],[-389,-2115],[-279,-1781],[-180,-2205],[0,-13],[-140,-1012],[-99,-769],[-240,-1346],[-309,-1859],[-90,-769],[-299,-2128],[-129,-1179],[-60,-628],[-10,-666],[-30,-2397],[-10,-398],[-10,-756],[-20,-1589],[-10,-2051],[-40,-2256],[-40,-1449],[-189,-2819],[-90,-1154],[10,-654],[189,-2794],[90,-1564],[230,-1628],[119,-2038],[80,-2076],[-100,-2679],[-119,-1705],[-40,-3384],[-10,-3742],[-110,-4128],[-90,-1833],[-10,-294],[-129,-1692],[-70,-949],[-50,-564],[-219,-615],[99,-513],[-159,-935],[-80,-488],[-169,-1025],[-180,-1128],[-299,-1756],[-399,-2538],[-279,-2320],[-240,-1538],[-369,-2512],[-339,-2705],[-389,-2858],[-189,-1333],[-409,-1410],[-150,-833],[-179,-1449],[-239,-2422],[-190,-2320],[-100,-744],[-109,-794],[-110,-833],[-120,-552],[-149,-884],[-150,-1192],[-209,-1359],[-180,-1461],[-219,-2551],[-130,-1781],[-139,-2026],[-150,-999],[-10,-64],[-209,-1410],[-100,-1385],[-120,-1679],[-239,-3820],[-90,-1743],[-349,-4332],[-169,-2243],[-150,-1615],[-140,-1577],[-229,-2871],[-110,-1282],[-10,-1474],[90,-2153],[30,-680],[10,-487],[-70,-717],[-469,12],[-598,244],[-299,513],[-409,384],[-249,269],[-369,193],[-479,243],[-239,577],[-289,269],[-310,410],[-209,64],[-878,-12],[-568,-167],[-289,-51],[-399,13],[-509,25],[-508,-128],[-319,-141],[-389,-385],[-369,-166],[-319,-205],[-469,-52],[-479,-12],[-259,38],[-369,-320],[-349,-628],[-230,-359],[-199,-308],[-289,-525],[-190,-372],[-289,-487],[-269,-487],[-299,-667],[-449,-525],[-588,-39],[-539,-25],[-319,-13],[-409,-39],[-678,0],[-1017,13],[-609,-13],[-388,64],[-579,295],[-449,-243],[-548,-218],[-519,282],[-269,282],[-299,269],[-509,359],[-468,218],[-409,38],[-299,-13],[-429,-218],[-250,-217],[-369,-513],[-199,-462],[-170,-371],[-189,-526],[-259,-333],[-369,-231],[-609,-128],[-508,51],[-399,167],[-389,192],[-449,397],[-329,462],[-528,179],[-359,90],[-320,385],[-369,294],[-329,52],[-428,-205],[-330,-616],[-129,-423],[-130,-525],[-110,-564],[-159,-769],[-190,-603],[-189,-589],[-150,-641],[-89,-423],[-70,-795],[-130,-500],[-249,-333],[-180,-346],[-199,-564],[-100,-269],[-249,-423],[-409,-398],[-369,-153],[-289,102],[-449,-218],[-548,-256],[-539,128],[-379,-128],[-429,564],[-249,372],[-379,551],[-399,269],[-289,90],[-489,154],[-1366,410],[-449,179],[-538,77],[-409,-64],[-289,-26],[-539,103],[-309,231],[-349,307],[-219,269],[-260,487],[-299,757],[-359,987],[-449,1012],[-399,1064],[-239,551],[-199,346],[-539,616],[-469,423],[-418,294],[-399,231],[-898,346],[-738,308],[-997,423],[-389,166],[-499,372],[-269,346],[-289,590],[-259,666],[-329,1026],[-240,551],[-259,461],[-439,590],[-379,192],[-429,-564],[-329,-705],[-199,-410],[-469,-718],[-488,-641],[-788,-858],[-1087,-1013],[-1097,-1115],[-1017,-1064],[-310,-384],[-279,-449],[-339,-808],[-289,-756],[-598,-282],[-389,39],[-539,115],[-459,115],[-219,52],[-588,179],[-698,218],[-489,115],[-509,-102],[-379,-398],[-389,-653],[-438,-936],[-529,-872],[-239,-384],[-230,-487],[-119,-449],[-90,-474],[-60,-474],[-60,-385],[-179,-525],[-180,-244],[-319,-308],[-708,-448],[-848,-526],[-1256,-653],[-1007,-526],[-619,-372],[-389,-294],[-398,-436],[-349,-436],[-369,-526],[-419,-564],[-768,693],[-489,448],[-538,616],[-658,858],[-1048,1410],[-1117,1320],[-568,654],[-429,398],[-379,282],[-419,205],[-488,205],[-479,512],[-359,295],[-628,51],[-419,116],[-329,-154],[-299,-282],[-509,-282],[-618,64],[-289,385],[-290,179],[-528,141],[-379,128],[-568,-102],[-360,-193],[-448,-256],[-349,-141],[-539,-192],[-319,-90],[-419,-128],[-309,-115],[-309,-526],[-259,-295],[-349,-89],[-230,-475],[40,-397],[-249,-538],[-289,38],[-359,26],[-579,64],[-259,-385],[-499,-230],[-498,-90],[-449,38],[-598,205],[-469,154],[-678,205],[-469,141],[-459,116],[-269,205],[-309,179],[-369,103],[-399,141],[-459,166],[-518,193],[-489,179],[-479,-26],[-1306,-64],[-578,26],[-310,192],[-69,692],[-220,346],[40,577],[-489,372],[-299,295],[-239,166],[-309,308],[-230,320],[-39,513],[10,308],[-140,500],[159,512],[330,564],[99,641],[-50,718],[-339,410],[-339,103],[-339,141],[-449,-385],[-219,-141],[-389,-577],[-169,-512],[-290,-359],[-558,205],[-259,-333],[-250,-257],[-448,-500],[-349,-218],[-270,13],[-448,0],[-409,372],[-170,231],[-269,371],[-40,411],[-329,410],[-269,166],[-429,13],[-499,205],[-359,26],[-219,-385],[-140,-448],[-299,-680],[-459,-38],[-309,-372],[-349,-154],[-219,-346],[-270,-461],[-139,-372],[-439,-269],[-249,-115],[-449,-116],[-289,-25],[-519,-103],[-209,-436],[-220,-218],[-399,-230],[-349,-141],[-508,-180],[-279,295],[-220,590],[-249,230],[-100,654],[-229,474],[-329,154],[-469,103],[-279,218],[-190,423],[-40,679],[-79,577],[-349,512],[-300,206],[-438,358],[-599,193],[-379,-436],[-508,-26],[-429,-436],[-339,-602],[-449,192],[-339,-166],[-449,205],[-129,410],[-309,666],[-30,526],[-479,218],[-509,-205],[-478,-500],[-309,-205],[-340,128],[-309,449],[-179,371],[-279,372],[-290,128],[-488,410],[-419,346],[30,411],[-339,359],[-359,461],[-160,474],[-498,-179],[-459,-103],[-349,218],[-389,-26],[-230,-269],[-159,-423],[-399,-371],[-509,-77],[-329,-52],[-588,-64],[-409,-166],[-389,-64],[-498,-154],[-519,154],[-578,-103],[-379,-77],[-349,-269],[-310,-500],[180,-538],[-578,-282],[-519,410],[-529,-192],[-329,-77],[-249,-436],[-399,-90],[-329,-589],[-80,-359],[-139,-667],[-130,-679],[-229,-397],[-489,166],[-449,13],[-518,-385],[-389,-448],[139,-628],[100,-590],[-339,-397],[-359,-128],[-409,-218],[-518,-398],[-519,-192],[-459,-154],[80,-743],[-209,-449],[-399,-166],[-349,-103],[-459,-102],[-339,-77],[-658,-154],[-409,-103],[-389,-77],[-668,-141],[-240,-166],[-329,-244],[-628,-115],[-419,-116],[-319,-76],[-319,-65],[-329,-51],[-319,-77],[-319,-64],[-419,-102],[-429,-128],[-209,-13],[-449,-359],[-200,-372],[-438,-167],[-429,-89],[-359,-52],[-429,180],[-269,167],[-519,205],[-279,-244],[-559,103],[-548,-103],[-319,-346],[-329,-231],[-379,-461],[-270,-462],[-408,-589],[-230,-321],[-209,-461],[-240,-615],[-189,-308],[-359,-282],[-429,-154],[-498,-346],[-469,-282],[-249,-295],[-359,-576],[-190,-475],[-309,-679],[-239,-513],[-190,-410],[-309,-513],[-279,-358],[-250,-347],[-558,-166],[-469,102],[-259,167],[-429,179],[-528,308],[-549,205],[-289,90],[-439,192],[-229,141],[-389,321],[-459,384],[-499,321],[-398,192],[-240,141],[-429,282],[-418,141],[-349,-39],[-579,-192],[-289,-115],[-499,-193],[-379,-192],[-438,-205],[-579,-308],[-479,-205],[-518,-435],[-259,-244],[-459,-192],[-269,-141],[-419,-180],[-429,-192],[-558,-218],[-439,-141],[-250,-64],[-438,-64],[-280,-64],[-488,-167],[-319,-128],[-300,-115],[-349,-116],[-398,-153],[-310,-103],[-418,-154],[-270,-141],[-439,-179],[-378,-167],[-330,-102],[-398,-116],[-459,-230],[-489,-295],[-518,-449],[-250,-333],[-239,-321],[-439,-38],[-578,179],[-379,77],[-349,77],[-499,269],[-269,103],[-369,141],[-439,-13],[-598,192],[-409,564],[-279,334],[-519,256],[-399,243],[-598,347],[-608,307],[-350,141],[-378,77],[-629,64],[-508,13],[-708,-103],[-748,-166],[-668,-154],[-559,-64],[-768,13],[-937,102],[-878,167],[-628,192],[-399,180],[-509,307],[-319,218],[-239,231],[-339,513],[-130,346],[-119,423],[-80,410],[-80,525],[-189,539],[-190,166],[-379,244],[-239,218],[-469,269],[-329,-13],[-399,0],[-399,0],[-269,-641],[-120,-307],[-219,-449],[-120,-654],[-379,-25],[-319,115],[-508,-115],[-310,-180],[-408,-269],[-340,-205],[-349,-205],[-498,-77],[-359,0],[-678,0],[-688,26],[-708,38],[-449,13],[-250,13],[-418,-90],[-290,-77],[-398,-128],[-449,-141],[-469,-128],[-439,-129],[-498,-179],[-369,-154],[-329,-89],[-469,-65],[-479,-38],[-518,-38],[-200,-13],[-528,-26],[-459,-38],[-160,-577],[60,-436],[70,-423],[-70,-564],[-20,-384],[-80,-513],[10,-526],[-69,-756],[-100,-500],[-90,-320],[-229,-398],[-150,-384],[-1964,1538],[-1925,5986],[-977,846],[-1147,384],[-120,1538],[429,2218],[-349,5140],[-1446,6370],[-3939,5371],[-4727,4166],[-2244,1384],[-1276,-77],[-609,-1525],[-1047,-3525],[-489,-4666]],[[616278,86404],[-1785,-51],[-1236,282],[-968,666],[-987,-64],[-818,2090],[0,1897],[-1396,1243],[-1695,1384],[-1237,1756],[-1346,603],[-2842,1512],[-2014,846],[-1865,-641],[-2075,-1499],[-977,653],[-3091,3935],[-1915,3794],[-1436,1769],[-110,1167],[-349,1833],[309,1371],[519,2089],[159,2743],[988,2013],[-50,1243],[1516,6781],[468,2550],[-718,2871],[738,3064],[1865,1948],[1037,1244],[938,1691],[1805,1039],[2283,1756],[1187,-654],[1805,-1179],[1965,-1513],[1236,-1512],[1187,-846],[1865,320],[1346,0],[1656,1039],[1864,-398],[359,-1448],[-319,-1820],[160,-1628],[1336,-1179],[1137,-1051],[1496,115],[2174,461],[2124,-38],[1117,115],[1306,410],[888,-76],[878,-693],[1725,-474],[1735,577],[2034,-90],[1367,654],[947,1025],[2134,3256],[1157,1525],[1615,1910],[1187,1756],[549,1884],[249,769],[878,1026],[-50,1307],[-1097,1385],[-848,1345],[-479,1987],[-758,1731],[-418,1230],[-180,1077],[-369,653],[-967,1077],[-758,462],[-668,461],[-30,923],[-269,718],[-669,435],[-1366,-38],[-1306,308],[-658,884],[-1277,1500],[-608,230],[-878,13],[-488,539],[-629,2217],[-1157,2115],[-1146,1384],[-848,269],[-1097,731],[-2304,2500],[-119,1730],[-718,3294],[-968,1307],[30,1154],[648,1871],[1087,1193],[1347,602],[568,-308],[309,-384],[329,0],[340,77],[548,77],[449,333],[708,0],[538,-1038],[399,-385],[788,39],[539,-885],[668,-923],[698,-1307],[758,-1872],[967,-1115],[888,-1397],[2154,-2294],[2273,-2295],[1626,-435],[2802,-1115],[638,-1410],[-648,-1398],[638,-1397],[2513,-525],[1456,-744],[1975,-2204],[1167,-13],[927,-372],[2045,-2063],[1914,-1705],[2503,-2948],[2962,-2884],[1865,-2064],[2324,-3832],[1525,4550],[1297,2653],[379,1769],[249,2986],[2423,3436],[1516,1128],[4637,-295],[3441,243],[90,359],[179,410],[1576,1680],[738,1627],[2393,3564],[4268,6216],[1157,1679],[409,603],[10,25],[1097,2333],[598,1577],[240,1115],[229,1205],[150,1077],[229,1986],[80,1192],[80,282],[169,859],[479,115],[249,282],[359,321],[249,743],[339,1474],[-279,423],[-429,193],[-1047,384],[-319,205],[-299,180],[-379,448],[-70,462],[-80,384],[40,423],[-418,359],[-150,462],[-140,769],[-239,628],[-269,205],[-489,192],[-239,-410],[-519,-269],[-389,77],[-419,179],[-428,500],[-40,487],[-130,385],[170,717],[-220,680],[-289,538],[-349,308],[-608,243],[-459,-166],[-469,0],[-389,371],[-20,372],[60,449],[-169,525],[-230,718],[-349,564],[-419,487],[-289,487],[-309,269],[-359,295],[-50,513],[319,602],[60,615],[210,449],[89,526],[40,807],[70,590],[-120,705],[-70,538],[-498,192],[-349,167],[-549,13],[-199,474],[-40,397],[-269,462],[30,359],[-220,423],[0,384],[489,269],[419,-12],[508,205],[479,307],[329,167],[140,410],[60,538],[39,808],[-199,564],[-479,231],[-369,218],[-229,346],[-399,448],[-299,-77],[-359,282],[-200,744],[90,487],[240,436],[-40,423],[-280,461],[-99,244],[-170,628],[90,397],[748,436],[1785,1025],[429,64],[1037,-859],[189,-448],[100,-679],[160,-641],[159,-539],[409,-436],[2094,52],[858,89],[1017,116],[638,-103],[369,-89],[1377,-77],[1047,-77],[438,51],[808,-13],[958,-25],[359,-52],[259,-141],[498,-153],[389,-65],[240,-166],[449,-346],[309,-244],[508,-115],[469,-90],[289,-141],[389,-167],[499,-346],[379,-102],[329,-90],[309,-205],[429,-167],[538,-217],[499,269],[419,307],[458,-38],[399,-590],[439,-487],[409,-179],[888,-513],[418,-192],[1367,-692],[588,141],[389,12],[279,-128],[429,-77],[538,295],[459,308],[469,218],[269,51],[399,-154],[439,-154],[628,-51],[259,474],[429,487],[439,398],[229,525],[150,333],[170,449],[49,705],[50,526],[110,1038],[40,756],[159,551],[290,475],[279,51],[359,141],[259,461],[80,449],[159,641],[140,564],[120,397],[229,513],[120,461],[119,487],[120,757],[90,589],[20,474],[119,475],[359,89],[419,795],[200,705],[60,474],[279,654],[299,256],[160,564],[279,257],[518,346],[190,525],[199,718],[429,-179],[439,282],[309,166],[339,410],[449,423],[319,270],[429,141],[459,192],[149,718],[-259,474],[129,692],[529,231],[429,141],[598,-154],[519,-295],[478,-38],[359,-13],[339,-13],[419,51],[419,64],[539,282],[359,52],[299,141],[339,115],[349,0],[568,-231],[589,-230],[598,-26],[409,77],[160,-590],[-379,-615],[379,-359],[578,231],[389,205],[329,128],[499,-64],[2553,948],[2323,1667],[150,154],[1685,1666],[1775,1602],[449,372],[768,628],[1236,871],[599,488],[857,320],[788,295],[70,25],[987,334],[1696,-244],[389,474],[159,218],[200,603],[359,615],[708,1436],[648,1307],[528,1371],[20,65],[788,1845],[339,1487],[170,1590],[-110,1397],[-160,1384],[-628,2153],[-239,500],[-479,628],[-658,423],[-937,462],[-70,25],[-1067,270],[-629,269],[-538,525],[-2304,2820],[-1037,1513],[-289,333],[-209,218],[-419,192],[-349,51],[-778,129],[-409,166],[-309,487],[-150,526],[20,730],[160,3013],[-50,1691],[-70,2013],[229,910],[379,782],[928,1769],[359,910],[189,1589],[459,1192],[788,2154],[498,1768],[459,628],[519,359],[508,154],[529,-77],[469,-346],[1565,-1679],[160,-167],[578,-602],[968,-551],[1775,-564],[658,-180],[558,129],[509,153],[309,90],[429,487],[1635,2269],[589,692],[847,782],[519,884],[489,1410],[339,2231],[159,1179],[190,679],[568,1256],[1107,1526],[1177,1768],[0,13],[389,1269],[60,205],[129,1321],[60,986],[10,1154],[-329,1948],[-160,1128],[-79,1423],[129,692],[818,2410],[479,1500],[129,705],[160,705],[120,538],[99,1064],[20,256],[70,1026],[80,1166],[-220,564],[-598,359],[-259,102],[-2134,590],[-1357,808],[-1944,1294],[-968,462],[-608,-26],[-1007,-282],[-997,77],[-639,359],[-588,743],[-379,680],[-199,884],[50,602],[59,1090],[-209,628],[-229,436],[-429,525],[-569,539],[-698,423],[-1137,692],[-817,346],[-290,166],[-767,616],[-300,320],[-418,603],[-10,692],[259,423],[469,397],[309,167],[279,448],[70,500],[329,577],[399,295],[259,0],[429,13],[389,589],[229,564],[309,321],[210,205],[1924,615],[718,564],[310,410],[329,820],[139,385],[409,397],[1426,526],[289,3576],[20,282],[-189,974],[-50,231],[-848,1974],[-69,820],[189,1654],[80,2884],[-50,461],[-60,513],[-279,730],[-878,2077],[-1027,2525],[-159,666],[-210,846],[-30,539],[-100,371],[-329,411],[-279,166],[-987,487],[-898,705],[-149,231],[-319,974],[-50,795],[-50,1615],[30,1410],[249,1512],[329,1679],[359,1269],[70,244],[708,1487],[359,423],[2982,3537],[459,526],[528,77],[429,13],[499,38],[289,77],[389,167],[508,295],[220,243],[309,474],[149,321],[399,923],[459,1076],[359,821],[319,756],[110,269],[409,-308],[2652,-1986],[958,1666],[598,820],[638,821],[190,346],[309,487],[748,936],[219,320],[439,628],[788,1077],[499,692],[349,500],[708,948],[538,628],[180,193],[458,807],[-89,718],[-40,154],[-150,782],[-139,692],[-70,679],[-30,423],[-190,1282],[-69,423],[-200,1359],[-80,563],[290,693],[777,128],[300,64],[329,64],[598,90],[379,51],[269,154],[200,436],[109,499],[220,526],[319,461],[-110,398],[-20,423],[-109,577],[-130,320],[469,487],[279,-64],[379,-256],[279,-154],[489,-90],[359,-77],[409,77],[458,218],[459,103],[289,12],[1167,116],[558,38],[519,192],[6881,7512],[9414,9292],[1735,2077],[399,833],[3510,6012],[569,89],[479,103],[369,256],[239,346],[369,577],[259,282],[409,308],[269,166],[309,231],[489,103],[299,141],[319,192],[499,166],[399,295],[239,372],[230,397],[478,334],[289,51],[519,26],[379,179],[319,-205],[429,-500],[528,-115],[519,128],[429,90],[429,-90],[379,-654],[149,-641],[-70,-448],[-69,-346],[458,-372],[230,436],[419,51],[369,-141],[508,372],[449,410],[319,-474],[459,-90],[399,448],[10,603],[608,-13],[329,-244],[529,-435],[478,371],[180,398],[259,487],[499,-474],[568,25],[279,90],[349,-141],[389,-436],[369,39],[429,38],[249,26],[399,-77],[509,-116],[379,-89],[568,-321],[459,334],[489,371],[199,-577],[359,-269],[289,128],[220,372],[149,667],[349,256],[379,-90],[439,-423],[229,231],[529,346],[578,51],[489,39],[249,25],[469,39],[469,64],[548,-269],[140,-359],[379,-167],[558,-89],[549,307],[449,231],[378,-551],[120,-449],[-339,-461],[-319,25],[-209,-512],[179,-334],[180,-500],[488,-166],[170,243],[488,13],[399,-179],[299,243],[310,475],[79,333],[409,218],[279,538],[230,423],[419,-128],[319,-167],[478,-230],[489,205],[220,320],[488,-90],[409,-269],[160,-128],[478,-372],[289,-218],[399,-282],[499,-294],[509,-244],[478,-192],[150,-52],[548,-141],[539,-64],[449,-25],[478,-13],[499,38],[499,52],[388,38],[1058,103],[488,12],[220,-12],[478,-39],[429,-77],[578,-154],[300,-102],[379,-154],[568,-295],[409,-256],[548,-372],[210,-141],[608,-410],[569,-449],[847,282],[1985,500],[1895,552],[1436,576],[1466,744],[1216,500],[1795,717],[1307,488],[1296,551],[30,89],[-598,1603],[-559,1140],[-399,834],[-329,435],[269,564],[4239,500],[867,103],[3770,410],[2533,551],[3171,910],[2922,1359],[928,628],[688,538],[458,346],[1297,1423],[2842,3845],[339,411],[389,525],[987,1307],[1177,1103],[868,910],[538,38],[688,-128],[170,39],[119,730],[170,872],[110,628],[-20,538],[399,539],[408,0],[419,12],[459,39],[219,38],[768,2692],[150,359],[259,628],[299,410],[220,205],[399,180],[618,-167],[449,-282],[1077,-1115],[309,-308],[349,-243],[838,-449],[538,-243],[519,-180],[638,-192],[409,-192],[349,-90],[349,102],[459,423],[478,116],[279,-116],[738,-474],[948,-589],[429,-154],[468,38],[379,-38],[270,-193],[408,-1192],[-119,-666],[-230,-269],[-2024,-821],[-239,-666],[758,-3038],[169,-90],[588,90],[469,115],[579,-38],[498,-103],[429,-76],[409,-77],[409,-90],[498,-77],[280,-77],[359,-218],[448,-333],[419,-180],[539,-115],[319,-64],[359,-51],[498,-26],[619,-13],[558,295],[299,192],[419,-12],[289,-77],[409,-141],[539,-257],[329,-141],[439,-77],[758,-128],[538,-115],[598,-218],[389,167],[230,666],[199,474],[339,462],[230,461],[209,615],[419,372],[409,-25],[618,-129],[399,-153],[449,-116],[508,-115],[589,-372],[339,-269],[249,-179],[299,-334],[369,-192]],[[935547,501095],[-299,-461],[-439,-961],[-339,-603],[-190,-436],[-299,-833],[-40,-128],[-229,-692],[-120,-333],[-159,-475],[-190,-538],[-149,-551],[-160,-577],[-179,-654],[-150,-640],[-110,-500],[-109,-693],[-100,-551],[-80,-410],[-149,-551],[-200,-756],[-179,-744],[-90,-282],[-329,-717],[-339,-680],[-190,-487],[-229,-730],[-130,-411],[-30,-743],[100,-423],[-209,-590],[-260,-717],[-319,-987],[-159,-398],[-200,-512],[-139,-347],[-250,-628],[-149,-448],[-130,-372],[-169,-538],[-130,-449],[-190,-615],[-109,-372],[-160,-564],[-110,-359],[-169,-589],[-90,-346],[-119,-475],[-170,-641],[-170,-756],[-149,-628],[-120,-525],[-119,-718],[-90,-936],[-70,-679],[-50,-487],[-40,-475],[-50,-487],[-59,-333],[-160,-859],[-120,-679],[-80,-436],[-29,-423],[-40,-577],[-30,-641],[-30,-397],[-80,-615],[-50,-385],[-70,-589],[70,-359],[210,-487],[79,-744],[-30,-525],[-89,-769],[-130,-821],[-90,-551],[-40,-320],[-69,-551],[-100,-731],[-110,-807],[-119,-923],[-60,-436],[-50,-385],[-60,-487],[-70,-615]],[[616278,86404],[110,-2538],[-1835,-4665],[-2992,-7127],[-59,-1295],[2363,-2384],[3151,-4383],[1077,-3923],[1087,-2140],[1197,-1026],[469,-589],[169,-410],[-179,-1346],[-608,-769],[-1107,-257],[-1377,295],[-1166,205],[-579,193],[-837,25],[-1347,-513],[-1067,-64],[-987,0],[-778,423],[-528,180],[-928,-77],[-838,-244],[-608,-359],[-469,103],[-538,308],[-738,628],[-1107,833],[-578,436],[-369,218],[-300,141],[-438,217],[-409,167],[-439,231],[-379,525],[-189,372],[-250,551],[-319,590],[-648,743],[-658,603],[-579,730],[-578,1526],[-878,1422],[-1306,885],[-1316,641],[-1347,102],[-1236,192],[-2344,2141],[-110,436],[-139,743],[-70,616],[0,461],[10,487],[-20,526],[-60,320],[-199,474],[-259,359],[-379,436],[-340,359],[-299,359],[-259,384],[-209,359],[-200,359],[-169,346],[-200,628],[-179,551],[-100,462],[-80,782],[10,423],[40,448],[60,808],[30,500],[50,641],[-80,358],[-399,975],[-698,1512],[-399,769],[-199,744],[-20,358],[139,898],[-40,653],[-69,552],[-60,435],[-110,398],[-229,448],[-1526,757],[-1596,1781],[-917,923],[-928,1654],[-2513,3319],[-1944,1731],[-1995,500],[-2234,-372],[-2573,-231],[-2872,-1897],[-778,-179],[-867,1294],[-529,3436],[-1505,1845],[-1696,244],[-2672,77],[-1945,-52],[-2483,-1525],[-978,-1294],[-2164,-2256],[-369,-26],[-349,-26],[-588,52],[-349,38],[-469,180],[-289,358],[-249,603],[-90,346],[0,525],[-219,667],[-379,231],[-280,192],[-269,346],[-488,103],[-409,-180],[-319,-90],[-549,-76],[-618,0],[-638,12],[-589,13],[-528,192],[-2035,372],[-1954,-1346],[-1696,-51],[-1755,-423],[-1506,244],[-1795,1115],[-1256,2153],[-728,2269],[-479,2204],[-867,1846],[-1556,551],[-1017,-423],[-738,-923],[-1018,-781],[-2243,-731],[-579,-1102],[-768,-2654],[-508,-423],[-439,-487],[-110,-628],[-209,-692],[-339,-218],[-299,-51],[-369,-13],[-688,13],[-489,-77],[-259,-231],[-240,-410],[-189,-397],[-210,-410],[-299,-308],[-269,-128],[-379,-39]],[[515397,99324],[-80,180],[-189,9972],[-30,1551],[-70,7934],[-339,8793],[499,8332],[-150,4870],[90,1000],[40,782],[30,679],[10,398],[-170,666],[80,5140],[189,1436],[90,923],[-70,1589],[30,654],[20,628],[-70,756],[-30,449],[50,1076],[90,1077],[30,1615],[-70,1256],[-50,590],[-20,500],[-40,423],[-89,602],[10,577],[89,641],[-109,730],[-110,628],[-578,3602],[59,2448],[459,2154],[868,3448],[289,3230],[120,2089],[-1028,4704],[-468,1256],[-349,1128],[-270,859],[-149,923],[-80,718],[-10,589],[50,808],[169,961],[320,1666],[129,526],[20,346],[-209,474],[-339,372],[-489,333],[-688,449],[-628,474],[-449,564],[-748,910],[-648,936],[-748,974],[-1007,769],[-858,705],[-439,231],[-688,205],[-509,243],[-538,205],[-429,141],[-538,154],[-988,321],[-1436,935],[-249,257],[-140,474],[-79,654],[-110,1179],[219,756],[-99,500],[-140,410],[179,654],[20,487],[-10,372],[-199,474],[120,705],[129,551],[50,705],[20,474],[50,731],[40,397],[60,436],[-50,590],[-160,718],[299,474],[120,730],[10,693],[249,499],[130,744],[10,564],[60,538],[-150,667],[-79,666],[169,462],[549,307],[438,539],[-10,282],[170,525],[419,462],[409,256],[269,449],[100,692],[0,730],[0,231],[10,654],[-419,500],[-349,25],[-399,359],[-140,346],[-90,692],[220,590],[229,231],[10,615],[-209,359],[-319,487],[-80,551],[0,462],[179,512],[230,269],[409,411],[468,448],[100,103],[469,448],[379,603],[79,359],[60,487],[40,436],[20,576],[20,500],[50,475],[70,474],[129,474],[140,333],[299,372],[279,205],[349,500],[339,474],[200,231],[289,372],[160,346],[279,474],[518,320],[589,90],[469,77],[369,64],[398,154],[449,423],[409,513],[150,346],[249,384],[349,282],[499,462],[189,461],[329,513],[409,-77],[349,-218],[269,-231],[260,-397],[349,-602],[299,-526],[149,-474],[399,-590],[399,-423],[589,90],[468,154],[339,13],[339,38],[539,167],[379,423],[299,346],[499,461],[518,256],[439,77],[309,13],[259,-423],[90,-448],[150,-667],[239,-320],[389,-334],[409,-256],[289,-179],[479,-244],[309,-179],[529,-231],[508,218],[100,666],[-100,667],[-130,654],[-89,499],[249,577],[309,-115],[439,-346],[259,-333],[339,-449],[409,-462],[279,-256],[339,-231],[320,26],[528,167],[589,448],[528,346],[598,205],[439,-141],[469,-256],[179,-167],[359,-397],[260,-308],[389,-512],[468,-615],[290,-359],[359,-295],[269,-141],[608,-77],[499,-26],[558,77],[389,154],[509,218],[827,359],[529,333],[409,269],[598,257],[599,307],[558,346],[299,154],[559,154],[389,64],[578,77],[479,115],[339,128],[359,167],[359,205],[269,244],[379,307],[329,26],[429,-410],[239,-731],[180,-295],[399,-64],[398,436],[549,936],[588,884],[230,257],[269,256],[479,397],[279,359],[528,282],[130,590],[50,295],[20,564],[-40,448],[-30,372],[-10,461],[10,475],[60,666],[50,590],[30,487],[199,666],[289,410],[599,885],[319,525],[109,564],[0,808],[-29,487],[-50,449],[-170,871],[-50,154],[-259,654],[-229,666],[-250,731],[-179,551],[-239,667],[-439,512],[-90,731],[100,436],[-190,551],[-319,436],[-299,384],[-818,564],[-339,269],[-489,295],[-239,205],[-728,1461],[-1496,3000],[-2263,4729],[-1476,2897],[99,423],[389,282],[688,551],[499,821],[359,1038],[439,654],[648,679],[768,1154],[688,1230],[299,885],[100,461],[678,2012],[299,513],[1556,1602],[957,1218],[489,269],[858,-51],[698,-474],[309,-513],[2054,-3230],[249,0],[7260,3896],[260,231],[728,1102],[568,193],[309,243],[389,487],[359,462],[339,77],[389,-231],[219,-192],[330,-282],[578,-269],[369,-65],[548,141],[300,103],[379,410],[349,359],[249,90],[389,128],[608,128],[439,192],[538,129],[409,243],[549,397],[269,347],[439,358],[568,-102],[220,295],[259,653],[-130,757],[-79,474],[20,692],[309,346],[389,346],[279,192],[369,270],[369,230],[309,167],[509,333],[448,218],[439,141],[449,205],[309,180],[399,320],[139,192],[310,628],[189,488],[120,499],[249,487],[329,667],[230,308],[269,500],[179,743],[160,461],[359,603],[409,448],[129,334],[0,653],[-30,654],[20,308],[80,551],[210,513],[229,358],[319,654],[429,282],[469,116],[438,269],[330,333],[179,333],[90,680],[-100,397],[-70,487],[40,718],[80,653],[80,436],[119,564],[120,590],[110,487],[159,449],[509,435],[329,39],[538,-128],[569,-282],[489,12],[319,77],[438,39],[629,90],[429,115],[508,551],[160,603],[89,371],[320,295],[359,218],[598,-115],[269,-26],[359,500],[180,346],[448,359],[359,346],[599,-64],[259,-51],[778,640],[419,449],[309,372],[449,166],[478,-371],[419,-513],[180,-320],[219,-641],[299,-244],[260,-372],[279,-115],[478,-346],[369,-321],[369,-487],[110,-499],[599,-244],[658,308],[289,89],[449,154],[259,359],[-10,551],[429,295],[558,-51],[279,38],[489,-141],[279,26],[399,154],[409,320],[539,205],[389,-359],[0,-384],[369,-423],[438,-487],[30,-513],[-139,-628],[-80,-526],[50,-692],[319,-448],[1266,-680],[389,-179],[1117,-231],[469,-218],[489,64],[498,-102],[339,-244],[299,-141],[369,26],[499,333],[479,-26],[438,0],[359,-115],[539,-102],[239,141],[309,499],[320,629],[-230,769],[-70,922],[10,513],[50,474],[40,539],[100,525],[110,487],[-419,436],[-110,539],[120,294],[957,1436],[369,423],[618,-128],[519,-154],[369,-231],[588,-141],[379,-90],[289,629],[-10,423],[-89,448],[-270,282],[300,333],[867,2525],[60,180],[309,833],[389,808],[459,448],[60,51],[867,782],[838,398],[150,64],[578,231],[738,448],[808,500],[289,410],[239,577],[100,397],[0,513],[-40,1333],[-80,2000],[-139,692],[-210,513],[-827,1781],[-300,500],[-179,474],[149,500],[539,308],[1067,500],[449,218],[189,141],[399,448],[249,564],[200,436],[199,590],[200,551],[289,525],[269,308],[279,192],[639,154],[548,154],[259,115],[679,308],[748,525],[857,346],[1346,834],[240,115],[578,26],[569,12],[598,-25],[708,-551],[708,-552],[529,-474],[1715,-1525],[2363,-2487],[449,-577],[1187,-1538],[1087,-987],[977,-846],[1456,-615],[349,-179],[3899,-2205],[569,-295],[479,52],[89,461],[170,910],[40,500],[-100,628],[-130,590],[-20,602],[0,461],[130,372],[189,333],[1456,2820],[459,744],[2055,3332],[149,257],[1037,1281],[1566,2013],[798,718],[837,666],[659,539],[319,179],[458,141],[1127,26],[469,51],[409,166],[528,359],[240,398],[70,474],[349,513],[149,384],[230,603],[149,589],[0,628],[-209,423],[-479,462],[-369,205],[-269,231],[-309,333],[-290,333],[-229,205],[-1536,833],[-608,385],[-130,90],[-847,410],[-728,538],[-529,628],[-728,910],[-459,539],[-259,589],[50,692],[190,308],[329,538],[-230,705],[250,885],[-80,397],[-140,410],[-409,577],[-169,474],[-220,539],[-269,448],[-60,359],[140,526],[30,525],[-20,410],[-90,487],[-199,411],[-150,282],[-379,705],[-209,358],[-419,103],[-728,128],[-319,26],[-210,577],[-50,679],[-159,756],[159,551],[290,282],[369,0],[339,13],[429,0],[49,731],[-199,307],[-60,705],[90,769],[30,487],[-200,513],[-369,269],[-658,180],[-429,269],[-149,346],[-40,551],[-130,295],[-748,1423],[-588,282],[-728,243],[-708,244],[-1336,615],[-988,628],[-219,154],[-349,256],[-479,539],[-319,576],[-339,347],[-558,397],[-599,602],[-309,398],[-369,628],[-209,679],[-220,769],[-139,372],[-339,397],[-559,141],[-738,218],[-488,154],[-449,295],[-160,179],[-369,410],[-478,693],[-349,692],[-369,858],[-170,257],[-539,871],[-548,808],[-219,487],[-1127,1154],[1027,1217],[997,551],[2334,1116],[1785,1384],[2702,2115],[1576,795],[3171,1999],[878,949],[528,1038],[100,500],[80,807],[-10,1090],[-10,500],[189,653],[1277,1885],[259,282],[2284,1025],[1117,231],[1216,294],[609,129],[199,141],[2234,2640],[4597,5332],[1267,1949],[748,846],[438,576],[270,526],[239,295],[299,166],[419,39],[279,-26],[379,-205],[369,-192],[539,-26],[1037,141],[1017,26],[3161,769],[4987,10075],[2184,3191],[-10,385],[-220,461],[-329,1410],[279,244],[389,230],[519,295],[479,295],[418,231],[290,166],[438,487],[190,551],[239,347],[1646,-77],[608,192],[469,141],[319,77],[399,461],[329,385],[498,205],[369,-64],[230,-308],[369,577],[50,679],[-40,475],[40,666],[159,500],[439,564],[299,282],[160,769],[-668,987],[-549,679],[-558,564],[-559,667],[-678,1102],[-768,1167],[-389,448],[-638,885],[-279,435],[-469,513],[-419,308],[-508,230],[-389,270],[-369,333],[-290,295],[-428,435],[-170,321],[-259,602],[-249,513],[-120,628],[-90,538],[-100,680],[-149,756],[-80,756],[-229,718],[-210,462],[-219,410],[-299,653],[-10,398],[-30,602],[2004,1218],[1356,743],[40,359],[130,1231],[130,628],[79,564],[60,512],[-179,449],[20,487],[70,795],[279,461],[179,282],[240,641],[588,1115],[80,551],[588,52],[449,205],[249,128],[319,320],[280,628],[109,705],[230,782],[309,628],[99,462],[200,487],[489,731],[79,89],[669,513],[219,90],[469,115],[588,320],[459,539],[209,769],[269,1551],[-69,2833],[-20,448],[-140,385],[-199,705],[-130,679],[-180,1205],[-259,1128],[-748,2179],[-289,730],[-219,603],[-130,359],[-1715,4589],[-569,1499],[-1516,7088],[-967,3166],[-1306,4935],[-718,1692]],[[681738,529243],[498,282],[898,731],[1147,974],[508,282],[449,64],[1127,-115],[1057,-65],[1217,-153],[478,-90],[329,-51],[708,1038],[310,500],[149,115],[838,-295],[239,-25],[898,13],[987,76],[1077,-51],[818,-64],[1296,-167],[439,26],[1067,744],[738,499],[539,257],[638,243],[2603,526],[1007,77],[758,-103],[399,333],[249,231],[399,257],[479,76],[269,39],[439,26],[169,371],[20,641],[140,474],[0,487],[30,500],[49,628],[419,257],[479,-52],[189,0],[429,231],[529,51],[309,-38],[598,-115],[429,500],[80,640],[179,1654],[160,295],[1406,-103],[568,51],[359,-474],[240,-743],[159,-718],[130,-436],[369,-269],[209,-192],[419,38],[409,257],[279,384],[529,410],[299,333],[329,526],[180,692],[409,154],[618,-77],[459,39],[249,25],[389,116],[289,64],[369,64],[329,13],[339,-26],[509,-51],[399,25],[468,-115],[280,-115],[458,-77],[220,-13],[528,166],[589,436],[508,205],[1237,-12],[309,0],[459,205],[538,371],[499,154],[339,-141],[379,103],[239,294],[459,500],[259,295],[389,205],[389,77],[519,205],[468,436],[180,474],[439,231],[269,115],[319,616],[499,371],[389,295],[199,103],[499,218],[1077,282],[468,12],[599,-51],[1835,-820],[119,-39],[698,-205],[828,-192],[479,-64],[718,-26],[668,13],[1237,333],[249,218],[339,833],[80,385],[518,205],[319,141],[439,308],[259,576],[519,359],[249,410],[20,398],[90,423],[120,487],[359,513],[319,294],[439,231],[129,385],[120,474],[80,666],[-160,436],[-249,590],[-220,166],[-20,1321],[539,-26],[539,359],[249,551],[249,269],[389,269],[70,411],[30,589],[339,551],[359,359],[-60,692],[209,513],[210,244],[229,589],[299,641],[80,705],[10,462],[-469,307],[-199,500],[-20,577],[1496,-564],[349,-128],[309,-26],[718,141],[1137,641],[1745,1500],[1227,1115],[768,795],[1615,2102],[429,679],[688,628],[928,1077],[748,577],[568,294],[878,154],[368,116],[2125,448],[1655,359],[1765,564],[1147,474],[499,-307],[658,-487],[269,-347],[219,-358],[280,-308],[349,-269],[389,-154],[518,-141],[349,-90],[688,-128],[230,-666],[-20,-577],[-40,-321],[289,-525],[618,-154],[240,-128],[289,-359],[209,-692],[-10,-398],[-199,-499],[-269,-449],[-379,-615],[-150,-334],[-159,-551],[-170,-359],[-698,-89],[-110,-52],[-109,-769],[-80,-410],[-190,-820],[290,-398],[2552,2884],[1127,1231],[120,38],[2782,-371],[768,448],[50,0],[6891,3282],[479,-26],[758,0],[738,64],[857,51],[589,-153],[319,-116],[369,-205],[1027,-218],[399,615],[199,757],[10,474],[-30,538],[-70,385],[-59,474],[0,974],[30,705],[119,756],[30,487],[-279,462],[-299,295],[-409,333],[-220,282],[-249,346],[-289,615],[-110,436],[509,26],[558,371],[649,-64],[149,-512],[579,-167],[378,-26],[549,-64],[529,-89],[498,-90],[668,-77],[559,-833],[169,-462],[399,-1512],[269,-1474],[369,-1243],[708,-1167],[758,-1525],[220,-295],[568,-487],[1297,13],[438,38],[379,39],[579,-282],[369,-167],[389,-77],[498,-308],[120,-371],[259,-526],[309,-269],[459,26],[249,141],[369,38],[280,-25],[389,-218],[189,-667],[409,-551],[279,-205],[499,-244],[1695,-3063],[110,-154],[528,-538],[230,-449],[99,-397],[80,-564],[30,-564],[-40,-500],[80,-487],[150,-308],[269,-371],[1027,-1218],[608,-731],[1636,-1846],[409,-307],[498,-192],[998,-65],[508,-12],[210,12],[887,77],[2074,13],[499,-410],[150,-256],[698,-1192],[129,-218],[359,-603],[439,-525],[379,-167],[419,-128],[449,-51],[1805,0],[369,141],[389,359],[239,243],[469,13],[598,13],[588,-90],[599,39],[349,89],[419,51],[588,167],[349,231],[309,179],[499,193],[329,141],[369,128],[319,102],[439,-13],[269,-166],[379,-116],[269,-12],[369,-52],[688,-102],[399,0],[279,-974],[60,-77],[629,-295],[109,-51],[678,-231],[280,64],[389,321],[568,243],[329,-115],[429,-231],[1127,-115],[578,-13],[-30,-615],[-50,-513],[-10,-564],[80,-667],[150,-525],[109,-769],[200,-410],[199,-654],[110,-462],[309,-602],[279,-103],[459,0],[210,-12],[408,-282],[599,-731],[-70,-641],[-140,-654],[-59,-320],[159,-500],[110,-577],[-439,-794],[-209,-436],[-70,-436],[-90,-564],[-100,-551],[-30,-333],[679,-526],[0,-115],[-90,-731],[-40,-461],[40,-641],[70,-346],[319,-526],[99,-615],[50,-385],[110,-948],[130,-474],[129,-526],[-219,-1166],[-259,-692],[827,-218],[649,0],[618,0],[538,12],[329,39],[320,64],[478,141],[339,115],[549,257],[458,282],[140,89],[648,513],[339,359],[489,231],[429,-628],[728,-1115],[399,-500],[249,-282],[319,-295],[379,-269],[519,-359],[528,-295],[1127,-256],[190,384],[-10,641],[-170,782],[-140,474],[330,603],[857,512],[419,205],[1406,26],[150,-397],[837,77],[160,641],[419,397],[449,423],[379,90],[498,141],[369,243],[210,359],[199,397],[209,372],[-29,474],[-40,692],[-50,808],[-70,1102],[-30,667]],[[681738,529243],[-2773,9652],[-3301,7293],[-807,2256],[-1895,4089],[-1855,2871],[-1516,2077],[-2303,2204],[-3680,2359],[-3461,3589],[-2812,2627],[-3151,2756],[-2503,3089],[-1147,1436],[-798,807],[-299,308],[-509,436],[-578,423],[-648,269],[-1416,589],[-918,282],[-518,77],[-619,0],[-468,167],[-439,500],[-609,730],[-89,180],[-409,487],[-409,577],[-140,512],[-119,449],[-100,564],[-70,564],[90,487],[-160,385],[-229,423],[-279,435],[-240,321],[-319,448],[-89,398],[0,461],[-170,398],[-150,333],[-408,372],[-190,397],[-209,436],[-160,487],[-120,397],[-189,500],[-489,244],[-319,141],[-399,102],[-429,372],[-199,423],[-239,295],[-349,423],[-200,256],[-409,564],[-99,423],[-220,500],[-110,307],[-269,769],[20,616],[-20,410],[-189,461],[-519,231],[-399,103],[-379,282]],[[782180,875719],[250,-218],[359,-103],[329,-102],[568,-167],[449,-167],[219,-243],[369,-308],[429,-474],[269,-205],[389,-410],[389,102],[329,-38],[359,-193],[379,-538],[180,-654],[229,-551],[20,-718],[389,-551],[409,-38],[469,513],[349,679],[329,154],[349,64],[359,-167],[379,-102],[618,1063],[140,231],[-170,590],[-369,500],[-169,564],[59,692],[-189,397],[-179,603],[-220,448],[-139,436],[-419,167],[-389,602],[-339,679],[-319,667],[-359,372],[-539,192],[-199,154],[-120,602],[-369,321],[-329,153],[-389,231],[-369,256],[-180,411],[150,743],[189,180],[-339,807],[-478,128],[-349,141],[-459,-166],[-289,371],[-559,-179],[-468,115],[-60,398],[-140,423],[-249,333],[-80,602],[-20,526],[-419,615],[-269,718],[-249,628],[-140,372],[-339,666],[-269,282],[-240,487],[-209,372],[-269,487],[-319,551],[349,487],[349,462],[249,474],[249,218],[429,128],[210,90],[568,307],[339,436],[239,513],[330,51],[508,64],[200,-448],[468,-218],[309,679],[-438,513],[389,448],[89,705],[449,167],[259,384],[-508,859],[129,564],[409,192],[529,129],[299,-321],[70,-525],[608,-128],[249,435],[389,385],[319,51],[349,333],[-49,436],[478,218],[439,-308],[688,-615],[539,-384],[458,218],[230,294],[309,616],[179,589],[100,705],[559,244],[249,-77],[499,-13],[289,77],[518,231],[928,576],[578,347],[499,230],[329,116],[588,115],[818,51],[878,-64],[1196,-205],[609,-154],[379,-166],[1256,-1039],[798,-820],[1336,-1154],[748,-512],[349,-167],[369,-102],[479,38],[249,141],[349,436],[808,1961],[179,282],[340,205],[329,115],[229,487],[568,1180],[130,679],[-249,449],[-419,897],[-40,167],[-40,743],[40,705],[-70,308],[-469,461],[-508,320],[-569,-205],[-359,628],[40,731],[-169,500],[30,461],[379,398],[239,346],[199,346],[359,243],[20,603],[-299,231],[-458,205],[-130,743],[259,423],[10,526],[-309,576],[-90,321],[-70,551],[-518,90],[80,628],[319,641],[299,564],[239,359],[299,512],[-29,359],[169,513],[209,295],[469,-39],[220,410],[119,616],[-119,384],[-150,538],[170,577],[309,90],[219,-538],[50,-398],[349,-346],[219,-218],[459,-384],[339,256],[259,410],[429,308],[449,128],[309,167],[459,25],[489,-38],[448,102],[309,180],[270,243],[389,411],[428,320],[330,77],[388,346],[340,628],[369,423],[428,244],[230,359],[119,525],[319,269],[1297,-1589],[1426,-2166],[1596,-2308],[877,1116],[389,12],[339,257],[1267,461],[468,116],[459,76],[569,-38],[428,-13],[459,-13],[289,180],[349,90],[290,-77],[359,89],[229,308],[409,397],[379,334],[99,243],[270,577],[339,372],[468,410],[230,359],[259,179],[519,-64],[299,487],[528,116],[469,128],[110,551],[-549,1000],[40,628],[-209,974],[-50,782],[329,577],[80,192],[259,833],[389,423],[100,218],[129,615],[260,782],[79,423],[170,743],[199,628],[270,603],[319,231],[459,153],[368,90],[290,192],[339,526],[648,333],[179,103],[429,346],[369,166],[559,116],[249,115],[758,449],[608,371],[359,167],[479,180],[479,179],[548,115],[559,26],[269,26],[488,25],[320,52],[518,217],[738,334],[499,38],[598,-154],[818,0],[449,39],[349,-51],[528,-257],[429,-115],[309,-13],[429,77],[319,115],[499,334],[169,76],[609,154],[528,77],[90,-448],[90,-347],[-60,-1538],[0,-935],[-40,-782],[-90,-577],[-179,-949],[-110,-589],[-100,-667],[-159,-538],[-70,-577],[-60,-410],[-469,-2884],[0,-38],[-169,-821],[-10,-230],[-110,-1321],[-369,-2499],[-70,-436],[-79,-577],[-469,-2192],[-230,-1089],[-628,-1974],[-718,-2166],[-997,-3000],[-100,-269],[-269,-487],[-80,-218],[-110,-602],[-79,-308],[-240,-551],[-568,-1128],[-1366,-1858],[-808,-1154],[-100,-103],[-538,-743],[-299,-410],[-210,-462],[-130,-359],[-239,-358],[-159,-539],[-310,-769],[-119,-525],[-250,-180],[399,-1192],[509,-871],[449,-321],[269,-13],[618,13],[628,13],[1786,26],[1635,-270],[509,-243],[947,-449],[359,-166],[1167,-731],[1635,-1179],[1686,-1782],[907,-1218],[359,-487],[1805,-3307],[389,-1179],[419,-974],[309,-628],[349,-154],[419,-423],[349,-474],[469,-603],[349,-448],[349,-539],[229,-435],[230,-372],[229,-333],[897,-1039],[2533,-3678],[768,-1487],[150,-743],[-100,-590],[-389,-756],[-20,-577],[409,-154],[509,-13],[409,-295],[209,-128],[349,-320],[419,-449],[349,-51],[449,-26],[359,-205],[389,-256],[279,-436],[339,-128],[449,205],[239,192],[359,769],[209,718],[230,731],[359,397],[498,269],[758,116],[60,0],[668,12],[539,-166],[568,-359],[1925,-1987],[499,-525],[40,-52],[1914,-2025],[289,-346],[1077,-1307],[280,-398],[847,-1128],[998,-1153],[1585,-2192],[1027,-1308],[319,-410],[529,-756],[908,-1487],[528,-794],[20,-39],[2074,-3063],[868,-1308],[229,-602],[100,-410],[339,-270],[259,-141],[868,-961],[509,-820],[319,-487],[458,-731],[210,-564],[149,-525],[100,-385],[-90,-487],[1247,-2435],[169,-218],[449,-398],[150,-525],[419,-462],[199,-282],[299,-602],[549,-1089],[708,-1475],[528,-1512],[359,-1525],[290,-1885],[259,-1679],[80,-1051],[179,-897],[180,-1243],[428,-1564],[100,-423],[130,-423],[199,-551],[539,-1487],[718,-2115],[638,-1589],[888,-1923],[708,-1666],[618,-1436],[409,-948],[738,-1474],[139,-282],[230,-385],[199,-333],[190,-321],[967,-1627],[299,-500],[1476,-1910],[279,-359],[1087,-1448],[1207,-1398],[748,-756],[70,-64],[379,-384],[817,-821],[679,-615],[997,-897],[738,-564],[429,-564],[289,-410],[289,-731],[-40,-141],[299,-769],[499,-154],[239,-269],[-60,-603],[90,-474],[309,-397],[270,-218],[359,-205],[249,-141],[528,-167],[529,13],[459,180],[508,-231],[339,-180],[1067,-410],[748,-436],[1656,-897],[309,-243],[289,-385],[638,-474],[659,-513],[997,-705],[1625,-1269],[918,-513],[249,-281],[-120,-629],[479,-89],[379,-308],[509,-64],[498,-128],[319,-398],[489,-615],[309,64],[399,-269],[319,-269],[429,-269],[459,-269],[578,-308],[389,-128],[449,-244],[828,-512],[369,-308],[169,-128],[1197,-846],[229,-205],[2733,-2013],[2293,-1307],[429,-244],[229,-128],[409,-243],[429,-205],[479,-398],[598,-538],[638,-564],[180,-154],[1027,-871],[947,-744],[359,-256],[489,-398],[459,-307],[159,-52],[429,-333],[798,-615],[808,-667],[827,-679],[539,-436],[429,-410],[419,-372],[518,-423],[638,-499],[459,-539],[648,-910],[150,-166],[1256,-1462],[1287,-1307],[987,-872],[269,-282],[290,-307],[468,-821],[290,-448],[498,-423],[619,-269],[359,-270],[727,-730],[360,-359],[209,-372],[169,-551],[260,-1154],[70,-269],[209,-794],[319,-462],[190,-307],[-40,-526],[-70,-423],[189,-513],[110,-448],[199,-372],[200,-385],[429,-282],[149,-307],[180,-449],[50,-346],[-30,-615],[10,-808],[60,-474],[-210,-628],[-169,-295],[-250,-436],[-109,-499],[-250,-834],[-239,-833],[-170,-923],[-69,-884],[-80,-551],[-80,-474],[-179,-411],[-140,-333],[-80,-551],[-10,-654],[-100,-705],[-309,-538],[-369,-538],[-199,-577],[-200,-897],[-249,-1141],[-169,-757],[-220,-1153],[-90,-500],[-19,-436],[-40,-769],[-100,-743],[0,-526],[120,-577],[349,-282],[-220,-717],[-289,-436],[-469,-500],[-359,-192],[-60,-628],[290,-385],[-160,-410],[40,-423],[-70,-551],[-329,-180],[-528,-333],[209,-692],[-60,-718],[-249,-500],[80,-295],[428,-346],[349,39],[340,-193],[139,-563],[-259,-270],[-319,-230],[-240,-257],[-508,-397],[-130,-487],[-269,-577],[50,-397],[139,-487],[-119,-885],[119,-525],[-189,-526],[-20,-359],[-10,-525],[60,-859],[90,-1051],[-90,-654],[-70,-705],[0,-295],[60,-564],[359,-448],[339,-205],[0,-821],[-80,-922],[-40,-680],[-50,-577],[-79,-1948],[-250,-282],[-259,-333],[30,-744],[120,-1717],[-10,-564],[259,-615],[40,-308],[0,-551],[-30,-641],[-20,-615],[-30,-705],[0,-603],[190,-692],[-40,-1128],[-70,-320],[-469,-167],[-169,-731],[119,-1422],[200,-731],[259,-346],[-30,-564],[-110,-474],[-109,-667],[199,-205],[220,-410],[69,-397],[10,-462],[140,-359],[120,-448],[59,-628],[30,-551],[160,-744],[20,-538],[-10,-462],[219,-628],[60,-564],[-40,-346],[-60,-705],[60,-423],[379,-615],[0,-474],[-469,-487],[-369,-372],[-229,-256],[-219,-949],[50,-590],[-80,-346],[30,-500],[169,-512],[539,-231],[478,-333],[30,-667],[190,-538],[-309,-372],[69,-602],[130,-462],[50,-628],[40,-833],[-150,-743],[-99,-385],[-20,-679],[89,-462],[-139,-705],[99,-448],[30,-436],[160,-526],[90,-756],[70,-666],[269,-1167],[139,-923],[90,-282],[150,-487],[209,-705],[-159,-423],[369,-551],[558,-1987],[60,-192],[359,-1294],[239,-731],[110,-320],[209,-654],[190,-590],[518,-1192],[529,-1205],[1566,-2653],[199,-666],[439,-257],[369,-423],[299,-384],[369,-603],[269,-410],[230,-384],[369,-244],[369,-551],[129,-590],[-60,-371],[509,-103],[289,-192],[419,-372],[259,-372],[240,-397],[259,-679],[130,-500],[388,-539],[489,-346],[259,-243],[349,-487],[260,-321],[429,-397],[339,-474],[199,-346],[239,-411],[359,-294],[489,-359],[489,-423],[339,-334],[339,-384],[379,-462],[708,-820],[359,-448],[269,-321],[479,-577],[239,-423],[200,-359],[219,-538],[100,-397],[60,-551],[-180,-693],[499,-358],[578,269],[289,51],[519,-90],[279,-166],[499,-334],[1565,-1115],[549,-461],[1795,-1231],[2553,-1358],[728,-257],[1167,-487],[698,-307],[538,-129],[499,-12],[429,-26],[548,141],[598,192],[399,39],[449,-64],[479,-295],[409,-218],[409,-39],[339,-12],[468,397],[270,397],[418,-192],[170,-410],[509,-269],[558,-308],[-269,-526],[-160,-666],[-119,-577],[-150,-436],[-239,-461],[-260,-577],[-179,-307],[-269,-423],[-429,-513],[-230,-551],[-1017,-2743],[-209,-385],[-469,-910],[-1217,-1846],[-199,-371],[-718,-1372],[-698,-1602],[-948,-1654],[-448,-820],[-479,-846],[-199,-577],[-160,-551],[90,-538],[289,-321],[150,-628],[239,-371],[-379,-526],[-678,-1166],[-269,-500],[-240,-436],[-40,-718],[-229,-615],[-269,-269],[-439,-718],[-688,-1192],[-1177,-1859],[-140,-230],[-897,-1551],[-50,-77],[-868,-1269],[-628,-923],[-688,-1154],[-439,-820],[-708,-1487],[-478,-782],[-80,-115],[-688,-910],[-280,-397],[-259,-462],[-249,-449],[-349,-628],[-299,-705],[-349,-179],[-469,-308],[-359,-230],[-259,-731],[-379,-500],[-110,-461],[0,-436],[-40,-654],[-209,-346],[-90,-525],[-369,-411],[-339,-448]],[[515397,99324],[100,-705],[40,-576],[199,-513],[309,-500],[958,-846],[498,-449],[269,-205],[429,-359],[230,-294],[309,-616],[149,-410],[180,-653],[189,-744],[50,-372],[10,-640],[-329,-616],[-489,-436],[-269,-487],[-50,-435],[90,-385],[209,-372],[300,-487],[-489,-474],[-349,-179],[-449,-270],[-279,-243],[-379,-423],[-249,-385],[99,-666],[389,-423],[659,-577],[289,-320],[339,-346],[279,-411],[140,-269],[169,-538],[100,-449],[50,-487],[20,-551],[-20,-538],[-50,-526],[-50,-372],[-140,-423],[-339,-551],[-259,-384],[110,-641],[229,-500],[130,-628],[40,-705],[-140,-590],[-289,-410],[-269,-218],[-339,-192],[-389,-256],[-419,-616],[-369,-410],[-309,-128],[-369,-77],[-609,-13],[-488,-38],[-329,-103],[-339,-192],[-320,-282],[-269,-256],[-359,-551],[-249,-603],[-10,-525],[100,-744],[0,-756],[-40,-487],[-50,-436],[-40,-423],[20,-487],[40,-526],[70,-307],[309,-564],[80,-744],[309,-602],[428,-269],[1018,-513],[399,-308],[389,-487],[189,-397],[219,-743],[260,-821],[209,-615],[229,-679],[210,-436],[249,-372],[190,-218],[219,-448],[0,-398],[-150,-525],[-39,-372],[319,-384],[478,-77],[419,-116],[449,-333],[189,-449],[290,-115],[389,-51],[558,-244],[289,-154],[539,-76],[379,-26],[369,-90],[319,-231],[279,-423],[309,-589],[120,-180],[648,-871],[1087,-1128],[638,-615],[539,-513],[478,-513],[479,-564],[180,-461],[79,-680],[-49,-756],[-140,-487],[-429,-38],[-399,-141],[-478,-308],[-320,-346],[-279,-449],[-179,-615],[-10,-384],[80,-1334],[-90,-499],[-359,-385],[-559,-436],[-399,-346],[-478,-448],[-579,-539],[-209,-333],[-40,-692],[80,-756],[-220,-641],[-648,-667],[-359,-346],[-289,-269],[-189,-372],[-50,-577],[10,-628],[-230,-628],[-199,-410],[-120,-500],[-209,-474],[-260,-423],[-319,-500],[-389,-513],[-259,-333],[-169,-320],[-190,-487],[-209,-808],[-220,-769],[-339,-590],[-429,-166],[-408,-244],[-70,-423],[-20,-436],[0,-666],[-20,-500],[-80,-666],[-100,-372],[-149,-449],[-319,-654],[-210,-346],[-309,-371],[-309,-334],[-529,-346],[-478,-179],[-629,-205],[-398,-116],[-519,-153],[-379,-141],[-299,-141],[-449,-257],[-509,-448],[-458,-487],[-419,51],[-389,128],[-728,333],[-399,167],[-409,0],[-379,-231],[-319,-423],[-538,-371],[-669,-308],[-229,-115],[-299,-398],[-70,-372],[-130,-474],[-448,-218],[-319,-102],[-439,-103],[-449,-154],[-538,-230],[-429,-205],[-339,-154],[-499,-308],[-269,-256],[-279,-257],[-349,-230],[-509,-116],[-269,-51],[-459,-256],[-239,-269],[-429,-385],[-260,-192],[-309,-244],[-219,-256],[-200,-436],[-119,-372],[-379,-435],[-299,-129],[-419,-179],[-509,-167],[-518,-115],[-589,-90],[-897,-77],[-479,-38],[-499,-64],[-518,-90],[-588,-115],[-429,-103],[-409,-115],[-469,-154],[-309,-51],[-1177,13],[-329,-39],[-449,-449],[-99,-448],[-120,-372],[-259,-461],[-389,-295],[-569,-141],[-568,51],[-349,116],[-1685,897],[-549,359],[-419,346],[-299,307],[-359,411],[-389,551],[-409,512],[-329,308],[-319,244],[-439,205],[-738,179],[-887,295],[-589,359],[-787,846],[-350,577],[-169,282],[-180,589],[-49,359],[-80,782],[-170,487],[-458,372],[-629,51],[-329,-77],[-469,-333],[-249,-346],[-219,-257],[-419,-269],[-269,-64],[-409,-38],[-599,-26],[-658,-26],[-578,26],[-329,51],[-549,129],[-498,153],[-539,193],[-439,166],[-698,321],[-1037,461],[-838,359],[-468,128],[-349,13],[-359,-77],[-309,-128],[-359,-180],[-449,-76],[-339,25],[-349,39],[-569,-13],[-409,-77],[-1595,-321],[-948,-179],[-588,38],[-329,-281],[-598,-154],[-300,38],[-379,90],[-279,38],[-458,52],[-369,38],[-379,-38],[-310,12],[-458,65],[-319,-103],[-519,38],[-319,346],[-329,308],[-379,244],[-319,128],[-379,64],[-489,115],[-439,116],[-379,51],[-269,90],[-429,89],[-289,295],[-538,269],[-389,13],[-559,77],[-568,-243],[-519,243],[-498,436],[-349,179],[-300,167],[-438,-167],[-280,-89],[-299,-321],[-518,-205],[-369,-115],[-280,-269],[-468,-103],[-459,128],[-359,-256],[-628,-13],[-299,51],[-439,39],[-339,-13],[-499,51],[-409,-38],[-518,-205],[-419,-205],[-279,-129],[-389,167],[-160,295],[-279,372],[-349,358],[-369,411],[-339,679],[-260,372],[-468,461],[-439,385],[-519,820],[-359,64],[-1256,-525],[-10,-667],[219,-474],[280,-269],[169,-359],[150,-552],[438,-384],[330,-167],[69,-564],[210,-435],[149,-398],[439,-551],[339,-384],[339,-372],[289,-513],[150,-410],[190,-641],[139,-487],[130,-615],[30,-769],[20,-449],[-479,-410],[-469,90],[-239,-462],[-459,-448],[-488,-321],[-449,-77],[-429,-474],[-419,128],[-319,64],[-259,-525],[-220,-757],[100,-487],[-249,-564],[-319,-435],[-150,-308],[-249,-705],[109,-782],[-578,-167],[-539,193],[-359,-551],[130,-488],[-379,-461],[-339,39],[-249,-359],[-180,-667],[-279,-51],[-409,13],[-469,128],[-388,64],[-260,-154],[-139,-525],[69,-705],[-269,-411],[-419,385],[-588,-38],[-249,-347],[-449,26],[-588,-243],[-270,-141],[-389,89],[-379,-102],[-448,-462],[-339,359],[-379,-551],[-290,-231],[-219,-525],[-100,-244],[-349,-551],[-329,-282],[-469,-346],[-448,51],[-479,180],[-349,-141],[-339,128],[-449,295],[-139,359],[-379,282],[-270,269],[-488,-52],[-329,103],[-270,192],[-458,0],[-389,-448],[-290,-436],[-359,-13],[-498,-205],[-289,-115],[-359,-26],[-539,0],[-688,26],[-479,25],[-538,39],[-299,25],[-559,90],[-289,346],[-349,333],[-349,372],[-289,103],[-289,371],[-170,423],[-459,308],[-299,487],[10,551],[-449,526],[-89,487],[-439,320],[-329,103],[-429,333],[-130,449],[-159,410],[-459,25],[-329,-76],[-449,-39],[-509,218],[-558,154],[-489,231],[-428,89],[-419,103],[-329,-64],[-469,-64],[-379,397],[-329,282],[-479,487],[-498,449],[-469,410],[-449,474],[-269,513],[-160,436],[-169,461],[-170,333],[-339,334],[-588,243],[-569,141],[-1067,282],[-578,333],[-309,590],[-140,500],[-189,705],[-120,513],[-180,717],[-159,628],[-90,282],[-239,449],[-469,1923],[0,3319],[90,2859],[60,2063],[149,8819],[-239,1474],[-349,526],[-319,-39],[-1436,-2474],[-838,-679],[-588,-256],[-290,-154],[-568,-205],[-608,-180],[-359,-89],[-409,-154],[-618,128],[-280,205],[-678,487],[-708,397],[-319,154],[-339,103],[-329,64],[-588,0],[-429,-167],[-349,-295],[-210,-205],[-269,-333],[-369,-269],[-269,-77],[-529,-115],[-478,-423],[-379,-526],[-250,-307],[-269,-282],[-618,-103],[-329,192],[-419,410],[-419,244],[-309,-256],[-339,-359],[-379,-77],[-349,372],[-299,487],[-240,358],[-189,295],[-319,346],[-329,193],[-489,-231],[-608,-615],[-429,-282],[-499,-269],[-349,-129],[-369,-51],[-479,0],[-229,39],[-519,141],[-458,76],[-439,0],[-359,64],[-489,-89],[-429,-308],[-438,-359],[-479,-38],[-429,-474],[-269,-385],[-299,-705],[-289,-295],[-499,-128],[-229,-141],[-748,-461],[-469,-193],[-519,-153],[-418,-52],[-290,0],[-359,52],[-678,128],[-478,25],[-330,-12],[-478,-90],[-509,-154],[-508,-205],[-379,-192],[-300,-205],[-319,-295],[-289,-359],[-229,-346],[-230,-423],[-159,-462],[-150,-551],[-149,-743],[-110,-539],[-100,-384],[-219,-513],[-289,-346],[-469,-320],[-479,-257],[-1117,-397],[-269,-103],[-1795,-717],[-419,-193],[-508,-307],[-399,-577],[-270,-385],[-239,-141],[-399,-12],[-299,64],[-419,128],[-409,128],[-359,115],[-438,90],[-619,115],[-638,90],[-509,64],[-359,77],[-329,116],[-538,294],[-369,244],[-259,192],[-369,141],[-290,26],[-438,25],[-579,-12],[-498,-26],[-360,26],[-528,102],[-379,218],[-489,321],[-409,230],[-498,90],[-579,0],[-319,-38],[-458,-90],[-529,-167],[-469,-102],[-608,12],[-718,-51],[-489,833],[-538,526],[-818,641],[-369,448],[-1087,1282],[-708,1115],[-1087,2295],[-159,333],[-808,1705],[-499,1038],[-219,436],[-270,346],[-309,256],[-369,231],[-428,192],[-429,90],[-559,128],[-538,385],[-349,525],[-629,1166],[-598,1064],[-399,705],[-399,462],[-429,436],[-498,230],[-519,154],[-837,167],[-569,282],[-339,423],[-179,512],[-90,500],[-130,462],[-169,820],[-120,590],[-269,705],[-269,576],[-170,385],[-50,551],[-40,859],[-229,1102],[-200,628],[-199,603],[-379,397],[-319,218],[-409,308],[-668,666],[-519,513],[-329,461],[-159,334],[-100,525],[-40,487],[20,641],[100,910],[99,641],[180,782],[100,320],[359,987],[40,692],[-579,1077],[-1236,1205],[-878,705],[-1127,602],[-1735,2128],[-1775,2115],[-1745,1128],[-180,26],[-658,25],[-389,-89],[-509,-154],[-468,-321],[-489,-397],[-927,-872],[-728,-794],[-629,-359],[-488,-154],[-649,-77],[-528,0],[-559,103],[-319,64],[-538,89],[-678,282],[-928,436],[-299,103],[-568,218],[-668,89],[-609,0],[-389,-25],[-448,-167],[-509,-397],[-339,-257],[-230,-307],[-887,-872],[-359,-346],[-239,-77],[-559,115],[-389,347],[-379,423],[-439,487],[-797,628],[-379,205],[-639,410],[-458,346],[-638,346],[-449,462],[-429,589],[-419,590],[-299,179],[-329,39],[-319,0],[-629,-410],[-498,-616],[-339,-243],[-489,230],[-130,321],[-269,577],[-628,807],[-539,398],[-359,38],[-1276,-167],[-1745,-307],[-888,-231],[-728,-449],[-508,-205],[-948,-102],[-488,0],[-389,166],[-349,564],[-30,539],[-60,961],[-140,1064],[-209,1000],[-240,782],[-199,602],[-70,385],[20,628],[30,551],[-169,346],[-439,307],[-469,141],[-558,0],[-1347,-179],[-1276,-103],[-1027,-64],[-1027,77],[-499,0],[-638,218],[-349,205],[-379,295],[-549,462],[-40,38],[-508,577],[-10,13],[-678,628],[-569,474],[-548,269],[-309,192],[-449,231],[-309,269],[-310,615],[-89,398],[-20,718],[80,538],[89,513],[130,474],[169,513],[150,243],[319,539],[329,602],[299,1756],[-39,282],[-100,526],[-20,346],[90,564],[59,423],[60,384],[60,756],[-30,564],[-259,372],[-1127,1615],[-698,756],[-917,526],[-888,-218],[-1536,-128],[-1905,-39],[-1186,77],[-1925,321],[-389,205],[-359,256],[-469,474],[-249,321],[-339,666],[-30,462],[0,551],[-10,756],[70,961],[10,795],[-120,269],[-558,244],[-1416,51],[-1057,0],[-868,-115],[-738,-462],[-818,-500],[-1017,-358],[-1346,384],[-449,295],[-349,231],[-379,256],[-489,410],[-398,462],[-449,525],[-250,385],[-169,397],[-80,795],[90,1153],[169,1410],[70,474],[70,462],[80,500],[259,1089],[230,731],[109,449],[-40,423],[-179,512],[-399,667],[-419,628],[-150,269],[-299,526],[-578,974],[-299,551],[-379,923],[-648,1974],[-758,2268],[-758,1961],[-698,1295],[-599,1090],[-149,653],[80,423],[79,564],[50,372],[90,769],[30,667],[-509,1025],[-977,666],[-758,552],[-758,628],[-758,987],[-1167,1217],[-1545,372],[-1247,423],[-1256,602],[-1736,423],[-2074,436],[-209,103],[-1127,513],[-1147,538],[-3171,1153],[-1775,641],[-878,167],[-668,-167],[-409,-192],[-449,-384],[-1037,-1449],[-1386,-820],[-808,166],[-80,0],[-947,77],[-40,0],[-1516,77],[-518,26],[-668,154],[-399,230],[-329,359],[-270,385],[-269,602],[-239,923],[-120,1154],[-90,512],[-149,295],[-459,513],[-638,231],[-190,64],[-648,256],[-977,500],[-240,218],[-289,397],[-379,731],[-329,551],[-429,577],[-488,346],[-569,320],[-1107,321],[-618,295],[-499,294],[-339,231],[-329,449],[-269,410],[-538,538],[-619,385],[-977,589],[-678,385],[-459,38],[-479,-89],[-468,-52],[-190,641],[259,346],[260,282],[359,590],[119,397],[180,539],[20,589],[-110,821],[-40,474],[80,589],[80,244],[219,667],[389,576],[349,449],[349,308],[589,333],[1246,448],[499,257],[379,218],[349,794],[239,1077],[0,859],[80,1012],[140,641],[319,1218],[339,1141],[-50,679],[-379,641],[-519,679],[-698,1282],[-468,1141],[-788,833],[-908,1077],[-419,487],[-1047,1025],[-558,385],[-509,256],[-778,321],[-1067,346],[-1196,551],[-300,307],[-209,218],[-349,769],[-50,308],[-90,526],[-10,1589],[-129,846],[-180,577],[-139,436],[-309,769],[-40,640],[10,475],[49,718],[50,474],[449,692],[289,1359],[50,1307],[-349,718],[-110,231],[-538,640],[-569,693],[-259,384],[-70,756],[170,898],[249,1089],[20,1051],[90,551],[199,334],[589,179],[219,333],[200,705],[20,1000],[-70,461],[-339,616],[-319,269],[-250,128],[-419,39],[-448,-13],[-898,-64],[-1885,-244],[-1117,-141],[-708,26],[-588,154],[-519,128],[-478,205],[-319,205],[-569,359],[-329,154],[-399,141],[-578,38],[-509,0],[-299,0],[-479,320],[-249,347],[-339,986],[-529,1475],[-349,1076],[-329,923],[-309,782],[-508,833],[-778,1282],[-469,538],[-808,628],[-808,321],[-518,256],[-439,487],[-110,282],[-189,500],[-429,936],[-339,1025],[-189,1013],[-290,1423],[-279,435],[-389,257],[-498,-52],[-748,-179],[-539,-231],[-598,-461],[-479,-423],[-638,-808],[-539,-833],[-379,-641],[-389,-474],[-408,-295],[-439,-154],[-409,-38],[-389,-39],[-578,129],[-539,243],[-558,308],[-439,192],[-748,51],[-399,-89],[-1217,-398],[-578,-371],[-947,-603],[-998,-474],[-817,-192],[-1107,-90],[-698,-180],[-389,-166],[-569,-423],[-429,-500],[-678,-923],[-389,-692],[-169,-308],[-439,-743],[-179,-308],[-349,-461],[-1078,-962],[-777,-243],[-718,-192],[-320,51],[-349,282],[-289,346],[-1107,654],[-1007,269],[-449,577],[-1545,1999],[-1496,1910],[-1137,1320],[-898,1051],[-199,218],[-289,487],[-140,654],[-60,615],[-109,654],[-130,256],[-339,423],[-529,577],[-438,577],[-300,449],[-209,653],[-70,539],[0,935],[10,551],[-169,757],[-489,1807],[-409,308],[-169,128],[-340,500],[-139,461],[-190,256],[-50,2359],[-289,1384],[-20,52],[-538,563],[-409,411],[-319,628],[-210,525],[-189,475],[-449,294],[-498,244],[-639,307],[-528,539],[-708,538],[-469,398],[-469,538],[-329,282],[-279,307],[-120,347],[-169,666],[-80,372],[-10,769],[199,461],[40,590],[878,1666],[1466,859],[389,218],[1645,397],[459,1474],[1047,2128],[429,1346],[30,884],[30,1103],[-60,2281],[-120,1243],[-30,603],[30,513],[140,615],[189,2179],[359,1756],[-59,1307],[-60,833],[-210,885],[-159,936],[-539,1166],[-508,1115],[-310,949],[-59,589],[139,449],[389,948],[170,808],[-50,795],[-279,1076],[-210,1641],[40,692],[349,1769],[10,64],[0,795],[-50,512],[-80,462],[-10,513],[70,448],[210,680],[528,1704],[210,885],[199,1000],[10,217],[-40,1231],[-139,1935],[-509,1500],[-568,269],[-629,128],[-359,90],[-349,231],[-299,295],[-349,487],[-279,436],[-339,653],[-319,859],[-190,551],[-259,821],[-269,1166],[-140,564],[-209,769],[-30,551],[-270,936],[-39,833],[-419,410],[-529,564],[-90,654],[130,615],[180,910],[79,1756],[678,2089],[339,2090],[-39,295],[-320,474],[-329,359],[-438,448],[-499,295],[-668,244],[-638,179],[-290,205],[-309,513],[-20,423],[-20,782],[50,871],[70,564],[249,859],[140,551],[50,1000],[-40,859],[10,1461],[40,1500],[10,1320],[-70,833],[-110,538],[-80,398],[-698,1256],[-119,192],[-289,500],[-150,423],[-20,628],[40,487],[90,449],[259,756],[120,667],[-130,474],[-229,307],[-310,206],[-408,243],[-419,218],[-479,474],[-100,398],[-40,602],[-139,949],[-180,640],[-189,898],[-130,884],[-80,1115],[-49,808],[-10,1205],[10,1576],[-40,705],[-100,487],[-419,551],[-329,90],[-339,64],[-898,180],[-438,166],[-339,205],[-270,270],[-229,461],[-209,692],[-130,641],[-150,1231],[-79,807],[0,974],[-50,1551],[-160,731],[-449,128],[-349,-295],[-488,-243],[-409,-295],[-908,-346],[-897,-513],[-1207,-667],[-628,-474],[-90,-51],[-509,-500],[-498,-295],[-349,-115],[-589,205],[-299,500],[-159,538],[-120,718],[-199,936],[-90,794],[-140,628],[-179,411],[-319,384],[-369,321],[-379,307],[-369,269],[-270,334],[-179,410],[-190,487],[-169,654],[-210,692],[-189,769],[-80,615],[-10,577],[-40,654],[-139,769],[-220,653],[-259,667],[-459,846],[-488,846],[-798,692],[-499,269],[-159,77],[-698,256],[-958,346],[-1176,295],[-20,0],[-1127,398],[-190,64],[-728,410],[-329,372],[-179,410],[-110,769],[-50,1141],[-60,1166],[-60,1013],[-49,397],[-409,564],[-359,141],[-579,38],[-588,52],[-928,77],[-418,64],[-469,153],[-489,231],[-419,244],[-688,474],[-558,384],[-309,129],[-329,0],[-310,-141],[-548,-385],[-608,-410],[-369,-154],[-379,-51],[-369,461],[-110,551],[-40,616],[0,628],[-50,551],[-139,513],[-190,256],[-339,474],[-229,321],[-349,410],[-898,1115],[-229,333],[-130,654],[0,551],[230,1397],[528,1397],[399,2295],[20,833],[-50,820],[-90,641],[-60,333],[-119,577],[-349,692],[-299,487],[-459,462],[-299,308],[-70,474],[149,602],[-9,1013],[-310,487],[-299,564],[-30,807],[220,564],[-40,270],[887,1679],[190,2115],[100,628],[49,307],[200,1282],[598,1910],[30,1666],[-50,820],[50,1193],[20,769],[30,987],[0,807],[-40,782],[-100,923],[0,782],[30,910],[50,743],[70,398],[249,461],[339,731],[539,1538],[149,551],[130,602],[-219,449],[-569,615],[-768,628],[-498,641],[-369,423],[-289,513],[-409,846],[-240,346],[-508,307],[-728,167],[-718,180],[-599,307],[-478,346],[-309,385],[-389,846],[-379,820],[-180,500],[-139,577],[-80,615],[10,500],[458,2051],[1107,1666],[679,1218],[219,1499],[-30,282],[-20,1846],[-40,244],[-159,717],[-50,770],[-60,589],[558,2243],[0,1846],[-259,1166],[-40,757],[-189,987],[-399,1012],[-309,1987],[-70,1320],[-60,295],[-179,679],[-170,846],[-20,718],[50,833],[110,628],[169,475],[309,794],[90,513],[90,436],[40,820],[-100,795],[-110,218],[-448,346],[-549,615],[-329,551],[-10,590],[-20,654],[-209,717],[-339,795],[-280,282],[-438,436],[-270,397],[-269,487],[-269,731],[-279,436],[-260,346],[-419,359],[-608,525],[-568,641],[-379,526],[-210,628],[-309,820],[-199,461],[-290,270],[-408,243],[-1317,769],[-907,474],[-848,552],[-897,640],[-409,385],[-489,308],[-608,320],[-778,295],[-2543,641],[-439,141],[-349,551],[-150,384],[-189,423],[-499,564],[-618,680],[-798,987],[-528,730],[-379,577],[10,590],[209,243],[389,193],[758,128],[539,77],[797,25],[858,193],[678,-116],[778,-25],[429,435],[179,987],[40,193],[110,948],[10,39],[50,1153],[299,885],[449,461],[678,410],[1067,936],[219,1000],[140,1358],[10,334],[30,743],[40,167],[229,820],[349,2153],[199,1590],[150,1307],[259,1243],[349,564],[918,590],[1536,423],[887,231],[439,-103],[469,-102],[219,-39],[1456,-141],[1286,128],[888,462],[160,115],[867,564],[469,154],[279,38],[429,52],[588,12],[678,26],[429,64],[150,436],[120,1141],[329,1115],[39,423],[170,538],[329,526],[838,282],[708,269],[299,243],[489,411],[259,730],[40,128],[30,962],[90,653],[189,539],[429,846],[498,346],[888,64],[768,-192],[1197,-141],[937,179],[409,1064],[80,1192],[40,910],[279,654],[379,538],[558,1167],[80,1807],[-60,397],[-70,680],[20,474],[-119,1077],[-110,640],[-150,513],[-199,359],[-180,423],[-259,961],[-130,936],[-269,1525],[-169,859],[-270,590],[-359,589],[-827,757],[-768,487],[-1327,1230],[-379,474],[-179,628],[-60,411],[-179,1038],[-718,4883],[-160,539],[-219,743],[-160,590],[-459,794]]],"bbox":[99.09941,12.56325,100.10217,13.34342],"transform":{"scale":[0.0000010027610027609978,7.801707801707802e-7],"translate":[99.09941,12.56325]}}