{"type":"Topology","objects":{"districts":{"type":"GeometryCollection","geometries":[{"type":"MultiPolygon","arcs":[[[0]],[[1]],[[2]],[[3]],[[4]],[[5]],[[6]],[[7]],[[8]],[[9]],[[10,11,12,13]]],"properties":{"CODE":"7701","PARENT":"77","NAME_TH":"เมืองประจวบคีรีขันธ์","NAME_EN":"Mueang Prachuap Khiri Khan","NAME_CN":"Mueang Prachuap Khiri Khan","COLOR_IDX":0}},{"type":"Polygon","arcs":[[14,-14,15,16]],"properties":{"CODE":"7702","PARENT":"77","NAME_TH":"กุยบุรี","NAME_EN":"Kui Buri","NAME_CN":"Kui Buri","COLOR_IDX":1}},{"type":"MultiPolygon","arcs":[[[17]],[[18,19,20,-12]]],"properties":{"CODE":"7703","PARENT":"77","NAME_TH":"ทับสะแก","NAME_EN":"Thap Sakae","NAME_CN":"Thap Sakae","COLOR_IDX":1}},{"type":"MultiPolygon","arcs":[[[21]],[[22,23,24,-20]]],"properties":{"CODE":"7704","PARENT":"77","NAME_TH":"บางสะพาน","NAME_EN":"Bang Saphan","NAME_CN":"Bang Saphan","COLOR_IDX":0}},{"type":"MultiPolygon","arcs":[[[25]],[[26]],[[27]],[[28,-24]]],"properties":{"CODE":"7705","PARENT":"77","NAME_TH":"บางสะพานน้อย","NAME_EN":"Bang Saphan Noi","NAME_CN":"Bang Saphan Noi","COLOR_IDX":1}},{"type":"Polygon","arcs":[[29,30,31,32]],"properties":{"CODE":"7706","PARENT":"77","NAME_TH":"ปราณบุรี","NAME_EN":"Pran Buri","NAME_CN":"Pran Buri","COLOR_IDX":1}},{"type":"MultiPolygon","arcs":[[[33]],[[34]],[[35]],[[-33,36]]],"properties":{"CODE":"7707","PARENT":"77","NAME_TH":"หัวหิน","NAME_EN":"Hua Hin","NAME_CN":"Hua Hin","COLOR_IDX":0}},{"type":"MultiPolygon","arcs":[[[37]],[[38]],[[39]],[[40]],[[41]],[[42,-17,43,-31]]],"properties":{"CODE":"7708","PARENT":"77","NAME_TH":"สามร้อยยอด","NAME_EN":"Sam Roi Yot","NAME_CN":"Sam Roi Yot","COLOR_IDX":0}}]}},"arcs":[[[708689,392643],[-124,-272],[-249,0],[-542,-29],[-474,59],[-305,-24],[-238,266],[260,330],[396,-29],[417,-18],[418,-36],[441,-247]],[[708181,396336],[610,-153],[350,6],[474,-30],[181,-177],[22,-277],[238,-342],[90,-165],[-192,-248],[-124,-331],[-271,-224],[-294,-307],[23,-230],[-181,-360],[-384,-141],[-418,206],[-260,242],[-203,142],[-294,183],[-361,312],[-159,230],[-225,319],[-91,230],[91,342],[293,319],[271,336],[362,195],[452,-77]],[[724141,444592],[-440,-130],[-283,89],[102,230],[22,325],[68,241],[79,160],[170,242],[124,189],[147,177],[237,236],[192,182],[260,113],[305,-166],[34,-171],[0,-271],[67,-289],[125,-272],[-91,-218],[-135,-319],[-373,-165],[-610,-183]],[[728784,451767],[-667,-124],[-440,142],[-125,130],[0,254],[407,253],[113,201],[248,189],[215,-148],[79,-206],[215,-171],[203,-225],[90,-159],[-338,-136]],[[775343,473995],[-327,-100],[-508,12],[-396,29],[-485,-35],[-430,47],[-361,18],[-554,71],[-598,88],[-520,35],[-440,154],[-430,277],[-146,213],[-238,224],[-101,141],[101,295],[215,254],[56,183],[102,236],[23,260],[-46,242],[-192,218],[-203,242],[181,212],[440,48],[576,65],[520,-6],[249,-313],[-34,-372],[305,-289],[282,-59],[429,-106],[328,-65],[610,-142],[271,-147],[350,-201],[23,-212],[451,-118],[351,-289],[124,-231],[305,-212],[102,-171],[146,-242],[-34,-159],[-497,-95]],[[749477,478745],[-283,-171],[-384,-6],[-418,118],[-655,-135],[-226,-207],[-689,-24],[-101,349],[124,212],[192,212],[441,231],[372,218],[113,130],[113,224],[260,295],[520,-201],[124,-189],[135,-265],[226,-130],[328,-218],[-23,-154],[-169,-289]],[[756322,492930],[-497,-76],[-531,218],[-136,189],[-169,236],[-192,195],[-68,342],[463,289],[554,-24],[418,-159],[237,-118],[215,-177],[101,-171],[23,-301],[-124,-295],[-294,-148]],[[754424,494524],[-452,-136],[-282,100],[-45,248],[-283,207],[249,194],[181,219],[113,360],[113,271],[271,319],[293,-207],[34,-254],[125,-289],[169,-236],[169,-253],[12,-130],[-283,-207],[-384,-206]],[[764263,494594],[-576,-135],[-385,17],[-576,65],[-384,65],[-418,254],[-146,171],[-68,248],[113,336],[113,284],[248,283],[158,171],[294,212],[610,83],[339,124],[610,35],[452,12],[406,-301],[-34,-153],[-90,-301],[203,-301],[283,-230],[361,-319],[-22,-283],[-531,-248],[-599,-77],[-361,-12]],[[754481,496719],[-350,-118],[-91,23],[-305,301],[-305,224],[-79,213],[-68,248],[125,159],[305,171],[327,142],[610,100],[249,-47],[440,-224],[294,-260],[22,-283],[-271,-319],[-497,-200],[-406,-130]],[[860873,642418],[169,-177],[-101,-206],[-588,-384],[-305,-171],[-644,-366],[-779,-437],[-2011,-1032],[-858,-425],[-316,-189],[-961,-442],[-225,-112],[-949,-549],[-949,-537],[-2542,-1316],[-677,-360],[-486,-248],[-429,-206],[-701,-343],[-609,-283],[-125,-59],[-576,-313],[-644,-318],[-937,-555],[-1130,-608],[-1107,-590],[-1310,-720],[-1220,-696],[-1378,-755],[-1242,-679],[-1220,-667],[-1367,-755],[-1130,-619],[-1186,-667],[-1073,-573],[-1671,-1026],[-1458,-797],[-1084,-649],[-1242,-696],[-249,-148],[-1480,-838],[-779,-454],[-1254,-702],[-56,-36],[-802,-477],[-1085,-596],[-1626,-927],[-689,-383],[-497,-313],[-1039,-590],[-701,-384],[-994,-489],[-666,-372],[-475,-301],[-722,-508],[-633,-377],[-158,-112],[-305,-295],[-215,-172],[-531,-354],[-429,-383],[-700,-620],[-881,-666],[-3050,-2060],[-2282,-1510],[-7387,-5464],[-1163,-880],[-4157,-3434],[-983,-814],[-1649,-1399],[-147,-129],[-372,-378],[-554,-507],[-1276,-1098],[-531,-431],[-305,-342],[-260,-277],[-779,-726],[-927,-950],[-282,-307],[-678,-720],[-542,-490],[-192,-118],[-260,-242],[-237,-265],[-373,-378],[-768,-802],[-632,-643],[-814,-868],[-113,-130],[-316,-330],[-666,-690],[-542,-561],[-610,-684],[-554,-573],[-418,-442],[-214,-248],[-317,-354],[-531,-685],[-632,-702],[-215,-183],[-214,-183],[-204,-295],[-926,-1068],[-294,-366],[-508,-637],[-1773,-2254],[-215,-265],[-237,-272],[-57,-71],[-1095,-1327],[-486,-626],[0,-12],[-1502,-1917],[-1548,-1877],[0,-6],[-2440,-3186],[-1818,-2360],[-271,-325],[-260,-336],[-147,-207],[-598,-855],[-125,-183],[-418,-502],[-621,-861],[-858,-1399],[-271,-584],[-147,-254],[-350,-619],[-305,-608],[-407,-779],[-45,-77],[-260,-424],[-362,-531],[-271,-384],[0,-6],[-282,-555],[-226,-660],[-215,-526],[-248,-513],[-90,-201],[-215,-601],[-328,-756],[-225,-360],[-181,-295],[-192,-484],[-237,-631],[-102,-260],[-45,-206],[22,-260],[-79,-277],[-113,-336],[-56,-172],[-68,-236],[-68,-271],[-56,-271],[-68,-266],[-79,-366],[-34,-159],[-34,-307],[-34,-360],[-45,-336],[-22,-319],[-12,-189],[-11,-224],[34,-295],[34,-372],[0,-265],[22,-183],[57,-325],[56,-330],[34,-95],[79,-277],[68,-224],[56,-207],[68,-224],[79,-230],[102,-283],[90,-213],[68,-165],[136,-330],[67,-165],[125,-207],[169,-271],[136,-172],[169,-259],[124,-195],[249,-324],[192,-236],[260,-313],[192,-230],[146,-136],[226,-201],[147,-135],[283,-242],[327,-254],[1186,-797],[486,-330],[418,-201],[452,-189],[406,-159],[373,-124],[689,-194],[542,-148],[554,-142],[440,-94],[384,-59],[463,-35],[452,-24],[509,-6],[338,230],[34,236],[125,148],[135,289],[79,183],[113,324],[373,225],[429,118],[384,82],[407,100],[350,89],[305,218],[644,-35],[361,-254],[170,-171],[0,-248],[-46,-236],[-214,-307],[-79,-259],[-57,-160],[-147,-253],[-203,-254],[-158,-289],[0,-248],[-260,-295],[-11,-171],[-113,-230],[-147,-207],[-271,-248],[-124,-253],[-463,-189],[-249,-201],[-101,-224],[-91,-236],[-102,-407],[-45,-443],[0,-248],[0,-135],[45,-242],[80,-278],[124,-336],[90,-195],[113,-265],[192,-348],[113,-207],[136,-212],[203,-289],[203,-213],[362,-313],[248,-182],[362,-225],[406,-194],[204,-95],[508,-195],[429,-141],[339,-71],[610,0],[282,171],[339,236],[531,189],[407,59],[711,-53],[599,-177],[542,-159],[599,-154],[395,-136],[418,-212],[294,-330],[294,-242],[259,-331],[181,-236],[136,-147],[237,-266],[237,-130],[226,-194],[215,-207],[361,-248],[441,-277],[293,-142],[362,-159],[508,-189],[79,-271],[237,-313],[91,-207],[0,-188],[-192,-207],[-170,-307],[-147,-218],[-203,-283],[-226,-342],[-23,-284],[-248,-224],[-215,-360],[0,-283],[102,-183],[203,-295],[113,-183],[57,-313],[-181,-183],[-158,-247],[-282,-301],[-215,-213],[-294,-295],[-203,-277],[-68,-319],[-79,-366],[-34,-200],[-169,-661],[-271,-195],[-226,-130],[-475,-253],[-361,-260],[-328,-331],[-361,-112],[-655,-41],[-486,0],[-339,-65],[-655,-12],[-429,89],[-373,265],[-11,284],[90,271],[0,201],[-34,307],[-34,566],[-124,207],[-147,330],[-34,348],[-34,336],[136,272],[474,507],[396,413],[1107,585],[248,271],[-90,147],[-271,201],[-644,325],[-271,118],[-475,165],[-564,165],[-509,124],[-531,100],[-259,30],[-486,59],[-339,23],[-531,36],[-271,18],[-463,23],[-305,12],[-474,18],[-520,6],[-915,5],[-11,0],[-1457,-5],[-12,0],[-1558,-24],[-486,-24],[-271,-17],[-542,-42],[-893,-88],[-11,0],[-1209,-165],[-440,-77],[-441,-83],[-350,-71],[-610,-135],[-440,-112],[-1796,-549],[-983,-366],[-328,-130],[-948,-383],[-791,-337],[-3039,-1528],[0,-6],[-1152,-720],[-485,-301],[-983,-596],[-1401,-956],[-813,-590],[-1118,-926],[-1039,-808],[-599,-514],[-870,-790],[-452,-461],[-248,-336],[-283,-395],[-350,-455],[-113,-206],[-158,-160],[-305,-230],[-248,-135],[-328,-136],[-599,-30],[-112,-212],[338,-177],[430,-496],[169,-218],[79,-301],[57,-283],[-181,-360],[-57,-130],[-45,-307],[-56,-501],[-68,-809],[-11,-65],[-46,-460],[-11,-230],[23,-354],[90,-602],[203,-295],[-33,-348],[-68,-236],[-11,-201],[45,-389],[56,-419],[68,-242],[124,-372],[124,-360],[192,-495],[192,-284],[181,-354],[396,-655],[259,-218],[46,-212],[158,-219],[531,-560],[677,-626],[644,-543],[90,-88],[1616,-991],[372,-242],[396,-231],[192,-112],[350,-177],[350,-171],[565,-242],[0,-6],[870,-318],[508,-177],[328,-124],[327,-124],[271,-95],[316,-141],[294,-159],[271,-172],[226,-218],[203,-171],[565,-555],[113,-94],[271,-242],[350,-266],[249,-177],[248,-171],[475,-224],[452,-147],[406,-95],[678,-118],[554,-65],[384,-23],[542,76],[237,136],[215,218],[192,195],[316,207],[452,330],[237,183],[553,124],[667,-65],[406,-171],[249,-124],[373,-142],[226,-171],[79,-230],[113,-201],[203,-200],[79,-295],[282,-331],[102,-206],[68,-189],[34,-212],[0,-231],[-23,-165],[11,-230],[-11,-212],[34,-325],[-192,-265],[-79,-313],[-90,-213],[-147,-153],[-68,-218],[-237,-236],[-542,-514],[-136,-301],[-124,-118],[-1073,-188],[-836,-195],[-305,-77],[-373,-71],[-339,-106],[-316,-200],[-587,-148],[-554,236],[158,372],[215,348],[22,242],[-79,230],[102,283],[429,472],[260,372],[79,236],[11,295],[-33,212],[-125,172],[102,265],[-181,289],[-429,230],[-689,107],[-407,41],[-621,35],[-384,6],[-384,0],[-373,6],[-384,0],[-384,6],[-384,6],[-565,-18],[-576,-23],[-372,-12],[-464,-24],[-395,-23],[-373,-30],[-497,-47],[-598,-71],[-396,-71],[-553,-106],[-418,-106],[-418,-112],[-316,-89],[-418,-112],[-305,-94],[-791,-266],[-937,-383],[-475,-207],[-384,-171],[-406,-189],[-418,-224],[-226,-130],[-452,-265],[-237,-160],[-249,-153],[-339,-207],[-203,-147],[-294,-148],[-237,-159],[-678,-584],[-768,-649],[-214,-213],[-204,-212],[-158,-165],[-192,-219],[-553,-684],[-215,-301],[-102,-148],[-180,-253],[-79,-166],[-136,-283],[-215,-661],[-158,-478],[-45,-200],[-34,-236],[-22,-160],[22,-236],[57,-342],[90,-295],[181,-336],[373,-437],[293,-307],[249,-177],[226,-106],[519,-147],[486,59],[237,242],[362,177],[293,76],[576,-153],[125,-207],[316,-135],[587,53],[249,159],[260,142],[553,53],[282,-47],[362,-124],[474,-83],[170,-189],[101,-283],[79,-183],[192,-330],[260,-231],[68,-253],[305,-325],[553,-130],[238,-94],[293,-124],[509,-153],[90,-207],[-181,-283],[-192,-183],[-124,-336],[113,-201],[113,-271],[-203,-248],[-57,-230],[-124,-295],[-34,-225],[90,-159],[125,-265],[-113,-237],[-136,-324],[-90,-295],[101,-201],[-124,-242],[-373,-147],[-350,-41],[-497,-83],[-45,-177],[45,-272],[373,-177],[316,-106],[430,-183],[406,-53],[271,-318],[-22,-254],[248,-242],[452,-124],[158,-189],[237,-330],[57,-283],[203,-325],[373,-142],[395,-200],[237,-230],[226,-284],[147,-183],[102,-253],[22,-177],[-11,-230],[328,-118],[418,23],[485,-177],[430,-242],[203,-200],[248,-213],[192,-100],[328,-195],[328,-153],[327,-101],[497,-200],[215,-224],[90,-148],[34,-301],[407,-118],[101,-354],[-68,-201],[-124,-259],[113,-319],[215,-171],[68,-301],[-23,-236],[-23,-248],[-418,-171],[-553,-100],[-508,-272],[-531,95],[-655,-65],[-531,-24],[-497,0],[-249,48],[-519,165],[-554,183],[226,218],[226,195],[124,159],[-79,325],[204,182],[463,207],[-113,189],[-271,141],[-430,160],[-305,106],[-531,147],[-395,77],[-316,36],[-452,-6],[-316,-53],[-429,-236],[-159,-213],[-542,-59],[-406,6],[-622,-71],[-361,-94],[-305,-124],[-554,-207],[-372,-218],[-396,-94],[-519,-59],[-554,183],[-474,59],[-621,100],[-384,100],[-204,160],[-226,200],[-90,260],[-136,348],[-124,189],[-192,312],[-147,231],[-214,265],[-271,331],[-68,236],[-102,218],[68,271],[45,260],[-237,206],[-350,54],[-520,0],[-519,-177],[-215,-124],[-203,-189],[-170,-236],[-158,-142],[-474,-130],[-396,-82],[-463,-30],[-632,124],[-599,189],[-305,212],[-237,337],[-57,230],[-440,77],[-475,-59],[-463,-124],[-971,-307],[-339,-124],[-328,-124],[-689,-24],[-2439,-985],[-4439,-1983],[-2034,-1003],[-192,-230],[-135,-271],[-68,-242],[11,-165],[463,-172],[57,-348],[-633,47],[-474,18],[-418,-12],[-554,-53],[-350,-41],[-587,-106],[-407,-89],[-429,-100],[-3942,-1782],[-4270,-1924],[-6031,-2584],[-1683,-720],[-3920,-1800],[-2372,-1150],[-2033,-921],[-1514,-749],[-1084,-531],[-2112,-1003],[-882,-455],[-271,-141],[-982,-496],[-1435,-744],[-813,-448],[-520,-295],[-711,-384],[-509,-271],[-259,-136],[-113,-59],[-949,-501],[-994,-549],[-870,-460],[-1118,-626],[-701,-407],[-711,-413],[-859,-519],[-756,-431],[-1062,-590],[-734,-437],[-1062,-655],[-938,-578],[-1061,-637],[-848,-514],[-892,-531],[-768,-495],[-757,-490],[-508,-342],[-881,-567],[-859,-613],[-779,-573],[-553,-401],[-520,-378],[0,-6],[-2485,-1852],[-1898,-1605],[-1242,-1080],[-1051,-1245],[-621,-714],[-113,-118],[-248,-390],[-91,-236],[-68,-218],[-316,-266],[-248,-360],[-294,-501],[-192,-378],[-56,-218],[112,-212],[-56,-225],[-215,-200],[-226,-225],[-271,-342],[-226,-212],[-271,-260],[-226,-318],[-90,-172],[-45,-206],[11,-313],[350,-177],[362,-112],[-294,-277],[-373,-171],[-226,-172],[-192,-159],[-259,-265],[-497,-402],[-610,-537],[-633,-578],[-373,-395],[-293,-319],[-486,-555],[-599,-601],[-768,-933],[-350,-318],[-497,-455]],[[641605,413572],[-102,520],[-350,271],[-271,201],[-113,242],[-45,141],[0,360],[45,266],[12,318],[-159,242],[-451,260],[-599,0],[-474,35],[-418,-65],[-317,-106],[-429,-6],[-294,112],[-169,254],[-305,313],[-181,265],[-113,260],[-169,189],[-576,147],[-339,65],[-361,142],[-373,195],[-170,76],[-677,260],[-351,195],[-406,206],[-452,100],[-294,59],[-327,172],[-373,194],[-373,59],[-587,142],[-316,189],[-181,230],[-452,130],[-452,-30],[-79,-224],[-56,-336],[-170,-207],[-361,-65],[-407,-136],[-700,0],[-576,101],[-396,-154],[-45,-171],[283,-318],[-339,-254],[-520,47],[-271,89],[-350,153],[-316,118],[-407,35],[-587,107],[-475,-65],[-542,-24],[-316,142],[-509,29],[-406,-6],[-508,24],[-599,6],[-621,18],[-317,-6],[-497,0],[-587,-12],[-384,0],[-463,59],[-621,112],[-384,-183],[56,-319],[-305,-165],[-486,18],[-293,83],[-384,82],[-452,-106],[-34,-254],[-508,-212],[-757,-71],[-531,-30],[-463,18],[-418,77],[-328,88],[-598,301],[-475,378],[-576,531],[-406,507],[-339,591],[-441,159],[-542,41],[-542,-94],[-475,-160],[-361,-17],[-689,-18],[-429,106],[-678,24],[-644,47],[-147,224],[-192,248],[-113,283],[-327,272],[-418,-77],[-396,-94],[-508,-12],[-248,71],[-260,277],[135,336],[271,148],[723,224],[497,195],[226,159],[170,177],[45,230],[-384,289],[34,307],[-260,307],[-407,212],[-711,-23],[-147,-236],[-655,29],[-588,30],[-587,-24],[-215,213],[-384,330],[-564,142],[-656,71],[-417,100],[-339,212],[-125,112],[-485,112],[-305,-147],[-260,-242],[-452,-35],[-553,47],[-486,-6],[-316,-24],[-407,-59],[-553,18],[-159,-130],[-192,-254],[-248,-200],[-554,-154],[-418,142],[-406,148],[-610,-83],[-407,-59],[-406,-242],[-159,-153],[-485,-65],[-328,0],[-418,-71],[-350,-65],[-350,-142],[-610,-153],[-350,-177],[-305,-77],[-554,18],[-339,-18],[-519,-35],[-407,-6],[-474,24],[-395,11],[-565,201],[-463,130],[-633,65],[-531,-42],[-621,0],[-395,24],[-565,59],[-599,-89],[-632,-100],[-452,71],[-237,301],[203,136],[68,247],[-215,201],[-350,224],[-350,83],[-384,41],[-599,118],[-542,136],[-441,24],[-598,-107],[-509,-171],[-463,-153],[-564,212],[-283,95],[-553,88],[-407,77],[-260,59],[-440,106],[-339,-6],[-520,71],[-192,224],[-486,248],[-338,136],[-463,0],[-339,-254],[-136,-295],[23,-313],[67,-230],[-158,-248],[-451,-277],[-294,-153],[-633,-83],[-542,-136],[-632,30],[-520,-6],[-429,-195],[-362,-130],[-621,-141],[-565,88],[-271,130],[-508,-53],[-395,-112],[-441,-112],[-429,-101],[124,-348],[260,-324],[45,-289],[-248,-154],[-407,-218],[-316,-112],[-633,-118],[-373,141],[-361,248],[-373,36],[-644,112],[-677,94],[-373,-230],[-384,-153],[-407,-124],[-316,-118],[-328,-124],[-293,-95],[-509,-177],[-180,-194],[-317,-242],[-474,-54],[-373,-11],[-463,65],[-452,0],[-429,17],[-452,95],[-553,94],[-407,65],[-316,83],[-305,295],[-34,212],[-282,283],[-283,136],[-565,100],[-474,260],[-463,83],[-565,206],[-248,230],[-497,101],[-452,-48],[-305,-53],[-463,36],[-430,35],[-497,260],[-429,295],[-339,183],[-316,165],[-463,41],[-294,-23],[-508,-71],[-294,-130],[-553,-94],[-475,70],[-361,18],[-407,30],[-542,153],[-452,-6],[-452,-77],[-474,-76],[-384,-154],[-418,-47],[-474,-177],[-350,-30],[-633,124],[-350,189],[-283,118],[-384,106],[-497,-35],[-463,-136],[-429,-23],[-520,-183],[-463,-59],[-282,-142],[-215,-171],[-564,-12],[-430,219],[-406,64],[-384,183],[-271,219],[-543,153],[-485,36],[-554,5],[-881,12],[-271,160],[-124,306],[-226,313],[-226,183],[-249,165],[-293,130],[-610,195],[-983,307],[-294,94],[-463,201],[-644,41],[-429,118],[-316,266],[-565,11],[-350,-153],[-282,-77],[-678,42],[-429,94],[-260,195],[-57,336],[-124,183],[-508,171],[-418,218],[-102,183],[-169,419],[-113,112],[-1096,614],[-361,212],[-531,390],[-350,71],[-339,47],[-486,47],[-226,218],[-598,124],[-667,-6],[-418,278],[-316,177],[-203,141],[-565,177],[-565,77],[-463,30],[-836,-65],[-610,29],[-282,154],[-396,94],[-282,77],[-463,-59],[-576,-47],[-441,11],[-248,-135],[-531,-118],[-429,153],[-237,89],[-565,70],[-757,77],[-158,18],[-1457,94],[-147,12],[-633,71],[-5693,1251]],[[497836,432856],[452,259],[520,260],[418,207],[452,177],[384,177],[463,224],[576,224],[406,142],[656,218],[598,189],[1085,236],[1039,236],[836,165],[576,148],[508,165],[621,242],[836,318],[644,278],[610,295],[508,283],[429,295],[181,183],[158,201],[12,289],[-136,259],[-271,154],[-373,259],[-203,236],[-282,325],[-294,195],[-249,194],[-90,160],[226,259],[361,106],[238,124],[237,195],[248,242],[384,342],[362,254],[305,207],[271,188],[158,236],[68,301],[169,284],[271,289],[294,248],[418,271],[632,336],[509,236],[282,89],[441,71],[451,17],[464,-29],[474,-53],[429,-101],[328,-94],[508,-77],[779,48],[757,171],[825,495],[1186,573],[779,424],[565,319],[1039,407],[542,47],[362,-159],[248,-189],[249,-200],[293,-148],[577,-112],[429,24],[734,71],[328,35],[1005,218],[587,95],[429,224],[588,1080],[373,519],[666,702],[1118,844],[1051,442],[293,154],[464,248],[214,171],[-11,283],[-181,224],[-350,284],[-181,147],[-214,212],[-204,278],[-158,218],[-158,218],[-305,225],[-294,301],[-271,259],[-79,230],[237,295],[464,30],[542,-124],[1073,-460],[745,-154],[825,-35],[1434,100],[1017,236],[1039,101],[1039,100],[1344,130],[1220,53],[1254,159],[802,-88],[283,-248],[576,-248],[519,118],[350,307],[430,395],[463,295],[757,254],[711,271],[621,437],[497,366],[610,254],[475,5],[1276,-47],[45,36],[362,301],[34,23],[0,626],[180,242],[204,265],[282,230],[746,484],[350,732],[0,283],[-34,372],[214,1068],[-101,767],[-45,472],[192,295],[214,165],[554,584],[-113,360],[-497,343],[101,200],[464,201],[677,295],[147,566],[-90,195],[-170,218],[-203,166],[-271,177],[-362,212],[-689,266],[-722,312],[-294,171],[-124,201],[-46,295],[362,242],[327,77],[475,124],[418,271],[531,443],[1118,1026],[192,319],[56,442],[-440,543],[-859,720],[-926,478],[-813,460],[-192,166],[-158,224],[-91,366],[102,200],[260,343],[169,371],[215,390],[158,283],[226,319],[271,224],[215,177],[395,177],[452,153],[565,136],[519,77],[294,59],[135,271],[-56,154],[-237,194],[-294,272],[-395,307],[-271,265],[0,207],[45,206],[147,242],[259,159],[441,172],[926,295],[847,253],[768,319],[464,236],[542,348],[339,301],[135,330],[0,242],[-22,266],[-373,649],[-136,330],[68,319],[328,224],[327,260],[283,242],[180,259],[113,225],[68,253],[-407,177],[-372,89],[-328,94],[-192,195],[-350,260],[-316,183],[-317,135],[-226,148],[-316,136],[-237,124],[-260,206],[-113,189],[-158,224],[-147,230],[-45,230],[79,307],[892,932],[577,691],[474,873],[56,118],[-79,1186],[-90,160],[-407,790],[-553,496],[-870,318],[0,396],[90,619],[509,372],[587,47],[1728,-265],[1277,-136],[655,136],[689,655],[689,1239],[599,1210],[-79,1351],[440,667],[429,436],[260,466],[11,130],[125,756],[158,295],[531,454],[440,442],[91,301],[-68,832],[11,313],[260,537],[327,549],[475,743],[316,508],[203,248],[328,259],[745,266],[577,259],[666,278],[316,141],[689,48],[475,-65],[824,-171],[904,-260],[621,-148],[508,-106],[475,-100],[2123,-797],[441,30],[282,189],[-56,289],[-271,342],[-283,384],[-45,354],[271,289],[317,189],[463,230],[372,242],[147,336],[-135,212],[-102,213],[-23,218],[23,272],[11,371],[79,484],[23,561],[79,366],[136,224],[350,212],[260,106],[1287,284],[497,129],[1028,354],[667,225],[655,153],[-249,336],[-406,113],[-441,153],[-1107,820],[-1265,708],[-361,95],[-441,171],[-271,200],[-565,349],[-1096,466],[-1321,348],[-429,94],[-418,42],[-554,-12],[-531,-6],[-847,-36],[-655,0],[-553,-23],[-1028,77],[-576,153],[-463,59],[-689,-18],[-147,-6],[-723,-76],[-655,-30],[-701,-94],[-1796,-283],[-1558,-290],[-464,-106],[-3253,-419],[-2665,-124],[-848,-141],[-519,-71],[-508,-53],[-554,17],[-768,113],[-960,171],[-621,159],[-735,201],[-519,194],[-497,372],[-45,254],[135,779],[57,419],[-192,189],[-328,76],[-474,-29],[-509,-83],[-813,-35],[-678,6],[-700,112],[-915,224],[-519,171],[-362,230],[-45,230],[-508,254],[-509,-88],[-327,-248],[-249,-195],[-452,-289],[-519,-165],[-870,-71],[-791,-36],[-1502,-76],[-937,-6],[-599,130],[-1175,306],[-813,207],[-508,130],[-463,242],[0,218],[79,354],[293,395],[418,295],[237,101],[768,212],[362,171],[226,160],[271,324],[56,183],[-22,230],[-158,183],[-204,266],[-192,265],[-90,254],[0,454],[0,313],[-23,372],[-79,377],[0,602],[102,413],[1130,1505],[203,283],[237,337],[520,879],[-91,124],[-158,242],[-678,283],[-542,336],[-440,283],[-1130,697],[-1220,773],[-666,537],[-893,407],[-587,135],[-497,119],[-305,47],[-632,100],[-1265,212],[-1141,343],[-904,277],[-1559,631],[-982,378],[-68,301],[214,584],[271,673],[-350,254],[-632,212],[-1073,254],[-215,82],[-768,407],[-712,343],[-248,112],[-395,259],[-23,248],[90,171],[317,720],[-57,815],[-452,253],[-564,83],[-1096,35],[-588,12],[-689,71],[-643,118],[-147,41],[-610,171],[-655,148],[-893,283],[-689,183],[-451,130],[-407,112],[-215,206],[-147,266],[-248,295],[-124,266],[-113,354],[-91,236],[-192,194],[-327,284],[-418,389],[-294,401],[-305,531],[-147,360],[-361,496],[-260,189],[-361,171],[-317,65],[-418,-30],[-350,-171],[-723,-330],[-756,-331],[-1130,-436],[-486,-260],[-361,-254],[-203,-224],[-170,-206],[-102,-225],[-45,-489],[12,-478],[-215,-337],[-441,-141],[-406,-36],[-814,-35],[-587,-106],[-553,-130],[-531,-148],[-362,-47],[-903,0],[-1198,112],[-937,124],[-486,47],[-237,24],[-565,71],[-452,236],[-11,206],[45,272],[12,312],[0,160],[-170,371],[-158,254],[-68,283],[0,219],[316,318],[351,172],[395,200],[350,301],[68,207],[-11,230],[-34,224],[-113,336],[-113,284],[-170,318],[-169,407],[-57,278],[-22,206],[34,201],[113,189],[214,194],[215,148],[271,195],[215,165],[101,206],[0,260],[-34,236],[-79,207],[-147,277],[-112,141],[-339,272],[-430,283],[-700,207],[-971,289],[-814,242],[-361,118],[-497,212],[-983,443],[-485,312],[-215,472],[45,927],[-678,602],[-293,230],[-576,366],[-362,206],[-260,201],[-180,242],[-91,136],[-644,466],[-225,484],[-68,253],[45,289],[136,319],[225,797],[-146,318],[-181,230],[-667,443],[-564,354],[-226,206],[-136,237],[-22,247],[11,272],[135,578],[57,366],[56,277],[192,148],[373,124],[373,88],[339,112],[429,201],[294,224],[147,230],[192,254],[214,206],[181,166],[316,177],[226,212],[1062,879],[158,136],[181,218],[214,189],[305,160],[384,106],[509,124],[440,76],[23,295],[-204,148],[-259,183],[-181,177],[-79,206],[45,225],[169,242],[385,318],[316,254],[327,201],[147,171],[136,230],[90,206],[-113,366],[-237,218],[-305,231],[-249,230],[-338,242],[-226,212],[-158,336],[45,201],[124,189],[90,265],[-11,231],[0,318],[79,313],[136,324],[90,349],[-11,324],[68,543],[-12,378],[136,478],[339,607],[124,620],[-23,165],[-135,301],[-147,159],[-339,266],[-316,277],[-260,195],[-282,212],[-351,260],[-361,277],[-429,284],[-350,253],[-317,313],[-395,496],[-271,484],[-136,418],[-34,272],[-11,372],[0,519],[-22,254],[-464,590],[-203,112],[-519,259],[-633,225],[-361,206],[-328,248],[-294,313],[-305,395],[23,342],[373,213],[802,348],[689,324],[677,278],[1232,401],[734,177],[598,148],[283,64],[384,166],[271,194],[384,219],[316,224],[384,212],[305,130],[407,83],[316,53],[1796,389],[1604,319],[926,248],[475,94],[440,112],[294,166],[181,265],[180,242],[1074,1021],[180,301],[57,301],[-68,360],[-463,838],[-124,271],[-57,431],[-102,318],[-79,337],[-33,242],[-102,312],[-181,484],[-305,384],[-327,419],[-249,389],[-124,289],[-57,443],[57,265],[68,301],[621,980],[113,324],[113,467],[169,336],[68,200],[226,325],[282,165],[271,112],[339,118],[418,77],[260,213],[-23,342],[-101,248],[-204,348],[-101,348],[67,301],[23,289],[23,236],[-23,260],[-68,330],[-113,313],[46,259],[146,248],[136,160]],[[504049,603545],[1943,430],[34,6],[847,124],[1231,94],[3174,-41],[407,-6],[327,12],[1118,24],[215,6],[712,70],[1366,219],[588,106],[655,165],[2248,584],[4190,1316],[1695,484],[1739,596],[1627,472],[1333,354],[384,124],[259,100],[339,248],[294,118],[429,95],[599,64],[700,-11],[520,41],[971,159],[418,71],[362,71],[1491,295],[1163,224],[2677,567],[1367,289],[1864,631],[587,307],[689,360],[350,271],[847,832],[644,502],[678,531],[1005,454],[1130,248],[1231,183],[3242,218],[474,24],[1254,124],[824,77],[1435,295],[497,135],[655,142],[3242,808],[520,112],[734,142],[1220,53],[2033,-71],[452,-35],[1784,-47],[1006,-18],[1061,30],[1401,118],[2101,324],[1209,248],[1491,484],[395,112],[757,206],[1163,260],[373,53],[2700,230],[1615,101],[1028,106],[802,206],[982,396],[780,413],[531,283],[508,183],[542,136],[1254,265],[3976,696],[1683,266],[1389,248],[678,141],[1920,596],[1107,461],[3118,655],[813,183],[1604,354],[2327,519],[2248,531],[5433,1145],[768,171],[2056,472],[3535,637],[339,65],[1886,407],[2598,897],[91,41],[2089,844],[565,189],[599,130],[655,76],[949,71],[1141,0],[2293,53],[1626,95],[1898,195],[2394,383],[4507,726],[4247,814],[181,53],[2011,543],[429,154],[192,70],[1118,455],[723,194],[305,77],[1220,177],[926,71],[678,6],[1197,6],[610,12],[2056,53],[531,11],[2767,77],[1683,118],[542,47],[2836,372],[4427,685],[576,129],[543,95],[621,-12],[553,-18],[384,-23],[543,-30],[576,47],[350,313],[474,71],[328,-6],[519,47],[452,24],[328,88],[406,83],[610,47],[159,-124],[237,-189],[226,-100],[542,-35],[384,-18],[350,6],[373,65],[576,183],[373,41],[485,18],[441,29],[452,24],[689,35],[508,-47],[237,-47],[441,-89],[576,-94],[689,18],[621,100],[350,189],[124,236],[938,1127],[361,-230],[531,-171],[339,-83],[531,-130],[362,-130],[553,-200],[474,218],[34,272],[520,112],[440,-183],[260,-142],[396,-265],[282,-148],[587,-130],[497,-29],[554,-101],[384,-124],[531,-64],[610,-195],[180,-189],[91,-165],[124,-213],[147,-236],[124,-177],[113,-301],[226,-206],[316,-307],[452,30],[531,-54],[328,-41],[451,-59],[339,-65],[452,-177],[565,-224],[553,-30],[576,30],[328,89],[282,106],[305,236],[147,165],[271,277],[91,195],[158,224],[271,106],[316,154],[373,206],[271,154],[248,165],[249,159],[22,272],[91,236],[576,206],[350,101],[362,177],[225,153],[362,189],[644,147],[621,36],[395,-65],[554,59],[339,136],[395,259],[474,83],[622,71],[576,23],[395,-23],[531,6],[271,59],[441,82],[372,77],[543,12],[372,-47],[520,59],[553,59],[441,112],[350,112],[463,165],[463,6],[283,-112],[316,-130],[327,-65],[351,-159],[158,-307],[181,-177],[463,-260],[293,-242],[192,-159],[238,-307],[192,-165],[327,-236],[215,-130],[316,-248],[215,-194],[248,-166],[542,-218],[667,6],[406,-47],[486,-65],[633,41],[395,-6],[418,-41],[395,29],[452,213],[565,-6],[384,-77],[384,-65],[644,89],[350,242],[327,318],[125,319],[147,148],[350,147],[485,142],[452,-6],[339,35],[418,106],[407,42],[429,-6],[734,-106],[429,-77],[509,-41],[508,-83],[971,-136],[328,-47],[576,-12],[678,65],[553,118],[192,201],[328,194],[644,154],[564,23],[486,136],[294,177],[271,142],[260,177],[293,106],[565,-77],[486,154],[406,153],[351,124],[395,154],[486,159],[790,112],[509,201],[451,188],[305,113],[610,17],[407,0],[610,-12],[407,42],[429,71],[689,-36],[384,18],[644,82],[305,24],[429,47],[576,77],[486,53],[305,18],[440,82],[317,24],[497,88],[485,130],[339,42],[418,-6],[734,-6],[542,29],[531,0],[509,-118],[711,-212],[1164,-401],[451,-195],[418,-283],[305,-219],[317,-171],[395,6],[520,-88],[564,-112],[622,-124],[610,-113],[632,-135],[610,-106],[655,-101],[531,-53],[599,-12],[1265,0],[768,6],[102,-224],[-91,-372],[-34,-135],[-79,-331],[-90,-395],[-68,-378],[283,18],[892,23],[621,0],[723,12],[757,0],[497,-65],[282,-23],[734,-53],[791,-48],[576,-35],[-11,-419],[-34,-65],[-248,-407],[406,-212],[283,-166],[384,-265],[655,-136],[666,-41],[271,65],[452,100],[316,65],[441,124],[384,12],[440,-36],[328,6],[576,-6],[542,12],[328,-53],[474,-165],[294,-112],[576,-177],[463,-71],[429,-106],[-350,-402],[-79,-242],[362,-183],[214,-165],[158,-330],[158,-148],[215,-277],[215,-260],[226,-124],[463,-165],[293,-118],[170,-189],[361,-230],[362,-259],[316,-183],[497,-213],[316,-71],[463,-159],[554,-130],[655,-153],[305,-65],[576,-89],[463,-41],[565,-6],[531,47],[757,-100],[406,-106],[271,-136],[350,-212],[328,-189],[362,-53],[293,224],[215,207],[79,206],[1389,-12],[1017,-23],[847,-18],[587,-6],[260,-23],[475,-113],[903,-171],[328,-53],[531,266],[282,171],[169,153],[192,289],[181,172],[452,11],[802,-236],[474,-147],[464,-130],[497,-207],[474,-70],[779,-6],[1288,-18],[768,-35],[328,-6],[734,-24],[260,325],[395,584],[237,560],[102,213],[68,165],[237,567],[226,531],[22,59],[170,413],[373,902],[-12,0],[237,585],[543,1315],[621,1517],[644,1558],[553,1375],[565,1351],[294,708],[124,336],[192,856],[237,1428],[350,2006],[283,1599],[282,1682],[260,1381],[158,837],[847,-100],[926,-53],[599,47],[429,89],[565,29],[384,-65],[271,-118],[621,-153],[622,-53],[1118,35],[474,42],[1006,118],[327,59],[780,147],[429,83],[452,-112],[429,-307],[440,-95],[520,107],[531,182],[542,284],[474,76],[667,-53],[587,-23],[588,23],[440,65],[700,207],[452,47],[452,-35],[384,-30],[475,30],[406,106],[429,47],[633,0],[1231,-12],[847,47],[667,42],[339,-18],[1366,-254],[452,-82],[283,-195],[-46,-372],[136,-366],[79,-265],[-192,-165],[-316,-195],[-249,-148],[-147,-283],[-45,-189],[-226,-212],[-519,-254],[-531,-136],[-305,48],[-249,236],[-34,177],[-395,236],[-350,11],[-565,-23],[-418,-71],[-203,-136],[-170,-283],[-56,-206],[361,-260],[509,-18],[418,-88],[203,-177],[34,-260],[-57,-171],[-271,-171],[-350,-189],[-79,-189],[68,-265],[407,-354],[530,-142],[644,513],[463,254],[576,53],[464,-94],[553,-219],[305,-112],[655,-171],[407,-106],[339,-29],[485,23],[283,130],[237,425],[271,289],[361,224],[441,47],[294,-47],[474,-112],[384,-94],[926,-183],[599,-118],[260,-77],[406,-218],[102,-130],[-316,-295],[-407,0],[-531,35],[-655,30],[-294,-165],[68,-337],[-45,-206],[-102,-219],[-90,-177],[441,-295],[1287,-65],[418,-29],[362,-118],[203,-242],[282,-106],[520,65],[576,35],[328,-325],[158,-218],[203,-130],[249,-224],[0,-242],[-91,-141],[-282,-189],[-339,-177],[-271,-284],[316,-135],[316,-83],[396,-171],[147,-106],[192,-325],[530,-189],[407,-64],[429,-107],[328,-100],[350,-124],[418,-171],[373,-218],[316,-272],[136,-366],[508,-188],[384,88],[508,30],[847,-48],[452,54],[565,123],[508,107],[271,100],[283,165]],[[985394,729317],[339,-200],[-79,-354],[-79,-272],[-136,-301],[-169,-212],[-181,-201],[-192,-141],[-158,-201],[-305,-118],[-249,-177],[-113,-183],[-395,-201],[-1706,-1250],[-372,-254],[-238,-112],[-372,-118],[-373,-112],[-497,-154],[-463,-65],[-339,-17],[-553,47],[-622,94],[-542,-195],[-271,-348],[-147,-236],[-45,-194],[-113,-183],[-203,-272],[-249,-259],[-260,-189],[-1027,-496],[-249,-59],[-689,-165],[-836,-171],[-327,-89],[-1491,-1162],[-1220,-968],[-802,-543],[-791,-484],[-395,-242],[-68,-241],[248,-414],[159,-218],[101,-265],[-56,-230],[-238,-455],[-350,-200],[-610,-254],[-271,-148],[-1073,-661],[-666,-265],[-441,-201],[-169,-277],[-328,-236],[-372,6],[-588,-42],[-192,-147],[-373,-283],[-711,-413],[-768,-313],[-768,-148],[-588,-88],[-440,-183],[-215,-260],[-147,-259],[-135,-124],[-622,-348],[-350,-160],[-180,-259],[-272,-101],[-395,-47],[-316,-76],[-497,59],[-384,29],[-621,35],[-362,24],[-418,-159],[-327,-337],[-249,-312],[-45,-166],[-294,-218],[-497,-183],[-463,-159],[-316,-183],[-746,-437],[-1242,-649],[-1051,-590],[-463,-242],[-361,-153],[-396,-77],[-372,-118],[-463,-183],[-384,65],[-23,277],[-599,183],[-485,-76],[-283,-89],[-384,-183],[-587,-342],[-1480,-1056],[-1434,-980],[-610,-442],[-328,-166],[-102,-318],[136,-366],[-497,-35],[-203,241],[-113,349],[-396,188],[-429,71],[-294,30],[-632,35],[-384,-100],[-565,-213],[-757,-354],[-271,-171],[-576,-336],[-700,-325],[-418,-212],[-11,-177],[406,-260],[91,-336],[-113,-242],[-272,-342],[-926,-767],[-790,-785],[-1153,-1050],[-813,-726],[-158,-130],[-666,-537],[-757,-578],[-1107,-933],[-294,-141],[-361,-95],[-588,-41],[12,-324],[259,-207],[170,-147],[226,-295],[101,-213],[91,-354],[-12,-218],[-79,-289],[-135,-242],[-384,-484],[-384,-431],[-441,-472],[-429,-425],[-339,-301],[-147,-135],[-406,-396],[-215,-206],[-497,-502],[-327,-271],[-91,-230],[23,-148],[-215,-265],[-327,-378],[-215,-236],[-237,-213],[-350,-312],[-260,-266],[-283,-265],[-158,-195],[-192,-295],[-124,-195],[-305,-383],[-418,-526],[-407,-560],[-327,-484],[-45,-77],[-294,-513],[-294,-549],[-192,-360],[-158,-259],[-181,-260],[-214,-212],[-113,-266],[248,-289],[317,-154],[395,6],[350,160],[395,-272],[-22,-312],[-124,-254],[22,-183],[113,-277],[158,-266],[238,-271],[180,-148],[689,-65],[588,159],[508,101],[350,0],[395,-189],[46,-159],[11,-219],[-11,-171],[113,-230],[214,-177],[520,24],[519,29],[565,-88],[339,-154],[-90,-301],[-283,-183],[-372,-135],[-452,-225],[-23,-365],[102,-343],[350,-194],[474,29],[305,-6],[158,-348],[-180,-230],[-34,-183],[-57,-313],[-146,-165],[-34,-212],[180,-325],[351,-200],[293,-113],[124,-259],[-395,-112],[-294,-6],[-429,-53],[-542,-183],[-192,-183],[-169,-183],[-170,-195],[-181,-242],[-214,-194],[-396,-148],[-417,-195],[-373,-360],[-305,-253],[-260,-349],[-158,-135],[-249,-230],[34,-201],[441,-254],[45,-283],[90,-354],[45,-224],[12,-242],[-384,-171],[-463,-106],[-305,23],[-475,-153],[-316,-278],[11,-129],[362,-195],[124,-159],[-181,-248],[-180,-177],[-12,-189],[181,-195],[-237,-301],[-407,-265],[-384,-295],[-226,-130],[-327,-130],[-441,-212],[-361,-166],[-667,-59],[-440,42],[-475,147],[-293,177],[-385,354],[-237,171],[-361,195],[-396,272],[-395,135],[-565,24],[-293,94],[-79,260],[-463,141],[-407,-47],[-452,-135],[-418,-166],[-508,-218],[-1615,-808],[-769,-437],[-801,-478],[-1220,-702],[-802,-407],[-181,-154],[34,-295],[-147,-342],[113,-218],[-124,-248],[-249,-142],[-361,266],[-328,82],[-327,124],[-159,295],[-361,124],[-260,83],[-260,254],[-350,271],[-237,183],[-407,206],[-361,124],[-384,278],[-362,-42],[-542,-118],[-282,-76],[-395,-142],[-486,-206],[-723,-319],[-260,-118],[-587,-165],[-746,-419],[-610,-313],[-429,-248],[-373,-141],[-226,-118],[-361,-231],[-237,-165],[-294,-236],[-587,-383],[-294,-207],[-249,-136],[-350,-135],[-384,-225],[-260,-171],[-677,-466],[-384,-283],[-486,-313],[-949,-608],[-158,-106],[-520,-330],[-237,-154],[-1513,-926],[-1017,-620],[-181,-106],[-576,-366],[-621,-389],[-474,-289],[-23,-18],[-971,-631],[-339,-242],[-644,-402],[-904,-554],[-757,-455],[-361,-230],[-361,-224],[-1017,-661],[-881,-560],[-870,-525],[-960,-626],[-926,-555],[-791,-460],[-1062,-602],[-1050,-566],[-972,-543],[-1050,-537],[-1118,-561],[-983,-489],[-248,-136],[-893,-454],[-903,-437],[-893,-543],[-870,-596],[-847,-596],[-756,-519],[-769,-449],[-948,-525],[-915,-407],[-384,-189],[-226,-348]],[[504049,603545],[-136,306],[-169,171],[-339,225],[-237,130],[-316,112],[-757,141],[-565,148],[-599,200],[-361,225],[-203,183],[-238,253],[-79,230],[0,260],[113,437],[12,224],[-113,425],[-181,289],[68,372],[293,194],[463,154],[441,183],[339,324],[-34,278],[-158,165],[-362,200],[-271,118],[-316,254],[34,207],[102,242],[225,183],[317,230],[858,318],[452,260],[102,319],[79,590],[-79,306],[-463,183],[-430,118],[-440,148],[-508,224],[-373,224],[-147,124],[-203,348],[-147,366],[-305,449],[-249,200],[-327,254],[-237,165],[-407,171],[-1514,425],[-485,106],[-373,83],[-1005,218],[-723,142],[-667,88],[-1321,71],[-599,53],[-644,118],[-474,107],[-294,159],[-136,224],[-192,154],[-180,171],[-294,183],[-520,283],[-395,242],[-248,136],[-305,147],[-362,112],[-316,130],[-282,118],[-238,159],[-158,207],[-101,177],[-125,230],[-203,265],[-282,189],[-475,213],[-949,371],[-406,136],[-1288,455],[-305,118],[-531,70],[-418,-35],[-1468,-171],[-701,-130],[-666,-65],[-779,-53],[-610,0],[-723,-6],[-791,0],[-813,0],[-644,47],[-429,77],[-475,236],[-598,749],[-396,496],[-610,272],[-1050,159],[-181,18],[-531,47],[-542,53],[-711,53],[-848,18],[-1084,23],[-1073,0],[-1378,0],[-237,0],[-610,0],[-915,-17],[-734,-30],[-712,0],[-474,47],[-362,59],[-395,95],[-429,106],[-396,118],[-621,183],[-429,100],[-463,65],[-870,100],[-768,53],[-825,77],[-598,-12],[-385,-6],[-463,6],[-395,24],[-497,106],[-440,101],[-497,59],[-735,47],[-689,41],[-1073,12],[-1220,29],[-655,30],[-587,53],[-576,130],[-825,177],[-452,65],[-564,59],[-509,0],[-632,0],[-836,-18],[-1107,-6],[-395,0],[-610,154],[-271,171],[-328,259],[-520,561],[-248,448],[-102,419],[11,213],[34,377],[147,272],[237,189],[362,206],[553,301],[238,201],[203,242],[158,318],[79,348],[68,520],[11,454],[45,726],[12,495],[45,319],[226,348],[361,195],[542,177],[396,142],[293,153],[192,183],[260,218],[226,236],[226,189],[249,195],[259,224],[147,242],[34,195],[0,330],[-79,661],[-23,454],[-34,313],[-11,313],[-79,295],[-158,283],[-90,348],[-79,384],[-113,383],[-79,390],[-147,377],[-125,201],[-192,183],[-169,165],[-373,177],[-316,154],[-328,82],[-440,112],[-610,89],[-915,130],[-723,112],[-508,82],[-452,107],[-542,200],[-237,213],[-147,259],[-181,366],[-102,419],[-34,507],[23,531],[57,732],[158,679],[67,330],[46,301],[-136,342],[-305,272],[-497,301],[-802,543],[-463,265],[-553,230],[-317,201],[-169,189],[-23,283],[113,342],[215,549],[181,354],[11,348],[-23,478],[0,236],[68,230],[181,219],[147,188],[158,254],[158,360],[181,336],[158,349],[101,407],[34,324],[-11,685],[23,661],[0,507],[90,395],[181,272],[203,206],[418,307],[779,419],[746,437],[542,324],[779,496],[339,248],[475,377],[226,225],[158,141],[293,224],[497,313],[362,183],[373,201],[135,218],[113,213],[192,218],[226,153],[305,130],[723,171],[294,142],[553,112],[542,71],[2519,543],[1107,318],[79,42],[576,300],[734,425],[644,437],[350,230],[192,224],[102,225],[102,306],[11,313],[136,254],[406,212],[418,36],[418,11],[587,36],[509,77],[169,129],[136,349],[11,483],[-56,325],[-57,431],[68,348],[102,584],[11,448],[0,791],[-11,460],[45,230],[147,195],[248,148],[565,230],[689,242],[983,360],[451,153],[509,154],[406,100],[588,59],[485,29],[576,219],[452,277],[294,177],[192,331],[-34,348],[-34,537],[45,1085],[0,632],[23,407],[-102,277],[-124,254],[-136,224],[-248,260],[-294,407],[-248,265],[-204,242],[-180,343],[-113,212],[-57,207],[46,224],[135,200],[452,319],[531,348],[135,307],[-124,295],[-282,177],[-396,248],[-271,195],[-68,177],[57,206],[147,331],[361,472],[350,371],[102,207],[-56,242],[-159,454],[-67,460],[56,284],[260,330],[339,195],[373,88],[553,124],[181,124],[180,224],[147,213],[441,277],[373,142],[451,212],[599,342],[700,467],[701,454],[158,183],[135,189],[-90,342],[-260,242],[-113,183],[-45,242],[-22,301],[33,253],[68,396],[57,371],[45,437],[56,454],[68,366],[79,325],[170,342],[259,254],[949,737],[316,649],[12,30],[214,496],[238,247],[56,160],[192,224],[362,189],[406,130],[396,35],[655,77],[666,100],[610,260],[1051,519],[372,295],[350,342],[384,230],[385,112],[429,101],[802,147],[553,195],[554,230],[282,189],[170,324],[-170,254],[-124,183],[22,224],[181,260],[350,189],[204,307],[158,277],[158,224],[294,413],[248,407],[79,260],[79,277],[-11,915],[-305,313],[-147,23]],[[477945,702351],[1186,307],[34,578],[-56,248],[-238,348],[-293,171],[-396,166],[-519,177],[-362,141],[-214,95],[-339,230],[-158,236],[-46,295],[57,230],[215,295],[892,791],[519,425],[531,537],[768,1292],[712,950],[90,224],[-79,360],[-316,207],[-248,123],[-1085,508],[-1638,649],[-338,148],[-272,112],[-214,165],[-215,212],[-101,160],[-80,242],[-11,289],[79,265],[91,160],[135,265],[-113,283],[-226,189],[-418,301],[-305,165],[-542,219],[-632,230],[-565,206],[-418,207],[-271,141],[-418,295],[-181,284],[-90,306],[102,319],[271,301],[723,454],[384,166],[576,153],[372,18],[430,-6],[530,-36],[769,-64],[1005,-71],[983,-59],[881,-36],[723,6],[542,36],[418,64],[689,160],[508,153],[486,101],[576,112],[711,112],[893,124],[994,118],[700,94],[734,100],[554,101],[858,135],[11,0],[1254,231],[271,70],[441,142],[294,171],[203,183],[135,254],[204,808],[700,1292],[136,337],[33,230],[-90,307],[-45,141],[-11,366],[101,230],[260,272],[791,448],[34,24],[881,519],[214,301],[-45,313],[57,295],[282,543],[678,1363],[113,731],[-34,289],[-45,248],[-23,236],[-508,1151],[-34,242],[124,313],[723,678],[136,213],[56,230],[-11,171],[-45,218],[-68,201],[-34,177],[22,206],[57,278],[45,230],[0,348],[-34,242],[-158,389],[-226,543],[-169,348],[-12,183],[102,289],[192,337],[-11,289],[-102,289],[181,201],[147,141],[0,319],[-147,200],[-158,325],[192,307],[90,183],[45,254],[-124,342],[-79,206],[-113,230],[-135,231],[-102,206],[-102,301],[-22,207],[67,271],[181,319],[203,165],[328,236],[350,195],[192,118],[396,348],[463,513],[180,177],[226,230],[215,130],[542,254],[158,124],[384,265],[147,248],[23,277],[-79,284],[-125,242],[-621,773],[-440,660],[-181,555],[-23,354],[125,631],[-23,295],[-45,266],[-147,242],[-136,165],[-271,201],[-1660,608],[-689,253],[-271,136],[-170,242],[57,195],[260,218],[542,295],[327,118],[1356,502],[22,11],[802,278],[475,253],[757,579],[418,200],[259,89],[1051,236],[2078,560],[260,172],[11,206],[12,968],[169,301],[474,171],[463,183],[102,59],[294,301],[294,495],[338,248],[249,148],[576,206],[440,83],[656,-6],[768,-83],[135,-6],[814,-29],[271,0],[621,88],[666,172],[147,35],[757,212],[328,71],[372,41],[362,6],[372,-11],[351,-59],[508,-113],[429,-165],[542,-212],[633,-71],[1242,124],[1570,171],[1446,59],[757,136],[836,295],[915,389],[768,289],[339,95],[519,41],[384,-18],[1435,-253],[474,-30],[531,-6],[452,53],[757,142],[497,153],[632,278],[260,159],[520,407],[418,260],[542,77],[361,-12],[384,-101],[294,-165],[859,-549],[248,-135],[429,-165],[430,-95],[700,-136],[305,-82],[565,-207],[474,-248],[384,-112],[520,-65],[327,0],[531,48],[328,112],[723,419],[553,283],[486,212],[553,236],[283,107],[632,194],[723,171],[960,225],[373,41],[655,-59],[384,-100],[621,-83],[622,47],[508,112],[666,284],[463,123],[351,-5],[542,-130],[361,-106],[362,-54],[429,12],[418,65],[768,177],[565,136],[677,88],[678,-106],[339,-330],[102,-584],[68,-449],[56,-372],[90,-330],[91,-183],[305,-189],[372,-94],[1333,-130],[1751,-260],[373,-82],[621,-160],[587,-171],[588,-248],[316,-165],[599,-395],[293,-130],[407,-106],[655,-71],[1107,-12],[3795,36],[667,59],[508,141],[316,166],[215,182],[249,349],[67,123],[870,1381],[441,195],[790,53],[1073,18],[396,59],[406,112],[351,83],[417,11],[520,-82],[429,-42],[475,12],[519,142],[429,236],[531,383],[452,201],[701,201],[621,129],[689,260],[305,165],[293,136],[396,118],[474,77],[655,-59],[384,-154],[339,-88],[633,-42],[327,-11],[1559,-124],[1310,-165],[1311,-213],[1231,-242],[395,-76],[588,17],[451,89],[701,177],[474,141],[226,124],[305,236],[463,201],[441,59],[531,-24],[384,-47],[903,-147],[407,-54],[407,-5],[474,64],[678,136],[711,95],[712,100],[384,12],[542,-36],[407,-100],[282,-112],[158,-207],[12,-897],[33,-324],[159,-277],[1400,-1605],[0,-248],[-271,-148],[-237,-177],[-147,-348],[113,-283],[418,-690],[45,-809],[79,-224],[271,-472],[373,-844],[34,-206],[-45,-307],[-158,-160],[-351,-141],[-429,-224],[-79,-254],[-147,-213],[-406,-200],[-271,-71],[-384,-148],[-159,-289],[-22,-312],[-45,-207],[-23,-289],[11,-189],[192,-271],[204,-118],[361,-154],[418,-200],[384,-195],[283,-148],[293,-188],[328,-254],[237,-213],[192,-200],[181,-213],[169,-253],[136,-231],[305,-548],[135,-278],[158,-206],[192,-342],[57,-242],[158,-236],[384,-171],[316,-207],[136,-342],[0,-401],[-68,-408],[-11,-218],[79,-313],[294,-643],[112,-230],[102,-307],[0,-165],[-90,-271],[-170,-354],[34,-237],[260,-306],[169,-213],[136,-330],[113,-219],[192,-295],[-23,-182],[-418,-248],[-214,-207],[34,-206],[169,-266],[-56,-206],[-79,-172],[-170,-295],[-90,-289],[-57,-312],[-158,-343],[-192,-183],[-192,-183],[-22,-212],[-57,-307],[-181,-147],[-192,-248],[79,-183],[46,-248],[-113,-218],[-204,-260],[-147,-277],[80,-260],[-46,-366],[-169,-324],[-147,-331],[-68,-365],[79,-325],[204,-201],[237,-242],[226,-230],[339,-194],[621,-136],[452,-24],[440,12],[283,24],[666,88],[542,47],[396,0],[474,-29],[520,-95],[474,-165],[328,-212],[169,-348],[-34,-230],[-102,-343],[-79,-342],[91,-330],[316,-189],[565,-65],[429,35],[881,160],[497,70],[407,18],[440,-12],[452,-59],[655,-129],[633,-183],[508,-183],[497,-160],[384,-82],[486,-77],[452,-83],[305,-94],[406,-254],[294,-277],[248,-307],[159,-271],[79,-284],[22,-306],[23,-461],[56,-265],[102,-207],[407,-224],[327,-82],[362,-42],[463,-17],[1062,-30],[508,-18],[519,-29],[339,-53],[542,-148],[339,-53],[396,-29],[632,-18],[655,-36],[531,-94],[215,-271],[-45,-284],[-23,-365],[362,-207],[429,-65],[463,-47],[418,-47],[406,-124],[238,-165],[338,-231],[407,-171],[395,-23],[317,59],[418,230],[124,94],[169,266],[226,212],[294,154],[463,171],[486,259],[689,219],[248,135],[305,172],[475,135],[666,-12],[373,-64],[429,-83],[339,-53],[565,-12],[463,159],[395,65],[328,0],[440,142],[283,118],[350,88],[406,-88],[204,-207],[226,-354],[11,-242],[-11,-147],[259,-260],[418,-41],[204,-336],[158,-213],[497,-171],[418,-118],[361,-88],[362,-95],[485,-82],[260,70],[384,266],[497,35],[554,-65],[339,12],[395,18],[892,-47],[362,-12],[553,-41],[486,-101],[610,-100],[666,-83],[463,-59],[599,89],[667,136],[338,-95],[373,142],[486,118],[271,124],[181,265],[372,254],[430,254],[124,283],[11,165],[45,218],[136,248],[305,248],[327,171],[418,165],[396,148],[350,118],[508,147],[396,113],[429,94],[339,24],[508,17],[327,18],[452,47],[260,53],[542,136],[418,100],[757,160],[429,94],[644,159],[294,154],[180,283],[-67,230],[-147,242],[-124,213],[11,159],[147,283],[271,207],[327,53],[497,47],[226,106],[181,230],[531,71],[700,-59],[576,-24],[667,113],[-57,354],[147,360],[384,106],[407,112],[203,136],[350,165],[339,106],[407,242],[384,-136],[169,-118],[565,-165],[395,-47],[362,-130],[406,-171],[396,-165],[406,-107],[305,-129],[497,-266],[396,-183],[350,-195],[282,-218],[283,-254],[237,-118],[237,-324],[497,-112],[407,-18],[418,-266],[429,-64],[700,70],[328,77],[316,118],[282,124],[328,153],[339,124],[316,177],[192,207],[204,171],[508,89],[486,-48],[564,65],[362,189],[621,230],[260,100],[508,118],[463,30],[1152,71],[565,82],[441,42],[406,41],[520,59],[576,12],[926,-89],[486,18],[429,30],[328,17],[632,-6],[531,0],[395,6],[351,-23],[485,-83],[305,-100],[396,-166],[361,-94],[542,-112],[328,-30],[486,42],[440,35],[305,-35],[576,-201],[904,-342],[485,-171],[825,-278],[339,-70],[576,-53],[407,-24],[497,-41],[316,-48],[576,-141],[452,-41],[542,-89],[542,-148],[418,-47],[328,18],[451,94],[384,130],[633,165],[531,124],[384,-106],[440,41],[418,219],[328,135],[474,36],[633,-159],[429,35],[452,118],[553,-47],[407,-6],[565,171],[339,94],[418,118],[146,124],[283,207],[373,313],[316,271],[192,142],[203,183],[192,247],[57,213],[248,242],[-169,177],[373,236],[316,200],[305,83],[678,12],[429,23],[237,154],[56,230],[-225,236],[-113,106],[-215,301],[282,213],[509,194],[395,260],[1005,844],[260,248],[271,247],[170,154],[384,236],[372,200],[531,248],[576,148],[373,41],[678,77],[474,124],[475,165],[1005,407],[858,360],[260,94],[678,24],[328,148],[463,0],[463,-77],[610,-118],[440,71],[429,82],[452,278],[204,295],[632,29],[395,-53],[520,-71],[226,154],[463,194],[271,230],[373,272],[316,-6],[588,-47],[451,17],[565,-112],[384,160],[508,171],[328,-124],[610,165],[384,89],[633,-136],[474,-36],[350,6],[508,160],[328,230],[689,-30],[395,-218],[339,-148],[588,-35],[451,-24],[667,77],[158,-259],[237,-177],[497,-71],[441,-124],[452,-112],[418,189],[67,265],[452,89],[282,147],[193,230],[-80,278],[486,141],[588,-94],[474,218],[384,-118],[678,30],[350,-195],[553,-348],[283,-166],[395,-171],[362,24],[384,83],[553,106],[418,-71],[474,177],[384,189],[294,130],[328,112],[418,-165],[45,-295],[282,-231],[362,-129],[621,-189],[294,-77],[0,-325],[417,-123],[441,53],[508,-95],[373,-82],[203,-183],[23,-331],[-181,-265],[-22,-189],[101,-248],[102,-336],[316,-189],[520,-177],[282,-224],[373,-248],[169,-213],[531,-171],[463,-100],[509,-59],[474,-195],[147,-189],[34,-182],[271,-207],[-136,-195],[204,-271],[293,-47],[418,-112],[260,-148],[305,-147],[271,-284],[441,48],[542,-178],[248,-253],[91,-236],[45,-213],[429,-76],[463,-30],[554,-124],[350,-65],[463,-194],[474,-83],[317,-100],[429,-65],[474,-230],[486,-101],[215,-76],[79,-284],[316,-247],[395,-148],[622,-171],[-238,743],[-56,166],[56,259],[192,148],[328,242],[316,247],[418,242],[339,177],[429,172],[328,88],[463,106],[384,83],[497,224],[712,-47],[406,-100],[396,-118],[338,-89],[610,35],[215,384],[181,366],[113,242],[779,65],[407,-89],[723,-200],[610,-172],[474,-135],[587,-195],[339,-112],[373,-207],[158,-124],[294,-224],[666,-41],[520,47],[576,18],[339,65],[373,82],[350,-35],[677,-89],[452,-5],[294,-6],[565,-77],[361,-18],[554,0],[440,12],[588,59],[293,47],[463,-6],[317,-35],[519,-106],[407,-89],[316,-47],[452,-41],[305,0],[463,6],[350,-77],[892,-277],[543,-172],[406,-200],[430,-224],[813,-266],[734,-236],[1073,-324],[520,-178],[531,-224],[316,-271],[745,-478],[328,-171],[226,-154],[542,-171],[1852,-448],[-3287,-4013],[441,-71],[836,-106],[1254,-171],[1253,-189],[1446,-271],[678,-136],[858,-153],[1119,-154],[1502,-194],[1785,-242],[474,-42],[1288,-82],[1739,-124],[836,-89],[1774,-200],[1084,-124],[983,-71],[1412,-124],[553,-77],[441,-29],[643,903],[486,-101],[667,-141],[237,-142],[598,-124],[351,-94],[79,-277],[587,0],[576,41],[328,18],[576,5],[745,30],[542,12],[283,-6],[485,-36],[870,-35],[644,-59],[723,-47],[395,-36],[362,42],[327,242],[362,206],[745,372],[1119,519],[542,248],[350,224],[599,466],[305,313],[508,525],[147,6],[1107,-212],[2112,-384],[779,-159],[836,-148],[870,-165],[915,-242],[779,-200],[215,-36],[1525,-431],[259,0],[836,1422],[588,1051],[124,35],[2327,-395],[2135,-354],[2835,-443],[632,-94],[384,12],[452,183],[497,70],[1683,-165],[2429,-271],[282,608],[113,23],[2350,-324],[2993,-431],[248,-24],[2248,-330],[2700,-372],[384,0],[632,112],[396,59],[598,100],[486,101],[689,212],[249,124],[372,154],[328,-24],[565,-83],[361,-177],[203,-141],[260,-254],[407,-148],[271,-23],[531,12],[407,-6],[384,-30],[384,-53],[734,-147],[666,-77],[384,0],[475,-41],[497,-112],[587,-65],[474,17],[362,0],[599,-82],[429,-53],[644,159],[485,236],[294,130],[328,206],[259,142],[384,265],[882,1057],[135,177],[429,183],[271,23],[531,47],[531,42],[396,41],[372,59],[362,77],[689,130],[327,59],[430,177],[225,295],[204,342],[79,566],[305,325],[406,130],[701,129],[395,18],[757,41],[1141,-17],[1570,-118],[395,-18],[633,-6],[180,18],[723,82],[384,12],[328,-59],[373,-141],[305,-95],[677,-76],[531,-18],[542,29],[577,-23],[519,-95],[350,-65],[373,-35],[361,35],[464,213],[372,106],[543,12],[497,29],[689,77],[429,24],[644,35],[858,47],[1197,65],[1051,30],[712,-12],[903,-47],[1491,-77],[1175,-53],[294,-248],[316,-230],[361,-195],[283,-112],[327,-248],[-34,-224],[-113,-148],[-214,-271],[-102,-201],[-79,-277],[0,-260],[45,-200],[136,-248],[226,-254],[350,-295],[486,-224],[259,-94],[418,-124],[373,-107],[249,-141],[124,-242],[34,-159],[192,-219],[497,-253],[259,-136],[170,-195],[79,-242],[-90,-313],[-136,-247],[113,-260],[395,-136],[181,-212],[429,-277],[576,-24],[610,-47],[452,-95],[407,-94],[757,383],[203,136],[260,183],[372,254],[531,118],[463,-18],[531,-59],[689,30],[543,194],[361,59],[407,-17],[429,-95],[768,-259],[361,-101],[441,-106],[395,-71],[655,-94],[1706,-230],[644,-95],[824,-94],[1876,-195],[2756,-277],[-859,-1605],[-79,-189],[463,-289],[667,-41],[2168,-107],[2158,-112],[1141,-53],[1807,-94],[1672,-83],[350,272],[350,312],[102,248],[0,590],[146,53],[848,-53],[598,-41],[599,-47],[181,153],[45,531],[22,201],[23,383],[497,36],[192,224],[-90,348],[-102,460],[113,272],[870,-136],[689,106],[-147,354],[-23,213],[238,195],[225,206],[215,195],[-723,554],[339,136],[508,177],[1051,366],[384,124],[361,112],[418,136],[463,130],[317,64],[463,59],[260,-283],[135,-218],[181,-195],[-192,-242],[158,-324],[655,-224],[1107,-301],[712,-6],[677,318],[294,77],[429,-12],[621,71],[554,12],[395,147],[520,219],[-68,253],[215,142],[124,230],[531,77],[576,206],[-68,242],[91,313],[440,177],[158,212],[339,77],[531,24],[847,-272],[373,-129],[1355,-473],[723,-188],[384,35],[497,289],[622,148],[813,-331],[452,-130],[350,-35],[553,6],[328,35],[1897,225],[520,153],[316,336],[509,225],[1412,70],[1547,18],[599,-18],[316,0],[429,83],[384,260],[475,690],[485,195],[418,-6],[678,-83],[1265,-236],[554,-71],[248,-17],[508,-6],[430,71],[248,118],[305,188],[339,248],[339,219],[542,383],[610,437],[384,253],[429,278],[215,165],[339,295],[169,189],[136,195],[101,183],[113,247],[102,177]],[[517739,263589],[-282,-124],[-407,0],[-136,272],[238,165],[158,277],[-91,266],[46,277],[384,295],[282,118],[463,147],[192,-271],[23,-230],[-102,-142],[-226,-218],[45,-195],[-146,-200],[-215,-272],[-226,-165]],[[641605,413572],[-214,-307],[-215,-306],[-203,-166],[-509,-436],[-926,-785],[-734,-661],[-486,-419],[-260,-401],[-124,-177],[-68,-272],[-316,-129],[-373,-248],[-180,-195],[-192,-236],[-238,-83],[-305,-1115],[-497,-65],[-338,-29],[-497,6],[-610,-496],[-678,-531],[-734,-743],[-735,-679],[-598,-519],[-283,-313],[-293,-348],[-407,-331],[-486,-324],[-508,-366],[-678,-389],[-192,-113],[-892,-542],[-892,-614],[-972,-738],[-881,-607],[-22,-12],[-3186,-2508],[-248,-201],[-622,-566],[-8641,-7370],[-406,-372],[0,-6],[-915,-838],[-870,-749],[-802,-749],[-836,-708],[0,-6],[-677,-590],[-486,-331],[-373,-100],[-192,-277],[215,-136],[-294,-272],[-847,-767],[-644,-631],[-102,-71],[-463,-324],[-11,0],[-587,-502],[-791,-720],[-667,-590],[-779,-690],[-813,-738],[-565,-490],[-260,-271],[-497,-460],[-553,-537],[-509,-437],[-677,-637],[-667,-602],[-666,-626],[-791,-714],[-644,-601],[-655,-632],[-689,-655],[-632,-625],[-667,-620],[-644,-637],[-542,-549],[-113,-112],[-621,-584],[-192,-213],[-452,-472],[-655,-660],[-102,-101],[-327,-336],[-362,-342],[-158,-171],[-395,-378],[-373,-366],[-350,-313],[-260,-206],[-237,-230],[-170,-160],[-350,-318],[-361,-343],[-667,-613],[-700,-708],[-587,-573],[-305,-307],[-520,-536],[-587,-532],[-802,-808],[-813,-797],[-644,-613],[-2033,-1924],[-204,-195],[-565,-548],[-576,-649],[-45,-48],[-339,-324],[-440,-419],[-588,-513],[-542,-496],[-677,-708],[-475,-519],[-474,-467],[-486,-507],[-723,-690],[-734,-791],[-734,-720],[-701,-743],[-689,-756],[-700,-826],[-621,-614],[-91,-82],[-338,-348],[-1141,-1499],[-2169,-2366],[11,0],[-1954,-2343],[-1785,-2030],[-1491,-1557],[-90,-89],[-508,-531],[-746,-655],[-644,-661],[-576,-596],[-598,-625],[-350,-366],[-113,-112],[-1130,-1422],[11,0],[-259,-366],[-949,-1381],[-667,-1015],[-474,-667],[-102,-147],[-666,-1027],[-508,-855],[-396,-620],[-147,-248],[-451,-743],[-588,-1092],[-406,-743],[-520,-1051],[-542,-1139],[-441,-1062],[-452,-1091],[-259,-1062],[-34,-284],[-68,-212],[-113,-207],[-339,-749],[-22,-47],[-441,-761],[-124,-266],[-215,-537],[-260,-614],[-327,-684],[-316,-525],[-136,-207],[-305,-554],[-102,-313],[-56,-153],[0,-284],[-45,-153],[0,-390],[-57,-129],[-497,-891],[-384,-567],[-339,-649],[-22,-130],[-79,-312],[-12,-278],[113,-431],[125,-318],[-91,-224],[-11,-219],[34,-283],[181,-313],[-57,-295],[-90,-318],[113,-360],[-260,-195],[-283,-330],[-203,-296],[-90,-188],[-249,-236],[-282,-65],[-565,29],[-407,59],[-395,118],[-519,6],[-373,53],[-350,-12],[-689,-182],[-271,-77],[-577,-242],[-677,-331],[-339,-177],[-362,-188],[-610,-384],[-79,-53],[-440,-289],[-542,-384],[-588,-466],[-452,-372],[-508,-454],[-429,-372],[-418,-377],[-395,-413],[-475,-490],[-542,-596],[-316,-378],[-271,-342],[-34,-35],[-396,-472],[-293,-384],[-441,-572],[-293,-337],[-34,-47],[-667,-856],[-1265,-1628],[-463,-679],[-34,-35],[-293,-395],[-328,-508],[-339,-513],[-56,-95],[-260,-436],[-373,-531],[-305,-526],[-215,-466],[-203,-318],[-260,-413],[-192,-455],[-214,-513],[-294,-555],[-192,-619],[-203,-573],[-226,-613],[-237,-449],[-147,-200],[-68,-343],[-169,-259],[-181,-289],[-113,-231],[-249,-507],[-214,-330],[-317,-455],[-293,-513],[-316,-590],[-283,-584],[-260,-590],[-169,-443],[-249,-561],[-203,-460],[-181,-377],[-45,-95],[-214,-466],[-215,-578],[0,-6],[-136,-407],[-33,-189],[0,-466],[67,-166],[260,-295],[124,-312],[-259,-272],[-215,-265],[-113,-189],[-192,-183],[-305,-248],[-508,-82],[-373,-42],[-633,-159],[-237,-207],[-248,-212],[-475,148],[-11,271],[-486,106],[-350,-18],[-474,-88],[-373,-77],[-395,-159],[-362,-165],[-440,-319],[-317,-277],[-350,-407],[-237,-343],[-124,-194],[-215,-408],[-147,-395],[-68,-242],[-67,-478],[-12,-507],[-11,-42],[57,-359],[101,-496],[113,-378],[124,-348],[147,-413],[260,-578],[57,-372]],[[510612,265725],[-497,53],[-644,59],[-667,53],[-440,42],[-576,41],[-542,-12],[-351,-24],[-316,-171],[-113,-330],[-56,-254],[-113,-147],[-418,-195],[-475,-35],[-519,64],[-565,130],[-508,183],[-396,100],[-531,183],[-33,272],[-12,177],[-79,236],[-553,142],[-373,41],[-542,47],[-554,171],[-214,148],[-204,194],[-542,-29],[-350,-18],[-395,0],[-599,6],[-429,30],[-373,159],[-519,183],[-565,77],[-565,194],[-520,207],[-429,265],[-316,189],[-407,242],[-373,41],[-338,219],[-147,118],[-463,82],[-384,71],[-588,41],[-418,71],[-418,242],[-361,130],[-655,124],[-396,224],[-372,266],[-113,224],[-305,224],[-317,94],[-508,201],[-463,6],[-373,-35],[-429,-30],[-904,36],[-519,0],[-644,29],[-305,24],[-440,35],[-328,159],[-633,53],[-372,-118],[-576,-135],[-418,-53],[-588,-71],[-350,-101],[-610,-259],[-553,-201],[-418,-124],[-531,-112],[-655,-17],[-317,5],[-553,30],[-452,53],[-666,136],[-362,76],[-350,95],[-327,141],[-272,101],[-440,47],[-407,6],[-531,0],[-576,-36],[-440,-88],[-531,-153],[-361,-101],[-305,-59],[-486,-12],[-588,77],[-350,83],[-519,94],[-520,83],[-305,41],[-474,71],[-576,147],[-407,107],[-373,112],[-339,88],[-632,136],[-1039,165],[-1085,136],[-1400,100],[-46,0],[-734,-6],[-666,-29],[-531,-12],[-689,-18],[-633,6],[-553,24],[-486,23],[-836,24],[-497,-12],[-519,6],[-667,0],[-282,18],[-452,12],[-418,6],[-452,11],[-293,18],[-655,35],[-644,48],[-1231,88],[-1220,124],[-1977,289],[-418,71],[-486,106],[-508,77],[-418,65],[-497,65],[-441,82],[-677,107],[-621,106],[-848,118],[-564,76],[-678,101],[-441,65],[-587,88],[-644,130],[-418,118],[-508,136],[-362,47],[-372,35],[-1062,142],[-655,77],[-1028,130],[-746,153],[-33,12],[-961,200],[-271,42],[-452,53],[-316,35],[-361,207],[-34,289],[508,236],[294,141],[68,355],[-373,908],[-260,236],[-282,177],[-328,720],[-474,885],[-509,142],[-474,-77],[-542,-65],[-712,36],[-531,106],[-282,94],[-474,-47],[-497,35],[-328,65],[-395,101],[-418,94],[-565,213],[-384,147],[-452,148],[-610,82],[-565,207],[-350,65],[-373,53],[-497,53],[-519,77],[-610,41],[-339,6],[-508,0],[-554,-95],[-1276,-348],[-11,-6],[-1062,-330],[-396,-118],[-327,-100],[-429,-154],[-441,-124],[-316,-47],[-429,-30],[-667,-106],[-531,-23],[-926,-18],[-712,6],[-124,0],[-1084,18],[-1288,-65],[-1005,-83],[-667,-106],[-542,-95],[-565,-53],[-734,-53],[-135,-6],[-836,-94],[-79,-12],[-655,-159],[-475,-83],[-519,-41],[-396,-12],[-1389,100],[-678,53],[-519,-177],[-373,-129],[-339,-83],[-429,-59],[-780,-83],[-666,-65],[-474,-5],[-441,41],[-644,77],[-610,76],[-621,77],[-1028,130],[-553,77],[-509,-48],[-497,-88],[-293,-12],[-678,-6],[-520,-12],[-610,-29],[-237,-224],[-169,-295],[-949,123],[-452,-129],[-294,-124],[-666,35],[-373,47],[-711,101],[-1932,425],[-937,212],[-396,83],[-508,76],[-565,42],[-440,-42],[-384,24],[-509,-83],[-384,42],[-813,259],[-508,160],[-791,159],[-474,100],[-1785,449],[-373,112],[-406,200],[-215,354],[-328,189],[-429,213],[-1096,537],[-655,306],[-226,113],[91,259],[-91,142],[-1174,407],[-712,265],[-203,136],[-362,213],[-260,147],[-361,165],[-1039,496],[-181,88],[-429,296],[-170,141],[-1841,-578],[-395,-124],[-384,-118],[-486,-47],[-429,35],[-418,77],[-418,136],[-384,165],[-328,242],[396,283],[-11,218],[-531,171],[-655,219],[-882,283],[-869,277],[-350,130],[-249,207],[-361,135],[-339,48],[-1435,147],[-666,59],[-2259,136],[-407,29],[-621,24],[-283,0],[-463,-24],[-1457,-118],[-1423,-47],[-2203,-24],[-1220,-53],[-440,-17],[-531,-24],[-339,171],[-237,319],[-136,224],[-135,330],[-102,266],[-101,378],[-80,224],[-33,165],[-576,218],[-430,-29],[-542,-112],[-610,-101],[-429,-41],[-350,-6],[-701,30],[-700,59],[-350,82],[-350,77],[-384,83],[-339,53],[-452,29],[-294,30],[-497,82],[-338,95],[-373,242],[-418,141],[-621,136],[-317,124],[-361,248],[-384,265],[-508,136],[-633,159],[-553,195],[-294,130],[-441,136],[-497,59],[-271,-36],[-576,-218],[-519,-189],[-475,-130],[-406,-59],[-430,-29],[-395,-18],[-441,53],[-508,171],[-463,207],[-836,496],[-384,295],[-158,118],[-260,271],[-124,106],[-373,272],[-282,212],[-384,230],[-576,236],[-554,160],[-937,194],[-396,118],[-372,106],[-599,266],[-452,260],[-576,413],[-486,484],[-610,873],[-203,307],[-282,478],[-305,478],[-452,560],[-384,336],[-418,349],[-542,354],[-701,389],[-711,319],[-328,200],[-293,272],[-159,200],[57,284],[169,236],[430,478],[384,495],[372,396],[271,430],[113,177],[102,248],[11,201],[79,383],[-22,284],[-79,365],[-68,260],[-113,213],[-181,306],[-226,266],[-192,189],[-293,236],[-509,318],[-327,201],[-429,218],[-520,219],[-486,247],[-610,237],[-406,159],[-486,189],[-441,159],[-395,130],[-418,106],[-452,94],[-395,130],[-870,118],[-418,36]],[[307451,307632],[170,820],[0,1245],[0,319],[101,389],[475,124],[497,124],[711,118],[283,53],[610,136],[587,82],[1039,106],[644,36],[294,18],[1141,0],[926,-6],[520,-12],[451,-18],[350,-65],[441,-206],[102,-177],[158,-207],[147,-206],[180,-201],[283,-301],[271,-136],[294,-100],[395,-165],[361,-106],[689,0],[249,147],[135,272],[0,365],[57,290],[305,141],[260,177],[598,171],[452,12],[441,12],[429,65],[361,59],[362,-6],[440,-65],[452,-136],[610,-112],[1649,-295],[294,-29],[610,-6],[599,35],[519,-12],[362,-47],[350,-77],[474,-165],[441,-106],[429,-136],[474,-94],[565,-77],[520,-29],[553,6],[497,35],[283,-6],[1016,153],[768,183],[192,455],[-384,490],[-768,678],[-870,820],[-406,626],[-34,773],[113,608],[282,407],[316,194],[294,207],[350,195],[215,135],[203,183],[102,224],[169,219],[192,130],[418,212],[317,24],[406,-24],[384,-29],[655,47],[396,224],[180,271],[181,272],[305,177],[486,141],[632,154],[667,41],[440,-141],[226,-148],[520,-212],[598,-112],[633,35],[463,88],[395,148],[441,165],[463,89],[407,41],[384,-6],[429,-29],[328,-65],[395,-154],[384,-159],[542,-254],[667,-354],[485,-242],[430,-236],[497,-224],[146,-65],[497,-106],[430,-24],[621,71],[1129,260],[893,141],[406,354],[-338,567],[-543,619],[-316,685],[57,743],[361,555],[678,732],[327,578],[-169,631],[-904,408],[-1129,377],[-1232,685],[-847,660],[-1299,596],[-1310,567],[-1310,507],[-859,295],[-903,36],[-238,271],[-22,520],[373,513],[158,265],[226,284],[282,200],[542,24],[1672,88],[802,42],[926,271],[1085,319],[429,65],[-45,389],[-34,342],[11,307],[294,213],[305,76],[1378,124],[960,213],[994,507],[486,690],[542,638],[429,554],[90,113],[633,348],[294,165],[451,354],[-180,684],[135,201],[237,242],[226,159],[463,136],[418,35],[689,-17],[689,23],[452,59],[542,189],[79,230],[-259,325],[45,254],[271,236],[339,253],[-204,248],[34,218],[339,172],[350,224],[181,171],[350,189],[497,259],[452,160],[655,206],[610,118],[599,118],[305,124],[395,195],[542,324],[543,225],[485,171],[294,106],[508,153],[599,266],[757,501],[440,325],[-214,679],[-91,483],[12,661],[0,1057],[-328,666],[-870,567],[-1615,749],[-1378,679],[-621,495],[-238,343],[689,719],[961,762],[-791,436],[-1051,171],[-271,579],[-101,413],[-497,212],[-655,-18],[-1017,-194],[-938,-254],[-768,12],[-756,383],[-746,171],[-1118,-53],[-441,183],[-22,466],[248,832],[384,821],[328,926],[-23,679],[-113,625],[260,502],[23,47],[847,295],[565,177],[316,289],[0,407],[-215,525],[91,278],[79,200],[192,225],[768,129],[779,107],[588,171],[576,578],[282,1233],[-23,885],[-711,514],[-994,283],[-294,324],[79,508],[305,861],[-384,425],[-824,337],[-565,253],[-328,325],[79,495],[-79,478],[-1039,496],[-1017,372],[-1163,531],[-904,295],[-576,201],[-463,401],[-271,696],[-463,260],[-689,301],[-429,543],[-328,171],[-203,354],[214,312],[712,408],[520,218],[723,295],[508,224],[553,248],[723,531],[768,496],[735,425],[542,188],[147,697],[33,519],[-406,549],[-802,513],[-1039,384],[-384,336],[169,283],[520,478],[361,596],[-135,673],[-328,495],[79,354],[497,254],[938,283],[1603,319],[283,59],[666,313],[-135,377],[-283,484],[339,531],[689,455],[271,383],[1232,744],[497,537],[576,731],[226,921],[-543,1269],[-790,1144],[113,372],[1174,755],[238,165],[497,207],[802,389],[248,113],[395,230],[633,259],[373,177],[372,236],[362,301],[508,331],[599,336],[587,207],[350,141],[351,112],[135,301],[90,472],[215,307],[542,224],[565,177],[452,24],[576,-18],[678,-47],[869,-53],[644,47],[373,154],[282,159],[418,242],[271,100],[407,112],[474,65],[554,71],[745,148],[238,88],[813,460],[836,201],[790,94],[599,-17],[904,-160],[1479,-360],[1740,-253],[2620,-177],[1254,29],[599,100],[248,248],[430,401],[655,502],[384,909],[282,395],[260,224],[282,118],[384,42],[757,41],[667,18],[564,94],[418,124],[565,236],[644,336],[587,295],[576,207],[577,100],[858,59],[587,47],[610,89],[814,159],[519,496],[339,330],[441,142],[1050,218],[994,136],[395,71],[633,106],[519,71],[701,47],[576,71],[474,18],[802,-24],[893,-35],[1287,-54],[1186,12],[802,24],[1186,18],[735,29],[632,83],[587,94],[622,53],[1355,-35],[463,-71],[599,-195],[316,-153],[396,-278],[316,-324],[34,-248],[11,-265],[-23,-295],[23,-301],[23,-337],[79,-230],[146,-224],[283,-254],[339,-195],[485,-300],[441,-260],[440,-248],[430,-260],[79,-41],[508,-348],[305,-236],[181,-183],[192,-254],[248,-342],[215,-283],[203,-195],[249,-200],[350,-213],[384,-171],[474,-171],[689,-277],[475,-160],[790,-236],[994,-330],[746,-236],[565,-148],[610,-124],[576,-71],[519,-70],[757,-112],[655,-172],[362,-118],[395,-59],[384,-11],[407,35],[361,77],[452,147],[610,95],[633,59],[553,47],[294,47],[1107,65],[1231,212],[960,236],[1163,266],[260,12],[1514,47],[1333,35],[226,6],[994,348],[632,396],[328,383],[881,508],[542,478],[610,295],[1118,159],[170,0],[971,59],[1130,47],[926,106],[903,124],[565,54],[588,-36],[316,-106],[361,-207],[486,-177],[373,-100],[463,-153],[440,-166],[430,-165],[542,-265],[565,-295],[542,-266],[564,-224],[68,-24],[565,-230],[497,-82],[508,-42],[599,-35],[633,-12],[1332,130],[1988,330],[1073,289],[972,431],[791,195],[350,77],[632,112],[441,11],[497,-35],[610,-77],[463,107],[34,212],[-23,448],[-34,537],[102,272],[632,584],[1446,1033],[1152,956],[825,572],[1604,885],[1401,319],[-125,253],[-858,697],[-700,513],[135,590],[-203,572],[-452,384],[-45,484],[293,295],[949,507],[1604,655],[1277,891],[45,484],[124,425],[904,319],[1570,401],[1231,614],[1977,655],[1299,554],[994,260],[463,236],[757,330],[610,307],[542,266],[372,206],[328,260],[362,360],[350,342],[508,419],[745,590],[712,555],[362,289],[101,177],[79,200],[0,248],[-22,272],[-102,377],[-192,402],[-226,460],[-147,413],[-79,265],[-68,537],[-293,526],[-430,507],[-508,690],[-56,956],[452,708],[33,231],[57,507],[-23,289],[-203,266],[-192,188],[-350,183],[-802,531],[-226,484],[147,962],[463,909],[949,1038],[779,466],[1118,296],[870,141],[1073,95],[384,324],[-101,307],[-452,637],[-373,950],[-271,714],[226,283],[406,219]],[[489512,154155],[-283,-236],[-406,248],[-317,224],[-113,183],[-124,177],[-294,177],[-90,154],[-361,289],[-441,265],[373,248],[327,124],[272,-89],[237,-183],[372,-230],[283,-194],[361,-48],[362,-206],[79,-195],[395,-265],[-361,-248],[-271,-195]],[[510612,265725],[-125,-360],[-135,-195],[-147,-188],[-260,-266],[-271,-183],[-248,-147],[-418,-231],[-407,-277],[-339,-236],[-429,-313],[-621,-495],[-407,-348],[-452,-390],[-452,-454],[-350,-360],[0,-6],[-395,-354],[-215,-242],[-248,-490],[-12,0],[-90,-431],[0,-477],[-90,-154],[56,-260],[-361,-324],[-350,-47],[-622,-183],[-655,-472],[-587,-461],[-215,-212],[-237,-324],[-429,-714],[-362,-455],[-361,-413],[-316,-301],[-1153,-1080],[0,-11],[-881,-874],[-745,-725],[-226,-237],[-203,-206],[-757,-885],[-723,-785],[-102,-118],[-519,-631],[-497,-573],[-226,-307],[-350,-454],[-271,-431],[-317,-525],[-316,-513],[-983,-1629],[-135,-248],[-1062,-1534],[-339,-501],[-158,-254],[-147,-271],[-68,-219],[-11,-183],[147,-318],[124,-177],[181,-289],[56,-307],[-67,-201],[67,-230],[192,-360],[-180,-271],[-12,-231],[-124,-312],[-226,-331],[-192,-324],[-282,-295],[-68,-272],[-226,-342],[-791,-12],[-338,12],[-610,0],[-430,-53],[-259,159],[-125,254],[-214,201],[-294,200],[-339,83],[-305,224],[-124,271],[-463,201],[-441,-189],[-1434,-212],[-1051,-260],[-677,-230],[-588,-265],[-677,-313],[-769,-396],[-881,-442],[-745,-508],[-949,-672],[-791,-691],[-1999,-1681],[-2123,-2160],[-1119,-1145],[-2022,-2372],[-1039,-1109],[-745,-909],[-802,-1192],[-915,-1280],[-588,-826],[-1163,-1900],[-565,-1027],[-508,-838],[-734,-1304],[-45,-88],[-1006,-1670],[-847,-1658],[-723,-1558],[-836,-1859],[-485,-1363],[-396,-944],[-56,-100],[-192,-543],[-226,-856],[-271,-914],[-181,-850],[-181,-614],[-135,-649],[-192,-673],[-170,-566],[-248,-1227],[-158,-838],[-125,-697],[-90,-613],[-11,-679],[-192,-1563],[-23,-473],[-11,-395],[-68,-596],[-11,-596],[-34,-206],[-34,-242],[339,-313],[79,-271],[-203,-390],[-46,-372],[-22,-749],[0,-47],[-45,-814],[-12,-555],[79,-502],[46,-708],[45,-619],[147,-1121],[90,-998],[79,-478],[237,-985],[238,-1003],[214,-691],[237,-737],[91,-295],[564,-1452],[385,-997],[1118,-2738],[169,-360],[463,-885],[565,-1151],[520,-1085],[339,-632],[350,-601],[666,-1151],[621,-1033],[780,-1174],[802,-1098],[497,-637],[531,-808],[1683,-2042],[915,-979],[1107,-1175],[282,-259],[937,-856],[791,-737],[1028,-815],[2067,-1563],[1706,-1074],[1784,-997],[622,-284],[293,-141],[418,-124],[599,-195],[632,-224],[351,-106],[350,-160],[226,-106],[531,-206],[587,-148],[644,-124],[1050,-218],[475,-106],[542,-113],[429,-64],[531,-6],[294,6],[598,59],[452,-213],[181,-354],[181,-212],[372,-331],[373,-183],[294,-70],[508,-54],[418,24],[474,-124],[68,-260],[712,-94],[-113,-348],[-452,71],[-248,153],[-497,207],[-486,-130],[-305,-130],[-260,-271],[-56,-290],[350,-182],[655,17],[158,-189],[11,-283],[-248,-307],[361,-253],[-316,-301],[-474,-107],[-260,-118],[-497,-483],[0,-219],[-283,-242],[-90,-171],[-124,-519],[-124,-519],[-159,-407],[-497,-543],[-248,-384],[-249,-495],[-124,-301],[-102,-390],[-45,-366],[12,-194],[-192,-207],[-339,-254],[-68,-271],[11,-148],[192,-212],[554,-212],[339,47],[440,-207],[441,-124],[406,-82],[441,-207],[260,-171],[-79,-342],[-441,-89],[-531,42],[-440,-166],[-204,-200],[-180,-236],[-226,-413],[-305,-461],[-418,-206],[-565,-35],[-305,-24],[-599,-65],[-384,-77],[-598,-159],[-430,-130],[-655,-153],[-745,-83],[-644,-112],[-576,-77],[-486,-177],[-316,-200],[-384,-189],[-362,-142],[-451,-248],[-283,-212],[-214,-271],[-339,-18],[-430,-148],[-180,-177],[-339,-413],[-983,-1280],[-135,-142],[-554,-324],[-135,-260],[-305,-147],[-373,5],[-350,118],[-475,154],[-564,165],[-339,65],[-407,59],[-463,147],[-802,390],[-554,248],[-655,301],[-463,159],[-576,201],[-565,389],[-406,266],[-283,171],[-226,312],[-248,290],[-90,200],[-147,254],[-23,206],[475,166],[689,-71],[508,41],[463,177],[226,236],[169,390],[-11,242],[-158,365],[-68,360],[0,225],[102,312],[-158,366],[-215,260],[-158,248],[-79,324],[135,260],[125,242],[158,165],[293,242],[125,136],[293,401],[46,372],[-238,289],[192,289],[565,118],[531,-41],[-56,719],[-328,113],[-542,153],[-655,130],[-599,88],[-226,48],[-858,247],[-1277,354],[-1039,207],[-2880,649],[-2327,478],[-2033,319],[-1887,253],[-2315,266],[-1898,171],[-1898,100],[-700,12],[-689,0],[-553,-24],[-859,-53],[-1773,-218],[-475,-77],[-1412,-295],[-564,-135],[-1796,-461],[-1785,-484],[-2270,-643],[-1604,-501],[-1853,-608],[-1446,-484],[-1683,-625],[-971,-431],[-429,-230],[-610,-142],[-904,6],[-203,-71],[-497,-253],[-2824,-956],[-3468,-1599],[-3230,-1694],[-2790,-1552],[-1209,-560],[-429,-183],[-418,-242],[-34,-65],[-836,-561],[-4337,-2856],[-2146,-1552],[-2226,-1640],[-2270,-1800],[-2282,-2029],[-1152,-1068],[-632,-638],[-1073,-1009],[-1096,-1215],[-1005,-998],[-870,-1003],[-836,-1020],[-678,-903],[-745,-1039],[-870,-1209],[-1028,-1493],[-508,-691],[-1096,-1858],[-745,-1381],[-610,-1452],[-305,-914],[-463,-1558],[-12,-53],[-192,-838],[-56,-277],[-203,-1080],[-170,-1062],[-203,-1139],[0,-337]],[[382781,102211],[-249,-53],[-226,-295],[-146,-200],[-622,-71],[-282,147],[-45,319],[79,271],[260,331],[203,189],[113,242],[-23,153],[-135,230],[-475,460],[-214,213],[-34,354],[226,230],[598,165],[497,260],[91,236],[22,254],[-56,360],[-91,218],[-169,206],[-192,225],[-79,336],[-260,159],[-644,0],[-361,-53],[-350,-71],[-317,-106],[-395,-153],[-395,-242],[-226,-331],[260,-141],[79,-331],[-418,-82],[-644,-12],[-407,-59],[-564,-47],[-283,-47],[-429,-136],[102,-342],[146,-195],[23,-189],[-102,-289],[283,-130],[384,-29],[440,159],[441,-65],[56,-218],[-90,-307],[-520,-71],[-632,24],[-339,177],[-576,94],[-350,65],[-452,24],[-678,-12],[-406,76],[-125,225],[91,159],[135,248],[-45,183],[-113,289],[260,165],[181,266],[-46,200],[-56,189],[-147,266],[-621,135],[-463,24],[-362,18],[-440,82],[-554,130],[-418,24],[-316,65],[-463,129],[-463,48],[-576,159],[-396,136],[-338,29],[-452,-53],[-418,-71],[-576,-12],[-509,18],[-384,36],[-451,100],[-294,301],[-260,206],[-339,284],[-327,53],[-407,106],[-599,100],[-497,-23],[-429,82],[-553,89],[-396,65],[-452,41],[-316,307],[-384,118],[-711,-6],[-509,0],[-305,-100],[-316,-118],[-452,5],[-474,-165],[-384,65],[-576,-183],[-463,106],[-531,-76],[-565,59],[-294,76],[-429,124],[-474,-29],[-272,77],[-497,106],[-485,159],[-396,-6],[-542,-77],[-474,-47],[-328,-41],[-361,-195],[-283,-135],[-497,-248],[-666,-77],[-553,-59],[-260,-47],[-463,100],[-576,24],[-531,0],[-633,-160],[-316,266],[-429,189],[-351,59],[-271,212],[-440,95],[-91,218],[-158,189],[-361,94],[-395,230],[-554,236],[-339,183],[-395,41],[-316,-123],[-305,-213],[-294,-130],[-384,-88],[-283,-95],[-576,160],[-158,230],[-124,195],[-508,118],[-339,88],[-441,165],[-339,272],[-101,165],[-565,201],[-395,188],[-475,201],[-339,59],[-350,183],[-361,307],[-463,112],[-418,53],[-520,183],[-553,59],[-667,53],[-463,30],[-655,100],[-395,47],[-644,47],[-621,-29],[-362,-36],[-418,-141],[-418,-266],[-101,-248],[-57,-194],[-316,-148],[-463,-159],[-317,47],[-519,71],[-576,-12],[-429,18],[-305,-195],[-125,-224],[-610,-89],[-700,-82],[-395,-230],[-260,-183],[-418,-295],[-248,-213],[-249,-136],[-452,-123],[-113,-177],[-68,-207],[-282,-136],[-271,-159],[-203,-189],[-170,-177],[-90,-271],[-305,-107],[-678,-88],[-452,18],[-418,-71],[-598,-18],[-565,30],[-339,53],[-666,124],[-576,106],[-599,83],[-452,82],[-350,118],[-260,118],[-237,183],[-260,272],[-226,224],[-158,177],[-226,171],[-508,206],[-474,18],[-373,-24],[-576,-41],[-520,59],[-395,124],[-441,12],[-542,-12],[-373,71],[-666,-83],[-316,-242],[-543,-159],[-417,41],[-509,24],[-440,-47],[-362,-53],[-361,-107],[-407,-112],[-395,-88],[-328,0],[-576,6],[-711,-59],[-396,-59],[-463,-136],[-271,-65],[-441,-29],[-530,-24],[-486,29],[-429,136],[-305,165],[-599,6],[-373,6],[-587,101],[-531,141],[-384,-41],[-384,-47],[-226,-177],[-226,-231],[-158,-200],[-226,-171],[-429,-112],[-237,-230],[-226,-219],[-237,-313],[-170,-259],[-327,-195],[-328,-94],[-418,-148],[-102,-224],[-124,-159],[-327,-171],[-418,-301],[135,-166],[-169,-289],[-463,-12],[-644,89],[-317,224],[-666,6],[-384,-88],[-486,-219],[-90,-200],[-452,-83],[-632,-59],[-464,-18],[-417,12],[-531,106],[-497,-6],[-452,-106],[-633,-136],[-587,-106],[-463,-12],[-362,36],[-666,0],[-452,-148],[-407,-11],[-463,129],[136,319],[-689,53],[-475,41],[-271,201],[-542,30],[-452,-101],[-451,148],[-68,224],[-294,248],[-452,59],[-542,118],[-531,0],[-519,106],[0,354],[56,277],[-248,189],[-294,195],[-215,118],[-564,71],[-226,159],[-441,207],[-520,212],[-372,159],[-622,171],[-338,301],[-68,248],[-147,348],[-633,77],[-451,-65],[-543,136],[-327,159],[-587,112],[-441,30],[-429,106],[-136,254],[-45,200],[45,266],[-248,307],[-486,200],[-328,160],[-259,124],[-441,106],[-305,47],[-463,65],[-248,71],[-294,236],[-316,88],[-486,154],[-79,259],[34,177],[124,248],[-147,183],[-429,130],[-192,283],[-350,142],[-644,-12],[-260,295],[147,147],[-23,248],[-474,177],[-68,278],[283,307],[-260,171],[-362,253],[45,242],[-237,207],[-519,212],[11,272],[11,171],[-68,206],[-395,295],[-102,248],[57,148],[361,289],[283,200],[113,189],[-45,307],[-12,148],[136,224],[700,77],[339,188],[-181,236],[-180,213],[146,171],[294,130],[45,301],[-485,230],[316,248],[34,194],[-226,195],[-497,71],[-294,-36],[-440,-17],[-576,71],[-509,47],[-474,-65],[-610,-136],[-373,53],[-384,154],[-203,147],[-486,18],[-282,-71],[-463,-6],[-441,289],[-203,142],[-350,124],[-464,159],[-384,207],[-248,135],[-384,284],[-328,124],[-350,153],[-361,106],[-204,254],[-180,171],[-317,248],[34,319],[0,153],[34,248],[-226,230],[-440,100],[-294,89],[-237,224],[-316,212],[-283,71],[-429,148],[-305,76],[-192,207],[-249,165],[-553,130],[-474,53],[-644,142],[-475,147],[-339,136],[-587,-207],[-226,-265],[-124,-112],[-226,-219],[-305,-259],[-339,-183],[-226,-136],[-418,-124],[-418,-106],[-666,-130],[-441,-59],[-564,160],[-226,212],[-238,124],[-440,183],[-463,171],[-305,130],[-407,165],[-361,0],[-576,206],[-57,266],[12,183],[-57,277],[-226,278],[11,318],[80,165],[-215,242],[-124,154],[-441,106],[-678,100],[-372,59],[-317,107],[-553,206],[-350,100],[-576,154],[-407,135],[-226,95],[-316,159],[-237,207],[350,312],[-181,349],[-621,35],[-350,12],[-565,29],[-452,30],[-350,29],[-474,42],[-565,70],[-283,101],[-237,218],[-294,260],[-474,248],[-328,153],[-225,94],[-441,207],[-260,118],[-406,153],[-362,171],[-260,183],[-395,260],[-294,171],[-497,236],[-395,183],[-418,195],[-565,283],[-723,395],[-361,207],[-328,171],[-293,195],[-294,171],[-339,195],[-327,177],[-509,224],[-587,200],[-621,207],[-509,206],[-429,254],[-553,230],[-125,360],[317,189],[-147,319],[-305,112],[-588,195],[-338,253],[-430,301],[-293,171],[-317,195],[-237,207],[68,289],[203,230],[-655,153],[-440,-23],[-622,-30],[-429,18],[-384,12],[-384,236],[-113,312],[-406,107],[-464,-53],[-282,-71],[-587,-112],[-610,-166],[-407,-65],[-576,42],[-463,-6],[-576,0],[-475,130],[-655,6],[-90,-242],[-362,-130],[-372,-118],[-554,-201],[12,-236],[-193,-218],[-395,-154],[-361,-47],[-350,-53],[-373,-88],[-373,-266],[-452,-201],[-361,-82],[-509,-124],[-384,-83],[-316,-35],[-373,-165],[-395,-289],[-226,-307],[-56,-219],[-68,-206],[-57,-177],[-33,-283],[-34,-207],[339,-301],[271,-171],[135,-271],[-124,-289],[-305,-154],[-610,-35],[-587,-95],[-351,-165],[-248,-106],[-215,-224],[-79,-301],[-11,-260],[23,-189],[11,-259],[-11,-349],[101,-230],[124,-200],[102,-331],[0,-236],[-56,-301],[-159,-206],[-304,-154],[-407,-212],[-328,-277],[-101,-213],[11,-171],[124,-360],[91,-242],[11,-165],[-203,-201],[-249,-153],[-734,-413],[-531,-242],[-554,-313],[-305,-135],[-372,-89],[-452,-41],[-700,-18],[-407,12],[-452,0],[-700,12],[-362,41],[-497,124],[-327,147],[-362,278],[-67,212],[-509,154],[-248,165],[-249,212],[-327,124],[-486,-29],[-407,-36],[-621,-35],[-305,100],[-305,183],[-463,254],[-361,159],[-622,130],[-327,6],[-497,-53],[-621,-189],[-633,-124],[-881,0],[-599,-24],[-508,130],[-328,136],[-350,195],[-350,306],[-181,242],[-67,254],[-34,224],[-91,284],[0,188],[-79,402],[-113,165],[-406,136],[-430,41],[-530,82],[-238,118],[-271,207],[-158,254],[-102,259],[-158,295],[-350,213],[-361,112],[-418,136],[-215,76],[-418,171],[-282,177],[-158,118],[-271,189],[-159,348],[34,349],[-101,460],[-34,118],[-57,277],[-214,260],[-328,177],[-655,218],[-395,266],[0,236],[22,218],[91,336],[-260,278],[-328,236],[-519,218],[-509,301],[-429,330],[-22,213],[0,313],[-113,348],[-497,212],[-328,118],[-531,195],[-135,230],[-181,142],[-316,218],[-339,183],[-452,201],[-666,206],[-464,183],[-361,177],[-271,159],[-181,171],[-158,183],[-203,195],[-170,171],[-214,325],[-113,177],[-170,206],[-203,325],[-136,236],[-203,189],[-203,236],[-339,247],[-316,219],[-192,136],[-283,236],[-237,259],[-373,378],[-700,212],[-1096,65],[-1016,24],[-1028,100],[-655,100],[-1017,390],[-971,330],[-656,89],[-1242,-118],[-1581,76],[-1198,290],[-339,242],[-169,413],[-169,643],[-464,513],[-338,425],[-23,59],[-316,885],[-125,879],[272,549],[225,814],[193,667],[79,266],[-204,637],[-135,820],[-192,472],[-373,218],[-655,83],[-734,6],[-848,-218],[-824,-148],[-1243,-112],[-1344,-35],[-1186,112],[-655,112],[-1096,177],[-1005,23],[-1186,-200],[-1175,-348],[-847,-337],[-824,-242],[-667,-88],[-655,142],[-361,112],[-780,153],[-847,47],[-486,0],[-610,213]],[[135116,156079],[1028,448],[972,466],[339,189],[248,224],[373,337],[271,218],[237,183],[249,153],[316,290],[169,182],[23,307],[-45,183],[-34,289],[214,325],[260,271],[362,225],[474,241],[407,107],[497,41],[621,47],[395,59],[384,71],[294,147],[384,195],[407,301],[260,295],[192,348],[395,703],[56,289],[-34,495],[170,230],[260,195],[372,171],[780,295],[361,189],[430,218],[259,201],[565,378],[395,277],[305,142],[509,47],[576,59],[327,159],[328,313],[294,431],[350,430],[169,378],[249,496],[169,265],[271,396],[316,649],[204,242],[271,312],[384,230],[260,154],[508,195],[463,59],[972,135],[564,112],[994,101],[870,141],[395,148],[339,236],[192,153],[350,171],[328,107],[316,88],[994,307],[1966,584],[406,24],[339,-142],[509,-136],[451,-64],[430,0],[576,76],[497,136],[429,18],[407,11],[417,0],[430,18],[463,24],[768,413],[237,271],[90,331],[181,336],[407,407],[418,590],[531,484],[395,112],[892,47],[1141,-118],[836,0],[553,366],[497,449],[531,283],[701,159],[1287,30],[1119,-12],[1186,71],[982,259],[486,561],[418,442],[215,449],[-34,319],[-204,542],[0,307],[418,225],[768,324],[509,283],[372,455],[836,336],[351,319],[22,29],[373,602],[102,572],[-57,372],[-203,319],[-125,519],[1096,555],[678,271],[632,549],[294,395],[418,407],[723,466],[260,124],[1050,65],[1005,124],[769,407],[67,408],[-146,448],[192,271],[508,231],[1310,277],[1096,360],[971,637],[497,608],[508,472],[746,431],[791,306],[632,337],[768,307],[531,448],[0,6],[-45,637],[203,466],[215,201],[316,148],[260,123],[373,461],[101,177],[-33,413],[-102,248],[-181,460],[-373,490],[-666,371],[-520,484],[-271,354],[0,543],[497,313],[237,254],[23,283],[0,289],[-836,1186],[-22,266],[-23,483],[-113,354],[-113,219],[-192,141],[-305,160],[-350,159],[-395,189],[-475,230],[-327,301],[-147,383],[-102,366],[-181,224],[-237,242],[-373,313],[-576,596],[-508,460],[-294,290],[-384,265],[-372,230],[-249,130],[-339,136],[-644,259],[-576,236],[-463,207],[-395,177],[-350,189],[-283,236],[-282,348],[-316,519],[-192,307],[-215,313],[-316,289],[-204,171],[-237,147],[-339,172],[-372,141],[-475,230],[-181,148],[-259,195],[-147,188],[-181,319],[-678,867],[192,295],[588,148],[587,148],[599,212],[519,260],[441,194],[1299,313],[1491,336],[1141,248],[474,319],[136,372],[305,371],[418,372],[440,531],[305,614],[0,484],[136,271],[553,35],[915,18],[904,71],[1310,301],[633,342],[881,496],[1027,572],[441,508],[-102,342],[-316,448],[-56,443],[305,519],[135,472],[565,419],[22,331],[46,460],[305,318],[598,260],[915,272],[1118,64],[1051,101],[949,59],[587,-106],[678,-213],[260,-142],[259,-171],[622,-560],[327,-154],[565,-183],[1209,-147],[1299,-71],[1502,-47],[1276,-165],[1333,-195],[1649,-148],[791,77],[124,12],[362,313],[56,47],[23,490],[-328,537],[-486,466],[-237,212],[-22,378],[226,336],[723,596],[158,443],[169,383],[249,732],[0,378],[-328,495],[-45,295],[192,189],[508,360],[328,307],[22,372],[91,271],[372,714],[531,631],[678,437],[813,260],[373,242],[203,371],[23,396],[260,147],[632,42],[814,0],[982,76],[1299,272],[1333,371],[1141,508],[1005,442],[644,508],[983,555],[678,359],[1954,821],[1186,619],[1231,826],[700,620],[1118,743],[305,408],[-214,489],[-147,407],[169,337],[464,159],[282,71],[531,130],[678,348],[881,726],[463,124],[847,212],[791,519],[271,443],[305,436],[564,431],[746,213],[689,100],[723,35],[1141,24],[1242,248],[813,189],[927,183],[440,59],[475,64],[892,-94],[316,-35],[655,47],[678,124],[881,324],[678,195],[1073,248],[2564,360],[633,200],[971,272],[745,336],[260,384],[271,389],[746,549],[768,454],[1468,661],[622,266],[282,141],[305,101],[644,112],[463,-42],[700,-82],[531,-59],[723,-42],[599,-23],[395,-12],[1559,-59],[452,47],[802,130],[2688,336],[678,71],[869,183],[1198,295],[2338,1074],[1208,584],[317,225],[1739,843],[1051,602],[147,531],[-125,602],[-666,897],[147,384],[-34,383],[-147,348],[-215,236],[-508,254],[-294,153],[-180,154],[56,838],[-101,336],[-170,354],[-486,490],[-847,425],[-339,513],[-169,502],[147,289],[22,236],[79,242],[136,259],[305,248],[226,118],[531,142],[858,141],[1017,160],[1028,153],[553,106],[316,89],[543,183],[259,147],[192,301],[-11,213],[-68,212],[-214,354],[-204,189],[-361,218],[-226,124],[-531,248],[-452,236],[-214,183],[-226,177],[-757,1157],[11,41],[147,466],[23,65],[113,336],[621,596],[565,549],[-271,909],[-396,1351],[-34,407],[102,366],[305,319],[249,283],[169,360],[68,295],[-91,672],[-56,189],[-249,348],[-293,254],[-339,372],[-215,236],[-327,336],[-158,207],[-192,189],[-125,200],[-677,844],[-802,1009],[-1186,1434],[-147,242],[-283,289],[-203,189],[-339,301],[-463,289],[-440,248],[-305,212],[-317,218],[-305,272],[-350,230],[-350,189],[-361,106],[-497,94],[-373,83],[-463,254],[-102,230],[-68,625],[-124,478],[203,242],[384,83],[610,-18],[881,-59],[723,-100],[542,-65],[667,-24],[486,154],[180,248],[136,289],[497,242],[576,35],[463,47],[339,83],[339,195],[90,118],[-124,330],[-542,201],[-57,17],[-779,278],[-508,159],[-407,165],[-542,301],[-678,360],[-508,289],[-633,378],[-373,289],[-598,372],[-531,354],[-328,212],[-248,213],[-237,247],[-272,166],[-305,112],[-372,177],[-576,265],[-475,289],[-372,278],[-339,253],[-328,225],[-158,124],[-113,247],[-79,242],[-11,183],[22,360],[170,224],[372,372],[384,283],[249,225],[203,265],[147,278],[-56,194],[67,319],[181,159],[418,325],[621,318],[610,419],[678,325],[621,77],[384,-83],[542,-183],[305,-88],[633,11],[361,142],[418,265],[170,178],[305,519],[113,289],[372,265],[972,-82],[90,-12],[1649,-136],[848,112],[745,325],[768,448],[633,213],[1231,71],[1017,-18],[1287,-212],[249,-42],[485,-141],[486,-124],[508,-118],[610,-148],[441,-59],[407,0],[372,12],[542,147],[192,136],[283,248],[373,283],[316,142],[395,94],[418,77],[373,218],[-102,278],[-169,271],[-215,307],[-158,348],[-45,230],[-57,283],[23,231],[0,460],[-113,401],[-192,319],[-203,236],[79,342],[452,265],[587,142],[610,189],[519,147],[475,95],[497,59],[621,-36],[305,0],[576,0],[599,42],[813,100],[734,130],[701,118],[745,130],[712,141],[485,124],[147,213]],[[418282,46185],[-621,-83],[-542,230],[-56,154],[361,224],[565,-95],[361,-82],[-68,-348]],[[427579,59520],[-125,-348],[-689,65],[-350,165],[237,112],[384,83],[543,-77]],[[466187,68052],[-452,-123],[-509,-54],[-632,-35],[-475,65],[-598,88],[-542,-11],[-328,-6],[-407,-6],[-361,-6],[-418,-6],[-531,-77],[-361,-53],[-452,-82],[-599,-53],[-542,-54],[-542,12],[-418,18],[-554,-6],[-542,-12],[-677,-100],[-452,-124],[-362,-30],[-542,-76],[-361,-6],[-464,-6],[-677,-12],[-542,-53],[-588,-106],[-542,-124],[-361,-100],[-317,-95],[-440,-76],[-407,-54],[-452,-29],[-418,-6],[-463,59],[-282,130],[68,236],[497,53],[372,29],[497,54],[678,106],[407,100],[440,124],[418,30],[621,147],[407,100],[452,124],[407,124],[440,213],[271,53],[452,53],[361,77],[543,171],[316,141],[215,148],[361,141],[407,101],[214,283],[181,313],[542,76],[588,36],[677,53],[373,53],[644,83],[418,53],[452,171],[33,336],[0,213],[-22,354],[45,165],[181,242],[214,194],[181,142],[226,242],[282,301],[328,124],[361,77],[464,53],[361,53],[418,130],[463,147],[587,154],[497,76],[91,360],[-45,219],[-12,365],[0,166],[-90,218],[-90,271],[45,248],[373,278],[225,194],[260,171],[373,124],[328,278],[271,76],[418,148],[338,259],[23,307],[305,289],[463,83],[283,-118],[293,-266],[486,-11],[542,-195],[474,-218],[-180,-301],[-475,-24],[-497,-12],[-305,-112],[-101,-348],[-12,-301],[46,-313],[158,-206],[68,-165],[22,-254],[34,-236],[-79,-189],[-384,-301],[-237,-195],[-136,-147],[-45,-242],[102,-307],[79,-242],[192,-259],[-12,-172],[-79,-241],[226,-201],[452,-154],[147,-165],[0,-236],[-147,-171],[-169,-283],[-46,-242],[-22,-159],[-79,-219],[-226,-283],[-339,-218],[-395,-236],[-328,-266],[-429,-236],[-237,-171],[-271,-142],[-226,-94],[-497,-195],[-305,-124],[-350,-124]],[[382781,102211],[0,-129],[0,-295],[34,-408],[0,-188],[-12,-295],[-67,-608],[-23,-248],[-11,-271],[22,-815],[-11,-159],[-23,-266],[-11,-147],[-22,-295],[-23,-277],[-23,-195],[23,-596],[23,-549],[67,-389],[45,-343],[80,-318],[293,-915],[1017,-3700],[11,-29],[90,-413],[125,-425],[0,-12],[158,-578],[260,-1121],[147,-484],[192,-513],[293,-785],[23,-83],[486,-1032],[1073,-1971],[530,-956],[159,-277],[180,-484],[79,-154],[147,-242],[147,-200],[158,-295],[215,-502],[226,-360],[260,-295],[994,-531],[-57,-442],[0,-189],[-56,-661],[169,-791],[441,-1805],[22,-95],[102,-543],[192,-932],[158,-667],[147,-395],[90,-248],[57,-307],[34,-165],[192,-602],[180,-655],[237,-1263],[0,-29],[80,-449],[56,-253],[169,-785],[23,-254],[113,-950],[215,-956],[203,-796],[113,-466],[294,-1068],[203,-797],[508,-1387],[712,-1788],[282,-489],[158,-319],[430,-903],[621,-791],[339,-560],[259,-272],[373,-330],[757,-502],[339,-306],[463,-278],[328,-147],[124,-219],[79,-247],[113,-461],[214,-837],[226,-744],[57,-248],[34,-177],[22,-501],[-22,-437],[22,-124],[192,-242],[46,-189],[-305,-478],[-34,-112],[-260,-826],[-124,-584],[-23,-148],[-56,-265],[11,-431],[11,-289],[11,-165],[34,-561],[23,-277],[-34,-260],[-45,-377],[0,-53],[45,-484],[-158,-384],[-23,-248],[-22,-271],[22,-390],[34,-171],[215,-283],[101,-260],[102,-348],[11,-194],[34,-284],[0,-118],[68,-259],[-56,-319],[-57,-165],[-215,-690],[-79,-237],[-33,-147],[-68,-325],[-113,-537],[-147,-761],[34,-283],[45,-171],[57,-260],[56,-218],[11,-342],[-67,-490],[-12,-83],[-79,-537],[-56,-253],[-79,-366],[-147,-938],[-34,-242],[-11,-301],[22,-236],[-45,-289],[-169,-354],[-34,-248],[-102,-171],[-181,-307],[-101,-283],[-91,-384],[-79,-207],[-34,-177],[0,-306],[-34,-313],[-45,-189],[34,-319],[-45,-241],[-34,-166],[-102,-324],[-79,-189],[-169,-301],[-57,-106],[-124,-378],[-135,-366],[-12,-312],[0,-172],[-22,-206],[-68,-336],[90,-372],[57,-159],[169,-242],[305,-107],[429,-218],[-101,-360],[45,-189],[-11,-189],[-12,-265],[34,-289],[79,-230],[-158,-278],[-22,-354],[33,-206],[68,-177],[102,-224],[158,-207],[237,-224],[181,-142],[361,-171],[509,100],[350,107],[316,76],[565,-88],[90,-148],[249,-206],[34,-278],[-486,-165],[-508,-153],[-339,-112],[-407,-142],[-373,-142],[-293,-118],[-497,-118],[-362,-11],[-519,129],[-328,95],[-610,141],[-553,65],[-588,-171],[-485,-141],[-373,-118],[-508,-77],[-317,-6],[-440,6],[-531,-118],[-260,-112],[-418,-201],[-282,-136],[-418,-194],[-373,-130],[-440,65],[-362,59],[-610,-24],[-282,-171],[-621,-18],[-351,71],[-384,-41],[-282,-118],[-655,88],[-350,112],[-238,237],[-282,236],[-328,64],[-463,-5],[-463,17],[-418,59],[-508,112],[-486,101],[-542,70],[-519,42],[-260,-18],[-497,-18],[-599,0],[-576,95],[-474,12],[-588,-65],[-361,-71],[-576,-53],[-554,-77],[-384,-47],[-418,-65],[-610,-136],[-576,-183],[-406,-53],[-509,-29],[-305,65],[-474,82],[-407,-35],[-372,23],[-915,12],[-384,12],[-949,100],[-565,65],[-305,95],[-384,118],[-655,253],[-350,172],[-328,129],[-271,107],[-565,265],[-384,136],[-768,212],[-215,65],[-745,201],[-497,159],[-508,242],[-260,142],[-610,82],[-282,-100],[-1604,-738],[-1390,-383],[-395,-160],[-949,-483],[-599,-301],[-621,-53],[-678,-6],[-2710,-6],[-407,-47],[-1130,-431],[-982,-543],[-91,-248],[-361,-283],[68,-260],[22,-324],[-440,-65],[-520,-118],[-147,-142],[-169,-301],[-429,-159],[-384,-254],[112,-307],[181,-289],[-135,-224],[-509,-224],[-768,254],[-147,-24],[-802,-496],[-564,-153],[-644,-47],[-339,-18],[-452,-30],[-440,-64],[-543,-107],[-361,-100],[-339,-118],[-565,-325],[-350,-253],[-678,-360],[-982,-496],[-441,-212],[-915,-502],[-67,-12],[-2689,-578],[-3818,-856],[-2677,-590],[-869,-236],[-3660,-802],[-113,-124],[45,-266],[-203,-106],[-2372,-65],[-2418,-47],[-463,-41],[-1140,-18],[-994,24],[-656,0],[-531,65],[-440,59],[-497,-95],[-181,-377],[-124,-213],[-124,-183],[-463,-661],[-91,-183],[-158,-200],[-1005,-266],[-994,-342],[-362,-118],[-553,-112],[-667,-65],[-598,-77],[-475,-59],[-372,-17],[-463,-12],[-577,-95],[-282,-118],[-113,-271],[-90,-266],[-147,-212],[-305,-218],[-249,-166],[-643,-377],[-418,-207],[-825,-419],[-542,-277],[-723,-319],[-441,-177],[-327,-159],[-373,-236],[-587,-348],[-328,-100],[-339,-65],[-610,-89],[-451,-59],[-430,-77],[-327,-112],[-350,-224],[-328,-313],[-237,-82],[-508,-71],[-588,-100],[-429,-130],[-576,-283],[-260,-130],[-858,-360],[-1435,-437],[-983,-283],[-564,-65],[-384,89],[-520,159],[-2135,649],[-384,118],[-779,230],[-249,77],[-463,135],[-892,172],[-1525,289],[-429,47],[-1141,124],[-136,12],[-1739,171],[-1311,-18],[-1863,124],[-429,29],[-328,24],[-1096,77],[-1638,118],[-960,71],[-802,70],[-621,107],[-361,118],[-1265,507],[-430,207],[-271,129],[-463,166],[-599,76],[-372,77],[-317,100],[-384,77],[-632,35],[-395,0],[-599,119],[-576,241],[-441,36],[-655,-130],[-395,-41],[-576,171],[-192,224],[-158,266],[-125,306],[-214,177],[-599,-47],[-576,-194],[-486,-18],[-531,212],[-372,201],[-351,200],[-282,207],[-328,266],[-271,153],[-90,171],[192,342],[-181,230],[-180,113],[-452,188],[-260,154],[-192,171],[-215,165],[-248,230],[-113,165],[-181,242],[-282,177],[-373,266],[79,236],[57,159],[282,248],[56,289],[-259,177],[-362,107],[-553,-207],[-317,-271],[147,-201],[192,-242],[-124,-142],[-452,-141],[-271,-42],[-463,-47],[-723,-59],[-350,-59],[-565,-124],[-452,-35],[-474,-35],[-407,-107],[-666,-124],[-395,-135],[-170,-260],[-395,-118],[-542,41],[-362,83],[-610,-18],[-305,42],[-440,129],[-565,-23],[-237,124],[-396,76],[-519,-11],[-396,-77],[-338,-59],[-509,18],[-553,41],[-565,-83],[-407,112],[-553,183],[-565,-189],[-429,-53],[-429,-11],[-294,29],[-407,124],[-327,-35],[-407,153],[-610,177],[-384,136],[-587,17],[-655,59],[-384,36],[-430,-6],[-553,-124],[-508,53],[-418,183],[-407,153],[-553,172],[-430,135],[-542,71],[-406,53],[-610,-12],[-283,-29],[-406,-94],[-272,-54],[-598,0],[-701,59],[-1829,331],[-1175,248],[-1254,383],[-915,378],[-1434,678],[-1345,455],[-271,71],[-531,-6],[-271,-77],[-350,-142],[-452,-271],[-361,-212],[-576,-136],[-531,-59],[-441,-77],[-440,-165],[-554,-360],[-372,-248],[-305,-153],[-305,-95],[-576,-206],[-509,-272],[-327,-230],[-226,-248],[-531,-495],[-147,-171],[-90,-284],[-23,-159],[-248,-189],[-237,-330],[-102,-207],[-102,-189],[57,-283],[101,-242],[-11,-324],[-248,-443],[-464,-377],[-598,-225],[-418,-70],[-904,35],[-22,0],[-712,88],[-181,18],[-734,148],[-689,124],[-350,100],[-429,147],[-192,71],[-915,755],[-181,160],[-339,342],[-113,106],[-294,283],[-440,148],[-802,53],[-565,100],[-915,248],[-994,165],[-1299,142],[-56,6],[-1954,236],[-79,12],[-1006,206],[-305,65],[-926,183],[-497,171],[-407,42],[-372,-77],[-1503,-685],[-508,-230],[-542,-248],[-960,-112],[-1627,-106],[-2123,-59],[-2079,124],[-1592,77],[-418,-42],[-407,-106],[-248,-65],[-271,-194],[-577,-413],[-745,-325],[-520,-260],[-598,-188],[-147,-30],[-1231,-106],[-1356,-201],[-903,12],[-667,201],[-226,65],[-305,200],[-508,331],[-1322,631],[-1683,437],[-1073,171],[-982,88],[-294,24],[-2203,195],[-689,64],[-1412,95],[-1107,59],[-519,12],[-633,6],[-1197,11],[-1118,-17],[-949,-148],[-655,-313],[-994,-708],[-1751,-1180],[-407,-348],[-621,-425],[-723,-507],[-22,-12],[-994,-679],[-825,-513],[-553,-348],[-12,-6],[-982,-679],[-1209,-737],[-475,-47],[-429,70],[-1909,1175],[-1174,814],[-814,437],[-677,324],[-656,278],[-643,129],[-1672,42],[-475,70],[-881,124],[-576,142],[-372,224],[-170,313],[-305,383],[-429,290],[-1276,295],[-1164,183],[-406,153],[-238,195],[-316,206],[-553,106],[-486,-64],[-305,70],[-418,-6],[-294,284],[-474,183],[-588,112],[-259,-213],[-283,-307],[-485,-53],[-633,24],[-429,-112],[-565,-118],[-395,136],[-667,-42],[-474,-76],[-565,-59],[-294,-107],[-621,-88],[-373,-71],[-666,29],[-441,130],[-327,-47],[-170,-319],[-45,-324],[-169,-230],[45,-177],[215,-272],[22,-165],[-474,124],[-271,59],[-610,130],[-271,189],[56,206],[452,165],[271,242],[-440,189],[-328,41],[-226,248],[-452,136],[-101,207],[-599,141],[-350,65],[-441,165],[-271,-17],[-282,-331],[-576,0],[-294,24],[-452,53],[-327,165],[-430,165],[-542,71],[-293,-12],[-599,-206],[-486,-165],[-666,88],[-305,-18],[-509,-171],[-463,106],[-350,166],[-56,242],[-204,200],[-395,183],[-508,148],[237,383],[-124,106],[-610,42],[-610,65],[-226,177],[-23,242],[-339,129],[-316,36],[-632,-6],[-588,-47],[-666,-30],[-2146,-106],[-1198,-77],[-632,-23],[-45,271],[-79,260],[-170,135],[-11,260],[655,301],[124,325],[0,277],[12,313],[-113,365],[-260,319],[-576,567],[-463,224],[-430,-83],[-1253,-336],[-396,-83],[-666,-124],[-429,-35],[-328,12],[-836,171],[-881,100],[-1909,77],[-1186,-77],[-870,-6],[-305,42],[-530,206],[-746,567],[-158,123],[-870,378],[-181,106],[-169,461],[-169,100],[-565,124],[-814,212],[-1174,384],[-362,177],[-508,212],[-565,100],[-3343,461],[-847,6],[-994,-59],[-1345,-171],[-180,-30],[-2192,-496],[-451,-11],[-509,-12],[-779,65],[-282,29],[-1028,124],[-1322,384],[-1751,767],[-1242,631],[-983,502],[-576,324],[-474,260],[-305,171],[-870,454],[-497,201],[-350,118],[-565,206],[-520,201],[-282,112],[-373,77],[-474,-24],[-621,-159],[-192,-106],[-464,-47],[-440,-6],[-531,59],[-474,-30],[-238,-65],[-214,-230],[56,-248],[102,-200],[158,-272],[68,-218],[0,-614],[-68,-348],[-169,-260],[-520,-236],[-441,-11],[-530,188],[-12,242],[226,201],[0,159],[-147,230],[-271,207],[-519,372],[-294,242],[-147,230],[-90,224],[0,189],[406,212],[678,71],[407,142],[282,301],[-350,112],[-474,200],[-588,177],[-384,59],[-361,12],[-599,-29],[-305,-24],[-497,12],[-418,47],[-294,53],[-304,219],[101,159],[429,124],[644,383],[215,177],[248,313],[271,242],[159,366],[45,566],[22,354],[-22,284],[-170,118],[-1118,76],[-181,18],[-790,71],[-689,-71],[-192,-266],[-430,-200],[-666,100],[-169,218],[-125,130],[-350,219],[-260,183],[-395,218],[-441,18],[-384,-18],[-508,12],[-339,59],[-485,88],[-362,148],[-587,360],[-339,100],[-508,-12],[-373,-265],[-384,-219],[56,-218],[486,-124],[497,-112],[339,-171],[-113,-195],[-192,-171],[-237,-177],[-328,-165],[-373,-154],[-463,24],[-361,260],[-317,224],[-497,224],[-327,100],[-554,118],[-1366,254],[-531,83],[-407,65],[-576,64],[-712,0],[-248,-212],[23,-224],[45,-160],[327,-241],[463,-148],[351,-301],[11,-277],[-339,-154],[-486,112],[-1649,567],[-711,236],[-497,118],[-543,0],[-350,6],[-632,65],[-204,147],[249,272],[474,248],[283,271],[-283,342],[-452,24],[-406,-47],[-294,-313],[-181,-289],[-474,-42],[-361,95],[-430,118],[-361,189],[-23,159],[136,254],[260,283],[192,336],[372,508],[113,141],[-451,189],[-385,-159],[-734,-307],[-1107,-590],[-372,-100],[-272,289],[57,242],[23,236],[-283,873],[-644,159],[-463,-177],[-1536,-678],[-294,-301],[-45,-272],[-79,-407],[-666,-76],[-328,413],[-158,147],[-362,171],[-304,95],[-441,129],[-395,183],[-294,189],[-565,154],[-655,100],[-373,47],[-542,-6],[-407,-106],[-67,-183],[124,-260],[-68,-318],[-169,-236],[-633,-154],[-497,278],[-293,200],[-215,290],[-79,171],[-463,194],[-486,83],[-384,183],[147,289],[440,12],[407,-36],[565,-124],[519,48],[305,277],[-553,207],[-655,5],[-463,107],[-192,159],[-486,443],[-136,153],[-271,301],[-293,165],[-599,395],[-429,195],[-181,112],[-294,331],[181,248],[192,259],[34,130],[158,726],[-599,53],[-361,-230],[-237,-142],[-486,-112],[-260,-18],[-768,-47],[-248,283],[361,467],[-34,171],[-598,59],[-780,-408],[-463,-147],[-350,94],[-260,189],[-373,278],[-372,118],[-735,129],[-734,130],[-463,118],[-576,-47],[-474,18],[-272,41],[-655,124],[-847,71],[-542,29],[-441,-53],[-542,-230],[-350,-183],[-565,0],[-451,142],[-339,318],[-339,289],[-271,59],[-475,6],[-621,-6],[79,331],[316,189],[384,230],[339,218],[158,319],[-67,265],[-565,24],[-294,-112],[-463,-218],[-282,-213],[-113,-112],[-294,-207],[-632,-141],[-656,-136],[-553,77],[-520,112],[-259,77],[-464,188],[-971,461],[-305,171],[-147,177],[-45,218],[474,195],[1232,224],[1965,744],[520,277],[293,407],[181,496],[11,1144],[136,1116],[237,495],[170,325],[56,336],[-23,165],[-135,266],[-283,283],[-45,354],[622,602],[101,360],[-429,460],[-147,360],[271,425],[463,189],[509,106],[553,242],[508,472],[3592,-18],[1401,36],[497,77],[-34,224],[599,484],[1174,902],[1311,614],[870,354],[451,83],[396,0],[587,-59],[429,23],[429,107],[418,247],[260,231],[34,182],[-169,443],[-136,773],[249,330],[293,195],[452,89],[271,76],[542,-11],[610,-95],[497,12],[486,53],[237,35],[554,77],[621,77],[644,0],[678,53],[429,35],[576,124],[271,59],[520,248],[56,24],[452,253],[214,248],[305,278],[204,236],[0,348],[-57,177],[-508,395],[-474,331],[-204,200],[-203,183],[-90,171],[-102,431],[-203,354],[-136,236],[-452,307],[-214,165],[-125,207],[12,183],[237,318],[452,455],[180,194],[159,278],[135,230],[271,271],[599,620],[610,466],[452,254],[745,324],[565,283],[632,225],[430,65],[440,41],[452,53],[508,124],[599,112],[520,35],[429,0],[565,59],[632,-88],[339,23],[666,48],[396,153],[192,142],[-23,236],[-237,141],[-339,83],[-429,112],[-395,65],[-577,183],[-259,153],[-396,284],[-395,401],[-192,248],[158,306],[226,160],[249,194],[146,195],[-67,478],[282,673],[113,324],[226,319],[101,189],[136,218],[-136,313],[-203,348],[57,283],[361,402],[328,265],[350,283],[316,148],[463,248],[-147,312],[-542,160],[-1208,360],[-294,112],[-249,253],[-67,189],[11,596],[34,425],[-204,248],[-79,159],[34,289],[91,284],[101,159],[158,242],[102,165],[621,761],[271,614],[181,555],[215,183],[316,218],[452,189],[587,94],[384,18],[452,-6],[644,-24],[350,53],[429,236],[305,124],[475,136],[542,94],[418,30],[474,18],[486,-6],[260,-36],[711,-183],[927,-171],[700,-88],[813,-59],[893,29],[643,24],[599,142],[610,182],[271,195],[395,272],[317,206],[203,77],[395,177],[351,206],[587,378],[158,142],[1265,306],[192,6],[904,83],[531,77],[497,88],[655,165],[1197,467],[813,206],[1107,313],[904,289],[339,171],[903,313],[272,372],[237,542],[-113,691],[22,584],[712,903],[23,23],[1942,1009],[430,225],[1016,265],[1344,224],[1175,59],[904,-41],[711,-324],[407,-142],[271,-89],[960,-183],[1119,59],[1095,124],[260,59],[508,124],[226,478],[136,325],[124,153],[395,230],[305,65],[463,106],[1672,95],[983,230],[90,130],[181,248],[56,495],[0,691],[384,666],[441,295],[712,136],[113,12],[948,65],[1073,-59],[1119,29],[1152,83],[1400,266],[1062,383],[1265,466],[983,295],[350,313],[-158,277],[-23,354],[407,295],[441,142],[1061,271],[848,744],[113,667],[248,1144],[633,903],[711,1115],[271,750],[-293,932],[-113,673],[0,6],[169,956],[136,1528],[-215,1422],[-271,342],[-904,283],[-982,225],[-769,253],[-598,343],[-520,489],[-1016,791],[-904,372],[-350,212],[-34,307],[497,325],[248,537],[249,537],[169,719],[-11,0],[-45,508],[22,354],[305,478],[113,342],[430,100],[564,-35],[339,-24],[373,-29],[892,-71],[848,-12],[881,254],[869,165],[960,0],[1311,-29],[802,283],[485,761],[689,933],[328,566],[520,354],[610,407],[869,254],[1311,354],[960,720],[1073,832],[1039,761],[384,313],[113,366],[23,271],[293,254],[475,35],[361,-94],[746,-319],[316,-136],[960,18],[1265,596],[791,797],[1129,1020],[1164,974],[3083,2520],[1469,743],[3050,1534],[451,703],[-11,5],[-135,526],[-746,300],[-553,331],[-159,142],[-214,448],[-34,578],[215,496],[1061,496],[1130,790],[915,655],[587,809],[452,566],[407,531],[960,578],[858,1045],[102,985],[1299,549],[350,443],[-11,0],[-644,301],[-508,241],[-238,331],[-146,200],[-238,691],[-305,726],[136,312],[892,337],[1751,478],[1265,543],[825,867],[406,1162],[79,6],[305,661],[859,938],[271,354],[68,107],[-57,395],[-22,336],[-23,354],[23,242],[0,378],[384,383],[305,337],[327,478],[271,466],[0,6],[0,460],[0,6],[0,437],[-158,324],[-384,325],[-599,407],[-361,466],[-215,649],[-248,761],[-23,384],[226,265],[520,443],[655,366],[599,395],[610,378],[372,596],[768,531]],[[944256,882068],[-215,-224],[204,-331],[-170,-295],[-45,-342],[-271,-318],[-57,-266],[-406,-283],[-204,-207],[-271,-118],[-67,-248],[11,-365],[-34,-236],[34,-272],[56,-313],[57,-236],[56,-259],[45,-124],[147,-278],[158,-259],[272,-230],[372,-101],[610,-11],[294,-142],[203,-212],[12,-325],[-113,-277],[-159,-148],[-282,-195],[-294,-100],[-666,-224],[-226,-83],[-373,-165],[-372,-206],[-441,17],[-587,-76],[-531,-195],[-237,-195],[-192,-259],[-125,-219],[-113,-313],[-101,-342],[-12,-200],[-45,-225],[-34,-312],[-22,-207],[-12,-183],[23,-218],[34,-213],[68,-188],[124,-337],[102,-342],[67,-230],[125,-354],[113,-189],[180,-301],[204,-342],[259,-407],[68,-148],[170,-230],[259,-324],[396,-502],[192,-277],[56,-95],[226,-289],[497,-619],[305,-319],[57,-65],[271,-336],[203,-248],[203,-236],[678,-667],[271,-218],[181,-183],[147,-160],[248,-212],[249,-224],[508,-242],[373,-189],[181,-242],[180,-212],[452,-272],[226,-112],[361,-277],[272,-218],[417,-272],[339,-195],[317,-153],[485,-177],[328,-118],[474,-130],[418,-94],[644,-101],[802,-47],[271,-6],[407,130],[316,6],[587,165],[418,348],[870,697],[136,-219],[-814,-602],[-429,-312],[-327,-254],[-260,-189],[-486,-265],[-497,-183],[1401,-762],[1400,1069],[1514,1215],[203,-118],[-1739,-1251],[0,-6],[-757,-566],[-316,-266],[-113,-254],[542,-578],[181,-200],[226,-313],[124,-118],[373,-366],[406,-537],[11,0],[317,-549],[113,-271],[180,-838],[113,-702],[0,-6],[136,-602],[-136,-366],[-34,-236],[34,-342],[215,-572],[260,-596],[22,-372],[34,-248],[113,-171],[260,-331],[237,-312],[170,-225],[146,-283],[80,-124],[847,-1150],[11,0],[508,-944],[147,-225],[644,-956],[429,-655],[136,-253],[203,-567],[294,-767],[282,-608],[91,-141],[90,-272],[102,-312],[112,-337],[272,-678],[33,-301],[102,-750],[147,-1115],[0,-12],[23,-413],[33,-70],[-11,-1960],[11,-489],[91,-661],[-23,-272],[0,-531],[-147,-684],[-214,-773],[-441,-1168],[-531,-1759],[-384,-1186],[-214,-726],[-565,-1799],[-203,-697],[-170,-926],[-22,-419],[-34,-649],[22,-313],[23,-336],[0,-513],[45,-490],[-68,-472],[45,-537],[68,-443],[124,-1180],[23,-566],[203,-1021],[0,-30],[294,-572],[282,-531],[125,-171],[497,-378],[34,-24],[598,-306],[283,-195],[339,-248],[417,-177],[396,-88],[350,-89],[350,-65],[621,12],[407,-18],[282,-230],[23,-201],[-158,-342],[-429,-41],[-622,-12],[-271,-47],[-587,-24],[-260,-230],[-169,-212],[-396,-372],[-169,-348],[-23,-413],[-226,-348],[-384,-331],[-282,-295],[-474,-106],[-351,124],[-248,153],[-271,278],[-362,572],[-531,130],[-406,-41],[-520,-101],[-519,-159],[-802,-277],[0,-6],[-610,-284],[-531,-271],[-79,-41]],[[956523,812110],[-283,94],[-361,95],[-384,88],[-588,118],[-519,30],[-384,29],[-418,30],[-599,23],[-485,59],[-633,77],[-666,-106],[-283,-171],[-384,-213],[-497,195],[181,419],[147,324],[90,183],[90,219],[125,336],[237,502],[158,371],[-452,325],[-790,65],[-407,35],[-395,47],[-339,53],[-475,65],[-542,53],[-655,54],[-1389,94],[-949,77],[-859,76],[-429,30],[-610,47],[-463,59],[-373,59],[-463,106],[-350,77],[-361,71],[-384,41],[-622,-18],[-632,-23],[-610,41],[-339,65],[-486,89],[-339,88],[-463,53],[-768,65],[-870,35],[-135,6],[-813,42],[-644,29],[-802,6],[-757,-24],[-779,-35],[-464,-35],[-384,-48],[-418,-82],[-440,-148],[-192,-147],[-136,-283],[-135,-490],[-68,-177],[-384,-136],[-644,100],[-553,65],[-430,101],[-327,59],[-599,53],[-429,41],[-328,-159],[-305,-195],[-609,71],[-204,242],[-678,41],[-463,35],[-305,24],[-666,100],[-395,59],[-418,-11],[-350,-6],[-373,0],[-802,-6],[-746,12],[-836,-6],[-474,-6],[-395,-12],[-452,-543],[101,-354],[181,-206],[215,-260],[158,-342],[56,-289],[-90,-254],[-553,-142],[-1062,-124],[-746,-65],[-271,-6],[-531,124],[-361,118],[-339,148],[-328,106],[-338,-289],[406,-584],[362,-502],[452,-613],[-983,-18],[-1130,-47],[-1717,-65],[-960,-53],[-723,-30],[-869,-35],[-769,-36],[-1739,-70],[-938,-36],[-1942,-77],[-712,-41],[-633,-18],[-553,-17],[-508,12],[-610,41],[-621,53],[-656,77],[-677,-53],[-497,41],[-520,65],[-576,59],[-441,65],[-463,70],[-406,-147],[-158,-177],[-430,-12],[-372,-12],[-464,30],[-587,88],[-373,59],[-497,107],[-542,141],[-361,112],[-486,136],[-384,89],[-384,76],[-621,101],[-497,17],[-294,-171],[-192,-165],[-226,-189],[-226,-224],[-294,-378],[-305,-342],[-2078,372],[-1084,206],[-746,142],[-553,130],[-1570,395],[-497,478],[-588,153],[-497,95],[-553,112],[-384,124],[-316,183],[-464,206],[-474,183],[474,319],[-90,330],[-610,101],[-847,100],[-610,71],[-486,71],[-463,76],[-542,101],[-813,147],[-565,89],[-3976,572],[-226,-496],[-203,-419],[-486,-1032],[-395,47],[-418,53],[-576,89],[-362,118],[-519,188],[-1243,408],[-1762,595],[-576,-194],[-463,-177],[-23,-272],[125,-230],[293,-242],[305,-277],[147,-207],[237,-330],[-553,-195],[-418,42],[-644,0],[-689,0],[-644,17],[-395,65],[-599,118],[-384,41],[-497,0],[-305,36],[-395,88],[-497,242],[-305,195],[-339,207],[-328,188],[-372,219],[-373,218],[-294,165],[-305,160],[-452,224],[-248,141],[-350,166],[-384,129],[-576,166],[-531,147],[-407,89],[-373,70],[-497,-11],[-305,129],[-598,124],[-543,24],[-282,295],[-395,124],[-475,-71],[-395,-195],[-599,59],[-429,-76],[-474,-136],[-362,-29],[-519,35],[-339,41],[-339,118],[-384,242],[-441,0],[-305,41],[-666,118],[-249,207],[-338,77],[-430,-101],[-327,-17],[-441,12],[-655,-12],[-350,-201],[-486,35],[-474,148],[-226,53],[-542,-41],[-780,-236],[-610,23],[-418,-47],[-361,154],[-474,-107],[-317,36],[-508,-101],[-407,65],[-576,-53],[-384,-159],[-508,-177],[-520,-130],[-542,-118],[-485,77],[-385,-89],[-463,-218],[-598,88],[-362,71],[-418,47],[-418,-17],[-406,-89],[-418,-29],[-407,-213],[-452,-53],[-451,230],[-317,53],[-440,130],[-170,83],[-564,100],[-678,-23],[-373,-95],[-474,230],[-181,295],[-249,136],[-497,159],[-384,-65],[-576,18],[-395,-47],[-350,59],[-520,136],[-384,-30],[-418,171],[-248,201],[-486,147],[-418,-47],[-294,118],[-485,-23],[-384,-124],[-701,-71],[-384,59],[-587,136],[-362,206],[-169,289],[-599,107],[-463,141],[-327,12],[-350,165],[-577,-136],[204,-212],[-418,-171],[-463,118],[-328,35],[-508,-11],[-283,94],[-609,-47],[-317,-59],[-531,-53],[-610,65],[-338,82],[-497,-177],[-396,-189],[-339,-112],[-531,12],[-564,71],[-339,-142],[-621,148],[-226,253],[-34,325],[-79,201],[-644,147],[-520,-47],[-350,-53],[-294,-130],[-519,53],[-565,100],[-407,89],[-451,-171],[-181,-112],[-429,-154],[-418,71],[-644,6],[-700,53],[-407,106],[-576,12],[-237,-301],[-497,0],[-226,130],[-452,0],[-599,-65],[-293,-53],[-497,-177],[-475,0],[-373,94],[-293,101],[-373,177],[-45,312],[-621,154],[-159,218],[-497,224],[-214,248],[-271,112],[-486,83],[-429,100],[-712,-29],[-678,59],[-508,-136],[-271,-171],[-373,-248],[-135,-165],[-509,-124],[-564,-24],[-407,-118],[-520,-100],[-508,-47],[-598,-142],[-610,-53],[-520,-53],[-429,-295],[-136,-289],[-486,-236],[-587,-53],[-440,41],[-339,59],[-599,-41],[-339,-118],[-452,-160],[-530,-212],[-317,-207],[-237,-141],[-237,-160],[-328,-206],[-429,0],[-508,224],[-576,154],[-509,76],[-237,36],[-531,82],[-452,30],[-722,18],[-272,11],[-417,107],[-226,177],[-656,118],[-542,-136],[-474,-124],[-655,-124],[-475,-24],[-372,-5],[-373,0],[-407,29],[-497,12],[-395,-12],[-395,0],[-543,6],[-655,6],[-723,6],[-440,6],[-452,0],[-395,-53],[-317,-183],[-372,-231],[-464,-165],[-689,-82],[-519,70],[-316,-23],[-565,-36],[-689,-59],[-441,-35],[-610,-94],[-485,-89],[-701,-94],[-361,-12],[-542,-59],[-351,-6],[-350,112],[-316,301],[-587,-12],[-655,-41],[-656,-47],[-463,23],[-293,18],[-475,-41],[-598,-77],[-486,-53],[-192,-112],[-283,-248],[-666,-106],[-486,-18],[-429,18],[-486,-59],[-339,-71],[-395,-30],[-384,-11],[-666,129],[-543,36],[-372,-24],[-520,130],[-192,254],[-169,277],[-23,230],[181,236],[294,95],[101,336],[-519,230],[-452,124],[-621,35],[-509,-5],[-497,76],[-565,171],[-395,118],[-350,-17],[-542,112],[-226,136],[-260,177],[-474,218],[-543,136],[-327,94],[-384,47],[-678,-71],[-418,-94],[-508,-142],[-362,-106],[-519,-183],[-339,-118],[-520,-82],[-338,-42],[-418,24],[-509,-47],[-452,-65],[-372,-36],[-599,-5],[-373,23],[-406,30],[-328,17],[-429,-6],[-486,-23],[-463,-36],[-260,30],[-497,65],[-632,-65],[-441,12],[-565,12],[-553,41],[-802,71],[-599,59],[-452,47],[-519,29],[-644,48],[-712,59],[-689,88],[-621,106],[-440,101],[-509,129],[-508,142],[-531,142],[-598,70],[-385,6],[-474,30],[-599,159],[-271,124],[-259,154],[-294,218],[-339,313],[-350,324],[-339,154],[-565,-12],[-395,-207],[-463,-265],[-430,-278],[-293,-206],[-283,-183],[-418,-230],[-304,-142],[-407,-165],[-610,-266],[-373,-165],[-463,-206],[-440,-160],[-294,-112],[-452,-206],[-271,-95],[-362,-94],[-451,-77],[-486,-59],[-554,-35],[-700,-36],[-406,-11],[-317,0],[-508,23],[-429,24],[-576,-106],[-667,-6],[-418,11],[-395,-82],[-305,-36],[-644,-59],[-689,-35],[-463,-41],[-599,-136],[-384,-106],[-395,-59],[-407,-6],[-372,18],[-396,53],[-519,100],[-430,77],[-576,71],[-632,23],[-497,6],[-407,-12],[-599,-82],[-282,-83],[-384,-195],[-124,-135],[-170,-225],[-508,-183],[-452,-100],[-565,-77],[-914,-112],[-746,-100],[-316,-295],[-113,-395],[-147,-290],[-282,-206],[-622,-159],[-429,-30],[-531,12],[-610,65],[-836,124],[-756,130],[-497,64],[-543,24],[-892,-18],[-904,-53],[-711,-65],[-520,-70],[-361,-71],[-542,-36],[-599,24],[-520,47],[-372,59],[-464,118],[-350,71],[-440,65],[-621,23],[-667,24],[-497,-29],[-474,-59],[-554,-142],[-531,-142],[-429,-100],[-407,-41],[-451,-6],[-475,0],[-677,23],[-418,24],[-407,24],[-904,76],[-745,59],[-554,36],[-666,47],[-633,71],[-564,71],[-441,47],[-384,0],[-599,-77],[-406,-106],[-486,-95],[-294,-41],[-553,-18],[-373,18],[-497,-71],[-135,-206],[11,-171],[45,-213],[90,-171],[-169,-277],[-599,-195],[-361,-118],[-633,-65],[-384,-35],[-372,-65],[-351,-112],[-271,-124],[-316,-154],[-282,-123],[-339,-77],[-509,-53],[-463,-18],[-677,-18],[-531,-29],[-689,-53],[-452,-30],[-565,6],[-689,30],[-678,47],[-621,59],[-666,47],[-396,24],[-711,5],[-396,-17],[-384,-47],[-429,-71],[-610,-142],[-463,-141],[-497,-83],[-328,18],[-553,47],[-520,-47],[-542,-160],[-406,-171],[-260,-88],[-576,-42],[-317,36],[-384,88],[-463,154],[-531,159],[-305,89],[-542,29],[-406,-53],[-565,-159],[-407,-225],[-339,-147],[-372,-106],[-384,-83],[-351,-83],[-463,-159],[-395,-159],[-520,-230],[-372,-89],[-520,-12],[-316,30],[-520,71],[-576,88],[-407,42],[-384,11],[-531,-100],[-338,-283],[-362,-171],[-452,-12],[-632,47],[-294,-12],[-429,-94],[-418,-224],[-418,-231],[-497,-236],[-305,-94],[-384,-83],[-384,-47],[-486,-17],[-339,-12],[-429,12],[-452,41],[-452,53],[-609,41],[-418,-6],[-656,-41],[-530,-53],[-486,-71],[-328,-59],[-372,-77],[-384,-88],[-396,-112],[-440,-142],[-305,-94],[-407,-106],[-565,-113],[-982,-206],[-430,-130],[-350,-106],[-440,-171],[-441,-195],[-339,-159],[-790,-378],[-249,-59],[-655,-24],[-384,65],[-520,89],[-406,88],[-452,95],[-689,165],[-644,171],[-395,95],[-1141,165],[-1310,200],[-1062,-354],[-429,65],[-1243,165],[-836,130],[-983,148],[-214,0],[-441,-77],[-305,59],[-508,-23],[-463,-113],[-610,-23],[-497,-112],[-350,-213],[-260,-330],[-181,-289],[-203,-313],[-169,-230],[-125,-154],[-214,-177],[-339,-147],[-339,-77],[-452,-65],[-452,-17],[-474,17],[-418,71],[-373,106],[-237,118],[-531,236],[-395,95],[-588,135],[-338,71],[-317,77],[-406,153],[-170,118],[-271,189],[-237,148],[-429,183],[-452,153],[-757,212],[-1028,248],[-745,124],[-576,6],[-317,-59],[-406,-124],[-396,-112],[-361,-136],[-429,-200],[-407,-213],[-361,-206],[-305,-177],[-362,-189],[-305,-106],[-531,-177],[-802,-230],[-361,-77],[-463,6],[-497,254],[-226,271],[-328,348],[-339,148],[-598,70],[-531,6],[-689,-11],[-938,5],[-881,30],[-418,47],[-531,159],[-214,154],[-249,218],[-282,283],[-158,148],[-328,189],[-327,88],[-520,112],[-632,107],[-735,88],[-666,65],[-667,41],[-632,12],[-723,0],[-644,-29],[-587,-42],[-362,-41],[-655,-100],[-339,-53],[-440,-142],[-283,-289],[-248,-313],[-192,-130],[-610,-165],[-418,-47],[-689,-95],[-452,-112],[-542,-11],[-441,135],[-135,130],[-170,236],[-225,319],[-170,230],[-181,159],[-282,148],[-316,100],[-531,77],[-610,-130],[-667,-230],[-406,-136],[-249,-59],[-587,-59],[-497,6],[-633,88],[-587,201],[-429,148],[-542,129],[-463,107],[-464,65],[-621,59],[-678,29],[-350,0],[-598,-71],[-249,-100],[-519,-354],[-305,-242],[-317,-354],[-203,-236],[-271,-224],[-384,-272],[-486,-206],[-452,-95],[-305,-59],[-372,-106],[-317,-112],[-305,-165],[-124,-201],[-68,-165],[-248,-189],[-475,-100],[-338,-6],[-396,18],[-350,47],[-610,106],[-429,71],[-441,59],[-339,29],[-451,24],[-599,12],[-520,35],[-440,183],[79,224],[158,154],[486,383],[181,230],[33,331],[-293,307],[-283,141],[-519,12],[-452,-59],[-542,6],[-497,100],[-418,207],[-215,218],[-169,213],[-271,188],[-362,118],[-542,124],[-542,160],[-588,194],[-530,112],[-362,6],[-2123,112],[-746,54],[-508,53],[-396,70],[-417,124],[-339,136],[-294,148],[-395,82],[-463,-94],[-351,-130],[-316,-118],[-350,-124],[-531,-94],[-508,-53],[-565,-18],[-565,23],[-926,95],[-666,124],[-497,88],[-396,95],[-542,206],[-350,154],[-497,100],[-689,24],[-520,171],[-192,135],[-248,195],[-622,189],[-451,-6],[-373,-18],[-678,77],[-350,24],[-497,0],[-305,11],[-576,107],[-723,230],[-305,100],[-474,0],[-430,-100],[-474,-71],[-384,-6],[-350,18],[-396,59],[-621,171],[-644,183],[-395,118],[-384,82],[-361,18],[-701,-47],[-406,-212],[-181,-183],[-441,-537],[-305,-313],[-169,-89],[-452,-106],[-700,-18],[-542,-35],[-565,-71],[-531,-100],[-418,-136],[-474,-224],[-463,-325],[-452,-336],[-497,-336],[-373,-260],[-282,-171],[-249,-142],[-328,-194],[-542,-171],[-406,-48],[-565,-11],[-746,23],[-564,47],[-554,65],[-519,112],[-565,148],[-260,71],[-407,112],[-677,212],[-848,195],[-903,183],[-768,147],[-599,77],[-508,77],[-497,59],[-373,71],[-361,100],[-497,201],[-599,224],[-847,271],[-305,77],[-542,-30],[-407,-82],[-712,-136],[-756,-94],[-531,-65],[-509,-24],[-497,18],[-474,35],[-497,65],[-486,95],[-361,23],[-599,-130],[-226,-100],[-293,-183],[-204,-112],[-327,-230],[-204,-295],[-113,-165],[-271,-248],[-632,-142],[-430,89],[-271,82],[-892,284],[-497,129],[-655,36],[-328,-71],[-305,-130],[-418,-200],[-316,-166],[-508,-230],[-373,-118],[-294,-71],[-632,-82],[-972,-89],[-1457,-71],[-519,-23],[-610,-12],[-904,-6],[-734,24],[-508,53],[-509,88],[-372,124],[-328,142],[-260,171],[-192,254],[-124,248],[-339,306],[-294,142],[-463,124],[-497,59],[-643,-12],[-769,-71],[-451,-70],[-497,-107],[-486,-100],[-362,-94],[-542,-107],[-1796,-94],[-655,-18],[-373,-59],[-632,-130],[-486,-17],[-1231,124],[-802,112],[-520,77],[-361,59],[-373,129],[-327,189],[-260,230],[-170,207],[-90,195],[79,259],[169,124],[588,277],[711,307],[825,354],[407,201],[90,236],[-497,206],[-350,183],[-350,213],[-158,136],[-181,247],[-102,301],[-45,242],[-79,189],[-158,236],[-283,254],[-305,289],[-271,218],[-305,195],[-576,283],[-576,295],[-293,189],[-170,254],[57,212],[-215,307],[-11,313],[-271,147],[-226,183],[-113,177],[-68,224],[11,290],[57,312],[90,331],[57,212],[0,177],[-102,266],[-192,248],[-90,336],[203,201],[486,230],[406,159],[373,313],[90,295],[-56,230],[-429,236],[-373,88],[-734,101],[-735,65],[-542,11],[-361,-53],[-396,-171],[-192,-165],[-33,-266],[-12,-212],[-113,-254],[-700,24],[-260,177],[-226,224],[-169,218],[-271,189],[-667,-53],[-1186,-377],[-1287,-378],[-848,-207],[-282,-53],[-440,-17],[-497,100],[-272,100],[-327,118],[-655,95],[-350,-213],[56,-195],[158,-460],[158,-454],[46,-254],[-23,-348],[-113,-201],[-554,-118],[-542,65],[-305,53],[-576,89],[-621,29],[-474,-82],[-486,-236],[-203,-183],[-147,-213],[-79,-188],[-79,-225],[-57,-277],[-34,-271],[0,-130],[68,-254],[23,-195],[-226,-277],[-328,-124],[-576,-35],[-678,65],[-406,82],[-509,142],[-429,165],[-282,159],[-215,295],[-56,231],[-23,200],[-11,301],[-11,331],[-23,135],[-429,242],[-565,-112],[-452,-177],[-689,-254],[-339,-153],[-316,-148],[-294,-265],[-124,-242],[-136,-277],[-519,-242],[-712,-101],[-418,-118],[-192,-289],[-67,-177],[-565,-165],[-531,118],[-418,254],[-350,130],[-305,82],[-475,24],[-384,-42],[-451,-141],[-430,-289],[-158,-136],[45,-266],[554,-194],[406,-177],[125,-166],[237,-289],[282,-129],[294,-325],[-373,-218],[-474,-260],[-418,-136],[-441,0],[-497,-200],[-440,-112],[-373,-12],[-384,29],[-486,83],[-361,153],[-520,53],[-259,-218],[11,-177],[22,-230],[-440,-94],[-497,265],[-181,283],[-237,177],[-328,65],[-553,24],[-350,6],[-497,-213],[90,-218],[-34,-189],[102,-224],[-34,-301],[-452,-53],[-327,88],[-486,154],[-294,35],[-519,-12],[-351,-65],[-587,0],[-407,0],[-113,272],[136,212],[203,142],[430,171],[406,65],[328,47],[305,213],[-339,289],[-452,-18],[-350,-53],[-497,-112],[-418,-71],[-599,35],[-440,-100],[-294,-165],[-452,-65],[-384,295],[215,201],[-373,230],[-655,147],[-565,-94],[-293,-124],[-407,-266],[-328,-118],[-372,-64],[-543,82],[-248,213],[90,230],[125,324],[0,248],[-238,124],[-542,159],[-350,-100],[-113,-195],[-384,-218],[-689,-12],[56,277],[272,89],[203,201],[0,171],[-373,165],[-486,83],[-508,230],[-113,306],[-260,213],[-418,41],[-429,266],[271,307],[204,306],[67,278],[-282,295],[-339,76],[-384,65],[-474,201],[-57,183],[-248,271],[-576,154],[-215,212],[-474,266],[-464,-24],[-508,-77],[-395,-159],[-271,-289],[34,-254],[-317,-130],[-519,-17],[-215,-136],[-508,-88],[-328,153],[-124,195],[0,324],[-113,337],[-440,118],[-565,-113],[-565,-218],[-474,-83],[-317,48],[-339,171],[-225,301],[-68,153],[-226,189],[-181,254],[249,189],[-46,342],[-327,183],[-192,194],[-124,331],[-159,236],[-271,283],[-169,230],[-395,112],[-610,-35],[-463,6],[-475,29],[-418,48],[-452,64],[-531,89],[-327,12],[-508,12],[-441,11],[-407,-53],[-180,-318],[11,-183],[-79,-242],[79,-289],[147,-230],[-271,-337],[-655,6],[-238,201],[-316,330],[-553,47],[-373,-100],[-463,-136],[-429,-112],[-418,-112],[-497,-118],[-362,-88],[-587,-89],[-463,-41],[-655,-18],[-915,0],[-791,30],[-971,23],[-712,71],[-1796,230],[-1186,159],[-960,118],[-712,89],[-937,130],[-588,141],[-282,142],[-260,153],[-316,89],[-429,71],[-1141,147],[-1209,154],[-1333,129],[-1028,113],[-722,100],[-836,130],[-655,47],[-769,-12],[-542,-12],[-531,-59],[-485,-70],[-599,-142],[-553,-148],[-543,-159],[-576,-47],[-610,59],[-361,59],[-463,0],[-689,-100],[-396,-54],[-327,-23],[-1175,29],[-632,95],[-475,200],[-361,278],[-204,124],[-327,147],[-384,136],[-317,118],[-372,301],[-136,212],[-169,254],[-463,224],[-441,95],[-644,82],[-1389,101],[-362,-12],[-587,-142],[-237,-136],[-192,-183],[-226,-312],[-260,-201],[-248,-124],[-260,-171],[-339,-324],[-158,-172],[-373,-165],[-700,-53],[-418,18],[-486,35],[-429,36],[-633,-42],[-621,-165],[-339,-130],[-508,-253],[-441,-213],[-384,-206],[-316,-130],[-305,-71],[-418,-24],[-395,30],[-565,147],[-305,254],[-147,207],[-101,218],[-113,230],[-328,230],[-305,71],[-553,41],[-678,48],[-621,70],[-599,83],[-361,65],[-497,71],[-712,41],[-474,-24],[-825,-65],[-870,-23],[-406,18],[-384,29],[-339,47],[-531,124],[-723,195],[-407,100],[-350,71],[-486,12],[-338,-41],[-577,-54],[-519,-17]],[[334538,824112],[192,206],[-136,283],[-406,313],[34,891],[463,195],[90,212],[113,254],[-441,195],[-406,130],[-723,183],[-542,129],[-610,242],[-926,419],[-1378,472],[-904,579],[-655,619],[-576,325],[-667,100],[-881,71],[-598,230],[-1040,378],[-723,413],[-903,365],[-441,42],[-327,130],[-113,253],[90,478],[170,425],[248,395],[542,691],[475,366],[745,230],[1017,41],[711,83],[689,183],[554,265],[305,384],[248,495],[79,744],[170,454],[56,337],[-56,212],[-441,313],[-248,224],[56,254],[350,165],[644,419],[1695,755],[835,820],[283,879],[1118,673],[1028,950],[-56,885],[-57,573],[282,454],[136,561],[45,601],[102,779],[-373,472],[-56,136],[530,620],[373,472],[-282,277],[-791,596],[-384,490],[-22,484],[802,483],[124,207],[-68,230],[-689,879],[-452,903],[667,903],[1039,932],[1581,956],[892,484],[441,242],[56,53],[0,354],[-327,283],[-847,396],[-938,377],[-406,272],[-249,466],[-147,118],[-384,224],[-293,112],[-1209,266],[-1231,271],[-633,171],[-553,30],[-1152,112],[-1074,59],[-994,165],[-982,331],[-1130,537],[-519,283],[-362,348],[-214,496],[-441,537],[-734,566],[-1378,850],[-1898,962],[-813,578],[-667,383],[-1287,378],[-328,189],[-226,307],[-135,230],[0,324],[-23,437],[-22,283],[0,366],[-80,608],[-135,1510],[-249,449],[-271,183],[-576,-12],[-576,-153],[-226,-154],[-418,-112],[-384,142],[-79,365],[91,366],[-12,42],[-34,660],[430,868],[146,549],[-11,29],[-373,685],[-576,424],[159,980],[497,1156],[101,325],[11,283],[12,437],[271,578],[113,95],[68,271],[293,980],[237,655],[-463,489]],[[313607,881407],[1875,307],[497,213],[226,153],[520,201],[384,59],[813,106],[565,71],[407,88],[519,224],[441,266],[327,218],[271,224],[339,272],[215,206],[237,236],[226,195],[361,254],[294,165],[249,94],[485,160],[655,88],[633,136],[441,207],[327,29],[554,-35],[316,11],[429,42],[362,65],[395,118],[282,112],[317,147],[203,154],[203,159],[384,106],[317,83],[316,277],[147,218],[293,136],[644,-17],[283,-71],[485,-77],[418,12],[520,200],[373,242],[508,201],[271,18],[519,135],[486,130],[339,-12],[395,219],[396,271],[101,201],[497,94],[317,83],[463,88],[632,77],[509,35],[553,-23],[373,-142],[-113,-212],[-282,-142],[327,-289],[294,-59],[598,6],[441,94],[350,0],[441,-29],[508,-53],[294,-112],[643,-142],[464,35],[293,12],[441,-29],[542,-177],[350,-148],[587,-77],[362,83],[260,124],[677,100],[192,219],[238,242],[271,129],[474,-29],[271,-65],[486,29],[271,142],[486,24],[531,-65],[655,-101],[440,89],[226,165],[158,319],[430,136],[271,283],[180,212],[-79,337],[294,206],[-34,295],[-22,289],[508,260],[34,200],[45,213],[34,165],[203,254],[407,301],[327,153],[441,236],[-79,189],[-170,165],[-79,207],[-56,183],[-68,277],[192,183],[181,289],[463,-35],[248,-207],[384,-141],[531,-59],[350,118],[475,-107],[-237,-253],[553,-160],[407,59],[463,95],[395,177],[531,118],[486,-47],[440,159],[531,59],[373,-218],[339,-313],[135,-148],[68,-248],[621,-76],[441,236],[407,17],[553,-59],[576,-76],[633,118],[531,0],[350,-136],[508,-153],[474,-71],[599,-24],[328,6],[485,47],[633,166],[520,70],[372,148],[599,-112],[248,171],[113,218],[215,171],[689,59],[361,-118],[407,-135],[441,-136],[395,-89],[542,-41],[294,6],[463,41],[294,71],[497,106],[677,-35],[497,59],[497,71],[328,17],[407,-47],[564,-112],[430,-142],[350,-200],[113,-195],[90,-165],[497,-165],[418,-59],[395,-118],[283,-148],[192,-313],[158,-271],[102,-183],[214,-201],[689,-76],[508,171],[102,212],[316,260],[531,183],[554,136],[644,106],[384,71],[418,94],[734,183],[305,100],[598,101],[396,-24],[666,-124],[294,-112],[316,-159],[621,165],[-113,265],[-248,337],[-249,301],[-33,147],[0,236],[395,242],[520,18],[316,-12],[361,-283],[-34,-260],[91,-301],[135,-324],[0,-236],[283,-177],[429,106],[248,136],[554,129],[327,-106],[464,41],[666,136],[520,154],[350,17],[553,-159],[362,-124],[327,-71],[249,-194],[214,-290],[350,-82],[486,-148],[305,-100],[192,-201],[350,-295],[215,-147],[361,-95],[384,124],[283,71],[486,24],[338,-278],[-214,-118],[-283,-200],[91,-213],[576,-124],[373,142],[372,159],[622,142],[689,88],[519,0],[486,-82],[271,-65],[395,-183],[170,-348],[56,-283],[113,-219],[249,-248],[305,-106],[632,-35],[396,-100],[643,-118],[486,-6],[644,-95],[542,-17],[328,-225],[22,-177],[91,-230],[90,-183],[169,-336],[272,-189],[474,-153],[328,-42],[485,0],[407,42],[508,112],[429,53],[565,18],[644,-36],[520,-195],[474,-23],[373,35],[519,12],[565,-106],[316,-130],[464,-171],[564,-77],[373,112],[181,183],[587,160],[429,17],[486,-230],[102,-177],[56,-277],[-34,-213],[125,-348],[169,-130],[90,-224],[-22,-336],[56,-354],[-90,-224],[-79,-148],[-124,-254],[225,-336],[430,124],[260,177],[237,242],[418,295],[395,224],[361,171],[373,165],[429,189],[418,160],[599,177],[565,118],[452,53],[282,12],[508,-18],[542,-53],[317,-71],[406,-183],[34,-201],[-248,-183],[-486,-135],[-203,-195],[395,-271],[463,-12],[373,71],[452,241],[124,189],[68,260],[158,201],[68,159],[11,277],[-56,195],[-204,248],[-248,183],[-158,230],[113,183],[485,112],[712,47],[474,0],[396,-29],[316,-54],[418,-82],[632,-112],[610,-95],[463,-76],[373,-89],[633,-83],[452,-94],[677,-118],[305,12],[475,118],[587,100],[350,148],[407,100],[282,118],[158,224],[260,130],[486,112],[384,47],[486,24],[384,47],[542,-35],[248,-142],[339,-88],[283,-207],[158,-295],[-305,-224],[-430,-272],[-11,-236],[-101,-253],[-204,-207],[-181,-218],[-135,-177],[-305,-272],[-373,-312],[192,-260],[610,-94],[463,-30],[452,6],[655,65],[429,159],[147,266],[-113,301],[-22,360],[56,330],[588,195],[451,23],[362,-11],[519,-36],[339,-47],[407,-6],[689,-94],[395,-148],[328,-195],[124,-218],[91,-206],[237,-290],[282,-295],[102,-336],[101,-206],[-22,-213],[-34,-313],[90,-194],[46,-207],[158,-195],[214,-224],[260,-218],[384,-177],[373,-30],[486,-41],[237,-29],[542,11],[350,24],[655,-41],[486,-95],[440,-59],[362,24],[610,82],[463,59],[621,154],[215,82],[440,183],[475,195],[418,207],[282,242],[497,218],[384,153],[215,124],[485,106],[690,36],[440,-100],[373,-284],[192,-112],[497,-130],[700,42],[463,11],[689,-11],[441,-42],[339,-23],[395,-42],[384,-29],[576,-41],[328,-160],[34,-265],[90,-230],[124,-278],[-22,-371],[-102,-177],[-23,-248],[328,-219],[542,-147],[271,-295],[124,-201],[215,-271],[68,-260],[11,-212],[-147,-171],[-101,-301],[11,-230],[-79,-177],[237,-242],[429,-278],[249,-112],[666,0],[316,124],[464,183],[576,207],[463,11],[666,-88],[441,-100],[564,-201],[464,-71],[271,-47],[485,-195],[317,-165],[271,-201],[237,-218],[-11,-218],[-350,-284],[-396,-76],[-282,-47],[-429,-118],[-136,-260],[542,-213],[339,-76],[407,-42],[305,-17],[485,-42],[531,-129],[486,-30],[294,-18],[542,-41],[463,-23],[384,-24],[553,-59],[452,-106],[350,-95],[328,-53],[599,-29],[452,82],[282,89],[305,147],[271,260],[553,206],[384,160],[159,183],[146,189],[46,259],[180,183],[509,218],[440,-88],[542,-148],[396,-277],[-23,-236],[23,-183],[101,-224],[294,-242],[350,-100],[418,23],[633,-112],[305,-100],[485,-218],[170,-172],[293,-230],[520,-177],[508,6],[294,0],[441,118],[384,83],[451,71],[373,64],[418,59],[576,95],[475,41],[655,-147],[440,-130],[441,41],[327,-41],[407,-112],[655,-47],[294,206],[-45,272],[-497,253],[-91,189],[-339,242],[-237,177],[-147,207],[-519,112],[-328,59],[-666,94],[-328,260],[384,153],[317,289],[497,77],[429,-24],[395,-159],[531,224],[429,171],[621,-65],[317,-76],[316,-142],[542,-200],[576,-178],[260,-88],[362,-130],[372,-94],[384,-136],[317,-118],[497,-153],[451,-65],[633,-65],[181,-236],[-68,-230],[-124,-360],[-181,-242],[-339,-171],[-350,-242],[-170,-165],[-248,-195],[-294,-266],[283,-200],[372,-201],[283,-148],[440,-100],[215,-147],[373,-171],[406,17],[249,195],[192,289],[113,195],[327,248],[249,124],[169,253],[271,230],[181,154],[147,230],[147,242],[203,142],[395,129],[509,48],[474,-59],[396,-107],[271,-112],[226,-206],[497,-225],[338,-206],[170,-89],[519,-407],[305,-224],[159,-189],[180,-342],[-22,-236],[-238,-319],[-293,-324],[-475,-472],[-146,-272],[-351,-289],[-259,-183],[-283,-118],[-474,-165],[135,-242],[-542,-260],[-305,-135],[-418,-165],[-474,-172],[-734,-212],[-339,-53],[-429,-148],[-238,-100],[-124,-271],[-11,-207],[68,-248],[101,-194],[237,-307],[181,-118],[339,-242],[192,-148],[339,-171],[373,-319],[485,-182],[441,-42],[644,12],[598,-12],[667,12],[452,18],[395,130],[316,118],[475,-107],[395,-76],[384,-71],[497,-41],[328,-77],[384,-154],[564,-200],[294,-101],[373,-141],[486,-148],[237,-65],[463,-118],[768,-206],[520,-171],[553,-160],[282,-141],[509,-171],[632,-201],[497,-206],[317,-130],[203,-154],[305,-342],[203,-183],[260,-348],[-395,0],[-509,-24],[-553,-17],[-667,-106],[-576,64],[-700,48],[-599,-166],[-451,54],[-373,35],[-350,88],[-633,-11],[-395,-118],[-305,-160],[-633,-159],[-519,-218],[-396,-136],[-147,-354],[-203,-177],[-282,-266],[-91,-230],[-124,-318],[124,-242],[91,-313],[-328,-325],[45,-289],[-56,-253],[-124,-195],[-12,-342],[57,-172],[135,-206],[441,-106],[226,-337],[373,-65],[248,-123],[407,-225],[124,-153],[90,-212],[-11,-183],[-294,-201],[-101,-159],[-159,-236],[34,-166],[34,-283],[79,-212],[-45,-266],[-181,-283],[-248,-195],[-305,-200],[-373,-95],[-508,-53],[11,-236],[-610,-136],[-305,160],[-406,236],[-271,-36],[-452,-94],[-610,-124],[-34,-301],[45,-348],[-282,-94],[-509,-83],[-259,47],[-407,106],[-633,65],[-361,59],[-520,-17],[-327,-95],[-249,-147],[-542,-65],[-418,29],[-350,47],[-361,48],[-486,59],[-542,0],[-520,6],[-599,88],[-271,53],[-519,89],[-317,59],[-485,112],[-328,88],[-486,59],[-282,42],[-452,94],[-293,59],[-588,148],[-406,153],[-610,153],[-520,-100],[-226,-212],[-316,-65],[-463,53],[-396,-12],[-338,-35],[-565,-12],[-599,118],[-361,112],[-588,-12],[-474,-35],[-294,-6],[-508,-47],[-260,-124],[-282,-171],[-147,-213],[-350,-265],[-249,-124],[-56,-348],[316,-172],[260,-123],[305,-295],[-113,-213],[-441,-330],[-226,-219],[-124,-141],[0,-343],[260,-312],[135,-189],[-79,-218],[-485,-248],[-644,-160],[-689,-17],[-813,59],[-464,23],[-338,0],[-418,-41],[-622,-106],[-361,-106],[-361,-136],[-362,-277],[90,-231],[260,-224],[294,-248],[113,-129],[56,-266],[-192,-218],[-316,-101],[-395,-82],[-339,-53],[-531,-195],[-282,-148],[-283,-123],[-361,-107],[-339,-59],[-407,-35],[-384,6],[-429,29],[-384,53],[-395,36],[-384,-12],[-418,-41],[-373,-65],[-396,-100],[-847,-219],[-598,-136],[-531,-100],[-249,-136],[-56,-212],[-294,-189],[-327,-82],[-565,-95],[-396,-71],[-384,-70],[-372,-113],[-384,-112],[-520,-147],[-621,-159],[-542,-113],[-384,-82],[-317,-254],[12,-242],[112,-289],[46,-142],[-12,-253],[-67,-160],[-204,-330],[-406,-466],[-418,-443],[-463,-507],[-226,-289],[-45,-154],[33,-230],[260,-242],[305,-100],[339,-89],[328,-65],[587,-82],[1073,-71],[554,-53],[417,-100],[622,-183],[384,-53],[361,-12],[554,-36],[327,-188],[23,-225],[192,-289],[90,-177],[91,-218],[45,-272],[79,-224],[203,-242],[215,-100],[406,-136],[656,-189],[271,-112],[305,-318],[282,-319],[282,-177],[192,-224],[34,-142],[12,-277],[-12,-325],[12,-360],[113,-289],[530,-242],[441,-71],[350,-17],[418,0],[474,23],[644,53],[486,36],[486,6],[305,-24],[553,-88],[396,-207],[79,-171],[146,-330],[136,-284],[169,-242],[362,-194],[327,-59],[441,-77],[452,-159],[203,-166],[45,-271],[-22,-165],[169,-331],[475,-65],[519,-35],[418,-153],[34,-160],[-68,-307],[237,-177],[328,-70],[429,-89],[249,-189],[-46,-289],[0,-283],[260,-212],[362,-124],[576,-118],[463,-48],[305,-6],[565,48],[576,106],[327,41],[441,-100],[248,-207],[407,-301],[271,-112],[429,-129],[260,-101],[147,-254],[-90,-271],[180,-254],[-147,-277],[-45,-212],[418,-136],[339,-278],[486,-64],[666,-59],[508,11],[351,30],[429,65],[339,41],[519,47],[610,36],[633,29],[440,6],[1152,-41],[1153,-53],[508,-30],[474,-35],[441,-53],[486,-160],[124,-159],[-45,-289],[-204,-177],[-135,-336],[113,-225],[147,-159],[214,-171],[565,-95],[305,0],[452,18],[429,30],[384,23],[542,59],[452,71],[553,130],[396,100],[565,101],[451,35],[441,18],[576,11],[791,0],[903,0],[1017,-17],[745,-12],[407,6],[610,59],[282,12],[486,0],[429,17],[644,89],[542,88],[396,12],[429,0],[508,0],[678,-18],[486,-11],[339,-24],[429,-88],[497,-172],[237,-106],[666,-354],[543,-254],[203,-94],[395,-236],[204,-189],[225,-218],[136,-248],[56,-218],[113,-260],[68,-218],[12,-283],[-34,-177],[22,-284],[124,-153],[249,-289],[34,-219],[-45,-224],[-249,-342],[-181,-242],[-45,-171],[-113,-342],[-113,-343],[181,-224],[260,-77],[373,-147],[338,-106],[520,-142],[531,-183],[282,-112],[396,-112],[463,83],[384,76],[395,225],[215,171],[316,129],[520,154],[361,83],[508,64],[633,142],[531,124],[486,112],[248,94],[542,113],[373,-183],[56,-343],[-11,-206],[-45,-277],[-68,-166],[-158,-224],[-181,-212],[384,-307],[486,-59],[475,-65],[835,-177],[543,-47],[508,23],[429,53],[441,89],[361,124],[463,124],[475,-30],[485,-106],[520,-118],[452,-112],[926,-295],[486,-65],[395,59],[712,142],[700,147],[452,118],[372,142],[497,189],[407,88],[520,94],[553,95],[520,83],[497,47],[316,29],[463,83],[328,106],[271,153],[226,124],[440,177],[396,195],[180,195],[238,289],[203,266],[565,94],[553,-142],[407,-76],[293,-59],[486,-124],[316,-118],[339,-130],[418,-177],[497,-213],[565,54],[565,70],[361,-6],[463,24],[576,118],[373,177],[170,212],[485,207],[350,177],[-327,230],[-158,236],[-147,348],[124,177],[271,248],[565,165],[599,124],[677,107],[475,-166],[395,-82],[565,141],[226,189],[248,201],[520,212],[542,159],[531,177],[531,178],[350,123],[463,101],[531,59],[576,-71],[373,-136],[463,-248],[203,-159],[396,-118],[350,6],[463,-71],[531,53],[452,106],[293,89],[396,142],[282,124],[497,241],[384,124],[554,225],[429,194],[418,142],[384,106],[305,77],[474,106],[463,89],[418,100],[271,130],[260,159],[373,248],[655,454],[361,260],[362,248],[203,194],[91,154],[158,295],[271,218],[282,242],[170,230],[169,171],[407,166],[305,88],[463,124],[474,71],[463,35],[283,-6],[621,-47],[655,-118],[531,-242],[474,-94],[475,-24],[497,171],[542,266],[474,277],[588,366],[293,195],[249,171],[248,135],[147,237],[-68,200],[-225,189],[-351,212],[-327,65],[-599,-29],[-621,-95],[-542,-76],[-384,-18],[-486,153],[-203,113],[-238,194],[-90,189],[-22,254],[56,218],[136,201],[169,236],[429,295],[475,230],[237,124],[181,189],[180,277],[249,112],[565,272],[564,253],[407,65],[497,148],[373,135],[610,172],[361,147],[282,136],[599,218],[723,266],[746,289],[576,212],[587,183],[542,148],[554,118],[395,-24],[395,-153],[192,-213],[136,-165],[45,-201],[-158,-277],[-45,-183],[11,-319],[11,-271],[57,-248],[203,-313],[203,-365],[170,-307],[124,-195],[215,-212],[339,-295],[305,-354],[372,-195],[79,-195],[79,-289],[159,-325],[45,-236],[497,-159],[497,-12],[565,148],[316,165],[248,159],[418,272],[170,253],[67,178],[68,212],[192,153],[192,254],[181,354],[328,248],[214,136],[215,165],[327,307],[317,218],[180,254],[-113,153],[-203,342],[-158,260],[-136,266],[-113,330],[-67,236],[-57,248],[-45,236],[0,201],[45,318],[-11,248],[-57,248],[-101,206],[-147,254],[-79,195],[-68,195],[-56,253],[-79,396],[-159,454],[-101,265],[-113,201],[-113,171],[-170,201],[-56,230],[271,277],[474,278],[283,200],[316,301],[102,266],[-113,354],[-203,342],[-170,289],[-124,336],[22,254],[136,230],[271,260],[271,236],[192,189],[136,271],[56,154],[350,200],[384,53],[272,183],[282,177],[282,160],[746,401],[395,236],[271,260],[350,100],[362,112],[463,136],[373,76],[361,30],[373,0],[576,-6],[542,-18],[633,-29],[768,-6],[666,0],[746,-18],[418,53],[463,207],[485,65],[656,-30],[406,-100],[509,-89],[440,-23],[384,-77],[542,-230],[79,-271],[125,-166],[395,-147],[576,-124],[587,-136],[430,-71],[700,-29],[282,254],[283,253],[147,107],[508,436],[305,254],[339,183],[248,254],[203,212],[294,236],[339,277],[407,319],[305,260],[474,348],[305,206],[486,266],[305,130],[316,159],[169,112],[351,248],[237,165],[440,183],[362,47],[429,47],[429,36],[644,65],[418,76],[565,54],[463,47],[384,165],[203,142],[192,171],[271,165],[351,230],[338,218],[226,124],[452,219],[339,135],[384,272],[237,124],[633,11],[576,24],[316,130],[237,177],[91,248],[248,212],[249,112],[237,225],[90,159],[102,283],[440,130],[305,-100],[554,-154],[248,-77],[464,-159],[485,-177],[249,-165],[158,-224],[0,-201],[102,-336],[192,-319],[214,-307],[158,-189],[283,-289],[203,-189],[305,-330],[565,-201],[293,-94],[418,-118],[362,-159],[486,-266],[282,-142],[418,-206],[-124,-271],[-113,-172],[-192,-200],[-407,-165],[45,-236],[418,-207],[305,-147],[328,-319],[113,-189],[338,-295],[543,-88],[259,-101],[305,-130],[464,-76],[384,-83],[293,-106],[373,-148],[328,-129],[463,-160],[316,-118],[328,-224],[135,-248],[395,-206],[407,-201],[203,-130],[407,-195],[237,-112],[305,-224],[305,-265],[203,-254],[418,-213],[351,-64],[350,-59],[531,200],[384,224],[101,160],[57,206],[79,171],[124,260],[237,289],[452,207],[339,106],[441,147],[564,177],[452,130],[373,36],[395,70],[418,107],[271,65],[429,64],[509,42],[587,165],[542,236],[317,171],[282,313],[226,348],[395,177],[373,35],[407,59],[305,18],[451,-47],[497,-118],[452,-136],[350,-71],[475,-70],[271,-236],[237,-130],[542,-71],[373,-77],[316,-82],[1107,-142],[486,-59],[407,-47],[361,-47],[554,129],[112,166],[102,253],[192,520],[192,436],[181,283],[327,349],[577,460],[158,124],[418,248],[531,200],[881,171],[5636,543],[1615,160],[1887,224],[869,147],[757,171],[475,219],[237,200],[293,337],[1107,2549],[1141,2767],[610,1198],[373,738],[712,991],[756,661],[893,560],[1570,891],[1547,756],[7738,3747],[6065,2832],[2700,1109],[7229,2962],[3434,1458],[3422,1451],[1774,974],[1220,979],[847,980],[847,1304],[2078,3794],[520,608],[632,519],[848,396],[1084,300],[1186,142],[2203,230],[3117,325],[1864,194],[2157,278],[633,71],[440,41],[667,71],[632,118],[441,94],[429,59],[407,41],[508,65],[497,-29],[384,77],[576,-18],[226,260],[158,247],[554,101],[485,124],[385,147],[259,77],[509,171],[282,183],[576,189],[316,94],[238,136],[361,248],[215,147],[203,230],[124,337],[158,395],[113,283],[-11,272],[-124,365],[-136,213],[-101,313],[-147,377],[-192,307],[-204,165],[-169,236],[-644,130],[-373,248],[-293,177],[-497,30],[-689,-12],[-373,230],[-418,248],[-350,230],[-441,307],[-565,472],[-553,454],[-429,342],[-328,177],[-666,130],[-271,301],[-181,153],[-328,177],[-451,201],[-475,254],[11,289],[339,201],[294,194],[68,142],[-271,236],[-430,159],[-203,289],[486,213],[508,112],[350,100],[260,101],[395,94],[339,41],[475,12],[644,-12],[451,-6],[667,-59],[305,-100],[350,-165],[508,-118],[339,29],[418,124],[395,171],[136,166],[-79,224],[-237,206],[-215,160],[-226,153],[-305,148],[-553,171],[-384,206],[-125,171],[-282,189],[-294,154],[-779,336],[-463,88],[-249,6],[-463,207],[-124,183],[-68,265],[305,307],[407,142],[327,71],[486,70],[520,65],[734,95],[463,70],[520,42],[700,12],[497,-77],[203,-77],[362,-171],[350,-218],[395,-201],[283,-147],[350,-278],[282,-242],[486,-259],[79,-219],[124,-259],[181,-171],[452,-213],[587,-212],[520,-183],[463,-230],[339,-160],[316,-118],[395,-135],[328,-124],[305,-242],[34,-207],[259,-265],[339,-189],[283,-136],[587,-153],[576,82],[384,89],[542,-65],[238,-201],[429,-354],[-34,-324],[45,-159],[192,-207],[237,-236],[249,-112],[508,18],[418,-12],[181,-219],[135,-295],[215,-318],[113,-177],[-170,-289],[-79,-201],[317,-201],[384,-47],[508,-141],[271,-130],[361,-171],[418,-160],[362,-112],[294,-106],[463,-248],[372,-301],[159,-212],[135,-354],[102,-213],[203,-289],[407,-248],[406,-171],[34,-271],[204,-171],[305,-171],[440,-266],[147,-277],[-170,-160],[-361,-159],[-203,-230],[22,-295],[79,-148],[678,18],[723,130],[407,71],[474,41],[362,24],[463,41],[519,41],[667,6],[395,-59],[203,-183],[-11,-254],[-11,-295],[22,-200],[158,-354],[170,-224],[316,-431],[1469,-272],[3806,-637],[2429,-407],[1412,-236],[519,-100],[316,-101],[565,-242],[407,-147],[350,-100],[1107,-225],[2011,-419],[2677,-507],[2372,-437],[2880,-560],[3230,-614],[2678,-531],[1039,-201],[610,-70],[598,-48],[1649,18],[1525,41],[2474,-6],[3750,6],[3027,0],[2768,0],[3874,-6],[2880,36],[4191,-24],[4789,18],[4756,12],[3705,0],[3840,12],[881,5],[1932,12],[519,-12],[542,-5],[102,141],[474,325],[893,-30],[463,-41],[373,-59],[372,-18],[814,18],[903,-12],[689,-65],[339,-71],[396,-88],[948,-177],[181,59],[407,242],[452,-6],[542,6],[316,29],[1118,248],[-135,277],[-407,349],[237,183],[486,241],[23,360],[271,183],[576,18],[339,6],[395,-30],[553,-135],[565,-160],[588,30],[406,53],[418,24],[395,23],[543,124],[327,301],[192,266],[226,289],[170,189],[271,236],[282,123],[497,130],[565,89],[474,-106],[418,-36],[644,6],[407,-94],[214,-189],[170,-313],[406,-100],[328,-89],[282,-141],[407,-6],[520,-18],[384,-242],[508,-147],[599,-71],[519,-118],[316,-89],[102,-253],[0,-236],[474,-48],[599,124],[497,-206],[475,-260],[237,-171],[350,-224],[497,-71],[1152,201],[1615,401],[610,-24],[317,47],[542,89],[418,88],[677,-23],[294,-407],[181,-242],[169,-118],[633,100],[734,100],[542,77],[373,41],[519,36],[317,71],[519,141],[610,124],[678,12],[644,-142],[440,-71],[418,-88],[418,-165],[305,-95],[565,-153],[599,-189],[463,-147],[282,-172],[305,-289],[147,-135],[542,-59],[633,100],[440,-153],[147,-130],[260,-201],[102,-224],[-113,-248],[418,-266],[305,-218],[192,-324],[564,-225],[689,-59],[407,166],[79,318],[68,372],[305,171],[135,159],[57,242],[22,378],[260,136],[396,159],[474,-24],[328,101],[361,130],[305,-284],[113,-171],[339,-147],[293,-195],[633,-83],[350,-100],[362,53],[418,301],[519,148],[678,-54],[700,36],[497,260],[305,206],[542,230],[565,95],[350,159],[305,230],[678,24],[531,-154],[135,-318],[-169,-219],[-34,-354],[0,-189],[90,-224],[497,-106],[396,-41],[429,-18],[441,0],[542,41],[632,142],[531,136],[418,112],[362,112],[327,124],[328,153],[429,218],[339,177],[440,248],[215,148],[373,259],[327,225],[452,94],[362,-59],[304,-112],[305,-89],[543,-141],[327,-71],[565,-147],[373,-118],[440,-219],[339,-271],[158,-254],[12,-301],[67,-348],[57,-201],[68,-171],[169,-259],[249,-225],[237,-224],[169,-212],[226,-272],[181,-183],[418,-283],[271,-130],[282,-130],[316,-135],[385,-124],[474,-148],[520,-135],[643,-148],[938,-171],[678,-112],[440,-71],[667,-142],[372,-100],[430,-118],[248,-71],[429,-129],[294,-118],[350,-71],[576,-65],[520,-53],[384,-59],[497,41],[327,6],[576,12],[317,0],[994,-195],[734,-148],[316,-253],[215,-177],[181,-166],[158,-171],[90,-200],[339,-195],[542,-65],[610,-83],[463,-53],[339,-76],[237,-254],[45,-148],[159,-454],[192,-655],[67,-177],[351,-407],[259,-319],[192,-236],[543,53],[-80,301],[-113,284],[-45,241],[0,231],[45,318],[147,278],[215,206],[373,277],[474,113],[339,-24],[520,177],[485,177],[-45,242],[-147,218],[407,254],[395,112],[0,283],[-101,189],[-249,336],[-169,172],[-249,277],[68,507],[-45,236],[-125,655],[23,236],[565,-11],[237,-24],[599,-94],[147,-36],[1174,-472],[113,-59],[1006,-531],[779,-413],[802,-148],[486,-41],[790,95],[689,53],[701,59],[350,41],[395,142],[181,129],[339,219],[327,130],[542,112],[486,112],[396,94],[587,65]],[[959132,893486],[-429,-142],[-102,160],[45,230],[215,248],[429,47],[441,-65],[135,-277],[-203,-95],[-531,-106]],[[960917,893716],[-260,-206],[45,354],[328,271],[79,-177],[-192,-242]],[[959573,900602],[-305,-112],[-351,218],[283,177],[271,260],[440,183],[23,-248],[-192,-265],[-169,-213]],[[313607,881407],[-2112,295],[-1073,95],[-926,29],[-1356,130],[-734,71],[-915,0],[-655,-83],[-497,12],[-463,201],[-666,129],[-791,54],[-689,-24],[-712,-59],[-587,71],[-486,88],[-632,213],[-994,537],[-881,678],[-520,537],[-407,195],[-576,71],[-632,141],[-441,171],[-610,172],[-101,171],[-249,277],[-169,313],[-159,183],[-553,159],[-305,24],[-384,312],[-271,101],[-938,141],[-711,142],[-1017,383],[-768,284],[-1186,224],[-655,29],[-610,-11],[-599,-18],[-384,242],[305,283],[215,83],[418,141],[440,254],[509,342],[485,525],[452,933],[249,979],[79,519],[-91,1234],[-79,478],[45,171],[994,790],[1266,508],[146,77],[1085,773],[124,401],[-181,330],[-440,254],[-113,325],[-57,165],[113,324],[-440,596],[-215,407],[113,514],[328,531],[305,496],[440,224],[610,218],[825,354],[1570,513],[1400,366],[938,284],[147,11],[994,278],[1197,1044],[1378,136],[644,283],[429,260],[554,466],[440,313],[339,206],[1740,266],[1762,-118],[1615,-24],[960,47],[463,95],[79,324],[305,283],[158,142],[531,159],[768,6],[938,-12],[440,213],[113,354],[339,791],[79,1138],[-101,779],[-1074,466],[-384,272],[-225,265],[225,337],[0,212],[-214,171],[-554,101],[-361,0],[-712,82],[-113,413],[-67,248],[-418,407],[-825,661],[-294,236],[-982,991],[-328,366],[-124,354],[-23,354],[113,366],[215,360],[418,3629],[-23,667],[-553,673],[-396,318],[-655,561],[-293,295],[-113,277],[33,230],[136,307],[79,130],[147,578],[-57,260],[-214,236],[-362,313],[-339,289],[-361,248],[-158,159],[-113,224],[-79,307],[0,271],[79,219],[102,165],[180,189],[396,94],[779,-147],[813,-65],[1232,236],[948,419],[689,619],[260,755],[23,903],[113,732],[248,838],[328,507],[598,939],[226,702],[23,708],[0,554],[90,431],[-271,992],[-429,684],[-169,378],[-136,283],[-147,171],[-226,207],[-339,283],[-316,206],[-339,254],[-180,248],[113,259],[440,213],[531,171],[181,130],[-57,377],[-158,414],[-203,424],[-204,236],[-146,195],[-339,218],[-215,325],[-11,212],[248,425],[520,567],[113,295],[0,289],[-23,307],[34,307],[249,300],[169,166],[429,218],[667,89],[474,-36],[768,-147],[904,-242],[531,-112],[655,-107],[960,-29],[1581,-95],[757,6],[542,59],[441,112],[339,219],[339,313],[372,531],[147,306],[396,231],[361,123],[361,231],[339,212],[350,307],[339,389],[339,425],[113,177],[339,555],[418,631],[407,295],[655,443],[259,348],[-192,549],[-1050,478],[-350,124],[-542,194],[-418,136],[-463,112],[-339,136],[-237,177],[-565,354],[-384,206],[-644,160],[-475,171],[-135,318],[158,183],[271,331],[68,236],[0,159],[-203,289],[-430,307],[-327,230],[-271,154],[-441,165],[-452,201],[-305,194],[-192,171],[-237,248],[-113,171],[-169,260],[-249,431],[-192,342],[0,230],[147,372],[136,236],[305,271],[327,195],[689,289],[418,159],[475,225],[497,242],[542,365],[519,313],[610,331],[362,165],[440,130],[407,11],[621,-70],[576,-225],[701,-354],[485,-206],[2869,-248],[881,-118],[859,-118],[892,-41],[870,-6],[813,23],[689,-6],[531,48],[599,76],[519,42],[362,17],[655,0],[565,-41],[463,-106],[553,-148],[430,-100],[598,-47],[407,-12],[565,12],[655,6],[497,-12],[327,-12],[418,-65],[294,-88],[418,-112],[610,-136],[373,-53],[406,-36],[576,-29],[723,-41],[700,-54],[497,-41],[407,-53],[463,-59],[475,-59],[339,-29],[451,5],[271,65],[305,177],[452,266],[576,142],[475,88],[2033,330],[305,48],[1265,183],[542,118],[531,147],[328,159],[248,236],[113,178],[124,247],[170,343],[169,253],[181,213],[260,194],[259,160],[328,165],[361,136],[339,94],[430,89],[576,94],[576,71],[542,41],[373,6],[542,-12],[768,-59],[407,-23],[327,0],[475,23],[587,71],[531,89],[847,212],[260,65],[565,59],[327,136],[339,324],[305,177],[486,218],[542,18],[497,165],[486,142],[553,41],[407,-29],[497,0],[519,-36],[588,-64],[259,-18],[543,0],[418,23],[395,59],[565,124],[485,130],[689,283],[554,107],[373,-89],[361,-159],[215,-136],[271,-165],[339,-224],[395,-172],[429,36],[384,165],[350,118],[475,-112],[474,-189],[373,-88],[700,47],[305,130],[283,141],[429,242],[542,195],[599,53],[305,35],[418,124],[305,154],[237,94],[395,136],[486,77],[666,0],[373,-30],[384,-47],[362,-71],[801,-183],[769,-224],[316,-94],[700,-59],[463,70],[407,42],[689,82],[644,95],[327,71],[667,118],[949,312],[1626,1139],[362,18],[395,-242],[271,-679],[-169,-4059],[-68,-950],[-102,-1316],[0,-1529],[531,-885],[271,-206],[102,-130],[181,-289],[203,-331],[135,-236],[215,-324],[158,-230],[350,-272],[655,-153],[1209,-130],[644,-65],[666,-112],[384,-153],[192,-154],[192,-212],[181,-201],[305,-236],[508,-218],[531,-189],[565,-206],[542,-225],[373,-130],[429,-182],[531,29],[373,30],[474,-48],[486,-41],[553,-106],[633,-71],[576,-100],[508,17],[373,36],[520,-12],[180,-189],[147,-206],[486,-154],[373,-47],[497,-147],[101,-225],[509,-242],[-12,-253],[339,-225],[520,-141],[192,-195],[327,-171],[328,-47],[395,-171],[396,-154],[327,-159],[633,-41],[339,-12],[610,-18],[542,-12],[779,-11],[610,0],[407,11],[327,53],[565,95],[407,6],[327,200],[441,207],[519,0],[305,-89],[373,-47],[554,24],[305,-124],[429,-130],[158,-165],[508,-136],[384,-59],[396,65],[542,-83],[508,-23],[531,159],[373,130],[395,254],[113,112],[249,242],[327,106],[429,254],[384,-166],[509,213],[429,47],[441,-41],[305,65],[666,112],[508,-12],[283,159],[666,18],[474,-177],[305,189],[-79,324],[159,242],[293,71],[441,-29],[531,-59],[463,-6],[316,23],[203,307],[283,165],[384,-17],[429,212],[-147,224],[407,254],[610,-89],[655,77],[-124,360],[282,325],[169,141],[362,201],[282,260],[-113,224],[249,348],[293,242],[362,-30],[474,-59],[486,219],[508,35],[554,148],[519,206],[272,213],[530,-42],[543,189],[-23,207],[-34,354],[-147,283],[-158,224],[-214,295],[-170,189],[-327,236],[-385,171],[-384,177],[-497,254],[-169,183],[-237,200],[-79,260],[-373,77],[-497,177],[-169,253],[-192,166],[-317,124],[-248,218],[11,307],[1423,242],[407,-30],[587,-378],[497,-177],[531,-212],[294,-171],[384,-313],[418,-189],[395,-165],[316,-171],[181,-136],[441,-76],[316,59],[474,94],[588,94],[463,18],[565,-23],[384,5],[497,-17],[339,-24],[711,6],[407,118],[519,-59],[531,47],[317,124],[417,53],[588,95],[339,147],[316,42],[497,76],[339,-76],[395,-83],[565,-201],[587,-112],[644,112],[633,-35],[440,-6],[610,-124],[328,-136],[485,-41],[305,-41],[430,-24],[497,-53],[553,-53],[429,-30],[362,-59],[429,-112],[373,-141],[361,-160],[588,-17],[361,47],[520,-30],[350,-6],[429,18],[418,-18],[520,-23],[316,-18],[429,-41],[339,-18],[678,71],[372,130],[667,-18],[1073,83],[1807,147],[463,36],[644,5],[395,-17],[385,-12],[508,35],[406,83],[351,59],[406,35],[396,-5],[530,-59],[949,-166],[1175,-212],[791,-148],[497,-76],[610,-89],[564,-71],[622,-59],[372,-23],[656,-12],[745,12],[678,12],[463,17],[305,30],[474,124],[249,118],[282,159],[531,153],[373,36],[711,-24],[520,-171],[192,-224],[90,-360],[57,-165],[203,-272],[192,-130],[396,-265],[892,-390],[666,-165],[1006,-135],[836,-83],[497,-94],[361,-113],[373,-141],[463,-236],[440,-254],[407,-189],[339,-141],[474,-160],[622,-165],[1908,-413],[396,-53],[644,-24],[643,65],[441,136],[294,212],[135,171],[113,207],[508,206],[373,18],[1333,-6],[350,24],[531,71],[463,53],[486,47],[666,53],[588,41],[565,30],[542,18],[1016,35],[667,41],[587,53],[576,77],[475,83],[338,59],[430,200],[135,172],[226,200],[249,118],[350,112],[293,89],[486,177],[271,124],[520,118],[305,23],[576,53],[395,107],[317,118],[305,118],[564,141],[384,71],[486,95],[610,106],[508,71],[497,47],[362,47],[508,100],[147,219],[79,171],[339,183],[260,53],[756,141],[610,171],[362,195],[429,106],[463,0],[452,-76],[825,-154],[440,-59],[474,-23],[520,224],[576,206],[508,118],[339,65],[430,65],[587,71],[452,53],[711,95],[542,82],[599,159],[350,154],[350,171],[238,159],[361,301],[170,207],[113,171],[90,307],[22,230],[0,307],[23,200],[79,195],[463,112],[486,77],[384,271],[249,354],[237,372],[214,224],[192,148],[294,153],[441,236],[361,230],[294,195],[237,218],[135,231],[226,188],[260,290],[-11,289],[56,265],[215,171],[328,124],[406,160],[734,306],[249,295],[-91,349],[46,318],[237,154],[655,247],[542,207],[452,159],[633,201],[406,177],[102,230],[-91,614],[12,177],[203,283],[316,207],[362,159],[542,141],[452,65],[486,18],[158,224],[56,348],[-90,313],[-204,213],[-542,259],[-542,236],[-610,236],[-723,283],[-1231,520],[-734,401],[-136,83],[-350,271],[-316,195],[-362,106],[-418,41],[-429,12],[-610,35],[-327,71],[-633,112],[-440,24],[-328,53],[-215,207],[-508,153],[-474,53],[-542,36],[-362,177],[45,171],[170,242],[0,183],[-249,206],[-214,100],[-283,172],[-237,200],[-260,313],[-237,283],[-294,378],[-248,342],[-215,183],[-440,224],[-452,142],[-1152,236],[-486,124],[-350,277],[-90,342],[-351,260],[-79,141],[-45,242],[-22,225],[45,194],[56,201],[45,224],[0,348],[-113,343],[12,242],[282,277],[407,254],[305,118],[361,129],[384,89],[373,47],[553,18],[689,6],[418,35],[351,59],[417,189],[475,283],[440,118],[384,89],[305,100],[328,189],[158,271],[-45,325],[-147,289],[-260,230],[-124,295],[294,177],[384,254],[158,195],[56,171],[57,242],[22,247],[-22,254],[-57,224],[-113,207],[-192,248],[-158,124],[-316,189],[-384,159],[-328,147],[-745,266],[-441,195],[-113,306],[283,177],[429,195],[316,112],[509,124],[395,83],[553,218],[-338,224],[-238,171],[-101,177],[56,201],[305,224],[554,201],[372,283],[-11,295],[-56,171],[-215,343],[-203,301],[-170,188],[-350,284],[-260,135],[-485,166],[-305,94],[-565,206],[-1085,390],[-350,230],[-226,236],[-45,266],[-113,324],[429,18],[305,59],[339,141],[238,189],[214,183],[271,189],[294,106],[553,36],[780,-6],[418,6],[339,23],[384,101],[237,318],[124,289],[497,225],[576,194],[870,1222],[655,507],[2542,336],[1152,360],[836,425],[1152,195],[1762,-254],[982,-849],[543,-1015],[824,-1045],[1423,-991],[2034,-513],[1705,-113],[1988,195],[1920,24],[2214,619],[2305,-171],[598,-88],[667,-6],[723,-6],[700,0],[621,35],[362,42],[463,82],[553,-47],[305,-159],[317,-89],[429,-106],[248,-307],[0,-242],[102,-159],[282,-277],[328,-166],[531,-82],[395,-18],[667,-24],[395,12],[418,12],[2451,1039],[1107,596],[2812,702],[2203,23],[3027,-35],[1920,-112],[1706,-850],[599,-1581],[982,-596],[882,82],[3253,874],[2914,106],[2530,171],[2259,-230],[2203,-797],[2846,-1528],[1051,-761],[1039,-425],[1807,-820],[1728,-348],[260,-207],[124,-183],[68,-200],[79,-254],[45,-301],[-158,-413],[23,-165],[226,-343],[452,-354],[790,-696],[452,-448],[90,-166],[-56,-295],[-34,-230],[-68,-371],[-45,-207],[-11,-195],[90,-360],[113,-212],[203,-254],[226,-289],[192,-159],[226,-166],[238,-165],[293,-177],[339,-165],[384,-165],[429,-201],[294,-165],[226,-218],[68,-148],[22,-242],[-11,-224],[0,-212],[79,-284],[158,-342],[124,-201],[2655,-985],[1401,-88],[1524,-48],[1491,-295],[1480,-407],[994,-655],[655,-702],[655,-336],[746,-278],[734,-342],[362,-271],[282,-254],[215,-171],[429,-242],[497,-106],[463,-77],[497,-100],[339,-65],[418,-101],[655,-200],[1254,-384],[836,-289],[609,-141],[531,-48],[689,166],[949,112],[1051,35],[598,-83],[881,-194],[1119,0],[1208,29],[1525,236],[949,-12],[655,-88],[1322,-94],[1558,-136],[1254,118],[689,354],[204,619],[-192,189],[-531,272],[-1356,472],[-1231,985],[-1220,1806],[-3569,2018],[-2677,1097],[67,596],[3389,3281],[2078,2148],[-124,1168],[554,2148],[1186,1623],[689,702],[1446,35],[2541,-637],[5354,-1918],[4462,-2472],[1638,-2933],[395,-2366],[-486,-1021],[136,-708],[1299,-177],[1107,-389],[2180,-2756],[2225,-708],[169,177],[260,183],[102,148],[113,230],[79,348],[-11,242],[90,236],[23,177],[79,259],[-79,195],[-68,201],[181,265],[519,18],[599,12],[226,6],[587,17],[542,18],[531,30],[373,41],[418,71],[565,82],[497,59],[530,59],[509,65],[452,59],[327,36],[475,41],[282,-6],[508,-6],[802,-18],[780,-11],[768,0],[406,0],[565,35],[395,94],[384,95],[464,124],[350,82],[576,54],[361,-54],[430,12],[135,301],[249,207],[135,141],[305,295],[452,0],[452,0],[372,6],[531,-124],[271,-100],[430,-112],[214,-77],[215,-248],[90,-242],[91,-188],[135,-195],[147,-159],[384,-236],[271,-107],[362,-100],[576,-142],[451,-82],[712,-89],[994,-76],[1062,-48],[870,-6],[632,30],[757,71],[847,76],[802,48],[576,-6],[712,-30],[429,-35],[395,-65],[689,-142],[678,-159],[452,-112],[587,-118],[317,-153],[463,-260],[677,-89],[497,6],[418,-65],[305,-47],[565,-124],[395,-35],[430,-36],[655,-82],[497,18],[271,147],[282,153],[588,207],[553,136],[520,106],[452,53],[372,47],[430,77],[497,83],[304,64],[475,71],[350,47],[452,71],[395,53],[339,53],[362,59],[553,77],[316,30],[497,29],[283,30],[497,65],[632,100],[486,88],[474,83],[305,65],[520,88],[294,113],[587,200],[542,95],[655,141],[497,95],[430,88],[564,89],[328,53],[655,88],[395,18],[475,-65],[485,-130],[272,-65],[451,-88],[565,-148],[520,-177],[440,-147],[260,-65],[497,-89],[328,-41],[621,-94],[599,-142],[485,-83],[294,-76],[531,-47],[632,76],[283,160],[316,165],[350,236],[215,189],[271,236],[350,312],[215,219],[406,265],[283,136],[531,130],[564,159],[486,71],[407,130],[214,141],[271,284],[238,212],[259,147],[463,272],[305,212],[430,213],[372,106],[362,159],[621,47],[633,-47],[316,112],[587,-94],[305,-77],[486,-82],[407,23],[485,42],[497,76],[226,171],[509,166],[237,6],[485,59],[475,47],[361,29],[362,36],[373,23],[361,30],[361,35],[475,53],[711,53],[373,112],[271,77],[757,65],[441,36],[463,47],[745,71],[384,35],[520,47],[395,47],[452,77],[237,207],[-90,342],[519,71],[588,88],[587,183],[463,100],[407,59],[384,183],[-113,272],[-158,289],[440,206],[588,177],[508,-6],[554,-76],[259,183],[147,312],[158,307],[91,165],[372,272],[452,41],[283,201],[372,35],[599,89],[587,-189],[656,130],[-204,248],[350,230],[396,124],[429,35],[655,47],[587,-71],[565,71],[441,30],[463,76],[666,30],[373,24],[576,35],[452,171],[181,195],[259,124],[441,12],[395,-101],[520,47],[565,83],[180,-218],[407,-213],[384,-165],[-34,-189],[475,-159],[553,-189],[328,-59],[316,-171],[203,-171],[350,-207],[384,-59],[351,95],[542,230],[576,94],[542,-100],[34,-242],[350,-307],[147,-189],[508,-94],[384,77],[509,-89],[384,277],[485,201],[576,12],[430,201],[677,-89],[497,-165],[339,-95],[396,-236],[90,-265],[45,-313],[215,-195],[316,-100],[531,-47],[373,-71],[259,-218],[113,-301],[283,-106],[248,-272],[317,-136],[576,83],[395,65],[452,106],[248,100],[238,201],[587,47],[327,12],[509,53],[282,53],[497,124],[158,171],[305,213],[249,159],[395,71],[350,171],[520,18],[339,312],[158,207],[248,177],[407,-12],[565,-94],[485,-6],[305,-77],[373,-189],[45,-188],[305,-172],[192,-106],[463,-171],[509,0],[305,-6],[395,100],[508,231],[283,118],[293,153],[633,-94],[328,165],[192,236],[440,265],[249,65],[508,177],[384,-65],[384,-47],[384,-189],[57,-330],[-113,-295],[-373,-260],[-181,-236],[158,-230],[-11,-141],[45,-236],[260,-148],[350,-142],[271,-76],[339,-136],[554,-171],[-46,-266],[249,-159],[79,-319],[350,-88],[655,-12],[1480,30],[542,11],[554,-82],[587,-89],[520,-76],[451,-65],[418,-48],[350,-82],[305,-95],[520,-53],[531,-65],[768,-94],[531,-71],[678,-94],[508,-18],[565,41],[564,107],[294,177],[655,-30],[407,-12],[327,-17],[283,247],[-45,183],[259,219],[396,41],[293,136],[351,242],[350,53],[474,59],[362,41],[610,89],[395,64],[508,118],[407,89],[644,47],[429,-59],[599,-65],[327,-82],[328,-177],[700,-30],[576,130],[339,130],[373,71],[474,-54],[712,-23],[406,-136],[543,-236],[553,-94],[474,-95],[430,-130],[485,-182],[644,-301],[1265,-608],[1186,-649],[746,-396],[610,-283],[553,-206],[870,-319],[474,260],[418,242],[396,200],[452,201],[440,136],[700,171],[1141,242],[1423,301],[961,241],[802,207],[361,142],[203,112],[204,242],[67,177],[68,218],[102,218],[135,207],[260,224],[271,177],[599,401],[497,431],[440,301],[430,183],[576,47],[553,-53],[791,-100],[666,-83],[249,-24],[519,-53],[610,-53],[441,-17],[678,129],[327,349],[384,371],[317,207],[350,177],[1152,490],[1242,513],[1232,466],[892,395],[553,295],[531,331],[226,189],[373,324],[486,260],[429,-89],[497,-271],[294,-212],[271,-254],[372,-472],[294,-307],[328,-272],[305,-159],[564,-171],[441,-77],[1129,-194],[836,-142],[1017,-159],[452,-107],[474,-135],[531,-195],[610,-283],[226,-160],[271,-253],[452,-490],[508,-466],[407,-455],[339,-348],[293,-224],[249,-124],[395,-141],[350,-107],[610,-47],[328,12],[463,29],[610,-35],[508,-83],[1548,-188],[553,-71],[328,-41],[452,-124],[429,-254],[282,-171],[486,-260],[429,59],[610,-59],[621,118],[509,100],[327,-47],[418,71],[463,183],[283,195],[113,124],[225,259],[204,160],[282,153],[147,230],[79,366],[102,195],[169,295],[215,271],[214,277],[181,355],[124,259],[147,242],[147,195],[373,283],[485,94],[373,-23],[418,-136],[362,-177],[406,-41],[599,-83],[373,-212],[508,-183],[440,-89],[452,-76],[576,-24],[689,59],[418,106],[294,154],[215,242],[192,171],[226,212],[417,236],[283,100],[486,101],[338,6],[464,-18],[530,-100],[577,-166],[338,-123],[305,-130],[588,-130],[621,100],[508,112],[655,-135],[441,-30],[689,6],[1152,-6],[768,0],[463,18],[362,6],[610,12],[666,17],[508,242],[339,307],[305,224],[328,224],[214,172],[328,241],[226,142],[260,165],[395,289],[418,148],[294,-18],[542,6],[531,24],[361,94],[418,77],[441,177],[361,65],[576,59],[576,-12],[452,-6],[328,24],[643,76],[994,6],[238,-29],[350,-189],[327,-124],[272,-265],[542,-113],[418,-88],[282,-124],[463,-177],[339,-236],[678,-112],[531,-6],[33,-118],[-124,-449],[-113,-772],[-226,-1033],[-113,-767],[-113,-1151],[0,-29],[-214,-2119],[34,-1327],[45,-773],[56,-880],[91,-507],[68,-655],[45,-395],[-45,-278],[135,-259],[45,-177],[23,-278],[0,-749],[34,-555],[56,-784],[-22,-1104],[-91,-1091],[-101,-591],[-91,-348],[-180,-401],[-68,-330],[-102,-278],[79,-371],[11,-172],[0,-289],[80,-419],[67,-590],[-34,-277],[57,-502],[-11,-377],[-91,-272],[12,-159],[-34,-277],[22,-189],[79,-207],[23,-177],[181,-289],[22,-271],[-34,-331],[-67,-253],[11,-195],[-11,-307],[22,-189],[11,-248],[68,-289],[11,-271],[80,-390],[79,-578],[22,-260],[249,-702],[248,-242],[57,-147],[-68,-396],[90,-572],[34,-277],[11,-230],[68,-236],[12,-148],[146,-342],[79,-260],[34,-395],[46,-171],[214,-484],[11,-12],[91,-442],[79,-183],[102,-201],[90,-183],[214,-324],[193,-266],[237,-330],[293,-331],[215,-224],[441,-254],[429,-136],[226,-194],[248,-337],[215,-295],[293,-183],[328,-94],[350,-201],[226,-153],[226,-206],[407,-272],[350,-212],[339,-272],[192,-141],[395,-284],[791,-513],[214,-136],[192,-177],[125,-312],[-46,-284],[-113,-466],[-146,-501],[-46,-402],[-45,-401],[-11,-608],[56,-377],[23,-307],[0,-124],[215,-732],[0,-177],[-68,-212],[11,-195],[113,-206],[68,-750],[113,-372],[45,-283],[79,-271],[23,-207],[56,-265],[204,-702],[79,-189],[180,-490],[430,-1286],[135,-290],[45,-106],[91,-183],[124,-283],[124,-277],[271,-549],[91,-218],[101,-230],[136,-231],[68,-159],[90,-259],[203,-296],[542,-967],[317,-508],[214,-401],[407,-649],[260,-366],[305,-472],[485,-696],[147,-254],[283,-378],[361,-472],[124,-200],[12,-248],[135,-159],[237,-254],[384,-537],[475,-643],[350,-508],[181,-312],[226,-331],[214,-283],[226,-289],[158,-201],[113,-230],[317,-378],[598,-767],[271,-318],[125,-124],[124,-230],[135,-136],[384,-325],[317,-330],[158,-142],[655,-625],[169,-195],[317,-265],[564,-543],[249,-213],[373,-265],[146,-283],[215,-178],[136,-171],[237,-230],[226,-147],[440,-295],[554,-372],[610,-389],[406,-119],[656,83],[451,12],[305,-35],[418,-113],[486,-183],[452,-70],[542,23],[621,-17],[362,-30],[316,-130],[158,-165],[215,-242],[282,-100],[531,-195],[181,-195],[90,-271],[384,-89],[294,-141],[576,-342],[384,-301],[90,-195],[23,-183],[-91,-330],[-237,-213],[-418,-53],[-689,-18],[-564,154],[-396,-6],[-632,12],[-339,17],[-497,95],[-362,12],[-451,88],[-644,-35],[-305,-65],[-441,-201],[-271,-165],[-327,-236],[-486,-348],[-316,-236],[-215,-195],[-249,-248],[-192,-183],[-723,-596],[-248,-212],[-395,-384],[-238,-253],[-146,-166],[-46,-242],[-259,-336],[-147,-206],[-362,-614],[-192,-354],[-248,-578],[-102,-349],[-169,-507],[-158,-555],[-34,-407],[34,-248],[0,-147],[-23,-278],[0,-678],[23,-277],[-12,-325],[-192,-212],[-34,-160],[91,-312],[0,-378],[11,-201],[-11,-307],[34,-247],[11,-225],[-34,-283],[11,-366],[-11,-336],[0,-513],[56,-419],[68,-425],[0,-537],[0,-165],[23,-1003],[45,-295],[90,-638],[181,-1062],[271,-2112],[181,-903],[147,-679],[147,-891],[79,-560],[67,-832],[34,-242],[23,-177],[56,-230],[125,-419],[34,-313],[56,-401],[124,-366],[91,-236],[67,-189],[113,-319],[68,-194],[192,-602],[215,-525],[79,-230],[203,-620],[136,-384],[192,-525],[203,-472],[429,-672],[362,-703],[113,-236],[158,-224],[373,-466],[135,-153],[271,-225],[237,-159],[226,-171],[610,-148],[610,-106],[644,-141],[237,-142],[452,-77],[-124,-289],[260,-242],[-430,-236],[-293,-183],[11,-313],[90,-159],[136,-230],[248,-336],[147,-278],[610,-141],[531,-77],[362,-212],[316,-207],[203,-330],[-192,-331],[-203,-230],[-305,-183]],[[991290,732693],[-316,-59],[-407,59],[-147,147],[57,236],[68,195],[45,236],[135,195],[204,159],[248,171],[147,148],[215,271],[226,230],[282,201],[305,183],[203,88],[791,360],[497,236],[305,195],[192,324],[11,266],[-101,342],[-34,336],[-57,355],[0,224],[45,307],[57,365],[169,354],[113,236],[102,195],[90,171],[102,260],[113,224],[56,248],[136,177],[373,218],[621,171],[418,130],[395,195],[610,407],[237,118],[384,177],[283,95],[508,135],[136,289],[-23,172],[282,188],[102,-324],[170,-342],[112,-307],[136,-201],[113,-301],[-169,-307],[-159,-177],[-158,-218],[-101,-147],[-283,-290],[-68,-224],[-124,-242],[-169,-253],[-34,-195],[-181,-165],[-237,-183],[-226,-266],[-215,-200],[-248,-154],[-294,-218],[-158,-248],[-260,-236],[-327,-295],[-339,-307],[-282,-218],[-260,-165],[-237,-136],[-226,-165],[-430,-172],[-203,-177],[-282,-295],[-170,-206],[-282,-307],[-226,-265],[-203,-260],[-125,-201],[-259,-194],[-215,-160],[-305,-289],[-181,-195],[-180,-218],[-226,-201],[-204,-159],[-463,-147]],[[974302,749391],[-192,-259],[-339,130],[-124,271],[-79,224],[180,112],[520,118],[147,-306],[-113,-290]],[[974449,750607],[-12,-348],[-293,106],[305,242]],[[968982,752247],[-599,-124],[-282,130],[-328,124],[-373,219],[-192,182],[-124,225],[90,171],[147,230],[57,195],[214,200],[317,171],[316,113],[440,11],[328,12],[339,-77],[361,-188],[294,-331],[-169,-242],[-238,-183],[-113,-194],[-248,-278],[-136,-183],[-101,-183]],[[971275,755794],[-373,-83],[-463,189],[-339,65],[-441,153],[-293,136],[67,354],[351,307],[180,259],[68,177],[102,319],[135,213],[158,247],[181,313],[204,360],[112,260],[170,354],[192,324],[102,242],[259,283],[170,189],[237,307],[260,254],[192,159],[294,295],[146,148],[283,224],[271,206],[373,231],[237,141],[282,189],[283,195],[248,259],[226,230],[169,166],[249,165],[294,171],[474,148],[294,-231],[79,-301],[45,-224],[181,-318],[67,-290],[159,-171],[259,-242],[181,-271],[124,-260],[-169,-330],[-237,-212],[-486,-183],[-305,-118],[-248,-225],[-12,-218],[-169,-147],[-350,-172],[-57,-283],[-203,-141],[-113,-213],[56,-336],[-45,-230],[-45,-207],[-215,-248],[-293,-159],[-452,-142],[-283,-112],[-406,-88],[-418,-112],[-373,-313],[-181,-242],[-338,-6],[-418,-183],[-418,-118],[-102,-165],[-23,-218],[57,-172],[-45,-306],[-158,-242]],[[956523,812110],[-1051,-596],[-45,-36],[-463,-395],[-1152,-962],[-1344,-1292],[-768,-850],[-893,-1097],[-1039,-1275],[-474,-643],[-565,-625],[-362,-419],[-655,-850],[-926,-1322],[-870,-1345],[-734,-1169],[-745,-1150],[-418,-761],[-554,-974],[-519,-968],[-543,-1050],[-169,-295],[-136,-283],[-203,-396],[-158,-265],[-124,-254],[-170,-360],[-158,-336],[-181,-366],[-169,-437],[-136,-354],[23,-153],[215,-342],[-46,-289],[-124,-148],[-350,-201],[-226,-354],[-56,-165],[-136,-342],[-135,-307],[-91,-248],[-135,-330],[-79,-301],[-68,-354],[192,-360],[226,-218],[158,-260],[-68,-283],[-181,-301],[-146,-195],[-272,-112],[-451,-124],[-226,-159],[-328,-171],[-542,-89],[-113,-147],[-147,-248],[-124,-254],[-113,-260],[-90,-289],[-147,-413],[-124,-360],[146,-248],[102,-171],[-34,-218],[-45,-195],[-23,-248],[34,-253],[-124,-171],[-124,-201],[-317,-313],[-474,-130],[-339,-171],[-440,-6],[-565,-129],[-508,-154],[-79,-218],[-170,-207],[-135,-206],[-125,-342],[-113,-325],[-67,-289],[-23,-136],[-23,-242],[-67,-289],[-46,-354],[-22,-271],[11,-319],[11,-283],[0,-307],[12,-390],[-12,-289],[46,-430],[11,-301],[68,-413],[56,-349],[57,-300],[67,-355],[147,-442],[147,-330],[57,-237],[56,-218],[68,-165],[158,-454],[34,-101],[418,-1021],[169,-354],[317,-655],[101,-212],[124,-195],[238,-389],[158,-230],[632,-903],[588,-850],[734,-956],[542,-578],[610,-614],[463,-430],[520,-402],[305,-242],[757,-655],[316,-283],[1163,-873],[994,-720],[12,0],[677,-490],[1231,-838],[610,-442],[746,-478],[1016,-602],[961,-549],[700,-377],[621,-366],[915,-502],[757,-360],[1050,-507],[994,-466],[452,-207],[339,-165],[2112,-867],[68,-24],[949,-360],[576,-260],[621,-200],[350,-142],[2406,-832],[1107,-383],[441,-189],[440,-71],[204,-183],[180,-330],[136,-160],[147,-371],[45,-95],[237,-496],[260,-448],[192,-248],[440,-519],[193,-189],[158,-147],[259,-225],[373,-236],[362,-188],[655,-254],[339,23],[508,337],[712,-42],[90,-283],[79,-271],[328,-301],[33,-236],[-135,-254],[-170,-159],[-214,-177],[147,-242],[497,-195],[339,-224],[-34,-218],[-79,-183],[-159,-189],[-384,-95],[-508,101],[-339,-48],[-463,-100],[-305,-265],[-11,-272],[-384,-59],[-407,-41],[-135,-236],[135,-313],[283,-224],[192,-154],[-12,-359],[-824,212],[-531,-30],[-463,-147],[-339,-142],[-260,-153],[-226,-277],[203,-225],[520,-6],[305,-118],[520,-212],[384,-177],[327,-153],[294,-154],[508,-259],[373,-189],[350,-171],[395,-177],[599,-242],[350,-142],[294,-124],[441,-177],[440,-177],[463,-230],[475,-230],[530,-248],[543,-242],[361,-142],[599,-224],[372,-88],[407,106],[475,224],[632,89],[328,106],[406,100],[396,171],[395,289],[474,-177],[-146,-360],[11,-265],[11,-224],[-248,-272],[-204,-194],[57,-213],[282,-141],[960,-478],[870,-455],[79,-47],[429,-277],[384,-313],[294,-307],[147,-206],[169,-526],[79,-342],[-22,-307],[-215,-483],[-147,-301],[-203,-396],[-113,-230],[57,-201],[259,-330],[283,-295],[56,-230],[57,-230],[45,-283],[-249,-284],[-361,-200],[-169,-354],[90,-254],[395,-77],[486,-18],[474,-265],[12,-212],[-125,-177],[-259,-278],[655,-472],[339,-200],[429,-119],[576,-88],[553,-6],[407,266],[192,336],[45,218],[565,112]],[[477945,702351],[-395,65],[-463,-41],[-576,-30],[-836,-29],[-1864,-118],[-1152,-71],[-1039,77],[-780,265],[-892,449],[-881,714],[-644,248],[-791,82],[-147,-6],[-779,-23],[-113,-6],[-1818,-71],[-1401,12],[-904,12],[-1174,100],[-1830,354],[-994,236],[-1039,124],[-701,153],[-68,12],[-553,283],[-497,301],[-497,112],[-655,-11],[-802,-160],[-57,-12],[-948,-236],[-1153,-360],[-1592,-477],[-1853,-579],[-1016,-436],[-1051,-531],[-790,-183],[-780,-278],[-734,-407],[-779,-130],[-317,53],[-440,83],[-847,171],[-780,165],[-1231,183],[-1017,260],[-1287,472],[-1265,590],[-655,65],[-678,47],[-870,83],[-858,23],[-599,-29],[-474,-71],[-520,-206],[-1028,-679],[-836,-443],[-644,-230],[-497,-71],[-372,0],[-509,12],[-463,77],[-463,106],[-248,112],[-407,319],[-226,177],[-316,248],[-136,112],[-553,153],[-226,12],[-621,12],[-701,0],[-305,-47],[-790,-112],[-735,-24],[-553,35],[-678,124],[-757,118],[-1028,207],[-756,23],[-655,0],[-656,-123],[-632,-325],[-407,-366],[-418,-348],[-869,-407],[-565,-171],[-418,-36],[-508,-6],[-339,-82],[-554,-59],[-802,-106],[-971,-101],[-384,-17],[-429,-112],[-859,-337],[-418,-153],[-474,0],[-396,23],[-542,30],[-452,12],[-463,-12],[-790,-30],[-464,-17],[-395,6],[-474,94],[-734,177],[-735,159],[-756,77],[-633,-18],[-825,-65],[-237,-100],[-293,-201],[-34,-182],[0,-225],[124,-312],[68,-266],[-12,-360],[-214,-543],[-215,-307],[-305,-182],[-406,-178],[-554,-177],[-531,-206],[-474,-271],[-215,-360],[-203,-360],[-237,-260],[-204,-195],[-226,-295],[-135,-389],[-271,-313],[-283,-212],[-497,-272],[-271,-177],[-147,-295],[136,-259],[136,-254],[33,-348],[-90,-248],[-361,-289],[-610,-171],[-599,-54],[-757,12],[-406,-35],[-464,-242],[-214,-230],[-226,-213],[-339,-106],[-395,-41],[-463,6],[-689,47],[-610,112],[-464,71],[-259,18],[-463,35],[-554,41],[-666,89],[-610,53],[-972,24],[-327,-12],[-430,-18],[-474,0],[-576,159],[-260,242],[-406,396],[-328,312],[-418,166],[-531,88],[-395,35],[-475,225],[-892,531],[-791,360],[-858,212],[-779,83],[-735,47],[-497,-65],[-474,-159],[-1107,-301],[-576,-124],[-147,-77],[-407,-218],[-237,-443],[-214,-183],[-599,-100],[-1209,12],[-621,6],[-576,200],[11,201],[158,354],[-180,407],[-158,207],[-305,489],[-271,868],[33,431],[260,531],[441,560],[-23,702],[-79,484],[45,407],[283,496],[485,295],[271,372],[396,360],[192,655],[-170,613],[-350,561],[45,295],[283,567],[135,477],[57,455],[45,891],[-147,743],[-68,537],[91,449],[90,336],[-102,106],[-327,242],[-633,437],[-192,254],[-406,183],[-328,312],[-79,201],[328,206],[305,112],[542,130],[305,130],[723,313],[723,318],[587,154],[779,83],[396,177],[67,454],[-271,737],[0,254],[192,272],[475,112],[711,153],[599,30],[373,47],[339,41],[418,53],[824,12],[689,-18],[825,172],[768,153],[802,165],[384,36],[1208,47],[1503,165],[994,236],[655,372],[553,460],[384,496],[475,495],[294,490],[361,555],[384,442],[113,136],[181,242],[316,431],[-79,631],[-57,419],[-169,283],[-68,112],[-553,419],[-497,425],[-45,738],[-79,1239],[-80,82],[-417,455],[-80,413],[192,295],[159,100],[869,567],[576,377],[57,36],[2033,1091],[960,561],[0,324],[57,284],[497,200],[384,101],[327,94],[418,112],[1039,466],[113,189],[328,602],[56,112],[-135,325],[-384,383],[-384,354],[11,266],[384,649],[655,802],[836,620],[11,23],[238,372],[101,171],[-22,254],[-328,254],[-361,324],[-102,213],[-226,200],[-542,83],[-881,47],[-881,42],[-847,182],[-384,325],[-136,466],[-56,596],[-328,561],[-791,525],[-802,395],[34,213],[136,265],[147,254],[271,419],[305,525],[0,136],[-271,436],[-46,112],[-576,549],[-463,248],[-1141,460],[-937,319],[-802,35],[-768,53],[-362,172],[-67,230],[11,371],[11,325],[-169,442],[-45,60],[-283,283],[0,371],[384,301],[734,172],[464,324],[22,24],[-102,619],[-858,443],[-599,153],[-101,42],[-384,259],[-79,224],[-192,254],[-362,130],[-689,112],[-678,53],[-802,30],[-598,0],[-667,76],[-406,183],[-328,195],[113,325],[294,300],[203,284],[34,218],[-260,301],[-768,354],[-1209,466],[-1073,307],[-372,195],[-57,212],[68,218],[45,189],[23,667],[0,24],[-565,448],[-486,207],[-2914,950],[-1209,466],[-553,495],[-633,408],[-632,253],[-576,6],[-497,18],[-362,130],[-214,236],[79,171],[305,295],[192,295],[531,1145],[113,596],[-57,277],[-56,490],[192,194],[406,419],[475,236],[677,248],[644,177],[746,65],[779,-53],[554,-24],[621,54],[271,236],[181,371],[192,348],[463,242],[734,231],[249,383],[0,449],[-113,625],[0,289],[542,295],[485,165],[610,360],[407,331],[181,254],[192,277],[440,183],[441,189],[711,389],[283,330],[0,349],[0,354],[-339,306],[-576,172],[-475,165],[34,307],[576,200],[893,431],[192,513],[11,112],[0,225],[0,194],[34,520],[-34,649],[-316,342],[-520,336],[-147,295],[46,101],[135,289],[181,419],[-508,336],[-689,732],[-305,301],[11,649],[305,242],[587,460],[1017,826],[610,909],[339,631],[1073,484],[282,260],[-113,206],[-847,266],[-881,407],[-486,590],[-135,236],[-418,283],[169,278],[226,70],[520,313],[135,366],[-22,212],[-249,183],[-712,254],[-824,88],[-712,-88],[-113,-6],[-1084,-147],[-971,300],[-746,71],[-1073,112],[-587,-35],[-407,24],[-192,283],[-79,271],[-316,230],[-689,891],[-689,77],[-633,-12],[-248,-41],[-1051,-171],[-1175,29],[-632,172],[-644,218],[-644,106],[-113,6],[-1672,-454],[-474,-48],[-610,-135],[-407,-30],[-632,30],[-475,29],[-271,183],[-350,283],[-418,508],[-485,478],[-475,165],[-2282,555],[-304,94],[-351,100],[-259,219],[-91,324],[215,272],[711,548],[12,30],[519,1233],[0,6],[-418,685],[-824,784],[-34,278],[644,442],[271,319],[68,673],[-34,312],[-12,154],[-372,330],[-859,236],[-1604,283],[-406,83],[-271,94],[-633,107],[-610,141],[-328,224],[-135,213],[-249,566],[-327,437],[-45,472],[-610,708],[-1435,903],[-1559,673],[-1140,761],[-91,200],[-79,166],[23,360],[113,112],[372,342],[588,301],[-418,248],[-57,153],[-90,236],[90,325],[-135,295],[-486,88],[-1096,160],[-881,82],[-835,24],[-656,-148],[-530,-159],[-588,-41],[-406,17],[-384,112],[-215,160],[-486,301],[-700,1038],[-1096,602],[-678,372],[136,265],[689,348],[621,425],[68,443],[-452,460],[-508,543],[-339,637],[-339,756],[-655,5],[-373,12],[-395,101],[-181,129],[-67,260],[-204,1210],[0,596],[170,301],[361,177],[294,35],[1174,6],[610,171],[430,502],[316,743],[-282,661],[-509,230],[-271,89],[-711,224],[0,6],[-633,336],[-745,342],[-136,219],[-124,206],[-294,596],[-531,171],[-429,213],[-384,76],[-283,124],[-1140,260],[-870,130],[-667,224],[-225,112],[-396,378],[-531,301],[-576,112],[-632,301],[-45,306],[-339,254],[-328,118],[-407,0],[-610,-29],[-519,59],[-633,124],[-158,242],[-260,300],[-384,319],[68,354],[633,124],[802,195],[632,171],[328,254],[248,324],[384,325],[283,436],[56,862],[136,619],[339,325],[723,271],[643,101],[1096,82],[983,24],[1287,88],[938,77],[847,183],[373,496]]],"bbox":[99.14737,10.95469,100.03268,12.64941],"transform":{"scale":[8.853108853108894e-7,0.000001694721694721695],"translate":[99.14737,10.95469]}}