{"type":"Topology","objects":{"districts":{"type":"GeometryCollection","geometries":[{"type":"MultiPolygon","arcs":[[[0]],[[1]],[[2]],[[3]],[[4]],[[5]],[[6]],[[7]],[[8]],[[9]],[[10]],[[11]],[[12]],[[13]],[[14]],[[15]],[[16]],[[17]],[[18]],[[19]],[[20]],[[21]],[[22]],[[23]],[[24]],[[25,26,27,28]]],"properties":{"CODE":"8501","PARENT":"85","NAME_TH":"เมืองระนอง","NAME_EN":"Mueang Ranong","NAME_CN":"Mueang Ranong","COLOR_IDX":2}},{"type":"Polygon","arcs":[[29,-29,30,31]],"properties":{"CODE":"8502","PARENT":"85","NAME_TH":"ละอุ่น","NAME_EN":"La-Un","NAME_CN":"La-Un","COLOR_IDX":1}},{"type":"MultiPolygon","arcs":[[[32]],[[33]],[[34]],[[35]],[[36]],[[37]],[[38,39,-27,40]]],"properties":{"CODE":"8503","PARENT":"85","NAME_TH":"กะเปอร์","NAME_EN":"Kapoe","NAME_CN":"Kapoe","COLOR_IDX":1}},{"type":"Polygon","arcs":[[-32,41]],"properties":{"CODE":"8504","PARENT":"85","NAME_TH":"กระบุรี","NAME_EN":"Kra Buri","NAME_CN":"Kra Buri","COLOR_IDX":2}},{"type":"MultiPolygon","arcs":[[[42]],[[43]],[[44]],[[45]],[[46]],[[47]],[[48]],[[49]],[[-39,50]],[[51]]],"properties":{"CODE":"8505","PARENT":"85","NAME_TH":"สุขสำราญ","NAME_EN":"Suk Samran","NAME_CN":"Suk Samran","COLOR_IDX":2}}]}},"arcs":[[[94386,271738],[-516,-47],[-532,27],[407,141],[798,74],[-157,-195]],[[277603,273321],[438,-256],[923,-67],[313,-236],[767,-243],[532,-80],[626,-236],[157,-135],[203,-350],[470,-263],[579,-108],[814,-202],[422,-128],[407,-148],[423,-350],[250,-242],[516,-142],[767,20],[720,95],[971,80],[485,-60],[782,-202],[564,-101],[500,-142],[501,-128],[704,-256],[517,-148],[469,-195],[595,-34],[783,115],[500,20],[580,47],[782,-148],[-31,-290],[109,-337],[-125,-255],[-109,-176],[-188,-303],[-219,-215],[-266,-169],[-407,-309],[-126,-310],[16,-384],[-172,-249],[-344,-196],[-204,-269],[-704,-142],[-423,-60],[-641,-162],[-329,-249],[-329,-162],[-594,-195],[-642,-175],[-516,-88],[-579,-74],[-705,-155],[-422,-148],[-298,-155],[-266,-229],[-141,-161],[-328,-236],[-329,-189],[-548,-209],[-657,-262],[-892,175],[-125,182],[141,411],[188,229],[313,249],[234,215],[32,202],[-298,303],[-125,418],[-219,256],[-188,249],[-172,202],[-376,243],[-266,168],[-297,263],[-454,101],[-704,-27],[-485,-7],[-470,175],[-250,337],[-438,135],[-611,289],[-454,202],[-375,149],[-736,249],[-673,128],[-579,303],[-751,128],[-642,81],[-923,6],[-673,-202],[-532,-107],[-720,-27],[-485,-47],[-532,-81],[-845,33],[-548,-67],[-454,-202],[-845,175],[-172,162],[-658,209],[-234,202],[31,256],[250,323],[282,357],[157,323],[-235,256],[-125,344],[47,417],[516,290],[610,148],[407,162],[423,168],[735,276],[689,121],[454,68],[438,134],[391,236],[752,229],[219,243],[407,222],[500,81],[830,-74],[532,242],[829,-114],[611,-34]],[[151055,278878],[345,-250],[360,-195],[407,-141],[813,-95],[579,95],[783,13],[939,-47],[814,-148],[391,-270],[282,-148],[109,-303],[47,-175],[-78,-263],[-63,-235],[-250,-351],[-376,-235],[-485,-95],[-767,-128],[-422,-94],[-689,-296],[-626,87],[-297,189],[31,350],[-94,263],[-156,242],[-423,115],[-344,175],[-626,168],[-501,182],[-329,310],[-375,222],[-313,101],[-611,68],[-688,-48],[-626,-256],[-892,75],[-423,249],[-62,303],[109,337],[908,94],[689,-61],[579,88],[375,60],[626,263],[908,14],[422,-229]],[[276867,290112],[344,-330],[-438,-256],[-501,-357],[-359,-235],[-486,-357],[-344,-250],[-391,-276],[-391,-215],[-345,-175],[-485,-223],[-391,-108],[-673,-26],[-845,121],[-532,121],[-705,168],[32,283],[266,310],[391,357],[219,168],[548,324],[422,222],[266,135],[423,222],[297,108],[658,40],[422,-87],[814,148],[704,101],[579,40],[501,27]],[[284254,290119],[-156,-418],[-173,-188],[-375,-357],[-454,-303],[-751,-202],[-454,-142],[-517,-269],[-281,-223],[-548,-26],[219,282],[-16,411],[-203,243],[501,256],[109,269],[-94,290],[110,269],[391,88],[689,-88],[861,209],[751,121],[391,-222]],[[250121,288220],[-595,-21],[-375,34],[-532,148],[-251,189],[-344,229],[-360,323],[-282,222],[-266,250],[-141,262],[-360,398],[-234,262],[-173,223],[-125,249],[63,209],[172,256],[407,242],[563,276],[16,256],[47,209],[78,249],[423,344],[579,107],[939,95],[704,0],[407,-115],[657,-47],[313,-296],[-297,-330],[63,-243],[406,-337],[423,-363],[235,-229],[156,-216],[-78,-256],[-125,-269],[328,-283],[141,-256],[-438,-290],[-673,-262],[-62,-263],[15,-323],[-47,-236],[-328,-249],[-439,-74],[-610,-74]],[[208085,313787],[-783,-115],[-375,48],[281,350],[298,229],[500,148],[470,148],[47,-283],[-282,-283],[-156,-242]],[[213594,310635],[-689,-135],[-626,34],[-407,54],[-391,188],[-564,290],[-641,188],[-345,223],[0,370],[439,249],[0,256],[673,0],[500,155],[736,14],[798,87],[376,263],[657,216],[219,296],[0,411],[250,222],[439,337],[360,202],[657,148],[469,343],[580,122],[391,161],[62,351],[251,404],[485,242],[344,128],[658,121],[594,128],[423,27],[798,-235],[47,-229],[235,-216],[454,-323],[-267,-236],[-281,-182],[-204,-350],[-109,-216],[-251,-330],[-140,-222],[-220,-215],[-453,-357],[-345,-169],[-438,-195],[-407,-142],[-845,-195],[-642,-60],[-939,-48],[-798,-242],[-235,-263],[-234,-384],[-251,-256],[-47,-404],[-281,-256],[-454,-202],[-391,-168]],[[139412,314292],[-235,-303],[156,-411],[736,-155],[595,-128],[172,-289],[-266,-364],[-313,-229],[-204,-317],[-15,-249],[-204,-343],[-109,-202],[-79,-351],[-62,-282],[-204,-331],[-47,-195],[126,-303],[266,-377],[250,-270],[141,-215],[-16,-397],[-187,-304],[-110,-269],[0,-215],[110,-364],[15,-175],[-172,-297],[-172,-208],[-172,-290],[0,-182],[125,-310],[109,-148],[79,-310],[109,-296],[157,-384],[235,-216],[266,-249],[328,-175],[313,-290],[204,-316],[266,-317],[281,-229],[517,-296],[657,-155],[564,-343],[375,-202],[172,-169],[126,-330],[93,-276],[204,-155],[422,-310],[220,-390],[109,-344],[141,-249],[141,-195],[172,-277],[203,-202],[329,-249],[470,-269],[626,-276],[250,-135],[610,-195],[282,-102],[407,-289],[250,-162],[282,-236],[78,-336],[79,-425],[0,-67],[78,-465],[31,-215],[47,-728],[94,-363],[595,-1038],[266,-357],[328,-256],[-109,-357],[-78,-249],[-16,-269],[63,-169],[360,-249],[532,-195],[422,-263],[407,-337],[595,-356],[407,-155],[469,-169],[798,-209],[548,-128],[595,7],[1033,202],[172,34],[814,162],[673,-54],[94,-364],[-188,-121],[-705,-196],[-453,-121],[-658,-256],[-187,-289],[-439,-142],[-532,-87],[-688,-196],[-439,-262],[-563,-330],[-532,-270],[-610,-148],[-392,-94],[-391,-175],[-407,-324],[-250,-343],[234,-175],[360,-250],[126,-215],[-470,-216],[-657,-107],[-376,-142],[-532,-263],[-376,-303],[-156,-276],[-125,-209],[-125,-208],[-157,-378],[-156,-255],[-220,-384],[-46,-283],[15,-169],[-78,-323],[-125,-317],[-172,-175],[-486,-168],[-375,-54],[-814,-94],[-610,-34],[-548,-74],[-595,-182],[-297,-94],[-501,-189],[-344,-323],[-219,-290],[-219,-269],[-157,-357],[-141,-256],[-188,-168],[-297,-283],[-595,-101],[-594,-148],[-814,-209],[-407,-101],[-485,-155],[-611,-290],[-391,-168],[-548,-121],[-438,-108],[-595,-135],[-375,-101],[-579,-108],[-517,-101],[-485,-128],[-641,-175],[-595,-155],[-407,-148],[-814,-202],[-344,-81],[-595,-128],[-595,-175],[-375,-162],[-548,-188],[-438,-148],[-501,-101],[-845,6],[-814,61],[-501,-54],[-438,-94],[-595,-135],[-845,-242],[-798,-81],[-939,-81],[-532,-202],[-642,-148],[-782,-54],[-188,-269],[235,-290],[-141,-202],[-329,-384],[94,-249],[125,-182],[63,-350],[-78,-256],[-204,-216],[-485,-316],[-610,-176],[-360,-134],[-579,-182],[-470,-155],[-548,-195],[-751,-189],[-516,-121],[-830,-81],[-391,-7],[-626,-13],[-704,-34],[-579,-7],[-532,0],[-626,68],[-845,33],[-595,54],[-845,-33],[-955,-115],[-532,-114],[-407,-142],[-610,-155],[-548,-33],[-876,27],[-611,87],[-798,67],[-391,-47],[-689,-101],[-469,-33],[-532,-34],[-689,-47],[-845,-88],[-438,-27],[-783,-249],[0,209],[423,202],[438,377],[329,269],[250,391],[94,222],[-141,337],[266,263],[188,215],[657,223],[657,121],[689,54],[407,121],[485,141],[532,135],[423,94],[610,149],[360,101],[501,134],[626,142],[767,182],[235,316],[140,297],[799,20],[626,209],[281,363],[251,351],[109,660],[-250,747],[-548,768],[-798,896],[-1190,1138],[-1502,1159],[-1080,916],[-563,485],[-470,343],[-532,344],[-344,282],[-438,297],[-204,141],[-688,391],[-705,418],[-2065,1192],[-1378,734],[-1346,646],[-1158,533],[-1017,417],[-595,189],[-532,134],[-751,142],[-485,54],[-830,67],[-829,61],[-720,74],[-751,-101],[-266,-182],[-298,-202],[-422,-189],[-720,-289],[-532,-209],[-579,-195],[-376,-122],[-438,-155],[-423,-87],[-579,-135],[-360,-67],[-610,323],[595,310],[313,242],[15,303],[-250,223],[-469,323],[-47,290],[297,222],[626,94],[422,74],[392,236],[297,249],[407,249],[579,250],[767,444],[861,600],[438,384],[-251,343],[32,350],[516,209],[501,236],[454,256],[469,262],[595,250],[501,262],[329,189],[438,364],[78,316],[344,391],[188,195],[297,182],[423,276],[501,276],[282,169],[594,134],[407,263],[-62,263],[109,249],[235,290],[266,222],[626,357],[829,586],[345,202],[375,249],[219,344],[-453,181],[-470,149],[-516,229],[62,222],[204,357],[-235,195],[0,249],[297,182],[532,128],[407,41],[798,6],[454,-54],[924,-127],[688,87],[282,121],[532,122],[814,-21],[657,276],[438,384],[626,223],[501,-162],[-203,-458],[-32,-189],[16,-262],[157,-398],[-63,-269],[-454,-371],[-344,-242],[-204,-364],[141,-222],[298,-269],[266,-175],[532,-290],[1064,-505],[735,-276],[595,-101],[595,-54],[892,-41],[595,74],[532,236],[579,-13],[579,-216],[407,-337],[78,-175],[78,-262],[501,-95],[1127,41],[1236,47],[892,60],[986,135],[1127,162],[2097,384],[376,74],[1784,363],[782,182],[580,162],[391,148],[297,303],[485,256],[345,128],[1205,478],[15,202],[-234,216],[-63,391],[376,222],[563,290],[235,161],[203,290],[94,222],[172,296],[-47,263],[-391,121],[-563,283],[532,229],[203,202],[313,263],[579,647],[579,626],[407,876],[219,592],[313,903],[110,694],[15,282],[16,270],[-94,303],[-203,343],[-282,189],[-329,276],[-360,202],[-516,297],[-470,202],[-626,215],[-782,249],[-563,175],[-846,75],[-579,-101],[-516,-176],[-391,-195],[-736,-182],[-657,-114],[-438,-34],[-971,-20],[-813,-115],[-893,-33],[-594,114],[-423,101],[-720,148],[-594,216],[15,310],[219,303],[814,397],[1002,324],[970,215],[1581,512],[657,323],[595,431],[454,243],[406,182],[986,242],[1127,142],[1268,202],[1002,215],[516,195],[63,364],[579,74],[469,54],[783,7],[187,-175],[439,-189],[563,-114],[767,-14],[861,41],[1033,134],[688,256],[595,229],[172,182],[313,357],[767,256],[422,404],[282,384],[235,377],[235,377],[219,290],[172,182],[78,263],[251,256],[626,229],[328,107],[673,148],[454,-255],[63,-418],[266,-236],[-125,-262],[-345,-223],[-172,-283],[31,-714],[-109,-256],[-251,-377],[-78,-229],[110,-397],[47,-337],[-360,-458]],[[234440,318542],[-282,-121],[141,364],[281,296],[94,364],[266,296],[298,209],[172,101],[501,236],[516,215],[517,169],[360,87],[829,-20],[157,-404],[-313,-276],[-313,-330],[-517,-149],[-329,-107],[-516,-209],[-657,-155],[-486,-135],[-344,-134],[-375,-297]],[[189571,319606],[-595,-121],[-830,14],[-532,94],[-391,168],[-266,189],[-282,256],[-78,236],[-391,276],[-501,269],[-157,276],[63,324],[313,215],[250,283],[251,323],[94,350],[344,357],[532,310],[391,155],[439,175],[516,175],[955,330],[1267,438],[799,263],[673,249],[438,128],[814,7],[328,-202],[-78,-425],[-329,-195],[-297,-182],[-157,-235],[-78,-364],[0,-216],[0,-235],[-391,-519],[-360,-559],[-407,-451],[-282,-283],[-782,-546],[-501,-478],[-219,-303],[-172,-391],[-391,-155]],[[282783,329790],[-470,-249],[-469,310],[485,337],[610,121],[313,-189],[-469,-330]],[[169585,372688],[-172,-155],[-610,283],[641,168],[141,-296]],[[206770,376668],[579,-222],[642,-155],[986,-236],[626,-107],[782,-108],[1362,-155],[1314,-74],[1409,-20],[1283,6],[892,34],[924,101],[657,67],[923,203],[1597,458],[1158,538],[876,499],[611,397],[516,398],[235,437],[407,324],[187,377],[94,316],[-47,620],[94,357],[454,458],[798,377],[705,337],[688,404],[423,175],[563,222],[501,41],[798,-41],[282,-101],[282,-296],[46,-357],[94,-438],[658,-518],[986,-458],[970,-479],[563,-255],[235,-357],[0,-283],[-94,-418],[141,-418],[141,-336],[-125,-236],[-751,-404],[-329,-195],[0,-243],[47,-317],[-94,-296],[-172,-283],[-751,-377],[-329,-162],[-564,-74],[-735,-80],[-563,-102],[-564,-121],[-235,-161],[-407,-378],[0,-336],[0,-458],[0,-398],[-172,-815],[-250,-478],[-282,-404],[-595,-829],[-1298,-1360],[-3757,-3799],[-1721,-1455],[-1862,-1495],[-1159,-1475],[-375,-1172],[-47,-1057],[141,-499],[15,-337],[0,-134],[141,-344],[329,-377],[735,-357],[799,-236],[657,-283],[657,-134],[783,-202],[328,-135],[376,-182],[188,-215],[0,-398],[0,-323],[188,-397],[281,-317],[282,-317],[0,-458],[516,-1037],[188,-1057],[47,-377],[-125,-458],[-610,-398],[-705,-296],[-594,-263],[-658,-795],[-547,-996],[-939,-795],[-689,-512],[-798,-606],[-736,-337],[-469,-519],[-470,-518],[-47,-378],[47,-316],[0,-296],[-219,-283],[-422,-196],[-752,-141],[-641,-81],[-517,-81],[-939,-141],[-563,283],[0,417],[0,256],[0,276],[-47,223],[-563,397],[-517,236],[-501,81],[-610,20],[-517,121],[-516,236],[-47,283],[-329,235],[-688,176],[-892,181],[-751,21],[-595,0],[-1080,-21],[-845,0],[-877,-121],[-328,-121],[-423,-236],[-547,-364],[-329,-572],[-657,-1037],[-501,-640],[-423,-418],[-141,-296],[-281,-397],[-126,-499],[0,-599],[188,-317],[282,-242],[235,-337],[0,-418],[0,-337],[-94,-255],[-564,-304],[-453,-316],[-376,-283],[-188,-418],[47,-296],[141,-458],[376,-195],[704,-283],[861,-216],[782,-202],[360,-195],[94,-276],[-141,-283],[-469,-236],[-595,-263],[-751,-316],[-548,-539],[-188,-478],[0,-337],[141,-316],[704,-263],[736,-135],[1784,-202],[485,-135],[579,-161],[282,-337],[0,-539],[-235,-673],[-689,-1017],[-923,-762],[-939,-478],[-1346,-478],[-986,-155],[-1111,-40],[-657,134],[-845,337],[-548,559],[-329,499],[-94,256],[0,262],[-62,337],[-141,216],[-642,282],[-328,21],[-517,296],[-188,216],[0,343],[-141,397],[-610,694],[-1596,997],[-1299,633],[-939,256],[-1017,142],[-799,-61],[-892,-182],[-360,-236],[-610,-242],[-516,-155],[-454,-81],[-658,0],[-516,0],[-610,-202],[-407,-141],[-611,-122],[-610,-40],[-657,0],[-548,-74],[-517,-101],[-657,-81],[-689,81],[-751,94],[-469,20],[-611,297],[-281,242],[-830,155],[-422,142],[-188,235],[-423,519],[-516,283],[-892,451],[-1064,377],[-517,243],[-235,235],[-328,223],[-282,276],[-563,276],[-736,303],[-516,256],[-329,337],[-47,316],[0,344],[0,296],[172,418],[329,316],[282,303],[140,337],[0,337],[-47,539],[0,296],[-15,243],[375,377],[94,222],[0,337],[-281,397],[-282,175],[-657,223],[-407,101],[-705,175],[-469,222],[-329,397],[-47,418],[0,418],[94,794],[-15,317],[0,283],[0,337],[-94,296],[-141,256],[-376,222],[-360,236],[-469,397],[-188,169],[-204,424],[-109,344],[141,458],[15,101],[423,498],[845,559],[595,236],[250,67],[1064,371],[689,282],[47,196],[-141,397],[-282,243],[-328,141],[-517,175],[-735,222],[-470,155],[-422,81],[-376,276],[-94,202],[0,357],[0,297],[329,303],[829,296],[986,337],[1018,101],[1314,20],[1628,-54],[986,0],[829,0],[611,101],[610,256],[595,243],[610,134],[704,41],[454,20],[704,0],[564,7],[657,20],[830,195],[985,378],[1065,478],[735,956],[94,997],[0,94],[-141,660],[-234,364],[-376,236],[-235,202],[-282,276],[-46,296],[0,317],[140,202],[517,438],[0,559],[-16,653],[-94,1017],[-798,835],[-375,580],[-188,552],[-329,801],[-798,991],[-1017,774],[-892,499],[-986,437],[-423,216],[-516,121],[-407,101],[-423,216],[-250,148],[-204,370],[-250,499],[0,673],[219,680],[1174,735],[1815,781],[642,316],[939,344],[782,216],[799,222],[657,155],[735,262],[282,182],[282,297],[235,296],[782,162],[704,0],[564,-21],[970,-60],[563,0],[517,202],[94,316],[0,344],[313,195],[422,182],[611,155],[657,222],[642,297],[422,283],[423,215],[328,323],[32,458],[15,169],[16,343],[344,243],[360,249],[579,188],[423,115],[516,303],[548,552],[344,236],[282,169],[329,208],[516,310],[219,303],[376,249],[266,182],[47,236],[94,411],[563,229],[407,94],[564,7],[939,-40],[579,-75],[1392,-350],[1096,-431],[548,-296],[328,-209],[16,-330],[-563,-195],[-658,-149],[-187,-148],[-157,-256],[-16,-269],[0,-249],[63,-270],[188,-337],[203,-222],[141,-229],[407,-390],[313,-290],[188,-195],[266,-229],[923,-708],[1362,-660],[2113,-848],[532,-189],[563,-209]],[[184328,385647],[-798,-149],[-689,21],[-563,101],[-533,296],[-156,330],[16,189],[-204,309],[-203,418],[344,135],[704,-54],[501,-195],[845,-142],[407,-189],[313,-202],[360,-336],[16,-277],[-360,-255]],[[262422,396524],[-595,-135],[-62,270],[375,350],[298,-162],[-16,-323]],[[217960,400323],[-908,-142],[-610,14],[-407,20],[-78,330],[-47,290],[735,229],[939,47],[439,-175],[266,-317],[-329,-296]],[[296743,404708],[156,-290],[0,-209],[-109,-256],[0,-397],[595,-162],[970,-20],[485,-114],[376,-176],[15,-256],[-438,-323],[-923,-20],[-485,88],[-533,74],[-547,-74],[-752,-203],[-422,-121],[-657,-67],[-423,-115],[-329,-181],[-266,-277],[-594,-168],[-642,94],[-704,115],[-658,-20],[-579,134],[-391,68],[-642,0],[-641,-21],[-485,-74],[-705,-182],[-547,-20],[-532,-74],[-924,-67],[-751,114],[-219,182],[-219,222],[328,229],[1080,-80],[376,13],[422,249],[173,283],[47,364],[109,188],[266,223],[-313,296],[-391,182],[-204,229],[313,384],[658,155],[1017,47],[814,-20],[1080,67],[610,81],[673,81],[1080,188],[704,135],[376,189],[375,256],[548,134],[595,20],[579,-40],[438,-67],[329,-243],[0,-209],[78,-309],[360,-229]],[[249307,410796],[704,-6],[611,0],[422,6],[642,7],[376,20],[626,14],[454,0],[610,0],[610,-7],[626,-13],[861,-54],[657,-135],[939,-323],[892,-344],[783,-451],[360,-290],[141,-202],[47,-289],[0,-425],[-79,-323],[-78,-189],[-203,-417],[-392,-620],[-735,-835],[-736,-741],[-547,-431],[-564,-323],[-438,-189],[-1002,-471],[-782,-519],[-689,-444],[-469,-337],[-626,-519],[-204,-141],[-610,-425],[-892,-444],[-970,-465],[-1206,-391],[-1831,-491],[-2331,-364],[-1440,-175],[-1018,-121],[-532,-27],[-1173,-41],[-1174,-47],[-924,-60],[-907,-61],[-736,-40],[-657,-54],[-1158,-21],[-939,21],[-861,13],[-626,54],[-876,0],[-736,0],[-704,-40],[-564,-61],[-469,-74],[-657,-182],[-423,-202],[-219,-222],[-360,-243],[-470,-215],[-641,-243],[-658,-101],[-547,-54],[-392,-269],[-78,-249],[-109,-310],[-376,-148],[-876,-95],[-642,0],[-673,162],[-329,350],[0,283],[-15,263],[-329,370],[-313,209],[-329,243],[-219,208],[-187,236],[-235,243],[-78,202],[15,229],[110,289],[250,162],[610,168],[626,0],[939,-47],[501,-20],[908,108],[548,188],[688,256],[673,209],[423,121],[532,243],[391,161],[438,196],[548,208],[1127,533],[188,80],[548,243],[798,303],[782,465],[955,599],[407,317],[297,397],[376,566],[156,188],[219,256],[282,344],[595,754],[15,270],[0,235],[-266,277],[-203,175],[-360,357],[-31,262],[-172,243],[-313,276],[-110,162],[-47,283],[110,235],[469,310],[720,189],[923,175],[548,67],[657,27],[736,0],[798,20],[454,54],[798,148],[454,135],[438,148],[407,148],[376,182],[673,303],[688,277],[548,107],[579,47],[923,34],[846,27],[829,-20],[923,-14],[517,-128],[328,-148],[439,-161],[563,-75],[485,-74]],[[314349,410352],[-485,0],[-610,47],[-407,256],[-642,323],[-188,270],[360,330],[79,262],[313,149],[798,-108],[751,-81],[548,-182],[78,-357],[-297,-236],[-94,-282],[-204,-391]],[[306305,415471],[-219,-202],[-266,-438],[0,-323],[-47,-391],[-172,-256],[-423,-344],[-375,-255],[-219,-229],[-329,-229],[-376,-142],[-422,-162],[-532,-262],[-626,-532],[-611,-391],[-704,-465],[-767,-262],[-845,-202],[-626,-162],[-688,-330],[-861,-236],[-689,-94],[-626,27],[-532,235],[-407,371],[-704,-27],[-861,-182],[-861,0],[-172,-182],[-422,-330],[-266,-296],[-220,-323],[-266,-229],[-109,-371],[0,-323],[-47,-209],[-391,-296],[-798,-505],[-533,-229],[-657,-283],[-485,-162],[-532,-88],[-814,0],[-438,-74],[-970,-20],[-642,209],[-376,182],[-172,215],[0,472],[-219,343],[-156,236],[-157,296],[-63,337],[376,182],[657,47],[423,189],[266,296],[109,276],[376,344],[376,350],[438,411],[751,552],[595,323],[422,162],[219,209],[110,357],[-172,404],[266,209],[767,202],[688,236],[877,181],[532,142],[266,135],[376,343],[704,1152],[328,188],[752,162],[970,-47],[595,141],[798,88],[595,0],[766,121],[579,20],[767,-94],[1237,-182],[813,-87],[595,182],[908,229],[704,114],[924,94],[751,162],[485,162],[814,-135],[-110,-310],[0,-397]],[[328106,413255],[-579,-14],[-626,61],[-329,94],[-266,256],[-125,155],[-141,270],[-266,269],[-94,168],[517,344],[203,411],[-47,262],[125,303],[251,169],[547,128],[908,101],[767,236],[689,-75],[532,-215],[344,-303],[-188,-411],[-172,-303],[16,-162],[-63,-370],[-78,-249],[-125,-411],[-47,-189],[-188,-242],[-579,-202],[-407,-54],[-579,-27]],[[294818,417922],[-172,-33],[-908,134],[-329,243],[-140,168],[-63,290],[172,188],[282,263],[360,128],[563,101],[564,-256],[579,-222],[438,-377],[-235,-175],[-329,-236],[-782,-216]],[[286680,423796],[-454,-162],[-313,0],[767,162]],[[252171,423668],[454,-21],[563,0],[564,27],[986,14],[829,-34],[548,-296],[94,-236],[172,-303],[-563,-216],[-548,-13],[-1064,-101],[-1268,-195],[-2003,-512],[-548,-175],[-986,-351],[-610,-262],[-517,-283],[-594,-290],[-658,-242],[-641,-169],[-626,-141],[-517,-94],[-454,-61],[-594,-7],[-720,0],[-438,14],[-626,114],[-486,290],[-547,397],[-407,317],[-219,202],[-266,209],[-16,283],[-141,208],[-438,303],[-282,236],[0,195],[94,344],[548,525],[469,283],[360,142],[423,161],[657,27],[376,54],[704,162],[376,121],[610,101],[955,0],[438,0],[735,162],[439,370],[375,222],[438,155],[517,68],[610,0],[532,0],[501,0],[657,-202],[345,-175],[234,-378],[0,-235],[47,-256],[251,-189],[438,-175],[438,-94]],[[655351,412319],[360,-256],[-16,-263],[-610,-229],[-204,-222],[-62,-364],[-157,-310],[-454,-330],[-297,-202],[-329,-195],[-594,-317],[-470,-182],[-673,-208],[-532,-149],[-704,-195],[-454,-128],[-689,-182],[-563,-209],[-407,-148],[-360,-168],[-375,-209],[-470,-290],[-344,-222],[-517,-357],[-266,-263],[-109,-222],[-298,-249],[-360,-168],[-626,-223],[-438,-161],[-438,-155],[-438,-155],[-720,-216],[-595,-128],[-829,-60],[-548,-14],[-908,-47],[-516,-94],[-673,-155],[-470,-61],[-563,-141],[-563,-222],[-517,-21],[-642,-47],[-516,-101],[-501,-13],[-657,13],[-689,-27],[-626,-128],[-328,-128],[-767,-336],[-517,-277],[-422,-309],[-94,-317],[141,-303],[-266,-370],[-251,-209],[-235,-189],[-453,-269],[-407,-196],[-564,-283],[-328,-215],[-736,-276],[-313,-162],[-501,-182],[-641,-202],[-501,-141],[-736,-202],[-469,-108],[-517,-115],[-469,-87],[-579,-108],[-532,-101],[-439,-87],[-766,-236],[-595,-229],[-391,-189],[-360,-168],[-392,-162],[-766,-135],[-642,-101],[-423,-161],[-407,-290],[-172,-283],[-62,-208],[-32,-304],[63,-316],[-313,-263],[-313,-182],[-297,-323],[-407,-323],[-266,-317],[15,-242],[0,-196],[-62,-330],[-188,-384],[-31,-276],[109,-175],[376,-256],[485,-276],[344,-249],[298,-229],[250,-216],[282,-242],[141,-148],[109,-270],[0,-262],[-391,-391],[-485,-155],[-501,-175],[-532,-357],[47,-216],[328,-188],[439,-189],[360,-168],[438,-344],[156,-283],[47,-161],[31,-276],[141,-391],[266,-283],[407,-283],[548,-370],[329,-216],[-16,-350],[-156,-168],[-345,-256],[-250,-209],[-188,-249],[-94,-337],[-16,-330],[-172,-411],[-313,-317],[-344,-195],[-626,-316],[-376,-256],[-219,-317],[16,-236],[203,-303],[266,-202],[392,-215],[391,-202],[469,-283],[360,-263],[298,-263],[172,-215],[16,-377],[-79,-236],[-454,-350],[-1189,-526],[-1768,-1286],[-611,-337],[-735,-209],[-1393,-471],[-454,-283],[-110,-74],[-485,-323],[-1001,-405],[-939,-242],[-188,-54],[-1174,-566],[-250,-121],[-689,-182],[-782,-135],[-595,-107],[-157,-324],[-438,-316],[-892,-135],[-516,-202],[-219,-249],[-392,-323],[-281,-169],[-486,-209],[-751,-296],[-688,-283],[-611,-188],[-563,-108],[-564,-108],[-469,-108],[-626,-222],[-579,-330],[-611,-330],[-438,-189],[-391,-107],[-563,-101],[-1080,-155],[-1158,-149],[-1252,-121],[-501,-54],[-470,-101],[-422,-262],[172,-223],[735,-249],[407,-128],[454,-209],[219,-215],[-313,-303],[-454,-148],[-626,-128],[-782,-142],[-1189,-168],[-392,-81],[-563,-155],[-579,-276],[-188,-216],[-219,-411],[-141,-289],[-203,-229],[-345,-195],[-594,-263],[-407,-175],[-626,-249],[-407,-162],[-689,-276],[-1361,-667],[-548,-269],[-501,-310],[-422,-337],[-141,-222],[-79,-223],[-93,-289],[-79,-270],[-203,-296],[-172,-249],[-376,-330],[-532,-216],[-329,-148],[-328,-263],[-126,-235],[-172,-256],[-297,-310],[-626,-296],[-657,-297],[-251,-222],[-172,-256],[-250,-256],[-689,-303],[-423,-108],[-704,-256],[-94,-384],[-594,-323],[-564,-67],[-563,-27],[-673,-41],[-657,-155],[-423,-168],[-454,-141],[-516,-101],[-564,-48],[-547,48],[-517,114],[-469,141],[-705,209],[-657,229],[-423,162],[-422,168],[-642,243],[-469,134],[-767,162],[-548,81],[-814,101],[-563,54],[-845,47],[-564,20],[-579,14],[-563,-7],[-767,-14],[-454,-47],[-548,-148],[-297,-128],[-454,-283],[-375,-229],[-329,-289],[-157,-250],[-62,-229],[-16,-202],[-78,-316],[-407,-384],[-657,-229],[-391,-243],[-360,-377],[-235,-283],[-188,-235],[-250,-216],[-282,-215],[-329,-202],[-407,-169],[-485,-128],[-798,-135],[-563,-40],[-564,-40],[-563,-41],[-798,-114],[-407,-182],[-313,-195],[-313,-209],[-345,-196],[-344,-195],[-360,-188],[-375,-182],[-423,-169],[-485,-128],[-501,-114],[-532,-88],[-563,-60],[-501,-108],[-470,-142],[-438,-155],[-297,-208],[-345,-330],[-688,-216],[-532,-81],[-423,-155],[-172,-229],[-141,-242],[-219,-350],[-156,-236],[-267,-344],[-203,-229],[-219,-222],[-235,-229],[-375,-330],[-313,-202],[-407,-168],[-501,-115],[-579,-33],[-924,67],[-532,-216],[-219,-168],[-360,-256],[-720,-249],[-563,-81],[-407,-323],[-250,-270],[-517,-47],[-595,0],[-892,-34],[-485,-154],[-469,-250],[-423,-289],[-203,-216],[-313,-390],[-63,-270],[78,-276],[79,-276],[62,-202],[32,-330],[46,-263],[16,-269],[31,-405],[32,-336],[-32,-357],[-156,-263],[-548,-290],[-610,-175],[-16,-6],[-1580,-452],[-1362,-316],[-595,-108],[-861,-121],[-672,-74],[-893,-74],[-610,-34],[-548,-34],[-704,-20],[-720,-141],[-172,-357],[-31,-229],[-485,-344],[-579,-229],[-673,-269],[-548,-202],[-360,-169],[-454,-283],[-548,-283],[-454,-94],[-610,-87],[-297,-290],[-16,-283],[-219,-209],[-360,-262],[-376,-250],[-328,-188],[-345,-162],[-766,-182],[-846,-134],[-735,-128],[-407,-142],[-454,-209],[-141,-276],[-15,-384],[-79,-283],[-219,-262],[-328,-283],[-345,-229],[-735,-431],[-313,-155],[-579,-222],[-658,-209],[-704,-202],[-469,-162],[-658,-303],[-391,-195],[-469,-283],[-360,-189],[-345,-161],[-673,-277],[-485,-154],[-845,-310],[-454,-122],[-563,-107],[-908,-41],[-595,175],[-328,310],[-157,196],[-266,363],[-485,351],[-532,202],[-501,40],[-735,-27],[-298,-40],[-641,-95],[-783,-134],[-454,-122],[-407,-161],[-438,-270],[-266,-262],[-203,-256],[-407,-324],[-329,-141],[-516,-195],[-313,-108],[-501,-175],[-736,-216],[-328,-94],[-861,-243],[-611,-161],[-610,-155],[-814,-162],[-563,-67],[-845,-27],[-767,-14],[-845,34],[-564,54],[-407,47],[94,-316],[16,-202],[-156,-324],[-204,-242],[-109,-196],[-63,-255],[344,-384],[219,-236],[79,-364],[-235,-276],[-235,-189],[-579,-397],[-423,-290],[-438,-303],[-407,-343],[-500,-465],[-470,-539],[-501,-579],[-422,-498],[-157,-202],[-141,-351],[266,-323],[251,-189],[375,-390],[47,-202],[16,-330],[47,-351],[94,-262],[188,-303],[281,-297],[485,-397],[533,-330],[360,-216],[485,-336],[297,-378],[188,-296],[141,-249],[172,-391],[109,-256],[79,-283],[31,-229],[47,-417],[47,-216],[16,-256],[-47,-343],[-266,-324],[-439,-269],[-673,-303],[-1158,-370],[-720,-189],[-688,-135],[-548,-81],[-814,-67],[-798,-61],[-751,-74],[-861,-134],[-516,-128],[-282,-142],[-188,-303],[235,-283],[313,-155],[454,-168],[657,-182],[501,-135],[657,-202],[673,-235],[407,-182],[469,-209],[517,-290],[610,-390],[564,-411],[579,-445],[297,-235],[344,-304],[220,-202],[234,-390],[47,-216],[-15,-256],[15,-276],[94,-209],[329,-316],[203,-276],[32,-229],[-126,-297],[-266,-249],[-469,-350],[-392,-283],[-344,-283],[-235,-290],[-125,-397],[78,-303],[220,-397],[234,-162],[470,-162],[501,-276],[-47,-411],[78,-289],[235,-378],[250,-303],[219,-256],[360,-336],[423,-445],[281,-364],[235,-377],[157,-357],[219,-411],[172,-242],[391,-357],[282,-162],[407,-182],[344,-128],[532,-161],[517,-121],[532,-122],[485,-101],[626,-101],[422,-54],[564,-53],[861,-102],[657,-74],[782,-107],[955,-175],[1143,-236],[939,-189],[829,-175],[657,-229],[345,-175],[172,-216],[-141,-377],[-313,-182],[-407,-222],[-172,-155],[-141,-276],[31,-323],[376,-283],[313,-202],[125,-270],[-313,-350],[-485,-283],[-438,-215],[-407,-189],[-485,-202],[-564,-175],[-469,-182],[-470,-168],[-391,-148],[-532,-263],[-438,-229],[-376,-236],[-375,-276],[-235,-263],[-94,-303],[203,-357],[251,-202],[454,-296],[407,-236],[203,-141],[344,-270],[141,-222],[63,-222],[-16,-283],[-250,-384],[-298,-236],[-469,-269],[-626,-270],[-438,-222],[-360,-283],[-157,-195],[-94,-330],[-109,-606],[-32,-411],[16,-283],[31,-168],[110,-283],[156,-229],[329,-337],[313,-263],[297,-175],[329,-215],[626,-337],[704,-344],[298,-128],[500,-229],[329,-182],[219,-276],[32,-269],[0,-323],[-79,-229],[-172,-243],[-454,-370],[-469,-283],[-532,-283]],[[490508,275995],[-313,-128],[-454,-162],[-564,-40],[-688,27],[-470,-68],[-704,-161],[-376,67],[-782,-101],[-423,-148],[-453,-182],[-313,-370],[-267,-189],[-438,-222],[-375,-297],[-407,-181],[-720,-169],[-611,-60],[-500,-162],[-235,-168],[-157,-243],[-47,-236],[-125,-343],[-94,-216],[-234,-384],[-235,-256],[-188,-208],[-203,-250],[-173,-303],[-93,-242],[-79,-270],[-203,-357],[-157,-215],[-360,-357],[-360,-222],[-579,-196],[-438,-94],[-563,-189],[-345,-208],[-391,-384],[-313,-283],[-563,-209],[-532,-61],[-470,-94],[-548,-283],[-375,-242],[-407,-222],[-376,-203],[-532,-222],[-563,-161],[-736,-162],[-438,-350],[-501,-290],[-563,-310],[-704,-343],[-846,-398],[-422,-182],[-626,-235],[-454,-162],[-438,-114],[-517,-95],[-986,-20],[-673,-27],[-563,-168],[-250,-202],[-298,-283],[-328,-391],[-360,-310],[-423,-215],[-250,-229],[250,-317],[-94,-357],[-532,-114],[-798,-81],[-532,-94],[-704,-223],[-376,-134],[-1033,-404],[-751,-344],[-501,-283],[-407,-269],[-1001,-761],[-861,-505],[-814,-384],[-1049,-425],[-594,-202],[-266,-229],[187,-262],[-422,-236],[-313,-371],[-157,-397],[-219,-283],[-47,-195],[-360,-229],[-328,-324],[-282,-383],[-235,-290],[-109,-195],[-298,-263],[-203,-121],[-219,-297],[-16,-235],[-125,-223],[-423,-276],[-641,-310],[-658,-155],[-563,-53],[-501,-61],[-422,-115],[-579,-168],[-548,-135],[-517,-94],[-657,-94],[-610,-81],[-564,-81],[-500,-108],[-579,-148],[-564,-168],[-548,-216],[-657,-256],[-376,-202],[-266,-188],[-187,-283],[-126,-371],[-187,-262],[-141,-196],[-94,-276],[-110,-209],[-281,-235],[-564,-196],[-501,-128],[-813,-128],[-548,-67],[-564,-54],[-798,-54],[-532,-47],[-782,-128],[-423,-162],[-297,-148],[-360,-249],[-141,-182],[-63,-390],[141,-391],[204,-384],[281,-492],[172,-437],[110,-236],[125,-512],[0,-47],[-15,-532],[0,-41],[-94,-512],[-47,-134],[-110,-290],[-125,-337],[-188,-539],[-250,-330],[-235,-222],[-266,-162],[-563,-168],[-501,-54],[-548,20],[-454,54],[-626,128],[-548,122],[-344,67],[-798,101],[-939,-20],[-579,-175],[-204,-236],[-47,-290],[63,-363],[47,-236],[-63,-216],[-751,-188],[-641,-34],[-736,-40],[-485,-21],[-595,-27],[-501,-47],[-579,-81],[-641,-154],[-360,-149],[-360,-208],[-251,-229],[-297,-317],[-157,-377],[-62,-317],[-47,-370],[47,-236],[15,-242],[0,-202],[-469,-196],[-438,-13],[-704,-20],[-439,-128],[-501,-277],[-766,-181],[-767,-122],[-1127,-161],[-1471,-162],[-517,-135],[-125,-269],[-328,-195],[-564,-108],[-751,-175],[-642,-243],[-767,-175],[-438,-87],[-469,-128],[-423,-344],[-109,-364],[-63,-330],[-282,-195],[-579,-155],[-657,-114],[-313,-270],[141,-323],[156,-202],[282,-276],[188,-189],[438,-229],[172,-189],[282,-289],[313,-155],[313,-310],[203,-209],[376,-289],[438,-270],[454,-141],[438,-155],[360,-135],[391,-195],[282,-162],[282,-202],[328,-289],[94,-196],[-94,-303],[-516,-256],[-438,-168],[-548,-169],[-454,-87],[-516,-61],[-736,-33],[-720,0],[-767,13],[-626,14],[-594,13],[-439,-7],[-563,-81],[-626,-154],[-454,-155],[-595,-270],[-641,-236],[-626,-154],[-548,-162],[-532,-229],[-532,-330],[-423,-283],[-594,-317],[-470,-208],[-563,-223],[-501,-168],[-407,-135],[-407,-148],[-595,-256],[-250,-175],[-360,-222],[-313,-175],[-407,-196],[-391,-155],[-470,-128],[-547,-121],[-611,-135],[-814,-181],[-673,-122],[-500,-87],[-501,-135],[-219,-296],[109,-216],[-94,-384],[-250,-208],[-548,-310],[-626,-243],[-704,-195],[-798,-216],[-1315,-343],[-1080,-243],[-626,-161],[-657,-209],[-704,-249],[-1017,-337],[-720,-269],[-454,-196],[-720,-289],[-611,-270],[-532,-222],[-563,-243],[-579,-229],[-423,-161],[-1173,-465],[-439,-175],[-422,-128],[-861,-189],[-767,-87],[-673,-41],[-641,-47],[-830,-175],[-375,-229],[-204,-236],[31,-222],[110,-316],[-250,-283],[-533,-169],[-453,-81],[-533,-80],[-954,-142],[-1299,-195],[-955,-148],[-939,-101],[-829,-108],[-454,-101],[-564,-276],[-62,-310],[94,-216],[-705,7],[-1596,88],[-876,87],[-877,14],[-375,128],[-329,208],[-16,216],[-485,256],[-767,67],[-375,377],[-798,997],[-360,162],[-470,168],[-579,196],[-908,0],[-516,20],[-689,60],[-923,41],[-548,74],[-704,236],[-751,121],[-501,-54],[-532,0],[-767,209],[-407,222],[-188,216],[-141,303],[-266,128],[-500,175],[-611,40],[-798,-20],[-532,-54],[-704,-13],[-579,67],[-830,34],[-516,87],[-438,81],[-642,135],[-626,54],[-814,94],[-673,34],[-375,161],[-32,283],[-704,196],[-610,255],[-32,176],[-422,242],[-345,209],[-453,283],[-423,310],[-892,-7],[-939,47],[-470,175],[-406,330],[15,337],[94,276],[16,337],[-736,222],[-532,195],[-344,189],[-298,242],[-594,142],[-595,7],[-376,121],[-563,67],[-720,68],[-579,195],[-156,215],[-79,223],[-78,343],[-563,189],[-767,-14],[-423,182],[-767,202],[-673,270],[-892,60],[-407,-289],[-845,-81],[-704,148],[-548,-34],[-907,-60],[-673,87],[-392,303],[16,263],[-125,377],[-548,169],[-532,40],[-501,14],[-532,-14],[-782,-47],[-548,-54],[-548,-54],[-438,-40],[-689,-81],[-501,-54],[-719,-61],[-720,34],[-454,94],[-626,122],[-626,141],[-877,94],[-766,0],[-673,-60],[-658,-74],[-720,-61],[-610,-13],[-657,-7],[-798,27],[-1566,33],[-1048,-6],[-704,-27],[-642,-27],[-657,-47],[-845,-101],[-611,-95],[-610,-141],[-704,-222],[-548,-216],[-610,-283],[-1769,-801],[-1033,-465],[-2222,-1010],[-1221,-485],[-704,-270],[-798,-242],[-767,-195],[-720,-149],[-657,-114],[-1065,-169],[-1158,-128],[-1080,-94],[-892,-54],[-219,-6],[-923,-48],[-798,-6]],[[277290,217539],[-110,1421],[-595,94],[-610,142],[-454,377],[313,209],[-125,336],[-595,21],[-485,168],[-281,229],[-313,370],[-220,202],[-360,277],[-954,121],[-767,-88],[-219,249],[125,243],[125,175],[376,296],[641,485],[658,398],[1001,485],[908,411],[1236,518],[1456,627],[485,195],[548,222],[939,411],[861,370],[1330,600],[1002,572],[469,297],[454,337],[282,208],[469,377],[485,405],[501,512],[203,282],[313,485],[407,728],[501,1010],[391,849],[126,633],[15,727],[-47,364],[-31,222],[-94,505],[282,270],[391,60],[704,-6],[517,-34],[-1315,2122],[-892,20],[-610,-61],[-391,108],[-736,-27],[-642,-47],[-798,-41],[-970,27],[-438,88],[-595,128],[-657,108],[-517,74],[-688,94],[-533,74],[-485,34],[-798,81],[-454,47],[-907,27],[-830,-68],[-923,-94],[-438,-67],[-752,-128],[-407,-128],[-438,-115],[-391,-155],[-454,-282],[-109,-250],[15,-397],[78,-357],[267,-370],[93,-229],[173,-270],[62,-229],[-31,-242],[-141,-283],[-407,-276],[-642,-303],[-923,-61],[-642,74],[-672,189],[-282,208],[-485,277],[-204,296],[-31,202],[16,283],[46,155],[-46,296],[-188,283],[-47,290],[-16,229],[188,350],[-47,263],[-203,296],[-360,404],[-376,505],[-391,499],[-188,168],[-720,673],[-1158,620],[-814,169],[-657,-14],[-564,-162],[-391,-141],[-845,-54],[-767,81],[-861,40],[-563,182],[-94,337],[31,229],[-62,249],[-16,377],[-141,755],[-62,613],[-110,794],[0,142],[-141,1253],[-109,350],[-141,195],[-751,195],[-532,102],[-298,148],[-15,357],[-188,202],[-470,330],[-141,283],[298,343],[360,162],[109,431],[-156,289],[-345,351],[-93,336],[-392,176],[-172,350],[-31,397],[0,249],[-16,203],[-47,303],[-15,316],[-16,243],[-141,384],[0,242],[-235,296],[-375,236],[-360,209],[-391,209],[-470,370],[-626,61],[-469,-14],[-533,-134],[-579,-236],[-626,-148],[-954,33],[-564,122],[-469,208],[-360,182],[203,297],[392,249],[140,384],[-31,336],[47,209],[-110,310],[-125,384],[-250,337],[-501,269],[-219,256],[0,263],[469,141],[595,-13],[783,-54],[516,-27],[470,-195],[673,-196],[735,-67],[595,-7],[814,-94],[939,-34],[720,68],[375,67],[626,13],[845,-141],[689,-7],[829,-229],[376,-175],[438,-229],[376,-330],[375,-343],[141,-169],[360,-539],[188,-222],[563,-236],[814,-107],[438,6],[689,0],[783,0],[986,-20],[485,7],[547,7],[924,-7],[767,-108],[594,-209],[251,-262],[-63,-182],[-188,-344],[-313,-229],[-563,-343],[-94,-377],[0,-209],[141,-297],[188,-188],[407,-189],[360,-134],[641,-196],[658,-114],[907,-297],[470,-128],[532,-154],[767,-216],[485,-162],[485,-182],[516,-195],[470,-195],[454,-101],[516,-27],[845,20],[767,27],[438,-7],[861,-47],[391,-40],[861,-81],[642,-61],[829,-60],[611,-297],[673,-256],[688,-121],[501,-47],[939,-34],[563,27],[611,27],[469,20],[564,34],[469,54],[689,81],[642,87],[500,81],[783,162],[829,222],[63,27],[939,195],[2942,795],[1221,317],[908,397],[1064,364],[485,310],[610,316],[673,431],[1252,808],[438,351],[360,370],[204,270],[125,208],[423,371],[594,128],[485,0],[830,-34],[689,-67],[719,-122],[517,-121],[501,-155],[313,-107],[892,-155],[704,-95],[720,-148],[563,-148],[454,-121],[564,-101],[829,-196],[563,-107],[4664,1764],[-47,290],[16,202],[156,263],[313,330],[454,195],[501,135],[407,67],[579,54],[532,34],[470,27],[673,276],[375,289],[501,364],[438,330],[1080,802],[235,148],[360,215],[532,310],[548,337],[688,492],[517,330],[-266,208],[-126,243],[204,350],[-16,296],[172,236],[439,243],[407,256],[532,-47],[673,-128],[970,-61],[329,242],[313,128],[641,263],[658,168],[579,7],[422,47],[2144,54],[814,236],[470,222],[453,297],[16,262],[-188,364],[-78,498],[-47,310],[-689,734],[-219,438],[0,249],[141,223],[313,222],[501,357],[360,242],[250,189],[298,202],[297,397],[-78,263],[-188,303],[-344,270],[-579,417],[-266,202],[-517,350],[-375,229],[-486,243],[-344,188],[-376,169],[-250,168],[-141,425],[454,208],[595,21],[782,13],[877,101],[907,182],[439,141],[391,176],[532,323],[563,330],[313,424],[439,425],[438,242],[829,195],[454,-175],[282,-215],[704,148],[250,289],[-156,418],[-470,195],[-31,216],[470,202],[344,81],[532,128],[391,134],[423,290],[219,296],[235,378],[-188,390],[-266,290],[-141,310],[-94,229],[266,330],[532,168],[626,81],[658,0],[704,-14],[516,357],[3099,2183],[-63,81],[-297,505],[141,289],[329,324],[485,336],[641,418],[877,599],[563,344],[892,418],[736,276],[1048,323],[767,296],[329,115],[704,114],[360,27],[689,20],[375,-20],[611,-54],[610,-67],[563,-40],[1174,256],[1049,794],[-360,243],[-251,310],[-78,316],[-62,330],[-79,270],[-172,323],[-141,350],[-344,519],[-313,202],[-329,370],[-297,297],[-188,363],[141,229],[610,175],[-641,1220],[-642,-27],[-829,121],[-407,215],[-235,202],[-266,196],[-266,222],[-16,243],[-62,296],[-251,364],[-313,262],[-266,236],[-62,303],[688,88],[470,-88],[704,-7],[548,115],[407,290],[-47,303],[-454,289],[-532,290],[-407,182],[-391,134],[-783,270],[-282,303],[313,182],[313,276],[157,269],[31,303],[-16,290],[-31,222],[-62,236],[-220,370],[-156,310],[-78,270],[47,242],[-1722,438],[-1847,236],[-657,-276],[-282,-216],[-234,-350],[-376,-377],[-720,40],[-751,-721],[422,-161],[235,-337],[-109,-216],[-407,-296],[-391,-175],[-642,-155],[-1190,-128],[-1017,-135],[-767,-67],[-673,-20],[-610,7],[-751,53],[-657,81],[-611,7],[-595,-47],[-469,-94],[-689,-149],[-579,-107],[-610,-41],[-595,-40],[-532,-20],[-501,-34],[-563,-34],[-501,-33],[-861,-48],[-626,0],[-563,0],[-438,-27],[-751,-107],[-971,0],[-641,27],[-673,67],[-579,101],[-611,141],[-548,135],[-688,148],[-704,148],[-407,122],[-689,114],[-782,101],[-971,189],[-485,128],[-532,128],[-501,128],[-892,256],[-376,128],[-688,276],[-407,161],[-282,155],[-407,243],[-313,188],[-579,310],[-516,249],[-391,317],[-126,296],[-47,142],[-1361,377],[-861,-40],[-735,0],[-877,0],[-814,114],[-1142,135],[-736,121],[-532,34],[-485,-7],[-798,-128],[-626,-67],[-673,-21],[-704,7],[-752,-87],[-391,-175],[-281,-391],[-376,-202],[-876,-337],[-1738,-424],[-438,-162],[-109,-242],[0,-391],[-282,-411],[-219,-202],[-470,-283],[-422,-269],[-626,-317],[-689,-60],[-422,-75],[-360,-195],[-454,-195],[-313,-290],[-438,-175],[-439,-114],[-500,-101],[-533,-75],[-813,-121],[-345,-134],[-485,-155],[-532,-202],[-876,-142],[-141,-269],[-391,-142],[-720,14],[-470,54],[-1048,101],[-533,47],[-485,67],[-782,20],[-814,-202],[-532,-235],[-251,-223],[-250,-283],[-297,-336],[-423,-364],[-360,-236],[-485,-222],[-391,-121],[-595,-101],[-219,-196],[-141,-249],[-156,-229],[-126,-182],[-375,-337],[-877,-60],[-297,215],[-516,256],[-564,122],[-720,114],[-375,195],[-798,135],[-611,-7],[-908,-161],[-328,-169],[-391,-168],[-595,-269],[-626,-155],[-751,161],[-376,142],[-313,242],[-344,249],[-751,263],[-783,135],[-751,209],[-517,343],[-109,222],[-235,310],[-188,209],[0,249],[345,310],[672,222],[1049,398],[391,229],[110,208],[-31,364],[-110,256],[235,290],[485,134],[329,162],[688,148],[970,-87],[689,60],[329,74],[720,21],[500,-34],[705,-115],[626,-47],[454,-27],[610,81],[391,148],[376,209],[328,195],[329,324],[94,269],[63,519],[94,316],[15,303],[-94,270],[-109,249],[-172,243],[-126,255],[47,203],[63,256],[203,208],[173,189],[250,242],[360,142],[704,13],[673,-27],[798,27],[720,74],[751,149],[736,101],[422,80],[392,209],[344,323],[297,162],[501,115],[626,33],[611,175],[172,364],[-63,418],[-63,215],[94,391],[173,209],[266,296],[156,391],[0,310],[0,161],[-62,303],[-173,216],[-203,370],[-172,297],[-266,195],[-219,222],[-470,377],[-313,283],[-250,330],[-939,1017],[-720,708],[-658,586],[-719,639],[-360,337],[-282,249],[-110,330],[-78,223],[-469,208],[-313,61],[-1174,108],[-454,310],[47,283],[31,256],[-31,269],[-125,189],[-532,323],[-486,168],[-187,317],[109,256],[204,303],[234,215],[423,371],[376,390],[-157,337],[-235,263],[-250,215],[-172,283],[156,209],[564,344],[15,336],[-281,243],[-329,242],[-125,169],[109,283],[0,188],[-31,377],[-141,263],[-375,317],[31,262],[141,182],[-235,263],[-47,364],[-141,242],[-329,317],[-172,175],[204,343],[407,236],[375,148],[517,155],[735,162],[501,13],[532,-168],[783,-263],[892,54],[501,54],[688,94],[751,0],[611,47],[907,88],[439,121],[438,283],[313,175],[454,276],[360,175],[313,182],[297,317],[188,182],[219,357],[235,363],[360,223],[704,262],[501,297],[454,202],[907,80],[579,-161],[486,13],[594,14],[407,40],[610,74],[689,121],[360,128],[516,216],[439,189],[563,121],[579,34],[595,-48],[469,-276],[16,-249],[-360,-310],[704,-673],[595,-34],[610,-47],[517,-68],[751,-40],[626,-74],[501,-67],[532,-108],[438,-68],[485,-215],[955,-182],[156,27],[861,81],[1221,87],[876,95],[986,114],[939,74],[517,54],[704,148],[423,169],[1095,404],[892,256],[845,269],[1065,317],[798,209],[845,155],[579,107],[1048,108],[1299,81],[3036,6890],[110,317],[595,310],[-172,208],[-235,404],[313,371],[422,162],[626,195],[783,114],[360,68],[767,161],[-329,1071],[-657,101],[-767,243],[-438,202],[-642,236],[-563,229],[-783,397],[-1894,909],[-970,553],[-829,599],[-705,505],[-719,647],[-360,330],[-439,343],[-125,88],[-1111,889],[-2629,2741],[-1221,1650],[-188,297],[-172,276],[-219,458],[-94,525],[16,458],[-16,155],[-156,270],[-454,282],[-329,189],[-407,202],[-219,202],[-156,243],[-32,390],[47,303],[141,277],[172,222],[313,202],[298,168],[453,142],[752,161],[939,54],[172,398],[-1049,53],[-657,21],[-642,27],[-532,27],[-1174,114],[-485,135],[-751,188],[-939,27],[-469,41],[-673,141],[-1628,916],[-1142,876],[-47,60],[-470,472],[-297,343],[-282,586],[-469,1105],[-267,1165],[0,344],[-78,411],[-31,296],[0,397],[0,135],[16,909],[-235,148],[-1346,849],[-2488,1603],[-830,573],[-376,262],[-1486,1044],[-1691,1448],[-187,425],[109,390],[454,398],[1722,821],[2817,748],[1737,276],[720,47],[563,21],[563,-7],[846,20],[751,0],[532,-47],[469,-67],[2567,-68],[986,34],[986,54],[1033,-14],[1393,-101],[892,-175],[1142,155],[955,47],[516,14],[579,-41],[783,270],[595,155],[704,60],[454,88],[876,148],[924,155],[1142,209],[673,74],[595,60],[563,115],[438,114],[2348,189],[-830,768],[-187,-270],[-767,74],[-877,-128],[-845,21],[-814,101],[-766,74],[-501,0],[-798,0],[-392,20],[-782,0],[-454,-34],[-830,-13],[-547,81],[-767,208],[-751,378],[-955,478],[-1330,788],[-438,357],[-267,417],[-109,297],[-204,552],[0,303],[110,492],[391,929],[423,613],[297,162],[360,269],[63,236],[-16,418],[94,572],[125,371],[188,202],[736,572],[485,303],[234,81],[1018,344],[1455,572],[939,465],[1440,559],[861,478],[861,680],[46,27],[580,505],[563,640],[360,600],[250,539],[501,545],[282,249],[469,236],[798,216],[955,54],[861,94],[203,209],[204,208],[313,250],[328,208],[486,182],[939,324],[845,229],[907,208],[971,189],[1001,141],[1346,169],[1424,155],[1268,114],[1189,81],[1112,88],[876,47],[923,20],[1268,20],[47,0],[1346,-13],[2019,-81],[970,-115],[642,-182],[407,-168],[407,-155],[907,-262],[470,-68],[407,-161],[391,-223],[376,-249],[453,-370],[1127,13],[10063,128],[798,108],[470,-14],[516,472],[-281,215],[438,297],[376,13],[829,121],[689,155],[532,169],[281,134],[1096,506],[673,316],[673,276],[751,337],[798,397],[391,202],[752,479],[266,242],[610,654],[266,491],[157,209],[94,445],[46,316],[32,296],[-32,425],[376,370],[642,512],[-235,276],[235,350],[360,142],[313,195],[234,196],[267,505],[203,640],[31,262],[79,243],[219,269],[360,101],[954,364],[673,269],[94,148],[783,741],[782,539],[736,526],[579,296],[563,189],[673,134],[610,81],[2411,344],[2488,289],[3286,384],[235,1980],[-1768,196],[-1174,80],[-736,-6],[-1017,94],[-579,40],[-845,0],[-861,27],[-579,7],[-720,14],[-829,74],[-751,87],[-736,-20],[-282,-34],[-1001,-377],[-1111,-411],[-313,-404],[-110,-316],[-391,-384],[-485,-236],[-830,-175],[-516,-216],[-470,-128],[-594,27],[-767,74],[-439,-114],[-860,-263],[-517,155],[-563,-61],[-532,-309],[-595,-290],[-423,-249],[-970,-371],[-814,-309],[-454,-209],[-626,-310],[-704,-472],[-454,-377],[-266,-478],[-94,-81],[-328,-337],[-658,-545],[-892,-1132],[-516,-545],[-595,-485],[-454,-451],[-297,-263],[-344,-290],[-298,-161],[-500,-216],[-564,-67],[-516,202],[-141,188],[-204,344],[-407,471],[-688,829],[-454,545],[-344,506],[-79,282],[-31,189],[157,377],[94,371],[140,370],[0,290],[-125,283],[-94,424],[172,451],[329,492],[219,377],[188,364],[250,363],[173,714],[-32,438],[157,1064],[-125,438],[-16,579],[-78,479],[-16,74],[-266,350],[-78,411],[94,276],[172,256],[892,471],[469,283],[830,553],[641,491],[1127,835],[470,573],[501,323],[453,243],[736,249],[939,13],[610,-181],[298,-324],[-63,-289],[0,-236],[407,-189],[376,-94],[766,-40],[861,-41],[2207,-7],[970,14],[783,87],[939,68],[501,-202],[1111,54],[1314,60],[376,344],[235,229],[-126,397],[-187,202],[-282,202],[-188,216],[0,262],[47,229],[313,250],[657,283],[783,161],[657,115],[579,114],[595,196],[610,181],[642,176],[626,161],[908,229],[485,88],[579,121],[579,88],[516,74],[517,40],[595,40],[1064,135],[610,0],[438,-161],[705,154],[234,182],[-125,290],[532,330],[798,215],[642,128],[689,115],[657,-14],[1894,519],[422,283],[376,182],[422,168],[533,142],[485,0],[563,256],[110,229],[720,121],[782,94],[830,74],[970,88],[1815,161],[1597,48],[1095,33],[-1424,761],[-188,101],[-27810,14852],[-2755,1468],[548,485],[8764,7773],[2269,1933],[1957,2579],[3333,4762],[2316,2472],[2426,2054],[1424,1112],[2927,2977],[407,411],[1408,1064],[548,316],[1033,607],[1815,727],[1691,889],[1361,1502],[7121,6338],[4069,3482],[3443,3072],[5493,4916],[1002,755],[1049,788],[2425,1657],[1941,1333],[7434,4392],[1455,902],[2770,1731],[3412,1677],[1847,964],[469,330],[3647,2997],[469,478],[642,640],[720,862],[1189,1643],[658,1058],[2582,3529],[2253,2034],[1425,1091],[8529,7908],[829,875],[126,142],[1158,990],[986,835],[2566,2344],[3772,2593],[2895,3832],[2676,2937],[1894,1165],[3584,2223],[2175,2256],[173,1812],[-658,1529],[-2269,1657],[-2473,1448],[-1502,1367],[-673,2297],[235,788],[516,566],[1002,1111],[1799,1812],[595,512],[4085,3583],[3537,4607],[3177,4129],[2253,3226],[1659,1772],[1738,1037],[4522,2027],[3099,586],[986,195],[2191,452],[704,40],[2630,169],[219,13],[2113,101],[3489,128],[2786,323],[2129,290],[2253,620],[4241,2640],[2583,1610]],[[547365,588415],[78,-21],[3318,-916],[5509,-1259],[3302,-653],[203,-41],[2285,-209],[1471,-20],[3334,350],[4304,977],[8216,3139],[767,363],[579,270],[2786,1253],[1361,471],[845,189],[877,94],[626,27],[704,0],[876,-61],[1096,-128],[892,-168],[1142,-270],[877,-276],[1831,-862],[2144,-956],[1424,-640],[2285,-889],[1174,-364],[1064,-263],[2942,-734],[4570,-1125],[3146,-767],[2473,-593],[1111,-263],[37216,-747],[13083,-2109],[1597,-2155],[2676,-330],[3380,-1145],[157,-1051],[-1080,-1353],[-125,141],[-188,323],[-235,303],[-391,344],[-407,222],[-595,290],[-516,195],[-1017,236],[-94,20],[-877,189],[-1549,316],[-1111,297],[-814,168],[-689,61],[-673,47],[-1126,0],[-705,-41],[-657,-67],[-1581,-209],[-1846,-337],[-1800,-404],[-2191,-498],[-1769,-290],[-2144,-256],[-1252,-128],[-1095,-107],[-1581,-48],[-1502,0],[-955,14],[-1737,128],[-3443,485],[-2066,498],[-1502,573],[93,-290],[110,-236],[31,-249],[-31,-364],[-94,-235],[-125,-243],[-188,-357],[-62,-242],[-32,-243],[-47,-242],[-31,-249],[125,-229],[204,-229],[250,-223],[297,-208],[329,-196],[360,-215],[689,-418],[360,-222],[532,-371],[313,-262],[297,-236],[407,-242],[172,-256],[-360,-263],[-454,-364],[-281,-384],[-454,-323],[-470,-229],[-422,-236],[-313,-303],[-579,-323],[-720,-162],[-642,-134],[-516,-176],[-251,-256],[0,-168],[63,-330],[78,-182],[391,-377],[376,-290],[94,-249],[-282,-350],[-423,-115],[-782,-47],[-532,-60],[-517,-101],[-579,-155],[-422,-108],[-720,-101],[-563,-34],[-846,0],[-657,-27],[-595,-87],[-313,-101],[-720,-209],[-313,-108],[-798,-316],[-516,-169],[-908,-47],[-1549,249],[-407,61],[-595,-67],[-469,-155],[-877,-324],[-923,-336],[-908,13],[-532,195],[-955,-94],[-594,-54],[-908,148],[-470,182],[-516,-289],[-657,-283],[-517,87],[-563,142],[-329,67],[-751,-20],[-704,-202],[-532,-14],[-611,47],[-860,128],[-924,-80],[-344,-169],[-172,-229],[-282,-337],[-282,-188],[-516,-236],[-391,-337],[-32,-202],[32,-343],[-32,-377],[-360,-344],[-125,-290],[0,-181],[141,-290],[-203,-195],[187,-290],[282,-276],[-31,-290],[-188,-188],[-94,-297],[157,-336],[0,-250],[-345,-249],[-469,-195],[-673,-290],[-298,-283],[-172,-222],[-234,-215],[-501,-290],[-814,-451],[-423,-303],[-219,-209],[-156,-216],[-94,-222],[-78,-317],[-63,-282],[-63,-398],[-250,-242],[-563,-250],[-579,-128],[-564,-128],[-861,-154],[-1095,-263],[-47,-20],[-1753,-640],[-610,-263],[-329,-155],[-329,-188],[-125,-270],[-109,-417],[-282,-209],[-485,-344],[-219,-182],[-219,-249],[-126,-397],[32,-296],[0,-330],[31,-344],[188,-195],[328,-290],[235,-343],[94,-297],[-62,-188],[-454,-243],[-345,-202],[-266,-229],[0,-283],[16,-168],[0,-303],[-329,-175],[-720,-135],[-532,-81],[-563,-168],[-376,-317],[-62,-222],[-63,-249],[-31,-236],[15,-249],[376,-364],[407,-189],[610,-229],[110,-390],[-548,-256],[-344,-169],[-376,-323],[-156,-384],[-47,-269],[-32,-263],[-109,-391],[-94,-222],[-188,-242],[-188,-189],[-281,-209],[-141,-202],[-188,-209],[-344,-330],[-345,-215],[-500,-276],[-376,-175],[-329,-149],[-547,-148],[-939,-101],[-626,-87],[-360,-81],[-517,-169],[-375,-141],[-439,-155],[-422,-114],[-720,-122],[-532,54],[-360,276],[-235,371],[-156,283],[-501,1226],[-313,289],[-658,229],[-594,95],[-892,134],[-986,121],[-1033,128],[-908,27],[-485,-6],[-751,-88],[-1018,-182],[-375,-108],[-955,-316],[-908,-310],[-500,-229],[-532,-236],[-313,-229],[-642,-471],[-1346,-815],[-454,-371],[-219,-303],[-47,-316],[31,-303],[-234,-337],[-2051,-1542],[-751,-1226],[-469,-654],[-204,-222],[-250,-249],[-125,-243],[15,-410],[16,-324],[-78,-424],[-32,-364],[-172,-269],[-172,-263],[-344,-323],[-251,-243],[-93,-202],[-63,-310],[-63,-249],[-31,-283],[0,-262],[-31,-324],[-204,-296],[-281,-242],[-376,-223],[-313,-209],[-501,-249],[-532,-323],[-422,-276],[-298,-249],[-235,-270],[-266,-316],[-172,-229],[-94,-263],[-62,-525],[47,-714],[0,-54],[-79,-613],[-31,-633],[-203,-485],[-235,-431],[-579,-620],[-313,-202],[-454,-310],[-313,-209],[-423,-316],[-360,-330],[-219,-229],[-172,-229],[-125,-236],[-31,-249],[15,-243],[47,-242],[63,-243],[125,-383],[344,-1449],[141,-417],[172,-317],[235,-370],[344,-377],[454,-458],[47,-61],[360,-559],[16,-222],[78,-283],[-47,-236],[-141,-242],[-109,-196],[-125,-397],[250,-323],[610,-68],[2207,115],[579,27],[579,-27],[172,-337],[79,-269],[344,-384],[422,-209],[360,-94],[-1236,-526],[-657,-323],[-642,-404],[-579,-539],[-172,-216],[-360,-417],[-251,-478],[-359,-1630],[-141,-755],[-16,-815],[63,-646],[172,-418],[422,-613],[955,-916],[16,-357],[-110,-289],[-141,-398],[-360,-384],[-657,-377],[-219,-128],[-1033,-613],[-63,-54],[-407,-431],[-15,-208],[0,-425],[172,-404],[47,-364],[-454,-754],[-360,-377],[-266,-438],[-16,-148],[79,-344],[1314,-1488],[845,-977],[266,-613],[235,-491],[125,-256],[126,-580],[0,-155],[109,-532],[16,-330],[-78,-208],[-470,-216],[-923,-337],[-470,-249],[-203,-209],[0,-209],[203,-343],[297,-310],[204,-209],[172,-262],[63,-378],[31,-289],[-203,-323],[-204,-337],[-329,-391],[-234,-370],[-63,-391],[-16,-411],[-156,-465],[-235,-397],[-282,-465],[-579,-579],[-297,-296],[-297,-290],[-235,-296],[-78,-465],[0,-377],[47,-398],[62,-330],[141,-175],[391,-229],[626,-168],[814,-61],[1925,-74],[1111,-20],[861,-13],[204,-21],[1126,0],[799,-148],[438,-276],[454,-1758],[156,-1542],[407,-869],[203,-202],[439,-283],[297,-148],[2739,-505],[1972,-283],[1862,-357],[876,-169],[720,-175],[360,-87],[673,-337],[376,-256],[469,-357],[783,-1111],[1080,-984],[15,-7],[846,-356],[1252,-458],[391,-229],[172,-344],[-47,-263],[-157,-289],[-281,-250],[-345,-222],[-406,-242],[-1612,-1051],[-329,-357],[-157,-189],[-93,-235],[-47,-485],[15,-438],[141,-330],[251,-404],[359,-377],[486,-351],[485,-269],[610,-242],[157,-48],[939,-141],[1017,-61],[1502,-27],[1111,-20],[986,-40],[814,-74],[595,-101],[485,-135],[579,-182],[517,-303],[422,-222],[517,-398],[500,-532],[329,-323],[344,-350],[376,-371],[203,-161],[329,-263],[454,-330],[391,-216],[2160,-1097],[861,-539],[109,-310],[-313,-404],[-1001,-418],[-470,-215],[-344,-405],[-78,-229],[203,-303],[470,-282],[954,-398],[376,-121],[1440,-438],[1017,-316],[532,-236],[219,-101],[626,-290],[485,-202],[438,-209],[220,-161],[234,-290],[79,-182],[109,-276],[110,-317],[219,-404],[250,-323],[423,-451],[532,-452],[266,-188],[375,-303],[282,-350],[141,-304],[47,-269],[16,-370],[125,-337],[188,-202],[391,-175],[657,54],[814,114],[548,-67],[454,-148],[500,-108],[548,-81],[845,-61],[579,14],[532,74],[486,128],[500,128],[517,121],[845,14],[563,-68],[423,-148],[282,-222],[281,-344],[141,-242],[266,-209],[438,-162],[486,-141],[469,-135],[736,-188],[485,-128],[720,-196],[485,-134],[375,-135],[251,-256],[297,-445],[251,-390],[438,-330],[751,-344],[1252,-364],[657,-242],[439,-155],[453,-148],[470,-142],[485,-128],[517,-114],[532,-88],[1001,-181],[736,-135],[751,-202],[423,-189],[516,-303],[470,-195],[453,-148],[736,-189],[939,-141],[1377,-101],[845,-54],[642,-169],[297,-128],[126,-323],[-32,-249],[47,-222],[157,-216],[250,-236],[470,-330],[704,-458],[485,-276],[861,-357],[892,-296],[579,-263],[313,-357],[0,-357],[125,-310],[282,-195],[939,-465],[845,-337],[532,-296],[423,-337],[1815,-1407],[986,-559],[1768,-862],[110,-41],[751,-276],[501,-182],[438,-162],[454,-215],[250,-303],[110,-404],[31,-250],[63,-215],[16,-256],[187,-391],[642,-801],[188,-364],[-16,-370],[47,-404],[204,-270],[156,-161],[423,-270],[485,-290],[422,-255],[188,-243],[-47,-189],[-485,-269],[-360,-121],[-407,-155],[-375,-175],[-376,-216],[-501,-330],[-266,-209],[-203,-215],[-266,-303],[-47,-357],[125,-344],[235,-195],[547,-249],[423,-142],[485,-148],[517,-182],[704,-229],[782,-208],[658,-229],[657,-250],[579,-202],[704,-262],[438,-155],[439,-182],[485,-202],[516,-142],[673,-175],[94,-296],[-94,-317],[-78,-242],[-157,-276],[-140,-351],[-110,-781],[31,-579],[-62,-229],[-94,-249],[-63,-189],[-109,-391],[109,-249],[282,-289]],[[859539,606573],[-110,-175],[-156,-323],[0,-169],[62,-384],[172,-242],[157,-249],[125,-452],[-62,-424],[-63,-343],[94,-351],[125,-107],[501,-431],[203,-189],[-31,-276],[-219,-377],[-235,-209],[-156,-283],[-63,-290],[63,-370],[31,-337],[31,-323],[16,-344],[-204,-310],[-422,-255],[-454,-209],[-454,-155],[-563,-68],[-861,-60],[-438,-243],[-360,-276],[-251,-330],[-250,-323],[-516,-573],[-861,-653],[-1190,-943],[-281,-492],[-94,-410],[156,-418],[470,-242],[626,-162],[1737,-478],[1111,-303],[2113,-425],[2019,-310],[1205,-242],[782,-249],[486,-344],[187,-525],[141,-418],[63,-532],[485,-1091],[454,-256],[1205,-323],[595,-202],[704,-229],[407,-68],[641,-40],[1018,-13],[1283,-21],[376,-60],[735,-202],[250,-216],[188,-263],[79,-269],[203,-290],[376,-276],[313,-182],[500,-188],[924,-209],[532,-168],[563,-243],[485,-539],[392,-242],[516,-209],[924,-242],[1596,-182],[641,-101],[439,-317],[313,-451],[187,-1340],[-62,-472],[78,-357],[63,-411],[-204,-411],[-281,-309],[-110,-115],[-250,-384],[-47,-364],[109,-384],[673,-713],[-31,-337],[-297,-297],[-626,-235],[-282,-88],[-1033,-290],[-438,-127],[-814,-270],[-736,-182],[-469,-175],[-360,-249],[-470,-303],[-594,-263],[-845,-323],[-689,-229],[-908,-162],[-1142,-128],[-1002,-60],[-1361,-54],[-1143,27],[-1205,27],[-1221,33],[-438,34],[-2410,202],[-595,-7],[-1643,-161],[-141,-14],[-876,-34],[-517,0],[-1080,61],[-234,14],[-845,-14],[-1080,-148],[-125,-27],[-2551,-633],[-1597,-384],[-673,-276],[-31,-350],[0,-236],[-31,-323],[-94,-256],[-329,-391],[0,-216],[266,-404],[235,-256],[313,-343],[203,-222],[173,-250],[156,-262],[47,-236],[-31,-337],[-32,-242],[-78,-270],[-62,-202],[-47,-289],[31,-303],[-78,-371],[-94,-229],[-235,-229],[-329,-162],[-673,-276],[-250,-202],[-329,-384],[-250,-242],[-391,-350],[-313,-310],[-172,-256],[-32,-189],[63,-249],[141,-269],[234,-310],[188,-236],[204,-263],[78,-357],[94,-377],[-47,-269],[-63,-512],[266,-1745],[-94,-316],[-328,-236],[-658,-256],[-876,-215],[-1017,-95],[-219,0],[-1080,0],[-2645,142],[-2895,155],[-1205,-54],[-1237,-162],[-1048,-364],[-595,-397],[-203,-135],[-267,-262],[-203,-175],[-329,-533],[0,-383],[157,-1051],[0,-323],[235,-229],[1001,-371],[392,-195],[297,-371],[-31,-309],[-173,-512],[-266,-364],[-375,-600],[-1910,-2195],[-313,-357],[63,-297],[548,-323],[626,-162],[908,-53],[782,53],[485,128],[1252,728],[642,168],[1205,101],[1174,0],[688,-74],[329,-384],[-626,-808],[-783,-1091],[-281,-451],[15,-398],[141,-613],[454,-666],[188,-405],[203,-1401],[266,-222],[548,-236],[970,-175],[861,-141],[783,-168],[313,-176],[141,-235],[-16,-499],[-219,-411],[-31,-249],[15,-263],[47,-249],[125,-303],[0,-262],[0,-304],[-109,-202],[-391,-323],[-376,-108],[-485,-296],[-63,-202],[-16,-236],[-78,-310],[-109,-222],[-172,-256],[-298,-276],[-469,-243],[-564,-249],[-375,-175],[-423,-202],[-407,-175],[-344,-202],[-172,-243],[-47,-336],[109,-398],[329,-269],[125,-148],[94,-330],[-62,-391],[-298,-303],[-219,-216],[-282,-397],[-62,-263],[0,-296],[-47,-243],[-532,-296],[-376,-168],[-548,-135],[-829,-168],[-626,-236],[-329,-397],[-188,-243],[-328,-337],[-470,-148],[-548,-148],[-1142,-162],[-814,-168],[-328,-357],[156,-539],[-219,-364],[-141,-121],[-469,-215],[-298,-182],[-454,-290],[-1377,-1199],[-532,-424],[-751,-283],[-1409,-229],[-1580,-296],[-783,0],[-532,121],[-1048,828],[-705,425],[-939,390],[-469,68],[-579,-54],[-736,-384],[-751,-391],[-736,-262],[-1455,-283],[-532,-216],[-501,-263],[-579,-653],[-376,-283],[-704,-357],[-376,-242],[-31,-357],[0,-889],[0,-438],[-422,-317],[-1315,-525],[-470,-215],[-735,-337],[-1565,-910],[-16,-13],[-3631,-1340],[-907,-384],[-673,-613],[-329,-290],[-1283,-781],[-658,-296],[-751,-250],[-1158,-208],[-954,-371],[-32,-20],[-1815,-842],[-157,-236],[-15,-242],[313,-196],[547,-87],[532,-81],[564,-61],[782,-141],[470,-135],[610,-262],[282,-209],[344,-330],[595,-276],[516,-81],[579,0],[861,40],[564,47],[563,27],[579,0],[564,-20],[845,-61],[563,-67],[798,-141],[673,-115],[955,-161],[798,-81],[689,-61],[688,-13],[861,33],[360,27],[751,20],[1503,-47],[375,14],[626,94],[830,115],[766,6],[564,-20],[688,-34],[1268,14],[626,0],[642,40],[970,68],[798,33],[955,68],[1080,107],[767,81],[469,20],[673,-47],[642,-87],[688,-148],[486,-189],[422,-263],[485,-330],[642,-256],[735,-74],[470,-27],[720,-6],[407,53],[876,169],[313,242],[172,310],[313,276],[266,256],[392,297],[313,181],[626,196],[892,175],[892,61],[720,-27],[594,-68],[470,-81],[1002,-242],[876,-195],[751,-155],[391,-74],[814,-101],[423,-61],[720,-54],[438,-7],[767,41],[860,209],[486,175],[453,134],[392,142],[454,101],[845,27],[720,-101],[516,-169],[704,-229],[798,-33],[454,13],[1221,182],[783,88],[892,134],[532,0],[501,0],[610,-27],[563,-80],[454,-108],[485,-148],[720,-236],[595,-128],[923,-148],[345,-61],[641,-81],[971,-33],[516,87],[579,222],[830,337],[626,270],[1267,377],[924,215],[594,61],[689,-14],[782,-47],[845,-128],[126,-13],[814,-209],[172,-40],[860,-223],[1456,-235],[94,-14],[1111,-350],[31,-7],[626,-357],[438,-283],[470,-188],[876,-142],[752,-107],[829,0],[532,134],[3068,1334],[1549,586],[704,256],[673,114],[704,-27],[423,-128],[516,-343],[407,-229],[564,-155],[1127,-148],[1032,-175],[376,-54],[736,-236],[391,-168],[188,-182],[141,-411],[140,-532],[157,-256],[297,-155],[626,-115],[595,-74],[579,-168],[438,-249],[611,-364],[422,-162],[1549,-363],[861,-317],[313,-209],[345,-289],[219,-249],[391,-209],[735,-229],[783,-256],[736,-350],[-94,-290],[-110,-175],[-297,-364],[-282,-424],[-172,-283],[-344,-303],[-345,-297],[-547,-626],[-345,-370],[-344,-425],[-235,-323],[-203,-485],[-47,-101],[-125,-323],[-173,-458],[-78,-337],[-62,-391],[0,-47],[62,-451],[172,-398],[172,-336],[345,-384],[344,-344],[219,-222],[548,-492],[782,-498],[345,-222],[516,-351],[157,-128],[673,-559],[704,-552],[47,-34],[1268,-740],[266,-149],[375,-262],[407,-330],[297,-263],[486,-397],[438,-431],[375,-364],[79,-323],[-79,-263],[-375,-263],[-470,-249],[-344,-243],[-548,-323],[-344,-350],[-266,-364],[-172,-451],[-32,-391],[63,-363],[0,-364],[0,-276],[-125,-425],[-313,-242],[-344,-195],[-830,-182],[-1017,-88],[-830,-13],[-1095,-135],[-955,-128],[-704,-155],[-1002,-256],[-485,-188],[-344,-310],[-235,-364],[-485,-384],[-501,-242],[-485,-162],[-751,-175],[-924,-195],[-1205,-115],[-641,-114],[-1518,-250],[-673,-222],[-689,-337],[-485,-390],[-642,-559],[-203,-115],[-626,-350],[-517,-202],[-610,-162],[-861,-121],[-1221,-175],[-1377,-142],[-892,-175],[-814,-262],[-860,-398],[-579,-289],[-141,-88],[-642,-424],[-485,-371],[-485,-478],[-376,-424],[-297,-512],[-172,-350],[0,-452],[-79,-397],[-125,-377],[-172,-276],[-516,-411],[-407,-377],[-579,-337],[-486,-297],[-438,-249],[-516,-276],[-751,-391],[-548,-222],[-689,-175],[-861,-128],[-1001,-168],[-1581,0],[-1205,-115],[-642,-87],[-798,-223],[-641,-202],[-658,-188],[-563,-263],[-563,-350],[-580,-485],[-579,-377],[-579,-276],[-720,-297],[-657,-188],[-688,-128],[-814,-34],[-2160,-20],[-1362,20],[-1001,0],[-877,0],[-547,-61],[-454,-195],[-266,-391],[-376,-444],[-360,-472],[-188,-114],[-406,-256],[-501,-290],[-642,-215],[-814,-270],[-923,-235],[-783,-128],[-313,-48],[-1126,-114],[-1331,-81],[-1377,-20],[-1002,0],[-813,-20],[-1378,20],[-1220,74],[-1143,195],[-1643,317],[-1518,290],[-1096,309],[-1299,398],[-391,13],[-751,-168],[-501,-290],[-313,-337],[-328,-296],[-454,-391],[-501,-303],[-454,-296],[-532,-323],[-642,-270],[-610,-141],[-1002,-175],[-1064,-182],[-1628,-182],[-1565,-114],[-923,-48],[-2911,41],[-1502,54],[-1205,40],[-986,14],[-1002,26],[-704,-40],[-579,-94],[-814,-135],[-798,-182],[-814,-175],[-548,-114],[-516,-122],[-751,-222],[-423,-276],[-407,-290],[-219,-330],[-78,-417],[94,-330],[31,-425],[-63,-289],[-407,-384],[-406,-303],[-360,-290],[-564,-209],[-391,-141],[-595,-175],[-861,-115],[-1079,-134],[-1205,-135],[-924,-54],[-845,-27],[-438,-20],[-454,-990],[-31,-283],[-172,-310],[-360,-229],[-423,-195],[-391,-142],[-454,-101],[-704,-276],[-360,-337],[-392,-229],[-798,-94],[-485,7],[-563,60],[-548,108],[-892,182],[-579,-88],[-282,-208],[-407,-324],[-344,-188],[-563,-283],[-392,-169],[-375,-128],[-845,-168],[-626,-94],[-689,-310],[454,-276],[469,-175],[579,-256],[579,-317],[282,-283],[141,-249],[63,-175],[-110,-317],[-344,-242],[-391,-101],[-533,-182],[16,-350],[282,-276],[328,-250],[188,-262],[141,-310],[31,-202],[-313,-283],[-453,-128],[-673,-135],[-517,-101],[-610,-141],[-485,-135],[-564,-148],[-641,-229],[-454,-182],[-376,-202],[-391,-370],[-141,-256],[-78,-303],[-47,-216],[-47,-229],[0,-424],[-47,-243],[-266,-377],[-298,-189],[-406,-148],[-439,-168],[-563,-270],[-313,-208],[-141,-182],[31,-283],[0,-276],[-266,-324],[-532,-316],[-375,-290],[-251,-249],[-407,-236],[-375,-141],[-485,-148],[-501,-175],[-392,-196],[-313,-343],[47,-350],[110,-229],[172,-405],[47,-316],[16,-344],[47,-323],[62,-593],[0,-6],[172,-970],[110,-425],[110,-417],[203,-546],[282,-444],[626,-425],[422,-296],[376,-337],[125,-235],[-63,-283],[-109,-216],[-282,-269],[-344,-223],[-673,-282],[-736,-357],[-782,-438],[-141,-88],[-454,-269],[-344,-209],[-955,-465],[-798,-357],[-454,-168],[-579,-270],[-829,-356],[-955,-357],[-736,-304],[-579,-309],[-438,-344],[-344,-377],[-188,-296],[-141,-290],[-172,-431],[-203,-276],[-266,-243],[-266,-148],[-580,-141],[-829,-95],[-532,-40],[-673,-175],[-219,-115],[-470,-431],[-751,108],[-548,0],[-704,-13],[-657,27],[-391,20],[-830,87],[-438,47],[-704,101],[-1112,196],[-798,182],[-2159,821],[-1158,479],[-940,303],[-485,161],[-1737,499],[-344,128],[-1252,478],[-1127,626],[-908,425],[-782,148],[-1080,20],[-955,-115],[-1299,-276],[-1940,-330],[-1957,-289],[-813,-209],[-595,-209],[-704,-222],[-720,-155],[-705,-108],[-453,-27],[-611,-7],[-688,21],[-642,74],[-548,94],[-594,155],[-579,182],[-814,276],[-673,269],[-532,229],[-376,176],[-266,175],[-313,235],[-689,607],[-375,262],[-611,324],[-547,154],[-486,81],[-688,88],[-908,148],[-595,168],[-798,223],[-516,148],[-657,242],[-345,148],[-954,405],[-564,202],[-939,296],[-1878,512],[-845,209],[-1017,209],[-454,87],[-610,94],[-830,128],[-689,61],[-485,0],[-579,-67],[-547,-142],[-470,-168],[-532,-202],[-955,-317],[-485,-162],[-563,-141],[-3302,-748],[-173,-40],[-1205,-283],[-954,-229],[-658,-108],[-688,-74],[-924,-40],[-516,-47],[-485,-88],[-658,-209],[-328,-161],[-845,-532],[-251,-128],[-594,-324],[-188,-87],[-642,-350],[-657,-398],[-517,-330],[-391,-269],[-657,-377],[-767,-411],[-485,-216],[-298,-175],[-422,-276],[-610,-121],[-924,-135],[-704,-94],[-830,-149],[-829,-134],[-1455,-236],[-1049,-189],[-908,-175],[-563,-121],[-877,-236],[-813,-283],[-1816,-633],[-829,-303],[-845,-215],[-548,-95],[-1033,-175],[-986,-141],[-548,-115],[-829,-222],[-1017,-370],[-1206,-519],[-1236,-694],[-407,-242],[-266,-270],[-219,-330],[-250,-390],[-94,-135],[-454,-546],[-172,-303],[31,-309],[172,-458],[204,-432],[62,-161],[110,-270],[109,-370],[-109,-195],[-329,-330],[-266,-317],[-125,-236],[-47,-242],[16,-222],[78,-236],[-63,-310],[-141,-155],[-422,-317],[-407,-309],[-172,-216],[-94,-337],[172,-235],[188,-357],[62,-364],[-31,-303],[-344,-357],[-704,-270],[-658,-134],[-923,-101],[-1205,-68],[-1190,-27],[-1346,-20],[-782,-20],[-1142,-74],[-877,-81],[-798,-101],[-736,-135],[-735,-222],[-720,-215]],[[547365,588415],[2692,1683],[6948,4904],[2942,1610],[5290,2869],[5290,2552],[6495,3678],[3615,2452],[5133,4351],[517,572],[1533,1435],[3897,4425],[3741,3738],[391,364]],[[595849,623048],[3568,-721],[3318,-552],[4132,-451],[2629,-108],[532,-41],[798,-40],[595,-14],[595,-13],[907,-20],[658,-54],[391,-61],[845,-182],[814,48],[720,128],[563,80],[485,54],[501,196],[548,249],[986,-41],[563,-249],[814,-215],[955,-88],[829,-7],[564,108],[579,162],[673,148],[375,-54],[564,-215],[641,-216],[517,-343],[297,-135],[548,-101],[548,-34],[579,-20],[579,-14],[579,-13],[860,-14],[564,-6],[579,-14],[563,-27],[564,-47],[501,-54],[532,-81],[610,-127],[360,-108],[501,-243],[501,-222],[313,-108],[751,-47],[610,128],[172,290],[219,121],[579,236],[235,208],[0,351],[501,195],[861,222],[720,155],[970,115],[626,0],[610,-162],[32,-242],[344,-304],[469,-195],[720,-195],[626,101],[548,195],[845,-47],[470,88],[485,155],[845,296],[626,108],[470,6],[657,-6],[641,-14],[501,-34],[485,-101],[611,-249],[407,-249],[422,-155],[626,-101],[1565,-222],[845,-108],[564,-74],[469,-101],[814,-189],[2363,-606],[423,-168],[485,-303],[282,-209],[250,-222],[657,-223],[564,-47],[579,0],[438,-33],[595,-108],[626,-209],[751,-404],[563,-418],[235,-283],[63,-229],[188,-498],[328,-404],[595,-162],[845,-47],[563,-40],[579,-34],[846,-20],[579,-7],[563,-13],[579,-34],[814,-94],[532,-95],[501,-114],[485,-135],[454,-141],[454,-162],[391,-168],[391,-189],[345,-195],[328,-202],[235,-209],[78,-371],[-141,-363],[-141,-236],[-187,-357],[-63,-243],[-94,-242],[16,-364],[250,-350],[438,-317],[392,-181],[485,-122],[563,-53],[579,0],[939,20],[673,-81],[423,-101],[1111,-323],[454,-196],[563,-249],[423,-162],[532,-155],[814,-222],[594,-148],[971,-40],[704,94],[798,189],[6135,1832],[579,168],[423,330],[266,343],[156,310],[94,216],[172,364],[219,249],[219,188],[376,175],[626,128],[876,14],[814,-74],[517,-47],[594,-81],[861,-81],[955,-7],[673,34],[892,101],[1393,229],[641,88],[799,74],[813,94],[1378,249],[782,148],[689,209],[344,195],[297,209],[423,324],[235,222],[187,229],[157,236],[203,350],[126,202],[360,485],[172,155],[626,390],[594,263],[298,81],[626,114],[876,-27],[1894,-222],[1424,-263],[1002,-249],[1173,-310],[1112,-330],[1690,-613],[986,-343],[1393,-323],[1330,-229],[3803,-297],[1784,-168],[548,-47],[547,-61],[454,-94],[532,-216],[251,-276],[-204,-316],[-281,-189],[-235,-283],[-78,-310],[125,-336],[689,-425],[563,-202],[250,-74],[2050,-572],[1393,-445],[1002,-276],[955,-256],[610,-142],[814,-181],[704,-142],[626,-155],[1017,-107],[798,-61],[861,7],[830,20],[970,81],[767,121],[1033,263],[501,195],[563,458],[673,525],[485,303],[517,324],[939,411],[500,148],[783,141],[1393,121],[391,48],[610,154],[705,229],[328,162],[1597,552],[970,243],[1252,256],[2222,276],[2692,215],[1330,-6],[1018,-121],[1189,-196],[1268,-350],[563,-115],[876,-175],[486,-54],[626,-40],[1095,-47],[861,-108],[814,-175],[219,-54],[782,-357],[1362,-700],[485,-505],[407,-586],[94,-169],[16,-364],[-173,-687],[47,-377],[126,-303],[0,-337],[-79,-269],[-673,-1105],[79,-289],[156,-189],[1346,-1253],[297,-181],[532,-283],[736,-128],[4163,-297],[720,-20],[469,14],[595,40],[1143,256],[5727,1596],[767,169],[1033,208],[532,95],[2082,310],[1706,255],[704,196],[360,182],[282,161],[1815,869],[595,249],[892,142],[579,0],[829,-202],[392,-270],[1737,-1044],[547,-262],[220,-74],[735,-128],[1080,-128],[250,-27],[2207,-229],[563,-21],[548,21],[814,67],[908,47],[563,-33],[579,-95],[470,-134],[829,-506],[971,-579],[313,-128],[766,-114],[2786,168],[986,0],[939,-27],[876,-87],[1362,-189],[923,-148],[971,-209],[1173,-216],[1206,-296],[1674,-269],[1049,-175],[923,-108],[1142,-121],[720,13],[830,121],[1393,263],[1455,242],[924,135],[1471,142],[1142,53],[939,-20],[1080,-33],[939,0],[783,47],[719,74],[658,195],[563,209],[720,195],[814,142],[657,94],[736,88],[563,141],[532,162],[282,175],[329,262],[360,290],[281,189],[579,168],[251,74]],[[304427,180858],[-908,-47],[-453,-27],[-564,40],[-939,-54],[-1127,-40],[-829,-7],[-501,-27],[-532,-27],[-501,41],[-610,27],[-814,13],[-2833,-67],[-1393,47],[-532,74],[-657,162],[-454,60],[-548,330],[-125,357],[78,276],[298,209],[610,290],[704,148],[313,141],[595,317],[751,424],[720,297],[1127,303],[720,155],[516,81],[924,-7],[2238,-189],[297,-33],[4398,-485],[1753,-209],[1299,-182],[3208,-478],[767,-142],[1346,-276],[986,-155],[62,-94],[-610,-283],[-955,-162],[-1001,-148],[-3005,-316],[-3819,-337]],[[237257,187472],[594,-121],[454,81],[689,161],[814,27],[626,0],[532,-33],[767,-75],[798,-107],[1033,-142],[829,-168],[1174,-202],[1753,-303],[454,-61],[719,-162],[1143,-188],[1236,-229],[892,-195],[1096,-297],[548,-202],[438,-135],[767,-188],[547,-128],[423,-317],[47,-222],[-31,-222],[-110,-249],[-360,-243],[-344,-182],[-736,-289],[-610,-304],[-548,-316],[-438,-256],[63,-276],[-110,-317],[-329,-161],[-485,-101],[-704,-34],[-704,81],[-501,60],[-611,54],[-610,-13],[-642,-41],[-532,-74],[-532,-161],[-391,-155],[-407,-169],[-329,-249],[-78,-424],[-954,74],[-470,256],[-407,141],[-485,135],[-391,236],[-376,289],[-266,283],[-501,526],[-407,303],[-328,269],[-376,229],[-469,236],[-501,202],[-595,135],[-548,80],[-579,21],[-939,-41],[-532,-94],[-422,-135],[-626,-175],[-360,-101],[-470,-135],[-516,-134],[-298,-135],[-516,-168],[-970,13],[-141,283],[78,263],[516,269],[360,128],[63,330],[-438,148],[-626,81],[-564,148],[-3145,-7],[328,297],[79,108],[219,895],[156,512],[0,303],[141,431],[595,640],[907,283],[642,115],[517,67],[579,40],[892,-13],[391,-14],[970,-94],[595,-54],[845,-67],[595,-67],[454,-88]],[[303785,187647],[501,-135],[360,-134],[720,-249],[-297,-263],[-861,-7],[-673,14],[-391,94],[-704,101],[-454,81],[-830,54],[-438,94],[-736,87],[-469,48],[-736,40],[-485,121],[-892,-20],[-861,20],[-500,54],[-783,142],[-1737,229],[-861,155],[-861,188],[-579,216],[-813,303],[-533,262],[-78,310],[548,324],[501,121],[610,87],[845,41],[1284,33],[751,-53],[1174,-108],[1580,-229],[1143,-169],[845,-134],[250,-47],[1409,-297],[845,-222],[328,-135],[423,-236],[329,-397],[391,-229],[735,-155]],[[222123,181956],[-751,-81],[-517,47],[-579,-121],[-250,-142],[-438,-222],[-814,-81],[-689,54],[-438,155],[-470,202],[-187,202],[-454,317],[-611,168],[-907,148],[-532,169],[-313,141],[-392,182],[-360,168],[-328,223],[0,390],[15,162],[-391,350],[-407,249],[-454,310],[-250,209],[-423,337],[329,330],[313,323],[141,243],[250,242],[642,249],[391,148],[298,189],[438,317],[313,188],[281,229],[-140,337],[-204,182],[-78,242],[-16,196],[47,303],[345,310],[391,148],[829,74],[861,202],[595,242],[501,122],[766,40],[814,94],[438,135],[564,276],[94,438],[297,1313],[-469,189],[-251,350],[470,290],[328,215],[94,310],[32,357],[626,216],[610,-88],[610,-263],[438,-114],[580,-249],[250,-256],[172,-418],[31,-276],[251,-343],[328,-283],[689,-384],[313,-135],[548,-236],[1440,-411],[2206,-660],[1612,-377],[345,-94],[406,-249],[32,-391],[-125,-202],[-360,-195],[-548,-223],[-517,-235],[-1001,-297],[-579,-202],[-877,-626],[-626,-573],[-141,-276],[47,-761],[-156,-283],[-470,-289],[-422,-640],[-94,-324],[-235,-363],[-172,-276],[-407,-142],[-563,-229],[-157,-175],[-516,-242],[-673,-189],[-282,-202],[-829,-222],[-548,-182]],[[225394,195224],[-720,-249],[-689,47],[-438,216],[-485,256],[-219,276],[-110,370],[-31,297],[16,343],[93,290],[313,229],[235,141],[611,108],[453,-74],[642,-189],[517,-175],[438,-289],[31,-425],[-78,-303],[-78,-235],[-126,-277],[-375,-357]],[[269324,213760],[-658,-141],[-266,222],[-62,189],[0,235],[15,303],[63,250],[219,256],[110,175],[109,316],[235,169],[470,336],[610,162],[516,-13],[486,-149],[359,-283],[110,-195],[-235,-384],[-94,-242],[-109,-189],[-188,-330],[-501,-350],[-673,-243],[-516,-94]],[[535502,97595],[-830,-181],[-673,-34],[-860,40],[-595,-40],[-391,-74],[-626,-108],[-532,-74],[-642,-41],[-845,-6],[-861,20],[-626,7],[-1268,-27],[-1048,33],[-1049,68],[-986,108],[-1252,175],[-1972,283],[-1205,175],[-1064,134],[-1925,196],[-1033,81],[-1361,94],[-877,81],[-720,114],[-579,121],[-469,149],[-438,188],[-814,472],[-611,188],[-438,54],[-1017,54],[-845,54],[-470,188],[-187,176],[-689,161],[-955,101],[-782,115],[-720,101],[-517,54],[-798,27],[-501,6],[-579,-6],[-1205,-41],[-1158,-47],[-1471,-94],[-1158,-47],[-1174,6],[-1173,54],[-1503,135],[-1268,135],[-1095,114],[-1158,148],[-1362,175],[-610,61],[-532,14],[-673,-21],[-720,-33],[-517,0],[-610,47],[-642,135],[-516,168],[-579,343],[-157,216],[-47,202],[63,256],[63,263],[-266,303],[-595,67],[-751,20],[-1080,54],[-423,34],[-720,161],[-485,209],[-845,216],[-626,47],[-485,13],[-501,14],[-657,0],[-845,67],[-517,88],[-641,148],[-595,108],[-548,128],[-641,222],[-642,47],[-611,-40],[-672,-74],[-564,-7],[-532,40],[-516,95],[-517,168],[-923,384],[-2739,1179],[-1675,842],[-1314,518],[-783,344],[-939,323],[-1127,343],[-610,182],[-297,88],[-1049,249],[-720,168],[-626,101],[-720,108],[-1220,68],[-783,13],[-1174,7],[-2676,-34],[-767,-20],[-829,20],[-642,47],[-422,101],[-376,175],[-344,256],[-548,613],[-376,431],[-360,263],[-547,330],[-673,370],[-642,229],[-454,81],[-845,-20],[-407,-108],[-532,-202],[-579,-141],[-955,27],[-532,236],[-250,229],[-235,202],[-610,148],[-877,-7],[-500,249],[-188,310],[-423,115],[-657,-75],[-595,-208],[-876,-142],[-564,-81],[-688,-181],[-939,-88],[-736,47],[-375,222],[-141,479],[-157,202],[-407,175],[-813,81],[-783,195],[-438,209],[-517,343],[-422,303],[-251,290],[-62,411],[-219,283],[-673,283],[-485,141],[-595,135],[-767,141],[-829,108],[-752,61],[-829,40],[-1565,40],[-830,34],[-813,47],[-908,81],[-626,61],[-1503,141],[-1032,81],[-2551,202],[-1518,135],[-1425,128],[-1236,134],[-1127,162],[-1377,195],[-1127,135],[-955,101],[-907,94],[-1769,135],[-2660,209],[-1957,182],[-2676,256],[-1267,134],[-939,128],[-439,108],[-360,142],[-328,262],[-344,357],[-360,222],[-830,176],[-532,80],[-923,155],[-1127,229],[-1049,196],[-735,107],[-282,41],[-829,101],[-814,94],[-673,74],[-595,74],[-469,68],[-955,74],[-1236,-54],[-1284,-101],[-798,-74],[-642,-20],[-782,-7],[-892,20],[-861,20],[-845,27],[-1409,47],[-719,14],[-548,40],[-485,216],[-172,202],[-298,249],[-313,148],[-469,121],[-1409,135],[-1236,81],[-767,34],[-830,20],[-563,-14],[-829,-87],[-595,-142],[-548,-309],[-438,-176],[-517,-154],[-766,-189],[-752,-162],[-923,-141],[-939,-94],[-798,-75],[-610,-40],[-689,0],[-626,54],[-579,108],[-501,161],[-595,243],[-563,337],[-470,235],[-375,149],[-517,208],[-500,196],[-533,181],[-469,75],[-579,33],[-564,-13],[-751,-41],[-1111,-114],[-657,-67],[-626,-75],[-501,-107],[-595,-256],[-313,-371],[-47,-262],[-579,-303],[-469,-115],[-798,-189],[-1409,-256],[-1941,-357],[-1408,-208],[-2050,-189],[-1268,-34],[-2347,27],[-752,48],[-673,60],[-1001,101],[-1033,108],[-1377,168],[-971,128],[-892,108],[-1440,209],[-1314,168],[-1017,101],[-1002,47],[-814,21],[-720,-21],[-767,-60],[-673,-88],[-610,-101],[-501,-87],[-657,-149],[-423,-195],[-219,-316],[-516,-337],[-626,-229],[-610,-68],[-486,-6],[-907,-20],[-673,-27],[-798,-61],[-908,-81],[-657,-34],[-564,34],[-516,61],[-736,249],[-375,256],[-392,337],[-297,283],[-673,188],[-548,-13],[-986,-27],[-782,67],[-392,128],[-422,148],[-767,135],[-548,13],[-594,-20],[-548,-27],[-438,-13],[-955,-115],[-689,-107],[-641,-61],[-814,40],[-657,108],[-861,47],[-877,54],[-626,14],[-453,155],[-595,-54],[-532,-189],[-595,249],[-736,-155],[-219,-289],[-281,-310],[-485,-135],[-580,-27],[-1486,68],[-532,40],[-752,0],[-563,34],[-861,134],[-563,-141],[-673,-296],[-235,-263],[-360,-330],[-673,20],[-532,40],[-595,162],[-453,276],[-454,357],[-407,209],[-94,216],[125,316],[157,148],[406,297],[-125,390],[-31,229],[297,243],[548,249],[313,283],[-94,377],[-375,229],[-298,249],[-78,377],[329,694],[78,263],[-157,357],[-391,195],[-469,209],[-454,155],[-924,162],[-1862,94],[-3443,155],[-1127,67],[-1189,128],[-407,47],[-1377,196],[-673,121],[-767,135],[-423,127],[-422,182],[-313,256],[-392,647],[94,579],[360,1098],[971,1765],[986,1104],[2488,1960],[4116,2883],[1017,801],[219,176],[235,330],[31,161],[47,351],[-125,404],[-329,538],[-2457,2392],[-3865,3266],[-1268,1347],[-955,1394],[-860,1469],[-579,1050],[-658,1624],[-1862,8702],[-47,1360]],[[258979,164558],[9281,243],[673,-202],[485,-202],[1706,714],[-282,195],[-704,660],[-720,822],[-204,397],[407,337],[736,81],[892,33],[1174,-33],[923,20],[1033,7],[923,54],[517,20],[845,33],[814,14],[688,13],[611,7],[641,7],[955,121],[454,168],[688,0],[924,68],[516,114],[1064,155],[235,20],[2582,189],[376,7],[657,-27],[548,-54],[454,-61],[2394,101],[-438,169],[329,323],[563,88],[1049,188],[657,175],[438,169],[407,161],[438,202],[611,277],[1173,498],[423,195],[157,169],[297,774],[-344,243],[-736,-81],[-563,-81],[-658,-47],[-860,-108],[-1331,-182],[-2269,-168],[-1643,-34],[-313,324],[1502,235],[2301,350],[2347,418],[2301,532],[1127,323],[735,209],[2238,519],[63,7],[2739,471],[2754,485],[391,88],[1910,417],[3192,647],[2035,390],[657,115],[1456,162],[328,47],[1972,262],[1158,182],[877,162],[1126,215],[830,149],[751,80],[720,68],[532,13],[1143,2236],[1909,3712],[-235,404],[-2801,559],[-501,-216],[-579,-222],[-704,-195],[-892,-162],[-611,-27],[-657,-47],[-814,-61],[-689,223],[-297,195],[-532,108],[-955,33],[-500,47],[-1221,775],[-939,-27],[-1002,108],[-767,128],[-610,141],[-626,115],[-923,141],[-830,81],[-782,74],[-783,175],[16,249],[266,357],[375,236],[-375,249],[-391,162],[-219,397],[-1206,108],[-563,-161],[-469,-34],[-548,27],[-611,20],[-375,108],[-611,242],[-939,350],[-970,331],[-735,336],[-392,175],[-798,391],[-62,14],[-720,276],[-219,101],[-454,276],[-454,606],[-157,128],[-360,269],[-500,364],[-1252,647],[-1581,673],[-4147,1307],[-1784,754],[-3052,842],[-3553,337],[-2269,-47],[-329,-47],[-861,-128],[-813,-128],[-955,-458],[-1581,-377],[-1189,-68],[-485,74],[-673,-114],[-658,-290],[-563,-108],[-563,-94],[-892,-47],[-626,-209],[-548,-289],[-673,87],[-642,0],[-735,-13],[-548,-34],[-595,-40],[-1080,-75],[-391,-53],[-501,-169],[-485,-128],[-923,-47],[-1722,-74],[-767,-13],[-641,33],[-626,47],[-830,290],[-62,364],[62,175],[63,303],[-78,283],[-501,269],[-767,162],[-1174,148],[-422,13],[-689,61],[-595,-182],[-422,-155],[328,-363],[251,-182],[375,-236],[173,-182],[-79,-256],[-782,-54],[-1456,-47],[-923,-40],[-1549,20],[-376,34],[-689,101],[-532,54],[-579,87],[-845,54],[-532,27],[-955,13],[-688,-27],[-423,-47],[-438,-269],[-454,-47],[-641,40],[-627,155],[-313,155],[-250,222],[-735,108],[-533,61],[-657,54],[-532,67],[-423,81],[-892,175],[-563,242],[-767,317],[-735,263],[-313,94],[-658,155],[-391,182],[-485,215],[-282,303],[-407,236],[-156,141],[-188,270],[-470,209],[-328,168],[-658,148],[-626,0],[-672,68],[-486,53],[-610,101],[-892,-20],[-579,-94],[-657,-209],[-705,-7],[-532,-67],[-469,-195],[-705,-115],[-563,-6],[-563,-162],[-251,-182],[-704,-135],[-344,236],[-157,162],[-188,276],[-266,397],[-313,371],[-203,256],[-360,370],[-485,276],[-407,229],[-595,249],[-329,176],[-313,343],[-78,350],[-454,2048],[-125,727],[-62,613],[-141,1192],[47,1314],[-16,828],[-31,909],[281,741],[173,492],[0,418],[109,1192],[-62,875],[-235,775],[-282,384],[-360,276],[-235,283],[-234,404],[-392,317],[-360,235],[-187,263],[-94,182],[-251,343],[-375,270],[-16,235],[250,250],[126,195],[-63,303],[188,398],[219,249],[47,350],[-188,229],[-94,222],[470,270],[563,-14],[798,-60],[861,-41],[610,-101],[376,-155],[282,-182],[234,-188],[329,-243],[313,-323],[282,-330],[375,-209],[220,-337],[203,-195],[360,-215],[548,-216],[469,-40],[845,40],[611,40],[688,41],[376,-7],[688,-67],[783,155],[485,141],[673,115],[501,114],[548,135],[641,182],[564,188],[610,283],[814,431],[1424,876],[1722,1199],[1361,1010],[657,532],[564,310],[109,54],[611,337],[532,229],[548,343],[876,135],[657,-61],[595,-101],[501,-128],[501,-188],[297,-203],[219,-249],[141,-256],[47,-424],[78,-229],[251,-222],[313,-236],[422,-256],[204,-290],[156,-242],[266,-310],[219,-128],[798,-74],[861,14],[955,13],[1189,81],[845,54],[877,-54],[-79,-350],[16,-202],[532,-344],[564,-182],[516,-242],[251,-256],[203,-350],[235,-371],[673,-209],[-251,-363],[-626,-256],[-532,-256],[63,-243],[125,-323],[47,-296],[219,-189],[391,-283],[548,-209],[845,-438],[830,-282],[813,-149],[924,-161],[657,-142],[407,-107],[626,-21],[610,-289],[266,-283],[-422,-384],[-548,-249],[-235,-276],[-109,-216],[688,-290],[752,122],[782,175],[454,87],[845,-6],[626,-155],[923,20],[360,283],[626,27],[486,-216],[485,-330],[125,-236],[422,-269],[580,74],[31,296],[688,304],[1910,397],[0,269],[172,209],[297,249],[626,364],[501,229],[438,189],[673,249],[282,215],[297,250],[266,229],[282,296],[125,222],[172,290],[251,283],[219,262],[845,88],[470,-115],[406,-181],[2301,505],[156,377],[486,168],[-94,1112]],[[490508,275995],[422,-256],[360,-229],[313,-195],[376,-229],[438,-250],[657,-303],[548,-141],[845,-148],[1143,-162],[876,-121],[454,-236],[0,-330],[94,-229],[281,-256],[173,-263],[62,-336],[-47,-236],[-78,-344],[203,-229],[767,-195],[611,-81],[829,-101],[517,-60],[751,-176],[516,-229],[235,-181],[188,-216],[250,-330],[266,-444],[188,-283],[564,-357],[563,-122],[986,-188],[141,-27],[923,-236],[673,-209],[344,-168],[251,-290],[156,-215],[79,-371],[-47,-357],[-235,-404],[-595,-599],[-376,-317],[-187,-141],[-673,-377],[-611,-250],[-610,-188],[-516,-243],[-376,-256],[-235,-336],[-62,-378],[15,-215],[0,-222],[-156,-364],[-188,-256],[-282,-209],[-469,-215],[-376,-142],[-313,-323],[423,-303],[876,-189],[3193,-323],[4100,-525],[1800,-243],[2003,-384],[2332,-465],[1299,-114],[329,-34],[688,-134],[485,-176],[2943,-1374],[438,-397],[47,-155],[125,-316],[-78,-351],[-63,-181],[-172,-331],[-141,-397],[-47,-276],[110,-411],[438,-337],[250,-155],[360,-303],[125,-195],[63,-242],[16,-479],[-63,-269],[-94,-249],[-297,-344],[-251,-168],[-453,-216],[-470,-148],[-563,-148],[-955,-189],[-516,-94],[-673,-222],[-407,-350],[-235,-351],[-172,-262],[-188,-155],[-501,-243],[-1283,-384],[-438,-128],[-1471,-404],[-533,-188],[-391,-155],[-344,-317],[235,-283],[266,-175],[281,-296],[32,-270],[-141,-262],[-298,-357],[-359,-324],[-392,-269],[-156,-168],[15,-263],[79,-357],[-423,-202],[-751,-155],[-1377,-209],[-814,-182],[-564,-101],[-485,-60],[-547,-61],[-611,-40],[-595,-54],[-594,-74],[-783,-189],[-297,-121],[-532,-276],[-360,-357],[-78,-223],[-63,-215],[78,-350],[423,-317],[751,-269],[814,-196],[1189,-296],[1158,-242],[1127,-223],[1471,-289],[1018,-243],[297,-114],[282,-276],[156,-243],[282,-424],[94,-155],[78,-384],[-203,-243],[-313,-255],[-173,-263],[360,-297],[517,-195],[391,-155],[344,-262],[126,-270],[78,-377],[109,-283],[845,0],[360,195],[579,229],[517,162],[689,128],[939,67],[641,-53],[579,-34],[877,27],[516,74],[485,108],[642,215],[344,115],[532,114],[689,61],[626,-47],[407,-149],[328,-296],[501,-222],[689,-121],[548,-34],[1095,-27],[751,13],[1143,14],[876,0],[798,-7],[1065,-33],[735,-7],[704,0],[783,20],[469,54],[501,87],[736,182],[688,135],[611,114],[673,102],[782,67],[470,20],[892,14],[798,0],[782,-61],[533,-101],[563,-155],[845,-236],[861,-269],[688,-195],[470,-108],[469,-81],[673,-54],[1002,-67],[751,-68],[595,-94],[1017,-222],[783,-209],[735,-189],[611,-155],[454,-161],[657,-317],[203,-215],[94,-324],[0,-107],[-78,-344],[0,-323],[469,-323],[579,-81],[595,-41],[783,-74],[469,-108],[579,-141],[564,-121],[673,-101],[532,-47],[673,-61],[673,-34],[876,0],[360,14],[720,81],[610,20],[454,-27],[564,-115],[328,-155],[454,-363],[188,-350],[62,-229],[79,-270],[141,-519],[140,-350],[126,-269],[156,-263],[235,-276],[250,-236],[345,-276],[516,-357],[344,-168],[689,-162],[532,-54],[704,-40],[736,-27],[1408,-27],[1440,-14],[611,-20],[453,-20],[689,-135],[516,-182],[580,-303],[516,-249],[939,-27],[579,61],[845,60],[689,-114],[735,-269],[251,-162],[328,-243],[313,-282],[157,-196],[172,-384],[16,-424],[-32,-229],[219,-337],[564,-40],[485,27],[783,47],[641,13],[657,-13],[627,-54],[547,-108],[423,-134],[610,-331],[298,-222],[657,-242],[782,-142],[1409,-229],[438,-67],[501,-216],[203,-343],[423,-222],[923,-47],[939,-61],[611,-61],[720,-13],[970,13],[1095,-40],[454,-169],[751,-262],[658,-7],[907,-128],[861,-47],[892,189],[438,154],[486,196],[719,236],[564,74],[892,-149],[579,-235],[470,-216],[328,-161],[298,-189],[328,-216],[485,-357],[423,-249],[407,-222],[375,-189],[407,-202],[564,-134],[939,-75],[673,27],[986,61],[892,61],[1267,107],[1049,61],[892,40],[782,34],[767,14],[924,-27],[735,-256],[282,-256],[329,-330],[407,-404],[485,-371],[391,-182],[736,-235],[1158,-223],[532,-121],[422,-296],[125,-351],[0,-330],[63,-363],[141,-303],[203,-263],[329,-310],[595,-492],[782,-599],[79,-54],[547,-478],[470,-404],[454,-357],[563,-445],[501,-417],[438,-317],[767,-700],[782,-553],[439,-269],[234,-148],[986,-465],[798,-290],[767,-208],[282,-68],[673,-128],[751,-54],[407,0],[814,81],[782,101],[579,142],[720,195],[501,20],[360,-242],[110,-243],[141,-188],[375,-223],[517,-168],[579,-168],[860,-290],[313,-135],[579,-215],[267,-169],[125,-289],[-172,-404],[-220,-344],[-172,-316],[-125,-216],[-235,-418],[-62,-161],[172,-317],[282,-155],[360,-283],[-32,-410],[-203,-250],[-188,-229],[-203,-343],[140,-243],[423,-249],[423,-168],[453,-155],[470,-175],[469,-216],[392,-161],[360,-142],[1267,-505],[626,-249],[-485,-216],[-673,-330],[-485,-262],[-329,-209],[-156,-364],[172,-269],[563,-337],[1612,-701],[470,-323],[62,-337],[-234,-370],[-235,-195],[-501,-297],[-892,-485],[-266,-390],[235,-250],[313,-134],[845,-276],[798,-277],[376,-161],[266,-270],[-188,-390],[-203,-135],[-1112,-694],[-1283,-774],[-908,-573],[-454,-316],[-391,-324],[-156,-262],[-63,-223],[125,-410],[172,-209],[188,-209],[360,-283],[423,-337],[563,-397],[611,-371],[485,-276],[469,-188],[532,-175],[532,-115],[626,-101],[439,-61],[704,-67],[688,-128],[360,-202],[173,-202],[328,-269],[532,-297],[439,-195],[547,-189],[877,-242],[657,-155],[689,-182],[657,-189],[469,-141],[689,-189],[610,-134],[767,-115],[783,-121],[688,-94],[705,-108],[626,-108],[532,-121],[548,-121],[641,-155],[689,-108],[688,-81],[783,-54],[861,-6],[657,27],[782,60],[767,108],[924,128],[954,155],[1221,202],[642,94],[594,54],[579,-13],[908,-101],[438,-122],[439,-161],[579,-256],[313,-148],[375,-176],[579,-330],[329,-229],[188,-208],[62,-357],[-78,-209],[-172,-303],[-94,-229],[16,-209],[172,-310],[438,-310],[595,-411],[657,-410],[423,-290],[187,-337],[-140,-242],[-235,-155],[-579,-276],[-924,-405],[-563,-350],[-516,-350],[-470,-370],[-266,-310],[-266,-357],[-188,-330],[-125,-351],[-141,-323],[-109,-343],[-63,-377],[0,-351],[31,-310],[94,-262],[125,-249],[219,-263],[251,-243],[297,-276],[345,-235],[375,-263],[517,-263],[485,-195],[391,-121],[469,-101],[626,-101],[611,-122],[375,-107],[454,-243],[266,-290],[501,-586],[391,-464],[454,-539],[282,-249],[642,-297],[766,-168],[673,-155],[720,-202],[392,-202],[156,-276],[78,-317],[79,-364],[78,-235],[297,-324],[391,-181],[642,-182],[579,-162],[391,-108],[439,-161],[203,-303],[125,-202],[282,-189],[188,-377],[250,-384],[470,-175],[814,-229],[657,-175],[391,-189],[110,-189],[-126,-276],[-813,-559],[-345,-283],[-454,-377],[-1502,-1091],[-1362,-855],[-672,-404],[-360,-196],[-971,-532],[-829,-673],[-266,-297],[-924,41],[-1346,67],[-2504,162],[-2284,148],[-2301,175],[-2128,121],[-1174,68],[-892,0],[-548,-41],[-532,-74],[-767,-128],[-1252,-276],[-1596,-222],[-2051,-263],[-2237,-303],[-141,-14],[-1471,-235],[-611,-142],[-532,-161],[-360,-169],[-329,-188],[-297,-223],[-266,-289],[-297,-438],[-548,-795],[-329,-370],[-454,-384],[-547,-357],[-501,-297],[-673,-336],[-1456,-593],[-516,-189],[-673,-208],[-454,-135],[-641,-283],[-423,-377],[-250,-162],[-673,-283],[-454,-155],[-485,-141],[-752,-148],[-610,-81],[-939,-108],[-1252,-128],[-1268,-168],[-1001,-175],[-845,-209],[-673,-195],[-642,-256],[-344,-216],[-219,-296],[-79,-249],[79,-411],[125,-438],[203,-532],[32,-290],[-47,-229],[-141,-222],[-110,-202],[-219,-330],[-329,-384],[-422,-404],[-532,-384],[-517,-276],[-673,-283],[-704,-216],[-735,-182],[-971,-134],[-1252,-128],[-1158,-101],[-1017,-81],[-892,-67],[-595,-54],[-485,-61],[-751,-202],[-564,-317],[-407,-437],[-172,-162],[-438,-216],[-391,-94],[-861,-141],[-673,-88],[-767,-162],[-391,-161],[-516,-310],[-313,-377],[-126,-418],[-47,-363],[-47,-331],[-93,-303],[-141,-316],[-141,-236],[-94,-411],[-110,-283],[-187,-256],[-266,-282],[-345,-297],[-31,-377],[516,-465],[188,-188],[-62,-337],[-486,-216],[-673,-202],[-1048,-182],[-157,-33],[-1330,-243],[-704,-168],[-689,-216],[-735,-296],[-329,-128],[-642,-168],[-563,-61],[-767,-74],[-548,-61],[-532,-94],[-485,-128],[-501,-162],[-438,-161],[-266,-142],[-203,-242],[15,-330],[141,-243],[172,-229],[188,-235],[125,-277],[0,-350],[47,-337],[172,-282],[-172,-277],[-407,-195],[-1017,-370],[-360,-162],[-501,-229],[-360,-310],[79,-148],[219,-263],[344,-310],[986,-754],[172,-236],[-31,-282],[-188,-405],[-94,-215],[-282,-505],[-234,-411],[-392,-532],[-391,-290],[-516,-40],[-579,54],[-814,121],[-1315,161],[-876,7],[-548,-47],[-610,-128],[-798,-263],[-439,-242],[-547,-283],[-893,-168],[-532,-14],[-532,41],[-563,60],[-704,135],[-892,236],[-924,289],[-704,189],[-470,74],[-532,27],[-688,0],[-689,-14],[-595,-53],[-845,-142],[-438,-128],[-642,-236],[-453,-262],[-908,-734],[-939,-916],[-157,-202],[-203,-378],[-63,-222],[-15,-377],[0,-364],[-454,-364],[-391,-80],[-1127,-142],[-1565,-222],[-376,-168],[-203,-344],[0,-620],[-32,-155],[-47,-303],[-187,-229],[-705,-249],[-1377,-310],[-986,-269],[-595,-81],[-641,-67],[-282,-202],[-172,-371],[-266,-209],[-219,-296],[-517,-337],[-187,-417],[-110,-169],[-313,-235],[-63,-189],[-94,-283],[-313,-283],[-657,-458],[-250,-128],[-658,-249],[-845,-215],[-1627,-277],[-1628,-175],[-1361,-87],[-126,-7],[-1580,-67],[-1205,-54],[-1143,-20],[-704,33],[-532,54],[-1096,168],[-1252,216],[-970,101],[-970,40],[-986,0],[-736,-20],[-798,-134],[-1299,-236],[-2035,-458],[-1220,-209],[-501,-88],[-407,-107],[-438,-169],[-501,-310],[-376,-255],[-688,-600],[-204,-168],[-485,-189],[-798,-67],[-610,27],[-845,74],[-1252,155],[-470,81],[-767,121],[-610,87],[-517,54],[-876,7],[-501,-67],[-548,-88],[-516,-74],[-939,-94],[-407,-21],[-610,0],[-877,128],[-532,155],[-1095,324],[-814,229],[-751,195],[-579,-350],[-235,-101],[-2019,-593],[-110,-243],[736,-383],[689,-411],[203,-115],[-203,-330],[-705,-263],[-751,-255],[-610,-236],[-658,-330],[-391,-222],[-188,-189],[-156,-411],[0,-310],[0,-195],[109,-269],[282,-337],[595,-458],[986,-613],[422,-357],[173,-202],[187,-243],[235,-350],[-16,-424],[-140,-256],[-313,-411],[-251,-317],[-141,-283],[-125,-363],[-62,-364],[62,-323],[251,-344],[422,-370],[297,-189],[360,-209],[611,-303],[-141,-357]],[[595849,623048],[2410,2202],[1190,1536],[2284,2761],[2317,3469],[2112,3496],[1018,1502],[1267,1711],[2270,2660],[1846,1973],[1753,1920],[2129,2526],[2253,2512],[2254,3065],[955,1481],[62,169],[4617,5200],[1987,2956],[1331,1906],[1001,1597],[548,1232],[1205,2809],[407,714],[3600,4338],[1001,1549],[1894,1353],[3537,1704],[2363,1267],[2269,667],[1706,545],[720,350],[736,351],[1471,1616],[547,1758],[141,748],[204,963],[579,4701],[454,3307],[814,3442],[1768,5927],[3553,6149],[1001,1502],[1049,2156],[1487,1879],[704,1313],[610,1482],[1049,2559],[939,2459],[970,2142],[1049,1859],[422,646],[376,465],[1768,1704],[1252,1111],[1221,910],[2410,1239],[1800,633],[2441,842],[2489,903],[2222,929],[1988,916],[1173,579],[1675,963],[939,883],[892,828],[2911,6143],[454,990],[829,943],[391,343],[517,465],[1721,1280],[1988,1738],[970,1178],[892,1152],[892,936],[298,297],[172,195],[454,451],[1377,1058],[203,101],[720,384],[1331,707],[547,916],[1096,1280],[1455,1111],[3756,1637],[1581,357],[720,168],[2754,330],[3287,182],[2473,47],[3020,-34],[5978,169],[2113,222],[3224,660],[611,263],[751,323],[626,525],[-16,492],[-1314,559],[-282,115],[-1330,424],[-2019,633],[-564,242],[-407,256],[-360,304],[-250,289],[-125,256],[-94,472],[109,383],[470,560],[407,316],[282,175],[3599,1704],[3287,1462],[5681,2579],[3083,1314],[2034,909],[1064,903],[470,552],[172,303],[251,485],[46,236],[16,202],[-156,269],[-266,202],[-783,539],[-422,209],[-1440,586],[-2285,680],[-2645,559],[-1033,276],[-720,276],[-1033,405],[-798,377],[-1941,1098],[-1001,626],[-626,539],[-219,289],[0,283],[250,458],[563,351],[705,296],[1080,-135],[954,-229],[986,-525],[1362,-445],[1267,-269],[1112,-88],[1252,122],[954,276],[454,256],[63,397],[-392,532],[-93,68],[-752,343],[-2488,626],[-595,243],[-407,195],[-187,189],[15,390],[157,196],[328,242],[736,283],[626,128],[1393,142],[1565,-68],[2363,-94],[1737,-14],[1659,270],[2160,748],[2081,1023],[1816,883],[986,666],[219,243],[-94,822],[62,269],[439,445],[767,612],[594,331],[1096,606],[782,855],[235,397],[47,196],[16,357],[657,1549],[720,1664],[297,949],[157,1327],[-63,236],[-188,263],[-328,397],[-329,269],[-219,115],[-830,384],[-485,229],[-407,269],[-234,364],[-79,209],[345,1178],[767,795],[62,61],[720,552],[720,734],[516,761],[141,654],[-15,538],[-329,957],[-532,1515],[-110,559],[-15,404],[219,223],[860,209],[783,47],[1127,40],[814,74],[641,101],[548,169],[610,289],[219,324],[126,269],[-110,296],[-438,263],[-657,236],[-1174,256],[-986,114],[-1393,-13],[-3631,-391],[-1815,-155],[-1597,-108],[-406,-20],[-642,34],[-517,94],[-391,168],[-235,263],[-93,317],[125,411],[422,370],[1127,876],[814,693],[485,519],[501,909],[360,930],[-31,491],[-267,297],[-313,175],[-469,94],[-861,-33],[-1095,-162],[-32,-7],[-2206,-323],[-736,-47],[-626,-7],[-1393,128],[-1001,283],[-219,370],[266,196],[704,276],[3678,889],[1518,377],[2066,593],[923,276],[908,316],[845,277],[1142,538],[438,351],[345,316],[109,418],[-250,316],[-376,88],[-798,175],[-125,27],[-1377,141],[-1456,223],[-782,161],[-736,290],[-501,465],[-626,626],[-500,633],[-204,391],[-109,316],[62,371],[157,431],[-298,391],[-782,94],[-736,-101],[-907,-236],[-313,-74],[-1002,-222],[-798,-68],[-438,0],[-1565,122],[-1033,242],[-939,283],[-1425,532],[-782,350],[-250,263],[-533,552],[-657,768],[-422,371],[-517,256],[-469,121],[-658,87],[-594,0],[-877,-6],[-892,-95],[-1080,-336],[-375,-182],[-548,-236],[-736,-175],[-485,-34],[-641,54],[-470,67],[-595,169],[-407,343],[-109,256],[-31,209],[62,377],[219,330],[345,323],[547,351],[439,195],[1001,195],[485,74],[736,75],[1361,134],[1143,101],[923,61],[626,61],[595,80],[501,149],[375,269],[407,276],[251,445],[485,1246],[250,256],[298,336],[485,405],[375,383],[454,634],[548,882],[376,707],[281,546],[188,444],[94,404],[31,425],[-47,720],[-15,485],[15,465],[94,269],[235,492],[469,397],[313,209],[1863,883],[485,229],[391,343],[125,263],[-391,390],[-861,559],[-516,304],[-376,242],[-766,633],[-47,41],[-376,606],[-235,566],[-62,532],[47,336],[62,297],[266,262],[407,256],[1017,351],[1237,350],[907,269],[861,263],[454,168],[110,243],[-63,209],[-391,336],[-517,256],[-516,236],[-360,148],[-501,81],[-626,-40],[-829,-115],[-1174,-431],[-1049,-370],[-782,-303],[-939,-479],[-611,-336],[-297,-378],[-422,-660],[-188,-182],[-266,-235],[-376,-270],[-579,-357],[-391,-208],[-423,-162],[-798,-209],[-501,-94],[-861,-61],[-735,74],[-501,169],[-16,283],[658,2135],[266,646],[47,337],[-188,269],[-329,351],[-297,235],[-344,209],[-454,243],[-704,155],[-376,47],[-626,74],[-1549,202],[-1174,67],[-548,41],[-532,47],[-485,135],[-282,229],[-188,249],[-94,276],[0,283],[188,316],[970,701],[783,350],[783,317],[782,168],[1346,189],[579,121],[485,114],[454,182],[282,371],[281,673],[173,371],[-79,336],[-266,330],[-532,425],[-642,357],[-453,182],[-564,235],[-579,169],[-532,67],[-579,-13],[-751,-88],[-2207,-445],[-845,-141],[-423,-67],[-829,-81],[-172,-20],[-1158,-61],[-720,-34],[-751,-27],[-658,-13],[-1424,47],[-78,0],[-1002,27],[-1408,101],[-783,175],[-782,323],[-501,317],[-563,229],[-814,202],[-2035,330],[-1111,20],[-1408,14],[-720,-27],[-501,-148],[-438,-149],[-392,-168],[-720,-478],[-140,-128],[-298,-310],[-281,-303],[-157,-242],[-266,-324],[-376,-350],[-281,-128],[-548,-202],[-673,-269],[-861,-155],[-767,87],[-500,148],[-658,297],[-313,276],[-125,162],[-125,323],[0,417],[78,263],[250,350],[188,236],[298,303],[140,209],[267,290],[297,404],[344,889],[313,518],[78,263],[47,532],[-156,404],[-485,1172],[-235,788],[-31,135],[-79,498],[32,418],[-16,357],[-422,364],[-376,107],[-673,75],[-548,-7],[-939,-54],[-391,-20],[-704,-34],[-1675,-74],[-2598,13],[-1048,54],[-892,74],[-658,81],[-469,182],[-501,674],[-157,390],[-547,229],[-564,95],[-532,161],[-1001,350],[-658,270],[-375,377],[31,370],[188,270],[203,242],[282,236],[595,155],[876,54],[595,47],[391,61],[736,222],[1502,586],[642,236],[328,202],[329,377],[156,269],[110,223],[63,404],[-173,384],[-219,303],[-313,478],[-203,451],[-78,640],[-63,303],[94,256],[391,276],[830,175],[829,135],[767,195],[282,149],[109,249],[188,303],[219,161],[251,223],[31,357],[-204,242],[-626,384],[-453,317],[-282,363],[-219,445],[-32,290],[47,451],[32,182],[94,485],[187,343],[313,505],[157,196],[1111,714],[595,390],[328,323],[313,216],[517,202],[798,175],[751,128],[548,101],[595,148],[610,189],[501,175],[407,142],[704,276],[1017,417],[1190,573],[594,370],[251,350],[156,290],[1002,1758],[297,445],[251,208],[203,303],[94,445],[-156,350],[-360,290],[-313,209],[-282,175],[-564,343],[-313,182],[-266,202],[-109,337],[-172,471],[-110,539],[0,14],[-94,464],[0,330],[32,331],[187,572],[47,667],[-141,559],[-250,337],[-391,336],[-266,310],[-157,182],[-203,377],[-94,344],[-47,370],[47,270],[125,303],[172,384],[94,592],[-16,182],[-93,411],[-188,397],[-376,708],[-344,343],[-344,290],[-220,195],[-250,310],[-125,256],[-78,276],[-47,202],[-16,269],[47,203],[188,323],[-16,377],[-109,370],[-173,432],[-140,215],[-486,310],[-407,222],[-250,229],[-329,290],[-297,269],[-172,297],[313,316],[329,169],[313,195],[281,229],[438,350],[345,357],[219,256],[376,411],[547,444],[658,586],[673,452],[547,336],[767,61],[720,-209],[344,-209],[16,-222],[-438,-249],[-407,-391],[-110,-283],[-313,-343],[172,-337],[313,-182],[658,-182],[469,-80],[736,0],[469,94],[579,128],[658,34],[641,-7],[720,222],[423,148],[657,202],[611,128],[1408,249],[783,203],[704,229],[845,242],[720,27],[939,-40],[532,242],[63,175],[109,297],[-16,309],[-187,357],[47,209],[-392,283],[-438,61],[-845,202],[-657,202],[-266,330],[500,310],[533,114],[688,41],[924,121],[735,134],[485,135],[376,175],[485,223],[376,249],[610,545],[219,236],[-94,195],[-391,337],[-94,377],[188,276],[422,297],[767,215],[423,122],[438,215],[360,283],[329,263],[109,323],[517,364],[360,256],[313,222],[172,384],[626,188],[641,108],[564,283],[360,357],[720,88],[579,-122],[720,-134],[876,-34],[579,54],[376,67],[641,155],[548,162],[563,141],[360,162],[423,135],[610,121],[830,209],[235,242],[125,195],[266,445],[250,256],[282,215],[47,216],[-110,310],[376,161],[203,391],[32,290],[-517,303],[-391,94],[-767,249],[-516,236],[-517,202],[-767,155],[-516,236],[-31,256],[15,222],[391,215],[893,48],[688,-74],[532,-88],[720,-61],[970,34],[689,-13],[673,168],[626,108],[908,47],[579,74],[688,88],[470,33],[751,7],[423,7],[641,141],[454,270],[204,148],[485,222],[344,108],[470,155],[688,330],[830,357],[485,208],[516,189],[626,330],[407,229],[454,290],[219,128],[517,235],[500,223],[220,235],[-486,290],[-563,0],[-579,7],[-595,47],[-422,67],[-767,175],[-1111,236],[-360,135],[-94,431],[156,384],[345,229],[845,209],[688,161],[908,128],[642,74],[688,135],[485,101],[407,155],[439,121],[610,142],[955,107],[735,88],[720,67],[704,61],[689,40],[610,21],[705,-34],[985,-34],[564,-7],[469,115],[345,195],[469,256],[407,223],[470,255],[-47,229],[-110,310],[-219,425],[-344,357],[15,357],[32,148],[187,350],[126,209],[187,229],[298,202],[203,175],[454,269],[501,115],[720,162],[610,80],[595,68],[642,87],[688,74],[970,61],[1331,54],[720,256],[187,209],[0,309],[-250,405],[0,330],[188,242],[62,350],[-62,398],[-235,404],[-532,390],[-329,277],[-234,289],[47,162],[438,236],[407,60],[641,20],[939,68],[783,81],[704,67],[1409,168],[1330,101],[1471,149],[485,74],[470,161],[594,297],[595,384],[423,202],[641,276],[830,451],[657,370],[516,290],[658,377],[141,249],[-392,351],[-453,121],[-799,34],[-360,242],[188,337],[266,242],[392,283],[469,297],[438,215],[783,209],[735,121],[501,61],[657,101],[517,0],[814,-88],[516,-60],[485,-48],[564,-47],[454,330],[-517,324],[-329,168],[-360,148],[-469,148],[-297,277],[422,262],[407,202],[579,189],[908,269],[548,290],[203,283],[266,330],[251,242],[422,317],[329,162],[563,242],[814,-13],[845,-142],[657,-7],[266,364],[-328,344],[-282,255],[-391,203],[-204,309],[-15,431],[-157,418],[0,411],[0,444],[564,290],[485,121],[454,202],[485,216],[563,316],[736,-6],[250,-216],[313,-256],[313,-229],[564,-47],[532,54],[876,128],[939,175],[751,54],[548,47],[516,27],[720,141],[376,250],[-219,208],[235,324],[579,108],[547,269],[345,296],[407,283],[-517,283],[-422,168],[-454,216],[391,391],[689,-61],[407,94],[422,324],[251,222],[-16,202],[-31,323],[125,263],[141,236],[391,134],[610,-33],[532,-7],[626,-7],[814,148],[438,216],[313,209],[720,134],[94,351],[-141,269],[204,391],[579,67],[610,101],[579,222],[611,330],[547,95],[407,87],[517,155],[641,297],[439,249],[547,283],[266,222],[579,330],[360,189],[313,249],[579,94],[360,94],[454,189],[532,290],[141,202],[-281,262],[31,297],[407,303],[281,229],[658,316],[454,34],[547,128],[924,162],[641,262],[548,202],[172,175],[376,283],[78,310],[110,290],[187,249],[188,222],[360,236],[548,67],[657,-94],[611,-189],[532,-168],[720,142],[266,276],[-79,390],[-500,162],[-752,135],[-281,148],[-611,114],[-892,-114],[-735,-148],[-720,249],[579,310],[438,74],[736,60],[641,162],[517,202],[375,135],[626,188],[376,176],[282,350],[407,182],[422,235],[642,115],[673,81],[485,6],[329,-357],[-126,-336],[251,-209],[-78,-222],[266,-243],[657,-263],[266,-175],[94,-235],[0,-263],[955,-7],[140,344],[282,182],[986,20],[595,54],[469,188],[955,-101],[501,-155],[626,-141],[407,229],[438,377],[235,303],[125,229],[125,263],[-157,364],[-219,249],[313,195],[673,216],[470,269],[469,189],[360,289],[767,755],[47,242],[94,323],[798,-80],[235,-270],[219,-175],[501,-229],[673,34],[344,208],[157,189],[125,222],[203,276],[407,250],[454,121],[454,87],[563,-168],[548,-175],[563,162],[799,-21],[547,-6],[579,303],[141,195],[204,256],[234,256],[141,525],[-454,290],[-359,384],[250,209],[469,363],[517,290],[955,108],[469,-182],[172,-209],[423,-384],[767,-20],[469,364],[-78,168],[-31,269],[187,229],[501,88],[579,27],[626,-47],[360,-61],[532,-182],[157,-377],[344,-262],[329,-236],[250,-135],[360,-242],[-78,-202],[-376,-189],[-391,-168],[-329,-297],[407,-148],[626,74],[971,14],[673,-74],[532,-135],[751,121],[-282,263],[376,262],[876,41],[798,-41],[392,-303],[203,-289],[657,-310],[924,27],[438,-20],[94,-290],[-47,-404],[532,-465],[47,-404],[-297,-323],[-126,-317],[-187,-310],[-204,-222],[141,-249],[532,-182],[563,-202],[392,-202],[-47,-202],[-235,-297],[986,-53],[391,67],[517,162],[860,141],[955,20],[517,-81],[391,-188],[141,-243],[-188,-1212],[125,-916],[-469,-209],[250,-256],[266,-303],[-344,-276],[-63,-202],[-203,-263],[156,-195],[751,-88],[532,-87],[63,-303],[-235,-202],[423,-270],[-141,-283],[-313,-357],[767,-94],[657,-54],[438,7],[673,-61],[298,-134],[547,-189],[16,-350],[157,-384],[-94,-229],[-110,-195],[31,-256],[220,-371],[140,-290],[126,-282],[125,-364],[673,-296],[673,-81],[970,54],[501,-243],[-438,-310],[78,-377],[422,0],[392,-276],[141,-189],[-345,-262],[-235,-142],[-453,-289],[-266,-297],[-266,-330],[-329,-357],[94,-215],[563,-155],[251,-303],[-501,-310],[407,-377],[266,-263],[1220,-431],[580,-148],[1956,-445],[501,-101],[375,-128],[391,-161],[720,-297],[360,-269],[94,-276],[0,-283],[-235,-350],[-47,-243],[63,-350],[78,-142],[423,-242],[422,-61],[580,-27],[672,-6],[877,20],[610,108],[470,114],[1236,276],[892,182],[924,94],[923,21],[939,-41],[1048,-47],[1659,-108],[1033,0],[47,0],[1393,34],[783,61],[970,188],[563,95],[532,60],[533,34],[579,-14],[532,-60],[454,-216],[219,-175],[266,-424],[188,-398],[109,-357],[172,-309],[501,-283],[1424,-438],[1268,-350],[1471,-243],[923,-168],[517,-297],[-251,-384],[-344,-282],[-219,-270],[-157,-229],[-46,-424],[-63,-337],[-376,-276],[-532,-155],[-485,-242],[-141,-176],[-31,-282],[-188,-310],[-422,-189],[-1863,-316],[-657,-128],[-501,-176],[-313,-181],[-485,-539],[344,-371],[767,-336],[517,-324],[219,-262],[125,-250],[109,-511],[-78,-236],[-125,-222],[-642,-728],[-829,-754],[-579,-485],[-392,-324],[-860,-471],[-376,-202],[-1972,-815],[-438,-175],[-610,-189],[-1268,-357],[-423,-128],[-360,-202],[-78,-276],[188,-242],[485,-330],[360,-202],[564,-425],[234,-417],[0,-223],[-188,-316],[-438,-196],[-328,-80],[-658,-142],[-1017,-148],[-829,-114],[-642,-102],[-391,-121],[-110,-397],[251,-276],[313,-330],[328,-371],[110,-215],[-157,-310],[-547,-350],[-2285,-889],[-329,-162],[-360,-364],[16,-283],[140,-208],[454,-485],[141,-351],[31,-424],[0,-222],[-46,-297],[-157,-235],[-360,-290],[-329,-121],[-1048,-263],[-1612,-471],[-16,0],[-1846,-371],[-486,-175],[-438,-283],[-188,-209],[-140,-256],[-32,-202],[141,-363],[329,-250],[438,-195],[1142,-518],[392,-243],[266,-263],[15,-357],[-500,-639],[-32,-48],[-485,-720],[-469,-391],[-705,-370],[-375,-135],[-689,-209],[-376,-114],[-751,-223],[-798,-296],[-469,-283],[-345,-391],[-234,-666],[-235,-404],[-344,-297],[-407,-229],[-595,-236],[-595,-195],[-595,-188],[-766,-176],[-892,-94],[-955,-101],[-751,-276],[-752,-492],[-563,-242],[-1471,-654],[-438,-276],[266,-357],[485,-363],[250,-176],[595,-424],[376,-357],[297,-364],[266,-801],[78,-344],[172,-505],[16,-67],[31,-546],[-15,-471],[109,-128],[423,-243],[595,-269],[532,-202],[2081,-882],[266,-236],[-15,-377],[-79,-485],[-15,-317],[-16,-195],[-78,-330],[-94,-296],[-188,-277],[-63,-229],[79,-249],[579,-141],[469,27],[814,87],[751,121],[485,128],[1268,324],[1205,303],[517,148],[391,128],[642,317],[360,289],[359,270],[454,181],[767,75],[767,-75],[485,0],[579,48],[767,195],[970,411],[188,134],[454,317],[188,148],[188,256],[141,222],[172,283],[109,135],[689,451],[438,364],[595,754],[548,573],[626,330],[751,215],[892,149],[156,13],[1096,54],[1565,-40],[892,-88],[454,-67],[501,-108],[657,-209],[407,-242],[501,-586],[328,-795],[0,-411],[125,-748],[298,-633],[62,-74],[501,-512],[94,-229],[0,-444],[-47,-162],[-141,-290],[-391,-262],[-423,-135],[-422,-121],[-1017,-263],[-642,-256],[-548,-384],[-281,-357],[-63,-269],[47,-317],[109,-1246],[-203,-579],[31,-182],[626,-168],[705,94],[579,142],[3192,963],[626,141],[642,94],[970,68],[814,33],[423,-20],[923,-33],[563,-41],[705,-114],[907,-142],[924,34],[1455,539],[564,114],[672,74],[298,14],[986,13],[688,-13],[517,-7],[1800,-74],[1831,-195],[532,-74],[1080,-162],[626,-115],[829,-175],[344,-336],[16,-250],[485,-195],[767,94],[282,-128],[-31,-384],[-63,-511],[31,-169],[266,-364],[282,-215],[657,-256],[1033,-243],[470,-127],[485,-135],[1017,-297],[783,-181],[1033,-189],[453,-74],[752,-202],[140,-189],[32,-815],[-16,-94],[31,-411],[-422,-364],[-861,-202],[-704,-222],[-235,-249],[94,-404],[360,-297],[376,-242],[391,-195],[281,-411],[-297,-330],[-188,-175],[-438,-411],[-78,-108],[-376,-478],[-297,-364],[-344,-263],[-313,-121],[-486,-141],[-438,-101],[-344,-317],[-31,-296],[-282,-189],[-297,-161],[-360,-216],[-313,-202],[-1158,-1381],[-548,-1091],[-78,-317],[0,-195],[46,-323],[329,-310],[861,-397],[16,0],[1283,-539],[454,-337],[94,-128],[156,-316],[47,-236],[78,-1266],[141,-647],[188,-290],[203,-208],[470,-331],[579,-161],[501,0],[1424,545],[579,162],[642,81],[735,40],[861,-13],[1017,-61],[235,-13],[923,13],[486,47],[970,101],[688,7],[939,-74],[1049,-256],[970,-148],[814,-148],[1002,-283],[657,-108],[892,101],[47,323],[16,479],[281,222],[830,-47],[751,-128],[1299,-270],[610,-141],[486,-202],[1518,-984],[375,-215],[391,-175],[470,-155],[814,-182],[1721,-350],[1550,-229],[876,-121],[1722,-290],[782,-175],[517,-162],[563,-188],[344,-155],[407,-256],[125,-317],[-94,-1448],[-187,-283],[-720,-256],[15,-370],[282,-317],[266,-303],[454,-350],[626,0],[673,-263],[673,-148],[516,-13],[579,0],[517,-337],[-423,-357],[-360,-364],[-203,-256],[-125,-411],[0,-309],[-79,-304],[-219,-202],[-500,-363],[-407,-364],[-376,-438],[-156,-195],[-188,-317],[-78,-242],[78,-384],[203,-270],[360,-363],[-141,-324],[-297,-242],[-125,-323],[-78,-404],[-267,-223],[-500,-296],[-1033,-640],[-251,-222],[-203,-270],[-78,-256],[-126,-700],[-93,-222],[-407,-256],[-611,-175],[-391,-310],[-63,-222],[-15,-364],[-32,-256],[-78,-795],[110,-384],[94,-256],[62,-296],[-94,-189],[-234,-276],[-173,-128],[-829,-444],[-313,-330],[-78,-88],[-313,-552],[-157,-606],[79,-768],[46,-256],[47,-229],[79,-317],[328,-363],[345,-182],[735,-169],[626,-87],[986,-74],[1064,40],[126,0],[986,61],[469,40],[1080,94],[501,95],[751,148],[861,209],[829,202],[1049,195],[923,108],[783,47],[954,81],[548,202],[250,94],[1268,424],[501,169],[720,276],[782,350],[626,216],[673,235],[313,108],[892,229],[423,74],[673,81],[782,54],[470,-141],[156,-297],[188,-161],[219,-256],[-15,-175],[-94,-277],[-470,-296],[-125,-215],[376,-418],[406,-269],[439,-256],[297,-270],[235,-296],[78,-290],[16,-236],[15,-424],[141,-249],[219,-290],[110,-114],[469,-418],[282,-195],[563,-189],[407,-13],[673,-54],[611,-243],[454,-229],[266,-390],[62,-263],[376,-148],[1580,-283],[392,-108],[344,-316],[-63,-236],[-219,-370],[-454,-607],[-453,-377],[-579,-498],[-313,-263],[-673,-424],[-439,-350],[-172,-236],[-109,-209],[-94,-310],[-235,-384],[-360,-458],[-595,-694],[-31,-431],[282,-222],[0,-209],[-423,-1340],[-141,-182],[-641,-471],[0,-223],[407,-491],[125,-384],[-16,-115],[-610,-572],[-157,-249],[-31,-310],[63,-337],[-251,-256],[-438,-148],[-532,-155],[-438,-357],[-79,-364],[204,-1098],[-297,-390],[-423,-162],[-454,-188],[-548,-223],[-907,-458],[-470,-222],[-375,-222],[-376,-249],[-204,-182],[-1032,-1253],[-392,-317],[-485,-175],[-516,-40],[-892,33],[-861,21],[-955,-101],[-657,-122],[-423,-114],[-453,-175],[-580,-256],[-735,-330],[-485,-155],[-720,-303],[-564,-290],[-532,-269],[-829,-283],[-391,-270],[-251,-208],[-579,-364],[-548,-209],[-626,-161],[-1721,-418],[-110,-27],[-892,-135],[-907,-141],[-501,-101],[-720,-189],[-2598,-842],[-798,-229],[-517,-107],[-798,-122],[-563,-54],[-1597,-74],[-547,-215],[782,-613],[407,-431],[219,-202],[595,-1011],[250,-309],[125,-162],[548,-573],[125,-107],[564,-512],[610,-330],[579,-330],[204,-148],[469,-357],[219,-277],[63,-262],[63,-350],[-79,-432],[-266,-316],[-1252,-653],[-109,-155],[266,-384],[845,-478],[532,-337],[735,-283],[1628,-397],[657,-243],[376,-202],[329,-276],[313,-539],[172,-155],[438,-209],[438,-134],[626,-108],[3224,-290],[454,-74],[579,-141],[908,-303],[1017,-431],[2535,-1098],[282,-175],[78,-405],[-141,-552],[392,-229],[3458,-566],[1049,-229],[532,-155],[798,-303],[595,-222],[829,-296],[3396,-1226],[1049,-377],[532,-196],[329,-148],[438,-262],[157,-223],[62,-229],[-94,-330],[-281,-653],[-4883,-1004],[-7559,-1091],[-1691,-323],[-704,-189],[-876,-296],[-438,-209],[-235,-162],[-767,-788],[-250,-262],[-642,-425],[-720,-357],[-3600,-1717],[-1549,-936],[-407,-290],[-501,-444],[-1627,-2048],[-1174,-1057],[-157,-236],[-93,-195],[-94,-425],[0,-188],[109,-755],[376,-1044],[0,-310],[-172,-161],[-470,-175],[-579,-68],[-1393,-148],[-407,-54],[-594,-108],[-1237,-316],[-814,-61],[-469,47],[-783,101],[-657,81],[-908,-40],[-516,-121],[-391,-142],[-266,-195],[-282,-330],[-297,-398],[-454,-289],[-814,-310],[-642,-135],[-923,-101],[-1268,-47],[-1205,54],[-1518,54],[-1299,54],[-2034,20],[-2802,61],[-2081,-122],[-2254,48],[-1252,20],[-955,33],[-985,14],[-924,-61],[-688,-114],[-501,-175],[-298,-209],[-579,-418],[-532,-438],[-657,-350],[-532,-182],[-2082,-599],[-31,-14],[-2973,-936],[-1910,-680],[-235,-168],[-140,-283],[31,-330],[360,-1031],[-47,-202],[-172,-256],[-204,-168],[-407,-236],[-673,-317],[-109,-53],[-1628,-667],[-1596,-633],[-704,-256],[-485,-196],[-298,-269],[-532,-680],[-360,-627],[-78,-175],[-172,-276],[-501,-337],[-1283,-667],[-235,-168],[-204,-343],[0,-283],[360,-1502],[-15,-256],[-47,-175],[-266,-378],[-798,-592],[-689,-270],[-830,-182],[-782,-215],[-407,-108],[-610,-101],[-501,-27],[-673,-7],[-563,0],[-1237,27],[-751,75],[-563,107],[-3350,-801],[-1392,-229],[-4821,-606],[-735,-182],[-485,-223],[-1628,-956],[-297,-168],[-360,-169],[-579,-134],[-3115,-196],[-657,-74],[-689,-168],[-438,-243],[-297,-390],[0,-337],[62,-512],[0,-579],[-78,-566],[-47,-357],[-94,-889],[47,-290],[47,-208],[282,-445],[375,-465],[204,-296],[-172,-182],[-485,-343],[-705,-640],[-407,-324],[-375,-296],[-298,-445],[-500,-215],[-1612,-195],[-705,-277],[-735,-424],[-376,-195],[-626,-169],[-31,-565],[0,-47],[-47,-580],[94,-485],[-282,-404],[-532,-236],[-1831,-498],[-548,-296],[-188,-229],[-359,-815],[-173,-249],[-281,-290],[-172,-128],[-595,-330],[-188,-108],[-642,-377],[-344,-202],[-532,-465],[-141,-121],[-720,-613],[-892,-525],[-313,-122],[-454,-168],[-360,-155],[-485,-256],[-15,-276],[688,-269],[1643,-202],[2254,-108],[2175,-7],[673,-47],[705,-283],[-94,-350],[-392,-249],[-1439,-748],[-892,-472],[-486,-330],[-234,-357],[141,-357],[375,-195],[360,-121],[1643,-357],[470,-175],[391,-573],[16,-67],[313,-391],[281,-222],[345,-135],[767,-229],[485,-222],[360,-209],[860,-357],[673,-256],[486,-182],[485,-235],[219,-216],[31,-303],[-78,-397],[-250,-539],[-63,-168],[-94,-613],[47,-283],[188,-337],[407,-168],[845,6],[688,68],[971,101],[469,27],[908,-21],[485,-134],[485,-317],[-15,-269],[-47,-196],[-313,-498],[-298,-485],[-281,-283],[-658,-559],[32,-303],[172,-162],[391,-208],[610,-263],[564,-243],[485,-316],[219,-195],[141,-304],[31,-330],[78,-1239],[-62,-215],[-94,-290],[-391,-249],[-892,-202],[-1440,-330],[-548,-162],[-720,-296],[-266,-310],[47,-270],[172,-282],[783,-836],[187,-202],[-15,-235],[-407,-1179],[-31,-323],[266,-304],[453,-229],[548,-262],[392,-337],[15,-249],[-250,-290],[-861,-485],[-329,-323],[-375,-633],[-251,-620],[-125,-424],[-109,-660],[219,-330],[422,-249],[376,-122],[1581,-276],[657,-108],[1784,-289],[469,-81],[673,-276],[1033,-829],[501,-276],[485,-135],[3146,-511],[782,-81],[1487,-142],[611,-60],[2472,-169],[439,-134],[234,-378],[94,-794],[-31,-984],[-16,-579],[-15,-229],[-141,-438],[-157,-343],[-250,-350],[-501,-438],[-1096,-633],[-1173,-654],[-798,-471],[-595,-431],[-407,-391],[-157,-471],[-46,-506],[46,-309],[110,-236],[391,-222],[751,-175],[423,-41],[767,-61],[845,-20],[470,14],[766,67],[1847,330],[845,94],[1143,135],[673,81],[939,74],[813,-34],[908,-155],[423,-107],[438,-128],[2269,-748],[344,-74],[673,-67],[533,-21],[735,61],[673,81],[704,61],[783,-81],[2739,-943],[563,-74],[798,20],[344,27],[595,128],[877,633],[391,195],[375,81],[1033,121],[407,34],[611,-7],[798,-168],[1596,-600],[1002,-370],[469,-135],[517,-27],[735,27],[485,81],[971,303],[641,195],[439,122],[610,54],[657,0],[986,-108],[908,-101],[3380,-425],[626,-168],[407,-263],[172,-161],[219,-371],[32,-141],[-611,-808],[94,-189],[579,-310],[439,-242],[172,-270],[-282,-269],[-407,-162],[-407,-363],[313,-586],[188,-344],[16,-276],[-172,-290],[-63,-161],[-16,-303],[63,-229],[266,-398],[438,-215],[611,-162],[1518,-229],[3505,-249],[642,-41],[2692,-175],[438,-33],[2254,-202],[657,-263],[47,-357],[-892,-950],[-32,-263],[251,-323],[861,-835],[93,-357],[-62,-242],[-219,-344],[-251,-290],[-594,-491],[-939,-782],[-423,-255],[-642,-371],[-673,-303],[-876,-269],[-1440,-499],[-501,-249],[-1032,-734],[-705,-546],[-767,-923],[-829,-1293],[-438,-990],[-391,-714],[-235,-202],[3756,-1125],[1236,-458],[94,-27],[955,-343],[1080,-303],[704,-135],[1768,-222],[4742,-579],[1237,-155],[688,-128],[548,-108],[438,-135],[423,-202],[845,-1125],[1017,-2290],[63,-141],[172,-397],[109,-607],[0,-256],[-93,-276],[-235,-242],[-532,-249],[-2191,-883],[-235,-134],[-391,-330],[-251,-331],[-15,-141],[109,-364],[298,-781],[93,-633],[-47,-296],[-187,-667],[-157,-310],[-188,-323],[-156,-189],[-407,-465],[-391,-451],[-501,-276],[-1330,-418],[-1080,-404],[-423,-168],[-1127,-633],[-3083,-1617],[-297,-168],[-266,-283],[-94,-189],[-16,-929],[-250,-229],[-720,-263],[-1674,-229],[-1612,-263],[-407,-161],[-204,-182],[-172,-263],[-376,-875],[-344,-1172],[-469,-849],[-454,-498],[-751,-404],[-1221,-418],[-1017,-263],[-1143,-161],[-688,-54],[-1268,-108],[-329,-61],[-782,-182],[-532,-222],[-392,-269],[-219,-182],[-751,-667],[-1064,-936],[-971,-862],[-453,-256],[-595,-182],[-517,-128],[-954,-128],[-1409,-108],[-1408,-195],[-689,-182],[-641,-229],[-799,-343],[-688,-384],[-423,-283],[-1737,-1664],[-563,-539],[-579,-431],[-1550,-1165],[-31,-27],[-485,-518],[-235,-425],[-94,-512],[-16,-47],[-391,-1367],[-235,-728],[-234,-316],[-79,-94],[-422,-297],[-485,-262],[-1237,-438],[-438,-155],[-1142,-586],[-1534,-660],[-360,-94],[-2050,-560],[-1143,-309],[-485,-88],[-4084,-721],[-548,-94],[-564,-135],[-469,-175],[-438,-209],[-345,-242],[-1158,-828],[-219,-162],[-16,-357],[1268,-714],[298,-162],[172,-242],[-110,-202],[-329,-216],[-438,-175],[-1111,-377],[-2254,-1064],[-62,-20],[-1049,-270],[-375,-289],[156,-223],[1064,-1495],[110,-451],[-31,-276],[-94,-236],[-125,-283],[-470,-727],[-219,-324],[-172,-370],[-1487,-2001],[-125,-303],[-47,-336],[0,-277],[156,-383],[689,-600],[1096,-1098],[375,-323],[376,-310],[532,-323],[1142,-431],[1299,-384],[4241,-876],[3365,-842],[642,-296],[438,-330],[250,-296],[188,-270],[79,-249],[0,-256],[-32,-370],[-344,-465],[-532,-377],[-501,-324],[-297,-202],[-235,-168],[-141,-94],[-344,-290],[-188,-162],[-344,-666],[-204,-270],[-1909,-2526],[-423,-592],[-657,-694],[-1534,-1233],[-563,-417],[-407,-202],[-516,-169],[-939,-229],[-1284,-209],[-516,-80],[-4335,-694],[-2332,-209],[-1315,-114],[-1909,-229],[-736,-202],[-438,-250],[-219,-424],[219,-647],[736,-767],[657,-364],[1471,-202],[2395,-377],[2472,-512],[658,-142],[406,-208],[110,-236],[329,-1172],[-141,-539],[-626,-660],[-736,-512],[-767,-283],[-1549,-350],[-2770,-216],[-2504,-222],[-1753,-438],[-1408,-539],[-1096,-390],[-1549,-330],[-705,-263],[-579,-566],[-328,-390],[-282,-250],[-203,-188],[-298,-270],[-156,-370],[-94,-215],[47,-384],[1471,-957],[438,-377],[470,-323],[657,-714],[407,-802],[78,-976],[204,-1401],[-157,-384],[-657,-485],[-1847,-808],[-814,-304],[-250,-60],[-1377,-337],[-595,-195],[-297,-108],[-423,-424],[-610,-573],[-1518,-976],[-1393,-755],[-626,-310],[-532,-262],[-173,-61],[-798,-242],[-673,-128],[-688,-54],[-611,-41],[-1064,-33],[-532,-54],[-704,-196],[-407,-168],[-454,-263],[-1080,-572],[-626,-270],[-642,-303],[-516,-296],[-1080,-559],[-861,-573],[-234,-188],[-313,-290],[-188,-182],[-564,-538],[-15,-21],[-1111,-895],[-313,-297],[-595,-552],[-438,-337]],[[104340,64693],[-219,-263],[-564,149],[-485,343],[-172,243],[-219,262],[454,243],[407,-27],[500,-148],[376,-209],[63,-256],[-141,-337]],[[42568,92120],[329,-277],[110,-276],[485,-188],[610,-14],[751,-263],[79,-336],[94,-236],[-79,-290],[-203,-336],[-31,-270],[-94,-215],[-360,-202],[-564,-135],[-673,-182],[-594,-34],[-720,-40],[-642,61],[-814,-182],[-626,-317],[-516,-256],[-266,-229],[-251,-175],[-704,-101],[-548,74],[-767,128],[-485,-27],[-626,14],[-657,215],[-157,216],[-375,235],[282,398],[62,316],[47,418],[282,236],[-141,195],[31,236],[32,363],[93,283],[0,418],[235,168],[157,276],[454,135],[954,61],[595,60],[423,75],[688,-75],[470,34],[657,168],[516,68],[720,40],[892,-60],[501,-41],[344,-134]],[[3725,103570],[688,-175],[94,-364],[-172,-236],[-16,-195],[32,-411],[31,-263],[-532,-343],[-751,-14],[-501,-60],[-470,-182],[-234,-155],[-313,-276],[-579,-209],[-470,236],[-329,229],[-203,188],[110,364],[438,162],[579,256],[-141,188],[-454,236],[-282,195],[-250,297],[110,404],[391,67],[579,27],[720,0],[454,7],[594,-7],[877,34]],[[87453,117579],[-626,-215],[-767,-115],[-1017,-20],[-563,0],[-783,0],[-501,-47],[-626,-196],[-657,-242],[-720,-290],[-1174,-60],[-1799,168],[-1440,350],[15,34],[-1142,276],[-1080,175],[-829,0],[-924,-6],[-861,-88],[-563,-67],[-626,0],[-407,155],[0,370],[157,377],[454,330],[109,418],[-219,1205],[-250,762],[-736,1623],[-767,1051],[-1299,1576],[-1127,1495],[-313,1731],[-62,323],[266,270],[501,195],[1189,0],[1596,-263],[2567,-633],[2003,-768],[3083,-1508],[971,-391],[1236,-155],[2410,-236],[2520,-330],[1220,-350],[1910,-876],[2206,-1266],[1957,-963],[469,-593],[-156,-438],[-298,-437],[-782,-378],[-1894,-922],[-1127,-485],[-704,-546]],[[74323,131690],[-595,-189],[-579,155],[-172,249],[-298,155],[-62,418],[375,283],[501,-7],[642,-148],[626,-270],[-47,-168],[-172,-283],[-219,-195]],[[65386,131771],[-673,-229],[-876,121],[-110,256],[141,377],[188,296],[266,155],[407,196],[548,249],[501,269],[375,209],[376,182],[375,323],[94,310],[63,290],[829,114],[611,-316],[78,-384],[-250,-216],[-282,-256],[-94,-364],[282,-289],[-532,-276],[-564,-68],[-375,-148],[-329,-249],[-297,-243],[-376,-208],[-376,-101]],[[8874,110359],[-767,-34],[-798,27],[-658,310],[-313,290],[-78,175],[0,343],[0,283],[-532,317],[-203,222],[-32,350],[141,249],[329,182],[391,202],[313,209],[250,236],[126,397],[422,344],[548,343],[329,357],[31,229],[0,236],[-31,229],[-63,317],[329,343],[47,303],[-345,371],[-172,296],[16,471],[407,431],[219,250],[485,330],[767,424],[516,222],[407,209],[501,290],[1142,417],[94,47],[689,330],[548,304],[281,114],[235,256],[219,242],[454,263],[297,115],[799,202],[751,121],[626,94],[297,115],[407,222],[47,377],[0,270],[-78,269],[-360,310],[-376,303],[-328,364],[-220,404],[0,283],[0,229],[126,222],[328,189],[485,229],[454,269],[282,229],[454,357],[438,276],[438,296],[501,310],[704,364],[1205,519],[1972,801],[1378,559],[406,195],[486,209],[250,202],[548,465],[360,195],[375,142],[752,215],[469,88],[516,148],[501,155],[454,202],[329,168],[360,223],[594,208],[720,223],[454,249],[282,182],[751,263],[814,154],[1017,182],[642,88],[610,155],[595,235],[297,176],[266,222],[172,236],[94,256],[204,276],[156,350],[94,290],[329,141],[595,135],[313,175],[250,323],[0,182],[282,269],[688,27],[971,-47],[563,-121],[470,-27],[391,-101],[454,-155],[328,-162],[251,-249],[94,-370],[-63,-384],[-391,-653],[-1049,-1024],[-782,-856],[-423,-377],[-751,-694],[-767,-895],[-313,-627],[47,-606],[297,-862],[204,-923],[391,-1623],[-188,-862],[-641,-916],[-736,-721],[-829,-512],[-1033,-417],[-3662,-977],[-1174,-310],[-986,-283],[-1017,-330],[-470,-209],[-548,-417],[-360,-350],[-203,-384],[-172,-431],[-251,-344],[-78,-182],[-188,-1010],[-328,-889],[-360,-754],[-924,-943],[-876,-647],[-1002,-572],[-641,-216],[-501,-135],[-830,-67],[-954,-128],[-720,-222],[-704,-229],[-626,-216],[-267,-94],[-688,-243],[-626,-202],[-470,-215],[-751,-270],[-360,-181],[-375,-182],[-486,-256],[-516,-202],[-814,-216],[-735,-87],[-705,-54],[-610,-47],[-1002,-95],[-62,-13],[-1096,-155],[-704,-175],[-313,-135],[-563,-222],[-673,-155]],[[44713,139153],[-595,0],[-548,53],[-501,176],[-203,390],[15,263],[16,330],[172,310],[141,303],[438,337],[595,161],[282,189],[-94,269],[-141,249],[-16,391],[172,296],[251,317],[610,404],[392,303],[422,297],[391,202],[705,195],[892,47],[782,-34],[579,-141],[485,-13],[642,-68],[376,-108],[469,-256],[63,-215],[15,-222],[0,-283],[0,-236],[32,-337],[297,-269],[485,-256],[1049,-498],[798,-384],[250,-223],[47,-303],[-156,-134],[-219,-162],[-548,-175],[-1002,-236],[-1956,-317],[-736,-134],[-1580,-283],[-1221,-128],[-720,-41],[-720,-26],[-907,0]],[[535502,97595],[360,-161],[375,-142],[595,-175],[657,-135],[548,-13],[595,34],[908,13],[892,-148],[1001,-121],[126,-20],[1471,-88],[751,-229],[469,-290],[423,-357],[235,-215],[0,-398],[-157,-350],[-78,-316],[313,-330],[532,-243],[595,-330],[594,-411],[266,-209],[329,-269],[407,-215],[657,-331],[1753,-397],[1315,-290],[954,-208],[32,-7],[2472,-600],[877,-276],[219,-87],[360,-263],[109,-283],[32,-357],[-63,-377],[-313,-424],[-782,-640],[-1080,-701],[-861,-410],[-501,-256],[-594,-216],[-673,-242],[-752,-216],[-641,-135],[-1096,-242],[-986,-155],[-1361,-303],[-423,-101],[-657,-195],[-1111,-344],[-329,-195],[-469,-418],[-439,-788],[-594,-694],[-892,-545],[-517,-175],[-642,-223],[-2425,-646],[-2442,-600],[-2519,-727],[-533,-41],[-532,-20],[-876,20],[-908,21],[-908,-27],[-798,-108],[-939,-216],[-1784,-410],[-657,-81],[-689,0],[-735,54],[-877,141],[-5493,1361],[-1534,451],[-1502,471],[-266,95],[-642,256],[-501,296],[-688,498],[-595,600],[-313,289],[-595,432],[-563,222],[-485,114],[-579,101],[-845,74],[-626,14],[-376,-14],[-626,-53],[-657,-88],[-1049,-209],[-751,-188],[-642,-310],[-234,-229],[-235,-431],[-94,-337],[-125,-525],[156,-2641],[16,-310],[31,-1515],[-31,-1441],[125,-748],[188,-505],[313,-472],[657,-559],[1033,-774],[1096,-674],[1220,-828],[407,-270],[1127,-639],[876,-559],[846,-479],[532,-289],[626,-404],[516,-405],[454,-559],[344,-761],[204,-343],[188,-411],[-63,-626],[-47,-479],[-563,-1017],[-626,-976],[-501,-889],[-501,-613],[-610,-573],[-595,-498],[-783,-465],[-1439,-546],[-110,-40],[-1127,-478],[-673,-263],[-313,-168],[-1158,-997],[-360,-431],[204,-404],[641,-148],[1518,-101],[924,-48],[1205,-53],[1064,-21],[1268,27],[892,61],[125,20],[845,88],[845,128],[736,47],[375,0],[626,-68],[595,-141],[297,-148],[1112,-667],[485,-168],[594,-108],[705,-27],[500,0],[564,54],[908,175],[923,256],[1471,357],[673,114],[595,0],[563,-81],[845,-202],[971,-242],[579,-128],[673,-54],[719,-13],[627,6],[469,88],[579,168],[1221,539],[1800,620],[610,182],[1440,289],[391,54],[767,74],[516,14],[1393,-20],[110,0],[2175,-88],[1659,-135],[595,-54],[845,-161],[407,-175],[297,-236],[172,-263],[-31,-222],[-188,-371],[-469,-464],[-501,-505],[0,-384],[219,-303],[297,-216],[924,-599],[172,-142],[235,-289],[125,-405],[0,-343],[-157,-391],[-328,-303],[-642,-404],[-626,-303],[-454,-229],[-501,-323],[-501,-438],[-360,-391],[-172,-195],[-407,-492],[-626,-552],[-641,-606],[-407,-391],[-720,-869],[-282,-909],[0,-451],[125,-202],[376,-223],[751,-256],[501,-276],[250,-262],[94,-378],[-94,-512],[-156,-343],[-282,-290],[-281,-195],[-423,-236],[-1158,-667],[-689,-518],[-78,-81],[-563,-707],[-595,-1192],[188,-236],[-407,-364],[-423,-741],[-203,-249],[-877,-673],[-563,-310],[-876,-411],[-689,-202],[-673,-182],[-1174,-256],[-3568,-768],[-548,-195],[-266,-135],[-391,-276],[-188,-222],[-203,-263],[-251,-667],[-344,-788],[-156,-209],[-501,-383],[-1346,-809],[-345,-134],[-1017,-283],[-579,-81],[-563,-61],[-1143,-60],[-3599,-54],[-3302,815],[-3021,451],[-5196,404],[-2739,573],[-2832,579],[-438,121],[-626,135],[-564,121],[-579,121],[-798,175],[-563,34],[-580,14],[-641,-34],[-814,-155],[-720,-54],[-391,34],[-532,229],[-751,236],[-548,195],[-517,343],[-626,761],[-407,431],[-657,304],[-532,94],[-610,74],[-720,47],[-689,14],[-751,33],[-642,20],[-782,-40],[-532,-47],[-705,-74],[-579,-101],[-767,-175],[-688,-189],[-751,-162],[-579,-154],[-533,-122],[-500,-121],[-532,-108],[-611,-94],[-673,-94],[-720,-88],[-610,-121],[-4460,-1246],[-7246,-2573],[-1111,-337],[-939,-276],[-1331,-209],[-939,-155],[-422,-94],[-439,-175],[-187,-195],[-423,-526],[-657,-444],[-2895,-1017],[-830,40],[-438,162],[-172,195],[-485,148],[-533,-215],[-547,-351],[-532,-94],[-454,-47],[-689,-54],[-595,-67],[-845,-162],[-735,-215],[-767,-115],[-517,-20],[-594,27],[-548,60],[-501,81],[-954,229],[-1299,324],[-1675,417],[-814,142],[-344,53],[-1581,149],[-767,27],[-923,87],[-516,135],[-893,505],[-954,431],[-751,290],[-579,316],[-767,202],[-736,115],[-642,67],[-1158,94],[-845,122],[-2676,613],[-1189,309],[-376,135],[-955,512],[-1111,761],[-1283,620],[-1909,593],[-1894,599],[-2473,1051],[-1221,619],[-281,391],[0,512],[391,889],[376,1024],[344,1003],[0,741],[-282,499],[-407,390],[-829,398],[-1503,700],[-266,148],[-813,667],[-470,168],[-595,41],[-610,-101],[-1002,-195],[-1001,-317],[-204,-88],[-641,-350],[-219,-135],[-501,-538],[-720,-620],[-391,-168],[-830,-202],[-548,-95],[-970,-20],[-939,40],[-469,54],[-830,202],[-141,54],[-1252,579],[-798,256],[-939,75],[-986,0],[-1048,-48],[-1331,0],[-1925,7],[-594,20],[-486,-74],[-391,-188],[-407,-303],[-814,-243],[-547,-316],[-282,-236],[-156,-182],[-642,-849],[-391,-175],[-611,-94],[-798,7],[-1706,175],[-501,13],[-516,27],[-595,-87],[-688,-176],[-673,-370],[-767,-424],[-2442,-862],[-485,-81],[-845,-34],[-955,67],[-641,135],[-611,135],[-469,168],[-454,196],[-657,195],[-845,135],[-532,40],[-5306,20],[-3318,34],[-5117,-34],[-3209,47],[-219,0],[-1267,0],[-4257,377],[-657,-80],[-329,-182],[-564,-243],[-782,-161],[-829,-276],[-1252,-640],[-220,-431],[-375,-371],[-485,-370],[-235,-101],[-1190,-310],[-1909,-499],[-986,-276],[-767,-215],[-782,-283],[-94,-54],[-376,-350],[-281,-707],[-532,-809],[-392,-633],[-328,-364],[-329,-208],[-485,-175],[-1393,-398],[-391,-94],[-3099,-525],[-2927,-748],[-2551,-721],[-923,-182],[-156,-33],[-1268,-250],[-579,-255],[-360,-344],[-235,-451],[-329,-748],[-641,-458],[-1284,-700],[-1924,-889],[-1018,-465],[-735,-377],[-1284,-283],[-1236,-350],[-2754,-836],[-376,-134],[-1033,-384],[-1518,-829],[-1377,-552],[-1409,-445],[-860,-128],[-1080,-161],[-1346,-357],[-1690,-364],[-705,-215],[-469,-303],[-188,-384],[-470,-721],[-62,-115],[-282,-646],[-407,-290],[-281,-114],[-689,-95],[-986,-47],[-798,-54],[-861,-155],[-203,-249],[47,-242],[62,-202],[125,-236],[235,-519],[172,-613],[125,-437],[16,-68],[-172,-417],[-970,-559],[-564,-290],[-1095,-357],[-219,-74],[-1675,-290],[-1174,-303],[-1925,-943],[-594,-397],[-611,-411],[-673,-707],[-94,-445],[110,-316],[-47,-344],[-125,-202],[-172,-242],[-94,-344],[297,-323],[110,-263],[500,-337],[454,-175],[266,-249],[-109,-182],[-438,-283],[-611,-424],[-219,-242],[-109,-182],[-407,13],[-705,-101],[-782,-33],[-626,-34],[-454,-67],[-485,-81],[-767,-162],[-673,-88],[-689,-67],[-829,-202],[-532,-182],[-438,-108],[-752,-114],[-954,-67],[-814,0],[-657,0],[-532,-14],[-673,-20],[-673,-14],[-626,-20],[-986,-20],[-1174,7],[-939,6],[-3678,41],[-156,0],[-830,34],[-188,13],[-3959,256],[-470,27],[-5900,168],[-673,-27],[-344,-80],[-626,-330],[-673,-405],[-391,-202],[-939,-424],[-391,-141],[-846,-277],[-1283,-323],[-1017,-256],[-564,-94],[-453,-54],[-720,7],[-407,134],[250,512],[0,7],[313,478],[376,586],[297,512],[219,350],[830,1219],[203,331],[235,370],[172,323],[-250,249],[-752,101],[-422,48],[-501,148],[-344,303],[-157,202],[-360,175],[-547,94],[-454,88],[-564,202],[-219,162],[-235,256],[-203,242],[-219,229],[-235,195],[-563,351],[-485,161],[-533,34],[-719,-168],[-470,-202],[-829,-203],[-814,155],[-892,270],[-689,276],[-1033,404],[-548,269],[-469,263],[-266,195],[-250,331],[-110,181],[-157,411],[-453,667],[-360,323],[-439,250],[-281,148],[-501,141],[-830,-182],[-1596,-1044],[-954,-458],[-971,-552],[-1440,-1421],[-328,-263],[-470,-289],[-594,-236],[-470,-148],[-720,-189],[-516,-54],[-548,-20],[-923,7],[-595,40],[-642,88],[-595,101],[-547,114],[-1111,249],[-423,115],[-2081,525],[-1331,270],[-814,20],[-939,-81],[-782,-54],[-892,-94],[-1033,-88],[-673,-33],[-736,40],[-892,141],[-422,115],[-517,182],[-782,337],[-407,202],[-736,498],[-1189,930],[-454,471],[-642,815],[-297,411],[-329,202],[-328,135],[-595,182],[-2926,774],[-423,128],[-423,229],[-187,519],[-126,666],[-704,1637],[-266,721],[-63,155],[-109,357],[-767,175],[-642,-14],[-1095,-33],[-563,13],[-1346,108],[-673,81],[-877,148],[-845,195],[-2629,573],[-532,114],[-501,115],[-704,161],[-689,142],[-688,20],[-423,-54],[-501,-229],[47,-283],[219,-276],[204,-222],[187,-276],[-62,-344],[-125,-175],[-407,-303],[-517,-283],[-422,-215],[-282,-115],[-469,-242],[-501,-330],[-845,-485],[-579,-310],[-595,-128],[-579,121],[-345,162],[-250,370],[-141,310],[-203,391],[-626,161],[-517,68],[-641,-128],[-485,-34],[-470,175],[-736,216],[-704,33],[-735,122],[-501,-34],[-595,54],[-485,94],[-579,101],[-329,168],[-548,189],[-532,81],[-860,135],[-642,47],[-360,114],[-642,88],[-485,128],[-422,202],[-673,148],[-407,34],[-767,114],[-548,169],[-657,202],[-485,20],[-626,148],[-63,256],[-454,216],[-516,94],[-564,-61],[-453,7],[-626,155],[-407,101],[-611,67],[-876,135],[-329,209],[-360,108],[-641,6],[-423,47],[-657,7],[-532,-195],[-392,-108],[-657,-34],[-845,0],[-845,162],[-595,148],[-798,196],[-689,80],[-720,0],[-751,162],[-438,189],[-642,303],[-704,202],[-563,215],[-63,162],[-579,215],[-563,115],[-783,189],[-422,161],[-501,364],[-470,263],[-641,195],[-173,303],[63,168],[344,310],[282,310],[-31,303],[-345,229],[-704,168],[-688,149],[-658,101],[-798,121],[-845,121],[-720,128],[-313,81],[-516,162],[-345,357],[-47,303],[-156,249],[-250,303],[-32,303],[-281,323],[-94,236],[-110,283],[-704,67],[-924,88],[63,310],[-94,256],[-188,289],[-391,101],[-1127,189],[-860,-142],[-470,-356],[-516,-270],[-313,-155],[-470,-343],[-250,-330],[-282,-310],[-407,-216],[-376,-283],[-203,-235],[-407,-701],[-642,-694],[-986,-1441],[-719,-660],[-846,-889],[-266,-451],[-860,-1233],[-486,-458],[-344,-269],[-407,-479],[-1142,-1522],[-1049,-1064],[-407,-249],[-688,-101],[-564,34],[-829,101],[-485,134],[-830,68],[-939,33],[-375,189],[-689,0],[-579,-14],[-563,176],[-235,215],[-454,276],[78,310],[-579,283],[-375,296],[-595,-27],[-344,-121],[-611,-87],[-657,-88],[-407,0],[-1847,-88],[955,822],[-63,135],[376,963],[422,1098],[877,2196],[344,815],[595,1987],[203,949],[313,1361],[157,774],[47,202],[469,916],[564,1691],[188,579],[500,1724],[407,2998],[204,592],[-345,250],[-140,262],[359,337],[548,54],[423,983],[15,41],[329,1367],[141,950],[16,60],[140,869],[94,707],[392,4607],[62,2748],[16,566],[-47,505],[16,229],[93,391],[220,263],[673,1097],[-595,2701],[-94,223],[94,296],[250,404],[423,876],[235,532],[375,1684],[31,1044],[-125,437],[-313,721],[-250,458],[-141,337],[47,229],[282,269],[954,553],[0,6],[642,425],[-219,242],[47,222],[360,209],[626,142],[454,-7],[673,-14],[422,68],[689,-7],[657,14],[626,94],[485,27],[564,-27],[547,-41],[579,-74],[501,-121],[595,-215],[642,-182],[813,-344],[736,-377],[767,-465],[516,-390],[548,-654],[751,-875],[345,-115],[1173,-7],[1143,88],[360,189],[2535,922],[2645,1145],[1956,916],[63,41],[845,485],[1487,734],[1627,950],[438,208],[-250,277],[219,222],[908,134],[704,-33],[626,-94],[720,262],[282,310],[172,263],[1048,1030],[1597,1724],[1659,1987],[1580,1772],[720,909],[2520,2910],[1549,1926],[360,364],[392,390],[375,270],[376,256],[281,262],[188,223],[360,693],[877,1590],[1220,2337],[392,499],[453,235],[720,169],[564,114],[626,270],[516,377],[579,835],[1581,3132],[156,391],[1519,2889],[610,1516],[735,2020],[1065,2977],[156,856],[376,1050],[360,1792],[360,2074],[62,1772],[32,862],[-79,1435],[-78,444],[-610,2135],[-172,526],[-79,229],[-657,1885],[-188,795],[-235,997],[-93,242],[281,364],[673,-135],[501,-20],[626,14],[845,13],[1643,182],[126,121],[-1628,81],[-736,-13],[-281,343],[203,377],[-141,196],[125,310],[0,356],[235,304],[345,417],[219,263],[156,916],[16,593],[15,336],[47,553],[-156,309],[-470,533],[-500,626],[-16,168],[109,303],[173,196],[720,47],[266,249],[297,371],[125,363],[172,324],[611,323],[485,289],[829,1873],[1252,2398],[1691,2640],[1205,1940],[986,1320],[1549,1933],[1471,1879],[157,195],[344,452],[579,613],[626,511],[939,613],[0,7],[501,371],[266,309],[328,357],[2176,2816],[2034,3044],[955,1529],[861,1374],[-141,236],[-16,249],[282,182],[595,67],[907,20],[407,68],[470,141],[407,182],[172,256],[375,498],[220,297],[109,175],[1002,1576],[1314,1960],[298,438],[125,182],[485,808],[172,310],[360,579],[877,1280],[907,1219],[235,262],[360,357],[407,391],[595,566],[610,545],[235,378],[0,336],[-16,351],[31,410],[110,229],[282,223],[469,586],[141,242],[63,283],[31,350],[-31,344],[-79,215],[0,243],[79,242],[344,196],[626,262],[892,162],[563,-81],[376,-74],[563,-168],[924,-21],[923,-47],[595,-87],[579,-175],[297,-317],[235,-370],[579,-162],[908,34],[500,121],[642,236],[767,309],[704,378],[313,161],[360,189],[704,357],[767,330],[1033,337],[642,256],[673,202],[595,148],[172,175],[876,135],[485,-81],[438,-94],[564,-95],[595,-101],[719,-135],[720,-134],[345,-155],[375,-209],[783,-397],[360,-276],[-94,-324],[-297,-384],[-220,-168],[-500,-276],[-861,-182],[-892,-162],[-345,-222],[-140,-411],[-94,-283],[-47,-168],[15,-377],[-47,-243],[-219,-330],[-391,-182],[-516,-175],[-861,108],[-830,216],[-532,33],[-516,0],[-626,-269],[-172,-202],[-94,-243],[-125,-390],[-282,-297],[-736,-209],[-829,27],[-563,162],[-501,47],[-767,20],[-892,34],[-908,27],[-673,47],[-626,-330],[0,-202],[204,-370],[344,-182],[469,-209],[705,-222],[845,-263],[375,-195],[16,-290],[-78,-175],[47,-384],[344,-397],[266,-189],[360,-229],[344,-135],[517,-121],[798,-121],[485,-115],[438,-114],[376,-263],[422,-471],[454,-761],[485,-532],[439,-398],[313,-283],[360,-249],[485,-222],[688,-243],[814,-229],[579,-208],[345,-236],[187,-229],[266,-297],[0,-323],[-125,-337],[16495,2371],[423,236],[266,189],[282,255],[313,398],[0,283],[125,229],[125,310],[172,303],[63,451],[-94,842],[47,485],[736,-108],[845,-61],[-32,351],[173,478],[156,593],[94,383],[-110,324],[-297,188],[-78,391],[939,-7],[141,-215],[563,-404],[1142,-532],[1159,-762],[876,-727],[704,-727],[720,-1065],[391,-841],[126,-566],[15,-61],[9406,249]],[[92978,180716],[360,-114],[735,0],[611,0],[626,-283],[-47,-572],[-986,-755],[-1033,-593],[-877,-660],[-297,-485],[-203,-511],[-564,-640],[-422,-458],[-971,-398],[-1189,-67],[-1596,175],[-1456,546],[-94,532],[141,1037],[516,680],[877,485],[1033,512],[767,613],[203,397],[204,378],[359,222],[626,0],[454,0],[892,0],[720,47],[611,-88]]],"bbox":[98.32596,9.30379,98.96493,10.78849],"transform":{"scale":[6.389706389706395e-7,0.0000014847014847014848],"translate":[98.32596,9.30379]}}