{"type":"Topology","objects":{"districts":{"type":"GeometryCollection","geometries":[{"type":"MultiPolygon","arcs":[[[0]],[[1]],[[2]],[[3]],[[4]],[[5]],[[6]],[[7]],[[8]],[[9]],[[10]],[[11]],[[12]],[[13]],[[14]],[[15]],[[16]],[[17]],[[18]],[[19,20,21,22,23]]],"properties":{"CODE":"8601","PARENT":"86","NAME_TH":"เมืองชุมพร","NAME_EN":"Mueang Chumphon","NAME_CN":"Mueang Chumphon","COLOR_IDX":1}},{"type":"Polygon","arcs":[[24,-24,25]],"properties":{"CODE":"8602","PARENT":"86","NAME_TH":"ท่าแซะ","NAME_EN":"Tha Sae","NAME_CN":"Tha Sae","COLOR_IDX":0}},{"type":"MultiPolygon","arcs":[[[26]],[[27]],[[28]],[[29]],[[30]],[[31]],[[32]],[[33]],[[34]],[[35]],[[36]],[[-20,-25,37]]],"properties":{"CODE":"8603","PARENT":"86","NAME_TH":"ปะทิว","NAME_EN":"Pathio","NAME_CN":"Pathio","COLOR_IDX":2}},{"type":"MultiPolygon","arcs":[[[38]],[[39,40,41,42,43,44]]],"properties":{"CODE":"8604","PARENT":"86","NAME_TH":"หลังสวน","NAME_EN":"Lang Suan","NAME_CN":"Lang Suan","COLOR_IDX":2}},{"type":"Polygon","arcs":[[45,46,-41]],"properties":{"CODE":"8605","PARENT":"86","NAME_TH":"ละแม","NAME_EN":"Lamae","NAME_CN":"Lamae","COLOR_IDX":1}},{"type":"Polygon","arcs":[[-47,47,-42]],"properties":{"CODE":"8606","PARENT":"86","NAME_TH":"พะโต๊ะ","NAME_EN":"Phato","NAME_CN":"Phato","COLOR_IDX":0}},{"type":"MultiPolygon","arcs":[[[48]],[[49]],[[50]],[[51]],[[52]],[[53]],[[54]],[[55]],[[56]],[[57]],[[58]],[[59]],[[60]],[[61]],[[62,63,-44,64,-22]]],"properties":{"CODE":"8607","PARENT":"86","NAME_TH":"สวี","NAME_EN":"Sawi","NAME_CN":"Sawi","COLOR_IDX":0}},{"type":"MultiPolygon","arcs":[[[65]],[[66]],[[67]],[[68]],[[69]],[[70]],[[71]],[[72]],[[73]],[[74,-45,-64]]],"properties":{"CODE":"8608","PARENT":"86","NAME_TH":"ทุ่งตะโก","NAME_EN":"Thung Tako","NAME_CN":"Thung Tako","COLOR_IDX":1}}]}},"arcs":[[[738034,502271],[461,-209],[593,83],[373,-21],[373,-279],[286,-188],[-143,-189],[-143,-279],[-44,-251],[-274,-195],[-176,-279],[-77,-307],[-219,-217],[-253,-146],[-384,-203],[-538,258],[-538,217],[121,363],[-55,377],[77,258],[187,314],[87,349],[-87,342],[373,202]],[[717001,502292],[-274,-140],[-505,210],[-527,139],[-176,419],[22,370],[77,342],[230,384],[429,439],[373,335],[450,300],[230,119],[462,230],[142,49],[725,209],[55,112],[296,607],[-143,293],[-274,196],[175,335],[275,195],[198,140],[318,265],[373,98],[373,-259],[-22,-293],[-11,-293],[44,-356],[176,-153],[99,-391],[-33,-412],[-110,-265],[-351,-244],[-527,-251],[-143,-238],[-417,-223],[-252,-230],[-253,-238],[-362,-544],[-351,-307],[-143,-279],[-198,-223],[-132,-203],[-318,-244]],[[720986,510108],[395,-307],[-340,91],[-55,216]],[[732380,521232],[-241,-119],[-659,98],[-44,349],[33,251],[242,314],[132,279],[241,105],[395,132],[374,7],[142,-174],[-33,-321],[-142,-210],[-275,-314],[-165,-397]],[[589268,528622],[-516,-28],[-362,112],[-450,69],[-308,224],[-88,293],[-22,188],[-43,328],[87,265],[275,370],[351,356],[428,440],[286,139],[461,-202],[186,-188],[132,-231],[252,-411],[319,-356],[-88,-342],[-384,-307],[-110,-238],[-121,-314],[-285,-167]],[[747771,530318],[-406,-35],[-352,49],[-373,279],[121,251],[362,293],[275,356],[109,230],[428,559],[264,237],[285,167],[264,168],[340,153],[242,147],[406,14],[516,-224],[22,-397],[-242,-245],[-263,-272],[-99,-300],[-143,-195],[-263,-230],[-362,-196],[-286,-251],[-483,-412],[-362,-146]],[[761877,538936],[-242,-112],[-241,49],[-505,189],[-351,244],[-527,265],[-154,244],[110,391],[197,279],[165,279],[33,175],[88,314],[121,216],[219,189],[340,230],[439,328],[308,195],[296,210],[242,258],[340,265],[538,56],[384,-7],[483,-244],[88,-370],[-143,-503],[-44,-439],[-384,-189],[-252,-167],[-44,-272],[-242,-328],[-318,-245],[-88,-404],[-55,-210],[-164,-230],[-77,-251],[-242,-237],[-318,-168]],[[768529,544002],[-263,-223],[-308,286],[220,286],[494,293],[637,133],[21,-314],[-351,-160],[-450,-301]],[[731469,549104],[-351,-56],[-384,265],[-154,293],[0,251],[0,217],[11,286],[132,335],[-66,398],[-187,209],[-142,370],[-110,342],[263,342],[220,160],[318,182],[363,-98],[340,-272],[175,-203],[33,-251],[-11,-244],[-395,-209],[-208,-238],[-55,-272],[88,-349],[109,-391],[-98,-258],[-231,-272],[88,-188],[252,-349]],[[784918,551456],[-450,-245],[-263,-258],[-494,-286],[-329,-105],[-593,189],[-483,181],[-417,42],[-461,77],[395,223],[691,-21],[418,126],[230,90],[450,273],[198,216],[131,223],[110,224],[132,460],[121,335],[88,286],[219,384],[242,230],[208,161],[329,293],[451,265],[252,119],[417,167],[560,133],[329,63],[385,49],[603,139],[286,112],[395,216],[329,244],[395,314],[418,342],[263,210],[417,237],[231,195],[285,363],[66,203],[285,272],[253,160],[450,63],[285,112],[593,42],[692,7],[505,97],[241,182],[340,397],[297,384],[340,482],[351,321],[385,202],[318,154],[373,279],[297,398],[1317,1179],[274,279],[396,307],[384,237],[340,210],[406,195],[275,161],[450,83],[636,-153],[-11,-244],[-153,-224],[11,-314],[-165,-369],[-285,-203],[-341,-314],[-285,-230],[-362,-342],[-209,-286],[-274,-279],[-220,-168],[-263,-181],[-428,-252],[-275,-118],[-549,-265],[-230,-245],[-187,-418],[-285,-286],[-363,-377],[-175,-203],[-330,-328],[-406,-300],[-230,-174],[-66,-328],[22,-335],[33,-189],[0,-300],[-55,-251],[-165,-321],[-164,-272],[-176,-286],[-154,-244],[-164,-217],[-187,-251],[-165,-160],[-340,-140],[-593,-42],[-647,-153],[-429,-161],[-516,-279],[-252,-133],[-406,-195],[-439,-244],[-330,-189],[-318,-195],[-340,-210],[-264,-118],[-625,-112],[-549,-77],[-648,-83],[-373,-63],[-483,-49],[-395,-70],[-428,-49],[-385,-62],[-340,-196],[-318,-209],[-363,-216]],[[753446,574150],[-615,-147],[-329,0],[-252,356],[373,140],[516,216],[340,119],[439,146],[395,105],[505,244],[461,286],[220,126],[296,90],[604,91],[626,-7],[362,-167],[-165,-349],[-296,-112],[-505,-132],[-659,-91],[-494,-84],[-450,-91],[-483,-181],[-505,-293],[-384,-265]],[[712325,574973],[-242,-391],[-66,356],[44,265],[187,293],[143,175],[241,265],[143,133],[450,174],[-99,-174],[-307,-272],[-253,-231],[-153,-335],[-88,-258]],[[687186,590389],[-428,-70],[55,251],[198,328],[-209,412],[-55,286],[11,265],[374,328],[285,188],[626,77],[340,-244],[11,-265],[-121,-349],[-164,-209],[-209,-629],[-187,-251],[-527,-118]],[[740153,587758],[406,-245],[-88,-397],[-66,-300],[-44,-398],[11,-203],[242,-286],[494,35],[428,-7],[-55,-398],[0,-300],[-275,-244],[-406,77],[-439,-49],[-219,-146],[-286,-189],[-252,-139],[-483,-273],[-319,-223],[-164,-167],[-231,-245],[-241,-286],[-220,-244],[-340,-405],[-395,-384],[-385,-342],[-417,-237],[-417,-188],[-461,-210],[-604,-195],[-406,-56],[-516,-7],[-428,0],[-274,0],[-483,7],[-352,98],[-340,112],[-516,216],[-516,167],[-263,63],[-494,7],[-264,-119],[-406,-48],[-692,21],[-592,111],[-308,84],[-362,84],[-604,188],[-406,230],[-483,301],[-384,195],[-285,105],[-396,41],[-329,0],[-483,112],[285,244],[209,189],[252,321],[99,251],[-44,321],[-230,391],[-66,195],[-77,293],[0,224],[0,237],[66,328],[209,426],[307,551],[132,321],[153,167],[417,231],[352,83],[406,42],[505,21],[724,7],[670,7],[461,-7],[538,-14],[461,-139],[351,-35],[450,216],[66,335],[-99,293],[-197,223],[-77,342],[-44,335],[33,384],[99,503],[439,725],[384,433],[88,112],[362,391],[461,341],[406,210],[330,153],[538,231],[395,230],[241,195],[286,182],[417,307],[395,335],[538,244],[296,14],[418,-84],[219,-377],[77,-362],[285,-929],[132,-376],[33,-147],[33,-307],[-11,-377],[-33,-440],[0,-334],[55,-294],[55,-223],[88,-244],[164,-286],[198,-342],[263,-342],[231,-258],[186,-252],[165,-216],[198,-181],[450,-203],[615,-139]],[[803657,602775],[-340,-97],[-593,28],[-538,230],[-483,293],[-329,356],[-187,447],[0,293],[77,272],[307,230],[242,112],[329,63],[406,0],[494,-98],[461,-307],[461,-258],[253,-307],[22,-482],[-77,-328],[-231,-286],[-274,-161]],[[814590,611715],[-87,-314],[-374,49],[-175,293],[0,139],[549,140],[87,-307]],[[867798,617556],[-779,-209],[-209,286],[-44,272],[187,342],[274,439],[406,-335],[154,-251],[11,-300],[0,-244]],[[868896,622336],[-187,-321],[-527,258],[77,342],[-44,245],[681,977],[340,537],[198,265],[197,314],[362,265],[264,266],[154,355],[285,356],[318,252],[385,181],[603,-119],[330,-139],[0,-307],[-264,-328],[-362,-133],[-549,-230],[-439,-258],[-143,-300],[66,-398],[-230,-272],[-165,-266],[-66,-279],[-198,-272],[-307,-258],[-230,-209],[-209,-328],[-340,-196]],[[874977,631052],[-351,-97],[-329,286],[-308,237],[-99,195],[220,224],[296,90],[385,140],[669,-77],[242,-167],[-132,-370],[-351,-202],[-242,-259]],[[631915,682400],[-241,-230],[11,-377],[461,-105],[494,84],[406,28],[582,35],[439,-91],[977,-216],[44,-14],[559,-209],[198,-77],[351,-203],[198,-97],[724,-621],[374,-252],[274,-69],[933,-49],[1779,-7],[1020,-28],[703,-133],[626,-118],[636,-70],[637,63],[494,49],[329,34],[363,252],[318,272],[659,314],[603,523],[494,-90],[428,-182],[319,105],[439,-77],[450,-419],[285,-153],[297,-140],[494,21],[593,105],[296,56],[604,62],[472,-90],[614,118],[286,126],[505,202],[351,63],[582,-21],[527,-195],[406,-147],[648,-35],[406,-83],[340,-119],[461,-7],[648,-42],[406,-112],[659,-48],[230,-210],[110,-321],[417,-272],[373,-125],[560,-154],[330,-70],[483,-98],[647,-20],[417,0],[593,-7],[297,-14],[428,14],[362,-126],[-33,-307],[-285,-447],[-352,-279],[-164,-223],[55,-349],[230,-377],[55,-328],[230,-188],[582,-7],[231,-196],[-55,-272],[176,-265],[472,-84],[230,-132],[1142,-196],[527,-21],[614,56],[560,168],[406,118],[769,231],[516,167],[757,314],[351,328],[407,328],[999,488],[494,168],[592,209],[154,210],[88,209],[186,209],[604,328],[758,293],[549,231],[636,-70],[110,-181],[-220,-266],[231,-342],[329,-111],[286,-224],[285,-251],[121,-265],[208,-398],[0,-425],[11,-321],[33,-182],[220,-265],[252,-202],[385,-147],[483,-14],[417,-70],[340,-167],[264,-258],[307,-182],[307,-356],[209,-202],[428,-244],[285,-307],[428,-175],[319,-7],[428,-42],[626,-146],[581,-175],[418,-286],[54,-405],[352,-181],[571,-119],[241,-230],[264,-286],[219,-265],[362,-356],[341,-363],[362,-147],[307,-97],[461,-182],[494,-42],[308,-90],[472,-98],[417,-328],[329,-230],[428,-217],[439,0],[615,0],[384,28],[450,70],[330,140],[428,0],[307,-42],[494,-175],[461,-35],[527,-7],[439,42],[637,-7],[340,147],[582,160],[176,-279],[109,-391],[231,-251],[176,-349],[241,-628],[384,-167],[472,-231],[407,-223],[241,-286],[253,-391],[164,-439],[121,-217],[428,-174],[823,-84],[681,-237],[1679,-545],[967,-293],[1273,-251],[461,-14],[1427,-35],[5807,-153]],[[713631,663733],[77,-349],[-143,-265],[-208,-168],[-253,-174],[-307,-217],[-560,-118],[-450,-335],[55,-231],[-33,-265],[-198,-272],[-241,-237],[-132,-182],[-242,-363],[-230,-279],[-154,-363],[143,-230],[-33,-307],[-209,-188],[-439,-140],[-384,-237],[-77,-286],[-66,-391],[-11,-209],[-10,-335],[-132,-224],[-154,-181],[-296,-230],[-571,-119],[-538,-14],[-494,-28],[-384,-188],[-439,-203],[-374,-125],[-296,-356],[-230,-349],[-472,-105],[-286,-14],[-428,84],[-307,321],[-330,167],[-384,7],[-329,-28],[-494,-132],[-297,-77],[-395,-28],[-538,-42],[-219,-28],[-494,-55],[-549,14],[-340,41],[-330,112],[-417,35],[-395,-167],[-264,-154],[-263,-202],[-187,-196],[-54,-307],[-154,-195],[-297,-398],[-175,-126],[-845,-537],[-198,-174],[-483,-91],[-373,-14],[-659,77],[-450,258],[-681,272],[-406,35],[-384,-133],[-296,-69],[-527,48],[-406,196],[-308,398],[-461,160],[-417,112],[-263,90],[-418,189],[-153,132],[-110,321],[-384,363],[-450,56],[-659,-35],[-406,-83],[-351,-49],[-571,230],[-428,209],[-275,356],[-22,203],[-296,251],[-505,125],[-571,70],[-538,42],[-362,7],[-362,-28],[-439,-105],[-483,-237],[-352,-35],[-384,189],[-329,-49],[-516,63],[-231,202],[-472,126],[-538,-168],[-285,-125],[-395,-70],[-626,-91],[-538,28],[-351,98],[-549,-14],[-384,-28],[-406,-105],[-352,-146],[-439,-217],[-604,-363],[-603,-446],[-604,-482],[-801,-719],[-154,-167],[-296,-335],[-286,-328],[-626,-803],[-241,-390],[-253,-412],[-131,-272],[-275,-531],[-450,-1095],[-318,-712],[-253,-803],[-153,-572],[-88,-377],[-132,-411],[-33,-433],[-33,-321],[22,-1424],[121,-844],[55,-349],[110,-579],[33,-119],[175,-712],[55,-286],[154,-404],[164,-280],[66,-202],[264,-642],[110,-209],[515,-908],[253,-397],[99,-168],[274,-426],[253,-390],[1054,-1340],[801,-1207],[33,-21],[340,-538],[845,-886],[385,-307],[559,-447],[121,-90],[384,-245],[297,-76],[461,-56],[373,7],[681,7],[581,56],[637,-21],[242,-91],[527,-244],[373,-175],[373,-237],[132,-147],[362,-370],[494,-369],[296,-377],[439,167],[77,133],[275,593],[285,440],[143,244],[99,188],[175,259],[242,293],[285,314],[417,223],[1131,-579],[560,-84],[560,174],[505,154],[1207,461],[373,181],[418,154],[439,181],[252,237],[209,314],[307,272],[604,98],[318,-146],[362,223],[264,146],[582,-160],[-363,-419],[-307,-600],[-88,-209],[110,-300],[307,-126],[319,-84],[516,98],[472,405],[252,453],[22,370],[176,405],[219,209],[319,252],[614,-28],[659,-196],[659,-97],[351,237],[329,132],[911,300],[286,273],[790,565],[231,98],[450,174],[1054,412],[77,174],[32,356],[198,412],[527,139],[395,-27],[395,-273],[99,-223],[-55,-307],[-186,-153],[-407,-161],[-647,-237],[-450,-161],[-1197,-607],[-66,-146],[176,-538],[-22,-244],[-362,-433],[-77,-223],[-340,-349],[-297,-272],[-318,-342],[-88,-216],[-99,-384],[-373,-552],[-132,-244],[-582,-635],[-329,-328],[-318,-293],[-308,-279],[-186,-258],[-110,-370],[-88,-314],[-33,-265],[-33,-356],[-44,-321],[-43,-168],[-110,-300],[-231,-202],[-582,-412],[-406,-258],[-384,-209],[-285,-133],[-670,-321],[-198,-56],[-537,-70],[-176,-21],[-648,56],[-527,-7],[-581,-223],[-440,-77],[-318,0],[-417,-56],[-483,-153],[-483,-147],[-428,-111],[-549,-119],[-340,-112],[-341,-153],[-472,-231],[-230,-111],[-845,-279],[-868,-196],[-592,-139],[-494,-210],[-396,-223],[-439,-244],[-735,-531],[-461,-251],[-549,-209],[-417,-119],[-286,-70],[-494,28],[-571,-97],[-526,-56],[-626,-42],[-461,-119],[-373,-83],[-659,-112],[-593,-63],[-395,-21],[-604,0],[-680,35],[-626,154],[-461,188],[-297,70],[-362,279],[-164,279],[-560,91],[-121,335],[11,349],[-143,418],[-384,77],[-417,-35],[-318,-49],[-253,-251],[-571,-77],[-538,405],[-384,210],[-461,-14],[-582,-28],[-318,-105],[-340,-377],[-505,-28],[-692,84],[-285,-7],[-472,-133],[-428,217],[-242,-377],[-99,-84],[-340,-286],[-220,-202],[-98,-363],[252,-321],[-176,-349],[-527,-42],[-581,-140],[-220,-188],[-230,-188],[-341,-328],[-186,-314],[-231,-377],[-406,-894],[-263,-669],[-88,-196],[-231,-446],[-373,-705],[-340,-265],[0,-454],[-44,-293],[-44,-286],[-88,-559],[-121,-495],[-44,-168],[-76,-453],[-22,-182],[-22,-369],[-33,-761],[55,-1138],[33,-202],[175,-1207],[88,-426],[11,-84],[198,-970],[87,-265],[341,-1256],[351,-914],[593,-1396],[538,-1096],[54,-90],[176,-363],[384,-684],[77,-133],[330,-586],[878,-1193],[98,-126],[945,-1242],[153,-188],[1032,-1250],[944,-1025],[395,-405],[363,-363],[1536,-1570],[165,-140],[340,-230],[472,-377],[308,-265],[318,-272],[527,-517],[395,-342],[538,-481],[878,-761],[253,-237],[55,-202],[99,-328],[570,-377],[505,-307],[1065,-572],[340,-147],[824,-251],[428,-168],[318,-118],[527,-84],[231,-56],[417,-384],[340,-111],[527,76],[340,245],[231,321],[66,202],[-88,314],[-231,251],[110,244],[439,182],[44,440],[44,244],[187,384],[197,300],[275,314],[395,307],[494,293],[867,488],[1328,768],[593,154],[-1054,-573],[-1141,-649],[-857,-481],[-318,-230],[-296,-259],[-209,-223],[-219,-293],[-99,-223],[-99,-273],[-33,-383],[-33,-342],[0,-286],[-88,-412],[-110,-217],[-274,-390],[549,-454],[274,-28],[22,628],[77,35],[0,-781],[889,-140],[242,251],[88,349],[175,209],[494,105],[-77,293],[-186,691],[-99,370],[-22,202],[121,433],[263,321],[242,195],[428,259],[516,293],[252,139],[1965,1110],[450,42],[-999,-503],[-2041,-1144],[-571,-342],[-341,-335],[-120,-244],[-66,-252],[99,-432],[252,-893],[318,-133],[319,-98],[428,-188],[198,-147],[175,-237],[77,-384],[198,-642],[263,-530],[307,-384],[165,-188],[296,-210],[494,-188],[242,-161],[340,-195],[373,-258],[429,-461],[538,-461],[384,-341],[329,-189],[253,-139],[384,-280],[296,-300],[340,-307],[450,-370],[165,-132],[318,-251],[264,-280],[626,-551],[516,-391],[669,-509],[384,-300],[461,-293],[374,-293],[88,-56],[515,-251],[429,-259],[527,-279],[318,-209],[230,-154],[429,-300],[537,-328],[736,-425],[582,-328],[538,-286],[461,-280],[450,-244],[483,-230],[538,-210],[2437,-893],[559,-202],[901,-300],[790,-251],[527,-133],[702,-168],[901,-125],[757,-70],[154,-14],[1054,-35],[98,-7],[1131,-49],[505,-83],[395,-363],[22,-412],[11,-328],[22,-307],[77,-363],[55,-293],[88,-237],[-22,-328],[-121,-349],[-154,-321],[-66,-405],[-11,-105],[0,-355],[44,-405],[132,-384],[121,-195],[252,-370],[439,-189],[549,-223],[516,-14],[505,-133],[483,-195],[571,63],[362,-258],[-241,-328],[142,-238],[308,-356],[263,-251],[362,-307],[308,-209],[439,-251],[428,-161],[307,-63],[429,21],[329,126],[274,111],[330,140],[384,126],[384,104],[296,35],[483,-237],[-87,-244],[-110,-272],[-88,-294],[11,-230],[0,-237],[-77,-216],[-219,-245],[-319,-349],[-77,-349],[-43,-314],[-55,-237],[87,-384],[110,-230],[-153,-384],[65,-405],[66,-230],[143,-195],[318,-293],[-11,-377],[-241,-154],[-275,-202],[-252,-328],[-264,-398],[-153,-195],[-330,-384],[-351,-307],[-252,-244],[-165,-224],[-417,-258],[-307,-160],[-440,-147],[-373,-293],[-22,-237],[-22,-321],[77,-566],[99,-355],[154,-377],[120,-300],[110,-314],[176,-252],[55,-188],[164,-391],[121,-279],[121,-286],[110,-321],[142,-244],[165,-426],[99,-300],[263,-175],[264,-425],[340,-482],[351,-614],[176,-412],[143,-390],[44,-112],[153,-398],[44,-146],[143,-419],[143,-419],[21,-167],[143,-384],[187,-377],[274,-244],[275,-335],[87,-328],[-142,-286],[66,-377],[175,-272],[-22,-384],[55,-286],[0,-244],[-77,-363],[22,-342],[44,-335],[-263,-293],[44,-426],[-33,-328],[-11,-195],[0,-280],[-33,-321],[-275,-342],[-109,-279],[11,-258],[131,-321],[231,-279],[329,-244],[593,-112],[241,-188],[-197,-398],[-187,-384],[-109,-237],[-88,-384],[0,-363],[0,-412],[0,-216],[88,-265],[164,-217],[384,-300],[330,-286],[175,-258],[55,-223],[-99,-279],[-109,-196],[-275,-300],[-164,-412],[-99,-369],[-55,-168],[-395,-649],[-33,-35],[-319,-412],[-614,-607],[-439,-258],[-560,-251],[-1186,-209],[-724,-112],[-527,-182],[-352,-272],[-230,-314],[-450,-174],[-472,-224],[-176,-258],[-110,-335],[-43,-425],[-22,-377],[-22,-314],[-66,-238],[-319,-614],[-11,-21],[-570,-704],[-352,-328],[-450,-175],[-428,-77],[-384,-69],[-373,-70],[-374,-42],[-845,21],[-933,42],[-670,63],[-384,-217],[-746,-607],[-198,-35],[-626,503],[0,104],[945,726],[120,328],[-22,188],[-142,405],[-220,307],[-252,189],[-582,237],[-933,363],[-802,279],[-285,35],[-714,28],[-2052,0],[-1636,-112],[-527,-70],[-417,-55],[-1021,-266],[-450,-21],[-351,217],[-77,286],[395,935],[66,244],[88,349],[55,286],[-143,342],[-110,314],[-593,252],[-263,348],[-1010,377],[-242,84],[-559,140],[-1252,104],[-2096,21],[-1318,-91],[-121,-13],[-1097,-168],[-791,-147],[-131,-20],[-922,-175],[-1439,-363],[-603,-188],[-758,-307],[-285,-112],[-648,-328],[-735,-377],[-977,-600],[-1559,-970],[-1317,-1116],[-308,-259],[-878,-802],[-461,-454],[-571,-565],[-560,-579],[-1086,-1131],[-637,-788],[-417,-503],[-297,-356],[-142,-188],[-396,-551],[-428,-524],[-164,-272],[175,-426],[242,-279],[-384,-321],[-319,-342],[-351,-258],[-417,-167],[-516,-133],[-461,-35],[-275,77],[-537,230],[-308,189],[-318,230],[-88,188],[-77,279],[-99,363],[-175,314],[-220,224],[-450,328],[-450,293],[-428,300],[-296,181],[-385,168],[-296,146],[-340,77],[-407,42],[-307,132],[-395,301],[-286,230],[-417,125],[-428,91],[-351,126],[-198,188],[-131,237],[87,370],[77,349],[-285,356],[-143,286],[-274,245],[-363,83],[-570,119],[-154,209],[-11,300],[231,217],[43,258],[-252,272],[-220,412],[-120,251],[-417,223],[-418,182],[-505,174],[-384,0],[-933,-14],[-307,42],[-450,70],[-308,84],[-1097,467],[-429,244],[-318,377],[-307,245],[-648,488],[-187,140],[-790,683],[-571,321],[-450,140],[-483,147],[-911,335],[-549,258],[-593,272],[-516,209],[-856,356],[-1032,482],[-329,223],[-263,328],[-242,140],[-790,314],[-966,293],[-505,174],[-538,189],[-560,-140],[-1076,168],[-691,279],[-396,216],[-197,154],[-253,328],[-230,369],[-428,280],[-494,237],[-352,111],[-406,126],[-340,98],[-494,146],[-922,252],[-417,125],[-483,77],[-527,98],[-538,111],[-253,251],[-318,287],[-505,-126],[-417,49],[-428,63],[-307,55],[-659,77],[-494,35],[-527,14],[-560,14],[-648,70],[-559,49],[-879,83],[-581,126],[-637,84],[-1120,-161],[-735,-21],[-933,98],[-813,216],[-812,189],[-560,49],[-55,-252],[55,-439],[-285,-349],[-571,-63],[-1241,0],[-680,-56],[-373,-7],[-1318,-118],[-768,-147],[-439,-56],[-648,-118],[-516,-161],[-604,-98],[-834,-125],[-351,-84],[-351,-84],[-505,-70],[-385,-41],[-548,55],[-374,224],[-351,195],[-461,-125],[-99,-384],[-252,-370],[-494,-105],[-308,84],[-516,-105],[-428,-209],[-241,-321],[-582,-189],[-516,-160],[-1032,-328],[-604,70],[-417,-56],[-285,-175],[-571,-153],[-702,-182],[-220,-69],[-483,-147],[-439,-118],[-637,-49],[-351,265],[-516,-168],[-351,-349],[-472,-20],[-450,-63],[-593,-224],[-461,-167],[-319,-147],[-548,-90],[-275,-140],[-1076,-293],[-406,-84],[-527,-104],[-395,-56],[-845,-154],[-384,-70],[-319,-62],[-384,-126],[-571,-202],[-384,-14],[-527,223],[-1054,356],[-142,70],[-440,216],[-516,230],[-1778,-167],[-66,-7],[-395,-384],[-472,-342],[-428,-223],[-373,42],[-988,-461],[110,-363],[131,-363],[66,-258],[55,-307],[55,-377],[22,-188],[22,-419],[22,-286],[-22,-265],[-66,-342],[-77,-272],[-176,-349],[-131,-370],[-154,-237],[-154,-224],[-252,-216],[-527,35],[-450,-14],[-604,-28],[-670,-28],[-362,-188],[-263,-147],[-264,-230],[-373,-293],[-417,14],[-351,-196],[11,-363],[-176,-300],[-132,-244],[-109,-202],[-198,-300],[-538,-259],[-417,56],[-362,-14],[-374,91],[-340,-188],[22,-231],[-472,-202],[-417,223],[-395,-56],[-527,-195],[-275,-265],[-33,-251],[-98,-294],[87,-202],[-153,-244],[-121,-398],[-231,-258],[-384,-14],[-625,139],[-549,217],[-253,307],[-307,153],[-286,77],[-373,84],[-285,98],[-516,14],[-165,-273],[-274,-83],[-450,-217],[-341,-118],[-570,-140],[-462,7],[-329,-35],[384,-167],[297,-14],[461,70],[571,118],[439,-7],[395,-314],[-176,-412],[-208,-314],[-352,-111],[-505,-35],[-395,-237],[-109,-391],[-264,-140],[-66,-370],[154,-349],[-286,-188],[-153,-349],[-77,-412],[-33,-279],[88,-342],[241,-404],[341,-552],[307,-314],[99,-98],[713,-662],[692,-656],[208,-203],[231,-223],[505,-544],[384,-433],[165,-328],[790,-747],[692,-586],[790,-823],[681,-587],[406,-265],[560,-181],[505,-265],[0,-280],[131,-356],[0,-202],[-87,-237],[-77,-391],[11,-300],[-242,-161],[-241,-286],[-308,-363],[-516,-223],[-395,-314],[-230,-244],[-319,-342],[-263,-398],[384,-139],[-121,-398],[-285,-349],[-516,-119],[-110,-272],[-142,-433],[-253,-272],[-77,-209],[-241,-300],[-154,-251],[33,-266],[-44,-349],[110,-404],[274,-621],[121,-349],[44,-161],[33,-565],[11,-202],[-44,-454],[-22,-195],[11,-496],[-88,-342],[-165,-293],[-208,-370],[-165,-216],[-241,-272],[-428,-245],[-330,-83],[-230,-182],[11,-411],[33,-196],[-308,-349],[176,-230]],[[572209,495809],[-307,-35],[-450,-42],[-714,-28],[-604,14],[-406,21],[-626,147],[-230,307],[22,258],[55,202],[109,489],[77,251],[99,202],[275,691],[87,349],[55,314],[0,231],[-99,286],[-186,258],[-384,251],[-439,161],[-473,41],[-428,-27],[-428,-70],[-680,-161],[-703,-209],[-461,-126],[-472,-56],[-516,70],[-263,119],[-231,209],[-165,370],[-131,398],[-143,279],[-242,321],[-504,230],[-429,-56],[-494,-111],[-439,-56],[-318,98],[-274,251],[-198,230],[-318,210],[-450,188],[-385,154],[-373,251],[-99,279],[88,216],[165,419],[0,244],[-99,217],[-395,265],[-560,258],[-417,286],[-362,202],[-462,119],[-439,-188],[66,-426],[231,-216],[285,-245],[154,-237],[132,-223],[-385,-321],[-570,35],[-352,-14],[-351,-133],[-198,-160],[-208,-203],[-187,-188],[-241,-258],[-330,-217],[-592,-153],[-549,42],[-417,181],[-77,230],[318,203],[329,195],[264,342],[-395,258],[-275,-70],[-483,-125],[-263,-7],[-439,56],[-439,14],[-494,-7],[-505,28],[-396,76],[-318,91],[-494,251],[-296,175],[-406,251],[-483,321],[-242,133],[-373,118],[-637,56],[-373,14],[-483,-35],[77,-426],[351,-139],[264,-140],[373,-244],[373,-321],[143,-230],[-439,-272],[-275,125],[-362,154],[-264,118],[-373,77],[-406,21],[-527,-126],[-285,-111],[-439,-210],[-330,-223],[-164,-202],[-176,-279],[-209,-273],[-417,-188],[-560,56],[11,314],[66,209],[-110,244],[-614,21],[-373,-28],[-527,49],[-264,91],[-428,216],[-340,175],[-538,230],[-417,98],[-275,28],[-428,14],[-318,-56],[-439,-56],[-297,-28],[-417,-7],[-680,77],[-527,119],[-319,55],[-516,273],[-680,-56],[-242,-231],[-307,-223],[-538,-195],[-472,-7],[-395,356],[-406,356],[-319,181],[-428,216],[-384,161],[-362,112],[-428,160],[-363,105],[-428,139],[-505,175],[-428,146],[-252,42],[-516,28],[-626,-112],[-263,-272],[186,-174],[483,-335],[143,-237],[-308,-342],[-373,167],[-197,230],[-308,307],[-406,203],[-406,174],[-362,168],[-308,153],[-494,293],[-340,266],[-209,174],[-417,98],[-549,-203],[-548,105],[-374,147],[-307,174],[-417,265],[-242,265],[-131,363],[-99,224],[-154,237],[-44,223],[11,279],[22,426],[-417,258],[-384,0],[-637,-42],[-505,-42],[-593,98],[-537,244],[-615,35],[0,419],[329,140],[275,230],[76,223],[-428,272],[-362,84],[-242,237],[-373,307],[-384,154],[-187,398],[66,188],[-307,272],[-351,168],[-593,223],[-318,49],[-440,56],[-307,70],[-373,69],[-319,21],[-439,0],[-362,140],[-263,237],[-231,216],[132,377],[296,258],[176,140],[329,181],[461,273],[319,209],[164,133],[220,244],[-439,265],[-363,-119],[-395,-209],[-461,314],[330,272],[120,238],[-88,334],[363,287],[110,404],[-396,279],[-274,161],[-264,133],[-219,342],[-351,307],[-374,279],[-87,63],[-407,502],[-373,461],[-186,258],[-385,160],[-340,56],[-648,-28],[-570,175],[164,237],[-241,258],[-384,-21],[-396,0],[-285,237],[165,314],[-209,245],[-231,153],[-504,77],[-297,-140],[-560,161],[99,181],[-198,273],[-340,97],[-560,217],[-373,160],[-362,196],[-209,160],[-406,223],[-296,238],[-187,209],[-318,153],[-297,161],[-461,-56],[-175,-349],[0,-223],[-110,-356],[-373,-63],[-385,335],[-11,196],[-208,251],[-582,195],[-307,-160],[0,-370],[55,-265],[44,-210],[-571,-111],[-253,174],[-186,272],[-88,217],[-22,237],[11,321],[-44,293],[-77,216],[-439,105],[-264,14],[-493,258],[-483,-28],[-341,-56],[-417,126],[-538,237],[-505,300],[-186,286],[-527,189],[-352,84],[-351,300],[77,391],[143,293],[-143,223],[-165,195],[-285,370],[-88,210],[-516,160],[-439,-77],[-549,210],[-472,62],[-417,21],[-626,-69],[-417,-77],[-362,139],[-297,314],[-109,231],[-187,404],[-373,105],[-494,-125],[-516,83],[-318,321],[-33,377],[-242,300],[-351,35],[-439,21],[-384,7],[-363,28],[-472,126],[-241,335],[-242,132],[-373,196],[-373,153],[-373,356],[98,307],[-230,244],[-297,196],[66,369],[231,168],[55,300],[-165,251],[-340,231],[-308,76],[-570,161],[-264,272],[-252,133],[-341,237],[-351,244],[-461,-42],[-549,133],[-230,167],[-209,265],[88,405],[77,356],[-154,161],[-362,328],[-297,216],[-65,265],[274,321],[439,258],[-44,245],[-274,230],[-220,167],[-373,266],[-384,153],[33,279],[153,182],[-252,349],[-121,195],[-99,251],[-494,140],[-329,42],[-318,-245],[-286,-41],[-571,83],[-340,112],[-219,349],[340,272],[241,370],[-384,216],[-329,105],[-187,300],[-153,300],[-286,147],[-417,181],[-373,230],[-352,133],[-548,244],[-286,70],[-461,-279],[329,-265],[-98,-398],[-615,63],[-505,160],[-99,251],[-329,210],[-187,174],[-131,244],[-451,266],[-373,97],[-132,391],[-21,210],[-396,181],[-570,202],[-363,259],[-560,258],[-230,139],[-461,-28],[-582,-153],[-428,167],[55,238],[-154,279],[-230,104],[-330,203],[-77,412],[-153,195],[-330,258],[-76,210],[-319,279],[-263,174],[-352,209],[-483,259],[-351,146],[-362,307],[-44,196],[-132,258],[242,377],[-231,293],[-263,146],[-99,300],[-494,245],[-351,97],[-352,0],[-362,42],[-307,286],[-692,7],[-592,35],[10,279],[-208,231],[-527,-112],[-516,-119],[-384,-69],[-417,-84],[-319,-105],[-274,-258],[-505,-70],[-439,84],[-527,223],[-198,210],[165,279],[242,146],[-220,377],[-516,168],[-362,41],[-406,168],[-242,133],[-428,286],[-274,223],[-264,342],[99,279],[198,140],[175,272],[-450,209],[-307,70],[-385,63],[-515,132],[0,440],[-483,195],[-418,-41],[-318,0],[-439,7],[-362,6],[-549,7],[-373,-41],[-374,-91],[-274,321],[-198,419],[-472,-14],[-406,21],[-527,-49],[-351,-224],[-417,-7],[-527,-125],[-264,-272],[-285,-112],[-318,-167],[-352,-133],[-625,126],[-549,174],[-571,119],[-417,-49],[-648,118],[-450,328],[-197,245],[-297,237],[-626,140],[-373,153],[33,272],[121,182],[77,265],[-308,258],[-307,70],[-395,70],[-198,293],[-55,244],[-142,265],[-33,189],[-55,321],[-143,237],[-483,118],[-483,252],[-143,397],[-230,335],[0,307],[77,252],[219,167],[231,265],[-33,182],[-110,251],[231,286],[-582,216],[-527,-62],[-143,237],[11,272],[33,230],[11,307],[296,210],[461,-14],[143,244],[-55,202],[-318,238],[-472,77],[-275,-161],[-570,-167],[-110,314],[44,251],[340,244],[198,84],[483,28],[450,342],[110,195],[-165,272],[-406,98],[-99,328],[252,125],[560,147],[-208,356],[-626,70],[-351,-7],[-483,0],[-593,-147],[-176,335],[22,342],[-143,223],[-274,245],[-241,321],[-99,230],[44,244],[197,342],[209,300],[132,231],[-165,376],[-209,196],[-230,237],[-297,286],[-197,105],[-340,181],[-637,-35],[-176,-216],[-494,-14],[-274,140],[-209,202],[132,265],[11,328],[-99,231],[-143,383],[-120,356],[-44,231],[-33,369],[-22,175],[-242,293],[-44,230],[22,321],[-527,84],[-373,-70],[-472,0],[-175,258],[197,203],[-66,293],[-164,321],[-165,160],[-318,189],[-494,70],[-352,55],[-351,168],[-340,28],[-406,-175],[-450,-146],[-472,209],[-494,230],[-451,-34],[-285,132],[-285,210],[-494,160],[-406,70],[-308,28],[-461,76],[-329,84],[-373,70],[-440,91],[-318,28],[-494,42],[-582,202],[-494,84],[-395,76],[-362,126],[0,384],[165,412],[-385,167],[-428,265],[-351,314],[-231,210],[-384,342],[-143,202],[-373,237],[-395,70],[-527,35],[-538,28],[-505,42],[-472,160],[-483,161],[-560,104],[-570,252],[-604,153],[-275,-105],[-450,-174],[-252,14],[-516,70],[-582,139],[-340,168],[-549,118],[-318,-188],[-494,-147],[-505,-174],[-396,7],[-395,112],[-373,104],[-406,-42],[-494,-48],[-527,27],[-450,7],[-461,-27],[-439,-28],[-319,-21],[-658,-21],[-516,70],[-659,160],[-143,49],[-966,328],[-1119,370],[-242,56],[-560,83],[-296,28],[-626,28],[-2579,21],[-450,-42],[-999,-174],[-604,-154],[-560,-258],[-209,-258],[-87,-217],[44,-272],[21,-383],[22,-335],[-164,-601],[-77,-349],[0,-321],[-143,-286],[-461,-265],[-461,-139],[-977,-356],[-735,-272],[-418,-217],[-274,-244],[-209,-321],[-21,-426],[43,-293],[-142,-377],[-264,-397],[-99,-259],[-43,-265],[32,-286],[198,-237],[242,-328],[22,-545],[11,-439],[65,-349],[275,-272],[44,-196],[-242,-335],[-241,-209],[-121,-349],[-66,-293],[-132,-342],[-241,-335],[-242,-272],[-274,-370],[-209,-244],[-230,-244],[-494,-168],[-450,-126],[-439,-160],[-187,-244],[-165,-279],[-285,-482],[-187,-377],[-186,-551],[-44,-119],[-231,-300],[-175,-146],[-461,-405],[-363,-203],[-592,-341],[-143,-63],[-823,-398],[-593,-377],[-571,-272],[-637,-265],[-329,-224],[-472,-523],[-329,-370],[-571,-558],[-330,-237],[-504,-391],[-538,-517],[-494,-488],[-154,-272],[121,-258],[0,-203],[-187,-314],[-77,-265],[-11,-230],[121,-342],[33,-196],[77,-342],[11,-321],[-88,-230],[-220,-523],[-296,-566],[-33,-355],[88,-231],[-22,-237],[-264,-523],[-230,-531],[-165,-251],[-11,-300],[44,-230],[154,-307],[-220,-419],[-461,-237],[-186,-273],[88,-258],[-308,-328],[-197,-244],[-77,-307],[0,-342],[66,-300],[-165,-300],[-165,-244],[11,-796],[-219,-928],[-77,-503],[-44,-237],[-231,-307],[-340,-139],[-417,-84],[-615,-147],[-571,-139],[-274,-49],[-406,-189],[-198,-160],[-340,-405],[-538,-949],[-209,-314],[-76,-405],[-121,-314],[-472,-237],[-505,-181],[-340,-28],[-1526,663],[-1416,684],[-418,251],[-340,202],[-977,489],[-132,62],[-1031,363],[-99,35],[-582,230],[-626,154],[-1624,391],[-615,160],[-516,161],[-296,174],[-286,91],[-1043,112],[-1152,76],[-933,-14],[-703,-34],[-582,-56],[-560,-105],[-373,-84],[-516,-153],[-351,-154],[-384,-202],[-648,-112],[-505,35],[-538,91],[-516,244],[-505,279],[-494,203],[-560,28],[-526,-7],[-407,-14],[-406,-84],[-263,-98],[-363,-125],[-603,-154],[-670,-70],[-538,-84],[-439,-146]],[[339762,546445],[-1581,209],[-307,35],[-1888,182],[-450,42],[-2459,258],[-1065,237],[-428,167],[-307,224],[-187,412],[-44,237],[11,314],[44,167],[121,300],[-11,286],[-132,356],[-220,608],[286,376],[285,168],[198,279],[-121,279],[-307,251],[-406,321],[-66,196],[428,837],[-22,147],[-154,384],[-121,167],[-285,272],[-439,175],[-2371,439],[-637,105],[-691,112],[-462,0],[-428,-56],[-307,-126],[-450,-202],[-681,-314],[-340,-84],[-516,-28],[-362,28],[-330,140],[-702,383],[-1120,622],[-560,174],[-428,7],[-285,-35],[-725,-126],[-263,-83],[-275,-203],[-614,-656],[-417,-132],[-242,-28],[-560,-21],[-395,77],[-1921,977],[-549,83],[-494,-62],[-472,-84],[-516,-63],[-373,21],[-472,70],[-242,77],[-1591,774],[-308,133],[-296,111],[-637,161],[-571,35],[-658,-77],[-472,-84],[-802,-139],[-592,-98],[-1296,-342],[-538,-70],[-329,-14],[-593,21],[-538,63],[-296,42],[-527,181],[-274,231],[-77,244],[-33,321],[33,523],[110,489],[285,405],[417,446],[560,489],[823,677],[769,656],[351,453],[176,363],[109,356],[99,454],[11,237],[11,600],[22,1019],[-66,823],[-164,391],[-308,140],[-1734,174],[-428,63],[-1043,147],[-549,83],[-2207,531],[-340,139],[-351,286],[-725,859],[-472,286],[-329,84],[-1251,300],[-461,111],[-1109,286],[-264,126],[-296,258],[-154,342],[77,684],[88,440],[176,642],[263,656],[231,335],[603,502],[176,300],[-11,258],[-274,349],[-385,272],[-318,238],[-187,314],[22,335],[286,1221],[11,244],[-132,210],[-549,865],[-121,293],[-33,279],[187,321],[505,307],[384,168],[1010,342],[626,209],[274,258],[66,300],[44,224],[-55,1284],[-22,342],[-99,314],[-153,202],[-341,328],[-395,251],[-428,272],[-274,217],[-121,167],[-22,314],[461,579],[198,294],[208,502],[220,516],[33,203],[11,279],[-341,328],[-340,139],[-637,21],[-329,-27],[-681,-105],[-483,-70],[-592,-7],[-286,175],[-131,348],[-33,294],[65,635],[44,174],[176,558],[55,412],[-22,314],[-154,223],[-340,245],[-340,188],[-472,265],[-604,370],[-253,216],[-340,231],[-538,237],[-241,140],[-198,230],[-219,405],[-11,69],[-275,594],[-329,181],[-1153,370],[-252,126],[-264,202],[-99,370],[165,370],[340,342],[626,488],[1010,775],[274,258],[66,363],[-494,293],[-472,49],[-1526,7],[-1580,111],[-1153,210],[-483,279],[11,286],[340,265],[253,161],[318,174],[220,126],[625,544],[505,635],[99,126],[373,481],[242,210],[450,390],[132,112],[417,342],[121,133],[197,300],[121,258],[252,844],[132,238],[384,307],[1285,516],[373,244],[198,419],[-66,502],[33,601],[0,48],[22,587],[439,174],[263,202],[516,440],[494,286],[1131,203],[351,223],[209,460],[263,308],[285,334],[494,663],[341,356],[121,189],[-143,307],[-264,481],[-197,461],[-33,216],[-33,300],[66,921],[33,370],[55,587],[0,600],[-44,530],[0,349],[208,405],[308,251],[483,174],[461,77],[2184,203],[406,139],[253,175],[208,174],[1142,991],[340,230],[516,189],[3381,628],[977,237],[2349,830],[396,-111],[527,-77],[867,-28],[395,0],[472,7],[351,28],[428,105],[286,111],[549,224],[582,188],[483,279],[559,614],[187,391],[33,182],[11,265],[-253,1556],[0,293],[143,356],[165,174],[900,691],[351,349],[121,286],[55,182],[252,649],[374,705],[208,279],[340,202],[494,265],[1120,656],[1142,691],[77,56],[472,328],[285,244],[143,175],[121,265],[32,209],[-252,1068],[-22,342],[99,293],[164,174],[1340,705],[2085,970],[22,14],[1460,621],[374,189],[461,363],[373,453],[406,433],[209,216],[351,182],[483,118],[648,63],[691,-14],[670,-35],[878,-21],[1581,-48],[1460,125],[1965,-63],[1427,-21],[911,-55],[1065,-56],[845,-56],[889,49],[648,104],[450,140],[571,321],[318,300],[209,412],[197,342],[187,202],[274,147],[362,125],[637,42],[461,-84],[549,-104],[329,-49],[571,63],[867,328],[418,111],[285,56],[977,154],[406,69],[329,182],[121,167],[0,321],[-263,1082],[-77,782],[0,195],[66,440],[66,202],[109,244],[824,1096],[1141,2121],[352,461],[285,300],[1087,970],[2525,1780],[505,370],[450,439],[175,272],[538,817],[165,167],[307,217],[615,307],[494,195],[1186,335],[5302,1131],[3425,1039]],[[367722,655079],[757,-635],[582,-404],[571,-314],[845,-370],[362,-133],[428,-119],[286,-55],[417,-70],[637,-49],[636,28],[845,98],[593,202],[417,202],[901,524],[548,460],[231,231],[176,265],[54,181],[0,342],[-87,628],[153,384],[363,286],[120,293],[-98,293],[-77,328],[11,154],[318,244],[285,49],[692,84],[373,63],[286,125],[307,209],[417,503],[297,181],[362,84],[691,119],[868,97],[483,63],[527,189],[230,132],[955,726],[648,321],[2997,1138],[647,146],[549,7],[483,-21],[538,-70],[340,-55],[341,-77],[516,-112],[417,14],[318,230],[703,754],[362,279],[527,258],[461,63],[274,-14],[857,-153],[208,-14],[670,28],[417,14],[527,125],[428,265],[395,391],[209,168],[373,167],[417,14],[450,0],[801,-153],[2042,-545],[1153,-342],[977,-356],[417,-118],[681,-279],[395,-168],[1010,-426],[2217,-900],[944,-370],[395,-97],[527,-105],[363,-91],[351,-125],[604,-259],[307,-307],[384,-230],[373,-42],[560,-7],[681,14],[757,7],[483,42],[593,42],[516,154],[264,286],[351,167],[406,84],[406,118],[538,42],[384,14],[395,-14],[516,-28],[472,-20],[538,13],[384,63],[1120,321],[351,98],[440,35],[581,-14],[330,-70],[1043,-188],[450,-133],[505,-209],[373,-272],[505,-266],[417,0],[439,63],[329,56],[396,-21],[406,-56],[1504,-230],[296,-91],[417,-209],[1175,-642],[527,-182],[340,-27],[373,-7],[703,83],[1229,217],[626,160],[659,91],[307,-265],[121,-272],[318,-140],[351,-70],[933,-63],[944,-90],[857,-105],[1361,-509],[527,-217],[395,-21],[494,-7],[702,-21],[659,-28],[725,-48],[351,-119],[395,-147],[648,-195],[307,-112],[428,-146],[363,-154],[274,-125],[296,-196],[286,-223],[263,-496],[319,-153],[570,-216],[439,-189],[440,-314],[461,-349],[285,-118],[538,-140],[560,-42],[351,7],[801,175],[461,97],[780,210],[340,83],[395,189],[516,342],[791,551],[516,216],[1042,356],[626,98],[1306,237],[1417,231],[867,132],[1559,272],[274,182],[66,272],[33,405],[164,293],[154,188],[209,210],[296,146],[307,300],[286,314],[132,203],[0,265],[22,349],[878,753],[186,203],[308,223],[593,133],[515,0],[648,14],[450,69],[297,140],[417,202],[1657,1054],[297,216],[450,133],[351,-7],[461,-28],[351,-21],[560,14],[769,196],[274,48],[648,77],[647,21],[1120,-272],[384,91],[264,209],[329,251],[154,224],[252,258],[165,132],[340,210],[505,251],[242,181],[351,259],[318,321],[176,209],[-274,342],[-396,216],[-87,419],[-220,286],[-417,335],[197,244],[-109,405],[-176,328],[0,321],[187,195],[230,175],[-88,335],[22,398],[33,446],[198,182],[329,174],[66,223],[-230,370],[-341,649],[-99,398],[33,433],[209,746],[406,203],[329,181],[121,210],[165,244],[55,181],[142,321],[77,300],[242,161],[351,230],[615,84],[329,84],[340,265],[154,146],[1559,-69],[680,14],[407,174],[208,175],[483,20],[428,-27],[516,-70],[373,-21],[352,-84],[450,63],[307,84],[439,-147],[198,-251],[66,-210],[625,-76],[1021,293],[868,223],[658,28],[626,63],[450,35],[340,-238],[330,-62],[373,-161],[659,-63],[669,84],[527,91],[779,-140],[703,-139],[2217,-538],[1779,-356],[757,-153],[593,-349],[1734,-712],[385,-181],[-44,-321],[-242,-238],[231,-383],[351,-335],[505,-175],[637,-70],[647,133],[319,209],[208,293],[88,363],[231,412],[307,223],[428,-7],[538,-27],[373,97],[275,203],[417,90],[384,28],[439,14],[549,-111],[351,-77],[516,28],[593,104],[406,224],[88,244],[-33,237],[428,217],[275,-70],[559,-147],[374,-91],[560,-146],[889,1584],[208,-314],[286,-167],[560,55],[417,-251],[603,112],[560,244],[374,216],[911,-69],[483,-161],[0,-426],[-264,-279],[472,-279],[417,112],[505,0],[308,-63],[362,-133],[472,-83],[505,-14],[187,-91],[-44,-503],[22,-90],[614,-363],[154,-140],[154,-286],[-66,-432],[483,41],[626,112],[208,-328],[44,-195],[220,-231],[109,-335],[341,-439],[318,-314],[351,-133],[714,112],[417,-28],[527,-230],[713,7],[549,7],[308,13],[439,63],[318,49],[340,-328],[-11,-279],[-197,-384],[33,-230],[384,-265],[351,-140],[395,-272],[538,49],[538,28],[362,21],[396,-70],[296,-195],[538,-84],[955,516],[220,147],[164,314],[132,558],[505,963],[55,154],[241,411],[1131,524],[1295,1528],[2064,2617],[670,823],[933,943],[746,711],[286,272],[98,259],[55,356],[-131,2233],[-44,460],[87,433],[253,356],[1218,467],[1559,454],[999,181],[670,126],[702,14],[1098,0],[1833,-223],[3019,-552],[132,-27],[823,-98],[373,0],[659,42],[3688,1207],[802,251],[1119,503],[1131,537],[1811,998],[758,551],[966,873],[2217,2051],[220,237],[362,629],[340,167],[955,-112],[3535,-251],[319,-105],[746,-488],[736,-363],[142,-35],[856,-70],[66,-14],[692,-69],[230,-63],[396,-133],[592,-125],[374,-42],[581,0],[450,-77],[363,-56],[505,-70],[384,-118],[274,-21],[439,49],[483,42],[494,-56],[527,-265],[253,-140],[472,-195],[362,-147],[527,-237],[417,-161],[362,21],[670,-98],[527,-265],[483,-21],[659,-118],[417,21],[296,104],[373,154],[527,181],[428,77],[275,-119],[351,-195],[648,91],[-132,293],[176,167],[603,77],[220,-286],[615,49],[669,77],[-33,-321],[582,-210],[428,175],[264,49],[472,-252],[252,-488],[242,-203],[406,-125],[582,-98],[241,-63],[396,-230],[186,-216],[318,-398],[483,-412],[791,-670],[154,-230],[109,-286],[198,-286],[230,-196],[560,-146],[428,-70],[330,-133],[395,-293],[582,-558],[351,-314],[384,-300],[659,-433],[1229,-607],[275,-91],[461,-14],[351,301],[-22,279],[-33,202],[-88,440],[-11,286],[-11,537],[0,293],[132,321],[286,196],[658,-21],[538,-245],[231,-279],[461,-788],[329,-293],[582,-266],[373,-272],[220,-223],[120,-244],[99,-433],[88,-230],[132,-223],[175,-210],[374,-258],[768,-426],[230,-258],[154,-426],[0,-697],[-55,-775],[-99,-496],[-76,-202],[-187,-356],[-187,-265],[-43,-230],[43,-252],[66,-293],[121,-230],[242,-237],[362,-279],[307,-342],[198,-272],[33,-161],[-220,-328],[373,-335],[428,35],[681,91],[439,244],[-11,223],[77,244],[659,363],[581,196],[813,279],[395,77],[560,-14],[132,279],[-385,300],[-197,230],[-88,203],[-99,293],[143,223],[-44,335],[263,244],[440,224],[504,223],[253,-21],[527,7],[176,391],[-44,188],[-55,293],[-110,230],[-66,433],[329,7],[505,-98],[297,119],[417,293],[33,279],[307,203],[417,7],[538,-175],[615,63],[143,251],[-33,210],[-483,258],[-154,139],[-263,328],[-264,147],[-66,279],[121,175],[143,418],[77,370],[296,84],[461,-21],[856,-272],[406,-77],[571,-7],[461,-49],[483,-167],[461,-189],[472,-188],[428,265],[-54,342],[296,300],[329,119],[571,146]],[[692532,952196],[220,-398],[143,-369],[-384,-175],[-484,175],[-493,279],[-505,63],[-593,-349],[-341,-287],[220,-265],[362,-104],[-11,-440],[-395,-244],[-263,-279],[-88,-217],[-55,-349],[-242,-307],[-274,-335],[395,-223],[461,-209],[395,-182],[-98,-272],[-297,-195],[-11,-245],[-219,-314],[-121,-335],[-527,-174],[-417,-21],[-406,-251],[-143,-391],[44,-300],[296,-209],[417,-328],[44,-196],[121,-419],[-175,-348],[-297,-196],[-318,-49],[-352,224],[-384,-140],[-22,-279],[33,-209],[55,-335],[11,-419],[99,-384],[-329,-279],[-264,-370],[-230,-209],[-450,-189],[307,-300],[505,-14],[527,-90],[241,-126],[132,-272],[-22,-419],[-439,-98],[-659,-49],[-263,-362],[-44,-321],[-44,-405],[110,-237],[-253,-245],[-164,-188],[197,-286],[516,-168],[384,-230],[-131,-202],[-187,-224],[33,-411],[395,-182],[253,-216],[340,-272],[373,-154],[308,-174],[-330,-335],[-647,-49],[-385,-189],[-263,-390],[263,-307],[286,-245],[121,-251],[208,-202],[0,-258],[88,-210],[252,-202],[143,-335],[0,-203],[77,-348],[154,-217],[395,-209],[395,-258],[66,-217],[154,-335],[-11,-425],[-143,-238],[-55,-376],[-252,-224],[-143,-195],[274,-349],[330,-335],[32,-286],[330,-300],[186,-196],[242,-181],[88,-230],[-22,-224],[132,-300],[515,-209],[462,-42],[296,-84],[351,-153],[670,-98],[230,195],[450,77],[472,-230],[165,-98],[242,-272],[175,-133],[264,-300],[658,-139],[374,-119],[439,-132],[395,237],[560,-35],[318,35],[483,132],[483,56],[681,56],[461,-63],[219,-174],[297,-182],[329,-118],[362,-335],[253,-189],[252,-216],[-307,-328],[-11,-300],[-121,-321],[-132,-216],[-131,-238],[-297,-356],[-384,-635],[-33,-174],[187,-342],[494,-523],[285,-287],[571,-432],[439,-133],[373,21],[374,168],[252,286],[428,279],[264,125],[439,14],[296,-125],[296,-189],[44,-355],[-120,-328],[208,-356],[329,-49],[352,-147],[406,-293],[219,-328],[22,-188],[-109,-307],[-319,-210],[-230,-237],[11,-265],[142,-230],[418,-196],[318,-91],[768,-188],[659,-147],[428,-76],[264,-42],[625,-70],[330,-49],[450,-174],[417,-245],[461,-139],[538,-168],[241,-188],[-55,-286],[-197,-279],[-340,-300],[-418,-217],[-1438,-642],[-263,-188],[-461,-440],[-1131,-635],[-121,-258],[253,-356],[329,-223],[165,-363],[-11,-461],[-296,-272],[-615,-181],[-439,-105],[-846,-126],[-472,-237],[-724,-733],[-439,-432],[-77,-84],[-384,-293],[-242,-175],[-44,-272],[154,-237],[66,-188],[-132,-273],[-99,-258],[33,-188],[253,-475],[296,-223],[450,-202],[231,-140],[11,-286],[-33,-489],[-439,-251],[-450,21],[-275,7],[-428,-21],[-351,56],[-483,-70],[-308,-328],[-197,-167],[-297,-279],[-406,-517],[-241,-293],[-362,-230],[-494,-154],[-440,-342],[-208,-342],[11,-300],[99,-286],[-110,-209],[-340,-244],[-319,-321],[88,-314],[-274,-315],[-231,-376],[-154,-342],[-329,-49],[-1087,230],[-428,-14],[-362,-244],[-132,-202],[-428,-273],[-461,-125],[-428,-91],[-253,-153],[-362,-154],[-494,-91],[-428,28],[-450,140],[-604,-126],[-450,-328],[-362,-356],[-307,-418],[-319,-349],[-406,-189],[-461,-111],[-231,272],[44,307],[-351,237],[-198,181],[-483,217],[-526,146],[-418,126],[-318,112],[-615,-28],[-570,-189],[-374,-76],[-461,0],[-494,293],[-384,328],[-362,76],[-330,63],[-570,-56],[-483,-265],[-428,-84],[-330,-20],[-461,-105],[-505,-230],[-406,-335],[-483,-203],[-505,244],[-593,168],[-472,160],[-340,56],[-384,-202],[-88,-307],[55,-698],[-11,-258],[-253,-314],[-505,-370],[-505,-384],[-252,-258],[-55,-342],[340,-91],[604,-188],[560,-21],[648,-70],[274,-279],[33,-223],[-55,-252],[88,-356],[187,-111],[680,-189],[307,14],[407,224],[296,90],[439,42],[242,-300],[-187,-146],[-428,-231],[-571,-160],[-44,-321],[659,70],[318,62],[571,126],[472,21],[922,-244],[560,-63],[461,-140],[-33,-230],[560,-140],[219,566],[483,-210],[538,-174],[472,-112],[352,-132],[164,607],[88,202],[417,196],[330,-175],[351,-384],[450,468],[571,-35],[1032,-789],[219,-181],[593,-147],[384,-21],[384,-34],[363,-273],[142,-230],[99,-398],[264,-272],[625,-28],[407,84],[439,-140],[76,-404],[692,35],[198,-7],[1866,-217],[362,175],[275,258],[592,-21],[527,-7],[362,-70],[1362,-446],[285,-245],[2108,-3224],[318,77],[505,28],[527,91],[746,335],[352,49],[3194,-1061],[1998,-649],[143,-196],[-560,-279],[-395,-167],[-77,-272],[-143,-203],[-143,-286],[-142,-412],[-308,-230],[-241,-265],[-154,-265],[-121,-231],[99,-349],[-318,-314],[-286,-139],[-197,-272],[-297,-845],[66,-314],[132,-272],[264,-251],[406,-377],[274,-300],[307,-174],[615,-203],[549,-112],[296,-223],[319,-314],[175,-356],[22,-216],[176,-216],[220,-238],[-33,-370],[-121,-293],[66,-174],[307,-363],[77,-251],[-33,-321],[-373,-265],[-231,-370],[330,-196],[483,-160],[153,-363],[396,-1172],[-209,-545],[-154,-502],[231,-433],[219,-202],[0,-245],[22,-1067],[-22,-705],[-120,-698],[0,-433],[-154,-293],[-2272,-1493],[-692,-412],[-1109,-146],[-999,-335],[-538,-461],[-505,-195],[-428,-42],[-417,0],[-966,0],[-549,-56],[-560,-237],[-691,-335],[-659,-433],[-461,-558],[-768,-454],[-1537,-488],[-2459,-649],[-549,-210],[-384,-383],[-703,-391],[-779,-217],[-659,-34],[-768,97],[-922,133],[-1438,28],[-1230,-91],[-5192,-1256],[-2349,-6281],[-297,-244],[-33,-335],[-263,-154],[-220,-251],[-252,-258],[-417,-293],[-351,-335],[-429,-56],[-274,77],[-648,-56],[-362,-181],[-296,-49],[-615,-196],[-274,-223],[-55,-251],[-286,-328],[-406,-182],[-505,49],[-549,-188],[-977,-454],[-175,-363],[0,-286],[-396,-216],[-230,-286],[-275,-140],[-614,21],[-626,147],[-110,-238],[-230,-376],[-33,-335],[340,-252],[329,-209],[-54,-321],[-571,-105],[-319,-7],[-351,-174],[-33,-328],[-285,-328],[-44,-272],[483,-154],[186,-153],[55,-272],[-109,-294],[-143,-139],[-362,-168],[-319,-125],[-131,-363],[-626,-168],[-395,77],[-374,-237],[-153,-377],[-417,-202],[-242,-377],[-66,-356],[-241,-314],[-88,-230],[-439,-238],[-461,112],[-99,-426],[-220,-279],[-351,-167],[-318,-286],[-330,-217],[-362,42],[-560,-63],[-527,-265],[-428,-195],[-450,-91],[-406,-105],[-637,-223],[-395,-237],[-296,-349],[-319,-384],[-120,-342],[0,-251],[-308,-286],[-494,-217],[-527,-111],[-472,-21],[-505,-35],[-373,-195],[-77,-217],[-33,-258],[-351,-307],[-33,-468],[11,-293],[176,-223],[417,-321],[209,-370],[-99,-265],[-77,-161],[-450,-1005],[-319,-928],[11,-258],[209,-286],[483,-300],[340,-293],[77,-161],[220,-684],[318,-425],[483,-496],[176,-174],[746,-370],[384,-272],[615,-265],[911,-217],[615,-209],[439,-230],[681,-384],[450,-168],[142,-146],[99,-293],[-55,-272],[-76,-356],[-165,-559],[-154,-565],[0,-516],[-99,-293],[-263,-342],[-66,-259],[-241,-348],[-99,-377],[153,-259],[209,-153],[384,-154],[275,-111],[307,-203],[77,-411],[-88,-300],[-274,-307],[87,-328],[319,-105],[55,-272],[-264,-321],[362,-245],[264,-328],[33,-348],[0,-356],[-77,-293],[11,-349],[-318,-252],[-33,-237],[-121,-293],[-274,-195],[-505,-252],[-242,-328],[44,-237],[66,-398],[-55,-342],[-33,-223],[439,-153],[395,-147],[-88,-286],[33,-384],[242,-370],[110,-425],[-165,-294],[-99,-237],[-121,-335],[-329,-237],[-1043,63],[-439,35],[-625,21],[-868,-42],[-230,-14],[-1219,-161],[-779,-139],[-66,-14],[-1328,-133],[-472,-77],[-439,-132],[-385,-119],[-537,-272],[-363,-363],[-461,-495],[-428,-391],[-450,-335],[-373,-321],[-362,-356],[-231,-258],[-307,-642],[-253,-538],[-121,-390],[-11,-349],[-296,-391],[-417,-251],[-121,-356],[-44,-412],[-142,-321],[-110,-454],[-549,-1005],[0,-181],[-198,-279],[-186,-244],[230,-412],[395,-272],[341,-265],[296,-266],[154,-202],[318,-168],[351,-216],[604,-49],[428,-328],[450,-125],[1460,-272],[1757,-412],[1130,-321],[966,-391],[890,-426],[724,-425],[571,-510],[417,-446],[439,-635],[253,-524],[22,-558],[-33,-433],[-450,-984],[-626,-1081],[-582,-887],[99,-474],[22,-1543],[-286,-2128],[297,-656],[55,-133],[1010,-809],[417,-335],[384,-502],[-132,-335],[-527,-217],[-120,-118],[-440,-433],[-186,-461],[-22,-62],[-44,-684],[44,-217],[417,-551],[1570,-1647],[658,-879],[451,-838],[43,-593],[-76,-328],[-242,-502],[-296,-314],[-253,-279],[-658,-705],[-231,-349],[-274,-817],[-286,-572],[-241,-523],[-769,-1556],[-362,-489],[-417,-565],[-33,-119],[-242,-747],[-164,-1123],[-286,-412],[-373,-523],[-1153,-579],[-757,-412],[-165,-300],[-175,-705],[-55,-209],[-209,-824],[-373,-363],[-1251,-872],[-1186,-824],[-187,-209],[-450,-481],[-11,-21],[-505,-705],[-472,-824],[-680,-935],[-209,-649],[-66,-691],[286,-314],[823,-230],[516,-56],[549,63],[527,140],[680,14],[802,13],[472,84],[691,98],[626,14],[823,-77],[2602,-593],[2196,-509],[1624,-440],[1647,-154],[439,-111],[582,-265],[263,-231],[461,-607],[626,-761],[724,-607],[934,-265],[1251,-474],[944,-356],[132,-105],[-33,-363],[77,-412],[559,-104],[396,-252],[142,-411],[209,-384],[132,-237],[-33,-391],[110,-328],[54,-216],[11,-321],[187,-231],[55,-237],[-329,-209],[-461,-245],[-187,-202],[-231,-307],[-691,-593],[-143,-238],[-55,-230],[0,-230],[-164,-321],[-319,-293],[-999,-412],[-241,-133],[-560,-300],[-966,-537],[-428,-356],[-22,-272],[-297,-384],[-241,-342],[-340,-160],[22,-314],[406,-259],[516,-251],[-220,-404],[-186,-287],[-55,-209],[22,-349],[98,-202],[165,-307],[165,-203],[439,-314],[428,-181],[373,-370],[286,-209],[362,-161],[33,-265],[-110,-314],[-538,-105],[-99,-258],[110,-342],[-110,-363],[-263,-328],[285,-188],[-99,-300],[297,-126],[-11,-370],[351,-188],[286,-300],[-66,-272],[230,-182],[341,-153],[98,-300],[187,-370],[362,-231],[209,-174],[274,-517],[-373,-174],[-220,-335],[-142,-188],[-308,-224],[-285,-111],[-406,-154],[-220,-160],[-461,-238],[-296,-125],[-615,-168],[-165,-342],[-450,-146],[-406,-77],[-329,-98],[-494,-69],[-406,-105],[-450,70],[-143,-356],[-253,-384],[-142,-286],[-242,-147],[-329,-118],[-44,-314],[-143,-189],[-153,-321],[-286,-209],[-154,-377],[-54,-307],[-55,-223],[-220,-210],[-186,-384],[-132,-286],[-242,-97],[-340,-217],[-176,-258],[-373,-335],[-208,-356],[22,-439],[-143,-245],[-143,-174],[110,-314],[11,-217],[88,-335],[98,-272],[132,-335],[-263,-376],[-121,-280],[-66,-265],[187,-258],[-66,-223],[-121,-419],[-22,-202],[-296,-259],[55,-258],[-22,-391],[-374,-369],[-559,-105],[-461,112],[-429,-245],[-230,-230],[-220,-265],[-548,-189],[-308,-286],[-428,-181],[-406,-237],[-318,-119],[-385,-161],[-417,196],[-395,42],[-571,-63],[-274,-126],[-187,-272],[-197,-307],[-352,-133],[-230,-293],[-319,-181],[-603,-140],[-418,-223],[-395,-216],[-483,-154],[-55,-209],[33,-279],[-340,-377],[-340,-175],[-549,-223],[-571,-195],[198,-314],[-55,-328],[-220,-168],[-362,-98],[-33,-369],[362,-224],[110,-265],[88,-160],[-11,-294],[-308,-188],[-493,-209],[-923,-517],[-406,-307],[-11,-398],[44,-307],[33,-418],[-626,7],[-351,14],[-395,-140],[-176,-188],[-44,-321],[-647,-133],[-319,-321],[-395,-300],[-395,-21],[-198,-342],[-340,-188],[-472,14],[-340,-321],[11,-196],[241,-279],[143,-209],[110,-238],[208,-272],[439,-181],[66,-398],[-560,-42],[-241,-195],[-516,42],[-285,-189],[-77,-258],[516,-251],[-352,-370],[-483,-279],[99,-182],[-318,-397],[-55,-328],[329,-182],[187,-230],[-516,-196],[-461,-307],[-187,-244],[-99,-286],[-43,-363],[-330,-223],[-285,-7],[-362,181],[-549,7],[-363,-35],[-252,-335],[-33,-286],[-615,-14],[-362,-90],[-362,-252],[-505,-216],[-461,-160],[-439,251],[-593,-154],[-351,-279],[-538,-272],[-297,-307],[-680,-14],[22,-307],[-209,-188],[-329,-238],[-154,-223],[-77,-363],[231,-349],[-44,-405],[-77,-328],[-461,-146],[-165,-342],[330,-105],[559,42],[-329,-502],[-450,-154],[-219,-349],[417,-293],[384,-14],[55,-328],[142,-405],[143,-321],[-99,-314],[132,-265],[329,-125],[308,-335],[373,-84],[296,-112],[-241,-412],[-549,-48],[-110,-259],[-230,-188],[-88,-307],[0,-209],[-154,-259],[-252,-209],[-187,-356],[319,-146],[340,-308],[-439,-286],[-406,-181],[-483,-216],[-33,-266],[263,-272],[373,-195],[220,-105],[461,-216],[252,-147],[264,-258],[88,-237],[87,-293],[-208,-419],[-593,-21],[-417,-42],[-461,-195],[-362,-189],[-472,-90],[-450,-217],[-165,-181],[-275,-168],[-274,-258],[176,-328],[208,-167],[384,-175],[286,-335],[110,-279],[120,-307],[-87,-251],[-494,-189],[-209,-286],[-55,-286]],[[367722,655079],[197,677],[66,342],[-44,237],[-110,231],[-307,272],[-231,153],[-373,203],[-735,391],[-2382,1270],[-582,307],[-417,230],[-560,314],[-373,161],[-736,237],[-2426,586],[-274,237],[98,573],[-54,418],[-198,182],[-1778,1137],[-714,447],[-637,314],[-406,146],[-318,77],[-2261,300],[-440,112],[-307,139],[-307,217],[-121,160],[-220,559],[-230,286],[-264,209],[-461,251],[-1141,412],[-516,293],[-373,349],[-593,496],[-187,397],[77,161],[878,677],[187,328],[55,446],[-44,363],[-44,272],[-154,287],[-329,369],[-143,154],[-406,342],[-428,342],[-395,530],[-88,112],[-384,593],[-88,167],[-176,321],[-417,1047],[-154,210],[-285,446],[-549,635],[384,224],[1120,76],[395,56],[560,126],[362,111],[560,238],[1822,872],[505,195],[352,105],[636,147],[626,139],[77,28],[1207,433],[440,167],[384,217],[406,376],[176,217],[274,279],[582,293],[373,279],[395,300],[505,314],[340,161],[516,342],[407,265],[318,181],[296,119],[461,126],[670,104],[604,-21],[625,-35],[363,42],[340,182],[274,328],[725,1298],[143,188],[263,258],[264,231],[329,230],[637,475],[384,230],[318,195],[297,168],[208,404],[-143,1138],[55,377],[308,370],[373,160],[307,154],[176,265],[-44,349],[22,321],[110,258],[428,593],[11,119],[-88,398],[-285,509],[0,230],[450,489],[98,188],[297,1389],[0,216],[-198,231],[22,446],[417,719],[253,475],[164,397],[66,321],[77,217],[121,244],[307,363],[472,439],[220,273],[406,516],[318,391],[319,628],[153,384],[44,244],[-241,328],[-275,112],[-1108,293],[-264,153],[-44,272],[-186,405],[-319,237],[-428,252],[-472,55],[-285,14],[-395,196],[-198,202],[-329,433],[-77,118],[-154,301],[-99,258],[-11,439],[-11,245],[-54,300],[-165,307],[-209,279],[-307,265],[-285,279],[-264,433],[88,223],[329,307],[66,286],[11,182],[-154,265],[-131,167],[-110,308],[-329,146],[-549,-56],[-472,-83],[-297,-77],[-625,-238],[-220,-111],[-472,-244],[-439,-224],[-549,-363],[-505,-286],[-351,-174],[-889,-440],[-176,-98],[-384,-209],[-670,-84],[-549,-48],[-647,-112],[-736,-203],[-582,-209],[-603,-216],[-527,-154],[-352,-97],[-757,-98],[-329,-42],[-692,-63],[-88,0],[-746,-42],[-692,77],[-439,91],[-516,174],[-241,189],[-231,377],[-55,328],[-33,237],[-33,265],[-55,796],[110,628],[220,572],[55,91],[219,341],[582,461],[121,133],[164,286],[66,195],[-44,307],[-66,265],[-76,398],[55,824],[21,265],[11,377],[44,230],[275,321],[428,181],[285,266],[66,230],[88,726],[55,265],[143,279],[175,230],[725,663],[351,307],[187,231],[55,418],[87,335],[209,251],[99,335],[-253,377],[-142,279],[-55,398],[55,251],[131,328],[110,203],[263,453],[286,377],[351,377],[154,209],[55,314],[0,321],[88,426],[142,265],[253,377],[296,370],[-362,349],[-406,0],[-363,14],[-472,153],[-472,273],[-439,0],[-318,363],[-187,314],[-197,328],[-11,383],[505,266],[131,293],[66,1500],[-87,328],[-286,265],[-241,161],[-396,195],[-362,168],[-549,181],[-1207,300],[-615,126],[-1087,237],[-1207,363],[-571,188],[-329,161],[-275,181],[-263,224],[-1065,1018],[-340,210],[-429,146],[-911,279],[-527,133],[-581,49],[-198,-230],[-11,-496],[-33,-335],[-626,-105],[-461,112],[-702,293],[-571,154],[-681,153],[-735,265],[-659,77],[-483,-7],[-680,-104],[-341,-49],[-647,-14],[-165,14],[-714,63],[-603,13],[-516,-41],[-450,-84],[-406,-168],[-999,-565],[-352,0],[-406,168],[-329,342],[-143,216],[-132,300],[-98,670],[-55,1312],[-33,244],[-110,328],[-66,133],[-318,349],[-900,558],[-11,0],[-604,412],[-231,321],[-33,335],[0,202],[55,328],[385,1130],[812,1431],[219,209],[253,224],[209,167],[197,196],[22,307],[242,328],[307,104],[340,147],[220,126],[241,272],[209,377],[263,495],[55,112],[308,425],[131,182],[209,342],[-198,425],[-274,203],[-264,251],[-252,307],[-66,419],[165,258],[494,230],[603,210],[297,376],[-22,426],[11,98],[-22,844],[-99,196],[-527,209],[-318,77],[-725,195],[-549,189],[-713,307],[-340,139],[-330,133],[-724,251],[-461,265],[-198,224],[-186,376],[-22,175],[43,530],[22,398],[-197,133],[-538,-98],[-340,202],[-11,258],[-242,349],[-582,182],[-439,118],[-757,168],[-373,77],[-1285,202],[-1262,77],[-362,7],[-483,14],[-692,-14],[-209,-14],[-472,-77],[-395,-119],[-1021,-558],[-647,-35],[-637,147],[-494,118],[-395,42],[-648,35],[-296,21],[-571,-35],[-681,-70],[-450,-97],[-439,-147],[-2239,-998],[-406,-146],[-494,-98],[-440,175],[-21,188],[142,600],[-77,1291],[-33,328],[44,279],[198,370],[384,398],[450,265],[714,272],[296,126],[297,139],[274,273],[99,300],[33,167],[0,461],[-66,237],[-351,530],[-44,77],[-209,656],[-88,775],[0,425],[-230,824],[-352,607],[-285,251],[-461,217],[-351,111],[-319,70],[-625,91],[-1098,42],[-768,-56],[-110,-14],[-626,-154],[-527,-223],[-439,-342],[-384,-593],[-417,-782],[-308,-377],[-483,-467],[-77,-140],[-120,-293],[-99,-230],[-132,-265],[-132,-154],[-318,-328],[-132,-139],[-680,-426],[-538,-202],[-406,-49],[-341,0],[-537,76],[-538,-76],[-319,-189],[-252,-279],[-253,-300],[-450,-328],[-274,-133],[-362,-153],[-846,-314],[-889,-335],[-340,-133],[-527,-125],[-571,-91],[-329,-28],[-406,147],[-55,258],[44,237],[131,286],[66,307],[55,342],[11,203],[11,328],[55,502],[11,391],[-187,244],[-1460,914],[-373,210],[-417,279],[-296,251],[-77,133],[11,488],[-22,565],[-11,70],[-121,524],[-55,355],[-187,831],[-208,377],[-264,370],[-417,439],[-175,182],[-341,377],[-186,369],[307,287],[1032,676],[395,252],[527,509],[527,286],[670,105],[625,98],[538,181],[417,195],[418,203],[417,244],[285,237],[242,307],[164,419],[165,691],[241,405],[330,293],[560,307],[527,230],[263,119],[483,216],[263,140],[494,383],[330,405],[340,747],[22,49],[351,663],[-11,370],[-186,272],[-275,251],[-801,537],[-307,203],[-231,258],[-99,377],[22,209],[99,265],[132,217],[307,293],[340,181],[1296,384],[11,0],[1130,488],[736,273],[230,125],[253,300],[110,245],[33,307],[0,230],[-22,440],[-99,362],[-319,503],[-98,216],[-11,293],[252,377],[231,168],[1602,921],[385,363],[109,321],[-76,223],[-231,384],[-220,342],[-175,286],[77,412],[274,125],[450,105],[582,119],[713,153],[462,147],[230,83],[307,203],[132,328],[0,230],[-165,433],[-395,439],[-252,210],[-340,342],[-132,251],[55,286],[252,209],[297,133],[889,370],[428,195],[307,182],[1383,844],[264,209],[604,489],[274,335],[406,502],[582,782],[450,754],[88,230],[55,244],[-77,531],[-88,258],[-154,272],[-362,335],[-538,349],[-241,384],[340,558],[220,188],[351,182],[461,132],[1306,328],[297,196],[131,321],[22,293],[99,181],[340,251],[374,161],[263,286],[44,349],[33,440],[110,237],[153,279],[242,293],[176,398],[-363,307],[-647,174],[-1032,252],[-889,363],[-999,453],[-352,293],[-120,321],[-77,370],[-132,412],[-187,440],[-153,181],[-319,223],[-373,63],[-406,14],[-373,-35],[-373,-63],[-396,-97],[-680,-196],[-549,-63],[-977,-34],[-33,0],[-725,0],[-1163,111],[-736,49],[-658,42],[-648,-21],[-648,-98],[-625,-188],[-868,-286],[-329,-119],[-428,-112],[-615,-20],[-472,7],[-406,27],[-296,63],[-297,251],[-55,147],[-43,363],[32,251],[165,363],[0,293],[-66,286],[-252,279],[-505,307],[-275,168],[-263,132],[-351,105],[-1373,461],[-406,153],[-856,447],[-187,272],[-285,391],[351,321],[-175,314],[-396,160],[-65,224],[230,370],[187,342],[186,307],[319,300],[164,146],[242,272],[-99,196],[-274,286],[-297,0],[-55,391],[308,321],[-352,251],[-680,-56],[-472,84],[-472,307],[-88,377],[-88,293],[-99,300],[-153,384],[-22,265],[77,202],[65,238],[-109,397],[-11,363],[-385,196],[-208,139],[-472,63],[-308,-7],[-461,56],[-537,98],[219,369],[99,293],[-296,280],[164,209],[-44,314],[-373,91],[-527,90],[-110,203],[143,272],[44,209],[241,286],[-186,314],[-176,266],[330,216],[-88,949],[131,1256],[-98,251],[-275,196],[-362,84],[-670,-21],[-603,-147],[-363,-167],[-274,-70],[-692,56],[165,307],[33,209],[-275,209],[-395,210],[-373,188],[-99,258],[143,231],[132,321],[87,328],[209,335],[-33,418],[-373,482],[33,419],[-66,300],[670,425],[461,293],[669,77],[505,196],[670,418],[856,293],[747,175],[395,370],[351,467],[505,217],[428,300],[703,118],[713,126],[736,293],[472,321],[592,321],[736,77],[1372,-154],[780,-265],[823,-174],[944,-147],[505,77],[274,70],[593,0],[307,28],[593,-49],[352,-49],[976,-251],[681,76],[801,154],[879,572],[878,558],[801,377],[275,559],[417,356],[779,662],[758,656],[296,294],[296,488],[505,830],[385,677],[153,189],[352,209],[274,56],[593,188],[560,203],[406,307],[164,223],[22,370],[-44,426],[-76,391],[11,390],[87,363],[253,370],[351,188],[373,154],[582,265],[340,189],[484,258],[318,300],[143,202],[164,265],[33,196],[44,321],[0,321],[-99,488],[-142,398],[-231,209],[-252,189],[-363,244],[-230,293],[-11,217],[55,321],[252,300],[384,537],[450,600],[385,712],[285,391],[494,258],[428,28],[615,49],[406,7],[406,28],[450,153],[637,489],[1076,1123],[680,593],[1197,810],[428,216],[187,105],[351,195],[285,258],[77,259],[110,579],[165,398],[186,286],[220,321],[99,230],[-66,321],[-88,272],[77,440],[340,272],[373,244],[297,154],[384,98],[483,55],[351,-21],[461,-118],[615,-189],[768,-265],[681,-265],[681,-153],[680,-189],[242,-63],[834,-195],[329,-161],[461,-293],[428,-286],[418,-460],[219,-363],[417,-524],[176,-293],[252,-174],[494,-210],[604,-160],[1087,-112],[1218,-174],[802,-84],[966,-167],[647,-168],[275,-398],[186,-328],[44,-523],[33,-377],[-208,-244],[-341,-335],[-450,-405],[-109,-426],[-22,-258],[98,-307],[66,-237],[439,-244],[319,0],[362,97],[549,231],[340,195],[242,70],[494,35],[351,-84],[395,-119],[472,-153],[736,-77],[1240,-35],[406,7],[505,154],[362,244],[220,237],[307,126],[516,28],[275,-77],[340,-147],[176,-265],[373,-167],[604,-63],[395,-230],[88,-224],[142,-223],[176,-188],[362,-98],[670,-28],[395,42],[329,146],[461,196],[275,118],[461,98],[450,35],[483,7],[593,49],[274,77],[472,97],[637,147],[384,21],[725,0],[834,28],[472,35],[626,41],[351,-14],[494,-48],[384,-35],[472,-119],[483,-223],[384,-168],[374,-118],[395,-126],[395,-133],[351,-76],[450,-105],[626,98],[242,181],[65,398],[132,398],[198,174],[538,168],[592,202],[132,244],[362,363],[440,70],[592,-7],[494,91],[363,342],[76,174],[176,286],[253,272],[274,245],[241,342],[418,251],[428,202],[494,154],[428,328],[252,453],[253,224],[175,356],[-109,258],[-428,300],[-231,335],[-132,272],[-22,286],[110,223],[198,189],[439,237],[626,216],[1668,866],[1493,739],[1745,922],[626,397],[571,440],[154,258],[98,384],[66,300],[198,586],[285,321],[231,203],[428,237],[790,258],[352,84],[592,91],[505,-70],[747,-349],[615,-251],[999,-433],[702,-147],[703,14],[384,98],[483,35],[450,-77],[384,-160],[505,14],[472,104],[867,280],[857,188],[933,321],[570,335],[923,265],[845,258],[472,412],[0,363],[-66,412],[0,397],[88,349],[263,300],[154,266],[296,307],[275,411],[417,259],[461,251],[593,286],[439,258],[461,363],[362,377],[220,293],[131,377],[154,419],[154,523],[66,461],[33,237],[164,202],[428,182],[659,-105],[472,-161],[637,-216],[614,-77],[1537,-42],[483,294],[472,279],[494,363],[330,244],[746,635],[747,467],[570,245],[835,188],[1361,105],[1548,146],[1295,293],[768,419],[527,398],[571,314],[242,160],[274,252],[340,265],[220,216],[252,154],[308,118],[439,161],[494,188],[746,412],[374,265],[516,377],[691,475],[1614,956],[757,369],[395,147],[242,98],[406,181],[66,203],[-44,418],[-44,314],[-22,377],[22,286],[121,314],[33,245],[33,258],[-253,398],[-66,530],[22,279],[99,314],[209,356],[186,433],[77,265],[22,223],[-99,258],[-109,245],[-154,307],[-66,202],[33,307],[110,300],[362,356],[220,230],[120,286],[55,412],[-143,203],[-32,314],[22,335],[65,369],[99,280],[88,251],[33,432],[-55,280],[-230,279],[-374,404],[-417,287],[-494,209],[-450,167],[-373,98],[-373,91],[-352,56],[-395,181],[-110,223],[154,370],[296,377],[110,286],[-33,238],[-329,376],[-198,286],[-285,217],[-121,174],[-395,224],[-351,104],[-659,28],[-538,230],[-274,238],[-231,202],[-274,140],[-758,90],[-713,49],[-604,105],[-472,91],[-428,139],[-560,119],[-395,49],[-296,21],[-451,0],[-603,-56],[-593,-56],[-395,119],[-121,328],[165,286],[263,286],[209,237],[505,300],[812,314],[801,503],[549,335],[209,370],[186,341],[22,573],[121,488],[209,538],[219,251],[823,621],[462,467],[219,628],[44,168],[318,495],[121,510],[0,119],[0,376],[-132,356],[-296,272],[-285,161],[-538,160],[-472,238],[-396,321],[-76,335],[-154,244],[0,405],[0,321],[-66,328],[-209,321],[-274,279],[-241,293],[-242,698],[-44,321],[0,265],[99,321],[296,335],[461,370],[308,335],[153,342],[121,335],[0,342],[55,321],[-88,349],[-373,390],[-176,293],[-186,259],[-154,495],[-395,356],[-538,202],[-549,119],[-395,56],[-494,84],[-516,132],[-263,154],[-198,209],[-176,454],[-98,230],[-483,258],[-857,35],[-757,-49],[-264,14],[-395,196],[55,258],[88,258],[428,321],[450,335],[867,551],[571,258],[362,154],[341,161],[55,279],[-220,349],[-318,216],[-187,139],[-362,266],[-11,237],[66,272],[55,335],[0,377],[11,628],[186,544],[121,335],[176,300],[263,496],[33,439],[-274,356],[-242,321],[-209,217],[-142,216],[-44,265],[-33,370],[77,258],[636,607],[637,573],[99,132],[483,307],[417,391],[351,405],[-33,300],[110,300],[834,356],[747,195],[428,300],[220,391],[-11,230],[-176,377],[-132,252],[-77,418],[0,412],[-65,300],[-88,272],[-121,286],[-187,356],[-65,412],[32,209],[187,224],[922,153],[802,140],[439,188],[329,210],[351,230],[242,788],[230,300],[88,112],[911,202],[900,280],[714,383],[680,552],[648,502],[55,42],[1043,433],[66,14],[812,223],[340,335],[143,188],[88,454],[-44,830],[110,524],[219,607],[297,440],[241,383],[483,287],[395,223],[352,118],[318,35],[351,349],[-318,391],[-296,419],[-165,426],[-22,502],[110,461],[153,272],[352,251],[307,188],[318,147],[264,119],[252,202],[55,237],[110,328],[22,349],[0,377],[-77,495],[-22,663],[0,7],[121,510],[187,377],[263,258],[373,216],[461,168],[352,139],[307,182],[285,174],[88,419],[-88,307],[0,293],[297,300],[186,175],[264,355],[121,252],[21,216],[0,307],[0,258],[55,272],[428,391],[890,593],[1075,677],[1834,1117],[527,405],[439,321],[318,272],[439,321],[395,0],[560,-35],[1943,-405],[549,-63],[1230,-167],[966,-84],[757,-160],[428,-147],[461,-321],[165,-223],[186,-286],[121,-363],[66,-384],[329,-363],[352,-202],[603,-182],[418,-139],[373,-259],[121,-286],[120,-181],[308,-258],[592,-175],[341,-21],[439,0],[351,-7],[560,-28],[428,-104],[736,-210],[384,-83],[395,-49],[505,0],[549,7],[373,-84],[296,-112],[297,-167],[384,-300],[263,-405],[615,-105],[297,84],[559,133],[461,132],[451,105],[768,49],[296,0],[582,-28],[395,-28],[319,-49],[384,-35],[713,21],[769,35],[527,49],[483,126],[439,167],[538,91],[757,-77],[615,-84],[494,-118],[439,-98],[373,-216],[0,-440],[-153,-307],[-154,-426],[-132,-342],[-33,-230],[-22,-363],[176,-426],[274,-363],[176,-202],[187,-342],[65,-188],[66,-286],[-11,-266],[22,-425],[11,-217],[220,-293],[406,-181],[417,-126],[505,-181],[395,-119],[395,-342],[99,-265],[66,-230],[33,-279],[132,-370],[208,-245],[154,-153],[264,-223],[142,-266],[187,-244],[55,-342],[77,-209],[241,-384],[318,-244],[396,-154],[428,-153],[516,-161],[790,-230],[549,-56],[670,49],[625,161],[483,314],[297,286],[318,446],[406,580],[802,565],[998,474],[1592,405],[1438,279],[1614,203],[977,69],[549,-83],[812,-105],[1087,14],[889,-21],[725,160],[1042,419],[637,244],[516,175],[593,112],[988,-21],[1010,-91],[1427,7],[735,14],[582,-7],[417,63],[395,104],[461,224],[286,111],[505,105],[615,126],[450,118],[724,384],[373,216],[264,196],[88,216],[22,314],[-77,398],[164,419],[407,139],[592,175],[407,167],[252,203],[670,293],[296,181],[154,237],[88,210],[120,614],[-11,167],[-88,901],[-87,467],[483,321],[55,14],[735,230],[560,266],[527,83],[724,119],[461,56],[538,56],[406,111],[440,182],[483,244],[450,265],[428,342],[527,251],[307,307],[384,391],[450,698],[165,244],[1273,1180],[494,286],[868,425],[329,231],[175,307],[-98,286],[-319,321],[-516,370],[-461,244],[-175,188],[-55,321],[241,238],[253,251],[197,146],[187,405],[-110,384],[-318,698],[-165,307],[110,342],[549,258],[340,119],[66,349],[198,418],[439,272],[757,294],[505,237],[340,244],[132,258],[77,231],[-121,356],[-208,265],[-220,370],[-55,223],[-55,426],[-11,355],[132,266],[242,370],[384,153],[472,300],[472,412],[219,314],[396,188],[483,154],[373,132],[340,147],[308,349],[153,244],[-110,349],[-65,258],[-22,245],[65,202],[505,188],[670,168],[428,293],[66,460],[0,7],[-154,712],[-22,600],[110,321],[242,461],[274,356],[351,391],[560,614],[450,740],[0,300],[-219,265],[-308,398],[-109,265],[-22,405],[318,397],[768,866],[253,356],[198,237],[54,446],[33,635],[66,698],[121,447],[527,1417],[538,2002],[307,468],[165,119],[329,251],[516,146],[395,49],[319,-49],[417,-62],[307,-70],[461,-140],[384,-14],[407,-21],[461,56],[384,147],[505,216],[560,168],[1284,334],[1021,259],[856,397],[483,552],[582,719],[549,397],[549,642],[702,600],[406,203],[472,160],[791,119],[1317,98],[1164,7],[922,160],[680,565],[780,531],[1108,872],[945,175],[1295,279],[977,453],[845,440],[834,307],[681,188],[911,426],[812,677],[330,475],[318,502],[494,356],[1010,335],[1723,181],[560,-83],[571,-105],[637,-223],[483,-133],[395,-181],[538,-28],[373,104],[176,252],[121,432],[373,265],[384,21],[351,-21],[615,-160],[494,-363],[439,-342],[560,-153],[395,-91],[373,42],[341,35],[472,139],[230,189],[373,146],[418,175],[537,28],[648,-126],[1328,-349],[999,-154],[2371,-286],[220,-28],[1142,398],[614,454],[396,684],[55,572],[21,49],[231,495],[582,245],[395,83],[615,35],[538,28],[428,21],[801,-35],[593,-63],[494,-56],[648,14],[779,42],[-494,-558],[-538,-286],[-494,-126],[-450,-223],[-263,-502],[142,-426],[417,-544],[-98,-426],[-604,-712],[44,-419],[274,-335],[132,-314],[22,-195],[-55,-398],[-165,-384],[-230,-586],[-132,-1319],[-11,-1354],[-176,-586],[-285,-481],[-505,-328],[-1910,-880],[-1197,-265],[-461,-230],[44,-258],[143,-210],[296,-202],[944,-544],[451,-224],[252,-90],[505,-133],[538,-91],[637,161],[614,167],[286,245],[109,132],[275,251],[450,259],[285,132],[549,-28],[66,-314],[-154,-377],[-329,-258],[-373,-272],[-307,-223],[-77,-391],[603,7],[461,-7],[264,-70],[329,-342],[330,-377],[439,-167],[549,0],[340,216],[527,272],[428,63],[527,-35],[823,-84],[637,-146],[263,-49],[461,-21],[560,56],[450,-140],[714,-153],[713,-154],[363,-139],[362,-328],[252,-224],[341,-111],[450,174],[757,482],[582,-70],[33,-202],[-351,-552],[241,-335],[747,56],[252,21],[472,133],[231,167],[351,272],[582,-62],[-154,-859],[-33,-153],[-187,-307],[-175,-293],[285,-391],[176,-133],[417,-230],[582,-468],[285,-195],[264,-356],[131,-181],[472,-524],[187,-188],[450,-126],[637,-7],[538,-244],[-297,-328],[-505,-56],[-549,147],[-395,42],[-428,-14],[-143,-342],[374,-217],[472,-97],[450,-231],[77,-202],[208,-342],[286,-237],[483,-328],[614,181],[165,279],[66,377],[-121,307],[66,217],[395,125],[527,7],[362,-56],[637,-118],[549,-182],[285,-223],[385,-216],[428,-154],[296,-112],[351,-202],[154,-174],[318,-489],[648,91],[77,481],[44,321],[285,356],[1493,803],[450,209],[626,-188],[274,-1033],[-22,-279],[-55,-286],[264,-342],[362,118],[1076,698],[714,363],[373,188],[439,-223],[-110,-167],[-362,-601],[-187,-397],[-252,-335],[-132,-300],[22,-189],[351,-223],[417,-140],[352,-111],[461,49],[175,341],[286,370],[395,56],[439,-28],[274,-405],[-274,-321],[-461,-293],[-242,-321],[198,-174],[615,-77],[340,-7],[527,0],[483,-139],[692,-280],[1602,-669],[472,-133],[330,181],[-11,328],[-341,356],[-450,175],[-318,286],[-44,188],[-22,265],[242,252],[691,0],[560,-77],[395,-77],[516,-98],[1328,-300],[538,-139],[319,-119],[483,-265],[307,-265],[351,-307],[450,-28],[363,181],[318,196],[231,209],[186,202],[110,231],[-329,202],[-483,133],[-472,146],[-55,258],[373,259],[362,314],[494,14],[329,-119],[571,-426],[352,-174],[472,-105],[329,-70],[494,-14],[373,21],[428,-21],[384,-258],[253,-216],[340,-258],[121,-154],[165,-258],[647,-119],[417,238],[187,314],[670,83],[768,-83],[176,-21],[1087,-91],[164,-140],[22,-335],[-22,-418],[-44,-670],[-153,-433],[-264,-286],[-241,-370],[-209,-209],[-626,-454],[-417,-146],[-99,-189],[297,-258],[285,-63],[406,-56],[483,-14],[297,28],[582,35],[351,-14],[373,-70],[571,-209],[461,-237],[340,-133],[-274,-356],[-395,-167],[-659,-84],[-395,-251],[0,-223],[88,-266],[142,-272],[286,-286],[505,-440],[263,-244],[143,-272],[0,-188],[-220,-238],[11,-286],[516,-223],[428,14],[505,279],[165,307],[66,412],[0,726],[-66,258],[-154,321],[-99,237],[-54,293],[208,272],[231,77],[461,35],[516,-70],[428,7],[450,56],[186,126],[604,188],[461,28],[363,-91],[274,-132],[505,-238],[549,-244],[340,-139],[483,-238],[845,-537],[297,-202],[461,-307],[560,-384],[955,-593],[1207,-747],[1702,-907],[1284,-454],[999,-147],[274,-34],[758,-77],[494,14],[439,14],[2130,586],[175,35],[1307,202],[966,70],[823,-7],[3249,-544],[549,-119],[494,-251],[351,-210],[1142,-453],[790,-251],[549,-147],[165,-119],[165,-544],[175,-126],[845,-446],[154,-147],[725,-670],[516,-244],[296,-49],[845,7],[1153,91],[1855,-91],[856,-118],[813,-203],[318,-14],[417,42],[648,147],[384,97],[1218,398],[418,98],[450,-265],[560,-670],[252,-377],[110,-433],[-11,-370],[0,-328],[-121,-383],[-637,-356],[11,-307],[165,-161],[77,-307],[44,-321],[615,28],[1163,91],[2086,125],[647,35],[571,56],[615,7],[307,-42],[330,-153],[22,-287],[219,-209],[593,-77],[593,-48],[121,-126],[-231,-454],[494,-174],[384,-216],[198,-238],[55,-286],[340,-195],[450,-126],[494,202],[296,21],[648,-104],[472,195],[582,244],[285,14],[527,-83],[417,-196],[319,-195],[439,-63],[285,-28],[560,0],[275,391],[263,21],[428,-196],[340,-76],[582,-168],[99,-244],[439,-161],[220,-293],[318,-49],[428,-223],[-263,-286],[-439,-195],[-55,-245],[263,-223],[593,-153],[263,-70],[461,-147]],[[822692,665791],[-637,-153],[-406,56],[0,349],[494,97],[713,168],[966,363],[626,223],[329,153],[154,405],[-55,321],[121,286],[220,217],[164,223],[308,356],[175,419],[110,230],[428,335],[560,132],[274,-118],[242,-335],[197,-335],[-241,-195],[-373,-252],[-242,-195],[-153,-237],[-209,-349],[-395,-593],[-373,-496],[-429,-391],[-505,-251],[-603,-223],[-571,-77],[-889,-133]],[[858654,765821],[-406,-28],[-330,259],[-351,195],[-351,307],[-143,223],[-66,314],[-99,342],[308,217],[329,369],[0,266],[-88,404],[121,328],[88,147],[44,300],[274,147],[472,41],[472,84],[297,91],[669,98],[439,-314],[110,-314],[44,-391],[11,-307],[33,-161],[-121,-300],[-88,-181],[-197,-363],[0,-237],[-242,-314],[-197,-349],[-407,-217],[-142,-237],[-209,-258],[-274,-161]],[[990657,823582],[-318,-21],[-384,77],[-308,154],[-120,230],[219,272],[648,14],[285,-125],[143,-224],[-165,-377]],[[999768,836290],[-384,-70],[-603,175],[21,335],[560,174],[549,-28],[88,-404],[-231,-182]],[[948636,851001],[-396,-28],[-318,161],[-165,404],[-175,217],[-275,362],[22,342],[231,203],[208,405],[549,509],[483,244],[396,-28],[395,-202],[44,-265],[-55,-328],[0,-335],[44,-189],[186,-258],[-252,-202],[-297,-447],[-252,-265],[-373,-300]],[[955112,863688],[-208,-244],[-308,90],[-219,342],[-22,356],[373,258],[417,175],[176,-217],[-11,-321],[-88,-258],[-110,-181]],[[929041,871246],[-66,-217],[-121,314],[187,-97]],[[946308,878078],[758,-133],[494,28],[626,91],[340,125],[593,91],[428,-35],[615,-119],[362,-209],[0,-223],[-341,-217],[-395,-188],[-472,-230],[-164,-147],[-308,-209],[-604,-161],[-241,-216],[-242,-168],[-417,-104],[-230,-210],[66,-279],[131,-174],[-175,-314],[-176,-244],[-11,-370],[-11,-342],[-66,-307],[-318,-363],[-55,-307],[-428,-161],[-318,-195],[-407,-251],[-340,-98],[-494,49],[-318,-224],[-66,-376],[-417,-112],[-571,188],[-505,-146],[-307,-161],[-385,-146],[-351,-70],[-373,-202],[-340,-321],[-165,-294],[110,-376],[-88,-370],[-88,-349],[-110,-391],[-230,-195],[-483,-63],[-417,42],[-341,132],[-296,161],[-242,188],[-351,140],[-406,-210],[-209,-286],[88,-237],[373,-342],[440,-153],[76,-231],[-362,-223],[-340,-91],[-307,-230],[-110,-314],[-527,-223],[-461,97],[-604,-160],[11,-300],[-66,-210],[-176,-216],[-153,-244],[-110,-377],[-373,-119],[-494,-404],[-176,-105],[-801,-551],[-527,-405],[-472,-161],[-297,-28],[-581,119],[142,321],[220,363],[-318,223],[-549,-258],[-384,-265],[-308,-279],[-121,-147],[-362,-181],[-285,-98],[-395,-91],[-374,-83],[-384,-168],[-88,-223],[-186,-307],[-352,-175],[-274,-216],[-714,-349],[-362,-77],[-417,7],[-549,133],[-593,105],[77,216],[176,251],[241,272],[264,342],[318,621],[275,356],[406,412],[197,286],[220,377],[66,377],[99,272],[373,384],[538,551],[1262,1158],[538,266],[417,132],[297,168],[296,167],[406,154],[461,286],[626,307],[241,118],[857,301],[351,300],[483,314],[307,265],[351,377],[440,328],[494,258],[439,230],[362,398],[187,447],[76,174],[110,412],[209,488],[285,545],[176,230],[296,223],[340,307],[176,426],[55,258],[340,377],[538,391],[330,84],[406,62],[329,259],[252,62],[374,161],[252,160],[549,210],[307,139],[319,196],[132,272],[-253,384],[143,258],[560,-210],[625,-181],[571,-146],[1789,-328]],[[942829,879620],[-44,-224],[-385,168],[242,391],[187,-335]],[[946802,881651],[-351,-252],[-340,-7],[-582,70],[-483,-146],[-560,195],[286,56],[395,132],[44,231],[252,342],[275,244],[483,-49],[483,-300],[120,-279],[-22,-237]],[[953817,885761],[-33,-56],[-55,91],[88,-35]],[[692532,952196],[-21,196],[-209,321],[-44,209],[165,272],[44,384],[164,377],[319,56],[428,-154],[647,-35],[363,84],[603,105],[286,125],[549,70],[461,91],[647,49],[385,-161],[548,140],[418,132],[614,-28],[472,63],[275,363],[252,251],[571,-132],[461,-217],[286,-335],[406,7],[296,-83],[472,76],[538,-125],[307,-244],[231,-231],[395,-181],[1131,-217],[1240,-348],[417,-342],[297,-454],[164,-370],[363,-265],[560,-168],[856,-146],[461,-84],[1625,-49],[625,-153],[637,-328],[659,-384],[790,-516],[1142,-963],[1855,-1389],[417,-84],[461,56],[1175,872],[955,803],[11,7],[537,411],[802,608],[966,802],[22,14],[702,600],[604,503],[395,411],[1702,1396],[966,838],[636,369],[923,175],[1086,21],[1164,-14],[615,-7],[505,-14],[1075,-70],[1373,-112],[669,-76],[2141,-231],[285,-28],[955,-104],[1043,-203],[1636,-516],[1284,-747],[494,-390],[297,-238],[219,-77],[648,-237],[878,-14],[1317,238],[1197,125],[142,35],[582,223],[505,307],[725,384],[560,489],[263,230],[242,77],[395,125],[406,49],[1548,-90],[2020,-147],[2063,70],[1581,125],[933,133],[527,293],[494,272],[1460,810],[362,90],[395,-48],[483,-203],[901,-216],[296,-77],[977,-244],[77,-14],[1899,-279],[55,-7],[1262,-168],[966,-195],[889,-293],[549,-119],[780,-63],[428,-174],[285,-335],[110,-126],[329,-404],[176,-189],[889,-893],[187,-84],[417,-174],[340,-119],[670,-146],[713,-175],[176,-21],[692,-105],[22,0],[878,-41],[406,83],[582,265],[450,447],[241,524],[11,383],[-99,286],[-54,335],[98,224],[99,244],[231,391],[241,223],[22,188],[88,335],[143,203],[516,586],[219,293],[318,272],[494,321],[560,245],[297,111],[296,182],[362,293],[538,425],[428,196],[428,91],[516,69],[560,161],[352,251],[439,321],[340,168],[263,90],[516,7],[264,-83],[1306,-538],[1394,-802],[889,-447],[1219,-454],[1142,-293],[1778,-390],[681,-70],[581,0],[264,63],[395,111],[274,35],[593,14],[395,-63],[527,-83],[417,-161],[538,-202],[395,-182],[407,-216],[494,-63],[538,147],[417,7],[373,-42],[637,-70],[570,-21],[374,-161],[592,-209],[396,-181],[318,42],[395,-147],[286,-35],[417,14],[417,63],[549,223],[538,-216],[395,-133],[549,98],[538,-49],[494,-21],[329,70],[384,91],[505,14],[384,-91],[231,-147],[549,28],[428,-153],[296,-49],[593,21],[351,-98],[527,-49],[384,140],[165,307],[384,160],[648,147],[395,126],[461,41],[439,42],[549,147],[340,70],[703,69],[450,56],[263,49],[440,168],[120,167],[-186,286],[-143,237],[307,321],[538,245],[352,-126],[252,-209],[-55,-342],[-274,-293],[-55,-189],[-77,-279],[362,-314],[275,-209],[175,-286],[110,-196],[242,-272],[208,-195],[187,-203],[252,-181],[439,-223],[176,-133],[176,-272],[-187,-405],[88,-202],[263,-182],[319,-314],[274,-244],[340,-237],[363,-238],[516,-251],[472,21],[559,230],[582,56],[209,-209],[121,-363],[153,-314],[187,-265],[560,-203],[384,49],[637,154],[428,-42],[560,-286],[581,-140],[385,0],[614,-42],[374,-90],[307,-119],[362,-91],[582,-90],[450,-196],[264,-153],[417,-245],[1229,-600],[351,-139],[604,-126],[780,-84],[933,-83],[1591,-140],[1065,-91],[319,-28],[417,-35],[1811,-146],[1273,21],[1691,-203],[132,-13],[1108,-147],[417,-56],[1482,-342],[868,-202],[450,-161],[241,-90],[758,-273],[373,-139],[2075,-768],[505,-188],[373,-105],[549,77],[955,335],[1394,516],[834,426],[253,154],[559,334],[418,154],[570,119],[494,83],[231,98],[318,370],[341,265],[318,133],[417,90],[439,70],[593,105],[329,77],[319,118],[570,412],[363,279],[318,189],[428,209],[703,377],[527,328],[801,495],[406,244],[626,447],[241,196],[297,258],[142,251],[88,314],[110,321],[274,140],[560,111],[450,14],[363,21],[461,70],[581,91],[648,76],[538,133],[351,140],[966,404],[977,314],[154,238],[88,216],[450,782],[121,216],[120,251],[176,447],[483,111],[428,-69],[516,-77],[637,0],[966,-28],[1109,21],[450,49],[2349,56],[2305,76],[198,126],[-44,314],[109,146],[3557,950],[845,279],[2602,698],[3710,1011],[2613,684],[66,14],[889,593],[428,252],[955,586],[659,426],[340,300],[549,383],[329,140],[352,119],[527,125],[428,77],[439,35],[329,21],[626,56],[549,181],[779,586],[143,28],[746,-300],[494,265],[132,266],[-176,341],[-109,363],[373,300],[417,189],[165,356],[142,167],[505,140],[428,77],[-22,383],[-65,307],[351,335],[88,294],[955,642],[1097,509],[396,56],[2634,7],[659,7],[604,63],[581,355],[923,573],[384,188],[1350,454],[1559,872],[274,119],[593,-98],[252,-168],[494,-286],[483,-188],[725,-237],[209,-77],[746,-251],[373,-161],[549,-314],[264,-125],[318,-154],[340,-202],[637,-300],[373,-140],[297,-112],[548,-76],[923,-119],[373,-14],[889,-14],[362,-28],[395,42],[461,-98],[297,-76],[494,34],[395,63],[560,217],[593,160],[406,77],[373,56],[538,90],[560,63],[351,84],[571,77],[461,-14],[560,-112],[582,0],[483,21],[252,21],[505,-49],[527,-84],[472,-118],[494,-133],[406,-70],[450,-21],[450,7],[319,-76],[274,-280],[231,-279],[340,-132],[637,-105],[274,140],[373,48],[340,-83],[604,21],[275,202],[592,28],[352,-70],[428,-77],[362,154],[406,230],[275,161],[406,237],[252,133],[516,139],[428,-7],[308,7],[494,91],[362,139],[472,168],[571,202],[538,-76],[593,-168],[318,-112],[505,-153],[351,14],[483,139],[286,140],[362,167],[395,168],[329,133],[494,181],[472,195],[198,-342],[-121,-411],[-197,-293],[-308,-328],[-307,-189],[-187,-265],[-230,-147],[-395,-125],[-549,-216],[-352,-91],[-384,-126],[-340,-21],[-395,105],[-132,377],[143,342],[-187,286],[-538,21],[-659,-56],[-493,-119],[-308,-104],[-406,-203],[-285,-160],[-440,-286],[-197,-182],[-297,-230],[-329,-307],[-241,-210],[-121,-202],[-275,-307],[-230,-258],[-187,-175],[-351,-349],[44,-307],[-209,-251],[-241,-272],[-132,-237],[-219,-419],[-110,-209],[-220,-419],[-252,-363],[-176,-356],[-219,-446],[-44,-98],[-297,-579],[-153,-370],[-220,-342],[-99,-286],[-274,-684],[-264,-754],[-33,-84],[-153,-453],[-110,-279],[-220,-677],[-208,-775],[-264,-809],[-230,-684],[-33,-98],[-121,-481],[-142,-531],[-264,-1019],[-154,-872],[-197,-1298],[0,-7],[-187,-1549],[-77,-1005],[0,-684],[-22,-461],[-22,-265],[-33,-251],[-10,-244],[-11,-398],[0,-496],[21,-418],[-32,-356],[-11,-342],[11,-342],[22,-391],[54,-523],[55,-475],[55,-460],[11,-419],[22,-461],[0,-439],[44,-517],[55,-593],[55,-405],[77,-446],[55,-363],[10,-98],[451,-2268],[219,-963],[198,-781],[219,-677],[319,-852],[373,-935],[406,-907],[483,-1026],[373,-698],[187,-349],[143,-244],[329,-558],[637,-1124],[559,-914],[0,-28],[483,-726],[44,-62],[242,-370],[110,-196],[186,-321],[253,-342],[329,-474],[198,-258],[208,-203],[286,-328],[340,-384],[406,-488],[351,-377],[176,-230],[110,-182],[208,-223],[198,-167],[241,-259],[253,-286],[340,-370],[275,-258],[373,-363],[351,-370],[242,-258],[186,-167],[560,-482],[307,-223],[297,-230],[428,-321],[505,-300],[801,-349],[538,-231],[834,-279],[352,-125],[538,-77],[933,-28],[439,223],[230,579],[99,294],[99,272],[571,76],[669,70],[1186,91],[439,35],[615,-112],[417,-125],[362,-91],[308,-175],[131,-209],[253,-202],[-330,-363],[-274,-175],[-307,-223],[-286,-147],[-439,-125],[-252,-154],[-417,-146],[-319,-42],[-560,-35],[-373,-133],[-99,-202],[-77,-377],[-11,-398],[11,-376],[55,-370],[121,-440],[66,-216],[187,-349],[153,-314],[132,-363],[88,-140],[219,-377],[242,-369],[186,-238],[242,-370],[285,-404],[176,-231],[296,-376],[253,-259],[395,-349],[209,-174],[263,-181],[593,83],[351,147],[659,7],[296,-126],[264,-181],[252,-147],[615,-181],[593,-77],[570,0],[297,35],[417,56],[494,-21],[659,-307],[439,-244],[516,118],[614,-188],[835,-524],[219,-293],[-110,-230],[-120,-272],[230,-203],[571,-321],[384,-355],[-99,-349],[-274,-398],[-88,-251],[121,-245],[220,-160],[131,-293],[-66,-419],[-164,-209],[-319,-279],[-318,-328],[-143,-210],[-230,-321],[-275,-370],[-1097,-705],[-450,-174],[-1043,-419],[-549,-21],[-319,-41],[-395,-84],[-527,-7],[-439,-42],[-307,-49],[-516,-84],[-318,-69],[-428,-182],[-374,-195],[-241,-314],[340,-363],[154,-251],[-198,-308],[-538,-55],[-296,-168],[-296,-230],[-264,-286],[-99,-175],[-153,-300],[-231,-265],[-209,-237],[-592,-91],[-417,49],[-330,7],[-384,-237],[-121,-133],[-351,-642],[-154,-286],[-208,-928],[0,-300],[55,-314],[76,-224],[462,-286],[318,-132],[538,-210],[219,-111],[121,-314],[-132,-377],[55,-321],[494,-182],[439,161],[670,-119],[-11,-370],[-99,-272],[-219,-279],[-176,-237],[-176,-168],[-296,-293],[-187,-328],[-88,-377],[-32,-237],[32,-223],[176,-321],[110,-349],[-44,-468],[-187,-370],[-450,-153],[-494,-84],[-428,-216],[-285,-126],[-472,-35],[-417,28],[-275,84],[-274,195],[-121,266],[-384,97],[-780,-412],[-142,-216],[109,-460],[-76,-273],[197,-293],[637,-872],[187,-314],[43,-307],[-164,-293],[-319,-307],[-450,-217],[-494,-7],[-362,-48],[-176,-342],[44,-280],[99,-279],[-384,-167],[-450,-35],[-307,-14],[-429,-147],[-98,-202],[-319,-251],[-593,-433],[-329,-223],[-208,-202],[-363,-287],[-362,-132],[-549,7],[-483,146],[-318,98],[-439,-195],[-275,-182],[-230,-153],[-264,-189],[-735,-230],[-176,-49],[-713,-223],[-538,-14],[-253,153],[-99,293],[22,266],[253,328],[241,167],[461,56],[681,70],[395,90],[637,175],[450,42],[351,160],[297,286],[230,273],[319,355],[142,328],[77,245],[-55,237],[-131,384],[-165,307],[-110,181],[-307,496],[-944,963],[-670,439],[-274,49],[-505,-146],[-472,139],[-99,328],[-66,342],[-198,265],[-406,245],[-197,272],[-110,412],[88,321],[197,279],[297,335],[98,251],[-98,265],[-341,370],[-406,216],[-516,147],[-384,118],[-505,308],[-384,328],[-417,251],[-143,202],[-88,433],[-351,146],[-527,189],[-1570,656],[-1032,418],[-1921,1096],[-483,265],[-702,552],[-406,321],[-110,90],[-395,307],[-505,182],[-385,118],[-384,119],[-1141,237],[-440,245],[-340,335],[-121,181],[-87,314],[-22,223],[-11,300],[87,342],[-625,126],[-670,-35],[-637,-7],[-1163,-35],[-966,-35],[-384,-28],[-1186,-76],[-1273,-363],[-450,-210],[-527,-244],[-1164,-565],[-384,-251],[-362,-272],[-132,-231],[-187,-300],[-99,-202],[-384,-238],[-120,-265],[98,-307],[-186,-349],[-220,-223],[-483,-209],[-66,-335],[-219,-189],[-352,-139],[-307,-321],[-154,-168],[-263,-279],[-88,-405],[-373,-265],[-483,-153],[-439,-77],[-362,-126],[-121,-335],[-297,-307],[-241,-258],[-384,-412],[-231,-384],[-186,-286],[-209,-230],[-285,-307],[-319,-251],[-263,-265],[-363,-349],[-131,-147],[-330,-230],[-417,-63],[-571,-251],[-76,-251],[-55,-224],[-209,-328],[-472,35],[-384,175],[-143,174],[-340,202],[-516,140],[-571,56],[-384,167],[-362,7],[-626,112],[-307,49],[-527,56],[-681,42],[-406,13],[-351,91],[-450,21],[-440,-209],[-417,63],[-318,14],[-516,-126],[-505,-133],[-406,-69],[-549,7],[-516,279],[-549,-63],[-296,49],[-406,174],[-110,182],[-604,-21],[-516,-63],[-351,21],[-428,21],[-417,7],[-1559,28],[-648,14],[-483,-84],[-450,-91],[-560,-91],[-911,-174],[-680,91],[-736,-126],[-560,-70],[-636,182],[-363,223],[-406,-35],[-241,-335],[-352,-202],[-680,56],[-659,-28],[-351,28],[-406,-238],[-593,-202],[-549,-195],[-406,-35],[-329,69],[-494,217],[-516,-56],[-363,-84],[-285,-209],[-154,-196],[-274,-328],[-220,-328],[-153,-181],[-242,-202],[-274,-272],[44,-224],[-88,-230],[44,-363],[-88,-258],[11,-328],[153,-272],[110,-314],[88,-154],[285,-258],[286,-119],[362,-139],[-285,-342],[-549,-147],[-450,-63],[-340,-118],[-297,-356],[-296,-363],[-66,-272],[-44,-189],[-121,-362],[11,-321],[-143,-356],[-54,-231],[-132,-265],[-362,-251],[-440,-175],[-472,-223],[-515,-258],[-165,-91],[-395,-230],[-450,-244],[-330,-189],[-373,-230],[-362,-223],[-176,-105],[-560,-370],[-208,-160],[-297,-238],[-44,-265],[55,-258],[-142,-230],[252,-370],[384,-196],[472,-300],[132,-307],[110,-279],[197,-726],[0,-321],[-65,-188],[-308,-293],[-230,-342],[-110,-377],[-66,-258],[-220,-558],[-87,-377],[-88,-398],[88,-223],[186,-307],[121,-259],[154,-418],[33,-98],[-11,-412],[-66,-453],[-11,-238],[-44,-363],[-66,-258],[11,-258],[231,-230],[208,-196],[-88,-418],[-66,-342],[-131,-921],[-143,-908],[-22,-90],[-121,-440],[-120,-314],[-209,-272],[-77,-244],[-66,-314],[-505,-761],[-98,-168],[-11,-439],[-143,-649],[-22,-300],[66,-189],[-88,-356],[33,-321],[44,-230],[-143,-286],[-121,-196],[-98,-265],[-692,-963],[-659,-1005],[-88,-376],[110,-342],[176,-210],[132,-230],[33,-307],[-110,-244],[-99,-217],[-659,-802],[-966,-942],[-318,-461],[-165,-419],[-208,-523],[-88,-412],[-33,-83],[-187,-433],[-230,-335],[-165,-314],[-88,-244],[-252,-217],[-286,-251],[-318,-349],[-252,-426],[-110,-202],[-154,-286],[-77,-279],[66,-279],[187,-273],[362,-279],[318,-230],[-22,-412],[-120,-363],[-406,-244],[-198,-349],[-318,-725],[-209,-447],[-428,-1235],[-33,-419],[-252,-391],[-582,-802],[-472,-621],[-483,-496],[-527,-481],[-286,-245],[-142,-118],[-341,-405],[-219,-272],[-275,-328],[-307,-377],[-187,-300],[-142,-244],[-165,-377],[-44,-377],[-33,-237],[549,-210],[472,-14],[198,-363],[-132,-258],[-384,-258],[-571,-174],[-450,-91],[-395,-42],[-88,-433],[505,-188],[483,14],[77,-391],[-264,-286],[-274,-42],[-297,-251],[-153,-189],[-165,-348],[-252,-377],[-473,-300],[-21,-231],[-187,-314],[-351,-314],[-231,-321],[-285,-272],[-494,-474],[-374,-210],[-351,-265],[-164,-181],[-483,-552],[-330,-397],[-208,-287],[-165,-202],[-77,-251],[-472,-370],[-44,-272],[154,-231],[187,-244],[153,-195],[-66,-279],[-197,-391],[-66,-314],[-132,-210],[-99,-293],[-208,-202],[-406,-223],[-461,-279],[-472,-49],[-297,-56],[-285,-237],[55,-363],[241,-265],[-132,-203],[-505,-223],[-614,-133],[-341,-307],[-505,-558],[-329,-328],[-450,-237],[-220,-286],[-142,-189],[-275,-516],[-307,-419],[-187,-265],[-186,-251],[55,-328],[-242,-238],[-307,-237],[-55,-167],[-154,-468],[-88,-391],[-98,-335],[32,-237],[55,-223],[220,-335],[241,-231],[275,-272],[208,-314],[44,-314],[275,-167],[549,-77],[560,91],[285,-217],[-275,-230],[-483,-202],[-142,-126],[-538,-167],[-670,-112],[-120,-328],[-11,-328],[65,-342],[418,-112],[559,70],[275,-230],[-33,-244],[176,-273],[219,-251],[-66,-188],[-44,-377],[-120,-412],[-319,-216],[-406,14],[-373,14],[-461,91],[-373,104],[-308,307],[-241,342],[-648,-7],[-527,-146],[-439,-217],[-549,-342],[-241,-146],[-374,-293],[-318,-321],[-582,-586],[-516,-594],[-230,-293],[186,-349],[253,-265],[186,-195],[176,-293],[-77,-196],[-197,-321],[-242,-153],[-538,-49],[-450,63],[-373,83],[-505,-223],[-274,-279],[-176,-195],[-110,-384],[209,-377],[-242,-300],[-175,-307],[-132,-251],[-286,-245],[-428,-118],[-318,-377],[274,-203],[461,-181],[297,-140],[-329,-307],[-297,35],[-582,161],[-516,-56],[-329,-174],[-165,-294],[-208,-272],[-351,-49],[-483,49],[-121,265],[-143,307],[-604,14],[-494,-97],[-373,-238],[-307,-286],[-154,-237],[-176,-349],[-76,-265],[-33,-384],[22,-670],[175,-384],[417,-195],[604,35],[-22,-321],[-197,-161],[-527,-139],[-428,-244],[142,-426],[-395,-154],[-329,-97],[-560,48],[-165,238],[-208,146],[-231,259],[-604,181],[-527,-21],[-406,-126],[-439,-195],[-252,-126],[-297,-209],[-516,-35],[-340,-28],[-373,35],[-571,-202],[-187,-224],[-175,-251],[-132,-237],[-176,-544],[-131,-273],[-88,-300],[-77,-328],[66,-404],[-286,-419],[-65,-251],[-88,-363],[-253,-405],[-153,-209],[-121,-258],[-132,-259],[-143,-202],[-153,-279],[-604,-224],[-494,28],[-395,-272],[-242,-300],[-252,-391],[-187,-335],[-164,-321],[-187,-467],[-121,-300],[-77,-224],[-87,-237],[-231,-663],[-143,-412],[-340,-928],[-263,-537],[-165,-335],[-253,-342],[-98,-195],[-99,-245],[-88,-223],[-143,-412],[-120,-328],[-88,-314],[-44,-188],[-121,-293],[-143,-363],[-33,-230],[-131,-349],[-121,-279],[-77,-280],[-121,-341],[-164,-280],[-319,-397],[-175,-245],[-275,-502],[-197,-279],[-99,-224],[-143,-265],[-186,-265],[-99,-195],[-77,-300],[-99,-182],[-165,-244],[-274,-342],[-362,-314],[-319,-356],[-241,-244],[-472,-328],[-176,-189],[-483,-516],[-219,-209],[-417,-454],[-396,-482],[-274,-348],[-187,-231],[-208,-300],[-176,-349],[-22,-202],[-44,-265],[-175,-252],[-286,-397],[-483,-307],[-153,-147],[-209,-265],[-307,-335],[-483,-140],[-593,-83],[-439,14],[-472,307],[-582,76],[-582,-83],[-373,-21],[-319,-77],[-406,-98],[-428,-56],[-647,42],[-341,203],[-307,111],[-384,112],[-428,-147],[-341,-202],[-296,-139],[-428,-266],[-363,-209],[-329,-147],[-472,-48],[-428,-77],[-154,-203],[77,-258],[-285,-405],[-527,-118],[-560,-140],[-670,-300],[-318,-146],[-889,-503],[-264,-160],[-1032,-635],[-109,-77],[-681,-551],[-768,-615],[-1208,-1053],[-175,-168],[-626,-607],[-121,-119],[-516,-467],[-648,-663],[-1075,-1082],[-1296,-1354],[-252,-293],[-242,-265],[-241,-377],[-154,-258],[-143,-384],[-131,-516],[-33,-133],[-275,-1284],[-55,-321],[-21,-342],[43,-670],[66,-1088],[44,-286],[143,-468],[296,-872],[154,-370],[285,-468],[253,-418],[132,-175],[230,-223],[549,-468],[494,-258],[494,-251],[746,167],[440,259],[384,272],[439,83],[307,140],[439,119],[363,42],[450,-105],[340,-196],[296,-404],[187,-182],[406,-258],[329,14],[363,-147],[582,-69],[526,-28],[319,-7],[340,-370],[-176,-237],[-54,-189],[-527,-586],[-132,-112],[-351,-300],[-429,-453],[-285,-356],[-329,-349],[-253,-251],[-109,-321],[0,-475],[-33,-279],[-176,-272],[-307,-203],[-407,-265],[-329,-146],[-318,-63],[-626,-42],[-340,-91],[-527,-76],[-560,69],[-406,-216],[-132,-175],[-351,-265],[-362,-160],[-330,-237],[-219,-349],[-44,-231],[175,-349],[132,-216],[-197,-419],[-352,-335],[-296,-146],[-582,-168],[-340,-160],[-417,-35],[-494,140],[0,286],[-77,425],[-110,342],[-44,300],[329,231],[77,376],[33,412],[33,300],[44,370],[-99,307],[-11,391],[44,202],[143,266],[-55,293],[-55,272],[-110,356],[55,244],[-33,405],[22,356],[11,349],[143,160],[219,244],[-230,391],[-417,119],[-264,363],[-142,209],[-363,174],[-911,370],[-153,217],[-308,237],[-593,202],[-472,272],[-450,182],[-527,56],[-197,153],[-209,251],[-516,161],[-241,223],[-154,356],[-99,349],[-285,286],[-318,161],[-571,230],[-637,188],[-1284,335],[-352,70],[-1020,126],[-560,56],[-461,48],[-516,49],[-297,-28],[-625,-62],[-440,-91],[-395,-140],[-603,-69],[-1208,41],[-659,28],[-1240,77],[-1394,35],[-725,7],[-351,-14],[-516,-56],[-735,-84],[-670,-111],[-340,-70],[-714,-161],[-274,-48],[-450,-84],[-1263,-272],[-834,-182],[-1537,-363],[-384,-125],[-823,-258],[-1175,-398],[-1614,-649],[-1010,-405],[-318,-126],[-1218,-488],[-1021,-433],[-396,-167],[-537,-258],[-538,-273],[-911,-460],[-571,-328],[-439,-244],[-1449,-824],[-99,-56],[-1065,-649],[-1153,-788],[-131,-84],[-868,-684],[-219,-174],[-1680,-1445],[-2481,-2128],[-1207,-1256],[-1702,-1752],[-1394,-1556],[-175,-196],[-264,-293],[-143,-160],[-318,-398],[-318,-328],[-143,-147],[-252,-237],[-604,-586],[-1065,-1214],[-241,-245],[-538,-642],[-55,-62],[-275,-370],[-186,-251],[-187,-321],[-121,-238],[-131,-300],[-66,-181],[-121,-272],[-33,-398],[22,-231],[33,-321],[-285,-286],[21,-321],[154,-383],[-66,-161],[-175,-293],[-363,-370],[-296,-279],[-231,-377],[-76,-321],[208,-391],[-164,-314],[-483,-111],[-363,-273],[-153,-146],[-472,-182],[-626,-188],[-176,-216],[-318,-259],[-231,-230],[-164,-279],[-286,-363],[-263,-195],[-461,-224],[-439,-97],[-374,-349],[-230,-335],[-143,-342],[33,-230],[66,-307],[-209,-224],[-219,-174],[-340,-342],[-55,-216],[0,-328],[11,-301],[175,-418],[-109,-272],[-187,-245],[-176,-195],[-417,-126],[-252,-160],[-297,-363],[-164,-237],[-33,-314],[-198,-224],[-197,-167],[-198,-210],[-264,-258],[-109,-328],[-143,-216],[-296,-307],[-242,-356],[-88,-216],[-22,-349],[-120,-293],[-110,-245],[-88,-188],[-22,-426],[-231,-328],[-142,-286],[-77,-188],[-198,-370],[-153,-223],[-176,-245],[-99,-230],[-88,-307],[-22,-335],[-175,-293],[-88,-223],[-22,-280],[285,-307],[286,-244],[77,-356],[11,-216],[-428,-154],[-374,-244],[-362,-49],[-527,35],[-428,-21],[-340,-90],[-560,-70],[-516,-112],[-220,-126],[-296,-195],[-373,-216],[-384,-426],[-198,-209],[-285,-224],[-198,-174],[-362,-209],[-428,-238],[-352,-202],[-329,-105],[-428,-146],[-264,-203],[-252,-279],[-121,-146],[33,-307],[-132,-245],[-417,-69],[-406,-252],[-373,-104],[-286,-77],[-373,-98],[-658,-77],[-637,-160],[-253,-105],[-373,-286],[-340,-279],[-209,-293],[-131,-202],[-176,-294],[-505,-565],[11,0],[-362,-405],[-198,-230],[-219,-258],[-176,-244],[33,-426],[-176,-265],[-230,-237],[-198,-203],[-219,-335],[-154,-237],[-242,-328],[-241,-307],[-769,-956],[-208,-356],[-209,-405],[-175,-384],[-176,-418],[-165,-587],[-164,-704],[-33,-119],[-88,-551],[-55,-510],[-22,-125],[-99,-482],[-33,-335],[-55,-467],[-11,-328],[-10,-349],[32,-859],[22,-251],[66,-684],[22,-77],[99,-614],[33,-209],[395,-1207],[165,-231],[66,-209],[131,-328],[220,-286],[252,-189],[88,-362],[-647,-98],[-363,-223],[165,-224],[560,-132],[219,-140],[286,-195],[252,-154],[472,-104],[549,48],[494,-251],[-88,-328],[-428,-349],[-208,-258],[-242,-209],[-461,-70],[-208,-209],[-209,-238],[-296,-404],[-55,-231],[-121,-300],[-242,-258],[-362,-230],[-329,-105],[-362,-63],[-494,-56],[-429,0],[-548,-97],[-220,-168],[-165,-265],[-131,-321],[-154,-230],[-165,-245],[-98,-188],[-154,-335],[-242,-216],[-285,-182],[-176,-216],[-351,-412],[-296,-216],[-407,-370],[-318,-321],[-241,-279],[-374,-579],[-98,-175],[-165,-286],[-154,-558],[-33,-161],[-77,-342],[-43,-495],[-55,-412],[-33,-272],[-44,-195],[-77,-328],[-88,-391],[-88,-342],[-98,-328],[-154,-370],[-55,-195],[-77,-280],[-66,-355],[-99,-496],[-131,-426],[-88,-830],[66,-447],[11,-244],[55,-565],[22,-168],[54,-439],[121,-475],[11,-286],[44,-307],[154,-370],[22,-272],[66,-237],[274,-377],[231,-279],[406,-314],[483,7],[362,35],[373,-7],[373,-21],[352,-126],[285,-216],[253,-335],[109,-203],[88,-328],[88,-439],[0,-335]],[[617743,312121],[-340,-203],[-428,-90],[-483,-77],[-439,-14],[-439,0],[-428,7],[-418,63],[-406,83],[-340,28],[-395,-153],[-352,-21],[-384,293],[-99,216],[-395,154],[-625,56],[-571,251],[-66,258],[-516,49],[-406,126],[439,327],[560,175],[384,160],[307,259],[275,104],[296,175],[110,405],[-44,425],[-99,433],[-175,237],[-187,356],[-33,244],[66,321],[143,419],[11,223],[33,231],[142,244],[253,230],[450,258],[483,196],[516,188],[538,133],[406,84],[505,-245],[66,-279],[0,-167],[-11,-335],[65,-342],[110,-210],[264,-244],[230,-237],[494,-279],[527,-147],[505,-223],[593,-223],[230,-363],[0,-245],[-11,-279],[-120,-656],[-154,-732],[-33,-321],[-77,-356],[-186,-545],[-132,-237],[-209,-188]],[[578334,323810],[1076,-1166],[2163,-2317],[307,-369],[505,-545],[494,-579],[143,-167],[274,-301],[461,-432],[1098,-1117],[1251,-1151],[187,-168],[571,-516],[724,-670],[1263,-1033],[812,-823],[1021,-873],[373,-321],[944,-788],[1427,-1026],[461,-279],[516,-314],[879,-391],[153,-77],[450,-202],[319,-140],[1174,-412],[1526,-390],[406,-98],[1427,-209],[494,-70],[527,-28],[373,98],[297,390],[11,21],[571,566],[241,125],[615,314],[472,217],[516,272],[527,104],[625,-27],[286,-217],[329,-167],[329,-49],[527,21],[648,118],[395,0],[275,-160],[-22,-307],[-165,-328],[-230,-335],[-132,-258],[-176,-433],[-110,-328],[-109,-433],[-11,-223],[98,-272],[77,-209],[99,-231],[187,-384],[307,-300],[329,-146],[154,-196],[-77,-265],[-483,-223],[-329,-188],[-384,-301],[-242,-209],[-318,-279],[-66,-363],[55,-335],[165,-188],[-33,-335],[-220,-391],[-351,-412],[-253,-377],[-186,-223],[-406,-202],[-626,-7],[-439,-56],[-374,-147],[-450,49],[-351,286],[-516,35],[-955,-21],[-197,-160],[-593,0],[-483,195],[-582,-42],[-384,-237],[-253,-195],[-483,-531],[-208,-446],[-110,-363],[-22,-447],[55,-370],[66,-446],[-99,-391],[-132,-391],[-77,-223],[-33,-300],[77,-203],[99,-265],[220,-279],[296,-147],[516,-104],[395,14],[275,153],[548,49],[231,-140],[373,-118],[330,-112],[11,-314],[153,-237],[319,-230],[362,-56],[571,-147],[241,-181],[99,-482],[0,-230],[406,-237],[417,-84],[549,-209],[264,-196],[318,-300],[44,-258],[-11,-230],[66,-252],[142,-286],[165,-418],[44,-370],[-44,-349],[-209,-314],[-153,-356],[-165,-203],[-197,-355],[-55,-301],[-121,-335],[-77,-348],[-241,-301],[-977,-774],[-846,-530],[-351,-203],[-154,-139],[-164,-412],[-44,-740],[-66,-174],[-384,-189],[-670,-111],[-944,-28],[-790,-49],[-428,-21],[-418,7],[-647,35],[-341,-7],[-966,49],[-1075,139],[-418,63],[-296,279],[-560,244],[-483,49],[-263,189],[-176,181],[-417,530],[-439,266],[-384,279],[-450,258],[-220,140],[-538,565],[-439,384],[-176,139],[-252,286],[-132,161],[-549,146],[-285,-83],[-505,-147],[-351,-112],[-955,-223],[-439,-139],[-648,-203],[-845,-314],[-428,-153],[-418,-175],[-186,-70],[-494,-174],[-351,-223],[-626,-391],[-351,-265],[-440,-335],[-592,-531],[-637,-600],[-351,-405],[-154,-174],[-198,-279],[-109,-147],[-220,-300],[-187,-237],[-175,-203],[-308,-348],[-175,-328],[-362,-656],[-1043,-1822],[-505,-893],[-198,-335],[-165,-363],[-395,-865],[-373,-286],[-307,-203],[-143,-181],[-263,-621],[-242,-566],[-55,-279],[-154,-718],[-285,-1236],[-220,-1235],[-263,-977],[-121,-760],[-33,-210],[-22,-251],[-44,-279],[-21,-621],[-11,-579],[-11,-594],[11,-411],[76,-705],[77,-656],[132,-768],[66,-530],[66,-503],[33,-181],[98,-363],[198,-803],[44,-195],[88,-384],[33,-160],[230,-754],[187,-677],[110,-279],[164,-405],[220,-516],[296,-600],[330,-698],[164,-377],[88,-209],[516,-887],[2448,-4208],[1910,-3014],[22,-35],[340,-531],[1954,-3007],[341,-503],[164,-258],[319,-475],[219,-348],[154,-308],[66,-216],[-11,-356],[-154,-195],[-395,-237],[219,-405],[11,-14],[209,-412],[22,-433],[230,-732],[209,-1068],[121,-1005],[11,-174],[33,-1501],[-33,-279],[-143,-607],[-187,-977],[-77,-307],[-219,-1026],[-33,-265],[0,-775],[11,-356],[132,-949],[55,-370],[87,-495],[88,-447],[231,-970],[44,-202],[307,-1249],[66,-244],[187,-656],[197,-1012],[176,-998],[120,-852],[55,-1416],[33,-1054],[0,-384],[-22,-328],[-22,-251],[-131,-1668],[-198,-1165],[-77,-510],[-66,-391],[77,-369],[-88,-280],[-109,-272],[22,-223],[-209,-293],[-604,-161],[-362,-132],[-296,-98],[-418,35],[-636,119],[-352,-98],[-493,-133],[-319,-272],[-406,-698],[-154,-411],[-109,-398],[-66,-216],[-88,-315],[-77,-446],[-33,-154],[-99,-356],[-33,-139],[-55,-607],[-32,-398],[-44,-272],[-22,-203],[22,-328],[33,-300],[22,-153],[-11,-538],[11,-404],[54,-817],[22,-279],[22,-272],[22,-321],[11,-342],[77,-349],[55,-314],[44,-272],[0,-265],[22,-266],[110,-523],[87,-509],[22,-189],[99,-425],[77,-426],[33,-182],[99,-328],[121,-432],[65,-384],[99,-293],[77,-398],[66,-272],[88,-286],[66,-210],[54,-328],[88,-223],[352,-1026],[450,-1221],[417,-1123],[351,-957],[176,-474],[131,-272],[77,-161],[165,-349],[99,-216],[153,-502],[88,-308],[165,-376],[384,-859],[264,-551],[230,-509],[176,-405],[153,-356],[560,-1214],[198,-475],[132,-314],[526,-1026],[55,-111],[253,-545],[472,-1019],[143,-237],[54,-335],[99,-314],[286,-440],[219,-341],[187,-328],[143,-468],[21,-77],[110,-460],[363,-328],[-44,-314],[-66,-280],[-110,-418],[-99,-189],[-296,-265],[-516,-188],[-439,-126],[-439,265],[-396,35],[-428,-202],[-296,-279],[-110,-210],[-121,-439],[-32,-245],[10,-237],[44,-419],[77,-293],[88,-537],[110,-335],[77,-244],[-22,-384],[-88,-230],[-66,-217],[-66,-321],[-121,-244],[22,-377],[-33,-314],[33,-265],[121,-384],[132,-418],[186,-356],[-252,-398],[-351,-119],[-406,-35],[-429,0],[-483,224],[-142,104],[-450,161],[-231,70],[-593,76],[-702,77],[-615,0],[-648,-56],[-461,-125],[-461,-203],[-483,-223],[-164,-70],[-527,-111],[-439,-105],[-363,-147],[-197,-139],[-242,-272],[-274,-300],[-439,-335],[-395,-335],[-33,-35],[-1065,-614],[-878,-510],[-516,-244],[-352,-161],[-329,-62],[-241,397],[351,286],[329,189],[231,230],[-253,356],[-428,84],[-615,-119],[-570,91],[-681,-14],[-428,-279],[-395,-244],[-187,-126],[-494,-370],[-154,-160],[-230,-245],[-231,-174],[-647,-503],[-385,-328],[-230,-251],[-439,-453],[-88,-63],[-549,-426],[-143,-146],[-252,-266],[-154,-153],[-428,-447],[-999,-1047],[-77,-83],[-362,-384],[-230,-251],[-154,-203],[-209,-286],[-472,-719],[-351,-586],[-187,-300],[-461,-1033],[-109,-223],[-483,-942],[-66,-133],[-165,-335],[-187,-404],[-417,-852],[-384,-788],[-263,-363],[-319,-265],[-164,-126]],[[561232,156186],[-44,349],[131,272],[-98,258],[-55,426],[197,377],[-647,90],[-143,7],[-659,28],[-2525,105],[-1251,356],[-2184,565],[-2053,712],[-2514,1179],[-1811,824],[-1263,453],[-1076,210],[-1405,84],[-1723,-35],[-1636,-14],[-1097,132],[-1900,384],[-911,272],[-1635,510],[-516,272],[-121,258],[-22,342],[44,468],[-143,349],[-307,244],[-1241,349],[-494,-7],[-625,-168],[-363,-139],[-362,-175],[-1021,-349],[-1888,-328],[-428,-90],[-681,-154],[-505,-35],[-450,-7],[-592,-28],[-505,-7],[-374,7],[-461,154],[-570,-35],[-396,-63],[-329,28],[-483,49],[-373,-189],[-340,-132],[-363,-70],[-197,-286],[-319,-175],[-439,-251],[-340,0],[-538,-160],[-395,-182],[-450,-83],[-275,0],[-461,-84],[-263,-356],[-351,-307],[-308,-161],[-472,-125],[-340,21],[-428,-91],[-363,-147],[-472,-41],[-384,-126],[-571,-133],[-340,42],[-461,91],[-670,-56],[-340,-251],[44,-175],[-307,-265],[-571,-42],[-527,161],[-406,21],[-505,-35],[-615,7],[-527,-35],[-296,-91],[-450,-139],[-593,76],[-362,140],[-461,21],[-286,-77],[-395,-35],[-527,98],[-395,-14],[-604,-140],[-263,-13],[-659,0],[-516,153],[-296,279],[-330,223],[-494,168],[11,286],[-55,168],[-87,293],[44,390],[230,391],[66,245],[176,223],[87,202],[66,244],[88,314],[99,280],[99,244],[142,328],[220,412],[121,230],[175,342],[66,223],[99,300],[121,279],[22,252],[55,223],[186,342],[33,279],[99,384],[132,251],[120,258],[110,293],[187,196],[208,237],[363,91],[318,181],[307,300],[407,244],[-626,161],[-319,49],[-461,14],[-647,7],[-450,28],[-560,-42],[-340,-77],[-308,-98],[-439,-90],[-560,0],[-450,7],[-944,14],[-66,7],[-263,823],[-121,370],[-143,195],[-516,203],[-373,146],[-55,230],[-307,238],[-362,-35],[-341,7],[-538,21],[-461,7],[-505,139],[-516,133],[-625,84],[-341,125],[-340,105],[-571,181],[-439,70],[-582,-70],[-329,-83],[-450,-238],[-285,-111],[-538,63],[-330,-98],[-384,49],[-439,-217],[44,-202],[176,-335],[-308,-209],[-680,21],[-505,-77],[-406,-56],[-88,-265],[-176,-321],[-296,-286],[-330,-224],[-318,-62],[-230,-356],[21,-224],[99,-363],[-274,-272],[-472,14],[-395,-77],[-396,-181],[-32,-335],[406,-126],[164,-418],[242,-210],[-77,-383],[-461,-119],[-571,244],[-351,251],[-417,77],[-417,35],[-582,-209],[-549,-210],[-516,-293],[-253,-21],[-461,-321],[-87,-314],[-374,-118],[-329,97],[-450,21],[-505,-139],[-351,-77],[-220,-265],[-44,-398],[-417,7],[-395,-91],[-428,-272],[-143,-153],[44,-391],[252,-231],[-186,-544],[-428,-63],[-373,0],[-55,-411],[-176,-238],[-351,-104],[-461,-133],[-242,-174],[-197,-321],[-88,-140],[66,-384],[428,-286],[230,-405],[198,-300],[-527,-279],[-329,-84],[-286,-251],[33,-286],[-33,-377],[22,-258],[-252,-293],[-406,-195],[-286,-91],[-812,-224],[-461,42],[-406,196],[-407,-147],[-65,-286],[-429,-237],[-483,202],[-516,-42],[-241,-286],[-121,-335],[44,-167],[-99,-363],[-296,-230],[-209,-259],[33,-397],[-527,-217],[-362,217],[-154,153],[-439,168],[-340,-300],[132,-175],[252,-202],[66,-196],[99,-321],[-22,-342],[-88,-230],[-99,-209],[-252,-252],[-395,-7],[-659,-55],[-560,195],[-55,342],[-582,188],[-417,-188],[-197,-216],[-110,-384],[-231,-182],[-494,7],[-373,196],[-395,-56],[-582,56],[-33,300],[-516,167],[-318,-202],[307,-307],[209,-161],[154,-258],[-538,-146],[-362,-321],[0,-363],[-220,-238],[55,-265],[-187,-307],[33,-411],[253,-203],[-132,-251],[-637,-84],[-307,-49],[-406,-62],[-538,-189],[-110,-300],[154,-321],[-560,-98],[-483,-49],[-527,-167],[-88,-363],[-538,-244],[-472,-196],[-263,-97],[-428,-224],[55,-404],[-319,-349],[-560,-147],[-592,-97],[-418,-133],[-98,-279],[-461,-98],[-22,-258],[-341,-356],[-713,-21],[-406,-251],[208,-182],[286,-237],[-264,-300],[-560,-35],[-614,126],[-286,-140],[77,-426],[-220,-300],[-362,-7],[-340,-118],[-154,-224],[-241,-174],[-308,-174],[-219,-126],[-341,-195],[-318,-196],[-483,-230],[-483,-14],[-450,-56],[-340,-133],[-319,-146],[-395,-195],[-307,-154],[-461,-167],[-220,-161],[33,-314],[-560,-209],[-417,272],[-351,118],[-450,-125],[-187,-265],[-99,-168],[-175,-286],[142,-209],[418,-175],[131,-370],[-450,-181],[-88,-223],[198,-273],[253,-362],[-55,-308],[-648,7],[-285,273],[-330,118],[-505,35],[-329,-328],[-110,-398],[-154,-237],[-219,-405],[-351,-272],[-505,-223],[-341,-126],[-373,-139],[-329,-154],[-593,-132],[-209,-238],[-131,-300],[-362,-167],[-549,146],[-483,105],[-253,-154],[-406,-97],[-439,-63],[-856,-133],[-780,-125],[-428,-119],[-307,-56],[-362,-160],[-209,-231],[-318,-62],[-440,14],[-636,-175],[-395,-84],[-549,-188],[-275,-209],[-647,-49],[-494,-77],[-571,-28],[-856,-42],[-505,-70],[-308,-195],[-373,-139],[-406,-98],[-692,-147],[-823,-244],[-560,-70],[-340,-97],[-472,-56],[-275,-154],[-439,-91],[-351,0],[-505,-69],[-340,83],[-516,7],[-615,-167],[-362,-77],[-549,203],[-264,237],[-362,167],[-241,77],[-461,42],[-220,405],[-55,251],[-516,119],[-329,-91],[-472,-182],[-351,112],[-308,105],[-417,-35],[-417,-42],[-560,174],[-483,196],[-560,244],[-549,286],[-362,216],[-208,140],[-165,244],[-44,405],[33,1417],[-220,300],[-197,167],[-889,461],[-165,146],[-472,656],[-44,245],[55,572],[-176,460],[-472,754],[-373,482],[-296,502],[-187,879],[-373,635],[-143,321],[-197,314],[-341,301],[-450,-301],[-154,-328],[-307,-600],[-187,-684],[-43,-83],[-538,-649],[-44,-77],[-362,-363],[-462,-405],[-801,-600],[-329,-209],[-341,-147],[-504,-181],[-385,-91],[-1811,-1005],[-3458,-1661],[-977,-502],[-296,-300],[-395,-419],[-912,-1396],[-373,-488],[-1372,-1200],[-681,-398],[-406,-77],[-549,251],[-98,258],[-55,608],[-231,1053],[-263,412],[-582,391],[-1131,439],[-549,273],[-625,209],[-1252,77],[-593,104],[-175,63],[-659,489],[-1350,1151],[-681,649],[-746,712],[-494,279],[-790,70],[-791,-56],[-417,-21],[-1273,-188],[-857,0],[-636,132],[-461,266],[-637,816],[-1142,1382],[-230,286],[-55,363],[-22,230],[132,398],[-88,384],[-176,390],[-197,245],[-363,132],[-483,-237],[-351,-35],[-384,70],[-362,56],[-505,90],[-374,7],[-450,7],[-647,56],[-319,0],[-373,-174],[-208,-154],[-516,-195],[-461,84],[-385,69],[-329,-83],[-593,-105],[-647,91],[-494,-28],[-418,0],[-537,-91],[-440,-56],[-329,14],[-582,-14],[-406,-174],[-132,-244],[-230,-210],[-582,-237],[-395,-77],[-659,-125],[-538,62],[-373,0],[-307,-90],[-494,-77],[-286,-63],[-505,42],[11,370],[-33,377],[-164,300],[164,342],[253,111],[417,77],[604,154],[-176,418],[-318,454],[-373,488],[-352,342],[-856,775],[-439,377],[-604,139],[-505,154],[-197,230],[-253,349],[-186,209],[-527,503],[-198,398],[-296,153],[-264,175],[-230,349],[-33,279],[-132,202],[-340,258],[-275,182],[-406,453],[-2931,2359]],[[349927,155167],[1702,-153],[1043,-280],[1789,-453],[1284,-49],[1471,133],[2141,321],[1339,202],[2031,307],[2239,112],[1526,49],[867,48],[780,196],[1032,551],[669,426],[461,439],[417,398],[176,398],[516,454],[856,879],[44,419],[-66,453],[-175,510],[-615,725],[-351,600],[-22,328],[55,189],[307,579],[66,175],[252,362],[11,398],[209,210],[77,272],[11,216],[252,286],[-77,279],[-241,335],[-33,245],[99,202],[22,279],[-165,321],[198,182],[450,62],[65,335],[242,224],[-384,369],[22,321],[252,154],[253,237],[109,168],[363,181],[582,-14],[428,-244],[373,-112],[472,-237],[439,-160],[505,-259],[384,-69],[582,-7],[274,111],[231,251],[252,203],[418,0],[285,-56],[439,21],[406,70],[264,84],[439,55],[329,-49],[450,28],[549,77],[439,63],[461,98],[264,209],[636,21],[472,21],[407,153],[439,28],[472,-49],[384,42],[274,133],[275,195],[406,356],[439,307],[220,391],[153,391],[-219,412],[-319,258],[-428,258],[-110,244],[55,245],[66,432],[-77,272],[-11,280],[99,307],[253,397],[340,370],[461,698],[274,405],[44,398],[121,495],[198,328],[0,265],[-330,272],[-373,77],[-318,168],[-220,209],[-230,244],[-220,314],[-582,147],[-241,202],[-110,224],[-55,314],[-395,341],[-329,182],[-121,391],[-66,404],[-143,245],[-120,202],[0,265],[-22,245],[-165,300],[-143,209],[-241,328],[121,412],[472,132],[263,126],[-1164,460],[-351,56],[-483,0],[-274,-69],[-275,-238],[-99,-279],[-395,-286],[-549,-42],[-428,21],[-450,154],[-252,188],[-143,181],[-99,238],[-153,265],[-253,146],[-296,245],[-110,195],[-99,293],[-99,279],[-263,245],[-307,111],[-231,231],[-77,174],[-44,293],[-77,154],[-230,244],[-286,251],[33,251],[22,356],[-241,203],[-351,237],[-396,209],[-296,258],[11,356],[198,189],[362,265],[99,181],[-297,335],[-121,286],[-32,238],[-66,321],[-165,216],[-549,230],[-582,126],[-592,181],[-110,259],[44,188],[131,314],[44,293],[-66,377],[-164,251],[-253,189],[-395,195],[-505,147],[-384,62],[-450,70],[-560,230],[-165,398],[143,251],[417,203],[615,174],[395,210],[582,209],[527,-7],[538,147],[263,195],[198,300],[230,209],[406,314],[143,280],[406,230],[319,21],[494,-126],[197,-230],[-55,-342],[264,-293],[351,-21],[351,63],[308,181],[175,182],[198,223],[263,293],[33,181],[-142,266],[-198,160],[-362,265],[-286,286],[-120,168],[-198,314],[-88,188],[-66,266],[0,216],[11,251],[-22,335],[-43,433],[-231,377],[-274,174],[-121,328],[-209,363],[-406,230],[-132,224],[-76,328],[-385,362],[-99,238],[44,223],[209,335],[318,342],[352,146],[581,77],[670,105],[395,126],[341,118],[526,147],[516,118],[560,98],[297,251],[142,412],[483,195],[264,126],[329,195],[406,196],[275,98],[450,69],[483,7],[373,14],[340,35],[385,70],[461,167],[252,196],[121,209],[164,335],[341,489],[230,279],[-219,216],[-319,119],[-318,132],[-362,154],[-319,167],[-318,266],[-197,153],[-451,49],[-285,7],[-604,70],[-340,146],[-318,342],[-242,468],[-99,202],[-197,391],[-242,258],[-516,412],[-516,384],[-592,677],[-220,348],[-209,335],[-175,280],[-187,251],[-351,272],[-670,98],[-373,28],[-373,62],[-340,98],[-374,244],[-197,245],[-99,216],[-44,223],[-33,328],[-11,426],[-99,202],[-208,307],[-187,335],[-208,189],[-396,293],[-197,181],[-253,210],[-527,404],[-241,238],[-198,446],[-208,328],[-363,286],[-461,280],[-318,160],[-241,300],[-11,433],[-88,223],[-165,230],[-230,245],[-220,376],[11,328],[110,363],[55,300],[-66,391],[-297,217],[-318,111],[-395,112],[-527,167],[-362,196],[-385,363],[-241,376],[-77,245],[88,363],[252,202],[220,126],[285,202],[110,195],[-11,377],[-77,251],[-66,280],[121,209],[450,132],[374,224],[296,230],[154,154],[252,272],[318,188],[319,112],[483,153],[142,210],[66,251],[286,244],[483,244],[208,231],[88,230],[33,307],[-22,384],[-99,391],[-230,342],[-286,209],[22,328],[220,209],[176,210],[65,251],[-142,656],[-143,426],[-318,300],[-604,146],[-450,154],[-615,223],[-406,35],[-296,-70],[-440,-174],[-252,-161],[-329,-293],[-165,-181],[-549,-147],[-340,-28],[-494,7],[-549,-84],[-768,-202],[-451,-49],[-494,-49],[-439,-69],[-285,-105],[-373,-244],[-703,-77],[-845,-56],[-362,-77],[-428,-118],[-462,-77],[-307,-28],[-626,0],[-801,7],[-966,91],[-406,14],[-571,-49],[-648,-126],[-516,-63],[-570,-195],[-461,-98],[-560,-104],[-483,-63],[-395,0],[-637,118],[-384,98],[-297,49],[-494,63],[-318,-7],[-373,-77],[-396,-126],[-483,42],[-504,182],[-297,-14],[-713,-154],[-429,-111],[-570,28],[-571,244],[-351,125],[-626,42],[-406,42],[-670,77],[-472,112],[-988,286],[-274,111],[-275,210],[-285,342],[77,342],[307,286],[285,216],[231,154],[417,97],[703,91],[505,105],[505,125],[450,245],[713,537],[582,391],[329,160],[593,182],[560,286],[307,244],[264,335],[-132,293],[-516,237],[-373,189],[-198,111],[-252,238],[-176,390],[-472,245],[-549,56],[-1218,90],[-593,91],[-351,91],[-439,35],[-429,-14],[-559,-56],[-505,-21],[-692,112],[-582,125],[-340,70],[-450,77],[-450,28],[-604,-63],[-450,-77],[-494,-63],[-417,28],[-242,119],[-175,265],[-99,300],[-220,370],[-230,216],[-439,251],[-187,161],[-154,293],[66,188],[176,273],[176,425],[0,182],[-132,279],[-198,307],[132,405],[318,307],[176,265],[22,335],[-318,356],[-242,146],[-318,189],[-220,146],[-143,300],[77,259],[-77,356],[-241,286],[-253,209],[-307,181],[-406,189],[-329,139],[-472,203],[-450,230],[-286,161],[-241,160],[-220,195],[-252,342],[33,342],[296,245],[198,237],[54,314],[-87,202],[-407,307],[-307,147],[-263,363],[-297,342],[-285,153],[-362,210],[-198,118],[-253,272],[-65,405],[22,391],[384,342],[329,237],[-22,405],[-132,349],[55,258],[330,126],[417,153],[362,126],[450,258],[143,272],[132,635],[186,482],[-132,335],[-461,139],[-439,49],[-340,42],[-450,174],[-340,154],[-319,154],[-22,314],[-22,293],[-472,223],[-988,307],[-274,98],[-461,118],[-670,-69],[-549,-161],[-373,-272],[-439,-189],[-450,-13],[-340,55],[-396,182],[-252,195],[-121,189],[-33,335],[-11,439],[-22,279],[-164,342],[-483,238],[-396,55],[-603,-48],[-483,27],[-593,342],[-922,517],[-747,377],[-406,188],[-362,189],[-417,265],[-604,69],[-450,35],[-263,70],[-494,35],[-516,-7],[-626,-91],[-417,-104],[-505,-147],[-417,-63],[-571,7],[-450,70],[-198,307],[-143,258],[-274,112],[-307,167],[-253,224],[-164,146],[-396,175],[-296,84],[-1197,251],[-329,56],[-373,21],[-384,-42],[-374,-112],[-691,-216],[-560,-189],[-659,-63],[-241,301],[-198,244],[-428,167],[-724,196],[-341,55],[-307,196],[-176,181],[-527,224],[-428,104],[-647,112],[-472,160],[-253,161],[-198,272],[-10,168],[0,369],[21,342],[55,349],[-22,300],[-208,321],[-253,266],[-351,307],[-450,453],[-461,300],[-571,279],[-1120,280],[-1855,349],[-538,90],[-669,112],[-527,112],[-538,209],[-395,265],[-461,328],[-692,558],[-208,210],[-242,272],[-209,363],[-98,370],[-11,488],[55,147],[43,307],[-241,398],[-176,223],[-219,188],[-439,258],[-1032,294],[-571,188],[-538,230],[-198,203],[-263,321],[-538,656],[-208,244],[-220,300],[-143,244],[-98,244],[-286,301],[-494,153],[-626,175],[-559,146],[-670,133],[-373,258],[-374,314],[-395,84],[-527,-49],[-592,-105],[-505,70],[-516,370],[-363,342],[-505,356],[-417,272],[-592,495],[-352,286],[-274,217],[-428,188],[-308,147],[-362,244],[-44,328],[231,377]],[[279189,281897],[702,174],[604,133],[483,181],[384,231],[527,404],[362,286],[308,259],[340,307],[406,349],[286,390],[362,426],[121,286],[87,391],[55,412],[0,467],[121,363],[209,531],[263,439],[340,496],[341,383],[450,440],[99,91],[406,300],[604,412],[570,272],[626,181],[966,147],[856,181],[604,126],[428,167],[362,210],[440,363],[142,118],[450,579],[341,405],[483,349],[472,230],[1064,259],[451,118],[845,119],[647,202],[527,182],[341,167],[351,251],[340,398],[165,377],[241,321],[341,195],[702,266],[494,160],[670,133],[768,139],[582,14],[714,91],[581,188],[242,203],[220,251],[87,440],[0,286],[0,377],[-44,376],[22,405],[121,468],[187,377],[241,362],[384,335],[242,252],[329,258],[264,272],[55,272],[-55,335],[-264,377],[-307,447],[-340,411],[-209,273],[-285,341],[-264,273],[-186,153],[-890,768],[-33,35],[-494,572],[-472,579],[-109,133],[-363,363],[-241,230],[-549,516],[-384,510],[-154,230],[-241,356],[-242,398],[-121,349],[-120,411],[-44,468],[0,49],[44,405],[55,348],[120,475],[88,335],[33,105],[143,502],[164,335],[242,440],[241,384],[385,649],[241,307],[242,314],[120,293],[198,439],[209,377],[76,182],[66,300]],[[302263,316657],[725,432],[384,161],[1504,405],[955,223],[801,216],[549,105],[494,-21],[439,-105],[330,-160],[296,-154],[516,-49],[318,14],[450,91],[626,265],[593,293],[647,377],[505,286],[363,70],[614,28],[407,-21],[603,-21],[385,49],[395,251],[252,238],[461,446],[297,286],[779,942],[33,21],[538,768],[406,356],[296,139],[615,314],[395,238],[396,335],[494,481],[241,272],[571,635],[143,161],[636,593],[154,126],[329,307],[231,118],[538,224],[483,139],[406,105]],[[323856,326636],[362,84],[450,63],[472,-7],[319,-98],[669,-461],[812,-781],[165,-147],[516,-77],[384,21],[516,-223],[319,-84],[439,-28],[1032,140],[647,56],[483,-35],[527,-91],[461,-216],[560,-286],[384,-489],[472,-726],[242,-272],[274,-160],[242,-252],[318,-321],[384,-279],[417,-181],[275,-244],[241,-105],[417,-244],[154,-182],[77,-321],[-132,-195],[-153,-237],[33,-300],[11,-321],[-121,-419],[-44,-258],[44,-300],[33,-384],[911,-1145],[241,-167],[308,-105],[1657,-21],[593,-42],[538,-132],[417,-252],[340,-383],[187,-342],[88,-335],[296,-349],[44,-1556],[0,-433],[11,-126],[747,-335],[43,-69],[143,-852],[-285,-956],[-198,-167],[-153,-566],[87,-265],[198,-181],[219,-370],[440,-161],[241,-579],[-22,-56],[-4062,-97],[1702,-1438],[1449,-1103],[285,-237],[494,-181],[275,-63],[351,-133],[176,-216],[11,-530],[-132,-894],[11,-28],[230,-572],[154,-237],[319,-244],[219,-126],[472,-209],[395,-84],[286,-70],[362,-104],[483,-314],[33,-42],[483,-698],[154,-349],[142,-335],[264,-642],[22,-56],[241,-628],[154,-405],[88,-230],[0,-879],[0,-133],[-121,-914],[-33,-230],[-132,-559],[-439,-586],[-450,-286],[-812,-530],[-1746,-845],[-11,-7],[-1504,-495],[-252,-293],[-121,-566],[154,-209],[165,-237],[384,-384],[395,-705],[209,-453],[65,-287],[176,-335],[275,-439],[87,-182],[121,-307],[88,-195],[176,-293],[548,-244],[725,14],[1043,139],[142,49],[1175,391],[1394,488],[824,175],[439,-7],[296,-35],[450,-42],[549,21],[450,112],[736,90],[724,35],[538,-70],[340,-48],[330,-154],[373,-286],[230,-279],[341,-265],[318,55],[263,356],[286,335],[351,293],[505,335],[220,112],[614,258],[406,182],[396,216],[384,265],[362,398],[253,223],[494,265],[274,231],[362,265],[385,160],[296,63],[329,154],[132,244],[132,258],[0,384],[329,244],[571,-188],[296,-161],[330,-62],[373,27],[362,-7],[560,-13],[494,-35],[395,-28],[439,-42],[472,-84],[286,-21],[351,210],[307,48],[406,28],[385,-28],[428,-76],[362,-133],[560,-63],[439,7],[318,-21],[615,-77],[406,-62],[406,-7],[439,7],[297,-49],[626,-126],[373,-70],[406,-7],[461,0],[472,14],[571,-97],[505,-154],[395,-49],[439,-14],[417,0],[286,7],[592,49],[1318,98],[658,-35],[681,-28],[99,-7],[1207,-56],[286,28],[505,56],[406,-14],[439,-21],[428,-14],[1076,-14],[615,-125],[472,-217],[329,-237],[285,-516],[264,-489],[318,-384],[318,-286],[374,-251],[351,-182],[373,-153],[560,-112],[417,-63],[494,35],[505,140],[593,77],[681,125],[911,49],[845,189],[922,314],[1032,307],[713,279],[791,335],[582,286],[570,181],[813,182],[713,139],[670,175],[472,174],[505,419],[768,1179],[406,1152],[220,419],[143,146],[340,182],[1175,223],[636,167],[505,196],[472,139],[341,70],[1053,140],[1054,160],[494,119],[428,125],[516,210],[516,279],[714,488],[790,482],[176,112],[1449,1060],[384,154],[1087,426],[44,27],[1460,587],[285,251],[329,446],[615,454],[-165,377],[-54,230],[340,217],[395,341],[264,231],[472,307],[428,307],[241,342],[362,300],[220,105],[318,216],[538,119],[384,153],[429,265],[351,217],[340,139],[505,203],[154,279],[175,223],[440,251],[395,91],[527,49],[417,-119],[669,28],[374,133],[395,55],[362,-20],[351,-84],[582,-189],[373,0],[615,140],[373,133],[275,97],[197,279],[242,161],[505,21],[274,42],[483,49],[681,-91],[801,-175],[670,-97],[395,0],[670,90],[428,231],[351,28],[439,111],[626,175],[406,90],[505,49],[505,286],[274,245],[648,279],[648,265],[494,174],[647,126],[637,168],[362,237],[110,426],[-66,272],[-66,237],[297,398],[538,209],[153,356],[55,286],[253,216],[373,98],[274,98],[560,181],[220,189],[527,237],[395,112],[285,76],[472,147],[341,146],[230,119],[351,265],[472,349],[418,314],[274,154],[516,132],[527,182],[362,265],[384,133],[670,90],[516,0],[329,-56],[1219,-244],[483,-209],[219,-189],[308,-307],[527,49],[450,21],[516,-132],[230,-161],[428,-223],[472,70],[363,-363],[76,-245],[110,-265],[461,-244],[615,-161],[55,-307],[153,-174],[505,-161],[286,-55],[428,-91],[670,77],[537,-238],[-10,-328],[351,-188],[373,70],[461,14],[505,-133],[231,-307],[274,-223],[252,-217],[736,-118],[252,-217],[516,-181],[396,154],[318,-14],[395,-35],[439,90],[791,-62],[472,-28],[461,-49],[384,-105],[395,-84],[296,-132],[451,0],[592,-140],[209,-244],[307,-167],[417,0],[494,-189],[604,-160],[505,-70],[296,42],[374,174],[439,300],[351,-314],[461,-481],[340,-217],[560,-125],[384,-7],[363,104],[351,-104],[472,-175],[527,133],[461,63],[439,35],[527,-84],[681,-49],[373,244],[582,28],[450,-153],[395,14],[549,209],[461,-28],[626,91],[461,-7],[658,-112],[209,-139],[538,48],[593,126],[351,112],[626,-77],[186,-279],[143,-244],[538,27],[417,7],[472,-118],[439,111],[263,370],[538,-28],[308,-125],[406,7],[406,-175],[472,-237],[384,-188],[176,-363],[132,-286],[76,-217],[-54,-300],[175,-272],[220,-181],[395,-196],[505,-202],[187,-258],[526,-168],[505,-202],[440,-105],[362,63],[450,91],[461,-14],[362,-175],[604,-111],[626,-42],[395,-293],[-220,-314],[308,-245],[362,42],[549,-14],[296,-21],[417,-153],[341,-377],[98,-216],[527,-56],[275,-70],[406,-181],[208,-140],[527,-77],[363,175],[395,-182],[55,-223],[373,-286],[516,-244],[494,-98],[307,-14],[505,-7],[341,-14],[570,-119],[363,21],[494,-7],[384,-90],[571,-7],[614,-203],[352,-139],[263,-217],[472,-321],[505,-209],[198,-112],[351,-188],[187,-147],[241,-349],[165,-272],[362,-649],[187,-307],[252,-174],[538,-196],[637,-56],[1207,28],[472,-35],[637,-167],[351,-181],[406,-196],[472,-216],[297,-105],[439,-105],[406,-83],[812,-140],[428,-63],[341,0],[538,147],[340,42],[626,14],[603,-133],[385,-195],[296,-133],[417,-160],[461,-182],[231,-118],[746,-461],[681,-370],[175,-98],[418,-181],[329,-105],[637,-181],[450,-133],[779,-160],[703,-154],[691,-139],[725,-161],[878,-160],[867,-154],[286,-35],[450,-35],[505,0],[395,140],[263,293],[428,202],[385,266],[219,411],[-66,440],[154,244],[505,77],[285,-42],[417,-153],[418,-105],[395,-91],[647,-132],[527,90],[363,-14],[559,14],[341,21],[472,-174],[186,-147],[231,-258],[263,-342],[527,-216],[385,-279],[-121,-356],[-286,-224],[-241,-209],[-154,-188],[99,-398],[274,-196],[308,-104],[362,-42],[406,49],[417,118],[549,224],[286,188],[164,328],[11,251],[-77,196],[-175,293],[-187,286],[-110,209],[-186,419],[-55,265],[66,300],[450,328],[472,84],[680,-91],[297,-63],[351,-139],[373,-63],[374,42],[373,181],[186,210],[-22,356],[-54,209],[-176,398],[-66,307],[22,258],[77,202],[208,259],[286,209],[494,202],[417,105],[241,77],[396,216],[11,440],[-286,279],[-230,167],[-417,252],[-604,356],[-286,272],[-131,167],[-143,244],[-99,266],[-77,335],[22,321],[77,460],[88,426],[44,321],[11,230],[11,419],[-33,565],[22,1033],[-275,251],[-559,251],[-330,203],[-175,356],[43,230],[297,656],[669,1165],[429,642],[120,363],[0,293],[-175,426],[-154,161],[-318,181],[-1054,251],[-1087,251],[-274,133],[-275,230],[-241,265],[-154,224],[-66,342],[0,230],[110,293],[121,189],[197,265],[275,279],[219,202],[176,238],[55,181],[-33,447],[-253,593],[-516,823],[-153,258],[-165,405],[22,203],[132,272],[285,237],[494,314],[242,161],[307,265],[187,216],[109,349],[-219,356],[-428,160],[-406,84],[-308,63],[-373,42],[-384,21],[-330,-14],[-680,-63],[-801,-181],[-1032,-266],[-286,-55],[-472,-14],[-351,27],[-450,203],[-264,363],[0,418],[143,817],[121,1361],[132,391],[208,314],[297,244],[252,132],[1559,545],[1745,774],[395,196],[198,132],[296,245],[154,146],[296,468],[198,349],[154,418],[230,1019],[187,998],[110,328],[186,426],[747,684],[614,453],[560,307],[637,266],[681,195],[702,140],[527,48],[538,14],[494,-14],[670,-21],[911,-76],[329,-7],[472,-119],[395,-223],[297,-384],[55,-356],[-22,-405],[175,-321],[373,-432],[374,-35],[274,384],[176,153],[472,133],[483,-293],[66,-210],[197,-230],[373,-223],[505,41],[385,91],[483,-98],[230,-286],[132,-167],[296,-196],[231,-188],[-176,-335],[0,-251],[308,-328],[296,-237],[340,-266],[363,-251],[515,-251],[725,-195],[735,-217],[407,-195],[186,-175],[395,-132],[330,-7],[680,0],[2997,-98],[4248,7],[1186,0],[505,0],[4665,-195]],[[561232,156186],[175,-230],[264,-300],[-275,-1089],[-241,-1033],[0,-21],[-121,-788],[-22,-182],[-187,-2798],[-33,-1047],[-76,-1479],[33,-1033],[21,-789],[33,-426],[55,-858],[77,-768],[209,-1158],[44,-195],[76,-342],[33,-119],[66,-370],[143,-418],[121,-356],[153,-461],[121,-370],[143,-370],[88,-258],[77,-195],[98,-314],[88,-217],[88,-223],[187,-509],[175,-426],[143,-363],[77,-174],[153,-447],[55,-133],[187,-474],[132,-363],[142,-328],[363,-342],[-33,-384],[-384,-125],[-132,-391],[66,-217],[44,-369],[65,-391],[-65,-363],[-55,-265],[44,-621],[153,-747],[165,-803],[77,-572],[22,-600],[0,-384],[66,-495],[0,-56],[65,-384],[77,-544],[11,-56],[121,-551],[44,-168],[77,-370],[121,-795],[21,-147],[121,-1033],[143,-900],[33,-209],[66,-349],[252,-845],[121,-390],[198,-670],[263,-838],[0,-7],[329,-1067],[88,-273],[88,-314],[44,-195],[110,-426],[44,-251],[109,-558],[187,-893],[55,-287],[165,-1158],[0,-14],[87,-607],[33,-202],[308,-1703],[296,-1619],[461,-2945],[275,-1563],[21,-126],[385,-1633],[22,-112],[164,-935],[-318,-390],[55,-363],[44,-370],[22,-154],[98,-767],[0,-21],[165,-942],[99,-321],[88,-524],[153,-572],[253,-635],[198,-524],[1042,-2365],[176,-398],[110,-230],[593,-1187],[625,-1214],[77,-146],[604,-1229],[1416,-2372],[988,-1424],[922,-1242],[933,-1277],[900,-1214],[911,-1250],[637,-879],[231,-349],[406,-614],[494,-740],[395,-635],[263,-425],[121,-203],[121,-279],[176,-363],[131,-272],[165,-363],[263,-558],[77,-189],[154,-418],[165,-440],[186,-419],[22,-41],[132,-510],[176,-586],[54,-377],[11,-300],[176,-614],[33,-119],[55,-544],[-44,-230],[-231,-266],[-241,370],[-66,252],[-55,244],[-143,279],[-505,105],[-307,-84],[-406,-210],[-725,-411],[-351,-203],[-439,-146],[-296,-335],[-187,-370],[-77,-272],[121,-391],[220,-328],[76,-384],[-263,-265],[-626,-98],[-417,203],[-692,-28],[-10,-307],[120,-391],[231,-251],[340,-63],[406,91],[483,167],[538,-230],[143,-321],[165,-223],[76,-245],[-153,-314],[-231,-181],[-538,42],[-296,49],[-439,-77],[-483,-77],[-406,7],[-319,-35],[-461,105],[-373,-224],[-351,-251],[-176,-279],[-263,-133],[-483,-20],[-637,-154],[-351,209],[-143,189],[219,405],[-76,293],[-407,293],[-197,209],[-461,286],[-362,-56],[-330,-28],[-450,182],[-88,349],[-373,307],[-340,370],[-505,-7],[-297,-147],[-384,-28],[-439,133],[-428,14],[-516,188],[-296,259],[-450,272],[-341,356],[-483,90],[-406,356],[-362,342],[-132,216],[-296,301],[-66,355],[-637,49],[-428,0],[-197,279],[-220,259],[-263,83],[-187,287],[-209,314],[-285,132],[-373,147],[-604,209],[-494,70],[-1680,467],[-1855,517],[-1723,460],[-714,203],[-186,-14],[-1285,-412],[-99,-42],[-625,-300],[-604,-167],[-527,-84],[-351,-42],[-1263,-293],[-559,-119],[-154,-35],[-2086,-446],[-3897,-600],[-1581,-70],[-988,-175],[-1482,-7],[-2766,21],[-2086,112],[-1481,21],[-967,-35],[-526,398],[-1065,335],[-571,63],[-736,83],[-186,98],[-406,237],[-231,70],[-14260,105],[-4610,35],[-1317,14],[-1208,188],[-582,-7],[-219,-63],[-439,-153],[-374,160],[-362,-195],[-252,-272],[-319,-286],[132,-384],[275,-189],[-220,-286],[-428,-251],[-231,-265],[-450,-21],[-647,-84],[-516,-14],[-198,-237],[-417,-147],[-571,-97],[-274,-133],[-253,-167],[-132,-259],[-87,-314],[-132,-202],[-22,-244],[99,-314],[55,-196],[164,-418],[-164,-273],[-374,-328],[-373,-139],[-494,174],[-461,-49],[-307,210],[-450,-84],[-33,-363],[-33,-300],[-198,-174],[-472,0],[-340,83],[-549,-55],[-252,-245],[-626,-104],[-505,111],[-450,-90],[-417,62],[-395,168],[-549,63],[-363,104],[-109,265],[-593,140],[-362,126],[-505,146],[-396,161],[-109,265],[-461,300],[-242,105],[-494,125],[-307,-118],[-626,-175],[-417,-111],[-461,-328],[-373,-21],[-352,-105],[-395,-168],[-450,35],[-373,77],[-351,126],[-330,251],[-362,321],[-296,195],[-2964,1801],[-527,167],[-187,-42],[-428,-376],[-55,-49],[-999,-887],[-889,-607],[-121,-104],[-867,-426],[-318,-391],[-55,-195],[-121,-251],[-681,-712],[-340,-531],[-208,-139],[-538,-237],[-395,-245],[-77,-251],[11,-279],[-66,-195],[-516,-468],[-516,-475],[-275,-362],[-175,-308],[-1306,-1626],[-308,-272],[-3008,384],[-2766,77],[-2009,-14],[-1021,-119],[-4358,-614],[-406,-91],[-318,-111],[-352,-154],[-263,-167],[-198,-189],[-779,-55],[-242,-133],[-362,-195],[-1098,-119],[-428,-195],[-164,-384],[-341,-349],[-417,-391],[-340,-307],[-77,-349],[44,-202],[-472,-161],[-362,140],[-77,321],[-472,118],[-253,84],[-296,237],[-165,224],[-98,223],[186,363],[264,377],[-187,279],[0,321],[-132,335],[11,391],[-274,390],[-242,105],[-603,-105],[-429,175],[-406,202],[-252,70],[-417,154],[-527,223],[-692,272],[-373,202],[-231,168],[-428,258],[-241,230],[-275,210],[-76,384],[153,258],[154,293],[-22,370],[-307,272],[-363,105],[-307,34],[-417,77],[-406,133],[-385,181],[-417,168],[-318,328],[-340,167],[-560,-139],[-395,-189],[-516,-286],[-516,-7],[-505,77],[-44,0],[-736,7],[-691,28],[-483,35],[-253,104],[-120,300],[164,259],[-33,251],[-340,342],[-384,174],[-461,49],[-374,203],[-153,139],[-88,293],[-670,98],[-516,-154],[-680,-35],[-450,0],[-560,42],[-373,147],[-472,-223],[-231,-328],[-154,-266],[-219,-314],[-406,-258],[-319,-146],[-494,-112],[-570,-35],[-242,-286],[373,-398],[33,-70],[253,-656],[-198,-223],[-593,216],[-22,356],[-131,252],[-472,104],[-670,-56],[-560,-14],[-615,126],[-417,98],[-153,188],[-110,279],[-77,175],[-527,272],[-461,7],[-373,-56],[-450,265],[-33,377],[-373,265],[-297,210],[-472,286],[-527,0],[-307,-140],[-428,49],[-637,14],[-318,-105],[-407,14],[-559,217],[-275,174],[-263,202],[-406,161],[-407,-91],[-318,-83],[-110,-273],[-208,-237],[-198,-174],[-417,-363],[-790,-552],[-461,-216],[-648,-328],[-505,-251],[-527,-510],[-362,-300],[-450,-237],[-297,-77],[-428,-69],[-483,-203],[-263,-279],[-560,-133],[-307,196],[-462,-161],[-65,-272],[-132,-279],[-253,-181],[-559,-77],[-648,-56],[-373,-160],[-505,-189],[-483,-21],[-417,189],[-538,-105],[-319,-223],[-296,-70],[-505,-63],[-472,-63],[-275,-321],[-142,-649],[-220,-712],[-362,-523],[-351,-489],[-648,-809],[-494,-656],[-735,-956],[-11,-14],[-440,-761],[-274,-404],[-187,-273],[-153,-342],[-264,-209],[-472,-223],[-318,-161],[-395,-125],[-549,-154],[-791,-258],[-614,-161],[-1043,-188],[-856,-300],[-516,-237],[-220,-168],[-186,-314],[-396,-740],[-98,-181],[-396,-523],[-263,-252],[-505,-188],[-329,-168],[-341,-230],[-549,-398],[-603,196],[-505,-126],[-253,-104],[-768,-217],[-626,-181],[-406,-286],[-231,-307],[-208,-161],[-121,223],[-165,217],[-329,314],[-439,188],[-626,49],[-461,-28],[-516,-119],[-351,259],[44,258],[549,537],[658,112],[560,-119],[275,265],[274,370],[0,342],[-164,251],[-571,182],[-659,0],[-516,-14],[-362,77],[-143,279],[-22,237],[-263,314],[121,321],[515,182],[297,244],[33,384],[-308,307],[-164,181],[-472,112],[-483,7],[-406,209],[-154,258],[-121,293],[-637,14],[-428,-174],[-395,-279],[-527,21],[-417,-112],[-384,-314],[-384,-160],[-330,-105],[-494,181],[-439,210],[-483,-14],[-560,-210],[-461,-160],[-647,-140],[-1131,-251],[-527,-7],[-340,105],[-538,-63],[-55,-258],[-33,-377],[-406,-356],[-505,-119],[-351,-132],[-659,-56],[-417,42],[-801,153],[-308,-237],[-395,-181],[-659,174],[-296,-307],[121,-237],[0,-224],[-604,-7],[-165,280],[-142,314],[-33,258],[-231,286],[-44,237],[-395,203],[-252,376],[-264,168],[-516,-14],[44,363],[351,349],[-230,405],[-319,216],[-461,7],[-296,-84],[-450,223],[11,391],[44,307],[-505,63],[-231,-216],[-109,-189],[-66,-265],[-560,-216],[-450,56],[-494,-35],[-406,-70],[-626,-119],[-450,56],[-659,126],[-483,35],[-208,223],[-242,335],[-450,188],[-450,217],[-483,132],[-494,-300],[187,-272],[241,-258],[187,-216],[-66,-273],[-439,-342],[-253,-237],[-472,-112],[-318,91],[-527,286],[-483,-28],[-428,-139],[-242,-391],[-22,-272],[-527,-168],[-296,-111],[-571,-7],[-274,-182],[-670,-21],[-417,154],[121,251],[-297,328],[-428,63],[-373,63],[-252,181],[-209,154],[-340,195],[-121,433],[-307,202],[0,314],[-231,168],[-461,-42],[-340,-21],[-494,42],[-494,-210],[-450,-181],[-396,0],[-406,223],[-428,258],[-395,-97],[-242,-133],[-428,0],[-680,49],[-450,105],[-264,125],[-461,126],[-351,7],[-428,7],[-308,98],[-603,-84],[-264,-272],[-373,-210],[-395,-62],[-308,-91],[-428,84],[-197,397],[142,272],[-197,238],[-648,111],[-593,49],[-252,231],[55,265],[-11,370],[-154,328],[-329,174],[-341,-21],[-395,-21],[-483,-14],[-285,-84],[-483,56],[-33,363],[-242,168],[-406,216],[176,244],[187,217],[175,251],[22,418],[-143,322],[-340,69],[-384,7],[-571,63],[-318,42],[-549,-14],[-329,112],[-330,272],[-252,356],[55,328],[-253,397],[297,315],[329,216],[154,167],[153,293],[44,384],[88,314],[0,217],[-209,404],[-22,307],[165,426],[-165,258],[-142,196],[55,258],[-33,216],[-297,210],[-263,230],[-428,279],[-330,133],[-548,216],[-297,84],[-362,125],[-494,161],[-242,230],[-208,349],[121,342],[-253,272],[-252,119],[-450,97],[-341,77],[-329,175],[-395,139],[-615,-21],[-439,21],[-286,14],[-395,238],[-285,195],[-110,209],[-615,77],[-252,258],[55,217],[-406,209],[-297,265],[-121,272],[-439,251],[-362,14],[-461,182],[-187,279],[-120,181],[-308,252],[-285,202],[-428,168],[-406,265],[-297,293],[-219,167],[-505,105],[-231,279],[-22,328],[-175,175],[-121,237],[-242,265],[-22,216],[-208,245],[-176,160],[-439,196],[-219,181],[-275,384],[-99,293],[-197,195],[-143,224],[55,258],[-55,335],[-428,104],[-406,126],[-242,161],[-329,160],[-44,230],[-307,286],[-297,154],[-395,56],[-626,56],[-274,62],[-253,252],[-109,202],[66,286],[109,321],[-263,133],[-373,146],[-374,335],[-318,154],[-373,237],[-11,419],[153,363],[33,363],[-142,467],[-505,503],[-352,272],[-570,77],[-428,-154],[-429,209],[220,412],[-99,293],[-538,133],[-241,146],[-264,238],[-263,118],[-439,-104],[-220,-126],[-428,-342],[-472,-223],[-604,-77],[-922,28],[-669,146],[-681,203],[-560,404],[-999,426],[-637,503],[-724,125],[-549,-97],[-406,-328],[-714,-677],[-1053,-908],[-1647,-907],[-801,-398],[-747,-223],[-966,-98],[-834,0],[-747,133],[-570,419],[-143,321],[-66,621],[-362,621],[-352,244],[-483,63],[-570,-98],[-264,-244],[-307,-209],[-330,-21],[-384,56],[-450,62],[-307,-146],[-505,-119],[-516,147],[-253,265],[55,202],[-87,245],[-582,69],[-439,-42],[-483,-118],[-319,-98],[-560,21],[-625,133],[-330,118],[-450,161],[-175,272],[77,237],[208,182],[176,328],[-220,335],[-219,153],[-319,314],[-109,251],[-571,-90],[-264,-335],[-417,-126],[-406,21],[-340,188],[-121,321],[-88,496],[-472,209],[-428,-104],[-439,-217],[-472,-293],[-461,-244],[-384,7],[-451,140],[-241,146],[-165,237],[66,377],[-186,237],[-187,259],[-99,425],[-318,210],[-209,153]],[[277981,89541],[44,419],[121,272],[33,202],[362,252],[-143,349],[-208,160],[-33,314],[77,154],[142,300],[176,174],[11,279],[-165,307],[-66,384],[44,258],[0,342],[198,405],[-99,216],[-263,182],[-428,167],[-33,342],[-198,293],[-648,161],[-384,77],[-384,160],[-176,237],[-33,203],[143,244],[-132,377],[-241,188],[-143,370],[77,251],[231,287],[285,167],[274,133],[220,321],[-22,397],[340,294],[330,97],[417,91],[219,258],[121,377],[110,188],[340,161],[297,370],[131,335],[406,321],[264,356],[88,244],[77,328],[-143,391],[-110,272],[154,349],[329,174],[560,307],[340,231],[362,279],[132,153],[77,272],[11,391],[-22,231],[55,279],[198,181],[494,279],[318,196],[208,125],[418,265],[318,252],[219,307],[88,209],[121,356],[121,342],[208,391],[242,293],[165,251],[329,293],[-176,293],[-527,133],[-647,104],[-1823,356],[-417,63],[-582,133],[-395,363],[-11,265],[55,216],[143,279],[263,286],[275,224],[351,223],[461,265],[538,300],[703,356],[318,196],[428,237],[307,251],[308,286],[241,258],[143,210],[154,370],[44,251],[-88,335],[-143,202],[-209,238],[-241,258],[-99,251],[-11,209],[44,391],[88,258],[197,342],[242,349],[373,342],[341,216],[230,196],[154,209],[44,363],[-66,223],[-275,377],[-208,203],[-209,188],[-274,391],[-66,251],[-55,195],[-77,287],[-472,258],[-296,42],[-538,55],[-670,70],[-560,91],[-581,126],[-472,139],[-626,203],[-231,90],[-439,231],[-373,286],[-77,209],[143,300],[219,349],[231,419],[88,286],[110,363],[10,223],[0,223],[-76,273],[-99,216],[-253,272],[-285,147],[-318,125],[-297,161],[-307,370],[-373,369],[-450,231],[-626,35],[-340,-14],[-220,272],[44,230],[165,286],[285,335],[329,272],[198,293],[121,252],[76,321],[-10,363],[32,230],[77,216],[319,230],[307,91],[285,307],[110,349],[417,349],[450,384],[352,265],[340,84],[538,7],[362,251],[362,188],[571,119],[406,42],[626,84],[571,286],[384,160],[318,112],[604,91],[461,-7],[472,-35],[505,-21],[494,0],[505,14],[297,49],[417,139],[384,161],[472,265],[307,195],[396,161],[494,105],[461,41],[274,28],[549,21],[340,0],[373,-14],[626,-69],[615,-98],[439,-77],[505,-28],[571,7],[647,49],[615,91],[527,139],[384,168],[439,293],[275,195],[285,342],[264,454],[186,363],[571,432],[780,356],[823,377],[340,161],[1954,963],[1811,1423],[1296,1215],[1591,997],[1241,601],[3326,837],[2679,642],[2974,398],[3360,321],[2645,146],[3184,147],[867,-42],[757,119],[527,62],[3162,-202],[1460,35],[658,105],[725,286],[713,342],[2306,1814],[2930,2115],[1296,628],[1109,642],[834,398],[527,111],[1811,237],[977,461],[165,223],[77,384],[32,147],[110,530],[593,468],[878,174]],[[277981,89541],[-406,126],[-955,314],[-285,112],[-363,139],[-856,328],[-527,105],[-516,111],[-713,84],[-549,63],[-856,112],[-242,35],[-450,-7],[-911,-21],[-977,-49],[-571,-63],[-538,-112],[-845,-174],[-538,-140],[-263,-125],[-505,-224],[-429,-223],[-450,-181],[-559,-252],[-560,-202],[-549,-202],[-659,-168],[-571,-181],[-1064,-321],[-44,-14],[-857,-189],[-439,-42],[-340,-21],[-779,-55],[-582,-168],[-275,-398],[110,-551],[176,-677],[0,-433],[-176,-474],[-296,-509],[0,-489],[0,-153],[0,-587],[-275,-774],[-713,-942],[-813,-1040],[-21,-21],[-747,-698],[-801,-649],[-88,-77],[-988,-963],[-406,-335],[-626,-216],[-1109,-237],[-933,-224],[-472,-202],[-252,-286],[-121,-426],[-77,-293],[-318,-523],[-330,-175],[-472,-139],[-845,-63],[-428,-70],[-505,-91],[-538,-188],[-626,-412],[-1481,-830],[-275,-84],[-1185,-342],[-1252,-286],[-1438,-244],[-867,-252],[-198,-223],[-110,-216],[-32,-286],[-209,-335],[-461,-105],[-318,49],[-494,119],[-582,125],[-615,49],[-461,0],[-527,-56],[-450,-56],[-582,126],[-164,202],[-176,279],[-307,294],[-440,348],[-340,280],[-384,76],[-373,-97],[-472,-224],[-527,-321],[-352,-174],[-537,-223],[-374,-168],[-285,-237],[-132,-196],[-11,-342],[-22,-286],[-362,-286],[-450,-139],[-626,-314],[-384,-154],[-648,112],[66,523],[-318,1256],[-318,580],[-363,279],[-1043,349],[-757,251],[-955,125],[-955,0],[-878,-48],[-483,-175],[-791,-377],[-1526,-956],[-1273,-328],[-1668,0],[-966,0],[-1032,175],[-1043,97],[-714,175],[-1119,49],[-714,-252],[-439,-300],[-44,-551],[0,-328],[-274,-328],[-363,-77],[-439,-153],[-680,-147],[-472,-279],[-363,-551],[-33,-49],[-263,-468],[0,-307],[0,-363],[0,-418],[0,-356],[-187,-258],[-263,-300],[-395,-349],[-582,-335],[-439,-91],[-681,-147],[-406,-223],[-604,-342],[-582,-474],[-856,-670],[-691,-238],[-692,-202],[-911,-28],[-44,0],[-911,-139],[-637,-301],[-527,-439],[-428,-635],[-691,-635],[-407,-196],[-494,-244],[-1174,-335],[-845,-167],[-857,-105],[-1482,0],[-1492,0],[-1548,70],[-319,-7],[-1273,-14],[-933,-175],[-483,-90],[-1131,-719],[-77,-42],[-549,-384],[-867,-607],[-417,-112],[-724,-195],[-1559,42],[-1131,42],[-922,356],[-340,286],[-582,474],[-362,579],[0,14],[88,573],[329,642],[505,656],[538,453],[658,475],[417,433],[33,376],[-362,475],[-658,453],[-1043,245],[-933,-21],[-1526,-433],[-1405,-509],[-1076,-265],[-154,-14],[-1493,-140],[-1460,-265],[-417,-63],[-637,-91],[-878,7],[33,-684],[-33,-432],[-66,-224],[-88,-216],[-274,-258],[-252,-126],[-593,-202],[-428,-70],[-472,-56],[-297,-21],[-516,14],[-395,35],[-351,35],[-384,42],[-450,63],[-494,56],[-670,41],[-527,-167],[-296,-147],[-319,-104],[-384,-49],[-428,-42],[-406,0],[-692,14],[-351,-42],[-395,-21],[-384,-77],[-527,-125],[-670,-251],[-329,-175],[-297,-202],[-439,-468],[-219,-377],[44,-537],[0,-21],[186,-726],[33,-705],[-186,-607],[-297,-565],[-406,-516],[44,-538],[176,-774],[307,-607],[0,-517],[373,-488],[-44,-468],[-779,-844],[-780,-796],[0,-377],[121,-328],[406,-397],[736,-468],[604,-419],[362,-474],[154,-649],[-121,-384],[-22,-63],[-450,-328],[-44,-516],[-395,-503],[-66,-411],[-88,-643],[-143,-795],[-274,-754],[-55,-565],[88,-300],[175,-265],[154,-286],[0,-210],[-154,-321],[-142,-391],[55,-307],[307,-300],[263,-244],[66,-244],[-121,-244],[-186,-321],[-297,-454],[-504,-628],[0,-321],[120,-489],[242,-397],[658,-580],[143,-286],[0,-300],[-55,-230],[-505,-168],[-1076,-244],[-570,-209],[-330,-321],[-87,-363],[-88,-412],[-363,-509],[-296,-907],[-274,-1019],[-330,-1187],[-109,-830],[208,-419],[296,-223],[418,-133],[570,0],[1471,-97],[560,-77],[275,-168],[362,-279],[329,-495],[242,-545],[153,-1158],[-153,-963],[0,-956],[-121,-426],[-274,-223],[-527,-251],[-791,-356],[-439,-377],[-241,-426],[-44,-384],[0,-474],[483,-328],[757,-454],[198,-300],[0,-356],[-33,-425],[-439,-405],[-439,-223],[-560,-231],[-758,-49],[-680,-97],[-1350,-126],[-681,-279],[-439,-251],[-198,-405],[-241,-502],[-198,-203],[-439,-202],[-999,-328],[-472,-175],[-406,-202],[-198,-349],[0,-433],[-197,-502],[-681,-328],[-560,-300],[-1745,-935],[-483,-252],[-242,-272],[0,-328],[-76,-376],[0,-308],[-154,-272],[-527,-432],[-1197,-601],[-911,-355],[-878,-252],[-1350,-328],[-769,-251],[-636,-328],[-154,-356],[-77,-726],[0,-530],[-120,-377],[-319,-300],[-483,-279],[-351,-405],[-966,-781],[-472,-600],[-242,-482],[-33,-705],[-43,-425],[-440,-301],[-516,49],[-636,224],[-966,328],[-758,76],[-1108,-230],[-319,-84],[-329,-230],[-373,-167],[-308,-63],[-406,-63],[-384,-84],[-384,-104],[-395,-168],[-418,-174],[-340,-203],[-450,-265],[-439,258],[-889,524],[-253,146],[-274,168],[-329,223],[-330,181],[-318,161],[-297,174],[-296,259],[-99,251],[143,356],[132,237],[142,258],[22,426],[-252,293],[-198,160],[-120,328],[43,168],[165,433],[88,223],[121,328],[153,356],[121,419],[-88,300],[-186,174],[-406,223],[-220,140],[-604,300],[-406,174],[-362,175],[-264,230],[-98,196],[-77,251],[-253,251],[-351,-21],[-505,-202],[-406,-147],[-549,-104],[-571,-84],[-285,0],[-527,56],[-472,132],[-198,70],[-538,216],[-560,300],[-691,482],[-165,153],[-307,280],[-549,572],[-538,726],[-307,328],[-352,432],[-395,461],[-318,370],[-329,418],[-385,496],[-55,56],[-548,621],[-418,509],[-230,321],[-143,272],[-99,314],[-43,377],[0,342],[-88,363],[-297,307],[-373,126],[-812,230],[-516,244],[-275,189],[-340,384],[-285,418],[-231,342],[-197,265],[-516,266],[-648,27],[-538,-13],[-549,-35],[-626,-42],[-735,-63],[-889,-112],[-626,-63],[-691,-62],[-473,-28],[-658,77],[-395,139],[-286,209],[-263,196],[-286,230],[-296,258],[-340,370],[-231,224],[-208,195],[-231,167],[-329,224],[-406,244],[-626,153],[-395,-76],[-505,-245],[-341,-202],[-307,-160],[-626,-196],[-603,49],[-637,133],[-461,7],[-527,272],[-318,174],[-769,42],[-680,-14],[-505,14],[-429,63],[-658,63],[-648,49],[-296,230],[-143,356],[-351,223],[-308,70],[-988,237],[-548,147],[-461,251],[-209,230],[-428,342],[-297,140],[-384,111],[-439,56],[-461,14],[-450,-14],[-549,-49],[-340,-28],[-395,42],[-154,349],[22,238],[-11,439],[-121,398],[-110,202],[-219,293],[-231,252],[-175,167],[-516,279],[-483,119],[-593,-63],[-406,-63],[-659,28],[-362,258],[-406,314],[-362,189],[-484,139],[-318,21],[-428,21],[-1010,14],[-988,28],[-516,28],[-494,42],[-373,56],[-483,167],[-242,175],[-362,370],[-241,286],[-176,244],[-165,286],[-109,272],[-88,279],[-99,363],[-99,538],[-55,279],[-44,237],[-131,363],[-319,377],[-230,160],[-395,119],[-319,28],[-428,-21],[-505,-84],[-252,-14],[-615,0],[-472,35],[-472,63],[-373,49],[-472,104],[-395,126],[-407,147],[-329,111],[-549,77],[-417,42],[-406,84],[-329,335],[0,334],[54,356],[0,112],[-65,335],[-143,223],[-461,328],[-319,168],[-428,160],[-516,196],[-548,216],[-714,230],[-417,98],[-527,70],[-703,70],[-472,55],[-329,84],[-329,112],[-483,202],[-604,279],[-593,245],[-395,160],[-373,105],[-549,63],[-560,0],[-626,-14],[-329,-21],[-549,-70],[-472,-105],[-428,-118],[-483,-140],[-516,-188],[-351,-91],[-330,-56],[-548,-21],[-494,0],[-516,7],[-747,35],[-560,7],[-614,0],[-802,-14],[-527,-14],[-768,28],[-384,35],[-483,125],[-352,231],[-230,307],[-286,153],[-439,49],[-483,-63],[-373,-118],[-241,-119],[-450,-223],[-341,-112],[-362,-77],[-615,-28],[-406,35],[-450,56],[-659,-70],[-483,-132],[-362,-168],[-406,-237],[-253,-202],[-592,0],[-77,293],[-55,391],[-88,279],[-241,272],[-275,160],[-362,203],[-253,307],[121,272],[220,265],[142,251],[-54,398],[-66,161],[-198,439],[-110,252],[-197,286],[-209,118],[-713,252],[-1032,300],[-791,230],[-812,251],[-834,307],[-571,203],[-527,279],[-296,328],[-55,363],[44,223],[55,230],[252,370],[373,286],[209,126],[549,195],[417,77],[417,56],[428,42],[384,62],[341,63],[395,105],[571,188],[966,217],[527,160],[296,210],[-55,369],[-11,273],[110,174],[274,279],[253,335],[208,370],[99,272],[-22,279],[-197,307],[-187,182],[-165,293],[242,328],[274,160],[373,196],[1032,418],[308,133],[900,398],[351,251],[132,161],[121,272],[164,363],[286,363],[472,230],[362,97],[670,196],[395,153],[329,154],[318,223],[176,175],[209,356],[66,258],[43,279],[-11,495],[-43,252],[-88,202],[-253,314],[-175,161],[-308,349],[-77,425],[33,286],[99,412],[121,342],[44,188],[55,363],[-88,328],[-33,161],[-307,412],[-2064,1423],[-340,182],[-483,139],[-231,35],[-911,119],[-1636,481],[-1405,398],[-1262,251],[-2876,545],[-2240,334],[-614,196],[-297,314],[220,335],[263,146],[329,224],[198,216],[132,265],[110,377],[0,230],[-11,224],[43,391],[165,348],[264,266],[362,251],[428,195],[428,258],[472,391],[132,147],[263,328],[417,621],[165,419],[33,369],[-55,384],[-110,224],[-175,300],[-242,174],[-472,216],[-647,245],[-99,28],[-692,195],[-395,126],[-395,369],[-132,294],[-187,460],[-175,342],[-132,223],[-165,189],[-362,237],[-527,182],[-362,62],[-582,105],[-428,84],[-538,202],[-143,237],[55,356],[33,245],[-44,348],[-120,273],[-198,265],[-66,237],[0,342],[-318,244],[-615,126],[-801,167],[-593,154],[-384,146],[-461,315],[-308,258],[-263,237],[-220,202],[-252,238],[-297,265],[374,293],[329,293],[318,384],[121,251],[55,237],[0,335],[-22,279],[-154,287],[-230,188],[-351,237],[-209,133],[-494,356],[-439,349],[-231,223],[-208,181],[-220,273],[-230,348],[-110,238],[-77,293],[-22,174],[-11,293],[22,426],[77,628],[66,342],[110,202],[252,294],[307,230],[440,279],[329,279],[208,244],[176,398],[11,293],[-44,231],[-99,230],[-241,279],[-143,147],[-285,244],[-319,307],[-175,209],[-143,370],[66,314],[165,272],[263,286],[263,245],[308,237],[373,272],[275,154],[329,174],[329,188],[395,182],[341,209],[285,196],[307,223],[341,293],[219,363],[-88,279],[-219,209],[-264,294],[-21,335],[98,286],[121,160],[285,230],[220,189],[99,391],[-121,223],[-241,181],[-461,238],[-582,181],[-659,196],[-801,244],[-670,181],[-549,112],[-461,77],[-604,104],[-395,56],[-296,56],[-439,105],[-341,104],[-373,126],[-362,126],[-373,167],[-242,133],[-285,188],[-198,168],[-274,369],[-121,252],[-154,425],[-109,370],[-165,391],[-198,377],[-296,460],[-253,349],[-153,265],[-176,315],[-165,390],[-54,300],[32,426],[-351,286],[-329,168],[-165,167],[-153,412],[-55,314],[87,412],[165,300],[242,293],[274,293],[329,363],[187,258],[88,307],[-22,237],[-143,286],[-230,328],[-66,217],[-11,286],[11,265],[-33,223],[-165,405],[-153,210],[-242,314],[-209,244],[-406,460],[-395,426],[-428,405],[-362,300],[-330,216],[-285,189],[-472,244],[-461,209],[-351,140],[-461,188],[-319,175],[-219,160],[-165,293],[132,314],[197,147],[363,132],[603,140],[527,77],[560,63],[571,69],[384,84],[483,140],[505,195],[812,384],[472,314],[308,279],[186,335],[33,356],[-11,265],[-33,223],[-32,433],[-22,237],[-55,293],[-77,266],[-121,404],[-99,259],[-131,307],[-209,390],[-340,349],[-253,224],[-373,342],[-340,411],[-198,307],[-132,314],[-65,273],[-33,363],[-11,341],[-33,210],[-264,405],[-175,195],[-187,335],[99,363],[110,209],[296,517],[351,600],[330,558],[351,482],[285,355],[308,314],[296,301],[406,411],[165,196],[164,286],[-54,377],[-154,244],[-242,398],[44,265],[77,202],[143,251],[110,335],[-11,210],[-66,328],[285,-49],[395,-56],[593,-35],[538,14],[593,28],[395,70],[571,167],[428,161],[428,167],[604,252],[230,97],[516,224],[352,181],[219,112],[362,202],[231,147],[285,335],[143,265],[187,272],[307,279],[285,168],[319,125],[549,140],[450,97],[208,42],[516,28],[351,-42],[374,-209],[340,-363],[187,-377],[109,-202],[231,-321],[417,-182],[637,42],[395,112],[318,126],[593,321],[340,160],[472,286],[242,168],[252,195],[330,293],[274,203],[461,314],[330,167],[494,209],[461,217],[406,230],[219,161],[516,446],[242,237],[230,294],[154,272],[55,293],[11,398],[99,286],[318,216],[285,147],[516,132],[593,140],[538,188],[241,168],[231,195],[263,258],[253,272],[154,217],[11,293],[208,300],[428,91],[319,97],[384,293],[318,294],[253,174],[384,209],[472,279],[406,238],[340,356],[22,237],[121,370],[505,146],[494,21],[384,35],[428,35],[626,77],[472,77],[604,125],[417,112],[955,328],[1109,467],[11,7],[428,182],[384,300],[110,272],[22,370],[-22,349],[-22,419],[-11,279],[-33,272],[-22,342],[-44,209],[-55,286],[-55,286],[44,280],[220,404],[142,224],[297,300],[329,258],[340,160],[626,35],[417,0],[363,49],[175,279],[286,335],[395,84],[505,258],[252,265],[154,175],[373,223],[648,-70],[406,35],[351,119],[286,174],[219,210],[264,342],[164,237],[154,230],[143,237],[186,356],[110,245],[154,363],[99,251],[120,237],[297,161],[373,83],[483,224],[242,342],[208,216],[307,160],[330,147],[351,112],[395,62],[373,91],[352,119],[340,132],[296,175],[264,188],[252,196],[242,202],[241,202],[220,217],[220,202],[285,188],[560,119],[395,42],[395,42],[395,42],[560,139],[340,133],[286,174],[230,210],[198,223],[176,223],[131,245],[165,293],[253,390],[274,252],[461,237],[285,398],[55,328],[11,209],[44,237],[110,259],[230,300],[264,237],[318,293],[209,133],[384,153],[318,49],[538,14],[396,7],[406,-14],[395,-21],[593,-49],[395,-56],[571,-104],[384,-84],[538,-168],[329,-139],[450,-251],[297,-175],[296,-167],[461,-238],[494,-216],[329,-146],[363,-119],[384,-49],[395,49],[362,105],[319,146],[296,175],[461,160],[472,42],[395,28],[395,70],[418,335],[65,397],[494,266],[297,111],[483,314],[175,265],[121,266],[176,230],[461,307],[439,307],[209,321],[120,265],[88,245],[231,272],[230,153],[373,224],[264,341],[121,259],[142,307],[55,279],[66,300],[55,230],[99,231],[296,348],[351,321],[385,280],[955,690],[483,287],[285,167],[439,258],[286,182],[417,272],[241,202],[143,238],[99,300],[153,425],[132,224],[406,286],[395,160],[275,84],[834,174],[549,147],[439,133],[319,153],[219,314],[-154,223],[-318,217],[-285,132],[-516,259],[-121,230],[296,272],[330,105],[351,56],[878,125],[812,154],[758,160],[395,105],[275,111],[307,196],[428,342],[406,342],[439,230],[330,112],[395,111],[395,112],[428,195],[483,294],[527,307],[340,216],[198,174],[274,335],[154,259],[362,209],[626,139],[307,328],[110,335],[417,112],[549,140],[483,188],[176,126],[823,586],[132,56],[658,251],[703,419],[340,335],[77,76],[318,293],[977,489],[516,216],[429,349],[1240,1333],[834,544],[319,363],[55,245],[-11,390],[-121,224],[-209,272],[-252,272],[-330,293],[-274,209],[-274,224],[-187,209],[-143,314],[-11,244],[154,328],[263,266],[439,328],[242,202],[220,328],[120,426],[11,342],[66,349],[132,258],[175,216],[242,265],[110,175],[11,363],[-231,223],[-384,384],[-285,293],[-187,293],[-99,405],[-22,286],[-33,167],[-109,293],[-308,356],[-252,175],[-308,195],[-230,196],[-33,223],[373,370],[351,181],[341,161],[274,404],[0,273],[-77,279],[-99,153],[-197,251],[-176,224],[-208,237],[-242,258],[-340,286],[-264,266],[-76,181],[22,286],[131,398],[44,342],[0,202],[-11,251],[187,328],[285,335],[209,335],[219,189],[220,272],[-44,328],[22,314],[44,216],[121,293],[285,300],[296,168],[450,105],[538,139],[275,168],[252,174],[275,196],[417,237],[538,244],[307,91],[373,104],[406,112],[330,91],[362,118],[329,112],[516,209],[352,147],[450,209],[351,189],[220,167],[515,286],[231,224],[395,293],[286,202],[318,279],[165,196],[175,216],[187,384],[-99,314],[66,328],[296,321],[363,286],[537,349],[231,133],[439,132],[483,28],[461,-14],[351,14],[363,105],[450,49],[362,21],[395,230],[395,146],[330,63],[472,161],[362,97],[637,49],[384,14],[582,63],[417,133],[505,223],[307,160],[308,161],[307,167],[439,231],[252,174],[209,258],[77,231],[186,272],[363,370],[241,230],[330,300],[263,216],[252,175],[286,153],[395,217],[483,188],[318,133],[494,202],[374,154],[472,216],[329,188],[417,328],[231,203],[208,209],[319,342],[109,321],[44,377],[143,230],[428,237],[11,273],[-252,265],[505,223],[516,230],[515,140],[560,105],[615,83],[801,77],[549,21],[944,21],[835,28],[845,70],[648,104],[461,140],[494,279],[241,370],[22,314],[-44,377],[-132,370],[-120,244],[65,349],[121,223],[286,321],[296,328],[99,161],[44,321],[-55,244],[-11,230],[33,251],[88,245],[186,328],[231,342],[77,202],[-77,384],[-77,279],[-44,167],[-143,447],[-120,475],[-22,321],[120,314],[319,565],[66,139],[175,405],[154,342],[187,279],[285,252],[867,718],[845,538],[714,384],[582,230],[384,118],[692,147],[724,181],[384,98],[593,223],[582,314],[1273,656],[571,294],[615,244],[395,125],[637,182],[735,195],[1021,244],[582,140],[582,154],[494,97],[647,140],[428,125],[297,287],[208,181],[341,223],[538,426],[461,391],[274,279],[362,342],[461,412],[450,363],[132,90],[417,335],[176,133],[593,551],[230,168],[461,216],[341,91],[362,48],[648,42],[483,77],[461,112],[669,237],[845,293],[121,42],[2316,775],[396,146],[340,168],[670,328],[373,209],[329,174],[384,147],[406,70],[341,0],[483,-63],[582,-133],[428,-97],[318,-91],[714,-216],[592,-217],[1318,-530],[658,-307],[396,-209],[669,-419],[242,-154],[461,-251],[362,-153],[560,-231],[417,-174],[637,-154],[483,-90],[340,-84],[384,-161],[428,-335],[264,-272],[483,-628],[219,-244],[187,-182],[263,-181],[374,-237],[472,-279],[570,-287],[407,-188],[417,-160],[384,-98],[450,-77],[483,-21],[428,7],[318,28],[494,112],[505,160],[494,230],[418,217],[570,216],[1373,300],[1361,342],[911,286],[670,119],[757,-21],[549,-154],[637,-439],[790,-649],[878,-496],[242,-132],[1218,-517],[340,-167],[659,-314],[812,-496],[1515,-851],[560,-188],[779,-203],[494,-105],[308,-48],[582,-91],[274,-21],[461,-28],[494,14],[384,0],[527,-112],[330,447],[153,119],[472,181],[374,42],[581,98],[406,146],[187,154],[187,251],[142,286],[121,447],[99,300],[132,307],[241,391],[308,356],[406,321],[516,314],[669,369],[582,370],[406,279],[319,175],[559,370],[670,481],[242,217],[318,279],[99,90],[549,454],[516,370],[472,293],[241,230],[198,279],[76,224],[44,293],[-87,244],[-264,349],[-296,307],[-439,440],[-198,460],[-143,566],[-77,432],[-76,440],[-121,1005],[0,7],[-44,614],[-33,335],[-11,356],[-33,328],[-121,418],[-76,238],[-33,363],[219,356],[275,202],[351,181],[340,154],[264,146],[285,245],[176,258],[263,300],[373,328],[187,335],[0,286],[-22,293],[99,189],[219,216],[396,279],[307,174],[285,154],[209,195],[187,391],[32,251],[0,440],[33,237],[33,224],[55,314],[99,265],[274,384],[264,209],[318,188],[450,238],[396,153],[340,140],[428,146],[362,105],[472,140],[319,132],[219,293],[-22,210],[-99,321],[-131,272],[-231,258],[-197,286],[-11,363],[373,188],[274,105],[242,251],[77,328],[-44,182],[-99,258],[-198,293],[-406,328],[-406,265],[-329,182],[-319,286],[483,321],[439,98],[593,174],[264,133],[274,174],[395,293],[242,196],[285,335],[198,216],[406,91],[626,-189],[384,-112],[395,-62],[340,-7],[560,97],[275,238],[252,349],[494,286],[318,104],[275,147],[296,202],[253,238],[120,321],[22,293],[319,1026],[307,20],[593,28],[648,56],[845,140],[757,139],[604,119],[417,181],[275,147],[395,216],[252,300],[286,314],[285,398],[44,300],[-22,440],[-66,342],[55,433],[154,341],[285,301],[297,286],[526,230],[363,126],[384,118],[571,182],[560,188],[570,140],[407,97],[494,42],[702,-28],[692,-14],[845,-42],[1054,-55],[2042,-42],[647,49],[1098,118],[1142,189],[746,188],[703,182],[428,146],[450,279],[373,335],[318,307],[352,314],[318,405],[231,307],[219,349],[351,300],[527,175],[275,-14],[911,-412],[768,-321],[1065,-300],[1153,-328],[801,-203],[856,-76],[966,-21],[571,21],[703,0],[966,21],[933,83],[790,119],[220,49],[549,132],[647,245],[571,279],[450,223],[352,300],[285,265],[132,119],[252,488],[264,461],[186,405],[319,202],[384,63],[614,0],[703,0],[955,-21],[1515,21],[571,35],[483,132],[461,196],[505,307],[406,286],[406,391],[406,502],[395,363],[396,272],[461,196],[450,209],[560,230],[450,91],[845,119],[1109,0]],[[648030,385186],[-549,-98],[-340,328],[77,265],[66,342],[-110,349],[-66,377],[22,293],[186,209],[198,210],[209,307],[76,328],[538,244],[220,-398],[-77,-223],[143,-286],[219,-265],[77,-356],[0,-524],[-55,-363],[176,-307],[-220,-216],[-472,-70],[-318,-146]],[[651718,415577],[-439,-126],[-307,266],[99,209],[461,119],[406,76],[-22,-376],[-198,-168]],[[682236,417091],[109,-230],[-395,188],[-186,287],[-308,139],[-219,286],[-33,238],[0,300],[-88,181],[-99,293],[209,586],[560,203],[384,35],[307,-133],[132,-412],[55,-272],[-55,-279],[-132,-384],[-66,-384],[-109,-314],[-66,-328]],[[682916,422890],[-186,-272],[-538,175],[-384,202],[-132,426],[-187,279],[-132,398],[88,307],[538,-14],[253,-105],[494,-49],[340,-181],[318,-202],[77,-259],[-318,-293],[-231,-412]],[[665451,432967],[-11,-202],[-658,28],[417,181],[252,-7]],[[676747,432981],[-318,-146],[-450,7],[-637,21],[-231,125],[-241,280],[-44,244],[571,91],[406,41],[604,-216],[263,-230],[77,-217]],[[683015,450288],[-527,-119],[-351,7],[-373,175],[-154,153],[-231,412],[55,175],[275,258],[428,153],[395,35],[373,-111],[231,-384],[132,-307],[21,-245],[-274,-202]],[[655879,450895],[-626,-77],[-648,35],[-680,-35],[-44,-209],[-307,-328],[-352,-139],[-318,-7],[-395,181],[44,356],[120,286],[99,216],[384,133],[516,21],[450,202],[319,524],[428,418],[483,203],[406,-35],[384,-307],[44,-272],[-66,-307],[-98,-342],[11,-224],[-154,-293]],[[660533,453324],[-44,-224],[-142,98],[186,126]],[[656955,455334],[-417,-105],[98,349],[121,244],[-143,307],[132,196],[198,321],[-55,397],[219,342],[385,244],[362,210],[340,118],[472,70],[209,-356],[-11,-195],[-33,-286],[-253,-210],[-439,-83],[-351,-349],[-143,-293],[-99,-398],[-340,-168],[-252,-355]],[[691040,452221],[-297,-216],[-527,7],[-274,111],[-319,133],[-340,244],[-186,196],[-66,293],[-110,377],[-264,237],[-296,216],[-461,251],[-450,224],[-264,188],[-263,189],[-406,356],[-187,307],[33,307],[209,614],[241,558],[220,440],[121,293],[208,586],[373,586],[428,440],[429,279],[417,112],[702,104],[857,7],[1141,-77],[44,0],[768,-27],[1010,-35],[813,-42],[285,-49],[373,-230],[44,-252],[176,-321],[121,-279],[120,-216],[66,-321],[0,-377],[22,-209],[-121,-293],[44,-196],[22,-272],[-98,-370],[-66,-342],[-121,-244],[-165,-244],[-197,-203],[-297,-251],[-329,-230],[-242,-182],[-483,-390],[-285,-203],[-318,-188],[-395,-196],[-341,-209],[-285,-216],[-384,-272],[-319,-321],[-131,-182]],[[667262,467699],[-515,-167],[-418,56],[-395,-210],[-77,-286],[-109,-188],[-407,-209],[-296,-133],[-395,-28],[-384,244],[-33,196],[0,328],[-33,342],[263,376],[198,280],[263,383],[165,245],[187,209],[417,286],[461,21],[384,-307],[-33,-293],[-22,-258],[340,-321],[264,-231],[175,-335]],[[674519,481356],[32,-216],[-494,35],[-483,279],[-98,189],[241,279],[417,-98],[176,-168],[209,-300]],[[678053,485711],[593,-7],[373,14],[428,0],[275,-42],[527,-125],[406,-126],[472,-189],[395,-174],[220,-133],[208,-265],[22,-272],[-88,-405],[-252,-342],[-560,-62],[-373,104],[-286,126],[-538,216],[-428,196],[-263,104],[-373,335],[-472,286],[-363,140],[-307,98],[-494,125],[165,412],[461,-7],[252,-7]],[[572209,495809],[373,-489],[110,-244],[-11,-328],[-11,-188],[77,-307],[219,-398],[33,-56],[275,-405],[33,-49],[439,-509],[164,-377],[297,-802],[143,-307],[516,-601],[263,-432],[143,-349],[44,-230],[43,-454],[77,-482],[33,-41],[363,-489],[296,-251],[165,-126],[296,-321],[285,-342],[505,-481],[374,-349],[-220,-265],[461,-321],[275,-98],[417,-209],[-220,-280],[-439,-286],[66,-223],[296,-223],[450,-70],[33,475],[472,-21],[143,-238],[373,-349],[297,-195],[197,-188],[220,-349],[11,-266],[197,-279],[538,-202],[483,-223],[209,-189],[153,-342],[-32,-314],[-33,-377],[44,-293],[186,-230],[681,-614],[296,-182],[417,126],[275,105],[428,56],[417,-42],[165,-279],[186,-161],[637,-91],[582,-216],[406,-181],[483,-238],[285,-160],[242,-133],[351,-195],[516,-279],[340,-168],[428,-56],[659,-28],[593,-69],[527,-35],[307,-28],[538,-35],[384,-56],[516,-84],[351,-314],[-43,-342],[-176,-230],[-307,-216],[-231,-154],[-373,-244],[-242,-133],[-351,-195],[-362,-195],[-187,-98],[-1174,-614],[-242,-133],[-494,-328],[-307,-202],[318,-600],[329,-621],[407,-28],[757,139],[329,7],[560,28],[549,28],[494,28],[329,-7],[363,-230],[516,-182],[428,-111],[527,-84],[592,-98],[439,-42],[604,-49],[428,-34],[385,-35],[548,-147],[374,-126],[241,-76],[461,-112],[549,-133],[351,-230],[165,-216],[362,-237],[494,-98],[505,-251],[384,-70],[516,-140],[341,-56],[505,-48],[450,7],[614,-84],[385,0],[461,-14],[373,-42],[571,-91],[669,-14],[626,-7],[659,-104],[373,7],[439,132],[527,168],[417,104],[461,126],[373,84],[472,7],[527,56],[1131,251],[571,-77],[274,-321],[253,-237],[362,-56],[373,91],[966,230],[648,-49],[329,-132],[352,-287],[54,-369],[-120,-210],[-209,-216],[-362,-328],[-351,-237],[-242,-133],[-406,-202],[-395,-175],[-933,-272],[-527,-181],[-264,-147],[-153,-300],[54,-230],[264,-531],[0,-7],[417,-579],[121,-153],[263,-266],[165,-146],[428,-349],[472,-216],[494,55],[384,-14],[791,-474],[472,-321],[351,-28],[483,-91],[241,-63],[1449,-383],[308,-63],[428,-70],[724,-21],[659,21],[494,70],[439,188],[483,300],[472,286],[253,98],[483,77],[505,112],[428,202],[494,251],[593,70],[384,216],[527,510],[505,467],[11,14],[581,405],[692,495],[307,182],[824,537],[384,244],[285,133],[461,-49],[242,-97],[516,-210],[494,-98],[384,0],[626,7],[582,-76],[406,-126],[318,-167],[253,-140],[285,-335],[121,-230],[219,-335],[143,-189],[329,-286],[154,-139],[340,-370],[77,-300],[0,-224],[11,-307],[-11,-349],[-44,-216],[-110,-516],[-494,-1180],[-483,-781],[-263,-412],[-966,-1235],[-670,-907],[-22,-286],[121,-280],[132,-537],[11,-7],[132,-544],[-77,-328],[-209,-405],[-132,-391],[-186,-300],[-395,-377],[-264,-251],[-263,-195],[-209,-210],[-143,-377],[-241,-195],[-242,-272],[-120,-189],[44,-286],[120,-272],[176,-279],[340,-433],[187,-195],[329,-349],[330,-293],[362,-321],[318,-307],[900,-747],[242,-209],[406,-335],[362,-307],[220,-244],[461,-503],[0,-7],[362,-607],[132,-209],[131,-217],[154,-230],[308,-488],[197,-321],[318,-552],[154,-223],[253,-335],[274,-370],[439,-516],[494,-482],[439,-300],[560,-286],[736,-258],[11,-7],[724,-147],[428,63],[253,119],[362,237],[187,126],[120,307],[33,216],[604,0],[165,-209],[230,-259],[253,-230],[362,-202],[494,-217],[384,-104],[406,-77],[626,181],[395,252],[198,244],[615,153],[131,-230],[275,-384],[241,-216],[-44,-356],[-33,-356],[55,-558],[66,-349],[11,-161],[-11,-307],[-88,-167],[0,-293],[-99,-258],[-197,-182],[-351,-230],[-88,-391],[-99,-286],[-110,-307],[44,-307],[286,-342],[65,-56],[593,-440],[1131,-558],[702,-286],[714,-286],[461,-154],[746,-251],[1417,-349],[592,-14],[275,300],[142,265],[110,252],[428,251],[428,174],[637,-41],[571,174],[483,279],[472,-56],[1186,259],[527,-119],[417,-28],[362,174],[461,447],[505,251],[241,349],[143,203],[439,146],[330,363],[428,7],[472,154],[592,223],[791,307],[362,119],[198,230],[-66,223],[461,237],[615,35],[483,112],[472,133],[395,181],[-11,286],[-121,384],[264,335],[153,300],[187,195],[417,196],[263,188],[308,251],[219,224],[429,216],[252,175],[187,230],[384,63],[560,-189],[362,-230],[384,-126],[790,-125],[626,-77],[659,-91],[285,-49],[494,-76],[352,-63],[395,-56],[571,-77],[526,-28],[494,-21],[461,-69],[483,-70],[264,-56],[428,-84],[340,-63],[407,-104],[307,-363],[33,-237],[-11,-231],[-231,-335],[-296,-209],[230,-384],[-263,-314],[-340,-300],[-308,-272],[-87,-286],[-77,-168],[-264,-314],[-132,-237],[-241,-300],[-461,-182],[-362,-188],[-231,-188],[-461,-280],[-604,-202],[-428,-98],[-296,-55],[-264,-294],[-142,-607],[-176,-202],[-351,-307],[-286,-223],[-450,-168],[-351,-112],[-395,-125],[-593,-196],[-395,-76],[-878,-168],[-670,-98],[-406,-20],[-384,-14],[-450,-70],[-582,-189],[-681,-7],[-626,21],[-395,-237],[-461,-272],[-219,-126],[-571,-328],[-297,-181],[-329,-314],[-296,-230],[-341,-161],[-570,-230],[-483,-356],[-66,-216],[-66,-384],[-670,118],[-329,168],[-428,0],[-681,-133],[-560,-258],[-22,-237],[297,-286],[-220,-182],[-296,-209],[-538,-98],[-329,0],[-560,-125],[22,-273],[11,-363],[-33,-593],[0,-195],[0,-454],[-275,-321],[-252,-146],[-406,-168],[-417,-125],[-341,-14],[-494,-49],[-417,111],[-450,98],[-483,-49],[-417,307],[-220,210],[-263,258],[-264,391],[-285,370],[-198,202],[-439,42],[-647,-28],[-341,-314],[11,-300],[-142,-356],[-154,-349],[-263,-161],[-275,-167],[-757,-398],[-483,-307],[-187,-244],[-99,-293],[-197,-203],[-231,-174],[-538,-112],[-680,-76],[-472,-231],[-407,-56],[-461,-20],[-472,-35],[-307,48],[-329,140],[-527,-244],[208,-314],[-241,-286],[-538,-196],[-351,-132],[-253,-91],[-757,-188],[-417,-49],[-538,28],[-692,181],[-230,168],[-253,558],[-219,244],[-319,133],[-395,42],[-417,6],[-297,126],[-252,189],[-395,300],[-373,48],[-472,-76],[-407,-70],[-274,-56],[-406,-98],[-494,-293],[-428,-321],[-494,-195],[-406,-98],[-560,203],[-209,816],[-77,321],[-120,523],[-55,203],[-99,391],[77,251],[0,230],[-33,230],[-121,321],[-66,342],[-274,279],[-242,91],[-494,175],[-351,104],[-768,224],[-604,139],[-450,-7],[-494,7],[-527,14],[-472,-35],[-670,-56],[-1240,-167],[-703,-167],[-856,-182],[-769,-216],[-515,-140],[-549,-230],[-494,-258],[-374,-161],[-307,-125],[-692,-426],[-702,-426],[-977,-635],[-274,-181],[-560,-510],[-319,-286],[-647,-593],[-242,-342],[-175,-251],[-242,-335],[-165,-279],[-55,-238],[154,-209],[483,-209],[395,-356],[-153,-321],[22,-370],[274,-175],[373,-279],[198,-265],[121,-391],[22,-383],[-44,-440],[-176,-314],[-88,-210],[-88,-230],[-340,-195],[-362,-321],[-88,-342],[-88,-251],[-230,-196],[-297,-174],[-395,-210],[-516,-251],[-505,-237],[-472,-328],[-175,-244],[-132,-259],[-220,-355],[-99,-168],[-197,-300],[-187,-314],[-197,-314],[-165,-272],[-209,-349],[-801,-1410],[-121,-223],[-691,-1298],[-780,-1535],[-307,-608],[-231,-467],[-142,-307],[-198,-426],[-99,-181],[-197,-440],[-154,-356],[-252,-544],[-352,-872],[44,-217],[33,-370],[-165,-223],[-208,-237],[-110,-356],[-77,-230],[-77,-210],[-109,-272],[-99,-279],[-154,-426],[-55,-335],[-87,-523],[21,-223],[33,-224],[77,-272],[55,-181],[132,-391],[-209,-391],[-439,-112],[-615,0],[-373,119],[-230,286],[-516,251],[-395,-35],[-538,-202],[-604,-139],[-395,-112],[-593,-126],[-582,-230],[-439,-49],[-351,-84],[-319,-265],[-252,-209],[-220,-405],[-44,-202],[-153,-252],[-121,-195],[-176,-293],[-241,-433]],[[601409,398270],[-351,28],[-659,63],[-143,91],[-614,844],[-352,496],[-472,300],[-428,167],[-944,189],[-779,258],[-538,98],[-747,34],[-845,28],[-296,300],[98,482],[-87,300],[-143,140],[-626,348],[-1372,859],[-1789,1228],[-297,349],[-252,258],[-362,105],[-1823,293],[-274,63],[-845,328],[-549,167],[-505,77],[-988,42],[-637,-84],[-461,-84],[-615,0],[-252,224],[-395,586],[-242,244],[-384,314],[-549,237],[-527,35],[-252,-42],[-549,-160],[-428,-188],[-242,-126],[-208,-342],[-143,-349],[-66,-265],[-110,-461],[-98,-425],[-220,-342],[-110,-405],[-241,-154],[-341,-132],[-307,-189],[-231,-307],[-230,-397],[44,-252],[208,-230],[231,-300],[-11,-258],[-231,-307],[-296,-224],[-187,-418],[-43,-307],[164,-789],[132,-349],[55,-307],[-77,-314],[-143,-684],[-99,-279],[-109,-265],[-55,-314],[-88,-314],[-33,-244],[-77,-538],[-230,-823],[-165,-293],[-417,-426],[-55,-133],[-22,-356],[-110,-335],[-296,-307],[-461,-251],[-472,-300],[-209,-286],[-461,-656],[-208,-265],[-231,-272],[-252,-363],[-55,-293],[22,-210],[98,-307],[-54,-272],[-352,-237],[-307,-154],[-285,-223],[-473,-544],[-230,-259],[-165,-139],[-395,-147],[-384,-83],[-823,-84],[-385,0],[-329,-133],[-198,-188],[-263,-328],[-241,-161],[-571,-125],[-352,-49],[-505,28],[-373,321],[-219,167],[-406,272],[-538,259],[-418,139],[-494,154],[-603,181],[-242,63],[-571,84],[-559,35],[-670,21],[-747,27],[-417,14],[-494,56],[-274,42],[-483,91],[-264,56],[-428,104],[-516,63],[-538,14],[-439,-7],[-581,-49],[-648,-69],[-856,-140],[-461,-63],[-626,-42],[-527,-28],[-582,-35],[-329,-41],[-483,-49],[-450,-189],[-505,-237],[-384,-160],[-308,-119],[-439,-147],[-428,-104],[-593,-168],[-461,-125],[-307,-119],[-450,-181],[-373,-112],[-374,-105],[-406,-104],[-417,-42],[-582,-14],[-296,0],[-428,21],[-450,21],[-396,34],[-548,35],[-385,56],[-680,-28],[-527,-56],[-450,-34],[-626,-56],[-483,-56],[-428,-21],[-384,28],[-560,125],[-384,133],[-461,140],[-626,181],[-538,91],[-670,35],[-351,69],[-549,210],[-702,202],[-703,217],[-593,-91],[-494,-251],[-109,-259],[-187,-174],[-165,-293],[-285,-321],[-318,-210],[-462,70],[-395,0],[-483,-132],[-120,-217],[-352,-139],[-384,181],[-582,-14],[-483,-153],[-658,-231],[-472,-209],[-352,-244],[-296,-335],[-33,-335],[-132,-251],[-296,-273],[-253,-146],[-175,-237],[-77,-175],[-297,-237],[-208,-154],[-231,-230],[-274,-251],[-406,342],[-132,300],[66,244],[-253,230],[-384,63],[-505,-216],[-285,-140],[-527,-21],[-933,-90],[-549,209],[-494,244],[-241,-90],[-462,-98],[-515,223],[164,419],[264,258],[373,196],[351,146],[329,98],[11,300],[-472,216],[-483,133],[-570,209],[-429,77],[-537,216],[-198,224],[-165,251],[-77,342],[11,202],[-76,377],[-330,391],[-417,181],[-560,70],[-538,14],[-658,0],[-352,63],[-417,-105],[-252,-167],[-593,139],[-351,342],[0,440],[241,411],[472,98],[242,112],[110,279],[-132,433],[-209,195],[-472,98],[-241,390],[395,273],[143,425],[-143,384],[33,321],[44,217],[-176,279],[-461,132],[-680,-77],[-385,273],[-472,279],[-362,84],[-439,-175],[-450,126],[-362,195],[-418,161],[-428,153],[-439,-265],[-439,153],[-494,147],[-538,154],[-11,251],[-505,153],[-285,-76],[-450,-35],[-340,118],[-483,-42],[-308,105],[-428,133],[-384,-77],[-549,-147],[-494,189],[-373,-210],[-450,-174],[-428,-202],[-154,-175],[-351,-160],[-396,76],[-483,-21],[-219,-383],[-417,-126],[-341,-209],[-351,-21],[-582,21],[-362,-35],[-494,-84],[-285,-405],[-297,-237],[-614,-174],[-352,-21],[-439,-70],[-197,-384],[175,-293],[-494,-189],[-219,-216],[-143,-363],[-362,-63],[-417,-174],[-22,-195],[55,-363],[-308,-272],[-626,13],[-197,-272],[-373,-35],[-429,-90],[-285,-168],[-44,-279],[88,-433],[-417,-314],[-362,-314],[-527,-35],[-220,-174],[-351,-174],[-648,-133],[-483,251],[55,286],[-384,224],[-637,-28],[-362,-91],[-318,-293],[-121,-189],[-330,-237],[-483,-209],[-351,-98],[-549,-160],[-329,-189],[-472,-181],[-165,-182],[-33,-265],[-340,-384],[-406,-14],[-373,-188],[-385,-63],[-603,49],[-417,-328],[-516,-161],[-220,-293],[0,-223],[-417,-181],[-318,-189],[-516,-7],[-417,-139],[-451,-238],[-450,-237],[-494,35],[-537,-265],[-242,-112],[-461,-209],[-340,-175],[-417,189],[-473,258],[-504,77],[-374,35],[-373,-7],[-681,-7],[-439,-77],[-581,14],[-527,-21],[-319,56],[-329,111],[-340,91],[-396,14],[-483,-35],[-504,-167],[-209,-314],[-571,-147],[-417,-14],[-757,49],[-220,14],[-549,35],[-395,28],[-582,56],[-549,48],[-373,28],[-549,0],[-505,-28],[-911,7],[-505,0],[-680,-48],[-473,-91],[-406,-91],[-219,-105],[-428,-223],[-1471,-460],[-1241,-349],[-3535,-887],[-3040,-474],[-3304,-747],[-2492,-781],[-2097,-622],[-3074,-942],[-1350,-349],[-1504,-328],[-2382,-607],[-472,-209],[-1164,-1200],[-559,-447],[-758,-251],[-1295,-286],[-791,-112],[-889,-42],[-3348,112],[-351,0],[-1515,49],[-1021,35],[-681,14],[-241,7],[-2119,314],[-790,76],[-768,7],[-955,-97],[-385,-112],[-911,-272],[-494,0],[-560,-14],[-834,111],[-1690,63],[-352,-7],[-439,-132],[-911,-286],[-571,-126],[-516,14],[-505,112],[-241,160],[-439,482],[-648,404],[-582,280],[-395,125],[-340,209],[-384,210],[-418,167],[-537,238],[-516,132],[-626,112],[-549,258],[-285,119],[-297,125],[-549,126],[-450,-70],[-340,-181],[-373,-426],[-187,-133],[-483,-139],[-340,-28],[-395,-356],[-363,-300],[-735,-496],[-329,-174],[-143,-293],[-33,-168],[-154,-300],[-263,-342],[-516,-258],[-351,-153],[-341,-217],[-175,-209],[-385,-265],[-505,-272],[-581,-447],[-363,-447],[-494,-439],[-746,-377],[-823,-426],[-286,-258],[-132,-188],[-32,-259],[43,-300],[527,-1158],[121,-244],[-132,-266],[-274,-125],[-351,-161],[-264,-265],[-197,-356],[-286,-495],[-208,-321],[-11,-370],[87,-307],[483,-803],[187,-321],[-88,-314],[-219,-132],[-494,-182],[-692,-272],[-241,-133],[-791,-509],[-428,-140],[-571,-83],[-1086,-28],[-1636,-161],[-1636,-279],[-483,-56],[-549,28],[-658,203],[-736,376],[-406,308],[-219,300],[-33,188],[-363,495],[-450,224],[-680,139],[-395,35],[-505,-111],[-802,-293],[-933,-461],[-285,-175],[-560,-55],[-329,118],[-626,77],[-395,-140],[-944,-439],[-429,-342],[-252,-328],[-187,-328],[-505,-223],[-450,-140],[-472,-63],[-527,-14],[-472,14],[-472,-21],[-801,-21],[-483,-90],[-417,-56],[-626,7],[-406,132],[-296,126],[-527,56],[-341,-133],[-241,-153],[-626,28],[-395,34],[-461,14],[-264,7],[-515,49],[-670,98],[-659,119],[-625,-77],[-615,14],[-670,28],[-669,21],[-494,35],[-286,7],[-582,62],[-636,70],[-417,91],[-494,0],[-418,-349],[-384,-223],[-351,-147],[-329,-216],[0,-272],[0,-203],[-264,-363],[-241,-335],[-66,-272],[-494,-223],[-406,-175],[-407,-300],[-164,-76],[-439,-175],[-527,-112],[-582,-55],[-483,0],[-384,-105],[-231,-140],[-296,-160],[-571,-98],[-933,21],[-670,28],[-406,-63],[-680,-77],[-483,-83],[-242,-154],[-209,-195],[-120,-224],[-330,-265],[-395,-195],[-351,-182],[-417,-223],[-341,-119],[-450,-153],[-505,-63],[-98,-412],[-2668,-4019],[-110,-84],[-1097,-2519],[-1076,-2289],[-812,21],[-3316,-119],[-1537,-370],[-515,-439],[-615,-691],[-780,-782],[-472,-412],[-834,-635],[-790,-1004],[-143,-196],[-285,-377],[-407,-321],[-548,-153],[-418,-119],[-1405,-258],[-439,-182],[-219,-111],[-560,-342],[-319,-258],[-43,-391],[263,-412],[99,-244],[-22,-321],[-307,-349],[-99,-314],[208,-391],[286,-188],[-143,-224],[-99,-335],[-44,-223],[-318,-335],[-384,-139],[-231,-105],[-296,-223],[-121,-287],[0,-237],[22,-300],[55,-370],[-33,-265],[22,-251],[252,-363],[670,-747],[154,-418],[0,-489],[66,-879],[33,-607],[10,-126],[-43,-565],[230,-740],[395,-1019],[110,-202],[187,-307],[230,-265],[187,-133]],[[302263,316657],[-516,363],[-549,265],[-516,237],[-274,216],[-154,259],[-241,300],[-220,216],[-603,328],[-1087,377],[-297,167],[-428,377],[-307,258],[-406,175],[-417,77],[-439,118],[-209,161],[-110,265],[-99,551],[-98,426],[-132,188],[-275,175],[-516,244],[-263,56],[-724,181],[-791,154],[-395,160],[-285,238],[-363,355],[-296,133],[-494,28],[-472,-119],[-494,-265],[-1087,-607],[-2151,-1382],[-374,-139],[-581,0],[-527,111],[-615,147],[-329,195],[-308,293],[-439,370],[-22,7],[-779,363],[-66,14],[-1021,244],[-604,231],[-121,42],[-570,216],[-88,14],[-593,132],[-549,49],[-483,14],[-417,-63],[-648,-223],[-889,-391],[-439,-279],[-582,-349],[-406,-230],[-362,-91],[-681,35],[-450,84],[-241,63],[-648,153],[-417,133],[-505,244],[-340,154],[-319,111],[-395,84],[-428,28],[-351,0],[-374,0],[-625,-140],[-549,-90],[-856,-189],[-319,-14],[-560,35],[-494,237],[-362,175],[-505,104],[-593,-27],[-318,-105],[-274,-147],[-319,-139],[-340,-182],[-604,-216],[-538,-42],[-307,7],[-505,56],[-296,63],[-571,104],[-275,77],[-527,161],[-614,202],[-703,251],[-329,84],[-417,70],[-505,28],[-626,-63],[-626,-182],[-439,-202],[-219,-188],[-275,-307],[-186,-266],[-220,-286],[-121,-321],[-219,-251],[-615,-174],[-285,-56],[-505,7],[-330,28],[-516,76],[-450,266],[-340,342],[-296,272],[-341,195],[-483,154],[-450,90],[-472,49],[-329,-21],[-538,-83],[-757,-112],[-670,-70],[-560,-35],[-680,-70],[-451,-41],[-439,0],[-889,-14],[-483,35],[-395,20],[-538,-7],[-582,-118],[-439,-98],[-263,-14],[-1054,49],[-527,-21],[-253,-28],[-603,-35],[-483,14],[-483,63],[-560,84],[-670,167],[-472,119],[-560,146],[-395,70],[-593,63],[-395,21],[-406,0],[-395,-28],[-395,-49],[-604,-42],[-406,0],[-362,84],[-418,286],[-241,342],[-198,217],[-428,272],[-329,139],[-549,147],[-395,63],[-373,83],[-385,91],[-219,202],[11,252],[110,244],[1273,872],[22,21],[669,384],[813,216],[527,259],[461,307],[900,809],[230,300],[472,635],[637,398],[2547,1389],[11,14],[1098,942],[516,349],[329,223],[922,544],[296,328],[0,454],[0,921],[22,370],[264,251],[494,370],[263,293],[406,677],[352,272],[373,223],[1021,294],[516,272],[527,405],[516,397],[406,56],[329,-70],[659,-404],[494,-440],[735,-858],[373,-126],[549,0],[1109,307],[988,237],[527,293],[373,440],[966,1242],[319,300],[208,189],[329,223],[99,126],[154,376],[-110,559],[231,370],[570,174],[802,168],[384,153],[329,154],[231,349],[132,251],[230,411],[439,245],[582,174],[384,140],[264,174],[373,307],[33,252],[0,307],[44,272],[197,411],[154,224],[209,314],[44,405],[-66,341],[-88,154],[-231,279],[-77,412],[33,349],[121,251],[242,209],[285,182],[296,209],[264,182],[395,258],[329,251],[209,286],[121,265],[77,231],[55,321],[10,244],[44,209],[341,307],[263,112],[275,335],[76,209],[0,314],[0,273],[-87,314],[-33,258],[-11,272],[22,258],[153,426],[11,516],[-98,244],[-220,182],[-549,174],[-604,147],[-680,181],[-384,245],[-187,230],[-143,1451],[-132,419],[-318,691],[-99,635],[-11,412],[198,467],[549,1131],[439,837],[-231,398],[-483,77],[-823,0],[-845,-105],[-450,-174],[-878,-754],[-341,-133],[-549,-55],[-636,55],[-439,168],[-385,335],[-44,307],[220,370],[1339,2275],[264,621],[186,377],[121,530],[22,321],[-209,384],[-274,202],[-703,384],[-164,237],[0,335],[-110,1089],[0,398],[231,551],[142,181],[187,273],[143,139],[417,412],[735,377],[867,167],[846,56],[2031,-160],[1855,-147],[757,0],[154,0],[713,98],[615,223],[461,265],[231,244],[66,328],[-187,1808],[44,530],[33,279],[-66,391],[-55,370],[-143,272],[-131,244],[-165,321],[-99,280],[-44,258],[22,195],[121,265],[219,321],[275,363],[176,252],[230,397],[176,210],[472,286],[230,167],[165,238],[66,237],[55,384],[-22,314],[33,300],[44,209],[54,279],[22,251],[22,349],[-33,245],[-109,272],[-121,258],[-143,230],[-219,356],[-165,265],[-187,419],[0,223],[231,405],[66,265],[22,335],[0,245],[22,362],[472,287],[1119,397],[1790,656],[88,28],[757,154],[593,14],[164,-14],[758,-63],[362,0],[615,35],[99,14],[1152,167],[417,7],[1691,-209],[307,-35],[857,-35],[845,-28],[801,-28],[955,56],[703,63],[801,133],[637,167],[483,237],[593,335],[417,272],[329,314],[253,259],[329,181],[516,188],[571,280],[307,132],[725,300],[197,91],[439,244],[209,307],[22,349],[-472,740],[-77,398],[33,377],[175,397],[77,119],[198,321],[143,426],[-44,425],[-55,370],[44,489],[-132,1388],[-220,468],[-307,328],[-450,105],[-1120,188],[-647,251],[-363,217],[-274,251],[-340,558],[-396,251],[-373,175],[-647,216],[-352,196],[-219,188],[-264,286],[-142,300],[-55,279],[-132,273],[-176,223],[-516,209],[-263,63],[-900,21],[-714,14],[-450,42],[-285,70],[-494,237],[-417,209],[-846,335],[-318,265],[-340,1131],[-44,551],[-99,433],[-132,544],[-340,356],[-549,258],[-845,251],[-1416,321],[-1482,440],[-780,314],[-1218,496],[-439,167],[-330,251],[-109,433],[66,426],[197,509],[834,977],[604,677],[362,593],[176,335],[176,342],[252,286],[308,251],[603,63],[396,70],[318,161],[318,216],[297,265],[142,321],[-11,356],[-22,335],[-22,349],[-44,384],[44,300],[110,293],[165,216],[154,391],[21,286],[-142,196],[-352,446],[-87,112],[-66,363],[44,356],[44,439],[-88,468],[-110,258],[-121,251],[-44,398],[0,174],[110,335],[77,182],[307,349],[418,572],[219,307],[779,928],[11,21],[396,558],[131,189],[220,300],[165,195],[603,594],[758,579],[362,307],[450,314],[439,279],[758,593],[318,272],[285,175],[494,202],[374,56],[746,35],[428,42],[483,56],[472,132],[560,251],[121,63],[373,272],[439,321],[977,782],[1065,1012],[428,593],[296,440],[209,111],[417,203],[966,349],[176,62],[571,314],[1295,838],[461,502],[110,398],[-143,1452],[-55,1011],[-285,831],[-461,740],[-330,335],[-307,390],[-1032,991],[-33,398],[66,223],[110,384],[208,279],[143,196],[198,258],[230,405],[406,586],[494,272],[1087,342],[769,405],[988,558],[1229,454],[1756,230],[1943,223],[1087,363],[538,293],[516,531],[439,684],[99,558],[-231,1214],[-76,244],[-286,217],[-461,146],[-1734,531],[-1680,390],[-1032,210],[-461,377],[-516,795],[-153,670],[153,440],[308,258],[516,209],[1339,238],[922,118],[1636,217],[3040,718],[363,84],[900,216],[658,238],[363,174],[285,209],[395,433],[1076,1277],[461,719],[296,614],[1340,2617],[142,279],[242,691],[132,168],[241,300],[99,97],[165,175],[208,209],[351,335],[374,391],[241,481],[22,384],[0,265],[-55,259],[-132,279],[-175,307],[-308,342],[-450,307],[-2360,872],[-2975,907],[-911,398],[-801,447],[-373,335],[-264,321],[-263,335],[-769,1137],[-483,621],[-109,398],[0,286],[32,349],[88,314],[1043,2073],[121,384],[154,335],[329,753],[88,293],[66,245],[22,286],[-77,467],[-747,1549],[-110,231],[264,300],[735,279],[44,21],[1581,1102],[779,391],[308,182],[230,223],[77,209],[-121,252],[-208,167],[-889,740],[11,370],[153,167],[813,859],[241,251],[308,216],[329,182],[395,139],[384,98],[2865,746],[341,91],[801,321],[1438,579],[253,98],[1075,684],[802,607],[307,161],[867,453],[341,272],[296,307],[55,98],[165,328],[164,754],[275,1416],[11,49],[65,531],[165,439],[340,538],[22,28],[1087,1207],[406,447],[396,558],[1218,1723],[296,294],[483,397],[560,356],[450,238],[483,188],[988,202],[988,112],[670,133],[362,132],[417,189],[319,265],[680,893],[747,970],[527,691],[153,188],[275,279],[373,231],[549,188],[230,63],[890,112],[483,55],[801,168],[713,272],[857,433],[527,418],[318,517],[329,879],[242,1214],[263,908],[121,272],[143,188],[285,168],[1131,272],[1174,237],[505,272],[176,238],[11,963],[66,195],[186,293],[209,175],[2163,1674],[790,656],[296,175],[758,419],[933,432],[351,286],[275,468],[285,481],[110,196],[131,335],[110,321],[132,691],[33,307],[-66,656],[-209,809],[-76,377],[11,147],[175,342],[275,342],[164,139],[1537,914],[373,258],[165,252],[66,286],[0,265],[-77,628],[-121,412],[-44,146],[-713,2373],[-593,1165],[-296,210],[-308,139],[-384,112],[-483,133],[-867,160],[-3326,600],[-1241,231],[-494,139],[-757,314],[-670,356],[-66,28],[-867,475],[-2634,1165],[164,209],[275,740],[307,1026],[582,1340],[538,956],[494,565],[724,761],[352,258],[1009,516],[615,279],[472,314],[450,384],[297,265],[658,810],[417,509],[176,301],[154,355],[44,252],[-66,369],[-604,866],[-176,335],[22,272],[626,984],[-33,370],[-461,272]],[[612803,327787],[-98,-181],[44,-272],[-231,-168],[-724,70],[-385,209],[-395,168],[-450,-140],[-351,-160],[-406,-28],[274,321],[351,384],[77,258],[154,230],[428,286],[373,182],[417,56],[670,-21],[428,-105],[187,-181],[-110,-342],[-143,-384],[-110,-182]],[[581474,335764],[351,-251],[-384,14],[33,237]],[[645856,360691],[-164,-279],[-384,160],[98,245],[187,181],[242,293],[0,-384],[21,-216]],[[613429,361256],[176,-349],[-450,217],[153,258],[165,140],[-44,-266]],[[590431,369491],[-175,-195],[-297,104],[-274,238],[-22,160],[318,272],[472,-321],[-22,-258]],[[588082,369742],[-120,-70],[-363,56],[-340,112],[-252,293],[-66,258],[-198,342],[307,196],[220,202],[-132,307],[-55,174],[494,-216],[231,-244],[66,-377],[395,-272],[11,-377],[-198,-384]],[[605679,380029],[99,-14],[659,7],[87,-315],[-175,-258],[11,-293],[120,-181],[88,-293],[-11,-189],[-11,-349],[-197,-670],[-44,-62],[-494,-189],[-527,42],[-340,98],[-637,42],[-428,-224],[-209,-202],[-197,-314],[-363,-147],[-658,0],[-275,203],[-219,356],[132,509],[175,279],[-44,251],[11,370],[132,224],[483,1312],[472,607],[263,153],[560,84],[417,-202],[857,-559],[263,-76]],[[633639,382478],[-439,-84],[-659,7],[-88,21],[-571,398],[-230,160],[-242,196],[-274,335],[230,405],[549,104],[834,-97],[505,-105],[429,-223],[274,-273],[66,-153],[0,-349],[-384,-342]],[[602913,393078],[-384,-14],[-494,224],[164,272],[341,-272],[373,-210]],[[601409,398270],[-231,-390],[-307,-573],[-132,-286],[-22,-251],[165,-349],[-252,-174],[-648,-21],[-340,-126],[-220,-251],[-44,-300],[-11,-321],[-154,-314],[-285,-398],[-77,-489],[-99,-356],[-87,-181],[-242,-419],[-55,-139],[-197,-377],[-88,-251],[-110,-433],[-22,-258],[-88,-544],[-55,-294],[-22,-362],[22,-308],[33,-355],[-22,-273],[-22,-390],[66,-349],[0,-433],[-219,-272],[-264,-147],[-263,-181],[-132,-251],[-44,-426],[-252,-377],[-99,-188],[-66,-349],[-99,-161],[-154,-384],[-76,-202],[-154,-279],[-165,-265],[-109,-231],[-516,-132],[-352,-182],[-230,-160],[-483,-523],[-143,-426],[-340,-300],[-209,-161],[-571,-209],[-538,-119],[-889,-279],[-274,-91],[-626,21],[-395,147],[-362,119],[-352,314],[-252,286],[-340,307],[-505,70],[-363,-147],[-252,-112],[-395,-83],[-604,-70],[-670,-349],[-296,-196],[-220,-146],[-614,-370],[-187,-126],[-483,-328],[-373,-286],[-318,-251],[-681,-649],[-922,-1005],[-582,-600],[-527,-91],[-417,-7],[-450,119],[-351,21],[-352,-189],[-142,-132],[-341,-314],[-241,-182],[-384,-321],[-253,-244],[-527,-621],[-197,-230],[-308,-433],[-230,-391],[-143,-265],[-110,-202],[-219,-517],[-308,-767],[-340,-810],[-439,-858],[-428,-628],[-439,-642],[-231,-314],[-439,-621],[-637,-1110],[-417,-795],[-55,-105],[-208,-447],[-99,-209],[-417,-1249],[-154,-628],[-132,-489],[-340,-1179],[-22,-56],[-230,-642],[-209,-279],[-121,-196],[143,-411],[99,-293],[33,-1522],[0,-167],[-55,-907],[22,-1445],[11,-126],[99,-1444],[87,-621],[341,-1836],[219,-551],[363,-1437],[504,-1801],[319,-2226],[143,-405],[241,-258],[88,-384],[11,-125],[77,-615],[-11,-432],[-22,-342],[-11,-258],[-22,-231],[-77,-328],[-66,-230],[-165,-279],[-186,-209],[-406,-273],[581,-418],[451,-28],[417,-182],[274,-167],[472,-321],[253,-203],[175,-362],[77,-210],[384,-188],[406,-105],[692,-28],[417,-174],[297,-196],[351,-376],[428,-301],[450,-97],[88,-251],[22,-252],[33,-286],[22,-377],[77,-397],[142,-663],[11,-35],[198,-482],[274,-363],[165,-209],[165,-244],[318,-196],[296,-174],[341,-140],[230,-181],[121,-230],[-11,-224],[-121,-314],[-121,-300],[-164,-272],[77,-398],[87,-279],[99,-293],[132,-391],[66,-209],[-77,-405],[-209,-223],[-362,-140],[-329,-125],[-659,-70],[-417,-133],[-516,-181],[-362,-147],[-439,-265],[-341,-244],[-461,-440],[-285,-363],[-220,-481],[-32,-161],[-407,-209],[-373,-133],[-263,-195],[-22,-370],[208,-405],[198,-384],[197,-432],[143,-384],[670,-984],[263,-370],[99,-132],[318,-468],[242,-370],[88,-133],[658,-704]]],"bbox":[98.62762,9.60088,99.53858,11.03385],"transform":{"scale":[9.109609109609138e-7,0.0000014329714329714322],"translate":[98.62762,9.60088]}}