{"type":"Topology","objects":{"districts":{"type":"GeometryCollection","geometries":[{"type":"MultiPolygon","arcs":[[[0,1,2,3,4]],[[5]]],"properties":{"CODE":"9001","PARENT":"90","NAME_TH":"เมืองสงขลา","NAME_EN":"Mueang Songkhla","NAME_CN":"Mueang Songkhla","COLOR_IDX":0}},{"type":"Polygon","arcs":[[6,7,8,9,10]],"properties":{"CODE":"9002","PARENT":"90","NAME_TH":"สทิงพระ","NAME_EN":"Sathing Phra","NAME_CN":"Sathing Phra","COLOR_IDX":3}},{"type":"Polygon","arcs":[[11,12,13,14,-1,15]],"properties":{"CODE":"9003","PARENT":"90","NAME_TH":"จะนะ","NAME_EN":"Chana","NAME_CN":"Chana","COLOR_IDX":2}},{"type":"Polygon","arcs":[[16,17,18,19,20,-13]],"properties":{"CODE":"9004","PARENT":"90","NAME_TH":"นาทวี","NAME_EN":"Na Thawi","NAME_CN":"Na Thawi","COLOR_IDX":0}},{"type":"MultiPolygon","arcs":[[[21,-17,-12,22]],[[23]]],"properties":{"CODE":"9005","PARENT":"90","NAME_TH":"เทพา","NAME_EN":"Thepha","NAME_CN":"Thepha","COLOR_IDX":1}},{"type":"Polygon","arcs":[[24,-18,-22]],"properties":{"CODE":"9006","PARENT":"90","NAME_TH":"สะบ้าย้อย","NAME_EN":"Saba Yoi","NAME_CN":"Saba Yoi","COLOR_IDX":2}},{"type":"Polygon","arcs":[[-11,25,26]],"properties":{"CODE":"9007","PARENT":"90","NAME_TH":"ระโนด","NAME_EN":"Ranot","NAME_CN":"Ranot","COLOR_IDX":1}},{"type":"Polygon","arcs":[[-10,27,-26]],"properties":{"CODE":"9008","PARENT":"90","NAME_TH":"กระแสสินธุ์","NAME_EN":"Krasae Sin","NAME_CN":"Krasae Sin","COLOR_IDX":2}},{"type":"Polygon","arcs":[[28,29,30,31]],"properties":{"CODE":"9009","PARENT":"90","NAME_TH":"รัตภูมิ","NAME_EN":"Rattaphum","NAME_CN":"Rattaphum","COLOR_IDX":2}},{"type":"Polygon","arcs":[[32,-20,33,34]],"properties":{"CODE":"9010","PARENT":"90","NAME_TH":"สะเดา","NAME_EN":"Sadao","NAME_CN":"Sadao","COLOR_IDX":2}},{"type":"Polygon","arcs":[[35,-14,-21,-33,36,37,-31,38,-3]],"properties":{"CODE":"9011","PARENT":"90","NAME_TH":"หาดใหญ่","NAME_EN":"Hat Yai","NAME_CN":"Hat Yai","COLOR_IDX":1}},{"type":"Polygon","arcs":[[-15,-36,-2]],"properties":{"CODE":"9012","PARENT":"90","NAME_TH":"นาหม่อม","NAME_EN":"Na Mom","NAME_CN":"Na Mom","COLOR_IDX":3}},{"type":"Polygon","arcs":[[39,40,-29,41]],"properties":{"CODE":"9013","PARENT":"90","NAME_TH":"ควนเนียง","NAME_EN":"Khuan Niang","NAME_CN":"Khuan Niang","COLOR_IDX":1}},{"type":"Polygon","arcs":[[-30,-41,-39]],"properties":{"CODE":"9014","PARENT":"90","NAME_TH":"บางกล่ำ","NAME_EN":"Bang Klam","NAME_CN":"Bang Klam","COLOR_IDX":0}},{"type":"MultiPolygon","arcs":[[[42]],[[43]],[[-4,-40,44,-8,45]]],"properties":{"CODE":"9015","PARENT":"90","NAME_TH":"สิงหนคร","NAME_EN":"Singhanakhon","NAME_CN":"Singhanakhon","COLOR_IDX":2}},{"type":"Polygon","arcs":[[-35,46,-37]],"properties":{"CODE":"9016","PARENT":"90","NAME_TH":"คลองหอยโข่ง","NAME_EN":"Khlong Hoi Khong","NAME_CN":"Khlong Hoi Khong","COLOR_IDX":3}}]}},"arcs":[[[589009,492082],[-333,-261],[-371,-140],[-761,-212],[-1465,-394],[-533,-164],[-390,-139],[-381,-207],[-142,-97],[-362,-303],[-28,-18],[-647,-552],[-942,-503],[-1303,-546],[-552,-528],[-1027,-976],[-609,-734],[-333,-261],[-95,-346],[171,-437],[428,-576],[723,-1298],[609,-891],[276,-352],[523,-661],[1351,-2220],[114,-188],[304,-424],[400,-595],[599,-885],[314,-443],[219,-309],[95,-219],[266,-1182],[115,-528],[66,-412],[114,-310],[172,-406],[294,-631],[314,-637],[447,-1025],[362,-667],[114,-315],[86,-267],[-38,-370],[-134,-200],[-256,-291],[-286,-352],[-152,-346],[-9,-212],[38,-231],[95,-224],[123,-206],[543,-546],[361,-285],[162,-109],[390,-79],[533,-188],[237,-188],[267,-273],[-38,-158],[-76,-285],[-48,-170],[-219,-242],[-162,-176],[153,-352],[428,-170],[295,-73],[323,-206],[381,-261],[313,-206],[219,-145],[-19,-243],[-9,-243],[-191,-145],[-371,-170],[-437,-224],[-381,-261],[-209,-194],[-751,18],[-495,24],[-162,6],[-628,19],[-361,194],[-457,91],[-399,-13],[-381,-78],[-333,-73],[-390,0],[-437,67],[-457,97],[-685,103],[-361,54],[-1066,213],[-542,66],[-485,61],[-552,36],[-276,12],[-332,-12],[-333,-24],[-1161,-79],[-1627,-133],[-1322,-18],[133,-1232],[38,-770],[-66,-279],[-143,-297],[-476,55],[-485,151],[-266,140],[-143,145],[-161,267],[-153,321],[-304,504],[-181,279],[-190,200],[-342,297],[-324,285],[-304,225],[-257,6],[-809,-6],[-257,0],[-437,36],[-438,0],[-532,-152],[-314,-224],[-371,-97],[-371,0],[-257,-6],[-371,-109],[-314,30],[-314,237],[-495,-122],[-1855,-461],[-1360,-370],[-1864,-582],[-609,-218],[-495,-206],[-295,-158],[-180,-121],[-229,-207],[-142,-254],[-19,-200],[0,-1122],[9,-340],[295,-1741],[495,-1922],[-29,-467],[-124,-795],[-161,-334],[-219,-624],[-381,-570],[-218,-122],[-2949,-254],[-371,-49],[-238,-79],[-247,-170],[-219,-236],[-57,-170],[-10,-418],[67,-225],[123,-382],[96,-261],[38,-151],[-29,-1523],[-19,-194],[162,-212],[219,-127],[808,-376],[362,-285],[28,-370],[-66,-340],[-115,-194],[-218,-316],[-181,-182],[-1056,-746],[-428,-321],[-828,-570],[-523,-315],[-295,-128],[-789,-200],[-904,-188],[-29,-6],[-799,-206],[-275,-73],[-657,-140],[-494,-109],[-476,-79],[-371,-36],[-276,12]],[[547743,441881],[-304,73],[-305,61],[-285,66],[-343,79],[-532,73],[-295,6],[-428,-18],[-523,-31],[-552,-48],[-666,-73],[-856,-85],[-809,-97],[-875,-139],[-761,-158],[-599,-146],[-438,-133],[-494,-218],[-362,-170],[-447,-243],[-333,-218],[-257,-188],[-314,-279],[-152,-127],[-314,-128],[-542,-30],[-409,61],[-390,60],[-390,37],[-571,30],[-380,6],[-381,18],[-456,6],[-524,24],[-561,19],[-590,18],[-437,6],[-476,0],[-713,-24],[-466,-19],[-381,-6],[-342,122],[-95,176],[-29,248],[-29,200],[-180,298],[-133,236],[76,267],[237,218],[295,291],[0,279],[-38,340],[29,188],[-152,200],[-371,109],[-419,97],[-438,122],[-428,103],[-313,73],[-305,42],[-333,24],[-713,19],[-533,12],[-361,30],[-581,67],[-304,42],[-305,55],[-570,73],[-248,273],[-323,248],[-561,370],[-286,170],[-466,200],[-276,103],[-285,109],[-304,134],[-467,261]],[[519281,445745],[438,182],[219,115],[181,188],[104,230],[57,152],[105,570],[0,224],[-95,595],[-38,806],[38,195],[257,794],[485,734],[751,746],[305,176],[685,424],[437,219],[1199,552],[428,260],[618,516],[286,394],[228,667],[114,285],[190,285],[190,279],[105,182],[133,370],[-152,219],[-143,170],[-304,115],[-190,261],[9,224],[0,261],[-123,182],[-448,273],[-361,194],[-162,85],[-304,206],[-266,309],[-67,237],[133,958],[-552,-140],[-513,-42],[-590,-48],[-542,-37],[-447,-164],[-371,-30],[-181,-182],[-143,-261],[-1113,-24],[-504,0],[-523,12],[-552,-67],[-409,-91],[-533,-84],[-371,-91],[-618,-37],[-456,-48],[-352,-37],[-276,-85],[-324,255],[-19,206],[76,346],[-19,309],[-47,298],[-57,309],[-390,582],[-314,-79],[-333,-12],[-333,43],[-428,-31],[-286,-6],[-361,6],[-533,67],[-285,12],[-295,322],[-143,157],[-342,273],[-352,170],[-381,188],[-304,170],[-266,224],[-543,170],[-428,43],[-456,60],[-600,91],[-38,30],[-57,449],[-47,552],[-57,595],[-38,206],[-48,418],[-57,370],[-675,43],[-476,30],[-542,36],[-714,0],[-1312,55],[-581,-18],[-704,-37],[-551,-30],[-552,-61],[-219,-60],[-447,-140],[-342,-91],[-533,576],[-29,201],[-66,273],[-248,242],[-190,261],[-133,170],[-257,261],[-171,279],[-152,339],[-105,279],[-238,188],[-1341,-176],[-685,-85],[-171,79],[-67,479],[-38,480],[-47,503],[-210,2038],[-76,67],[-618,-7],[-1950,-72],[-733,-25],[-1303,-54],[-171,6],[-447,121],[-438,55],[-513,91],[-381,66],[-371,213],[-618,394],[-504,431],[-181,212],[-143,1431],[-190,1729],[-86,709],[-161,1171],[-134,946],[-199,1140],[-238,1341],[-114,806],[-48,461],[-19,225],[-19,703],[29,394],[-19,237],[-38,194],[-96,285],[-28,140],[-95,266],[-57,328],[-162,983],[-48,406],[-66,255],[-162,242],[-390,188],[238,206],[504,419],[-418,12],[-400,6],[-333,12],[-428,170],[95,352],[57,249],[76,388],[38,297],[29,570],[57,970],[19,304],[0,606],[-29,273],[-85,352],[-114,467],[-105,388],[-67,182],[-142,358],[-143,376],[-152,339],[-114,261],[-29,316],[67,224],[66,194],[-28,285],[152,200],[-28,310],[-219,145],[-447,128],[-286,212],[-409,218],[-276,97],[-275,67],[-314,49],[-619,36],[-276,18],[-352,49],[-361,85],[-190,103],[-114,260],[95,292],[66,351],[-180,334],[-324,333],[-352,298],[-85,72],[-276,285],[-248,377],[-171,388],[-219,624],[-38,267],[-171,1080],[29,364],[66,267],[67,188],[142,206],[248,273],[123,164],[96,224],[38,200],[0,255],[-48,370],[-105,279],[-161,182],[-257,170],[-371,169],[-352,164],[-485,200],[-305,176],[-513,413],[-238,266],[-29,182],[162,255],[314,212],[314,158],[323,115],[428,116],[723,188],[590,230],[409,255],[219,224],[95,194],[0,200],[-47,225],[-86,230],[-124,261],[-47,146],[-67,321],[-57,770],[-38,352],[-105,243],[-142,279],[-105,345],[-19,316],[143,242],[380,237],[267,79],[447,85],[418,42],[561,43],[619,66],[418,79],[457,164],[533,376],[275,267],[191,273],[190,333],[114,304],[38,206],[0,212],[-162,328],[-247,175],[-238,85],[-523,91],[-371,0],[-333,-24],[-323,-24],[-476,-18],[-380,6],[-381,36],[-247,49],[-419,133],[-333,212],[-152,164],[-124,315],[96,334],[209,255],[1294,1037],[332,291],[295,255],[191,182],[228,345],[-57,304],[-438,194],[-532,0],[-276,6],[-447,36],[-305,146],[-2977,1449],[-11054,-3481],[-3234,-607],[-2245,-351],[-1684,-170],[-2949,-91],[-1645,73],[-3843,600],[-2483,534],[-19092,7854],[-39962,17540]],[[387780,543980],[80761,1140],[5632,-2286],[4594,-2099],[5213,-2802],[4918,-2541],[3939,-2462],[8656,8206],[523,1461],[828,2105],[1027,1565],[666,1959],[76,248],[10,1323],[-238,606],[-752,1256],[-2606,3851],[-2559,4148],[-362,577],[-504,1037],[-276,539],[-932,2081],[-922,2019]],[[495472,565911],[332,146],[1418,649],[-124,315],[-181,455],[-123,364],[-57,243],[95,254],[380,243],[447,273],[600,370],[1284,837],[38,30],[856,558],[561,364],[86,-48],[-599,-376],[-29,-43],[333,-491],[86,-134],[247,-309],[190,-249],[314,-539],[495,-704],[104,-152],[495,-837],[314,-533],[514,-904],[494,-722],[562,-709],[665,-758],[248,-279],[285,-328],[894,-807],[505,-376],[256,-200],[609,-345],[67,-31],[561,-267],[152,-60],[371,-140],[485,-145],[362,-55],[352,-6],[485,6],[808,79],[533,54],[552,-24],[514,55],[494,67],[457,188],[447,236],[399,67],[552,-18],[352,-176],[447,-431],[76,-85],[438,-540],[637,-776],[457,-552],[333,-291],[142,-164],[286,-418],[352,-413],[1684,-1856],[1626,-1764],[542,-583],[2198,-2353],[104,-109],[1037,-1074],[581,-673],[380,-461],[390,-473],[143,-145],[323,-304],[362,-345],[266,-328],[285,-315],[267,-213],[342,-309],[257,-255],[476,-412],[276,-285],[104,-109],[638,-631],[342,-303],[48,-37],[333,-285],[380,-406],[209,-182],[438,-267],[304,-249],[457,-442],[904,-734],[313,-255],[476,-230],[238,-55],[399,-103],[362,-109],[428,-37],[476,67],[390,6],[561,85],[152,200],[333,164],[323,91],[467,85],[532,-158],[314,-73],[390,-430],[200,-213],[124,-181],[114,-213],[323,-345],[276,-267],[285,-334],[305,-358],[190,-194],[304,-303],[838,-916],[390,-467],[218,-261],[153,-176],[380,-400],[295,-358],[333,-339],[447,-480],[19,-18],[447,-449],[523,-503],[533,-588],[447,-443],[476,-534],[1046,-1104],[514,-551],[209,-237],[923,-934],[380,-394],[257,-322],[447,-467],[638,-594],[275,-303],[286,-322],[209,-242],[171,-188],[619,-698],[276,-230],[646,-631],[200,-243],[856,-922],[485,-497],[229,-230],[247,-249],[514,-516],[161,-169],[961,-1062],[276,-327],[209,-188],[276,-243],[409,-200],[381,-206],[257,-279],[123,-261],[761,-704],[257,-260],[466,-455],[295,-297],[114,-128],[913,-1025],[638,-728],[1607,-1595],[799,-764],[238,-291],[657,-637],[304,-321],[257,-291],[1037,-1098],[342,-352],[657,-540],[371,-339],[599,-631],[285,-303],[114,-128],[571,-649],[695,-770],[675,-643],[847,-879],[1113,-1086],[1008,-970],[1275,-1183],[808,-831],[286,-279],[447,-419],[199,-188],[714,-679],[494,-503],[200,-200],[400,-376],[238,-182],[171,-140],[200,-200],[142,-152],[514,-503],[333,-328],[333,-315],[209,-182],[190,-164],[238,-273],[371,-297],[257,-267],[228,-218],[276,-212],[228,-158],[191,-158],[161,-163],[305,-304],[190,-188],[285,-321],[181,-212],[286,-285],[418,-376],[305,-231],[332,-224],[333,-310],[219,-200],[209,-236],[96,-103]],[[516047,574766],[276,-151],[162,24],[475,-61],[162,-200],[-114,-255],[-152,-139],[9,-237],[48,-272],[-171,-219],[0,-230],[361,-255],[219,-176],[-19,-255],[-143,-200],[-57,-182],[-219,6],[-428,85],[-238,152],[-180,164],[-162,188],[-133,212],[-171,206],[-343,182],[-323,121],[-200,140],[190,352],[143,206],[-95,352],[-105,266],[29,170],[85,279],[67,255],[-29,206],[-9,206],[475,-181],[153,-279],[285,-279],[152,-201]],[[336155,807779],[152,-260],[133,-322],[162,-400],[105,-297],[19,-182],[114,-267],[9,-200],[77,-279],[85,-243],[57,-188],[57,-249],[181,-254],[105,-225],[95,-206],[181,-388],[76,-285],[47,-170],[162,-243],[67,-242],[76,-237],[152,-370],[85,-315],[86,-230],[190,-480],[38,-145],[105,-370],[162,-461],[123,-249],[181,-333],[57,-170],[124,-328],[95,-291],[67,-206],[104,-291],[57,-267],[124,-273],[105,-158],[57,-224],[133,-170],[76,-339],[152,-407],[86,-382],[104,-255],[67,-145],[105,-231],[380,-946],[266,-570],[257,-825],[314,-1001],[476,-1231],[76,-176],[105,-291],[570,-1540],[143,-200],[114,-182],[38,-237],[29,-194],[133,-291],[333,-910],[447,-1098],[67,-315],[57,-188],[218,-334],[134,-309],[237,-728],[48,-297],[95,-200],[124,-322],[171,-430],[238,-679],[152,-225],[76,-182],[57,-212],[143,-570],[47,-164],[96,-249],[551,-1419],[609,-1807],[352,-728],[171,-425],[438,-1158],[162,-437],[399,-1134],[999,-2662],[133,-340],[200,-479],[105,-358],[237,-795],[19,-42],[181,-425],[86,-188],[513,-1158],[324,-540],[133,-127],[162,-364],[114,-382],[266,-886],[219,-291],[276,-849],[219,-528],[123,-479],[133,-309],[1256,-3415],[637,-1692],[267,-691],[742,-1905],[314,-830],[333,-613],[199,-291],[10,-43],[95,-448],[238,-680],[181,-321],[789,-1886],[248,-613],[428,-734],[9,-30],[190,-552],[57,-194],[248,-710],[257,-552],[104,-303],[257,-261],[114,-236],[381,-1310],[694,-1517],[999,-2268],[276,-503],[85,-164],[105,-334],[29,-72],[133,-431],[85,-243],[257,-400],[999,-2596],[304,-364],[895,-2110],[618,-1468],[590,-1304],[532,-1068],[524,-1061],[1170,-2426],[152,-400],[124,-285],[342,-692],[257,-576],[143,-315],[371,-649],[104,-188],[200,-552],[209,-413],[571,-1170],[190,-382],[495,-1019],[190,-407],[57,-121],[599,-1395],[105,-188],[171,-315],[419,-716],[143,-267],[390,-758],[875,-1929],[361,-818],[485,-916],[286,-528],[133,-339],[66,-152],[476,-879],[324,-886],[285,-425],[47,-78],[143,-322],[67,-158],[133,-297],[361,-806],[57,-128],[276,-321],[238,-443],[57,-133],[181,-419],[504,-988],[2179,-4204],[380,-739],[3310,-5968],[1694,-3203],[399,-734],[1646,-2996],[1921,-3505],[799,-1468],[2740,-4573],[828,-1383],[713,-1219],[219,-370],[105,-352],[351,-339],[647,-1080],[1675,-2790],[418,-685],[143,-231],[1674,-2614],[666,-1043],[951,-1553],[695,-1116],[285,-424],[152,-225],[228,-339],[467,-704],[294,-515],[400,-601]],[[405730,658761],[-1379,-303],[-457,-115],[-399,-85],[-419,-97],[-400,-85],[-523,-109],[-399,-85],[-552,-134],[-599,-145],[-362,-79],[-494,-115],[-238,-61],[-400,-103],[-523,-140],[-285,-60],[-1113,-212],[-2664,-461],[-1160,-201],[-371,-78],[-286,-79],[-380,121],[-1085,-176],[95,-370],[-7343,-1061],[-4937,-934],[-2464,-413],[-2578,-364],[-114,213],[-276,206],[-171,121],[-171,200],[-305,480],[-219,388],[-180,351],[-133,449],[-58,116],[-399,655],[162,224],[-200,309],[-590,-115],[-399,-55],[-771,-103],[-704,-103],[-466,-60],[-295,-43],[-323,-42],[-390,-55],[-390,-54],[-581,-73],[-456,-85],[-400,-49],[-466,-54],[-590,-73],[-352,-55],[-561,-78],[-371,-55],[-295,-49],[-818,-97],[-380,-54],[-409,-55],[-229,-48],[-352,-55],[-456,-79],[-466,-60],[-381,-67],[-533,-67],[-323,-48],[-371,-49],[-504,-67],[-162,-145],[-371,-61],[-437,-236],[-476,-164],[-276,-103],[-437,-206],[-476,-140],[-381,-152],[-352,-121],[-142,-194],[-95,-255],[-153,-242],[-152,-134],[-409,-267],[-399,-103],[-428,-91],[-267,-97],[-418,-127],[-533,97],[-371,24],[-362,-121],[-456,-140],[-16381,-1625],[-19,-6]],[[334376,649973],[-181,376],[-1255,2656],[-1437,3033],[-1569,3148],[-599,1971],[-343,1146],[-485,2481],[-247,4561],[-172,2741],[-532,1183],[-1132,1704],[-1437,1474],[-1132,807],[-2349,1564],[-1874,1128],[-1199,722],[-3025,2402],[-1303,1765],[-238,418],[-970,1711],[-428,612],[-219,376],[-219,346],[4880,43735],[-1179,8946],[-229,73],[-28052,9279],[-1009,334]],[[286442,750665],[5394,26298],[38,424],[29,922],[-67,577],[-86,400],[-171,370],[-276,424],[-323,334],[-457,327],[-209,176],[-124,182],[0,279],[-19,188],[-47,249],[-29,303],[-9,425],[-48,248],[-219,419],[-256,255],[28,303],[447,61],[152,145],[-209,352],[-28,61],[-124,412],[456,97],[-104,352],[-124,418],[-85,334],[-96,212],[-218,352],[-143,273],[-143,249],[-104,175],[-143,261],[266,273],[333,12],[114,255],[143,340],[323,66],[324,37],[323,18],[276,73],[400,170],[304,30],[343,121],[0,479],[28,285],[76,207],[143,236],[209,255],[57,176],[105,279],[105,345],[57,225],[47,188],[-19,327],[-47,207],[-162,303],[-133,218],[-38,364],[85,243],[57,145],[86,243],[86,200],[66,188],[86,261],[76,212],[-86,297],[-380,37],[-495,-25],[-257,-24],[-114,667],[57,328],[95,479],[38,388],[172,1243],[-19,170],[-19,528],[9,467],[-219,788],[-85,528],[57,49],[894,127],[485,0],[304,-6],[600,-12],[428,0],[352,0],[428,0],[514,0],[770,0],[466,0],[438,0],[532,24],[381,285],[-95,340],[-67,224],[-104,315],[-48,219],[-48,182],[-57,224],[-57,206],[-47,304],[66,145]],[[298133,803000],[181,12],[580,49],[371,36],[438,49],[561,66],[333,43],[599,67],[286,30],[418,48],[343,49],[447,36],[342,25],[390,42],[257,267],[571,79],[514,60],[1503,176],[1303,146],[1103,127],[295,25],[333,36],[257,279],[228,182],[362,48],[504,67],[514,61],[323,48],[571,67],[314,36],[399,67],[276,43],[438,42],[428,42],[551,79],[524,73],[723,91],[684,103],[362,43],[628,78],[628,91],[447,61],[342,49],[495,66],[561,79],[428,67],[476,48],[456,67],[390,79],[248,42],[133,298],[-124,242],[190,273],[381,61],[342,67],[248,36],[570,18],[410,49],[304,91],[552,157],[456,55],[248,12],[447,18],[437,49],[305,54],[485,-91],[181,-297],[66,-194],[57,-321],[152,-304],[172,-285],[1836,310],[1265,224],[523,91],[257,146],[513,115],[286,48],[304,55],[362,61],[304,42],[371,115],[323,49],[476,6],[590,-6],[704,-18],[171,-13]],[[726960,402173],[38,-200],[171,-170],[285,-109],[723,-164],[971,-175],[1446,-213],[3481,-497],[324,-140],[352,-182],[142,-345],[-209,-401],[-238,-351],[-399,-595],[-257,-200],[-438,-170],[-961,-273],[-294,-91],[-343,-115],[-276,-230],[-342,-558],[-171,-316],[-238,-345],[-419,-279],[-466,-255],[-447,-285],[-285,-212],[-305,-213],[-333,-224],[-209,-134],[-380,-157],[-324,-43],[-418,-6],[-438,18],[-400,61],[-532,140],[-419,145],[-352,176],[-304,237],[-181,176],[-171,278],[-86,328],[76,358],[200,273],[228,188],[295,194],[400,273],[257,200],[180,146],[191,351],[-57,237],[-191,212],[-333,218],[-314,134],[-390,115],[-294,73],[-438,42],[-285,6],[-486,-30],[-932,-67],[-504,-36],[-580,-36],[-343,-19],[-314,13],[-323,18],[-457,91],[-313,72],[-324,134],[-476,236],[-209,134],[-314,230],[-342,316],[-286,200],[-247,170],[-314,145],[-276,103],[-323,85],[-285,37],[-333,24],[-324,0],[-533,-36],[-390,-49],[-542,-139],[-285,-134],[-580,-334],[-543,-351],[-276,-206],[-228,-189],[-219,-248],[-123,-249],[19,-352],[76,-175],[209,-225],[485,-455],[400,-309],[285,-206],[419,-291],[418,-316],[485,-285],[390,-194],[543,-206],[418,-164],[314,-170],[171,-133],[210,-212],[228,-304],[86,-157],[114,-298],[28,-218],[-9,-327],[-57,-431],[-29,-309],[0,-340],[0,-279],[57,-255],[76,-394],[48,-412],[-10,-122],[-38,-406],[-38,-285],[-9,-212],[28,-182],[257,-261],[495,-225],[342,-48],[390,67],[438,194],[266,54],[409,67],[333,6],[371,-145],[685,-480],[799,-570],[533,-394],[285,-261],[257,-267],[162,-206],[199,-267],[124,-169],[86,-213],[95,-230],[181,-231],[371,-91],[352,-230],[9,-158],[-28,-230],[-29,-255],[10,-412],[9,-304],[-48,-182],[-209,-424],[-257,-346],[-276,-218],[-580,-601],[-314,-406],[-295,-497],[-152,-383],[-142,-260],[-86,-200],[-95,-255],[-67,-285],[76,-340],[162,-230],[219,-261],[190,-146],[390,-109],[181,-188],[66,-255],[-9,-224],[-48,-249],[-95,-279],[-333,-261],[-276,-133],[-504,-139],[-437,-85],[-333,-134],[-238,-145],[-305,-237],[-199,-182],[-257,-303],[-209,-346],[-115,-170],[-285,-273],[-342,-181],[-229,-91],[-333,-67],[-361,-121],[-114,-182],[171,-207],[181,-157],[304,-249],[257,-188],[409,-230],[209,-146],[200,-237],[-9,-248],[-419,-188],[-438,-6],[-475,-219],[181,-291],[342,-291],[114,-206],[-57,-279],[-419,-273],[-390,-103],[-209,-128],[-257,-206],[-38,-315],[210,-315],[228,-189],[143,-151],[104,-218],[95,-207],[19,-376],[-561,-127],[-266,224],[-19,243],[-10,297],[-409,61],[-123,-261],[-143,-140],[-390,-254],[-200,-182],[-361,-370],[-115,-182],[-285,-243],[-380,-54],[-257,-25],[-314,-194],[-143,-218],[-295,-279],[-409,-200],[-276,-97],[-95,-273],[324,-200],[-96,-225],[-323,-188],[-380,-206],[-219,-164],[-209,-321],[-314,-134],[-343,13],[-466,121],[-561,18],[-409,-61],[-428,85],[-571,267],[-285,146],[-134,206],[-38,328],[-104,248],[-390,-18],[-172,-237],[-313,-103],[-371,-85],[-48,-357],[67,-231],[-105,-158],[-257,-206],[-38,-157],[-428,-249],[-362,-121],[-323,-201],[-190,-175],[-190,-273],[-505,-201],[-475,-188],[-238,-121],[-419,-224],[-237,-116],[-314,-242],[-162,-170],[-247,-200],[-67,-146],[0,-273],[0,-412],[-162,-346],[-104,-133],[209,-285],[228,-134],[219,-273],[76,-315],[162,-236],[-124,-334],[19,-334],[-123,-279],[-19,-357],[171,-243],[371,-267],[171,-133],[76,-219],[-86,-333],[181,-310],[171,-103],[191,-315],[190,-249],[257,-267],[-10,-182],[19,-224],[210,-194],[-191,-309],[-142,-310],[-19,-254],[-153,-176],[-228,-249],[-95,-327],[9,-358],[29,-188],[67,-231],[142,-194],[181,-333],[200,-207],[0,-206],[-105,-249],[114,-157],[276,-243],[324,-164],[85,-291],[38,-212],[-276,-2602],[-523,-710],[-637,-752],[-856,-727],[-76,-874],[-86,-806],[-114,-825],[28,-922],[-161,-655],[-86,-382],[-124,-734],[-9,-637],[19,-849],[76,-837],[105,-655],[161,-916],[181,-503],[333,-576],[723,-783],[666,-746],[124,-346],[95,-321],[152,-279],[228,-188],[286,-170],[979,-534],[352,-297],[390,-333],[505,-316],[542,-430],[456,-413],[324,-236],[276,-122],[418,25],[704,78],[733,-18],[523,-103],[1284,-497],[609,-188],[314,-225],[437,-78],[409,-6],[343,133],[437,24],[390,-12],[457,-145],[1084,-401],[1189,-364],[933,-364],[1674,-333],[999,-85],[333,-115],[123,-267],[181,-789],[162,-503],[161,-455],[105,-594],[209,-279],[438,-401],[323,-509],[86,-261],[-105,-212],[-256,-134],[-457,-279],[-400,-345],[-190,-413],[38,-345],[124,-225],[295,-242],[704,-346],[913,-479],[437,-322],[438,-321],[124,-315],[-67,-413],[-124,-424],[77,-401],[247,-303],[361,-200],[866,-309],[1417,-419],[818,-212],[352,-213],[248,-230],[123,-212],[0,-291],[-209,-370],[-219,-346],[-123,-455],[-295,-158],[-400,-103],[-827,-66],[-752,-128],[-361,-188],[85,-188],[38,-236],[19,-346],[0,-358],[0,-358],[57,-242],[124,-316],[19,-364],[0,-394],[-124,-267],[-342,-321],[-419,-291],[-456,-237],[-1151,-807],[-571,-333],[-266,-315],[-48,-370],[-247,-255],[-133,-279],[19,-370],[-38,-400],[-48,-558],[-171,-334],[-400,-237],[-475,-145],[-504,-91],[-476,-67],[-504,-79],[-276,-266],[-105,-237],[67,-321],[181,-395],[190,-521],[76,-279],[247,-158],[438,-200],[504,-297],[438,-334],[76,-449],[104,-455],[19,-357],[-152,-370],[-295,-243],[-542,-273],[-266,-224],[-257,-388],[-542,-692],[-400,-515],[-418,-370],[-486,-158],[-998,-146],[-695,-182],[-751,-370],[-419,-291],[-209,-230],[38,-237],[171,-291],[228,-297],[305,-291],[418,-309],[495,-158],[1436,-522],[505,-321],[199,-303],[19,-389],[0,-382],[-171,-321],[-266,-249],[-438,-279],[-295,-279],[-85,-455],[-105,-315],[-219,-255],[-494,-194],[-543,-242],[-608,-104],[-647,-145],[-685,-91],[-695,18],[-789,-24],[-733,12],[-599,0],[-380,-24],[-457,-213],[-361,-182],[-723,-309],[-628,-158],[-523,-194],[-486,-303],[-104,-734],[466,-946],[-29,-176],[-85,-230],[-181,-122],[-276,-163],[-266,-97],[-381,-19],[-542,-42],[-476,-36],[-513,-85],[-362,-158],[-314,-146],[-285,-169],[-380,-261],[-410,-176],[-447,-249],[29,-351],[38,-249],[371,-273],[400,-164],[285,-176],[219,-133],[114,-261],[-171,-127],[-524,-401],[-190,-194],[-304,-157],[-276,-61],[-485,-164],[-248,-273],[-28,-358],[-29,-497],[-47,-279],[-124,-230],[-66,-334],[19,-218],[180,-267],[248,-188],[380,-206],[371,-231],[209,-200],[200,-176],[171,-194],[48,-364],[-38,-303],[19,-176],[171,-237],[171,-297],[276,-176],[238,-91],[400,-151]],[[707859,278489],[-438,-55],[-504,-376],[-1161,-928],[-304,-303],[-133,-267],[-86,-431],[-276,-218],[-561,-73],[-171,-127],[28,-261],[76,-382],[-9,-261],[-105,-242],[-257,-340],[-266,-309],[-171,-176],[-371,-261],[-257,-176],[38,-339],[190,-182],[114,-176],[-19,-316],[-332,-285],[-286,-291],[-219,-218],[-361,-140],[-552,-145],[-799,-164],[-428,-73],[-533,-18],[-504,73],[-276,97],[-437,321],[-1047,777],[-237,194],[19,370],[371,588],[256,509],[67,316],[-67,346],[-171,382],[-266,333],[-523,449],[-438,267],[-76,30],[-457,170],[-352,91],[-494,42],[-581,-6],[-608,-30],[-524,-91],[-475,-176],[-419,-206],[-437,-273],[-352,-61],[-409,73],[-371,134],[-514,200],[-1579,582],[-571,-91],[-133,-230],[-86,-164],[-123,-291],[-67,-340],[10,-400],[104,-370],[114,-376],[124,-570],[29,-128],[66,-254],[48,-201],[-238,-248],[-400,24],[-323,91],[-628,212],[-1503,589],[-1265,576],[-504,267],[-695,363],[-637,370],[-666,340],[-742,352],[-513,261],[-286,194],[-314,242],[-247,249],[-209,297],[-172,237],[-114,145],[-371,158],[-247,30],[-400,-12],[-589,-54],[-628,-85],[-723,-134],[-533,-151],[-533,6],[-304,54],[-304,103],[-628,310],[-970,461],[-828,418],[-390,218],[-485,116],[-381,-6],[-932,-61],[-371,-6],[-542,115],[-352,170],[-514,328],[-475,406],[-428,309],[-343,200],[-342,182],[-476,219],[-419,133],[-304,152],[-542,163],[-419,13],[-523,-19],[-523,-48],[-542,-128],[-438,-139],[-333,-103],[-475,-176],[-343,-109],[-542,-18],[-209,127],[-286,279],[-533,479],[-180,212],[-152,346],[-67,243],[-86,224],[-228,255],[-314,242],[-799,492],[-181,139],[-161,237],[-67,200],[-48,285],[-28,346],[-95,394],[-48,352],[38,321],[86,413],[57,309],[-19,261],[-76,182],[-143,206],[-219,182],[-456,297],[-248,212],[-95,206],[-66,370],[9,267],[57,316],[48,291],[28,248],[-19,298],[-38,418],[-47,225],[-181,194],[-390,103],[-266,48],[-428,31],[-457,-37],[-514,-85],[-333,-30],[-399,-36],[-542,-152],[-533,-79],[-257,-6],[-352,-36],[-380,-91],[-362,-97],[-571,-128],[-428,-73],[-323,-54],[-371,-61],[-495,-67],[-561,-18],[-323,0],[-362,-18],[-475,-73],[-343,-6],[-380,-79],[-295,-115],[-267,-182],[-333,-267],[-237,-285],[-38,-139],[-543,18],[-180,73],[-390,127],[-314,109],[-390,73],[-390,0],[-562,-61],[-599,55],[-476,109],[-294,134],[-467,115],[-247,61],[-333,78],[-380,85],[-524,109],[-361,61],[-476,30],[-333,37],[-361,188],[48,151],[-86,249],[-409,30],[-190,298],[-238,224],[-219,315],[-133,292],[-76,291],[0,321],[-19,200],[-48,200],[-76,334],[-57,170],[-352,158],[-95,315],[28,358],[-371,163],[-513,85],[-305,43],[-304,61],[-304,206],[-105,176],[-67,242],[-47,376],[-523,140],[-324,-61],[-361,-67],[-295,-218],[-67,-267],[-19,-194],[-85,-255],[-286,-121],[-361,-127],[-409,254],[171,146],[114,364],[-209,164],[-295,115],[-352,24],[-466,-36],[-352,-25],[-343,0],[-285,67],[-285,146],[-428,230],[-248,158],[29,333],[418,61],[314,194],[229,85],[351,49],[172,285],[47,188],[219,242],[247,225],[390,127],[495,61],[190,242],[-19,231],[-257,170],[-209,109],[-200,218],[162,273],[-152,279],[-324,-145],[-466,30],[-399,-61],[-409,-60],[-390,-286],[-400,-242],[-390,-91],[-342,-194],[-400,-97],[-314,-49],[-418,-85],[-314,79],[-409,170],[-352,67],[-381,291],[-456,212],[-419,-48],[-390,48],[-504,-6],[-247,-188],[-162,-206],[9,-340],[-38,-170],[-323,-182],[-304,-42],[-457,-6],[-285,36],[-438,-121],[-457,-158],[-247,-285],[105,-254],[-561,-140],[-438,133],[-295,49],[-371,200],[-552,-36],[-9,400],[9,237],[-161,175],[-447,0],[-286,213],[-285,-79],[-504,67],[-248,133],[-247,176],[-390,218],[-228,-133],[-267,-91],[-323,-158],[-295,-54],[-276,-182],[-209,-158],[-533,-133],[0,-292],[38,-248],[-200,-310],[-513,110],[-409,-146],[-552,42],[-352,182],[-352,55],[-228,158],[-514,109],[-390,-109],[-238,-55],[-295,-139],[-85,-328],[-29,-224],[-47,-352],[-143,-170],[-200,-164],[-76,-309],[-38,-218],[-190,-194],[-333,-255],[95,-255],[238,-303],[-38,-261],[-124,-236],[29,-298],[38,-163],[38,-249],[-276,-152],[-228,-133],[-410,-218],[-475,97],[-143,218],[-123,188],[-495,133],[-276,55],[-447,176],[-324,170],[-304,151],[-361,158],[-419,164],[-419,97],[-228,36],[-333,200],[-123,219],[-48,364],[-276,285],[-523,48],[-476,55],[-333,66],[-333,61],[-332,30],[-448,37],[-418,60],[-276,7],[-390,12],[-342,109],[-390,67],[95,315],[104,315],[-161,200],[-305,67],[-390,85],[-390,49],[-133,242],[48,243],[95,218],[57,176],[-29,267],[-66,340],[-105,321],[-114,352],[66,242],[57,152],[48,230],[-181,358],[-57,243],[171,194],[96,164],[66,315],[0,225],[10,163],[104,285],[-323,67],[-343,103],[-418,121],[-266,97],[-333,61],[-419,97],[-361,134],[-257,103],[-362,97],[-190,145],[-304,122],[-371,103],[-371,115],[-343,115],[-352,109],[-409,128],[-466,91],[-266,48],[-343,79],[-808,249],[-514,73],[-523,30],[-466,36],[-362,200],[-9,170],[-704,164],[-495,55],[-552,97],[-570,103],[-590,66],[-400,61],[-723,164],[-732,121],[-552,73],[-1322,139],[-438,43],[-380,36],[-476,43],[-314,-6],[-418,-31],[-305,-36],[-371,-6],[-485,91],[-209,145],[-371,213],[-276,133],[-437,55],[-362,133],[-190,182],[-257,182],[-333,73],[-523,-24],[-552,54],[-399,91],[-390,103],[-238,73],[-295,152],[-523,109],[-390,79],[-352,127],[-210,115],[-275,122],[-362,42],[-742,61],[-438,-12],[-266,-25],[-380,31],[-409,84],[-286,85],[-295,164],[-380,-6],[-305,-6],[-361,30],[-476,55],[-523,24],[-447,12],[-361,0],[-562,55],[-266,42],[-371,61],[-333,42],[-504,43],[-419,24],[-314,12],[-333,12],[-428,25],[-418,18],[-695,24],[-618,24],[-571,31],[-561,30],[-780,67],[-647,6],[-276,-24],[-352,-104],[-466,-194],[-399,-175],[-476,-104],[-314,-54],[-571,-115],[-380,-97],[-371,-110],[-428,-139],[-495,-212],[-371,-176],[-304,-219],[-343,-333],[-199,-109],[-352,-79],[-571,-37],[-371,-30],[-304,-61],[-524,-103],[-333,-6],[-437,-12],[-533,6],[-476,6],[-703,-85],[-409,-72],[-685,-73],[-581,-67],[-589,36],[-305,31],[-380,30],[-695,43],[-352,30],[-694,54],[-266,13],[-429,0],[-494,-122],[-190,-115],[-229,-188],[-295,-30],[-285,-146],[-257,-176],[-504,-97],[-304,12],[-333,-42],[-333,-67],[-352,-30],[-324,-67],[-228,-121],[-124,-237],[-66,-230],[-143,-200],[-209,-182],[-514,-109],[-285,60],[-552,79],[-476,-139],[-304,-55],[-381,91],[-580,42],[-418,6],[-562,-127],[-580,-85],[-257,67],[-485,12],[-361,85],[-229,73],[-352,79],[-333,-310],[229,-315],[114,-237],[67,-297],[-29,-206],[67,-237],[114,-303],[-276,-127],[-590,-24],[-399,-73],[-505,-43],[-361,61],[-285,-43],[-324,-36],[-371,-121],[-247,-219],[-514,-24],[-114,285],[-190,219],[-76,218],[-295,194],[-457,218],[-190,122],[-409,109],[-466,54],[-485,37],[-371,42],[-448,55],[-361,85],[-238,79],[-304,218],[-343,279],[-390,224],[-390,152],[-342,73],[-495,0],[-380,18],[-295,61],[-333,139],[-476,231],[-304,169],[-343,176],[-275,170],[-153,243],[-333,291],[-475,133],[-562,73],[-342,61],[-352,66],[-514,134],[-294,158],[-286,327],[-57,231],[29,272],[114,279],[276,292]],[[515220,307650],[199,188],[904,1837],[10,261],[-448,728],[-171,200],[-171,158],[-238,248],[-38,225],[67,248],[95,134],[38,273],[143,188],[142,315],[-161,279],[-352,285],[-219,146],[-561,261],[-324,266],[114,298],[210,139],[494,334],[295,279],[29,333],[-48,297],[-190,498],[-143,376],[-143,194],[-190,170],[-257,200],[-275,206],[-286,206],[-257,249],[-218,291],[-162,322],[-133,254],[-371,304],[-4015,1674],[-3767,758],[-237,285],[932,1746],[571,2681],[104,2165],[352,1583],[913,2942],[248,2887],[285,1322],[352,1674],[95,419],[10,521],[-29,182],[-257,607],[-219,188],[-637,442],[-143,213],[-28,169],[57,989],[95,1826],[57,315],[143,297],[314,279],[304,103],[124,346],[-476,103],[29,322],[-48,188],[-257,248],[-28,249],[-257,340],[-495,18],[-390,79],[-114,182],[-209,309],[0,242],[-257,304],[152,176],[362,242],[-333,176],[-200,146],[-76,200],[114,376],[419,170],[276,109],[237,97],[200,352],[19,327],[152,200],[381,206],[361,122],[286,79],[333,145],[361,176],[257,182],[200,231],[180,224],[115,273],[19,327],[-333,261],[-276,273],[-38,273],[-143,164],[-190,157],[-29,292],[162,315],[266,230],[257,164],[324,279],[142,303],[238,346],[209,152],[210,170],[199,285],[10,254],[-57,225],[-200,297],[-114,127],[-247,237],[-124,206],[0,303],[209,152],[409,121],[485,79],[257,43],[343,12],[266,24],[419,79],[323,103],[190,115],[124,279],[9,267],[-95,303],[-123,376],[209,249],[143,346],[9,248],[-57,188],[-285,194],[-314,128],[-676,279],[-161,91],[-162,279],[-29,200]],[[511300,362041],[314,12],[466,67],[248,103],[219,236],[57,352],[19,303],[9,267],[48,219],[47,188],[38,345],[10,200],[-19,279],[-29,231],[-57,334],[-47,345],[-10,279],[10,267],[47,406],[19,219],[10,206],[0,285],[-48,237],[-47,194],[-76,230],[-162,413],[-67,242],[-28,225],[9,200],[48,218],[85,182],[267,291],[171,128],[380,188],[476,139],[428,115],[286,55],[494,91],[333,97],[409,200],[181,194],[38,322],[114,376],[209,200],[267,261],[219,260],[171,291],[123,376],[-76,243],[-209,382],[-162,291],[-19,188],[381,207],[333,145],[190,85],[485,200],[381,188],[180,128],[181,181],[124,340],[28,303],[10,219],[-29,242],[-28,225],[466,230],[485,134],[295,327],[-29,309],[219,273],[314,310],[276,224],[200,164],[180,145],[200,152],[276,164],[171,103],[371,182],[324,109],[371,79],[304,61],[419,97],[399,163],[200,170],[162,176],[228,206],[190,164],[276,315],[171,237],[162,200],[323,297],[219,140],[267,151],[352,122],[275,54],[448,122],[313,133],[400,230],[143,122],[333,303],[209,315],[104,243],[105,249],[362,224],[342,91],[561,61],[381,30],[580,0],[324,-36],[332,-73],[267,-85],[523,-121],[295,-25],[495,43],[371,145],[123,110],[295,163],[504,194],[343,97],[466,104],[542,42],[266,0],[562,24],[342,79],[333,188],[162,297],[342,310],[-694,382],[-362,236],[-599,394],[-580,364],[-238,152],[-304,140],[-581,194],[-837,254],[-475,140],[-467,127],[-903,206],[-828,182],[-618,134],[-533,133],[-485,170],[-238,200],[-105,170],[-171,243],[-247,315],[-238,406],[-190,443],[-10,18],[-199,358],[-153,243],[-123,182],[-210,260],[-9,219],[152,352],[76,224],[29,176],[57,236],[76,370],[114,279],[105,382],[-200,273],[190,322],[-104,242],[-467,243],[-313,206],[-219,164],[-143,176],[0,303],[-38,237],[-181,309],[-190,230],[-162,164],[-218,279],[-248,206],[-171,122],[-713,424],[-752,486],[-247,188],[57,242],[-57,273],[0,170],[133,212],[171,170],[352,255],[190,139],[381,237],[371,279],[181,170],[133,254],[-57,249],[38,182],[238,218],[85,200],[-104,340],[-39,237],[162,200],[114,200],[67,279],[-19,236],[0,225],[38,285],[57,230],[38,158],[114,261],[95,176],[200,242],[219,328],[-67,376],[-133,218],[-228,346],[-200,267],[-171,242],[-228,346],[-48,188],[38,261],[67,158],[199,279],[371,297],[390,267],[333,279],[114,248],[-66,316],[-76,206],[-67,218],[-47,164],[76,237],[190,206],[209,188],[219,248],[228,316],[172,358],[57,285],[247,248],[219,6],[494,13],[467,6],[532,-6],[105,127],[143,297],[95,218],[447,158],[580,121],[323,104],[371,260],[153,140],[285,151],[323,49],[457,-30],[533,24],[323,103],[209,127],[371,231],[333,230],[362,237],[361,291],[172,249],[133,339],[95,334],[323,176],[324,48],[513,73],[295,49],[295,66],[571,164],[599,176],[419,127],[295,152],[180,303],[286,182],[552,79],[266,30],[437,122],[276,279],[219,327],[247,194],[267,55],[456,103],[229,73],[361,145],[238,164],[114,224],[19,164],[-28,273],[152,158],[323,103],[371,164],[276,157],[390,279],[362,322],[38,358],[-371,218],[-381,267],[-181,145],[-104,255],[28,267],[67,922],[38,631],[-67,357],[-304,249],[-257,176],[-323,206],[-324,176],[-228,225],[86,212],[656,624],[304,322],[38,236],[-133,158],[-285,176],[-295,291],[-86,158],[-228,430],[-200,401],[-161,352],[-229,709],[-123,358],[-38,206],[57,206],[171,401],[66,194],[19,273],[-133,236],[-199,200],[-267,194],[-333,243],[-161,309],[313,298],[191,103],[314,218],[333,237],[313,279],[191,151],[171,164],[19,200],[-162,273],[-104,182],[-143,437],[-133,357],[-38,158],[85,340],[143,200],[238,346],[152,315],[-152,224],[-238,243],[238,340],[266,109],[267,115],[475,206],[409,188],[276,152],[10,243],[-219,357],[162,310],[428,224],[266,243],[124,170],[104,194],[162,333],[371,243],[295,54],[466,225],[-10,309],[-38,164],[-57,218],[-38,225],[-9,260],[-19,176],[-105,267]],[[589009,492082],[304,-304],[323,-297],[381,-340],[228,-230],[229,-255],[161,-176],[267,-218],[399,-340],[580,-533],[476,-461],[247,-225],[485,-424],[429,-413],[504,-533],[142,-152],[438,-400],[200,-188],[466,-437],[152,-170],[143,-170],[380,-394],[343,-218],[190,-61],[276,-249],[190,-248],[228,-316],[533,-533],[457,-473],[295,-249],[294,-243],[295,-266],[124,-188],[323,-261],[219,-164],[171,-188],[257,-224],[143,-122],[361,-370],[524,-400],[447,-431],[846,-855],[676,-637],[513,-576],[476,-534],[247,-188],[457,-97],[266,-12],[324,-145],[66,-188],[162,-176],[200,-146],[514,-97],[304,-315],[257,-291],[513,-164],[229,-152],[95,-321],[219,-176],[247,-140],[514,-48],[352,-73],[180,-248],[343,-85],[371,-61],[542,-18],[67,0],[1113,-661],[218,-298],[657,-861],[171,-194],[761,-1001],[48,-54],[542,-661],[466,-534],[76,-73],[371,-370],[685,-728],[1122,-1200],[999,-977],[2312,-2165],[1912,-1710],[2739,-2335],[1779,-1577],[828,-728],[437,-401],[1541,-1401],[838,-715],[256,-225],[438,-376],[466,-400],[2150,-1862],[2445,-2001],[2416,-2020],[2026,-1680],[2464,-2014],[1921,-1528],[942,-734],[1513,-1134],[1198,-946],[1779,-1407],[162,-152],[256,-133],[533,-407],[352,-279],[200,-151],[799,-619],[742,-588],[732,-534],[305,-206],[685,-485],[171,-116],[1408,-1085],[1722,-1298],[1065,-795],[1075,-819],[1094,-806],[1541,-1025],[789,-564],[1104,-795],[1817,-1195],[1626,-1109],[514,-322],[1846,-1092],[2340,-1498],[2359,-1389],[1798,-1049],[1645,-995],[1389,-758],[1332,-703],[951,-467],[1960,-1062],[1094,-588],[1056,-546],[1341,-624],[1598,-795],[1731,-794],[562,-261],[1160,-461],[266,-146],[809,-436],[2454,-1074],[1950,-861],[1342,-601],[618,-291],[257,-103],[1265,-485],[561,-231],[428,-175],[1313,-504],[1902,-734],[2293,-843],[1161,-382],[1141,-406],[780,-273],[904,-322],[304,-85],[552,-151],[314,-97],[1046,-346],[542,-164],[695,-242],[561,-219],[504,-163],[580,-128],[410,-170],[684,-181],[733,-176],[647,-146],[475,-139],[314,-67],[305,-37],[304,-42],[1398,6],[276,-6],[1627,-127],[704,54],[399,97],[476,146],[0,443],[0,1564],[0,467],[10,455],[199,-18],[0,-734],[-47,-2068],[-29,-570],[457,-55]],[[707859,278489],[266,-91],[333,-121],[133,-225],[-9,-188],[-115,-309],[-76,-188],[10,-310],[257,-236],[237,-170],[181,-194],[38,-364],[-219,-315],[-104,-225],[-10,-370],[95,-242],[238,-316],[438,-394],[580,-437],[419,-242],[371,-170],[304,-182],[219,-194],[238,-382],[190,-340],[257,-212],[390,-133],[513,-128],[248,-103],[200,-158],[351,-188],[381,-151],[523,-122],[314,-84],[352,-182],[162,-267],[57,-206],[0,-255],[-67,-340],[0,-261],[114,-297],[181,-273],[362,-327],[123,-285],[114,-207],[428,-194],[590,-145],[419,-170],[266,-188],[305,-400],[247,-346],[76,-164],[171,-388],[76,-346],[38,-254],[200,-292],[409,-188],[352,-60],[400,-31],[551,7],[390,-25],[381,-54],[571,-122],[580,-169],[485,-195],[257,-133],[228,-285],[171,-279],[191,-133],[390,-182],[380,-176],[400,-115],[485,-122],[523,-206],[295,-146],[314,-200],[181,-163],[152,-231],[28,-279],[257,-255],[371,-133],[371,-212],[314,-194],[219,-85],[866,-225],[580,-206],[314,-97],[266,-91],[219,-139],[380,-237],[457,-152],[466,-30],[1988,67],[780,30],[400,-30],[618,-103],[733,-170],[770,-255],[285,-139],[200,-164],[495,-449],[162,-315],[19,-316],[-86,-352],[-133,-175],[-257,-225],[-371,-261],[-666,-339],[-580,-291],[-666,-413],[-1008,-643],[-562,-424],[-941,-583],[-476,-327],[-361,-176],[-999,-394],[-371,-206],[-267,-207],[-161,-212],[-57,-182],[76,-321],[114,-188],[-86,-243],[-247,-133],[-609,-249],[-770,-243],[-628,-181],[-457,-219],[-390,-285],[-314,-291],[-181,-218],[-66,-176],[0,-358],[152,-328],[428,-661],[333,-436],[790,-492],[637,-400],[571,-224],[551,-200],[552,-225],[324,-176],[237,-285],[38,-164],[58,-254],[199,-358],[248,-261],[266,-230],[105,-128],[0,-339],[-371,-407],[-286,-212],[-199,-127],[-305,-176],[-409,-261],[-238,-200],[-180,-194],[-86,-249],[-209,-267],[-409,-261],[-514,-260],[-533,-195],[-913,-266],[-723,-225],[-295,-121],[-238,-146],[-247,-236],[-751,-880],[-86,-115],[-190,-267],[-229,-254],[-237,-201],[-457,-357],[-761,-704],[-590,-412],[-504,-279],[-476,-292],[-142,-91],[-286,-230],[-257,-297],[-161,-267],[-105,-279],[-9,-273],[57,-237],[171,-297],[342,-321],[286,-194],[276,-158],[399,-145],[714,-213],[475,-206],[476,-261],[333,-236],[352,-352],[123,-194],[67,-267],[76,-558],[67,-321],[95,-261],[95,-358],[95,-212],[124,-231],[28,-176],[-85,-285],[-153,-170],[-323,-182],[-295,-212],[-295,-248],[-228,-286],[-143,-285],[-85,-273],[-38,-351],[19,-510],[9,-176],[-38,-436],[-67,-237],[-228,-340],[-276,-133],[-399,-121],[-248,-122],[-294,-109],[-343,-91],[-476,-42],[-171,-12],[-761,-31],[-552,-48],[-370,-67],[-305,-109],[-637,-346],[-685,-339],[-637,-273],[-638,-200],[-713,-116],[-1323,-163],[-523,-91],[-304,-85],[-238,-334],[48,-255],[123,-376],[29,-267],[-10,-206],[-104,-242],[-76,-376],[66,-279],[190,-91],[333,-255],[961,-667],[1456,-898],[932,-491],[447,-370],[447,-425],[171,-303],[105,-382],[47,-734]],[[719454,216516],[-95,-443],[-152,-533],[-323,-795],[-590,-1085],[-457,-625],[-694,-655],[-666,-461],[-771,-352],[-561,-212],[-637,-140],[-685,-48],[-866,60],[-894,31],[-1303,-55],[-1655,-67],[-1161,-91],[-618,-133],[-628,-267],[-580,-339],[-495,-322],[-437,-540],[-362,-533],[-162,-352],[-19,-291],[48,-243],[124,-243],[237,-218],[447,-285],[704,-443],[400,-358],[209,-285],[-19,-382],[-181,-157],[-313,-188],[-1037,-413],[-333,-54],[-562,78],[-275,152],[-238,91],[-523,91],[-333,-6],[-438,-79],[-1170,-315],[-428,-122],[-276,-18],[-466,97],[-314,219],[-276,297],[-352,461],[-466,588],[-609,485],[-647,419],[-722,261],[-1542,436],[-856,267],[-618,182],[-409,182],[-276,182],[-371,249],[-323,151],[-752,261],[-913,303],[-504,267],[-552,334],[-399,236],[-286,128],[-276,54],[-390,12],[-371,-54],[-494,-158],[-390,-212],[-457,-273],[-295,-237],[-304,-333],[-95,-213],[-105,-266],[-162,-201],[-504,-181],[-456,-19],[-524,-109],[-285,-188],[-209,-176],[-324,-176],[-333,-115],[-447,-145],[-942,-352],[-703,-297],[-1228,-601],[-304,-224],[-171,-225],[-95,-382],[9,-170],[114,-321],[295,-406],[333,-540],[228,-479],[96,-413],[38,-370],[-86,-448],[-209,-449],[-295,-425],[-656,-709],[-828,-813],[-485,-649],[-466,-588],[-191,-364],[-161,-389],[-124,-382],[-38,-303],[48,-303],[171,-328],[190,-188],[257,-176],[361,-121],[381,-145],[295,-219],[114,-164],[76,-315],[95,-261],[219,-206],[257,-158],[333,-127],[647,-152],[313,-103],[257,-212],[19,-170],[-38,-358],[76,-260],[172,-213],[494,-297],[523,-194],[428,-79],[571,-60],[362,-43],[418,-212],[152,-273],[210,-182],[361,-237],[333,-182],[190,-212],[314,-600],[191,-243],[218,-194],[238,-158],[190,-339],[10,-213],[-76,-260],[-114,-194],[-172,-158],[-180,-170],[-191,-206],[-47,-267],[181,-364],[-10,-352],[-114,-212],[-190,-382],[-124,-315],[-38,-243],[181,-267],[685,-552],[361,-188],[238,-61],[504,19],[276,79],[304,48],[352,-12],[486,-79],[142,-24],[438,-79],[390,-55],[323,-18],[419,-12],[532,-109],[467,-249],[542,-248],[352,-134],[475,-91],[543,-48],[523,-37],[456,-66],[1275,-322],[875,-170],[1265,-285],[295,-73],[362,-206],[66,-261],[-38,-200],[-209,-703],[-48,-237],[48,-309],[171,-231],[124,-218],[48,-340],[38,-266],[95,-170],[190,-176],[361,-297],[419,-340],[162,-261],[66,-455],[48,-182],[200,-218],[285,-152],[333,-236],[105,-188],[47,-273],[-19,-261],[-67,-370],[-133,-364],[-66,-236],[114,-346],[437,-249],[333,-224],[0,-382],[-256,-200],[-333,-194],[-267,-310],[-104,-491],[-105,-522],[-95,-254],[-295,-255],[-428,-67],[-247,18],[-486,73],[-399,122],[-314,157],[-190,91],[-485,285],[-837,631],[-191,103],[-418,97],[-609,0],[-1227,-54],[-657,-79],[-608,-140],[-533,-127],[-257,-309],[143,-158],[361,-358],[333,-352],[86,-139],[9,-255],[-66,-212],[-210,-219],[-180,-236],[-153,-316],[-209,-376],[-190,-200],[-228,-194],[-447,-285],[-685,-546],[-134,-170],[-57,-254],[29,-407],[67,-915],[76,-419],[152,-910],[57,-339],[-10,-261],[-38,-255],[-76,-200],[-190,-249],[-228,-273],[-248,-224],[-199,-115],[-447,-164],[-248,-152],[-504,-412],[-409,-285],[-457,-267],[-304,-127],[-409,-134],[-637,-164],[-533,-115],[-476,-151],[-390,-182],[-371,-122],[-504,-6],[-314,31],[-342,66],[-390,176],[-305,310],[-190,285],[-504,182],[-228,-19],[-657,-78],[-238,-13],[-466,79],[-504,176],[-428,140],[-447,54],[-295,-12],[-533,-61],[-589,-103],[-505,-109],[-922,-279],[-666,-212],[-276,-127],[-333,-322],[-133,-255],[-143,-327],[-143,-243],[-171,-182],[-219,-194],[-437,-291],[-580,-412],[-324,-170],[-295,-103],[-342,-55],[-333,-12],[-447,6],[-790,36],[-380,-12],[-400,-115],[-266,-176],[-295,-315],[-361,-352],[-486,-188],[-333,-36],[-561,-43],[-371,-48],[-209,-79],[-285,-200],[-790,-583],[-1084,-752],[-704,-412],[-752,-522],[-333,-163],[-323,-140],[-305,-115],[-361,-97],[-67,-322],[305,-54],[1084,-97],[1360,-140],[371,-54],[324,-146],[295,-212],[333,-176],[342,24],[428,103],[457,91],[352,43],[361,-67],[419,-200],[266,-176],[57,-230],[-76,-310],[-133,-170],[-67,-230],[67,-206],[181,-194],[447,-231],[656,-139],[771,-176],[447,-55],[276,-109],[104,-261],[-85,-133],[-447,-134],[-600,-103],[-656,-42],[-419,0],[-333,-128],[-371,-127],[-570,-30],[-590,73],[-362,-134],[-161,-145],[-86,-292],[-9,-218],[-96,-206],[-418,-121],[-428,12],[-343,12],[-599,18],[-751,30],[-447,-48],[-276,-97],[-476,-103],[-333,-91],[-304,-249],[-181,-176],[-124,-346],[48,-260],[47,-249],[143,-273],[114,-297],[38,-206],[-114,-291],[-219,-358],[-57,-231],[-190,-255],[-295,-139],[-361,-176],[-295,-121],[-362,-297],[-142,-219],[-105,-176],[-38,-315],[-29,-400],[38,-364],[134,-758],[95,-661],[114,-1226],[38,-982],[47,-977],[143,-727],[105,-3251],[-57,-231],[-29,-248],[-361,-310],[-438,-297],[-314,-297],[-228,-224],[-390,-243],[-390,-212],[-266,-97],[-581,-79],[-314,0],[-314,-25],[-371,-145],[-466,-237],[-266,-182],[-124,-218],[-76,-309],[-152,-206],[-419,-219],[-380,-85],[-381,-60],[-437,-85],[-333,-61],[-285,-139],[-200,-110],[-295,-309],[-304,-127],[-305,-109]],[[652248,131709],[-789,363],[-362,170],[-295,322],[10,273],[28,194],[-19,194],[-295,303],[-437,-85],[-1009,-194],[-513,-79],[-343,43],[-295,103],[-456,121],[-343,43],[-504,-152],[-57,-212],[0,-237],[-38,-224],[-124,-176],[-161,-243],[-181,-285],[-86,-242],[-161,-304],[-162,-351],[-124,-286],[-409,-272],[-799,18],[-304,0],[-600,6],[-294,-12],[-191,-225],[76,-309],[229,-388],[85,-255],[181,-212],[390,-231],[-47,-273],[-143,-212],[-190,-212],[-486,-121],[-256,-37],[-514,-127],[-276,-128],[-38,-212],[552,-255],[504,-266],[181,-395],[19,-455],[47,-303],[57,-370],[-333,-115],[-304,-188],[-333,-334],[-200,-382],[-76,-267],[-399,-54],[-476,30],[-637,-121],[-238,-12],[-400,164],[-304,78],[-514,-18],[-742,-36],[-618,24],[-552,97],[-475,55],[-343,-91],[-276,-267],[-304,-231],[-495,-533],[-666,-819],[-380,-267],[-552,-200],[-399,-346],[-19,-315],[85,-564],[-162,-928],[-313,-394],[66,-340],[-200,-243],[-570,-430],[-324,-91],[-475,-25],[-419,-157],[-580,-279],[-657,-382],[-437,-116],[-638,-127],[-504,-255],[-180,-224],[-257,-170],[-581,-139],[-970,-140],[-418,-279],[-409,-722],[-229,-212],[-228,-91],[-257,-194],[86,-279],[-38,-230],[-181,-540],[-561,-564],[-200,-170],[-143,-273],[-47,-303],[28,-213],[-57,-303],[-200,-206],[-161,-334],[104,-200],[172,-236],[114,-213],[-38,-242],[-105,-498],[-86,-200],[-266,-236],[-181,-97],[-361,-122],[-523,-72],[-381,-49],[-761,-42],[-238,30],[-447,91],[-371,67],[-314,133],[-456,49],[-438,-140],[-580,-194],[-371,-170],[-295,-109],[-466,-6],[-324,30],[-409,55],[-323,91],[-285,85],[-419,127],[-380,31],[-324,-7],[-428,55],[-266,36],[-466,188],[-257,158],[-476,85],[-228,-91],[-371,-152],[-257,-157],[-247,-285],[-134,-267],[153,-285],[180,-303],[-123,-225],[0,-224],[47,-219],[181,-339],[19,-231],[0,-170],[-285,-315],[-381,-73],[-323,-24],[-485,6],[-295,-55],[-248,-278],[-237,-182],[-276,-55],[-523,-97],[-438,-152],[-314,-79],[-295,213],[-304,194],[-295,176],[-343,18],[-570,-49],[-352,-36],[-571,-49],[-333,-54],[-361,-49],[-514,-42],[-305,-18],[-304,18],[-380,61],[-362,30],[-390,24],[-285,0],[-457,-61],[-418,-260],[-257,-334],[-124,-212],[162,-279],[342,-176],[143,-346],[-238,-382],[-789,-461],[-714,-558],[-86,-570],[-171,-764],[-409,-813],[257,-467],[447,-576],[95,-516],[-390,-309],[-1274,-164],[-1104,-18],[-1075,122],[-1198,230],[-695,97],[-342,67],[-809,-376],[-799,-103],[-894,-37],[-1142,-206],[-875,-115],[-1094,-437],[-1312,-194],[-1218,85],[-219,-12],[-951,-140],[-999,-145],[-799,-116],[-618,116],[-390,97],[-704,-188],[-419,-255],[-371,-139],[-903,188],[-657,97],[-418,-37],[-609,-321],[-599,-419],[-657,-370],[-1370,-624],[-656,-346],[-552,-394],[-437,-407],[-305,-321],[-808,-497],[-856,-322],[-819,-406],[-951,-395],[-713,-266],[-704,121],[-257,346],[-19,115],[-105,352],[-142,345],[-381,376],[-723,461],[-475,176],[-857,24],[-551,-30],[-400,-24],[-780,0],[-580,188],[-238,249],[57,230],[152,231],[-114,266],[-238,243],[-723,146],[-894,24],[-580,48],[-476,291],[-228,395],[124,218],[532,164],[600,79],[637,345],[694,649],[571,498],[181,406],[-48,594],[381,370],[257,358],[-67,467],[-57,510],[-228,382],[-571,151],[-1199,-6],[-1331,-12],[-856,-54],[-1094,-267],[-904,-122],[-989,79],[-885,97],[-3187,-66],[-1198,145],[-1113,24],[-676,25],[-856,-207],[-1217,-54],[-714,103],[-1018,-55],[-599,-42],[-951,-24],[-1218,303],[-799,224],[-1037,188],[-856,25],[-980,266],[-780,134],[-1579,24],[-1008,243],[-561,212],[-885,261],[-1389,570],[-390,291],[-133,522],[28,727],[-19,607],[-123,346],[-542,157],[-752,207],[-685,315],[-399,315],[-695,522],[-485,236],[-561,188],[-295,255],[-133,297],[-143,346],[-285,461],[-143,243],[-95,139]],[[526749,110317],[114,152],[-29,673],[48,479],[219,388],[171,219],[57,151],[-19,237],[-143,151],[-142,207],[-67,364],[133,321],[152,352],[200,449],[95,309],[38,249],[10,388],[38,303],[143,291],[295,394],[323,310],[29,376],[-172,182],[-266,254],[-257,304],[-57,206],[10,206],[19,346],[-48,309],[-76,285],[-152,370],[-162,273],[-114,194],[-95,297],[-238,328],[-238,182],[-390,285],[-190,218],[-95,176],[-10,315],[152,255],[105,218],[19,207],[-9,200],[-77,346],[-9,236],[133,376],[257,273],[495,425],[494,321],[219,194],[76,188],[57,218],[267,328],[304,140],[618,206],[428,212],[305,267],[-114,327],[-428,194],[-429,170],[-351,164],[-105,267],[57,194],[247,667],[533,1025],[342,582],[86,243],[10,212],[-181,364],[-248,152],[-456,200],[-1208,370],[-733,176],[-399,109],[-276,321],[-19,146],[28,352],[96,333],[285,473],[438,734],[342,382],[361,340],[543,309],[742,304],[1065,363],[314,134],[238,321],[-143,370],[-371,213],[-561,242],[-1075,400],[-609,255],[-390,261],[-209,255],[-86,279],[0,430],[19,649],[0,516],[-19,485],[-28,109],[-57,285],[-115,261],[-152,176],[-295,206],[-456,243],[-1009,618],[-542,382],[-437,364],[-514,376],[-266,152],[-476,127],[-419,31],[-437,42],[-247,67],[-229,200],[105,303],[266,346],[267,382],[114,328],[95,400],[66,279],[77,534],[9,442],[-67,261],[-114,188],[-257,200],[-294,128],[-486,121],[-884,188],[-324,73],[-532,127],[-695,219],[-903,351],[-628,304],[-124,279],[57,157],[200,303],[171,383],[76,376],[48,418],[38,146],[95,315],[105,261],[142,279],[181,382],[95,297],[10,364],[-86,279],[-228,309],[-400,340],[-513,334],[-438,291],[-704,491],[-656,243],[-1161,515],[-628,322],[-342,376],[-95,339],[28,231],[86,224],[228,212],[257,279],[57,207],[10,224],[-48,291],[-143,388],[-333,528],[-314,685],[-142,279],[47,370],[286,322],[9,267],[-76,133],[-285,206],[-362,188],[-199,243],[57,291],[76,291],[38,370],[28,370],[-57,364],[-104,346],[-38,230],[95,218],[161,158],[238,328],[57,169],[48,310],[-162,267],[-190,127],[-419,97],[-257,0],[-475,-49],[-400,-133],[-314,-152],[-237,-127],[-371,-176],[-371,-164],[-543,-260],[-399,-243],[-390,-200],[-409,-176],[-742,-267],[-400,-121],[-333,-55],[-304,-18],[-371,6],[-400,37],[-456,48],[-343,18],[-371,-12],[-627,-24],[-448,6],[-418,18],[-400,30],[-390,49],[-637,79],[-590,85],[-504,79],[-361,91],[-495,224],[-247,212],[-191,243],[-399,600],[-276,504],[-247,412],[-305,352],[-209,200],[-209,139],[-286,146],[-266,115],[-447,146],[-742,194],[-875,255],[-971,291],[-570,206],[-562,230],[-371,188],[-323,219],[-285,255],[-200,248],[-114,243],[-76,206],[-48,218],[-38,182],[-95,504],[-152,540],[-152,388],[-191,394],[-142,255],[-134,200],[-237,230],[-295,249],[-124,303],[57,261],[-76,364],[-257,230],[-171,298],[-29,321],[48,309],[48,407],[-153,424],[-323,479],[-400,364],[-723,758],[-456,789],[-200,297],[-162,164],[-342,230],[-1008,607],[-486,267],[-66,212],[47,309],[276,364],[57,322],[-19,339],[-38,868],[295,1140],[67,127],[219,419],[218,169],[381,79],[1094,164],[1265,188],[523,206],[247,310],[-218,169],[-1494,619],[-371,425],[-95,236],[10,588],[-67,340],[-200,267],[-171,103],[-989,600],[114,383],[1769,1540],[1437,1104],[285,243],[247,460],[172,279],[247,243],[970,588],[666,631],[86,255],[95,133],[114,273],[57,225],[29,254],[-29,225],[-95,248],[-152,304],[-181,285],[-533,776],[-628,807],[-466,533],[-342,437],[-171,273],[-67,212],[67,358],[266,267],[314,170],[371,200],[428,230],[181,134],[123,267],[-95,352],[-133,266],[-76,358],[124,267],[304,255],[124,109],[314,218],[551,322],[181,127],[171,291],[-66,279],[-172,176],[-218,243],[-124,358],[29,212],[104,261],[171,297],[67,255],[-124,224],[-238,152],[-237,133],[-524,352],[-323,303],[-314,364],[-190,267],[-86,242],[10,352],[47,200],[134,219],[228,321],[47,158],[-28,267],[-209,145],[-524,140],[-314,200],[-161,358],[-105,443],[-66,479],[-48,285],[-114,679],[-67,194],[-181,237],[-266,303],[-571,807],[-371,557],[-142,255],[-172,291],[-161,328],[-67,279],[-28,382],[-19,218],[-38,255],[-58,309],[-76,304],[-85,291],[-114,382],[-115,412],[-95,352],[-38,261],[10,267],[57,376],[85,412],[29,206],[-19,200],[-48,219],[-85,212],[-19,267],[66,182],[286,431],[142,279],[105,303],[86,321],[85,328],[19,200],[38,267],[314,303],[276,55],[314,78],[219,140],[57,243],[114,285],[143,218],[162,188],[409,249],[399,163],[200,103],[171,334],[-19,279],[162,321],[342,128],[238,73],[314,127],[133,139],[38,255],[-19,261],[-47,340],[-67,206],[-181,352],[-247,236],[-276,194],[-314,219],[-143,176],[-95,218],[-95,346],[-57,345],[-47,364],[-77,443],[-66,364],[-10,370],[-28,230],[-143,316],[-247,242],[-286,164],[-275,121],[-314,109],[-362,79],[-456,122],[-838,242],[-646,200],[-438,213],[-257,260],[-152,292],[-1303,1862],[-1227,2359],[-114,333],[-153,310],[-76,200],[-28,273],[209,188],[276,139],[361,219],[295,321],[114,225],[67,224],[38,206],[19,243],[-67,309],[-85,273],[-76,206],[-95,170],[-276,321],[-276,188],[-362,176],[-380,176],[-533,219],[-628,236],[-523,194],[-390,255],[-181,164],[-133,176],[-171,273],[-247,400],[-162,224],[-352,297],[-257,170],[-314,152],[-314,127],[-456,109],[-276,61],[-305,55],[-418,42],[-847,115],[-219,43],[-409,218],[-161,218],[-172,292],[-38,169],[0,261],[29,297],[19,194],[114,225],[181,170],[162,182],[-19,254],[-105,152],[-181,303],[-95,297],[257,328],[342,230],[229,340],[114,388],[95,310],[124,194],[199,194],[314,188],[590,254],[523,328],[114,285],[409,212],[286,103],[666,213],[314,151],[76,382],[-95,273],[-29,182],[152,243],[752,467],[580,346],[266,182],[181,194],[67,163],[85,407],[10,48],[-29,364],[267,413],[285,576],[-19,376],[-143,248],[-380,195],[-923,260],[-675,128],[-276,54],[-485,49],[-476,0],[-1170,18],[-761,97],[-790,182],[-1189,273],[-494,200],[-1237,625],[-799,388],[-105,36],[-456,194],[-371,219],[-219,157],[-228,225],[-172,261],[-19,382],[-104,352],[-343,194],[-285,60],[-447,140],[-257,85],[-390,115],[-380,85],[-248,54],[-1446,346],[219,121],[276,164],[257,152],[314,188],[856,491],[485,309],[504,346],[343,243],[266,254],[162,273],[152,261],[333,218],[295,134],[95,170],[-19,345],[266,298],[314,176],[190,145],[248,182],[247,237],[333,321],[533,479],[237,164],[324,182],[314,164],[352,206],[475,297],[286,249],[76,345],[-86,389],[-28,133],[-133,528],[-29,194],[-10,279],[-9,267],[-48,376],[-95,194],[-219,200],[-199,79],[-609,151],[-504,176],[-314,140],[-314,163],[-238,255],[-19,273],[152,309],[133,237],[124,224],[95,188],[124,194],[143,346],[95,364],[19,297],[-67,188],[-200,225],[-57,194],[172,333],[266,146],[238,243],[0,236],[-86,303],[29,340],[104,303],[219,219],[371,121],[238,54],[371,104],[485,175],[314,176],[57,382],[0,249],[0,194],[38,237],[86,242],[95,285],[57,279],[0,134],[-95,364],[-181,291],[-86,157],[-85,273],[-19,158],[47,255],[305,303],[380,97],[267,37],[580,78],[304,55],[580,103],[514,12],[571,-73],[447,-91],[637,-127],[571,-67],[390,91],[86,176],[19,255],[66,382],[390,115],[333,25],[371,24],[267,18],[447,61],[390,224],[352,170],[238,73],[332,79],[505,54],[352,12],[580,37],[352,103],[124,133],[-77,328],[-19,351],[153,170],[256,200],[381,231],[533,309],[314,194],[237,194],[105,140],[57,249],[-28,321],[95,243],[352,279],[275,218],[67,170],[-105,230],[-209,328],[-66,182],[19,206],[209,206],[266,146],[257,133],[476,176],[190,121],[228,249],[86,236],[-29,352],[-28,346],[0,267],[266,327],[295,97],[599,170],[638,176],[675,170],[828,200],[637,152],[818,182],[628,151],[533,134],[399,85],[542,109],[476,103],[380,91],[305,212],[-86,273],[-66,170],[47,267],[390,442],[171,201],[162,254],[0,200],[-38,316],[95,176],[181,224],[162,164],[304,200],[457,152],[228,66],[428,249],[171,206],[333,310],[267,297],[76,236],[-143,298],[-304,279],[-38,248],[66,170],[152,370],[48,194],[28,224],[29,207],[0,194]],[[501512,301609],[409,151],[438,152],[314,49],[304,194],[323,175],[-95,340],[-247,261],[105,261],[237,218],[257,158],[248,170],[95,285],[57,224],[494,194],[153,237],[161,248],[191,207],[456,133],[76,237],[-161,321],[-48,303],[209,134],[48,351],[-248,243],[-142,334],[190,236],[561,24],[419,-133],[485,-12],[333,24],[352,134],[361,145],[371,152],[371,-37],[371,-66],[324,18],[561,-55],[304,-115],[438,115],[266,97],[543,37],[542,-37],[418,-30],[524,-24],[361,-25],[485,-109],[295,-66],[457,48],[314,152],[428,-12]],[[953540,234960],[-3948,1110],[-799,230],[-1551,249],[-618,109],[-342,109],[-314,116],[-1418,988],[-1788,934],[-276,121],[-694,461],[-3101,1238],[-3625,1595],[-2540,1437],[-780,552],[-2920,237],[-304,-12],[-999,-104],[-828,-84],[-713,-116],[-600,0],[-580,49],[-1103,206],[-961,109],[-885,164],[-1094,182],[-2454,327],[-2178,231],[-457,115],[-932,-285],[-238,-55],[-1512,-18],[-1751,-48],[-989,-73],[-304,-133],[114,-370],[-933,-128],[-684,-91],[-343,-60],[-247,-146],[-1170,30],[-248,273],[-390,91],[-1636,297],[-494,37],[-1256,97],[-2359,267],[-2664,230],[-1560,97],[-266,352],[-590,249],[-1427,309],[400,230],[190,286],[295,460],[285,334],[-1189,661],[-761,55],[-4908,-237],[-4471,-497],[-4747,-182],[-1769,18],[-419,67],[-3510,1055],[-352,79],[-342,127],[-210,146],[-142,230],[437,255],[409,-36],[504,127],[38,164],[-209,230],[-247,164],[-295,267],[-257,206],[-295,164],[-475,127],[-428,25],[-381,-31],[-190,-273],[323,-285],[124,-254],[-238,-279],[-342,90],[-143,195],[-143,200],[-361,224],[28,376],[343,164],[428,309],[276,152],[256,91],[448,54],[380,6],[143,255],[-190,310],[-191,212],[-161,145],[-229,158],[-428,212],[-485,219],[-276,206],[-162,285],[39,158],[133,224],[85,176],[-190,212],[-342,55],[-409,30],[-324,0],[-456,-30],[-295,-6],[-485,-128],[-162,-194],[-276,-248],[-466,-91],[-476,212],[19,243],[352,242],[10,225],[57,297],[66,242],[-437,134],[-381,-188],[-190,-109],[-171,-237],[-57,-218],[-57,-298],[-29,-266],[-95,-358],[-29,-231],[-57,-260],[-361,-255],[-352,36],[-381,188],[-199,206],[-105,182],[-95,285],[0,170],[-57,285],[-86,237],[-314,261],[-266,-110],[-143,-175],[-200,-285],[-190,-261],[-190,-243],[-266,-255],[-286,-206],[-561,-133],[-371,85],[-228,127],[-295,182],[-428,249],[-352,66],[-495,-212],[-124,-158],[-199,-291],[-447,43],[-67,194],[-1084,-85],[38,-279],[-428,-121],[-362,-73],[-171,-170],[-171,-291],[-48,-194],[10,-219],[57,-291],[19,-218],[-105,-285],[-295,-267],[-19,-224],[133,-176],[295,-219],[409,-182],[343,-309],[-400,-127],[-19,-291],[362,-49],[456,-103],[248,-12],[133,-322],[-200,-248],[48,-206],[399,-279],[29,-316],[-67,-352],[381,-48],[294,73],[409,-158],[143,-182],[143,-224],[38,-267],[-105,-219],[-342,-175],[-305,-255],[38,-188],[276,-310],[-47,-236],[-428,-164],[-248,-248],[-428,-298],[-209,-127],[-314,-103],[-447,-49],[-485,37],[-362,54],[-561,-18],[-190,-255],[-143,-218],[-200,-133],[-361,-91],[-371,-6],[-162,-249],[267,-443],[314,-85],[513,6],[371,-133],[48,-170],[-105,-243],[-143,-157],[-161,-225],[-86,-273],[29,-194],[266,-188],[-76,-315],[-247,-55],[-476,-30],[-381,-261],[-19,-206],[210,-249],[295,-157],[237,-170],[124,-140],[181,-266],[-38,-249],[-162,-140],[-314,-230],[-228,-206],[-152,-255],[-96,-340],[-285,-224],[-152,-200],[86,-370],[19,-243],[237,-242],[286,-188],[276,-122],[380,-79],[86,-182],[-48,-242],[-276,-218],[-190,-279],[-9,-195],[133,-272],[209,-207],[152,-176],[-19,-260],[-85,-352],[9,-273],[57,-164],[219,-176],[418,-176],[324,-72],[342,-91],[124,-285],[-295,-122],[-399,-127],[-219,-103],[-333,-170],[-209,-55],[-419,-66],[-371,-85],[-495,-206],[-285,-231],[-314,-188],[-276,-61],[-428,-42],[-314,-55],[-180,-260],[161,-249],[-276,-267],[-256,-158],[-191,-194],[-257,-279],[-38,-370],[-352,-163],[-333,-73],[-285,-249],[-304,-48],[-685,-279],[-333,42],[-504,85],[-267,-273],[-314,-382],[-390,-97],[-190,-61],[-342,-242],[-324,-6],[-285,-146],[-371,-249],[-324,-121],[-390,-243],[-180,-248],[-48,-243],[-333,-206],[-428,-30],[-285,-146],[-124,-145],[-76,-231],[-9,-206],[-124,-297],[-523,-231],[-352,-42],[-390,18],[-219,-12],[-637,-237],[-505,-182],[-380,-127],[-209,-340],[-295,-127],[-143,-164],[-428,-194],[-523,-97],[-181,-236],[-247,-304],[-438,-230],[-561,54],[-428,213],[-371,72],[-314,-175],[-38,-201],[-276,-254],[-247,-91],[-343,-43],[-504,61],[-409,85],[-571,-31],[-466,-6],[-399,31],[-447,151],[-210,170],[10,267],[-295,91],[-428,18],[-286,91],[-475,364],[-390,443],[-343,327],[-295,85],[-1189,31],[-1721,72],[-400,12],[-295,170],[-466,37],[-647,-61],[-647,-133],[-599,-322],[-618,-497],[-1056,-1019],[-647,-315],[-485,-389],[-238,-297],[-152,-479],[-57,-673],[161,-667],[314,-801],[210,-703],[589,-613],[362,-340],[599,-400],[847,-625],[342,-303],[286,-291],[152,-285],[114,-261],[114,-455],[-104,-267],[-248,-157],[-552,24],[-380,97],[-390,-85],[-352,-261],[-1703,-85],[-247,-339],[-48,-279],[-218,-152],[-267,-291],[-257,-825],[-275,-1158],[-666,-868],[-799,-545],[-676,-261],[-1322,-73],[-1513,55],[-761,78],[-656,449],[-1018,498],[-846,266],[-590,25],[-1256,-152],[-742,-194],[-942,30],[-66,-527],[-266,-243],[-1018,-382],[-447,-224],[-352,-116],[-352,-79],[-343,-30],[-304,18],[-343,122],[-561,351],[-485,285],[-400,91],[-513,61],[-276,12],[-381,-30],[-352,-55],[-1094,-224],[-979,-176],[-419,6],[-352,164],[-162,176],[-171,163],[-162,170],[-114,267],[-142,255],[-181,164],[-266,109],[-647,224],[-885,400],[-809,528],[-979,607],[-1132,533],[-894,486],[-904,467],[-856,339],[-619,219],[-551,109],[-914,91],[-1027,54],[-276,61],[-542,237],[-923,212],[-732,-140],[-248,-248],[-580,-358],[-628,-322],[-237,-133],[-67,-255],[-133,-230],[-276,-158],[105,-328],[256,-254],[19,-219],[-133,-715],[-199,-601],[-200,-260],[-409,-201],[-76,-60],[-305,-297],[-257,-328],[-380,-546],[-67,-182],[-104,-631],[-143,-770],[-276,-315],[-295,-152],[-228,-67],[-476,-109],[-428,-91],[-409,-60],[-371,6],[-475,85],[-505,188],[-666,364],[-180,163],[-57,225],[-48,224],[-114,206],[-371,200],[-257,85],[-437,182],[95,225],[57,358],[257,194],[66,218],[-276,224],[-989,316],[-561,103],[-523,85],[-267,158],[0,200],[200,248],[314,176],[437,158],[191,255],[371,285],[409,103],[228,24],[599,103],[400,249],[0,218],[-10,261],[-57,206],[-171,212],[-333,237],[-323,-49],[-181,334],[-257,237],[-571,230],[-409,73],[-523,-18],[-266,30],[-324,152],[-209,188],[-162,157],[-237,158],[-257,188],[-95,309],[-191,146],[295,309],[324,49],[314,42],[352,188],[85,158],[76,218],[190,352],[267,243],[285,467],[190,260],[39,340],[-371,406],[-229,267],[-209,334],[-257,849],[57,1073],[-114,292],[-143,363],[-133,273],[-85,231],[0,170],[-29,679],[-57,309],[-86,146],[-390,327],[-371,358],[-304,213],[-447,133],[-561,255],[-371,194],[-276,224],[-210,255],[-313,194],[-409,200],[-295,79],[-314,24],[-305,12],[-447,122],[-599,212],[-590,91],[-723,73],[-475,30],[-438,-85],[-609,-91],[-1008,-54],[-628,-31],[-732,0],[-543,-97],[-409,-242],[-171,-225],[-152,-218],[-209,-291],[-409,-176],[-1732,48],[-551,-115],[-343,-48],[-371,12],[-466,-134],[-95,-157],[-228,-207],[-181,-121],[-343,-121],[-979,-200],[-324,-19],[-447,85],[-266,122],[-381,48],[-513,55],[-1313,12],[-409,42],[-390,128],[-438,200],[-514,79],[-551,-49],[-485,-85],[-409,-151],[-533,-291],[-219,-249],[-228,-231],[-324,-24],[-2150,30],[-332,-30],[-286,-97],[-1389,-958],[-266,-115],[-495,-97],[-295,18],[-447,115],[-1427,1164],[-190,104],[-361,72],[-343,0],[-456,-60],[-343,-73],[-342,-67],[-286,-73],[-409,0],[-409,67],[-95,200],[-399,843],[-476,188],[-523,-163],[-447,-128],[-409,-212],[-238,-140],[-219,-175],[-181,-128],[-504,-200],[-837,-224],[-342,-37],[-371,-121],[-504,-140],[-419,-42],[-381,-61],[-342,-72],[-361,-122],[-419,-109],[-381,-18],[-437,12],[-419,-36],[-314,-55],[-399,-170],[-114,-188],[-67,-279],[-47,-916],[-134,-151],[-314,-140],[-294,-66],[-438,-73],[-323,-85],[-409,-225],[-257,-260],[-305,-370],[-114,-207],[-200,-279],[-161,-218],[-276,-182],[-276,-170],[-238,-267],[-295,-333],[-238,-115],[-437,-219],[-181,-236],[-266,-340],[-257,-346],[-228,-503],[-191,-358],[-133,-170],[-342,-163],[-409,-61],[-352,36],[-267,164]],[[726960,402173],[523,49],[257,255],[0,521],[0,352],[9,916],[0,728],[0,564],[229,12],[-38,-413],[19,-837],[209,-127],[2321,-807],[1779,-558],[1217,-364],[495,-139],[381,-103],[513,-91],[600,-6],[428,-61],[1550,-158],[799,-30],[1418,67],[95,91],[285,248],[580,534],[115,109],[294,261],[780,504],[638,339],[342,200],[333,207],[228,206],[314,291],[229,212],[295,267],[266,212],[409,249],[457,237],[38,18],[475,218],[200,164],[438,6],[456,-97],[685,-97],[1161,-188],[799,-109],[884,-128],[933,-60],[542,30],[571,42],[294,43],[295,85],[647,224],[438,182],[742,413],[152,78],[419,298],[313,97],[352,-55],[381,-121],[761,-449],[666,-382],[980,-595],[884,-521],[1218,-734],[742,-455],[637,-346],[542,-279],[876,-564],[979,-576],[466,-267],[362,-267],[466,-206],[390,-261],[352,-169],[485,-292],[438,-194],[580,-345],[989,-552],[885,-510],[1075,-637],[409,-242],[314,-200],[342,-206],[1304,-801],[532,-352],[1265,-776],[923,-582],[1132,-692],[1760,-982],[618,-382],[542,-322],[514,-230],[495,-194],[571,-267],[1617,-874],[76,-36],[894,-516],[2797,-1667],[1997,-1165],[1979,-1152],[961,-552],[960,-583],[505,-266],[1350,-801],[210,-121],[761,-437],[1265,-740],[1474,-849],[153,-91],[846,-455],[1674,-946],[609,-358],[942,-509],[428,-207],[866,-485],[152,-85],[770,-442],[86,-43],[628,-327],[1351,-734],[703,-346],[1874,-982],[1951,-959],[780,-406],[1436,-740],[732,-352],[1665,-782],[1094,-498],[1142,-558],[561,-266],[1912,-947],[704,-321],[1436,-685],[561,-255],[2122,-989],[922,-461],[1170,-539],[476,-231],[1884,-897],[675,-340],[1589,-673],[399,-182],[485,-231],[1893,-788],[1161,-528],[1094,-467],[333,-91],[371,-91],[466,-158],[1170,-485],[875,-382],[1256,-546],[409,-157],[656,-243],[438,-158],[428,-182],[485,-182],[342,-133],[809,-364],[894,-327],[514,-188],[371,-134],[618,-224],[999,-261],[447,-121],[1065,-231],[1285,-346],[1407,-376],[695,-163],[314,-79],[609,-158],[665,-176],[390,-182],[657,-273],[761,-188],[666,-182],[494,-182],[485,-200],[562,-242],[504,-164],[590,-158],[856,-297],[846,-321],[952,-322],[285,-97],[580,-218],[295,-109],[438,-207],[561,-297],[400,-297],[371,-418],[466,-316],[237,-151],[257,-128],[343,-151],[342,-140],[495,-170],[295,-139],[333,-140],[323,-109],[590,-200],[285,224],[-66,334],[380,200],[295,12],[419,-60],[875,-340],[961,-340],[1398,-546],[828,-273],[437,-145],[799,-267],[2255,-752],[875,-309],[247,-91],[1066,-413],[1740,-546],[1265,-339],[1399,-431],[1389,-327],[1018,-310],[932,-242],[780,-176],[323,-79],[951,-243],[400,-85],[723,-151],[1531,-382],[761,-158],[771,-170],[685,-170],[1493,-285],[980,-224],[980,-182],[590,-109],[561,-121],[1103,-213],[628,-121],[533,-91],[438,-79],[494,-67],[314,-66],[419,-55],[333,-73],[409,-79],[390,-72],[323,-49],[276,-73],[466,-54],[323,-55],[371,-54],[295,-55],[466,-79],[628,-121],[676,-103],[894,-182],[86,-18],[941,-146],[1399,-152],[789,-139],[733,-24],[637,-37],[580,-54],[742,-73],[476,-79],[2464,-194],[399,79],[504,54],[533,61],[533,18],[2444,25],[1342,-61],[513,-18],[229,-12],[1094,-37],[1198,31],[362,12],[1427,0],[513,-6],[1722,6],[1056,-12],[1360,-25],[1056,-85],[1065,61],[1037,-18],[837,-12],[514,54],[485,140],[1132,285],[523,73],[524,72],[865,61],[1208,55],[1094,78],[638,73],[532,18],[543,49],[941,18],[1142,97],[418,31],[295,24],[1285,115],[761,42],[38,0],[1407,122],[267,24],[932,67],[1103,163],[2445,267],[942,85],[923,85],[542,55],[171,18],[685,97],[1246,146],[352,36],[476,42],[1303,110],[419,24],[57,-504],[247,-321],[-114,-267],[-371,-24],[-371,0],[-248,-12],[-485,-67],[-456,-121],[-238,-122],[-362,-91],[-352,-66],[-418,-122],[-628,-42],[-342,-36],[-191,-267],[-57,-213],[-95,-266],[-133,-279],[-152,-267],[-143,-170],[-228,-188],[-476,-170],[-342,-42],[-352,-37],[-362,-6],[-380,12],[-390,31],[-390,54],[-609,121],[-381,49],[-294,24],[-533,-18],[-314,-24],[-314,-49],[-352,-79],[-438,-109],[-656,-194],[-1484,-388],[-590,-212],[-266,-115],[-323,-176],[-600,-304],[-152,-66],[-742,-291],[-190,-73],[-742,-225],[-799,-200],[-752,-188],[-542,-97],[-361,-42],[-543,-12],[-437,36],[-409,121],[-609,285],[-304,134],[-305,103],[-485,97],[-495,18],[-456,-48],[-343,-146],[-114,-200],[67,-309],[266,-334],[257,-158],[342,-133],[324,-103],[304,-134],[238,-157],[238,-340],[28,-200],[-95,-279],[-361,-206],[-523,-152],[-419,-109],[-437,-146],[-362,-157],[-266,-176],[-276,-291],[-162,-255],[-76,-200],[-19,-255],[29,-231],[66,-303],[86,-248],[123,-243],[200,-328],[181,-260],[162,-188],[333,-255],[390,-152],[304,-60],[352,6],[485,145],[704,528],[209,133],[447,158],[314,12],[447,-73],[200,-121],[599,-412],[990,-486],[932,-412],[57,-170],[-124,-242],[-1094,-819],[-3938,-2117],[-1883,-1134],[-238,-346],[-257,-1377],[-133,-1904],[-190,-1637],[-115,-1650],[238,-1698],[333,-1535],[390,-940],[400,-582],[694,-588],[3016,-1474],[3329,-1541],[1256,-279],[1493,-236],[162,-43],[209,-509],[-409,-109],[-171,-85],[-552,-340],[-732,-467],[-419,-230],[-789,-377],[-752,-260],[-514,-140],[-608,-121],[-1075,-188],[-780,-164],[-790,-182],[-685,-206],[-333,-109],[-437,-206],[-485,-225],[-362,-127],[-428,-85],[-523,-79],[-362,-12],[-342,-121],[-257,-188],[-276,-182],[-266,-140],[-238,-224],[-76,-346],[29,-224],[142,-358],[-9,-273],[-48,-152],[-95,-230],[-162,-473],[-209,-328],[-314,-164],[-399,-133],[-448,-55],[-180,-309],[209,-291],[38,-200],[-447,-97],[-381,-12],[-437,-37],[-514,-139],[190,-334],[390,-151],[-9,-304],[-466,-133],[-390,-49],[-343,-303],[29,-303],[-295,-73],[-342,-18],[-343,-37],[-523,31],[-219,-316],[247,-254],[-104,-188],[19,-316],[-428,-194],[-362,-170],[-218,-163],[-352,-110],[-58,-188],[-266,-157],[-428,-140],[-314,31],[-475,-19],[-505,49],[-456,103],[-248,-67],[-218,-236],[-495,-140],[-361,-115],[-381,-255],[-419,-351],[-152,-146],[19,-261],[95,-370],[124,-267],[143,-351],[28,-358],[181,-194],[-76,-273],[133,-176],[285,-231],[10,-248],[-228,-352],[19,-243],[9,-218],[-371,-230],[-494,6],[-314,-55],[-267,-255],[-28,-127],[-29,-346],[-28,-273],[-38,-248],[76,-292],[-190,-333],[-200,-255],[-124,-376],[-47,-170],[-39,-230],[-9,-170],[314,-237],[380,61],[162,-261],[124,-315],[95,-176],[-29,-309],[10,-219],[66,-291],[162,-145],[390,-134],[333,-121],[200,-273],[76,-170],[200,-261],[228,-224],[76,-230],[48,-316],[456,-115],[324,6],[390,0],[228,-188],[314,-297],[304,-115],[267,-322],[-143,-297],[314,-279],[-57,-206],[-428,-213],[-447,31],[-267,-109],[-352,-225],[143,-255],[343,-145],[-219,-255],[-333,-30],[-381,-24],[-380,-176],[-295,-61],[-314,-73],[-247,-285],[-29,-285],[-228,-346],[-352,-157],[-381,-49],[-371,-127],[-380,-237],[399,-279],[305,-182],[114,-218],[-29,-200],[-95,-206],[-95,-170],[-85,-285],[161,-194],[286,-109],[304,-195],[466,-230],[38,-224],[-285,-261],[-114,-370],[304,-212],[371,-61],[381,-176],[333,-24],[304,-237],[361,-157],[105,-225],[-114,-224],[95,-328],[38,-212],[295,-303],[390,-49],[29,-382],[161,-249],[10,-200],[-171,-218],[-343,-279],[133,-206],[114,-152],[-28,-249],[-409,-236],[-295,-194],[-247,-85],[-257,-182],[-143,-285],[143,-334],[47,-224],[124,-176],[-105,-285],[-323,-218],[-95,-261],[57,-219],[19,-188],[-419,-103],[-466,-85],[-171,-188],[-314,-327],[-561,-140],[-561,-85],[-219,-42],[-343,-127],[-285,-231],[-247,-97],[-457,-54],[-333,-43],[-361,-97],[-400,-212],[-342,-255],[-371,-291],[-267,-218],[-390,-182],[-285,-73],[-266,-328],[342,-230],[67,-206],[104,-200],[152,-243],[58,-231],[-162,-242],[-67,-322],[-295,-127],[-247,-48],[-219,-231],[-285,-61],[-324,-85],[-466,-84],[-456,-19],[-466,-206],[-324,-91],[-333,-85],[-295,-200],[-171,-139],[-390,-97],[-390,-25],[-257,-273],[-475,-163],[-276,-200],[-57,-231],[-134,-273],[162,-352],[171,-188],[533,-461],[343,-285],[532,-260],[343,-176],[456,-158],[942,-85],[523,-115],[523,-164],[286,-42],[314,-79],[304,-128],[381,-218],[371,-249],[418,-194],[276,-91],[314,-85],[409,-54],[352,-24],[304,-31],[1180,-279],[1332,-285],[1008,-115],[533,-55],[390,-66],[875,-85],[723,-158],[571,-103],[399,-49],[561,0],[419,25],[761,145],[390,55],[2445,346],[1208,188],[304,-201],[124,-364],[47,-260],[48,-237],[48,-194],[57,-255],[38,-230],[57,-243],[66,-291],[76,-267],[96,-242],[19,-249],[-19,-218],[-153,-358],[-161,-206],[-134,-170],[-190,-334],[-95,-254],[-105,-261],[-142,-194],[-162,-182],[-190,-279],[-57,-194],[-143,-249],[-314,-176],[-105,-309],[172,-388],[199,-407],[191,-388],[428,-85],[513,146],[362,163],[323,188],[466,176],[333,110],[409,121],[419,97],[447,261],[95,236],[86,346],[533,139],[456,-36],[333,-36],[295,-25],[352,6],[295,25],[561,54],[1065,109],[1180,128],[742,79],[656,72],[657,73],[856,91],[533,55],[494,79],[523,121],[638,158],[580,139],[476,121],[333,79],[475,79],[504,91],[419,91],[761,-91],[133,-164],[86,-212],[-19,-309],[-38,-249],[-38,-164],[-57,-230],[-29,-152],[-9,-255],[19,-175],[85,-298],[209,-175],[-19,-286],[-57,-333],[143,-364],[447,-152],[352,-97],[590,-24],[333,6],[380,-48],[305,-219],[38,-42],[123,-516],[343,-309],[190,-237],[124,-279],[57,-266],[76,-358],[171,-388],[67,-188],[0,-261],[9,-152],[105,-261],[219,-388],[133,-400],[238,-400],[-485,-116],[-210,-85],[-238,-212],[-256,-176],[-96,-188],[-76,-303],[-199,-309],[-115,-134],[-85,-267],[-95,-321],[-10,-182],[38,-224],[67,-237],[162,-449],[95,-279],[-286,-303],[-104,-370],[-162,-243],[-162,-363],[-142,-231],[-153,-249],[-133,-406],[200,-503],[571,-85],[903,-103],[857,-152],[428,-115],[409,-134],[247,-85],[9,-715],[77,-710],[-67,-164],[-1427,-1607],[-1046,-1086],[-704,-558],[-752,-479],[-761,-260],[-228,-37],[-1417,-206]],[[764363,413982],[-523,-182],[-276,127],[-485,43],[152,261],[152,194],[362,254],[485,140],[457,-109],[171,-237],[-266,-321],[-229,-170]],[[953540,234960],[-67,-455],[-675,-1868],[-1056,-1219],[-1665,-1619],[-2283,-1941],[-1950,-1492],[5527,-1826],[1826,-588],[1674,-594],[857,-364],[1046,-401],[856,-467],[561,-333],[286,-237],[1731,-1413],[219,-133],[494,-273],[238,-91],[771,-225],[228,-85],[333,-139],[190,-249],[29,-333],[-29,-389],[48,-248],[104,-352],[343,-740],[162,-285],[1217,-1237],[504,-467],[904,-825],[1037,-685],[732,-352],[495,-146],[419,-66],[352,-25],[941,0],[48,0],[666,43],[1255,151],[533,116],[1750,564],[895,224],[780,140],[1227,109],[1217,0],[2645,-140],[2121,-303],[2283,-516],[837,-236],[866,-322],[1408,-473],[609,-139],[799,-134],[979,-103],[2065,-455],[1902,-485],[942,-291],[970,-534],[666,-642],[276,-383],[1037,-1837],[380,-619],[238,-303],[666,-528],[-647,-73],[-276,-48],[-466,-146],[-409,-236],[-742,-582],[-1950,-1638],[-1541,-1783],[-675,-698],[-295,-254],[-1161,-862],[-485,-309],[-399,-176],[-276,-97],[-1085,-255],[-190,-30],[-1427,-358],[-847,-273],[-637,-297],[-314,-242],[-95,-91],[-333,-425],[-66,-267],[-48,-1631],[409,-746],[647,-1141],[523,-661],[1284,-1662],[-475,-24],[-286,-36],[-371,-67],[-656,-164],[-295,-97],[-751,-303],[-219,-73],[-362,-48],[-228,-43],[-1189,-224],[-457,-237],[-675,-436],[-219,-188],[-162,-146],[-342,-728],[-295,-691],[-124,-146],[-256,-267],[-371,-558],[-238,-315],[-67,-297],[-171,-1183],[-86,-1261],[-76,-1122],[-38,-552],[38,-564],[29,-316],[133,-509],[95,-158],[162,-224],[162,-194],[199,-298],[162,-266],[57,-134],[143,-400],[352,-898],[523,-1255],[190,-589],[67,-200],[66,-448],[10,-1044],[-76,-1055],[-200,-1128],[-114,-182],[-257,-267],[-162,-182],[-276,-188],[-513,-145],[-885,-249],[-266,-103],[-400,-267],[-142,-224],[-115,-249],[-66,-267],[-362,-758],[-123,-285],[-248,-273],[-171,-243],[-67,-157],[0,-637],[-19,-73],[-218,-291],[-400,-364],[-190,-261],[-152,-315],[-57,-261],[0,-479],[-96,-261],[-133,-321],[-161,-467],[-86,-273],[-19,-322],[-38,-673],[-10,-1377],[-47,-267],[-95,-303],[-105,-279],[-238,-230],[-304,-188],[-305,-122],[-390,-78],[-665,-49],[-77,0],[-532,-73],[-600,-60],[-494,-49],[-628,0],[-476,24],[-437,-30],[-495,-140],[-162,-345],[-247,-152],[-276,-61],[-371,-97],[-314,-97],[-428,-242],[-238,-237],[-85,-212],[-209,-497],[-48,-176],[-76,-607],[-209,-321],[-115,-243],[-180,-345],[-114,-225],[-248,-194],[-856,-528],[-599,-455],[-381,-430],[-180,-128],[-381,-54],[-2644,-140],[-571,-103],[-162,-151],[-276,-176],[-295,-61],[-399,-200],[-457,0],[-371,164],[-542,66],[-333,-78],[-590,-116],[-361,-72],[-352,-103],[-400,-182],[-295,-128],[-380,-12],[-523,30],[-799,85],[-600,31],[-513,6],[-485,-43],[-200,-30],[-818,24],[-932,43],[-1846,-31],[-3976,-6],[-1208,-145],[-1180,-85],[-285,-18],[-742,6],[-961,60],[-856,6],[-105,-36],[-104,-400],[9,-516],[67,-697],[-19,-601],[-124,-564],[0,-485],[390,-594],[352,-401],[333,-479],[342,-297],[57,-886],[-47,-309],[-124,-212],[-180,-140],[-77,-315],[172,-328],[142,-224],[38,-176],[-28,-236],[-105,-267],[-66,-182],[47,-285],[86,-291],[57,-255],[47,-315],[10,-389],[-171,-327],[-210,-146],[-304,-157],[-390,-134],[-361,-291],[-238,-164],[-390,-151],[-495,-213],[-352,-85],[-342,-24],[-267,-6],[-409,-73],[-219,-91],[-323,-85],[-333,-18],[-428,-48],[-257,-122],[-162,-212],[-275,-297],[-57,-309],[-257,-134],[-352,-48],[-305,-25],[-399,-224],[-143,-255],[0,-139],[10,-510],[-95,-279],[-115,-230],[-218,-291],[-172,-225],[-209,-169],[-390,-158],[-219,-212],[-38,-249],[124,-158],[399,-151],[590,78],[324,55],[418,-36],[485,-176],[-28,-273],[47,-279],[162,-249],[209,-212],[105,-206],[28,-207],[115,-206],[199,-163],[505,-298],[294,-139],[229,-255],[228,-164],[333,-72],[438,-104],[285,-163],[114,-140],[86,-285],[9,-212],[-38,-231],[-66,-382],[-57,-345],[180,-176],[267,-170],[95,-225],[133,-248],[352,-212],[285,-195],[276,-309],[76,-188],[86,-224],[9,-170],[-209,-297],[-276,-152],[48,-236],[133,-237],[124,-188],[66,-224],[-19,-292],[-133,-515],[-637,-904],[142,-406],[19,-419],[-47,-509],[-86,-552],[-57,-522],[-57,-430],[114,-485],[143,-201],[314,-230],[913,-273],[342,-115],[381,-249],[380,-133],[419,-122],[-19,-503],[-238,-691],[-47,-1007],[-229,-291],[-266,-182],[-400,-188],[-618,-219],[-333,-36],[-846,6],[-2987,30],[-562,0],[-361,-30],[-656,-67],[-371,-18],[-1827,24],[-514,13],[-361,-43],[-285,-61],[-495,-133],[-343,-127],[-599,-110],[-970,-194],[-523,-72],[-229,-73],[-1360,-425],[-485,-91],[-618,-170],[-647,-163],[-390,-194],[-305,-255],[-352,-158],[-865,-188],[-267,-73],[-589,-72],[-457,30],[-390,79],[-552,67],[-295,-67],[-352,-146],[-456,164],[-67,291],[19,212],[-9,261],[-38,200],[-152,534],[-77,370],[-218,734],[-38,176],[47,236],[-85,285],[-571,73],[-913,-255],[-2112,-770],[-2864,-321],[-703,-249],[-343,-55],[-390,201],[-285,66],[-1256,194],[-1027,152],[-400,24],[-1379,-36],[-523,-18],[-505,-43],[-285,-164],[-143,-163],[-256,-273],[-324,-243],[-295,-103],[-903,-188],[-1151,-200],[-267,-12],[-628,0],[-618,0],[-495,6],[-1598,61],[-818,0],[-1246,18],[-409,0],[-409,18],[-552,73],[-475,36],[-305,49],[-485,103],[-1703,406],[-437,115],[-390,109],[-504,140],[-314,61],[-495,60],[-485,79],[-314,12],[-428,-133],[-305,-43],[-466,-12],[-456,-60],[-267,-19],[-352,-115],[-399,-164],[-285,-72],[-333,-6],[-600,0],[-409,42],[-352,36],[-352,37],[-456,36],[-533,170],[-323,73],[-476,73],[-447,60],[-343,43],[-494,72],[-362,104],[-323,36],[-295,30],[-314,25],[-571,12],[-504,36],[-295,109],[-314,122],[-342,72],[-362,-12],[-266,-67],[-352,-315],[-152,-243],[-133,-206],[-219,-218],[-219,-134],[-447,-78],[-266,-158],[-172,-243],[96,-200],[218,-200],[181,-109],[295,-231],[285,-84],[314,-110],[19,-254],[-161,-364],[-219,-316],[-200,-291],[-86,-133],[-133,-231],[-342,-230],[-343,-219],[-399,-285],[-228,-157],[-295,-128],[-390,-169],[-172,-122],[-218,-176],[-390,-182],[-181,-121],[-209,-236],[-29,-267],[86,-279],[0,-182],[66,-219],[257,-297],[152,-164],[371,-642],[162,-225],[114,-291],[-57,-194],[-67,-267],[86,-200],[181,-206],[95,-152],[19,-285],[-67,-236],[-171,-207],[-171,-364],[-29,-236],[-390,-291],[-523,-55],[-399,-91],[-581,-109],[-352,-24],[-409,-79],[-323,-97],[-485,-170],[-381,-133],[-485,-19],[-304,67],[-1246,297],[-476,176],[-219,115],[-219,219],[-180,224],[-210,243],[-342,133],[-580,-66],[-409,-213],[-229,-170],[-285,-315],[-86,-327],[-114,-304],[-181,-327],[-199,-303],[-200,-213],[-114,-151],[-228,-237],[-238,-297],[-124,-231],[-152,-303],[-143,-285],[-95,-158],[-124,-266],[-152,-249],[-57,-188],[76,-352],[0,-249],[-47,-163],[-115,-358],[-123,-309],[-152,-231],[-96,-291],[58,-249],[161,-358],[67,-206],[28,-212],[-38,-267],[-19,-334],[67,-351],[-190,-328],[-153,-291],[-104,-230],[-105,-310],[-85,-333],[-48,-267],[67,-200],[-200,-291],[-314,-128],[-571,-67],[-371,73],[-238,61],[-342,97],[-514,127],[-390,61],[-475,49],[-333,12],[-305,-6],[-437,-37],[-362,-48],[-456,-61],[-400,-36],[-276,-194],[-380,-91],[-248,121],[-285,218],[-171,134],[-466,6],[-286,-225],[-152,-163],[-143,-249],[-38,-200],[-19,-225],[29,-333],[57,-146],[133,-291],[238,-346],[105,-254],[85,-194],[86,-286],[85,-212],[86,-352],[0,-194],[-314,-212],[-390,-48],[-219,-61],[-276,-176],[-247,-164],[-352,-309],[-447,-243],[-247,-72],[-533,-158],[-447,-164],[-219,-121],[-447,-55],[-428,43],[-247,36],[-438,109],[-780,158],[-304,55],[-409,66],[-333,49],[-343,36],[-323,55],[-295,60],[-324,97],[-542,176],[-447,152],[-390,97],[-295,24],[-380,0],[-390,-18],[-267,-18],[-494,-79],[-600,-12],[-409,-109],[-323,-455],[-323,-97],[-562,-6],[-390,-37],[-361,182],[-209,225],[-295,327],[-286,255],[-190,127],[-276,170],[-105,176],[-66,212],[-343,188],[-532,-12],[-362,-67],[-276,-66],[-428,-146],[-237,-91],[-371,-170],[-429,-224],[-247,-146],[-314,-321],[-228,-364],[-323,-491],[-257,-316],[-191,-212],[-190,-261],[-247,-303],[-152,-267],[-115,-364],[-114,-291],[-57,-291],[-38,-206],[10,-273],[-29,-340],[29,-254],[-19,-188],[-153,-243],[-171,-164],[-266,-261],[-238,-157],[-504,-291],[-323,-182],[-429,-255],[-237,-121],[-343,-128],[-504,-182],[-409,-145],[-162,-79],[-266,-231],[-247,-285],[-124,-145],[-219,-322],[-133,-224],[-133,-303],[-95,-164],[-76,-243],[-143,-236],[-295,-267],[-257,-164],[-190,-297],[-86,-321],[-142,-261],[-495,-225],[-314,-72],[-323,-79],[-438,-55],[-419,-164],[-209,-273],[86,-339],[171,-279],[19,-231],[86,-376],[-115,-315],[-76,-249],[-294,-315],[-210,-146],[-323,-188],[-238,-133],[-200,-164],[-181,-249],[-161,-273],[-181,-279],[-181,-230],[-171,-327],[-86,-261],[-76,-225],[-38,-212],[-66,-273],[-38,-170],[-10,-267],[-19,-163],[171,-334],[10,-418],[0,-237],[9,-303],[19,-310],[38,-157],[-28,-279],[-162,-249],[-47,-145],[-38,-261],[-153,-322],[276,-218],[191,-158],[76,-261],[-267,-315],[-257,-145],[-494,-67],[-229,-109],[-237,-188],[-276,-110],[-76,-357],[-29,-213],[-66,-194],[-29,-297],[-29,-176],[20,-218],[85,-491],[0,-194],[19,-207],[362,-267],[218,-224],[86,-364],[0,-291],[67,-261],[199,-321],[248,-225],[580,-97],[247,-97],[181,-182],[0,-285],[-181,-212],[-171,-133],[-428,12],[-314,163],[-266,158],[-485,-18],[-257,-158],[-314,-188],[-343,-279],[-247,-224],[-114,-255],[38,-267],[181,-370],[228,-291],[276,-115],[371,-261],[95,-249],[86,-181],[9,-310],[19,-230],[-9,-188],[-124,-310],[-67,-279],[10,-212],[57,-309],[95,-128],[362,-194],[504,-194],[513,-145],[419,-18],[342,18],[419,0],[276,-37],[409,-145],[200,-115],[228,-201],[133,-242],[76,-267],[-323,-255],[-409,-145],[-305,-116],[-418,-91],[-438,-133],[-257,-115],[-133,-261],[-85,-231],[-77,-218],[-85,-261],[-38,-254],[38,-340],[38,-164],[76,-224],[57,-376],[-28,-316],[-58,-157],[-114,-352],[-57,-346],[-28,-315],[570,-61],[476,182],[400,121],[275,55],[505,-12],[361,-37],[362,-291],[57,-212],[-19,-297],[-10,-194],[-124,-285],[-142,-237],[-219,-303],[-143,-127],[-323,-176],[-162,-176],[-66,-194],[-77,-200],[-47,-298],[57,-200],[152,-248],[162,-194],[95,-182],[95,-273],[133,-201],[38,-291],[-38,-212],[76,-291],[257,-188],[248,-67],[333,-121],[342,-170],[200,-358],[532,-170],[438,-72],[333,-25],[419,-60],[475,-122],[343,-127],[285,-200],[57,-194],[162,-212],[-105,-285],[-295,-31],[-371,128],[-551,42],[-257,-146],[76,-285],[152,-145],[304,-182],[305,-97],[304,-152],[219,-151],[295,-298],[200,-248],[314,-334],[123,-200],[114,-285],[-57,-364],[-218,-267],[-362,-236],[-209,-158],[-210,-127],[-114,-219],[-9,-315],[19,-255],[47,-279],[-38,-267],[-114,-194],[-228,-255],[-343,-509],[-228,-352],[-114,-321],[-57,-352],[-19,-146],[86,-260],[123,-291],[95,-231],[95,-267],[115,-467],[57,-297],[76,-291],[180,-188],[124,-164],[133,-267],[-28,-200],[-457,-188],[-399,6],[-543,43],[-275,42],[-685,79],[-1151,188],[-552,55],[-343,36],[-313,18],[-495,-6],[-447,-6],[-495,-146],[-114,-260],[29,-152],[76,-255],[57,-224],[28,-261],[48,-236],[57,-207],[66,-212],[257,-255],[428,-206],[257,-121],[647,-358],[219,-127],[361,-292],[124,-175],[-285,-243],[-552,-61],[-400,31],[-371,42],[-456,-67],[-295,-182],[-105,-345],[19,-194],[-9,-225],[-67,-285],[0,-285],[-28,-370],[-57,-200],[19,-327],[95,-310],[76,-164],[133,-266],[171,-231],[219,-218],[285,-279],[257,-176],[286,-140],[371,-224],[28,-315],[-19,-225],[95,-261],[200,-151],[352,-85],[400,67],[180,163],[190,273],[210,219],[352,30],[257,-18],[390,-25],[532,-6],[400,-42],[228,-67],[266,-194],[181,-182],[114,-170],[76,-224],[-9,-164],[-114,-242],[-124,-140],[-285,-309],[-200,-231],[-266,-321],[-134,-182],[-266,-152],[10,-273],[85,-194],[143,-188],[285,-285],[543,-685],[323,-303],[57,-219],[57,-206],[324,-279],[342,-73],[257,-30],[504,-42],[371,-67],[228,-85],[286,-249],[-105,-157],[-238,-170],[-228,-73],[-362,-43],[-266,-48],[-333,-127],[-409,-164],[-409,-121],[-523,-182],[-286,-158],[67,-382],[352,-152],[323,-127],[448,6],[352,115],[237,61],[476,79],[571,36],[570,-115],[229,-297],[-105,-237],[-209,-303],[-76,-188],[-10,-376],[124,-243],[-285,-242],[-514,78],[-495,116],[-789,248],[-476,91],[-390,85],[-533,134],[-295,66],[-409,0],[-418,-279],[-29,-351],[38,-310],[95,-309],[172,-328],[199,-182],[153,-157],[827,-722],[171,-133],[362,-85],[276,-6],[428,24],[333,48],[304,67],[343,79],[276,36],[532,37],[276,-25],[238,-200],[38,-224],[133,-231],[-209,-351],[-228,-91],[-457,-116],[-419,-97],[-256,-157],[-647,-461],[-343,-158],[-542,-61],[-428,13],[-447,24],[-295,6],[-390,12],[-438,-85],[-323,-61],[-381,73],[-190,328],[190,333],[143,243],[-104,170],[-505,73],[-675,-364],[-190,-188],[-390,-188],[-409,24],[-495,139],[-400,79],[-447,67],[-475,-200],[-124,-158],[-304,-243],[-409,-127],[-647,-230],[-381,-116],[-361,-230],[-247,-273],[-86,-164],[-343,-242],[-237,-122],[-257,-273],[-76,-321],[-29,-237],[-38,-218],[-143,-170],[-247,-267],[-247,-418],[-114,-255],[28,-291],[171,-249],[57,-254],[-104,-188],[-390,-213],[-219,-85],[-542,-109],[-447,91],[-466,206],[-343,-236],[171,-158],[333,-267],[229,-169],[19,-273],[-134,-128],[-352,-218],[-161,-206],[314,-273],[295,-115],[409,-182],[123,-201],[-38,-212],[-66,-206],[-257,-273],[-352,6],[-219,134],[-352,297],[-476,-25],[-237,-48],[-409,-97],[-276,-79],[-343,-109],[-219,-218],[191,-213],[361,-285],[476,-164],[561,-206],[352,-176],[-9,-242],[-448,-164],[-399,-79],[-447,115],[-485,91],[-286,-72],[-380,-195],[-523,-157],[-352,109],[-428,261],[-267,-115],[-447,-140],[-456,-61],[-390,19],[-571,6],[-533,66],[-447,79],[-257,37],[-533,36],[-304,36],[-342,0],[-305,-36],[-333,-79],[-276,-97],[-380,-85],[-419,-12],[-494,-12],[-286,6],[-323,42],[-523,134],[-343,97],[-323,61],[-1132,127],[-457,18],[-323,-42],[-267,-103],[-656,-267],[-504,-182],[-457,-206],[-333,-170],[-218,-116],[-381,-206],[-428,-182],[-333,-206],[-371,-103],[-304,-133],[-390,-273],[-210,-110],[-352,-84],[-542,-31],[-666,-479],[-171,-212],[-67,-176],[-47,-249],[-29,-182],[0,-394],[-76,-315],[-57,-164],[-200,-303],[-152,-134],[-399,-73],[-362,-12],[-894,6],[-352,140],[-285,194],[-257,152],[-457,139],[-399,55],[-400,6],[-428,-43],[-437,-91],[-628,-182],[-314,-109],[-276,-36],[-409,-12],[-266,60],[-448,146],[-361,73],[-590,-37],[-437,-85],[-295,-115],[-238,-133],[-447,-267],[-523,-176],[-371,133],[-143,152],[-152,206],[-171,285],[-552,140],[-466,-182],[-523,-140],[-609,-163],[-466,-170],[-409,-158],[-381,-48],[-609,-31],[-66,-6],[-628,-24],[-314,-43],[-304,-97],[-343,-115],[-561,-139],[-504,-91],[-590,-109],[-333,-37],[-504,73],[-305,152],[-218,188],[-409,260],[-410,61],[-494,55],[-324,-43],[-371,-67],[-361,-66],[-495,91],[-418,206],[-191,176],[-57,309],[-19,261],[-152,309],[-285,249],[-561,18],[-381,-133],[-200,-110],[-504,-333],[-418,-267],[-181,-127],[-133,-213],[-48,-260],[-57,-219],[-76,-261],[-247,-315],[-343,-176],[-342,-54],[-276,18],[-295,121],[-343,261],[-390,176],[-351,6],[-514,-121],[-438,-152],[-342,-115],[-457,-37],[-599,0],[-390,-36],[-238,-73],[-314,-170],[-257,-242],[-218,-188],[-229,-158],[-409,-194],[-219,-61],[-380,-54],[-571,-55],[-314,-18],[-390,-67],[-342,-24],[-276,79],[-314,176],[-181,72],[-409,-157],[0,-152],[-85,-255],[-457,-218],[-314,-127],[-276,-85],[-409,-73],[-514,0],[-332,61],[-819,345],[-637,564],[-942,722],[-713,407],[-466,272],[-352,207],[-409,291],[-305,267],[-123,206],[-105,176],[-47,303],[-295,291],[-362,206],[-723,382],[-181,140],[-199,194],[-248,285],[-323,370],[-514,552],[409,631],[191,442],[237,370],[-114,631],[-85,1062],[161,558],[257,412],[514,334],[846,394],[819,309],[827,218],[1132,116],[1056,72],[675,-194],[476,-248],[599,-152],[447,218],[-190,267],[-361,328],[-210,321],[-114,837],[-85,722],[-38,400],[180,370],[-85,382],[-257,207],[-438,103],[-694,121],[-961,497],[-456,473],[-1751,1286],[-685,534],[-713,443],[-438,248],[-371,267],[-437,134],[-371,60],[-276,103],[-409,340],[-95,188],[209,297],[76,237],[-228,382],[-48,333],[143,589],[162,358],[0,309],[-115,279],[-199,188],[-514,194],[-342,236],[-181,304],[-19,449],[-305,315],[-266,212],[-95,255],[-67,394],[-161,316],[-143,436],[-162,352],[-342,485],[-238,200],[-523,352],[-314,291],[-247,449],[-219,406],[-171,637],[-533,564],[-400,449],[-238,406],[-542,461],[-551,431],[-429,188],[-275,273],[-371,418],[-533,783],[-447,570],[-295,273],[-371,145],[-409,-36],[-390,-36],[-390,218],[-428,364],[-276,279],[-181,546],[-47,552],[161,236],[95,322],[-180,200],[-257,321],[-257,394],[-542,225],[-552,455],[-818,594],[-466,261],[-371,261],[-333,121],[-590,-61],[-894,-6],[-409,37],[-333,309],[-390,600],[-48,680],[0,60],[172,631],[38,128],[314,424],[76,334],[95,315],[0,443],[152,364],[10,309],[-314,431],[-76,327],[0,431],[-48,473],[-333,570],[-723,685],[-314,492],[-76,309],[133,291],[581,237],[371,157],[304,267],[19,309],[-209,273],[-695,777],[-38,436],[95,437],[505,758],[361,510],[295,273],[219,139],[209,370],[323,910],[467,485],[304,334],[95,497],[-19,1019],[29,649],[-38,230],[-39,213],[-371,212],[-447,158],[-494,175],[-133,322],[171,1425],[-67,770],[-238,401],[-218,248],[-286,219],[-85,424],[171,595],[114,291],[57,546],[-105,479],[-209,424],[-257,546],[-161,510],[0,691],[66,540],[-76,594],[38,522],[171,291],[428,321],[933,570],[513,298],[314,327],[124,115],[-67,1110],[-323,922],[-799,607],[-599,455],[-181,212],[-162,576],[-47,928],[9,1243],[-390,516],[-162,297],[-180,340],[-172,309],[-304,249],[-314,327],[-181,152],[-209,176],[-76,273],[-190,321],[-314,328],[-191,309],[-95,249],[-104,206],[-305,121],[-418,206],[-438,243],[-609,200],[-532,267],[-267,200],[10,382],[228,291],[181,364],[57,322],[67,370],[85,382],[-247,242],[-371,79],[-409,146],[-371,254],[-276,170],[-152,206],[-95,152],[-38,273],[0,352],[-162,224],[-314,273],[105,388],[237,364],[314,182],[476,316],[86,169],[-105,298],[-333,382],[-295,521],[-552,225],[-513,157],[-333,182],[-143,297],[48,158],[85,237],[200,351],[29,449],[-324,467],[-352,237],[-276,267],[-76,212],[219,261],[190,321],[-85,310],[-324,491],[-475,467],[-390,230],[-590,291],[-295,79],[-485,31],[-562,-116],[-751,-182],[-580,-66],[-409,24],[-419,194],[-571,267],[-428,109],[-361,49],[-438,36],[-485,121],[-457,182],[-466,219],[-656,78],[-380,-66],[-448,-55],[-390,158],[-352,127],[-409,49],[-494,18],[-799,115],[-504,43],[-438,157],[-457,61],[-447,18],[-485,79],[-304,152],[-352,103],[-324,48],[-323,6],[-438,-85],[-580,25],[-285,182],[-438,97],[-304,-19],[-400,-66],[-561,79],[-485,145],[-514,206],[-181,158],[-437,200],[-438,103],[-475,176],[-476,297],[-133,304],[-95,236],[38,346],[-76,176],[-57,230],[-134,267],[-352,206],[-390,115],[-456,182],[0,285],[-152,195],[-276,133],[-447,24],[-457,-24],[-504,-133],[-400,-237],[-551,-6],[-352,0],[-600,42],[-504,37],[-466,85],[-342,85],[-362,48],[-333,261],[86,243],[114,200],[200,248],[161,237],[-171,218],[-371,146],[-523,48],[-352,140],[-209,261],[-229,327],[-256,212],[-695,510],[-447,418],[-209,370],[-267,358],[-789,358],[-495,340],[-333,200],[-352,-146],[-85,-170],[-171,-206],[-162,-157],[-181,-182],[-190,-164],[-343,-340],[-275,-212],[-1161,-643],[-580,-528],[-390,-345],[-419,-285],[-485,-316],[-371,-67],[-609,-42],[-342,-55],[-466,-430],[-362,-249],[-932,-79],[-999,-103],[-846,55],[-533,115],[-295,279],[-266,49],[-571,-7],[-828,67],[-742,103],[-723,12],[-561,25],[-1075,248],[19,0],[-780,304],[-304,72],[-333,-24],[-438,-188],[-352,-321],[-342,-273],[-485,170],[-276,260],[-609,395],[-390,121],[-438,-12],[-599,-158],[-428,0],[-656,194],[-628,309],[-542,504],[-799,631],[-400,230],[-428,346],[-314,443],[-314,272],[-989,352],[-685,443],[-828,613],[-142,127],[-38,285],[38,582],[-305,206],[-219,310],[-256,364],[-162,218],[-409,212],[-476,231],[-361,206],[-286,364],[-361,285],[-533,418],[-66,188],[47,219],[95,297],[-66,224],[-219,213],[-257,248],[0,231],[48,206],[199,431],[48,315],[304,594],[57,219],[-218,260],[-314,273],[-200,249],[-67,255],[115,309],[190,297],[257,395],[-134,370],[-352,479],[-133,436],[-285,255],[-124,309],[114,213],[-76,424],[-28,237],[-371,212],[-523,188],[-447,133],[-267,261],[-219,225],[-561,333],[-143,213],[48,351],[0,358],[-105,231],[-361,230],[-266,170],[-39,212],[-9,431],[-38,667],[-38,218],[-10,194],[257,285],[818,443],[19,91],[333,303],[428,304],[733,515],[247,425],[-162,267],[-66,200],[76,339],[228,298],[428,145],[485,152],[400,188],[-10,170],[-28,236],[85,576],[-209,431],[-333,121],[-504,73],[-552,91],[-247,121],[-238,395],[-219,624],[-313,188],[-48,249],[95,497],[133,583],[-95,400],[-133,473],[-457,170],[-190,176]],[[298133,803000],[-76,479],[-66,376],[104,328],[-85,309],[76,346],[532,54],[10,267],[-48,237],[-66,164],[-143,357],[-114,249],[-571,1462],[-152,151],[-266,316],[-95,200],[-286,285],[-95,297],[-38,158],[-76,230],[-67,152],[-123,224],[-143,249],[-266,255],[-105,273],[-133,315],[-162,237],[-114,169],[-114,237],[-95,285],[-67,200],[-105,279],[-66,182],[47,291],[-19,249],[-409,164],[-551,-85],[-229,-31],[-523,-36],[-618,-61],[-533,-54],[-228,218],[95,249],[-67,212],[-38,194],[-38,225],[-28,376],[-10,285],[-66,315],[-115,297],[-114,304],[-95,224],[-95,188],[-86,346],[-85,291],[-67,236],[-66,213],[-105,291],[-114,248],[-105,273],[-104,273],[-77,158],[-142,334],[-86,321],[-76,182],[-47,352],[19,260],[1759,261],[-190,570],[-152,370],[-124,273],[-428,267],[-104,255],[-67,200],[-57,176],[-181,321],[-95,219],[-105,267],[-171,448],[-504,1407],[-314,813],[-143,303],[-133,431],[-162,279],[333,249],[-57,230],[38,237],[-85,303],[-438,55],[-428,-37],[-333,-24],[-352,-43],[-551,-60],[-695,-79],[-428,-49],[-276,164],[29,243],[-105,188],[-76,188],[-124,321],[-104,267],[-324,291],[-371,116],[-85,351],[66,225],[-114,321],[-361,285],[-581,85],[-66,200],[-76,231],[-76,200],[-86,297],[-95,267],[-67,176],[-133,267],[-48,182],[-256,345],[-409,158],[-57,146],[-305,224],[-190,255],[-352,267],[-152,218],[-86,170],[-171,254],[-133,358],[1246,231],[418,54],[1732,310],[875,145],[114,91],[-352,564],[-29,79],[-171,516],[-523,24],[-190,218],[-228,661],[-276,795],[-210,546],[143,370],[1389,182],[1018,133],[418,79],[390,61],[504,72],[429,55],[-495,1207],[-409,509],[-76,225],[47,170],[628,66],[866,97],[219,49],[2235,376],[-38,455],[-323,424],[-210,213],[-257,200],[-323,151],[-238,116],[-342,169],[-333,182],[-286,201],[-313,236],[-381,267],[-342,218],[-257,170],[-333,231],[-200,181],[-190,231],[-133,152],[-305,182],[-257,133],[-218,127],[-295,182],[-371,213],[-181,133],[-190,182],[-191,194],[-171,200],[-247,297],[-190,225],[-200,254],[-228,267],[-267,231],[-314,224],[-238,140],[-380,133],[-352,115],[-257,85],[-380,140],[-210,358],[-76,248],[-66,231],[-86,352],[-57,260],[-124,601],[-190,709],[-57,164],[-76,237],[-76,188],[-38,267],[38,376],[47,236],[86,364],[114,267],[86,170],[171,194],[38,297],[-38,255],[-67,327],[-57,267],[-95,346],[-104,376],[-96,261],[-123,279],[-105,212],[-124,206],[-513,698],[-162,248],[-114,206],[-95,170],[-152,237],[-115,170],[-190,236],[-314,303],[-238,219],[-209,218],[-200,255],[-142,218],[-133,261],[-77,158],[-95,242],[-57,207],[-28,254],[-38,267],[-67,364],[-190,328],[-257,279],[-304,254],[-200,182],[-219,303],[-342,522],[-181,279],[-257,340],[-162,224],[-161,218],[-980,-157],[-1418,-213],[-1921,-266],[-495,115],[-628,-61],[-428,-48],[-323,-37],[-419,-60],[-551,-73],[-362,-49],[-514,-72],[-665,-91],[-619,-97],[-637,-104],[-599,-97],[-942,-157],[-352,-267],[-1104,-103],[-1797,-213],[-828,-109],[-1893,-273],[-1027,-127],[-295,-18],[-1332,-103],[-818,-79],[-1370,-182],[-1246,-158],[-3310,-279],[-90170,-10122]],[[157433,852273],[-1408,9309],[-133,886],[-913,5756],[-181,1158],[-447,2857],[-8162,14271],[-5336,13573],[266,97],[514,122],[66,248],[-399,116],[-428,72],[-457,176],[-162,207],[-199,194],[-124,157],[-352,152],[-162,158],[-190,206],[-257,248],[-19,98],[-904,3220],[-4661,12864],[-4233,10347],[-1113,3045],[-2235,6077],[-1494,4088],[-827,2177],[-2226,5835],[-4310,12142],[286,48],[456,79],[486,194],[266,55],[1398,188],[523,61],[505,-13],[1027,-36],[209,0],[495,0],[209,0],[818,36],[305,13],[1645,84],[181,13],[1227,72],[847,55],[1436,91],[1732,121],[1255,91],[2331,194],[1027,73],[1313,115],[1408,109],[827,61],[1199,91],[675,43],[1256,66],[1455,97],[1494,97],[780,73],[437,43],[1580,127],[618,55],[504,42],[457,36],[304,37],[333,36],[476,55],[818,97],[475,36],[1047,67],[704,54],[1008,67],[457,37],[542,36],[475,18],[1132,115],[381,25],[951,85],[818,66],[1684,-12],[1180,97],[875,61],[1674,-43],[789,67],[676,67],[989,103],[571,-206],[323,12],[352,18],[381,43],[504,72],[866,134],[913,151],[808,116],[-104,339],[-257,637],[533,176],[428,67],[399,54],[390,61],[609,91],[533,73],[599,85],[580,78],[523,79],[381,55],[257,170],[314,30],[941,109],[-47,334],[-190,382],[-172,339],[-228,437],[-181,352],[0,315],[314,55],[286,48],[352,134],[190,267],[323,430],[267,316],[161,285],[181,309],[371,200],[552,109],[418,85],[438,188],[656,67],[134,-255],[218,-109],[600,61],[599,48],[875,73],[694,67],[752,60],[552,49],[218,127],[-76,370],[-95,352],[-66,309],[47,110],[638,60],[1074,-42],[2264,212],[-161,831],[1056,85],[9,0],[828,297],[-105,431],[-95,485],[-38,170],[-48,224],[-28,212],[-67,328],[-38,249],[923,78],[885,85],[1075,116],[551,54],[533,37],[361,-37],[562,67],[371,54],[1094,182],[418,61],[67,285],[209,152],[723,97],[361,42],[257,37],[485,109],[276,60],[400,55],[257,285],[-95,376],[-39,267],[-180,1152],[-171,1244],[-96,570],[343,224],[-38,340],[-57,594],[-38,467],[0,564],[589,-36],[400,-24],[476,-25],[1322,-85],[885,-60],[580,-31],[590,-42],[1036,-97],[514,-36],[266,-19],[467,-12],[608,-30],[1009,-49],[865,-48],[419,-30],[561,-43],[542,-48],[305,-6],[437,-13],[466,-18],[267,-18],[533,-24],[532,60],[428,43],[343,54],[475,31],[904,79],[828,85],[627,66],[448,61],[732,85],[238,24],[495,61],[371,30],[608,55],[524,66],[409,49],[551,60],[723,67],[619,85],[409,37],[256,24],[352,66],[895,164],[551,73],[571,24],[333,49],[276,42],[552,49],[485,-37],[580,-60],[371,-31],[447,-6],[552,-6],[466,31],[371,-13],[323,-42],[267,-48],[485,-164],[238,-103],[342,-97],[466,-37],[333,12],[333,43],[561,-12],[371,0],[495,-85],[304,-97],[352,-152],[533,-158],[419,-97],[475,-121],[390,-85],[552,-103],[304,85],[476,146],[476,24],[447,-24],[342,-67],[495,6],[114,297],[-152,146],[-162,200],[-143,206],[-152,273],[-266,521],[-38,110],[-200,758],[-76,291],[-76,388],[-48,613],[-38,406],[-76,831],[-19,243],[29,266],[123,370],[162,237],[523,643],[352,364],[742,655],[476,467],[371,485],[57,73],[171,333],[276,722],[437,1013],[96,273],[95,291],[114,230],[342,771],[76,176],[143,388],[124,339],[295,219],[485,66],[485,43],[723,73],[675,30],[238,30],[390,91],[343,140],[371,127],[447,49],[380,-110],[314,-139],[390,-103],[276,-6],[428,60],[419,146],[485,79],[865,133],[486,-60],[209,-134],[276,-170],[456,-121],[305,79],[409,67],[447,127],[342,206],[162,85],[428,182],[618,285],[381,85],[257,12],[447,31],[314,127],[209,85],[380,18],[429,-139],[266,-98],[466,-78],[476,-6],[418,-49],[495,-212],[276,-152],[352,-121],[352,-73],[627,-115],[343,-103],[380,-207],[333,-188],[524,-121],[323,-30],[361,-43],[286,-48],[399,-103],[172,-67],[285,-243],[105,-194],[9,-266],[-76,-189],[-133,-357],[76,-340],[152,-267],[200,-315],[19,-431],[257,-212],[561,91],[257,73],[247,157],[162,128],[124,-249],[104,-237],[105,-309],[47,-352],[48,-242],[105,-212],[95,-279],[85,-255],[153,-455],[161,-510],[19,-54],[200,-752],[295,-861],[9,-49],[600,-1741],[1132,-3821],[637,-2086],[1189,-3894],[362,-1286],[380,-861],[333,-1237],[19,-79],[95,-346],[362,-1231],[38,-133],[485,-1650],[219,-679],[1379,-4197],[133,-346],[542,-1425],[210,-752],[228,-801],[219,-849],[171,-382],[105,-267],[209,-619],[257,-1055],[104,-528],[248,-685],[95,-291],[266,-770],[267,-764],[218,-971],[276,-637],[133,-291],[95,-267],[181,-661],[171,-473],[257,-764],[314,-898],[76,-309],[133,-564],[48,-91],[238,-479],[9,-364],[181,-370],[181,-394],[181,-534],[152,-400],[38,-340],[276,-722],[218,-740],[86,-291],[181,-661],[38,-127],[152,-564],[228,-346],[191,-334],[76,-321],[76,-249],[314,-1170],[314,-934],[199,-601],[96,-248],[285,-831],[67,-164],[599,-1601],[152,-661],[105,-352],[161,-328],[38,-272],[115,-292],[104,-315],[257,-801],[371,-1158],[476,-1492],[9,-24],[295,-922],[114,-328],[362,-903],[237,-625],[96,-188],[161,-243],[229,-697],[47,-158],[248,-758],[0,-176],[351,-813],[467,-1401],[504,-1352],[219,-479],[209,-552],[561,-1741],[-9,-133],[57,-261],[104,-194],[172,-273],[123,-279],[219,-655],[219,-619],[266,-879],[352,-873],[105,-279],[38,-140],[85,-291],[86,-218],[86,-195],[437,-1249],[86,-158],[114,-230],[57,-152],[181,-630],[85,-249],[191,-461],[123,-279],[105,-279],[76,-322],[162,-357],[285,-510],[95,-315],[48,-158],[114,-340],[533,-1473],[76,-261],[200,-309],[142,-370],[124,-401],[95,-297],[67,-358],[266,-721],[38,-98],[238,-794],[66,-158],[96,-224],[342,-813],[38,-188],[143,-352],[142,-206],[134,-430],[171,-492],[494,-1249],[324,-861],[95,-225],[105,-255],[247,-636],[143,-389],[323,-800],[86,-194],[304,-764],[552,-1492],[437,-1213],[67,-219],[76,-218],[219,-582],[19,-43],[295,-837],[428,-964],[181,-534],[142,-461],[533,-1255],[86,-225],[285,-697],[38,-91],[219,-485],[133,-322],[114,-309],[76,-376],[114,-346],[191,-279],[295,-333],[133,-364],[95,-213],[228,-558],[523,-1285],[38,-164],[0,-231],[362,-1055],[789,-1965],[628,-1504],[162,-97],[57,-364],[285,-776],[57,-158],[324,-855],[295,-819],[57,-170],[162,-449],[361,-1049],[304,-752],[143,-358],[276,-455],[124,-212],[161,-346],[210,-527],[123,-322],[67,-206],[143,-461],[456,-1407],[238,-788],[637,-1220],[419,-915],[837,-2232],[352,-1098],[86,-267],[399,-564],[19,-109],[200,-431],[114,-382],[343,-1237],[114,-206],[257,-249],[180,-297],[86,-370],[171,-316],[181,-382],[76,-188],[181,-515],[266,-734],[76,-188],[200,-522],[209,-570],[219,-588],[361,-946],[390,-1056],[267,-709],[47,-109],[172,-467],[104,-285],[1465,-4179],[390,-1013],[48,-279],[152,-552],[162,-212],[494,-164],[191,-231],[313,-1049],[124,-430],[76,-304],[76,-236],[210,-431],[114,-164],[295,-224],[66,-236],[124,-310],[86,-242],[114,-298],[104,-315],[67,-206],[143,-376],[1265,-3633],[542,-1474],[57,-152],[637,-1862],[305,-679],[85,-176],[96,-254],[323,-831],[38,-328],[10,-127],[114,-413],[104,-279],[133,-163],[143,-213],[114,-248],[657,-1784],[142,-564],[67,-236],[38,-249],[143,-218],[104,-328],[143,-273],[19,-230],[124,-328],[114,-212],[66,-364],[105,-176],[38,-273],[38,-194],[124,-279],[171,-248],[133,-334],[19,-218],[48,-182],[104,-243],[124,-376],[267,-764],[142,-358],[38,-303],[57,-243],[124,-139],[238,-467],[228,-607],[86,-242],[47,-237],[38,-315],[76,-182],[115,-279],[133,-261],[171,-279],[48,-176],[114,-248],[85,-279],[172,-480],[237,-691],[76,-315],[96,-128],[85,-309],[48,-188],[123,-425],[200,-327],[105,-261],[85,-182],[38,-224],[115,-298],[133,-291],[142,-364],[172,-588],[104,-346],[143,-315],[124,-224],[-48,-158],[67,-231],[142,-260],[172,-364],[123,-267],[86,-212],[67,-255],[104,-370],[152,-322],[19,-321],[143,-243]],[[286442,750665],[-989,-315],[-13974,-4404],[-13926,-4391],[-15363,-4846],[-8685,-3602],[-3824,-2093],[-21822,692],[-11815,24],[-9,0],[-4490,4712],[-4623,5447],[-12033,14186],[-1171,1122],[-1664,5034],[-86,794],[-1931,16667],[-3520,19160],[-761,4088],[-2520,16430],[-5803,32903]],[[249391,570854],[5669,-3451],[16105,-9813],[419,-267],[190,-691],[38,-594],[-38,-540],[-124,-249],[-209,-236],[-1788,-1456],[-828,-801],[-437,-564],[-314,-630],[-105,-461],[-29,-231],[0,-212],[-66,-279],[0,-370],[114,-267],[190,-243],[324,-327],[1893,-1031],[494,-261],[38,-279],[-152,-388],[-104,-364],[-86,-594],[-29,-104],[-85,-351],[-229,-352],[-313,-315],[-524,-474],[-437,-279],[-228,-84],[-486,-146],[-646,-133],[-476,-79],[-885,-146],[-9,-6],[-1142,-176],[-523,-91],[-124,-30],[-570,-146],[-219,-91],[-276,-218],[-219,-267],[-124,-291],[-123,-467],[-76,-412],[-86,-862],[-105,-448],[-114,-279],[-304,-249],[-105,-218],[191,-686],[171,-600],[-10,-328],[-228,-297],[-219,-194],[-485,-285],[-276,-103],[-257,-91],[-352,-249],[-47,-285],[28,-455],[19,-297],[48,-285],[200,-364],[276,-364],[161,-261],[190,-297],[77,-248],[47,-207],[10,-345],[-162,-479],[-181,-377],[-713,-903],[-714,-746],[-228,-328],[-266,-497],[-10,-473],[447,-2141],[48,-1025],[95,-576],[-48,-1007],[105,-340],[304,-418],[238,-370],[295,-595],[76,-321],[19,-1547],[-38,-509],[-76,-279],[-162,-291],[-180,-261],[-571,-667],[-894,-928],[-856,-825],[-628,-722],[-495,-758],[523,243],[409,170],[362,-6],[466,121],[380,164],[-95,351],[181,292],[219,121],[390,103],[219,-334],[9,-351],[181,-110],[276,-145],[219,-316],[-67,-224],[114,-218],[57,-249],[76,-236],[38,-170],[124,-255],[295,-164],[428,-6],[323,61],[571,91],[656,109],[429,-6],[399,-188],[95,-255],[114,-224],[115,-152],[266,-279],[276,-243],[238,-115],[409,-42],[313,30],[476,115],[266,97],[486,79],[466,-230],[180,-188],[381,-243],[257,-6],[428,194],[219,182],[304,152],[409,-55],[114,-151],[200,-273],[371,-79],[228,-73],[200,-255],[-190,-297],[-286,-273],[-199,-224],[-67,-164],[-285,-243],[-200,-200],[-48,-248],[-266,-140],[-371,-224],[-295,-128],[-323,-315],[-67,-231],[29,-169],[418,-207],[447,79],[191,-279],[-48,-303],[133,-267],[561,49],[390,121],[257,-109],[419,145],[200,176],[466,-139],[199,-122],[419,-6],[533,-12],[447,-66],[-19,-304],[-409,-188],[-200,-157],[694,-255],[543,12],[371,-146],[199,-339],[181,-194],[561,-103],[248,18],[447,-73],[266,-273],[409,-12],[219,212],[295,303],[-209,237],[314,206],[523,0],[218,-42],[352,-85],[276,67],[286,145],[285,231],[333,97],[361,224],[96,-285],[104,-206],[67,-303],[-324,-170],[-47,-255],[238,-218],[114,-152],[162,-237],[114,-297],[-105,-206],[-86,-218],[-85,-237],[390,-139],[380,-116],[-152,-248],[-133,-152],[-381,-236],[-209,-146],[-190,-218],[-304,-170],[-172,-115],[-123,-225],[-29,-236],[-342,-237],[-143,-255],[76,-151],[95,-261],[-152,-146],[-285,-169],[-238,-152],[-200,-267],[-124,-236],[-57,-267],[-523,-128],[-247,-182],[-95,-188],[-314,-182],[-343,-24],[-399,24],[-305,-279],[-266,-90],[-438,-31],[-237,-151],[-295,-273],[-324,85],[-494,24],[-267,-152],[-190,-206],[-209,-164],[-409,-54],[-485,66],[-248,103],[-257,152],[-456,-42],[-219,-128],[-133,-254],[9,-370],[105,-279],[-143,-213],[-846,-200],[-48,-182],[352,-352],[-228,-321],[-57,-212],[-29,-322],[-104,-151],[0,-382],[304,-188],[-257,-267],[-143,-182],[-142,-194],[180,-298],[96,-291],[38,-248],[47,-285],[-228,-298],[-343,-175],[-589,6],[-933,-97],[-256,-182],[-400,-310],[-485,-127],[-485,-85],[-238,-97],[-323,-146],[-134,-327],[324,-231],[-190,-357],[19,-273],[142,-170],[-9,-267],[66,-273],[257,-230],[19,-231],[181,-303],[219,-285],[-210,-206],[-152,-352],[286,-255],[-105,-261],[-19,-188],[-152,-285],[-143,-194],[29,-364],[-229,-224],[86,-267],[266,-61],[295,-170],[171,-327],[105,-334],[-124,-200],[-171,-309],[-181,-182],[-142,-267],[-400,-182],[-361,-194],[-229,-146],[-380,-163],[-276,-85],[-181,-316],[-28,-303],[-38,-145],[-229,-285],[-171,-55]],[[263945,483821],[-390,55],[-371,-73],[-114,-164],[-228,-255],[-504,-212],[-134,-218],[-295,-164],[-66,-212],[-95,-279],[238,-194],[28,-170],[-133,-267],[-362,-279],[-294,-231],[47,-188],[295,-260],[19,-310],[-533,-157],[-304,200],[-409,-31],[-333,-66],[-323,-188],[-276,-55],[-333,85],[-343,625],[-38,6],[-599,-134],[-723,-139],[-495,-67],[-561,-61],[-723,-97],[-533,-78],[-1750,-261],[-105,-219],[77,-218],[19,-194],[9,-279],[76,-861],[10,-97],[38,-479],[-48,-55],[-1427,-109],[-333,-91],[76,-297],[58,-200],[285,-874],[-476,-103],[-209,-297],[-200,-170],[-409,-115],[-123,-152],[-172,-212],[-333,-30],[-513,-67],[95,-364],[133,-218],[171,-237],[86,-206],[76,-188],[-67,-237],[10,-206],[0,-206],[0,-285],[-533,-1504],[-28,-492],[95,-327],[513,-582],[362,-449],[57,-340],[29,-455],[123,-782],[76,-321],[57,-279],[-180,-97],[-1304,-73],[-466,-43],[-608,-6],[-486,6],[-399,-66],[-314,-97],[-561,-61],[-581,-30],[-1236,-67],[-286,-237],[-9,-351],[-295,-140],[-2331,-67],[-285,-133],[-485,-1965],[-228,-182],[-419,103],[-323,42],[-371,-236],[-362,-61],[-162,-188],[-266,-182],[-285,-24],[-324,-18],[-333,-55],[-380,-224],[-162,-182],[-352,-218],[-95,-188],[-276,-176],[-219,-352],[-304,-182],[-304,-328],[-96,-273],[39,-321],[171,-1795],[352,-1565],[104,-831],[57,-540],[-66,-564],[-143,-776]],[[236292,454442],[-295,-546],[-304,-522],[-609,-1225],[-48,-91],[-485,-885],[-447,-776],[-390,-237],[-266,-109],[-400,-115],[-361,-97],[-1398,-152],[-181,-12],[-894,-55],[-210,0],[-418,55],[-305,-31],[-456,-30],[-457,-206],[-447,73],[-143,254],[-133,152],[-552,36],[-390,-109],[-466,-176],[-104,-370],[-181,-188],[-409,-42],[-257,-73],[-238,-261],[-247,-224],[-447,-79],[-390,0],[-209,-279],[-105,-242],[-238,-85],[-304,-110],[-381,-151],[-238,-158],[-275,-309],[85,-188],[86,-206],[28,-201],[-38,-297],[-285,-224],[-285,-140],[-1741,-812],[-647,-194],[-1437,-370],[-323,-97],[-599,-176],[-571,-97],[-542,-49],[-390,0],[-533,97],[-257,43],[-837,145],[-380,43],[-286,6],[-447,-6],[-1018,-298],[-970,-503],[-276,-212],[-285,-243],[19,-291],[-314,-297],[-438,-170],[-352,-158],[-152,-103],[-314,-248],[-152,-195],[-19,-309],[95,-255],[95,-345],[-380,-297],[-371,-152],[-314,79],[-438,85],[-247,145],[-276,49],[-495,-43],[-380,55],[-552,0],[-266,-170],[-238,-291],[-495,-134],[-380,249],[-171,237],[-324,194],[-475,-115],[-381,-73],[-190,-55],[-343,-133],[-247,-97],[-380,-12],[-305,-37],[-352,91],[-456,182],[-400,109],[-257,243],[-57,115],[-181,303],[-152,261],[-152,134],[-342,97],[-429,12],[-466,-170],[-180,-164],[-352,-242],[-562,-122],[-314,73],[-589,0],[-276,-291],[-29,-164],[-123,-261],[95,-321],[-143,-194],[-380,-212],[-343,-49],[-390,-121],[10,-200],[85,-243],[-181,-152],[-409,-218],[-589,-6],[-267,-170],[-161,-158],[-343,-103],[-399,-24],[-276,24],[-409,19],[-305,-43],[-276,-267],[-228,-170],[-418,-78],[-105,297],[181,200],[180,158],[29,273],[-381,175],[-589,25],[-333,285],[257,163],[218,140],[-57,261],[-276,79],[-352,-6],[-447,-146],[162,-194],[-447,-231],[-466,25],[-333,12],[-419,-164],[-47,-188],[-171,-236],[-134,-358],[-237,-207],[-390,-109],[-390,-6],[-286,-18],[-390,-85],[-152,-242],[133,-158],[76,-291],[-399,-188],[-419,121],[-513,170],[-457,-164],[-276,-182],[-314,-42],[-295,-6],[-295,-231],[-456,-194],[-457,-24],[-523,-176],[-304,-158],[-210,-194],[-76,-188],[-76,-218],[-162,-297],[-152,-182],[-200,-255],[-199,-103],[-286,-140],[-333,-188],[-266,-163],[-228,-79],[-409,224],[-581,-18],[-133,-206],[-380,-55],[-286,-121],[200,-261],[19,-243],[-418,-85],[-324,43],[-399,-73],[-352,-85],[-447,61],[-419,-67],[-209,128],[-191,175],[-190,146],[-494,24],[38,-139],[57,-279],[190,-176],[228,-279],[105,-158],[114,-206],[162,-291],[-276,-182],[-352,-231],[19,-182],[57,-339],[-133,-364],[-409,-164],[-409,55],[-229,-158],[-342,-103],[-257,18],[-399,12],[-134,-267],[-209,-84],[-209,-255],[-428,-206],[-305,-243],[-304,-109],[-371,-176],[-314,-297],[-200,-170],[-361,-170],[-637,-600],[-438,-134],[-228,-73],[-466,-24],[-543,-151],[-352,-116],[-276,-133],[-342,121],[-323,103],[-343,-36],[-504,-49],[-314,0],[-409,25],[-495,12],[-1797,-394],[-1551,-443],[-2083,-358],[-1817,-291],[-1655,-358],[-1836,-437],[-3701,-1340],[-1978,-904],[-952,-400],[-561,-479],[-1027,-825],[-447,-212],[-780,-140],[-1066,-12],[-1151,30],[-609,-78],[-580,-213],[-1103,-588],[-295,-237],[0,-370],[0,-1006],[-105,-267],[-266,-79],[-485,18],[-581,0],[-618,-30],[-409,-182],[-171,-188],[-105,-576],[-266,-279],[-875,-340],[-229,-139],[-237,-152],[-390,-419],[-181,-182],[-95,-260],[-67,-364],[19,-589],[-152,-685],[48,-255],[0,-491],[-124,-261],[-419,-358],[-114,-309],[-28,-279],[-248,-279],[-513,-358],[-219,-200],[0,-248],[47,-189],[238,-230],[666,-273],[285,-121],[562,-291],[390,-358],[66,-267],[-66,-431],[-124,-673],[-9,-30],[-286,-461],[-276,-406],[-314,-510],[-104,-479],[0,-625],[0,-170],[47,-467],[-104,-182],[-286,-218],[-152,-376],[-28,-697],[-343,-740],[-342,-934],[-438,-1013],[-152,-352],[-266,-582],[-143,-267],[-38,-152],[-10,-643],[238,-254],[704,-480],[885,-588],[133,-255],[0,-436],[-171,-558],[66,-285],[305,-304],[675,-691],[847,-1080],[1046,-715],[438,-285],[371,-692],[342,-952],[599,-800],[818,-692],[543,-697],[903,-1662],[780,-783],[543,-564],[304,-582],[200,-540],[133,-218],[371,-237],[1218,-739],[342,-152],[675,-43],[514,-133],[2502,-1171],[1056,-412],[1864,-303],[2645,-140],[371,-109],[104,-170],[-247,-1383],[-238,-327],[-1284,-340],[-1094,-218],[-675,-346],[-942,-879],[-552,-679],[-599,-801],[-571,-843],[-143,-449],[-38,-928],[-95,-485],[48,-534],[276,-467],[104,-297],[38,-594],[-95,-346],[-238,-303],[-95,-176],[-95,-352],[-28,-230],[-10,-316],[0,-285],[29,-333],[28,-219],[95,-273],[76,-261],[-47,-339],[-209,-243],[-276,-255]],[[145162,367317],[-466,201],[-362,182],[-200,133],[-228,158],[-333,218],[-257,133],[-247,134],[-352,121],[-495,109],[-694,134],[-495,79],[-647,79],[-504,84],[-276,91],[-342,219],[-162,242],[-76,376],[29,249],[-57,346],[-181,358],[-228,285],[-238,266],[-152,334],[-124,437],[-10,36],[-380,1195],[-114,376],[-95,200],[-305,273],[-380,140],[-390,72],[-466,0],[-257,-24],[-457,-67],[-485,-12],[-495,158],[-647,400],[-513,322],[-409,230],[-447,164],[-371,158],[-390,115],[-619,133],[-352,79],[-266,43],[-466,6],[-495,-73],[-323,-73],[-457,-48],[-238,12],[-418,109],[-266,91],[-352,182],[-514,309],[-476,249],[-371,151],[-494,140],[-476,103],[-561,91],[-999,158],[-856,115],[-561,73],[-514,54],[-571,49],[-447,30],[-523,6],[-618,-30],[-267,-24],[-447,-122],[-257,-127],[-295,-188],[-447,-322],[-475,-175],[-438,6],[-523,109],[-495,170],[-580,230],[-209,67],[-1237,370],[-571,-12],[-276,-158],[-589,-328],[-466,-42],[-219,103],[-248,188],[-314,43],[-437,-104],[-343,-121],[-960,-315],[-590,-170],[-238,-49],[-399,-12],[-333,79],[-267,194],[-180,170],[-533,540],[-495,540],[-285,127],[-305,-6],[-361,-109],[-276,-109],[-552,-194],[-399,-43],[-457,158],[-295,261],[-875,739],[-200,146],[-447,140],[-390,97],[-380,127],[-276,133],[-285,182],[-343,231],[-542,400],[-447,285],[-761,376],[-466,206],[-562,188],[-665,188],[-619,134],[-808,164],[-704,109],[-333,54],[-523,152],[-467,176],[-532,218],[-695,322],[-979,473],[-305,139],[-295,97],[-304,103],[-733,225],[-314,97],[-294,115],[-761,303],[-134,61],[-447,146],[-409,54],[-314,-36],[-589,-73],[-381,-24],[-342,6],[-267,60],[-475,164],[-352,-24],[-257,-49],[-590,-66],[-504,-55],[-295,-139],[-428,-116],[-247,-224],[-105,-109],[-266,-219],[-191,-115],[-428,-158],[-447,-72],[-399,-103],[-428,-213],[-153,-254],[-399,-73],[-723,91],[-447,60],[-371,25],[-618,6],[-514,0],[-238,12],[-428,48],[-447,85],[-609,91],[-457,73],[-808,109],[-362,-42],[-266,-128],[-447,-60],[-961,18],[-1607,61],[-590,36],[-932,55],[-780,54],[-733,85],[-942,109],[-922,116],[-562,90],[-218,43],[-352,206],[-38,218],[-10,425],[10,364],[-10,176],[-47,346],[-181,363],[-333,389],[-162,230],[-114,200],[-162,364],[152,249],[286,97],[209,212],[-66,255],[-96,164],[-142,230],[-191,303],[-142,279],[-29,158],[38,340],[171,242],[39,170],[-67,224],[-143,340],[-142,334],[-124,273],[-200,266],[-352,249],[-228,134],[-266,121],[-248,109],[-352,206],[-247,194],[-209,188],[-352,334],[-381,334],[-456,339],[-333,188],[-390,188],[-723,346],[-581,261],[-570,279],[-571,303],[-67,36],[-475,255],[-447,243],[-514,224],[-390,164],[-362,127],[-399,103],[-628,146],[-656,139],[-714,164],[-266,67],[-324,121],[-323,255],[-171,182],[-219,267],[-209,273],[-267,321],[-123,164],[-248,206],[-247,340],[-447,176],[-590,-37],[-1141,-85],[-828,-60],[-333,-13],[-523,73],[-295,219],[-152,224],[-86,182],[-85,230],[-181,510],[-238,697],[-105,346],[-799,2099],[-304,594],[-209,297],[-219,249],[-257,273],[-276,279],[-304,254],[-352,322],[-438,364],[-380,279],[-571,388],[-380,273],[-200,158],[-295,303],[-114,224],[-248,904],[-152,243],[-209,151],[-599,55],[-352,-31],[-723,-84],[-733,-104],[-1141,-139],[-1132,-121],[-1066,-103],[-504,-31],[-542,-30],[-552,-30],[-571,-13],[-561,-6],[-371,0],[-428,-18],[-209,-36],[-381,-91],[-561,-85],[-285,18],[-409,-42],[-267,-61],[-371,-97],[-333,-61],[-380,-54],[-342,-43],[-410,-24],[-418,-12],[-466,-6],[-276,6],[-514,60],[-190,207],[-200,273],[-19,339],[114,419],[115,449],[66,321],[105,867],[9,407],[10,273],[76,242],[200,449],[190,522],[162,582],[114,370],[57,206],[181,552],[199,509],[219,552],[124,419],[104,449],[86,461],[124,782],[47,558],[-19,261],[-19,248],[-66,292],[-96,272],[-104,243],[-181,346],[-485,788],[-247,461],[-105,225],[-48,200],[-28,236],[28,401],[67,454],[57,364],[38,207],[29,175],[66,207],[95,176],[210,285],[247,297],[323,291],[257,382],[257,352],[228,339],[210,213],[304,267],[343,303],[342,248],[257,195],[247,315],[95,340],[19,188],[-47,260],[-76,279],[-143,376],[-162,401],[-171,358],[-200,291],[-171,248],[-247,243],[-248,188],[-380,261],[-447,315],[-295,194],[-381,267],[-190,170],[-219,236],[-542,516],[-428,412],[-323,243],[-286,230],[-390,261],[-675,267],[-676,231],[-1103,400],[-276,97],[-970,400],[-1094,467],[-1189,528],[-523,297],[-600,315],[-304,134],[-323,109],[-467,140],[-551,188],[-438,151],[-342,134],[-476,151],[-380,140],[-324,176],[-314,188],[-209,206],[-124,224],[-85,213],[-115,206],[-209,255],[-304,266],[-400,267],[-371,237],[-209,194],[-276,218],[-190,182],[-143,158],[-152,224],[-86,267],[-19,297],[19,164],[143,279],[67,140],[9,382],[-19,254],[267,194],[418,79],[371,91],[371,122],[276,291],[0,248],[-76,279],[-105,322],[-28,297],[114,200],[418,182],[780,364],[248,158],[161,254],[-28,231],[-76,176],[-76,291],[114,176],[209,261],[10,242],[-181,328],[-276,309],[-162,279],[-66,376],[-152,273],[-200,158],[-181,145],[-76,237],[200,206],[247,146],[276,157],[257,170],[285,200],[362,267],[361,73],[457,-61],[314,-109],[542,-261],[542,-230],[390,-146],[447,-79],[476,55],[276,97],[428,206],[428,255],[399,127],[238,37],[362,18],[532,6],[324,6],[314,6],[380,30],[285,225],[134,370],[123,218],[371,267],[257,152],[428,218],[590,321],[295,158],[247,164],[219,182],[152,182],[200,358],[57,285],[-57,224],[-48,218],[29,291],[266,267],[219,140],[200,236],[66,201],[-9,291],[-95,382],[-114,254],[-210,273],[-580,528],[-276,176],[-513,133],[-390,6],[-410,-42],[-466,-73],[-761,-115],[-1940,-255],[-561,-54],[-438,36],[-428,103],[-324,146],[-266,206],[-171,212],[-105,188],[-47,200],[57,213],[304,303],[419,164],[837,230],[628,170],[371,133],[228,140],[209,206],[124,218],[76,292],[57,285],[-57,266],[-171,261],[-248,249],[-342,224],[-476,291],[-732,370],[-733,352],[-618,340],[-713,376],[-371,164],[-428,163],[-514,201],[-761,248],[-656,200],[-467,134],[-428,103],[-399,109],[-324,85],[-304,109],[-476,164],[-266,127],[-285,170],[-143,194],[-86,225],[10,285],[114,182],[304,224],[153,176],[28,194],[-171,273],[-143,170],[133,339],[77,285],[-134,249],[-114,212],[29,334],[28,170],[48,327],[57,401],[19,327],[-10,346],[-38,382],[-66,521],[-114,546],[-86,273],[-67,170],[-228,267],[-228,127],[-676,297],[-380,170],[-447,249],[-343,237],[-304,224],[-276,243],[-152,224],[9,273],[77,170],[161,309],[152,327],[86,201],[67,291],[66,291],[57,412],[95,243],[543,91],[304,-43],[419,-6],[371,285],[-48,273],[-323,431],[-162,237],[-247,369],[-324,546],[-333,540],[-47,73],[-200,291],[-181,309],[29,219],[104,339],[38,158],[-47,273],[-114,170],[-390,376],[-571,594],[-419,425],[-209,358],[105,303],[142,242],[153,267],[104,213],[76,291],[76,327],[19,164],[-85,230],[-286,176],[-247,55],[-485,73],[-723,109],[-276,67],[-361,145],[-210,158],[-313,291],[-286,400],[-200,237],[-142,254],[-48,298],[-162,309],[-161,127],[-609,364],[-314,182],[-181,103],[-171,267],[228,182],[248,140],[76,351],[-38,243],[171,188],[209,146],[228,291],[-76,200],[-275,327],[-115,261],[248,334],[228,188],[219,182],[76,333],[66,219],[181,163],[257,146],[266,170],[172,285],[47,285],[76,230],[181,267],[29,352],[-77,224],[-123,382],[-86,322],[-57,261],[19,382],[76,224],[76,194],[447,243],[448,249],[494,315],[1874,546],[970,236],[742,49],[2474,-24],[1132,139],[770,225],[495,309],[152,346],[-48,1940],[153,1777],[-95,552],[-248,188],[-1303,376],[-247,146],[-419,461],[-47,315],[-295,285],[-619,188],[-1208,279],[-1798,577],[-361,266],[-38,207],[66,473],[-256,285],[-286,170],[-200,127],[39,243],[199,127],[343,230],[333,273],[237,340],[29,200],[228,273],[105,243],[76,321],[209,212],[343,243],[200,170],[152,267],[-143,206],[-285,224],[-114,255],[-257,206],[9,225],[362,206],[428,309],[257,140],[256,115],[238,279],[38,236],[-38,188],[-323,261],[-267,73],[-304,158],[-171,145],[-86,249],[181,182],[466,139],[514,122],[466,133],[437,85],[685,121],[210,31],[627,48],[210,12],[466,12],[342,0],[343,-30],[447,-24],[276,54],[352,188],[494,486],[105,169],[171,249],[238,285],[257,146],[418,170],[200,109],[295,170],[247,121],[352,176],[229,170],[295,242],[485,261],[161,97],[428,152],[257,157],[267,297],[323,461],[124,267],[133,364],[181,231],[304,230],[352,85],[390,-139],[333,-225],[533,134],[380,24],[580,-103],[276,-116],[371,-78],[476,30],[352,0],[514,-55],[304,6],[428,91],[571,61],[361,-103],[514,-85],[495,6],[361,-18],[476,-43],[333,19],[342,72],[381,122],[285,176],[333,121],[352,55],[342,42],[695,188],[323,42],[561,37],[771,97],[666,103],[323,55],[257,66],[428,85],[324,6],[314,103],[180,267],[324,249],[304,170],[238,85],[609,151],[314,79],[580,127],[190,37],[457,97],[380,109],[447,164],[400,133],[409,115],[295,79],[238,110],[114,248],[-76,237],[-48,182],[38,267],[238,254],[352,297],[552,334],[342,212],[200,346],[181,146],[437,42],[257,-200],[361,-152],[419,85],[362,200],[285,310],[76,200],[247,267],[409,266],[409,152],[486,176],[180,140],[305,327],[142,109],[333,152],[352,236],[267,255],[352,237],[294,230],[362,273],[-57,212],[-114,279],[238,297],[294,292],[400,54],[304,-30],[343,127],[162,152],[428,85],[304,-194],[523,-61],[276,85],[266,206],[257,73],[314,127],[352,25],[324,145],[256,346],[419,248],[485,231],[362,-164],[466,-182],[314,249],[390,-12],[580,0],[190,157],[286,146],[304,224],[238,116],[418,6],[352,73],[305,-98],[247,-133],[466,-152],[276,-103],[371,-54],[333,-109],[304,-73],[343,-18],[475,-19],[248,-163],[238,-207],[342,-200],[314,-42],[399,194],[162,176],[48,291],[47,182],[67,261],[447,18],[342,-243],[172,-297],[114,-206],[276,-267],[523,55],[152,242],[428,243],[428,-18],[533,-182],[181,-231],[418,-85],[247,-109],[-418,-273],[-371,-103],[-114,-224],[171,-273],[323,-31],[352,13],[390,-7],[295,-200],[-133,-309],[-105,-115],[134,-310],[295,-66],[513,97],[352,0],[295,-164],[352,-285],[266,-36],[295,-279],[362,-110],[171,-139],[133,-261],[371,-230],[381,6],[466,-73],[380,-140],[343,134],[171,188],[495,-109],[333,-219],[494,-78],[295,54],[352,-6],[476,55],[314,-255],[0,-267],[218,-91],[-95,-303],[-238,-206],[-38,-176],[305,-225],[190,-242],[38,-182],[-152,-206],[28,-201],[457,-151],[485,-85],[38,-164],[257,-200],[190,-176],[200,-255],[-9,-236],[228,-310],[371,-78],[276,-6],[390,103],[390,133],[285,36],[333,-42],[542,-61],[362,13],[542,12],[143,-188],[352,-207],[247,-109],[447,-54],[228,182],[552,-146],[285,-182],[486,-18],[190,-212],[352,-61],[171,-267],[-190,-236],[285,-194],[219,-128],[342,-36],[286,42],[257,194],[180,170],[343,109],[314,-48],[257,-176],[304,-291],[590,-43],[323,-103],[286,-85],[542,-54],[238,212],[190,321],[76,201],[200,200],[323,182],[219,91],[314,145],[209,109],[476,91],[342,225],[428,79],[200,157],[57,200],[285,140],[286,24],[409,-24],[304,-152],[38,-182],[29,-357],[28,-237],[143,-279],[447,-140],[305,-72],[428,-85],[218,109],[371,36],[333,-212],[86,-139],[76,-310],[48,-242],[180,-176],[476,-103],[390,145],[266,176],[248,134],[361,212],[295,321],[504,194],[171,194],[-47,237],[-48,291],[172,97],[475,-24],[428,-188],[219,-115],[457,103],[95,127],[114,237],[-152,236],[-400,285],[209,152],[695,424],[162,140],[218,255],[505,139],[180,182],[495,121],[428,-12],[409,43],[276,91],[323,157],[295,182],[428,-182],[381,-6],[428,0],[9,328],[-209,218],[-219,316],[-180,266],[-67,249],[-57,267],[209,243],[542,78],[400,13],[409,24],[342,85],[657,212],[447,158],[-228,357],[-476,176],[-304,67],[-295,18],[-57,304],[199,151],[-114,231],[-314,279],[114,291],[495,115],[295,152],[352,-188],[171,-116],[466,116],[-171,357],[-209,364],[342,103],[409,243],[333,-152],[248,-12],[884,-42],[86,352],[85,297],[210,103],[494,218],[76,109],[219,601],[67,297],[-19,449],[0,358],[104,224],[105,188],[162,291],[66,146],[77,236],[275,273],[134,231],[-48,188],[285,279],[219,97],[333,194],[247,133],[457,49],[152,-176],[438,61],[104,230],[286,237],[-48,273],[-304,272],[361,249],[514,85],[428,30],[447,-248],[162,-285],[533,-79],[580,0],[247,230],[48,206],[180,231],[276,170],[238,73],[495,54],[399,127],[543,43],[551,12],[390,-115],[343,-30],[361,78],[419,201],[304,157],[324,-121],[104,-309],[352,-140],[381,97],[199,158],[77,315],[38,237],[76,176],[219,212],[266,48],[380,25],[447,-146],[191,-164],[342,-176],[447,-188],[533,49],[152,194],[67,164],[276,273],[295,218],[580,425],[257,176],[218,145],[219,152],[267,194],[428,248],[466,97],[799,19],[466,-6],[476,145],[437,225],[352,230],[200,164],[428,188],[466,103],[304,97],[362,-200],[-76,-285],[209,-212],[419,-110],[237,-79],[448,-157],[418,-43],[276,37],[476,115],[352,103],[399,103],[523,97],[-238,303],[-313,134],[38,218],[314,164],[237,103],[485,85],[305,79],[390,182],[276,145],[200,201],[599,-55],[76,-206],[200,-194],[371,-73],[456,36],[476,91],[456,73],[314,61],[457,-6],[361,-85],[467,-43],[399,61],[400,67],[399,103],[362,157],[342,128],[-247,327],[-381,116],[114,321],[200,85],[362,151],[76,182],[428,231],[333,55],[552,48],[285,-109],[342,-73],[257,61],[362,60],[475,-139],[48,-134],[28,-321],[533,-164],[371,134],[381,24],[551,67],[286,236],[371,194],[237,134],[314,103],[581,188],[342,303],[-238,206],[48,170],[409,85],[133,321],[228,340],[524,85],[371,97],[418,133],[409,31],[485,-55],[638,158],[295,67],[637,121],[428,85],[352,67],[209,139],[-57,267],[86,279],[447,127],[323,-54],[495,79],[276,127],[352,230],[276,207],[371,-13],[380,273],[523,91],[114,-321],[457,-188],[428,-121],[381,169],[513,37],[152,-164],[267,-146],[466,85],[428,-42],[257,85],[285,97],[457,36],[447,158],[333,97],[285,67],[428,133],[438,30],[666,7],[285,24],[409,60],[257,67],[504,0],[362,-109],[456,-188],[485,-91],[305,-91],[390,-127],[304,-176],[219,-219],[114,-188],[476,-30],[85,176],[191,237],[494,18],[495,-31],[361,67],[505,127],[437,19],[419,-152],[409,-133],[437,-13],[248,-78],[532,-6],[381,36],[390,121],[219,128],[380,182],[219,48],[504,85],[799,121],[314,122],[209,151],[229,213],[257,224],[247,188],[456,212],[352,109],[67,273],[200,188],[66,255],[267,322],[276,181],[380,164],[228,122],[172,291],[504,133],[352,97],[447,127],[219,49],[428,73],[380,-55],[209,-139],[571,-85],[419,36],[504,-30],[295,36],[1008,-48],[314,-6],[276,-170],[333,-273],[371,-170],[342,-176],[438,-248],[295,-207],[399,-18],[276,43],[561,24],[438,-6],[200,145],[323,219],[428,121],[390,158],[172,200],[76,218],[409,200],[333,103],[380,116],[133,169],[-38,231],[162,358],[333,285],[523,30],[381,-79],[342,61],[466,-18],[286,188],[428,261],[475,188],[305,315],[504,49],[257,127],[428,91],[228,-6],[618,48],[400,103],[257,207],[361,36],[409,-42],[276,48],[400,97],[323,182],[-76,364],[209,285],[295,121],[266,146],[-161,267],[161,194],[438,151],[380,279],[10,231],[200,164],[361,194],[229,48],[352,61],[570,-133],[-57,-316],[552,-6],[342,61],[324,79],[323,115],[447,200],[524,133],[304,170],[485,43],[200,333],[295,182],[342,-170],[542,122],[409,30],[276,-121],[343,121],[342,273],[390,109],[286,79],[237,243],[505,0],[570,48],[419,85],[342,73],[409,-128],[400,-66],[219,-110],[95,-248],[314,-43],[570,-48],[343,54],[504,146],[428,79],[523,103],[381,97],[295,42],[628,25],[551,0],[276,-18],[599,-79],[533,-61],[580,-18],[600,6],[361,115],[438,152],[390,-12],[590,-19],[475,31],[219,-122],[466,-133],[590,61],[409,-49],[285,-85],[409,-97],[324,-188],[314,-91],[418,-12],[542,18],[381,-54],[438,-200],[323,-91],[361,-61],[343,-30],[323,-37],[143,-279],[571,91],[380,-85],[114,-224],[676,36],[856,6],[1037,-18],[694,6],[381,31],[352,218],[361,54],[400,195],[238,242],[-58,231],[200,315],[514,188],[228,267],[124,255],[143,370],[152,272],[266,322],[257,182],[247,309],[248,249],[399,236],[95,334],[-19,261],[162,236],[342,170],[371,273],[124,164],[361,291],[200,200],[238,206],[133,273],[67,285],[190,122],[362,194],[275,151],[-19,358],[-133,267],[-190,200],[-67,370],[229,73],[238,236],[133,261],[209,237],[466,224],[209,188],[-47,243],[-86,321],[447,109],[371,304],[352,176],[343,206],[-181,267],[-523,103],[-19,327],[199,134],[124,224],[286,85],[133,273],[-57,206],[114,297],[352,-30],[551,158],[257,188],[238,212],[447,249],[181,260]],[[376403,330812],[618,97],[1731,285],[695,67],[409,-6],[361,6],[581,-37],[428,-30],[390,-121],[228,-109],[247,-170],[305,-115],[333,-25],[313,18],[381,-66],[152,-213],[238,-212],[314,-60],[409,97],[361,0],[390,-255],[115,-152],[209,-321],[266,-182],[162,-176],[438,-261],[390,-236],[332,-79],[238,-310],[-218,-242],[-10,-182],[333,-170],[86,-273],[-267,-158],[19,-303],[-333,-188],[-342,-133],[-476,-140],[-304,18],[-295,-78],[-428,-207],[-333,-279],[-162,-206],[-28,-194],[180,-279],[191,-170],[256,-321],[257,-158],[333,-73],[191,-157],[38,-304],[418,-133],[286,61],[380,30],[257,-85],[95,-249],[447,-200],[323,-242],[533,-170],[0,-237],[-47,-321],[523,-55],[380,-236],[-85,-243],[409,-85],[380,-18],[276,36],[438,-48],[466,-146],[409,-163],[-143,-182],[-447,0],[-200,-140],[-228,-255],[-228,-351],[238,-134],[409,-194],[190,-139],[38,-255],[0,-340],[114,-358],[266,-236],[476,-67],[219,194],[380,164],[381,-127],[114,-346],[361,-67],[400,-48],[399,-285],[39,-261],[-267,-170],[171,-297],[419,-79],[266,-85],[133,-243],[191,-103],[190,-206],[238,-297],[171,-109],[342,-316],[-28,-370],[523,-133],[-124,1892],[10616,-218],[48,-43],[-124,-1431],[447,-48],[933,24],[818,73],[1474,303],[419,79],[428,36],[466,-48],[590,-79],[913,-85],[951,-91],[799,-49],[438,-24],[799,-24],[399,164],[876,145],[1151,91],[951,43],[10207,-164],[1436,-55],[1674,-54],[2027,-73],[1664,-43],[2198,-36],[637,-48],[1598,-116],[809,-60],[628,-97],[513,-140],[904,-358],[19,-12],[4300,-1546],[2188,-759],[1750,-406],[2074,-382],[1236,-121],[1570,-370],[732,-304],[600,-406],[1160,-1067],[1788,-1644],[1532,-1225],[904,-491],[399,-164],[409,-55],[428,-12],[476,-24],[523,-49],[371,-157],[409,-79],[476,85],[123,182],[324,145],[247,-12],[409,12],[219,285],[133,170],[295,212],[324,170],[428,134],[390,30],[123,321],[400,140],[352,12],[409,-85],[533,-151],[447,-79],[447,-25],[589,-6],[410,-85],[228,-145],[171,-182],[266,-224],[295,-73],[2226,157],[352,-54],[657,-322],[485,-236],[1522,-928],[979,-734],[923,-716],[828,-497],[428,-237],[238,-133],[1341,-558],[770,-297],[1009,-249],[1360,-151],[2388,-176],[2074,-122],[1560,-60],[1512,30],[1313,79],[1950,170],[723,42],[1265,-133]],[[526749,110317],[-390,-18],[-248,-12],[-618,-152],[-552,-109],[-409,-18],[-504,54],[-428,55],[-399,-103],[-172,-346],[134,-370],[-314,-370],[-238,-352],[-438,-321],[-418,-103],[-514,-36],[-124,151],[-180,279],[-419,316],[-162,509],[-237,164],[-961,770],[-799,764],[-752,958],[-570,170],[-1056,182],[-467,322],[-599,685],[-542,164],[-1712,285],[-1037,279],[-780,0],[-571,36],[-361,213],[-362,151],[-637,91],[-476,-91],[-475,-230],[-638,-116],[-856,-91],[-1237,-272],[-561,-13],[-742,255],[-1056,303],[-580,213],[-799,351],[-1427,243],[-1465,412],[-1217,419],[-790,176],[-637,36],[-685,188],[-314,279],[-362,128],[-485,-43],[-590,12],[-561,279],[-599,849],[-504,419],[-343,255],[-238,509],[-285,340],[-713,370],[-999,224],[-638,352],[-827,764],[-514,224],[-856,225],[-866,952],[-1027,1486],[-190,140],[-124,254],[-637,346],[-714,127],[-608,-36],[-562,-152],[-437,-303],[-95,-230],[-191,-401],[-152,-236],[-485,-91],[-694,-219],[-466,-188],[-390,-163],[-467,-6],[-466,24],[-504,-49],[-856,-127],[-1046,-273],[-1389,-297],[-295,-225],[-57,-321],[-238,-467],[-409,-249],[-790,-503],[-551,-358],[-143,-267],[0,-321],[95,-461],[-314,-309],[-504,-249],[-361,-285],[-448,-249],[-494,-61],[-343,116],[-799,406],[-428,382],[-761,516],[-494,546],[-923,642],[-837,668],[-552,539],[-476,219],[-285,0],[-342,-103],[-143,-243],[-295,-261],[-371,-309],[-571,-540],[-409,-218],[-333,-6],[-409,24],[-523,30],[-257,-97],[-190,-206],[-247,-255],[-409,-260],[-514,-98],[-352,31],[-400,121],[-390,206],[-399,237],[-371,218],[-276,109],[-314,85],[-67,261],[-399,237],[-514,-55],[-361,121],[-409,194],[-352,13],[-362,-91],[-380,-164],[-352,-121],[-504,-110],[-533,-60],[-257,-146],[-285,-103],[-457,67],[-219,54],[-475,12],[-504,-54],[-438,-115],[-266,-67],[-638,-364],[-447,-127],[-333,157],[-323,170],[-228,346],[-429,255],[-570,606],[-381,212],[-276,-42],[-428,-170],[-342,-164],[-238,-66],[-390,-140],[-295,-236],[-295,-49],[-485,55],[-380,36],[-229,-42],[-314,-164],[-466,139],[-342,243],[-400,273],[-456,230],[-362,200],[-190,140],[-323,431],[0,12],[-590,546],[-143,297],[-219,109],[-485,146],[-399,-116],[-286,-73],[-532,31],[-314,-24],[-409,-79],[-248,-55],[-390,-103],[-399,237],[-95,169],[-181,225],[-95,285],[-172,309],[-561,61],[-561,127],[-247,376],[-314,249],[-143,340],[0,357],[152,243],[-190,230],[-143,237],[86,285],[-190,291],[-172,97],[-361,273],[-428,237],[-247,72],[-343,-133],[-390,-285],[-228,-170],[-371,-206],[-390,-115],[-780,-116],[-523,170],[-295,128],[-362,-13],[-504,-97],[-295,128],[-247,145],[-514,116],[-361,6],[-419,242],[-190,213],[-133,236],[-200,194],[-171,146],[-133,230],[57,225],[-67,321],[-57,176],[9,309],[-47,352],[-114,400],[-210,340],[-332,837],[-362,146],[-285,-128],[-219,-145],[-219,-134],[-276,-103],[-352,-55],[-238,-145],[-475,-127],[-400,121],[-304,164],[-371,212],[-466,267],[-286,224],[-209,212],[-200,128],[-437,236],[-314,237],[-314,309],[-200,285],[-28,261],[-124,279],[-162,237],[-199,357],[-162,170],[-57,249],[57,249],[-10,218],[-142,291],[104,200],[67,322],[-29,327],[-123,582],[104,261],[-19,225],[171,351],[305,61],[514,121],[371,122],[475,139],[514,200],[380,91],[48,249],[28,170],[96,643],[47,351],[86,194],[85,273],[-95,231],[-314,224],[-485,85],[-352,194],[-123,134],[-314,254],[-191,116],[-247,224],[-533,-42],[-323,97],[-266,54],[-419,91],[-447,128],[-466,194],[-276,54],[-428,85],[-257,170],[-105,206],[-428,103],[-437,-127],[-171,-127],[-286,-364],[-57,-298],[-304,-303],[-504,-170],[-429,-291],[-856,-182],[-542,79],[-580,73],[-419,91],[-456,12],[-495,-91],[-504,127],[-495,188],[-181,267],[-285,128],[-409,85],[-361,-67],[-238,-164],[-533,-346],[-352,-66],[-342,30],[-543,146],[-361,151],[-390,122],[-809,60],[-770,140],[-343,-176],[-266,-24],[-609,-49],[-238,-182],[-789,0],[-447,-291],[-1018,-61],[-447,-297],[-124,-91],[-361,-528],[-105,-206],[-228,-121],[-371,-67],[-485,-6],[-343,-30],[-352,60],[-542,116],[-209,-12],[-552,60],[-314,73],[-238,85],[-352,224],[-323,85],[-76,285],[85,346],[257,315],[-9,304],[-162,206],[-162,315],[-133,134],[-371,103],[-533,-18],[-409,-31],[-228,0],[-466,12],[-571,37],[-314,48],[-380,140],[-495,67],[-380,-73],[-476,-43],[-342,237],[-105,279],[-181,248],[-66,255],[-200,212],[-257,310],[-190,230],[-276,334],[-48,236],[-199,285],[-143,201],[-38,182],[-86,200],[-114,254],[-143,194],[-475,110],[-419,-19],[-533,110],[-285,60],[-399,-145],[-733,242],[-371,0],[-285,-218],[-67,-224],[-143,-364],[-133,-352],[-161,-194],[-314,-297],[-714,-43],[-447,-60],[-285,-219],[114,-212],[219,-358],[-86,-91],[-285,-261],[-581,-48],[-285,-18],[-333,-43],[-361,43],[-647,-13],[-400,-163],[-523,-182],[-380,12],[-476,0],[-247,139],[-552,97],[-305,-72],[-428,-249],[-114,-6],[-475,121],[-371,6],[-257,-109],[-495,-30],[-494,73],[-267,151],[-219,358],[-304,194],[-514,-85],[-523,-6],[-323,109],[-524,-176],[-47,-236],[-352,-297],[-333,-49],[-514,-6],[-437,103],[-276,206],[-190,188],[-543,67],[-294,-6],[-410,-218],[-199,-237],[-248,-248],[-256,-140],[-476,-243],[-314,-260],[-419,-97],[-256,-170],[-581,-67],[-456,-30],[-248,-25],[-361,-72],[-266,-91],[-333,-219],[-352,-297],[-400,-79],[-399,6],[-352,-60],[-343,-225],[-552,-109],[-342,6],[-352,61],[-276,85],[-304,206],[-95,346],[-590,-6],[-419,-200],[-447,-110],[-456,-85],[-409,-97],[-305,-200],[-76,-164],[-124,-291],[-304,-467],[-314,-230],[-399,-158],[-390,-48],[-486,-12],[-380,-225],[-10,-509],[-703,-401],[-581,-175],[-295,-255],[-542,-12],[-437,182],[-419,-85],[-514,109],[-314,54],[-428,-36],[-399,79],[-476,30],[-76,303],[-219,152],[-475,103],[-390,-91],[-295,-85],[-390,0],[-305,103],[-304,237],[-95,194],[-76,261],[-314,303],[-276,200],[-371,219],[-19,175],[38,249],[143,309],[28,334],[-295,182],[-475,73],[-562,60],[-380,-18],[-533,-91],[-513,-133],[-333,-140],[-447,-54],[-333,-18],[-352,-104],[-419,-42],[-285,103],[-409,273],[-143,152],[9,357],[-104,243],[-305,206],[-237,103],[-457,219],[-476,309],[-171,127],[-219,207],[-104,182],[-105,363],[-9,207],[28,327],[-399,352],[-476,24],[-561,24],[-571,273],[-219,61],[-447,115],[-533,-12],[-513,-115],[-295,18],[-533,67],[-552,267],[-114,206],[-333,218],[-228,158],[-67,218],[-190,231],[-219,255],[115,303],[190,176],[599,503],[295,243],[67,91],[-333,291],[-38,376],[-86,97],[-247,321],[-419,97],[-323,-72],[-295,-207],[-371,-242],[-875,-297],[-581,-61],[-152,-24],[-437,-134],[-457,-121],[-514,6],[-428,-182],[-637,55],[-571,-91],[-380,-13],[-505,122],[-504,-31],[-123,31],[-552,242],[-381,116],[-323,-61],[-428,12],[-818,24],[-343,67],[-456,170],[-1370,42],[-390,-97],[-314,-12],[-485,12],[-428,273],[-38,261],[-76,249],[-114,370],[-58,515],[-123,443],[-95,158],[-505,157],[-447,-12],[-447,67],[-304,-73],[-343,-170],[-456,-72],[-447,-13],[-229,201],[-285,279],[-323,285],[85,327],[-314,273],[-713,443],[-324,164],[-428,103],[-390,-37],[-504,122],[-694,6],[-324,48],[-390,6],[-380,79],[-209,67],[-448,60],[-561,261],[-551,-18],[-362,127],[-495,201],[-237,24],[-971,133],[-257,425],[-285,212],[-418,103],[-286,67],[-323,24],[-362,-133],[10,-188],[-286,-170],[-190,-212],[-209,-182],[-305,-67],[-513,-176],[-171,-370],[-115,-182],[-523,-188],[-38,-261],[-475,-279],[-48,-279],[-228,-188],[-267,-321],[-104,-218],[-314,-182],[-485,-19],[-390,103],[-419,116],[-219,48],[-409,85],[-399,121],[-295,201],[-181,242],[-114,285],[76,213],[-76,309],[-219,449],[-428,169],[-171,243],[-105,297],[-390,285],[-238,188],[-323,249],[-514,6],[-390,-152],[-295,122],[-266,66],[-400,61],[-256,97],[-200,249],[-48,212],[-238,297],[-237,206],[-295,249],[-324,261],[-352,261],[29,339],[-67,358],[-285,619],[-219,503],[-19,310],[133,260],[10,201],[-171,212],[0,164],[-362,218],[-238,115],[-114,273],[105,194],[123,255],[305,321],[95,346],[333,152],[285,79],[390,236],[-380,279],[-409,61],[-248,48],[-428,18],[-352,79],[-333,279],[-266,73],[-428,146],[-523,279],[-200,127],[-105,218],[115,243],[38,224],[-181,267],[-295,291],[-304,273],[-466,18],[-267,61],[-361,79],[-381,-127],[-418,212],[38,285],[0,327],[314,358],[-29,200],[-124,273],[200,194],[228,201],[-47,188],[0,212],[-171,285],[19,194],[66,321],[-47,237],[9,261],[-161,309],[-86,218],[-190,279],[-324,207],[-152,182],[-57,248],[-124,364],[-95,225],[-200,266],[-76,122],[-342,273],[-514,382],[-466,103],[-514,-49],[-409,61],[-513,-103],[-428,-12],[-533,115],[-390,-91],[-238,-164],[-257,-91],[-342,-133],[-514,-49],[-361,-133],[-295,-267],[-447,-170],[-400,6],[-333,273],[-247,255],[-228,194],[-105,255],[-419,242],[-333,152],[-304,297],[-266,140],[-409,169],[-324,170],[-238,91],[-295,231],[-161,218],[-162,194],[266,261],[457,188],[95,431],[133,248],[67,455],[-171,340],[-153,364],[-142,176],[-200,139],[-380,152],[-257,0],[-324,157],[-190,243],[-352,97],[-504,55],[-580,-73],[-486,60],[-513,97],[-276,158],[-381,134],[-542,42],[-399,103],[76,267],[342,297],[-114,297],[-200,146],[-390,158],[-466,236],[-342,212],[-324,85],[-589,-72],[-467,-243],[-313,-279],[-238,-49],[-476,128],[-323,103],[-457,0],[-304,-85],[-486,-24],[-390,91],[-513,6],[-390,85],[-542,-79],[-419,12],[-219,133],[-352,116],[-475,151],[-409,91],[-495,146],[-362,48],[-275,0],[-333,170],[-219,176],[-29,279],[248,224],[237,298],[-104,370],[-143,218],[-162,297],[-485,170],[-342,109],[-295,-85],[-542,61],[-114,145],[-115,219],[-19,388],[-447,212],[-247,67],[-400,36],[-390,-30],[-599,-12],[-190,127],[-352,273],[-95,115],[-219,285],[-190,267],[-133,261],[19,346],[-38,224],[-238,255],[-229,188],[-504,328],[-295,206],[-190,285],[-57,176],[-57,248],[-171,267],[-133,158],[-134,321],[57,231],[-171,170],[29,297],[66,242],[124,170],[-48,225],[-142,303],[-67,170],[-66,261],[-267,181],[-85,213],[38,273],[-191,145],[-104,231],[-409,176],[-238,151],[-504,182],[-286,-18],[-523,-176],[-532,-48],[-438,-67],[-561,-121],[-428,-91],[-333,18],[-533,133],[-323,152],[-467,73],[-523,12],[-475,97],[-324,0],[-266,200],[-371,230],[-457,207],[-371,103],[-494,139],[-124,146],[-504,-61],[-561,-91],[-457,-249],[-371,73],[-67,370],[210,194],[142,164],[191,400],[85,201],[-19,321],[-171,188],[-38,261],[-190,212],[95,249],[28,206],[-152,267],[390,473],[86,109],[941,-91],[371,-152],[381,43],[514,-18],[266,-6],[438,91],[342,24],[409,-67],[324,67],[390,255],[123,309],[152,218],[552,304],[305,54],[532,152],[514,6],[542,109],[390,48],[247,110],[390,54],[448,-109],[199,-30],[761,-43],[352,73],[333,218],[-19,170],[171,267],[314,146],[514,72],[228,188],[257,110],[324,121],[171,170],[409,54],[475,158],[467,249],[399,133],[181,97],[323,194],[419,231],[219,121],[342,200],[209,146],[343,157],[361,285],[238,85],[466,103],[95,195],[124,188],[238,169],[456,194],[276,195],[438,97],[399,103],[162,309],[19,315],[-219,231],[-314,291],[-142,182],[-657,255],[-513,218],[-362,164],[-142,176],[-229,315],[-142,267],[190,333],[247,279],[314,219],[29,218],[-181,231],[-228,200],[-200,321],[-362,225],[-152,169],[-314,176],[-323,225],[-38,333],[-238,164],[-124,297],[-190,267],[9,206],[20,237],[0,388],[38,558],[-219,140],[-114,224],[-48,352],[-124,297],[-361,115],[-228,0],[-343,-127],[-209,-122],[-324,-230],[-285,-182],[-418,-61],[-457,25],[-304,42],[-514,67],[-362,-128],[-380,286],[190,309],[-361,212],[-143,170],[57,212],[304,170],[96,188],[199,285],[-47,200],[-95,243],[180,170],[115,309],[-48,182],[257,236],[504,176],[342,103],[267,49],[342,42],[400,91],[428,128],[257,157],[199,134],[352,212],[400,170],[352,-24],[409,188],[9,254],[86,413],[-19,42],[67,643],[76,352],[-114,152],[19,230],[199,358],[-256,279],[-295,206],[19,249],[104,200],[219,388],[143,218],[-38,279],[-295,249],[-219,176],[-162,176],[-399,194],[-229,133],[-171,207],[-95,176],[-66,236],[-371,291],[-181,194],[-67,243],[-161,340],[-96,224],[257,218],[105,146],[542,151],[495,49],[399,121],[267,79],[466,97],[304,103],[266,158],[381,206],[257,176],[257,158],[199,121],[324,346],[190,321],[38,170],[257,224],[190,128],[447,145],[238,79],[381,219],[180,394],[96,182],[171,224],[133,303],[-57,249],[-86,140],[-66,242],[342,279],[266,164],[219,127],[152,267],[-294,297],[-371,267],[-438,152],[-400,103],[-513,61],[-381,12],[-323,-73],[-362,-18],[-409,-12],[-418,-19],[-324,6],[-599,0],[-333,98],[-437,78],[-381,-109],[-342,-91],[-590,-388],[-561,-36],[-248,-128],[-466,67],[-314,291],[-95,158],[-314,145],[-190,79],[-276,194],[-438,164],[-190,212],[-123,200],[-172,176],[-171,231],[-495,158],[-380,-55],[-400,-170],[-247,-103],[-428,-6],[-314,-127],[-276,-140],[-485,-145],[-219,-91],[-361,-37],[-267,49],[-390,139],[-523,134],[-475,115],[-438,-164],[-380,-12],[-590,-36],[-362,-13],[-285,49],[-333,139],[-162,128],[-352,139],[-237,67],[-333,115],[-267,37],[-542,151],[-304,200],[-333,176],[123,364],[219,170],[200,140],[-209,351],[-276,200],[-276,152],[-333,170],[-381,200],[-47,340],[-19,200],[-209,327],[95,261],[-114,200],[-162,267],[-295,303],[-133,231],[-57,212],[-114,316],[-58,194],[-142,188],[-29,291],[-76,254],[-38,377],[67,230],[-86,212],[-390,334],[-428,249],[-438,78],[-361,97],[-571,-12],[-418,-188],[-467,-188],[-361,-103],[-257,-346],[-66,-230],[-248,-133],[-456,-31],[-409,-42],[-248,-49],[-390,128],[-276,109],[-409,157],[-390,134],[-466,176],[-437,60],[-219,146],[-276,164],[-304,285],[-181,242],[-200,267],[-181,285],[-47,188],[-48,334],[-38,255],[-209,163],[-247,158],[-210,97],[-247,200],[-200,188],[-19,213],[-76,194],[-152,212],[-124,303],[-181,194],[-370,255],[-200,212],[-286,328],[-95,255],[-219,200],[-104,145],[-114,225],[57,376],[76,297],[-67,224],[-238,267],[-180,309],[57,279],[85,279],[305,237],[247,212],[133,115],[105,383],[-29,182],[-161,266],[-133,110],[-333,266],[-172,134],[10,285],[333,418],[219,285],[142,207],[76,194],[-133,352],[-76,333],[0,188],[29,212],[352,382],[1217,983],[628,382],[276,261],[266,473],[114,230],[248,279],[219,195],[190,206],[0,212],[-76,212],[-219,382],[-438,437],[-599,528],[-685,424],[-1760,1019],[-542,297],[-552,55],[-390,-121],[-1208,-613],[-1132,-661],[-304,-127],[-523,-152],[-514,85],[-314,279],[-247,194],[-229,73],[-352,54],[-551,-36],[-466,-85],[-438,-176],[-466,-194],[-362,-176],[-304,-103],[-580,-158],[-657,-139],[-932,-115],[-418,0],[-324,0],[-361,0],[-552,103],[-485,18],[-752,-121],[-542,-85],[-495,-122],[-275,-175],[-57,-194],[28,-188],[105,-213],[-86,-333],[-219,-158],[-609,-121],[-485,0],[-941,-103],[-771,-49],[-285,-73],[-333,-206],[-248,-176],[-247,-54],[-552,-13],[-275,-127],[-714,-437],[-361,-297],[-143,-139],[-257,-310],[-105,-163],[-313,-431],[-305,-321],[-533,-358],[-313,-49],[-429,-18],[-570,-12],[-352,48],[-229,55],[-466,18],[-285,170],[19,212],[19,340],[-38,212],[-285,231],[-248,279],[-95,279],[-76,194],[-19,297],[-143,358],[-142,297],[-124,200],[-38,194],[-133,176],[-352,267],[-390,30],[-114,194],[180,219],[-123,364],[-67,279],[-95,169],[-285,170],[-200,109],[-305,128],[-428,145],[-285,97],[-209,237],[-143,200],[-162,158],[-257,200],[-409,242],[-285,134],[-228,133],[-238,231],[-447,248],[-371,-84],[-133,-249],[47,-364],[-28,-352],[-124,-261],[0,-206],[-276,-255],[-333,-133],[-466,188],[-399,249],[-352,176],[-219,91],[-390,-79],[-257,-67],[-362,-236],[-304,-19],[-342,-30],[-305,-188],[-142,-267],[152,-285],[285,-212],[219,-291],[19,-261],[-114,-164],[-19,-273],[95,-248],[-29,-182],[-57,-219],[29,-206],[-381,-182],[-342,61],[-533,-61],[-456,-236],[-181,-158],[-229,-188],[-237,-297],[-76,-225],[-115,-248],[0,-273],[-85,-182],[-67,-225],[-123,-182],[-162,-212],[-105,-370],[-104,-212],[-86,-194],[-95,-225],[-324,-254],[-228,-164],[-352,-49],[-285,-54],[-314,-79],[-495,-218],[-266,-195],[-219,-303],[-438,-182],[-428,12],[-428,73],[-447,194],[-266,-12],[-381,0],[-228,0],[-352,-158],[-152,-351],[-76,-255],[-57,-212],[76,-255],[38,-140],[-10,-285],[-456,-121],[-295,-146],[-257,-78],[-409,6],[-409,30],[-181,-139],[-523,-195],[-285,-91],[-428,140],[-362,133],[-533,13],[-494,-31],[-552,-121],[-361,-24],[-467,115],[-313,127],[-191,346],[-428,85],[-304,36],[-428,122],[-561,12],[-324,-134],[-200,-66],[-409,-176],[-494,151],[-257,140],[-181,279],[-95,176],[-438,103],[-361,48],[-200,103],[-390,85],[-352,-103],[-181,-176],[-256,-145],[-362,-116],[-647,-194],[-447,-54],[-352,-91],[-494,73],[-115,339],[-218,249],[-238,249],[-200,376],[-181,236],[-333,237],[-247,194],[-457,206],[-523,67],[-628,115],[-333,97],[-294,188],[-267,382],[-475,309],[-895,401],[-989,248],[-447,207],[-561,309],[-542,479],[-505,322],[-475,460],[-447,437],[-153,249],[-114,303],[76,479],[153,303],[209,322],[57,170],[0,230],[-114,400],[0,383],[66,285],[29,266],[-29,225],[-447,327],[-447,455],[-628,461],[-742,401],[-418,194],[-333,206],[-114,176],[0,242],[85,364],[172,212],[28,322],[-238,303],[-656,516],[-266,212],[-181,418],[0,267],[190,401],[114,169],[67,364],[-305,285],[-475,170],[-894,291],[-628,188],[-476,79],[-418,0],[-752,-151],[-770,-116],[-628,-127],[-362,-24],[-304,6],[-447,36],[-590,134],[-1046,400],[-571,267],[-419,273],[-142,358],[-257,479],[-143,248],[-95,188],[-57,304],[0,364],[152,321],[181,230],[-29,249],[1418,661],[770,1201],[86,146],[143,1079],[76,801],[0,436],[-96,437],[-190,419],[-295,321],[-199,231],[-96,175],[-38,213],[-133,637],[19,285],[57,303],[143,303],[552,758],[295,425],[161,703],[105,704],[-133,2074],[38,528],[104,424],[352,552],[276,297],[257,164],[847,352],[504,140],[380,72],[1218,146],[495,127],[1027,498],[533,285],[352,266],[1160,947],[200,200],[114,139],[181,285],[105,455],[95,704],[-19,254],[-238,710],[-247,461],[-143,218],[-1731,2620],[-286,376],[-57,213],[-47,873],[-105,679],[-76,176],[-333,188],[-1475,589],[-4566,1449],[-3491,1098],[-1845,740],[-894,431],[-400,327],[-190,340],[-124,364],[19,370],[523,1667],[0,577],[-180,473],[-181,267],[-447,315],[-552,267],[-3910,1710],[-371,225],[-294,188],[-229,351],[-161,589],[28,315],[105,334],[190,382],[1246,1213],[1066,903],[171,352],[28,237],[-85,267],[-229,236],[-352,194],[-1702,825],[-1189,600],[-248,188],[-238,255],[-171,425],[-142,576],[-77,528],[-19,430],[295,2463],[314,1128],[-219,206],[-152,267],[162,303],[390,194],[1541,716],[1807,855],[248,158],[238,206],[228,230],[104,176],[96,200],[28,188],[19,340],[-28,473],[-105,1213],[-48,740],[-85,528],[-76,436],[-48,225],[-133,309],[-86,182],[-76,218],[-123,704],[-38,406],[-58,540],[-57,243],[-66,291],[-38,188],[19,273],[76,188],[152,206],[314,249],[219,133],[238,127],[409,213],[276,194],[323,291],[124,176],[123,212],[95,212],[76,219],[238,812],[238,831],[257,759],[181,357],[238,346],[294,303],[352,304],[761,600],[809,576],[704,498],[456,236],[685,297],[619,213],[751,194],[657,121],[475,67]],[[143963,334603],[2017,-3488],[846,-970],[1009,-916],[894,-534],[647,-24],[694,-18],[466,-103],[1075,-1056],[1608,-1589],[1522,-1449],[789,-570],[1408,-388],[5708,-2742],[238,-103],[371,-273],[732,-606],[19,-13],[1008,-1583],[819,-1940],[19,-316],[104,-1292],[38,-309],[48,-279],[104,-279],[39,-261],[-286,-121],[-371,-285],[29,-218],[228,-152],[152,-164],[-38,-254],[-104,-316],[-143,-279],[-181,-182],[485,-218],[219,-219],[152,-315],[257,-79],[38,-291],[105,-200],[76,-346],[181,-206],[314,-224],[313,-67],[400,30],[561,73],[324,121],[295,-97],[190,-157],[399,-61],[581,91],[551,-6],[286,-12],[314,-109],[256,-158],[229,-358],[-400,-127],[-247,6],[-324,-279],[-371,-176],[267,-291],[304,103],[371,-152],[200,-73],[399,-30],[352,12],[400,-133],[209,-170],[-219,-249],[-323,-133],[-143,-140],[19,-260],[86,-219],[105,-291],[-248,-188],[124,-236],[48,-182],[380,-188],[314,133],[552,-115],[152,-225],[-86,-157],[-390,-128],[-447,-182],[-257,-188],[-85,-157],[-105,-316],[304,-176],[400,-242],[-105,-291],[-218,-340],[294,-255],[96,-182],[38,-200],[0,-279],[-10,-352],[-19,-145],[162,-261],[314,-200],[428,-261],[390,-67],[380,292],[314,109],[343,-12],[352,78],[475,110],[210,-152],[304,-170],[257,-85],[437,-73],[352,-78],[238,-91],[419,-176],[314,-164],[304,-158],[314,-127],[333,-109],[390,-170],[485,-67],[228,176],[172,243],[19,370],[-134,218],[314,158],[495,-164],[342,-146],[333,-127],[381,-230],[209,-170],[485,-158],[276,146],[371,91],[295,-255],[390,-115],[571,-12],[276,-237],[247,-249],[76,-351],[266,-164],[562,54],[285,122],[457,-91],[114,-297],[209,-213],[419,-254],[504,24],[238,-91],[380,-97],[324,12],[351,-6],[305,12],[514,36],[333,-91],[9,-266],[-171,-292],[-19,-224],[209,-267],[209,-158],[238,-248],[333,-73],[304,6],[448,-85],[152,-194],[409,-73],[352,12],[571,-72],[523,-152],[342,-170],[409,243],[-28,182],[-105,345],[-9,370],[19,334],[361,103],[362,-55],[570,-6],[504,61],[305,30],[418,140],[191,333],[409,164],[285,188],[-9,376],[9,279],[362,273],[475,18],[352,116],[-76,260],[-29,152],[238,231],[248,133],[361,127],[438,-206],[161,-236],[-95,-279],[-28,-225],[342,-267],[343,-109],[133,-249],[171,-145],[533,-340],[513,-133],[457,-109],[571,-12],[314,48],[561,115],[304,25],[362,0],[561,-19],[504,43],[314,145],[86,261],[66,152],[200,224],[409,261],[371,146],[343,97],[352,30],[447,-121],[304,-91],[314,12],[323,42],[162,273],[-105,225],[-95,394],[-95,206],[29,267],[266,127],[552,73],[238,194],[247,255],[504,115],[266,140],[448,18],[313,18],[543,-133],[219,-219],[447,24],[95,316],[551,-61],[305,-127],[466,-85],[571,79],[485,-152],[342,-145],[229,-134],[333,-145],[313,-19],[514,49],[400,6],[257,-85],[399,-103],[276,18],[371,134],[219,127],[399,-43],[257,-127],[362,-91],[428,24],[237,37],[362,79],[399,133],[324,36],[447,-91],[361,-54],[286,-6],[409,6],[314,-36],[447,-146],[266,200],[267,273],[342,164],[114,206],[409,152],[400,121],[456,236],[276,207],[476,218],[342,267],[-171,315],[266,170],[438,164],[476,-6],[418,-231],[542,-109],[457,55],[466,-97],[276,-164],[438,-243],[247,-182],[209,-182],[285,-206],[286,-133],[485,206],[-162,315],[390,188],[333,-139],[200,-158],[200,-242],[257,-164],[228,-85],[685,-224],[456,-91],[457,91],[143,151],[199,170],[153,176],[276,194],[494,176],[371,67],[552,-55],[466,-91],[409,-36],[438,66],[142,188],[29,328],[-447,109],[-286,-30],[-399,248],[447,261],[285,121],[343,292],[76,297],[285,303],[48,164],[209,188],[542,79],[352,-67],[238,-55],[381,-60],[466,-85],[570,103],[295,-67],[153,-297],[-200,-267],[257,-152],[466,19],[390,0],[276,-43],[352,91],[437,-48],[171,-213],[286,-103],[266,-206],[-171,-218],[-362,-304],[505,-169],[285,-37],[476,-79],[361,-194],[114,-169],[400,-122],[456,0],[400,12],[333,37],[304,48],[400,43],[361,-6],[305,-31],[314,-6],[561,109],[428,188],[247,146],[219,152],[380,236],[305,61],[47,382],[-399,85],[-276,297],[352,194],[352,-133],[495,103],[285,-37],[190,-212],[-66,-340],[190,-357],[295,-73],[447,-121],[504,6],[352,139],[333,243],[228,230],[447,0],[333,-303],[390,-273],[295,-176],[324,-164],[285,-79],[419,25],[275,91],[381,91],[361,-91],[257,-73],[562,-55],[342,-109],[-219,-297],[286,-224],[428,0],[266,175],[209,128],[381,151],[171,188],[209,255],[495,158],[352,182],[257,176],[276,18],[390,30],[456,25],[381,-85],[276,-176],[85,-176],[0,-297],[-95,-231],[266,-309],[467,18],[266,85],[314,67],[361,-73],[333,-291],[19,-194],[-209,-243],[-514,-164],[-180,-260],[104,-195],[381,-139],[589,61],[181,-225],[114,-267],[267,-188],[0,-169],[9,-255],[257,-158],[266,-170],[495,-91],[485,-54],[276,-213],[276,-54],[438,-73],[266,-103],[523,103],[390,12],[228,55],[409,30],[257,-158],[114,-188],[-342,-194],[-323,-30],[-324,-30],[-247,-267],[171,-194],[209,-128],[248,-127],[399,-182],[400,152],[180,194],[286,97],[333,67],[399,72],[276,37],[476,6],[390,-31],[352,-54],[314,-243],[28,-370],[276,-285],[457,-218],[447,-55],[295,37],[314,72],[304,116],[913,200],[647,67],[304,12],[638,18],[589,97],[980,188],[571,79],[457,164],[209,169],[285,219],[485,455],[381,357],[95,237],[19,376],[-66,552],[-543,1553],[143,224],[143,340],[66,370],[38,218],[-66,188],[-181,182],[-86,327],[267,716],[104,364],[562,67],[104,285],[76,145],[153,213],[618,782],[818,989],[181,333],[9,631],[10,1456],[-352,139],[-952,30],[-466,67],[-114,503],[-285,164],[-95,146],[85,267],[-9,176],[-10,497],[57,303],[124,182],[190,188],[162,176],[171,243],[105,194],[190,715],[105,243],[180,206],[362,394],[295,322],[247,194],[409,243],[3701,-182],[732,182],[304,42],[476,24],[552,-12],[181,-24],[903,-103],[1446,-37],[970,170],[181,115],[95,292],[153,218],[180,267],[133,188],[219,151],[171,201],[67,272],[390,176],[514,91],[104,273],[-152,200],[29,243],[19,164],[47,236],[48,182],[47,213],[48,266],[57,285],[105,370],[418,128],[552,164],[523,139],[295,6],[428,36],[419,43],[380,-30],[580,-19],[333,-66],[257,-55],[428,0],[409,30],[457,116],[590,48],[418,-103],[352,0],[295,-224],[590,-12],[428,84],[561,104],[552,78],[333,61],[181,328],[-210,218],[124,194],[124,224],[-19,340],[190,121],[66,255],[10,176],[95,230],[219,134],[200,145],[-10,231],[10,315],[180,182],[191,188],[247,285],[352,73],[209,115],[314,116],[314,218],[438,182],[342,-49],[305,6],[485,164],[57,328],[47,267],[48,200],[143,333],[142,285],[248,328],[85,303],[238,-36],[371,-79],[323,-73],[286,-103],[285,-224],[257,-49],[904,91],[257,-6],[447,-152],[751,-424],[523,-164],[343,-103],[266,-37],[599,25],[505,-85],[428,-164],[209,-103],[247,-334],[219,-406],[209,-224],[76,-152],[57,-358],[162,-303],[1066,-1213],[133,-121],[466,-292],[380,116],[1094,370],[76,36],[809,1007],[400,249],[951,127],[333,67],[437,30],[894,1073],[333,892],[-76,716],[76,212],[172,146],[390,370],[123,194],[67,254],[9,316],[-352,418],[-237,322],[-153,254],[-38,219],[153,297],[123,291],[86,346],[0,48],[0,340],[19,115],[257,328],[295,588],[295,315],[485,237],[723,291],[428,61],[418,200],[152,206],[58,315],[9,862],[57,558],[304,1019],[257,600],[466,364],[790,315],[609,297],[504,164],[523,55],[1950,303],[1418,115],[732,37],[428,-67],[495,-158],[980,-479],[818,-430],[561,-413],[770,-655],[923,-558],[1085,-418],[951,-419],[352,-158],[561,-327],[304,-243],[400,-230],[609,-358],[428,-249],[542,-242],[771,-267],[1122,-176],[742,-49],[913,-24],[761,194],[866,425],[761,242],[399,110],[400,121],[266,139],[409,255],[295,328],[10,18],[1683,97],[1599,91],[684,194],[2398,916],[561,85],[504,-25],[219,-48],[314,-158],[399,-430],[38,-37],[609,-449],[286,-327],[304,-413],[228,-182],[181,-115],[685,-345],[342,-79],[533,36],[371,43],[381,-225],[323,-170],[485,-224],[238,-158],[-19,-309],[124,-164],[399,-164],[238,-60],[523,-49],[447,12],[628,146],[238,67],[371,133],[399,-158],[305,-36]],[[519281,445745],[-409,-201],[-456,-151],[-286,-61],[-323,-67],[-314,-60],[-323,-73],[-543,-182],[-428,-152],[-466,-206],[-314,-170],[-380,-206],[-695,-309],[-456,-200],[-466,-170],[-210,-73],[-323,-121],[-457,-152],[-361,-139],[-495,-255],[-342,-188],[-190,-109],[-305,-255],[-285,-327],[-257,-279],[-171,-140],[-276,-188],[-381,-224],[-570,-285],[-514,-237],[-333,-145],[-314,-98],[-342,-91],[-514,-90],[-304,-31],[-305,-24],[-323,-85],[-248,-85],[-342,-24],[-390,-121],[-314,-122],[-276,-73],[-542,-103],[-447,-66],[-409,-103],[-685,-170],[-314,-91],[-209,-109],[-152,-285],[-67,-176],[-95,-316],[-143,-479],[-143,-333],[-237,-188],[-428,-176],[-229,-49],[-361,-30],[-409,6],[-324,24],[-466,115],[-257,116],[-266,145],[-476,297],[-504,310],[-409,194],[-333,139],[-247,109],[-390,122],[-466,30],[-466,-103],[-248,-97],[-352,-146],[-352,-103],[-371,-67],[-275,-48],[-352,-24],[-457,-18],[-438,0],[-295,-7],[-466,-18],[-333,-36],[-589,-103],[-400,-73],[-418,-42],[-257,-13],[-409,13],[-457,36],[-533,48],[-323,37],[-552,85],[-571,115],[-494,121],[-818,255],[-362,109],[-361,43],[-533,-55],[-495,-176],[-475,-194],[-371,-127],[-409,-140],[-552,-206],[-314,-133],[-361,-164],[-485,-231],[-467,-242],[-485,-237],[-399,-212],[-124,-667],[-114,-291],[-57,-267],[-19,-346],[9,-200],[10,-237],[28,-182],[86,-230],[200,-303],[200,-176],[618,-128],[380,-72],[371,-116],[-66,-333],[-200,-176],[-400,-97],[-475,6],[-447,-200],[-466,-200],[-286,-200],[-152,-164],[-295,-170],[-323,-103],[-409,-73],[-276,-67],[-286,-103],[-313,-121],[-410,-121],[-361,-79],[-571,-91],[-418,-43],[-914,6],[-390,-72],[-342,-79],[-514,151],[-314,85],[-437,122],[-381,163],[-333,61],[-447,79],[-342,24],[-504,6],[-381,-85],[-238,-145],[0,-285],[286,-394],[152,-370],[124,-213],[123,-309],[-856,-510],[-352,-242],[-162,-218],[-285,-358],[-9,-267],[275,-212],[124,-207],[-124,-218],[-323,-158],[-713,-291],[-505,-206],[-371,-146],[-409,-157],[-646,-231],[-666,-218],[-485,-164],[-448,-145],[-342,-97],[-552,-140],[-266,-73],[-362,-163],[-228,-152],[-200,-164],[-209,-212],[-257,-297],[-437,-467],[-305,-358],[-66,-219],[-29,-272],[19,-273],[86,-243],[104,-255],[67,-176],[86,-236],[142,-340],[105,-267],[152,-266],[171,-195],[124,-157],[209,-255],[76,-176],[67,-261],[19,-188],[29,-321],[76,-249],[57,-352],[0,-133],[-95,-285],[-86,-170],[-95,-242],[-152,-346],[28,-237],[67,-242],[142,-176],[371,-164],[419,-97],[304,-261],[77,-115],[114,-346],[66,-364],[0,-267],[-76,-291],[-104,-157],[-410,-243],[-294,-176],[-191,-133],[-190,-176],[-181,230],[-380,225],[-324,170],[-247,291],[-266,200],[-191,85],[-390,157],[-342,49],[-476,6],[-333,-36],[-371,-6],[-380,12],[-314,-12],[-561,-49],[-400,182],[-171,340],[-114,303],[-29,170],[0,279],[0,345],[-57,279],[-133,207],[-295,194],[-352,200],[-238,176],[-513,412],[-171,158],[-295,170],[-581,-43],[-580,-255],[-428,-175],[-438,-152],[-646,-188],[-314,-97],[-485,91],[-1313,940],[-1028,728],[-1065,800],[-818,595],[-314,267],[-257,254],[76,291],[48,188],[-152,310],[-305,164],[-399,224],[-29,224],[86,243],[171,315],[133,231],[-142,242],[-286,213],[-66,339],[-124,528],[-76,291],[-171,370],[-105,267],[-409,115],[-1037,-1504],[-761,-958],[-152,-164],[-409,-237],[-305,-163],[-437,-225],[-238,-151],[-314,-279],[-276,-243],[-266,-224],[-276,-152],[-247,-97],[-552,-230],[-542,-201],[-657,-254],[-542,-213],[-276,-212],[-47,-158],[-200,-248],[-428,-176],[-190,-140],[-381,-260],[-285,-146],[-143,-224],[-200,-97],[-114,-273],[-124,-170],[-95,-267],[115,-352],[-29,-273],[-314,-267],[-276,-200],[-323,-248],[-390,-182],[-504,-201],[-314,-133],[-276,-146],[-381,-181],[-589,-279],[-267,-116],[-285,-109],[-400,-121],[-257,-146],[-1265,-1625],[-1227,-2062],[-742,-625],[-333,-437],[-28,-36],[209,-212],[171,-255],[38,-170],[-28,-352],[-76,-497],[-124,-613],[-19,-163],[19,-322],[114,-273],[162,-212],[228,-200],[428,-164],[362,-164],[171,-103],[333,-206],[247,-133],[409,-85],[438,-49],[418,-60],[657,-73],[437,-31],[371,0],[514,67],[399,-6],[257,-91],[333,-133],[190,-334],[-152,-431],[-19,-388],[276,-133],[266,-97],[210,-231],[76,-266],[-67,-146],[-380,-237],[-343,-188],[-295,-145],[-275,-225],[-105,-139],[-181,-249],[-123,-230],[-153,-200],[-171,-164],[-352,-170],[-238,-91],[-570,-152],[-381,-103],[-409,-163],[-323,-285],[28,-225],[29,-164],[47,-309],[-9,-261],[-38,-309],[-95,-540],[-67,-309],[-38,-176],[76,-273],[228,-188],[314,-176],[257,-133],[257,-116],[428,-175],[361,-134],[362,-115],[457,-146],[409,-121],[447,-91],[618,-109],[656,-97],[761,-121],[666,-73],[704,-79],[400,-18],[352,6],[599,18],[1056,24],[980,25],[922,30],[657,30],[437,30],[352,43],[10,-685],[-10,-267],[-9,-231],[38,-261],[38,-479],[19,-242],[47,-334],[58,-267],[66,-327],[95,-334],[305,-770],[114,-315],[104,-304],[57,-206],[20,-291],[-10,-170],[-76,-309],[-38,-255],[-19,-279],[0,-249],[9,-370],[19,-272],[10,-255],[19,-237],[38,-303],[38,-267],[57,-212],[95,-237],[209,-267],[324,-285],[390,-285],[409,-291],[304,-182],[229,-212],[76,-200],[-10,-267],[-47,-188],[-114,-291],[-238,-528],[-143,-267],[-114,-242],[-114,-255],[-67,-164],[-57,-321],[-9,-297],[28,-304],[95,-303],[162,-309],[162,-200],[85,-207],[-38,-242],[-9,-358],[0,-194],[-57,-255],[-134,-321],[-114,-279],[-142,-376],[-219,-267],[-286,-316],[-142,-218],[-95,-164],[-172,-254],[-180,-182],[-276,-207],[-10,-309],[10,-358],[238,-279],[333,-66],[313,-91],[257,-279],[143,-200],[0,-189],[-57,-382],[209,-218],[86,-249],[-48,-182],[0,-248],[86,-297],[57,-298],[0,-248],[-10,-261],[38,-231],[257,-194],[438,-133],[418,-146],[409,-169],[267,-176],[276,-219],[238,-224],[332,-340],[295,-327],[267,-346],[123,-194],[124,-188],[114,-176],[238,-340],[247,-382],[267,-339],[190,-213],[133,-169],[171,-334],[114,-273],[143,-346],[200,-309],[247,-340],[229,-224],[409,-273],[551,-315],[381,-194],[466,-237],[304,-255],[-95,-200],[-257,-248],[-104,-128],[-114,-248],[-105,-310],[-48,-151],[10,-243],[171,-127],[381,-79],[352,-73],[285,-61],[552,-157],[342,-128],[343,-127],[304,-109],[390,-128],[285,-91],[324,-85],[504,-139],[1075,-237],[2806,-594],[1227,-346],[181,-60],[342,-140],[229,-145],[171,-188],[67,-182],[0,-316],[0,-224],[38,-309],[47,-231],[48,-200],[114,-237],[85,-200],[200,-291],[76,-194],[-95,-346],[-323,-291],[-409,-182],[-343,-163],[-295,-286],[-199,-188],[-371,-127],[-552,12],[-333,-157],[-181,-158],[-190,-164],[-247,-182],[-305,-170],[-295,-121],[-275,-224],[-229,-285],[-285,-401],[-57,-315],[-86,-212],[-143,-273],[-161,-291],[-171,-322],[-134,-297],[-57,-218],[-47,-237],[19,-170],[85,-236],[457,-219],[476,158],[256,109],[343,140],[466,170],[352,72],[352,-12],[418,-24],[314,-12],[305,6],[561,54],[400,37],[399,-6],[580,-73],[276,-73],[305,-97],[352,-85],[475,-48],[371,18],[343,48],[352,116],[380,145],[305,109],[409,97],[323,67],[495,61],[542,0],[542,-18],[609,-25],[885,-24],[532,6],[514,140],[352,260],[171,304],[333,182],[400,-37],[580,-97],[409,-42],[561,-37],[305,0],[371,37],[504,103],[361,91],[267,42],[399,12],[495,-121],[323,-103],[495,-158],[580,-176],[523,-30],[324,134],[561,272],[361,134],[305,91],[494,121],[267,31],[456,6],[248,-25],[390,-79],[580,-133],[1056,-218],[704,-122],[732,-91],[638,-36],[589,-12],[790,-6],[514,6],[656,18],[476,30],[314,43],[409,121],[190,134],[171,224],[323,279],[467,230],[228,110],[257,121],[399,133],[276,73],[400,91],[257,85],[304,133],[171,188],[57,310],[152,164],[200,194],[57,200],[-76,261],[-143,206],[-199,309],[114,218],[485,176],[371,231],[48,279],[399,91],[542,103],[504,-91],[191,-303],[95,-255],[76,-188],[143,-218],[333,-140],[266,-218],[124,-200],[371,-194],[542,-85],[352,-49],[304,-48],[523,-110],[381,-115],[380,-182],[267,-115],[276,-140],[180,-133],[210,-212],[190,-346],[228,-182],[247,-115],[419,-85],[276,30],[342,152],[419,236],[333,128],[95,376],[-10,182],[0,242],[0,194],[67,334],[124,303],[133,225],[162,163],[266,134],[352,133],[447,231],[-19,279],[-67,291],[-28,194],[28,315],[67,273],[238,291],[371,97],[409,13],[580,-19],[438,6],[456,13],[419,12],[361,24],[352,24],[352,25],[333,12],[476,30],[314,30],[304,103],[276,188],[295,104],[323,60],[476,55],[399,12]],[[376403,330812],[104,303],[-485,140],[-399,85],[152,333],[228,303],[447,79],[343,-91],[399,79],[333,12],[305,-248],[333,-13],[199,231],[276,303],[333,-30],[552,-121],[409,-6],[228,139],[152,285],[248,158],[466,-206],[475,-79],[362,-61],[285,-12],[295,146],[343,90],[266,19],[333,-73],[276,85],[228,212],[133,127],[352,328],[57,327],[19,237],[-95,303],[-257,340],[-114,243],[-19,242],[-85,200],[123,225],[504,-49],[191,-182],[190,-242],[323,0],[571,48],[314,194],[304,121],[229,134],[428,121],[314,-267],[266,-163],[362,97],[532,182],[67,212],[428,54],[542,152],[181,328],[371,121],[85,188],[-76,267],[-133,109],[-123,261],[95,194],[-19,364],[-38,218],[447,121],[76,358],[-438,261],[-190,-188],[-438,146],[105,303],[438,206],[342,18],[-19,340],[-371,67],[105,370],[304,66],[362,152],[342,261],[-342,230],[332,194],[19,328],[-237,182],[-514,127],[-371,-61],[-323,279],[38,188],[-381,158],[324,243],[209,145],[143,310],[-476,30],[171,352],[228,194],[286,273],[371,-122],[504,6],[171,182],[-152,322],[514,97],[256,-61],[343,225],[-171,188],[66,327],[524,37],[275,-122],[200,-157],[409,224],[-57,206],[48,316],[-495,194],[-590,-91],[-266,97],[-114,333],[-476,85],[-143,-139],[-19,-249],[-190,-243],[-238,-200],[-342,61],[-219,152],[-133,236],[-324,127],[-294,-181],[-467,36],[-409,376],[-294,334],[-371,157],[-495,109],[-219,267],[-181,304],[-418,-146],[-295,-97],[-228,-127],[-162,-213],[28,-370],[29,-358],[-542,-133],[-457,73],[-580,188],[-324,164],[-475,345],[-133,158],[-153,255],[-57,170],[-66,248],[-133,589],[-96,248],[-76,182],[-104,309],[-29,304],[-19,358],[19,242],[-47,249],[-267,248],[-218,140],[-238,218],[-86,194],[-19,207],[19,364],[38,169],[152,237],[67,279],[-38,206],[-10,194],[409,194],[362,-115],[409,164],[-171,218],[-191,212],[-95,158],[-114,212],[-152,219],[-162,170],[-95,224],[76,303],[248,194],[161,97],[305,188],[466,182],[494,158],[276,121],[276,243],[143,176],[238,321],[342,158],[105,340],[-133,224],[-19,158],[209,266],[228,146],[228,321],[-228,237],[-437,170],[-543,-158],[-371,-67],[-333,-12],[-342,140],[-181,236],[-142,328],[-48,200],[57,297],[381,176],[589,67],[143,321],[-495,109],[-209,6],[-495,164],[124,237],[266,297],[0,249],[-228,218],[-437,-12],[-267,12],[-295,176],[-428,267],[-361,79],[-276,303],[342,224],[428,261],[48,188],[-143,249],[-323,248],[-95,194],[181,261],[437,67],[343,-103],[437,-85],[314,133],[295,225],[-190,273],[-543,60],[-323,43],[-419,236],[314,200],[381,170],[200,97],[180,340],[86,267],[504,85],[305,121],[180,261],[371,12],[29,315],[-228,116],[-333,78],[-143,340],[19,267],[-162,164],[10,297],[104,279],[314,255],[105,242],[-38,243],[-133,333],[-248,194],[-418,134],[-190,352],[123,297],[-399,145],[-485,110],[104,266],[-104,364],[-448,37],[-570,-91],[-638,-128],[-295,-54],[-332,267],[19,327],[76,182],[228,249],[257,145],[371,146],[247,97],[419,200],[304,134],[324,109],[437,133],[57,267],[-95,297],[-105,170],[-133,200],[-285,243],[-457,109],[-285,-194],[-133,-176],[-257,-176],[-381,255],[219,346],[-95,242],[-200,91],[57,322],[67,194],[-133,279],[-229,109],[-390,151],[-313,255],[-371,273],[-200,206],[-1465,498],[-248,85],[-409,97],[-371,218],[210,218],[228,285],[-57,188],[-390,255],[-295,-170],[-162,-176],[-428,-12],[-219,164],[-180,267],[-114,309],[-134,291],[-294,255],[-286,152],[267,260],[161,225],[-285,267],[-171,145],[-324,134],[-152,188],[-171,248],[-19,261],[219,200],[342,304],[238,175],[209,219],[-38,206],[-342,127],[-143,122],[-29,248],[124,201],[152,151],[38,231],[-19,236],[-104,170],[-115,188],[-190,230],[-466,-181],[-447,-128],[-276,212],[-105,328],[153,346],[133,224],[-152,352],[-238,273],[209,309],[495,6],[333,18],[295,249],[-219,170],[-362,158],[-257,145],[-133,158],[-142,212],[-76,170],[-67,242],[-38,158],[190,267],[228,127],[181,188],[-152,552],[-304,285],[-314,170],[-210,128],[19,285],[-85,291],[-571,12],[-523,-43],[-390,-18],[-352,-145],[-514,-158],[-323,-164],[-286,-388],[-152,-152],[-276,-175],[-295,-146],[-466,-79],[-295,109],[-266,297],[-266,170],[-314,79],[-400,24],[-428,231],[19,576],[67,303],[114,134],[371,182],[190,157],[57,225],[-76,279],[-76,182],[-152,279],[-209,242],[-143,158],[-162,200],[-19,231],[162,188],[323,163],[485,122],[352,273],[58,285],[-48,151],[-200,291],[-276,249],[-456,12],[-181,213],[143,218],[47,230],[-437,231],[-400,-6],[-694,18],[-390,-24],[-409,-61],[-352,-127],[-286,-158],[-257,-170],[-799,-570],[-323,-127],[-295,-49],[-514,-48],[-742,-91],[-352,-158],[-218,-188],[-295,-194],[-428,-24],[-495,0],[-371,6],[-314,18],[-742,121],[-247,43],[-457,109],[-380,30],[-400,-24],[-371,-12],[-295,-109],[-314,-55],[-285,-176],[-533,-188],[-342,-261],[-571,-121],[-323,-291],[-295,-237],[-438,-103],[-323,-91],[-400,-121],[-218,-206],[-343,-73],[-428,-188],[-162,-115],[-295,-158],[-361,-200],[-390,-146],[-333,0],[-266,43],[-343,36],[-390,103],[-285,146],[-438,158],[-371,72],[-428,255],[-219,194],[-418,134],[-333,66],[-400,73],[-580,-24],[-361,-6],[-409,-43],[-267,-36],[-380,-37],[-267,1183],[-57,316],[-266,1334],[-38,188],[-2654,-206],[-3406,-273],[-4471,-358],[-123,12],[-86,85],[-590,606],[-818,965],[-3605,-1359],[-1008,-352],[-248,97],[-418,158],[-352,85],[-343,6],[-2073,-170],[-1208,-91],[-38,-24],[114,-631],[-533,-212],[-571,-36],[-295,-49],[-627,-115],[-153,-12],[-551,-55],[-971,-73],[-1636,-127],[-1988,-152],[-2131,-182],[-2045,-163],[-780,-43],[-561,-42],[-2559,-206],[-2274,-201],[-447,-36],[-390,-24],[-295,-134],[162,-843],[219,-1061],[-409,36],[-1180,176],[-675,103],[-523,67],[-400,42],[-637,73],[-590,61],[-561,0],[-647,-18],[-1788,-31],[-885,-72],[-447,-67],[-190,-49],[-343,-139],[-808,-388],[-429,-182],[-627,-255],[-438,-36],[-247,0],[-514,-13],[-419,-6],[-190,-12],[-494,-48],[-524,-18],[-342,18],[-381,-24],[-266,-37],[-675,-79],[-352,-60],[-305,-19],[-1151,-36],[-314,0],[-504,24],[-342,-6],[-438,-54],[-485,-73],[-523,-103],[-571,-134],[-1322,-273],[-580,-103],[-1218,-188],[-1636,-218],[-295,-36],[-428,-25],[-476,-48],[-409,0],[-323,79],[-276,127],[-381,42],[-314,7],[-428,24],[-285,-334],[-38,-267],[-171,-218],[-181,-194],[-86,-322],[-237,-218],[-115,-127],[-275,-237],[-267,-157],[-333,-158],[-276,-91],[-390,-194],[-285,-73],[-342,-55],[-400,19],[-466,-49],[-457,-170],[-323,-42],[-238,-134],[-361,-42],[-409,-255],[-514,-18],[-285,-30],[-486,-49],[-323,-60],[-466,-85],[-343,-207],[-485,-139],[-266,-328],[-295,-200],[-171,-218],[38,-194],[57,-310],[0,-369],[-257,-213],[76,-333],[105,-261],[-19,-237],[-400,-127],[-228,-140],[-200,-200],[-114,-170],[-124,-224],[-85,-218],[-76,-316],[-476,-97],[-295,-66],[-390,-43],[-352,-206],[-485,-212],[-295,-164],[-942,-6],[-114,230],[-190,285],[-228,6],[-400,61],[-485,-18],[-295,-121],[-361,-55],[-400,-109],[-247,-134],[19,-382],[38,-242],[-219,-128],[-418,-212],[-248,-145],[-66,-207],[-38,-176],[-191,-218],[-418,-218],[-533,-128],[-533,-145],[86,-200],[162,-382],[76,-182],[-267,-194],[-494,-49],[-314,-85],[-143,-224],[-171,-255],[-266,-273],[256,-188],[134,-206],[95,-219],[-248,-248],[-247,-128],[-380,-12],[-248,-115],[-95,-230],[-38,-195],[-86,-242],[-351,-115],[-267,-322],[0,-170],[-9,-266],[-95,-195],[-295,-212],[-191,-291],[-19,-206],[143,-176],[-533,-431],[-19,-6],[-418,-333],[-295,-243],[-457,12],[-219,-279],[-351,-261],[-343,-260],[-390,-279],[-571,54],[-361,158],[-314,48],[-428,91],[-228,170],[-410,55],[-447,-255],[-285,-133],[-447,-85],[-219,-18],[-447,-164],[-314,-122],[-342,122],[-457,12],[-437,-18],[-324,115],[-476,146],[-275,-7],[-390,61],[-324,-67],[-323,91],[-362,225],[-580,-79],[-342,48],[-39,310],[-361,145],[-371,-24],[-409,-182],[-409,0],[-324,103],[-447,-151],[-237,151],[-38,231],[-476,127],[-181,146],[-219,224],[-390,79],[-513,-115],[-286,-103],[-285,-116],[-152,-230],[-29,-297],[-390,-188],[-295,-213],[-171,-230],[-238,-121],[-437,18],[-248,36],[-504,18],[-342,-97],[-352,-6],[-381,-133],[-295,-79],[-275,-218],[-210,-267],[-285,-115],[-48,-267],[-171,-146],[-390,-85],[-228,-145],[-390,60],[-362,-261],[-361,-54],[-457,-249],[-247,-133],[-343,-73],[-447,-127],[-494,-61],[-143,-176],[-133,-242],[-143,-219],[-219,-182],[-19,-236],[-85,-146],[-295,-200],[-295,-24],[-409,-43],[-381,-6],[-323,0],[-371,-54],[-485,-122],[-419,146],[-371,267],[-399,121],[-248,152],[-66,279],[-400,-19],[-228,-121],[-409,67],[-476,91],[-523,48],[-285,213],[-219,339],[-343,-18],[-351,-188],[-267,-291],[-266,-182],[-248,-73],[-466,-212],[-199,-212],[-457,-376],[-1056,-953],[-580,-940],[-714,-661],[-456,-163],[-2074,254],[-1912,37],[-685,-55],[-352,-115],[-456,-443],[-514,-728],[-428,-873],[-1256,-1183],[-228,-273],[-371,-291],[-1541,-1443],[-1931,-1838],[-1941,-1801],[-181,-176],[-1017,-959],[-1170,-1012],[-295,-237],[371,-194],[228,-91],[-19,-267],[-333,-255],[200,-218],[238,-218],[85,-358],[210,-164],[275,-115],[267,-176],[-29,-230],[-190,-134],[-400,6],[-256,31],[-352,-25],[-257,-85],[-333,-109],[-314,-42],[-295,42],[-419,97],[-361,49],[-285,18],[-238,-334],[-114,-212],[437,-164],[419,-200],[-29,-297],[-209,-249],[-342,-127],[-514,61],[-38,260],[-95,170],[-428,146],[-390,-85],[-305,-303],[-85,-255],[-295,-279],[-305,-152],[-333,12],[-323,122],[-362,230],[-456,-224],[-95,-243],[-514,-97],[-466,206],[-476,-54],[-352,-67],[-257,-73],[-409,-79],[-304,55],[-333,36],[-457,-54],[-237,-194],[-38,-334],[9,-206],[-9,-182],[-105,-267],[-200,-340],[-104,-230],[-19,-152],[47,-345],[19,-328],[-124,-370],[-133,-267],[10,-242],[28,-231],[-57,-206],[-247,-237],[57,-357],[-124,-255],[-361,-279],[76,-231],[-209,-206],[-229,-176],[-66,-315],[-162,-237],[-418,-78],[-409,-91],[-286,-334],[-542,-127],[-228,151],[-314,261],[-76,146],[-29,254],[67,304],[19,321],[-390,121],[-543,85],[-237,279],[-153,267],[-342,67],[-447,54],[-343,286],[-19,733],[-380,225],[-362,194],[-532,230],[-657,213],[-647,194],[-418,121],[-533,115],[-523,79],[-352,12],[-418,79],[-229,67],[-371,115],[-323,55],[-438,-19],[-285,-103],[-333,-242],[-371,-316],[-209,-188],[-48,-364],[-257,-315],[-361,-152],[-276,-133],[-314,-212],[-361,-79],[-305,-176],[-361,-303],[-286,-85],[-390,-6],[-266,-61],[-352,-212],[-590,-297],[-685,-225],[-675,-115],[-818,-85],[-457,-55],[-342,-30],[-428,-61],[-590,-103],[-476,-91],[-647,-121],[-618,-97],[-618,-48],[-1180,-73],[-609,-31],[-875,-97],[-1265,-175],[-1807,-304],[-923,-194],[-1227,-273],[-6145,-976]],[[148539,337229],[-114,291],[-58,303],[-76,479],[-38,510],[10,430],[9,207],[48,248],[95,225],[181,333],[571,874],[171,260],[161,225],[-38,333],[-313,382],[-248,273],[-133,176],[-114,364],[-10,225],[38,260],[105,298],[105,151],[199,237],[467,443],[646,557],[229,255],[95,176],[181,243],[190,157],[371,194],[352,79],[409,79],[257,67],[247,170],[124,291],[133,321],[143,225],[171,248],[247,322],[381,382],[371,285],[285,146],[276,151],[200,188],[114,364],[47,358],[-9,285],[28,346],[248,297],[399,176],[495,170],[837,303],[457,170],[390,218],[-134,370],[-1132,303],[-333,91],[-237,249],[57,170],[104,327],[57,279],[38,231],[39,297],[-10,443],[-57,1019],[-48,806],[-9,516],[-19,285],[-162,236],[-143,116],[-380,151],[-362,103],[-694,146],[-666,157],[-628,189],[-656,242],[-409,176],[-485,243],[-362,224],[-266,176],[-323,218],[-381,285],[-295,213],[-200,200],[-237,339],[-105,310],[-19,212],[-19,200],[9,237],[19,448],[-180,286],[-343,54],[-1807,237],[-381,115],[-123,182],[-67,333],[0,219],[19,358],[19,533],[-66,564],[-67,328],[-133,364],[-152,345],[-172,310],[-152,230],[-190,243],[-228,255],[-238,175]],[[236292,454442],[305,-121],[589,-146],[933,-164],[542,-85],[922,-303],[638,-358],[514,-297],[542,-364],[342,-206],[352,-115],[723,-188],[571,-91],[732,-122],[95,-12],[819,-133],[808,-103],[466,36],[143,85],[723,455],[409,206],[247,30],[733,-42],[694,-18],[799,-43],[314,-12],[362,0],[352,-18],[589,-36],[638,-55],[532,-6],[695,-18],[1189,-24],[675,12],[352,30],[799,18],[695,6],[371,12],[532,-84],[-47,-516],[209,-249],[409,-97],[295,-127],[209,-164],[191,-358],[19,-333],[218,-358],[210,-176],[342,-218],[-219,-188],[0,-225],[95,-188],[248,-236],[1151,-934],[190,-128],[371,-200],[285,-182],[447,-248],[352,-134],[533,-48],[371,54],[190,91],[524,134],[342,78],[295,-24],[323,-109],[390,-158],[419,-248],[219,-91],[276,-134],[171,-206],[323,-279],[219,-158],[247,-182],[257,-60],[333,-25],[428,55],[561,115],[143,43],[2882,467],[1085,527],[1075,777],[694,345],[400,104],[409,54],[675,-12],[295,-85],[1170,-431],[1237,-497],[285,-54],[362,-25],[428,31],[314,6],[409,-116],[304,-121],[323,-151],[257,-116],[381,-139],[285,-85],[276,-103],[342,-146],[352,6],[552,85],[-47,388],[-29,182],[48,285],[-96,346],[77,340],[57,267],[-76,303],[-162,206],[-105,140],[-333,260],[-171,358],[-190,231],[-10,212],[-9,370],[-95,673],[304,-285],[171,-206],[257,-219],[114,-175],[257,-194],[295,-261],[228,-213],[229,-91],[409,-30],[542,85],[276,200],[447,85],[295,49],[352,151],[247,91],[419,-36],[95,-188],[-48,-225],[10,-194],[76,-267],[238,-97],[627,-151],[666,-158],[362,-42],[447,6],[1503,91],[865,36],[467,36],[228,0],[399,-30],[286,-6],[390,-145],[247,-176],[438,-249],[333,-127],[256,-79],[371,-43],[276,-72],[533,-176],[504,-122],[352,-157],[266,-103],[267,-134],[409,-91],[637,-473],[476,-315],[399,-140],[390,6],[438,0],[466,-6],[181,-206],[-114,-334],[-67,-297],[-9,-176],[47,-218],[133,-297],[105,-316],[38,-194],[124,-570],[85,-248],[95,-164],[162,-352],[48,-218],[76,-370],[95,-376],[66,-310],[219,-964],[352,-261],[1208,-697],[999,-528],[913,-606],[276,-97],[2521,-395],[4985,-794],[5165,-789],[5907,-843],[295,297],[267,146],[504,152],[295,176],[133,266],[266,43],[457,42],[304,49],[457,30],[704,49],[599,48],[314,37],[-618,-2056],[-96,-316],[-190,-279],[-285,-546],[-257,-576],[-343,-497],[-133,-225],[-209,-321],[-162,-249],[-114,-176],[-133,-248],[-162,-291],[-199,-358],[-124,-200],[-152,-255],[-191,-346],[-152,-248],[-123,-225],[-134,-230],[-85,-152],[-133,-243],[-238,-339],[-210,-255],[-171,-218],[-209,-291],[-219,-316],[-238,-291],[-237,-297],[-105,-152],[-124,-321],[381,6],[200,-218],[580,24],[390,121],[285,-6],[343,-30],[589,54],[324,-36],[371,-85],[542,115],[86,303],[428,225],[380,-73],[114,358],[-685,139],[172,207],[580,-61],[447,55],[362,78],[218,61],[371,85],[390,12],[314,-97],[-66,-273],[-153,-255],[457,-248],[362,-18],[437,12],[219,194],[514,-85],[114,-231],[199,-309],[362,24],[504,-97],[257,-236],[266,42],[438,109],[333,158],[143,134],[133,279],[180,218],[200,164],[419,206],[333,279],[57,291],[-181,267],[-114,212],[152,224],[457,7],[152,370],[209,194],[457,18],[333,54],[247,97],[295,152],[333,176],[295,-79],[276,-164],[323,-97],[428,61],[390,-12],[400,79],[0,230],[-447,188],[85,309],[533,0],[437,19],[552,91],[495,121],[456,115],[229,206],[437,188],[447,213],[352,218],[562,-18],[256,-140],[257,-151],[428,-128],[447,200],[-66,207],[514,54],[313,-79],[343,-103],[342,-48],[276,133],[48,194],[181,182],[513,249],[409,194],[276,164],[314,273],[599,-12],[381,194],[152,260],[247,110],[447,48],[276,115],[29,334],[9,327],[362,104],[304,42],[381,-12],[380,12],[552,127],[257,134],[523,42],[295,-157],[552,54],[95,237],[47,176],[276,169],[381,31],[390,139],[437,170],[333,237],[371,291],[209,212],[-76,255],[305,242],[399,109],[257,91],[333,116],[276,30],[276,230],[342,170],[295,25],[305,175],[256,67],[505,212],[247,231],[514,79],[371,48],[218,91],[419,73],[257,315],[342,104],[542,54],[-38,273],[134,158],[342,139],[304,170],[276,182],[114,170],[172,176],[570,109],[390,36],[257,182],[495,225],[495,0],[304,12],[419,73],[332,-146],[-19,-200],[352,-316],[409,-12],[86,-267],[314,-91],[342,134],[143,139],[485,61],[419,158],[257,315],[409,-115],[447,-67],[247,225],[171,200],[371,206],[533,79],[-181,327],[495,49],[437,-61],[448,-97],[199,-97],[466,36],[162,346],[-266,200],[-19,176],[428,176],[371,152],[47,352],[153,230],[57,158],[76,260],[494,-12],[181,152],[86,206],[-143,316],[-456,133],[-704,133],[-305,104],[-247,194],[-105,260],[-19,243],[38,346],[67,236],[171,346],[200,261],[285,309],[742,728],[666,667],[124,140],[-4576,1431],[-1588,491],[-67,18],[-1113,340],[-961,297],[-922,285],[-695,213],[-770,230],[-818,255],[-410,121],[-351,115],[-429,158],[-38,364],[276,661],[257,97],[352,243],[152,248],[-114,243],[-133,279],[257,255],[323,285],[181,218],[162,291],[76,249],[-19,315],[161,249],[172,242],[152,273],[361,291],[-104,316],[-200,188],[-67,164],[19,297],[19,206],[-38,273],[172,358],[361,139],[200,146],[76,303],[-48,218],[172,358],[390,285],[447,176],[257,146],[371,206],[332,243],[153,266],[-162,213],[-95,170],[85,242],[-256,316],[-124,127],[-314,236],[-257,-12],[-418,140],[-191,230],[-199,328],[-314,157],[-305,279],[-323,128],[-466,151],[-428,67],[-324,31],[-361,157],[-295,152],[-552,48],[-409,-48],[-333,103],[-295,200],[-199,200],[-219,255],[-343,267],[-475,206],[-248,164],[-437,139],[-352,61],[-181,121],[-76,255],[-38,267],[-133,158],[-200,357],[-105,304],[19,176],[181,206],[247,218],[257,200],[923,-170],[1084,-169],[1770,-243],[2283,-109],[494,24],[571,49],[286,6],[513,-19],[371,43],[286,12],[428,-42],[437,-43],[523,-6],[619,-24],[409,-152],[685,30],[599,37],[1246,73],[571,36],[666,18],[76,370],[514,24],[789,-181],[552,-188],[561,-176],[523,-97],[352,91],[428,218],[533,158],[361,-6],[562,-31],[333,-24],[532,42],[400,279],[200,789],[295,770],[47,176],[209,740],[124,224],[276,261],[495,182],[428,91],[409,91],[2026,376],[295,79],[903,309],[314,134],[276,188],[133,121],[362,321],[904,801],[228,328],[76,194],[209,388],[143,273],[228,194],[276,121],[1256,467],[295,109],[475,115],[571,-30],[438,-133],[218,-128],[314,-230],[295,-303],[209,-182],[200,-109],[428,-67],[333,194],[48,212],[76,540],[105,321],[180,322],[162,236],[152,146],[295,164],[514,60],[570,-42],[410,-36],[475,0],[286,12],[570,6],[466,-18],[343,-25],[1874,-85],[580,0],[637,91],[219,37],[400,121],[314,255],[95,230],[-48,273],[-142,243],[-143,157],[-1104,868],[-304,212],[-371,200],[-419,121],[-285,37],[-323,36],[-409,24],[-543,13],[-656,-19],[-371,164],[29,279],[123,249],[352,528],[752,927],[66,110],[-76,242],[-257,97],[-532,140],[-466,170],[-371,157],[-181,109],[-314,225],[-181,182],[-257,333],[-85,237],[-48,388],[19,249],[162,994],[162,419],[190,315],[123,310],[-19,157],[-161,237],[-133,121],[-371,170],[-286,55],[-513,36],[-676,85],[-247,48],[-504,140],[-438,188],[-257,333],[19,249],[57,152],[134,285],[180,309],[295,485],[352,589],[105,206],[28,327],[-133,346],[-162,176],[-304,200],[-333,121],[-980,322],[-342,103],[-400,152],[-390,236],[-190,176],[-124,182],[-142,303],[-114,303],[-200,328],[-276,273],[-904,849],[-219,249],[-152,291],[-104,794],[-77,437],[-142,315],[-95,194],[-438,152],[-295,-36],[-352,-67],[-361,-55],[-533,-66],[-371,-67],[-419,-79],[-913,-145],[-380,-55],[-590,0],[-504,188],[-228,249],[-191,279],[-142,273],[-134,188],[-199,157],[-524,194],[-570,152],[-476,127],[-247,176],[-133,219],[-124,242],[-428,837],[-162,346],[-105,218],[-114,297],[-28,255],[-105,595],[-85,351],[-58,334],[-76,612],[10,595],[47,418],[67,297],[114,389],[57,218],[0,249],[-57,176],[-143,394],[-199,339],[-133,152],[-191,182],[-180,152],[-333,224],[-286,249],[-152,145],[-95,206],[-29,243],[-19,528],[-28,230],[-124,316],[-57,115],[-152,273],[-143,182],[-219,218],[-304,297],[-419,552],[-237,328],[-95,357],[-10,134],[-10,637],[-9,345],[-57,249],[-86,243],[-133,321],[-219,413],[-66,206],[-57,212],[-10,273],[95,315],[76,152],[153,279],[104,188],[38,237],[-66,182],[-124,194],[-48,242],[10,267],[9,121],[67,261],[48,200],[-38,291],[-143,534],[-29,261],[10,297],[-19,285],[-48,176],[-152,231],[-76,169],[-238,389],[-85,248],[-29,194],[48,267],[123,291],[114,243],[76,188],[67,224],[-28,297],[-162,310],[-171,200],[-229,182],[-238,315],[-57,158],[77,255],[142,145],[390,304],[248,345],[-86,297],[-343,710],[-380,807],[-67,364],[10,321],[66,255],[67,418],[10,12],[9598,18165]],[[336821,591482],[1665,-231],[1531,-315],[1988,-491],[2902,-492],[2749,-424],[2806,-382],[980,-219],[1151,-412],[1217,-534],[1475,-940],[371,-237],[970,-733],[1427,-1122],[1684,-977],[599,-242],[190,-67],[856,-273],[990,-231],[913,-121],[866,-194],[1017,-194],[923,-273],[21689,-38398]],[[387780,543980],[-3634,-3427],[-4471,-4633],[-1731,-2117],[-685,-970],[-209,-461],[-3777,-9662],[-152,-534],[-105,-752],[-66,-303],[-219,-285],[-352,-188],[-190,-67],[-466,-127],[-980,-164],[-152,-36],[-657,-61],[-789,-48],[-619,-79],[-789,-146],[-704,-151],[-847,-249],[-47,-18],[-562,-237],[-247,-139],[-590,-358],[-152,-97],[-247,-200],[-295,-298],[-190,-285],[-200,-345],[-247,-443],[-143,-297],[47,-261],[153,-243],[199,-133],[400,-134],[409,-60],[485,-49],[552,-139],[276,-170],[152,-267],[-48,-255],[-304,-230],[-980,-425],[-266,-315],[57,-485],[-29,-200],[-199,-237],[-295,-115],[-447,-103],[-210,-61],[-399,-188],[-229,-212],[-85,-249],[361,-285],[305,-48],[418,-55],[324,-67],[304,-133],[228,-352],[-142,-291],[-409,-158],[-343,0],[-485,109],[-495,43],[-580,-61],[-685,-54],[-228,-103],[-76,-850],[-57,-558],[-257,-84],[-466,66],[-276,37],[-333,236],[105,243],[314,230],[133,249],[-143,303],[-200,158],[-494,212],[-381,6],[-428,-109],[-380,79],[-162,121],[-181,243],[-38,176],[-190,351],[-305,207],[-352,78],[-304,-18],[-219,-236],[76,-346],[409,-655],[609,-1237],[105,-316],[38,-497],[-38,-194],[-105,-303],[-247,-364],[-228,-285],[-371,-304],[-115,-66],[-780,-467],[-1588,-746],[-809,-461],[-295,-200],[-399,-285],[-809,-571],[-361,-218],[-362,-133],[-295,-97],[-342,-91],[-428,-85],[-2188,-498],[-419,-109],[-551,-212],[-666,-303],[-752,-425],[-47,-24],[-447,-303],[-875,-777],[-96,-115],[-247,-303],[-323,-388],[-438,-522],[-808,-1183],[-257,-224],[-286,-182],[-323,-152],[-951,-406],[-390,-145],[-267,-140],[-209,-152],[-200,-279],[-66,-345],[85,-231],[105,-224],[276,-467],[314,-382],[295,-346],[161,-303],[-561,-370],[-86,-255],[-171,-352],[10,-200],[142,-200],[267,-267],[-57,-285],[-95,-158],[-77,-266],[-237,-195],[-533,-157],[-238,-115],[-228,-243],[-114,-322],[-143,-200],[-390,-248],[-257,-97],[-456,-103],[-153,-255],[86,-176],[152,-218],[-143,-243],[-475,-164],[-381,-30],[-333,-24],[-342,-176],[-133,-152],[-219,-382],[28,-255],[162,-200],[76,-346],[-38,-291],[-228,-624],[-67,-292],[-76,-612],[-9,-225],[-10,-606],[-152,-85],[-628,-182],[-542,-164],[-333,-260],[-67,-292],[-161,-309],[-495,-170],[-1179,-394],[-3415,-1358],[-2978,460],[-1950,346],[-675,79],[-1218,36],[-571,61],[-428,67],[-295,48],[-361,12],[-343,13],[-903,-49],[-514,-24],[-361,-55],[-1694,-473],[-199,-42],[-552,-55],[-828,-42],[-304,-25],[-466,-42],[-1132,-218],[-3158,-765],[-1998,-570],[-2207,-922],[-1598,-582],[-1836,-685],[-1389,-570],[-599,-358],[-542,-231],[-400,-127],[-1589,-346],[-19,0],[-837,-206],[-1141,-297],[-885,-176],[-1094,-176],[-2254,-206],[-2160,-127],[-1341,-158],[-1084,-291],[-1132,-316],[-419,-24],[-181,158],[-266,133],[-457,-145],[-199,-79],[-524,-152],[-133,37],[-295,260],[-380,358],[-304,261],[-429,206],[-161,91],[-419,140],[-418,127],[-742,249],[-248,79],[-561,169],[-285,67],[-371,55],[-295,18],[-495,-18],[-561,-49],[-533,-61],[-323,13],[-409,18],[-400,-67],[-247,-103],[-466,-206],[-362,170],[-285,157],[-571,55],[-390,103],[-285,133],[-590,-12],[-352,91],[-181,122],[-295,260],[-513,194],[-286,176],[48,334],[-152,273],[-390,12],[-276,321],[-48,207],[-209,163],[-361,243],[-371,261],[-219,230],[-485,219],[-428,224],[-476,30],[-381,-42],[-237,164],[-362,200],[-285,60],[-238,134],[-228,218],[-29,316],[-9,303],[-162,139],[-152,249],[-257,230],[-190,140],[-390,236],[-267,286],[-19,321]],[[249391,570854],[266,146],[485,109],[419,24],[219,79],[409,-54],[228,327],[-9,285],[513,-60],[562,-19],[85,292],[228,194],[162,230],[466,30],[305,-97],[314,-60],[504,127],[323,164],[514,200],[323,103],[276,85],[314,212],[0,146],[266,206],[543,18],[361,31],[476,-219],[447,37],[276,212],[295,48],[532,97],[457,61],[428,182],[276,-139],[504,48],[304,182],[447,249],[476,218],[171,255],[381,-24],[266,-122],[400,176],[66,249],[276,309],[485,164],[428,0],[352,67],[276,-19],[599,-36],[324,212],[86,237],[-134,297],[0,206],[-209,303],[-219,122],[-285,194],[-105,212],[10,243],[-143,248],[152,346],[305,-67],[295,152],[380,206],[362,303],[285,158],[342,206],[428,170],[343,134],[314,48],[304,121],[143,225],[-10,170],[124,224],[114,164],[362,97],[409,212],[418,49],[409,48],[428,176],[495,79],[400,0],[209,825],[95,321],[143,237],[314,212],[-219,328],[-19,279],[47,272],[-19,158],[-85,309],[-38,231],[-10,394],[-209,334],[-181,242],[-105,182],[-218,237],[-152,121],[-276,340],[-143,236],[-124,176],[-57,303],[67,370],[-86,207],[-19,212],[181,242],[-19,358],[-276,170],[-105,152],[162,236],[209,164],[248,328],[-124,254],[-133,140],[28,279],[76,333],[-123,207],[28,273],[38,151],[-47,267],[-38,188],[228,340],[162,224],[190,261],[133,218],[-9,316],[47,218],[229,340],[9,254],[228,152],[115,303],[133,273],[295,315],[-19,461],[-19,461],[9,340],[19,328],[-28,248],[-58,206],[-95,322],[0,200],[143,230],[590,79],[295,-157],[532,-492],[314,-97],[352,-24],[485,12],[438,-79],[276,-30],[342,0],[324,55],[371,127],[951,509],[171,201],[-57,254],[105,158],[181,182],[180,279],[267,400],[504,206],[333,49],[799,97],[456,55],[457,18],[390,67],[989,194],[485,24],[609,0],[419,0],[542,54],[409,0],[333,55],[590,30],[323,6],[600,-72],[447,-37],[665,-18],[933,-121],[523,-152],[399,61],[115,200],[9,194],[86,237],[-67,321],[371,91],[171,170],[381,157],[371,122],[47,230],[-247,194],[-152,152],[-276,212],[-342,249],[-514,479],[-324,382],[-332,485],[-162,310],[-57,157],[0,255],[66,146],[191,267],[114,218],[0,212],[-10,297],[-85,376],[-172,407],[-237,339],[-847,637],[-381,249],[-209,285],[-38,188],[-209,825],[19,188],[-48,212],[-104,249],[-29,176],[76,242],[86,188],[-48,273],[-200,285],[10,261],[162,382],[570,782],[714,825],[295,310],[342,230],[1636,692],[590,194],[48,12],[685,176],[589,151],[628,91],[1570,219],[1275,188],[1008,145],[4090,437],[514,-188],[457,-85],[418,0],[409,55],[504,157],[219,231],[162,394],[19,285],[-29,352],[19,922],[343,1389],[542,885],[713,497],[647,176],[1037,200],[685,73],[247,-527],[714,-1505],[76,-254],[105,-322],[57,-873],[-238,-649],[-371,-710],[-10,-30],[-276,-691],[-104,-528],[-95,-504],[9,-600],[209,-673],[400,-843],[713,-1025],[438,-455],[875,-613],[837,-588],[628,-497],[219,-176],[495,-479],[504,-716],[361,-497],[229,-655],[38,-413],[-29,-455],[-95,-218],[-219,-503],[-352,-680],[-808,-1571],[-153,-424],[-95,-552],[-47,-588],[57,-540],[371,-673],[618,-716],[685,-637],[1170,-837],[932,-534],[1161,-600],[827,-328],[1247,-406],[351,-97],[1047,-273],[1075,-346],[961,-357],[266,-134],[637,-333],[133,-67],[333,-212],[524,-340],[313,-255],[172,-176],[428,-430],[827,-971],[105,-127],[257,-267],[875,-667],[1360,-461],[1503,-170],[752,79],[780,121],[2711,971],[1931,552]],[[510054,584671],[-57,-176],[-409,170],[38,382],[485,-128],[-57,-248]],[[507714,589420],[-409,-25],[-390,79],[-95,170],[86,285],[561,109],[418,37],[210,30],[409,127],[485,237],[361,145],[352,243],[466,48],[-28,-163],[-247,-322],[-153,-303],[-275,-309],[-191,-128],[-390,-109],[-238,-42],[-409,-61],[-523,-48]],[[336821,591482],[181,673],[666,2396],[218,667],[143,285],[209,424],[181,243],[314,291],[76,61],[504,345],[181,97],[1065,504],[666,242],[2664,734],[4471,771],[1874,436],[1455,340],[285,97],[714,340],[1198,806],[162,140],[580,600],[410,661],[66,176],[57,376],[-9,97],[-38,431],[-48,437],[-67,248],[-180,419],[-257,564],[-276,352],[-428,394],[-29,42],[-380,510],[-124,333],[-247,740],[-19,182],[28,443],[305,1595],[190,546],[219,437],[1484,3444],[428,1365],[38,770],[114,577],[38,800],[-143,601],[0,6],[-390,418],[-1740,1201],[-1361,892],[-1826,1322],[-2654,2135],[-5156,5749],[-3301,5241],[-590,1103],[-485,1874],[-266,1213],[152,2627],[-228,1067],[-3539,6611]],[[405730,658761],[371,-552],[143,-248],[827,-1407],[504,-540],[267,-188],[66,-200],[114,-328],[143,-261],[352,-430],[124,-364],[276,-437],[38,-200],[1389,-1904],[723,-1141],[114,-176],[1997,-2820],[324,-491],[570,-783],[200,-291],[1170,-1795],[504,-673],[67,-85],[390,-425],[86,-91],[1170,-1249],[333,-540],[161,-236],[1332,-1971],[295,-437],[95,-140],[609,-909],[38,-37],[476,-509],[627,-868],[419,-624],[1303,-1704],[219,-322],[57,-79],[523,-734],[95,-145],[267,-346],[19,-36],[342,-455],[286,-261],[218,-243],[124,-206],[171,-261],[153,-169],[304,-346],[238,-309],[475,-686],[409,-467],[86,-103],[190,-236],[210,-273],[199,-279],[219,-370],[200,-243],[304,-291],[171,-182],[143,-255],[209,-370],[134,-212],[209,-194],[257,-231],[219,-230],[475,-625],[657,-800],[646,-807],[428,-625],[409,-473],[333,-376],[257,-370],[219,-236],[371,-346],[514,-588],[513,-710],[828,-952],[571,-625],[1046,-1176],[980,-1141],[1189,-1407],[799,-903],[799,-850],[733,-806],[294,-310],[343,-236],[304,-218],[105,-158],[190,-322],[105,-121],[466,-552],[904,-1013],[523,-515],[247,-231],[95,-224],[152,-194],[486,-382],[352,-364],[294,-352],[162,-182],[704,-734],[1275,-1352],[1741,-1759],[475,-522],[837,-825],[742,-764],[761,-758],[914,-904],[1426,-1340],[543,-461],[295,-321],[342,-376],[257,-158],[504,-370],[647,-631],[333,-303],[295,-152],[675,-527],[419,-467],[104,-91],[305,-249],[447,-321],[180,-128],[914,-673],[647,-473],[1503,-1195],[1503,-1134],[1579,-1152],[704,-461],[694,-449],[219,-146],[1170,-770],[609,-388],[1198,-667],[1484,-843],[1265,-710],[742,-309],[543,-304],[351,-121],[438,-139],[143,-67],[647,-297],[352,-176],[332,-164],[352,-79],[314,-18],[476,-18],[228,-103],[600,-649],[275,-273],[714,-643],[561,-479],[409,-437],[114,-139],[571,-764],[809,-1007],[551,-570],[134,-134],[532,-552],[638,-582],[133,-121],[209,-207],[238,-194],[580,0],[286,61],[323,55],[361,60],[343,37],[418,18],[371,0],[248,-18],[390,-73],[447,-73],[295,-48],[314,-79],[371,-140],[418,-170],[390,-145],[314,-158],[276,-151],[352,-255],[466,-376],[533,-479],[19,-146],[-533,455],[-675,576],[-219,134],[-266,145],[-362,188],[-266,37],[-381,60],[-219,255],[-447,139],[-304,49],[-419,6],[-409,-61],[-390,-54],[-551,12],[-400,36],[-437,-6],[-343,-91],[-295,-127],[-304,-170],[-476,-139],[-380,97],[-229,351],[-257,158],[-323,182],[-913,-176],[-1598,-303],[266,-158],[57,-303],[152,-218],[191,-255],[180,-315],[295,-249],[457,91],[399,79],[533,97],[400,254],[314,261],[275,-48],[162,-219],[124,-145],[95,-243],[-238,-139],[-323,-122],[-562,-66],[-294,-55],[-486,-139],[-447,-31],[-428,-157],[10,-188],[295,-279],[504,182],[542,139],[10,-303],[-29,-273],[19,-437],[124,-418],[85,-225],[162,-285],[171,-224],[124,-200],[238,-285],[199,-170],[229,-182],[380,-249],[495,-261],[190,-97],[381,-163],[390,-225],[523,61],[476,315],[608,388],[438,170],[533,91],[0,407],[0,339],[199,146],[885,-6],[3472,-12],[152,-116],[143,-242],[-1189,-777],[-76,-12],[-2359,12],[-1313,-582],[-333,30],[-323,-272],[-200,-267],[76,-316],[171,-261],[447,-78],[305,-91],[209,-225],[457,-230],[294,-152],[495,-176],[324,-236],[256,-170],[343,-225],[304,-139],[324,-115],[418,97],[276,-24],[352,-55],[219,-91],[904,412]],[[143963,334603],[561,60],[400,18],[438,61],[513,103],[590,140],[885,230],[437,134],[343,133],[209,115],[285,249],[95,170],[29,345],[-209,868]]],"bbox":[100.05456,6.29013,101.1058,7.93892],"transform":{"scale":[0.0000010512410512410583,0.0000016487916487916486],"translate":[100.05456,6.29013]}}