{"type":"Topology","objects":{"districts":{"type":"GeometryCollection","geometries":[{"type":"Polygon","arcs":[[0,1,2,3]],"properties":{"CODE":"9501","PARENT":"95","NAME_TH":"เมืองยะลา","NAME_EN":"Mueang Yala","NAME_CN":"Mueang Yala","COLOR_IDX":1}},{"type":"Polygon","arcs":[[4,5]],"properties":{"CODE":"9502","PARENT":"95","NAME_TH":"เบตง","NAME_EN":"Betong","NAME_CN":"Betong","COLOR_IDX":1}},{"type":"Polygon","arcs":[[6,7,8,9,10,11]],"properties":{"CODE":"9503","PARENT":"95","NAME_TH":"บันนังสตา","NAME_EN":"Bannang Sata","NAME_CN":"Bannang Sata","COLOR_IDX":1}},{"type":"Polygon","arcs":[[12,-6,13,-9]],"properties":{"CODE":"9504","PARENT":"95","NAME_TH":"ธารโต","NAME_EN":"Than To","NAME_CN":"Than To","COLOR_IDX":3}},{"type":"Polygon","arcs":[[14,-11,15,16,17,-3]],"properties":{"CODE":"9505","PARENT":"95","NAME_TH":"ยะหา","NAME_EN":"Yaha","NAME_CN":"Yaha","COLOR_IDX":0}},{"type":"Polygon","arcs":[[-7,18,-1,19]],"properties":{"CODE":"9506","PARENT":"95","NAME_TH":"รามัน","NAME_EN":"Raman","NAME_CN":"Raman","COLOR_IDX":2}},{"type":"Polygon","arcs":[[-17,20]],"properties":{"CODE":"9507","PARENT":"95","NAME_TH":"กาบัง","NAME_EN":"Kabang","NAME_CN":"Kabang","COLOR_IDX":1}},{"type":"Polygon","arcs":[[-19,-12,-15,-2]],"properties":{"CODE":"9508","PARENT":"95","NAME_TH":"กรงปินัง","NAME_EN":"Krong Pinang","NAME_CN":"Krong Pinang","COLOR_IDX":3}}]}},"arcs":[[[671312,882297],[-955,-2354],[-1536,-1607],[-1316,-1308],[-671,-477],[-1136,-551],[-929,-243],[-671,-56],[-723,-28],[-684,28],[-490,-47],[-594,-252],[-465,-299],[-993,-850],[-775,-467],[-1213,-281],[-1794,-271],[-2581,-504],[-1394,-411],[-1949,-738],[-3575,-1430],[-761,-345],[-426,-439],[-77,-374],[-736,-1187],[-1252,-1653],[-555,-505],[-1007,-635],[-451,-439],[-710,-1663],[-800,-1122],[-981,-868],[-1278,-1056],[-413,-318],[-929,-738],[-477,-383],[-659,-719],[-77,-234],[-245,-738],[0,-9],[-78,-1234],[65,-859],[310,-925],[348,-972],[271,-943],[207,-524],[412,-598],[917,-392],[774,-234],[775,-607],[658,-355],[890,-262],[839,-270],[581,-440],[219,-616],[-206,-608],[-839,-1167],[-1200,-1374],[-1278,-1663],[-632,-1186],[-194,-841],[-310,-337],[-735,-327],[-710,-859],[-710,-3457],[-607,-2709],[-451,-1934],[-813,-767],[-1291,-934],[1355,-3550],[4130,-5092],[968,-2102],[245,-2158],[-258,-5541],[-400,-1616],[-1549,-3373],[-1381,-2130],[-1122,-1476],[296,-374],[323,-476],[129,-393],[52,-261],[167,-813],[78,-299],[116,-355],[297,-598],[193,-355],[207,-318],[-1871,-355],[-878,-233],[-619,-795],[-52,-644],[103,-636],[52,-962],[206,-1000],[104,-1121],[-65,-1635],[52,-1280],[387,-560],[1097,-1000],[271,-925],[271,-402],[155,-514],[-52,-523],[-387,-682],[-400,-794],[-542,-738],[-568,-280],[-1265,-645],[-2387,-177],[-2156,121],[-361,-187],[-1588,-785],[-141,-56],[-1588,-579],[-1742,-1018],[-1846,-832],[-2787,-299],[-3240,-9],[-2078,149],[-2542,159],[-2013,159],[-581,-28],[-1575,-75]],[[605466,778871],[-890,327],[-878,318],[-374,140],[-1562,598],[-2194,747],[-1264,766],[-723,832],[-916,981],[-1227,990],[-1174,1411],[-1226,1289],[-2349,1729],[-2246,887],[-1213,1206],[-1819,1168],[-3162,2120],[-865,2215],[-1265,2242],[-1045,925],[-2491,738],[-3033,392],[-2052,-691],[-1587,-1224],[-2336,-1373],[-2220,-822],[-3252,-888],[-762,-150],[-3652,-747],[-5692,-1187],[-2336,-766],[-3110,-1532],[-4969,-2625],[-4775,-2093],[-1084,-486],[-1149,-383],[-129,1448],[104,673],[154,981],[672,1392],[116,1093],[-465,1308],[-1123,813],[-387,448],[-452,365],[-361,588],[-13,533],[-13,719],[-13,953],[297,682],[78,169],[271,401],[245,271],[542,337],[284,205],[258,411],[116,327],[-26,271],[-284,402],[-374,177],[-581,169],[-722,112],[-491,9],[-490,-196],[-194,-168],[-348,-496],[-697,-1999],[-555,-1504],[-607,-570],[-710,-252],[-929,-168],[-671,-29],[-555,94],[-529,140],[-181,262],[-90,813],[-568,1943],[-1458,4783],[-542,1252],[-865,944],[-1252,850],[-723,505],[-993,915],[-1084,1168],[-1110,2046],[-530,850],[-1084,1299],[-1342,1355],[-1316,1345],[-52,94],[-3188,-122],[-1148,-103],[-1575,-373],[-748,-281],[-452,-252],[-400,-392],[-491,-523],[-348,-178],[-684,-168],[-4440,-551]],[[499328,813515],[-38,46],[-2440,1355],[-1910,449],[-3445,878],[-1936,439],[-2440,411],[-2206,831],[-1833,1028],[-3794,1925],[-2336,1224],[-1949,943],[-2491,402],[-2323,2121],[-891,1859],[-348,1579],[155,2224],[-39,925],[-258,467],[-800,831],[-503,440],[-672,224],[-348,0],[-1575,0],[-1535,-224],[-1343,-47],[-2516,-122],[-1975,159],[-865,150],[-516,65],[-606,47],[-775,84],[-813,402],[-245,243],[-387,289],[-658,28],[-1252,-37],[-542,-66],[-788,-46],[-593,37],[-1820,187],[-1626,177],[-865,103],[-826,38],[-645,-38],[-555,-37],[-1032,-131],[-543,-103],[-890,-84],[-426,38],[-516,84],[-994,317],[-890,168],[-375,57],[194,252],[194,467],[-39,411],[-65,262],[-219,812],[-258,355],[-387,477],[-220,299],[-206,392],[-207,458],[-64,383],[38,654],[0,570],[-116,430],[-335,486],[-400,607],[-413,626],[-413,514],[-207,364],[-142,486],[-426,2317],[142,3345],[387,1439],[13,345],[0,1318],[0,607],[439,1869],[13,1821],[-39,505],[-77,355],[-529,1130],[-839,767],[-710,663],[-503,411],[-504,327],[-258,234],[-361,467],[-142,289],[-39,299],[103,402],[568,495],[271,281],[233,299],[77,504],[-284,458],[-361,233],[-852,75],[-1458,56],[-362,56],[-1303,383],[-1885,841],[-2890,1224],[-4040,1616],[-1058,440],[-1859,1252],[-1819,1214],[-1820,1607],[-2026,1813],[-362,448],[-155,449],[-271,924],[-709,1047],[-904,878],[-503,290],[-981,383],[-1768,672],[-787,122],[-504,9],[-1936,-252],[-761,-84],[-2762,-804],[-3523,-738],[-1071,-308],[-620,-234],[-1136,-822],[-813,-504],[-1406,-682],[-839,-327],[-1704,-187],[-1265,-9],[-826,102],[-748,206],[-891,224],[-1419,383],[-2620,570],[-1020,383],[-890,561],[-646,560],[-335,467],[-981,2271],[103,1242],[1433,2074],[787,879],[361,1747],[-90,1429],[-193,879],[-246,607],[-710,878],[-1871,1766],[-1381,1523],[-826,962],[-826,1056],[-955,990],[-826,645],[-1135,1298],[-1717,1748],[-1704,1681],[-3265,2803],[-3071,2364],[-1110,916],[-1265,766],[-1136,514],[-684,336],[-645,607],[-826,878],[-671,1075],[-942,1831],[-1523,3158],[-491,645],[-735,784],[-2401,1888],[-2684,1635],[-1691,747],[-1045,383],[-1071,252],[-1923,290],[-2646,346],[-994,37]],[[334262,926573],[-1742,2560],[-710,1018],[-877,1757],[-555,1149],[64,2513],[90,411],[452,654],[129,141],[426,373],[865,458],[1148,421],[1936,551],[258,46],[1472,393],[374,149],[542,271],[658,477],[1575,1326],[400,393],[916,1074],[2091,2747],[2646,2523],[1006,897],[555,364],[633,224],[374,75],[877,112],[1717,-177],[323,-38],[2284,-448],[2930,-654],[890,-215],[2284,-682],[2220,-570],[91,-47],[709,-448],[2220,-1981],[1110,-906],[4466,-2784],[1187,-860],[555,-523],[1316,-1560],[1317,-1561],[529,-467],[1897,-1420],[968,-841],[2000,-981],[2982,-1196],[2064,-588],[1949,-299],[2272,-150],[1742,-9],[2142,187],[3085,476],[3355,720],[3149,570],[1343,0],[1264,-57],[1136,-149],[1200,-290],[1549,-635],[1200,-682],[1394,-392],[942,-253],[1407,-485],[658,-197],[542,-439],[658,-579],[736,-832],[594,-626],[877,-495],[736,-243],[1471,-345],[1872,-150],[2478,94],[1535,186],[2156,430],[1006,140],[1071,0],[1097,-224],[736,-289],[865,-440],[942,-588],[1058,-533],[671,-299],[736,-383],[1007,-542],[800,-289],[1394,-542],[1277,-196],[1665,-299],[1949,-243],[1200,-10],[1549,0],[1665,234],[1548,290],[1278,186],[800,0],[736,-149],[736,-196],[1264,-439],[1059,-225],[555,-186],[709,0],[1136,84],[1304,215],[761,0],[1304,-113],[2065,-448],[1613,-327],[1910,-299],[1355,-149],[1316,-10],[1059,-37],[1652,140],[1316,37],[2117,-196],[1703,-327],[1691,-355],[2465,-486],[1407,-187],[1664,-74],[1304,-38],[1420,140],[1510,318],[1910,617],[2219,943],[917,542],[864,766],[801,832],[619,766],[852,794],[1265,1131],[968,981],[813,906],[90,196],[168,392],[155,542],[154,253],[246,728],[413,552],[451,392],[762,551],[1316,720],[800,439],[839,355],[362,336],[942,1346],[1755,373],[1213,608],[4375,2765],[5330,14155],[12209,11332],[4091,-597],[581,-430],[671,-421],[1072,-570],[490,-168],[387,-75],[710,-37],[568,28],[865,140],[4349,1009],[1742,337],[439,140],[2129,673],[813,214],[801,122],[555,56],[1213,-65],[851,-19],[723,19],[633,37],[645,93],[723,178],[3265,1158],[1716,608],[387,149],[246,364],[297,402],[322,234],[439,261],[336,187],[258,234],[284,346],[606,345],[645,159],[478,243],[400,374],[297,327],[323,476],[141,280],[207,384],[129,280],[207,523],[129,336],[206,327],[297,318],[426,420],[322,271],[271,215],[284,449],[284,532],[194,327],[26,327],[-142,299],[-103,467],[0,374],[141,458],[220,271],[245,458],[65,233],[77,374],[155,252],[77,327],[-13,393],[26,327],[129,392],[39,514],[-116,729],[-207,495],[-129,280],[-51,533],[-104,355],[-129,233],[-64,421],[310,439],[154,504],[26,477],[168,402],[478,411],[296,252],[504,402],[606,373],[491,281],[348,149],[452,131],[477,75],[723,-10],[671,-74],[349,-66],[568,-121],[645,-103],[516,103],[542,383],[-39,504],[-283,327],[-517,234],[-387,-9],[-452,-29],[-477,-18],[-620,84],[-387,103],[-426,112],[-438,476],[296,495],[323,542],[426,701],[206,374],[207,411],[206,336],[388,421],[219,243],[90,485],[-2013,1747],[-2297,2009],[-426,430],[-232,551],[129,477],[154,299],[142,252],[246,327],[580,149],[504,-364],[593,-682],[478,-476],[619,-346],[465,-47],[555,19],[878,131],[1445,130],[413,94],[400,140],[374,271],[1665,1336],[555,383],[465,234],[748,252],[891,140],[865,-37],[735,-131],[839,-215],[942,-392],[749,-468],[774,-682],[1252,-1485],[271,-243],[413,-224],[619,-337],[375,-130],[503,-131],[632,-178],[672,-280],[425,-252],[413,-309],[413,-327],[349,-420],[116,-420],[39,-393],[-26,-523],[-129,-374],[-258,-336],[-349,-243],[-426,-187],[-529,-103],[-852,-65],[-2619,-280],[-865,-150],[-1523,-514],[-658,-411],[-400,-364],[-788,-1028],[-490,-1186],[-736,-2019],[-296,-1317],[-39,-579],[-26,-449],[103,-541],[155,-664],[439,-822],[774,-1187],[2130,-2363],[877,-766],[1975,-1430],[890,-617],[1046,-822],[942,-1121],[452,-747],[813,-1589],[413,-794],[258,-738],[813,-1532],[465,-682],[271,-860],[193,-728],[39,-851],[-258,-3578],[-155,-1411],[-116,-719],[-284,-682],[-658,-962],[-65,-113],[-335,-682],[-168,-570],[-78,-896],[104,-748],[206,-673],[297,-485],[568,-720],[839,-1140],[1974,-3924],[723,-766],[2207,-2597],[219,-505],[233,-644],[12,-94],[26,-570],[-167,-654],[-607,-878],[-426,-420],[-400,-309],[-516,-177],[-646,-122],[-890,-28],[-2646,262],[-994,19],[-1432,-94],[-1213,-84],[-981,-252],[-981,-327],[-736,-458],[-232,-205],[-335,-281],[-413,-495],[-310,-532],[-78,-355],[-25,-598],[851,-3233],[181,-645],[181,-897],[180,-1093],[104,-1541],[-246,-1691],[-129,-1065],[-25,-916],[116,-607],[206,-421],[671,-915],[1975,-2224],[348,-290],[607,-411],[529,-373],[400,-421],[297,-476],[232,-561],[91,-551],[0,-393],[129,-336],[439,-1121],[387,-1476],[180,-402],[375,-392],[606,-505],[323,-364],[439,-710],[284,-626],[129,-561],[25,-486],[-141,-607],[-259,-439],[-593,-710],[-542,-383],[-891,-374],[-426,-206],[-180,-224],[-78,-560],[116,-393],[-51,-383],[51,-579],[233,-383],[426,-196],[348,-337],[-619,-906],[154,-364],[91,-234],[155,-420],[116,-495],[787,205],[555,9],[800,-186],[284,-271],[-39,-318],[13,-458],[426,-261],[465,-383],[297,-486],[-129,-561],[-491,-504],[-64,-383],[-426,-785],[13,-617],[0,-972],[-104,-700],[155,-486],[336,-327],[516,-355],[1162,-748],[1690,-1616],[478,-458],[271,-149],[1639,-906],[1729,-580],[1704,19],[1329,234],[1058,233],[2194,486],[1704,383],[2426,832],[1859,700],[1923,729],[864,336],[4440,1448],[1200,384],[2878,1009],[671,233],[1768,-131],[1123,-271],[1110,-971],[1187,-1149],[1214,-1336],[1303,-1692],[284,-112],[2013,-747],[6131,-1906],[2413,-953],[3343,-2102],[3859,-2093],[206,-112],[2955,-906],[1523,-215],[1549,0],[1304,364],[903,47],[903,-112],[762,-56],[1110,28],[219,74],[826,318]],[[830738,403445],[-271,-1513],[-64,-262],[-258,-542],[-142,-187],[-387,-336],[-1123,-439],[-1626,-589],[-620,-261],[-477,-168],[-271,-243],[103,-496],[800,-635],[787,-486],[788,-644],[787,-748],[400,-448],[400,-150],[478,-56],[361,-93],[387,-290],[103,-205],[116,-1327],[-77,-766],[65,-495],[142,-346],[451,-729],[491,-794],[284,-626],[90,-392],[-26,-608],[-13,-74],[-258,-617],[-232,-308],[-904,-626],[-813,-598],[-374,-383],[-116,-383],[155,-524],[400,-523],[206,-364],[155,-458],[39,-262],[-78,-738],[-167,-981],[-478,-943],[-232,-337],[271,-523],[736,-252],[864,-346],[891,-607],[877,-738],[1472,-822],[387,-253],[322,-317],[207,-346],[219,-523],[233,-1000],[296,-430],[568,-448],[452,-243],[194,-206],[-78,-439],[-271,-196],[-245,-346],[-271,-532],[-439,-701],[-529,-476],[-413,-253],[-968,-626],[-697,-597],[-942,-916],[-697,-813],[-400,-738],[-194,-645],[-335,-887],[-129,-925],[0,-523],[90,-346],[116,-234],[362,-420],[129,-206],[193,-392],[65,-318],[39,-588],[-104,-785],[-322,-757],[-478,-645],[-297,-289],[-839,-542],[-322,-336],[-155,-327],[-65,-355],[-180,-1019],[-155,-364],[-194,-243],[-968,-869],[-748,-766],[-775,-1177],[-1445,-1831],[-542,-608],[-194,-411],[-13,-327],[129,-355],[362,-411],[297,-271],[348,-224],[620,-84],[632,18],[271,75],[516,206],[478,131],[748,74],[581,-65],[516,-187],[336,-346],[0,-280],[-181,-411],[-335,-420],[-271,-253],[-375,-299],[-271,-308],[-167,-318],[-130,-355],[-51,-458],[-13,-252],[64,-411],[117,-532],[245,-421],[181,-430],[438,-560],[839,-804],[813,-915],[710,-757],[426,-271],[645,-103],[671,47],[478,75],[736,205],[787,365],[1019,420],[1020,290],[774,46],[658,-299],[-25,-355],[-142,-710],[-39,-1962],[-207,-1803],[-348,-1261],[-284,-505],[13,-420],[206,-290],[375,-243],[710,-299],[361,-196],[297,-280],[245,-411],[39,-589],[-181,-1000],[39,-1270],[-116,-495],[-207,-617],[-284,-542],[-348,-467],[-181,-327],[-129,-458],[39,-551],[374,-1084],[968,-2298],[542,-1177],[271,-383],[336,-290],[361,-187],[452,-168],[580,-168],[659,-112],[1019,-122],[1704,-149],[335,-56],[465,-131],[452,-383],[167,-458],[0,-551],[-232,-1131],[0,-448],[65,-514],[103,-206],[426,-887],[258,-308],[297,-169],[697,-74],[593,74],[1304,318],[1006,318],[375,84],[1071,149],[490,103],[529,37],[452,-112],[220,-243],[322,-962],[103,-224],[259,-309],[387,-299],[193,-280],[78,-289],[-65,-524],[-155,-355],[-516,-878],[-284,-570],[-193,-523],[-233,-336],[-426,-206],[-322,-187],[-362,-383],[-748,-1252],[-968,-1121],[-529,-411],[-684,-178],[-749,-65],[-387,-93],[-413,-206],[-452,-374],[-813,-551],[-490,-420],[-813,-486],[-542,-374],[-194,-196],[-219,-448],[51,-514],[52,-140],[645,-1066],[878,-1336],[142,-299],[348,-1018],[129,-579],[-13,-280],[-116,-356],[-632,-1093],[-194,-457],[-77,-365],[-39,-757],[0,-532],[65,-542],[116,-308],[735,-1000],[465,-533],[478,-560],[258,-523],[51,-402],[0,-364],[-116,-645],[-245,-878],[-942,-1832],[-452,-990],[-155,-523],[-103,-495],[-258,-832],[-413,-925],[-245,-560],[-52,-215],[-13,-439],[65,-673],[129,-514],[658,-1252],[77,-243],[194,-1065],[-13,-943],[-116,-384],[-284,-233],[-1303,-738],[-413,-299],[-207,-505],[-13,-607],[-103,-626],[-129,-458],[-245,-345],[-762,-981],[-361,-617],[-65,-355],[13,-439],[91,-327],[322,-477],[194,-233],[800,-617],[413,-252],[1897,-729],[1433,-420],[1716,-75],[1342,140],[1046,206],[1097,355],[297,158],[1290,925],[491,346],[335,196],[439,112],[568,-308],[-13,-346],[-194,-485],[-258,-748],[-232,-822],[116,-551],[206,-411],[1407,-1878],[1884,-2345],[736,-738],[878,-1196],[129,-159],[297,-355],[-671,-262],[-336,-317],[-1174,-197],[-543,-121],[-451,-234],[-413,-336],[-594,-178],[-374,-177],[-220,-299],[-283,-551],[-465,-701],[-607,-673],[-722,-1140],[-710,-738],[-1071,-383],[-1085,-514],[-993,-738],[-568,-383],[-387,140],[-271,290],[-517,103],[-916,402],[-903,355],[-749,-28],[-1329,158],[-826,243],[-503,103],[-1007,38],[-762,130],[-451,-121],[-194,-374],[-26,-775],[362,-841],[335,-1103],[-77,-822],[-207,-1700],[-322,-1140],[-104,-486],[271,-336],[413,-402],[220,-1102],[-284,-1365],[-555,-1401],[-761,-523],[-917,-383],[-735,37],[-839,159],[-1330,617],[-645,551],[-878,112],[-916,37],[-1032,411],[-788,346],[-1006,523],[-671,140],[-813,-242],[-465,-514],[-529,-570],[-1239,-785],[-1355,-392],[-658,0],[-620,224],[-865,18],[-787,197],[-981,523],[-877,953],[-620,691],[-1174,561],[-1704,504],[-1974,514],[-1097,122],[-891,149],[-761,561],[-788,532],[-684,-46],[-309,-468],[-271,-532],[-697,-626],[-1033,-551],[-619,18],[-1278,-159],[-1097,-298],[-1497,-496],[-452,-588],[-348,-654],[-800,-935],[-646,-1121],[-735,-429],[-1020,-1047],[-748,-355],[-2233,206],[-1381,74],[-1626,449],[-2117,598],[-1277,523],[-1162,841],[-710,289],[-864,19],[-1214,-187],[-1006,-18],[-1330,345],[-1084,374],[-1084,262],[-787,-159],[-542,-393],[-839,-37],[-1136,-121],[-1406,93],[-633,505],[-464,1093],[-375,196],[-761,-318],[-916,-859],[-723,-421],[-813,-112],[-658,290],[-646,252],[-658,-28],[-645,-112],[-775,-355],[-929,364],[-568,430],[-851,430],[-439,598],[-465,663],[-245,822],[-387,692],[-646,-47],[-696,-19],[-878,196],[-787,243],[-723,-252],[-426,-533],[-542,-532],[-645,-327],[-542,93],[-413,430],[-465,449],[-942,-47],[-542,159],[-516,252],[-1252,187],[-1226,271],[-1265,448],[-1278,252],[-916,-140],[-761,-28],[-891,-215],[-697,-644],[-916,-888],[-787,-1252],[-839,28],[-671,-18],[-956,-85],[-542,19],[-838,374],[-620,215],[-645,-187],[-297,-467],[-439,-318],[-787,66],[-1071,-131],[-1059,-140],[-890,-271],[-981,18],[-813,327],[-658,580],[-749,299],[-1123,56],[-916,327],[-594,-28],[-1032,-234],[-619,-37],[-1214,-131],[-335,-271],[-1381,56],[-478,-103],[-619,-271],[-710,19],[-671,-159],[-762,131],[-1200,617],[-787,37],[-942,19],[-1033,588],[-1303,1112],[-826,523],[-503,-18],[-246,-281],[0,-532],[-77,-972],[116,-589],[491,-803],[-207,-271],[-361,-430],[-181,-476],[-258,-1411],[-349,-1626],[-477,-1037],[-800,-841],[-194,-728],[-129,-626],[297,-953],[-13,-589],[-194,-570],[-477,-411],[129,-607],[336,-430],[709,-747],[684,-402],[-142,-262],[-567,-542],[-555,-532],[-568,-729],[-942,-822],[-1368,-1925],[-246,-317],[-735,-197],[-1123,-280],[-1329,-355],[-968,-252],[-710,9],[-568,-19],[-645,-317],[-1162,-393],[-955,-588],[-903,-888],[-349,-1112],[-206,-1280],[129,-327],[258,-1037],[-78,-532],[-374,-393],[-813,-177],[-1161,-243],[-762,-486],[-671,-1037],[-426,-822],[-51,-962],[-181,-841],[-426,-552],[-787,-532],[-245,-701],[-336,-747],[-736,-589],[-568,-570],[117,-476],[516,-402],[632,-374],[671,-542],[-129,-691],[-722,-710],[-1510,-1056],[-1265,-495],[-981,-336],[-620,-19],[-438,383],[-26,421],[-413,420],[-491,103],[-619,-140],[-671,-299],[-594,-178],[-1136,-37],[-1032,-10],[-1084,-252],[-955,150],[-723,177],[-568,-28],[-761,-233],[-710,18],[-645,19],[-788,-458],[-529,-290],[-568,169],[-554,392],[-1110,878],[-1110,598],[-633,196],[-477,-214],[-594,-514],[-787,-533],[-1097,-944],[-1433,-1569],[-839,-626],[-567,-411],[-1136,-187],[-775,-355],[-1380,-122],[-1007,38],[-942,-159],[-620,-392],[-787,-823],[-1213,-672],[-865,-608],[-723,-906],[39,-841],[684,-2186],[607,-1074],[606,-1355],[-193,-878],[-400,-1000],[-375,-860],[-877,-654],[-1484,-1485],[-271,-766],[438,-1289],[13,-925],[-193,-701],[-426,-103],[-736,252],[-1110,365],[-1252,271],[-1561,18],[-1226,-392],[-1239,-542],[-723,-785],[-594,-644],[-671,-75],[-929,9],[-1161,-299],[-646,374],[-529,822],[-465,364],[-942,356],[-929,597],[-710,925],[-1084,580],[-1381,588],[-1897,187],[-1742,262],[-1213,514],[-336,682],[-736,364],[-1238,159],[-904,9],[-645,-215],[-839,-215],[-994,-299],[-839,-355],[-1161,-196],[-1355,-168],[-646,-252],[-142,-514],[-232,-467],[-697,-748],[-1484,-878],[-77,-869],[-323,-551],[-413,-645],[-607,-999],[-1213,-1000],[-839,-869],[-671,-841],[-1084,-261],[-671,-430],[-697,-299],[-1123,56],[-1923,215],[-2620,364],[-490,365],[-245,168],[-542,364],[-878,701],[-955,682],[-400,1009],[-206,1336],[-362,1523],[-697,2821],[-387,1075],[-697,187],[-916,-271],[-1136,-281],[-1174,-336],[-1046,-234],[-1032,-28],[-671,290],[-710,336],[-749,-570],[-529,-252],[-864,-177],[-1020,37],[-1033,-112],[-1226,-224],[-709,299],[-259,112],[-619,719],[-400,383],[-865,860],[-1974,1373],[-1523,486],[-646,-570],[-593,-588],[-2026,-299],[-1872,-402],[-1536,-421],[-1574,-37],[-839,-299],[-2504,-561],[-1678,-298],[-1897,-271],[-1471,46],[-1239,-196],[-516,-691],[-800,-1504],[-452,-711],[-1226,-158],[-994,-374],[-813,-477],[-1536,-1354],[-1794,-2093],[-838,-869],[-1588,-355],[-1471,-140],[-994,-66],[-1329,-299],[-1110,-682],[-1097,-812],[-103,-767],[296,-579],[246,-747],[-284,-1290],[-465,-924],[-645,-767],[-78,-719],[-284,-888],[-593,-448],[-839,-299],[-994,-682],[-413,-514],[-400,-747],[-103,-1000],[-607,-1131],[-1110,-1242],[0,-467],[194,-570],[-77,-449],[-530,-841],[-103,-551],[297,-794],[607,-925],[774,-3064],[245,-673],[-155,-542],[-297,-318],[-490,-308],[-400,-261],[-297,-393],[-710,-486],[-477,-943],[-478,-869],[-374,-196],[-903,-197],[-968,-280],[-968,-327],[-568,-598],[-491,-579],[-374,-654],[-77,-607],[-400,-823],[-517,-682],[-748,-1177],[-620,-943],[-942,-748],[-426,-495],[-245,-486],[-581,-897],[-813,-1317],[-310,-1271],[0,-943],[272,-626],[283,-430],[491,-449],[297,-523],[348,-803],[658,-393],[659,-289],[980,-804],[1084,-654],[917,-607],[413,-533],[684,-542],[890,-411],[387,-401],[-219,-608],[-155,-654],[-400,-1018],[-426,-449],[-348,-467],[-245,-635],[-104,-626],[220,-1009],[464,-981],[439,-1233],[168,-664],[658,-485],[1058,-804],[388,-448],[438,-542],[297,-495],[142,-757],[-568,-981],[220,-533],[710,-663],[761,-486],[813,-467],[607,-972],[-129,-803],[619,-729],[684,-757],[-323,-317],[-516,-430],[-232,-533],[-207,-1289],[-232,-2149],[-116,-691],[-452,-449],[26,-841],[439,-570],[219,-607],[-348,-560],[-775,-710],[-25,-589],[296,-663],[91,-589],[64,-719],[297,-299],[542,-430],[568,-346],[891,-140],[658,-93],[142,-608],[-104,-1093],[-374,-1504],[65,-1103],[-736,-747],[-503,-430],[-671,-448],[-813,-243],[-646,-355],[-1406,-449],[-710,-710],[-839,-252],[-891,150],[-735,-85],[-375,-345],[-1084,-514],[-1961,-364],[-491,-468],[65,-840],[-310,-318],[-310,-589],[-684,-504],[-826,-458],[-864,-729],[-194,-785],[684,-420],[490,-860],[194,-906],[116,-289],[697,-309],[336,-411],[167,-729],[-516,-336],[-942,-290],[-490,-429],[-478,-1000],[-619,-635],[-646,-215],[-1058,177],[-465,327],[-361,234],[-503,-84],[-594,-346],[-323,-159],[-606,-121],[-891,-215],[-232,-280],[-465,-589],[-619,-981],[-852,-1467],[-671,-355],[-1084,-514],[-865,-299],[-1652,-392],[-1329,-159],[-710,308],[-839,-65],[-916,-308],[-749,-159],[-761,-159],[-619,-299],[-1252,-439],[-104,-701],[-451,-448],[-710,-159],[-452,19],[-761,401],[-813,215],[-1175,-233],[-1019,-225],[-981,178],[-981,37],[-968,-140],[-1381,-28],[-1484,19],[-1110,131],[-903,-103],[-723,-159],[-710,-177],[-839,-19],[-787,177],[-1458,169],[-814,-103],[-1135,-122],[-594,-233],[-245,-477],[77,-430],[168,-411],[361,-485],[220,-664],[51,-588],[168,-804],[116,-813],[78,-757],[219,-560],[439,-551],[645,-664],[271,-308],[671,-729],[646,-747],[671,-645],[387,-813],[129,-616],[-400,-617],[-749,-504],[-1122,-383],[-1188,-692],[-735,-495],[-594,-486],[65,-1448],[-91,-860],[-529,-682],[-39,-635],[142,-1439],[-64,-579],[-297,-346],[-439,-196],[-800,-327],[-865,-411],[-1690,-673],[-297,-476],[-245,-748],[348,-644],[52,-551],[-736,-215],[-206,-66],[-1020,-56],[-1071,-56],[-633,-196],[-1161,-617],[-1304,-542],[-1032,-252],[-1316,10],[-994,112],[-981,448],[-516,271],[-646,84],[-1006,-93],[-426,-215],[-310,-533],[90,-448],[-38,-617],[-323,-439],[-271,-290],[-297,-1597],[-606,-963],[-504,-448],[-710,-206],[-877,-205],[-1639,-75],[-710,-140],[-194,-374],[129,-364],[65,-832],[-271,-439],[-1007,-271],[-1084,-289],[-1084,-552],[-929,-504],[-516,-168],[-1162,-38],[-1032,178],[-800,224],[-517,47],[-813,-112],[-1084,-355],[-594,-150],[-542,84],[-851,355],[-426,215],[-439,365],[-516,467],[-568,121],[-671,-9],[-646,-159],[-555,-243],[-477,-402],[-723,-383],[-877,-93],[-478,56],[-645,308],[-658,140],[-749,-308],[-607,-252],[-684,-84],[-645,-84],[-1148,-215],[-852,65],[-839,-103],[-813,-289],[-891,-430],[-1122,-383],[-1562,-402],[-1213,-140],[-788,-28],[-1045,-93],[-594,28],[-1032,224],[-645,9],[-671,-65],[-284,-290],[-91,-336],[-284,-290],[-567,-523],[-723,-962],[-413,-589],[-323,-392],[-645,-215],[-800,-252],[-529,-290],[-710,-505],[-800,-672],[-168,-645],[245,-589],[65,-439],[-284,-766],[-181,-486],[194,-345],[412,-710],[1188,-963],[516,-588],[-142,-439],[-335,-365],[-762,-691],[-452,-635],[-348,-234],[-645,-28],[-491,-336],[-1239,-1066],[-1381,-1074],[-864,-448],[-1523,-141],[-1807,-457],[-555,-197],[-568,-588],[-348,-243],[-736,-215],[-942,-392],[-1020,-374],[-981,-486],[-619,-635],[-555,-542],[-1110,-579],[-877,-608],[-1743,-887],[-929,-430],[-568,-308],[-723,-94],[-735,196],[-942,440],[-994,457],[-749,271],[-619,56],[-671,-130],[-607,-178],[-748,-131],[-955,-84],[-1226,-65],[-659,-159],[-284,-280],[-283,-374],[-13,-551],[219,-477],[490,-626],[117,-486],[-194,-719],[-155,-925],[168,-579],[-271,-710],[-258,-580],[400,-775],[0,-682],[-645,-271],[-1227,-299],[-658,-327],[-568,-299],[-645,65],[-1226,430],[-1174,262],[-994,-103],[-929,-336],[-723,-439],[-929,-299],[-1510,-318],[-929,56],[-1201,290],[-993,280],[-659,504],[-348,589],[39,467],[425,1673],[65,672],[-13,766],[-206,374],[-439,589],[-465,327],[-697,514],[-309,504],[25,822],[-309,589],[-517,523],[-542,757],[-64,476],[-336,570],[-322,467],[-155,449],[26,504],[-168,925],[-323,458],[-761,860],[-194,626],[0,9],[-271,1448],[-387,430],[-90,402],[77,383],[348,710],[-12,476],[64,477],[336,402],[567,579],[-232,411],[-387,383],[90,280],[491,262],[309,336],[246,682],[116,617],[-142,616],[-284,542],[-516,430],[-297,318],[-13,336],[-142,355],[-658,869],[-1200,1112],[-1252,813],[-981,1420],[-452,701],[762,906],[593,915],[-64,720],[-220,1336],[-438,1046],[-530,1112],[-555,1131],[-542,710],[-1045,1055],[-439,897],[-193,776],[129,420],[374,2242],[-90,225],[-310,373],[-271,253],[-478,215],[-413,196],[-1252,168],[-1897,878],[-13,84],[52,626],[-90,748],[-258,373],[-452,281],[-478,420],[78,318],[258,411],[206,327],[155,607],[-77,299],[-284,374],[-78,317],[-77,879],[-206,700],[-504,225],[-348,336],[-129,177],[-1872,1337],[-916,513],[-439,776],[-568,616],[-555,187],[-438,56],[-568,178],[-194,299],[116,476],[194,542],[-207,467],[-464,449],[-374,364],[-620,355],[-503,206],[-220,149],[-322,439],[-129,374],[-259,663],[-322,505],[-684,299],[-555,196],[-555,187],[-865,243],[-735,84],[-1007,411],[-1020,383],[-800,299],[-1303,514],[-1110,131],[-697,233],[-271,243],[-258,748],[-323,401],[-245,169],[-13,411],[168,467],[-142,532],[-194,337],[-400,402],[-645,224],[-607,0],[-477,-19],[-671,75],[-310,224],[-452,299],[-439,280],[-593,150],[-439,-19],[-723,112],[-180,327],[-168,449],[-387,373],[-323,318],[-491,308],[-580,383],[-168,477],[400,262],[116,420],[-219,439],[-116,327],[-220,327],[-387,514],[-400,280],[-529,206],[-271,224],[-245,252],[-452,346],[-349,234],[-271,504],[-142,336],[-51,271],[232,355],[232,281],[362,140],[464,28],[620,131],[606,355],[426,233],[0,514],[-77,290],[219,448],[-116,336],[-322,412],[-530,411],[-232,373],[-529,570],[-310,299],[-723,253],[-838,-19],[-542,28],[-426,196],[-362,215],[-400,47],[-464,-38],[-633,140],[-464,47],[-530,19],[-451,-66],[-633,-186],[-542,-206],[-580,-37],[-271,336],[-259,533],[-219,261],[-555,458],[-245,215],[-387,252],[-323,131],[-671,233],[-478,374],[-451,402],[-529,187],[-271,532],[-465,383],[-426,243],[-52,439],[155,299],[258,281],[233,495],[361,682],[258,486],[-90,392],[-207,280],[-529,10],[-361,28],[-452,103],[-736,-103],[-490,-75],[-413,-196],[-271,-449],[-413,-504],[-168,-234],[-271,-327],[-477,-532],[-504,-19],[-761,196],[-671,131],[-349,252],[-245,281],[-464,476],[154,486],[413,196],[375,187],[-39,486],[-258,327],[-297,233],[-336,430],[78,346],[245,261],[387,299],[400,299],[168,486],[168,365],[-310,373],[-426,-56],[-374,-102],[-374,457],[439,505],[413,224],[296,224],[452,430],[271,215],[465,224],[451,196],[401,402],[219,458],[206,280],[220,458],[-400,402],[-439,430],[-400,65],[-516,-37],[-413,46],[-775,47],[-555,47],[-722,205],[-646,215],[-451,150],[-491,299],[-284,392],[-400,420],[-245,253],[-374,271],[-297,102],[-542,169],[-491,336],[-180,233],[-271,374],[-491,150],[-710,271],[-697,205],[-335,290],[-490,-66],[-388,-140],[-387,-56],[-439,38],[-335,224],[-232,336],[-723,290],[-749,-47],[-464,234],[-388,130],[-619,94],[-529,271],[-504,84],[-645,233],[-516,327],[-323,215],[-477,215],[-555,-103],[-336,-383],[-258,-289],[-219,-280],[-297,-664],[-181,-196],[-490,-374],[-581,-121],[-516,392],[-284,290],[-271,271],[-542,84],[-258,-355],[-517,-589],[-438,187],[-439,140],[-736,122],[-439,140],[-219,448],[219,552],[233,336],[-271,439],[-194,327],[-323,252],[-167,290],[-26,439],[232,243],[426,252],[710,308],[503,281],[-142,327],[-503,177],[-452,234],[-581,47],[-348,-150],[-516,0],[-336,262],[-206,495],[-375,140],[-554,383],[-530,-93],[-374,476],[-245,533],[13,429],[232,262],[361,206],[413,205],[271,308],[0,561],[194,514],[207,131],[284,467],[-272,355],[-25,233],[167,355],[142,374],[-206,280],[-297,271],[-181,440],[78,560],[168,318],[555,364],[413,206],[477,373],[258,243],[129,383],[-271,355],[-64,290],[-581,243],[-697,168],[-361,327],[-633,280],[-516,-205],[-581,-140],[-490,93],[-400,75],[-413,9],[-568,-28],[-336,84],[-542,140],[-645,-252],[-336,-205],[-283,-234],[-233,-308],[-206,-290],[-465,-271],[-581,-187],[-309,281],[-65,336],[-39,448],[-400,439],[-451,-149],[-452,-448],[-439,-355],[-568,-356],[-284,-317],[-219,-327],[-284,-374],[-439,-411],[-322,-318],[-439,-196],[-284,-103],[-723,-177],[-542,-159],[-465,-56],[-593,47],[-762,121],[-1161,47],[-1059,84],[-606,-112],[-607,-187],[-981,-19],[-1948,168],[-349,-18],[-568,84],[-516,149],[-413,84],[-619,-28],[-413,-140],[-388,-177],[-412,-28],[-659,-290],[-606,-617],[-413,-327],[-1226,-663],[-413,-280],[-594,-598],[-271,-290],[-736,84],[-606,47],[-633,299],[-374,299],[-400,121],[-594,150],[-464,65],[-375,56],[-387,187],[-180,346],[-297,318],[-439,317],[-387,215],[-387,262],[-246,224],[-400,149],[207,477],[374,271],[220,224],[-155,505],[-310,130],[-1910,645],[-400,196],[-439,467],[-258,552],[77,784],[-619,57],[-710,177],[-77,374],[-39,476],[155,477],[116,373],[-13,234],[-490,430],[-530,205],[-490,215],[-374,196],[-297,468],[-245,364],[-91,533],[104,317],[-91,280],[-1458,1112],[-710,365],[-594,-38],[-735,168],[-620,711],[-684,523],[-1471,383],[-594,392],[-193,682],[-297,1000],[-633,570],[-735,448],[-710,701],[-645,794],[-336,804],[-142,1139],[52,916],[206,1373],[26,505],[-400,589],[-219,411],[-194,822],[-361,560],[-413,496],[-452,467],[-581,308],[-723,0],[-348,-121],[-684,-159],[-568,18],[-710,271],[-722,355],[-633,430],[-568,112],[-1006,271],[-620,290],[-1110,336],[-1006,75],[-1897,65],[-1265,56],[-684,159],[-788,393],[-567,1158],[-52,355],[310,1177],[748,1028],[-77,327],[-684,159],[-400,-159],[-646,-47],[-464,178],[-607,467],[-516,533],[-439,579],[-542,607],[-348,505],[-387,887],[-142,860],[-142,430],[-400,149],[-814,122],[-967,0],[-362,-187],[-645,-290],[-762,-495],[-555,-75],[-1006,206],[-684,252],[-736,691],[-1032,1561],[-1201,2186],[-116,785],[-374,252],[-813,0],[-736,-159],[-787,-318],[-645,-663],[-568,-869],[-349,-355],[-916,196],[-994,243],[-684,168],[-1174,243],[-219,337],[-401,700],[-245,430],[0,243],[310,430],[116,841],[-90,1112],[0,569],[-194,879],[-206,1149],[-297,1532],[-581,953],[103,374],[517,514],[-65,1130],[-297,1093],[-839,1000],[-632,542],[-271,532],[0,505],[129,944],[-284,523],[-787,336],[-1213,523],[-788,346],[-438,645],[245,392],[619,411],[26,514],[-413,467],[-813,916],[-219,532],[25,766],[13,897],[297,841],[297,271],[865,84],[710,84],[645,467],[619,374],[917,103],[1329,37],[1510,28],[1007,122],[864,355],[968,233],[710,552],[1020,672],[1781,1645],[1910,1850],[413,233],[555,308],[838,178],[1407,327],[981,308],[297,495],[77,916],[-103,2270],[103,1000],[568,318],[1381,299],[891,429],[619,589],[-168,374],[-129,663],[-335,626],[-465,953],[-142,467],[362,374],[567,215],[671,84],[1381,65],[813,318],[672,785],[567,523],[865,318],[994,336],[426,467],[593,944],[426,663],[388,570],[477,533],[426,588],[142,748],[426,327],[787,-206],[710,-177],[619,289],[865,589],[310,672],[-155,430],[-736,561],[-735,532],[-930,1093],[-438,823],[-129,607],[-530,794],[220,477],[129,504],[297,944],[-413,757],[-646,728],[-1122,1065],[-955,664],[-400,588],[-271,533],[-413,1009],[38,607],[542,551],[710,393],[478,607],[51,495],[103,561],[788,1028],[968,953],[516,224],[452,364],[0,299],[-220,523],[-219,281],[-52,934],[129,570],[-297,336],[-193,365],[26,317],[296,355],[478,626],[155,738],[-52,841],[155,692],[26,467],[-271,373],[-219,430],[-168,308],[51,496],[323,579],[594,514],[-142,532],[-323,411],[-219,617],[-271,635],[38,1056],[-103,701],[-245,785],[-491,541],[349,412],[542,214],[478,-56],[877,-252],[774,-131],[1110,38],[813,439],[762,747],[697,897],[581,1000],[-52,411],[271,1000],[52,644],[-220,664],[-258,728],[-52,608],[129,644],[272,486],[864,692],[1368,943],[1652,626],[1265,402],[671,607],[219,626],[-271,561],[-245,373],[0,748],[233,411],[400,570],[464,551],[516,252],[478,103],[658,-84],[516,103],[581,318],[929,485],[775,785],[722,1243],[52,719],[0,682],[129,458],[452,803],[387,542],[620,692],[451,532],[542,365],[594,140],[671,28],[1033,336],[1406,720],[426,373],[349,608],[619,803],[-52,411],[-258,458],[26,364],[-155,692],[-284,756],[-322,533],[-658,383],[-517,-37],[-529,-19],[-490,290],[-413,289],[-103,299],[51,365],[336,803],[-26,748],[-26,588],[77,505],[-167,233],[-400,243],[-388,187],[-296,318],[-465,345],[52,337],[77,467],[219,626],[452,355],[1136,607],[890,477],[968,252],[1330,47],[1174,-187],[1187,-122],[943,178],[890,261],[245,355],[297,355],[542,150],[620,177],[645,299],[761,318],[233,411],[245,290],[736,224],[542,271],[567,28],[994,-336],[1278,-215],[3007,-813],[2388,-561],[929,-168],[722,299],[646,-159],[1071,-719],[439,-785],[1084,-1270],[1161,-402],[955,-290],[1304,-682],[942,-355],[555,-364],[206,-337],[555,-364],[968,140],[736,94],[749,0],[296,224],[297,364],[245,299],[517,75],[619,-56],[491,28],[348,215],[245,448],[52,589],[-13,504],[77,552],[297,513],[349,290],[245,262],[52,364],[-297,392],[103,318],[387,252],[723,66],[1110,-215],[890,-178],[1123,-56],[916,103],[323,234],[52,317],[77,505],[155,710],[374,682],[710,626],[916,318],[1214,140],[890,-94],[1226,-448],[981,-505],[632,-140],[426,56],[1213,337],[930,37],[813,-65],[619,-430],[852,-393],[994,-448],[593,0],[981,308],[762,-103],[606,-186],[413,242],[671,440],[620,121],[710,-9],[826,-225],[929,-298],[1974,-767],[1549,-803],[1046,-617],[709,-420],[323,-682],[477,-561],[478,-486],[929,-728],[555,-673],[826,-495],[736,-271],[555,-355],[258,-346],[361,-467],[349,-336],[658,317],[39,318],[309,271],[413,187],[594,56],[465,121],[322,327],[-129,337],[-39,392],[478,1037],[26,589],[219,803],[207,411],[0,299],[-246,402],[-90,355],[-155,411],[26,430],[207,336],[567,337],[788,392],[864,729],[104,504],[103,467],[374,533],[-26,570],[-413,504],[-516,393],[-955,719],[-465,645],[78,701],[245,803],[-142,925],[568,37],[568,-18],[645,215],[865,9],[1174,-178],[891,-233],[426,280],[413,626],[51,804],[-38,28],[-439,850],[-65,523],[233,729],[335,523],[207,1588],[64,187],[-64,598],[322,299],[517,308],[1109,365],[646,570],[206,579],[142,747],[671,215],[620,122],[710,37],[671,243],[297,486],[180,607],[787,1046],[1020,1393],[749,859],[400,140],[542,215],[322,393],[0,429],[-219,533],[-671,439],[-465,355],[-271,533],[-168,504],[-490,897],[-439,430],[-606,252],[-517,290],[-348,710],[-452,841],[-929,1298],[-452,439],[504,178],[503,37],[310,290],[748,112],[349,-327],[232,-159],[774,-243],[813,-37],[620,215],[761,420],[749,290],[1058,-150],[710,103],[206,364],[465,384],[349,383],[245,457],[129,542],[400,122],[465,0],[761,159],[529,242],[542,150],[762,65],[425,159],[375,514],[348,589],[297,364],[465,159],[671,261],[348,412],[142,485],[323,411],[374,47],[491,159],[529,663],[710,234],[516,-252],[645,-505],[516,-588],[387,-271],[814,336],[671,467],[542,374],[697,439],[180,467],[52,533],[77,542],[168,457],[374,682],[26,449],[181,336],[439,411],[155,449],[-52,551],[13,607],[245,916],[400,1336],[542,318],[916,336],[1485,803],[1135,645],[723,392],[671,1178],[103,906],[-90,719],[103,495],[246,374],[542,215],[645,-56],[490,-56],[517,234],[490,532],[555,542],[387,196],[891,47],[864,215],[620,411],[348,317],[-348,412],[-658,738],[-284,644],[-129,355],[-91,430],[26,467],[78,337],[400,766],[-297,252],[-646,392],[-658,169],[-748,299],[-1007,168],[-1058,411],[-710,205],[-490,-18],[-426,-122],[-671,-131],[-542,56],[-439,346],[-568,355],[-413,178],[-736,112],[-400,308],[-439,663],[-348,393],[-710,271],[-1007,233],[-103,505],[478,299],[387,299],[181,504],[-117,393],[-697,233],[-593,56],[-878,56],[-968,169],[-710,-38],[-968,-215],[-813,-121],[-761,196],[-1084,206],[-1820,579],[-568,551],[-155,308],[39,393],[245,626],[349,943],[-91,683],[-374,467],[-581,887],[-167,682],[271,589],[426,392],[296,766],[-180,374],[-168,187],[-323,523]],[[351117,360393],[1446,150],[568,9],[697,-178],[567,-242],[271,-150],[517,-392],[335,-187],[620,-224],[1303,-346],[362,-75],[993,-93],[607,-10],[684,56],[632,150],[1046,402],[2039,1149],[258,187],[1316,1055],[775,645],[400,234],[464,196],[478,131],[594,56],[774,-94],[1084,-289],[2155,-654],[310,-75],[2439,-392],[155,-38],[1407,-355],[245,-56],[1149,-149],[219,-10],[671,66],[529,149],[452,196],[968,477],[684,205],[761,10],[1072,-112],[709,-19],[581,56],[542,149],[374,271],[297,346],[271,477],[426,420],[323,196],[710,234],[606,103],[697,37],[1007,-47],[684,-205],[490,-103],[671,37],[555,215],[568,346],[710,532],[374,327],[387,253],[543,158],[374,10],[464,-196],[594,-150],[555,-9],[658,289],[529,-56],[465,-439],[336,-392],[387,-224],[761,0],[594,149],[155,561],[-78,364],[26,505],[13,317],[555,421],[632,-66],[388,-46],[542,261],[206,280],[245,234],[39,392],[-116,327],[-26,281],[13,420],[323,430],[671,-234],[322,-467],[478,84],[606,-9],[478,56],[348,-9],[568,-56],[452,186],[-116,477],[77,290],[103,327],[-38,317],[168,458],[490,112],[749,187],[813,47],[658,56],[348,75],[723,261],[336,290],[-13,271],[619,168],[594,-94],[451,141],[555,392],[413,514],[336,346],[400,242],[800,56],[400,-168],[542,-84],[336,0],[658,84],[542,439],[362,496],[438,196],[413,205],[413,-37],[775,65],[503,-74],[607,-66],[271,-9],[555,37],[413,-65],[258,-430],[374,-131],[452,-112],[709,66],[168,-477],[-129,-402],[194,-289],[348,-168],[671,-75],[375,317],[25,346],[142,439],[-51,234],[-26,514],[90,411],[749,9],[310,-318],[245,-476],[348,-84],[568,-9],[439,-75],[800,9],[658,-318],[-400,-373],[-400,-140],[-503,37],[-555,56],[-362,-234],[155,-467],[426,-243],[581,-411],[529,-289],[762,112],[387,-131],[387,-149],[516,-122],[633,-252],[632,-28],[348,159],[220,457],[568,169],[593,-150],[684,-271],[400,-187],[633,-140],[735,243],[439,-327],[-39,-318],[39,-383],[258,-439],[39,-336],[245,-477],[375,-121],[593,-206],[787,-37],[491,-149],[542,-355],[297,-318],[168,-514],[-117,-206],[-296,-476],[296,-542],[388,196],[503,-112],[323,-476],[232,-402],[335,-336],[-284,-318],[-567,-421],[-284,-429],[-271,-290],[-362,-458],[220,-467],[529,0],[361,-37],[323,-467],[193,-421],[117,-430],[374,-242],[426,-113],[671,-65],[529,-252],[452,18],[774,-140],[478,28],[696,66],[930,28],[710,-159],[361,-290],[361,-364],[491,-299],[348,-112],[594,-112],[632,-75],[478,-28],[813,37],[477,-37],[555,-355],[671,-252],[491,56],[735,65],[568,84],[426,-19],[568,-233],[439,-224],[568,-299],[426,-215],[671,-150],[542,-18],[580,102],[323,477],[-51,299],[451,280],[516,66],[504,457],[13,383],[-78,533],[0,589],[65,495],[632,280],[787,19],[697,-262],[1033,-486],[232,-84],[1846,-486],[619,-130],[1962,-243],[1432,-187],[555,-122],[1665,-542],[362,-196],[245,-233],[568,-486],[1961,-1579],[671,-449],[233,-102],[632,-84],[245,0],[1149,56],[2052,243],[542,74],[516,131],[245,290],[323,448],[542,28],[439,-317],[413,-178],[619,75],[310,205],[529,-28],[439,-112],[671,-18],[400,420],[529,430],[413,84],[878,177],[568,159],[297,187],[348,262],[181,345],[-258,495],[413,449],[619,-9],[284,-178],[529,-112],[736,140],[361,94],[504,224],[464,458],[362,233],[154,449],[620,196],[477,205],[1665,720],[1756,1149],[813,663],[658,421],[2762,1551],[1458,728],[90,28],[839,215],[1213,159],[400,19],[1278,121],[3820,533],[1433,233],[490,-9],[542,19],[323,37],[503,-140],[594,-271],[374,-103],[439,-252],[284,-243],[284,-346],[52,-299],[-233,-317],[-51,-467],[529,-411],[51,-393],[0,-476],[310,-346],[426,-374],[516,-103],[594,28],[465,-9],[567,-215],[697,-280],[297,-234],[297,-373],[168,-271],[155,-281],[619,-18],[710,0],[361,-346],[491,28],[451,56],[491,-103],[464,-327],[710,-140],[465,84],[503,-112],[413,-411],[271,-299],[155,-430],[39,-373],[103,-243],[219,-523],[633,261],[490,0],[375,28],[567,0],[362,56],[671,131],[671,75],[477,112],[168,271],[233,420],[116,439],[568,178],[387,355],[245,252],[542,280],[723,169],[852,-1084],[542,-570],[735,-701],[362,-532],[64,-337],[-39,-542],[-38,-1055],[-78,-580],[-64,-214],[-207,-346],[-193,-206],[-530,-439],[-296,-448],[-297,-561],[13,-420],[671,-1346],[142,-448],[77,-477],[0,-252],[-51,-504],[-362,-1215],[-129,-561],[13,-205],[142,-486],[284,-532],[129,-505],[90,-719],[-38,-402],[-116,-430],[-233,-962],[-813,-1374],[-387,-467],[-129,-215],[-207,-448],[-64,-383],[103,-383],[349,-355],[619,-327],[336,-159],[322,-439],[-26,-337],[-77,-644],[207,-439],[335,-365],[194,-224],[258,-439],[90,-234],[65,-887],[167,-860],[336,-915],[219,-1075],[91,-243],[477,-616],[142,-234],[310,-682],[90,-318],[0,-588],[-297,-729],[-64,-504],[155,-1019],[684,-2009],[284,-1233],[1484,-4204],[258,-1271],[168,-962],[-26,-813],[52,-318],[142,-411],[258,-364],[387,-327],[1071,-458],[336,-355],[335,-1383],[116,-289],[659,-1177],[64,-150],[194,-729],[38,-803],[129,-449],[439,-383],[478,-130],[787,-234],[452,-392],[258,-449],[51,-159],[91,-850],[38,-822],[-77,-271],[-181,-299],[-709,-663],[-530,-617],[-206,-411],[-90,-570],[-65,-850],[26,-224],[155,-561],[51,-327],[413,-271],[542,-215],[646,-532],[684,-645],[1058,-1084],[206,-280],[517,-962],[322,-804],[52,-234],[13,-766],[77,-719],[168,-570],[142,-308],[684,-963],[852,-1111],[1110,-1402],[310,-514],[593,-1569],[91,-197],[374,-476],[310,-523],[129,-523],[0,-169],[-104,-541],[-206,-393],[-168,-205],[-748,-738],[-439,-598],[-78,-159],[-129,-551],[39,-617],[284,-477],[452,-317],[193,-94],[1226,-504],[310,-178],[658,-626],[839,-943],[478,-383],[283,-178],[1059,-430],[1032,-401],[245,-131],[710,-542],[839,-720],[658,-541],[904,-468],[1561,-598],[1046,-513],[1574,-776],[865,-560],[1200,-963],[787,-542],[646,-308],[503,-168],[478,-112],[438,-66],[813,-112],[323,-65],[465,-159],[335,-187],[336,-299],[323,-420],[90,-365],[-155,-1186],[-77,-654],[38,-589],[104,-504],[735,-1364],[1149,-1757],[581,-962],[296,-439],[155,-224],[452,-402],[761,-206],[530,131],[890,523],[439,309],[890,803],[375,252],[645,374],[1290,710],[581,411],[271,299],[233,402],[116,504],[-13,299],[-91,552],[26,317],[310,383],[568,281],[619,177],[362,47],[1303,56],[955,93],[233,56],[761,234],[568,318],[439,168],[529,140],[413,75],[568,9],[1200,-47],[439,-46],[1110,-187],[774,-253],[761,-65],[478,19],[426,84],[477,205],[775,664],[206,430],[168,242],[490,430],[530,309],[180,74],[736,196],[271,57],[903,112],[671,196],[917,420],[916,589],[994,925],[451,271],[581,196],[607,243],[426,308],[155,252],[103,374],[26,748],[-13,392],[103,439],[142,402],[529,897],[116,495],[-26,327],[-90,336],[-271,1075],[52,327],[309,373],[878,524],[194,140],[335,317],[181,225],[335,728],[181,991],[181,514],[310,616],[206,262],[503,532],[413,355],[246,290],[232,439],[284,841],[439,785],[477,803],[491,505],[490,364],[477,281],[388,177],[1871,673],[439,112],[2194,318],[710,28],[632,112],[658,299],[594,392],[1213,1084],[529,663],[1175,1990],[232,271],[426,430],[1019,981],[852,1158],[723,1262],[103,233],[103,561],[-129,355],[-490,701],[-581,579],[-258,383],[-181,346],[-142,448],[-593,2270],[-491,1215],[-64,383],[-39,486],[77,402],[271,523],[736,850],[968,906],[1239,1505],[826,710],[632,691],[388,299],[826,486],[25,9],[891,355],[245,84],[1213,262],[646,261],[645,524],[890,1046],[646,916],[103,476],[-245,224],[-801,-121],[-606,-140],[-620,-56],[-671,-10],[-413,75],[-697,280],[-774,710],[-1123,1112],[-348,309],[-555,383],[-736,747],[-64,84],[-749,1233],[-581,832],[-155,374],[-38,345],[90,421],[361,345],[465,178],[594,355],[1032,710],[387,430],[181,317],[129,374],[129,1215],[91,1859],[400,2111],[103,729],[13,495],[-78,253],[-309,355],[-1872,999],[-890,458],[-413,280],[-516,449],[-297,318],[-336,457],[-155,327],[-309,1075],[-104,626],[13,644],[39,206],[335,747],[801,2177],[374,1019],[155,710],[13,187],[-155,1784],[-155,916],[-207,551],[168,579],[413,252],[1058,701],[646,589],[245,317],[232,421],[39,196],[-13,598],[-193,841],[-39,785],[-103,971],[-39,1028],[64,346],[258,663],[39,308],[-26,402],[-438,1308],[-220,477],[-271,317],[-464,402],[-1085,607],[-258,393],[-13,224],[65,411],[413,748],[503,859],[271,589],[504,598],[387,401],[168,225],[258,822],[180,1065],[-25,383],[-142,757],[-39,1074],[116,355],[258,467],[336,327],[1471,785],[994,729],[309,168],[801,280],[1381,290],[296,19],[2001,-103],[555,37],[400,234],[206,831],[375,991],[206,327],[271,327],[374,336],[788,495],[735,355],[529,168],[736,150],[813,84],[1355,19],[1265,-19],[761,-93],[607,84],[645,196],[594,336],[361,346],[375,645],[426,383],[684,261],[348,38],[955,0],[1407,-94],[516,28],[1174,262],[349,121],[994,458],[722,243],[413,93],[968,187],[1381,439],[297,140],[400,281],[181,261],[116,374],[-39,514],[-155,364],[-361,439],[-297,468],[-129,532],[142,1336],[168,523],[26,299],[-52,1729],[13,93],[207,1056],[129,290],[464,635],[336,271],[374,215],[619,149],[1227,28],[309,-9],[581,-84],[413,18],[1007,187],[1290,318],[775,299],[490,299],[542,542],[878,972],[464,607],[194,159],[1045,429],[2259,673],[761,140],[839,140],[245,10],[878,-56],[594,84],[296,364],[-12,626],[51,215],[245,486],[181,215],[490,514],[568,336],[323,121],[1691,458],[555,224],[929,589],[439,364],[490,477],[219,327],[207,626],[13,271],[-116,523],[-542,1196],[-39,177],[-52,505],[39,402],[103,345],[349,486],[439,318],[516,196],[490,75],[568,18],[710,-28],[594,-93],[632,-159],[348,-112],[1059,-420],[697,-215],[503,-103],[736,-37],[296,18],[542,56],[981,215],[620,187],[348,159],[452,290],[284,242],[181,309],[232,654],[271,607],[348,486],[400,271],[401,159],[438,74],[659,-18],[593,-271],[207,-318],[77,-504],[26,-692],[0,-336],[64,-411],[117,-252],[232,-318],[516,-421],[568,-186],[813,-19],[762,187],[658,93],[542,10],[593,-66],[659,-168],[826,-374],[335,-196],[942,-626],[362,-205],[516,-215],[684,-103],[568,9],[671,150],[645,373],[387,449],[207,448],[26,598],[-117,327],[-271,486],[-477,663],[-297,561],[-90,224],[-78,393],[39,532],[207,280],[348,187],[413,28],[555,-215],[323,-261],[464,-215],[645,-37],[375,149],[232,336],[78,281],[180,402],[232,298],[685,262],[593,0],[387,-177],[400,-337],[788,-878],[413,-570],[348,-290],[813,-65],[452,168],[206,271],[168,355],[271,421],[181,205],[477,262],[478,112],[774,84],[749,-9],[413,-66],[400,-112],[516,-196],[426,-159],[387,-215],[504,-243],[490,-37],[697,177],[335,505],[0,318],[-64,476],[-142,458],[-129,495],[64,458],[400,504],[478,299],[1381,524],[774,289],[1188,383],[580,290],[439,149],[439,75],[697,9],[594,-84],[413,-327],[245,-383],[271,-317],[413,-365],[232,-243],[232,-299],[233,-308],[593,-346],[504,-140],[813,38],[645,243],[736,270],[297,122],[516,224],[413,19],[477,-150],[697,0],[400,103],[400,94],[671,56],[452,-225],[258,-196],[323,-299],[361,-308],[284,-224],[336,-187],[581,-215],[451,-65],[400,-57],[413,-46],[736,-47],[658,-121],[426,-56],[671,233],[258,234],[594,18],[645,47],[633,19],[632,-262],[529,75],[349,121],[413,112],[709,103],[736,-140],[413,-271],[245,-346],[555,-261],[336,-234],[516,-327],[400,-112],[516,-47],[710,19],[891,-9],[839,9],[1058,0],[464,-19],[555,-112],[413,-233],[271,-299],[465,-411],[542,-19],[361,65],[542,-18],[452,-150],[439,-430],[103,-196],[207,-430],[142,-327],[309,-401],[259,-178],[696,-411],[581,-289],[555,-197],[684,-168],[813,112],[504,196],[619,206],[774,-84],[968,-234],[775,-37],[297,65],[490,150],[658,-215],[465,-121],[232,429],[0,290],[594,262],[451,-85],[633,103],[271,346],[632,233],[568,47],[542,-47],[787,-56],[710,-18],[994,9],[503,-19],[542,-74],[2724,-355],[761,-169],[826,-233],[581,-122],[542,-74],[787,-47],[981,0],[1820,140],[425,-9],[3601,-327],[516,-84],[762,-225],[271,-56],[916,-56],[1510,-289],[491,0],[1226,327],[232,18],[1252,56],[387,-9],[1162,-84],[348,-75],[1729,-514],[1394,-523],[91,-28],[748,-159],[284,-28],[1781,28],[2865,-84],[2452,-205],[1665,-75],[2594,131],[1833,121],[193,-9],[904,-103],[232,-56],[955,-402],[142,-84],[1613,-1252]],[[633550,727700],[955,-1158],[1419,-1318],[1162,-1242],[1174,-1607],[1407,-1028],[2129,-934],[1652,-776],[2414,-1037],[1987,-850],[1872,-748],[1935,-822],[2027,-654],[1807,-813],[2555,-822],[2000,10],[2143,9],[51,9],[2052,38],[1652,-234],[891,-243],[929,-317],[1200,-234],[955,-65],[2310,-169],[1330,-112],[581,-252],[77,-299],[-387,-1457],[-103,-1720],[-233,-2793],[-64,-477],[-104,-420],[-606,-1196],[-65,-290],[13,-588],[116,-1093],[65,-626],[-39,-299],[-348,-477],[-710,-448],[-1097,-850],[-439,-486],[-129,-327],[116,-486],[271,-271],[349,-280],[1161,-523],[1252,-496],[1084,-513],[633,-271],[438,-122],[1665,-308],[2233,-318],[684,-149],[413,-131],[890,-243],[594,-112],[1175,-103],[1122,-187],[465,-112],[1394,-420],[1355,-318],[1084,-112],[994,-112],[310,-75],[593,-252],[245,-168],[801,-767],[813,-738],[335,-186],[387,-178],[1149,-383],[1278,-355],[555,-336],[206,-262],[568,-1252],[206,-346],[607,-700],[297,-271],[684,-458],[361,-458],[258,-542],[517,-1411],[245,-560],[193,-224],[439,-215],[1110,-271],[168,-56],[1007,-421],[1019,-635],[1265,-804],[1691,-747],[2090,-1102],[1936,-1252],[1471,-1196],[1575,-1121]],[[713837,675156],[710,-402],[271,-290],[142,-476],[-26,-626],[-116,-1215],[64,-560],[65,-365],[452,-1579],[25,-467],[142,-944],[220,-560],[168,-290],[193,-243],[413,-392],[1652,-1121],[1575,-841],[2749,-1308],[2736,-1355],[1084,-560],[1497,-879],[581,-467],[180,-187],[633,-822],[400,-626],[297,-373],[232,-187],[542,-299],[748,-374],[349,-318],[142,-327],[64,-364],[-38,-430],[-91,-327],[-322,-598],[-1420,-1794],[-258,-252],[-1523,-1000],[-426,-392],[-142,-439],[39,-271],[245,-1112],[-142,-560],[-645,-654],[-207,-150],[-1032,-532],[-491,-215],[-1032,-309],[-1291,-355],[-542,-224],[-542,-411],[-271,-318],[-180,-364],[-220,-747],[-26,-346],[91,-729],[38,-261],[13,-327],[-464,-1804],[-323,-1158],[-77,-542],[77,-318],[207,-252],[400,-280],[555,-234],[219,-112],[413,-318],[232,-224],[387,-458],[388,-672],[232,-337],[155,-317],[284,-1084],[155,-1233],[129,-1299],[-26,-308],[-168,-598],[-90,-234],[-323,-486],[-271,-299],[-1226,-841],[-400,-392],[361,-514],[981,-317],[1149,-533],[903,-346],[491,-233],[864,-523],[1433,-813],[555,-402],[322,-420],[78,-206],[90,-495],[168,-533],[103,-467],[91,-747],[271,-1542],[142,-925],[-13,-560],[77,-374],[181,-374],[400,-430],[1278,-738],[516,-327],[206,-177],[362,-495],[180,-346],[116,-280],[194,-682],[116,-710],[0,-169],[-155,-420],[-400,-598],[-103,-121],[-942,-879],[-891,-588],[-232,-197],[-348,-429],[-413,-794],[-194,-440],[-77,-513],[296,-2373],[78,-309],[129,-261],[194,-318],[787,-925],[155,-224],[284,-570],[77,-206],[116,-588],[0,-140],[-64,-617],[-220,-635],[-103,-169],[-929,-925],[-697,-803],[-220,-187],[-542,-364],[-180,-94],[-1188,-514],[-503,-186],[-942,-281],[-516,-205],[-362,-271],[-129,-234],[-26,-355],[246,-598],[400,-551],[374,-617],[103,-476],[-77,-383],[-400,-477],[-168,-158],[-916,-701],[-788,-635],[-322,-299],[-258,-402],[-78,-579],[39,-215],[400,-1448],[116,-290],[207,-364],[529,-860],[361,-402],[413,-345],[362,-169],[412,-149],[555,-84],[801,75],[258,65],[490,177],[1575,608],[1303,476],[349,94],[735,112],[439,18],[1549,-93],[722,-140],[517,-299],[155,-421],[13,-392],[-130,-374],[-606,-1111],[-852,-1028],[-594,-869],[-645,-719],[-942,-851],[-697,-570],[-1355,-663],[-839,-234],[-1032,-121],[-672,-243],[-477,-271],[-129,-308],[103,-355],[349,-645],[25,-131],[181,-1139],[13,-402],[-77,-206],[-788,-747],[-284,-252],[-258,-477],[-77,-355],[-39,-411],[-26,-1149],[-13,-636],[-25,-299],[-155,-812],[-220,-636],[-258,-448],[-245,-271],[-619,-449],[-388,-308],[-374,-346],[-568,-504],[-284,-196],[-516,-253],[-968,-364],[-748,-215],[-594,-140],[-1020,-140],[-671,-28],[-374,-56],[-594,-178],[-761,-317],[-323,-94],[-671,-149],[-1329,-196],[-491,-141],[-580,-308],[-284,-243],[-349,-383],[-284,-430],[-103,-271],[-271,-355],[-555,-411],[-310,-149],[-516,-168],[-619,-150],[-1278,-177],[-1794,-337],[-503,-131],[-1149,-392],[-1574,-411],[-2504,-673],[-736,-859],[-813,-626],[-1833,-1224],[-1226,-785],[-387,-224],[-1342,-664],[-813,-392],[-749,-336],[-296,-112],[-310,-299],[-78,-496],[104,-327],[361,-289],[787,-355],[91,-47],[980,-654],[1226,-626],[633,-308],[439,-318],[348,-392],[245,-374],[1007,-1794],[77,-140],[142,-579],[13,-421],[-90,-971],[13,-187],[232,-962],[91,-262],[232,-505],[116,-224],[968,-1112],[310,-186],[735,-281],[142,-65],[607,-402],[335,-280],[504,-579],[1148,-1402],[375,-458],[271,-252],[1729,-1102],[1020,-701],[232,-196],[529,-608],[245,-271],[168,-364],[39,-299],[-26,-355],[-297,-841],[-90,-355],[116,-355],[194,-205],[245,-206],[400,-299],[929,-589],[1123,-541],[322,-253],[130,-420],[-104,-1028],[168,-1840],[-13,-281],[-284,-1485],[39,-2551],[-26,-271],[-310,-1663],[-51,-1224],[129,-1074],[39,-187],[206,-505],[710,-1149],[271,-364],[-26,-402],[-258,-261],[-168,-365],[-26,-289],[104,-383],[154,-243],[620,-608],[206,-149],[1769,-720],[348,-149],[529,-318],[181,-131],[955,-784],[142,-150],[516,-598],[839,-719],[684,-495],[594,-439],[155,-131],[567,-654],[542,-430],[517,-458]],[[721697,511066],[-2091,-84],[-1742,-168],[-762,-122],[-645,-65],[-749,-224],[-335,-252],[-555,-337],[-555,-187],[-852,-373],[-1019,-636],[-917,-813],[-477,-467],[-659,-327],[-877,-102],[-658,0],[-478,112],[-555,65],[-555,-65],[-503,-75],[-400,-37],[-607,0],[-2245,102],[-826,-37],[-659,-224],[-335,-281],[-349,-242],[-529,-290],[-632,-355],[-516,-308],[-646,-486],[-206,-327],[-78,-281],[-116,-523],[-77,-252],[-232,-318],[-310,-271],[-310,-224],[-723,-364],[-503,-318],[-942,-747],[-581,-253],[-490,-46],[-1317,-28],[-1200,-38],[-826,-65],[-503,-103],[-852,-252],[-2852,-1037],[-1084,-168],[-710,-103],[-465,0],[-1329,93],[-994,262],[-387,37],[-607,-140],[-658,-766],[-322,-467],[-439,-430],[-1007,-224],[-1523,-271],[-826,-84],[-439,0],[-877,177],[-1536,365],[-606,168],[-826,47],[-1562,28],[-1226,65],[-1652,-56],[-1175,-121],[-1380,-384],[-1588,-504],[-1768,-1000],[-529,-401],[-942,-673],[-1123,-981],[-478,-467],[-1084,-991],[-2245,-1289],[-852,-364],[-400,-355],[-400,-355],[-362,-505],[-193,-738],[-387,-860],[-504,-214],[-710,168],[-464,84],[-387,28],[-426,47],[-762,-38],[-735,-131],[-646,-233],[-490,-103],[-529,-121],[-749,-47],[-580,56],[-452,9],[-271,383],[-129,281],[-465,140],[-606,243],[-349,317],[-103,243],[-297,495],[-645,169],[-542,-113],[-310,215],[-413,327],[-181,281],[-271,345],[-658,75],[-348,-271],[-736,75],[-323,205],[-464,94],[-491,430],[-51,355],[77,373],[-194,253],[-477,149],[-478,-28],[-619,-140],[-439,-65],[-671,-57],[-155,-298],[52,-337],[-336,-224],[-606,-234],[-491,-271],[-232,-355],[-787,10],[-439,271],[-129,271],[-271,261],[-516,337],[-426,121],[-581,28],[-400,19],[-452,93],[-723,178],[-632,177],[65,439],[142,421],[-220,411],[-232,355],[-207,458],[-271,196],[-580,103],[-362,0],[-516,46],[-710,-46],[-684,46],[-232,271],[361,318],[671,318],[646,65],[413,159],[309,411],[-309,439],[-465,112],[-710,234],[-516,308],[-310,187],[-374,308],[-245,215],[-736,-243],[-426,-131],[-581,-196],[-503,-103],[-723,-233],[-774,-346],[-555,-364],[-426,-355],[-374,-281],[-658,-196],[-607,-112],[-529,-84],[-503,-75],[-542,84],[-426,169],[-349,112],[-581,102],[-413,10],[-490,-299],[-400,-243],[-542,-168],[-426,-365],[-207,-243],[-374,-532],[-348,-411],[-129,-458],[-284,-224],[-374,-402],[-465,-205],[-620,-215],[-722,-56],[-555,-122],[-323,-140],[-258,-299],[-284,-252],[-477,-243],[-646,-318],[-606,-261],[-1072,-552],[-542,-317],[-322,-178],[-439,-355],[-465,-299],[-296,-243],[-465,-205],[-542,-225],[-658,-280],[-362,-205],[-322,-234],[-362,-224],[-877,-467],[-271,-197],[-439,-439],[-684,-570],[-503,-420],[-555,-364],[-697,-271],[-517,-94],[-529,19],[-826,0],[-1252,234],[-1251,270],[-1510,421],[-3007,916],[-6595,1251],[-5279,514],[-6350,112],[-6595,-299],[-3213,-448],[-2594,-439],[-1355,-439],[-1213,-608],[-749,-551],[-400,-476],[-245,-626],[51,-449],[1497,-3457],[91,-317],[0,-337],[-103,-289],[-426,-458],[-504,-206],[-464,-84],[-878,-140],[-865,-103],[-903,-186],[-994,-206],[-1174,-346],[-904,-327],[-503,-429],[-232,-355],[-155,-355],[-142,-1290],[-103,-336],[-439,-318],[-710,-84],[-632,122],[-710,439],[-465,364],[-529,252],[-529,122],[-542,56],[-787,271],[-826,411],[-684,617],[-388,859],[-25,841],[129,654],[232,953],[116,243],[516,803],[207,524],[39,579],[-65,430],[-361,644],[-1071,1990],[-1523,2299],[-891,822],[-826,644],[-1123,739],[-1484,747],[-490,364],[-516,477],[-1317,626],[-1161,448],[-1381,281],[-2478,140],[-646,-10],[-438,0],[-581,47],[-426,392],[-219,533],[-375,346],[-25,364],[90,402],[129,504],[194,916],[-52,355],[-116,290],[-349,439],[-193,429],[-258,374],[-349,337],[-555,327],[-542,373],[-568,290],[-645,476],[-1523,1140],[-774,720],[-375,271],[-309,93],[-517,28],[-451,-47],[-439,-65],[-1768,-346],[-1497,-280],[-439,-47],[-787,56],[-491,66],[-464,84],[-465,131],[-607,177],[-671,206],[-516,177],[-477,243],[-168,346],[-52,411],[-103,327],[-426,430],[-335,252],[-310,355],[-336,682],[103,448],[362,253],[697,261],[322,252],[555,580],[-916,700],[-619,617],[-555,579],[-375,262],[-709,346],[-2698,999],[-723,243],[-993,393],[-620,355],[-180,345],[167,636],[1110,1317],[207,374],[90,373],[-39,327],[-232,337],[-116,289],[-103,290],[-129,458],[-13,364],[-65,720],[-77,429],[-104,897],[-25,916],[-52,579],[-103,1121],[-297,1663],[-1045,3102],[-181,430],[-400,196],[-452,112],[-555,19],[-568,-121],[-335,-122],[-594,84],[-219,206],[-452,1055],[-168,337],[-13,588],[271,402],[271,187],[310,271],[26,383],[-207,215],[-271,448],[-722,1056],[-517,673],[-438,430],[-259,177],[-438,159],[-800,-112],[-568,-131],[-723,-84],[-503,-9],[-478,0],[-787,-94],[-400,-65],[-839,-281],[-1833,-794],[-1729,-850],[-2336,-1121],[-645,-458],[-1007,-635],[-710,-365],[-529,-186],[-620,-159],[-3110,-832],[-710,-187],[-722,-102],[-659,9],[-490,-9],[-697,261],[-232,561],[-91,439],[0,299],[-219,336],[-413,150],[-1161,345],[-530,225],[-413,158],[-296,225],[-310,523],[-13,327],[-116,271],[-194,280],[-413,252],[-516,383],[-323,225],[-426,429],[-335,402],[-349,243],[-477,262],[-413,224],[-878,420],[-542,365],[-606,364],[-388,252],[-232,271],[-116,458],[77,346],[349,1439],[426,1177],[542,1233],[503,850],[504,701],[232,308],[77,346],[-297,439],[-477,206],[-800,168],[-1020,252],[-619,262],[-491,131],[-568,373],[-516,224],[-361,141],[-878,205],[-658,327],[-310,365],[-774,644],[-542,533],[-581,570],[-671,467],[-774,495],[-1665,635],[-452,-159],[-387,-476],[426,-280],[155,-486],[-568,-66],[-542,393],[-91,420],[-38,225],[-323,383],[-723,0],[-348,-505],[-39,-290],[-555,-420],[-516,-290],[-374,-186],[-581,9],[-490,327],[-388,187],[-580,56],[-349,28],[-568,-84],[39,-430],[-671,-290],[-568,-159],[-542,-336],[-594,75],[-129,364],[-361,355],[-568,122],[-400,-75],[-465,-75],[-477,-65],[-749,-19],[-542,-19],[-387,0],[-477,0],[-530,-149],[-542,-84],[-735,-9],[-400,130],[-504,-93],[-542,-262],[-593,-84],[-504,150],[-361,65],[-555,0],[-839,19],[-581,-19],[-555,-103],[-619,-224],[-813,-84],[-516,19],[-620,74],[-697,94],[-581,-37],[-271,-122],[-555,-196],[-464,-280],[-620,-178],[-555,-75],[-800,-158],[-477,-159],[-375,-168],[-619,-356],[-426,-327],[-658,-467],[-245,-224],[-104,-364],[-180,-523],[-194,-215],[207,-552],[103,-373],[-529,-337],[-981,-177],[-813,-122],[-671,-158],[-620,-215],[-516,-243],[-323,-309],[-400,-448],[-219,-570],[-258,-430],[-297,-205],[-542,-75],[-387,0],[-452,93],[-607,355],[-400,309],[-710,252],[-451,75],[-955,56],[-788,19],[-542,-85],[-542,-130],[-322,-66],[-504,-18],[-361,37],[-490,177],[-594,206],[-542,84],[-568,-47],[-645,-271],[-1046,-588],[-1432,-813],[-813,-392],[-620,-197],[-464,-84],[-452,0],[-439,75],[-994,75],[-1677,196],[-955,9],[-1575,0],[-1858,-84],[-2104,-261],[-903,-215],[-375,-178],[-568,-261],[-774,-626],[-1265,-1056],[-890,-832],[-1071,-906],[-1807,-1467],[-2181,-1971],[-697,-682],[-323,-449],[-193,-495],[-78,-430],[-77,-448],[-104,-355],[-348,-234],[-761,-121],[-426,0],[-633,131],[-387,364],[-503,168],[-375,150],[-400,121],[-903,561],[-1536,878],[-1716,981],[-671,467],[-426,271],[-478,243],[-503,150],[-1162,513],[-2310,1589],[-697,467]],[[363468,533536],[245,84],[1807,1009],[129,392],[323,309],[568,224],[297,168],[1639,243],[503,439],[594,393],[645,336],[400,785],[413,411],[594,271],[593,551],[530,747],[374,570],[593,337],[943,252],[1226,205],[916,234],[478,944],[-142,682],[-401,588],[-632,383],[-710,496],[-322,345],[-349,551],[-877,542],[-697,542],[-439,692],[-142,411],[181,308],[219,645],[-323,485],[-877,552],[-788,383],[-645,65],[-839,-159],[-671,150],[-955,364],[-839,607],[-761,449],[-516,112],[-697,-149],[-839,-10],[-929,140],[-568,309],[-168,523],[-103,411],[232,430],[465,476],[0,467],[12,645],[413,355],[104,280],[232,365],[387,121],[839,318],[620,701],[-117,607],[478,570],[387,355],[155,392],[-142,318],[103,411],[271,271],[-142,532],[-697,524],[-980,1111],[-710,720],[-736,374],[-271,271],[-684,644],[-219,467],[0,355],[129,411],[374,720],[348,1411],[-335,962],[-568,561],[-426,158],[-865,0],[-606,-121],[-478,131],[-271,336],[-142,355],[0,327],[181,533],[400,1644],[-64,738],[-271,458],[-710,271],[-865,364],[-723,75],[-658,215],[-297,233],[-142,393],[-103,785],[-116,915],[-65,486],[0,673],[-219,682],[-839,700],[-1123,664],[-722,467],[-168,271],[-297,495],[-65,505],[-374,504],[-335,178],[-568,271],[-594,233],[-658,327],[-478,336],[-335,393],[-142,915],[142,683],[452,569],[722,496],[2104,1588],[245,729],[65,682],[361,439],[632,682],[568,785],[723,710],[736,355],[864,252],[517,318],[103,429],[-13,468],[90,411],[258,457],[413,449],[426,663],[-193,290],[-594,392],[-490,178],[-943,0],[-1148,-47],[-1265,-84],[-1213,-37],[-929,420],[-1059,523],[-1084,608],[-1277,373],[-943,131],[-1393,93],[-284,57],[-517,196],[-374,299],[-606,897],[-542,803],[-413,421],[-530,289],[-283,66]],[[342587,601945],[64,439],[129,411],[245,467],[362,701],[374,504],[426,467],[413,645],[310,551],[580,860],[207,402],[206,345],[116,309],[207,672],[232,1149],[220,692],[193,495],[181,598],[142,570],[13,542],[26,1121],[116,831],[193,496],[426,532],[1239,1224],[1084,944],[1059,719],[503,327],[1458,888],[891,803],[529,505],[258,289],[465,720],[555,1093],[309,644],[568,608],[426,392],[749,430],[735,149],[994,66],[516,-47],[646,-318],[955,-850],[735,-803],[581,-365],[529,-243],[529,-93],[710,0],[891,19],[826,84],[658,46],[645,0],[516,-140],[620,-308],[3136,-1822],[1420,-925],[3691,-1924],[1535,-748],[801,-290],[735,-224],[749,-233],[555,-75],[593,47],[323,243],[116,616],[336,337],[348,261],[568,374],[607,318],[438,186],[930,281],[735,233],[504,187],[645,131],[465,56],[787,121],[516,178],[349,140],[632,131],[310,75],[555,149],[464,196],[594,271],[529,253],[529,336],[826,392],[697,327],[839,281],[968,448],[271,131],[658,37],[1665,0],[813,10],[503,121],[297,495],[-77,766],[-103,1168],[-52,533],[284,336],[348,346],[465,532],[374,486],[503,290],[517,458],[116,280],[245,317],[723,187],[593,38],[568,420],[26,589],[297,401],[374,290],[1562,906],[413,159],[555,-93],[490,-112],[646,-103],[916,-271],[606,-84],[426,28],[594,47],[465,84],[387,140],[335,458],[207,317],[503,281],[1020,373],[2181,654],[1058,112],[465,28],[684,-56],[684,-252],[916,-383],[620,-280],[826,-579],[258,-159],[567,-140],[672,9],[929,56],[723,-56],[864,-234],[1123,-355],[942,-215],[839,-65],[1045,-37],[620,-10],[632,-84],[284,-177],[904,-626],[684,-449],[800,-355],[490,-168],[555,-112],[671,-168],[529,-262],[878,-486],[955,-411],[774,-224],[349,-93],[684,18],[761,84],[426,-9],[387,-131],[555,-299],[1020,-420],[465,-150],[554,-168],[530,-149],[826,-122],[735,-65],[891,-168],[684,-365],[503,-308],[813,-589],[1149,-756],[606,-729],[542,-1065],[452,-869],[736,-617],[413,-252],[542,-673],[839,-700],[1381,-981],[1200,-1150],[529,-476],[232,-523],[375,-785],[425,-1177],[336,-1150],[271,-476],[426,-280],[3252,2504],[1200,1055],[2324,1420],[2903,1664],[3588,1999],[1588,775],[464,225],[581,420],[1975,1635],[2245,1756],[555,869],[581,832],[426,701],[232,523],[271,644],[207,645],[38,1168],[-296,1177],[-155,981],[-65,1757],[-348,841],[-297,532],[-232,392],[-233,505],[-64,944],[38,953],[13,672],[310,720],[1316,1476],[968,953],[1781,1364],[1743,1691],[2078,1271],[1587,1252],[916,981],[297,457],[103,365],[-77,551],[-116,299],[-129,430],[-39,486],[52,840],[129,729],[129,813],[426,495],[684,243],[374,94],[439,37],[942,28],[3278,47],[348,158],[220,337],[335,317],[710,281],[775,93]],[[500684,656535],[554,66],[491,112],[684,168],[774,47],[1691,-28],[555,-47],[619,19],[220,355],[155,448],[245,318],[374,130],[645,66],[749,177],[490,243],[284,178],[284,402],[155,308],[271,224],[465,159],[529,149],[426,178],[348,336],[155,383],[129,776],[129,579],[26,336],[-426,2906],[-64,860],[-181,672],[-452,850],[-606,683],[-1020,1065],[-1084,822],[-529,374],[-684,373],[-478,430],[-297,336],[-167,271],[-207,467],[-232,1411],[-142,953],[-52,766],[-13,533],[39,271],[310,598],[232,542],[232,336],[259,187],[464,168],[439,-28],[1071,-477],[426,-102],[413,-140],[400,-150],[594,-467],[348,-346],[375,-233],[348,-159],[581,-243],[542,-308],[426,-383],[322,-458],[504,-281],[632,-112],[581,-177],[297,-449],[38,-364],[52,-327],[219,-336],[478,-346],[594,-374],[555,-149],[464,-28],[439,-196],[1433,-1692],[167,-224],[297,-289],[349,-122],[438,-159],[581,-355],[452,-308],[193,-215],[478,-252],[774,-290],[439,-252],[710,-458],[400,-187],[594,-187],[722,-205],[336,-458],[1058,-682],[258,-355],[259,-187],[645,-355],[374,-121],[620,-122],[245,-271],[-26,-355],[-258,-392],[129,-495],[813,-701],[568,-178],[426,-9],[580,103],[762,523],[477,271],[439,168],[594,47],[1742,-47],[800,-9],[517,65],[451,131],[865,420],[1575,776],[1109,75],[2156,-234],[3575,-570],[1355,-402],[1045,-383],[929,-411],[413,-233],[258,-206],[207,-430],[400,-252],[426,-205],[477,-365],[336,-252],[232,-392],[-38,-299],[-310,-729],[-207,-645],[-103,-588],[0,-570],[258,-710],[297,-486],[258,-327],[155,-402],[26,-364],[116,-561],[361,-850],[581,-691],[1020,-739],[1200,-672],[310,-299],[206,-551],[0,-477],[91,-262],[245,-336],[555,-448],[1807,-1374],[580,-131],[413,-28],[1420,66],[606,-75],[504,-47],[671,-196],[490,-252],[581,-579],[284,-225],[490,-158],[555,-141],[891,-224],[1329,-271],[1755,-159],[1846,-140],[1484,-28],[491,0],[374,103],[555,252],[400,374],[439,336],[426,19],[555,-19],[529,-159],[516,-252],[400,-402],[774,-766],[788,-392],[1342,-785],[1639,-962],[1858,-832],[1265,-514],[2026,-467],[1175,-112],[2387,-47],[1149,-289],[555,-234],[658,-504],[1097,-654],[1536,-477],[1755,-28],[155,0],[865,56],[593,262],[426,271],[374,374],[207,411],[26,551],[-78,439],[-167,420],[-310,626],[-478,552],[-929,999],[-193,243],[-1356,1747],[-1174,1009],[-1162,598],[-800,421],[-387,271],[-516,495],[-426,411],[-310,280],[-1974,879],[-788,392],[-2439,1224],[-361,289],[-233,355],[-103,542],[39,804],[-26,402],[-168,345],[-322,393],[-1484,532],[-2749,533],[-594,-19],[-632,-47],[-504,-186],[-774,-122],[-439,19],[-516,131],[-478,233],[-400,458],[-451,738],[-142,477],[-181,1765],[-26,1093],[503,1140],[749,1336],[774,738],[684,626],[594,1131],[387,1056],[374,1167],[26,365],[-116,411],[-103,318],[-26,401],[219,673],[504,635],[580,439],[801,299],[800,122],[761,103],[839,196],[968,430],[1626,850],[1136,1177],[852,1401],[271,1010],[-129,654],[-607,1083],[-271,701],[-39,280],[104,477],[477,1046],[542,1009],[452,1514],[-78,999],[-271,972],[-245,832],[-413,588],[-451,430],[-465,234],[-413,93],[-632,112],[-555,-37],[-955,-178],[-542,-205],[-594,-421],[-671,-691],[-271,-439],[-52,-523],[142,-524],[258,-439],[52,-317],[-220,-1131],[-167,-682],[-375,-392],[-490,-281],[-594,-149],[-477,103],[-65,560],[-361,673],[-607,1345],[194,1159],[529,1000],[374,672],[-90,1075],[413,710],[865,495],[838,504],[607,225],[374,467],[284,514],[504,420],[955,392],[1884,552],[1032,373],[426,225],[336,289],[193,318],[65,280],[-116,580],[-684,140],[-491,-169],[-787,38],[-426,159],[-439,289],[-593,533],[-439,392],[-336,636],[-129,373],[-103,262],[-723,542],[-955,420],[-735,196],[-994,10],[-749,-206],[-1019,-280],[-723,-336],[-619,-262],[-310,-318],[-103,-224],[-104,-467],[-426,-374],[-709,-140],[-504,37],[-761,113],[-503,224],[-1072,691],[-2387,1486],[-1200,570],[-646,186],[-1058,159],[-1097,346],[-1123,467],[-1342,-112],[-349,9],[-696,0],[-1110,47],[-917,150],[-1381,373],[-890,103],[-684,47],[-736,-38],[-645,19],[-607,140],[-464,458],[-168,355],[-52,327],[52,290],[168,373],[322,524],[1149,1607],[878,850],[555,420],[555,449],[567,486],[465,467],[619,719],[310,1065],[723,1009],[555,467],[684,327],[916,131],[310,0],[865,495],[903,1019],[349,981],[103,289],[2452,271],[684,150],[1303,336],[684,131],[607,75],[826,18],[2142,-28],[568,103],[504,187],[864,346],[646,271],[632,168],[374,131],[878,532],[477,336],[362,243],[284,262],[722,448],[104,505],[-104,383],[-271,533],[-219,504],[-749,719],[-361,337],[-594,542],[-374,420],[-13,430],[142,411],[207,439],[645,1196],[297,374],[309,243],[426,243],[646,252],[413,103],[697,9],[774,19],[1019,-28],[994,-19],[581,84],[710,84],[529,28],[671,9],[1097,-9],[762,-9],[593,9],[555,19],[787,-10],[633,94],[968,271],[710,205],[606,131],[452,94],[400,28],[710,-28],[903,-122],[981,-243],[1962,-551],[632,-140],[503,-159],[646,-206],[826,-233],[568,-66],[542,10],[387,47],[400,140],[503,215],[529,196],[917,813],[374,383],[555,383],[335,280],[413,346],[349,327],[335,168],[400,177],[517,10],[490,0],[465,0],[748,0],[684,0],[504,65],[877,150],[684,112],[426,74],[736,38],[155,-10],[1432,-158],[2091,-561],[1704,-299],[1368,37],[2439,131],[1574,225],[1859,298],[1110,215],[1523,47]],[[721697,511066],[374,-523],[323,-271],[567,-121],[775,186],[555,355],[593,262],[491,19],[542,-271],[232,-318],[168,-280],[348,-252],[336,-94],[1355,-149],[491,-19],[1987,121],[1639,10],[478,-38],[658,-74],[451,-112],[826,-262],[620,-252],[736,-234],[555,-168],[322,-47],[891,-28],[1058,56],[452,66],[477,37],[942,19],[1162,-66],[774,0],[839,103],[813,28],[116,-336],[91,-2093],[-13,-719],[-323,-1122],[-387,-738],[-116,-485],[103,-262],[426,-766],[310,-692],[142,-457],[348,-468],[413,-177],[671,-178],[426,-158],[387,-309],[413,-616],[1433,-2943],[284,-561],[387,-355],[452,-103],[813,47],[709,121],[633,122],[813,261],[619,197],[801,84],[4323,289],[529,-18],[762,-131],[606,-196],[374,-159],[323,-168],[374,-327],[259,-206],[800,-504],[258,-140],[413,-299],[335,-421],[271,-402],[142,-355],[336,-1466],[632,-2271],[142,-710],[168,-486],[749,-1681],[748,-1523],[762,-1850],[116,-206],[271,-364],[297,-327],[490,-280],[284,-113],[619,-177],[568,-93],[697,-19],[400,37],[826,94],[762,205],[477,187],[413,187],[491,233],[490,281],[542,-253],[-323,-1158],[-51,-673],[90,-532],[220,-477],[142,-243],[361,-383],[736,-719],[684,-673],[464,-532],[207,-458],[38,-299],[-38,-486],[-65,-1168],[-168,-775],[-103,-290],[-684,-1233],[-232,-645],[-168,-729],[-103,-392],[-65,-420],[103,-318],[297,-495],[336,-262],[761,-205],[529,-10],[620,0],[490,-93],[542,-168],[465,-299],[219,-225],[517,-672],[980,-1645],[155,-317],[155,-654],[39,-533],[-65,-448],[-232,-505],[-142,-205],[-374,-355],[-865,-757],[-206,-215],[-1588,-1915],[-451,-645],[-220,-561],[-206,-794],[-362,-1523],[-348,-962],[-194,-532],[-51,-402],[154,-449],[568,-635],[710,-878],[26,-486],[-400,-402],[-142,-261],[168,-561],[542,-645],[335,-317],[491,-355],[503,-477],[181,-271],[116,-551],[26,-355],[64,-290],[168,-345],[258,-299],[258,-215],[878,-579],[1045,-701],[646,-383],[1651,-757],[413,-187],[452,-252],[336,-299],[348,-439],[413,-682],[529,-1140],[1162,-1953],[374,-411],[271,-187],[529,-196],[1226,-243],[1497,-215],[943,-93],[335,-56],[503,-430],[233,-645],[271,-448],[232,-262],[723,-514],[852,-373],[348,-94],[916,-149],[2143,-355],[2491,-187],[1858,-75],[297,-18],[1368,-206],[1381,-75],[1368,140],[1277,215],[478,150],[800,336],[929,561],[736,570],[891,710],[425,224],[517,140],[671,-159],[1781,-2158],[697,-878],[2026,-3121],[1239,-2102],[658,-1009],[439,-514],[490,-495],[1381,-1243],[955,-691],[542,-374],[439,-383],[452,-579],[142,-224],[490,-1131],[568,-2036],[142,-1365],[181,-1149],[297,-1812],[77,-701],[297,-1289],[335,-907],[26,-74],[710,-1196],[503,-963],[39,-140],[142,-915],[245,-1542],[116,-1186],[26,-720],[-129,-644],[-181,-692],[-542,-1224]],[[351117,360393],[-193,318],[-168,271],[-219,579],[-207,392],[207,243],[1097,365],[890,476],[568,393],[787,822],[310,514],[-26,485],[-103,589],[-39,663],[-77,393],[129,233],[516,318],[671,84],[1084,159],[813,392],[542,393],[426,588],[1020,664],[-220,551],[-542,392],[-671,215],[-490,234],[-529,542],[-181,504],[-310,495],[-400,383],[-245,318],[129,523],[0,869],[-336,523],[-438,141],[-994,401],[-387,766],[-39,804],[194,570],[271,430],[593,373],[697,309],[762,261],[800,570],[168,570],[-413,561],[-78,355],[13,532],[168,579],[-13,711],[-374,289],[-491,664],[-490,467],[-336,551],[-593,645],[-891,541],[-219,290],[-220,430],[104,1121],[-91,701],[297,495],[594,448],[593,253],[942,149],[1033,19],[671,252],[1007,420],[580,505],[-25,1000],[309,1392],[194,177],[374,374],[504,1056],[142,1018],[154,729],[581,981],[-322,327],[-672,374],[-658,504],[-645,486],[-929,346],[-684,196],[-568,289],[-568,393],[-645,289],[-813,290],[-955,729],[-930,850],[-567,262],[-413,168],[-620,37],[-374,280],[-168,421],[181,233],[-13,617],[38,663],[-245,384],[-568,467],[-516,271],[-632,130],[-568,10],[-503,-140],[-594,-253],[-439,-158],[-710,93],[-864,411],[-1407,589],[-555,514],[-129,476],[-52,448],[142,393],[374,439],[723,589],[762,756],[800,944],[387,897],[65,710],[129,589],[400,672],[348,187],[723,84],[503,561],[245,738],[-77,645],[232,149],[426,383],[245,738],[-348,673],[-245,757],[193,504],[594,318],[684,289],[1355,412],[942,242],[1097,38],[839,131],[491,383],[1574,999],[310,468],[-142,439],[-697,738],[-39,897],[-39,1233],[246,1252],[90,1037],[-426,897],[39,280],[542,346],[916,560],[465,542],[-39,608],[-155,682],[-116,429],[297,337],[916,570],[671,158],[594,47],[271,327],[516,206],[646,308],[1109,617],[478,971],[374,1336],[39,1374],[-52,757],[181,158],[439,468],[452,569],[25,570],[-219,159],[-245,374],[-310,532],[-426,739],[-13,831],[-77,626],[-220,290],[-387,476],[-374,645],[-336,729],[323,439],[581,102],[387,122],[658,299],[697,159],[1304,18],[980,103],[452,318],[349,271],[542,159],[580,299],[581,308],[787,75],[852,-75],[1110,-365],[1136,-214],[1342,0],[568,196],[1174,140],[684,19],[194,196],[116,448],[258,430],[336,626],[684,934],[64,505],[-155,486],[-413,439],[-645,607],[-155,224],[-193,383],[619,1626],[310,589],[-26,579],[-168,504],[-167,430],[-130,365],[-64,495],[-245,766],[-387,523],[-439,374],[-620,93],[-839,140],[-735,271],[-400,346],[-168,243],[-26,364],[219,337],[310,532],[-348,467],[-620,309],[-710,196],[-813,215],[-890,467],[-762,682],[-271,196],[-1226,972],[-980,813],[-981,271],[-749,-19],[-464,-159],[-465,-355],[-400,-112],[-787,-159],[-891,-103],[-619,-411],[-542,-196],[-723,-121],[-955,37],[-1033,261],[-774,253],[-762,56],[-838,-56],[-813,233],[-943,-121],[-1148,-159],[-1291,-514],[-619,-47],[-1059,318],[-658,523],[-26,374],[542,411],[826,841],[542,514],[968,887],[78,580],[-129,607],[-658,374],[-736,448],[-245,290],[-194,448],[-426,682],[-387,626],[-297,626],[-142,337],[26,411],[-64,663],[-375,392],[-387,197],[-697,-159],[-464,-196],[-594,-337],[-1020,-299],[-593,112],[-813,393],[-310,233],[-426,505],[-439,588],[-245,739],[-490,569],[-659,327],[-761,197],[-916,233],[-620,0],[-761,-28],[-762,215],[-1110,607],[-1574,580],[-1446,1205],[-1897,1271],[-1742,1663],[-1136,971],[-684,234],[-839,-224],[-993,-234],[-1085,-243],[-1109,0],[-568,215],[-568,271],[-542,75],[-1059,-122],[-1458,0],[-1600,112],[-1794,309],[-1600,542],[-1781,485],[-1136,56],[-1188,-84],[-955,-159],[-645,290],[-594,467],[-309,608],[-465,607],[-671,402],[-903,448],[-323,467],[-194,421],[-296,467],[-594,131],[-839,-19],[-1174,-66],[-1265,131],[-865,56],[-916,-102],[-852,37],[-942,159],[-594,-19],[-464,-224],[-723,159],[-168,504],[-245,262],[-620,168],[-658,-56],[-619,-206],[-542,-364],[-426,-224],[-439,-38],[-697,178],[-890,271],[-1033,308],[-1007,290],[-296,542],[77,411],[297,261],[452,253],[296,532],[-116,355],[-206,271],[26,346],[154,691],[400,589],[181,682],[91,233],[400,262],[748,551],[52,523],[103,393],[194,280],[245,327],[-194,290],[-348,243],[-168,308],[219,336],[375,327],[813,84],[619,19],[891,28],[993,56],[839,318],[684,532],[529,552],[413,411],[723,392],[646,888],[258,822],[296,486],[388,233],[722,337],[671,177],[375,280],[271,393],[593,523],[865,635],[839,486],[942,374],[839,224],[671,-121],[658,-253],[1239,262],[1213,84],[659,234],[774,476],[-129,505],[-232,700],[0,804],[-194,962],[-142,916],[-323,803],[-413,1159],[-335,794],[26,551],[348,449],[52,607],[-142,495],[26,421],[296,420],[801,486],[955,261],[1135,-18],[1059,177],[1122,636],[710,214],[1046,318],[890,393],[568,373],[1033,281],[645,74],[942,-112],[1252,0],[723,140],[348,355],[-26,449],[-245,392],[-323,318],[297,560],[284,477],[168,560],[-142,440],[271,467],[787,-38],[994,103],[813,-215],[1949,-560],[1871,-701],[904,-430],[722,-271],[633,-205],[697,-103],[619,262],[658,663],[646,476],[671,355],[1097,767],[1006,663],[671,-234],[1330,-252],[1819,-402],[1575,-252],[890,206],[994,0],[1407,-131],[1058,317],[1704,281],[1019,159],[2298,261],[684,262],[1393,728],[1136,981],[671,664],[917,308],[968,131],[942,140],[671,19],[710,103],[903,448],[1484,486]],[[499328,813515],[297,-318],[245,-402],[117,-383],[-620,-981],[-555,-420],[-684,-421],[-1110,-532],[-555,-355],[-258,-318],[-374,-663],[-336,-935],[-232,-990],[-90,-887],[-129,-430],[-246,-262],[-503,-383],[-671,-486],[-374,-532],[-65,-318],[0,-308],[142,-561],[65,-402],[0,-513],[-220,-496],[-219,-355],[-465,-401],[-206,-346],[13,-364],[116,-430],[64,-533],[0,-654],[-13,-355],[-154,-495],[-155,-290],[-284,-485],[-374,-897],[-388,-1224],[39,-2523],[-26,-766],[-77,-290],[-194,-299],[-542,-429],[-206,-262],[77,-383],[387,-729],[91,-934],[90,-869],[-103,-934],[-142,-393],[-349,-215],[-542,-84],[-619,0],[-1484,113],[-1794,186],[-942,-74],[-968,-122],[-1252,-383],[-349,-233],[-180,-318],[0,-365],[90,-280],[245,-486],[220,-504],[167,-692],[-51,-308],[-194,-551],[-568,-486],[-451,-196],[-1188,-477],[-1058,-355],[-1613,-710],[-697,-803],[-478,-1065],[-1045,-1159],[-658,-448],[-852,-374],[-1820,-542],[-903,-355],[-465,-252],[-297,-215],[-155,-495],[-451,-1841],[-103,-644],[-52,-449],[-426,-859],[-478,-710],[-296,-645],[-246,-748],[-77,-953],[-103,-439],[-78,-168],[-374,-476],[-594,-337],[-671,-252],[-787,-177],[-645,-122],[-542,-299],[-155,-392],[-52,-309],[-77,-280],[-1717,-2289],[-297,-392],[-697,-617],[-387,-327],[-309,-318],[-323,-700],[-594,-337],[-413,-121],[-593,-140],[-452,-122],[-787,-336],[-568,-290],[-594,-476],[-748,-252],[-401,-56],[-709,-66],[-542,-84],[-400,-112],[-594,-299],[-1381,-673],[-1420,-710],[-722,-859],[-39,-355],[-103,-309],[-39,-411],[-116,-299],[-220,-261],[-503,-552],[-90,-214],[-52,-421],[-181,-1373],[-206,-748],[-142,-420],[-323,-523],[-168,-449],[-77,-327],[-39,-355],[-64,-607],[-129,-617],[-181,-402],[-336,-625],[-296,-430],[-207,-383],[-129,-234],[-348,-355],[-233,-112],[-916,-299],[-478,-196],[-283,-355],[-39,-271],[155,-355],[258,-224],[490,-505],[323,-439],[142,-421],[-39,-364],[-77,-233],[-245,-374],[-426,-533],[-220,-401],[-77,-524],[-116,-1887],[51,-589],[233,-523],[219,-691],[39,-663],[-65,-1206],[-258,-1345],[-413,-1065],[-348,-598],[-504,-514],[-439,-364],[-296,-337],[180,-429],[65,-421],[271,-551],[129,-318],[736,-2578],[206,-589],[142,-439],[0,-617],[0,-495],[129,-439],[774,-1579],[413,-523],[568,-626],[65,-486],[-26,-467],[168,-346],[322,-280],[594,-280],[490,-141],[1110,-186],[1226,-402],[1162,-682],[465,-299],[245,-234],[219,-430],[116,-476],[65,-551],[-26,-402],[-103,-346],[-142,-308],[13,-318],[529,-327],[477,-327],[491,-392],[761,-168],[491,-28],[787,46],[1846,75],[490,-402],[206,-224],[465,-168],[658,-47],[736,94],[452,-243],[64,-271],[207,-421],[477,-383],[478,-280],[438,-392],[155,-309],[142,-429],[39,-262],[426,-234],[477,0],[801,-56],[580,-28],[684,10],[478,-38],[568,28],[568,94],[400,131],[722,364],[710,215],[1097,346],[491,336],[1006,775],[749,75],[542,-346],[529,-925],[245,-233],[349,-280],[284,-131],[826,-243],[1393,-290],[271,-486],[0,-308],[-129,-673],[-38,-719],[-155,-626],[-129,-327],[-91,-766],[-103,-776],[0,-691],[220,-719],[77,-467],[65,-430],[-130,-935],[-464,-1448],[-232,-1009],[-155,-869],[-220,-897],[-155,-308],[-309,-673],[-104,-336],[-129,-420],[-64,-495],[-155,-402],[-219,-337],[-65,-401],[0,-402],[65,-663],[90,-365],[181,-626],[51,-532],[-180,-1093],[-104,-692],[-26,-336],[-322,-355],[-1200,-1430],[-504,-1027],[-90,-355],[297,-477],[439,-243],[400,-243],[206,-317],[155,-468],[181,-448],[245,-448],[90,-449],[91,-719],[-65,-692],[-129,-822],[116,-626],[116,-336],[246,-271],[438,-355],[52,-318],[129,-289],[271,-468],[116,-317],[284,-449],[297,-850],[39,-402],[-13,-439],[-220,-654],[-116,-514],[181,-513],[452,-355],[309,-141],[555,0],[491,66],[710,-131],[374,-318],[890,-738],[362,-336],[464,-206],[800,-93],[2091,19],[3382,9],[658,-196],[1071,-309],[1420,-448],[1045,-336],[490,-262],[517,-374],[542,-551],[451,-495],[336,-262],[645,-233],[491,-122],[645,-121],[426,-187],[284,-187],[387,-262],[387,-429],[400,-234],[607,-308],[490,-589],[155,-355],[-26,-402],[-206,-401],[-26,-402],[26,-869],[193,-383],[439,-486],[542,-252],[684,-411],[542,-523],[1059,-1402]],[[342587,601945],[-697,158],[-749,85],[-555,233],[-1833,1616],[-967,505],[-2259,682],[-1071,-28],[-904,-94],[-1393,-205],[-1446,-103],[-968,-37],[-1407,93],[-671,-84],[-413,-355],[-503,-392],[-813,-355],[-839,56],[-155,18],[-2658,430],[-1381,280],[-955,141],[-568,-159]],[[319382,604430],[-620,859],[-1006,1178],[-323,308],[-168,290],[-26,317],[26,308],[155,374],[413,748],[258,551],[78,560],[-323,412],[-374,298],[-246,327],[-167,290],[-65,318],[-26,560],[52,1047],[-297,3615],[-361,2588],[-310,1402],[-90,803],[0,710],[297,1878],[90,832],[232,803],[232,309],[233,233],[374,430],[194,944],[103,934],[232,906],[181,505],[193,663],[-167,2681],[-323,841],[-323,505],[-555,439],[-1097,570],[-555,308],[-412,701],[-181,402],[0,271],[232,570],[142,738],[142,429],[0,738],[194,776],[142,1233],[-129,1411],[142,542],[232,560],[51,440],[0,439],[-129,532],[-142,673],[-90,1140],[-168,2083],[-271,1467],[-903,2887],[-503,1411],[-375,803],[-219,505],[-271,1411],[-181,1139],[-361,1009],[-91,767],[0,504],[52,505],[194,971],[51,972],[142,439],[233,262],[580,616],[994,1056],[1071,1140],[749,1168],[374,672],[90,505],[52,635],[-129,1271],[-90,775],[-39,598],[-39,636],[39,476],[142,495],[142,542],[13,570],[-52,467],[52,299],[232,402],[323,570],[748,504],[878,496],[929,336],[981,196],[787,336],[413,365],[374,336],[555,1000],[1084,1775],[607,1607],[142,775],[0,664],[-219,813],[-271,971],[-1201,1645],[-1419,2018],[-1343,1410],[-219,430],[-90,439],[-181,1140],[-39,1075],[104,1504],[-142,710],[-181,570],[-90,532],[0,309],[0,429],[142,505],[12,607],[142,935],[-90,1438],[-129,944],[-323,533],[-555,710],[-555,336],[-361,336],[-142,365],[52,401],[387,701],[52,925],[-78,327],[-193,308],[-568,533],[-39,28],[-981,458],[-606,476],[-530,794],[-1187,776],[-697,448],[-310,365],[-258,392],[-309,663],[-233,757],[-26,477],[-271,700],[-606,1037],[-1291,1598],[-864,1813],[-155,1065],[-155,2363],[90,3028],[13,411],[310,925],[735,878],[852,701],[710,710],[697,691],[671,1336],[516,691],[336,271],[439,178],[645,159],[452,65],[387,37],[413,141],[271,196],[258,411],[194,673],[206,1644],[39,570],[206,701],[245,691],[401,673],[77,560],[-90,337],[-220,261],[-348,411],[-478,598],[-697,1028],[-245,663],[-452,1645],[-451,1121],[-349,654],[-477,654],[-581,841],[-90,532],[-452,2018],[-181,523],[-942,1701],[-168,458],[0,420],[-38,1495],[-194,542],[-400,514],[-1639,1504],[-645,411],[-465,420],[-323,402],[-851,1990],[-839,1383],[-775,794],[-722,869],[-439,878],[-400,2700],[-1175,2411],[-167,374],[-439,1728],[-233,766],[-219,374],[-516,411],[-749,486],[-374,345],[-607,692],[-490,598],[-336,345],[-774,636],[-374,308],[-323,402],[-1497,3064],[-335,523],[-1407,1271],[-917,682],[-748,393],[-1213,551],[-994,504],[-1484,467],[-1200,468],[-465,252],[-749,392],[-554,318],[-1730,841],[-865,243],[-851,130],[-981,10],[-1317,131],[-1445,317],[-929,383],[-1330,570],[-1032,580],[-632,308],[-1265,588],[-981,383],[-916,337],[-955,934],[-2040,2812],[-2490,2663],[-2414,2663],[-1355,1168],[-2452,1868],[-736,486],[-400,439],[-297,346],[-38,570],[297,551],[619,953],[103,785],[-142,626],[-361,682],[-1175,1588],[-813,598],[-4555,2681]],[[252207,814299],[309,113],[710,112],[1317,299],[813,168],[464,196],[671,206],[388,93],[490,65],[697,-18],[2478,-38],[503,28],[891,103],[490,47],[762,0],[4052,-47],[1149,-9],[451,56],[839,336],[542,290],[362,280],[309,449],[65,1550],[323,1066],[25,775],[-568,187],[-516,205],[-516,384],[-465,177],[-1239,420],[-425,355],[-194,309],[-155,747],[78,664],[77,803],[116,850],[65,785],[-26,645],[-194,626],[865,1392],[181,794],[25,448],[-90,346],[-168,290],[-180,364],[-65,364],[374,234],[284,458],[-13,261],[-116,346],[-103,290],[-374,476],[-387,299],[-478,327],[-181,383],[-129,346],[-361,262],[-245,271],[77,532],[90,589],[52,355],[-13,327],[-116,439],[-155,215],[-387,252],[-594,159],[-451,112],[-310,252],[-310,393],[-400,214],[-684,458],[-271,253],[-155,317],[-39,318],[-142,317],[-283,327],[-220,384],[-64,429],[38,421],[-658,271],[-568,56],[-439,-84],[-800,-122],[-542,234],[-168,243],[52,383],[297,327],[529,243],[284,261],[232,346],[297,448],[155,355],[129,430],[-13,785],[0,215],[194,392],[542,346],[413,37],[477,75],[349,206],[77,476],[374,458],[220,327],[348,187],[581,75],[452,28],[439,130],[296,141],[555,112],[362,9],[464,37],[478,131],[671,327],[529,234],[323,252],[490,448],[529,206],[413,243],[284,224],[233,505],[-13,598],[-65,485],[-77,393],[-116,448],[-65,439],[90,281],[142,411],[39,364],[-52,271],[-193,346],[-232,504],[103,486],[245,215],[168,327],[64,477],[-77,1364],[-465,457],[-451,738],[-478,617],[-529,916],[0,747],[168,869],[25,925],[-90,1074],[-13,795],[142,616],[142,56],[1162,-9],[1303,-94],[1007,-9],[387,28],[1600,131],[1639,224],[5395,10],[2504,46],[1265,-65],[1109,-38],[272,47],[658,66],[697,-10],[813,-46],[1084,-131],[710,-47],[516,19],[400,196],[542,280],[477,159],[491,112],[800,178],[452,121],[735,-103],[504,-252],[619,0],[542,308],[400,94],[375,271],[219,233],[774,159],[3588,215],[516,84],[246,196],[516,664],[813,700],[1161,813],[336,299],[155,346],[245,532],[155,374],[284,495],[103,935],[65,271],[284,766],[116,327],[322,364],[581,374],[426,149],[503,150],[375,93],[335,234],[220,532],[671,215],[593,47],[646,-37],[852,0],[671,74],[813,94],[722,112],[104,0],[903,75],[529,121],[413,187],[413,290],[323,355],[142,429],[129,467],[64,412],[13,2120],[52,1037],[26,496],[116,420],[219,719],[181,496],[129,401],[0,738],[77,402],[207,486],[258,402],[542,560],[297,449],[26,112],[0,981],[90,243],[232,374],[336,420],[168,439],[490,1168],[90,411],[155,383],[194,346],[542,411],[361,159],[1201,383],[697,224],[374,290],[219,280],[349,411],[155,280],[271,1738],[103,1626],[-13,1607],[-90,691],[-91,308],[-258,907],[-710,1934],[-477,1382],[-194,617],[-77,206],[-220,411],[-271,457],[-219,299],[-219,346],[-130,243],[-180,785],[-39,486],[-52,869],[52,850],[103,1728],[116,1944],[233,1821],[90,458],[323,486],[503,860],[349,411],[167,224],[400,1065],[465,1121],[219,224],[297,290],[917,673],[619,364],[1613,346],[310,65],[490,75],[297,112],[1020,467],[400,150],[890,252],[504,103],[387,56],[645,37]],[[633550,727700],[-1214,3065],[-116,1373],[387,1196],[-38,1102],[-852,720],[-232,205],[-3420,1392],[-2659,925],[-762,673],[0,1074],[-322,1168],[-800,981],[-1097,1075],[-865,1065],[-284,364],[-155,168],[-710,1327],[-748,1869],[-1420,878],[-4104,2541],[-194,178],[-3910,3457],[0,9],[-684,1121],[-503,495],[-465,673],[387,701],[2078,1896],[181,523],[-129,944],[-2775,2467],[-1136,710],[-1394,859],[-903,411],[-774,355],[-284,626],[-26,38],[116,1289],[103,346],[581,2027],[129,1439],[645,1373],[284,991],[65,243],[426,1522],[232,1990],[-723,1327]],[[671312,882297],[955,308],[1368,-18],[891,-309],[1239,-738],[516,-616],[413,-720],[400,-84],[400,-65],[465,-365],[348,-242],[749,102],[400,421],[-65,560],[103,411],[-129,524],[-219,299],[-26,280],[284,448],[39,262],[232,411],[529,392],[271,234],[65,561],[-52,401],[-284,421],[-387,168],[-348,205],[-323,225],[-155,289],[129,449],[142,252],[13,327],[465,318],[232,205],[194,383],[684,318],[348,-262],[465,-46],[529,280],[464,-9],[362,-75],[593,84],[413,224],[2117,897],[1574,701],[1278,532],[426,187],[271,215],[671,56],[710,-28],[490,178],[375,224],[542,215],[387,411],[90,187],[1007,243],[710,112],[555,112],[451,56],[478,-318],[439,19],[580,103],[504,130],[955,38],[929,112],[632,234],[1614,-103],[1303,140],[852,392],[852,262],[632,75],[1446,-28],[1239,74],[748,-158],[387,-449],[387,-234],[220,-214],[632,18],[504,112],[542,38],[413,93],[606,-47],[658,-130],[259,-299],[567,-243],[310,243],[413,233],[387,337],[284,93],[865,131],[697,280],[813,84],[39,0],[1135,355],[542,168],[671,197],[504,140],[916,177],[503,168],[1046,356],[542,298],[400,150],[439,-19],[581,-9],[258,187],[426,327],[322,280],[413,140],[207,290],[451,364],[542,168],[684,141],[465,56],[787,28],[439,56],[465,112],[297,233],[219,458],[-181,374],[-322,168],[-646,290],[-116,233],[220,477],[232,280],[348,187],[633,28],[413,224],[1174,1000],[529,383],[78,37],[877,253],[749,177],[594,150],[387,84],[490,112],[581,-103],[684,149],[439,468],[26,158],[-142,449],[232,243],[439,196],[90,364],[516,411],[633,-18],[580,-140],[336,168],[632,168],[168,196],[1278,720],[1961,588],[1472,495],[787,141],[490,37],[710,37],[491,159],[542,47],[361,-224],[542,-141],[723,169],[581,186],[374,-37],[529,-103],[465,-224],[593,-355],[426,-196],[439,-94],[761,-56],[401,19],[438,56],[581,122],[671,261],[749,449],[2465,1644],[568,318],[529,215],[568,102],[684,56],[464,-18],[788,-131],[451,-131],[362,-187],[464,-336],[633,-663],[1368,-953],[426,-271],[645,-355],[723,-309],[838,-261],[788,-187],[413,-66],[1045,-112],[1213,-74],[1588,56],[490,56],[749,121],[154,28],[968,159],[1343,103],[1419,-10],[2310,28],[2181,-112],[1059,-56],[916,-103],[387,-65],[1652,-364],[3162,-495],[1355,-94],[542,-9],[1601,103],[2142,252],[1084,233],[1768,505],[968,439],[1794,1037],[258,196],[968,598],[607,533],[258,317],[232,449],[194,663],[90,374],[155,224],[594,411],[219,421],[77,448],[26,374],[-13,336],[-77,738],[-207,869],[-567,1691],[-168,561],[-245,943],[-336,598],[-336,477],[-193,327],[-116,290],[516,336],[723,84],[219,336],[697,84],[413,-196],[607,-28],[503,-439],[13,-271],[361,-252],[594,-140],[374,-112],[426,-122],[542,94],[787,-131],[646,-168],[400,373],[-155,383],[490,38],[452,-346],[607,159],[503,-131],[400,-56],[607,65],[684,-289],[425,-131],[723,28],[620,9],[464,75],[491,252],[297,-84],[348,-383],[310,-252],[606,-19],[749,-215],[593,271],[723,-252],[323,-56],[452,-140],[-91,-430],[516,-467],[749,-19],[439,47],[426,56],[722,37],[775,-112],[400,-271],[529,-158],[426,-29],[658,243],[323,421],[-207,308],[-219,234],[297,504],[-323,393],[-607,205],[-322,122],[142,532],[593,178],[388,28],[503,-337],[439,-280],[761,-159],[529,122],[491,205],[451,243],[233,243],[-103,411],[-478,0],[-490,421],[-207,327],[361,523],[543,56],[413,-103],[632,-28],[619,-47],[568,10],[697,46],[762,-37],[516,-121],[477,439],[-400,429],[-258,299],[90,384],[233,280],[387,402],[465,140],[361,-411],[206,-337],[439,-411],[349,-215],[813,28],[555,262],[193,215],[142,542],[375,261],[387,38],[658,-94],[361,-28],[323,533],[155,560],[490,103],[646,-233],[232,-253],[529,-271],[568,178],[-78,411],[-116,262],[-219,355],[-52,270],[142,356],[374,270],[388,0],[464,-261],[271,-402],[0,-224],[194,-495],[658,-355],[671,37],[78,318],[103,551],[-91,448],[-283,169],[-465,121],[-645,271],[-258,327],[-142,271],[51,448],[633,75],[464,-93],[491,-421],[387,-196],[413,-430],[129,-542],[168,-401],[154,-299],[801,65],[180,290],[207,308],[361,514],[245,280],[168,449],[65,420],[271,262],[503,158],[594,-102],[142,-542],[-413,-337],[-413,-336],[-491,-430],[-245,-317],[-193,-309],[-78,-289],[-39,-374],[39,-299],[207,-458],[167,-280],[517,-168],[567,-75],[697,-56],[491,-75],[-78,-439],[-296,-177],[-323,-271],[-194,-281],[-13,-467],[400,-187],[465,38],[620,205],[722,168],[517,75],[554,112],[439,131],[375,122],[619,177],[426,178],[477,233],[401,281],[412,364],[272,318],[271,252],[271,215],[400,280],[477,336],[336,262],[413,196],[658,150],[323,121],[490,168],[426,243],[671,308],[439,-252],[555,-430],[593,-392],[452,-159],[323,-65],[606,-103],[1072,-121],[64,-10],[994,-65],[490,-56],[594,-122],[619,-177],[310,-122],[658,-373],[452,-365],[684,-672],[490,-542],[104,-122],[1574,-1663],[181,-187],[1574,-1504],[388,-308],[864,-664],[2543,-1625],[581,-327],[748,-486],[1794,-1233],[400,-318],[400,-374],[181,-196],[645,-841],[181,-252],[193,-290],[517,-859],[296,-570],[362,-822],[206,-542],[91,-383],[180,-944],[104,-850],[51,-224],[-697,37],[-684,-140],[-735,-308],[-671,-281],[-555,-336],[-233,-187],[-890,-906],[-452,-234],[-194,-168],[-425,-486],[-349,-710],[-271,-635],[-77,-439],[-39,-682],[26,-570],[193,-841],[129,-448],[310,-337],[762,-131],[490,10],[503,-10],[646,-56],[580,-102],[388,-113],[464,-242],[749,-626],[593,-421],[375,-224],[400,-196],[426,-159],[413,-122],[645,-93],[748,-28],[491,-84],[774,-243],[323,-122],[955,-532],[955,-944],[232,-373],[413,-935],[594,-1709],[374,-1393],[697,-1504],[1020,-1354],[348,-346],[1355,-1131],[2026,-2036],[2065,-1318],[1743,-1037],[193,-75],[1833,-467],[2504,-131],[2232,38],[3188,-94],[2620,-158],[1794,-94],[2801,-112],[1987,-187],[2478,-467],[2400,-448],[362,-94],[1936,-654],[2813,-1112],[2426,-1102],[2607,-832],[968,-205],[1575,-206],[1794,-9],[1549,196],[1690,383],[1175,140],[1716,187],[645,122],[878,289],[374,197],[1626,1130],[1162,869],[490,355],[271,131],[530,187],[490,56],[723,0],[864,-47],[723,-84],[336,-47],[1781,-336],[1084,-94],[400,19],[748,93],[233,38],[555,159],[619,289],[813,514],[1200,972],[1627,934],[580,486],[271,308],[736,1205],[800,1271],[775,1018],[245,253],[1148,915],[400,262],[839,420],[1020,346],[1342,336],[607,103],[3200,430],[1201,-1074],[658,-356],[1949,-1065],[1277,-925],[529,-924],[388,-1318],[-78,-1644],[-219,-1607],[26,-1243],[232,-1037],[361,-598],[439,-542],[710,-504],[439,-280],[1084,-589],[1845,-710],[594,-196],[1252,-365],[464,-140],[1188,-430],[477,-205],[2736,-1532],[3188,-1402],[374,-289],[52,-542],[-116,-327],[-181,-234],[-310,-271],[-387,-280],[-697,-318],[-1729,-635],[-968,-505],[-426,-271],[-748,-626],[-323,-401],[-181,-299],[-245,-477],[-374,-644],[-658,-1551],[-310,-570],[-723,-1635],[-310,-580],[-206,-261],[-452,-336],[-193,-113],[-620,-196],[-787,-65],[-413,-94],[-413,-215],[-491,-355],[-503,-355],[-503,-495],[-245,-392],[-220,-327],[-271,-280],[-490,-234],[-568,-140],[-981,-38],[-555,94],[-465,131],[-413,168],[-722,-75],[-529,-290],[-504,-373],[-322,-449],[-168,-486],[-13,-429],[-26,-467],[-129,-468],[-245,-289],[-568,-505],[-3343,-2616],[-400,-766],[297,-990],[942,-757],[736,-906],[51,-346],[-658,-1476],[-284,-1177],[-206,-1523],[-684,-2149],[-7769,271],[-2156,-383],[-722,-215],[-362,-271],[-193,-290],[-465,-822],[-284,-560],[-258,-757],[-116,-542],[-26,-243],[77,-691],[26,-355],[-51,-355],[-349,-542],[-684,-281],[-929,-485],[-400,-262],[-568,-458],[-774,-532],[-504,-393],[-180,-317],[-65,-355],[-90,-318],[-362,-271],[-503,-122],[-658,-130],[-516,-206],[-607,-215],[-361,-187],[-349,-308],[-1303,-1551],[-413,-299],[-749,-224],[-503,-47],[-1110,19],[-981,149],[-1239,113],[-865,-19],[-438,-112],[-349,-206],[-452,-355],[-2103,-1224],[-955,-514],[-323,-130],[-1071,-327],[-1136,-468],[-581,-373],[-219,-271],[-297,-654],[-374,-1037],[-413,-1374],[-297,-411],[-168,-159],[-748,-607],[-207,-355],[-26,-411],[26,-430],[39,-215],[0,-467],[-245,-327],[-413,-168],[-671,-178],[-671,-65],[-1059,-196],[-529,-122],[-374,-140],[-400,-327],[-232,-430],[-117,-298],[-348,-552],[-413,-429],[-452,-253],[-400,-131],[-929,-214],[-1136,-346],[-619,-206],[-568,-401],[-374,-412],[-388,-252],[-658,-280],[-413,-103],[-529,-47],[-323,19],[-1381,196],[-232,47],[-1755,439],[-878,178],[-361,102],[-865,215],[-632,112],[-749,0],[-374,-130],[-374,-271],[77,-561],[-38,-448],[-91,-290],[-451,-355],[-749,-103],[-994,-9],[-1574,37],[-452,0],[-387,-56],[-129,-448],[310,-1065],[283,-1019],[181,-392],[-335,-392],[-517,0],[-335,65],[-542,28],[-607,-159],[-3936,-2943],[-671,-682],[-271,-252],[-207,-346],[-309,-813],[-620,-2008],[-232,-421],[-233,-261],[-296,-215],[-568,-271],[-452,-159],[-684,-75],[-490,19],[-607,56],[-749,-56],[-645,-178],[-594,-261],[-1845,-729],[-620,-290],[-761,-252],[-1471,-392],[-1820,-234],[-1871,-75],[-1756,169],[-813,0],[-413,-38],[-516,-140],[-813,-467],[-3020,-1346],[-2981,-1569],[-671,-243],[-245,-47],[-775,-65],[-994,0],[-800,-94],[-555,-383],[-167,-476],[-13,-224],[129,-580],[142,-457],[180,-337],[181,-243],[478,-504],[206,-477],[26,-355],[-168,-420],[-542,-439],[-684,-281],[-1226,-252],[-400,-112],[-878,-355],[-451,-224],[-684,-383],[-1601,-766],[-684,-271],[-77,-19],[-865,-327],[-774,-355],[-504,-290],[-555,383],[-774,496],[-736,336],[-516,243],[-994,317],[-645,75],[-735,-93],[-749,-262],[-426,-168],[-439,-93],[-877,-113],[-1188,-9],[-1303,66],[-1071,112],[-1110,140],[-684,159],[-1046,448],[-1497,748],[-1019,644],[-1755,1103],[-1343,962],[-1574,1018],[-1407,692],[-1445,682],[-2995,1551],[-709,345],[-529,150],[-633,131],[-994,130],[-516,66],[-3807,430],[-6195,429],[-4581,131],[-7654,215],[-916,56],[-503,75],[-478,196],[-503,243],[-749,476],[-735,271],[-788,122],[-438,-47],[-917,-196],[1601,-1345],[542,-514],[142,-168],[309,-421],[155,-280],[129,-299],[78,-280],[-52,-505],[-193,-448],[-336,-533],[-671,-682],[-1187,-1317],[-388,-505],[-232,-392],[-168,-449],[-51,-168],[-129,-523],[-39,-374],[0,-878],[0,-308],[90,-439],[181,-365],[310,-280],[580,-374],[1485,-757],[993,-626],[310,-299],[258,-401],[142,-439],[65,-486],[-39,-383],[-103,-281],[-504,-981],[-206,-392],[-452,-1130],[-245,-683],[-336,-1027],[-193,-598],[-78,-337],[13,-541],[142,-421],[207,-336],[322,-290],[504,-308],[658,-458],[542,-448],[348,-337],[349,-345],[477,-561],[297,-402],[258,-504],[181,-580],[77,-308],[52,-402],[0,-934],[-52,-1205],[-38,-523],[38,-411],[155,-841],[78,-290],[155,-439],[193,-439],[142,-262],[194,-345],[180,-271],[233,-281],[400,-429],[439,-468],[464,-411],[-26,-523],[-180,-486],[-413,-887],[-207,-664],[-684,-812],[-1019,-879],[-1097,-607],[-1162,-364],[-735,-75],[-555,0],[-607,103],[-981,271],[-774,373],[-916,496],[-672,588],[-955,1140],[-839,1233],[-1471,1925],[-684,616],[-710,542],[-813,439],[-568,206],[-619,47],[-620,-10],[-1019,-140],[-1742,-392],[-1523,-290],[-2285,-308],[-1897,-318],[-1639,-233],[-981,-150],[-1252,-140],[-955,-215],[-1561,-616],[-1588,-393],[-1084,-121],[-1458,-47],[-1433,28],[-1690,178],[-1265,177],[-1174,131],[-646,37],[-942,-56],[-606,-65],[-878,-112],[-1045,-253],[-994,-271],[-2981,-1252],[-2246,-1382],[-1278,-664],[-1277,-626],[-568,-420],[-258,-318],[-220,-364],[-168,-673],[0,-775],[0,-262],[78,-430],[297,-373],[748,-243],[607,-38],[1226,-9],[710,-47],[684,-112],[335,-103],[516,-355],[220,-588],[77,-1177],[-13,-617],[181,-701],[168,-411],[297,-448],[284,-542],[64,-720],[-181,-476],[-451,-430],[-658,-252],[-620,-159],[-761,-93],[-1936,-309],[-2581,-429],[-1988,-150],[-387,-103],[-465,-215],[-309,-242],[-684,-785],[-78,-122],[-206,-495],[-26,-336],[-13,-570],[-142,-673],[-516,-738],[-388,-392],[-2619,-2803],[-452,-785],[-220,-299],[-580,-645],[-658,-607],[-543,-290],[-387,-112],[-1187,-177],[-2478,-523],[-1355,-383],[-478,-421],[0,-243],[207,-663],[245,-626],[400,-654],[1523,-2233],[349,-411],[387,-318],[219,-140],[645,-355],[1136,-355],[1536,-336],[1368,-159],[568,-281],[258,-467],[-90,-2092],[-129,-1673],[64,-2345],[-13,-1233],[-103,-682],[-116,-243],[-1613,-2168],[-26,-37],[-736,-1579],[-116,-308],[-297,-1869],[52,-1672],[-52,-374],[-284,-747],[-103,-178],[-400,-551],[-284,-252],[-774,-486],[-555,-290],[-2582,-962],[-916,-224],[-2207,-440],[-1239,-327],[-490,-140],[-891,-327],[-813,-420],[-1678,-1131],[-2116,-1336],[-3020,-1420],[-3330,-1495],[-1587,-915],[-1471,-1103],[-826,-738],[-207,-224],[-271,-449],[-297,-999],[0,-1028],[52,-2765],[232,-1785],[-13,-458],[-168,-691],[-258,-514],[-426,-598],[-1910,-1953],[-632,-635],[-181,-215],[-206,-523],[-26,-654],[-52,-224],[-232,-439],[-348,-365],[-362,-252],[-1832,-1028],[-1769,-700],[-1071,-327],[-555,-262],[-580,-402],[-117,-93],[-864,-1075],[-581,-1289],[-413,-1784]],[[319382,604430],[-297,-84],[-1213,-682],[-1665,-757],[-2917,-1299],[-1161,-84],[-620,-233],[-813,-449],[-645,-65],[-542,37],[-491,505],[-516,747],[-361,346],[-723,392],[-336,75],[-838,-178],[-1343,-233],[-1277,-439],[-1175,-645],[-593,-411],[-568,-84],[-633,0],[-697,-66],[-413,141],[-271,271],[-180,308],[-13,411],[-103,392],[-297,374],[-555,542],[-697,448],[-929,374],[-671,94],[-788,18],[-761,-65],[-917,-570],[-1213,-981],[-722,-729],[-297,-588],[-39,-645],[26,-1018],[-181,-468],[-245,-467],[-323,-84],[-568,84],[-813,243],[-567,299],[-710,430],[-1059,364],[-761,112],[-839,-74],[-723,-103],[-1277,19],[-4156,-57],[-1820,-84],[-839,-355],[-864,-728],[-1046,-1336],[-155,-430],[-400,-196],[-709,-178],[-788,-37],[-503,-281],[-671,-803],[-439,-411],[-568,-84],[-348,-112],[-594,-374],[-800,-411],[-516,37],[-439,346],[-349,271],[-567,233],[-491,19],[-568,-140],[-671,-355],[-413,-290],[-503,-84],[-839,-140],[-710,-327],[-671,-476],[-645,-393],[-968,-336],[-194,-393],[-671,-289],[-955,47],[-619,-94],[-788,-140],[-877,-626],[-839,-551],[-813,-439],[-697,102],[-594,-28],[-1303,113],[-968,0],[-633,37],[-542,374],[-245,523],[-297,355],[-787,1242],[-607,393],[-722,75],[-684,271],[-788,467],[-1084,514],[-1303,345],[-994,168],[-1110,103],[-464,-476],[-375,-337],[-645,-336],[-52,-579],[26,-570],[-297,-393],[-619,-280],[-774,-75],[-1007,271],[-684,197],[-774,93],[-362,-122],[-568,-280],[-593,0],[-620,140],[-735,271],[-1756,972],[-826,589],[-271,289],[-155,551],[-206,1131],[-568,570],[-916,878],[-826,701],[-220,448],[-103,467],[103,430],[259,1121],[-130,168],[-593,253],[-491,18],[-567,-93],[-788,-84],[-671,-140],[-439,430],[-271,429],[-245,374],[-271,178],[-594,186],[-516,122],[-710,56],[-490,168],[-490,430],[-349,514],[-736,878],[-193,448],[-349,271],[-348,75],[-491,0],[-619,-140],[-619,-159],[-491,-374],[-542,-158],[-348,18],[-413,281],[-271,364],[-297,318],[-439,186],[-1020,122],[-709,131],[-517,140],[-438,252],[-246,430],[-374,290],[-568,18],[-516,19],[-568,290],[-490,270],[-620,75],[-413,-177],[-593,0],[-517,159],[-374,345],[-413,710],[-542,1009],[-645,234],[-684,84],[-736,56],[-774,37],[-736,187],[-516,411],[-271,430],[-465,449],[-516,317],[-245,402],[-168,570],[129,570],[-103,822],[-813,561],[-659,429],[-296,411],[-310,645],[-426,505],[-271,392],[-219,551],[-310,365],[-813,513],[-349,346],[-387,430],[-77,701],[-116,532],[322,664],[-322,532],[-568,75],[-852,-122],[-697,-18],[-813,93],[-516,196],[-723,393],[-787,401],[-852,309],[-1162,84],[-916,-103],[-916,-224],[-736,-215],[-774,75],[-516,102],[-543,365],[-542,93],[-787,66],[-813,205],[-865,514],[-387,346],[-542,644],[-464,552],[-878,121],[-878,262],[-929,18],[-1678,-28],[-490,-121],[-645,-122],[-826,-205],[-387,-355],[-78,-430],[0,-374],[219,-626],[685,-598],[567,-504],[271,-336],[-38,-318],[-336,-271],[-426,-486],[271,-644],[91,-496],[90,-1233],[-194,-542],[-697,-280],[-593,-430],[-620,-588],[-645,-888],[-452,-159],[-464,-159],[-736,-56],[-826,-103],[-1226,-270],[-865,-281],[-568,-159],[-838,-37],[-1110,-28],[-646,-234],[-374,-261],[-348,-467],[-155,-1037],[-155,-393],[-439,-56],[-787,94],[-1020,149],[-787,122],[-542,37],[-348,-243],[-246,-392],[-103,-608],[0,-504],[0,-505],[-271,-439],[-581,-430],[-387,-252],[-839,-47],[-800,-336],[-632,-131],[-801,-28],[-1148,56],[-503,19],[-917,-121],[-1161,-253],[-930,-187],[-967,-112],[-865,-28],[-439,-159],[-52,-373],[-154,-860],[90,-1186],[245,-664],[-258,-813],[-348,-663],[-736,-1158],[-284,-608],[26,-607],[322,-878],[994,-1439],[865,-1551],[-129,-308],[-220,-374],[-180,-505],[-194,-476],[-374,-411],[-568,-495],[-348,-234],[-1046,-196],[-219,-290],[-103,-607],[554,-1467],[168,-981],[-271,-729],[-271,-663],[-426,-645],[-400,-280],[-955,-215],[-1729,-261],[-1136,-75],[-813,93],[-645,327],[-1084,505],[-981,374],[-374,-19],[-839,-243],[-1330,-411],[-851,-243],[-981,75],[-1330,271],[-697,467],[-606,233],[-994,-289],[-1032,-374],[-891,-206],[-723,57],[-890,121],[-1058,598],[-1007,430],[-761,215],[-1110,0],[-2814,-47],[-1561,149],[-1575,309],[-3549,1999],[-1045,411],[-801,355],[-555,131],[-580,-159],[-659,-252],[-425,-392],[-491,-654],[-477,-542],[-517,-187],[-1084,-215],[-800,0],[-761,-159],[-517,-430],[-503,-728],[-103,-1038],[-349,-924],[-671,-374],[-568,-234],[-542,-18],[-955,130],[-748,122],[-439,-84],[-594,-318],[-1316,-925],[-349,-392],[117,-467],[155,-561],[90,-607],[-52,-533],[-271,-523],[-671,-617],[-3446,-2261],[-516,-215],[-594,-121],[-490,19],[-736,121],[-619,187],[-620,243],[-735,271],[-620,75],[-1278,74],[-838,215],[-968,458],[-568,374],[-310,532],[-568,1009],[-710,645],[-1032,523],[-1007,411],[-942,159],[-710,112],[-697,215],[-296,467],[77,748],[39,1467],[-116,1719],[-194,1055],[0,486],[297,766],[103,729],[-116,467],[-439,579],[-374,748],[-542,215],[-762,196],[-916,75],[-1136,-10],[-1226,-271],[-1110,-121],[-722,93],[-955,178],[-594,439],[-271,607],[-633,2056],[-335,943],[-323,542],[-464,234],[-375,75],[-542,-38],[-542,-84],[-542,-159],[-761,-196],[-620,-56],[-619,75],[-710,177],[-452,234],[-580,542],[-672,486],[-490,140],[-890,215],[-814,205],[-374,234],[-581,588],[-890,505],[-413,392],[-168,626],[-348,720],[26,336],[180,411],[52,514],[-374,542],[-271,570],[-207,794],[-555,103],[-555,93],[-671,131],[-697,121],[-542,290],[-439,374],[-735,-159],[-671,-159],[-517,-280],[-232,-346],[77,-392],[-25,-337],[-323,-532],[26,-757],[309,-514],[-167,-364],[-697,-196],[-426,-141],[-387,-355],[-78,-355],[-26,-523],[168,-411],[168,-495],[-129,-607],[-77,-645],[25,-701],[52,-803],[116,-766],[245,-598],[194,-393],[-194,-243],[-503,-392],[-542,-626],[-529,-663],[26,-552],[-155,-541],[-491,-440],[-451,-355],[-168,-504],[-271,-505],[-529,-457],[-1188,-1000],[-374,-701],[219,-803],[543,-608],[619,-467],[581,-308],[839,-393],[1458,-682],[607,-411],[697,-383],[335,-495],[-168,-308],[-400,-374],[-787,-261],[-1187,-449],[-1614,-673],[-1303,-513],[-1187,-299],[-1756,-318],[-3187,-1103],[-413,-271],[-1020,-420],[-271,-290],[-645,-803],[-529,-430],[-568,-280],[-839,-505],[-775,-401],[-955,-197],[-1342,-252],[-1110,-168],[-929,-56],[-619,131],[-620,299],[-594,467],[-877,579],[-1304,804],[-103,271],[-64,355],[-181,719],[-413,318],[-516,682],[-594,598],[-658,747],[-491,1467],[-361,607],[-465,645],[-348,224],[-361,430],[77,392],[-103,869],[-284,878],[-374,1131],[-581,1289],[-865,822],[-193,664],[-271,271],[-439,233],[-465,318],[-736,645],[-51,308],[219,411],[478,495],[-103,327],[-362,290],[-219,373],[26,299],[387,468],[155,551],[-78,364],[-335,710],[-26,383],[271,402],[619,477],[581,336],[658,84],[426,205],[194,468],[-271,411],[-387,682],[-194,327],[-77,476],[-220,393],[-568,327],[-658,308],[-374,336],[258,542],[658,570],[155,533],[-142,485],[-761,589],[-426,327],[-168,374],[-65,486],[-400,336],[-271,159],[-322,504],[-168,411],[-90,393],[-181,196],[-284,486],[-78,663],[0,94],[323,999],[-284,673],[-568,505],[-400,373],[-761,439],[-387,626],[-117,645],[-77,729],[-323,504],[-761,766],[-736,1009],[-258,785],[26,860],[-413,943],[-271,327],[-465,337],[-77,327],[77,663],[323,635],[-39,860],[-297,215],[-761,448],[-723,271],[-580,383],[-271,430],[-271,458],[-220,308],[-568,308],[-348,215],[-26,337],[-13,355],[297,523],[77,663],[-180,281],[-310,233],[-426,196],[-271,486],[374,505],[478,177],[735,355],[542,439],[310,897],[-219,757],[-194,318],[-426,373],[-116,131],[-400,626],[-271,608],[-310,607],[-155,402],[65,607],[284,448],[916,598],[284,290],[194,355],[245,673],[348,784],[1020,617],[1291,271],[709,84],[904,-93],[1006,-197],[555,262],[697,-850],[439,-570],[336,-439],[271,-299],[245,-215],[981,-589],[490,-317],[400,-449],[65,-467],[142,-271],[168,-318],[413,-411],[554,-448],[478,-318],[632,-420],[968,-626],[1278,-1112],[865,-869],[1110,-532],[451,-94],[697,0],[555,112],[374,131],[426,196],[620,337],[116,392],[0,234],[555,243],[245,-113],[426,-271],[374,-121],[465,37],[529,103],[426,28],[774,84],[517,84],[296,94],[555,299],[310,243],[297,289],[348,374],[426,262],[323,112],[529,56],[813,0],[620,56],[464,177],[594,234],[697,187],[477,-10],[529,-270],[465,-402],[400,-187],[374,-28],[465,84],[465,271],[335,486],[103,401],[78,337],[64,402],[181,327],[245,196],[568,411],[684,514],[271,168],[516,205],[762,-28],[387,-383],[207,-476],[25,-402],[78,-476],[258,-271],[568,-318],[671,-140],[490,103],[504,102],[438,66],[672,-84],[555,-94],[554,-401],[297,-290],[413,-234],[684,-112],[452,56],[800,168],[684,141],[762,215],[464,177],[413,150],[426,65],[852,37],[90,10],[826,46],[516,75],[555,243],[633,262],[826,252],[710,215],[632,280],[749,-215],[232,-439],[206,-318],[194,-233],[503,-206],[710,271],[607,411],[322,206],[400,177],[594,131],[800,56],[491,-112],[606,-224],[362,-94],[555,19],[374,56],[426,168],[851,281],[594,140],[581,65],[542,-9],[542,-84],[619,-215],[349,-234],[387,-299],[478,-215],[1213,-9],[490,19],[542,112],[207,205],[271,468],[77,252],[103,486],[0,607],[39,280],[65,383],[90,271],[232,327],[904,738],[735,47],[478,131],[284,168],[529,420],[413,206],[503,159],[452,317],[581,281],[516,317],[297,178],[452,262],[619,317],[684,280],[891,412],[361,158],[439,66],[619,-28],[1536,-196],[439,-94],[464,-149],[710,-206],[439,-65],[387,-10],[671,19],[568,19],[516,131],[375,149],[451,121],[413,57],[465,0],[413,-57],[723,-56],[348,-56],[607,-121],[722,-103],[775,-9],[529,-28],[619,93],[607,215],[361,178],[581,-402],[478,-168],[709,243],[517,299],[387,112],[658,-140],[607,-178],[542,121],[606,253],[13,373],[-477,271],[-762,318],[-645,252],[-490,439],[-259,327],[297,337],[465,168],[374,121],[555,150],[323,75],[645,37],[478,-458],[296,-205],[478,-10],[348,421],[91,317],[51,327],[-167,309],[-555,280],[-401,178],[-425,420],[219,318],[478,336],[180,196],[-26,421],[-309,261],[-452,411],[-232,243],[464,365],[633,-318],[606,-140],[736,168],[297,131],[529,327],[142,289],[-78,393],[-232,383],[-39,448],[155,393],[336,644],[335,411],[194,262],[52,336],[38,365],[103,495],[349,420],[323,187],[464,374],[116,252],[336,421],[490,355],[517,177],[877,355],[555,196],[413,374],[168,243],[645,308],[607,-102],[542,-122],[671,-215],[555,-37],[529,290],[258,289],[916,561],[684,-112],[142,-262],[-193,-374],[-258,-514],[258,-504],[516,-112],[439,93],[594,131],[529,-19],[400,-9],[606,-37],[581,-19],[736,93],[464,243],[878,710],[348,243],[568,150],[620,177],[309,140],[284,542],[-180,355],[-52,346],[-323,308],[-374,38],[-723,-56],[-374,-56],[-464,-122],[-413,-103],[-452,-74],[-581,-38],[-374,10],[-491,130],[-232,206],[-1123,1112],[-206,243],[-271,280],[-233,504],[-129,477],[-51,476],[39,542],[567,430],[555,0],[400,-103],[723,-205],[529,-131],[646,-140],[1071,-383],[671,-178],[697,-121],[387,374],[-168,373],[13,579],[103,290],[284,467],[142,365],[-310,457],[-774,178],[-774,-56],[-646,-122],[-322,-93],[-478,-178],[-606,-9],[-439,196],[-478,234],[-90,589],[387,242],[710,281],[555,187],[555,252],[452,196],[361,75],[490,65],[310,112],[323,262],[142,243],[-387,383],[-310,131],[-503,102],[-684,66],[-349,47],[-464,112],[-439,429],[-78,318],[-77,336],[-439,468],[-736,1055],[-387,439],[-193,290],[-117,299],[-12,421],[361,233],[181,280],[361,496],[271,355],[387,476],[168,215],[155,374],[13,252],[-104,346],[-154,261],[-246,280],[-361,299],[-310,103],[-542,66],[-722,9],[-530,37],[-348,28],[-478,-46],[-284,-337],[-258,-420],[-245,-252],[-542,-103],[-477,131],[-271,233],[-129,402],[25,346],[-38,485],[-504,346],[-387,215],[-348,271],[-388,430],[-296,336],[-233,355],[-180,411],[-104,253],[-129,476],[-25,505],[77,308],[39,570],[0,439],[90,439],[13,346],[-26,299],[142,532],[400,280],[620,103],[503,-65],[542,-47],[749,94],[387,373],[-168,271],[-490,449],[-297,196],[-878,551],[-348,187],[-581,318],[-349,392],[-90,327],[-77,318],[-65,364],[-39,402],[-77,345],[-103,393],[-39,233],[155,402],[671,224],[607,10],[671,9],[426,-28],[464,-56],[749,-84],[1561,-290],[930,-121],[374,-66],[735,-65],[542,-9],[620,289],[39,309],[-181,411],[-168,252],[-245,290],[-103,448],[-78,458],[-155,719],[-129,411],[-129,355],[-167,449],[-117,402],[26,224],[78,542],[155,495],[309,542],[465,785],[310,392],[154,299],[52,411],[-64,430],[-26,392],[13,486],[155,336],[283,197],[284,243],[491,364],[297,411],[77,561],[-155,439],[-168,308],[-425,514],[-271,383],[-401,458],[-296,233],[-413,234],[-413,149],[-413,281],[-207,224],[-103,439],[348,224],[749,-65],[503,-196],[400,46],[142,439],[-219,327],[-78,299],[-387,309],[-464,196],[-646,187],[-567,93],[-452,38],[-594,112],[-723,261],[-271,552],[-464,261],[-452,187],[-335,103],[-349,289],[-103,449],[51,327],[-51,448],[-181,309],[-129,420],[-129,280],[-219,299],[-207,383],[-77,309],[64,458],[103,308],[91,299],[219,271],[439,271],[194,196],[296,467],[194,364],[168,440],[13,299],[26,457],[-78,327],[-490,449],[-491,56],[-684,19],[-374,-85],[-542,-186],[-645,-281],[-775,94],[39,486],[77,532],[155,542],[78,243],[38,486],[-77,579],[-103,346],[-52,252],[-52,523],[52,393],[116,401],[104,337],[116,355],[180,401],[349,178],[593,205],[568,141],[413,177],[555,224],[439,393],[-103,411],[-181,374],[-310,308],[-271,177],[-555,225],[-374,56],[-568,0],[-464,-28],[-568,28],[-697,224],[-684,299],[-491,299],[-129,196],[-77,477],[-13,327],[90,429],[168,477],[13,289],[-26,355],[-13,477],[-116,280],[-129,383],[-503,402],[-374,178],[-310,448],[-245,570],[-52,411],[155,392],[335,346],[465,430],[426,290],[348,242],[659,28],[361,-242],[426,-253],[581,-18],[232,205],[245,327],[0,439],[-245,281],[-336,149],[-787,150],[-335,345],[-271,495],[-91,402],[0,449],[-116,560],[-297,346],[-490,411],[-26,318],[0,299],[-116,756],[-26,337],[39,271],[38,457],[91,299],[38,327],[104,552],[374,168],[323,289],[309,169],[672,102],[348,225],[361,485],[-103,402],[-258,243],[-374,336],[206,496],[52,401],[64,225],[220,383],[38,429],[-51,243],[-26,477],[-13,467],[0,364],[-13,645],[-232,514],[26,252],[13,411],[51,262],[91,420],[51,327],[103,346],[117,402],[232,504],[245,355],[245,430],[220,420],[245,383],[271,253],[323,205],[438,290],[284,224],[400,486],[104,383],[155,486],[-117,579],[-25,355],[-233,430],[-116,523],[284,421],[568,252],[594,84],[438,121],[426,112],[671,346],[194,402],[116,495],[258,458],[349,252],[400,411],[193,365],[104,373],[129,253],[180,467],[181,345],[297,496],[168,224],[335,439],[362,355],[219,121],[555,225],[684,280],[465,196],[322,187],[581,392],[439,281],[684,448],[322,243],[362,402],[232,252],[207,374],[25,289],[-38,393],[38,523],[-13,420],[52,318],[78,449],[154,448],[155,561],[207,411],[335,467],[258,402],[259,327],[348,485],[439,757],[310,561],[425,495],[336,224],[581,346],[503,261],[323,141],[581,224],[374,103],[490,102],[723,19],[465,-290],[90,-327],[142,-271],[374,-261],[258,-196],[387,-393],[401,-504],[283,-346],[491,-280],[529,56],[761,9],[439,150],[439,700],[555,169],[813,18],[671,122],[362,28],[529,28],[516,0],[400,-38],[529,-149],[607,-234],[735,-271],[439,-149],[400,-94],[439,-84],[465,-56],[451,-74],[555,-103],[413,-84],[1059,-243],[593,-168],[336,-56],[581,-66],[606,84],[297,187],[607,252],[722,243],[336,112],[606,374],[478,477],[335,252],[375,271],[297,93],[529,75],[426,327],[0,299],[-117,542],[-116,327],[-116,439],[-116,299],[-142,392],[-323,533],[-180,448],[-78,225],[-38,513],[25,346],[52,308],[194,384],[206,252],[387,345],[633,-9],[232,-205],[387,-337],[336,-187],[516,141],[374,298],[542,57],[620,93],[490,75],[594,56],[413,9],[452,-19],[645,-74],[529,-94],[697,-196],[464,-149],[323,-94],[503,-112],[775,103],[426,196],[271,448],[-91,309],[65,411],[116,514],[142,476],[142,355],[206,449],[259,504],[-91,542],[26,514],[52,411],[-39,327],[-90,318],[-220,551],[-77,383],[129,448],[206,356],[168,476],[155,551],[65,252],[0,384],[-104,541],[78,290],[206,383],[168,411],[129,243],[194,439],[206,467],[168,355],[323,458],[309,365],[155,233],[271,327],[271,467],[245,505],[155,467],[116,504],[388,486],[309,262],[555,327],[788,103],[464,-206],[284,-374],[245,-345],[297,-337],[297,-177],[645,-271],[1691,-458],[413,-103],[658,28],[516,206],[659,262],[438,149],[555,121],[478,38],[787,168],[542,140],[710,84],[529,449],[39,364],[232,561],[232,317],[91,365],[-26,439],[-129,233],[-245,318],[-116,308],[90,411],[77,299],[-155,449],[-219,346],[-503,990],[-207,252],[-348,458],[-91,336],[0,281],[-116,429],[39,411],[284,365],[245,187],[529,280],[297,271],[232,187],[530,261],[400,197],[309,243],[542,439],[465,336],[465,355],[180,355],[116,206],[272,448],[296,486],[220,560],[-26,393],[-426,168],[-387,131],[-400,355],[-245,168],[-297,308],[-129,309],[232,373],[361,243],[607,122],[297,205],[297,337],[180,317],[207,374],[477,486],[362,103],[490,18],[465,-112],[426,-187],[400,-168],[684,-56],[774,-19],[426,-37],[400,-47],[439,-56],[490,-159],[671,-112],[465,-65],[607,-94],[645,-112],[439,-112],[722,-261],[620,-56],[477,-56],[478,-57],[555,-65],[813,0],[452,9],[387,113],[542,252],[477,177],[362,28],[619,94],[633,18],[413,66],[580,205],[426,-18],[658,-122],[672,-93],[425,-94],[684,-214],[530,-169],[593,-177],[2310,-626],[659,-159],[413,-75],[645,-56],[748,-112],[555,-28],[555,0],[1691,-28],[1110,0],[2168,-93],[671,-10],[839,0],[852,0],[361,19],[1562,308],[1226,290],[400,159],[439,373],[348,421],[194,252],[387,252],[684,66],[710,28],[1871,56],[542,-37],[1394,-234],[1704,-299],[387,-103],[529,-308],[465,84],[955,383],[3884,495],[2865,1187],[1239,392],[775,-112],[116,-439],[-65,-364],[52,-271],[297,-1131],[103,-570],[207,-822],[51,-308],[13,-402],[-26,-327],[91,-449],[619,-252],[478,224],[400,103],[748,-103],[529,-121],[620,-47],[800,112],[361,113],[1175,289],[477,243],[413,392],[529,299],[878,253],[839,261],[658,140],[1846,654]]],"bbox":[100.83471,5.61285,101.60955,6.68318],"transform":{"scale":[7.748407748407724e-7,0.0000010703310703310704],"translate":[100.83471,5.61285]}}