{"type":"FeatureCollection","features":[{"type":"Feature","properties":{"OBJECTID":1,"District":"1001","AMP_CODE":"01","PROV_CODE":"10","AMP_NAMT":"พระนคร","AMP_NAME":"PHRA NAKHON","AMP_NAMEN":"Phra Nakhon","AMP_NAMC":"拍那空","COLOR_IDX":2},"geometry":{"type":"Polygon","coordinates":[[[100.50075,13.74107],[100.49981,13.73863],[100.49765,13.73922],[100.49558,13.73979],[100.49458,13.74021],[100.49344,13.7408],[100.4923,13.7418],[100.49197,13.74217],[100.49038,13.74445],[100.48902,13.74664],[100.48864,13.74741],[100.4883,13.74821],[100.48815,13.74867],[100.48798,13.74938],[100.48778,13.75091],[100.4877,13.75183],[100.48764,13.75271],[100.48771,13.75494],[100.48777,13.75578],[100.48794,13.75685],[100.48811,13.75743],[100.48839,13.75815],[100.48882,13.75903],[100.48925,13.75981],[100.4897,13.76052],[100.49025,13.76119],[100.49097,13.76193],[100.49437,13.76504],[100.49484,13.76556],[100.49535,13.76622],[100.49663,13.76809],[100.49768,13.76984],[100.49904,13.77267],[100.49996,13.7724],[100.50037,13.77224],[100.50132,13.77176],[100.50308,13.77044],[100.50386,13.76978],[100.50444,13.76915],[100.50679,13.76645],[100.5094,13.76365],[100.50767,13.75995],[100.506,13.75637],[100.50571,13.75618],[100.50602,13.75564],[100.50604,13.75551],[100.50554,13.75378],[100.50412,13.74771],[100.5039,13.74685],[100.50366,13.74582],[100.50346,13.74522],[100.50318,13.74475],[100.50154,13.74238],[100.50075,13.74107]]]}},{"type":"Feature","properties":{"OBJECTID":2,"District":"1002","AMP_CODE":"02","PROV_CODE":"10","AMP_NAMT":"ดุสิต","AMP_NAME":"DUSIT","AMP_NAMEN":"Dusit","AMP_NAMC":"律实","COLOR_IDX":1},"geometry":{"type":"Polygon","coordinates":[[[100.51798,13.80036],[100.51817,13.80028],[100.51846,13.80029],[100.51933,13.80024],[100.52001,13.80006],[100.52022,13.80003],[100.5212,13.79999],[100.52173,13.80006],[100.52237,13.80002],[100.52261,13.79993],[100.52313,13.79981],[100.52395,13.79966],[100.52472,13.79934],[100.52496,13.79927],[100.52508,13.79926],[100.52547,13.79936],[100.52581,13.79929],[100.52597,13.79924],[100.52681,13.79872],[100.527,13.79868],[100.52733,13.79873],[100.52806,13.7989],[100.52882,13.79893],[100.52931,13.79884],[100.52992,13.79865],[100.53076,13.79847],[100.53168,13.79841],[100.53244,13.79825],[100.53329,13.79979],[100.53678,13.79805],[100.53718,13.79789],[100.53742,13.79785],[100.52789,13.77434],[100.52785,13.77426],[100.5276,13.77372],[100.52683,13.77183],[100.52582,13.76932],[100.52481,13.7667],[100.52363,13.7639],[100.52189,13.75954],[100.52142,13.75842],[100.52097,13.75725],[100.52092,13.75711],[100.51917,13.75273],[100.51913,13.75264],[100.51847,13.75279],[100.51755,13.75307],[100.51737,13.7531],[100.51736,13.75377],[100.51729,13.75439],[100.51717,13.755],[100.51688,13.75569],[100.51641,13.75663],[100.51591,13.75729],[100.5129,13.76019],[100.51202,13.76105],[100.50986,13.76324],[100.5094,13.76365],[100.50679,13.76645],[100.50444,13.76915],[100.50386,13.76978],[100.50308,13.77044],[100.50132,13.77176],[100.50037,13.77224],[100.49996,13.7724],[100.49904,13.77267],[100.50231,13.78115],[100.50365,13.78358],[100.50478,13.78533],[100.50526,13.78597],[100.50561,13.78637],[100.50836,13.789],[100.51389,13.7953],[100.5145,13.79616],[100.51531,13.79739],[100.51553,13.79784],[100.51579,13.79843],[100.51655,13.80051],[100.51798,13.80036]]]}},{"type":"Feature","properties":{"OBJECTID":3,"District":"1003","AMP_CODE":"03","PROV_CODE":"10","AMP_NAMT":"หนองจอก","AMP_NAME":"NONG CHOK","AMP_NAMEN":"Nong Chok","AMP_NAMC":"Nong Chok","COLOR_IDX":0},"geometry":{"type":"Polygon","coordinates":[[[100.90784,13.89519],[100.90743,13.89095],[100.90726,13.88956],[100.90704,13.88718],[100.9069,13.88641],[100.90679,13.88526],[100.90645,13.88119],[100.90639,13.87966],[100.9064,13.87905],[100.90637,13.87711],[100.9063,13.87629],[100.9062,13.86956],[100.90613,13.86847],[100.90613,13.86831],[100.90618,13.86809],[100.90618,13.86717],[100.90622,13.86684],[100.9063,13.86649],[100.90632,13.86619],[100.90632,13.86442],[100.90628,13.86336],[100.90629,13.86227],[100.90626,13.8608],[100.90622,13.86052],[100.90616,13.86038],[100.90566,13.85981],[100.90558,13.85958],[100.90562,13.85934],[100.90589,13.85523],[100.90577,13.85456],[100.90469,13.84998],[100.9042,13.84842],[100.90996,13.84735],[100.91268,13.8468],[100.91254,13.84651],[100.91184,13.84539],[100.9116,13.84487],[100.91147,13.84466],[100.91035,13.84333],[100.91,13.84288],[100.90952,13.84217],[100.9088,13.84085],[100.90843,13.83982],[100.90824,13.83943],[100.90812,13.83898],[100.90795,13.83858],[100.90778,13.83833],[100.90768,13.83828],[100.90755,13.8381],[100.90819,13.83754],[100.90879,13.83708],[100.90907,13.83688],[100.90927,13.83679],[100.91045,13.83586],[100.91095,13.83552],[100.91393,13.83329],[100.91455,13.83275],[100.91536,13.83218],[100.91564,13.83191],[100.91658,13.83121],[100.91774,13.83029],[100.91915,13.82924],[100.91991,13.82853],[100.92014,13.8284],[100.92023,13.82838],[100.92222,13.82688],[100.9229,13.82636],[100.92423,13.82524],[100.92476,13.82489],[100.92538,13.82442],[100.9258,13.82401],[100.92657,13.82345],[100.92698,13.82321],[100.92756,13.82277],[100.92762,13.82267],[100.92785,13.82247],[100.92856,13.82199],[100.92947,13.82118],[100.93049,13.82049],[100.93261,13.81884],[100.93429,13.81761],[100.93464,13.81726],[100.93558,13.81648],[100.93649,13.81583],[100.93852,13.81426],[100.93694,13.81239],[100.93153,13.80535],[100.93085,13.8044],[100.93078,13.80445],[100.92992,13.80326],[100.92951,13.80285],[100.92914,13.80215],[100.92891,13.80181],[100.92827,13.80128],[100.92575,13.79992],[100.92467,13.79931],[100.92375,13.79872],[100.92243,13.79797],[100.92201,13.79768],[100.92077,13.79689],[100.91794,13.79525],[100.91679,13.79455],[100.91612,13.79416],[100.91523,13.79372],[100.9123,13.792],[100.91128,13.79145],[100.91069,13.79116],[100.91041,13.79099],[100.90979,13.79048],[100.90926,13.78958],[100.90899,13.78904],[100.90855,13.78841],[100.90811,13.78766],[100.90745,13.78644],[100.90615,13.78416],[100.9054,13.7827],[100.90396,13.78017],[100.90334,13.77902],[100.90275,13.77803],[100.90257,13.77759],[100.90168,13.7761],[100.90116,13.77511],[100.90075,13.77451],[100.89997,13.77313],[100.89938,13.77198],[100.89883,13.77107],[100.89853,13.77051],[100.89828,13.76992],[100.89801,13.7695],[100.89794,13.76933],[100.89667,13.7671],[100.89595,13.76593],[100.8954,13.76483],[100.89481,13.76389],[100.89453,13.76339],[100.89396,13.76223],[100.89357,13.76156],[100.89281,13.76031],[100.89221,13.75923],[100.89198,13.75888],[100.89095,13.75708],[100.89077,13.75672],[100.8905,13.75632],[100.89043,13.75615],[100.88953,13.75472],[100.88925,13.75436],[100.88857,13.75333],[100.88819,13.75266],[100.88752,13.7517],[100.88681,13.75042],[100.88624,13.74948],[100.8844,13.7465],[100.88396,13.74587],[100.8838,13.74548],[100.8819,13.74264],[100.88156,13.74219],[100.88095,13.74106],[100.88017,13.73979],[100.87963,13.7391],[100.87883,13.73788],[100.87815,13.73805],[100.87756,13.73809],[100.87691,13.73822],[100.87607,13.73842],[100.8757,13.73853],[100.87541,13.73869],[100.87482,13.73916],[100.87427,13.73995],[100.874,13.74045],[100.87362,13.7416],[100.87346,13.74195],[100.87321,13.74234],[100.87308,13.74247],[100.87292,13.74255],[100.87186,13.74512],[100.87117,13.74578],[100.86924,13.74823],[100.8691,13.74852],[100.86829,13.74963],[100.86805,13.75004],[100.86789,13.75039],[100.86706,13.75182],[100.86663,13.7528],[100.86649,13.75334],[100.86652,13.75359],[100.8665,13.7538],[100.86637,13.75427],[100.86627,13.7553],[100.86632,13.7557],[100.8665,13.75641],[100.86659,13.75706],[100.86663,13.75776],[100.86661,13.75812],[100.86657,13.75837],[100.86639,13.75897],[100.86613,13.75946],[100.86578,13.76025],[100.86579,13.76048],[100.86572,13.76076],[100.8657,13.76115],[100.86576,13.76124],[100.86572,13.76134],[100.86571,13.76172],[100.86531,13.76245],[100.86508,13.76309],[100.86494,13.76338],[100.86489,13.76364],[100.8649,13.76435],[100.86465,13.76514],[100.8639,13.76711],[100.86369,13.76753],[100.86268,13.76852],[100.8623,13.76897],[100.86202,13.76937],[100.86153,13.76983],[100.86092,13.77028],[100.8608,13.77047],[100.85947,13.77038],[100.859,13.77038],[100.85878,13.7704],[100.85817,13.77039],[100.85748,13.77059],[100.85729,13.77066],[100.85695,13.77085],[100.85643,13.77101],[100.85598,13.77109],[100.85569,13.77111],[100.85265,13.77104],[100.85191,13.77099],[100.84955,13.77101],[100.84851,13.77092],[100.84836,13.77093],[100.84829,13.77101],[100.84685,13.77079],[100.84603,13.77071],[100.84433,13.77099],[100.84372,13.77102],[100.84284,13.771],[100.84203,13.77091],[100.8413,13.77074],[100.84101,13.7706],[100.83973,13.76997],[100.83857,13.76877],[100.8378,13.76784],[100.83749,13.7676],[100.83718,13.76759],[100.83591,13.76782],[100.83524,13.7679],[100.83472,13.76802],[100.83341,13.76778],[100.83273,13.76752],[100.83253,13.76748],[100.83235,13.76748],[100.83218,13.76758],[100.83193,13.76784],[100.83178,13.76809],[100.8316,13.7683],[100.83134,13.76872],[100.83056,13.76936],[100.8301,13.76984],[100.82974,13.77065],[100.82923,13.77218],[100.82894,13.77246],[100.82848,13.77279],[100.82772,13.77363],[100.82727,13.77421],[100.82651,13.77495],[100.82589,13.77546],[100.82561,13.77562],[100.82534,13.77582],[100.8243,13.77676],[100.8239,13.77704],[100.82356,13.77721],[100.82297,13.77757],[100.8227,13.77781],[100.82278,13.77812],[100.82282,13.77913],[100.82288,13.7793],[100.82291,13.77958],[100.82281,13.77978],[100.82166,13.78062],[100.81965,13.78187],[100.81847,13.78224],[100.81817,13.78231],[100.81772,13.78237],[100.81662,13.78264],[100.81574,13.78303],[100.81548,13.78319],[100.81535,13.78331],[100.81521,13.78354],[100.81503,13.78376],[100.81475,13.78428],[100.81425,13.78406],[100.81391,13.78371],[100.81342,13.78289],[100.81326,13.78278],[100.81292,13.78261],[100.81125,13.78207],[100.81003,13.78176],[100.80878,13.78164],[100.80775,13.78165],[100.80695,13.78171],[100.80563,13.78168],[100.80419,13.78176],[100.80305,13.78171],[100.80163,13.7816],[100.80077,13.78165],[100.79998,13.78183],[100.79958,13.78188],[100.79943,13.78187],[100.79879,13.78215],[100.79795,13.78239],[100.79625,13.78281],[100.79562,13.78302],[100.79426,13.78365],[100.79389,13.78387],[100.79367,13.78409],[100.79358,13.78428],[100.79355,13.7846],[100.79358,13.78475],[100.79417,13.78574],[100.79439,13.78606],[100.79525,13.7871],[100.79559,13.78759],[100.79595,13.78828],[100.79609,13.7887],[100.79618,13.78931],[100.79619,13.78981],[100.79638,13.79103],[100.79638,13.79121],[100.79634,13.79146],[100.79621,13.79191],[100.79605,13.79228],[100.79559,13.79301],[100.79509,13.79397],[100.79518,13.79427],[100.79531,13.79454],[100.79608,13.79579],[100.79682,13.79712],[100.79736,13.79799],[100.79789,13.7987],[100.7982,13.79904],[100.79877,13.79952],[100.7993,13.80012],[100.79966,13.80047],[100.79979,13.80055],[100.8002,13.80072],[100.80171,13.80176],[100.80208,13.80197],[100.80346,13.80332],[100.80466,13.80439],[100.80605,13.80602],[100.80693,13.80688],[100.80739,13.80756],[100.80775,13.80798],[100.80738,13.80822],[100.8067,13.8083],[100.8065,13.80829],[100.8057,13.8081],[100.8053,13.80805],[100.8038,13.80794],[100.80349,13.80797],[100.80315,13.80814],[100.80264,13.80854],[100.80177,13.80946],[100.80168,13.80968],[100.80162,13.80994],[100.80146,13.81146],[100.80148,13.81269],[100.80155,13.81368],[100.80152,13.8141],[100.8014,13.81482],[100.80136,13.81526],[100.8015,13.81617],[100.80144,13.8164],[100.80094,13.81713],[100.80092,13.81745],[100.80106,13.81814],[100.80132,13.81991],[100.80143,13.82043],[100.80156,13.82077],[100.8021,13.82178],[100.80232,13.82241],[100.80283,13.82353],[100.80346,13.82451],[100.80364,13.82497],[100.80381,13.8256],[100.80393,13.82587],[100.80413,13.82593],[100.8054,13.82594],[100.80559,13.82597],[100.80591,13.82609],[100.80572,13.82694],[100.8057,13.82722],[100.80587,13.82856],[100.80581,13.82932],[100.80588,13.82985],[100.80596,13.83022],[100.80678,13.83274],[100.80692,13.83384],[100.80729,13.83475],[100.80753,13.83554],[100.80789,13.83637],[100.80801,13.83694],[100.80795,13.83816],[100.80776,13.83937],[100.80766,13.83974],[100.807,13.84171],[100.80664,13.84355],[100.80651,13.8441],[100.80599,13.8443],[100.80565,13.84431],[100.80355,13.84378],[100.80329,13.84367],[100.80292,13.84345],[100.80183,13.84252],[100.80084,13.84501],[100.80029,13.84615],[100.79985,13.84695],[100.79969,13.84744],[100.79948,13.84841],[100.799,13.84929],[100.79936,13.84951],[100.79946,13.84954],[100.79927,13.84993],[100.79919,13.85018],[100.79911,13.85029],[100.79879,13.85096],[100.79856,13.85137],[100.79583,13.85742],[100.79482,13.85976],[100.79372,13.86241],[100.79316,13.86387],[100.78888,13.87574],[100.7882,13.87753],[100.78768,13.87908],[100.78742,13.87999],[100.7879,13.88014],[100.78829,13.88019],[100.78848,13.88024],[100.78862,13.88034],[100.78889,13.88071],[100.78912,13.8809],[100.78921,13.88095],[100.79007,13.8812],[100.79086,13.88182],[100.79094,13.88191],[100.79194,13.88348],[100.79237,13.88394],[100.79247,13.88409],[100.79255,13.88434],[100.79275,13.88564],[100.79278,13.8857],[100.793,13.88588],[100.79328,13.88598],[100.79373,13.88606],[100.79402,13.88619],[100.79421,13.88638],[100.7943,13.8865],[100.79458,13.88689],[100.79473,13.88717],[100.7948,13.88741],[100.79496,13.88877],[100.79501,13.88893],[100.79515,13.88917],[100.79571,13.88991],[100.79593,13.89055],[100.79568,13.89076],[100.79462,13.89128],[100.79414,13.89159],[100.79341,13.892],[100.79276,13.8926],[100.79249,13.89304],[100.79236,13.89339],[100.79233,13.89363],[100.79237,13.89384],[100.79284,13.89375],[100.79288,13.89549],[100.79287,13.89699],[100.79283,13.89712],[100.79277,13.89719],[100.7923,13.89732],[100.79226,13.89747],[100.79228,13.8978],[100.79228,13.89907],[100.79237,13.90142],[100.79235,13.90262],[100.79239,13.90376],[100.79232,13.90721],[100.79243,13.91045],[100.79247,13.91381],[100.79247,13.91886],[100.79252,13.9204],[100.79257,13.9244],[100.79254,13.92491],[100.7926,13.92719],[100.79258,13.92809],[100.79259,13.93139],[100.7926,13.93154],[100.79414,13.93167],[100.79549,13.93183],[100.80988,13.93327],[100.81289,13.93355],[100.81407,13.93368],[100.81448,13.93368],[100.81498,13.93375],[100.81535,13.93377],[100.81701,13.93402],[100.81992,13.93428],[100.82206,13.93457],[100.82684,13.93509],[100.82764,13.93521],[100.83162,13.93562],[100.83526,13.93609],[100.83647,13.93619],[100.83839,13.93644],[100.83966,13.93653],[100.84201,13.93684],[100.84266,13.93696],[100.84408,13.93712],[100.85174,13.93815],[100.85435,13.9384],[100.86331,13.93914],[100.86563,13.93995],[100.87381,13.94112],[100.88362,13.94258],[100.88498,13.94277],[100.88828,13.94318],[100.89622,13.9441],[100.90477,13.94529],[100.90701,13.94556],[100.91398,13.94649],[100.91396,13.94541],[100.91372,13.94369],[100.9134,13.94102],[100.91335,13.94085],[100.91334,13.94041],[100.91293,13.93731],[100.91278,13.9356],[100.91257,13.93434],[100.91238,13.93239],[100.91217,13.93169],[100.91208,13.93112],[100.91197,13.92985],[100.91183,13.92888],[100.91178,13.92871],[100.91178,13.92804],[100.91172,13.92777],[100.91173,13.92738],[100.91156,13.92681],[100.91152,13.92663],[100.91154,13.92646],[100.91143,13.92596],[100.91144,13.92516],[100.91135,13.92492],[100.9113,13.9247],[100.91125,13.9238],[100.91105,13.92238],[100.91096,13.92142],[100.91081,13.92031],[100.91064,13.91946],[100.9106,13.91867],[100.91045,13.91765],[100.91042,13.91722],[100.91011,13.91517],[100.90966,13.91123],[100.90946,13.90993],[100.90929,13.90832],[100.90917,13.90757],[100.90906,13.90652],[100.90886,13.90527],[100.9085,13.90208],[100.90829,13.8995],[100.90811,13.89823],[100.90797,13.89696],[100.90784,13.89519]]]}},{"type":"Feature","properties":{"OBJECTID":4,"District":"1004","AMP_CODE":"04","PROV_CODE":"10","AMP_NAMT":"บางรัก","AMP_NAME":"BANG RAK","AMP_NAMEN":"Bang Rak","AMP_NAMC":"挽叻","COLOR_IDX":1},"geometry":{"type":"Polygon","coordinates":[[[100.51741,13.71811],[100.51703,13.71808],[100.51669,13.71813],[100.51512,13.71856],[100.51203,13.71934],[100.5125,13.72111],[100.51262,13.72182],[100.51271,13.72427],[100.5123,13.72939],[100.51328,13.72963],[100.51341,13.72971],[100.51386,13.73012],[100.51494,13.73128],[100.51506,13.73148],[100.51541,13.73222],[100.5155,13.73244],[100.5157,13.73329],[100.51585,13.73431],[100.51591,13.73523],[100.51591,13.73572],[100.51586,13.73625],[100.51576,13.73681],[100.51569,13.73805],[100.51603,13.73795],[100.51776,13.73732],[100.51914,13.73672],[100.52161,13.73571],[100.52558,13.73415],[100.52725,13.73345],[100.52873,13.73287],[100.52935,13.73261],[100.53388,13.73072],[100.53664,13.72956],[100.53673,13.72952],[100.53925,13.72847],[100.54059,13.72788],[100.54475,13.72617],[100.53788,13.7241],[100.53029,13.72187],[100.51985,13.71877],[100.51741,13.71811]]]}},{"type":"Feature","properties":{"OBJECTID":5,"District":"1005","AMP_CODE":"05","PROV_CODE":"10","AMP_NAMT":"บางเขน","AMP_NAME":"BANG KHEN","AMP_NAMEN":"Bang Khen","AMP_NAMC":"Bang Khen","COLOR_IDX":0},"geometry":{"type":"Polygon","coordinates":[[[100.61237,13.88622],[100.61325,13.88595],[100.61369,13.88601],[100.61491,13.88589],[100.61566,13.88576],[100.61621,13.88562],[100.61682,13.88532],[100.61745,13.88496],[100.61749,13.88508],[100.61825,13.88476],[100.61826,13.88462],[100.61874,13.88443],[100.61927,13.88424],[100.61975,13.88416],[100.62089,13.88388],[100.62237,13.88346],[100.62259,13.88336],[100.62299,13.88307],[100.62313,13.88303],[100.62388,13.88294],[100.62407,13.88295],[100.62434,13.88299],[100.62445,13.88305],[100.62466,13.88341],[100.62521,13.88336],[100.62535,13.88337],[100.62541,13.88414],[100.62653,13.88415],[100.62695,13.88423],[100.62788,13.88477],[100.62868,13.88509],[100.62954,13.88554],[100.63058,13.8856],[100.63146,13.88568],[100.63217,13.8858],[100.63265,13.8858],[100.63303,13.88561],[100.63328,13.88542],[100.63373,13.8852],[100.63398,13.88516],[100.63554,13.88547],[100.63615,13.88549],[100.63665,13.88562],[100.63695,13.88559],[100.63716,13.88562],[100.63874,13.88618],[100.63966,13.88663],[100.64003,13.88674],[100.6402,13.88675],[100.64037,13.88674],[100.64075,13.88656],[100.6409,13.88643],[100.64151,13.88604],[100.64179,13.88598],[100.64247,13.8859],[100.64279,13.88582],[100.64295,13.88573],[100.64302,13.8856],[100.64307,13.88541],[100.64312,13.88444],[100.64309,13.88324],[100.64324,13.88315],[100.64425,13.88276],[100.64455,13.88286],[100.64735,13.88291],[100.6497,13.88288],[100.65251,13.88293],[100.65263,13.88295],[100.65269,13.88316],[100.65268,13.88354],[100.6527,13.88376],[100.65265,13.88487],[100.65259,13.88517],[100.65268,13.88538],[100.65295,13.88578],[100.65304,13.88632],[100.65311,13.88638],[100.65345,13.88608],[100.65353,13.8861],[100.6536,13.88624],[100.65364,13.88626],[100.65385,13.88613],[100.65386,13.88608],[100.65378,13.88594],[100.65378,13.88581],[100.6539,13.88565],[100.65405,13.88557],[100.65423,13.88554],[100.65442,13.88554],[100.65522,13.88563],[100.65534,13.88558],[100.65537,13.88541],[100.65542,13.88476],[100.65553,13.88427],[100.65568,13.88339],[100.6557,13.88311],[100.65569,13.88294],[100.65578,13.88248],[100.65599,13.88175],[100.65619,13.88151],[100.65678,13.8809],[100.65754,13.88038],[100.65912,13.87968],[100.65959,13.87949],[100.66032,13.87923],[100.66039,13.87923],[100.6604,13.8792],[100.6607,13.8791],[100.66182,13.87876],[100.66193,13.87876],[100.66253,13.87885],[100.66346,13.87911],[100.66388,13.87933],[100.66432,13.87965],[100.6645,13.87985],[100.66461,13.88002],[100.66475,13.88034],[100.66478,13.88099],[100.66481,13.88107],[100.66549,13.88101],[100.66573,13.88096],[100.66596,13.88084],[100.66649,13.88047],[100.66683,13.88038],[100.66715,13.88037],[100.66774,13.8804],[100.66818,13.88038],[100.66841,13.88041],[100.66884,13.88057],[100.66895,13.88082],[100.66907,13.881],[100.66918,13.88108],[100.66934,13.88113],[100.66958,13.88111],[100.66978,13.88106],[100.67055,13.88068],[100.67104,13.8805],[100.67163,13.88021],[100.67236,13.87975],[100.67253,13.87968],[100.67258,13.87972],[100.67299,13.88066],[100.67316,13.88092],[100.6734,13.88112],[100.67381,13.8811],[100.67414,13.88055],[100.67452,13.88006],[100.67527,13.87961],[100.67537,13.87954],[100.67564,13.87918],[100.67581,13.87911],[100.676,13.87913],[100.67623,13.87925],[100.67658,13.87936],[100.67784,13.8796],[100.67793,13.8796],[100.67834,13.87948],[100.67959,13.87949],[100.6801,13.87952],[100.68092,13.87967],[100.68131,13.87968],[100.68136,13.87963],[100.68152,13.87866],[100.68175,13.87782],[100.68196,13.87753],[100.68265,13.8768],[100.68295,13.87641],[100.68352,13.87582],[100.68357,13.87566],[100.68372,13.87494],[100.684,13.87448],[100.68422,13.87428],[100.6845,13.87425],[100.68446,13.874],[100.68446,13.87367],[100.68449,13.87344],[100.68472,13.87249],[100.68482,13.87212],[100.6852,13.87102],[100.68562,13.87008],[100.68577,13.86932],[100.68575,13.86921],[100.68553,13.86873],[100.68521,13.86826],[100.68493,13.86772],[100.68453,13.86717],[100.68416,13.86644],[100.68402,13.86599],[100.68383,13.86484],[100.68359,13.86368],[100.68355,13.86318],[100.68338,13.86256],[100.68311,13.862],[100.68253,13.86111],[100.68217,13.86065],[100.68128,13.86005],[100.68077,13.85934],[100.68041,13.85877],[100.68037,13.85867],[100.67987,13.85841],[100.67805,13.85806],[100.67764,13.858],[100.67728,13.85788],[100.67657,13.8575],[100.6762,13.85722],[100.67607,13.8571],[100.67574,13.85664],[100.67546,13.85638],[100.67523,13.85654],[100.67393,13.85691],[100.67303,13.85708],[100.6725,13.85714],[100.67202,13.85726],[100.67157,13.85714],[100.6709,13.85707],[100.67054,13.857],[100.66968,13.85696],[100.66899,13.85683],[100.66809,13.85658],[100.66708,13.85621],[100.6663,13.85584],[100.66562,13.85542],[100.66514,13.85504],[100.66494,13.85482],[100.66475,13.85469],[100.66445,13.85482],[100.66417,13.85502],[100.66397,13.8552],[100.66372,13.85559],[100.6632,13.85603],[100.66311,13.85597],[100.6629,13.85567],[100.66279,13.85535],[100.66249,13.85482],[100.66219,13.85435],[100.66189,13.85377],[100.66114,13.85258],[100.66082,13.85257],[100.65902,13.85239],[100.6583,13.85239],[100.65808,13.85161],[100.6582,13.85075],[100.65817,13.85039],[100.65832,13.84962],[100.65836,13.84955],[100.65847,13.84957],[100.65872,13.84921],[100.65873,13.84902],[100.65886,13.84879],[100.65889,13.84861],[100.65864,13.84776],[100.65785,13.84775],[100.65719,13.84783],[100.65692,13.84789],[100.65665,13.84783],[100.65639,13.84782],[100.65585,13.84758],[100.65555,13.84749],[100.65297,13.84685],[100.65208,13.84698],[100.65054,13.84654],[100.65028,13.84649],[100.65004,13.84639],[100.64978,13.84634],[100.6492,13.84633],[100.64873,13.84621],[100.64791,13.84666],[100.64817,13.84758],[100.64815,13.84762],[100.64749,13.84757],[100.64599,13.84737],[100.64129,13.84673],[100.64086,13.84665],[100.63984,13.84636],[100.6391,13.8461],[100.63712,13.84467],[100.63608,13.84387],[100.63581,13.8437],[100.63517,13.84346],[100.63295,13.84255],[100.63193,13.84264],[100.63137,13.84272],[100.63094,13.84273],[100.6297,13.84273],[100.62954,13.84268],[100.62921,13.84266],[100.62875,13.84268],[100.62867,13.84269],[100.62846,13.84301],[100.62832,13.84318],[100.62795,13.84348],[100.62722,13.84389],[100.62669,13.84415],[100.62593,13.84461],[100.6235,13.84586],[100.62326,13.8461],[100.62313,13.84627],[100.62272,13.84664],[100.62209,13.84703],[100.62181,13.84713],[100.62157,13.8473],[100.62098,13.84795],[100.62078,13.8481],[100.62049,13.84822],[100.61972,13.84845],[100.61896,13.84854],[100.6165,13.84884],[100.61623,13.84894],[100.61604,13.8489],[100.61458,13.84903],[100.614,13.84911],[100.61364,13.84912],[100.61347,13.84917],[100.61321,13.84913],[100.61289,13.84913],[100.61166,13.84914],[100.61134,13.84919],[100.61108,13.84911],[100.61083,13.84911],[100.61065,13.84915],[100.61054,13.8491],[100.61042,13.84921],[100.61035,13.84922],[100.61019,13.84913],[100.60999,13.84919],[100.60984,13.84912],[100.60889,13.84917],[100.60864,13.84913],[100.60791,13.84923],[100.60738,13.84927],[100.60686,13.84925],[100.60583,13.84889],[100.60459,13.8483],[100.60236,13.84686],[100.6012,13.8467],[100.60065,13.84665],[100.5989,13.84636],[100.59862,13.84635],[100.59816,13.84619],[100.5976,13.84614],[100.59697,13.84581],[100.59561,13.8457],[100.59385,13.8453],[100.59275,13.84494],[100.59122,13.84428],[100.59073,13.84412],[100.58987,13.84393],[100.58952,13.84489],[100.58926,13.84539],[100.58903,13.84595],[100.58833,13.84989],[100.58805,13.85113],[100.58777,13.85189],[100.58767,13.85231],[100.58763,13.85303],[100.58758,13.85311],[100.58753,13.85651],[100.58743,13.85687],[100.58729,13.85719],[100.58701,13.85766],[100.58669,13.85833],[100.58656,13.85863],[100.58655,13.85893],[100.58648,13.85904],[100.58652,13.8601],[100.58664,13.8614],[100.58668,13.86164],[100.58676,13.86185],[100.5868,13.86325],[100.58702,13.86557],[100.5872,13.86819],[100.58741,13.86997],[100.58739,13.87044],[100.5876,13.87267],[100.58766,13.87367],[100.58765,13.87413],[100.58771,13.8745],[100.58785,13.87601],[100.588,13.87874],[100.58814,13.87962],[100.58857,13.88048],[100.5892,13.88139],[100.59006,13.8824],[100.59067,13.88303],[100.59397,13.88673],[100.5947,13.88748],[100.59481,13.88763],[100.59519,13.88805],[100.59644,13.88913],[100.59714,13.88968],[100.59833,13.89041],[100.59834,13.89046],[100.5983,13.89056],[100.59856,13.89075],[100.59863,13.89076],[100.59892,13.89098],[100.59985,13.89156],[100.60079,13.89218],[100.60109,13.89242],[100.6025,13.89331],[100.60271,13.8934],[100.60318,13.8938],[100.60437,13.89463],[100.60453,13.8947],[100.6051,13.89508],[100.60572,13.89542],[100.60626,13.89598],[100.60642,13.89622],[100.6065,13.89637],[100.60707,13.89709],[100.60734,13.89732],[100.60769,13.89756],[100.60791,13.89776],[100.60832,13.89798],[100.60869,13.89825],[100.60904,13.89842],[100.60932,13.89862],[100.60948,13.89867],[100.60968,13.89884],[100.61014,13.89912],[100.61057,13.89951],[100.61113,13.89978],[100.61073,13.89915],[100.6087,13.8957],[100.60921,13.89492],[100.60986,13.89431],[100.61045,13.89364],[100.611,13.8928],[100.61134,13.89245],[100.61136,13.89237],[100.61045,13.89139],[100.61007,13.89092],[100.60975,13.89033],[100.60906,13.88922],[100.60895,13.88901],[100.6088,13.88853],[100.60881,13.88842],[100.60886,13.88833],[100.60934,13.88781],[100.60962,13.88758],[100.61043,13.88705],[100.61083,13.88685],[100.61087,13.88677],[100.61124,13.88662],[100.61237,13.88622]]]}},{"type":"Feature","properties":{"OBJECTID":6,"District":"1006","AMP_CODE":"06","PROV_CODE":"10","AMP_NAMT":"บางกะปิ","AMP_NAME":"BANG KAPI","AMP_NAMEN":"Bang Kapi","AMP_NAMC":"Bang Kapi","COLOR_IDX":3},"geometry":{"type":"Polygon","coordinates":[[[100.62978,13.81929],[100.63133,13.81919],[100.63121,13.81814],[100.63102,13.81592],[100.631,13.81548],[100.63104,13.81539],[100.63109,13.81537],[100.63167,13.81536],[100.63175,13.81534],[100.63182,13.81527],[100.63218,13.81432],[100.63241,13.81355],[100.63257,13.81283],[100.63268,13.81255],[100.63319,13.81177],[100.63332,13.81154],[100.63354,13.81124],[100.63347,13.81101],[100.63347,13.81086],[100.634,13.80987],[100.6341,13.8095],[100.63426,13.80928],[100.63445,13.80912],[100.6348,13.80872],[100.63488,13.80855],[100.63519,13.80825],[100.63626,13.8075],[100.63654,13.80724],[100.6368,13.80695],[100.6376,13.80595],[100.63771,13.8057],[100.6379,13.80539],[100.63805,13.80524],[100.6382,13.80503],[100.63821,13.80496],[100.63831,13.80484],[100.63848,13.80472],[100.6385,13.80467],[100.63867,13.80456],[100.63902,13.80443],[100.63909,13.80438],[100.63925,13.80411],[100.63938,13.80363],[100.63944,13.80299],[100.63945,13.80213],[100.63962,13.80103],[100.63979,13.80046],[100.64002,13.79946],[100.64016,13.7986],[100.64012,13.79798],[100.64017,13.79624],[100.64005,13.79576],[100.64,13.79515],[100.64012,13.7945],[100.64023,13.79419],[100.64048,13.79223],[100.64057,13.79181],[100.64076,13.79142],[100.64085,13.79133],[100.6411,13.79115],[100.64137,13.79081],[100.64158,13.79049],[100.64185,13.78971],[100.6419,13.78946],[100.64229,13.78841],[100.64258,13.78781],[100.64264,13.78752],[100.64272,13.78694],[100.6435,13.78687],[100.6452,13.78592],[100.64576,13.78571],[100.64613,13.78566],[100.64665,13.78565],[100.64694,13.7854],[100.6475,13.78514],[100.64817,13.78477],[100.64763,13.78408],[100.64852,13.78309],[100.64919,13.78225],[100.65059,13.78038],[100.65104,13.77969],[100.65177,13.7785],[100.65275,13.77677],[100.65326,13.77545],[100.65352,13.77444],[100.6537,13.77391],[100.6538,13.77376],[100.65406,13.77346],[100.65463,13.77286],[100.65618,13.77071],[100.65782,13.77159],[100.6586,13.77206],[100.65949,13.77253],[100.6596,13.77264],[100.66041,13.77309],[100.66053,13.77313],[100.66114,13.77346],[100.6612,13.77347],[100.66251,13.77418],[100.66251,13.77426],[100.66265,13.77436],[100.66462,13.77537],[100.66478,13.77511],[100.66529,13.77396],[100.66555,13.77354],[100.66827,13.76791],[100.66865,13.76705],[100.6688,13.76662],[100.66886,13.76635],[100.66893,13.76546],[100.66903,13.76497],[100.66927,13.76408],[100.66927,13.76373],[100.66937,13.76334],[100.66942,13.76158],[100.66948,13.76131],[100.66945,13.76098],[100.66949,13.7606],[100.6695,13.7598],[100.66961,13.75879],[100.66964,13.75657],[100.66967,13.75637],[100.66974,13.75624],[100.66995,13.75605],[100.6703,13.75585],[100.67223,13.75491],[100.67301,13.75457],[100.67391,13.75422],[100.67533,13.75357],[100.67733,13.7527],[100.67861,13.75217],[100.67903,13.75205],[100.67875,13.75145],[100.6782,13.75046],[100.67798,13.74978],[100.67767,13.74931],[100.67751,13.74912],[100.67734,13.74901],[100.67616,13.74862],[100.67537,13.74852],[100.67508,13.74852],[100.67411,13.74882],[100.67281,13.74937],[100.67248,13.7494],[100.67219,13.74931],[100.67191,13.74914],[100.67138,13.74862],[100.67101,13.74805],[100.67069,13.74779],[100.67049,13.74769],[100.67022,13.7476],[100.67003,13.74758],[100.66873,13.7477],[100.66732,13.74728],[100.66677,13.74708],[100.66627,13.74683],[100.6661,13.7467],[100.66586,13.74631],[100.66541,13.74589],[100.66522,13.74515],[100.66468,13.74374],[100.66465,13.74348],[100.66456,13.74317],[100.66449,13.74308],[100.66431,13.74293],[100.66362,13.74283],[100.66326,13.74244],[100.66314,13.74224],[100.6631,13.74208],[100.66312,13.74183],[100.66344,13.74122],[100.66351,13.74092],[100.66342,13.74012],[100.66288,13.74011],[100.6627,13.74005],[100.66249,13.73993],[100.66208,13.73963],[100.66129,13.73928],[100.65975,13.7387],[100.65957,13.73861],[100.65923,13.73837],[100.65918,13.73827],[100.65909,13.73839],[100.65876,13.73842],[100.65202,13.74067],[100.65176,13.74077],[100.64914,13.74159],[100.64861,13.74182],[100.64839,13.74196],[100.64748,13.74263],[100.64786,13.74275],[100.64804,13.74284],[100.64823,13.74299],[100.64843,13.74322],[100.64853,13.74342],[100.64855,13.74407],[100.64809,13.74451],[100.64806,13.7446],[100.64783,13.74466],[100.64714,13.74512],[100.64556,13.74645],[100.64541,13.74653],[100.64514,13.74658],[100.64415,13.74651],[100.64354,13.74661],[100.64309,13.74676],[100.64078,13.74792],[100.63987,13.74875],[100.63926,13.74915],[100.63895,13.74931],[100.63867,13.74941],[100.63807,13.74955],[100.63696,13.74967],[100.63626,13.74999],[100.63581,13.75012],[100.6357,13.75012],[100.63395,13.74958],[100.63319,13.74942],[100.63161,13.74895],[100.63104,13.74872],[100.62897,13.74826],[100.62813,13.748],[100.62758,13.7479],[100.62684,13.74767],[100.6252,13.74739],[100.62382,13.74695],[100.62362,13.74692],[100.62246,13.74658],[100.62198,13.74648],[100.6204,13.74613],[100.61991,13.74607],[100.61872,13.74568],[100.61784,13.74545],[100.61729,13.74535],[100.61454,13.74454],[100.61295,13.74424],[100.61193,13.74392],[100.61109,13.74383],[100.61052,13.74382],[100.60757,13.74504],[100.60611,13.74579],[100.60525,13.74614],[100.60456,13.74655],[100.60412,13.74676],[100.60284,13.74728],[100.6017,13.74782],[100.60128,13.74804],[100.60125,13.74809],[100.60102,13.74823],[100.60191,13.74906],[100.60299,13.75019],[100.6041,13.7512],[100.60558,13.75264],[100.6065,13.75342],[100.60854,13.75527],[100.61,13.75675],[100.61042,13.75712],[100.61087,13.75739],[100.61207,13.75849],[100.61308,13.75948],[100.61403,13.76058],[100.61425,13.76068],[100.61452,13.7609],[100.61525,13.76127],[100.61678,13.76166],[100.61852,13.76175],[100.61925,13.76184],[100.61932,13.76189],[100.62019,13.76203],[100.6204,13.76212],[100.62095,13.76221],[100.62203,13.76234],[100.62297,13.76238],[100.6238,13.76249],[100.62541,13.76265],[100.62713,13.7629],[100.62714,13.76295],[100.62718,13.76296],[100.62768,13.76301],[100.62775,13.76294],[100.62925,13.763],[100.63049,13.76325],[100.62995,13.76662],[100.62947,13.76907],[100.62931,13.76982],[100.62917,13.77032],[100.62885,13.77196],[100.62885,13.77214],[100.62893,13.77253],[100.62833,13.77516],[100.62827,13.77565],[100.62925,13.77509],[100.6294,13.77578],[100.62954,13.77662],[100.6302,13.77966],[100.6303,13.78026],[100.63065,13.78415],[100.62934,13.78758],[100.6292,13.78804],[100.62905,13.7887],[100.62591,13.7881],[100.6256,13.78952],[100.62516,13.79232],[100.62485,13.79381],[100.62464,13.79517],[100.62444,13.79586],[100.62439,13.79639],[100.62418,13.7971],[100.62417,13.79739],[100.62364,13.80022],[100.62212,13.79987],[100.61976,13.79959],[100.61948,13.7995],[100.61869,13.79951],[100.61625,13.79932],[100.61588,13.79935],[100.61542,13.79954],[100.61506,13.79977],[100.61789,13.80606],[100.61945,13.80934],[100.62014,13.81068],[100.62047,13.81124],[100.62269,13.81464],[100.62326,13.81559],[100.62448,13.8174],[100.62551,13.81754],[100.62559,13.81773],[100.62587,13.81897],[100.62598,13.81931],[100.62635,13.81927],[100.62753,13.81927],[100.62824,13.81937],[100.62875,13.8194],[100.62978,13.81929]]]}},{"type":"Feature","properties":{"OBJECTID":7,"District":"1007","AMP_CODE":"07","PROV_CODE":"10","AMP_NAMT":"ปทุมวัน","AMP_NAME":"PATHUM WAN","AMP_NAMEN":"Pathum Wan","AMP_NAMC":"巴吞旺","COLOR_IDX":2},"geometry":{"type":"Polygon","coordinates":[[[100.51847,13.75279],[100.51913,13.75264],[100.51917,13.75273],[100.51976,13.75259],[100.52017,13.75243],[100.52048,13.75224],[100.5206,13.75212],[100.52183,13.75138],[100.52197,13.75127],[100.52305,13.75068],[100.5244,13.74989],[100.52451,13.74981],[100.52515,13.74936],[100.52535,13.7493],[100.52551,13.7493],[100.52699,13.74963],[100.52748,13.74967],[100.52775,13.74966],[100.52969,13.74936],[100.53008,13.74931],[100.53097,13.74932],[100.53124,13.74928],[100.5328,13.74916],[100.53345,13.74917],[100.53436,13.74924],[100.53499,13.7493],[100.53555,13.74941],[100.53612,13.74963],[100.53661,13.74972],[100.53902,13.74965],[100.53999,13.74948],[100.54101,13.74943],[100.54192,13.74932],[100.54298,13.74897],[100.54321,13.74894],[100.54348,13.74886],[100.54508,13.74867],[100.54613,13.74858],[100.54614,13.74866],[100.54706,13.7485],[100.54828,13.74841],[100.55008,13.7484],[100.5507,13.74285],[100.55219,13.72958],[100.55291,13.72277],[100.54475,13.72617],[100.54059,13.72788],[100.53925,13.72847],[100.53673,13.72952],[100.53664,13.72956],[100.53388,13.73072],[100.52935,13.73261],[100.52873,13.73287],[100.52725,13.73345],[100.52558,13.73415],[100.52161,13.73571],[100.51914,13.73672],[100.51776,13.73732],[100.51603,13.73795],[100.51569,13.73805],[100.51568,13.73919],[100.51575,13.7413],[100.516,13.74354],[100.51633,13.74558],[100.51666,13.7474],[100.51692,13.74908],[100.51738,13.7524],[100.51737,13.7531],[100.51755,13.75307],[100.51847,13.75279]]]}},{"type":"Feature","properties":{"OBJECTID":8,"District":"1008","AMP_CODE":"08","PROV_CODE":"10","AMP_NAMT":"ป้อมปราบศัตรูพ่าย","AMP_NAME":"POM PRAP SATTRU PHAI","AMP_NAMEN":"Pom Prap Sattru Phai","AMP_NAMC":"Pom Prap Sattru Phai","COLOR_IDX":0},"geometry":{"type":"Polygon","coordinates":[[[100.51568,13.73919],[100.51569,13.73805],[100.51512,13.73821],[100.51494,13.7383],[100.51227,13.7404],[100.51015,13.74211],[100.50567,13.74562],[100.50441,13.74663],[100.50416,13.74676],[100.5039,13.74685],[100.50412,13.74771],[100.50554,13.75378],[100.50604,13.75551],[100.50602,13.75564],[100.50571,13.75618],[100.506,13.75637],[100.50767,13.75995],[100.5094,13.76365],[100.50986,13.76324],[100.51202,13.76105],[100.5129,13.76019],[100.51591,13.75729],[100.51641,13.75663],[100.51688,13.75569],[100.51717,13.755],[100.51729,13.75439],[100.51736,13.75377],[100.51737,13.7531],[100.51738,13.7524],[100.51692,13.74908],[100.51666,13.7474],[100.51633,13.74558],[100.516,13.74354],[100.51575,13.7413],[100.51568,13.73919]]]}},{"type":"Feature","properties":{"OBJECTID":9,"District":"1009","AMP_CODE":"09","PROV_CODE":"10","AMP_NAMT":"พระโขนง","AMP_NAME":"PHRA KHANONG","AMP_NAMEN":"Phra Khanong","AMP_NAMC":"Phra Khanong","COLOR_IDX":0},"geometry":{"type":"Polygon","coordinates":[[[100.61592,13.70677],[100.61597,13.70617],[100.61606,13.7059],[100.61633,13.70444],[100.61632,13.70415],[100.61721,13.70411],[100.61807,13.70421],[100.62239,13.70501],[100.62237,13.70427],[100.62244,13.7038],[100.62259,13.70358],[100.62267,13.70353],[100.62287,13.70348],[100.62306,13.70336],[100.62318,13.70319],[100.62321,13.70312],[100.62515,13.70309],[100.62518,13.70308],[100.6252,13.70298],[100.62523,13.70295],[100.62643,13.70293],[100.62648,13.70282],[100.62717,13.70279],[100.6272,13.70303],[100.62872,13.70308],[100.62998,13.70321],[100.63054,13.70332],[100.63073,13.70254],[100.63294,13.70303],[100.63326,13.70229],[100.63357,13.70177],[100.63378,13.7015],[100.63401,13.70087],[100.63411,13.70076],[100.63414,13.7006],[100.63462,13.69979],[100.63505,13.69889],[100.63532,13.69848],[100.63598,13.69733],[100.63659,13.69617],[100.637,13.69554],[100.63717,13.69497],[100.63724,13.6942],[100.63764,13.69253],[100.63772,13.69186],[100.6377,13.69151],[100.63779,13.69082],[100.6379,13.69026],[100.63793,13.6899],[100.63806,13.68962],[100.63819,13.68917],[100.63816,13.68908],[100.63819,13.68854],[100.63829,13.68818],[100.63866,13.68557],[100.63884,13.68493],[100.63907,13.68395],[100.63912,13.6834],[100.63946,13.68165],[100.63962,13.68038],[100.6398,13.67986],[100.64001,13.67906],[100.64016,13.67821],[100.64024,13.67794],[100.63751,13.67796],[100.63479,13.67804],[100.62465,13.67841],[100.62283,13.68302],[100.62278,13.68355],[100.62277,13.68443],[100.62022,13.68438],[100.61844,13.68438],[100.61065,13.68428],[100.61052,13.68428],[100.60911,13.68331],[100.60867,13.68303],[100.60753,13.68208],[100.60747,13.68208],[100.60718,13.68239],[100.60702,13.68238],[100.60689,13.68241],[100.60481,13.68121],[100.60442,13.68104],[100.60385,13.68091],[100.60033,13.67994],[100.59926,13.68012],[100.59895,13.68026],[100.59865,13.68035],[100.59796,13.68062],[100.59746,13.68074],[100.59601,13.6812],[100.59534,13.68142],[100.59514,13.68153],[100.59477,13.68159],[100.59442,13.68171],[100.59381,13.68176],[100.5934,13.68185],[100.59323,13.68197],[100.5931,13.68202],[100.59264,13.68199],[100.59238,13.68212],[100.5915,13.68237],[100.59075,13.68253],[100.59036,13.68267],[100.58877,13.68302],[100.58908,13.68408],[100.58925,13.6849],[100.58935,13.68578],[100.58935,13.68653],[100.5893,13.68727],[100.58917,13.68805],[100.58888,13.68926],[100.58861,13.69004],[100.58827,13.69082],[100.58788,13.69157],[100.58744,13.6923],[100.58695,13.69297],[100.58643,13.6936],[100.58588,13.6942],[100.5853,13.69478],[100.58392,13.6961],[100.59267,13.70022],[100.59723,13.70248],[100.5992,13.70367],[100.59972,13.70386],[100.60166,13.70467],[100.60574,13.70651],[100.60597,13.70612],[100.60624,13.7059],[100.60626,13.70579],[100.60621,13.70568],[100.60623,13.70557],[100.60642,13.70535],[100.60748,13.70563],[100.60849,13.70585],[100.6092,13.7059],[100.60957,13.70581],[100.60991,13.70578],[100.61085,13.70597],[100.61133,13.70609],[100.61227,13.70623],[100.61295,13.70622],[100.61395,13.70628],[100.61435,13.70643],[100.61541,13.70665],[100.61589,13.70684],[100.61592,13.70677]]]}},{"type":"Feature","properties":{"OBJECTID":10,"District":"1010","AMP_CODE":"10","PROV_CODE":"10","AMP_NAMT":"มีนบุรี","AMP_NAME":"MIN BURI","AMP_NAMEN":"Min Buri","AMP_NAMC":"民武里","COLOR_IDX":1},"geometry":{"type":"Polygon","coordinates":[[[100.80084,13.84501],[100.80183,13.84252],[100.80292,13.84345],[100.80329,13.84367],[100.80355,13.84378],[100.80565,13.84431],[100.80599,13.8443],[100.80651,13.8441],[100.80664,13.84355],[100.807,13.84171],[100.80766,13.83974],[100.80776,13.83937],[100.80795,13.83816],[100.80801,13.83694],[100.80789,13.83637],[100.80753,13.83554],[100.80729,13.83475],[100.80692,13.83384],[100.80678,13.83274],[100.80596,13.83022],[100.80588,13.82985],[100.80581,13.82932],[100.80587,13.82856],[100.8057,13.82722],[100.80572,13.82694],[100.80591,13.82609],[100.80559,13.82597],[100.8054,13.82594],[100.80413,13.82593],[100.80393,13.82587],[100.80381,13.8256],[100.80364,13.82497],[100.80346,13.82451],[100.80283,13.82353],[100.80232,13.82241],[100.8021,13.82178],[100.80156,13.82077],[100.80143,13.82043],[100.80132,13.81991],[100.80106,13.81814],[100.80092,13.81745],[100.80094,13.81713],[100.80144,13.8164],[100.8015,13.81617],[100.80136,13.81526],[100.8014,13.81482],[100.80152,13.8141],[100.80155,13.81368],[100.80148,13.81269],[100.80146,13.81146],[100.80162,13.80994],[100.80168,13.80968],[100.80177,13.80946],[100.80264,13.80854],[100.80315,13.80814],[100.80349,13.80797],[100.8038,13.80794],[100.8053,13.80805],[100.8057,13.8081],[100.8065,13.80829],[100.8067,13.8083],[100.80738,13.80822],[100.80775,13.80798],[100.80739,13.80756],[100.80693,13.80688],[100.80605,13.80602],[100.80466,13.80439],[100.80346,13.80332],[100.80208,13.80197],[100.80171,13.80176],[100.8002,13.80072],[100.79979,13.80055],[100.79966,13.80047],[100.7993,13.80012],[100.79877,13.79952],[100.7982,13.79904],[100.79789,13.7987],[100.79736,13.79799],[100.79682,13.79712],[100.79608,13.79579],[100.79531,13.79454],[100.79518,13.79427],[100.79509,13.79397],[100.79456,13.79431],[100.79413,13.7945],[100.79297,13.79527],[100.79243,13.79557],[100.79179,13.79602],[100.79129,13.79665],[100.79035,13.79809],[100.78855,13.80039],[100.78731,13.79996],[100.78593,13.79955],[100.78266,13.79893],[100.78166,13.79834],[100.78171,13.79823],[100.7823,13.79415],[100.78276,13.78984],[100.78301,13.78801],[100.78398,13.78194],[100.78291,13.782],[100.78279,13.78199],[100.78269,13.78195],[100.7826,13.78184],[100.78218,13.78188],[100.78143,13.78216],[100.781,13.78223],[100.77987,13.78235],[100.77817,13.78244],[100.77787,13.7825],[100.77739,13.78266],[100.77694,13.78294],[100.77676,13.78325],[100.77586,13.78305],[100.77492,13.78289],[100.77397,13.78276],[100.77362,13.78268],[100.77287,13.78258],[100.77238,13.78259],[100.77207,13.78263],[100.77177,13.78264],[100.7701,13.78255],[100.76933,13.78247],[100.76863,13.78235],[100.76862,13.78202],[100.76765,13.78202],[100.76762,13.78195],[100.76765,13.78167],[100.7676,13.78163],[100.76491,13.78173],[100.76482,13.78171],[100.76471,13.78142],[100.76467,13.78115],[100.76461,13.781],[100.76404,13.78064],[100.76379,13.78032],[100.76362,13.78004],[100.76332,13.77996],[100.76323,13.7799],[100.76279,13.7794],[100.76249,13.77914],[100.76212,13.77889],[100.76085,13.77741],[100.76074,13.77721],[100.76066,13.77662],[100.76046,13.77637],[100.76051,13.77616],[100.76027,13.77595],[100.76,13.77564],[100.75977,13.7755],[100.7589,13.77543],[100.75874,13.77546],[100.75844,13.77569],[100.7581,13.77588],[100.7569,13.7767],[100.75561,13.77767],[100.7554,13.77778],[100.75456,13.7779],[100.75397,13.77794],[100.75371,13.77786],[100.74656,13.77787],[100.74646,13.77349],[100.73954,13.77327],[100.73894,13.77322],[100.73893,13.77352],[100.73897,13.77401],[100.73888,13.7758],[100.73893,13.7774],[100.73801,13.77725],[100.73793,13.77721],[100.73774,13.77709],[100.73723,13.77666],[100.73642,13.77608],[100.73489,13.77539],[100.73431,13.77506],[100.73388,13.77486],[100.73374,13.77481],[100.73355,13.77478],[100.7326,13.7749],[100.73154,13.77507],[100.73054,13.77534],[100.72926,13.77542],[100.72883,13.7755],[100.72836,13.77564],[100.72767,13.77569],[100.72717,13.77579],[100.72665,13.77598],[100.7258,13.77599],[100.7251,13.77618],[100.72444,13.7763],[100.72382,13.77667],[100.72329,13.77687],[100.72277,13.77713],[100.72215,13.77755],[100.72084,13.77826],[100.72073,13.77828],[100.71959,13.77817],[100.71937,13.77819],[100.7186,13.77811],[100.71712,13.77804],[100.7164,13.77811],[100.71619,13.77854],[100.71582,13.77949],[100.71567,13.77976],[100.71558,13.78004],[100.71554,13.78057],[100.71542,13.78113],[100.71541,13.78141],[100.71545,13.78166],[100.71527,13.78189],[100.71511,13.78239],[100.71472,13.78327],[100.71412,13.78432],[100.71349,13.7855],[100.71201,13.7881],[100.71104,13.78973],[100.71036,13.79106],[100.70929,13.7928],[100.70768,13.79566],[100.70608,13.79833],[100.70496,13.79768],[100.70476,13.79795],[100.70438,13.79861],[100.70353,13.79994],[100.70236,13.8017],[100.70175,13.80277],[100.70088,13.80399],[100.70056,13.80458],[100.70093,13.80509],[100.70122,13.80541],[100.70152,13.80585],[100.70197,13.80669],[100.70212,13.8072],[100.70216,13.80745],[100.70215,13.80766],[100.70206,13.80852],[100.70186,13.80914],[100.70174,13.8093],[100.70132,13.80968],[100.70102,13.80991],[100.70078,13.81008],[100.69998,13.81046],[100.69936,13.81082],[100.69854,13.81146],[100.6981,13.81185],[100.69762,13.81251],[100.69753,13.81267],[100.6969,13.81461],[100.69679,13.81518],[100.69681,13.81528],[100.69678,13.81549],[100.69721,13.81565],[100.69765,13.81585],[100.69915,13.81699],[100.69988,13.81735],[100.70056,13.81763],[100.70115,13.81799],[100.70155,13.81829],[100.7018,13.81843],[100.70213,13.81855],[100.70334,13.81881],[100.70362,13.8189],[100.70418,13.81918],[100.70439,13.81933],[100.70456,13.8194],[100.70484,13.8196],[100.70519,13.82025],[100.70558,13.82048],[100.70573,13.82067],[100.70577,13.82075],[100.70574,13.82095],[100.70578,13.82114],[100.7062,13.82122],[100.7069,13.82127],[100.70785,13.82141],[100.71199,13.82207],[100.71205,13.82203],[100.71208,13.82159],[100.71217,13.82155],[100.71245,13.82162],[100.71327,13.82167],[100.71463,13.82183],[100.71544,13.8219],[100.71547,13.82195],[100.71545,13.8221],[100.71533,13.82268],[100.71518,13.82312],[100.7151,13.82325],[100.71486,13.8239],[100.71468,13.82464],[100.71458,13.82494],[100.7145,13.82595],[100.71452,13.82888],[100.7145,13.8293],[100.71457,13.83134],[100.72018,13.8315],[100.72015,13.83364],[100.72008,13.83565],[100.7201,13.83633],[100.72019,13.83728],[100.72232,13.83749],[100.72232,13.83727],[100.72239,13.83629],[100.72241,13.83508],[100.72232,13.83393],[100.72238,13.83342],[100.72232,13.83214],[100.72237,13.83076],[100.72238,13.82967],[100.72236,13.82887],[100.7223,13.82824],[100.72231,13.82753],[100.72435,13.82755],[100.72791,13.82766],[100.72929,13.82769],[100.72973,13.82767],[100.72973,13.83131],[100.72967,13.83366],[100.72966,13.83645],[100.73547,13.83846],[100.73589,13.83679],[100.73703,13.83716],[100.7371,13.83724],[100.73721,13.83728],[100.73743,13.83723],[100.73771,13.83728],[100.73843,13.83732],[100.73957,13.83731],[100.73993,13.8374],[100.7401,13.83702],[100.74032,13.83691],[100.74111,13.83669],[100.74164,13.83648],[100.74199,13.83629],[100.74268,13.83576],[100.74319,13.83543],[100.7434,13.83539],[100.74384,13.83518],[100.74403,13.83498],[100.74416,13.83476],[100.74422,13.83461],[100.74441,13.83404],[100.74485,13.83293],[100.74544,13.8316],[100.74556,13.83118],[100.74602,13.82872],[100.74611,13.82773],[100.74627,13.82689],[100.74631,13.82612],[100.7464,13.82573],[100.74673,13.82475],[100.74682,13.82464],[100.74696,13.82455],[100.74796,13.82437],[100.74847,13.82408],[100.74872,13.82386],[100.74896,13.82328],[100.74915,13.82295],[100.74922,13.82263],[100.74925,13.82226],[100.74923,13.8221],[100.74934,13.82208],[100.75013,13.82258],[100.75214,13.82367],[100.75389,13.82468],[100.75608,13.82581],[100.76083,13.82845],[100.76147,13.82877],[100.76299,13.82964],[100.7653,13.83086],[100.7666,13.8316],[100.76758,13.83212],[100.7687,13.83275],[100.77004,13.83344],[100.7717,13.83435],[100.77193,13.83444],[100.77282,13.83495],[100.77332,13.83527],[100.77473,13.83603],[100.77529,13.8363],[100.77651,13.83695],[100.77706,13.83728],[100.77843,13.83802],[100.77904,13.83839],[100.78044,13.83913],[100.78207,13.84006],[100.78352,13.84078],[100.78447,13.84129],[100.78535,13.84181],[100.78703,13.84271],[100.78778,13.84316],[100.78963,13.84413],[100.79018,13.84451],[100.79111,13.84496],[100.79196,13.84542],[100.79394,13.84652],[100.79424,13.84672],[100.79612,13.84771],[100.799,13.84929],[100.79948,13.84841],[100.79969,13.84744],[100.79985,13.84695],[100.80029,13.84615],[100.80084,13.84501]]]}},{"type":"Feature","properties":{"OBJECTID":11,"District":"1011","AMP_CODE":"11","PROV_CODE":"10","AMP_NAMT":"ลาดกระบัง","AMP_NAME":"LAT KRABANG","AMP_NAMEN":"Lat Krabang","AMP_NAMC":"Lat Krabang","COLOR_IDX":3},"geometry":{"type":"Polygon","coordinates":[[[100.79879,13.78215],[100.79943,13.78187],[100.79958,13.78188],[100.79998,13.78183],[100.80077,13.78165],[100.80163,13.7816],[100.80305,13.78171],[100.80419,13.78176],[100.80563,13.78168],[100.80695,13.78171],[100.80775,13.78165],[100.80878,13.78164],[100.81003,13.78176],[100.81125,13.78207],[100.81292,13.78261],[100.81326,13.78278],[100.81342,13.78289],[100.81391,13.78371],[100.81425,13.78406],[100.81475,13.78428],[100.81503,13.78376],[100.81521,13.78354],[100.81535,13.78331],[100.81548,13.78319],[100.81574,13.78303],[100.81662,13.78264],[100.81772,13.78237],[100.81817,13.78231],[100.81847,13.78224],[100.81965,13.78187],[100.82166,13.78062],[100.82281,13.77978],[100.82291,13.77958],[100.82288,13.7793],[100.82282,13.77913],[100.82278,13.77812],[100.8227,13.77781],[100.82297,13.77757],[100.82356,13.77721],[100.8239,13.77704],[100.8243,13.77676],[100.82534,13.77582],[100.82561,13.77562],[100.82589,13.77546],[100.82651,13.77495],[100.82727,13.77421],[100.82772,13.77363],[100.82848,13.77279],[100.82894,13.77246],[100.82923,13.77218],[100.82974,13.77065],[100.8301,13.76984],[100.83056,13.76936],[100.83134,13.76872],[100.8316,13.7683],[100.83178,13.76809],[100.83193,13.76784],[100.83218,13.76758],[100.83235,13.76748],[100.83253,13.76748],[100.83273,13.76752],[100.83341,13.76778],[100.83472,13.76802],[100.83524,13.7679],[100.83591,13.76782],[100.83718,13.76759],[100.83749,13.7676],[100.8378,13.76784],[100.83857,13.76877],[100.83973,13.76997],[100.84101,13.7706],[100.8413,13.77074],[100.84203,13.77091],[100.84284,13.771],[100.84372,13.77102],[100.84433,13.77099],[100.84603,13.77071],[100.84685,13.77079],[100.84829,13.77101],[100.84836,13.77093],[100.84851,13.77092],[100.84955,13.77101],[100.85191,13.77099],[100.85265,13.77104],[100.85569,13.77111],[100.85598,13.77109],[100.85643,13.77101],[100.85695,13.77085],[100.85729,13.77066],[100.85748,13.77059],[100.85817,13.77039],[100.85878,13.7704],[100.859,13.77038],[100.85947,13.77038],[100.8608,13.77047],[100.86092,13.77028],[100.86153,13.76983],[100.86202,13.76937],[100.8623,13.76897],[100.86268,13.76852],[100.86369,13.76753],[100.8639,13.76711],[100.86465,13.76514],[100.8649,13.76435],[100.86489,13.76364],[100.86494,13.76338],[100.86508,13.76309],[100.86531,13.76245],[100.86571,13.76172],[100.86572,13.76134],[100.86576,13.76124],[100.8657,13.76115],[100.86572,13.76076],[100.86579,13.76048],[100.86578,13.76025],[100.86613,13.75946],[100.86639,13.75897],[100.86657,13.75837],[100.86661,13.75812],[100.86663,13.75776],[100.86659,13.75706],[100.8665,13.75641],[100.86632,13.7557],[100.86627,13.7553],[100.86637,13.75427],[100.8665,13.7538],[100.86652,13.75359],[100.86649,13.75334],[100.86663,13.7528],[100.86706,13.75182],[100.86789,13.75039],[100.86805,13.75004],[100.86829,13.74963],[100.8691,13.74852],[100.86924,13.74823],[100.87117,13.74578],[100.87186,13.74512],[100.87292,13.74255],[100.87308,13.74247],[100.87321,13.74234],[100.87346,13.74195],[100.87362,13.7416],[100.874,13.74045],[100.87427,13.73995],[100.87482,13.73916],[100.87541,13.73869],[100.8757,13.73853],[100.87607,13.73842],[100.87691,13.73822],[100.87756,13.73809],[100.87815,13.73805],[100.87883,13.73788],[100.87744,13.73578],[100.87689,13.7349],[100.87656,13.73424],[100.87614,13.73367],[100.87457,13.73114],[100.87396,13.73006],[100.87176,13.72662],[100.87104,13.72535],[100.87057,13.72458],[100.87035,13.72415],[100.86954,13.72297],[100.86879,13.72175],[100.86863,13.72161],[100.86809,13.7206],[100.86749,13.71986],[100.86743,13.71974],[100.8674,13.71946],[100.86735,13.71934],[100.86706,13.71897],[100.86669,13.71842],[100.86541,13.71634],[100.86515,13.71583],[100.8647,13.71526],[100.86442,13.71475],[100.86423,13.71455],[100.86373,13.71354],[100.86367,13.71348],[100.86364,13.71333],[100.86322,13.7127],[100.86297,13.71225],[100.86281,13.7121],[100.86257,13.71169],[100.86237,13.71144],[100.86219,13.711],[100.86215,13.71096],[100.86156,13.70994],[100.86132,13.70943],[100.86032,13.708],[100.86013,13.70765],[100.86004,13.70739],[100.85952,13.70672],[100.85924,13.70625],[100.8591,13.70593],[100.85843,13.705],[100.85833,13.70478],[100.85792,13.70404],[100.85709,13.70268],[100.85639,13.70162],[100.85507,13.69927],[100.85644,13.69873],[100.85981,13.69726],[100.86077,13.6969],[100.8606,13.69617],[100.85996,13.69265],[100.85935,13.68956],[100.85212,13.69247],[100.84098,13.69689],[100.84035,13.69686],[100.83715,13.69824],[100.83298,13.70012],[100.82885,13.7018],[100.81943,13.70524],[100.80911,13.70892],[100.80031,13.71236],[100.79455,13.71446],[100.79006,13.71594],[100.7892,13.71619],[100.78795,13.71661],[100.78487,13.71673],[100.78336,13.71662],[100.78278,13.71655],[100.78099,13.71651],[100.78056,13.71641],[100.77955,13.71602],[100.77912,13.71599],[100.77335,13.71628],[100.77223,13.7163],[100.77187,13.71621],[100.77172,13.71614],[100.77155,13.71602],[100.77115,13.71565],[100.77098,13.71556],[100.76675,13.71528],[100.76664,13.71528],[100.76643,13.71537],[100.76561,13.71608],[100.76537,13.71625],[100.7648,13.71646],[100.76451,13.7165],[100.76222,13.71649],[100.7621,13.71647],[100.76172,13.71626],[100.7616,13.71622],[100.7611,13.71619],[100.76084,13.71622],[100.76045,13.71644],[100.75433,13.71662],[100.75344,13.71662],[100.75314,13.71656],[100.7526,13.71623],[100.75223,13.71595],[100.75214,13.71591],[100.75208,13.71591],[100.75097,13.71634],[100.75052,13.71646],[100.74815,13.71652],[100.74616,13.71654],[100.74498,13.71691],[100.74435,13.71692],[100.74278,13.71685],[100.73746,13.71687],[100.73463,13.7168],[100.7313,13.71683],[100.73066,13.71681],[100.73045,13.71779],[100.72036,13.71817],[100.71625,13.71819],[100.71616,13.7169],[100.71454,13.71691],[100.71314,13.71685],[100.70999,13.71678],[100.7094,13.72114],[100.70924,13.72186],[100.70896,13.72379],[100.70896,13.7241],[100.70877,13.7261],[100.70864,13.72704],[100.70853,13.72837],[100.70843,13.73009],[100.70843,13.73075],[100.70843,13.73117],[100.7084,13.73128],[100.70835,13.73132],[100.70832,13.73139],[100.70839,13.7325],[100.70842,13.7333],[100.70858,13.73499],[100.70865,13.73603],[100.70871,13.73789],[100.70874,13.73812],[100.70885,13.73849],[100.70886,13.73864],[100.70881,13.73945],[100.70897,13.74167],[100.70904,13.74341],[100.70915,13.74459],[100.70924,13.74749],[100.70923,13.74808],[100.70932,13.74884],[100.70955,13.7526],[100.70962,13.75324],[100.70972,13.75486],[100.70979,13.75536],[100.70979,13.75614],[100.70981,13.75629],[100.70986,13.7564],[100.70982,13.7565],[100.70838,13.75637],[100.70732,13.75652],[100.70689,13.75669],[100.70661,13.75676],[100.7068,13.75741],[100.70711,13.75793],[100.7076,13.75866],[100.70831,13.75961],[100.70852,13.76001],[100.70903,13.76082],[100.70925,13.76116],[100.7096,13.7616],[100.71012,13.76204],[100.71043,13.76244],[100.71077,13.76306],[100.71119,13.76373],[100.71141,13.76401],[100.71212,13.76476],[100.71255,13.76528],[100.71275,13.76573],[100.71284,13.76606],[100.71314,13.76676],[100.71411,13.76841],[100.71455,13.76926],[100.71514,13.76996],[100.71527,13.77017],[100.71608,13.77169],[100.71623,13.77207],[100.71635,13.77254],[100.71644,13.77398],[100.71643,13.77435],[100.71666,13.77655],[100.71668,13.77711],[100.71659,13.7775],[100.7164,13.77811],[100.71712,13.77804],[100.7186,13.77811],[100.71937,13.77819],[100.71959,13.77817],[100.72073,13.77828],[100.72084,13.77826],[100.72215,13.77755],[100.72277,13.77713],[100.72329,13.77687],[100.72382,13.77667],[100.72444,13.7763],[100.7251,13.77618],[100.7258,13.77599],[100.72665,13.77598],[100.72717,13.77579],[100.72767,13.77569],[100.72836,13.77564],[100.72883,13.7755],[100.72926,13.77542],[100.73054,13.77534],[100.73154,13.77507],[100.7326,13.7749],[100.73355,13.77478],[100.73374,13.77481],[100.73388,13.77486],[100.73431,13.77506],[100.73489,13.77539],[100.73642,13.77608],[100.73723,13.77666],[100.73774,13.77709],[100.73793,13.77721],[100.73801,13.77725],[100.73893,13.7774],[100.73888,13.7758],[100.73897,13.77401],[100.73893,13.77352],[100.73894,13.77322],[100.73954,13.77327],[100.74646,13.77349],[100.74656,13.77787],[100.75371,13.77786],[100.75397,13.77794],[100.75456,13.7779],[100.7554,13.77778],[100.75561,13.77767],[100.7569,13.7767],[100.7581,13.77588],[100.75844,13.77569],[100.75874,13.77546],[100.7589,13.77543],[100.75977,13.7755],[100.76,13.77564],[100.76027,13.77595],[100.76051,13.77616],[100.76046,13.77637],[100.76066,13.77662],[100.76074,13.77721],[100.76085,13.77741],[100.76212,13.77889],[100.76249,13.77914],[100.76279,13.7794],[100.76323,13.7799],[100.76332,13.77996],[100.76362,13.78004],[100.76379,13.78032],[100.76404,13.78064],[100.76461,13.781],[100.76467,13.78115],[100.76471,13.78142],[100.76482,13.78171],[100.76491,13.78173],[100.7676,13.78163],[100.76765,13.78167],[100.76762,13.78195],[100.76765,13.78202],[100.76862,13.78202],[100.76863,13.78235],[100.76933,13.78247],[100.7701,13.78255],[100.77177,13.78264],[100.77207,13.78263],[100.77238,13.78259],[100.77287,13.78258],[100.77362,13.78268],[100.77397,13.78276],[100.77492,13.78289],[100.77586,13.78305],[100.77676,13.78325],[100.77694,13.78294],[100.77739,13.78266],[100.77787,13.7825],[100.77817,13.78244],[100.77987,13.78235],[100.781,13.78223],[100.78143,13.78216],[100.78218,13.78188],[100.7826,13.78184],[100.78269,13.78195],[100.78279,13.78199],[100.78291,13.782],[100.78398,13.78194],[100.78301,13.78801],[100.78276,13.78984],[100.7823,13.79415],[100.78171,13.79823],[100.78166,13.79834],[100.78266,13.79893],[100.78593,13.79955],[100.78731,13.79996],[100.78855,13.80039],[100.79035,13.79809],[100.79129,13.79665],[100.79179,13.79602],[100.79243,13.79557],[100.79297,13.79527],[100.79413,13.7945],[100.79456,13.79431],[100.79509,13.79397],[100.79559,13.79301],[100.79605,13.79228],[100.79621,13.79191],[100.79634,13.79146],[100.79638,13.79121],[100.79638,13.79103],[100.79619,13.78981],[100.79618,13.78931],[100.79609,13.7887],[100.79595,13.78828],[100.79559,13.78759],[100.79525,13.7871],[100.79439,13.78606],[100.79417,13.78574],[100.79358,13.78475],[100.79355,13.7846],[100.79358,13.78428],[100.79367,13.78409],[100.79389,13.78387],[100.79426,13.78365],[100.79562,13.78302],[100.79625,13.78281],[100.79795,13.78239],[100.79879,13.78215]]]}},{"type":"Feature","properties":{"OBJECTID":12,"District":"1012","AMP_CODE":"12","PROV_CODE":"10","AMP_NAMT":"ยานนาวา","AMP_NAME":"YAN NAWA","AMP_NAMEN":"Yan Nawa","AMP_NAMC":"Yan Nawa","COLOR_IDX":0},"geometry":{"type":"Polygon","coordinates":[[[100.55182,13.71802],[100.55204,13.718],[100.55246,13.71807],[100.55248,13.71805],[100.55266,13.71715],[100.55294,13.71624],[100.55375,13.71654],[100.55487,13.70548],[100.5535,13.70451],[100.55298,13.70395],[100.55275,13.70365],[100.55234,13.703],[100.55196,13.70222],[100.55167,13.70139],[100.55146,13.70053],[100.5514,13.70008],[100.55134,13.69924],[100.55136,13.69806],[100.55142,13.69727],[100.55162,13.69566],[100.55233,13.69105],[100.55249,13.68972],[100.55255,13.68884],[100.55258,13.68796],[100.55251,13.68617],[100.55236,13.68441],[100.55221,13.68312],[100.55195,13.68144],[100.55162,13.67977],[100.5514,13.67893],[100.55094,13.6777],[100.55058,13.6769],[100.54996,13.67585],[100.54922,13.67473],[100.5487,13.67404],[100.54736,13.6726],[100.54592,13.6714],[100.54519,13.67093],[100.54443,13.6705],[100.54339,13.66999],[100.54232,13.66955],[100.54147,13.66928],[100.5406,13.66908],[100.53971,13.66896],[100.53932,13.66894],[100.53852,13.66897],[100.53772,13.66906],[100.53655,13.66928],[100.5354,13.66958],[100.53464,13.66982],[100.53378,13.67015],[100.53294,13.67053],[100.53218,13.67092],[100.53149,13.67132],[100.53015,13.67219],[100.5291,13.67298],[100.52707,13.67467],[100.52544,13.67614],[100.5234,13.67788],[100.52236,13.67884],[100.52092,13.6801],[100.52031,13.68052],[100.51993,13.68083],[100.51922,13.6813],[100.51698,13.68268],[100.51843,13.68452],[100.51842,13.68463],[100.51859,13.6848],[100.51859,13.68486],[100.51865,13.68493],[100.51861,13.68496],[100.51902,13.68548],[100.51935,13.68569],[100.51965,13.68603],[100.52002,13.68634],[100.52041,13.68645],[100.52063,13.68656],[100.52194,13.6882],[100.52652,13.6926],[100.52807,13.69419],[100.52927,13.69563],[100.53039,13.69704],[100.5311,13.69783],[100.53134,13.69804],[100.53171,13.69824],[100.53176,13.69825],[100.5301,13.70246],[100.52995,13.70254],[100.52863,13.70586],[100.52863,13.70599],[100.53082,13.70556],[100.53189,13.70548],[100.53329,13.70543],[100.53416,13.70554],[100.53515,13.70582],[100.53761,13.70723],[100.53915,13.70443],[100.54172,13.70615],[100.54361,13.70701],[100.54256,13.70902],[100.54168,13.7106],[100.54382,13.71195],[100.54421,13.71222],[100.54431,13.71231],[100.54537,13.71396],[100.54757,13.71718],[100.54803,13.71789],[100.54902,13.71925],[100.5494,13.71892],[100.5495,13.71888],[100.55163,13.71809],[100.55182,13.71802]]]}},{"type":"Feature","properties":{"OBJECTID":13,"District":"1013","AMP_CODE":"13","PROV_CODE":"10","AMP_NAMT":"สัมพันธวงศ์","AMP_NAME":"SAMPHANTHAWONG","AMP_NAMEN":"Samphanthawong","AMP_NAMC":"三攀他旺","COLOR_IDX":3},"geometry":{"type":"Polygon","coordinates":[[[100.51328,13.72963],[100.5123,13.72939],[100.51213,13.73006],[100.51162,13.73164],[100.51092,13.73309],[100.50984,13.73482],[100.50916,13.73541],[100.50802,13.7362],[100.50654,13.73698],[100.50579,13.7372],[100.50414,13.73763],[100.5023,13.73808],[100.49981,13.73863],[100.50075,13.74107],[100.50154,13.74238],[100.50318,13.74475],[100.50346,13.74522],[100.50366,13.74582],[100.5039,13.74685],[100.50416,13.74676],[100.50441,13.74663],[100.50567,13.74562],[100.51015,13.74211],[100.51227,13.7404],[100.51494,13.7383],[100.51512,13.73821],[100.51569,13.73805],[100.51576,13.73681],[100.51586,13.73625],[100.51591,13.73572],[100.51591,13.73523],[100.51585,13.73431],[100.5157,13.73329],[100.5155,13.73244],[100.51541,13.73222],[100.51506,13.73148],[100.51494,13.73128],[100.51386,13.73012],[100.51341,13.72971],[100.51328,13.72963]]]}},{"type":"Feature","properties":{"OBJECTID":14,"District":"1014","AMP_CODE":"14","PROV_CODE":"10","AMP_NAMT":"พญาไท","AMP_NAME":"PHAYA THAI","AMP_NAMEN":"Phaya Thai","AMP_NAMC":"Phaya Thai","COLOR_IDX":2},"geometry":{"type":"Polygon","coordinates":[[[100.55068,13.79616],[100.55086,13.7961],[100.55119,13.79619],[100.55184,13.79604],[100.55241,13.79601],[100.5528,13.79596],[100.55348,13.79595],[100.55368,13.7959],[100.55419,13.79568],[100.55479,13.79571],[100.55535,13.79554],[100.55582,13.79562],[100.55727,13.79534],[100.55761,13.79534],[100.55814,13.79546],[100.55865,13.79537],[100.55899,13.79538],[100.5597,13.79517],[100.5607,13.79513],[100.56136,13.79499],[100.56163,13.79496],[100.5619,13.79197],[100.56198,13.79046],[100.56189,13.78932],[100.56165,13.78808],[100.56138,13.78725],[100.56098,13.78645],[100.5599,13.78451],[100.5595,13.78383],[100.55855,13.78204],[100.55586,13.77722],[100.55379,13.77345],[100.55349,13.77297],[100.55281,13.77183],[100.55208,13.77045],[100.5517,13.76989],[100.5511,13.7687],[100.55001,13.76666],[100.54938,13.76572],[100.5489,13.76483],[100.54834,13.76355],[100.54766,13.76374],[100.54728,13.76376],[100.547,13.76373],[100.54343,13.76272],[100.54302,13.76292],[100.54273,13.76337],[100.54238,13.76375],[100.54211,13.76379],[100.54151,13.76404],[100.54127,13.76422],[100.54094,13.76462],[100.54036,13.76481],[100.54019,13.76527],[100.5401,13.7654],[100.53971,13.76548],[100.53942,13.76566],[100.53899,13.76601],[100.53804,13.76669],[100.53753,13.7669],[100.53714,13.7675],[100.53652,13.76777],[100.53623,13.76823],[100.53598,13.76838],[100.53576,13.76843],[100.53559,13.76853],[100.5349,13.76911],[100.53401,13.76992],[100.53363,13.77013],[100.5332,13.77054],[100.53274,13.7709],[100.53139,13.77179],[100.53118,13.77195],[100.53086,13.77224],[100.53043,13.77254],[100.53029,13.7727],[100.53007,13.7728],[100.5294,13.77323],[100.52869,13.77381],[100.52831,13.77404],[100.52789,13.77434],[100.53742,13.79785],[100.53863,13.79774],[100.5421,13.79731],[100.54922,13.79652],[100.54976,13.79642],[100.55007,13.79629],[100.55068,13.79616]]]}},{"type":"Feature","properties":{"OBJECTID":15,"District":"1015","AMP_CODE":"15","PROV_CODE":"10","AMP_NAMT":"ธนบุรี","AMP_NAME":"THON BURI","AMP_NAMEN":"Thon Buri","AMP_NAMC":"吞武里","COLOR_IDX":3},"geometry":{"type":"Polygon","coordinates":[[[100.49221,13.72312],[100.49278,13.72177],[100.49287,13.72134],[100.49297,13.72098],[100.49295,13.72085],[100.49318,13.71866],[100.49318,13.7181],[100.49314,13.71714],[100.49309,13.71669],[100.4931,13.71626],[100.49304,13.71534],[100.49304,13.71406],[100.49309,13.7133],[100.49315,13.71291],[100.49336,13.71254],[100.49417,13.71145],[100.49474,13.71054],[100.4949,13.7104],[100.49557,13.70995],[100.49581,13.70956],[100.49593,13.70903],[100.49598,13.70894],[100.49655,13.70823],[100.49864,13.70514],[100.49597,13.70374],[100.49521,13.7033],[100.49452,13.70284],[100.49326,13.70188],[100.49276,13.70144],[100.49225,13.70088],[100.49157,13.70008],[100.49118,13.69958],[100.49064,13.69865],[100.49044,13.69812],[100.49032,13.69767],[100.49021,13.69712],[100.49,13.69526],[100.48899,13.69515],[100.48838,13.69504],[100.48801,13.69492],[100.48782,13.69488],[100.48728,13.69493],[100.48682,13.69511],[100.48662,13.69515],[100.4864,13.69513],[100.48514,13.69491],[100.48493,13.6949],[100.48345,13.69499],[100.48284,13.69482],[100.48255,13.69483],[100.48263,13.69517],[100.48263,13.69525],[100.48259,13.6953],[100.48239,13.6954],[100.48197,13.69556],[100.48098,13.69588],[100.48079,13.6961],[100.48035,13.69643],[100.48029,13.69652],[100.48016,13.69701],[100.47991,13.69764],[100.47982,13.69777],[100.47959,13.69796],[100.47954,13.69804],[100.47951,13.69846],[100.47939,13.69874],[100.47938,13.69904],[100.47902,13.70028],[100.47894,13.70085],[100.47877,13.70143],[100.47881,13.70158],[100.47867,13.70225],[100.47851,13.70272],[100.4782,13.70404],[100.47798,13.70478],[100.47763,13.70624],[100.47739,13.70742],[100.47705,13.70854],[100.47701,13.70885],[100.47706,13.709],[100.47704,13.70919],[100.47691,13.70959],[100.47665,13.71023],[100.47641,13.71118],[100.47534,13.71093],[100.47371,13.71069],[100.4726,13.71049],[100.47211,13.71042],[100.47192,13.71037],[100.47169,13.71047],[100.47188,13.7109],[100.4708,13.71141],[100.46854,13.71239],[100.46866,13.71262],[100.46878,13.71297],[100.46891,13.71382],[100.46918,13.715],[100.46923,13.71596],[100.46911,13.71714],[100.46912,13.71734],[100.46918,13.71765],[100.46929,13.71784],[100.46942,13.71819],[100.46972,13.71858],[100.47,13.71906],[100.47017,13.71922],[100.47139,13.72092],[100.4716,13.72158],[100.47164,13.72244],[100.47173,13.72252],[100.47202,13.72252],[100.47291,13.7224],[100.47306,13.72233],[100.47445,13.7223],[100.47556,13.72222],[100.47622,13.72222],[100.47769,13.72249],[100.47802,13.7225],[100.47856,13.72259],[100.479,13.72274],[100.48052,13.72309],[100.48156,13.72346],[100.48166,13.72349],[100.48164,13.72353],[100.48226,13.72379],[100.48303,13.72404],[100.48362,13.72427],[100.48405,13.72451],[100.48416,13.72453],[100.48457,13.72487],[100.48485,13.72572],[100.48509,13.72628],[100.48552,13.72702],[100.48572,13.72766],[100.4859,13.72816],[100.48597,13.72899],[100.48641,13.73157],[100.48639,13.73172],[100.48641,13.73186],[100.4864,13.732],[100.48647,13.7324],[100.48675,13.73332],[100.48687,13.73354],[100.48711,13.73416],[100.48731,13.73502],[100.48738,13.7352],[100.48766,13.73566],[100.48783,13.73601],[100.48787,13.73607],[100.488,13.73628],[100.48817,13.73667],[100.48849,13.73754],[100.48861,13.73803],[100.48925,13.73927],[100.48995,13.74015],[100.49041,13.74066],[100.49133,13.74162],[100.49197,13.74217],[100.4923,13.7418],[100.49344,13.7408],[100.49458,13.74021],[100.49558,13.73979],[100.49765,13.73922],[100.49707,13.73756],[100.49664,13.73603],[100.49643,13.7355],[100.49483,13.73087],[100.49411,13.72881],[100.49351,13.72699],[100.49374,13.72678],[100.49383,13.72647],[100.49387,13.72618],[100.4938,13.72594],[100.49362,13.72573],[100.49346,13.72564],[100.49328,13.72557],[100.49301,13.72552],[100.49273,13.72471],[100.49221,13.72312]]]}},{"type":"Feature","properties":{"OBJECTID":16,"District":"1016","AMP_CODE":"16","PROV_CODE":"10","AMP_NAMT":"บางกอกใหญ่","AMP_NAME":"BANGKOK YAI","AMP_NAMEN":"Bangkok Yai","AMP_NAMC":"Bangkok Yai","COLOR_IDX":1},"geometry":{"type":"Polygon","coordinates":[[[100.48902,13.74664],[100.49038,13.74445],[100.49197,13.74217],[100.49133,13.74162],[100.49041,13.74066],[100.48995,13.74015],[100.48925,13.73927],[100.48861,13.73803],[100.48849,13.73754],[100.48817,13.73667],[100.488,13.73628],[100.48787,13.73607],[100.48783,13.73601],[100.48766,13.73566],[100.48738,13.7352],[100.48731,13.73502],[100.48711,13.73416],[100.48687,13.73354],[100.48675,13.73332],[100.48647,13.7324],[100.4864,13.732],[100.48641,13.73186],[100.48639,13.73172],[100.48641,13.73157],[100.48597,13.72899],[100.4859,13.72816],[100.48572,13.72766],[100.48552,13.72702],[100.48509,13.72628],[100.48485,13.72572],[100.48457,13.72487],[100.48416,13.72453],[100.48405,13.72451],[100.48362,13.72427],[100.48303,13.72404],[100.48226,13.72379],[100.48164,13.72353],[100.48166,13.72349],[100.48156,13.72346],[100.48052,13.72309],[100.479,13.72274],[100.47856,13.72259],[100.47802,13.7225],[100.47769,13.72249],[100.47622,13.72222],[100.47556,13.72222],[100.47445,13.7223],[100.47306,13.72233],[100.47291,13.7224],[100.47202,13.72252],[100.47173,13.72252],[100.47164,13.72244],[100.47168,13.72274],[100.47149,13.72268],[100.47124,13.7227],[100.47094,13.72288],[100.47056,13.72304],[100.46814,13.72446],[100.46719,13.72527],[100.46633,13.72659],[100.46549,13.72778],[100.4647,13.72931],[100.46352,13.73127],[100.46293,13.73225],[100.46277,13.73263],[100.46263,13.7332],[100.46279,13.73326],[100.4628,13.73337],[100.46257,13.7344],[100.46248,13.73465],[100.46242,13.73475],[100.46238,13.73478],[100.46227,13.73478],[100.46224,13.73485],[100.46217,13.73607],[100.46206,13.73673],[100.46207,13.73687],[100.46191,13.73719],[100.46183,13.73793],[100.4617,13.73838],[100.46164,13.73892],[100.4616,13.73926],[100.4616,13.73985],[100.46165,13.74012],[100.46162,13.74205],[100.46185,13.74364],[100.46205,13.74442],[100.46283,13.74425],[100.46315,13.74412],[100.46339,13.74399],[100.46392,13.7436],[100.46431,13.7434],[100.46465,13.74332],[100.46562,13.74329],[100.46574,13.74327],[100.46629,13.74301],[100.4665,13.74296],[100.46749,13.74296],[100.47045,13.74311],[100.47134,13.74319],[100.47361,13.74362],[100.47433,13.74377],[100.4748,13.74403],[100.47533,13.74457],[100.47544,13.74462],[100.47559,13.7446],[100.47678,13.74413],[100.47709,13.74406],[100.47713,13.74409],[100.47728,13.74466],[100.47784,13.74567],[100.47806,13.74628],[100.47811,13.74633],[100.47818,13.74636],[100.47826,13.74635],[100.47872,13.7461],[100.47907,13.74601],[100.4795,13.74595],[100.48017,13.74595],[100.48127,13.74601],[100.48227,13.74612],[100.48279,13.74626],[100.48423,13.7468],[100.48523,13.74721],[100.48604,13.74749],[100.4883,13.74821],[100.48864,13.74741],[100.48902,13.74664]]]}},{"type":"Feature","properties":{"OBJECTID":17,"District":"1017","AMP_CODE":"17","PROV_CODE":"10","AMP_NAMT":"ห้วยขวาง","AMP_NAME":"HUAI KHWANG","AMP_NAMEN":"Huai Khwang","AMP_NAMC":"辉煌","COLOR_IDX":2},"geometry":{"type":"Polygon","coordinates":[[[100.58838,13.80284],[100.58846,13.80272],[100.58882,13.80183],[100.58891,13.80149],[100.58889,13.80111],[100.58891,13.80097],[100.58905,13.80066],[100.58911,13.79989],[100.58912,13.79824],[100.58917,13.79778],[100.58924,13.79745],[100.58929,13.79716],[100.5894,13.7961],[100.58943,13.79462],[100.5894,13.79441],[100.5894,13.79396],[100.58947,13.79209],[100.58961,13.79119],[100.5898,13.79063],[100.59001,13.78988],[100.59009,13.78935],[100.5901,13.78898],[100.59002,13.78756],[100.59006,13.78712],[100.59018,13.7865],[100.59085,13.78491],[100.59111,13.78459],[100.59146,13.78376],[100.59197,13.78202],[100.59213,13.78162],[100.59343,13.77976],[100.59352,13.77942],[100.59358,13.77888],[100.59361,13.77713],[100.59357,13.77658],[100.59336,13.77546],[100.59319,13.77478],[100.59313,13.77411],[100.59313,13.77334],[100.59316,13.77262],[100.59382,13.76868],[100.59457,13.76686],[100.59478,13.76613],[100.5949,13.76525],[100.59489,13.76475],[100.5948,13.76417],[100.59482,13.76399],[100.5947,13.76381],[100.59468,13.76367],[100.59474,13.76349],[100.59477,13.7631],[100.59491,13.76259],[100.59508,13.76215],[100.59553,13.76138],[100.59614,13.7605],[100.59661,13.7596],[100.59784,13.75744],[100.59803,13.75719],[100.5984,13.75679],[100.59894,13.7564],[100.5995,13.75576],[100.60376,13.75169],[100.6041,13.7512],[100.60299,13.75019],[100.60191,13.74906],[100.60102,13.74823],[100.60125,13.74809],[100.6007,13.74766],[100.60051,13.74747],[100.60022,13.74706],[100.59969,13.74529],[100.59933,13.74423],[100.59898,13.74341],[100.59815,13.74114],[100.59778,13.74121],[100.59766,13.74115],[100.59732,13.74114],[100.5963,13.74129],[100.59496,13.74157],[100.59347,13.7418],[100.5903,13.74242],[100.58923,13.7426],[100.58783,13.74292],[100.58617,13.74317],[100.58347,13.74379],[100.58182,13.74426],[100.57958,13.74479],[100.57742,13.74518],[100.57597,13.74552],[100.57544,13.7456],[100.57471,13.74568],[100.5742,13.74578],[100.5728,13.74618],[100.57245,13.74625],[100.57073,13.74652],[100.56892,13.7469],[100.56873,13.74688],[100.56753,13.74709],[100.56471,13.74774],[100.56368,13.7479],[100.56346,13.74788],[100.5633,13.74789],[100.56393,13.7505],[100.56497,13.75513],[100.56506,13.75568],[100.56583,13.75915],[100.5661,13.76],[100.56642,13.7607],[100.56684,13.76152],[100.56749,13.76241],[100.56887,13.76413],[100.56998,13.76562],[100.5723,13.76851],[100.57274,13.76918],[100.57305,13.7698],[100.57342,13.77091],[100.57347,13.7713],[100.57361,13.77426],[100.57365,13.77612],[100.57379,13.77859],[100.5742,13.78718],[100.57436,13.78973],[100.57444,13.79259],[100.57456,13.79459],[100.57475,13.79869],[100.5749,13.80107],[100.57544,13.80137],[100.57558,13.80141],[100.57614,13.80141],[100.57689,13.80119],[100.57738,13.80129],[100.57829,13.80156],[100.57907,13.80173],[100.57988,13.80186],[100.58036,13.80187],[100.58068,13.80198],[100.58092,13.80216],[100.58117,13.80239],[100.58152,13.80265],[100.58193,13.80279],[100.5831,13.80291],[100.58371,13.80283],[100.58432,13.80279],[100.58599,13.80295],[100.58722,13.80299],[100.58804,13.80311],[100.58823,13.80308],[100.58834,13.80298],[100.58838,13.80284]]]}},{"type":"Feature","properties":{"OBJECTID":18,"District":"1018","AMP_CODE":"18","PROV_CODE":"10","AMP_NAMT":"คลองสาน","AMP_NAME":"KHLONG SAN","AMP_NAMEN":"Khlong San","AMP_NAMC":"Khlong San","COLOR_IDX":0},"geometry":{"type":"Polygon","coordinates":[[[100.5002,13.70595],[100.49864,13.70514],[100.49655,13.70823],[100.49598,13.70894],[100.49593,13.70903],[100.49581,13.70956],[100.49557,13.70995],[100.4949,13.7104],[100.49474,13.71054],[100.49417,13.71145],[100.49336,13.71254],[100.49315,13.71291],[100.49309,13.7133],[100.49304,13.71406],[100.49304,13.71534],[100.4931,13.71626],[100.49309,13.71669],[100.49314,13.71714],[100.49318,13.7181],[100.49318,13.71866],[100.49295,13.72085],[100.49297,13.72098],[100.49287,13.72134],[100.49278,13.72177],[100.49221,13.72312],[100.49273,13.72471],[100.49301,13.72552],[100.49328,13.72557],[100.49346,13.72564],[100.49362,13.72573],[100.4938,13.72594],[100.49387,13.72618],[100.49383,13.72647],[100.49374,13.72678],[100.49351,13.72699],[100.49411,13.72881],[100.49483,13.73087],[100.49643,13.7355],[100.49664,13.73603],[100.49707,13.73756],[100.49765,13.73922],[100.49981,13.73863],[100.5023,13.73808],[100.50414,13.73763],[100.50579,13.7372],[100.50654,13.73698],[100.50802,13.7362],[100.50916,13.73541],[100.50984,13.73482],[100.51092,13.73309],[100.51162,13.73164],[100.51213,13.73006],[100.5123,13.72939],[100.51271,13.72427],[100.51262,13.72182],[100.5125,13.72111],[100.51203,13.71934],[100.51129,13.71734],[100.51092,13.71651],[100.51037,13.71552],[100.50949,13.71417],[100.50817,13.71246],[100.50716,13.7112],[100.50633,13.7103],[100.50335,13.7079],[100.50277,13.70746],[100.50186,13.70686],[100.5002,13.70595]]]}},{"type":"Feature","properties":{"OBJECTID":19,"District":"1019","AMP_CODE":"19","PROV_CODE":"10","AMP_NAMT":"ตลิ่งชัน","AMP_NAME":"TALING CHAN","AMP_NAMEN":"Taling Chan","AMP_NAMC":"Taling Chan","COLOR_IDX":1},"geometry":{"type":"Polygon","coordinates":[[[100.43012,13.80018],[100.43178,13.80009],[100.43328,13.80009],[100.43987,13.79955],[100.44177,13.79948],[100.44459,13.79922],[100.44823,13.79903],[100.45092,13.79877],[100.45217,13.79871],[100.45525,13.79846],[100.45809,13.79832],[100.46061,13.79797],[100.4628,13.79746],[100.46415,13.79731],[100.46966,13.79479],[100.46949,13.79436],[100.46923,13.79389],[100.46885,13.79337],[100.46816,13.79252],[100.46744,13.79141],[100.46665,13.79008],[100.4663,13.78933],[100.46618,13.78892],[100.46594,13.78716],[100.46596,13.78664],[100.46604,13.78592],[100.46629,13.78428],[100.46634,13.78358],[100.46645,13.78271],[100.46666,13.78155],[100.46684,13.78095],[100.46706,13.78044],[100.46768,13.7797],[100.46741,13.77948],[100.46685,13.77914],[100.46659,13.77894],[100.46616,13.77881],[100.46579,13.77874],[100.46526,13.77868],[100.46391,13.77891],[100.46322,13.77909],[100.4624,13.77919],[100.46231,13.77917],[100.46215,13.77909],[100.46191,13.77905],[100.46176,13.77909],[100.46109,13.77896],[100.4604,13.77864],[100.45977,13.7784],[100.45919,13.7781],[100.45783,13.77733],[100.45769,13.77734],[100.45761,13.7773],[100.45738,13.77705],[100.45715,13.77658],[100.45687,13.7762],[100.45669,13.77589],[100.45559,13.774],[100.45521,13.77347],[100.45502,13.77307],[100.45479,13.77272],[100.45459,13.77221],[100.45419,13.77096],[100.45414,13.77086],[100.45374,13.76918],[100.45354,13.76765],[100.45355,13.7663],[100.45387,13.76424],[100.45405,13.76329],[100.4542,13.7629],[100.45504,13.76189],[100.45578,13.76124],[100.45754,13.7594],[100.45757,13.75939],[100.45773,13.75904],[100.45785,13.75889],[100.45784,13.75886],[100.45792,13.75865],[100.45828,13.758],[100.45893,13.75696],[100.45942,13.75624],[100.45959,13.75592],[100.46,13.75532],[100.46025,13.75486],[100.4605,13.75426],[100.46087,13.75359],[100.46123,13.75305],[100.46169,13.75223],[100.46181,13.75197],[100.46196,13.75156],[100.46216,13.75073],[100.46222,13.75025],[100.46244,13.74942],[100.46249,13.74888],[100.46234,13.7478],[100.46216,13.74589],[100.46221,13.74511],[100.46219,13.74462],[100.46205,13.74442],[100.46177,13.74441],[100.46071,13.74419],[100.46041,13.7441],[100.45996,13.74385],[100.4596,13.74374],[100.45899,13.74369],[100.45863,13.7437],[100.45839,13.74384],[100.45802,13.74401],[100.45766,13.7441],[100.45713,13.74406],[100.457,13.744],[100.45682,13.74381],[100.45665,13.74348],[100.45686,13.74314],[100.45688,13.74292],[100.45679,13.7427],[100.45662,13.7425],[100.45617,13.74213],[100.45576,13.74205],[100.4554,13.74202],[100.45532,13.74207],[100.45508,13.74243],[100.45498,13.74253],[100.45461,13.74264],[100.45442,13.74262],[100.45413,13.74244],[100.45404,13.74214],[100.45388,13.74202],[100.45367,13.74196],[100.45363,13.74199],[100.45357,13.74211],[100.4535,13.74215],[100.45339,13.74214],[100.45316,13.74202],[100.45313,13.74195],[100.45313,13.74183],[100.45308,13.74177],[100.45267,13.74146],[100.45242,13.74131],[100.45222,13.74114],[100.4521,13.74112],[100.45178,13.74113],[100.45107,13.74124],[100.45076,13.74124],[100.45065,13.74122],[100.45022,13.74085],[100.45001,13.74055],[100.44992,13.7405],[100.44985,13.7405],[100.44963,13.74059],[100.44954,13.7407],[100.44932,13.74087],[100.44909,13.74096],[100.44886,13.74086],[100.44824,13.74047],[100.44785,13.74038],[100.44764,13.74037],[100.4475,13.7404],[100.44653,13.74072],[100.44606,13.74077],[100.44518,13.74068],[100.44512,13.74065],[100.44459,13.74065],[100.44413,13.74059],[100.44323,13.74024],[100.44315,13.74023],[100.44237,13.74038],[100.44135,13.74037],[100.44077,13.74051],[100.44059,13.74053],[100.44052,13.74052],[100.43976,13.74016],[100.43954,13.7401],[100.43914,13.74005],[100.43859,13.74009],[100.43727,13.74001],[100.43587,13.74008],[100.43505,13.74009],[100.43454,13.74022],[100.4334,13.74034],[100.43272,13.74032],[100.43251,13.74036],[100.43229,13.74046],[100.4319,13.74092],[100.43121,13.74214],[100.43101,13.74229],[100.43043,13.74239],[100.42932,13.74224],[100.42874,13.74234],[100.42789,13.74234],[100.42725,13.74238],[100.42703,13.74243],[100.42649,13.74264],[100.42598,13.74277],[100.42564,13.74288],[100.42551,13.74297],[100.4253,13.74315],[100.4251,13.7434],[100.42485,13.7435],[100.42394,13.74361],[100.42326,13.74376],[100.42268,13.74396],[100.42162,13.74419],[100.42121,13.74434],[100.42035,13.74503],[100.42034,13.74513],[100.42003,13.74539],[100.41936,13.74585],[100.4187,13.74615],[100.41771,13.74678],[100.41685,13.74722],[100.41641,13.74736],[100.41576,13.74751],[100.41475,13.74764],[100.41339,13.74793],[100.4129,13.74801],[100.4117,13.74835],[100.40953,13.7488],[100.40843,13.74908],[100.40734,13.74923],[100.40618,13.74944],[100.40613,13.75519],[100.40662,13.75875],[100.40677,13.76008],[100.40687,13.76138],[100.40736,13.76572],[100.40779,13.76864],[100.40828,13.77285],[100.40871,13.77603],[100.40904,13.77887],[100.40925,13.78045],[100.40966,13.78433],[100.41001,13.78886],[100.41106,13.80135],[100.41249,13.80127],[100.41412,13.80123],[100.41518,13.80116],[100.41723,13.80108],[100.41937,13.8009],[100.42153,13.80079],[100.4235,13.80062],[100.42525,13.80056],[100.42879,13.80034],[100.43012,13.80018]]]}},{"type":"Feature","properties":{"OBJECTID":20,"District":"1020","AMP_CODE":"20","PROV_CODE":"10","AMP_NAMT":"บางกอกน้อย","AMP_NAME":"BANGKOK NOI","AMP_NAMEN":"Bangkok Noi","AMP_NAMC":"Bangkok Noi","COLOR_IDX":0},"geometry":{"type":"Polygon","coordinates":[[[100.47432,13.78159],[100.48191,13.77343],[100.48322,13.77192],[100.48451,13.7703],[100.4858,13.76861],[100.48882,13.76488],[100.49045,13.76279],[100.49097,13.76193],[100.49025,13.76119],[100.4897,13.76052],[100.48925,13.75981],[100.48882,13.75903],[100.48839,13.75815],[100.48811,13.75743],[100.48794,13.75685],[100.48777,13.75578],[100.48771,13.75494],[100.48764,13.75271],[100.4877,13.75183],[100.48778,13.75091],[100.48798,13.74938],[100.48815,13.74867],[100.4883,13.74821],[100.48604,13.74749],[100.48523,13.74721],[100.48423,13.7468],[100.48279,13.74626],[100.48227,13.74612],[100.48127,13.74601],[100.48017,13.74595],[100.4795,13.74595],[100.47907,13.74601],[100.47872,13.7461],[100.47826,13.74635],[100.47818,13.74636],[100.47811,13.74633],[100.47806,13.74628],[100.47784,13.74567],[100.47728,13.74466],[100.47713,13.74409],[100.47709,13.74406],[100.47678,13.74413],[100.47559,13.7446],[100.47544,13.74462],[100.47533,13.74457],[100.4748,13.74403],[100.47433,13.74377],[100.47361,13.74362],[100.47134,13.74319],[100.47045,13.74311],[100.46749,13.74296],[100.4665,13.74296],[100.46629,13.74301],[100.46574,13.74327],[100.46562,13.74329],[100.46465,13.74332],[100.46431,13.7434],[100.46392,13.7436],[100.46339,13.74399],[100.46315,13.74412],[100.46283,13.74425],[100.46205,13.74442],[100.46219,13.74462],[100.46221,13.74511],[100.46216,13.74589],[100.46234,13.7478],[100.46249,13.74888],[100.46244,13.74942],[100.46222,13.75025],[100.46216,13.75073],[100.46196,13.75156],[100.46181,13.75197],[100.46169,13.75223],[100.46123,13.75305],[100.46087,13.75359],[100.4605,13.75426],[100.46025,13.75486],[100.46,13.75532],[100.45959,13.75592],[100.45942,13.75624],[100.45893,13.75696],[100.45828,13.758],[100.45792,13.75865],[100.45784,13.75886],[100.45785,13.75889],[100.45773,13.75904],[100.45757,13.75939],[100.45754,13.7594],[100.45578,13.76124],[100.45504,13.76189],[100.4542,13.7629],[100.45405,13.76329],[100.45387,13.76424],[100.45355,13.7663],[100.45354,13.76765],[100.45374,13.76918],[100.45414,13.77086],[100.45419,13.77096],[100.45459,13.77221],[100.45479,13.77272],[100.45502,13.77307],[100.45521,13.77347],[100.45559,13.774],[100.45669,13.77589],[100.45687,13.7762],[100.45715,13.77658],[100.45738,13.77705],[100.45761,13.7773],[100.45769,13.77734],[100.45783,13.77733],[100.45919,13.7781],[100.45977,13.7784],[100.4604,13.77864],[100.46109,13.77896],[100.46176,13.77909],[100.46191,13.77905],[100.46215,13.77909],[100.46231,13.77917],[100.4624,13.77919],[100.46322,13.77909],[100.46391,13.77891],[100.46526,13.77868],[100.46579,13.77874],[100.46616,13.77881],[100.46659,13.77894],[100.46685,13.77914],[100.46741,13.77948],[100.46768,13.7797],[100.46706,13.78044],[100.46684,13.78095],[100.46666,13.78155],[100.46645,13.78271],[100.46634,13.78358],[100.46629,13.78428],[100.46604,13.78592],[100.46596,13.78664],[100.46594,13.78716],[100.4673,13.78761],[100.46774,13.7876],[100.46835,13.78752],[100.46879,13.78733],[100.46911,13.7871],[100.46964,13.7865],[100.47261,13.78333],[100.47432,13.78159]]]}},{"type":"Feature","properties":{"OBJECTID":21,"District":"1021","AMP_CODE":"21","PROV_CODE":"10","AMP_NAMT":"บางขุนเทียน","AMP_NAME":"BANG KHUN THIAN","AMP_NAMEN":"Bang Khun Thian","AMP_NAMC":"Bang Khun Thian","COLOR_IDX":2},"geometry":{"type":"Polygon","coordinates":[[[100.44739,13.68148],[100.44752,13.68146],[100.4482,13.68165],[100.44855,13.6817],[100.44862,13.68153],[100.44863,13.6814],[100.44858,13.68121],[100.4485,13.68056],[100.44845,13.67933],[100.4485,13.67899],[100.44857,13.67883],[100.44883,13.67786],[100.44892,13.6778],[100.44896,13.67772],[100.44906,13.6773],[100.449,13.67681],[100.44894,13.67654],[100.44888,13.67616],[100.44884,13.67533],[100.44973,13.6753],[100.45001,13.67525],[100.45018,13.67525],[100.45116,13.67536],[100.45155,13.67543],[100.45161,13.67511],[100.45185,13.67429],[100.45235,13.67306],[100.45311,13.67021],[100.45343,13.66885],[100.45307,13.66806],[100.45286,13.6674],[100.45277,13.66722],[100.45254,13.66732],[100.45227,13.66627],[100.45216,13.66571],[100.45221,13.66531],[100.45212,13.66492],[100.45203,13.66479],[100.45193,13.66457],[100.45162,13.66368],[100.45136,13.66306],[100.45128,13.66297],[100.45077,13.66184],[100.45039,13.66081],[100.45319,13.65972],[100.45469,13.65911],[100.45684,13.65839],[100.4583,13.65785],[100.45835,13.65792],[100.45846,13.65862],[100.45844,13.65869],[100.45852,13.65877],[100.45861,13.65881],[100.45979,13.65884],[100.45991,13.65891],[100.46095,13.65891],[100.46115,13.65887],[100.46193,13.65842],[100.46245,13.65808],[100.46319,13.65737],[100.46461,13.65567],[100.46575,13.65668],[100.46636,13.65714],[100.46688,13.65751],[100.46836,13.65841],[100.46855,13.6585],[100.46989,13.65889],[100.47033,13.65904],[100.4704,13.65841],[100.47045,13.65824],[100.47057,13.65797],[100.47085,13.6567],[100.47091,13.65617],[100.47102,13.65575],[100.47124,13.65428],[100.47138,13.65362],[100.47145,13.65348],[100.4716,13.65236],[100.47169,13.65191],[100.47179,13.65169],[100.47187,13.6514],[100.47188,13.6512],[100.47232,13.64912],[100.47282,13.64613],[100.47294,13.64479],[100.47336,13.6418],[100.47347,13.64053],[100.47351,13.63963],[100.47386,13.63822],[100.47456,13.63593],[100.47476,13.63538],[100.47481,13.6353],[100.47491,13.63479],[100.47503,13.63361],[100.47507,13.63229],[100.47518,13.63194],[100.4755,13.63134],[100.47558,13.6311],[100.47563,13.6308],[100.47566,13.63036],[100.47559,13.62987],[100.47551,13.62972],[100.47528,13.62952],[100.47466,13.62931],[100.47413,13.62898],[100.47407,13.62886],[100.47404,13.62871],[100.47406,13.62846],[100.47412,13.62827],[100.47441,13.62787],[100.47445,13.62755],[100.4744,13.62735],[100.47431,13.62726],[100.47368,13.62693],[100.47349,13.62677],[100.47302,13.62602],[100.47279,13.62576],[100.47248,13.62546],[100.47213,13.62497],[100.47207,13.62461],[100.47215,13.62407],[100.47228,13.62388],[100.47277,13.62358],[100.47316,13.62339],[100.47352,13.62315],[100.47386,13.62284],[100.47403,13.62261],[100.47415,13.62233],[100.47424,13.62192],[100.47431,13.6218],[100.47465,13.62149],[100.47511,13.62118],[100.47548,13.62086],[100.47566,13.62064],[100.4762,13.62011],[100.47636,13.62],[100.47665,13.61992],[100.47706,13.61993],[100.47725,13.61989],[100.47781,13.61991],[100.47815,13.61985],[100.47838,13.61978],[100.47849,13.61967],[100.47858,13.61946],[100.47864,13.61819],[100.47868,13.61813],[100.47923,13.61804],[100.4799,13.618],[100.48009,13.61784],[100.48032,13.6176],[100.48077,13.61696],[100.48128,13.61633],[100.48171,13.61534],[100.48173,13.61506],[100.48169,13.61465],[100.48165,13.61444],[100.48162,13.61442],[100.48154,13.61442],[100.48151,13.61432],[100.4815,13.61399],[100.48162,13.61301],[100.4816,13.61246],[100.4815,13.61222],[100.48122,13.61176],[100.48105,13.61131],[100.48087,13.61072],[100.48081,13.61035],[100.4808,13.60982],[100.48073,13.60939],[100.48052,13.60893],[100.48002,13.60832],[100.47956,13.60761],[100.47949,13.60741],[100.47948,13.60724],[100.47954,13.60682],[100.47963,13.6064],[100.47963,13.60626],[100.47958,13.60609],[100.47947,13.60587],[100.47938,13.60577],[100.47892,13.60554],[100.47821,13.60576],[100.47819,13.60574],[100.47807,13.60553],[100.47708,13.60431],[100.47692,13.60403],[100.47683,13.60368],[100.47681,13.60347],[100.47684,13.60333],[100.47694,13.60312],[100.47693,13.60296],[100.47675,13.60276],[100.47658,13.60252],[100.47642,13.60237],[100.47548,13.6021],[100.47537,13.60203],[100.47511,13.60166],[100.47477,13.60113],[100.47403,13.60034],[100.47329,13.5994],[100.4731,13.59904],[100.473,13.59858],[100.47293,13.59742],[100.47295,13.59702],[100.47305,13.59643],[100.47366,13.59393],[100.47365,13.59388],[100.47011,13.59285],[100.46982,13.59275],[100.46969,13.59267],[100.46958,13.59279],[100.46933,13.59372],[100.46908,13.5941],[100.46882,13.59466],[100.46853,13.59506],[100.46824,13.59539],[100.46767,13.59585],[100.46739,13.59632],[100.46694,13.59682],[100.46686,13.59695],[100.46674,13.59786],[100.46682,13.598],[100.46697,13.5981],[100.46706,13.59822],[100.46712,13.59838],[100.46713,13.59856],[100.46701,13.59892],[100.46688,13.59917],[100.46658,13.59968],[100.46612,13.60033],[100.466,13.601],[100.46576,13.60165],[100.46576,13.60294],[100.4658,13.60318],[100.46592,13.60334],[100.46596,13.60353],[100.46587,13.6039],[100.46581,13.60398],[100.46561,13.60386],[100.46544,13.6038],[100.46531,13.60381],[100.46522,13.60386],[100.46514,13.60399],[100.46496,13.60447],[100.46486,13.60461],[100.46443,13.60494],[100.46424,13.60514],[100.4641,13.60564],[100.46395,13.60585],[100.46354,13.60603],[100.46324,13.6061],[100.46303,13.6061],[100.46213,13.60573],[100.46188,13.60549],[100.46156,13.60507],[100.46147,13.60501],[100.46128,13.60498],[100.46097,13.60502],[100.4607,13.6051],[100.46033,13.6053],[100.46015,13.60532],[100.45997,13.60525],[100.45966,13.60501],[100.45938,13.60487],[100.45926,13.60487],[100.45882,13.60495],[100.45859,13.60492],[100.45836,13.60482],[100.45803,13.60445],[100.45755,13.6044],[100.45748,13.60443],[100.45736,13.60455],[100.45712,13.60468],[100.45658,13.60481],[100.4562,13.60498],[100.45587,13.60494],[100.45583,13.60515],[100.45576,13.60523],[100.45569,13.60527],[100.45562,13.60527],[100.45535,13.6052],[100.45502,13.60504],[100.45466,13.60504],[100.45456,13.60513],[100.45458,13.60532],[100.45446,13.60563],[100.45437,13.60569],[100.45421,13.60563],[100.45414,13.60566],[100.4541,13.60596],[100.45397,13.60601],[100.45371,13.60554],[100.45367,13.60537],[100.45367,13.60521],[100.45376,13.60486],[100.45379,13.60454],[100.45377,13.60427],[100.4537,13.60403],[100.4533,13.60301],[100.45317,13.60283],[100.45285,13.60251],[100.45268,13.6023],[100.45251,13.60195],[100.45239,13.60158],[100.45231,13.60097],[100.45217,13.60037],[100.45214,13.59971],[100.45218,13.59923],[100.45212,13.59867],[100.45217,13.59832],[100.45213,13.59824],[100.45164,13.59772],[100.4514,13.59741],[100.45107,13.59693],[100.45095,13.59662],[100.45093,13.59642],[100.45105,13.59605],[100.45106,13.59583],[100.45091,13.59525],[100.45087,13.59476],[100.45083,13.59456],[100.45076,13.59442],[100.45039,13.59394],[100.45015,13.59354],[100.45,13.59308],[100.44987,13.59254],[100.4498,13.59248],[100.44938,13.59231],[100.44922,13.59207],[100.44918,13.59189],[100.44929,13.59145],[100.44931,13.59119],[100.44927,13.59095],[100.44915,13.59068],[100.4489,13.59034],[100.44854,13.59007],[100.44828,13.58959],[100.44821,13.58952],[100.44776,13.58926],[100.44769,13.5892],[100.44758,13.589],[100.44753,13.58885],[100.44755,13.58817],[100.44748,13.58787],[100.4473,13.58766],[100.44671,13.58724],[100.4466,13.58706],[100.44659,13.58686],[100.44671,13.58648],[100.44673,13.58625],[100.44659,13.58575],[100.44632,13.5852],[100.44628,13.58487],[100.44645,13.58401],[100.44673,13.58327],[100.44676,13.58289],[100.44648,13.57988],[100.44637,13.57839],[100.44601,13.57463],[100.44564,13.56967],[100.44535,13.56632],[100.44533,13.565],[100.44507,13.56283],[100.44496,13.56162],[100.44461,13.55677],[100.44445,13.55354],[100.44446,13.55319],[100.44491,13.55077],[100.44522,13.54884],[100.44562,13.54715],[100.44605,13.54402],[100.44638,13.54233],[100.44764,13.53452],[100.45028,13.52001],[100.45148,13.51322],[100.45182,13.51224],[100.45286,13.50642],[100.45369,13.50198],[100.45323,13.50195],[100.4521,13.50199],[100.45191,13.50217],[100.45024,13.50192],[100.45015,13.50186],[100.45003,13.50169],[100.44999,13.50148],[100.44986,13.50123],[100.44924,13.50084],[100.44799,13.50029],[100.44625,13.49999],[100.44411,13.49968],[100.44385,13.49979],[100.44326,13.50034],[100.44306,13.50036],[100.44288,13.50029],[100.44275,13.50017],[100.44273,13.4996],[100.44256,13.49932],[100.44233,13.4992],[100.44201,13.49888],[100.44167,13.49866],[100.44049,13.4984],[100.44018,13.49844],[100.43988,13.49872],[100.43966,13.49877],[100.43939,13.49854],[100.43926,13.49829],[100.4388,13.49794],[100.43841,13.49788],[100.43768,13.49787],[100.43735,13.49778],[100.43712,13.49759],[100.43708,13.49746],[100.43716,13.49681],[100.43708,13.49677],[100.43627,13.49674],[100.43619,13.49762],[100.43543,13.49752],[100.43536,13.49813],[100.43493,13.49809],[100.43481,13.49805],[100.43496,13.49664],[100.43491,13.49659],[100.43474,13.49653],[100.43094,13.49627],[100.43089,13.4962],[100.43083,13.49589],[100.43074,13.49583],[100.43056,13.49586],[100.4304,13.49596],[100.43025,13.49612],[100.42988,13.49625],[100.4272,13.49623],[100.4271,13.49635],[100.42688,13.49681],[100.42666,13.49719],[100.42649,13.4974],[100.42629,13.49749],[100.42581,13.49756],[100.42553,13.49749],[100.42535,13.49729],[100.42528,13.49713],[100.42529,13.49681],[100.42369,13.49585],[100.42361,13.49585],[100.42356,13.49588],[100.42357,13.49641],[100.42355,13.49678],[100.42349,13.49685],[100.42335,13.49688],[100.42321,13.49688],[100.42305,13.49682],[100.42271,13.49616],[100.42225,13.49564],[100.42185,13.49526],[100.4217,13.49485],[100.42163,13.49474],[100.41739,13.49461],[100.41446,13.49431],[100.41098,13.49368],[100.40884,13.49339],[100.40871,13.49409],[100.40682,13.50222],[100.40665,13.50918],[100.40659,13.51351],[100.40663,13.51598],[100.4065,13.5251],[100.40649,13.52956],[100.40633,13.5358],[100.40825,13.53584],[100.41369,13.53582],[100.41407,13.53587],[100.41435,13.53644],[100.41488,13.53774],[100.41491,13.53797],[100.41474,13.53824],[100.41466,13.53844],[100.4147,13.53863],[100.41485,13.53883],[100.41529,13.53919],[100.41588,13.53957],[100.41617,13.53969],[100.41708,13.5399],[100.4178,13.54015],[100.41796,13.54023],[100.41822,13.54042],[100.41832,13.54054],[100.41851,13.54085],[100.4189,13.54168],[100.41951,13.54284],[100.41958,13.54307],[100.41969,13.54369],[100.41998,13.54436],[100.42008,13.54488],[100.42009,13.54524],[100.41972,13.54628],[100.41949,13.54684],[100.41936,13.54709],[100.41911,13.54742],[100.41831,13.54821],[100.41794,13.54878],[100.41735,13.54938],[100.41649,13.55039],[100.41632,13.5505],[100.41491,13.55119],[100.41469,13.55135],[100.41464,13.55146],[100.4146,13.5518],[100.41462,13.55192],[100.41481,13.55234],[100.41485,13.55251],[100.4149,13.55345],[100.41497,13.55408],[100.41506,13.55453],[100.41507,13.55573],[100.41528,13.55636],[100.41528,13.55651],[100.4152,13.55693],[100.41521,13.55715],[100.41484,13.55707],[100.41435,13.55687],[100.41417,13.5569],[100.41411,13.55693],[100.41381,13.55739],[100.41371,13.55749],[100.4136,13.5575],[100.41351,13.55748],[100.41299,13.5571],[100.41269,13.55723],[100.41256,13.55724],[100.41236,13.55705],[100.4122,13.55677],[100.41218,13.55656],[100.4123,13.55621],[100.4123,13.55608],[100.41224,13.55594],[100.4119,13.55548],[100.41175,13.55544],[100.41142,13.55551],[100.41132,13.5555],[100.41076,13.55507],[100.4106,13.55502],[100.41037,13.55502],[100.40981,13.55506],[100.40963,13.55505],[100.40852,13.55453],[100.40844,13.55453],[100.40777,13.55472],[100.40739,13.55479],[100.40724,13.55473],[100.40689,13.55449],[100.40669,13.55442],[100.40655,13.55442],[100.40615,13.55453],[100.40541,13.55461],[100.40529,13.55471],[100.40514,13.55497],[100.40506,13.55502],[100.40461,13.55508],[100.40437,13.55506],[100.40426,13.55499],[100.40414,13.55481],[100.40404,13.55442],[100.40395,13.55424],[100.40339,13.55353],[100.40267,13.55319],[100.40244,13.55313],[100.40215,13.55314],[100.40196,13.55321],[100.40174,13.5532],[100.40134,13.55293],[100.40111,13.55283],[100.40086,13.55284],[100.40035,13.55304],[100.40023,13.55304],[100.40015,13.55302],[100.39974,13.55279],[100.39957,13.55273],[100.39928,13.55272],[100.39915,13.55277],[100.39909,13.55285],[100.399,13.55309],[100.39894,13.55316],[100.39877,13.55324],[100.39857,13.5532],[100.39832,13.55304],[100.39822,13.55301],[100.39803,13.55298],[100.39751,13.55298],[100.39705,13.55306],[100.3967,13.55338],[100.39663,13.55342],[100.39634,13.55346],[100.39586,13.55346],[100.39573,13.55351],[100.39544,13.55381],[100.39538,13.55393],[100.39527,13.5544],[100.39522,13.55451],[100.39504,13.5547],[100.39471,13.55493],[100.39467,13.55499],[100.39465,13.5551],[100.39477,13.55542],[100.39478,13.55553],[100.39475,13.55564],[100.39458,13.55579],[100.39427,13.55597],[100.39421,13.55607],[100.39412,13.55663],[100.394,13.5572],[100.39408,13.55826],[100.39345,13.55864],[100.39337,13.55872],[100.39318,13.55904],[100.39296,13.55953],[100.39284,13.56007],[100.39257,13.56078],[100.39255,13.56092],[100.39257,13.56099],[100.39262,13.56102],[100.39309,13.56124],[100.39314,13.56136],[100.39312,13.56147],[100.39248,13.56242],[100.39237,13.56264],[100.39227,13.56303],[100.39222,13.5631],[100.39208,13.56315],[100.39144,13.56316],[100.39134,13.5632],[100.39131,13.56326],[100.3913,13.56356],[100.39141,13.56423],[100.39125,13.56468],[100.39125,13.56503],[100.39121,13.56517],[100.39114,13.56525],[100.39089,13.5654],[100.39082,13.56552],[100.39088,13.56586],[100.39099,13.5662],[100.39099,13.56632],[100.39066,13.56729],[100.39061,13.56758],[100.39065,13.56769],[100.39074,13.56775],[100.39131,13.56795],[100.39143,13.56807],[100.39151,13.56835],[100.39149,13.5689],[100.39141,13.56897],[100.3909,13.56894],[100.39068,13.56898],[100.39062,13.56905],[100.39053,13.56935],[100.39044,13.56948],[100.38984,13.56952],[100.38967,13.5696],[100.38956,13.56969],[100.38944,13.56989],[100.38929,13.57048],[100.38932,13.57065],[100.38946,13.57088],[100.38946,13.57113],[100.38889,13.57167],[100.38889,13.57256],[100.38849,13.57252],[100.38807,13.57242],[100.388,13.57243],[100.38752,13.57347],[100.38749,13.57363],[100.38754,13.57374],[100.38767,13.57388],[100.38796,13.57411],[100.388,13.57421],[100.38798,13.57429],[100.38781,13.57433],[100.38728,13.57429],[100.38703,13.57415],[100.38696,13.57415],[100.38687,13.57424],[100.38665,13.57469],[100.38664,13.57478],[100.3867,13.57489],[100.38704,13.57532],[100.38705,13.57545],[100.387,13.57551],[100.38684,13.57557],[100.38652,13.5756],[100.38643,13.57563],[100.38627,13.5759],[100.38617,13.57613],[100.3862,13.57625],[100.3863,13.57635],[100.38696,13.57668],[100.38672,13.57725],[100.3866,13.57795],[100.38645,13.57811],[100.38614,13.57817],[100.38591,13.57838],[100.38561,13.57844],[100.38547,13.5786],[100.38529,13.57869],[100.38521,13.57877],[100.38505,13.57899],[100.385,13.57913],[100.38501,13.57925],[100.38518,13.57948],[100.38526,13.57973],[100.3855,13.58003],[100.38552,13.58011],[100.38548,13.58021],[100.38522,13.58029],[100.38516,13.58035],[100.38507,13.58093],[100.38532,13.58103],[100.38551,13.5814],[100.38568,13.5815],[100.38571,13.58157],[100.38556,13.58187],[100.38566,13.58214],[100.38554,13.58243],[100.38547,13.58248],[100.38523,13.58255],[100.38516,13.58264],[100.38517,13.5827],[100.38539,13.58291],[100.38543,13.58304],[100.38528,13.58373],[100.38588,13.58473],[100.38597,13.58496],[100.38594,13.58505],[100.3857,13.58509],[100.38564,13.58515],[100.38566,13.58521],[100.38582,13.58541],[100.3858,13.5855],[100.38561,13.58549],[100.38539,13.58532],[100.38527,13.58534],[100.38517,13.58542],[100.38517,13.58555],[100.38523,13.58564],[100.3857,13.58583],[100.38571,13.58589],[100.38567,13.58596],[100.38548,13.58603],[100.38496,13.58606],[100.38488,13.58613],[100.38487,13.58624],[100.38493,13.58632],[100.38506,13.58636],[100.38526,13.58636],[100.38534,13.58644],[100.38534,13.58652],[100.3853,13.58657],[100.38495,13.58679],[100.38486,13.5869],[100.38479,13.58707],[100.38478,13.58717],[100.38481,13.58724],[100.38509,13.58737],[100.38509,13.5875],[100.38504,13.58755],[100.38488,13.58755],[100.38457,13.58741],[100.38452,13.58742],[100.38427,13.58759],[100.38421,13.58766],[100.38417,13.58782],[100.38418,13.58797],[100.38441,13.5882],[100.38444,13.58832],[100.38433,13.58871],[100.38436,13.58952],[100.38432,13.58955],[100.38389,13.58958],[100.38373,13.58952],[100.38366,13.58953],[100.38322,13.5898],[100.3831,13.59004],[100.38301,13.59016],[100.38279,13.59025],[100.38256,13.59022],[100.38249,13.59024],[100.38231,13.59049],[100.38216,13.59061],[100.38209,13.59082],[100.38189,13.59087],[100.38167,13.59097],[100.38161,13.59114],[100.38154,13.59121],[100.3814,13.59126],[100.38127,13.59137],[100.381,13.59136],[100.38096,13.59145],[100.38101,13.59164],[100.38099,13.59172],[100.38094,13.59175],[100.38065,13.59177],[100.3806,13.59192],[100.37998,13.59236],[100.37997,13.59268],[100.3799,13.59272],[100.37969,13.59277],[100.37959,13.59302],[100.37941,13.59316],[100.37926,13.59336],[100.379,13.5933],[100.37895,13.59333],[100.37878,13.59363],[100.37875,13.59387],[100.37865,13.59413],[100.37852,13.59428],[100.37854,13.5944],[100.37877,13.59442],[100.37883,13.59447],[100.37881,13.59455],[100.3787,13.59466],[100.37887,13.59479],[100.37888,13.59487],[100.37882,13.59496],[100.37872,13.59503],[100.37871,13.5951],[100.37893,13.59539],[100.37909,13.59603],[100.37894,13.59625],[100.37895,13.59634],[100.37904,13.59652],[100.37896,13.59675],[100.379,13.59699],[100.37888,13.59726],[100.37895,13.59747],[100.37882,13.59768],[100.3787,13.59801],[100.37867,13.59852],[100.37854,13.59868],[100.3785,13.59878],[100.37852,13.59903],[100.37848,13.59931],[100.37851,13.59988],[100.37847,13.60019],[100.37851,13.60046],[100.37845,13.60069],[100.37845,13.60098],[100.37849,13.60113],[100.37846,13.60125],[100.37835,13.60136],[100.37832,13.60146],[100.37843,13.60179],[100.37844,13.60201],[100.37768,13.60454],[100.37715,13.60642],[100.37725,13.60657],[100.37726,13.60665],[100.37722,13.60697],[100.37714,13.60932],[100.37648,13.6197],[100.39595,13.63715],[100.39669,13.63784],[100.4002,13.64099],[100.40782,13.64777],[100.4254,13.66347],[100.43018,13.66767],[100.43123,13.66865],[100.43381,13.67094],[100.43538,13.67238],[100.44199,13.67825],[100.44248,13.67866],[100.4468,13.68256],[100.44694,13.68231],[100.44721,13.68164],[100.44726,13.68156],[100.44739,13.68148]]]}},{"type":"Feature","properties":{"OBJECTID":22,"District":"1022","AMP_CODE":"22","PROV_CODE":"10","AMP_NAMT":"ภาษีเจริญ","AMP_NAME":"PHASI CHAROEN","AMP_NAMEN":"Phasi Charoen","AMP_NAMC":"Phasi Charoen","COLOR_IDX":0},"geometry":{"type":"Polygon","coordinates":[[[100.42874,13.74234],[100.42932,13.74224],[100.43043,13.74239],[100.43101,13.74229],[100.43121,13.74214],[100.4319,13.74092],[100.43229,13.74046],[100.43251,13.74036],[100.43272,13.74032],[100.4334,13.74034],[100.43454,13.74022],[100.43505,13.74009],[100.43587,13.74008],[100.43727,13.74001],[100.43859,13.74009],[100.43914,13.74005],[100.43954,13.7401],[100.43976,13.74016],[100.44052,13.74052],[100.44059,13.74053],[100.44077,13.74051],[100.44135,13.74037],[100.44237,13.74038],[100.44315,13.74023],[100.44323,13.74024],[100.44413,13.74059],[100.44459,13.74065],[100.44512,13.74065],[100.44518,13.74068],[100.44606,13.74077],[100.44653,13.74072],[100.4475,13.7404],[100.44764,13.74037],[100.44785,13.74038],[100.44824,13.74047],[100.44886,13.74086],[100.44909,13.74096],[100.44932,13.74087],[100.44954,13.7407],[100.44963,13.74059],[100.44985,13.7405],[100.44992,13.7405],[100.45001,13.74055],[100.45022,13.74085],[100.45065,13.74122],[100.45076,13.74124],[100.45107,13.74124],[100.45178,13.74113],[100.4521,13.74112],[100.45222,13.74114],[100.45242,13.74131],[100.45267,13.74146],[100.45308,13.74177],[100.45313,13.74183],[100.45313,13.74195],[100.45316,13.74202],[100.45339,13.74214],[100.4535,13.74215],[100.45357,13.74211],[100.45363,13.74199],[100.45367,13.74196],[100.45388,13.74202],[100.45404,13.74214],[100.45413,13.74244],[100.45442,13.74262],[100.45461,13.74264],[100.45498,13.74253],[100.45508,13.74243],[100.45532,13.74207],[100.4554,13.74202],[100.45576,13.74205],[100.45617,13.74213],[100.45662,13.7425],[100.45679,13.7427],[100.45688,13.74292],[100.45686,13.74314],[100.45665,13.74348],[100.45682,13.74381],[100.457,13.744],[100.45713,13.74406],[100.45766,13.7441],[100.45802,13.74401],[100.45839,13.74384],[100.45863,13.7437],[100.45899,13.74369],[100.4596,13.74374],[100.45996,13.74385],[100.46041,13.7441],[100.46071,13.74419],[100.46177,13.74441],[100.46205,13.74442],[100.46185,13.74364],[100.46162,13.74205],[100.46165,13.74012],[100.4616,13.73985],[100.4616,13.73926],[100.46164,13.73892],[100.4617,13.73838],[100.46183,13.73793],[100.46191,13.73719],[100.46207,13.73687],[100.46206,13.73673],[100.46217,13.73607],[100.46224,13.73485],[100.46227,13.73478],[100.46238,13.73478],[100.46242,13.73475],[100.46248,13.73465],[100.46257,13.7344],[100.4628,13.73337],[100.46279,13.73326],[100.46263,13.7332],[100.46277,13.73263],[100.46293,13.73225],[100.46352,13.73127],[100.4647,13.72931],[100.46549,13.72778],[100.46633,13.72659],[100.46719,13.72527],[100.46814,13.72446],[100.47056,13.72304],[100.47094,13.72288],[100.47124,13.7227],[100.47149,13.72268],[100.47168,13.72274],[100.47164,13.72244],[100.4716,13.72158],[100.47139,13.72092],[100.47017,13.71922],[100.47,13.71906],[100.46972,13.71858],[100.46942,13.71819],[100.46929,13.71784],[100.46918,13.71765],[100.46912,13.71734],[100.46911,13.71714],[100.46923,13.71596],[100.46902,13.71594],[100.46821,13.71612],[100.46728,13.7165],[100.46632,13.71676],[100.4656,13.71708],[100.46284,13.71789],[100.46277,13.71784],[100.46284,13.71656],[100.4629,13.71628],[100.46301,13.71628],[100.46309,13.71567],[100.46334,13.71483],[100.4599,13.71387],[100.45842,13.71347],[100.45716,13.71304],[100.45632,13.71278],[100.4552,13.71258],[100.45551,13.71039],[100.45565,13.7098],[100.45589,13.70843],[100.45574,13.70844],[100.4553,13.70867],[100.45489,13.70896],[100.45445,13.70915],[100.45405,13.70942],[100.45274,13.71012],[100.44999,13.70533],[100.44986,13.70542],[100.44908,13.7057],[100.44889,13.70582],[100.44837,13.70599],[100.448,13.70615],[100.44779,13.70628],[100.44726,13.70654],[100.4466,13.70682],[100.44638,13.70696],[100.4463,13.70697],[100.44586,13.70717],[100.44566,13.70732],[100.44532,13.70753],[100.4449,13.70767],[100.4445,13.70771],[100.44396,13.70798],[100.4436,13.70809],[100.44328,13.70824],[100.4422,13.70859],[100.44087,13.70893],[100.43962,13.70931],[100.4394,13.70933],[100.43917,13.7094],[100.43911,13.70936],[100.43912,13.70932],[100.4389,13.70879],[100.43814,13.70713],[100.43721,13.70478],[100.43769,13.70465],[100.43637,13.70239],[100.43582,13.70129],[100.43556,13.70138],[100.43475,13.69898],[100.4347,13.6989],[100.43473,13.69876],[100.43494,13.69849],[100.43581,13.69689],[100.43625,13.69602],[100.43741,13.69412],[100.43761,13.6938],[100.43773,13.69368],[100.43725,13.69351],[100.4357,13.69242],[100.43533,13.69209],[100.43499,13.69202],[100.43493,13.69199],[100.43419,13.69139],[100.43329,13.69094],[100.43142,13.68975],[100.43016,13.68901],[100.43003,13.68893],[100.42981,13.6887],[100.42892,13.68813],[100.42782,13.68761],[100.42772,13.68857],[100.4275,13.68993],[100.4274,13.69042],[100.42725,13.6909],[100.42704,13.69204],[100.42687,13.69316],[100.42668,13.6951],[100.42655,13.69802],[100.42668,13.69901],[100.42666,13.69936],[100.42668,13.69976],[100.42657,13.70108],[100.42626,13.70727],[100.42622,13.70738],[100.42621,13.70818],[100.42609,13.71062],[100.42593,13.71237],[100.42588,13.71342],[100.42582,13.7136],[100.42579,13.7151],[100.42577,13.71522],[100.42577,13.71562],[100.42569,13.71657],[100.42562,13.7185],[100.42541,13.72226],[100.4254,13.72299],[100.42537,13.72306],[100.42517,13.72669],[100.425,13.7291],[100.42486,13.73171],[100.42487,13.73206],[100.42483,13.73215],[100.42205,13.73161],[100.41969,13.73136],[100.41919,13.73135],[100.41776,13.73122],[100.41698,13.7342],[100.41667,13.73561],[100.41635,13.73571],[100.41551,13.73583],[100.41592,13.73815],[100.41597,13.73828],[100.41527,13.73845],[100.41501,13.7386],[100.41441,13.7388],[100.41423,13.73991],[100.41418,13.73997],[100.41407,13.74085],[100.41394,13.74129],[100.41391,13.74155],[100.41388,13.74222],[100.4137,13.74365],[100.41353,13.74545],[100.41336,13.74768],[100.41339,13.74793],[100.41475,13.74764],[100.41576,13.74751],[100.41641,13.74736],[100.41685,13.74722],[100.41771,13.74678],[100.4187,13.74615],[100.41936,13.74585],[100.42003,13.74539],[100.42034,13.74513],[100.42035,13.74503],[100.42121,13.74434],[100.42162,13.74419],[100.42268,13.74396],[100.42326,13.74376],[100.42394,13.74361],[100.42485,13.7435],[100.4251,13.7434],[100.4253,13.74315],[100.42551,13.74297],[100.42564,13.74288],[100.42598,13.74277],[100.42649,13.74264],[100.42703,13.74243],[100.42725,13.74238],[100.42789,13.74234],[100.42874,13.74234]]]}},{"type":"Feature","properties":{"OBJECTID":23,"District":"1023","AMP_CODE":"23","PROV_CODE":"10","AMP_NAMT":"หนองแขม","AMP_NAME":"NONG KHAEM","AMP_NAMEN":"Nong Khaem","AMP_NAMC":"Nong Khaem","COLOR_IDX":1},"geometry":{"type":"Polygon","coordinates":[[[100.35936,13.738],[100.36042,13.73575],[100.36112,13.7344],[100.362,13.73235],[100.36254,13.73131],[100.36336,13.72957],[100.36498,13.72633],[100.36596,13.72404],[100.36648,13.72308],[100.36851,13.71872],[100.36865,13.71837],[100.3701,13.71538],[100.37043,13.71462],[100.37095,13.71363],[100.37214,13.71112],[100.37257,13.71009],[100.37306,13.70908],[100.37348,13.70813],[100.37389,13.70746],[100.37668,13.70166],[100.37718,13.70057],[100.37949,13.69561],[100.3807,13.69314],[100.38134,13.69174],[100.38149,13.69133],[100.3816,13.69084],[100.3819,13.68934],[100.38198,13.6891],[100.38227,13.6885],[100.38268,13.68615],[100.38284,13.68419],[100.38291,13.68374],[100.38375,13.68003],[100.38405,13.67913],[100.38525,13.67588],[100.38525,13.67568],[100.38484,13.67269],[100.38484,13.6714],[100.38355,13.67169],[100.38342,13.67171],[100.38325,13.67169],[100.38288,13.67147],[100.37973,13.67002],[100.37925,13.66976],[100.37864,13.66957],[100.377,13.66881],[100.37573,13.66833],[100.37564,13.66825],[100.37465,13.66776],[100.37099,13.66621],[100.36979,13.66562],[100.36951,13.66545],[100.36911,13.66533],[100.36856,13.66509],[100.36799,13.6648],[100.36574,13.66378],[100.36453,13.66328],[100.36429,13.66316],[100.36379,13.66298],[100.36366,13.66291],[100.3634,13.66284],[100.36244,13.6624],[100.36073,13.66169],[100.36064,13.66156],[100.36057,13.6613],[100.36044,13.66127],[100.36013,13.6613],[100.35939,13.66125],[100.35907,13.66129],[100.35878,13.66139],[100.35853,13.66144],[100.35822,13.66147],[100.35726,13.66168],[100.35714,13.66162],[100.35704,13.66152],[100.35691,13.66134],[100.35662,13.6603],[100.35661,13.6599],[100.35657,13.65986],[100.35622,13.6598],[100.35555,13.65953],[100.35487,13.65912],[100.35426,13.65879],[100.35422,13.6588],[100.35367,13.65855],[100.35339,13.65845],[100.35281,13.6581],[100.35234,13.65791],[100.35165,13.6577],[100.35117,13.65749],[100.35111,13.65748],[100.3511,13.65734],[100.35124,13.65681],[100.35134,13.65659],[100.35045,13.65592],[100.34981,13.65534],[100.34952,13.65513],[100.34876,13.65482],[100.34859,13.65478],[100.34831,13.65476],[100.34804,13.65479],[100.34787,13.65477],[100.34773,13.65489],[100.34752,13.65534],[100.34746,13.65538],[100.34684,13.65534],[100.34673,13.65533],[100.34644,13.65523],[100.34571,13.65487],[100.34531,13.65474],[100.34505,13.65471],[100.34428,13.65473],[100.34383,13.65478],[100.34291,13.65483],[100.34269,13.65489],[100.34197,13.65494],[100.34174,13.65492],[100.3409,13.65495],[100.33979,13.65496],[100.33938,13.65499],[100.33938,13.65566],[100.33943,13.65619],[100.33948,13.65652],[100.33977,13.65769],[100.33986,13.65792],[100.33994,13.65804],[100.34066,13.65856],[100.34074,13.65865],[100.34081,13.6588],[100.3409,13.65908],[100.34103,13.66001],[100.34111,13.66032],[100.3413,13.66079],[100.34125,13.66131],[100.34102,13.66213],[100.34076,13.66287],[100.3406,13.66358],[100.34037,13.66426],[100.34019,13.66496],[100.34014,13.66528],[100.34015,13.66628],[100.34011,13.66672],[100.34003,13.66687],[100.33935,13.66771],[100.3392,13.66862],[100.3388,13.66967],[100.33825,13.67498],[100.3376,13.67733],[100.33755,13.67736],[100.33632,13.67703],[100.33607,13.67699],[100.33584,13.67762],[100.33358,13.68137],[100.33355,13.68154],[100.33356,13.6821],[100.33384,13.68352],[100.33372,13.68405],[100.33303,13.6864],[100.33278,13.68708],[100.33243,13.68836],[100.33216,13.69037],[100.33203,13.69135],[100.33208,13.69271],[100.33188,13.69312],[100.33181,13.69346],[100.33126,13.69747],[100.33109,13.69796],[100.33056,13.69917],[100.33065,13.69957],[100.33071,13.69966],[100.33235,13.69992],[100.3323,13.702],[100.33208,13.70199],[100.33209,13.70256],[100.33223,13.7034],[100.33231,13.70417],[100.3326,13.70507],[100.3332,13.706],[100.33343,13.70649],[100.33323,13.70657],[100.33323,13.70664],[100.33321,13.70664],[100.33326,13.70688],[100.33307,13.70692],[100.33323,13.70722],[100.33337,13.70785],[100.3334,13.70785],[100.33348,13.70839],[100.33348,13.70926],[100.33343,13.70926],[100.3334,13.70976],[100.33314,13.71047],[100.33309,13.71098],[100.3329,13.71155],[100.33265,13.71189],[100.33233,13.71246],[100.33387,13.71299],[100.33414,13.71306],[100.3345,13.71227],[100.33491,13.71162],[100.33511,13.7112],[100.33559,13.71106],[100.33588,13.71087],[100.33612,13.71082],[100.33631,13.71087],[100.33644,13.71096],[100.3365,13.71105],[100.33651,13.71126],[100.33665,13.71134],[100.33778,13.71225],[100.33834,13.71252],[100.33877,13.71277],[100.33841,13.71333],[100.33809,13.71405],[100.33754,13.7148],[100.33648,13.71516],[100.33608,13.71546],[100.33671,13.71646],[100.33614,13.71719],[100.33543,13.71794],[100.33533,13.71804],[100.33482,13.71833],[100.33457,13.71856],[100.33423,13.71899],[100.3336,13.71996],[100.33311,13.72084],[100.33189,13.72077],[100.33125,13.72051],[100.33134,13.72008],[100.33046,13.71978],[100.33033,13.71972],[100.33023,13.72122],[100.33084,13.72123],[100.33257,13.72188],[100.33362,13.72222],[100.33574,13.72299],[100.33544,13.72597],[100.33519,13.72705],[100.33477,13.72839],[100.3348,13.72844],[100.33566,13.72871],[100.33568,13.72882],[100.33551,13.72918],[100.33552,13.72928],[100.33624,13.72951],[100.33674,13.72971],[100.33674,13.72979],[100.33614,13.73079],[100.33575,13.73157],[100.33564,13.73187],[100.3356,13.73226],[100.33514,13.73349],[100.33749,13.73391],[100.33735,13.73535],[100.33746,13.73604],[100.33831,13.73625],[100.33886,13.73636],[100.33936,13.73651],[100.33967,13.73655],[100.34084,13.7366],[100.34191,13.7367],[100.34276,13.73674],[100.34332,13.73679],[100.34403,13.73692],[100.34737,13.73706],[100.34853,13.73718],[100.35116,13.73731],[100.35234,13.73742],[100.35287,13.73749],[100.35312,13.73749],[100.35347,13.73744],[100.35388,13.73755],[100.35483,13.73764],[100.35663,13.73775],[100.35784,13.73788],[100.35896,13.73796],[100.35908,13.738],[100.35936,13.738]]]}},{"type":"Feature","properties":{"OBJECTID":24,"District":"1024","AMP_CODE":"24","PROV_CODE":"10","AMP_NAMT":"ราษฎร์บูรณะ","AMP_NAME":"RAT BURANA","AMP_NAMEN":"Rat Burana","AMP_NAMC":"Rat Burana","COLOR_IDX":2},"geometry":{"type":"Polygon","coordinates":[[[100.49,13.69526],[100.49015,13.69454],[100.49027,13.69413],[100.49072,13.69316],[100.49123,13.69234],[100.49182,13.69157],[100.49261,13.69076],[100.4936,13.68988],[100.4945,13.68915],[100.49516,13.68871],[100.49556,13.68849],[100.49625,13.68819],[100.49813,13.68745],[100.49992,13.68688],[100.50135,13.68649],[100.50255,13.68621],[100.50476,13.68586],[100.50612,13.68569],[100.50801,13.68547],[100.51,13.68516],[100.51123,13.68495],[100.51244,13.68469],[100.51338,13.68438],[100.51508,13.68365],[100.51611,13.68316],[100.51698,13.68268],[100.51922,13.6813],[100.51993,13.68083],[100.52031,13.68052],[100.52092,13.6801],[100.52236,13.67884],[100.5234,13.67788],[100.5212,13.67645],[100.5204,13.67564],[100.52038,13.67554],[100.52047,13.67524],[100.5205,13.67514],[100.52057,13.67508],[100.52074,13.67506],[100.52141,13.67514],[100.52167,13.67509],[100.5218,13.67501],[100.52198,13.67434],[100.52188,13.67389],[100.52192,13.6738],[100.52201,13.67371],[100.522,13.67356],[100.52196,13.67348],[100.52169,13.67329],[100.52164,13.67321],[100.52163,13.67281],[100.52154,13.67255],[100.52158,13.67213],[100.52154,13.672],[100.52144,13.67194],[100.52109,13.67187],[100.52104,13.67177],[100.52105,13.67155],[100.521,13.67144],[100.52092,13.67137],[100.52075,13.67134],[100.52062,13.67127],[100.52048,13.67113],[100.52042,13.67099],[100.52044,13.6709],[100.52071,13.67063],[100.52061,13.67016],[100.52082,13.67005],[100.52088,13.67],[100.5207,13.66973],[100.52067,13.66957],[100.52072,13.66951],[100.52096,13.66947],[100.52102,13.66943],[100.52111,13.66931],[100.52106,13.66919],[100.52099,13.66912],[100.52077,13.66906],[100.52073,13.66899],[100.52073,13.66886],[100.52069,13.66882],[100.52058,13.66882],[100.52047,13.6689],[100.52038,13.66887],[100.52038,13.66879],[100.5205,13.66849],[100.52047,13.66838],[100.52039,13.66832],[100.52003,13.66826],[100.5198,13.66808],[100.51944,13.66794],[100.5193,13.66783],[100.51911,13.66776],[100.51885,13.6676],[100.51853,13.66765],[100.51831,13.66746],[100.51795,13.66724],[100.5178,13.66724],[100.51767,13.66734],[100.51759,13.66729],[100.51761,13.66704],[100.51759,13.66644],[100.51763,13.66582],[100.51751,13.66328],[100.51757,13.66292],[100.51768,13.66257],[100.51764,13.66217],[100.51752,13.6616],[100.51717,13.66156],[100.51659,13.66144],[100.51538,13.66122],[100.51523,13.66116],[100.5137,13.66074],[100.51351,13.66073],[100.51328,13.66074],[100.51304,13.66083],[100.5124,13.66122],[100.51051,13.66245],[100.50994,13.66258],[100.50975,13.66259],[100.50954,13.66259],[100.50914,13.6625],[100.50823,13.66275],[100.50735,13.66121],[100.5071,13.66084],[100.50708,13.66085],[100.50699,13.66075],[100.50678,13.66043],[100.50638,13.65977],[100.50637,13.65968],[100.50631,13.65956],[100.50587,13.65891],[100.50482,13.65949],[100.50474,13.65943],[100.50278,13.65622],[100.50213,13.65523],[100.50231,13.65512],[100.50179,13.6542],[100.50101,13.65296],[100.49955,13.65385],[100.49952,13.65388],[100.49956,13.65396],[100.49953,13.65399],[100.49925,13.65421],[100.49652,13.65603],[100.49637,13.65611],[100.49622,13.65612],[100.49601,13.65625],[100.49579,13.65627],[100.49542,13.65648],[100.49516,13.65659],[100.49506,13.65665],[100.49483,13.65672],[100.49475,13.65681],[100.4947,13.65693],[100.49458,13.65704],[100.49397,13.65727],[100.49377,13.65699],[100.49376,13.65682],[100.49336,13.65598],[100.49335,13.65591],[100.49325,13.65574],[100.49213,13.65622],[100.49136,13.65651],[100.48979,13.65718],[100.48896,13.65747],[100.4882,13.65769],[100.488,13.65771],[100.48741,13.65768],[100.48659,13.65757],[100.48568,13.6577],[100.48548,13.65778],[100.48514,13.658],[100.48483,13.6583],[100.48471,13.65845],[100.4841,13.65967],[100.4834,13.66084],[100.48274,13.66202],[100.48233,13.66307],[100.48166,13.66289],[100.47812,13.66214],[100.4758,13.66188],[100.47568,13.66299],[100.47556,13.66358],[100.47692,13.66386],[100.48213,13.66477],[100.48174,13.66558],[100.4816,13.66595],[100.48155,13.66601],[100.48122,13.66683],[100.48051,13.66845],[100.48032,13.669],[100.48019,13.6692],[100.48054,13.66961],[100.48137,13.67068],[100.48176,13.67107],[100.48257,13.6722],[100.48289,13.67261],[100.48319,13.67292],[100.48354,13.6734],[100.48389,13.6738],[100.4842,13.67422],[100.48516,13.67532],[100.48518,13.67539],[100.48547,13.67577],[100.48609,13.67646],[100.48634,13.67689],[100.48686,13.67738],[100.48722,13.67792],[100.48748,13.67822],[100.48805,13.67902],[100.48837,13.67924],[100.48852,13.67947],[100.48853,13.6796],[100.48829,13.67982],[100.48823,13.67994],[100.48789,13.68092],[100.48772,13.6816],[100.48736,13.68249],[100.48744,13.68256],[100.48795,13.68242],[100.48809,13.68241],[100.48815,13.68243],[100.48828,13.68313],[100.48888,13.68432],[100.48898,13.68465],[100.48787,13.68545],[100.48352,13.68852],[100.48223,13.68949],[100.48186,13.68987],[100.48168,13.69015],[100.48144,13.69069],[100.48137,13.69093],[100.48135,13.69139],[100.48145,13.69204],[100.4821,13.69394],[100.48242,13.69468],[100.48255,13.69483],[100.48284,13.69482],[100.48345,13.69499],[100.48493,13.6949],[100.48514,13.69491],[100.4864,13.69513],[100.48662,13.69515],[100.48682,13.69511],[100.48728,13.69493],[100.48782,13.69488],[100.48801,13.69492],[100.48838,13.69504],[100.48899,13.69515],[100.49,13.69526]]]}},{"type":"Feature","properties":{"OBJECTID":25,"District":"1025","AMP_CODE":"25","PROV_CODE":"10","AMP_NAMT":"บางพลัด","AMP_NAME":"BANG PHLAT","AMP_NAMEN":"Bang Phlat","AMP_NAMC":"Bang Phlat","COLOR_IDX":3},"geometry":{"type":"Polygon","coordinates":[[[100.50836,13.789],[100.50561,13.78637],[100.50526,13.78597],[100.50478,13.78533],[100.50365,13.78358],[100.50231,13.78115],[100.49904,13.77267],[100.49768,13.76984],[100.49663,13.76809],[100.49535,13.76622],[100.49484,13.76556],[100.49437,13.76504],[100.49097,13.76193],[100.49045,13.76279],[100.48882,13.76488],[100.4858,13.76861],[100.48451,13.7703],[100.48322,13.77192],[100.48191,13.77343],[100.47432,13.78159],[100.47261,13.78333],[100.46964,13.7865],[100.46911,13.7871],[100.46879,13.78733],[100.46835,13.78752],[100.46774,13.7876],[100.4673,13.78761],[100.46594,13.78716],[100.46618,13.78892],[100.47138,13.79008],[100.47278,13.79044],[100.47347,13.79066],[100.47871,13.79259],[100.4815,13.79353],[100.49428,13.79814],[100.49914,13.79988],[100.50025,13.80031],[100.50118,13.80077],[100.50205,13.80133],[100.50255,13.80172],[100.50376,13.80281],[100.50647,13.80532],[100.51526,13.81327],[100.51584,13.81266],[100.51619,13.81217],[100.51652,13.81156],[100.51722,13.80991],[100.51741,13.8092],[100.51749,13.80858],[100.51762,13.80689],[100.51767,13.80519],[100.5176,13.8044],[100.51746,13.80354],[100.51722,13.80254],[100.51655,13.80051],[100.51579,13.79843],[100.51553,13.79784],[100.51531,13.79739],[100.5145,13.79616],[100.51389,13.7953],[100.50836,13.789]]]}},{"type":"Feature","properties":{"OBJECTID":26,"District":"1026","AMP_CODE":"26","PROV_CODE":"10","AMP_NAMT":"ดินแดง","AMP_NAME":"DIN DAENG","AMP_NAMEN":"Din Daeng","AMP_NAMC":"Din Daeng","COLOR_IDX":1},"geometry":{"type":"Polygon","coordinates":[[[100.5749,13.80107],[100.57475,13.79869],[100.57456,13.79459],[100.57444,13.79259],[100.57436,13.78973],[100.5742,13.78718],[100.57379,13.77859],[100.57365,13.77612],[100.57361,13.77426],[100.57347,13.7713],[100.57342,13.77091],[100.57305,13.7698],[100.57274,13.76918],[100.5723,13.76851],[100.56998,13.76562],[100.56887,13.76413],[100.56749,13.76241],[100.56684,13.76152],[100.56642,13.7607],[100.5661,13.76],[100.56583,13.75915],[100.56506,13.75568],[100.56497,13.75513],[100.56451,13.75525],[100.56387,13.75537],[100.56223,13.75552],[100.56185,13.75552],[100.56084,13.75565],[100.56047,13.75566],[100.56039,13.75563],[100.56021,13.75564],[100.55935,13.75576],[100.55876,13.7558],[100.55785,13.75577],[100.55719,13.75586],[100.55683,13.75584],[100.55621,13.75602],[100.55592,13.75606],[100.55516,13.756],[100.55491,13.75607],[100.5543,13.75614],[100.55403,13.75607],[100.5539,13.75594],[100.55377,13.7559],[100.55316,13.75605],[100.55285,13.75602],[100.55264,13.75597],[100.55247,13.75599],[100.55241,13.75605],[100.5521,13.75664],[100.55171,13.75702],[100.55151,13.75745],[100.55077,13.75835],[100.5504,13.75869],[100.5501,13.75884],[100.54858,13.75939],[100.54837,13.75949],[100.54808,13.75969],[100.54741,13.75981],[100.54734,13.75988],[100.54728,13.76033],[100.54722,13.76044],[100.54713,13.7605],[100.54706,13.7605],[100.54661,13.76044],[100.54642,13.76045],[100.54611,13.76056],[100.5459,13.76073],[100.54565,13.76115],[100.54549,13.76136],[100.54542,13.76141],[100.54496,13.76159],[100.54453,13.76185],[100.54395,13.76239],[100.5435,13.76267],[100.54343,13.76272],[100.547,13.76373],[100.54728,13.76376],[100.54766,13.76374],[100.54834,13.76355],[100.5489,13.76483],[100.54938,13.76572],[100.55001,13.76666],[100.5511,13.7687],[100.5517,13.76989],[100.55208,13.77045],[100.55281,13.77183],[100.55349,13.77297],[100.55379,13.77345],[100.55586,13.77722],[100.55855,13.78204],[100.5595,13.78383],[100.5599,13.78451],[100.56098,13.78645],[100.56138,13.78725],[100.56165,13.78808],[100.56189,13.78932],[100.56198,13.79046],[100.5619,13.79197],[100.56163,13.79496],[100.56302,13.7949],[100.56396,13.79483],[100.56546,13.79468],[100.56596,13.7946],[100.56646,13.79468],[100.56698,13.79494],[100.567,13.79575],[100.56698,13.79664],[100.56719,13.79854],[100.5674,13.79915],[100.56747,13.7992],[100.56747,13.79928],[100.56877,13.79933],[100.56958,13.7994],[100.57146,13.79971],[100.57203,13.79969],[100.57268,13.8001],[100.57288,13.80016],[100.57372,13.80033],[100.57436,13.80089],[100.57463,13.801],[100.5749,13.80107]]]}},{"type":"Feature","properties":{"OBJECTID":27,"District":"1027","AMP_CODE":"27","PROV_CODE":"10","AMP_NAMT":"บึงกุ่ม","AMP_NAME":"BUENG KUM","AMP_NAMEN":"Bueng Kum","AMP_NAMC":"Bueng Kum","COLOR_IDX":2},"geometry":{"type":"Polygon","coordinates":[[[100.64869,13.83465],[100.6486,13.83389],[100.64973,13.83412],[100.6531,13.83493],[100.65357,13.8351],[100.65404,13.83537],[100.65624,13.83547],[100.6573,13.83557],[100.65739,13.83556],[100.65742,13.83552],[100.65783,13.83317],[100.65791,13.83299],[100.65942,13.83325],[100.66142,13.83348],[100.66149,13.83213],[100.66161,13.83153],[100.66162,13.83087],[100.66159,13.83039],[100.66166,13.82966],[100.6615,13.82837],[100.66143,13.82706],[100.6613,13.82629],[100.66127,13.82578],[100.66119,13.82547],[100.66086,13.82518],[100.6603,13.82474],[100.66022,13.82464],[100.66013,13.82443],[100.66023,13.82343],[100.66041,13.8226],[100.66083,13.82143],[100.66089,13.82114],[100.66083,13.82023],[100.66078,13.81997],[100.66079,13.81939],[100.66091,13.81871],[100.66096,13.81816],[100.66112,13.81744],[100.66138,13.81671],[100.66162,13.81593],[100.66207,13.81504],[100.66218,13.81465],[100.66234,13.81443],[100.66254,13.81406],[100.66297,13.81262],[100.66302,13.81167],[100.663,13.81131],[100.66288,13.81072],[100.66285,13.81022],[100.66291,13.80995],[100.66304,13.80978],[100.66317,13.80976],[100.66346,13.80981],[100.66403,13.81],[100.66455,13.80895],[100.66486,13.80818],[100.66518,13.80803],[100.66525,13.80776],[100.66562,13.80727],[100.66665,13.8051],[100.66762,13.80532],[100.66868,13.80567],[100.66943,13.80385],[100.66979,13.80262],[100.6699,13.80237],[100.67026,13.80167],[100.67092,13.8006],[100.67118,13.80007],[100.67213,13.79881],[100.6726,13.79814],[100.67354,13.79632],[100.6736,13.79609],[100.67373,13.79486],[100.67412,13.79309],[100.6742,13.79256],[100.67425,13.79162],[100.67431,13.79128],[100.67465,13.79012],[100.6751,13.78899],[100.6753,13.78875],[100.67552,13.78833],[100.67566,13.78814],[100.67657,13.78674],[100.6738,13.78383],[100.6748,13.78196],[100.67514,13.78121],[100.67329,13.78023],[100.67153,13.77921],[100.67091,13.77892],[100.66836,13.77743],[100.66722,13.77692],[100.66636,13.77638],[100.66494,13.77558],[100.66462,13.77537],[100.66265,13.77436],[100.66251,13.77426],[100.66251,13.77418],[100.6612,13.77347],[100.66114,13.77346],[100.66053,13.77313],[100.66041,13.77309],[100.6596,13.77264],[100.65949,13.77253],[100.6586,13.77206],[100.65782,13.77159],[100.65618,13.77071],[100.65463,13.77286],[100.65406,13.77346],[100.6538,13.77376],[100.6537,13.77391],[100.65352,13.77444],[100.65326,13.77545],[100.65275,13.77677],[100.65177,13.7785],[100.65104,13.77969],[100.65059,13.78038],[100.64919,13.78225],[100.64852,13.78309],[100.64763,13.78408],[100.64817,13.78477],[100.6475,13.78514],[100.64694,13.7854],[100.64665,13.78565],[100.64613,13.78566],[100.64576,13.78571],[100.6452,13.78592],[100.6435,13.78687],[100.64272,13.78694],[100.64264,13.78752],[100.64258,13.78781],[100.64229,13.78841],[100.6419,13.78946],[100.64185,13.78971],[100.64158,13.79049],[100.64137,13.79081],[100.6411,13.79115],[100.64085,13.79133],[100.64076,13.79142],[100.64057,13.79181],[100.64048,13.79223],[100.64023,13.79419],[100.64012,13.7945],[100.64,13.79515],[100.64005,13.79576],[100.64017,13.79624],[100.64012,13.79798],[100.64016,13.7986],[100.64002,13.79946],[100.63979,13.80046],[100.63962,13.80103],[100.63945,13.80213],[100.63944,13.80299],[100.63938,13.80363],[100.63925,13.80411],[100.63909,13.80438],[100.63902,13.80443],[100.63867,13.80456],[100.6385,13.80467],[100.63848,13.80472],[100.63831,13.80484],[100.63821,13.80496],[100.6382,13.80503],[100.63805,13.80524],[100.6379,13.80539],[100.63771,13.8057],[100.6376,13.80595],[100.6368,13.80695],[100.63654,13.80724],[100.63626,13.8075],[100.63519,13.80825],[100.63488,13.80855],[100.6348,13.80872],[100.63445,13.80912],[100.63426,13.80928],[100.6341,13.8095],[100.634,13.80987],[100.63347,13.81086],[100.63347,13.81101],[100.63354,13.81124],[100.63332,13.81154],[100.63319,13.81177],[100.63268,13.81255],[100.63257,13.81283],[100.63241,13.81355],[100.63218,13.81432],[100.63182,13.81527],[100.63175,13.81534],[100.63167,13.81536],[100.63109,13.81537],[100.63104,13.81539],[100.631,13.81548],[100.63102,13.81592],[100.63121,13.81814],[100.63133,13.81919],[100.62978,13.81929],[100.62875,13.8194],[100.62824,13.81937],[100.62753,13.81927],[100.62635,13.81927],[100.62598,13.81931],[100.62587,13.81897],[100.62559,13.81773],[100.62551,13.81754],[100.62448,13.8174],[100.62481,13.81793],[100.6252,13.81868],[100.62558,13.81984],[100.62634,13.82126],[100.62776,13.82376],[100.62857,13.82562],[100.62901,13.82672],[100.62933,13.82764],[100.63002,13.83037],[100.63047,13.83182],[100.63095,13.83308],[100.63129,13.83378],[100.63174,13.83459],[100.63284,13.83641],[100.63332,13.83729],[100.6343,13.83882],[100.63475,13.83963],[100.63495,13.84012],[100.63522,13.84103],[100.63541,13.84146],[100.63712,13.84467],[100.6391,13.8461],[100.63984,13.84636],[100.64086,13.84665],[100.64129,13.84673],[100.64599,13.84737],[100.6484,13.84603],[100.65016,13.8451],[100.65021,13.84483],[100.64773,13.84417],[100.64802,13.84195],[100.64839,13.84025],[100.64851,13.83919],[100.64854,13.83848],[100.64851,13.83759],[100.64867,13.83655],[100.64866,13.83544],[100.64869,13.83465]]]}},{"type":"Feature","properties":{"OBJECTID":28,"District":"1028","AMP_CODE":"28","PROV_CODE":"10","AMP_NAMT":"สาทร","AMP_NAME":"SATHON","AMP_NAMEN":"Sathon","AMP_NAMC":"沙吞","COLOR_IDX":3},"geometry":{"type":"Polygon","coordinates":[[[100.55291,13.72277],[100.55338,13.71916],[100.55375,13.71654],[100.55294,13.71624],[100.55266,13.71715],[100.55248,13.71805],[100.55246,13.71807],[100.55204,13.718],[100.55182,13.71802],[100.55163,13.71809],[100.5495,13.71888],[100.5494,13.71892],[100.54902,13.71925],[100.54803,13.71789],[100.54757,13.71718],[100.54537,13.71396],[100.54431,13.71231],[100.54421,13.71222],[100.54382,13.71195],[100.54168,13.7106],[100.54256,13.70902],[100.54361,13.70701],[100.54172,13.70615],[100.53915,13.70443],[100.53761,13.70723],[100.53515,13.70582],[100.53416,13.70554],[100.53329,13.70543],[100.53189,13.70548],[100.53082,13.70556],[100.52863,13.70599],[100.52863,13.70586],[100.52995,13.70254],[100.52934,13.70228],[100.52806,13.70166],[100.52742,13.70133],[100.52695,13.70104],[100.5263,13.70177],[100.52568,13.70111],[100.52503,13.70106],[100.52492,13.70089],[100.52426,13.70136],[100.52064,13.70417],[100.51968,13.70322],[100.5186,13.70382],[100.51572,13.70459],[100.51463,13.70492],[100.51515,13.70567],[100.51563,13.70659],[100.51638,13.70821],[100.51695,13.70965],[100.51434,13.71019],[100.51408,13.71021],[100.51334,13.71039],[100.51304,13.71043],[100.51212,13.71065],[100.5113,13.7109],[100.51066,13.71102],[100.50996,13.71119],[100.50946,13.71137],[100.50913,13.71157],[100.50817,13.71246],[100.50949,13.71417],[100.51037,13.71552],[100.51092,13.71651],[100.51129,13.71734],[100.51203,13.71934],[100.51512,13.71856],[100.51669,13.71813],[100.51703,13.71808],[100.51741,13.71811],[100.51985,13.71877],[100.53029,13.72187],[100.53788,13.7241],[100.54475,13.72617],[100.55291,13.72277]]]}},{"type":"Feature","properties":{"OBJECTID":29,"District":"1029","AMP_CODE":"29","PROV_CODE":"10","AMP_NAMT":"บางซื่อ","AMP_NAME":"BANG SUE","AMP_NAMEN":"Bang Sue","AMP_NAMC":"Bang Sue","COLOR_IDX":0},"geometry":{"type":"Polygon","coordinates":[[[100.5392,13.83059],[100.53777,13.82453],[100.53712,13.82165],[100.53838,13.82157],[100.54194,13.8212],[100.54252,13.82106],[100.54285,13.82093],[100.54341,13.82066],[100.54383,13.82035],[100.54431,13.8198],[100.54456,13.81943],[100.54485,13.81893],[100.54499,13.8185],[100.54503,13.81811],[100.545,13.81771],[100.54488,13.81712],[100.54462,13.81657],[100.54397,13.81495],[100.5434,13.81269],[100.54315,13.81201],[100.54107,13.80684],[100.54083,13.80604],[100.53979,13.80312],[100.53886,13.80105],[100.53807,13.79944],[100.53742,13.79785],[100.53718,13.79789],[100.53678,13.79805],[100.53329,13.79979],[100.53244,13.79825],[100.53168,13.79841],[100.53076,13.79847],[100.52992,13.79865],[100.52931,13.79884],[100.52882,13.79893],[100.52806,13.7989],[100.52733,13.79873],[100.527,13.79868],[100.52681,13.79872],[100.52597,13.79924],[100.52581,13.79929],[100.52547,13.79936],[100.52508,13.79926],[100.52496,13.79927],[100.52472,13.79934],[100.52395,13.79966],[100.52313,13.79981],[100.52261,13.79993],[100.52237,13.80002],[100.52173,13.80006],[100.5212,13.79999],[100.52022,13.80003],[100.52001,13.80006],[100.51933,13.80024],[100.51846,13.80029],[100.51817,13.80028],[100.51798,13.80036],[100.51655,13.80051],[100.51722,13.80254],[100.51746,13.80354],[100.5176,13.8044],[100.51767,13.80519],[100.51762,13.80689],[100.51749,13.80858],[100.51741,13.8092],[100.51722,13.80991],[100.51652,13.81156],[100.51619,13.81217],[100.51584,13.81266],[100.51526,13.81327],[100.51497,13.81352],[100.5144,13.8139],[100.51347,13.81428],[100.51253,13.81463],[100.51044,13.81532],[100.5081,13.81588],[100.50745,13.81611],[100.50682,13.8176],[100.50641,13.81867],[100.50633,13.81894],[100.50631,13.8191],[100.50633,13.81934],[100.50645,13.81967],[100.5066,13.8199],[100.50684,13.8205],[100.50697,13.82089],[100.5071,13.82117],[100.50745,13.82147],[100.50757,13.82164],[100.50756,13.82246],[100.5076,13.82268],[100.50766,13.82281],[100.50784,13.82294],[100.50829,13.82315],[100.5086,13.82343],[100.50954,13.82364],[100.50968,13.8237],[100.5098,13.82378],[100.50994,13.82394],[100.5101,13.82418],[100.51013,13.82432],[100.51009,13.82441],[100.50994,13.82448],[100.50965,13.82453],[100.50952,13.82459],[100.50927,13.82488],[100.50916,13.82515],[100.5092,13.82535],[100.50929,13.82553],[100.50938,13.82561],[100.50944,13.82563],[100.51038,13.82522],[100.51065,13.82522],[100.51074,13.82526],[100.51082,13.82541],[100.51089,13.82597],[100.51097,13.82617],[100.51108,13.82619],[100.51179,13.82607],[100.51204,13.82593],[100.51215,13.82581],[100.51253,13.82508],[100.51275,13.82475],[100.51288,13.8247],[100.5131,13.82473],[100.51315,13.82484],[100.51311,13.82597],[100.51315,13.82607],[100.51324,13.82617],[100.51356,13.82634],[100.51397,13.8265],[100.51456,13.82677],[100.51477,13.82686],[100.5152,13.82697],[100.51537,13.82707],[100.51565,13.82737],[100.51577,13.82757],[100.51581,13.82775],[100.51581,13.82834],[100.51585,13.82848],[100.51593,13.82859],[100.51679,13.82914],[100.51763,13.8299],[100.51882,13.83074],[100.51941,13.83137],[100.52028,13.83207],[100.52103,13.83282],[100.5214,13.83309],[100.52207,13.8337],[100.52248,13.83401],[100.52283,13.8345],[100.52294,13.83459],[100.52334,13.83484],[100.52347,13.83504],[100.52369,13.83528],[100.52447,13.83586],[100.52528,13.83661],[100.52583,13.83702],[100.52622,13.83739],[100.52697,13.83798],[100.52768,13.83863],[100.52956,13.84028],[100.53003,13.8408],[100.53042,13.84109],[100.53114,13.84179],[100.53128,13.84189],[100.53161,13.84207],[100.53185,13.84225],[100.53218,13.84263],[100.53241,13.84282],[100.53271,13.84316],[100.53312,13.84343],[100.53329,13.84357],[100.53351,13.84386],[100.53395,13.84433],[100.53478,13.8449],[100.53505,13.84513],[100.53551,13.84562],[100.53583,13.8459],[100.53621,13.84614],[100.53698,13.84652],[100.5374,13.84664],[100.53751,13.8467],[100.53806,13.84716],[100.53825,13.84728],[100.54059,13.84829],[100.54182,13.84888],[100.54263,13.8492],[100.54305,13.84934],[100.54333,13.84946],[100.54363,13.84963],[100.54213,13.84301],[100.54196,13.84245],[100.54103,13.83861],[100.54093,13.83802],[100.5392,13.83059]]]}},{"type":"Feature","properties":{"OBJECTID":30,"District":"1030","AMP_CODE":"30","PROV_CODE":"10","AMP_NAMT":"จตุจักร","AMP_NAME":"CHATUCHAK","AMP_NAMEN":"Chatuchak","AMP_NAMC":"乍都乍","COLOR_IDX":3},"geometry":{"type":"Polygon","coordinates":[[[100.58669,13.85833],[100.58701,13.85766],[100.58729,13.85719],[100.58743,13.85687],[100.58753,13.85651],[100.58758,13.85311],[100.58763,13.85303],[100.58767,13.85231],[100.58777,13.85189],[100.58805,13.85113],[100.58833,13.84989],[100.58903,13.84595],[100.58926,13.84539],[100.58952,13.84489],[100.58987,13.84393],[100.59031,13.84144],[100.59054,13.84043],[100.5909,13.83912],[100.59102,13.83857],[100.59111,13.83736],[100.591,13.83642],[100.59081,13.83582],[100.59072,13.83537],[100.59012,13.83354],[100.58992,13.8323],[100.58986,13.83201],[100.58985,13.83136],[100.5899,13.8308],[100.59001,13.8303],[100.58998,13.82898],[100.58975,13.82744],[100.58977,13.8269],[100.58957,13.82551],[100.58942,13.82518],[100.58914,13.82409],[100.58938,13.82294],[100.5894,13.82189],[100.58935,13.8216],[100.58931,13.82045],[100.58924,13.82],[100.58925,13.81956],[100.5893,13.8192],[100.5896,13.81806],[100.58952,13.81746],[100.58952,13.817],[100.58948,13.81666],[100.58932,13.81585],[100.58906,13.81512],[100.58902,13.81451],[100.58904,13.81401],[100.58901,13.81372],[100.58881,13.81306],[100.58861,13.81268],[100.58857,13.8125],[100.5887,13.81182],[100.5888,13.8117],[100.58895,13.81123],[100.58894,13.81118],[100.5889,13.81116],[100.58913,13.81049],[100.58913,13.81026],[100.58908,13.80989],[100.58895,13.80929],[100.58883,13.80824],[100.58882,13.80695],[100.58875,13.80568],[100.5888,13.80442],[100.58834,13.80298],[100.58823,13.80308],[100.58804,13.80311],[100.58722,13.80299],[100.58599,13.80295],[100.58432,13.80279],[100.58371,13.80283],[100.5831,13.80291],[100.58193,13.80279],[100.58152,13.80265],[100.58117,13.80239],[100.58092,13.80216],[100.58068,13.80198],[100.58036,13.80187],[100.57988,13.80186],[100.57907,13.80173],[100.57829,13.80156],[100.57738,13.80129],[100.57689,13.80119],[100.57614,13.80141],[100.57558,13.80141],[100.57544,13.80137],[100.5749,13.80107],[100.57463,13.801],[100.57436,13.80089],[100.57372,13.80033],[100.57288,13.80016],[100.57268,13.8001],[100.57203,13.79969],[100.57146,13.79971],[100.56958,13.7994],[100.56877,13.79933],[100.56747,13.79928],[100.56747,13.7992],[100.5674,13.79915],[100.56719,13.79854],[100.56698,13.79664],[100.567,13.79575],[100.56698,13.79494],[100.56646,13.79468],[100.56596,13.7946],[100.56546,13.79468],[100.56396,13.79483],[100.56302,13.7949],[100.56163,13.79496],[100.56136,13.79499],[100.5607,13.79513],[100.5597,13.79517],[100.55899,13.79538],[100.55865,13.79537],[100.55814,13.79546],[100.55761,13.79534],[100.55727,13.79534],[100.55582,13.79562],[100.55535,13.79554],[100.55479,13.79571],[100.55419,13.79568],[100.55368,13.7959],[100.55348,13.79595],[100.5528,13.79596],[100.55241,13.79601],[100.55184,13.79604],[100.55119,13.79619],[100.55086,13.7961],[100.55068,13.79616],[100.55007,13.79629],[100.54976,13.79642],[100.54922,13.79652],[100.5421,13.79731],[100.53863,13.79774],[100.53742,13.79785],[100.53807,13.79944],[100.53886,13.80105],[100.53979,13.80312],[100.54083,13.80604],[100.54107,13.80684],[100.54315,13.81201],[100.5434,13.81269],[100.54397,13.81495],[100.54462,13.81657],[100.54488,13.81712],[100.545,13.81771],[100.54503,13.81811],[100.54499,13.8185],[100.54485,13.81893],[100.54456,13.81943],[100.54431,13.8198],[100.54383,13.82035],[100.54341,13.82066],[100.54285,13.82093],[100.54252,13.82106],[100.54194,13.8212],[100.53838,13.82157],[100.53712,13.82165],[100.53777,13.82453],[100.5392,13.83059],[100.54093,13.83802],[100.54103,13.83861],[100.54196,13.84245],[100.54213,13.84301],[100.54363,13.84963],[100.54392,13.84985],[100.54427,13.84999],[100.54532,13.85025],[100.54763,13.851],[100.54907,13.85142],[100.55119,13.85215],[100.55208,13.85238],[100.55267,13.85265],[100.5544,13.85305],[100.55702,13.8539],[100.5579,13.85413],[100.56129,13.85478],[100.56175,13.8549],[100.56261,13.85509],[100.56291,13.85513],[100.56341,13.85511],[100.56345,13.85521],[100.56355,13.85518],[100.56371,13.85518],[100.56389,13.85528],[100.56463,13.8554],[100.56512,13.85551],[100.56634,13.85583],[100.56675,13.85598],[100.56739,13.85606],[100.56759,13.85614],[100.56814,13.85622],[100.56878,13.85639],[100.56916,13.85644],[100.57011,13.85639],[100.57066,13.85639],[100.57238,13.85663],[100.57261,13.85668],[100.57316,13.8569],[100.57374,13.85703],[100.57405,13.857],[100.57465,13.85708],[100.57595,13.85744],[100.57704,13.85749],[100.57737,13.85746],[100.57875,13.85767],[100.5803,13.85783],[100.58155,13.85801],[100.58216,13.85794],[100.58326,13.85796],[100.58345,13.85798],[100.5836,13.85804],[100.58373,13.85817],[100.58384,13.85822],[100.58419,13.85829],[100.5851,13.85837],[100.58561,13.85844],[100.58573,13.85849],[100.58624,13.85883],[100.58625,13.85891],[100.58628,13.85893],[100.58655,13.85893],[100.58656,13.85863],[100.58669,13.85833]]]}},{"type":"Feature","properties":{"OBJECTID":31,"District":"1031","AMP_CODE":"31","PROV_CODE":"10","AMP_NAMT":"บางคอแหลม","AMP_NAME":"BANG KHO LAEM","AMP_NAMEN":"Bang Kho Laem","AMP_NAMC":"Bang Kho Laem","COLOR_IDX":1},"geometry":{"type":"Polygon","coordinates":[[[100.5186,13.70382],[100.51968,13.70322],[100.52064,13.70417],[100.52426,13.70136],[100.52492,13.70089],[100.52503,13.70106],[100.52568,13.70111],[100.5263,13.70177],[100.52695,13.70104],[100.52742,13.70133],[100.52806,13.70166],[100.52934,13.70228],[100.52995,13.70254],[100.5301,13.70246],[100.53176,13.69825],[100.53171,13.69824],[100.53134,13.69804],[100.5311,13.69783],[100.53039,13.69704],[100.52927,13.69563],[100.52807,13.69419],[100.52652,13.6926],[100.52194,13.6882],[100.52063,13.68656],[100.52041,13.68645],[100.52002,13.68634],[100.51965,13.68603],[100.51935,13.68569],[100.51902,13.68548],[100.51861,13.68496],[100.51865,13.68493],[100.51859,13.68486],[100.51859,13.6848],[100.51842,13.68463],[100.51843,13.68452],[100.51698,13.68268],[100.51611,13.68316],[100.51508,13.68365],[100.51338,13.68438],[100.51244,13.68469],[100.51123,13.68495],[100.51,13.68516],[100.50801,13.68547],[100.50612,13.68569],[100.50476,13.68586],[100.50255,13.68621],[100.50135,13.68649],[100.49992,13.68688],[100.49813,13.68745],[100.49625,13.68819],[100.49556,13.68849],[100.49516,13.68871],[100.4945,13.68915],[100.4936,13.68988],[100.49261,13.69076],[100.49182,13.69157],[100.49123,13.69234],[100.49072,13.69316],[100.49027,13.69413],[100.49015,13.69454],[100.49,13.69526],[100.49021,13.69712],[100.49032,13.69767],[100.49044,13.69812],[100.49064,13.69865],[100.49118,13.69958],[100.49157,13.70008],[100.49225,13.70088],[100.49276,13.70144],[100.49326,13.70188],[100.49452,13.70284],[100.49521,13.7033],[100.49597,13.70374],[100.49864,13.70514],[100.5002,13.70595],[100.50186,13.70686],[100.50277,13.70746],[100.50335,13.7079],[100.50633,13.7103],[100.50716,13.7112],[100.50817,13.71246],[100.50913,13.71157],[100.50946,13.71137],[100.50996,13.71119],[100.51066,13.71102],[100.5113,13.7109],[100.51212,13.71065],[100.51304,13.71043],[100.51334,13.71039],[100.51408,13.71021],[100.51434,13.71019],[100.51695,13.70965],[100.51638,13.70821],[100.51563,13.70659],[100.51515,13.70567],[100.51463,13.70492],[100.51572,13.70459],[100.5186,13.70382]]]}},{"type":"Feature","properties":{"OBJECTID":32,"District":"1032","AMP_CODE":"32","PROV_CODE":"10","AMP_NAMT":"ประเวศ","AMP_NAME":"PRAWET","AMP_NAMEN":"Prawet","AMP_NAMC":"Prawet","COLOR_IDX":2},"geometry":{"type":"Polygon","coordinates":[[[100.66757,13.7372],[100.67437,13.73617],[100.67566,13.73595],[100.67787,13.73568],[100.69459,13.73386],[100.70115,13.7333],[100.70356,13.73295],[100.70622,13.73266],[100.70839,13.7325],[100.70832,13.73139],[100.70835,13.73132],[100.7084,13.73128],[100.70843,13.73117],[100.70843,13.73075],[100.70843,13.73009],[100.70853,13.72837],[100.70864,13.72704],[100.70877,13.7261],[100.70896,13.7241],[100.70896,13.72379],[100.70924,13.72186],[100.7094,13.72114],[100.70999,13.71678],[100.71011,13.71597],[100.71024,13.71544],[100.71046,13.71388],[100.71047,13.71358],[100.71076,13.71209],[100.7109,13.71111],[100.71105,13.70966],[100.71135,13.7078],[100.71152,13.70703],[100.71156,13.70669],[100.71157,13.70604],[100.71199,13.70404],[100.71238,13.70129],[100.71237,13.70123],[100.71233,13.7012],[100.71109,13.7012],[100.71082,13.69982],[100.71029,13.69676],[100.71019,13.69636],[100.70999,13.69517],[100.7102,13.69512],[100.70987,13.6913],[100.70981,13.69081],[100.70895,13.68832],[100.70856,13.68761],[100.70838,13.68715],[100.70798,13.68636],[100.70768,13.68553],[100.70732,13.68484],[100.70691,13.68267],[100.70665,13.68092],[100.70646,13.67954],[100.70641,13.67862],[100.70613,13.67865],[100.70546,13.6788],[100.70504,13.67667],[100.70462,13.6748],[100.70467,13.6747],[100.70514,13.67451],[100.70518,13.67445],[100.70517,13.67435],[100.70457,13.67272],[100.70393,13.67138],[100.70319,13.6702],[100.70229,13.6686],[100.70187,13.66791],[100.70111,13.66638],[100.69996,13.66431],[100.69976,13.66384],[100.69926,13.66242],[100.69885,13.66067],[100.69847,13.65836],[100.69827,13.65633],[100.69146,13.65761],[100.68831,13.65824],[100.68291,13.65996],[100.67976,13.66103],[100.67911,13.66119],[100.6787,13.66133],[100.67804,13.66164],[100.677,13.66225],[100.67659,13.6626],[100.6759,13.6633],[100.67569,13.66344],[100.67454,13.66386],[100.67344,13.6641],[100.6731,13.6642],[100.67222,13.66461],[100.67226,13.66495],[100.67217,13.66503],[100.66934,13.66609],[100.66647,13.66721],[100.66657,13.66736],[100.66691,13.66817],[100.66612,13.66859],[100.66449,13.66966],[100.66335,13.67033],[100.66296,13.67065],[100.66234,13.67127],[100.66221,13.67134],[100.6618,13.67133],[100.66161,13.6714],[100.66115,13.6717],[100.66105,13.6717],[100.65999,13.67027],[100.65992,13.67018],[100.65987,13.67016],[100.65753,13.67158],[100.65569,13.67227],[100.6555,13.67229],[100.65544,13.67229],[100.65537,13.67224],[100.65477,13.67094],[100.65405,13.66959],[100.65379,13.66898],[100.65347,13.66917],[100.65324,13.66923],[100.6523,13.66925],[100.64934,13.66916],[100.64857,13.6691],[100.64771,13.66906],[100.64679,13.66914],[100.64583,13.6693],[100.64523,13.66961],[100.64503,13.66978],[100.64479,13.67015],[100.64467,13.67043],[100.64464,13.67055],[100.644,13.67123],[100.64374,13.67146],[100.64328,13.67207],[100.64289,13.6727],[100.64275,13.67285],[100.64185,13.6744],[100.64131,13.67516],[100.64071,13.67612],[100.64063,13.67631],[100.64042,13.67709],[100.64024,13.67794],[100.64016,13.67821],[100.64001,13.67906],[100.6398,13.67986],[100.63962,13.68038],[100.63946,13.68165],[100.63912,13.6834],[100.63907,13.68395],[100.63884,13.68493],[100.63866,13.68557],[100.63829,13.68818],[100.63819,13.68854],[100.63816,13.68908],[100.63819,13.68917],[100.63806,13.68962],[100.63793,13.6899],[100.6379,13.69026],[100.63779,13.69082],[100.6377,13.69151],[100.63772,13.69186],[100.63764,13.69253],[100.63724,13.6942],[100.63717,13.69497],[100.637,13.69554],[100.63659,13.69617],[100.63598,13.69733],[100.63532,13.69848],[100.63505,13.69889],[100.63462,13.69979],[100.63414,13.7006],[100.63411,13.70076],[100.63892,13.7019],[100.63924,13.70201],[100.64036,13.70227],[100.64161,13.70253],[100.64219,13.7026],[100.64258,13.70254],[100.64354,13.70258],[100.64425,13.70253],[100.64437,13.70246],[100.64445,13.70244],[100.64641,13.70264],[100.64691,13.70272],[100.6476,13.70298],[100.64828,13.70319],[100.64896,13.70319],[100.64971,13.70336],[100.65002,13.70336],[100.651,13.70297],[100.65101,13.70324],[100.65099,13.70356],[100.65083,13.70388],[100.6506,13.70416],[100.65032,13.70464],[100.65021,13.70501],[100.65008,13.7058],[100.64996,13.70617],[100.64987,13.70632],[100.64926,13.7071],[100.64921,13.70724],[100.64919,13.70744],[100.64926,13.70784],[100.64937,13.70798],[100.64959,13.70853],[100.64972,13.70924],[100.64972,13.71],[100.64977,13.71086],[100.64986,13.71121],[100.65014,13.712],[100.65027,13.71273],[100.65034,13.71294],[100.65118,13.71392],[100.65114,13.71399],[100.65105,13.71401],[100.65079,13.71423],[100.65073,13.71443],[100.65076,13.71476],[100.65082,13.71499],[100.65104,13.71537],[100.65112,13.7156],[100.65116,13.71579],[100.65119,13.71628],[100.65147,13.71739],[100.65156,13.71799],[100.65155,13.71825],[100.64829,13.71742],[100.64795,13.71738],[100.64793,13.71747],[100.64826,13.71902],[100.64843,13.71962],[100.6489,13.72162],[100.64933,13.72387],[100.64952,13.72607],[100.64959,13.72746],[100.6498,13.72877],[100.64981,13.7288],[100.65008,13.72887],[100.65051,13.72906],[100.65147,13.72934],[100.6517,13.72946],[100.65183,13.7295],[100.65189,13.72964],[100.65189,13.73045],[100.65186,13.73074],[100.65189,13.731],[100.65214,13.73137],[100.65315,13.73257],[100.6533,13.73282],[100.65348,13.73337],[100.65384,13.73366],[100.65405,13.7339],[100.65423,13.73397],[100.65529,13.73418],[100.6556,13.7343],[100.65568,13.73437],[100.6559,13.73468],[100.65641,13.73586],[100.6567,13.73668],[100.65691,13.73668],[100.65778,13.73656],[100.65817,13.73656],[100.65823,13.73661],[100.65882,13.73746],[100.65901,13.73786],[100.66301,13.73756],[100.66536,13.73742],[100.66757,13.7372]]]}},{"type":"Feature","properties":{"OBJECTID":33,"District":"1033","AMP_CODE":"33","PROV_CODE":"10","AMP_NAMT":"คลองเตย","AMP_NAME":"KHLONG TOEI","AMP_NAMEN":"Khlong Toei","AMP_NAMC":"空堤","COLOR_IDX":1},"geometry":{"type":"Polygon","coordinates":[[[100.60049,13.70698],[100.60166,13.70467],[100.59972,13.70386],[100.5992,13.70367],[100.59723,13.70248],[100.59267,13.70022],[100.58392,13.6961],[100.5821,13.69753],[100.58037,13.69876],[100.57964,13.69922],[100.57888,13.69963],[100.57654,13.70079],[100.57337,13.70223],[100.57137,13.70308],[100.56968,13.70368],[100.56541,13.70505],[100.5633,13.70561],[100.56202,13.7059],[100.56073,13.70612],[100.5594,13.70623],[100.55851,13.70625],[100.55807,13.70623],[100.55716,13.70612],[100.55626,13.70593],[100.55487,13.70548],[100.55375,13.71654],[100.55338,13.71916],[100.55291,13.72277],[100.55219,13.72958],[100.5507,13.74285],[100.55158,13.74267],[100.55248,13.74243],[100.55322,13.74212],[100.55379,13.74181],[100.55511,13.74092],[100.55668,13.73978],[100.56521,13.73375],[100.56612,13.73311],[100.56858,13.73139],[100.569,13.73114],[100.57035,13.73019],[100.5777,13.72498],[100.58452,13.72014],[100.58736,13.71808],[100.59191,13.71485],[100.59603,13.71195],[100.59785,13.71072],[100.59872,13.71008],[100.59893,13.70987],[100.59934,13.70933],[100.59957,13.70893],[100.60049,13.70698]]]}},{"type":"Feature","properties":{"OBJECTID":34,"District":"1034","AMP_CODE":"34","PROV_CODE":"10","AMP_NAMT":"สวนหลวง","AMP_NAME":"SUAN LUANG","AMP_NAMEN":"Suan Luang","AMP_NAMC":"Suan Luang","COLOR_IDX":1},"geometry":{"type":"Polygon","coordinates":[[[100.64354,13.74661],[100.64415,13.74651],[100.64514,13.74658],[100.64541,13.74653],[100.64556,13.74645],[100.64714,13.74512],[100.64783,13.74466],[100.64806,13.7446],[100.64809,13.74451],[100.64855,13.74407],[100.64853,13.74342],[100.64843,13.74322],[100.64823,13.74299],[100.64804,13.74284],[100.64786,13.74275],[100.64748,13.74263],[100.64839,13.74196],[100.64861,13.74182],[100.64914,13.74159],[100.65176,13.74077],[100.65202,13.74067],[100.65876,13.73842],[100.65909,13.73839],[100.65918,13.73827],[100.6591,13.73804],[100.65901,13.73786],[100.65882,13.73746],[100.65823,13.73661],[100.65817,13.73656],[100.65778,13.73656],[100.65691,13.73668],[100.6567,13.73668],[100.65641,13.73586],[100.6559,13.73468],[100.65568,13.73437],[100.6556,13.7343],[100.65529,13.73418],[100.65423,13.73397],[100.65405,13.7339],[100.65384,13.73366],[100.65348,13.73337],[100.6533,13.73282],[100.65315,13.73257],[100.65214,13.73137],[100.65189,13.731],[100.65186,13.73074],[100.65189,13.73045],[100.65189,13.72964],[100.65183,13.7295],[100.6517,13.72946],[100.65147,13.72934],[100.65051,13.72906],[100.65008,13.72887],[100.64981,13.7288],[100.6498,13.72877],[100.64959,13.72746],[100.64952,13.72607],[100.64933,13.72387],[100.6489,13.72162],[100.64843,13.71962],[100.64826,13.71902],[100.64793,13.71747],[100.64795,13.71738],[100.64829,13.71742],[100.65155,13.71825],[100.65156,13.71799],[100.65147,13.71739],[100.65119,13.71628],[100.65116,13.71579],[100.65112,13.7156],[100.65104,13.71537],[100.65082,13.71499],[100.65076,13.71476],[100.65073,13.71443],[100.65079,13.71423],[100.65105,13.71401],[100.65114,13.71399],[100.65118,13.71392],[100.65034,13.71294],[100.65027,13.71273],[100.65014,13.712],[100.64986,13.71121],[100.64977,13.71086],[100.64972,13.71],[100.64972,13.70924],[100.64959,13.70853],[100.64937,13.70798],[100.64926,13.70784],[100.64919,13.70744],[100.64921,13.70724],[100.64926,13.7071],[100.64987,13.70632],[100.64996,13.70617],[100.65008,13.7058],[100.65021,13.70501],[100.65032,13.70464],[100.6506,13.70416],[100.65083,13.70388],[100.65099,13.70356],[100.65101,13.70324],[100.651,13.70297],[100.65002,13.70336],[100.64971,13.70336],[100.64896,13.70319],[100.64828,13.70319],[100.6476,13.70298],[100.64691,13.70272],[100.64641,13.70264],[100.64445,13.70244],[100.64437,13.70246],[100.64425,13.70253],[100.64354,13.70258],[100.64258,13.70254],[100.64219,13.7026],[100.64161,13.70253],[100.64036,13.70227],[100.63924,13.70201],[100.63892,13.7019],[100.63411,13.70076],[100.63401,13.70087],[100.63378,13.7015],[100.63357,13.70177],[100.63326,13.70229],[100.63294,13.70303],[100.63073,13.70254],[100.63054,13.70332],[100.62998,13.70321],[100.62872,13.70308],[100.6272,13.70303],[100.62717,13.70279],[100.62648,13.70282],[100.62643,13.70293],[100.62523,13.70295],[100.6252,13.70298],[100.62518,13.70308],[100.62515,13.70309],[100.62321,13.70312],[100.62318,13.70319],[100.62306,13.70336],[100.62287,13.70348],[100.62267,13.70353],[100.62259,13.70358],[100.62244,13.7038],[100.62237,13.70427],[100.62239,13.70501],[100.61807,13.70421],[100.61721,13.70411],[100.61632,13.70415],[100.61633,13.70444],[100.61606,13.7059],[100.61597,13.70617],[100.61592,13.70677],[100.61589,13.70684],[100.61541,13.70665],[100.61435,13.70643],[100.61395,13.70628],[100.61295,13.70622],[100.61227,13.70623],[100.61133,13.70609],[100.61085,13.70597],[100.60991,13.70578],[100.60957,13.70581],[100.6092,13.7059],[100.60849,13.70585],[100.60748,13.70563],[100.60642,13.70535],[100.60623,13.70557],[100.60621,13.70568],[100.60626,13.70579],[100.60624,13.7059],[100.60597,13.70612],[100.60574,13.70651],[100.60545,13.70702],[100.60519,13.70713],[100.60518,13.70749],[100.60514,13.70758],[100.60507,13.70762],[100.60489,13.70764],[100.60478,13.70769],[100.60474,13.7081],[100.60465,13.70831],[100.60452,13.70847],[100.60429,13.70864],[100.60405,13.70917],[100.60369,13.7095],[100.60353,13.7099],[100.6035,13.71025],[100.60344,13.71036],[100.60321,13.71063],[100.603,13.71137],[100.60292,13.71154],[100.60273,13.71175],[100.60264,13.71201],[100.60257,13.71209],[100.60244,13.71211],[100.60227,13.71199],[100.60201,13.71193],[100.60188,13.71195],[100.60188,13.71205],[100.60198,13.71269],[100.60206,13.71296],[100.60228,13.71329],[100.60254,13.71344],[100.60287,13.71355],[100.60369,13.71374],[100.60462,13.7139],[100.60517,13.71388],[100.60543,13.71392],[100.6057,13.71416],[100.60618,13.71479],[100.60655,13.71521],[100.60659,13.71562],[100.60656,13.71568],[100.60667,13.71594],[100.6067,13.71635],[100.60665,13.71663],[100.60642,13.71749],[100.60619,13.71822],[100.60622,13.7183],[100.60651,13.71847],[100.60674,13.71864],[100.60684,13.71881],[100.60683,13.71897],[100.6067,13.7192],[100.60627,13.71961],[100.6059,13.71983],[100.60538,13.72002],[100.60528,13.72014],[100.60534,13.72028],[100.60562,13.72056],[100.60581,13.72082],[100.60592,13.72106],[100.60584,13.72198],[100.60562,13.72283],[100.60552,13.72358],[100.6054,13.72507],[100.6054,13.72638],[100.60537,13.72684],[100.60527,13.72735],[100.60503,13.72808],[100.60495,13.72848],[100.60487,13.7295],[100.60482,13.73059],[100.60459,13.73215],[100.60465,13.73295],[100.60455,13.73489],[100.60479,13.73652],[100.60502,13.73771],[100.6042,13.73783],[100.60372,13.73786],[100.60276,13.73803],[100.60178,13.73807],[100.60147,13.7381],[100.60072,13.73824],[100.59978,13.73812],[100.59877,13.73822],[100.59847,13.7383],[100.59837,13.73839],[100.59836,13.73878],[100.5984,13.73898],[100.59889,13.74035],[100.5989,13.74054],[100.59885,13.7407],[100.59881,13.74077],[100.59861,13.74091],[100.59815,13.74114],[100.59898,13.74341],[100.59933,13.74423],[100.59969,13.74529],[100.60022,13.74706],[100.60051,13.74747],[100.6007,13.74766],[100.60125,13.74809],[100.60128,13.74804],[100.6017,13.74782],[100.60284,13.74728],[100.60412,13.74676],[100.60456,13.74655],[100.60525,13.74614],[100.60611,13.74579],[100.60757,13.74504],[100.61052,13.74382],[100.61109,13.74383],[100.61193,13.74392],[100.61295,13.74424],[100.61454,13.74454],[100.61729,13.74535],[100.61784,13.74545],[100.61872,13.74568],[100.61991,13.74607],[100.6204,13.74613],[100.62198,13.74648],[100.62246,13.74658],[100.62362,13.74692],[100.62382,13.74695],[100.6252,13.74739],[100.62684,13.74767],[100.62758,13.7479],[100.62813,13.748],[100.62897,13.74826],[100.63104,13.74872],[100.63161,13.74895],[100.63319,13.74942],[100.63395,13.74958],[100.6357,13.75012],[100.63581,13.75012],[100.63626,13.74999],[100.63696,13.74967],[100.63807,13.74955],[100.63867,13.74941],[100.63895,13.74931],[100.63926,13.74915],[100.63987,13.74875],[100.64078,13.74792],[100.64309,13.74676],[100.64354,13.74661]]]}},{"type":"Feature","properties":{"OBJECTID":35,"District":"1035","AMP_CODE":"35","PROV_CODE":"10","AMP_NAMT":"จอมทอง","AMP_NAME":"CHOM THONG","AMP_NAMEN":"Chom Thong","AMP_NAMC":"Chom Thong","COLOR_IDX":1},"geometry":{"type":"Polygon","coordinates":[[[100.46821,13.71612],[100.46902,13.71594],[100.46923,13.71596],[100.46918,13.715],[100.46891,13.71382],[100.46878,13.71297],[100.46866,13.71262],[100.46854,13.71239],[100.4708,13.71141],[100.47188,13.7109],[100.47169,13.71047],[100.47192,13.71037],[100.47211,13.71042],[100.4726,13.71049],[100.47371,13.71069],[100.47534,13.71093],[100.47641,13.71118],[100.47665,13.71023],[100.47691,13.70959],[100.47704,13.70919],[100.47706,13.709],[100.47701,13.70885],[100.47705,13.70854],[100.47739,13.70742],[100.47763,13.70624],[100.47798,13.70478],[100.4782,13.70404],[100.47851,13.70272],[100.47867,13.70225],[100.47881,13.70158],[100.47877,13.70143],[100.47894,13.70085],[100.47902,13.70028],[100.47938,13.69904],[100.47939,13.69874],[100.47951,13.69846],[100.47954,13.69804],[100.47959,13.69796],[100.47982,13.69777],[100.47991,13.69764],[100.48016,13.69701],[100.48029,13.69652],[100.48035,13.69643],[100.48079,13.6961],[100.48098,13.69588],[100.48197,13.69556],[100.48239,13.6954],[100.48259,13.6953],[100.48263,13.69525],[100.48263,13.69517],[100.48255,13.69483],[100.48242,13.69468],[100.4821,13.69394],[100.48145,13.69204],[100.48135,13.69139],[100.48137,13.69093],[100.48144,13.69069],[100.48168,13.69015],[100.48186,13.68987],[100.48223,13.68949],[100.48352,13.68852],[100.48787,13.68545],[100.48898,13.68465],[100.48888,13.68432],[100.48828,13.68313],[100.48815,13.68243],[100.48809,13.68241],[100.48795,13.68242],[100.48744,13.68256],[100.48736,13.68249],[100.48772,13.6816],[100.48789,13.68092],[100.48823,13.67994],[100.48829,13.67982],[100.48853,13.6796],[100.48852,13.67947],[100.48837,13.67924],[100.48805,13.67902],[100.48748,13.67822],[100.48722,13.67792],[100.48686,13.67738],[100.48634,13.67689],[100.48609,13.67646],[100.48547,13.67577],[100.48518,13.67539],[100.48516,13.67532],[100.4842,13.67422],[100.48389,13.6738],[100.48354,13.6734],[100.48319,13.67292],[100.48289,13.67261],[100.48257,13.6722],[100.48176,13.67107],[100.48137,13.67068],[100.48054,13.66961],[100.48019,13.6692],[100.48032,13.669],[100.48051,13.66845],[100.48122,13.66683],[100.48155,13.66601],[100.4816,13.66595],[100.48174,13.66558],[100.48213,13.66477],[100.47692,13.66386],[100.47556,13.66358],[100.47568,13.66299],[100.4758,13.66188],[100.47589,13.66089],[100.47474,13.66081],[100.47136,13.66039],[100.47007,13.66018],[100.47017,13.6599],[100.47033,13.65904],[100.46989,13.65889],[100.46855,13.6585],[100.46836,13.65841],[100.46688,13.65751],[100.46636,13.65714],[100.46575,13.65668],[100.46461,13.65567],[100.46319,13.65737],[100.46245,13.65808],[100.46193,13.65842],[100.46115,13.65887],[100.46095,13.65891],[100.45991,13.65891],[100.45979,13.65884],[100.45861,13.65881],[100.45852,13.65877],[100.45844,13.65869],[100.45846,13.65862],[100.45835,13.65792],[100.4583,13.65785],[100.45684,13.65839],[100.45469,13.65911],[100.45319,13.65972],[100.45039,13.66081],[100.45077,13.66184],[100.45128,13.66297],[100.45136,13.66306],[100.45162,13.66368],[100.45193,13.66457],[100.45203,13.66479],[100.45212,13.66492],[100.45221,13.66531],[100.45216,13.66571],[100.45227,13.66627],[100.45254,13.66732],[100.45277,13.66722],[100.45286,13.6674],[100.45307,13.66806],[100.45343,13.66885],[100.45311,13.67021],[100.45235,13.67306],[100.45185,13.67429],[100.45161,13.67511],[100.45155,13.67543],[100.45116,13.67536],[100.45018,13.67525],[100.45001,13.67525],[100.44973,13.6753],[100.44884,13.67533],[100.44888,13.67616],[100.44894,13.67654],[100.449,13.67681],[100.44906,13.6773],[100.44896,13.67772],[100.44892,13.6778],[100.44883,13.67786],[100.44857,13.67883],[100.4485,13.67899],[100.44845,13.67933],[100.4485,13.68056],[100.44858,13.68121],[100.44863,13.6814],[100.44862,13.68153],[100.44855,13.6817],[100.4482,13.68165],[100.44752,13.68146],[100.44739,13.68148],[100.44726,13.68156],[100.44721,13.68164],[100.44694,13.68231],[100.4468,13.68256],[100.44674,13.68277],[100.44651,13.68287],[100.44644,13.68294],[100.44639,13.68307],[100.4464,13.68326],[100.44655,13.6837],[100.44641,13.68402],[100.44629,13.68408],[100.44593,13.68411],[100.44566,13.68409],[100.44551,13.68415],[100.44536,13.68428],[100.44528,13.68451],[100.4451,13.68482],[100.44498,13.68501],[100.44404,13.6861],[100.444,13.68625],[100.444,13.68662],[100.44389,13.6867],[100.44349,13.68683],[100.44342,13.68688],[100.44328,13.68721],[100.44319,13.68733],[100.4427,13.68776],[100.44252,13.68786],[100.44228,13.68827],[100.44214,13.68844],[100.44204,13.68853],[100.44168,13.68899],[100.44119,13.68953],[100.44101,13.68983],[100.44061,13.69024],[100.44034,13.69046],[100.44011,13.69079],[100.43901,13.69204],[100.43856,13.69266],[100.43807,13.69313],[100.43782,13.6935],[100.43773,13.69368],[100.43761,13.6938],[100.43741,13.69412],[100.43625,13.69602],[100.43581,13.69689],[100.43494,13.69849],[100.43473,13.69876],[100.4347,13.6989],[100.43475,13.69898],[100.43556,13.70138],[100.43582,13.70129],[100.43637,13.70239],[100.43769,13.70465],[100.43721,13.70478],[100.43814,13.70713],[100.4389,13.70879],[100.43912,13.70932],[100.43911,13.70936],[100.43917,13.7094],[100.4394,13.70933],[100.43962,13.70931],[100.44087,13.70893],[100.4422,13.70859],[100.44328,13.70824],[100.4436,13.70809],[100.44396,13.70798],[100.4445,13.70771],[100.4449,13.70767],[100.44532,13.70753],[100.44566,13.70732],[100.44586,13.70717],[100.4463,13.70697],[100.44638,13.70696],[100.4466,13.70682],[100.44726,13.70654],[100.44779,13.70628],[100.448,13.70615],[100.44837,13.70599],[100.44889,13.70582],[100.44908,13.7057],[100.44986,13.70542],[100.44999,13.70533],[100.45274,13.71012],[100.45405,13.70942],[100.45445,13.70915],[100.45489,13.70896],[100.4553,13.70867],[100.45574,13.70844],[100.45589,13.70843],[100.45565,13.7098],[100.45551,13.71039],[100.4552,13.71258],[100.45632,13.71278],[100.45716,13.71304],[100.45842,13.71347],[100.4599,13.71387],[100.46334,13.71483],[100.46309,13.71567],[100.46301,13.71628],[100.4629,13.71628],[100.46284,13.71656],[100.46277,13.71784],[100.46284,13.71789],[100.4656,13.71708],[100.46632,13.71676],[100.46728,13.7165],[100.46821,13.71612]]]}},{"type":"Feature","properties":{"OBJECTID":36,"District":"1036","AMP_CODE":"36","PROV_CODE":"10","AMP_NAMT":"ดอนเมือง","AMP_NAME":"DON MUEANG","AMP_NAMEN":"Don Mueang","AMP_NAMC":"廊曼","COLOR_IDX":2},"geometry":{"type":"Polygon","coordinates":[[[100.62324,13.94613],[100.62405,13.94174],[100.62446,13.9397],[100.62656,13.92765],[100.62666,13.92709],[100.62668,13.92675],[100.62665,13.92639],[100.62659,13.92613],[100.62651,13.92586],[100.62641,13.92566],[100.62578,13.92458],[100.62504,13.92338],[100.62272,13.9195],[100.62205,13.91833],[100.61846,13.91222],[100.61532,13.90699],[100.61287,13.90282],[100.61113,13.89978],[100.61057,13.89951],[100.61014,13.89912],[100.60968,13.89884],[100.60948,13.89867],[100.60932,13.89862],[100.60904,13.89842],[100.60869,13.89825],[100.60832,13.89798],[100.60791,13.89776],[100.60769,13.89756],[100.60734,13.89732],[100.60707,13.89709],[100.6065,13.89637],[100.60642,13.89622],[100.60626,13.89598],[100.60572,13.89542],[100.6051,13.89508],[100.60453,13.8947],[100.60437,13.89463],[100.60318,13.8938],[100.60271,13.8934],[100.6025,13.89331],[100.60109,13.89242],[100.60079,13.89218],[100.59985,13.89156],[100.59892,13.89098],[100.59863,13.89076],[100.59856,13.89075],[100.5983,13.89056],[100.59834,13.89046],[100.59833,13.89041],[100.59714,13.88968],[100.59644,13.88913],[100.59519,13.88805],[100.59481,13.88763],[100.59461,13.88774],[100.5931,13.88835],[100.59205,13.88874],[100.59032,13.88931],[100.58881,13.88957],[100.58864,13.88955],[100.58824,13.88937],[100.58794,13.88938],[100.5872,13.88965],[100.58712,13.8897],[100.58703,13.88984],[100.58682,13.89001],[100.5854,13.89026],[100.58485,13.89044],[100.5847,13.89053],[100.5846,13.89041],[100.58435,13.89049],[100.58342,13.89063],[100.58301,13.89063],[100.58288,13.89067],[100.58292,13.89079],[100.58362,13.89198],[100.58414,13.89297],[100.58459,13.89375],[100.58638,13.89706],[100.58635,13.89708],[100.5866,13.89745],[100.58692,13.89813],[100.58759,13.8993],[100.5874,13.89943],[100.58639,13.89998],[100.57954,13.90366],[100.57924,13.90388],[100.57626,13.90483],[100.57569,13.90499],[100.57526,13.90507],[100.57501,13.90516],[100.57411,13.90562],[100.57179,13.90695],[100.56855,13.90888],[100.56802,13.90927],[100.56647,13.91084],[100.56561,13.91158],[100.56477,13.91216],[100.56318,13.91333],[100.56302,13.9134],[100.56203,13.91367],[100.56143,13.91389],[100.55925,13.91436],[100.55889,13.91446],[100.56359,13.9345],[100.56632,13.94592],[100.56761,13.95147],[100.56828,13.95172],[100.56845,13.95174],[100.56972,13.95247],[100.57024,13.9528],[100.57089,13.9531],[100.57142,13.95342],[100.57288,13.95417],[100.57302,13.95431],[100.57331,13.95438],[100.57344,13.95445],[100.57348,13.95444],[100.57374,13.95455],[100.57377,13.95463],[100.574,13.95464],[100.57455,13.95443],[100.57511,13.95429],[100.5755,13.95426],[100.5765,13.95396],[100.58365,13.95234],[100.58472,13.95212],[100.58816,13.95128],[100.58896,13.95113],[100.59004,13.95083],[100.59186,13.95027],[100.59288,13.94979],[100.60105,13.94622],[100.60162,13.94583],[100.60317,13.94511],[100.6045,13.94454],[100.60568,13.9441],[100.60561,13.94475],[100.60542,13.94586],[100.60535,13.94655],[100.60487,13.94972],[100.60456,13.95217],[100.60434,13.95347],[100.6066,13.95372],[100.61046,13.95394],[100.6113,13.95401],[100.61119,13.95514],[100.61276,13.9552],[100.61959,13.95167],[100.62185,13.95053],[100.62255,13.95025],[100.62278,13.94875],[100.62324,13.94613]]]}},{"type":"Feature","properties":{"OBJECTID":37,"District":"1037","AMP_CODE":"37","PROV_CODE":"10","AMP_NAMT":"ราชเทวี","AMP_NAME":"RATCHATHEWI","AMP_NAMEN":"Ratchathewi","AMP_NAMC":"Ratchathewi","COLOR_IDX":0},"geometry":{"type":"Polygon","coordinates":[[[100.54642,13.76045],[100.54661,13.76044],[100.54706,13.7605],[100.54713,13.7605],[100.54722,13.76044],[100.54728,13.76033],[100.54734,13.75988],[100.54741,13.75981],[100.54808,13.75969],[100.54837,13.75949],[100.54858,13.75939],[100.5501,13.75884],[100.5504,13.75869],[100.55077,13.75835],[100.55151,13.75745],[100.55171,13.75702],[100.5521,13.75664],[100.55241,13.75605],[100.55247,13.75599],[100.55264,13.75597],[100.55285,13.75602],[100.55316,13.75605],[100.55377,13.7559],[100.5539,13.75594],[100.55403,13.75607],[100.5543,13.75614],[100.55491,13.75607],[100.55516,13.756],[100.55592,13.75606],[100.55621,13.75602],[100.55683,13.75584],[100.55719,13.75586],[100.55785,13.75577],[100.55876,13.7558],[100.55935,13.75576],[100.56021,13.75564],[100.56039,13.75563],[100.56047,13.75566],[100.56084,13.75565],[100.56185,13.75552],[100.56223,13.75552],[100.56387,13.75537],[100.56451,13.75525],[100.56497,13.75513],[100.56393,13.7505],[100.5633,13.74789],[100.56275,13.74794],[100.5609,13.7483],[100.55974,13.74844],[100.5589,13.74851],[100.55798,13.74847],[100.55683,13.74834],[100.55439,13.74833],[100.55413,13.74829],[100.55237,13.7484],[100.55174,13.74841],[100.55123,13.74835],[100.55008,13.7484],[100.54828,13.74841],[100.54706,13.7485],[100.54614,13.74866],[100.54613,13.74858],[100.54508,13.74867],[100.54348,13.74886],[100.54321,13.74894],[100.54298,13.74897],[100.54192,13.74932],[100.54101,13.74943],[100.53999,13.74948],[100.53902,13.74965],[100.53661,13.74972],[100.53612,13.74963],[100.53555,13.74941],[100.53499,13.7493],[100.53436,13.74924],[100.53345,13.74917],[100.5328,13.74916],[100.53124,13.74928],[100.53097,13.74932],[100.53008,13.74931],[100.52969,13.74936],[100.52775,13.74966],[100.52748,13.74967],[100.52699,13.74963],[100.52551,13.7493],[100.52535,13.7493],[100.52515,13.74936],[100.52451,13.74981],[100.5244,13.74989],[100.52305,13.75068],[100.52197,13.75127],[100.52183,13.75138],[100.5206,13.75212],[100.52048,13.75224],[100.52017,13.75243],[100.51976,13.75259],[100.51917,13.75273],[100.52092,13.75711],[100.52097,13.75725],[100.52142,13.75842],[100.52189,13.75954],[100.52363,13.7639],[100.52481,13.7667],[100.52582,13.76932],[100.52683,13.77183],[100.5276,13.77372],[100.52785,13.77426],[100.52789,13.77434],[100.52831,13.77404],[100.52869,13.77381],[100.5294,13.77323],[100.53007,13.7728],[100.53029,13.7727],[100.53043,13.77254],[100.53086,13.77224],[100.53118,13.77195],[100.53139,13.77179],[100.53274,13.7709],[100.5332,13.77054],[100.53363,13.77013],[100.53401,13.76992],[100.5349,13.76911],[100.53559,13.76853],[100.53576,13.76843],[100.53598,13.76838],[100.53623,13.76823],[100.53652,13.76777],[100.53714,13.7675],[100.53753,13.7669],[100.53804,13.76669],[100.53899,13.76601],[100.53942,13.76566],[100.53971,13.76548],[100.5401,13.7654],[100.54019,13.76527],[100.54036,13.76481],[100.54094,13.76462],[100.54127,13.76422],[100.54151,13.76404],[100.54211,13.76379],[100.54238,13.76375],[100.54273,13.76337],[100.54302,13.76292],[100.54343,13.76272],[100.5435,13.76267],[100.54395,13.76239],[100.54453,13.76185],[100.54496,13.76159],[100.54542,13.76141],[100.54549,13.76136],[100.54565,13.76115],[100.5459,13.76073],[100.54611,13.76056],[100.54642,13.76045]]]}},{"type":"Feature","properties":{"OBJECTID":38,"District":"1038","AMP_CODE":"38","PROV_CODE":"10","AMP_NAMT":"ลาดพร้าว","AMP_NAME":"LAT PHRAO","AMP_NAMEN":"Lat Phrao","AMP_NAMC":"Lat Phrao","COLOR_IDX":1},"geometry":{"type":"Polygon","coordinates":[[[100.60791,13.84923],[100.60864,13.84913],[100.60889,13.84917],[100.60984,13.84912],[100.60999,13.84919],[100.61019,13.84913],[100.61035,13.84922],[100.61042,13.84921],[100.61054,13.8491],[100.61065,13.84915],[100.61083,13.84911],[100.61108,13.84911],[100.61134,13.84919],[100.61166,13.84914],[100.61289,13.84913],[100.61321,13.84913],[100.61347,13.84917],[100.61364,13.84912],[100.614,13.84911],[100.61458,13.84903],[100.61604,13.8489],[100.61623,13.84894],[100.6165,13.84884],[100.61896,13.84854],[100.61972,13.84845],[100.62049,13.84822],[100.62078,13.8481],[100.62098,13.84795],[100.62157,13.8473],[100.62181,13.84713],[100.62209,13.84703],[100.62272,13.84664],[100.62313,13.84627],[100.62326,13.8461],[100.6235,13.84586],[100.62593,13.84461],[100.62669,13.84415],[100.62722,13.84389],[100.62795,13.84348],[100.62832,13.84318],[100.62846,13.84301],[100.62867,13.84269],[100.62875,13.84268],[100.62921,13.84266],[100.62954,13.84268],[100.6297,13.84273],[100.63094,13.84273],[100.63137,13.84272],[100.63193,13.84264],[100.63295,13.84255],[100.63517,13.84346],[100.63581,13.8437],[100.63608,13.84387],[100.63712,13.84467],[100.63541,13.84146],[100.63522,13.84103],[100.63495,13.84012],[100.63475,13.83963],[100.6343,13.83882],[100.63332,13.83729],[100.63284,13.83641],[100.63174,13.83459],[100.63129,13.83378],[100.63095,13.83308],[100.63047,13.83182],[100.63002,13.83037],[100.62933,13.82764],[100.62901,13.82672],[100.62857,13.82562],[100.62776,13.82376],[100.62634,13.82126],[100.62558,13.81984],[100.6252,13.81868],[100.62481,13.81793],[100.62448,13.8174],[100.62326,13.81559],[100.62269,13.81464],[100.62047,13.81124],[100.62014,13.81068],[100.61945,13.80934],[100.61789,13.80606],[100.61506,13.79977],[100.61439,13.79836],[100.61361,13.79643],[100.61289,13.79481],[100.61011,13.79497],[100.60708,13.7953],[100.60629,13.79532],[100.60569,13.79516],[100.60535,13.79517],[100.60194,13.79567],[100.59964,13.79613],[100.59935,13.79635],[100.59824,13.79736],[100.59721,13.79835],[100.59728,13.799],[100.59592,13.7993],[100.5964,13.80128],[100.59507,13.80162],[100.59287,13.80233],[100.59181,13.80259],[100.5904,13.80283],[100.58947,13.8028],[100.58838,13.80284],[100.58834,13.80298],[100.5888,13.80442],[100.58875,13.80568],[100.58882,13.80695],[100.58883,13.80824],[100.58895,13.80929],[100.58908,13.80989],[100.58913,13.81026],[100.58913,13.81049],[100.5889,13.81116],[100.58894,13.81118],[100.58895,13.81123],[100.5888,13.8117],[100.5887,13.81182],[100.58857,13.8125],[100.58861,13.81268],[100.58881,13.81306],[100.58901,13.81372],[100.58904,13.81401],[100.58902,13.81451],[100.58906,13.81512],[100.58932,13.81585],[100.58948,13.81666],[100.58952,13.817],[100.58952,13.81746],[100.5896,13.81806],[100.5893,13.8192],[100.58925,13.81956],[100.58924,13.82],[100.58931,13.82045],[100.58935,13.8216],[100.5894,13.82189],[100.58938,13.82294],[100.58914,13.82409],[100.58942,13.82518],[100.58957,13.82551],[100.58977,13.8269],[100.58975,13.82744],[100.58998,13.82898],[100.59001,13.8303],[100.5899,13.8308],[100.58985,13.83136],[100.58986,13.83201],[100.58992,13.8323],[100.59012,13.83354],[100.59072,13.83537],[100.59081,13.83582],[100.591,13.83642],[100.59111,13.83736],[100.59102,13.83857],[100.5909,13.83912],[100.59054,13.84043],[100.59031,13.84144],[100.58987,13.84393],[100.59073,13.84412],[100.59122,13.84428],[100.59275,13.84494],[100.59385,13.8453],[100.59561,13.8457],[100.59697,13.84581],[100.5976,13.84614],[100.59816,13.84619],[100.59862,13.84635],[100.5989,13.84636],[100.60065,13.84665],[100.6012,13.8467],[100.60236,13.84686],[100.60459,13.8483],[100.60583,13.84889],[100.60686,13.84925],[100.60738,13.84927],[100.60791,13.84923]]]}},{"type":"Feature","properties":{"OBJECTID":39,"District":"1039","AMP_CODE":"39","PROV_CODE":"10","AMP_NAMT":"วัฒนา","AMP_NAME":"VADHANA","AMP_NAMEN":"Vadhana","AMP_NAMC":"Vadhana","COLOR_IDX":3},"geometry":{"type":"Polygon","coordinates":[[[100.5609,13.7483],[100.56275,13.74794],[100.5633,13.74789],[100.56346,13.74788],[100.56368,13.7479],[100.56471,13.74774],[100.56753,13.74709],[100.56873,13.74688],[100.56892,13.7469],[100.57073,13.74652],[100.57245,13.74625],[100.5728,13.74618],[100.5742,13.74578],[100.57471,13.74568],[100.57544,13.7456],[100.57597,13.74552],[100.57742,13.74518],[100.57958,13.74479],[100.58182,13.74426],[100.58347,13.74379],[100.58617,13.74317],[100.58783,13.74292],[100.58923,13.7426],[100.5903,13.74242],[100.59347,13.7418],[100.59496,13.74157],[100.5963,13.74129],[100.59732,13.74114],[100.59766,13.74115],[100.59778,13.74121],[100.59815,13.74114],[100.59861,13.74091],[100.59881,13.74077],[100.59885,13.7407],[100.5989,13.74054],[100.59889,13.74035],[100.5984,13.73898],[100.59836,13.73878],[100.59837,13.73839],[100.59847,13.7383],[100.59877,13.73822],[100.59978,13.73812],[100.60072,13.73824],[100.60147,13.7381],[100.60178,13.73807],[100.60276,13.73803],[100.60372,13.73786],[100.6042,13.73783],[100.60502,13.73771],[100.60479,13.73652],[100.60455,13.73489],[100.60465,13.73295],[100.60459,13.73215],[100.60482,13.73059],[100.60487,13.7295],[100.60495,13.72848],[100.60503,13.72808],[100.60527,13.72735],[100.60537,13.72684],[100.6054,13.72638],[100.6054,13.72507],[100.60552,13.72358],[100.60562,13.72283],[100.60584,13.72198],[100.60592,13.72106],[100.60581,13.72082],[100.60562,13.72056],[100.60534,13.72028],[100.60528,13.72014],[100.60538,13.72002],[100.6059,13.71983],[100.60627,13.71961],[100.6067,13.7192],[100.60683,13.71897],[100.60684,13.71881],[100.60674,13.71864],[100.60651,13.71847],[100.60622,13.7183],[100.60619,13.71822],[100.60642,13.71749],[100.60665,13.71663],[100.6067,13.71635],[100.60667,13.71594],[100.60656,13.71568],[100.60659,13.71562],[100.60655,13.71521],[100.60618,13.71479],[100.6057,13.71416],[100.60543,13.71392],[100.60517,13.71388],[100.60462,13.7139],[100.60369,13.71374],[100.60287,13.71355],[100.60254,13.71344],[100.60228,13.71329],[100.60206,13.71296],[100.60198,13.71269],[100.60188,13.71205],[100.60188,13.71195],[100.60201,13.71193],[100.60227,13.71199],[100.60244,13.71211],[100.60257,13.71209],[100.60264,13.71201],[100.60273,13.71175],[100.60292,13.71154],[100.603,13.71137],[100.60321,13.71063],[100.60344,13.71036],[100.6035,13.71025],[100.60353,13.7099],[100.60369,13.7095],[100.60405,13.70917],[100.60429,13.70864],[100.60452,13.70847],[100.60465,13.70831],[100.60474,13.7081],[100.60478,13.70769],[100.60489,13.70764],[100.60507,13.70762],[100.60514,13.70758],[100.60518,13.70749],[100.60519,13.70713],[100.60545,13.70702],[100.60574,13.70651],[100.60166,13.70467],[100.60049,13.70698],[100.59957,13.70893],[100.59934,13.70933],[100.59893,13.70987],[100.59872,13.71008],[100.59785,13.71072],[100.59603,13.71195],[100.59191,13.71485],[100.58736,13.71808],[100.58452,13.72014],[100.5777,13.72498],[100.57035,13.73019],[100.569,13.73114],[100.56858,13.73139],[100.56612,13.73311],[100.56521,13.73375],[100.55668,13.73978],[100.55511,13.74092],[100.55379,13.74181],[100.55322,13.74212],[100.55248,13.74243],[100.55158,13.74267],[100.5507,13.74285],[100.55008,13.7484],[100.55123,13.74835],[100.55174,13.74841],[100.55237,13.7484],[100.55413,13.74829],[100.55439,13.74833],[100.55683,13.74834],[100.55798,13.74847],[100.5589,13.74851],[100.55974,13.74844],[100.5609,13.7483]]]}},{"type":"Feature","properties":{"OBJECTID":40,"District":"1040","AMP_CODE":"40","PROV_CODE":"10","AMP_NAMT":"บางแค","AMP_NAME":"BANG KHAE","AMP_NAMEN":"Bang Khae","AMP_NAMC":"Bang Khae","COLOR_IDX":2},"geometry":{"type":"Polygon","coordinates":[[[100.36528,13.75393],[100.36802,13.75383],[100.36821,13.75385],[100.36837,13.75392],[100.36911,13.7539],[100.37018,13.75379],[100.37029,13.75371],[100.37322,13.75368],[100.37383,13.75359],[100.37895,13.75327],[100.38217,13.7529],[100.38347,13.75271],[100.3861,13.75244],[100.38703,13.75231],[100.38977,13.752],[100.39316,13.75153],[100.39385,13.7514],[100.39709,13.75104],[100.39781,13.7509],[100.39947,13.75069],[100.40043,13.7505],[100.40119,13.75043],[100.40168,13.75035],[100.40196,13.75027],[100.40241,13.75021],[100.40344,13.74992],[100.40451,13.74978],[100.40525,13.74958],[100.40618,13.74944],[100.40734,13.74923],[100.40843,13.74908],[100.40953,13.7488],[100.4117,13.74835],[100.4129,13.74801],[100.41339,13.74793],[100.41336,13.74768],[100.41353,13.74545],[100.4137,13.74365],[100.41388,13.74222],[100.41391,13.74155],[100.41394,13.74129],[100.41407,13.74085],[100.41418,13.73997],[100.41423,13.73991],[100.41441,13.7388],[100.41501,13.7386],[100.41527,13.73845],[100.41597,13.73828],[100.41592,13.73815],[100.41551,13.73583],[100.41635,13.73571],[100.41667,13.73561],[100.41698,13.7342],[100.41776,13.73122],[100.41919,13.73135],[100.41969,13.73136],[100.42205,13.73161],[100.42483,13.73215],[100.42487,13.73206],[100.42486,13.73171],[100.425,13.7291],[100.42517,13.72669],[100.42537,13.72306],[100.4254,13.72299],[100.42541,13.72226],[100.42562,13.7185],[100.42569,13.71657],[100.42577,13.71562],[100.42577,13.71522],[100.42579,13.7151],[100.42582,13.7136],[100.42588,13.71342],[100.42593,13.71237],[100.42609,13.71062],[100.42621,13.70818],[100.42622,13.70738],[100.42626,13.70727],[100.42657,13.70108],[100.42668,13.69976],[100.42666,13.69936],[100.42668,13.69901],[100.42655,13.69802],[100.42668,13.6951],[100.42687,13.69316],[100.42704,13.69204],[100.42725,13.6909],[100.4274,13.69042],[100.4275,13.68993],[100.42772,13.68857],[100.42782,13.68761],[100.42523,13.68615],[100.42506,13.686],[100.42461,13.68569],[100.42373,13.68529],[100.42341,13.6851],[100.42317,13.68492],[100.42257,13.68459],[100.4222,13.68432],[100.421,13.68369],[100.42009,13.68316],[100.41947,13.68288],[100.4192,13.68268],[100.41883,13.68252],[100.41843,13.68228],[100.4176,13.68187],[100.41758,13.68183],[100.41667,13.68145],[100.41613,13.68113],[100.41579,13.68098],[100.41538,13.68073],[100.41484,13.68048],[100.41427,13.68017],[100.41255,13.67938],[100.40928,13.67761],[100.40675,13.67636],[100.40586,13.67587],[100.40576,13.67585],[100.40505,13.67555],[100.40408,13.67502],[100.40405,13.67499],[100.40203,13.67395],[100.40014,13.67307],[100.3996,13.67275],[100.39831,13.67214],[100.39752,13.67168],[100.39611,13.67101],[100.39554,13.6707],[100.39488,13.67041],[100.39368,13.66948],[100.39276,13.66905],[100.39204,13.66881],[100.39066,13.66872],[100.38957,13.66845],[100.38909,13.66828],[100.3888,13.66814],[100.38839,13.66804],[100.38794,13.66934],[100.38756,13.6703],[100.38742,13.67045],[100.38714,13.67062],[100.38646,13.67091],[100.38523,13.67125],[100.38484,13.6714],[100.38484,13.67269],[100.38525,13.67568],[100.38525,13.67588],[100.38405,13.67913],[100.38375,13.68003],[100.38291,13.68374],[100.38284,13.68419],[100.38268,13.68615],[100.38227,13.6885],[100.38198,13.6891],[100.3819,13.68934],[100.3816,13.69084],[100.38149,13.69133],[100.38134,13.69174],[100.3807,13.69314],[100.37949,13.69561],[100.37718,13.70057],[100.37668,13.70166],[100.37389,13.70746],[100.37348,13.70813],[100.37306,13.70908],[100.37257,13.71009],[100.37214,13.71112],[100.37095,13.71363],[100.37043,13.71462],[100.3701,13.71538],[100.36865,13.71837],[100.36851,13.71872],[100.36648,13.72308],[100.36596,13.72404],[100.36498,13.72633],[100.36336,13.72957],[100.36254,13.73131],[100.362,13.73235],[100.36112,13.7344],[100.36042,13.73575],[100.35936,13.738],[100.35858,13.73964],[100.3581,13.74076],[100.35723,13.74249],[100.35644,13.74425],[100.35574,13.74556],[100.35557,13.74599],[100.35491,13.74731],[100.35337,13.75065],[100.3527,13.75196],[100.35268,13.75216],[100.35301,13.7522],[100.35587,13.75267],[100.35731,13.75297],[100.359,13.75321],[100.36119,13.75363],[100.36244,13.75383],[100.36304,13.7539],[100.36528,13.75393]]]}},{"type":"Feature","properties":{"OBJECTID":41,"District":"1041","AMP_CODE":"41","PROV_CODE":"10","AMP_NAMT":"หลักสี่","AMP_NAME":"LAK SI","AMP_NAMEN":"Lak Si","AMP_NAMC":"Lak Si","COLOR_IDX":1},"geometry":{"type":"Polygon","coordinates":[[[100.58435,13.89049],[100.5846,13.89041],[100.5847,13.89053],[100.58485,13.89044],[100.5854,13.89026],[100.58682,13.89001],[100.58703,13.88984],[100.58712,13.8897],[100.5872,13.88965],[100.58794,13.88938],[100.58824,13.88937],[100.58864,13.88955],[100.58881,13.88957],[100.59032,13.88931],[100.59205,13.88874],[100.5931,13.88835],[100.59461,13.88774],[100.59481,13.88763],[100.5947,13.88748],[100.59397,13.88673],[100.59067,13.88303],[100.59006,13.8824],[100.5892,13.88139],[100.58857,13.88048],[100.58814,13.87962],[100.588,13.87874],[100.58785,13.87601],[100.58771,13.8745],[100.58765,13.87413],[100.58766,13.87367],[100.5876,13.87267],[100.58739,13.87044],[100.58741,13.86997],[100.5872,13.86819],[100.58702,13.86557],[100.5868,13.86325],[100.58676,13.86185],[100.58668,13.86164],[100.58664,13.8614],[100.58652,13.8601],[100.58648,13.85904],[100.58655,13.85893],[100.58628,13.85893],[100.58625,13.85891],[100.58624,13.85883],[100.58573,13.85849],[100.58561,13.85844],[100.5851,13.85837],[100.58419,13.85829],[100.58384,13.85822],[100.58373,13.85817],[100.5836,13.85804],[100.58345,13.85798],[100.58326,13.85796],[100.58216,13.85794],[100.58155,13.85801],[100.5803,13.85783],[100.57875,13.85767],[100.57737,13.85746],[100.57704,13.85749],[100.57595,13.85744],[100.57465,13.85708],[100.57405,13.857],[100.57374,13.85703],[100.57316,13.8569],[100.57261,13.85668],[100.57238,13.85663],[100.57066,13.85639],[100.57011,13.85639],[100.56916,13.85644],[100.56878,13.85639],[100.56814,13.85622],[100.56759,13.85614],[100.56739,13.85606],[100.56675,13.85598],[100.56634,13.85583],[100.56512,13.85551],[100.56463,13.8554],[100.56389,13.85528],[100.56371,13.85518],[100.56355,13.85518],[100.56345,13.85521],[100.56341,13.85511],[100.56291,13.85513],[100.56261,13.85509],[100.56175,13.8549],[100.56129,13.85478],[100.5579,13.85413],[100.55702,13.8539],[100.5544,13.85305],[100.55267,13.85265],[100.55208,13.85238],[100.55119,13.85215],[100.54907,13.85142],[100.54763,13.851],[100.54532,13.85025],[100.54427,13.84999],[100.54392,13.84985],[100.54363,13.84963],[100.54418,13.85179],[100.54466,13.8539],[100.54513,13.85576],[100.54528,13.8565],[100.54651,13.86176],[100.54679,13.86303],[100.54688,13.86321],[100.55105,13.88099],[100.55502,13.89817],[100.55639,13.90387],[100.55889,13.91446],[100.55925,13.91436],[100.56143,13.91389],[100.56203,13.91367],[100.56302,13.9134],[100.56318,13.91333],[100.56477,13.91216],[100.56561,13.91158],[100.56647,13.91084],[100.56802,13.90927],[100.56855,13.90888],[100.57179,13.90695],[100.57411,13.90562],[100.57501,13.90516],[100.57526,13.90507],[100.57569,13.90499],[100.57626,13.90483],[100.57924,13.90388],[100.57954,13.90366],[100.58639,13.89998],[100.5874,13.89943],[100.58759,13.8993],[100.58692,13.89813],[100.5866,13.89745],[100.58635,13.89708],[100.58638,13.89706],[100.58459,13.89375],[100.58414,13.89297],[100.58362,13.89198],[100.58292,13.89079],[100.58288,13.89067],[100.58301,13.89063],[100.58342,13.89063],[100.58435,13.89049]]]}},{"type":"Feature","properties":{"OBJECTID":42,"District":"1042","AMP_CODE":"42","PROV_CODE":"10","AMP_NAMT":"สายไหม","AMP_NAME":"SAI MAI","AMP_NAMEN":"Sai Mai","AMP_NAMC":"Sai Mai","COLOR_IDX":1},"geometry":{"type":"Polygon","coordinates":[[[100.6632,13.9304],[100.66583,13.93034],[100.66765,13.93037],[100.66999,13.93048],[100.68032,13.93079],[100.68381,13.93086],[100.68538,13.93094],[100.68978,13.93103],[100.6898,13.93011],[100.68973,13.92901],[100.6894,13.92728],[100.68933,13.92666],[100.68932,13.9259],[100.68922,13.92571],[100.68889,13.92538],[100.68869,13.92506],[100.68857,13.92463],[100.68849,13.92383],[100.68843,13.92372],[100.68806,13.92331],[100.68793,13.92308],[100.68739,13.92177],[100.68722,13.92122],[100.68711,13.92068],[100.68711,13.92034],[100.6873,13.91866],[100.68756,13.91746],[100.6875,13.91721],[100.68683,13.91625],[100.68695,13.91625],[100.68679,13.916],[100.68611,13.91518],[100.6856,13.91472],[100.68502,13.91433],[100.68467,13.91414],[100.68432,13.91402],[100.68409,13.91378],[100.68387,13.91365],[100.68379,13.91354],[100.6837,13.91338],[100.68378,13.91277],[100.68374,13.91232],[100.68367,13.91198],[100.68364,13.91152],[100.68372,13.9114],[100.68387,13.9113],[100.68518,13.9107],[100.68574,13.91041],[100.68635,13.90995],[100.68679,13.90955],[100.68697,13.90935],[100.6871,13.90904],[100.68702,13.90839],[100.68708,13.90779],[100.68777,13.90594],[100.6882,13.90515],[100.68869,13.90441],[100.68897,13.90403],[100.68938,13.90358],[100.68949,13.9034],[100.69025,13.90176],[100.69044,13.90125],[100.69056,13.9006],[100.6907,13.90033],[100.69083,13.90011],[100.69171,13.89912],[100.6919,13.89886],[100.6921,13.89851],[100.69229,13.8981],[100.69237,13.89774],[100.69236,13.8971],[100.69232,13.8966],[100.69197,13.89468],[100.69192,13.89361],[100.69187,13.89321],[100.69161,13.8918],[100.69148,13.89074],[100.69147,13.88983],[100.69141,13.8891],[100.69138,13.8883],[100.69138,13.88768],[100.69148,13.88726],[100.6916,13.88711],[100.69198,13.8869],[100.69211,13.88673],[100.69199,13.8865],[100.69106,13.88586],[100.69052,13.8854],[100.69033,13.88515],[100.69012,13.88471],[100.68966,13.88313],[100.68953,13.88252],[100.68941,13.88163],[100.68946,13.88138],[100.68995,13.88033],[100.69001,13.87993],[100.68993,13.8797],[100.68971,13.87948],[100.68872,13.87906],[100.68827,13.87878],[100.68808,13.87862],[100.688,13.8785],[100.6878,13.87833],[100.68751,13.87802],[100.68719,13.87762],[100.68664,13.87671],[100.68626,13.87615],[100.68563,13.87565],[100.68543,13.87555],[100.68499,13.87519],[100.6848,13.87501],[100.6846,13.87463],[100.6845,13.87425],[100.68422,13.87428],[100.684,13.87448],[100.68372,13.87494],[100.68357,13.87566],[100.68352,13.87582],[100.68295,13.87641],[100.68265,13.8768],[100.68196,13.87753],[100.68175,13.87782],[100.68152,13.87866],[100.68136,13.87963],[100.68131,13.87968],[100.68092,13.87967],[100.6801,13.87952],[100.67959,13.87949],[100.67834,13.87948],[100.67793,13.8796],[100.67784,13.8796],[100.67658,13.87936],[100.67623,13.87925],[100.676,13.87913],[100.67581,13.87911],[100.67564,13.87918],[100.67537,13.87954],[100.67527,13.87961],[100.67452,13.88006],[100.67414,13.88055],[100.67381,13.8811],[100.6734,13.88112],[100.67316,13.88092],[100.67299,13.88066],[100.67258,13.87972],[100.67253,13.87968],[100.67236,13.87975],[100.67163,13.88021],[100.67104,13.8805],[100.67055,13.88068],[100.66978,13.88106],[100.66958,13.88111],[100.66934,13.88113],[100.66918,13.88108],[100.66907,13.881],[100.66895,13.88082],[100.66884,13.88057],[100.66841,13.88041],[100.66818,13.88038],[100.66774,13.8804],[100.66715,13.88037],[100.66683,13.88038],[100.66649,13.88047],[100.66596,13.88084],[100.66573,13.88096],[100.66549,13.88101],[100.66481,13.88107],[100.66478,13.88099],[100.66475,13.88034],[100.66461,13.88002],[100.6645,13.87985],[100.66432,13.87965],[100.66388,13.87933],[100.66346,13.87911],[100.66253,13.87885],[100.66193,13.87876],[100.66182,13.87876],[100.6607,13.8791],[100.6604,13.8792],[100.66039,13.87923],[100.66032,13.87923],[100.65959,13.87949],[100.65912,13.87968],[100.65754,13.88038],[100.65678,13.8809],[100.65619,13.88151],[100.65599,13.88175],[100.65578,13.88248],[100.65569,13.88294],[100.6557,13.88311],[100.65568,13.88339],[100.65553,13.88427],[100.65542,13.88476],[100.65537,13.88541],[100.65534,13.88558],[100.65522,13.88563],[100.65442,13.88554],[100.65423,13.88554],[100.65405,13.88557],[100.6539,13.88565],[100.65378,13.88581],[100.65378,13.88594],[100.65386,13.88608],[100.65385,13.88613],[100.65364,13.88626],[100.6536,13.88624],[100.65353,13.8861],[100.65345,13.88608],[100.65311,13.88638],[100.65304,13.88632],[100.65295,13.88578],[100.65268,13.88538],[100.65259,13.88517],[100.65265,13.88487],[100.6527,13.88376],[100.65268,13.88354],[100.65269,13.88316],[100.65263,13.88295],[100.65251,13.88293],[100.6497,13.88288],[100.64735,13.88291],[100.64455,13.88286],[100.64425,13.88276],[100.64324,13.88315],[100.64309,13.88324],[100.64312,13.88444],[100.64307,13.88541],[100.64302,13.8856],[100.64295,13.88573],[100.64279,13.88582],[100.64247,13.8859],[100.64179,13.88598],[100.64151,13.88604],[100.6409,13.88643],[100.64075,13.88656],[100.64037,13.88674],[100.6402,13.88675],[100.64003,13.88674],[100.63966,13.88663],[100.63874,13.88618],[100.63716,13.88562],[100.63695,13.88559],[100.63665,13.88562],[100.63615,13.88549],[100.63554,13.88547],[100.63398,13.88516],[100.63373,13.8852],[100.63328,13.88542],[100.63303,13.88561],[100.63265,13.8858],[100.63217,13.8858],[100.63146,13.88568],[100.63058,13.8856],[100.62954,13.88554],[100.62868,13.88509],[100.62788,13.88477],[100.62695,13.88423],[100.62653,13.88415],[100.62541,13.88414],[100.62535,13.88337],[100.62521,13.88336],[100.62466,13.88341],[100.62445,13.88305],[100.62434,13.88299],[100.62407,13.88295],[100.62388,13.88294],[100.62313,13.88303],[100.62299,13.88307],[100.62259,13.88336],[100.62237,13.88346],[100.62089,13.88388],[100.61975,13.88416],[100.61927,13.88424],[100.61874,13.88443],[100.61826,13.88462],[100.61825,13.88476],[100.61749,13.88508],[100.61745,13.88496],[100.61682,13.88532],[100.61621,13.88562],[100.61566,13.88576],[100.61491,13.88589],[100.61369,13.88601],[100.61325,13.88595],[100.61237,13.88622],[100.61124,13.88662],[100.61087,13.88677],[100.61083,13.88685],[100.61043,13.88705],[100.60962,13.88758],[100.60934,13.88781],[100.60886,13.88833],[100.60881,13.88842],[100.6088,13.88853],[100.60895,13.88901],[100.60906,13.88922],[100.60975,13.89033],[100.61007,13.89092],[100.61045,13.89139],[100.61136,13.89237],[100.61134,13.89245],[100.611,13.8928],[100.61045,13.89364],[100.60986,13.89431],[100.60921,13.89492],[100.6087,13.8957],[100.61073,13.89915],[100.61113,13.89978],[100.61287,13.90282],[100.61532,13.90699],[100.61846,13.91222],[100.62205,13.91833],[100.62272,13.9195],[100.62504,13.92338],[100.62578,13.92458],[100.62641,13.92566],[100.62651,13.92586],[100.62659,13.92613],[100.62665,13.92639],[100.62668,13.92675],[100.62666,13.92709],[100.62656,13.92765],[100.62446,13.9397],[100.62405,13.94174],[100.62324,13.94613],[100.62278,13.94875],[100.62255,13.95025],[100.62346,13.94974],[100.62406,13.94931],[100.6243,13.94906],[100.62451,13.94879],[100.62471,13.94848],[100.62492,13.94796],[100.62502,13.94762],[100.62504,13.94727],[100.62496,13.94451],[100.62484,13.94239],[100.6248,13.94087],[100.62476,13.94048],[100.62476,13.938],[100.63976,13.93738],[100.63962,13.9344],[100.63959,13.93308],[100.63961,13.93237],[100.63965,13.93227],[100.63974,13.93213],[100.64006,13.93186],[100.64063,13.93152],[100.64088,13.93141],[100.64153,13.93131],[100.64347,13.93124],[100.64936,13.93096],[100.655,13.93077],[100.6574,13.93063],[100.66171,13.93048],[100.6632,13.9304]]]}},{"type":"Feature","properties":{"OBJECTID":43,"District":"1043","AMP_CODE":"43","PROV_CODE":"10","AMP_NAMT":"คันนายาว","AMP_NAME":"KHAN NA YAO","AMP_NAMEN":"Khan Na Yao","AMP_NAMC":"Khan Na Yao","COLOR_IDX":3},"geometry":{"type":"Polygon","coordinates":[[[100.6738,13.85506],[100.67083,13.85353],[100.67076,13.85342],[100.67082,13.85282],[100.67097,13.85257],[100.67124,13.85248],[100.67232,13.85234],[100.67334,13.85235],[100.67396,13.85222],[100.67452,13.85212],[100.67481,13.85204],[100.67633,13.85176],[100.67688,13.85163],[100.67709,13.85155],[100.67733,13.85144],[100.67766,13.85124],[100.67851,13.85061],[100.67877,13.85049],[100.67987,13.85035],[100.68026,13.85021],[100.68067,13.84997],[100.68083,13.84982],[100.68131,13.8496],[100.68165,13.84948],[100.68243,13.84907],[100.68314,13.84864],[100.68385,13.84813],[100.68389,13.84798],[100.68428,13.84713],[100.68458,13.84665],[100.68496,13.84616],[100.68557,13.84524],[100.68588,13.84447],[100.68593,13.84418],[100.68612,13.84366],[100.68628,13.84293],[100.68642,13.84173],[100.68669,13.84094],[100.68679,13.84061],[100.68681,13.84042],[100.68722,13.83955],[100.68781,13.83864],[100.68799,13.83791],[100.6881,13.83703],[100.68834,13.83594],[100.68834,13.8358],[100.68829,13.83565],[100.68811,13.83541],[100.68788,13.83499],[100.68787,13.83486],[100.68794,13.83464],[100.68802,13.83453],[100.68883,13.83398],[100.68957,13.83338],[100.69026,13.83288],[100.69038,13.83267],[100.69064,13.83235],[100.69076,13.83205],[100.69085,13.83169],[100.69087,13.83134],[100.69094,13.83097],[100.69109,13.83081],[100.69163,13.83049],[100.69192,13.83022],[100.6922,13.82972],[100.69266,13.82878],[100.69385,13.82679],[100.69448,13.82546],[100.69485,13.82477],[100.6953,13.82417],[100.69548,13.82364],[100.69543,13.82363],[100.69548,13.82327],[100.6954,13.82241],[100.69542,13.82218],[100.69554,13.8217],[100.69574,13.82135],[100.69622,13.82076],[100.69693,13.82046],[100.69704,13.82022],[100.69692,13.81948],[100.69691,13.81925],[100.69684,13.81892],[100.69676,13.81824],[100.69668,13.81788],[100.6966,13.81718],[100.69678,13.81549],[100.69681,13.81528],[100.69679,13.81518],[100.6969,13.81461],[100.69753,13.81267],[100.69762,13.81251],[100.6981,13.81185],[100.69854,13.81146],[100.69936,13.81082],[100.69998,13.81046],[100.70078,13.81008],[100.70102,13.80991],[100.70132,13.80968],[100.70174,13.8093],[100.70186,13.80914],[100.70206,13.80852],[100.70215,13.80766],[100.70216,13.80745],[100.70212,13.8072],[100.70197,13.80669],[100.70152,13.80585],[100.70122,13.80541],[100.70093,13.80509],[100.70056,13.80458],[100.70088,13.80399],[100.70175,13.80277],[100.70236,13.8017],[100.70353,13.79994],[100.70438,13.79861],[100.70476,13.79795],[100.70496,13.79768],[100.70194,13.79601],[100.70104,13.79561],[100.6999,13.79495],[100.6994,13.79463],[100.69914,13.79442],[100.69681,13.79314],[100.6957,13.79259],[100.69478,13.79203],[100.6937,13.79145],[100.69275,13.79088],[100.69228,13.79067],[100.69138,13.79016],[100.69087,13.78993],[100.69011,13.78942],[100.68972,13.78922],[100.68965,13.78914],[100.68899,13.78877],[100.68822,13.78841],[100.68722,13.78785],[100.68504,13.78671],[100.68444,13.78639],[100.68348,13.78582],[100.68185,13.78495],[100.68111,13.78445],[100.67992,13.78385],[100.67939,13.7835],[100.67891,13.78325],[100.67824,13.78294],[100.67732,13.78242],[100.67656,13.78195],[100.67578,13.78152],[100.67514,13.78121],[100.6748,13.78196],[100.6738,13.78383],[100.67657,13.78674],[100.67566,13.78814],[100.67552,13.78833],[100.6753,13.78875],[100.6751,13.78899],[100.67465,13.79012],[100.67431,13.79128],[100.67425,13.79162],[100.6742,13.79256],[100.67412,13.79309],[100.67373,13.79486],[100.6736,13.79609],[100.67354,13.79632],[100.6726,13.79814],[100.67213,13.79881],[100.67118,13.80007],[100.67092,13.8006],[100.67026,13.80167],[100.6699,13.80237],[100.66979,13.80262],[100.66943,13.80385],[100.66868,13.80567],[100.66762,13.80532],[100.66665,13.8051],[100.66562,13.80727],[100.66525,13.80776],[100.66518,13.80803],[100.66486,13.80818],[100.66455,13.80895],[100.66403,13.81],[100.66346,13.80981],[100.66317,13.80976],[100.66304,13.80978],[100.66291,13.80995],[100.66285,13.81022],[100.66288,13.81072],[100.663,13.81131],[100.66302,13.81167],[100.66297,13.81262],[100.66254,13.81406],[100.66234,13.81443],[100.66218,13.81465],[100.66207,13.81504],[100.66162,13.81593],[100.66138,13.81671],[100.66112,13.81744],[100.66096,13.81816],[100.66091,13.81871],[100.66079,13.81939],[100.66078,13.81997],[100.66083,13.82023],[100.66089,13.82114],[100.66083,13.82143],[100.66041,13.8226],[100.66023,13.82343],[100.66013,13.82443],[100.66022,13.82464],[100.6603,13.82474],[100.66086,13.82518],[100.66119,13.82547],[100.66127,13.82578],[100.6613,13.82629],[100.66143,13.82706],[100.6615,13.82837],[100.66166,13.82966],[100.66159,13.83039],[100.66162,13.83087],[100.66161,13.83153],[100.66149,13.83213],[100.66142,13.83348],[100.65942,13.83325],[100.65791,13.83299],[100.65783,13.83317],[100.65742,13.83552],[100.65739,13.83556],[100.6573,13.83557],[100.65624,13.83547],[100.65404,13.83537],[100.65357,13.8351],[100.6531,13.83493],[100.64973,13.83412],[100.6486,13.83389],[100.64869,13.83465],[100.64866,13.83544],[100.64867,13.83655],[100.64851,13.83759],[100.64854,13.83848],[100.64851,13.83919],[100.64839,13.84025],[100.64802,13.84195],[100.64773,13.84417],[100.65021,13.84483],[100.65016,13.8451],[100.6484,13.84603],[100.64599,13.84737],[100.64749,13.84757],[100.64815,13.84762],[100.64817,13.84758],[100.64791,13.84666],[100.64873,13.84621],[100.6492,13.84633],[100.64978,13.84634],[100.65004,13.84639],[100.65028,13.84649],[100.65054,13.84654],[100.65208,13.84698],[100.65297,13.84685],[100.65555,13.84749],[100.65585,13.84758],[100.65639,13.84782],[100.65665,13.84783],[100.65692,13.84789],[100.65719,13.84783],[100.65785,13.84775],[100.65864,13.84776],[100.65889,13.84861],[100.65886,13.84879],[100.65873,13.84902],[100.65872,13.84921],[100.65847,13.84957],[100.65836,13.84955],[100.65832,13.84962],[100.65817,13.85039],[100.6582,13.85075],[100.65808,13.85161],[100.6583,13.85239],[100.65902,13.85239],[100.66082,13.85257],[100.66114,13.85258],[100.66189,13.85377],[100.66219,13.85435],[100.66249,13.85482],[100.66279,13.85535],[100.6629,13.85567],[100.66311,13.85597],[100.6632,13.85603],[100.66372,13.85559],[100.66397,13.8552],[100.66417,13.85502],[100.66445,13.85482],[100.66475,13.85469],[100.66494,13.85482],[100.66514,13.85504],[100.66562,13.85542],[100.6663,13.85584],[100.66708,13.85621],[100.66809,13.85658],[100.66899,13.85683],[100.66968,13.85696],[100.67054,13.857],[100.6709,13.85707],[100.67157,13.85714],[100.67202,13.85726],[100.6725,13.85714],[100.67303,13.85708],[100.67393,13.85691],[100.67523,13.85654],[100.67546,13.85638],[100.67529,13.85625],[100.67471,13.85567],[100.6738,13.85506]]]}},{"type":"Feature","properties":{"OBJECTID":44,"District":"1044","AMP_CODE":"44","PROV_CODE":"10","AMP_NAMT":"สะพานสูง","AMP_NAME":"SAPHAN SUNG","AMP_NAMEN":"Saphan Sung","AMP_NAMC":"Saphan Sung","COLOR_IDX":0},"geometry":{"type":"Polygon","coordinates":[[[100.70732,13.75652],[100.70838,13.75637],[100.70982,13.7565],[100.70986,13.7564],[100.70981,13.75629],[100.70979,13.75614],[100.70979,13.75536],[100.70972,13.75486],[100.70962,13.75324],[100.70955,13.7526],[100.70932,13.74884],[100.70923,13.74808],[100.70924,13.74749],[100.70915,13.74459],[100.70904,13.74341],[100.70897,13.74167],[100.70881,13.73945],[100.70886,13.73864],[100.70885,13.73849],[100.70874,13.73812],[100.70871,13.73789],[100.70865,13.73603],[100.70858,13.73499],[100.70842,13.7333],[100.70839,13.7325],[100.70622,13.73266],[100.70356,13.73295],[100.70115,13.7333],[100.69459,13.73386],[100.67787,13.73568],[100.67566,13.73595],[100.67437,13.73617],[100.66757,13.7372],[100.66536,13.73742],[100.66301,13.73756],[100.65901,13.73786],[100.6591,13.73804],[100.65918,13.73827],[100.65923,13.73837],[100.65957,13.73861],[100.65975,13.7387],[100.66129,13.73928],[100.66208,13.73963],[100.66249,13.73993],[100.6627,13.74005],[100.66288,13.74011],[100.66342,13.74012],[100.66351,13.74092],[100.66344,13.74122],[100.66312,13.74183],[100.6631,13.74208],[100.66314,13.74224],[100.66326,13.74244],[100.66362,13.74283],[100.66431,13.74293],[100.66449,13.74308],[100.66456,13.74317],[100.66465,13.74348],[100.66468,13.74374],[100.66522,13.74515],[100.66541,13.74589],[100.66586,13.74631],[100.6661,13.7467],[100.66627,13.74683],[100.66677,13.74708],[100.66732,13.74728],[100.66873,13.7477],[100.67003,13.74758],[100.67022,13.7476],[100.67049,13.74769],[100.67069,13.74779],[100.67101,13.74805],[100.67138,13.74862],[100.67191,13.74914],[100.67219,13.74931],[100.67248,13.7494],[100.67281,13.74937],[100.67411,13.74882],[100.67508,13.74852],[100.67537,13.74852],[100.67616,13.74862],[100.67734,13.74901],[100.67751,13.74912],[100.67767,13.74931],[100.67798,13.74978],[100.6782,13.75046],[100.67875,13.75145],[100.67903,13.75205],[100.67861,13.75217],[100.67733,13.7527],[100.67533,13.75357],[100.67391,13.75422],[100.67301,13.75457],[100.67223,13.75491],[100.6703,13.75585],[100.66995,13.75605],[100.66974,13.75624],[100.66967,13.75637],[100.66964,13.75657],[100.66961,13.75879],[100.6695,13.7598],[100.66949,13.7606],[100.66945,13.76098],[100.66948,13.76131],[100.66942,13.76158],[100.66937,13.76334],[100.66927,13.76373],[100.66927,13.76408],[100.66903,13.76497],[100.66893,13.76546],[100.66886,13.76635],[100.6688,13.76662],[100.66865,13.76705],[100.66827,13.76791],[100.66555,13.77354],[100.66529,13.77396],[100.66478,13.77511],[100.66462,13.77537],[100.66494,13.77558],[100.66636,13.77638],[100.66722,13.77692],[100.66836,13.77743],[100.67091,13.77892],[100.67153,13.77921],[100.67329,13.78023],[100.67514,13.78121],[100.67578,13.78152],[100.67656,13.78195],[100.67732,13.78242],[100.67824,13.78294],[100.67891,13.78325],[100.67939,13.7835],[100.67992,13.78385],[100.68111,13.78445],[100.68185,13.78495],[100.68348,13.78582],[100.68444,13.78639],[100.68504,13.78671],[100.68722,13.78785],[100.68822,13.78841],[100.68899,13.78877],[100.68965,13.78914],[100.68972,13.78922],[100.69011,13.78942],[100.69087,13.78993],[100.69138,13.79016],[100.69228,13.79067],[100.69275,13.79088],[100.6937,13.79145],[100.69478,13.79203],[100.6957,13.79259],[100.69681,13.79314],[100.69914,13.79442],[100.6994,13.79463],[100.6999,13.79495],[100.70104,13.79561],[100.70194,13.79601],[100.70496,13.79768],[100.70608,13.79833],[100.70768,13.79566],[100.70929,13.7928],[100.71036,13.79106],[100.71104,13.78973],[100.71201,13.7881],[100.71349,13.7855],[100.71412,13.78432],[100.71472,13.78327],[100.71511,13.78239],[100.71527,13.78189],[100.71545,13.78166],[100.71541,13.78141],[100.71542,13.78113],[100.71554,13.78057],[100.71558,13.78004],[100.71567,13.77976],[100.71582,13.77949],[100.71619,13.77854],[100.7164,13.77811],[100.71659,13.7775],[100.71668,13.77711],[100.71666,13.77655],[100.71643,13.77435],[100.71644,13.77398],[100.71635,13.77254],[100.71623,13.77207],[100.71608,13.77169],[100.71527,13.77017],[100.71514,13.76996],[100.71455,13.76926],[100.71411,13.76841],[100.71314,13.76676],[100.71284,13.76606],[100.71275,13.76573],[100.71255,13.76528],[100.71212,13.76476],[100.71141,13.76401],[100.71119,13.76373],[100.71077,13.76306],[100.71043,13.76244],[100.71012,13.76204],[100.7096,13.7616],[100.70925,13.76116],[100.70903,13.76082],[100.70852,13.76001],[100.70831,13.75961],[100.7076,13.75866],[100.70711,13.75793],[100.7068,13.75741],[100.70661,13.75676],[100.70689,13.75669],[100.70732,13.75652]]]}},{"type":"Feature","properties":{"OBJECTID":45,"District":"1045","AMP_CODE":"45","PROV_CODE":"10","AMP_NAMT":"วังทองหลาง","AMP_NAME":"WANG THONGLANG","AMP_NAMEN":"Wang Thonglang","AMP_NAMC":"Wang Thonglang","COLOR_IDX":0},"geometry":{"type":"Polygon","coordinates":[[[100.58838,13.80284],[100.58947,13.8028],[100.5904,13.80283],[100.59181,13.80259],[100.59287,13.80233],[100.59507,13.80162],[100.5964,13.80128],[100.59592,13.7993],[100.59728,13.799],[100.59721,13.79835],[100.59824,13.79736],[100.59935,13.79635],[100.59964,13.79613],[100.60194,13.79567],[100.60535,13.79517],[100.60569,13.79516],[100.60629,13.79532],[100.60708,13.7953],[100.61011,13.79497],[100.61289,13.79481],[100.61361,13.79643],[100.61439,13.79836],[100.61506,13.79977],[100.61542,13.79954],[100.61588,13.79935],[100.61625,13.79932],[100.61869,13.79951],[100.61948,13.7995],[100.61976,13.79959],[100.62212,13.79987],[100.62364,13.80022],[100.62417,13.79739],[100.62418,13.7971],[100.62439,13.79639],[100.62444,13.79586],[100.62464,13.79517],[100.62485,13.79381],[100.62516,13.79232],[100.6256,13.78952],[100.62591,13.7881],[100.62905,13.7887],[100.6292,13.78804],[100.62934,13.78758],[100.63065,13.78415],[100.6303,13.78026],[100.6302,13.77966],[100.62954,13.77662],[100.6294,13.77578],[100.62925,13.77509],[100.62827,13.77565],[100.62833,13.77516],[100.62893,13.77253],[100.62885,13.77214],[100.62885,13.77196],[100.62917,13.77032],[100.62931,13.76982],[100.62947,13.76907],[100.62995,13.76662],[100.63049,13.76325],[100.62925,13.763],[100.62775,13.76294],[100.62768,13.76301],[100.62718,13.76296],[100.62714,13.76295],[100.62713,13.7629],[100.62541,13.76265],[100.6238,13.76249],[100.62297,13.76238],[100.62203,13.76234],[100.62095,13.76221],[100.6204,13.76212],[100.62019,13.76203],[100.61932,13.76189],[100.61925,13.76184],[100.61852,13.76175],[100.61678,13.76166],[100.61525,13.76127],[100.61452,13.7609],[100.61425,13.76068],[100.61403,13.76058],[100.61308,13.75948],[100.61207,13.75849],[100.61087,13.75739],[100.61042,13.75712],[100.61,13.75675],[100.60854,13.75527],[100.6065,13.75342],[100.60558,13.75264],[100.6041,13.7512],[100.60376,13.75169],[100.5995,13.75576],[100.59894,13.7564],[100.5984,13.75679],[100.59803,13.75719],[100.59784,13.75744],[100.59661,13.7596],[100.59614,13.7605],[100.59553,13.76138],[100.59508,13.76215],[100.59491,13.76259],[100.59477,13.7631],[100.59474,13.76349],[100.59468,13.76367],[100.5947,13.76381],[100.59482,13.76399],[100.5948,13.76417],[100.59489,13.76475],[100.5949,13.76525],[100.59478,13.76613],[100.59457,13.76686],[100.59382,13.76868],[100.59316,13.77262],[100.59313,13.77334],[100.59313,13.77411],[100.59319,13.77478],[100.59336,13.77546],[100.59357,13.77658],[100.59361,13.77713],[100.59358,13.77888],[100.59352,13.77942],[100.59343,13.77976],[100.59213,13.78162],[100.59197,13.78202],[100.59146,13.78376],[100.59111,13.78459],[100.59085,13.78491],[100.59018,13.7865],[100.59006,13.78712],[100.59002,13.78756],[100.5901,13.78898],[100.59009,13.78935],[100.59001,13.78988],[100.5898,13.79063],[100.58961,13.79119],[100.58947,13.79209],[100.5894,13.79396],[100.5894,13.79441],[100.58943,13.79462],[100.5894,13.7961],[100.58929,13.79716],[100.58924,13.79745],[100.58917,13.79778],[100.58912,13.79824],[100.58911,13.79989],[100.58905,13.80066],[100.58891,13.80097],[100.58889,13.80111],[100.58891,13.80149],[100.58882,13.80183],[100.58846,13.80272],[100.58838,13.80284]]]}},{"type":"Feature","properties":{"OBJECTID":46,"District":"1046","AMP_CODE":"46","PROV_CODE":"10","AMP_NAMT":"คลองสามวา","AMP_NAME":"KHLONG SAM WA","AMP_NAMEN":"Khlong Sam Wa","AMP_NAMC":"Khlong Sam Wa","COLOR_IDX":2},"geometry":{"type":"Polygon","coordinates":[[[100.79259,13.93139],[100.79258,13.92809],[100.7926,13.92719],[100.79254,13.92491],[100.79257,13.9244],[100.79252,13.9204],[100.79247,13.91886],[100.79247,13.91381],[100.79243,13.91045],[100.79232,13.90721],[100.79239,13.90376],[100.79235,13.90262],[100.79237,13.90142],[100.79228,13.89907],[100.79228,13.8978],[100.79226,13.89747],[100.7923,13.89732],[100.79277,13.89719],[100.79283,13.89712],[100.79287,13.89699],[100.79288,13.89549],[100.79284,13.89375],[100.79237,13.89384],[100.79233,13.89363],[100.79236,13.89339],[100.79249,13.89304],[100.79276,13.8926],[100.79341,13.892],[100.79414,13.89159],[100.79462,13.89128],[100.79568,13.89076],[100.79593,13.89055],[100.79571,13.88991],[100.79515,13.88917],[100.79501,13.88893],[100.79496,13.88877],[100.7948,13.88741],[100.79473,13.88717],[100.79458,13.88689],[100.7943,13.8865],[100.79421,13.88638],[100.79402,13.88619],[100.79373,13.88606],[100.79328,13.88598],[100.793,13.88588],[100.79278,13.8857],[100.79275,13.88564],[100.79255,13.88434],[100.79247,13.88409],[100.79237,13.88394],[100.79194,13.88348],[100.79094,13.88191],[100.79086,13.88182],[100.79007,13.8812],[100.78921,13.88095],[100.78912,13.8809],[100.78889,13.88071],[100.78862,13.88034],[100.78848,13.88024],[100.78829,13.88019],[100.7879,13.88014],[100.78742,13.87999],[100.78768,13.87908],[100.7882,13.87753],[100.78888,13.87574],[100.79316,13.86387],[100.79372,13.86241],[100.79482,13.85976],[100.79583,13.85742],[100.79856,13.85137],[100.79879,13.85096],[100.79911,13.85029],[100.79919,13.85018],[100.79927,13.84993],[100.79946,13.84954],[100.79936,13.84951],[100.799,13.84929],[100.79612,13.84771],[100.79424,13.84672],[100.79394,13.84652],[100.79196,13.84542],[100.79111,13.84496],[100.79018,13.84451],[100.78963,13.84413],[100.78778,13.84316],[100.78703,13.84271],[100.78535,13.84181],[100.78447,13.84129],[100.78352,13.84078],[100.78207,13.84006],[100.78044,13.83913],[100.77904,13.83839],[100.77843,13.83802],[100.77706,13.83728],[100.77651,13.83695],[100.77529,13.8363],[100.77473,13.83603],[100.77332,13.83527],[100.77282,13.83495],[100.77193,13.83444],[100.7717,13.83435],[100.77004,13.83344],[100.7687,13.83275],[100.76758,13.83212],[100.7666,13.8316],[100.7653,13.83086],[100.76299,13.82964],[100.76147,13.82877],[100.76083,13.82845],[100.75608,13.82581],[100.75389,13.82468],[100.75214,13.82367],[100.75013,13.82258],[100.74934,13.82208],[100.74923,13.8221],[100.74925,13.82226],[100.74922,13.82263],[100.74915,13.82295],[100.74896,13.82328],[100.74872,13.82386],[100.74847,13.82408],[100.74796,13.82437],[100.74696,13.82455],[100.74682,13.82464],[100.74673,13.82475],[100.7464,13.82573],[100.74631,13.82612],[100.74627,13.82689],[100.74611,13.82773],[100.74602,13.82872],[100.74556,13.83118],[100.74544,13.8316],[100.74485,13.83293],[100.74441,13.83404],[100.74422,13.83461],[100.74416,13.83476],[100.74403,13.83498],[100.74384,13.83518],[100.7434,13.83539],[100.74319,13.83543],[100.74268,13.83576],[100.74199,13.83629],[100.74164,13.83648],[100.74111,13.83669],[100.74032,13.83691],[100.7401,13.83702],[100.73993,13.8374],[100.73957,13.83731],[100.73843,13.83732],[100.73771,13.83728],[100.73743,13.83723],[100.73721,13.83728],[100.7371,13.83724],[100.73703,13.83716],[100.73589,13.83679],[100.73547,13.83846],[100.72966,13.83645],[100.72967,13.83366],[100.72973,13.83131],[100.72973,13.82767],[100.72929,13.82769],[100.72791,13.82766],[100.72435,13.82755],[100.72231,13.82753],[100.7223,13.82824],[100.72236,13.82887],[100.72238,13.82967],[100.72237,13.83076],[100.72232,13.83214],[100.72238,13.83342],[100.72232,13.83393],[100.72241,13.83508],[100.72239,13.83629],[100.72232,13.83727],[100.72232,13.83749],[100.72019,13.83728],[100.7201,13.83633],[100.72008,13.83565],[100.72015,13.83364],[100.72018,13.8315],[100.71457,13.83134],[100.7145,13.8293],[100.71452,13.82888],[100.7145,13.82595],[100.71458,13.82494],[100.71468,13.82464],[100.71486,13.8239],[100.7151,13.82325],[100.71518,13.82312],[100.71533,13.82268],[100.71545,13.8221],[100.71547,13.82195],[100.71544,13.8219],[100.71463,13.82183],[100.71327,13.82167],[100.71245,13.82162],[100.71217,13.82155],[100.71208,13.82159],[100.71205,13.82203],[100.71199,13.82207],[100.70785,13.82141],[100.7069,13.82127],[100.7062,13.82122],[100.70578,13.82114],[100.70574,13.82095],[100.70577,13.82075],[100.70573,13.82067],[100.70558,13.82048],[100.70519,13.82025],[100.70484,13.8196],[100.70456,13.8194],[100.70439,13.81933],[100.70418,13.81918],[100.70362,13.8189],[100.70334,13.81881],[100.70213,13.81855],[100.7018,13.81843],[100.70155,13.81829],[100.70115,13.81799],[100.70056,13.81763],[100.69988,13.81735],[100.69915,13.81699],[100.69765,13.81585],[100.69721,13.81565],[100.69678,13.81549],[100.6966,13.81718],[100.69668,13.81788],[100.69676,13.81824],[100.69684,13.81892],[100.69691,13.81925],[100.69692,13.81948],[100.69704,13.82022],[100.69693,13.82046],[100.69622,13.82076],[100.69574,13.82135],[100.69554,13.8217],[100.69542,13.82218],[100.6954,13.82241],[100.69548,13.82327],[100.69543,13.82363],[100.69548,13.82364],[100.6953,13.82417],[100.69485,13.82477],[100.69448,13.82546],[100.69385,13.82679],[100.69266,13.82878],[100.6922,13.82972],[100.69192,13.83022],[100.69163,13.83049],[100.69109,13.83081],[100.69094,13.83097],[100.69087,13.83134],[100.69085,13.83169],[100.69076,13.83205],[100.69064,13.83235],[100.69038,13.83267],[100.69026,13.83288],[100.68957,13.83338],[100.68883,13.83398],[100.68802,13.83453],[100.68794,13.83464],[100.68787,13.83486],[100.68788,13.83499],[100.68811,13.83541],[100.68829,13.83565],[100.68834,13.8358],[100.68834,13.83594],[100.6881,13.83703],[100.68799,13.83791],[100.68781,13.83864],[100.68722,13.83955],[100.68681,13.84042],[100.68679,13.84061],[100.68669,13.84094],[100.68642,13.84173],[100.68628,13.84293],[100.68612,13.84366],[100.68593,13.84418],[100.68588,13.84447],[100.68557,13.84524],[100.68496,13.84616],[100.68458,13.84665],[100.68428,13.84713],[100.68389,13.84798],[100.68385,13.84813],[100.68314,13.84864],[100.68243,13.84907],[100.68165,13.84948],[100.68131,13.8496],[100.68083,13.84982],[100.68067,13.84997],[100.68026,13.85021],[100.67987,13.85035],[100.67877,13.85049],[100.67851,13.85061],[100.67766,13.85124],[100.67733,13.85144],[100.67709,13.85155],[100.67688,13.85163],[100.67633,13.85176],[100.67481,13.85204],[100.67452,13.85212],[100.67396,13.85222],[100.67334,13.85235],[100.67232,13.85234],[100.67124,13.85248],[100.67097,13.85257],[100.67082,13.85282],[100.67076,13.85342],[100.67083,13.85353],[100.6738,13.85506],[100.67471,13.85567],[100.67529,13.85625],[100.67546,13.85638],[100.67574,13.85664],[100.67607,13.8571],[100.6762,13.85722],[100.67657,13.8575],[100.67728,13.85788],[100.67764,13.858],[100.67805,13.85806],[100.67987,13.85841],[100.68037,13.85867],[100.68041,13.85877],[100.68077,13.85934],[100.68128,13.86005],[100.68217,13.86065],[100.68253,13.86111],[100.68311,13.862],[100.68338,13.86256],[100.68355,13.86318],[100.68359,13.86368],[100.68383,13.86484],[100.68402,13.86599],[100.68416,13.86644],[100.68453,13.86717],[100.68493,13.86772],[100.68521,13.86826],[100.68553,13.86873],[100.68575,13.86921],[100.68577,13.86932],[100.68562,13.87008],[100.6852,13.87102],[100.68482,13.87212],[100.68472,13.87249],[100.68449,13.87344],[100.68446,13.87367],[100.68446,13.874],[100.6845,13.87425],[100.6846,13.87463],[100.6848,13.87501],[100.68499,13.87519],[100.68543,13.87555],[100.68563,13.87565],[100.68626,13.87615],[100.68664,13.87671],[100.68719,13.87762],[100.68751,13.87802],[100.6878,13.87833],[100.688,13.8785],[100.68808,13.87862],[100.68827,13.87878],[100.68872,13.87906],[100.68971,13.87948],[100.68993,13.8797],[100.69001,13.87993],[100.68995,13.88033],[100.68946,13.88138],[100.68941,13.88163],[100.68953,13.88252],[100.68966,13.88313],[100.69012,13.88471],[100.69033,13.88515],[100.69052,13.8854],[100.69106,13.88586],[100.69199,13.8865],[100.69211,13.88673],[100.69198,13.8869],[100.6916,13.88711],[100.69148,13.88726],[100.69138,13.88768],[100.69138,13.8883],[100.69141,13.8891],[100.69147,13.88983],[100.69148,13.89074],[100.69161,13.8918],[100.69187,13.89321],[100.69192,13.89361],[100.69197,13.89468],[100.69232,13.8966],[100.69236,13.8971],[100.69237,13.89774],[100.69229,13.8981],[100.6921,13.89851],[100.6919,13.89886],[100.69171,13.89912],[100.69083,13.90011],[100.6907,13.90033],[100.69056,13.9006],[100.69044,13.90125],[100.69025,13.90176],[100.68949,13.9034],[100.68938,13.90358],[100.68897,13.90403],[100.68869,13.90441],[100.6882,13.90515],[100.68777,13.90594],[100.68708,13.90779],[100.68702,13.90839],[100.6871,13.90904],[100.68697,13.90935],[100.68679,13.90955],[100.68635,13.90995],[100.68574,13.91041],[100.68518,13.9107],[100.68387,13.9113],[100.68372,13.9114],[100.68364,13.91152],[100.68367,13.91198],[100.68374,13.91232],[100.68378,13.91277],[100.6837,13.91338],[100.68379,13.91354],[100.68387,13.91365],[100.68409,13.91378],[100.68432,13.91402],[100.68467,13.91414],[100.68502,13.91433],[100.6856,13.91472],[100.68611,13.91518],[100.68679,13.916],[100.68695,13.91625],[100.68997,13.91632],[100.69321,13.91644],[100.69612,13.91648],[100.70285,13.91674],[100.71066,13.91696],[100.71401,13.91701],[100.71806,13.91718],[100.71887,13.91724],[100.72869,13.91746],[100.73639,13.91781],[100.74767,13.91819],[100.74819,13.9182],[100.74922,13.91817],[100.75038,13.91828],[100.75191,13.91836],[100.7526,13.91847],[100.75721,13.92005],[100.75986,13.92091],[100.76189,13.92163],[100.76691,13.92333],[100.7688,13.92393],[100.77958,13.92747],[100.78007,13.92757],[100.79133,13.93113],[100.79149,13.93112],[100.79182,13.93124],[100.79191,13.93132],[100.79213,13.9314],[100.79237,13.93141],[100.79259,13.93139]]]}},{"type":"Feature","properties":{"OBJECTID":47,"District":"1047","AMP_CODE":"47","PROV_CODE":"10","AMP_NAMT":"บางนา","AMP_NAME":"BANG NA","AMP_NAMEN":"Bang Na","AMP_NAMC":"Bang Na","COLOR_IDX":1},"geometry":{"type":"Polygon","coordinates":[[[100.62277,13.68443],[100.62278,13.68355],[100.62283,13.68302],[100.62465,13.67841],[100.63479,13.67804],[100.63751,13.67796],[100.64024,13.67794],[100.64042,13.67709],[100.64063,13.67631],[100.64071,13.67612],[100.64131,13.67516],[100.64185,13.6744],[100.64275,13.67285],[100.64289,13.6727],[100.64328,13.67207],[100.64374,13.67146],[100.644,13.67123],[100.64464,13.67055],[100.64467,13.67043],[100.64479,13.67015],[100.64503,13.66978],[100.64523,13.66961],[100.64583,13.6693],[100.64679,13.66914],[100.64771,13.66906],[100.64857,13.6691],[100.64934,13.66916],[100.6523,13.66925],[100.65324,13.66923],[100.65347,13.66917],[100.65379,13.66898],[100.6536,13.66827],[100.65325,13.66743],[100.65296,13.66643],[100.65274,13.66585],[100.65239,13.6644],[100.65225,13.66387],[100.65175,13.66275],[100.65127,13.66151],[100.65089,13.66065],[100.6508,13.66036],[100.65076,13.66008],[100.65074,13.65955],[100.64971,13.6525],[100.64481,13.65364],[100.64076,13.65464],[100.63994,13.65346],[100.63628,13.6485],[100.63406,13.64868],[100.63292,13.64884],[100.63049,13.64948],[100.63089,13.65081],[100.62852,13.65165],[100.62697,13.65233],[100.62414,13.65327],[100.62355,13.65352],[100.62224,13.65389],[100.62092,13.65439],[100.61983,13.6547],[100.61863,13.6552],[100.61884,13.65572],[100.61784,13.65606],[100.61637,13.65268],[100.61392,13.65361],[100.60821,13.65592],[100.60872,13.65721],[100.60649,13.65805],[100.60605,13.65823],[100.60556,13.65848],[100.60534,13.65792],[100.60351,13.6584],[100.60281,13.65651],[100.60132,13.65703],[100.60044,13.65738],[100.60069,13.65801],[100.60029,13.65816],[100.60022,13.65825],[100.60045,13.65922],[100.60046,13.65942],[100.60044,13.65946],[100.59943,13.65971],[100.59871,13.65993],[100.59834,13.66007],[100.59777,13.66034],[100.5972,13.66054],[100.59666,13.66069],[100.59675,13.66105],[100.59632,13.66117],[100.59653,13.66215],[100.5921,13.66381],[100.5821,13.66771],[100.58135,13.66804],[100.57946,13.66922],[100.58017,13.67016],[100.58105,13.67116],[100.58333,13.67393],[100.58415,13.67499],[100.58583,13.67731],[100.58675,13.67868],[100.58742,13.67982],[100.58797,13.68096],[100.5883,13.68174],[100.58877,13.68302],[100.59036,13.68267],[100.59075,13.68253],[100.5915,13.68237],[100.59238,13.68212],[100.59264,13.68199],[100.5931,13.68202],[100.59323,13.68197],[100.5934,13.68185],[100.59381,13.68176],[100.59442,13.68171],[100.59477,13.68159],[100.59514,13.68153],[100.59534,13.68142],[100.59601,13.6812],[100.59746,13.68074],[100.59796,13.68062],[100.59865,13.68035],[100.59895,13.68026],[100.59926,13.68012],[100.60033,13.67994],[100.60385,13.68091],[100.60442,13.68104],[100.60481,13.68121],[100.60689,13.68241],[100.60702,13.68238],[100.60718,13.68239],[100.60747,13.68208],[100.60753,13.68208],[100.60867,13.68303],[100.60911,13.68331],[100.61052,13.68428],[100.61065,13.68428],[100.61844,13.68438],[100.62022,13.68438],[100.62277,13.68443]]]}},{"type":"Feature","properties":{"OBJECTID":48,"District":"1048","AMP_CODE":"48","PROV_CODE":"10","AMP_NAMT":"ทวีวัฒนา","AMP_NAME":"THAWI WATTHANA","AMP_NAMEN":"Thawi Watthana","AMP_NAMC":"Thawi Watthana","COLOR_IDX":0},"geometry":{"type":"Polygon","coordinates":[[[100.40966,13.78433],[100.40925,13.78045],[100.40904,13.77887],[100.40871,13.77603],[100.40828,13.77285],[100.40779,13.76864],[100.40736,13.76572],[100.40687,13.76138],[100.40677,13.76008],[100.40662,13.75875],[100.40613,13.75519],[100.40618,13.74944],[100.40525,13.74958],[100.40451,13.74978],[100.40344,13.74992],[100.40241,13.75021],[100.40196,13.75027],[100.40168,13.75035],[100.40119,13.75043],[100.40043,13.7505],[100.39947,13.75069],[100.39781,13.7509],[100.39709,13.75104],[100.39385,13.7514],[100.39316,13.75153],[100.38977,13.752],[100.38703,13.75231],[100.3861,13.75244],[100.38347,13.75271],[100.38217,13.7529],[100.37895,13.75327],[100.37383,13.75359],[100.37322,13.75368],[100.37029,13.75371],[100.37018,13.75379],[100.36911,13.7539],[100.36837,13.75392],[100.36821,13.75385],[100.36802,13.75383],[100.36528,13.75393],[100.36304,13.7539],[100.36244,13.75383],[100.36119,13.75363],[100.359,13.75321],[100.35731,13.75297],[100.35587,13.75267],[100.35301,13.7522],[100.35268,13.75216],[100.3527,13.75196],[100.35337,13.75065],[100.35491,13.74731],[100.35557,13.74599],[100.35574,13.74556],[100.35644,13.74425],[100.35723,13.74249],[100.3581,13.74076],[100.35858,13.73964],[100.35936,13.738],[100.35908,13.738],[100.35896,13.73796],[100.35784,13.73788],[100.35663,13.73775],[100.35483,13.73764],[100.35388,13.73755],[100.35347,13.73744],[100.35312,13.73749],[100.35287,13.73749],[100.35234,13.73742],[100.35116,13.73731],[100.34853,13.73718],[100.34737,13.73706],[100.34403,13.73692],[100.34332,13.73679],[100.34276,13.73674],[100.34191,13.7367],[100.34084,13.7366],[100.33967,13.73655],[100.33936,13.73651],[100.33886,13.73636],[100.33831,13.73625],[100.33746,13.73604],[100.33733,13.73705],[100.33676,13.73715],[100.33634,13.74],[100.33608,13.73998],[100.33605,13.74005],[100.33574,13.74155],[100.33613,13.74171],[100.33559,13.74379],[100.33528,13.74553],[100.33514,13.74616],[100.33499,13.74709],[100.33496,13.74772],[100.33547,13.74786],[100.33552,13.74887],[100.3355,13.74987],[100.33547,13.75155],[100.33538,13.75329],[100.33535,13.75333],[100.3349,13.75342],[100.33448,13.75522],[100.33278,13.75537],[100.33294,13.75764],[100.33302,13.75959],[100.33157,13.75997],[100.33159,13.76025],[100.33264,13.76022],[100.33258,13.76068],[100.33187,13.76064],[100.33156,13.76158],[100.33114,13.76155],[100.3311,13.76216],[100.33011,13.76237],[100.33026,13.76294],[100.3301,13.76309],[100.33013,13.76312],[100.3303,13.7638],[100.33002,13.76575],[100.32997,13.76649],[100.33009,13.76774],[100.33009,13.76809],[100.33028,13.76877],[100.33032,13.76919],[100.33063,13.77322],[100.33068,13.77477],[100.33094,13.77756],[100.33196,13.77762],[100.33194,13.77835],[100.33182,13.77961],[100.33182,13.78002],[100.3319,13.78138],[100.33386,13.78124],[100.3339,13.78217],[100.33374,13.78344],[100.33365,13.78392],[100.33315,13.78563],[100.33112,13.79298],[100.33083,13.79652],[100.33081,13.79744],[100.3307,13.79815],[100.32945,13.80085],[100.32894,13.80186],[100.32882,13.80203],[100.32874,13.80224],[100.3287,13.80248],[100.32826,13.80327],[100.32791,13.80413],[100.33237,13.80385],[100.33773,13.80369],[100.33894,13.80368],[100.34036,13.80363],[100.34223,13.80351],[100.3444,13.80344],[100.35742,13.80313],[100.35956,13.80306],[100.36167,13.80295],[100.36884,13.80279],[100.37312,13.80264],[100.37401,13.80259],[100.37796,13.80254],[100.384,13.80231],[100.38807,13.8022],[100.39046,13.80208],[100.39754,13.80192],[100.39874,13.80181],[100.40148,13.80172],[100.40392,13.80169],[100.40535,13.80162],[100.40872,13.80139],[100.41106,13.80135],[100.41001,13.78886],[100.40966,13.78433]]]}},{"type":"Feature","properties":{"OBJECTID":49,"District":"1049","AMP_CODE":"49","PROV_CODE":"10","AMP_NAMT":"ทุ่งครุ","AMP_NAME":"THUNG KHRU","AMP_NAMEN":"Thung Khru","AMP_NAMC":"Thung Khru","COLOR_IDX":0},"geometry":{"type":"Polygon","coordinates":[[[100.48568,13.6577],[100.48659,13.65757],[100.48741,13.65768],[100.488,13.65771],[100.4882,13.65769],[100.48896,13.65747],[100.48979,13.65718],[100.49136,13.65651],[100.49213,13.65622],[100.49325,13.65574],[100.49335,13.65591],[100.49336,13.65598],[100.49376,13.65682],[100.49377,13.65699],[100.49397,13.65727],[100.49458,13.65704],[100.4947,13.65693],[100.49475,13.65681],[100.49483,13.65672],[100.49506,13.65665],[100.49516,13.65659],[100.49542,13.65648],[100.49579,13.65627],[100.49601,13.65625],[100.49622,13.65612],[100.49637,13.65611],[100.49652,13.65603],[100.49925,13.65421],[100.49953,13.65399],[100.49956,13.65396],[100.49952,13.65388],[100.49955,13.65385],[100.50101,13.65296],[100.50179,13.6542],[100.50231,13.65512],[100.50213,13.65523],[100.50278,13.65622],[100.50474,13.65943],[100.50482,13.65949],[100.50587,13.65891],[100.50631,13.65956],[100.50637,13.65968],[100.50638,13.65977],[100.50678,13.66043],[100.50699,13.66075],[100.50708,13.66085],[100.5071,13.66084],[100.50735,13.66121],[100.50823,13.66275],[100.50914,13.6625],[100.50954,13.66259],[100.50975,13.66259],[100.50994,13.66258],[100.51051,13.66245],[100.5124,13.66122],[100.51304,13.66083],[100.51328,13.66074],[100.51351,13.66073],[100.5137,13.66074],[100.51523,13.66116],[100.51538,13.66122],[100.51659,13.66144],[100.51717,13.66156],[100.51752,13.6616],[100.51737,13.66054],[100.51728,13.6595],[100.51724,13.6583],[100.51717,13.65811],[100.51704,13.65592],[100.51674,13.65282],[100.5166,13.65219],[100.51631,13.65163],[100.51622,13.65135],[100.51673,13.65],[100.51667,13.64966],[100.51689,13.64941],[100.51691,13.64932],[100.51649,13.64923],[100.51646,13.64881],[100.5165,13.64853],[100.5167,13.6478],[100.51693,13.64725],[100.51697,13.64668],[100.51695,13.64571],[100.5164,13.64568],[100.51581,13.64554],[100.51535,13.64503],[100.51529,13.64474],[100.51541,13.64437],[100.51544,13.6438],[100.5155,13.64374],[100.51595,13.64367],[100.51607,13.64337],[100.51587,13.6424],[100.51582,13.64224],[100.51568,13.64203],[100.51569,13.64178],[100.51576,13.64163],[100.51576,13.64155],[100.51559,13.64114],[100.51534,13.64065],[100.51526,13.64035],[100.51524,13.63992],[100.51513,13.63963],[100.5151,13.6394],[100.51536,13.6388],[100.51547,13.63873],[100.516,13.63851],[100.51625,13.63837],[100.51661,13.63802],[100.51694,13.63778],[100.5168,13.63746],[100.51675,13.63725],[100.51678,13.63676],[100.51686,13.63636],[100.51712,13.63589],[100.51756,13.63528],[100.51774,13.63512],[100.51803,13.63497],[100.51807,13.63489],[100.51769,13.63416],[100.51713,13.6329],[100.51631,13.63152],[100.51594,13.63106],[100.5149,13.62999],[100.51492,13.6292],[100.51489,13.62909],[100.51484,13.62905],[100.51453,13.62892],[100.5144,13.62883],[100.51428,13.62867],[100.51424,13.6285],[100.51434,13.62767],[100.51441,13.62742],[100.51451,13.62725],[100.51493,13.6267],[100.51498,13.62659],[100.51509,13.62555],[100.51504,13.62473],[100.51494,13.62437],[100.51505,13.62414],[100.51532,13.62369],[100.51539,13.62348],[100.5155,13.62293],[100.51552,13.62236],[100.51576,13.62182],[100.51576,13.62162],[100.51563,13.62117],[100.51599,13.6204],[100.51609,13.62012],[100.51618,13.61977],[100.51627,13.61925],[100.51644,13.61869],[100.51643,13.61848],[100.51612,13.61805],[100.51607,13.61782],[100.51616,13.61757],[100.51648,13.61712],[100.51653,13.61668],[100.51671,13.6162],[100.51674,13.61557],[100.51664,13.61473],[100.51668,13.61455],[100.51682,13.61415],[100.51685,13.61397],[100.51675,13.61362],[100.5164,13.61299],[100.51638,13.61277],[100.51641,13.61268],[100.51647,13.61262],[100.51673,13.61248],[100.51688,13.61228],[100.51707,13.61215],[100.51726,13.6121],[100.5176,13.61223],[100.51767,13.61221],[100.51824,13.6115],[100.51794,13.61103],[100.51795,13.61096],[100.51842,13.61064],[100.51873,13.6102],[100.51884,13.6101],[100.51911,13.60998],[100.51958,13.60992],[100.51999,13.60923],[100.52006,13.60917],[100.52029,13.60908],[100.52035,13.60901],[100.52038,13.60891],[100.5204,13.60812],[100.5205,13.6074],[100.52099,13.60557],[100.52104,13.60514],[100.52001,13.60499],[100.51949,13.60485],[100.51803,13.60427],[100.51692,13.6039],[100.5159,13.60342],[100.51508,13.60315],[100.51374,13.60259],[100.51366,13.60249],[100.51307,13.60152],[100.51287,13.60113],[100.51251,13.59998],[100.51155,13.59716],[100.51151,13.59685],[100.51092,13.59694],[100.50776,13.59764],[100.50717,13.59745],[100.50679,13.59743],[100.50658,13.59746],[100.50595,13.59771],[100.50579,13.59771],[100.50546,13.59763],[100.50482,13.5977],[100.50443,13.59762],[100.50416,13.59751],[100.50291,13.59653],[100.50278,13.59648],[100.50245,13.59643],[100.5023,13.59638],[100.50172,13.59598],[100.5014,13.59586],[100.5008,13.59572],[100.50042,13.59543],[100.50033,13.59542],[100.50016,13.59547],[100.49964,13.59564],[100.4995,13.59528],[100.49929,13.59488],[100.49922,13.59464],[100.49919,13.59433],[100.49921,13.59368],[100.49903,13.5931],[100.49897,13.59273],[100.49911,13.59219],[100.49904,13.59195],[100.49886,13.59161],[100.49854,13.59113],[100.49838,13.59094],[100.49784,13.59044],[100.49706,13.58933],[100.49671,13.58889],[100.49617,13.58833],[100.49593,13.58816],[100.49502,13.58778],[100.4947,13.58768],[100.49448,13.58767],[100.49401,13.58782],[100.4939,13.58771],[100.49376,13.5874],[100.4936,13.58727],[100.49332,13.58716],[100.49225,13.58697],[100.49192,13.58659],[100.4912,13.58616],[100.49083,13.58654],[100.49051,13.58716],[100.49002,13.58768],[100.48954,13.58841],[100.48866,13.5893],[100.48847,13.58946],[100.48831,13.58956],[100.48818,13.5896],[100.48774,13.58962],[100.48669,13.59029],[100.4842,13.59146],[100.48343,13.59197],[100.48225,13.59245],[100.48207,13.59256],[100.48191,13.59271],[100.48173,13.59299],[100.48162,13.59324],[100.48159,13.59412],[100.48101,13.59627],[100.48088,13.59724],[100.4808,13.59761],[100.48072,13.59786],[100.48063,13.59801],[100.48045,13.59816],[100.48024,13.59823],[100.47919,13.59818],[100.47884,13.59819],[100.47856,13.59825],[100.47835,13.59836],[100.47777,13.59875],[100.47718,13.59906],[100.47702,13.5992],[100.47693,13.59932],[100.47689,13.59945],[100.47688,13.59958],[100.47695,13.59989],[100.47743,13.60101],[100.47772,13.60157],[100.47777,13.6018],[100.47772,13.60203],[100.47759,13.60228],[100.47705,13.60287],[100.47693,13.60296],[100.47694,13.60312],[100.47684,13.60333],[100.47681,13.60347],[100.47683,13.60368],[100.47692,13.60403],[100.47708,13.60431],[100.47807,13.60553],[100.47819,13.60574],[100.47821,13.60576],[100.47892,13.60554],[100.47938,13.60577],[100.47947,13.60587],[100.47958,13.60609],[100.47963,13.60626],[100.47963,13.6064],[100.47954,13.60682],[100.47948,13.60724],[100.47949,13.60741],[100.47956,13.60761],[100.48002,13.60832],[100.48052,13.60893],[100.48073,13.60939],[100.4808,13.60982],[100.48081,13.61035],[100.48087,13.61072],[100.48105,13.61131],[100.48122,13.61176],[100.4815,13.61222],[100.4816,13.61246],[100.48162,13.61301],[100.4815,13.61399],[100.48151,13.61432],[100.48154,13.61442],[100.48162,13.61442],[100.48165,13.61444],[100.48169,13.61465],[100.48173,13.61506],[100.48171,13.61534],[100.48128,13.61633],[100.48077,13.61696],[100.48032,13.6176],[100.48009,13.61784],[100.4799,13.618],[100.47923,13.61804],[100.47868,13.61813],[100.47864,13.61819],[100.47858,13.61946],[100.47849,13.61967],[100.47838,13.61978],[100.47815,13.61985],[100.47781,13.61991],[100.47725,13.61989],[100.47706,13.61993],[100.47665,13.61992],[100.47636,13.62],[100.4762,13.62011],[100.47566,13.62064],[100.47548,13.62086],[100.47511,13.62118],[100.47465,13.62149],[100.47431,13.6218],[100.47424,13.62192],[100.47415,13.62233],[100.47403,13.62261],[100.47386,13.62284],[100.47352,13.62315],[100.47316,13.62339],[100.47277,13.62358],[100.47228,13.62388],[100.47215,13.62407],[100.47207,13.62461],[100.47213,13.62497],[100.47248,13.62546],[100.47279,13.62576],[100.47302,13.62602],[100.47349,13.62677],[100.47368,13.62693],[100.47431,13.62726],[100.4744,13.62735],[100.47445,13.62755],[100.47441,13.62787],[100.47412,13.62827],[100.47406,13.62846],[100.47404,13.62871],[100.47407,13.62886],[100.47413,13.62898],[100.47466,13.62931],[100.47528,13.62952],[100.47551,13.62972],[100.47559,13.62987],[100.47566,13.63036],[100.47563,13.6308],[100.47558,13.6311],[100.4755,13.63134],[100.47518,13.63194],[100.47507,13.63229],[100.47503,13.63361],[100.47491,13.63479],[100.47481,13.6353],[100.47476,13.63538],[100.47456,13.63593],[100.47386,13.63822],[100.47351,13.63963],[100.47347,13.64053],[100.47336,13.6418],[100.47294,13.64479],[100.47282,13.64613],[100.47232,13.64912],[100.47188,13.6512],[100.47187,13.6514],[100.47179,13.65169],[100.47169,13.65191],[100.4716,13.65236],[100.47145,13.65348],[100.47138,13.65362],[100.47124,13.65428],[100.47102,13.65575],[100.47091,13.65617],[100.47085,13.6567],[100.47057,13.65797],[100.47045,13.65824],[100.4704,13.65841],[100.47033,13.65904],[100.47017,13.6599],[100.47007,13.66018],[100.47136,13.66039],[100.47474,13.66081],[100.47589,13.66089],[100.4758,13.66188],[100.47812,13.66214],[100.48166,13.66289],[100.48233,13.66307],[100.48274,13.66202],[100.4834,13.66084],[100.4841,13.65967],[100.48471,13.65845],[100.48483,13.6583],[100.48514,13.658],[100.48548,13.65778],[100.48568,13.6577]]]}},{"type":"Feature","properties":{"OBJECTID":50,"District":"1050","AMP_CODE":"50","PROV_CODE":"10","AMP_NAMT":"บางบอน","AMP_NAME":"BANG BON","AMP_NAMEN":"Bang Bon","AMP_NAMC":"Bang Bon","COLOR_IDX":3},"geometry":{"type":"Polygon","coordinates":[[[100.44551,13.68415],[100.44566,13.68409],[100.44593,13.68411],[100.44629,13.68408],[100.44641,13.68402],[100.44655,13.6837],[100.4464,13.68326],[100.44639,13.68307],[100.44644,13.68294],[100.44651,13.68287],[100.44674,13.68277],[100.4468,13.68256],[100.44248,13.67866],[100.44199,13.67825],[100.43538,13.67238],[100.43381,13.67094],[100.43123,13.66865],[100.43018,13.66767],[100.4254,13.66347],[100.40782,13.64777],[100.4002,13.64099],[100.39669,13.63784],[100.39595,13.63715],[100.37648,13.6197],[100.3753,13.62043],[100.37381,13.62149],[100.3718,13.62273],[100.37121,13.62459],[100.37157,13.62491],[100.37107,13.62556],[100.37052,13.62611],[100.36994,13.62677],[100.36966,13.62715],[100.36942,13.62756],[100.36877,13.62921],[100.36872,13.62936],[100.36861,13.63012],[100.36785,13.63007],[100.36721,13.63017],[100.36681,13.63147],[100.36627,13.63284],[100.36601,13.63362],[100.36559,13.6332],[100.36492,13.63389],[100.3646,13.63379],[100.36306,13.63344],[100.36012,13.63299],[100.35906,13.63278],[100.35899,13.6344],[100.35879,13.63683],[100.3587,13.63732],[100.35817,13.63704],[100.35793,13.63694],[100.3563,13.63664],[100.3556,13.63653],[100.35545,13.63654],[100.35538,13.63659],[100.3551,13.63713],[100.35476,13.63831],[100.35461,13.63904],[100.35459,13.63953],[100.35446,13.64056],[100.3544,13.64084],[100.35434,13.64089],[100.35343,13.64092],[100.35198,13.64078],[100.35024,13.6405],[100.35021,13.64096],[100.34852,13.64101],[100.34861,13.64373],[100.34736,13.64364],[100.34717,13.64506],[100.34545,13.64473],[100.34468,13.64923],[100.34632,13.64917],[100.3467,13.65225],[100.34685,13.65225],[100.34687,13.65454],[100.34684,13.65534],[100.34746,13.65538],[100.34752,13.65534],[100.34773,13.65489],[100.34787,13.65477],[100.34804,13.65479],[100.34831,13.65476],[100.34859,13.65478],[100.34876,13.65482],[100.34952,13.65513],[100.34981,13.65534],[100.35045,13.65592],[100.35134,13.65659],[100.35124,13.65681],[100.3511,13.65734],[100.35111,13.65748],[100.35117,13.65749],[100.35165,13.6577],[100.35234,13.65791],[100.35281,13.6581],[100.35339,13.65845],[100.35367,13.65855],[100.35422,13.6588],[100.35426,13.65879],[100.35487,13.65912],[100.35555,13.65953],[100.35622,13.6598],[100.35657,13.65986],[100.35661,13.6599],[100.35662,13.6603],[100.35691,13.66134],[100.35704,13.66152],[100.35714,13.66162],[100.35726,13.66168],[100.35822,13.66147],[100.35853,13.66144],[100.35878,13.66139],[100.35907,13.66129],[100.35939,13.66125],[100.36013,13.6613],[100.36044,13.66127],[100.36057,13.6613],[100.36064,13.66156],[100.36073,13.66169],[100.36244,13.6624],[100.3634,13.66284],[100.36366,13.66291],[100.36379,13.66298],[100.36429,13.66316],[100.36453,13.66328],[100.36574,13.66378],[100.36799,13.6648],[100.36856,13.66509],[100.36911,13.66533],[100.36951,13.66545],[100.36979,13.66562],[100.37099,13.66621],[100.37465,13.66776],[100.37564,13.66825],[100.37573,13.66833],[100.377,13.66881],[100.37864,13.66957],[100.37925,13.66976],[100.37973,13.67002],[100.38288,13.67147],[100.38325,13.67169],[100.38342,13.67171],[100.38355,13.67169],[100.38484,13.6714],[100.38523,13.67125],[100.38646,13.67091],[100.38714,13.67062],[100.38742,13.67045],[100.38756,13.6703],[100.38794,13.66934],[100.38839,13.66804],[100.3888,13.66814],[100.38909,13.66828],[100.38957,13.66845],[100.39066,13.66872],[100.39204,13.66881],[100.39276,13.66905],[100.39368,13.66948],[100.39488,13.67041],[100.39554,13.6707],[100.39611,13.67101],[100.39752,13.67168],[100.39831,13.67214],[100.3996,13.67275],[100.40014,13.67307],[100.40203,13.67395],[100.40405,13.67499],[100.40408,13.67502],[100.40505,13.67555],[100.40576,13.67585],[100.40586,13.67587],[100.40675,13.67636],[100.40928,13.67761],[100.41255,13.67938],[100.41427,13.68017],[100.41484,13.68048],[100.41538,13.68073],[100.41579,13.68098],[100.41613,13.68113],[100.41667,13.68145],[100.41758,13.68183],[100.4176,13.68187],[100.41843,13.68228],[100.41883,13.68252],[100.4192,13.68268],[100.41947,13.68288],[100.42009,13.68316],[100.421,13.68369],[100.4222,13.68432],[100.42257,13.68459],[100.42317,13.68492],[100.42341,13.6851],[100.42373,13.68529],[100.42461,13.68569],[100.42506,13.686],[100.42523,13.68615],[100.42782,13.68761],[100.42892,13.68813],[100.42981,13.6887],[100.43003,13.68893],[100.43016,13.68901],[100.43142,13.68975],[100.43329,13.69094],[100.43419,13.69139],[100.43493,13.69199],[100.43499,13.69202],[100.43533,13.69209],[100.4357,13.69242],[100.43725,13.69351],[100.43773,13.69368],[100.43782,13.6935],[100.43807,13.69313],[100.43856,13.69266],[100.43901,13.69204],[100.44011,13.69079],[100.44034,13.69046],[100.44061,13.69024],[100.44101,13.68983],[100.44119,13.68953],[100.44168,13.68899],[100.44204,13.68853],[100.44214,13.68844],[100.44228,13.68827],[100.44252,13.68786],[100.4427,13.68776],[100.44319,13.68733],[100.44328,13.68721],[100.44342,13.68688],[100.44349,13.68683],[100.44389,13.6867],[100.444,13.68662],[100.444,13.68625],[100.44404,13.6861],[100.44498,13.68501],[100.4451,13.68482],[100.44528,13.68451],[100.44536,13.68428],[100.44551,13.68415]]]}}]}